4.730115e+00,4.595883e+00,4.714782e+00,4.662772e+00,4.839794e+00,4.777997e+00,4.507405e+00,4.570601e+00,4.712603e+00,4.273098e+00,4.718368e+00,4.517440e+00,4.799600e+00,4.217007e+00,4.924539e+00,4.483872e+00,4.925804e+00,4.837916e+00,4.481912e+00,4.638313e+00,4.740078e+00,4.862203e+00,4.689170e+00,4.053136e+00,4.967085e+00,4.558145e+00,4.562073e+00,4.894639e+00,4.398838e+00,4.741029e+00,4.732968e+00,4.543510e+00,4.747886e+00,4.388342e+00,4.865903e+00,4.721491e+00,4.190788e+00,4.890401e+00,4.902471e+00,4.484695e+00,4.755685e+00,4.633530e+00,4.725937e+00,4.797821e+00,4.892513e+00,4.611416e+00,4.183542e+00,4.794358e+00,4.600272e+00,4.488896e+00,4.325112e+00,4.840859e+00,4.547106e+00,4.790668e+00,4.923093e+00,4.299852e+00,4.670789e+00,4.536311e+00,4.793460e+00,4.072357e+00,5.087243e+00,4.645130e+00,4.705333e+00,4.504472e+00,4.642695e+00,4.208388e+00,4.401153e+00,4.802686e+00,4.849321e+00,4.299964e+00,4.457905e+00,4.807724e+00,4.497522e+00,4.704869e+00,4.571342e+00,4.831862e+00,4.610226e+00,4.730580e+00,4.745133e+00,4.141571e+00,4.774734e+00,4.578333e+00,4.849226e+00,4.638466e+00,4.596540e+00,4.856743e+00,4.863202e+00,4.831825e+00,4.733178e+00,4.387376e+00,4.783317e+00,4.295796e+00,4.556227e+00,4.866521e+00,4.852969e+00,4.672583e+00,4.717214e+00,4.700018e+00,4.695276e+00,4.416724e+00,4.779057e+00,4.796255e+00,4.750167e+00,4.900495e+00,4.678410e+00,4.438916e+00,4.826897e+00,4.879718e+00
4.888780e+00,4.880233e+00,4.716343e+00,4.682112e+00,4.844890e+00,4.939247e+00,4.620762e+00,4.453073e+00,4.741114e+00,4.801619e+00,4.314132e+00,4.534308e+00,4.730419e+00,4.902971e+00,4.836355e+00,4.958535e+00,4.740849e+00,4.603665e+00,4.529912e+00,4.974530e+00,4.764592e+00,4.786107e+00,4.835239e+00,4.613266e+00,4.955073e+00,4.778057e+00,4.550381e+00,4.984671e+00,4.549727e+00,5.011280e+00,4.894541e+00,4.484953e+00,4.585941e+00,4.944698e+00,4.972241e+00,4.251840e+00,4.903349e+00,4.415389e+00,4.134500e+00,4.752533e+00,4.679643e+00,4.651126e+00,4.797879e+00,4.907677e+00,4.461935e+00,4.528373e+00,4.634678e+00,4.430724e+00,4.762346e+00,4.983407e+00,3.568758e+00,4.582747e+00,4.767984e+00,4.073959e+00,4.627361e+00,4.647152e+00,4.569147e+00,4.384211e+00,4.534187e+00,4.560762e+00,4.705878e+00,4.287687e+00,4.900802e+00,4.913445e+00,4.770415e+00,4.929701e+00,4.900956e+00,4.886535e+00,4.797892e+00,4.652071e+00,4.932634e+00,4.809109e+00,4.606647e+00,4.741710e+00,4.932708e+00,4.698740e+00,4.546550e+00,4.949691e+00,4.832590e+00,4.876288e+00,4.477597e+00,4.231148e+00,4.383112e+00,4.929648e+00,4.624586e+00,4.885402e+00,4.621563e+00,4.861355e+00,4.666789e+00,4.924938e+00,4.422895e+00,4.682100e+00,5.031683e+00,4.553065e+00,4.666835e+00,4.040192e+00,4.688140e+00,4.859333e+00,4.789761e+00,4.645593e+00,4.365147e+00,4.418534e+00,4.843482e+00,4.824496e+00,4.914292e+00,4.865392e+00,4.499155e+00,4.807861e+00
4.889730e+00,4.643405e+00,4.728888e+00,4.957050e+00,4.368254e+00,4.902617e+00,4.814657e+00,4.748983e+00,4.672979e+00,4.469625e+00,4.806992e+00,4.654618e+00,4.791361e+00,4.603417e+00,4.525470e+00,4.616622e+00,4.605039e+00,4.580280e+00,4.842461e+00,4.630762e+00,4.531911e+00,4.840944e+00,4.887025e+00,4.459569e+00,4.736004e+00,4.643283e+00,4.476731e+00,4.426712e+00,4.291519e+00,4.529090e+00,4.881545e+00,4.716687e+00,4.591689e+00,4.773840e+00,4.954801e+00,4.648512e+00,4.657508e+00,4.809422e+00,4.732176e+00,4.690464e+00,4.514245e+00,4.979153e+00,4.942745e+00,4.984062e+00,4.254894e+00,4.892128e+00,4.519197e+00,4.355558e+00,4.579602e+00,4.916302e+00,4.903508e+00,4.909836e+00,4.649656e+00,4.514949e+00,4.503447e+00,4.163081e+00,4.931151e+00,4.606327e+00,4.743360e+00,4.551957e+00,4.905270e+00,4.460534e+00,4.569542e+00,4.408120e+00,4.759280e+00,4.871709e+00,4.750741e+00,4.721263e+00,3.990112e+00,4.790832e+00,4.688741e+00,4.871641e+00,4.830289e+00,4.925070e+00,4.539765e+00,4.942711e+00,5.028500e+00,4.513095e+00,4.744710e+00,4.614226e+00,4.357179e+00,4.696212e+00,4.610610e+00,4.760848e+00,4.700455e+00,4.637053e+00,4.364719e+00,4.438779e+00,4.485788e+00,4.906903e+00,4.537211e+00,4.900221e+00,4.789515e+00,4.752161e+00,4.715477e+00,4.714644e+00,4.838215e+00,4.649502e+00,4.512898e+00,4.851485e+00,4.699339e+00,4.784974e+00,4.538962e+00,4.418228e+00,4.752498e+00,4.743489e+00,4.706539e+00,4.726988e+00
4.334852e+00,4.700796e+00,4.547783e+00,4.523800e+00,4.600734e+00,4.204522e+00,4.702726e+00,4.797707e+00,3.967165e+00,4.658586e+00,4.910028e+00,4.512207e+00,4.378005e+00,4.752044e+00,4.635260e+00,4.712523e+00,4.556279e+00,4.772791e+00,4.889334e+00,4.678141e+00,4.997571e+00,4.897701e+00,4.495742e+00,4.703254e+00,4.596991e+00,4.888694e+00,4.978822e+00,4.371589e+00,4.449745e+00,4.836051e+00,4.594822e+00,4.815051e+00,4.776794e+00,4.529802e+00,4.656681e+00,4.023207e+00,4.737890e+00,4.853435e+00,4.756687e+00,4.846072e+00,4.717185e+00,4.832349e+00,4.899986e+00,4.853935e+00,4.959884e+00,4.298266e+00,4.930921e+00,4.560618e+00,4.499465e+00,4.542975e+00,4.348043e+00,4.716552e+00,4.784885e+00,4.677684e+00,4.025327e+00,5.021970e+00,4.265850e+00,4.649585e+00,5.095666e+00,4.690046e+00,4.538013e+00,4.552088e+00,4.770828e+00,4.217524e+00,4.025174e+00,4.773545e+00,5.006723e+00,4.328514e+00,4.592584e+00,4.731546e+00,4.452369e+00,4.688858e+00,4.788557e+00,4.679308e+00,4.597761e+00,4.572917e+00,4.513365e+00,4.570172e+00,4.546269e+00,4.765436e+00,4.486328e+00,4.394664e+00,4.599615e+00,4.794468e+00,4.791095e+00,4.919405e+00,4.689464e+00,5.053155e+00,4.808445e+00,4.742598e+00,4.567875e+00,4.340058e+00,4.740996e+00,4.630843e+00,4.721298e+00,4.782875e+00,4.648958e+00,4.793885e+00,4.772532e+00,4.785142e+00,4.539714e+00,4.532757e+00,4.838566e+00,4.758607e+00,4.807979e+00,4.642287e+00,4.731424e+00,4.804924e+00
4.848068e+00,4.781410e+00,4.738946e+00,4.859336e+00,4.682139e+00,4.453784e+00,4.755857e+00,4.817442e+00,4.781076e+00,4.481669e+00,4.662321e+00,4.341088e+00,4.954074e+00,4.291522e+00,4.761807e+00,4.677508e+00,4.961582e+00,4.781228e+00,4.809798e+00,4.684414e+00,4.856285e+00,4.549600e+00,4.650335e+00,4.759706e+00,4.484777e+00,4.841294e+00,4.843167e+00,4.878089e+00,4.513481e+00,4.638046e+00,4.876572e+00,4.934760e+00,4.326883e+00,4.917724e+00,4.756238e+00,4.490662e+00,4.860501e+00,4.222390e+00,4.651517e+00,4.811261e+00,4.807199e+00,4.806718e+00,4.817928e+00,4.967846e+00,4.771239e+00,4.679697e+00,4.889752e+00,4.709277e+00,4.957081e+00,4.472447e+00,4.689008e+00,4.500322e+00,4.674513e+00,4.878125e+00,4.580071e+00,4.360487e+00,4.162532e+00,5.017109e+00,4.979155e+00,4.452212e+00,4.982599e+00,4.810545e+00,4.356329e+00,4.407709e+00,4.957495e+00,4.880011e+00,4.759657e+00,4.868335e+00,4.558290e+00,4.537268e+00,4.591717e+00,4.674629e+00,4.655940e+00,4.615847e+00,4.622181e+00,4.592717e+00,4.676149e+00,4.873599e+00,4.942415e+00,4.583542e+00,4.751733e+00,4.602571e+00,4.700000e+00,4.765242e+00,4.765257e+00,4.698922e+00,4.597125e+00,4.636691e+00,4.853644e+00,4.936039e+00,4.252832e+00,4.452797e+00,4.859701e+00,4.262900e+00,4.683880e+00,4.651740e+00,4.835576e+00,4.723851e+00,4.705190e+00,4.225945e+00,4.780864e+00,4.686798e+00,4.163482e+00,4.947639e+00,4.834068e+00,4.589528e+00,4.867123e+00,4.703643e+00
4.730846e+00,4.869904e+00,4.709841e+00,4.641134e+00,4.814438e+00,4.982320e+00,4.580099e+00,4.849920e+00,4.861577e+00,4.721346e+00,4.790978e+00,4.791617e+00,4.826075e+00,4.618569e+00,4.885556e+00,4.770275e+00,4.374443e+00,4.901209e+00,4.828473e+00,4.698434e+00,4.990731e+00,4.608464e+00,4.512593e+00,4.684389e+00,4.764206e+00,4.879045e+00,4.543403e+00,4.629376e+00,4.617487e+00,4.857749e+00,4.845622e+00,4.556867e+00,4.897415e+00,4.749609e+00,4.803806e+00,4.587335e+00,4.596486e+00,4.688827e+00,4.525079e+00,4.823979e+00,4.391598e+00,4.617249e+00,4.698134e+00,4.652133e+00,5.010655e+00,4.285416e+00,4.473855e+00,4.631957e+00,4.444839e+00,4.704887e+00,4.686662e+00,4.358149e+00,4.846944e+00,4.832677e+00,4.249192e+00,4.640121e+00,4.576684e+00,4.916810e+00,4.609804e+00,4.216433e+00,4.403135e+00,4.602225e+00,4.757181e+00,4.914265e+00,4.755826e+00,4.284101e+00,4.132384e+00,4.581048e+00,4.725015e+00,4.040610e+00,4.610558e+00,4.819330e+00,4.788712e+00,4.766209e+00,4.779962e+00,4.498018e+00,4.886333e+00,4.674612e+00,4.716191e+00,4.758228e+00,4.717320e+00,4.584947e+00,4.559267e+00,4.383587e+00,4.782449e+00,4.387262e+00,4.895201e+00,4.917172e+00,4.847179e+00,4.535839e+00,4.847080e+00,4.723295e+00,4.695545e+00,4.691038e+00,4.564002e+00,4.595472e+00,4.834045e+00,4.785606e+00,4.264661e+00,4.645191e+00,4.775961e+00,4.746713e+00,5.027242e+00,4.655841e+00,4.354887e+00,4.491333e+00,4.171120e+00,4.629092e+00
4.469874e+00,4.482045e+00,4.763971e+00,4.321687e+00,4.927267e+00,4.760006e+00,4.712052e+00,4.874857e+00,4.639539e+00,4.541438e+00,4.989658e+00,4.740653e+00,4.735689e+00,4.467069e+00,4.751229e+00,4.830019e+00,4.837005e+00,3.895666e+00,4.575656e+00,4.699150e+00,4.359764e+00,4.826354e+00,4.321435e+00,4.346366e+00,4.817196e+00,4.812225e+00,4.708008e+00,4.576421e+00,5.005616e+00,4.404760e+00,4.687744e+00,4.664226e+00,4.937351e+00,4.232547e+00,4.701662e+00,4.528213e+00,4.601220e+00,4.351354e+00,4.556584e+00,4.998777e+00,4.701035e+00,3.820921e+00,4.607179e+00,4.771716e+00,4.563396e+00,4.076910e+00,4.858617e+00,4.085760e+00,4.335337e+00,4.310812e+00,4.901033e+00,4.207185e+00,3.950753e+00,4.350488e+00,3.496991e+00,4.562851e+00,4.625328e+00,3.636244e+00,4.461815e+00,4.158146e+00,4.407660e+00,4.832525e+00,4.473916e+00,4.943339e+00,4.901901e+00,4.821598e+00,4.773247e+00,4.982342e+00,4.085834e+00,4.870147e+00,4.333128e+00,4.657652e+00,4.817870e+00,4.491900e+00,4.466831e+00,4.687085e+00,4.798688e+00,4.671234e+00,4.708967e+00,4.843147e+00,4.624700e+00,4.974606e+00,4.626174e+00,4.842609e+00,4.264265e+00,4.898509e+00,4.791760e+00,4.969101e+00,4.695855e+00,4.429429e+00,4.551147e+00,4.576354e+00,4.686249e+00,4.725813e+00,4.959269e+00,4.077754e+00,4.914816e+00,4.525498e+00,4.659305e+00,4.544438e+00,4.957384e+00,4.400541e+00,4.859886e+00,4.518245e+00,4.652095e+00,4.929075e+00,4.610024e+00,4.861360e+00
4.474385e+00,4.490098e+00,4.924112e+00,4.461210e+00,4.664730e+00,4.610895e+00,4.713149e+00,4.819669e+00,4.760132e+00,4.809971e+00,4.814833e+00,4.446190e+00,4.852417e+00,4.422616e+00,4.742284e+00,4.963180e+00,4.483682e+00,4.903682e+00,4.928538e+00,4.411562e+00,4.922836e+00,4.743077e+00,4.730583e+00,5.117408e+00,4.832614e+00,4.919805e+00,4.883214e+00,4.790607e+00,4.878156e+00,4.907446e+00,4.668190e+00,4.725803e+00,4.914793e+00,4.709221e+00,4.830426e+00,4.502161e+00,5.059770e+00,4.785708e+00,4.387582e+00,4.706769e+00,4.537725e+00,4.462635e+00,4.653627e+00,3.085641e+00,4.437480e+00,4.674572e+00,4.791462e+00,4.771257e+00,4.792596e+00,4.792995e+00,4.580712e+00,4.831969e+00,4.996257e+00,4.417745e+00,4.931365e+00,4.414052e+00,4.316267e+00,4.793295e+00,4.585095e+00,4.688955e+00,4.208703e+00,4.262078e+00,4.362607e+00,4.250428e+00,4.495472e+00,4.685144e+00,4.707671e+00,4.543967e+00,4.723156e+00,4.804044e+00,4.844176e+00,4.620027e+00,4.682663e+00,4.600201e+00,4.828938e+00,4.863513e+00,4.722213e+00,4.500823e+00,4.529699e+00,5.063826e+00,4.760040e+00,4.714149e+00,4.529893e+00,4.747338e+00,4.751195e+00,4.564022e+00,4.936763e+00,4.848741e+00,4.611128e+00,4.814310e+00,4.729109e+00,4.611674e+00,4.112558e+00,4.807514e+00,5.003568e+00,4.813509e+00,4.511329e+00,4.854763e+00,4.879165e+00,4.283519e+00,4.952026e+00,4.492002e+00,4.629190e+00,4.990673e+00,4.775034e+00,4.763786e+00,4.874891e+00,4.809443e+00
4.611516e+00,4.408279e+00,4.923159e+00,4.841342e+00,4.945533e+00,4.705288e+00,4.425868e+00,4.711725e+00,4.823954e+00,4.536280e+00,4.367564e+00,4.431597e+00,4.733328e+00,4.352372e+00,4.763559e+00,4.535677e+00,4.669701e+00,4.514951e+00,4.697924e+00,4.530029e+00,4.895693e+00,4.599712e+00,4.634967e+00,4.661181e+00,4.550404e+00,4.771263e+00,4.851915e+00,4.629172e+00,4.404266e+00,4.846320e+00,4.861101e+00,4.804094e+00,4.564812e+00,4.676505e+00,4.951788e+00,4.978798e+00,4.593983e+00,4.647567e+00,4.348318e+00,4.087837e+00,4.753363e+00,4.752376e+00,4.701219e+00,4.719895e+00,4.676151e+00,4.605333e+00,4.940359e+00,4.522011e+00,4.459233e+00,4.691730e+00,4.769850e+00,4.644733e+00,4.683935e+00,4.457999e+00,4.742367e+00,4.494044e+00,4.634518e+00,4.612473e+00,5.039369e+00,4.869854e+00,4.627901e+00,4.791644e+00,4.089629e+00,4.872450e+00,4.629254e+00,4.796033e+00,3.206424e+00,3.979057e+00,4.583619e+00,4.714589e+00,4.840909e+00,4.360148e+00,4.469030e+00,4.941850e+00,4.753967e+00,4.936964e+00,4.892233e+00,4.634091e+00,4.652459e+00,4.726406e+00,4.911744e+00,4.714575e+00,4.755498e+00,4.355258e+00,4.720601e+00,4.600442e+00,4.607549e+00,4.600224e+00,4.668584e+00,4.744624e+00,4.706462e+00,4.851415e+00,4.945807e+00,4.766782e+00,4.913432e+00,4.808927e+00,4.429616e+00,4.816720e+00,4.841830e+00,4.896938e+00,4.894983e+00,4.810432e+00,4.878723e+00,4.650235e+00,4.944271e+00,4.308586e+00,4.502272e+00,4.594346e+00
4.857286e+00,4.735978e+00,4.806753e+00,4.644149e+00,4.749627e+00,4.986566e+00,4.749239e+00,5.008936e+00,4.435456e+00,4.878937e+00,4.779648e+00,4.716705e+00,4.810353e+00,4.790455e+00,4.474628e+00,4.834694e+00,4.724234e+00,4.809397e+00,4.936122e+00,4.815176e+00,4.537627e+00,4.925067e+00,4.894512e+00,4.861748e+00,4.550553e+00,4.512645e+00,4.645241e+00,4.766059e+00,4.669480e+00,4.993543e+00,4.890402e+00,4.755320e+00,4.397952e+00,4.872991e+00,4.686862e+00,4.067165e+00,4.536201e+00,4.894984e+00,4.870674e+00,4.568355e+00,4.933373e+00,4.937057e+00,4.634861e+00,4.506051e+00,4.752338e+00,4.645253e+00,4.679741e+00,4.739917e+00,4.399887e+00,4.587546e+00,4.398671e+00,3.970867e+00,4.549566e+00,3.734135e+00,4.157069e+00,4.517704e+00,4.658229e+00,4.693422e+00,3.590624e+00,4.603271e+00,4.737176e+00,5.086634e+00,4.584562e+00,4.709790e+00,4.735748e+00,4.691992e+00,4.895936e+00,4.620861e+00,3.930133e+00,2.727960e+00,4.157263e+00,4.604471e+00,4.486049e+00,4.406753e+00,4.831396e+00,4.929155e+00,4.721990e+00,4.940055e+00,4.680767e+00,4.529645e+00,4.701635e+00,5.009111e+00,4.699582e+00,4.770317e+00,4.540869e+00,4.645786e+00,4.739375e+00,4.803201e+00,4.439687e+00,4.802645e+00,4.715239e+00,4.058201e+00,4.709156e+00,4.849054e+00,4.809562e+00,4.783731e+00,4.512819e+00,4.499845e+00,4.885328e+00,4.989820e+00,4.816143e+00,4.005777e+00,4.576390e+00,4.652564e+00,4.447291e+00,4.960168e+00,4.970727e+00,4.594017e+00
4.574289e+00,4.758521e+00,4.985963e+00,4.546666e+00,4.748339e+00,4.635379e+00,4.717693e+00,4.854373e+00,4.732655e+00,4.885743e+00,4.697890e+00,4.865940e+00,4.562149e+00,4.424349e+00,4.912421e+00,4.387499e+00,4.722086e+00,5.026828e+00,4.499845e+00,4.332731e+00,4.765966e+00,3.959477e+00,4.965085e+00,4.738750e+00,4.958645e+00,4.739466e+00,4.977466e+00,4.805141e+00,4.652094e+00,4.913729e+00,4.520739e+00,4.660646e+00,4.812649e+00,4.375705e+00,4.712300e+00,4.794887e+00,4.958447e+00,4.695462e+00,4.910469e+00,4.513727e+00,4.868780e+00,4.332957e+00,4.884855e+00,3.609140e+00,4.136901e+00,3.463809e+00,3.315264e+00,3.750393e+00,2.852639e+00,4.510666e+00,3.666802e+00,3.982010e+00,3.332883e+00,4.488241e+00,4.333363e+00,4.493826e+00,4.522437e+00,4.773110e+00,4.421291e+00,4.173709e+00,3.334252e+00,4.732062e+00,3.433127e+00,4.577766e+00,4.848112e+00,4.278747e+00,4.901363e+00,4.577336e+00,5.033695e+00,4.833809e+00,4.793716e+00,4.393477e+00,3.495510e+00,4.444071e+00,4.614569e+00,4.763287e+00,4.827704e+00,4.694839e+00,4.881706e+00,4.918657e+00,4.542461e+00,4.731341e+00,4.641965e+00,5.061200e+00,4.543924e+00,4.914015e+00,4.959256e+00,5.005828e+00,4.631639e+00,4.597069e+00,4.923788e+00,4.546875e+00,4.761384e+00,4.430284e+00,4.937273e+00,4.856280e+00,4.937244e+00,4.863807e+00,4.869452e+00,4.611354e+00,4.828953e+00,5.058214e+00,4.767791e+00,4.793817e+00,4.931822e+00,4.969953e+00,4.698246e+00,4.911390e+00
5.019138e+00,4.796013e+00,4.818677e+00,4.586449e+00,4.893885e+00,4.597783e+00,4.987328e+00,4.697141e+00,4.806238e+00,4.687176e+00,4.563225e+00,4.821709e+00,4.592164e+00,4.411578e+00,5.040288e+00,4.771250e+00,4.874512e+00,4.441653e+00,4.920935e+00,4.746520e+00,4.878676e+00,4.851724e+00,4.858171e+00,4.770647e+00,4.241037e+00,4.565734e+00,4.956990e+00,4.789966e+00,4.693120e+00,4.578402e+00,4.344304e+00,4.498592e+00,2.780204e+00,4.837048e+00,4.797860e+00,4.663688e+00,5.032997e+00,4.609140e+00,4.450515e+00,3.613192e+00,4.524433e+00,4.499156e+00,3.774938e+00,4.034928e+00,3.855778e+00,3.562457e+00,3.397731e+00,3.104825e+00,3.059956e+00,3.683343e+00,4.241309e+00,4.537808e+00,2.854718e+00,3.947724e+00,4.013017e+00,4.883528e+00,3.221363e+00,2.903951e+00,4.010760e+00,4.579101e+00,2.913661e+00,3.225212e+00,3.375211e+00,4.662995e+00,3.226097e+00,4.768938e+00,4.545392e+00,4.356555e+00,4.147185e+00,4.571527e+00,4.906623e+00,4.466529e+00,4.740296e+00,2.798882e+00,4.514131e+00,4.187453e+00,4.373508e+00,3.296765e+00,4.828409e+00,4.814805e+00,4.894538e+00,4.588462e+00,4.952015e+00,4.925151e+00,4.450498e+00,4.676376e+00,4.860927e+00,4.632538e+00,4.778865e+00,4.700689e+00,4.943083e+00,4.777095e+00,4.514233e+00,4.849559e+00,4.709794e+00,4.452636e+00,4.985415e+00,4.894999e+00,4.391285e+00,4.529341e+00,4.811416e+00,4.955553e+00,4.813102e+00,4.193960e+00,4.957912e+00,4.857729e+00,4.454815e+00,4.477724e+00
4.760859e+00,4.636755e+00,4.715880e+00,4.733168e+00,4.828804e+00,4.516785e+00,4.786092e+00,4.678734e+00,5.064885e+00,5.021793e+00,4.592549e+00,5.002655e+00,4.868238e+00,4.362367e+00,4.763864e+00,4.483341e+00,4.993891e+00,4.525019e+00,4.797309e+00,4.840395e+00,5.157546e+00,4.598448e+00,4.892361e+00,4.784213e+00,4.696563e+00,4.602349e+00,4.811595e+00,4.055758e+00,4.894915e+00,4.699902e+00,4.769225e+00,4.453179e+00,4.549246e+00,4.751101e+00,4.625814e+00,4.788924e+00,4.812856e+00,4.971487e+00,3.622418e+00,3.144305e+00,3.295163e+00,4.073805e+00,3.854889e+00,2.974921e+00,3.401275e+00,3.418859e+00,4.079716e+00,3.911856e+00,3.353463e+00,3.646082e+00,4.095298e+00,3.086028e+00,3.875283e+00,3.463299e+00,3.370096e+00,3.681253e+00,3.028386e+00,3.937933e+00,4.931054e+00,2.600591e+00,4.536464e+00,3.122195e+00,4.791060e+00,4.595100e+00,3.422643e+00,4.165582e+00,2.677281e+00,4.808231e+00,3.432523e+00,4.559061e+00,4.882011e+00,4.866208e+00,4.601206e+00,4.832127e+00,4.770887e+00,4.653480e+00,4.785342e+00,4.279176e+00,4.978708e+00,4.572818e+00,4.763829e+00,4.838755e+00,4.879863e+00,4.920493e+00,4.551169e+00,4.466277e+00,4.687863e+00,4.789855e+00,4.581171e+00,4.930025e+00,4.861326e+00,4.673771e+00,4.998702e+00,4.366006e+00,4.961760e+00,4.755983e+00,4.970672e+00,4.494342e+00,4.693957e+00,4.561095e+00,4.739412e+00,4.778943e+00,4.712574e+00,4.839793e+00,4.554148e+00,4.849126e+00,4.609191e+00,4.764543e+00
5.009660e+00,4.719569e+00,4.434750e+00,4.730582e+00,4.331258e+00,4.964809e+00,4.370297e+00,4.934934e+00,4.787115e+00,4.788617e+00,4.955625e+00,4.564536e+00,3.910275e+00,4.688568e+00,4.564543e+00,4.526498e+00,4.870773e+00,4.420147e+00,4.951581e+00,4.870190e+00,4.447046e+00,4.654700e+00,4.690552e+00,4.815421e+00,4.698408e+00,4.383143e+00,5.031723e+00,4.546745e+00,2.591236e+00,4.827539e+00,4.898696e+00,4.777551e+00,4.614008e+00,4.292916e+00,3.102868e+00,3.951441e+00,3.533088e+00,4.842260e+00,3.325876e+00,4.260810e+00,2.952266e+00,4.350404e+00,3.455834e+00,3.232032e+00,3.358360e+00,4.301967e+00,2.548201e+00,4.263819e+00,2.623482e+00,3.275856e+00,4.193778e+00,3.722513e+00,4.748532e+00,4.438547e+00,4.918986e+00,3.045578e+00,3.243453e+00,4.470925e+00,3.392311e+00,4.311578e+00,2.746227e+00,2.725422e+00,3.265251e+00,2.924592e+00,3.328030e+00,4.734740e+00,3.072124e+00,2.294415e+00,3.551665e+00,3.923121e+00,4.646029e+00,3.737680e+00,4.696101e+00,4.944174e+00,4.994491e+00,4.932306e+00,4.215605e+00,3.775424e+00,2.895445e+00,4.835988e+00,4.700215e+00,4.630339e+00,4.770787e+00,4.851368e+00,4.611607e+00,4.901036e+00,4.676945e+00,4.642835e+00,4.991261e+00,4.499119e+00,4.790979e+00,4.662852e+00,4.523713e+00,4.921872e+00,4.993768e+00,4.702409e+00,4.766230e+00,4.897559e+00,4.786266e+00,4.610592e+00,4.427159e+00,4.789284e+00,4.472584e+00,4.603958e+00,4.925207e+00,4.779461e+00,4.783118e+00,4.699673e+00
4.839414e+00,4.634682e+00,4.867656e+00,4.659801e+00,4.669909e+00,4.156886e+00,4.744475e+00,4.615547e+00,4.898546e+00,4.836078e+00,4.439888e+00,4.557102e+00,4.881211e+00,4.916692e+00,4.432193e+00,4.590603e+00,4.832537e+00,4.904313e+00,4.891417e+00,5.014354e+00,4.756966e+00,4.720314e+00,4.753914e+00,4.387349e+00,4.830582e+00,4.919328e+00,4.963855e+00,4.703484e+00,4.763840e+00,4.634095e+00,5.038984e+00,4.872864e+00,3.873352e+00,3.815123e+00,3.608518e+00,4.331269e+00,2.845174e+00,4.298242e+00,2.594353e+00,4.677550e+00,3.699961e+00,3.213615e+00,3.100943e+00,3.324864e+00,2.948173e+00,3.710968e+00,3.047534e+00,3.004320e+00,4.590013e+00,4.327875e+00,4.434085e+00,3.427759e+00,4.502685e+00,4.500811e+00,4.221879e+00,3.297676e+00,3.659592e+00,3.212273e+00,2.761497e+00,3.557760e+00,6.494342e+00,4.087832e+00,4.742227e+00,3.602111e+00,4.592902e+00,2.771990e+00,3.369021e+00,2.597377e+00,3.702377e+00,4.401218e+00,4.211194e+00,4.463912e+00,3.810430e+00,4.446058e+00,4.305540e+00,4.822959e+00,4.854669e+00,4.765369e+00,2.320504e+00,2.169284e+00,4.627644e+00,4.570806e+00,4.783762e+00,4.795271e+00,4.976889e+00,4.747887e+00,4.574638e+00,4.825808e+00,4.414450e+00,4.573582e+00,4.882600e+00,4.351623e+00,4.626381e+00,4.442476e+00,4.502066e+00,4.919877e+00,4.952169e+00,4.735179e+00,4.826584e+00,4.990293e+00,4.515004e+00,4.985076e+00,4.429443e+00,5.012190e+00,4.651197e+00,4.860444e+00,4.822314e+00,4.733131e+00
4.858996e+00,4.916241e+00,4.882456e+00,4.533551e+00,4.880711e+00,4.732965e+00,4.568775e+00,4.865328e+00,4.716905e+00,4.688746e+00,4.883974e+00,4.557822e+00,4.876197e+00,4.803041e+00,4.851660e+00,4.998979e+00,4.635916e+00,5.046713e+00,4.697905e+00,4.701069e+00,4.824704e+00,4.833551e+00,4.717139e+00,4.989722e+00,4.615961e+00,4.632711e+00,4.857313e+00,4.951578e+00,4.917067e+00,4.069960e+00,4.407848e+00,4.144019e+00,3.265041e+00,3.921670e+00,3.084686e+00,4.141695e+00,3.068244e+00,4.631680e+00,4.769533e+00,3.176239e+00,3.429933e+00,3.191892e+00,3.416869e+00,3.494680e+00,4.600762e+00,3.273291e+00,2.893468e+00,4.868483e+00,3.261259e+00,4.731121e+00,4.557235e+00,4.665748e+00,4.724082e+00,4.797307e+00,2.643107e+00,2.496754e+00,2.611635e+00,2.893050e+00,3.664018e+00,3.726058e+00,4.048768e+00,3.407950e+00,2.819508e+00,4.303604e+00,3.028751e+00,3.481444e+00,2.776499e+00,2.659234e+00,4.781766e+00,4.887931e+00,4.530080e+00,4.194640e+00,3.568473e+00,3.153144e+00,4.454667e+00,4.196702e+00,4.610177e+00,4.929558e+00,4.648596e+00,4.527409e+00,4.056539e+00,4.540299e+00,4.174953e+00,4.863971e+00,4.865773e+00,4.801108e+00,4.374176e+00,4.947829e+00,4.532201e+00,4.753781e+00,4.799736e+00,4.613319e+00,4.458884e+00,4.834384e+00,4.505569e+00,4.625280e+00,4.845905e+00,4.947072e+00,4.877128e+00,4.790931e+00,4.814647e+00,4.853923e+00,4.814365e+00,4.520351e+00,4.193423e+00,4.367753e+00,4.771131e+00,4.580165e+00
4.986164e+00,4.606259e+00,4.969949e+00,4.336388e+00,4.898482e+00,4.890948e+00,5.021743e+00,4.701563e+00,4.682256e+00,4.783918e+00,4.843574e+00,4.327735e+00,4.440672e+00,4.691025e+00,4.868846e+00,4.847987e+00,4.671023e+00,4.855652e+00,4.671843e+00,4.644392e+00,4.846585e+00,4.858885e+00,4.440427e+00,4.375205e+00,4.928219e+00,4.587901e+00,4.732317e+00,4.992770e+00,4.548266e+00,4.215479e+00,4.138587e+00,3.409329e+00,2.860222e+00,2.403579e+00,3.389209e+00,3.297101e+00,3.120140e+00,3.227645e+00,4.323774e+00,4.474963e+00,3.098431e+00,4.419892e+00,2.827797e+00,2.978194e+00,3.220901e+00,5.732865e+00,3.438726e+00,2.561971e+00,3.164813e+00,4.759440e+00,4.676455e+00,4.565700e+00,4.839297e+00,4.939997e+00,4.857278e+00,5.036450e+00,4.420981e+00,3.191356e+00,2.809684e+00,4.000164e+00,4.438334e+00,3.071938e+00,4.205151e+00,3.076504e+00,6.889636e+00,3.202342e+00,3.216140e+00,4.474129e+00,4.912374e+00,4.441251e+00,3.489165e+00,4.330691e+00,3.133473e+00,4.255216e+00,4.869208e+00,4.062747e+00,4.189468e+00,4.764881e+00,4.826207e+00,4.914070e+00,4.878061e+00,2.967187e+00,4.085978e+00,4.816164e+00,4.821871e+00,4.598381e+00,4.909812e+00,4.922926e+00,4.615087e+00,4.802491e+00,4.876069e+00,5.030637e+00,4.722291e+00,4.957698e+00,5.048612e+00,5.017148e+00,4.711853e+00,4.730114e+00,5.042852e+00,4.280376e+00,4.704976e+00,4.796168e+00,4.725876e+00,4.533369e+00,4.705035e+00,4.995772e+00,4.916694e+00,4.883525e+00
4.857146e+00,4.942715e+00,4.758247e+00,4.956342e+00,4.944325e+00,4.778946e+00,4.566222e+00,4.600674e+00,4.742170e+00,4.529541e+00,4.882415e+00,4.320949e+00,4.669054e+00,4.668914e+00,4.894693e+00,4.535900e+00,4.932472e+00,4.605889e+00,4.891986e+00,4.565230e+00,2.974654e+00,4.479672e+00,3.887020e+00,4.933101e+00,4.955226e+00,4.882772e+00,4.773435e+00,3.809207e+00,4.013435e+00,4.821937e+00,6.045322e+00,2.928465e+00,2.844556e+00,4.414474e+00,3.676693e+00,4.212798e+00,3.378665e+00,4.312463e+00,3.412887e+00,3.023661e+00,4.061439e+00,2.936418e+00,3.736076e+00,2.925869e+00,3.266865e+00,2.403387e+00,3.206579e+00,3.078705e+00,4.614310e+00,4.439588e+00,4.737073e+00,4.978830e+00,4.939274e+00,4.413522e+00,3.236152e+00,4.915186e+00,4.726458e+00,3.593744e+00,3.520231e+00,2.844157e+00,3.489609e+00,4.920844e+00,3.719580e+00,8.834764e+00,3.178785e+00,3.263457e+00,3.424343e+00,2.730405e+00,4.807330e+00,4.724179e+00,4.730651e+00,3.825531e+00,4.569719e+00,4.061905e+00,3.203707e+00,3.390956e+00,3.952734e+00,4.502045e+00,4.260754e+00,4.809115e+00,5.131084e+00,4.691649e+00,4.236263e+00,2.935308e+00,4.776893e+00,3.537723e+00,4.773000e+00,5.005648e+00,4.845642e+00,4.844748e+00,4.771857e+00,4.488866e+00,4.844443e+00,4.707685e+00,4.680963e+00,4.782120e+00,4.625742e+00,4.821141e+00,4.854979e+00,4.952909e+00,4.825007e+00,5.006676e+00,4.805094e+00,4.911128e+00,4.728443e+00,4.818180e+00,4.777190e+00,4.834769e+00
4.766463e+00,4.980927e+00,5.002566e+00,4.553389e+00,4.554880e+00,4.907890e+00,5.032072e+00,4.855672e+00,4.457882e+00,4.663462e+00,5.115566e+00,4.267614e+00,4.819688e+00,4.698876e+00,4.624219e+00,4.613454e+00,4.637577e+00,4.653306e+00,4.830383e+00,4.448501e+00,4.800010e+00,4.420246e+00,4.900225e+00,4.662069e+00,4.749522e+00,4.836687e+00,4.335383e+00,3.989273e+00,3.414071e+00,3.501555e+00,3.745173e+00,3.279857e+00,2.897740e+00,3.571629e+00,3.203359e+00,3.730377e+00,2.486744e+00,4.170448e+00,3.185217e+00,2.797993e+00,3.403344e+00,3.503650e+00,2.494084e+00,3.070698e+00,2.842420e+00,4.311127e+00,3.013760e+00,4.032775e+00,3.597576e+00,2.959184e+00,4.954587e+00,4.948864e+00,4.639836e+00,4.239552e+00,4.783626e+00,4.509018e+00,4.961111e+00,3.164486e+00,4.852505e+00,2.803273e+00,3.730718e+00,3.385499e+00,2.975537e+00,2.812769e+00,3.842643e+00,4.439717e+00,3.583436e+00,4.804943e+00,4.805883e+00,4.510456e+00,4.732582e+00,4.862926e+00,4.550220e+00,2.713528e+00,4.463991e+00,4.173482e+00,3.116892e+00,3.788003e+00,4.297258e+00,4.981750e+00,4.757739e+00,4.692153e+00,4.834329e+00,4.785037e+00,3.058816e+00,4.506922e+00,4.616092e+00,4.876796e+00,4.969095e+00,4.804107e+00,4.943272e+00,4.564492e+00,4.604952e+00,4.676939e+00,4.744061e+00,4.516453e+00,4.574797e+00,4.864963e+00,4.698182e+00,4.909382e+00,4.904550e+00,4.565101e+00,4.798167e+00,4.889481e+00,4.518274e+00,4.706398e+00,4.926304e+00,4.417766e+00
4.657694e+00,5.051774e+00,4.683161e+00,4.615960e+00,4.799291e+00,4.635819e+00,4.732717e+00,4.917181e+00,4.863586e+00,4.259493e+00,4.962432e+00,4.602039e+00,4.881119e+00,4.779585e+00,4.702674e+00,4.467469e+00,4.839988e+00,4.796640e+00,4.707230e+00,4.721887e+00,3.656091e+00,4.730195e+00,4.752977e+00,4.854081e+00,4.421552e+00,3.847634e+00,3.367868e+00,3.682879e+00,3.727985e+00,3.445402e+00,3.112818e+00,3.594414e+00,3.416616e+00,2.446471e+00,3.966678e+00,4.919033e+00,4.040864e+00,3.163825e+00,3.051819e+00,3.776744e+00,2.685944e+00,2.820849e+00,3.416588e+00,9.331774e+00,4.628922e+00,3.922067e+00,3.890677e+00,2.971825e+00,3.746748e+00,3.483521e+00,2.854745e+00,3.198915e+00,4.313159e+00,4.815245e+00,4.940643e+00,4.526404e+00,3.136239e+00,4.186606e+00,2.925189e+00,3.372987e+00,4.505990e+00,3.923553e+00,3.327636e+00,3.641134e+00,4.332990e+00,4.466664e+00,4.655529e+00,4.861080e+00,4.732937e+00,4.903278e+00,4.865235e+00,4.896865e+00,4.238548e+00,3.186394e+00,3.655891e+00,4.375282e+00,2.893693e+00,2.864014e+00,4.051759e+00,4.004925e+00,4.884677e+00,4.889848e+00,4.890205e+00,4.633725e+00,4.592226e+00,3.778010e+00,4.521427e+00,4.583785e+00,4.714297e+00,4.789094e+00,4.827380e+00,4.877961e+00,4.888104e+00,4.822388e+00,4.742605e+00,4.933469e+00,4.470170e+00,4.475101e+00,4.485879e+00,4.945274e+00,4.387991e+00,4.675562e+00,4.616840e+00,4.834565e+00,4.564859e+00,4.628088e+00,4.600817e+00,4.903509e+00
4.932755e+00,4.699882e+00,4.935579e+00,4.751885e+00,4.766160e+00,5.045119e+00,4.795592e+00,4.568232e+00,4.892283e+00,4.629305e+00,4.945323e+00,4.799972e+00,4.930974e+00,4.696822e+00,4.894574e+00,4.869858e+00,4.778723e+00,4.645736e+00,3.308559e+00,4.344962e+00,4.939042e+00,4.888502e+00,4.465617e+00,4.710973e+00,2.643741e+00,2.840807e+00,4.364799e+00,2.788717e+00,3.132789e+00,3.766389e+00,4.757921e+00,3.579077e+00,5.801320e+00,9.002028e+00,3.247093e+00,3.996414e+00,4.726481e+00,3.113320e+00,2.887554e+00,2.711336e+00,2.761883e+00,3.215361e+00,3.651255e+00,5.177270e+00,nan,3.152287e+00,3.344243e+00,6.914793e+00,4.448042e+00,9.396007e+00,3.397181e+00,2.764168e+00,4.373262e+00,4.689480e+00,3.423423e+00,3.158676e+00,3.542523e+00,3.724394e+00,3.678151e+00,3.107438e+00,4.386677e+00,3.565702e+00,6.185928e+00,3.471236e+00,4.667969e+00,4.890071e+00,4.691917e+00,4.922807e+00,4.627982e+00,4.796566e+00,4.801803e+00,4.529844e+00,4.832606e+00,3.018325e+00,3.967082e+00,2.576461e+00,3.071563e+00,2.978008e+00,3.345118e+00,4.672849e+00,4.111570e+00,3.193482e+00,4.202716e+00,4.516757e+00,4.958781e+00,4.747945e+00,4.032892e+00,4.068158e+00,3.972671e+00,4.954769e+00,4.683916e+00,4.813819e+00,4.792269e+00,4.660784e+00,4.831307e+00,4.793354e+00,4.626720e+00,4.118984e+00,4.983393e+00,4.959885e+00,4.890845e+00,4.748161e+00,4.383830e+00,4.899972e+00,4.777522e+00,4.897143e+00,4.796928e+00,4.665529e+00
5.020263e+00,4.858261e+00,4.375629e+00,4.995100e+00,4.850133e+00,4.795348e+00,4.747634e+00,4.474384e+00,4.744344e+00,4.794791e+00,4.920450e+00,4.734230e+00,4.786856e+00,4.774498e+00,4.633713e+00,4.873070e+00,4.768034e+00,4.486563e+00,4.601604e+00,4.996389e+00,4.822587e+00,4.845269e+00,4.592179e+00,4.367200e+00,3.571273e+00,4.600368e+00,3.783427e+00,4.030342e+00,7.046955e+00,3.190472e+00,4.151315e+00,2.757650e+00,5.005959e+00,3.802911e+00,4.156658e+00,5.349803e+00,3.874383e+00,7.318547e+00,3.045991e+00,3.129733e+00,2.848206e+00,3.196476e+00,6.404005e+00,3.531257e+00,7.133232e+00,4.312130e+00,2.879567e+00,2.990265e+00,4.033709e+00,3.689624e+00,3.806551e+00,3.185912e+00,4.350067e+00,4.934643e+00,3.817606e+00,3.935085e+00,4.624401e+00,3.956933e+00,5.909617e+00,3.308126e+00,3.345797e+00,3.413448e+00,3.721814e+00,4.111792e+00,3.154141e+00,4.924877e+00,4.909671e+00,4.730925e+00,4.742083e+00,4.852299e+00,4.264502e+00,4.324462e+00,4.024292e+00,3.449440e+00,5.091283e+00,5.540870e+00,2.701636e+00,4.138587e+00,3.963053e+00,2.992119e+00,3.076470e+00,3.656804e+00,4.282142e+00,4.271380e+00,4.875628e+00,4.795651e+00,4.775558e+00,3.671955e+00,4.858105e+00,4.455825e+00,4.876387e+00,4.697011e+00,4.104965e+00,4.839516e+00,4.910974e+00,4.371808e+00,4.991596e+00,4.633479e+00,4.747731e+00,4.801403e+00,4.697834e+00,4.748539e+00,4.904418e+00,4.477799e+00,5.002023e+00,4.612885e+00,4.898175e+00,4.667357e+00
4.809480e+00,4.714622e+00,4.649490e+00,4.733960e+00,4.563907e+00,4.777653e+00,4.687929e+00,4.554931e+00,4.856919e+00,4.747128e+00,4.853825e+00,4.641423e+00,4.851983e+00,4.866273e+00,4.749079e+00,4.855928e+00,4.542786e+00,3.974177e+00,4.306647e+00,4.847366e+00,4.918261e+00,4.117612e+00,4.364695e+00,3.442170e+00,3.305328e+00,3.724135e+00,8.782579e+00,3.661649e+00,8.912040e+00,2.841929e+00,3.160818e+00,3.405449e+00,7.171030e+00,2.824959e+00,2.573749e+00,2.733495e+00,2.771583e+00,3.613257e+00,3.395884e+00,6.358384e+00,7.055631e+00,3.207345e+00,8.177483e+00,1.015356e+01,3.123107e+00,5.741705e+00,3.232887e+00,2.811950e+00,3.990675e+00,4.004874e+00,3.328672e+00,3.471996e+00,4.633768e+00,4.864877e+00,3.358101e+00,2.791951e+00,3.693012e+00,3.076500e+00,2.368820e+00,3.074562e+00,2.783603e+00,2.432270e+00,2.846494e+00,2.904934e+00,3.325185e+00,4.655351e+00,4.821742e+00,4.760449e+00,4.566246e+00,4.305376e+00,4.242350e+00,4.726069e+00,4.315697e+00,3.266548e+00,3.804558e+00,5.765131e+00,3.305025e+00,4.518149e+00,5.232339e+00,4.892746e+00,2.814591e+00,3.279593e+00,3.482802e+00,3.926899e+00,4.635468e+00,4.794496e+00,4.885373e+00,4.759867e+00,4.608273e+00,4.856586e+00,3.000203e+00,4.475123e+00,5.018919e+00,4.855951e+00,4.876756e+00,4.940380e+00,4.705500e+00,4.720643e+00,4.506922e+00,4.745443e+00,4.846953e+00,4.903518e+00,4.825338e+00,4.629009e+00,4.757535e+00,4.891292e+00,4.292636e+00,4.849599e+00
4.791999e+00,4.863425e+00,4.430563e+00,4.316209e+00,4.777911e+00,4.780796e+00,4.497411e+00,4.748933e+00,4.683530e+00,4.945411e+00,4.393086e+00,4.623625e+00,4.806567e+00,4.745984e+00,4.778363e+00,4.825305e+00,4.764469e+00,4.626501e+00,4.341230e+00,4.840148e+00,4.413058e+00,4.954168e+00,2.680780e+00,4.836216e+00,3.101026e+00,4.260971e+00,2.622335e+00,3.038004e+00,5.509157e+00,3.602655e+00,3.359093e+00,9.255036e+00,3.497626e+00,4.512586e+00,4.518784e+00,3.569208e+00,4.431219e+00,3.011656e+00,2.880780e+00,3.293031e+00,8.584105e+00,5.114663e+00,3.022762e+00,5.552958e+00,3.316431e+00,5.436466e+00,3.603072e+00,3.610217e+00,2.698224e+00,2.940943e+00,3.227797e+00,3.076349e+00,4.696204e+00,4.611039e+00,3.541200e+00,3.188964e+00,9.712619e+00,4.928695e+00,2.849493e+00,2.838743e+00,3.686968e+00,3.306376e+00,2.937266e+00,2.982088e+00,4.749704e+00,4.259119e+00,4.678082e+00,3.142446e+00,4.499942e+00,3.995455e+00,4.759425e+00,4.729078e+00,3.259025e+00,2.494954e+00,2.831073e+00,2.904627e+00,3.380593e+00,3.135971e+00,4.567256e+00,2.401242e+00,3.327445e+00,3.132283e+00,4.296715e+00,4.311078e+00,4.616978e+00,4.660074e+00,4.696356e+00,5.015857e+00,4.514059e+00,4.450287e+00,4.345742e+00,4.721527e+00,4.729830e+00,4.541387e+00,4.443940e+00,4.229812e+00,4.629487e+00,4.654003e+00,4.848057e+00,5.010886e+00,4.886937e+00,4.940585e+00,4.491368e+00,4.732144e+00,4.853735e+00,4.873519e+00,4.573993e+00,4.659797e+00
4.366497e+00,4.840988e+00,4.904679e+00,5.016108e+00,4.884854e+00,4.358967e+00,4.807377e+00,4.406165e+00,4.940877e+00,4.787937e+00,4.969727e+00,4.508083e+00,4.881556e+00,4.587801e+00,4.253338e+00,4.934002e+00,4.795600e+00,4.878829e+00,4.438048e+00,4.295860e+00,3.444024e+00,2.977516e+00,4.196200e+00,2.852660e+00,3.271578e+00,4.470580e+00,3.235000e+00,2.946938e+00,2.434301e+00,2.622922e+00,2.751034e+00,3.159599e+00,2.692793e+00,3.553972e+00,4.385340e+00,3.451337e+00,2.543908e+00,2.801357e+00,2.604891e+00,7.869283e+00,5.303059e+00,4.597931e+00,5.164833e+00,4.433610e+00,2.998775e+00,3.139015e+00,2.791203e+00,3.698751e+00,5.729053e+00,2.937273e+00,4.793242e+00,8.889074e+00,4.384971e+00,2.659293e+00,4.697187e+00,4.126038e+00,3.400867e+00,5.600514e+00,4.778897e+00,2.613177e+00,7.984489e+00,8.462936e+00,2.870719e+00,3.865793e+00,3.761192e+00,4.279699e+00,4.804659e+00,4.736120e+00,5.002016e+00,4.462534e+00,4.467899e+00,4.685109e+00,3.053345e+00,2.983799e+00,2.472617e+00,3.026171e+00,4.774960e+00,3.497861e+00,2.741776e+00,2.981493e+00,4.345118e+00,3.453411e+00,3.072465e+00,2.535613e+00,4.467596e+00,4.238987e+00,4.181987e+00,4.694040e+00,4.992140e+00,2.889119e+00,3.469792e+00,4.359416e+00,4.963707e+00,4.880828e+00,4.681147e+00,4.862048e+00,4.806011e+00,4.995009e+00,4.910615e+00,4.822036e+00,4.531466e+00,4.783596e+00,4.573024e+00,4.958922e+00,4.759260e+00,4.883418e+00,4.603826e+00,4.922798e+00
4.993940e+00,4.617486e+00,4.705209e+00,4.927635e+00,4.978160e+00,4.790399e+00,4.859871e+00,4.627799e+00,4.892344e+00,4.748686e+00,4.838048e+00,4.951565e+00,4.705300e+00,4.503719e+00,4.700718e+00,4.867346e+00,4.773516e+00,4.936250e+00,4.837667e+00,4.957415e+00,4.212625e+00,3.459269e+00,3.569787e+00,2.864785e+00,4.259394e+00,3.761110e+00,3.066215e+00,2.979485e+00,3.090476e+00,4.273892e+00,6.650264e+00,3.908819e+00,4.354274e+00,4.968301e+00,5.270733e+00,4.800168e+00,3.700584e+00,2.881272e+00,3.104130e+00,3.003100e+00,5.766496e+00,3.418579e+00,2.454481e+00,4.229873e+00,3.186329e+00,7.989533e+00,3.343442e+00,3.522758e+00,1.041196e+01,5.503399e+00,3.674390e+00,3.003022e+00,4.378355e+00,3.490511e+00,2.962391e+00,2.623321e+00,3.359528e+00,9.154690e+00,5.063911e+00,3.729328e+00,3.393938e+00,3.394004e+00,4.386981e+00,2.528591e+00,2.820547e+00,4.136507e+00,4.873371e+00,4.937227e+00,4.445893e+00,3.332355e+00,4.610310e+00,3.772003e+00,3.434239e+00,3.928158e+00,2.399230e+00,3.143662e+00,2.956230e+00,3.210038e+00,3.340248e+00,3.145767e+00,3.148728e+00,3.056604e+00,4.308359e+00,2.933467e+00,3.150394e+00,3.109468e+00,4.351842e+00,4.586216e+00,4.985194e+00,4.807008e+00,2.798525e+00,4.359321e+00,4.535957e+00,4.859813e+00,4.862589e+00,4.776425e+00,4.991343e+00,4.894311e+00,4.916649e+00,4.734940e+00,4.535835e+00,4.890360e+00,4.457645e+00,4.594484e+00,4.763281e+00,4.956834e+00,4.591890e+00,4.737272e+00
4.492129e+00,4.476313e+00,4.992013e+00,4.723876e+00,4.640670e+00,4.859312e+00,4.635614e+00,4.938852e+00,4.623216e+00,5.088524e+00,4.825055e+00,4.557539e+00,4.773024e+00,4.401395e+00,4.781142e+00,4.999928e+00,4.747573e+00,4.748714e+00,4.787493e+00,4.158777e+00,3.097316e+00,3.197779e+00,3.033988e+00,3.590953e+00,3.852368e+00,3.841852e+00,2.970159e+00,3.849221e+00,2.958770e+00,3.338400e+00,4.606515e+00,2.677606e+00,8.836829e+00,3.478881e+00,3.130296e+00,2.613180e+00,8.578724e+00,3.226132e+00,8.880493e+00,3.268127e+00,2.870648e+00,3.180515e+00,7.493486e+00,4.409472e+00,3.008927e+00,3.657578e+00,5.687874e+00,4.154264e+00,2.493355e+00,2.860380e+00,4.555659e+00,3.463916e+00,3.435046e+00,9.088628e+00,2.987237e+00,6.162222e+00,3.528302e+00,3.334178e+00,2.497056e+00,8.295179e+00,2.938242e+00,3.020454e+00,3.507838e+00,6.484107e+00,4.093842e+00,4.637237e+00,4.622742e+00,3.356794e+00,5.412911e+00,2.791354e+00,4.662340e+00,2.671155e+00,3.194793e+00,3.030909e+00,3.082380e+00,2.546476e+00,4.303032e+00,3.591602e+00,3.549009e+00,3.092462e+00,2.883741e+00,4.685095e+00,4.877564e+00,4.520428e+00,4.143300e+00,4.205208e+00,4.310655e+00,4.831126e+00,5.052316e+00,4.977845e+00,4.935010e+00,2.748709e+00,3.997674e+00,4.740071e+00,4.946039e+00,4.902993e+00,4.651575e+00,4.287137e+00,4.917168e+00,4.580199e+00,4.898278e+00,4.389618e+00,4.793787e+00,4.873333e+00,4.697593e+00,4.625944e+00,4.361981e+00,4.814543e+00
4.512222e+00,4.549535e+00,4.933514e+00,4.683880e+00,4.454119e+00,4.858117e+00,4.817391e+00,4.905834e+00,4.741868e+00,4.840243e+00,4.848439e+00,4.477238e+00,4.455254e+00,4.705215e+00,4.613269e+00,4.858122e+00,4.827466e+00,3.327132e+00,4.025753e+00,3.337016e+00,3.333567e+00,3.592176e+00,3.399317e+00,3.797963e+00,4.501338e+00,3.257247e+00,2.608021e+00,2.872208e+00,4.582300e+00,3.325429e+00,3.690361e+00,2.444405e+00,4.452693e+00,9.064489e+00,4.630601e+00,1.032205e+01,3.618434e+00,2.728177e+00,4.028132e+00,3.065466e+00,2.536393e+00,3.942328e+00,4.957782e+00,4.076237e+00,3.071263e+00,4.594288e+00,3.220315e+00,7.110048e+00,9.112015e+00,6.710054e+00,3.873310e+00,3.648336e+00,4.744136e+00,2.661680e+00,9.533526e+00,2.699244e+00,2.984000e+00,3.507833e+00,3.065449e+00,5.422913e+00,3.036441e+00,4.473272e+00,2.869392e+00,4.275979e+00,3.373815e+00,4.034114e+00,3.445319e+00,3.072322e+00,2.864881e+00,2.723018e+00,4.155022e+00,2.566614e+00,7.356112e+00,3.492179e+00,2.430429e+00,4.857902e+00,4.330163e+00,2.742718e+00,3.410000e+00,4.368468e+00,3.844831e+00,4.768794e+00,4.192358e+00,4.641888e+00,2.630273e+00,2.609799e+00,4.920348e+00,4.325238e+00,4.715979e+00,4.485595e+00,5.057044e+00,3.846121e+00,4.159331e+00,4.612516e+00,4.572656e+00,4.361577e+00,4.861749e+00,4.807915e+00,4.561140e+00,4.930125e+00,4.857553e+00,4.953402e+00,4.513610e+00,4.860138e+00,4.911247e+00,4.872374e+00,4.598427e+00,4.708607e+00
4.847074e+00,4.550908e+00,4.860838e+00,4.770886e+00,5.041493e+00,4.561176e+00,5.026876e+00,4.574441e+00,4.524133e+00,4.525459e+00,4.909676e+00,4.932775e+00,4.819952e+00,4.635107e+00,4.748878e+00,4.619473e+00,4.960082e+00,4.622162e+00,4.351238e+00,3.594213e+00,4.681551e+00,2.516765e+00,3.450018e+00,4.124001e+00,4.787835e+00,4.793609e+00,4.817002e+00,4.864237e+00,3.166527e+00,4.022550e+00,3.473010e+00,2.864588e+00,3.158610e+00,2.976254e+00,2.607871e+00,4.367690e+00,4.173324e+00,2.362472e+00,2.713624e+00,2.743150e+00,2.628840e+00,7.610016e+00,3.531074e+00,3.039709e+00,4.829816e+00,3.129685e+00,3.036025e+00,2.710725e+00,4.322580e+00,4.084189e+00,3.376964e+00,3.394943e+00,4.762220e+00,2.688608e+00,2.965924e+00,4.465173e+00,3.326823e+00,2.638127e+00,9.298573e+00,5.849271e+00,4.312771e+00,7.145317e+00,3.551356e+00,2.846321e+00,2.563759e+00,2.748502e+00,2.931859e+00,4.938911e+00,3.106188e+00,2.821674e+00,2.903496e+00,2.422470e+00,2.585133e+00,3.715684e+00,3.058945e+00,2.526689e+00,3.240212e+00,4.063792e+00,4.051822e+00,3.893880e+00,4.636887e+00,4.545201e+00,4.849138e+00,4.648086e+00,4.829370e+00,5.122290e+00,2.535594e+00,4.382674e+00,4.558070e+00,4.755117e+00,4.935557e+00,4.868427e+00,3.241769e+00,4.591815e+00,4.515615e+00,5.025759e+00,4.969583e+00,4.761519e+00,4.856141e+00,4.949138e+00,4.274399e+00,5.046666e+00,4.809588e+00,4.722098e+00,4.673475e+00,4.796367e+00,4.689332e+00,4.711847e+00
4.846455e+00,4.544630e+00,5.053885e+00,5.070036e+00,4.428703e+00,4.787408e+00,4.853005e+00,4.421952e+00,4.845560e+00,4.842696e+00,5.038858e+00,4.319871e+00,4.698840e+00,4.665907e+00,4.981716e+00,4.606394e+00,4.915385e+00,3.288772e+00,2.802956e+00,4.373667e+00,3.616937e+00,4.824151e+00,3.290050e+00,4.956470e+00,4.761173e+00,3.871678e+00,4.636130e+00,4.912307e+00,4.601474e+00,3.671776e+00,2.830830e+00,2.736675e+00,2.910657e+00,6.637789e+00,4.066128e+00,3.617290e+00,3.452059e+00,6.027664e+00,3.626379e+00,3.330926e+00,2.987168e+00,9.532952e+00,3.218678e+00,2.819411e+00,8.462288e+00,4.429139e+00,5.493392e+00,4.466501e+00,6.148991e+00,2.666283e+00,6.994163e+00,2.582799e+00,2.636813e+00,3.231162e+00,2.740735e+00,3.073480e+00,3.622391e+00,2.613165e+00,2.329128e+00,3.481292e+00,5.449111e+00,3.485813e+00,5.307936e+00,3.396769e+00,3.251876e+00,3.254101e+00,4.371374e+00,4.349558e+00,3.015798e+00,8.857062e+00,4.432672e+00,3.299494e+00,3.130773e+00,3.128416e+00,7.741827e+00,2.777564e+00,3.244099e+00,4.242887e+00,3.083606e+00,4.733242e+00,4.723436e+00,4.849080e+00,4.754598e+00,4.581634e+00,4.771738e+00,4.960307e+00,3.925304e+00,3.593767e+00,4.599922e+00,4.739307e+00,5.020570e+00,4.746575e+00,4.463042e+00,2.941161e+00,4.905511e+00,4.784816e+00,4.773941e+00,4.886122e+00,4.934145e+00,4.837086e+00,4.886103e+00,4.793990e+00,4.853017e+00,4.876677e+00,4.954728e+00,4.426152e+00,4.871393e+00,4.918365e+00
4.879822e+00,4.924502e+00,4.807502e+00,4.513882e+00,4.774095e+00,4.902652e+00,4.788292e+00,4.982285e+00,4.889353e+00,4.979771e+00,4.997036e+00,4.261976e+00,4.509504e+00,4.475414e+00,4.911100e+00,4.939334e+00,2.957997e+00,4.692465e+00,4.498745e+00,4.612280e+00,2.914894e+00,4.559431e+00,4.752877e+00,4.966368e+00,3.763817e+00,4.859522e+00,4.459151e+00,4.635860e+00,4.771433e+00,3.735282e+00,3.348006e+00,2.888197e+00,2.762807e+00,2.417951e+00,8.359040e+00,3.377967e+00,2.628151e+00,5.289556e+00,3.392416e+00,3.265884e+00,3.065364e+00,3.401003e+00,8.536238e+00,2.505943e+00,2.407829e+00,3.421519e+00,4.199951e+00,2.847843e+00,4.580620e+00,2.984141e+00,3.935012e+00,3.340034e+00,3.352878e+00,3.167331e+00,3.134790e+00,2.879799e+00,4.575350e+00,3.805344e+00,3.359479e+00,5.762768e+00,2.885942e+00,3.638030e+00,3.004175e+00,7.268389e+00,3.549182e+00,3.079591e+00,6.130173e+00,2.874907e+00,4.654928e+00,3.923735e+00,2.773133e+00,2.768975e+00,3.540366e+00,2.971126e+00,4.822012e+00,4.879175e+00,4.484017e+00,2.616205e+00,3.809805e+00,4.664597e+00,4.333436e+00,4.770930e+00,4.683095e+00,4.928462e+00,4.756391e+00,2.911273e+00,3.505172e+00,3.844038e+00,3.034936e+00,3.871210e+00,4.533484e+00,4.530962e+00,4.718213e+00,7.167836e+00,3.452919e+00,4.754015e+00,4.915688e+00,4.953062e+00,4.799645e+00,4.842858e+00,4.799464e+00,4.819386e+00,4.871896e+00,4.819175e+00,4.682741e+00,4.923908e+00,4.578366e+00,5.009927e+00
4.659660e+00,4.394427e+00,4.631132e+00,4.828912e+00,4.847231e+00,4.713072e+00,4.930883e+00,4.819046e+00,4.325012e+00,4.099230e+00,4.173930e+00,5.066439e+00,4.684212e+00,4.857038e+00,4.832339e+00,3.470385e+00,2.832813e+00,3.586250e+00,3.125729e+00,5.754964e+00,5.130591e+00,4.344864e+00,4.719823e+00,2.897472e+00,3.550612e+00,3.984015e+00,4.531983e+00,4.849240e+00,3.199861e+00,4.688634e+00,6.040106e+00,2.812148e+00,2.906592e+00,5.546311e+00,7.530405e+00,3.340388e+00,2.855122e+00,3.236190e+00,3.237238e+00,3.086222e+00,4.737983e+00,3.738633e+00,2.425513e+00,3.261607e+00,2.947290e+00,3.308027e+00,3.018960e+00,6.857508e+00,4.659030e+00,2.884854e+00,3.344645e+00,3.524226e+00,4.986483e+00,3.690288e+00,8.852452e+00,7.551965e+00,9.781409e+00,3.180509e+00,3.202969e+00,5.773443e+00,2.867887e+00,3.120897e+00,4.525682e+00,4.581074e+00,2.820258e+00,2.979148e+00,3.240790e+00,3.789283e+00,4.708770e+00,2.671158e+00,2.713545e+00,4.026585e+00,4.311969e+00,3.232371e+00,4.968741e+00,4.867749e+00,3.092120e+00,4.253126e+00,4.903024e+00,4.299011e+00,4.881319e+00,4.747264e+00,4.833994e+00,4.866924e+00,4.857897e+00,4.141844e+00,2.344183e+00,4.321872e+00,3.888581e+00,4.421262e+00,4.399079e+00,4.691181e+00,4.844468e+00,4.561117e+00,3.575133e+00,4.872352e+00,4.935181e+00,4.449917e+00,5.068680e+00,4.022465e+00,4.809175e+00,4.783572e+00,4.522372e+00,4.484488e+00,4.933480e+00,4.615614e+00,4.814056e+00,4.725229e+00
4.931225e+00,4.824278e+00,4.734513e+00,4.735146e+00,4.914074e+00,4.397597e+00,4.901300e+00,4.714744e+00,4.792152e+00,4.676921e+00,3.359122e+00,4.801651e+00,4.800730e+00,4.699240e+00,4.682932e+00,4.377339e+00,3.139673e+00,3.281463e+00,5.397658e+00,2.667580e+00,3.156607e+00,4.708466e+00,4.642743e+00,2.766739e+00,3.269615e+00,4.560941e+00,4.755436e+00,3.124261e+00,4.800223e+00,3.047264e+00,5.301948e+00,3.090845e+00,6.050258e+00,3.414334e+00,3.088725e+00,3.454286e+00,3.698125e+00,3.951999e+00,5.350476e+00,2.531261e+00,3.616379e+00,2.678275e+00,3.787590e+00,5.430771e+00,3.299295e+00,3.549268e+00,3.695605e+00,2.775618e+00,3.071658e+00,6.741460e+00,3.270909e+00,1.014723e+01,2.539671e+00,2.726379e+00,3.222837e+00,2.617334e+00,2.345565e+00,2.693688e+00,2.931622e+00,4.471978e+00,4.994271e+00,4.961644e+00,4.631629e+00,2.908289e+00,2.875064e+00,2.783780e+00,4.163874e+00,3.468949e+00,3.997442e+00,4.604944e+00,3.370507e+00,4.393619e+00,3.253021e+00,3.334271e+00,3.503102e+00,4.360888e+00,4.822526e+00,4.795667e+00,4.947646e+00,4.342320e+00,4.938383e+00,4.656588e+00,2.521592e+00,4.725912e+00,4.830413e+00,2.942385e+00,4.132324e+00,3.059003e+00,4.035572e+00,4.597264e+00,4.843085e+00,5.015352e+00,4.999205e+00,4.475066e+00,3.669006e+00,2.753859e+00,4.939401e+00,4.846636e+00,4.764218e+00,4.587288e+00,4.790689e+00,4.913517e+00,4.966342e+00,4.604680e+00,4.710613e+00,4.939390e+00,4.942178e+00,4.668287e+00
5.082786e+00,4.856522e+00,4.835766e+00,4.678416e+00,4.464868e+00,4.857689e+00,4.527464e+00,4.954712e+00,5.038206e+00,4.631495e+00,4.452210e+00,5.084141e+00,4.799193e+00,4.476283e+00,4.551322e+00,3.296685e+00,3.803082e+00,3.931839e+00,8.184987e+00,4.735940e+00,4.897749e+00,4.752640e+00,3.079907e+00,2.343466e+00,4.585884e+00,2.500383e+00,7.236284e+00,2.528642e+00,4.930620e+00,3.396860e+00,2.583698e+00,6.571882e+00,3.878147e+00,3.607131e+00,3.259251e+00,5.273488e+00,9.599670e+00,2.852414e+00,3.113149e+00,6.466448e+00,3.306752e+00,2.489451e+00,3.367333e+00,9.181174e+00,3.638221e+00,3.472434e+00,5.476082e+00,2.816893e+00,2.487289e+00,3.435716e+00,2.646344e+00,6.096864e+00,6.164725e+00,6.084310e+00,4.661850e+00,5.031825e+00,4.852703e+00,4.808763e+00,4.529230e+00,4.641877e+00,4.615741e+00,4.889077e+00,4.962756e+00,4.716377e+00,5.068998e+00,4.874023e+00,4.460098e+00,4.108032e+00,4.016503e+00,3.568506e+00,3.230315e+00,2.590125e+00,3.100395e+00,3.177513e+00,2.579794e+00,3.793407e+00,3.079745e+00,3.887345e+00,4.056224e+00,4.964839e+00,4.550659e+00,4.941284e+00,4.800001e+00,4.769387e+00,4.459990e+00,2.983430e+00,3.734890e+00,4.659709e+00,2.919349e+00,4.157489e+00,4.734624e+00,4.479872e+00,4.911480e+00,4.655457e+00,4.922925e+00,2.895471e+00,4.491972e+00,3.646989e+00,4.568915e+00,4.755568e+00,4.776339e+00,4.632189e+00,4.816231e+00,4.547213e+00,4.715408e+00,4.768744e+00,4.372164e+00,4.884509e+00
4.743502e+00,4.703540e+00,4.737973e+00,4.434648e+00,4.671563e+00,4.737621e+00,4.773039e+00,4.578889e+00,4.841975e+00,4.634316e+00,4.870560e+00,4.354311e+00,4.725652e+00,4.932560e+00,4.632231e+00,4.433198e+00,4.240505e+00,3.479269e+00,3.076763e+00,3.396224e+00,4.549642e+00,4.520027e+00,2.611823e+00,2.783826e+00,5.341031e+00,7.937460e+00,3.239441e+00,4.063464e+00,4.631204e+00,4.514508e+00,2.964782e+00,2.999511e+00,3.260491e+00,9.097738e+00,2.371568e+00,7.896945e+00,2.929063e+00,4.016792e+00,3.773416e+00,3.373870e+00,4.167215e+00,3.935681e+00,8.128757e+00,6.755818e+00,2.728026e+00,3.273715e+00,2.397836e+00,3.545516e+00,2.687179e+00,3.316437e+00,7.591816e+00,3.309222e+00,4.747599e+00,4.860284e+00,4.807177e+00,4.497336e+00,4.736510e+00,4.905222e+00,4.515091e+00,4.658558e+00,4.633575e+00,4.779770e+00,4.791322e+00,4.792928e+00,4.596567e+00,4.433439e+00,4.715853e+00,4.731673e+00,4.320336e+00,2.516932e+00,4.279955e+00,2.480553e+00,2.858434e+00,2.787069e+00,2.562139e+00,3.296179e+00,3.106742e+00,4.240517e+00,3.147323e+00,4.794290e+00,4.796912e+00,4.688130e+00,2.700280e+00,2.902468e+00,5.336476e+00,3.815354e+00,3.218401e+00,3.117944e+00,3.394431e+00,2.893497e+00,3.258665e+00,4.455510e+00,4.557114e+00,4.880229e+00,4.770411e+00,3.011445e+00,3.052334e+00,4.652610e+00,4.694681e+00,4.754824e+00,4.968306e+00,4.886314e+00,4.792782e+00,4.831071e+00,4.921385e+00,4.902219e+00,4.238957e+00,4.482713e+00
3.915162e+00,4.476372e+00,4.694989e+00,4.656773e+00,4.592958e+00,4.674439e+00,4.552664e+00,4.758307e+00,4.441757e+00,4.813928e+00,4.981506e+00,4.583784e+00,4.660142e+00,4.670331e+00,2.442266e+00,4.352148e+00,4.455999e+00,2.901846e+00,2.472581e+00,4.485851e+00,4.906925e+00,4.549235e+00,2.889250e+00,3.872819e+00,2.744852e+00,3.135875e+00,2.896877e+00,3.451857e+00,4.373861e+00,4.767869e+00,4.920610e+00,4.456439e+00,2.847387e+00,3.554780e+00,2.912253e+00,2.739330e+00,3.382861e+00,4.567619e+00,2.886631e+00,3.086049e+00,3.384530e+00,3.531288e+00,2.499231e+00,3.115712e+00,3.081849e+00,3.116422e+00,3.661618e+00,3.265879e+00,5.211297e+00,4.594637e+00,4.547498e+00,4.822532e+00,4.650997e+00,4.390215e+00,4.770895e+00,4.772972e+00,4.962221e+00,4.659429e+00,4.739085e+00,4.586273e+00,3.872174e+00,4.678154e+00,4.538970e+00,4.074708e+00,4.850911e+00,4.755385e+00,4.589250e+00,4.021307e+00,4.455366e+00,4.707436e+00,4.608711e+00,3.100849e+00,2.474603e+00,4.135864e+00,2.741741e+00,4.083608e+00,4.589967e+00,4.554907e+00,4.564431e+00,4.519975e+00,4.578541e+00,3.691513e+00,3.590111e+00,2.349402e+00,3.231444e+00,3.995504e+00,2.378886e+00,4.718699e+00,3.054082e+00,3.039099e+00,4.536150e+00,3.103653e+00,4.832433e+00,4.759591e+00,4.846881e+00,4.787069e+00,2.788034e+00,4.643414e+00,4.917240e+00,4.097591e+00,4.849954e+00,4.540931e+00,4.875670e+00,4.847885e+00,4.974917e+00,4.374360e+00,5.032350e+00,4.892080e+00
4.983767e+00,4.927193e+00,4.390428e+00,4.731007e+00,4.580603e+00,4.733796e+00,4.833164e+00,4.852579e+00,4.360686e+00,4.677932e+00,4.909945e+00,4.333254e+00,4.830472e+00,3.507276e+00,3.745330e+00,2.853628e+00,3.559108e+00,3.246728e+00,4.383548e+00,4.316215e+00,3.898874e+00,3.638442e+00,3.882871e+00,2.936665e+00,3.453937e+00,3.048616e+00,6.717878e+00,3.300363e+00,4.135897e+00,4.382845e+00,4.561052e+00,3.359735e+00,3.032909e+00,2.539145e+00,3.030695e+00,4.028531e+00,5.103516e+00,9.688744e+00,5.377727e+00,2.787928e+00,5.730699e+00,3.306941e+00,4.345908e+00,3.620347e+00,3.224865e+00,3.050083e+00,2.610231e+00,3.591327e+00,4.121460e+00,4.778635e+00,4.688273e+00,4.285503e+00,4.627795e+00,4.125958e+00,4.782652e+00,4.412747e+00,4.498868e+00,4.698523e+00,4.312811e+00,4.667513e+00,3.649543e+00,4.769328e+00,4.060262e+00,4.401554e+00,4.690476e+00,4.818199e+00,4.809774e+00,4.523555e+00,4.575952e+00,2.982756e+00,4.460310e+00,4.674611e+00,3.283506e+00,2.504066e+00,3.874675e+00,3.270674e+00,4.998220e+00,3.030379e+00,4.236378e+00,4.721087e+00,4.844486e+00,3.148500e+00,2.864255e+00,2.963820e+00,4.571271e+00,4.476352e+00,2.728148e+00,3.235719e+00,3.682421e+00,3.917392e+00,4.474343e+00,4.092164e+00,4.767613e+00,3.985276e+00,4.913893e+00,5.095761e+00,3.756996e+00,3.331328e+00,4.449577e+00,4.943494e+00,4.923246e+00,4.768349e+00,4.833219e+00,4.770187e+00,4.791029e+00,4.629548e+00,4.739148e+00,4.825325e+00
5.059035e+00,4.502376e+00,4.936351e+00,4.569212e+00,5.058896e+00,4.780952e+00,4.873105e+00,4.643732e+00,4.326393e+00,5.003885e+00,4.660607e+00,4.105288e+00,4.604554e+00,3.744051e+00,3.755198e+00,2.785031e+00,4.354938e+00,3.746268e+00,4.836340e+00,4.682159e+00,2.945396e+00,3.819391e+00,4.253325e+00,2.996178e+00,3.559986e+00,3.025893e+00,3.497583e+00,2.925728e+00,4.419086e+00,4.875529e+00,4.882059e+00,4.873704e+00,4.682002e+00,3.798576e+00,3.242664e+00,2.744199e+00,3.683805e+00,4.247102e+00,8.493028e+00,4.068214e+00,2.833536e+00,3.189852e+00,2.888534e+00,3.463794e+00,4.791074e+00,3.486163e+00,2.464134e+00,4.961391e+00,4.763380e+00,4.595810e+00,4.705350e+00,4.608721e+00,3.464722e+00,4.229259e+00,4.605042e+00,4.690196e+00,3.617335e+00,4.591040e+00,3.831601e+00,4.807701e+00,4.677089e+00,4.859628e+00,4.628566e+00,4.187709e+00,2.923657e+00,2.976940e+00,4.464298e+00,2.995384e+00,4.424431e+00,3.611458e+00,4.786044e+00,4.740708e+00,4.784721e+00,4.846321e+00,2.751264e+00,3.116605e+00,2.838528e+00,2.789028e+00,4.559989e+00,3.844846e+00,3.686393e+00,3.462419e+00,4.383386e+00,3.401978e+00,7.466235e+00,2.906962e+00,2.963625e+00,3.807404e+00,2.580591e+00,3.174096e+00,3.675122e+00,3.335702e+00,3.411875e+00,4.198278e+00,4.880496e+00,4.948387e+00,3.900023e+00,4.599417e+00,4.431248e+00,4.880750e+00,4.782508e+00,4.823873e+00,4.858028e+00,4.549976e+00,4.739073e+00,4.499944e+00,4.850539e+00,4.733434e+00
4.933062e+00,4.759332e+00,4.671245e+00,4.910260e+00,4.999529e+00,4.941965e+00,4.721810e+00,4.557692e+00,4.698674e+00,4.623686e+00,4.807206e+00,4.738226e+00,4.194689e+00,3.926555e+00,4.462532e+00,4.261086e+00,3.479980e+00,4.165783e+00,4.783283e+00,4.917593e+00,3.196070e+00,8.344995e+00,4.832659e+00,3.565864e+00,3.150350e+00,3.550238e+00,8.538801e+00,4.552241e+00,4.278036e+00,4.760010e+00,3.541945e+00,4.819565e+00,5.006137e+00,4.407262e+00,4.835117e+00,4.680973e+00,4.762566e+00,4.615025e+00,3.783391e+00,5.244988e+00,3.258258e+00,3.283807e+00,3.427816e+00,3.343795e+00,3.053338e+00,4.216571e+00,4.876743e+00,4.449140e+00,4.711953e+00,5.061397e+00,4.917528e+00,4.067450e+00,3.707759e+00,4.089942e+00,4.248627e+00,2.803525e+00,4.402841e+00,3.070282e+00,3.901230e+00,2.415670e+00,3.582103e+00,4.103598e+00,2.746215e+00,4.153046e+00,4.419247e+00,2.539739e+00,4.279682e+00,3.929602e+00,4.753340e+00,3.113271e+00,4.142914e+00,4.522864e+00,4.730556e+00,4.813736e+00,3.670317e+00,4.045770e+00,2.811863e+00,4.083401e+00,4.528541e+00,4.522926e+00,3.322289e+00,3.100173e+00,7.075449e+00,3.307416e+00,3.897155e+00,4.478962e+00,3.212406e+00,4.093158e+00,4.042127e+00,4.398561e+00,4.730654e+00,4.029323e+00,4.705267e+00,4.149591e+00,4.544120e+00,4.388262e+00,4.685909e+00,3.668264e+00,4.284047e+00,4.814078e+00,4.584603e+00,4.841441e+00,4.730930e+00,4.646952e+00,4.810980e+00,4.520463e+00,4.718137e+00,4.664231e+00
4.426844e+00,4.996774e+00,4.552565e+00,4.473828e+00,4.680017e+00,4.816444e+00,4.296541e+00,4.804166e+00,4.783358e+00,4.361675e+00,3.981718e+00,4.351033e+00,4.160636e+00,4.613012e+00,4.172488e+00,3.369578e+00,3.644664e+00,4.639050e+00,4.891533e+00,4.876847e+00,4.093510e+00,4.434314e+00,4.374117e+00,2.597907e+00,2.655775e+00,4.092455e+00,3.976230e+00,4.098647e+00,4.873892e+00,4.715855e+00,4.917096e+00,3.958438e+00,3.771651e+00,4.432429e+00,3.800704e+00,4.535777e+00,4.453856e+00,4.659786e+00,3.795591e+00,4.810375e+00,4.605345e+00,4.208455e+00,2.827775e+00,4.718807e+00,4.816077e+00,4.986630e+00,4.454327e+00,4.847433e+00,4.747202e+00,4.785805e+00,4.272823e+00,3.125257e+00,2.846667e+00,4.228152e+00,2.832317e+00,3.828453e+00,4.492607e+00,4.546533e+00,3.770728e+00,3.295146e+00,3.611545e+00,3.139391e+00,6.166224e+00,2.901634e+00,2.938198e+00,8.886169e+00,4.655465e+00,3.231076e+00,3.080108e+00,3.726215e+00,3.108479e+00,3.812964e+00,4.817975e+00,4.700732e+00,5.061314e+00,3.635442e+00,2.526909e+00,3.067877e+00,3.204588e+00,3.490227e+00,4.774912e+00,2.628739e+00,8.233803e+00,2.814323e+00,2.849652e+00,4.306194e+00,2.922933e+00,4.557710e+00,4.053771e+00,2.479974e+00,4.598357e+00,4.670602e+00,2.801004e+00,2.597386e+00,4.759998e+00,4.935575e+00,4.596963e+00,4.508526e+00,2.691457e+00,4.673632e+00,4.789874e+00,4.914914e+00,4.804938e+00,4.625966e+00,4.675206e+00,4.987730e+00,4.853024e+00,4.760824e+00
4.782922e+00,4.883789e+00,4.537201e+00,4.949738e+00,4.631136e+00,4.891229e+00,4.549757e+00,4.577812e+00,4.841989e+00,4.758850e+00,3.915034e+00,2.920892e+00,4.358748e+00,3.978712e+00,3.176273e+00,2.855420e+00,3.831274e+00,4.649034e+00,4.729005e+00,4.890168e+00,4.343745e+00,3.065247e+00,4.702807e+00,2.714458e+00,2.866808e+00,5.270086e+00,3.516145e+00,4.745224e+00,4.736159e+00,4.750187e+00,4.618587e+00,4.148915e+00,3.478352e+00,4.040780e+00,3.345440e+00,2.964254e+00,4.957779e+00,4.867912e+00,2.991821e+00,4.743649e+00,4.413865e+00,4.551003e+00,4.810971e+00,4.690841e+00,4.588707e+00,4.847767e+00,3.262078e+00,4.770823e+00,4.812910e+00,4.425981e+00,2.947266e+00,3.090844e+00,8.903096e+00,3.725347e+00,2.593271e+00,3.809648e+00,2.902940e+00,3.687197e+00,3.626274e+00,4.060069e+00,3.181162e+00,3.151097e+00,2.996365e+00,5.678629e+00,4.737346e+00,4.794949e+00,3.074308e+00,3.473404e+00,4.781414e+00,3.172647e+00,3.382563e+00,2.679853e+00,4.065347e+00,2.888179e+00,4.131975e+00,4.864084e+00,3.500699e+00,2.634312e+00,2.713080e+00,3.384751e+00,2.879400e+00,3.519323e+00,4.022510e+00,4.348919e+00,3.117141e+00,4.060529e+00,3.024340e+00,3.555713e+00,4.437814e+00,4.653604e+00,4.673360e+00,4.733955e+00,3.519081e+00,4.578317e+00,3.832768e+00,4.609563e+00,4.516783e+00,4.809192e+00,2.577195e+00,4.146813e+00,4.689039e+00,4.801867e+00,4.698957e+00,4.641946e+00,4.722153e+00,4.737826e+00,4.882635e+00,4.918223e+00
4.837156e+00,4.791766e+00,5.029392e+00,4.625464e+00,4.998502e+00,4.916868e+00,4.600597e+00,4.753547e+00,4.829711e+00,4.800100e+00,4.699494e+00,3.283881e+00,2.663348e+00,3.286965e+00,5.455517e+00,3.001758e+00,4.936851e+00,4.744750e+00,4.318736e+00,2.789291e+00,3.665937e+00,3.033047e+00,2.687706e+00,4.301625e+00,3.589683e+00,4.081036e+00,4.917200e+00,4.222043e+00,4.403834e+00,4.867359e+00,3.364388e+00,3.024839e+00,4.367870e+00,3.445921e+00,4.540614e+00,4.005220e+00,2.813918e+00,4.119512e+00,4.808631e+00,3.806444e+00,7.096267e+00,2.974305e+00,4.479255e+00,4.579402e+00,4.525336e+00,4.349447e+00,2.656995e+00,4.402083e+00,3.711054e+00,3.134860e+00,5.341284e+00,3.290642e+00,4.159422e+00,3.412149e+00,4.178468e+00,4.783920e+00,4.821343e+00,3.199476e+00,4.777665e+00,4.510656e+00,4.552505e+00,2.859407e+00,5.174296e+00,7.270823e+00,4.266281e+00,3.181913e+00,3.817976e+00,2.818276e+00,3.138951e+00,6.941777e+00,3.937799e+00,3.396666e+00,3.572342e+00,3.469756e+00,8.143693e+00,4.755538e+00,2.920773e+00,3.310534e+00,3.001310e+00,2.874709e+00,4.891575e+00,4.266672e+00,3.173527e+00,2.420704e+00,4.275852e+00,4.555534e+00,4.309073e+00,4.133742e+00,4.907490e+00,4.959140e+00,4.369589e+00,4.927393e+00,4.355960e+00,3.496623e+00,4.063218e+00,4.784363e+00,4.858622e+00,4.486894e+00,3.829830e+00,4.427924e+00,4.963198e+00,4.406979e+00,4.625907e+00,4.995055e+00,4.858405e+00,4.464195e+00,4.820813e+00,4.351581e+00
4.836132e+00,4.768254e+00,5.016227e+00,4.696122e+00,4.516048e+00,3.169726e+00,4.778690e+00,4.911527e+00,4.916827e+00,4.908515e+00,4.156050e+00,2.663045e+00,4.770210e+00,4.405144e+00,3.456085e+00,2.609881e+00,4.795490e+00,4.814344e+00,2.671414e+00,2.387736e+00,4.314437e+00,3.715623e+00,3.357331e+00,3.216628e+00,3.566319e+00,3.880067e+00,4.771380e+00,4.712362e+00,4.495797e+00,4.764308e+00,2.956234e+00,4.322135e+00,2.856153e+00,2.954550e+00,3.225370e+00,2.354767e+00,4.221747e+00,4.263690e+00,3.982399e+00,4.664441e+00,3.374568e+00,4.578186e+00,3.113189e+00,3.624712e+00,4.685856e+00,3.410864e+00,4.525173e+00,4.303640e+00,4.224801e+00,2.693707e+00,3.781665e+00,3.352352e+00,4.709579e+00,4.902228e+00,2.875361e+00,4.323629e+00,4.966593e+00,4.679757e+00,4.907511e+00,3.800830e+00,4.912781e+00,3.519973e+00,3.079086e+00,2.678718e+00,2.984653e+00,4.183843e+00,2.697098e+00,4.303645e+00,3.015297e+00,4.598424e+00,3.073714e+00,3.458662e+00,3.290679e+00,4.781585e+00,4.319612e+00,3.246948e+00,4.894462e+00,5.762527e+00,3.455183e+00,2.376553e+00,4.069000e+00,4.528376e+00,4.770132e+00,4.903545e+00,4.872650e+00,4.869860e+00,4.875608e+00,4.814324e+00,4.678695e+00,4.034713e+00,4.986445e+00,4.727250e+00,4.220725e+00,2.916581e+00,4.010085e+00,4.740387e+00,4.979276e+00,4.736972e+00,3.883006e+00,2.911664e+00,4.596408e+00,4.896032e+00,4.933753e+00,4.204845e+00,4.726983e+00,5.088278e+00,4.829181e+00,4.622018e+00
5.035087e+00,4.907180e+00,4.648144e+00,4.814075e+00,4.725090e+00,4.704643e+00,4.360336e+00,4.882021e+00,4.684246e+00,4.413551e+00,4.575215e+00,3.836419e+00,4.500699e+00,4.056897e+00,2.893787e+00,3.304653e+00,4.675746e+00,4.865201e+00,3.704136e+00,2.652944e+00,2.912654e+00,3.080474e+00,2.831037e+00,4.694844e+00,3.426974e+00,4.825629e+00,4.998027e+00,4.481701e+00,4.854122e+00,2.988995e+00,2.436661e+00,3.985843e+00,4.417024e+00,5.062842e+00,2.699708e+00,3.278489e+00,3.873704e+00,3.191809e+00,4.655260e+00,3.128623e+00,4.615966e+00,4.486256e+00,4.757804e+00,3.819146e+00,4.014855e+00,3.104456e+00,3.157109e+00,4.156431e+00,2.539965e+00,3.105584e+00,3.618587e+00,4.911750e+00,4.390619e+00,4.930199e+00,2.593464e+00,2.903886e+00,2.941300e+00,4.541034e+00,4.808632e+00,4.493430e+00,4.092384e+00,4.822222e+00,3.328194e+00,2.960933e+00,4.874851e+00,3.186035e+00,3.167378e+00,3.157848e+00,4.017165e+00,3.449347e+00,3.963236e+00,4.478144e+00,2.922621e+00,4.573562e+00,3.466906e+00,4.723325e+00,4.802308e+00,2.605906e+00,3.748881e+00,3.846898e+00,2.377818e+00,4.443896e+00,4.886396e+00,4.562840e+00,4.811184e+00,4.913731e+00,4.756691e+00,5.014744e+00,4.574115e+00,4.771913e+00,4.939502e+00,4.816837e+00,4.330720e+00,3.557917e+00,4.530268e+00,4.659305e+00,4.959527e+00,4.860873e+00,3.983593e+00,3.257068e+00,4.183861e+00,4.819380e+00,4.371149e+00,4.960837e+00,4.331629e+00,5.061954e+00,4.912652e+00,4.541975e+00
4.832084e+00,4.375762e+00,5.073609e+00,4.776133e+00,4.705976e+00,4.396893e+00,4.219392e+00,4.803243e+00,4.970995e+00,4.082400e+00,4.705901e+00,4.522469e+00,4.358251e+00,3.705095e+00,3.002825e+00,4.879954e+00,4.926586e+00,3.036460e+00,3.950909e+00,3.033317e+00,3.215987e+00,4.659827e+00,3.487884e+00,3.751523e+00,4.302489e+00,4.860847e+00,4.526458e+00,4.913784e+00,3.209550e+00,4.437072e+00,3.422584e+00,3.411504e+00,2.866116e+00,3.486662e+00,4.365224e+00,4.535282e+00,4.420870e+00,2.120402e+00,4.975201e+00,4.124988e+00,3.382306e+00,4.615551e+00,3.455065e+00,3.348296e+00,3.768882e+00,4.098879e+00,3.762508e+00,8.983864e+00,3.357866e+00,4.003300e+00,4.617756e+00,4.619146e+00,4.850912e+00,4.833365e+00,4.748163e+00,4.919214e+00,4.733944e+00,4.448396e+00,4.539563e+00,4.804210e+00,4.483587e+00,4.007189e+00,4.960303e+00,3.275650e+00,4.233397e+00,3.002782e+00,3.018328e+00,2.588948e+00,2.321103e+00,3.767420e+00,4.844800e+00,4.408420e+00,4.529272e+00,3.855566e+00,4.318403e+00,3.554952e+00,3.321526e+00,4.430937e+00,3.750711e+00,3.032477e+00,4.639259e+00,4.588522e+00,4.066968e+00,4.824067e+00,3.647671e+00,4.845753e+00,3.376193e+00,4.792636e+00,2.744386e+00,4.238281e+00,4.711905e+00,4.851606e+00,4.851052e+00,4.682706e+00,3.377100e+00,4.533863e+00,4.784993e+00,4.788925e+00,4.836646e+00,2.758969e+00,4.558741e+00,4.758114e+00,4.907581e+00,4.834864e+00,4.890885e+00,4.466592e+00,4.138070e+00,4.569320e+00
4.827592e+00,4.732805e+00,4.891619e+00,4.510362e+00,4.912539e+00,4.839484e+00,4.794330e+00,4.927922e+00,4.236293e+00,4.254197e+00,4.615530e+00,3.850273e+00,4.563464e+00,3.318562e+00,4.333876e+00,5.005187e+00,4.816888e+00,4.457323e+00,2.722274e+00,2.954405e+00,2.508437e+00,9.245848e+00,3.075224e+00,3.690491e+00,4.550825e+00,4.232188e+00,4.561281e+00,4.446662e+00,3.237709e+00,3.732093e+00,3.147414e+00,2.644719e+00,4.288359e+00,4.684286e+00,4.652718e+00,4.631101e+00,3.138041e+00,4.692509e+00,3.375676e+00,2.813387e+00,3.845312e+00,3.326340e+00,2.703629e+00,2.742723e+00,3.034508e+00,5.116388e+00,2.729746e+00,2.496979e+00,4.805157e+00,3.462913e+00,4.591031e+00,3.383241e+00,3.661360e+00,4.490272e+00,4.401763e+00,4.361347e+00,4.956518e+00,4.742491e+00,4.001192e+00,4.577775e+00,4.450939e+00,4.335334e+00,4.928491e+00,4.743490e+00,4.497638e+00,2.571363e+00,2.613055e+00,4.310531e+00,3.736052e+00,2.252070e+00,2.673560e+00,3.934683e+00,3.181423e+00,2.775328e+00,3.065805e+00,4.574463e+00,6.885856e+00,4.710435e+00,2.849739e+00,2.559135e+00,5.191820e+00,4.621614e+00,3.985071e+00,4.691102e+00,4.684806e+00,4.890650e+00,4.161900e+00,4.909511e+00,4.363084e+00,4.751411e+00,3.241867e+00,4.759753e+00,4.800471e+00,4.403078e+00,4.538059e+00,4.526601e+00,4.431844e+00,4.780132e+00,4.873181e+00,3.061795e+00,4.443967e+00,4.792628e+00,4.363905e+00,4.952625e+00,4.650325e+00,4.896947e+00,4.999530e+00,4.781608e+00
4.824439e+00,4.783991e+00,4.557342e+00,4.586135e+00,4.865617e+00,4.795963e+00,4.909172e+00,5.007216e+00,4.841004e+00,4.550271e+00,4.165377e+00,4.597559e+00,3.184860e+00,3.976525e+00,3.058776e+00,4.680072e+00,4.968746e+00,4.458383e+00,4.342310e+00,3.700896e+00,6.459208e+00,3.672940e+00,3.157310e+00,2.844942e+00,4.817403e+00,4.815201e+00,4.795978e+00,3.841973e+00,4.106046e+00,3.392459e+00,4.499081e+00,4.006299e+00,3.036811e+00,2.400501e+00,3.415548e+00,4.529842e+00,3.947009e+00,4.790427e+00,4.870692e+00,2.958634e+00,3.224667e+00,3.717334e+00,3.234698e+00,3.131986e+00,2.575844e+00,2.929411e+00,3.416957e+00,4.779441e+00,4.805236e+00,4.053618e+00,4.542559e+00,4.435985e+00,3.002388e+00,4.765040e+00,4.360683e+00,4.309475e+00,4.420031e+00,3.941542e+00,4.802648e+00,4.772236e+00,4.911721e+00,4.278341e+00,4.859919e+00,3.118674e+00,4.410557e+00,3.325668e+00,2.564521e+00,2.458563e+00,2.948718e+00,5.143994e+00,3.393073e+00,2.809967e+00,3.941399e+00,2.885204e+00,4.592324e+00,4.281436e+00,2.851779e+00,4.133302e+00,3.827927e+00,3.620594e+00,3.021712e+00,3.215530e+00,2.539101e+00,4.327110e+00,4.565064e+00,4.779242e+00,4.840182e+00,4.452508e+00,4.783905e+00,4.613852e+00,5.020503e+00,3.139842e+00,4.622101e+00,2.947076e+00,3.883784e+00,3.219915e+00,4.572515e+00,4.701731e+00,4.773077e+00,3.910503e+00,4.522726e+00,4.951488e+00,4.873019e+00,4.922138e+00,4.556268e+00,4.816477e+00,4.866212e+00,4.688704e+00
4.538385e+00,4.253678e+00,4.876940e+00,4.988914e+00,4.498027e+00,4.731894e+00,4.981449e+00,4.775668e+00,4.653708e+00,4.855914e+00,4.365082e+00,4.240154e+00,2.860131e+00,3.781316e+00,3.915603e+00,4.636493e+00,3.952775e+00,3.228446e+00,4.820915e+00,3.072600e+00,3.563096e+00,5.552153e+00,4.544802e+00,4.611759e+00,4.627221e+00,4.802559e+00,3.836884e+00,4.257795e+00,3.143260e+00,2.851103e+00,4.717478e+00,3.197379e+00,3.668998e+00,3.748096e+00,4.387684e+00,3.797096e+00,4.549005e+00,3.421294e+00,3.772381e+00,4.625591e+00,3.337179e+00,4.068033e+00,4.602573e+00,4.601178e+00,4.357389e+00,4.709948e+00,4.051456e+00,4.739016e+00,4.929658e+00,4.479577e+00,4.723686e+00,2.877467e+00,4.004173e+00,4.372753e+00,3.135721e+00,4.934137e+00,4.847493e+00,4.776727e+00,4.780965e+00,2.759846e+00,2.324072e+00,4.725933e+00,4.398964e+00,4.724396e+00,4.232228e+00,2.869075e+00,2.593509e+00,2.903432e+00,3.208937e+00,2.652065e+00,2.713047e+00,4.280991e+00,3.013630e+00,2.391137e+00,2.999706e+00,4.469035e+00,3.408142e+00,3.048669e+00,4.865780e+00,3.141889e+00,3.168804e+00,4.420609e+00,2.669348e+00,4.597581e+00,2.668252e+00,4.727300e+00,4.600412e+00,4.483886e+00,4.229678e+00,4.860203e+00,2.790691e+00,4.026914e+00,4.414392e+00,2.669150e+00,3.996788e+00,4.061844e+00,4.925633e+00,4.747925e+00,4.769227e+00,3.408750e+00,4.731002e+00,4.937490e+00,4.851582e+00,4.390461e+00,4.460819e+00,4.904285e+00,4.907330e+00,4.805353e+00
4.950866e+00,4.869336e+00,4.985889e+00,4.665189e+00,4.646477e+00,4.667818e+00,5.110354e+00,4.504630e+00,4.639008e+00,3.659962e+00,4.260110e+00,4.593721e+00,2.834076e+00,9.030805e+00,4.453263e+00,4.380061e+00,4.043031e+00,4.757891e+00,4.951269e+00,2.931864e+00,3.486674e+00,3.074937e+00,4.586405e+00,4.523987e+00,4.015888e+00,4.951161e+00,7.077005e+00,4.046788e+00,3.419780e+00,4.316720e+00,4.146404e+00,2.526990e+00,2.525857e+00,4.077247e+00,4.817487e+00,4.570290e+00,4.712913e+00,3.257510e+00,4.076893e+00,4.482443e+00,4.643741e+00,4.932147e+00,4.124986e+00,4.541200e+00,3.184708e+00,3.404120e+00,5.081264e+00,4.935755e+00,4.260259e+00,4.649060e+00,4.771741e+00,2.757240e+00,3.645706e+00,4.752639e+00,4.632373e+00,4.939575e+00,4.569785e+00,4.892403e+00,4.981810e+00,4.381606e+00,3.052069e+00,3.822683e+00,4.889190e+00,3.599120e+00,4.544958e+00,3.016016e+00,2.679442e+00,2.927909e+00,3.370750e+00,2.404440e+00,5.210338e+00,5.604798e+00,2.960980e+00,3.463788e+00,2.914472e+00,2.907478e+00,4.481250e+00,3.803603e+00,4.961395e+00,4.528037e+00,2.636129e+00,4.729382e+00,3.832241e+00,2.451639e+00,4.869118e+00,4.307198e+00,4.561127e+00,4.864154e+00,4.939303e+00,5.078505e+00,4.584493e+00,4.680723e+00,3.208646e+00,2.656945e+00,4.018757e+00,3.750712e+00,4.879646e+00,4.834264e+00,4.776648e+00,2.710918e+00,3.315422e+00,4.155820e+00,4.746634e+00,4.804583e+00,4.588873e+00,4.832240e+00,4.514913e+00,4.876087e+00
4.553370e+00,4.644613e+00,4.867256e+00,4.617187e+00,4.804334e+00,4.618813e+00,4.773745e+00,4.861389e+00,3.596861e+00,4.485039e+00,4.332643e+00,4.371211e+00,4.293124e+00,3.588090e+00,4.882430e+00,4.768242e+00,4.707207e+00,3.479659e+00,3.683063e+00,2.982394e+00,4.150578e+00,3.965724e+00,3.637006e+00,4.275524e+00,4.552033e+00,3.462331e+00,3.596919e+00,3.549836e+00,2.924743e+00,3.025525e+00,2.590909e+00,2.959392e+00,4.306058e+00,4.389086e+00,2.526284e+00,4.793286e+00,4.200861e+00,4.820713e+00,4.693067e+00,4.897849e+00,4.420764e+00,4.056381e+00,4.784574e+00,4.560852e+00,2.271321e+00,3.312038e+00,4.470175e+00,3.045306e+00,4.871599e+00,4.724745e+00,4.803470e+00,4.887129e+00,4.917084e+00,5.000950e+00,4.929121e+00,4.620885e+00,4.304970e+00,3.806969e+00,3.167895e+00,4.664958e+00,4.176117e+00,3.641391e+00,3.541740e+00,4.233699e+00,2.541798e+00,3.353452e+00,3.320132e+00,3.354795e+00,3.075967e+00,3.332572e+00,3.645713e+00,4.168488e+00,3.130392e+00,3.930879e+00,4.310424e+00,3.335600e+00,4.024452e+00,3.191091e+00,4.908267e+00,2.717850e+00,4.775344e+00,3.712514e+00,4.449274e+00,3.384546e+00,4.718925e+00,4.490792e+00,4.810029e+00,5.006534e+00,4.674425e+00,4.513519e+00,4.207119e+00,4.816639e+00,3.183838e+00,3.741015e+00,3.920453e+00,3.332030e+00,4.611990e+00,4.911572e+00,4.707670e+00,4.210513e+00,4.838986e+00,2.752900e+00,4.834478e+00,4.732083e+00,4.907947e+00,4.817603e+00,4.752285e+00,4.665233e+00
4.890477e+00,4.330192e+00,4.723814e+00,4.846861e+00,4.466258e+00,4.955027e+00,4.894398e+00,4.464552e+00,4.902026e+00,4.414987e+00,4.106749e+00,3.884669e+00,3.312883e+00,2.764608e+00,4.769053e+00,4.587737e+00,2.871219e+00,5.023316e+00,4.049837e+00,3.266590e+00,3.629628e+00,4.375802e+00,4.744337e+00,4.719443e+00,4.747491e+00,4.379411e+00,4.034314e+00,2.874818e+00,3.819688e+00,2.994633e+00,2.900955e+00,4.361318e+00,4.567103e+00,4.848572e+00,4.265953e+00,3.127175e+00,4.553736e+00,4.299557e+00,2.878795e+00,4.376965e+00,4.149976e+00,3.397309e+00,4.637752e+00,3.125030e+00,2.698545e+00,4.747199e+00,4.805511e+00,4.457111e+00,4.430012e+00,3.922833e+00,4.426050e+00,4.622467e+00,4.346107e+00,4.262325e+00,3.977231e+00,3.468975e+00,4.603581e+00,3.195434e+00,4.352877e+00,2.739841e+00,4.161947e+00,4.321828e+00,4.097764e+00,4.128773e+00,3.373985e+00,3.056167e+00,9.562103e+00,4.895395e+00,2.758776e+00,4.261102e+00,4.914964e+00,3.392967e+00,4.472857e+00,3.216066e+00,2.712992e+00,3.286010e+00,3.117466e+00,3.444012e+00,4.833246e+00,3.034616e+00,4.162988e+00,4.711915e+00,2.599360e+00,4.815211e+00,2.868069e+00,4.761124e+00,4.354702e+00,4.172006e+00,4.551474e+00,4.768508e+00,4.724137e+00,4.528356e+00,3.160879e+00,2.362545e+00,4.378140e+00,3.333633e+00,3.957065e+00,4.687338e+00,4.958356e+00,3.048766e+00,3.648155e+00,4.950398e+00,5.028876e+00,4.715360e+00,4.545097e+00,4.653123e+00,5.080516e+00,4.636729e+00
4.770061e+00,4.801105e+00,4.448309e+00,4.819005e+00,4.770774e+00,3.979608e+00,4.735652e+00,4.934900e+00,4.423711e+00,4.856802e+00,4.373704e+00,3.085285e+00,4.321314e+00,4.330014e+00,4.698555e+00,4.715352e+00,3.924034e+00,4.780761e+00,3.143953e+00,6.116368e+00,3.146219e+00,4.004552e+00,3.063463e+00,4.405081e+00,4.618570e+00,2.973248e+00,2.840337e+00,2.967555e+00,3.584075e+00,3.397811e+00,4.700681e+00,3.689623e+00,4.741863e+00,3.287238e+00,3.941277e+00,2.954080e+00,3.408028e+00,3.735603e+00,4.372965e+00,3.396599e+00,3.755936e+00,8.304243e+00,2.379033e+00,3.580970e+00,4.548369e+00,4.884077e+00,4.813234e+00,4.642612e+00,4.880282e+00,4.292731e+00,5.997003e+00,7.443897e+00,3.705765e+00,4.875520e+00,2.484327e+00,4.661938e+00,4.230563e+00,3.073381e+00,3.359290e+00,3.454881e+00,4.413088e+00,4.693197e+00,4.124040e+00,4.667560e+00,4.184378e+00,2.237507e+00,4.415562e+00,2.608794e+00,3.321735e+00,3.332597e+00,4.405051e+00,3.357909e+00,3.918815e+00,3.789221e+00,4.287383e+00,3.650769e+00,3.054217e+00,3.193462e+00,4.935501e+00,4.640561e+00,2.899909e+00,4.186006e+00,4.258819e+00,3.106911e+00,4.594386e+00,4.326617e+00,3.856785e+00,3.163684e+00,3.390289e+00,3.997805e+00,2.840622e+00,2.586889e+00,2.483364e+00,3.698013e+00,3.376848e+00,4.118576e+00,4.587453e+00,4.805452e+00,4.957762e+00,3.022600e+00,3.146669e+00,4.756865e+00,4.781593e+00,4.873419e+00,4.562939e+00,4.693255e+00,4.758814e+00,4.839862e+00
4.966794e+00,4.847782e+00,4.769612e+00,5.043592e+00,4.651566e+00,3.163825e+00,4.940808e+00,4.937085e+00,4.627806e+00,4.440578e+00,4.704441e+00,3.663611e+00,3.773227e+00,4.118204e+00,4.713342e+00,4.495452e+00,4.707284e+00,3.564068e+00,2.881168e+00,3.863429e+00,4.481833e+00,4.953142e+00,4.576919e+00,4.343469e+00,4.238108e+00,2.762346e+00,3.240034e+00,4.337277e+00,4.462187e+00,4.099744e+00,3.496982e+00,4.218105e+00,4.588447e+00,4.284404e+00,4.144668e+00,3.127606e+00,4.003282e+00,2.293811e+00,3.043931e+00,2.756453e+00,2.868404e+00,4.031935e+00,4.650616e+00,4.722245e+00,4.611912e+00,4.583694e+00,3.867488e+00,2.757503e+00,4.742498e+00,5.064882e+00,3.635610e+00,4.341131e+00,3.226089e+00,3.762957e+00,3.795701e+00,4.706306e+00,4.517583e+00,2.954102e+00,2.991842e+00,3.793776e+00,4.097808e+00,2.619371e+00,3.627140e+00,3.320639e+00,3.697921e+00,4.717639e+00,3.887597e+00,4.898382e+00,6.138212e+00,3.300286e+00,2.825689e+00,2.407010e+00,3.893202e+00,3.167960e+00,2.838425e+00,3.784244e+00,5.804548e+00,3.792455e+00,4.836084e+00,3.397050e+00,4.173058e+00,2.666063e+00,4.536811e+00,4.655428e+00,2.603621e+00,3.806815e+00,3.915792e+00,2.477893e+00,4.263353e+00,3.695704e+00,3.816111e+00,3.698190e+00,3.509828e+00,4.390226e+00,3.159622e+00,3.414898e+00,4.345487e+00,4.673507e+00,4.696403e+00,4.739181e+00,4.846020e+00,4.751242e+00,4.660777e+00,4.911508e+00,4.925840e+00,4.832864e+00,3.832708e+00,4.678363e+00
4.832893e+00,4.694383e+00,4.768791e+00,4.850460e+00,4.627295e+00,4.658548e+00,4.791048e+00,4.821432e+00,4.456975e+00,4.454521e+00,4.145964e+00,2.788957e+00,2.884230e+00,2.882412e+00,4.781923e+00,4.434856e+00,6.942784e+00,4.429988e+00,2.908077e+00,4.094572e+00,3.865583e+00,3.385889e+00,4.560113e+00,5.485154e+00,8.697799e+00,2.729935e+00,4.513222e+00,4.693945e+00,2.994296e+00,3.085807e+00,4.110819e+00,4.607093e+00,2.814817e+00,4.796064e+00,3.851213e+00,2.937308e+00,4.406753e+00,3.638206e+00,4.562734e+00,3.325930e+00,4.913005e+00,4.842210e+00,4.756225e+00,4.047688e+00,4.461230e+00,2.734718e+00,3.874927e+00,2.919553e+00,3.273023e+00,3.898396e+00,4.882254e+00,4.509284e+00,3.323634e+00,3.584397e+00,4.011731e+00,4.737905e+00,2.533714e+00,3.634056e+00,2.648232e+00,3.694983e+00,3.848455e+00,4.743701e+00,4.116074e+00,3.056255e+00,2.699433e+00,3.908967e+00,3.101058e+00,2.882104e+00,3.048123e+00,2.569131e+00,5.080465e+00,6.288931e+00,3.791039e+00,4.554791e+00,3.773473e+00,3.972943e+00,2.532082e+00,3.044529e+00,3.619692e+00,2.868643e+00,4.400730e+00,3.413469e+00,4.665614e+00,3.681512e+00,4.209518e+00,3.223148e+00,4.225087e+00,3.189071e+00,2.965643e+00,3.312706e+00,3.815954e+00,2.910455e+00,4.737321e+00,4.528854e+00,3.582997e+00,4.220584e+00,4.966877e+00,5.003408e+00,4.500696e+00,4.455640e+00,3.307247e+00,4.762850e+00,4.853521e+00,4.679614e+00,4.794546e+00,4.675181e+00,4.428025e+00,4.763190e+00
4.637366e+00,4.955625e+00,5.042682e+00,4.893014e+00,4.432281e+00,3.312229e+00,4.561646e+00,4.853094e+00,4.599789e+00,3.307093e+00,2.695471e+00,3.610196e+00,4.324768e+00,4.261770e+00,4.889107e+00,4.720531e+00,3.658622e+00,4.087903e+00,3.143587e+00,4.166799e+00,4.088410e+00,4.569403e+00,3.020071e+00,3.399673e+00,2.931974e+00,2.944174e+00,4.214025e+00,4.893540e+00,4.350003e+00,3.992697e+00,2.961530e+00,4.705653e+00,4.553445e+00,4.664124e+00,4.704788e+00,3.626813e+00,3.111318e+00,3.343409e+00,3.207216e+00,4.266313e+00,4.788954e+00,4.581232e+00,4.494781e+00,2.909444e+00,2.675022e+00,2.608706e+00,3.526215e+00,8.311412e+00,2.774124e+00,3.341548e+00,4.154489e+00,3.927421e+00,3.549016e+00,4.584498e+00,4.475025e+00,2.992167e+00,4.597737e+00,4.542214e+00,3.892818e+00,4.127677e+00,4.111896e+00,4.667892e+00,3.362081e+00,4.160282e+00,3.046783e+00,2.623136e+00,2.457781e+00,7.683311e+00,4.478458e+00,2.485821e+00,4.362286e+00,2.788712e+00,3.964109e+00,3.418691e+00,4.674433e+00,3.736632e+00,4.467586e+00,4.778904e+00,4.311697e+00,2.924069e+00,2.724926e+00,4.501908e+00,2.796643e+00,3.152789e+00,3.262483e+00,2.708668e+00,3.071159e+00,3.632793e+00,3.882342e+00,4.131523e+00,2.639909e+00,3.429530e+00,3.910441e+00,3.590006e+00,4.015808e+00,4.864255e+00,4.675907e+00,4.909966e+00,4.910763e+00,3.953447e+00,3.325574e+00,4.229674e+00,4.883781e+00,5.001859e+00,4.490828e+00,4.636247e+00,4.918913e+00,4.411745e+00
4.883576e+00,5.011932e+00,4.728358e+00,4.925770e+00,4.275393e+00,3.095587e+00,4.979319e+00,4.955463e+00,4.583163e+00,4.370954e+00,3.769920e+00,4.576447e+00,3.222845e+00,3.181602e+00,4.826147e+00,4.958894e+00,3.201425e+00,4.206203e+00,3.534838e+00,4.698104e+00,4.831637e+00,4.119368e+00,2.667436e+00,3.685450e+00,3.085245e+00,3.379500e+00,2.909378e+00,2.901255e+00,4.843855e+00,3.568753e+00,3.028502e+00,3.534025e+00,4.544566e+00,4.154116e+00,4.749086e+00,3.054089e+00,3.863803e+00,3.373702e+00,4.876605e+00,4.586261e+00,4.921017e+00,4.537133e+00,2.948705e+00,4.920940e+00,3.353583e+00,3.267061e+00,2.384359e+00,3.291522e+00,3.681521e+00,2.706171e+00,4.366963e+00,4.468356e+00,3.797020e+00,4.829438e+00,3.093955e+00,3.763844e+00,4.544006e+00,3.900507e+00,2.910137e+00,3.988595e+00,3.311884e+00,2.849698e+00,3.730795e+00,3.137422e+00,3.678178e+00,3.538325e+00,3.421363e+00,3.524813e+00,2.933110e+00,3.252486e+00,3.114409e+00,4.357774e+00,3.031176e+00,2.859347e+00,4.245038e+00,3.029039e+00,3.743868e+00,4.075476e+00,4.984470e+00,5.101309e+00,2.919403e+00,3.596763e+00,4.515111e+00,3.741626e+00,4.356985e+00,4.191953e+00,3.691292e+00,4.217107e+00,5.006781e+00,4.115233e+00,4.608147e+00,3.962987e+00,3.948333e+00,4.219228e+00,4.299717e+00,4.929322e+00,4.343278e+00,4.760745e+00,4.763928e+00,4.534817e+00,4.489027e+00,4.867965e+00,4.951962e+00,4.880116e+00,4.695834e+00,4.740044e+00,4.703450e+00,4.732966e+00
4.427322e+00,4.702501e+00,4.692127e+00,4.523551e+00,5.094719e+00,4.377883e+00,4.909406e+00,4.753478e+00,4.867063e+00,4.559288e+00,4.868281e+00,3.919533e+00,3.472772e+00,9.061704e+00,4.469269e+00,4.724254e+00,2.494743e+00,3.074140e+00,3.726441e+00,4.344805e+00,4.902220e+00,4.459176e+00,3.092870e+00,4.761749e+00,3.325607e+00,3.340660e+00,3.076104e+00,3.770221e+00,3.609797e+00,4.425676e+00,4.796654e+00,4.895641e+00,3.308087e+00,3.550679e+00,3.313198e+00,4.440783e+00,4.822545e+00,2.817597e+00,4.408841e+00,4.995334e+00,4.816223e+00,4.861626e+00,4.326879e+00,3.290080e+00,4.310264e+00,2.974823e+00,3.355612e+00,3.563993e+00,3.397404e+00,3.189400e+00,3.983554e+00,3.708045e+00,4.558164e+00,4.521699e+00,4.633301e+00,3.965333e+00,3.170490e+00,3.153301e+00,2.867098e+00,2.614308e+00,2.788684e+00,4.040688e+00,3.097586e+00,3.346702e+00,2.996723e+00,4.137483e+00,5.867427e+00,9.439810e+00,3.516444e+00,3.574416e+00,9.227871e+00,2.892623e+00,2.167891e+00,3.206850e+00,4.024341e+00,4.463214e+00,3.617135e+00,3.526742e+00,4.584185e+00,4.424194e+00,2.824404e+00,4.381432e+00,3.426713e+00,3.980171e+00,3.829983e+00,3.238114e+00,4.522917e+00,6.782364e+00,4.767428e+00,4.554457e+00,4.582396e+00,4.878951e+00,3.277526e+00,3.352776e+00,4.291430e+00,4.689819e+00,4.810656e+00,4.437307e+00,4.890321e+00,4.859689e+00,5.266479e+00,3.530474e+00,4.486241e+00,4.844305e+00,4.853283e+00,4.940070e+00,4.549717e+00,4.986891e+00
4.503912e+00,4.526675e+00,4.865294e+00,4.625590e+00,4.601350e+00,4.518162e+00,4.649388e+00,4.554164e+00,4.488143e+00,4.502761e+00,4.658000e+00,3.059771e+00,2.759957e+00,3.813698e+00,2.511625e+00,4.865204e+00,4.893897e+00,3.269137e+00,2.469310e+00,4.788726e+00,4.486703e+00,4.347166e+00,3.689737e+00,3.518994e+00,2.352145e+00,2.810881e+00,3.680494e+00,3.450885e+00,2.867945e+00,3.833053e+00,4.430838e+00,2.867591e+00,4.576096e+00,2.980374e+00,4.084701e+00,2.966369e+00,6.484046e+00,4.386379e+00,4.393452e+00,4.350603e+00,4.959199e+00,4.378633e+00,4.039762e+00,2.656602e+00,3.672520e+00,4.078777e+00,4.047502e+00,3.566631e+00,3.250652e+00,3.030924e+00,3.443229e+00,4.222933e+00,4.563668e+00,3.700078e+00,3.757907e+00,3.207307e+00,3.364592e+00,3.030450e+00,3.459451e+00,8.762003e+00,2.967848e+00,3.015131e+00,3.110925e+00,4.374104e+00,3.042569e+00,3.366964e+00,3.737690e+00,5.869830e+00,1.032502e+01,7.467967e+00,2.874462e+00,3.164025e+00,2.710703e+00,4.583462e+00,4.264999e+00,4.414384e+00,2.852261e+00,3.615193e+00,4.474177e+00,3.967745e+00,2.511602e+00,2.829376e+00,2.239269e+00,3.655586e+00,3.465976e+00,3.497073e+00,3.003730e+00,2.653533e+00,5.035393e+00,4.853425e+00,4.456018e+00,3.910623e+00,3.853095e+00,2.962769e+00,4.440461e+00,4.508720e+00,4.559669e+00,4.491338e+00,4.876366e+00,4.472373e+00,3.415319e+00,4.182522e+00,4.478237e+00,4.870957e+00,4.818828e+00,4.640666e+00,4.555408e+00,4.855473e+00
4.796089e+00,4.727802e+00,4.828284e+00,4.909649e+00,4.755486e+00,4.481346e+00,4.623351e+00,4.782358e+00,4.695967e+00,4.585953e+00,4.156553e+00,3.952705e+00,4.195371e+00,3.017485e+00,4.304266e+00,4.985583e+00,4.403322e+00,3.150536e+00,3.048772e+00,4.867772e+00,5.801579e+00,3.090466e+00,3.611475e+00,4.245118e+00,3.489172e+00,4.615230e+00,4.478099e+00,3.481781e+00,4.228754e+00,2.609876e+00,4.956124e+00,3.594609e+00,2.502827e+00,4.155507e+00,3.195166e+00,4.380791e+00,4.012625e+00,4.625541e+00,4.905317e+00,4.239930e+00,4.760024e+00,4.283455e+00,4.081532e+00,4.595589e+00,4.580844e+00,4.833296e+00,3.049829e+00,3.585647e+00,4.025842e+00,4.431611e+00,4.818672e+00,3.619553e+00,4.201991e+00,4.598449e+00,2.889202e+00,2.574823e+00,5.014764e+00,6.031189e+00,3.278423e+00,2.758756e+00,4.172439e+00,2.968626e+00,4.005541e+00,2.809191e+00,9.028089e+00,3.811418e+00,8.944804e+00,2.967908e+00,4.012945e+00,3.425226e+00,2.736167e+00,4.773073e+00,3.256157e+00,3.283067e+00,3.196721e+00,4.422562e+00,3.837526e+00,3.127939e+00,4.835213e+00,3.683945e+00,2.814959e+00,3.002529e+00,3.060394e+00,3.234784e+00,3.092691e+00,3.009391e+00,4.273886e+00,4.810313e+00,4.845827e+00,2.809652e+00,4.102450e+00,3.359440e+00,4.375429e+00,4.185351e+00,4.253289e+00,4.042113e+00,4.632266e+00,4.731538e+00,4.853090e+00,3.799996e+00,4.064370e+00,4.820466e+00,4.805284e+00,4.596510e+00,4.555420e+00,4.894444e+00,4.577068e+00,4.594746e+00
4.974986e+00,4.878682e+00,4.951292e+00,4.054853e+00,4.702973e+00,4.530127e+00,4.869961e+00,4.883156e+00,4.622777e+00,3.907957e+00,4.381485e+00,3.884074e+00,3.733307e+00,2.924872e+00,2.694918e+00,4.531981e+00,2.784977e+00,4.095491e+00,4.599586e+00,4.336637e+00,4.273071e+00,3.224315e+00,2.763008e+00,2.933408e+00,2.750085e+00,3.841821e+00,3.249678e+00,4.456704e+00,2.862398e+00,4.664915e+00,4.676233e+00,4.139415e+00,2.918700e+00,4.884309e+00,4.185378e+00,3.557778e+00,4.051895e+00,4.436835e+00,4.524760e+00,4.868205e+00,4.660049e+00,4.742170e+00,4.526864e+00,4.859800e+00,3.585350e+00,4.337622e+00,4.311181e+00,3.568580e+00,4.563518e+00,4.222037e+00,2.640760e+00,3.163954e+00,3.070480e+00,4.352766e+00,4.577941e+00,2.870672e+00,3.272750e+00,3.258417e+00,2.757053e+00,3.406279e+00,2.875838e+00,3.155369e+00,6.055327e+00,2.942664e+00,3.000833e+00,2.874921e+00,4.273162e+00,5.755580e+00,3.548530e+00,2.616503e+00,4.028300e+00,3.091199e+00,3.326737e+00,3.221224e+00,4.410323e+00,4.239596e+00,4.740620e+00,4.786035e+00,3.893289e+00,4.048310e+00,3.659379e+00,2.685786e+00,2.579824e+00,3.152231e+00,3.507725e+00,2.671413e+00,2.731945e+00,4.834267e+00,4.777379e+00,2.492526e+00,4.509433e+00,3.773327e+00,2.527803e+00,4.767939e+00,4.864615e+00,2.562312e+00,4.504205e+00,4.993576e+00,4.573818e+00,3.031118e+00,4.669523e+00,4.842241e+00,4.836039e+00,4.947170e+00,4.583340e+00,4.828975e+00,4.789736e+00,4.857454e+00
4.797761e+00,4.943895e+00,4.735585e+00,4.833095e+00,4.668758e+00,4.402648e+00,4.244596e+00,4.889783e+00,4.989111e+00,4.864704e+00,4.749504e+00,3.803860e+00,4.097350e+00,4.394011e+00,2.995674e+00,4.603432e+00,4.852814e+00,4.755546e+00,4.730511e+00,3.497982e+00,9.106566e+00,2.955184e+00,3.592874e+00,2.628607e+00,2.942839e+00,2.239459e+00,2.988215e+00,3.164070e+00,2.750536e+00,4.957884e+00,2.998209e+00,4.800448e+00,4.359647e+00,4.275929e+00,4.692109e+00,3.376291e+00,2.954412e+00,4.488982e+00,4.933239e+00,4.815892e+00,4.774492e+00,3.650337e+00,4.247729e+00,3.829252e+00,4.246953e+00,3.961918e+00,4.040759e+00,3.838077e+00,3.930033e+00,4.705582e+00,3.324767e+00,3.289477e+00,3.404575e+00,4.181537e+00,2.814209e+00,4.406017e+00,2.478948e+00,4.503736e+00,3.832590e+00,3.339164e+00,4.469213e+00,4.684954e+00,3.097855e+00,4.814629e+00,6.145572e+00,3.544459e+00,2.608011e+00,8.277482e+00,3.546801e+00,4.913881e+00,4.569571e+00,4.176539e+00,4.514790e+00,3.973534e+00,4.577661e+00,4.298821e+00,4.530473e+00,4.916810e+00,4.986289e+00,8.298291e+00,2.701526e+00,3.083648e+00,2.935581e+00,3.703592e+00,4.542735e+00,2.732484e+00,4.787280e+00,4.604993e+00,4.588612e+00,2.628586e+00,3.273798e+00,4.172185e+00,3.580797e+00,3.691211e+00,4.092793e+00,4.715868e+00,4.618974e+00,5.011019e+00,4.808383e+00,4.620211e+00,2.726538e+00,4.697551e+00,4.902123e+00,4.329600e+00,4.879628e+00,4.769891e+00,4.997381e+00,4.879464e+00
4.660485e+00,4.736325e+00,4.776187e+00,4.928653e+00,5.061783e+00,4.597677e+00,5.056556e+00,4.673564e+00,4.810153e+00,4.103768e+00,4.466788e+00,4.503851e+00,3.817835e+00,3.899951e+00,4.509421e+00,4.695610e+00,4.656120e+00,4.786276e+00,3.122401e+00,7.873583e+00,4.510111e+00,2.996811e+00,4.261514e+00,6.982491e+00,2.419275e+00,3.163331e+00,4.668381e+00,3.024742e+00,4.224497e+00,4.853668e+00,3.049375e+00,3.494849e+00,3.764552e+00,4.640971e+00,3.967277e+00,2.403193e+00,4.688349e+00,4.629525e+00,4.729378e+00,4.483945e+00,4.712688e+00,5.039442e+00,2.594569e+00,2.761237e+00,2.973075e+00,3.555805e+00,4.332532e+00,4.792314e+00,4.711694e+00,3.242637e+00,2.922872e+00,3.675880e+00,4.410049e+00,4.335920e+00,2.786791e+00,3.223348e+00,4.522813e+00,4.157387e+00,4.397414e+00,4.254500e+00,4.746642e+00,4.804270e+00,4.826137e+00,2.720224e+00,3.001045e+00,4.744385e+00,3.986741e+00,3.984475e+00,3.334215e+00,3.222544e+00,4.349607e+00,2.907430e+00,3.965039e+00,3.507338e+00,4.706410e+00,4.634046e+00,4.863928e+00,4.490262e+00,2.979644e+00,3.095338e+00,4.536244e+00,2.449024e+00,3.529053e+00,2.908926e+00,4.250351e+00,4.451950e+00,4.429727e+00,4.343902e+00,4.407020e+00,3.567958e+00,3.865211e+00,4.305884e+00,3.002362e+00,4.872854e+00,4.841571e+00,4.776751e+00,4.615516e+00,4.641153e+00,4.367481e+00,2.598171e+00,4.814350e+00,4.514885e+00,4.479402e+00,4.815952e+00,4.900348e+00,4.615231e+00,4.740053e+00,4.637013e+00
4.681662e+00,4.435471e+00,4.867744e+00,4.876342e+00,4.470228e+00,4.715574e+00,4.656504e+00,4.941159e+00,5.043100e+00,4.654681e+00,3.807620e+00,4.157918e+00,3.511897e+00,2.432946e+00,4.085186e+00,4.125706e+00,4.749519e+00,4.450379e+00,2.570648e+00,5.375225e+00,8.288393e+00,3.464439e+00,2.737968e+00,2.656824e+00,3.024211e+00,3.095151e+00,2.890954e+00,3.323358e+00,3.761270e+00,3.452079e+00,3.491211e+00,4.241988e+00,2.774847e+00,4.751077e+00,3.865383e+00,3.008618e+00,4.168190e+00,4.637115e+00,4.434886e+00,3.620207e+00,4.709355e+00,4.726422e+00,3.190870e+00,3.267326e+00,2.745703e+00,2.944149e+00,2.859317e+00,4.694296e+00,4.374036e+00,4.089486e+00,3.632681e+00,2.633612e+00,4.572756e+00,3.272545e+00,2.992375e+00,3.688630e+00,4.873382e+00,4.455414e+00,3.408101e+00,4.839685e+00,4.854640e+00,4.132249e+00,4.327133e+00,4.506022e+00,4.859895e+00,4.518916e+00,3.705844e+00,4.637423e+00,4.802532e+00,4.660990e+00,3.242404e+00,4.265948e+00,4.764923e+00,4.639899e+00,3.385821e+00,4.823315e+00,4.864628e+00,4.467763e+00,3.540654e+00,5.619759e+00,8.629575e+00,3.396980e+00,3.308453e+00,2.879974e+00,3.485986e+00,2.311456e+00,4.066800e+00,4.949913e+00,4.956865e+00,2.839418e+00,3.135931e+00,4.336131e+00,3.886437e+00,4.761450e+00,4.373316e+00,4.304119e+00,4.397143e+00,4.764548e+00,4.330587e+00,3.020622e+00,4.914143e+00,4.789734e+00,5.019193e+00,4.572163e+00,4.503678e+00,4.926241e+00,4.883842e+00,4.838722e+00
4.763706e+00,5.045177e+00,4.542227e+00,4.856878e+00,4.859121e+00,4.795396e+00,4.466237e+00,4.577946e+00,4.933165e+00,4.343073e+00,4.624438e+00,4.538953e+00,4.518253e+00,3.039972e+00,2.597560e+00,3.312035e+00,4.767578e+00,3.359504e+00,5.410973e+00,9.538963e+00,9.100387e+00,2.830289e+00,4.345524e+00,3.399700e+00,4.406164e+00,2.749757e+00,5.044409e+00,4.694115e+00,2.635583e+00,3.986762e+00,7.996523e+00,3.064929e+00,4.717048e+00,4.765807e+00,4.647129e+00,3.739255e+00,4.861591e+00,4.418334e+00,4.761430e+00,4.627071e+00,4.274700e+00,4.772976e+00,4.168036e+00,3.097881e+00,4.645798e+00,2.822711e+00,3.451135e+00,4.440788e+00,4.644244e+00,4.724074e+00,4.539756e+00,4.544567e+00,3.952960e+00,2.473351e+00,3.140024e+00,3.989596e+00,4.519505e+00,4.621373e+00,3.871117e+00,4.987601e+00,4.533990e+00,4.653461e+00,4.576862e+00,3.497841e+00,4.836465e+00,4.229215e+00,3.592575e+00,3.476456e+00,4.303515e+00,3.040262e+00,3.653559e+00,4.349831e+00,4.616420e+00,4.468452e+00,4.327181e+00,4.305467e+00,4.718151e+00,8.682170e+00,4.385025e+00,2.530069e+00,4.622491e+00,4.677941e+00,3.394423e+00,4.471026e+00,4.320019e+00,3.176194e+00,4.773478e+00,4.482734e+00,2.605707e+00,3.915377e+00,4.110892e+00,3.206365e+00,4.793234e+00,4.794161e+00,4.717353e+00,4.715171e+00,4.815099e+00,4.845886e+00,4.683985e+00,4.139273e+00,4.858743e+00,4.761940e+00,4.487533e+00,4.900623e+00,4.717588e+00,4.822322e+00,4.741827e+00,4.976623e+00
4.932876e+00,4.499386e+00,4.881239e+00,4.937719e+00,4.459175e+00,4.204212e+00,4.140499e+00,4.867113e+00,4.648996e+00,4.814100e+00,4.151440e+00,3.657706e+00,2.710761e+00,4.092364e+00,2.872041e+00,3.286223e+00,4.712423e+00,4.519289e+00,3.863348e+00,2.422242e+00,3.785155e+00,4.302057e+00,3.192665e+00,3.862222e+00,4.079082e+00,2.704627e+00,2.510844e+00,4.731294e+00,4.880415e+00,4.548256e+00,4.312113e+00,4.755212e+00,4.091441e+00,4.897778e+00,3.839067e+00,4.454382e+00,4.706800e+00,4.938756e+00,4.201030e+00,4.763099e+00,4.676071e+00,3.032973e+00,4.555763e+00,3.236306e+00,3.109239e+00,2.943807e+00,2.424548e+00,4.077066e+00,2.866505e+00,4.331429e+00,4.640187e+00,3.253214e+00,4.369280e+00,3.754142e+00,3.734452e+00,4.905138e+00,4.920136e+00,4.515523e+00,3.572725e+00,4.992676e+00,4.171148e+00,4.598073e+00,4.799317e+00,2.765723e+00,4.689879e+00,3.662160e+00,4.264499e+00,4.721903e+00,4.425612e+00,4.466372e+00,4.015765e+00,4.584515e+00,4.876131e+00,3.577281e+00,4.389144e+00,4.797717e+00,2.659823e+00,3.025040e+00,2.496429e+00,4.176772e+00,2.932697e+00,4.830902e+00,3.180327e+00,3.217002e+00,4.372963e+00,4.381973e+00,4.825154e+00,4.849945e+00,2.670273e+00,2.376550e+00,4.819153e+00,3.367806e+00,4.270677e+00,4.538594e+00,3.755438e+00,4.692595e+00,4.848518e+00,4.691075e+00,3.893541e+00,3.398853e+00,4.484373e+00,4.981214e+00,4.836791e+00,4.431702e+00,4.750234e+00,4.661331e+00,4.663950e+00,4.887154e+00
4.868248e+00,4.836221e+00,4.810579e+00,4.884430e+00,4.526307e+00,4.970058e+00,4.463618e+00,4.900896e+00,4.712918e+00,4.941750e+00,4.175216e+00,3.192393e+00,3.231171e+00,4.469574e+00,3.987937e+00,3.294849e+00,4.366243e+00,4.695238e+00,3.254190e+00,3.433896e+00,2.442522e+00,3.818751e+00,4.691358e+00,3.977640e+00,3.067545e+00,3.053459e+00,4.766036e+00,3.682103e+00,4.851044e+00,2.795057e+00,2.820789e+00,4.642453e+00,4.416230e+00,4.875925e+00,4.255010e+00,5.041499e+00,4.849568e+00,4.521154e+00,4.525200e+00,3.491729e+00,4.605487e+00,4.556351e+00,4.777176e+00,4.050411e+00,2.981262e+00,4.215586e+00,4.617375e+00,2.832512e+00,3.685113e+00,4.531382e+00,3.403433e+00,4.601020e+00,4.888812e+00,3.997042e+00,3.823590e+00,3.873176e+00,4.348058e+00,2.655621e+00,4.581339e+00,4.673774e+00,4.155556e+00,3.730788e+00,4.528931e+00,4.812726e+00,3.563398e+00,4.571590e+00,4.145405e+00,4.689434e+00,4.920304e+00,4.217314e+00,4.484561e+00,4.703173e+00,4.591317e+00,4.841748e+00,4.673656e+00,4.364229e+00,3.248089e+00,2.754179e+00,2.847702e+00,3.011091e+00,3.135571e+00,3.187632e+00,3.114874e+00,3.753158e+00,4.949547e+00,4.634223e+00,4.536036e+00,2.270165e+00,4.117246e+00,3.034199e+00,4.106943e+00,3.010342e+00,4.458281e+00,4.500562e+00,4.621765e+00,4.548816e+00,4.844371e+00,4.888245e+00,3.015605e+00,4.825777e+00,4.773534e+00,5.014068e+00,4.886158e+00,4.820648e+00,4.665938e+00,4.673388e+00,4.938264e+00,4.750385e+00
4.793552e+00,4.618563e+00,4.610371e+00,5.005632e+00,4.835506e+00,4.579397e+00,4.241360e+00,3.688639e+00,5.006221e+00,4.551629e+00,4.351278e+00,4.163406e+00,3.188113e+00,2.846227e+00,3.238935e+00,2.857854e+00,4.732920e+00,4.774904e+00,2.724459e+00,4.733002e+00,4.427797e+00,3.597725e+00,4.452981e+00,4.784929e+00,4.763680e+00,4.486465e+00,4.483340e+00,4.730814e+00,2.827195e+00,3.660346e+00,2.962953e+00,8.201973e+00,4.601893e+00,4.672790e+00,4.512941e+00,4.601056e+00,4.848451e+00,4.471826e+00,2.862243e+00,4.410174e+00,4.479430e+00,4.514432e+00,4.602690e+00,4.586925e+00,4.354351e+00,3.261180e+00,4.224246e+00,3.909516e+00,4.378132e+00,4.747604e+00,4.690093e+00,4.678741e+00,4.763304e+00,4.615665e+00,4.695904e+00,4.814155e+00,4.307734e+00,3.708035e+00,4.392094e+00,4.737852e+00,4.890525e+00,4.511272e+00,4.390125e+00,4.760313e+00,3.816901e+00,4.744225e+00,4.874287e+00,4.718650e+00,4.671164e+00,4.694863e+00,4.646650e+00,4.496662e+00,4.864428e+00,4.827541e+00,4.841372e+00,8.733131e+00,2.470329e+00,2.765960e+00,3.415928e+00,3.413772e+00,6.702051e+00,2.679407e+00,2.776430e+00,4.408064e+00,3.065382e+00,4.580501e+00,3.567979e+00,4.202520e+00,3.935932e+00,3.953258e+00,2.692119e+00,4.410284e+00,4.145452e+00,4.890737e+00,4.455241e+00,4.265057e+00,4.669644e+00,4.787269e+00,3.528542e+00,4.461855e+00,4.880344e+00,4.942691e+00,4.930891e+00,4.832968e+00,4.573592e+00,4.866854e+00,4.970135e+00,4.531929e+00
4.837666e+00,4.570535e+00,4.750505e+00,4.662683e+00,4.869719e+00,4.793851e+00,4.183132e+00,3.691387e+00,4.955227e+00,4.907731e+00,4.565684e+00,4.546952e+00,4.682974e+00,4.268280e+00,3.123646e+00,2.835022e+00,3.080053e+00,4.748120e+00,4.636808e+00,4.722536e+00,4.748118e+00,4.478813e+00,4.155061e+00,4.385077e+00,4.385429e+00,5.003505e+00,4.616813e+00,4.859603e+00,9.452679e+00,2.745088e+00,3.282479e+00,2.996921e+00,3.193241e+00,4.905598e+00,4.293546e+00,5.052398e+00,5.023334e+00,4.305816e+00,3.429039e+00,3.747349e+00,4.560233e+00,3.689859e+00,4.785402e+00,4.851142e+00,4.673282e+00,4.775684e+00,4.733353e+00,4.490143e+00,3.673851e+00,3.476240e+00,4.437489e+00,4.925969e+00,4.554708e+00,4.519148e+00,4.584387e+00,4.776271e+00,4.928442e+00,3.941836e+00,4.495940e+00,4.390323e+00,4.795330e+00,4.569011e+00,4.881259e+00,4.832020e+00,4.753144e+00,4.805969e+00,4.885851e+00,4.092008e+00,4.725867e+00,4.629841e+00,4.782385e+00,4.987159e+00,4.174303e+00,4.518876e+00,9.728425e+00,4.261327e+00,3.533968e+00,3.205108e+00,2.315311e+00,2.565793e+00,3.121934e+00,3.605290e+00,3.283783e+00,2.588206e+00,3.240705e+00,3.695700e+00,4.394916e+00,2.833484e+00,2.946991e+00,3.086083e+00,3.316926e+00,4.246165e+00,3.976239e+00,4.481896e+00,4.900313e+00,4.653736e+00,4.731814e+00,2.864236e+00,3.122350e+00,4.691732e+00,4.952253e+00,4.651905e+00,4.690562e+00,4.616351e+00,4.647280e+00,4.875548e+00,4.730162e+00,4.780137e+00
4.778886e+00,4.327976e+00,4.939828e+00,4.647495e+00,4.764462e+00,4.902827e+00,4.662203e+00,3.064009e+00,4.938858e+00,4.440815e+00,4.508546e+00,4.051035e+00,4.141848e+00,2.611226e+00,3.118242e+00,5.084683e+00,2.384437e+00,4.217818e+00,4.296083e+00,3.006510e+00,4.603423e+00,4.854381e+00,4.613904e+00,3.216999e+00,2.821802e+00,2.666096e+00,3.901158e+00,7.238750e+00,3.562441e+00,3.554698e+00,2.514256e+00,2.992854e+00,4.739886e+00,4.830059e+00,4.442219e+00,4.599762e+00,4.661469e+00,4.705692e+00,4.531821e+00,2.535963e+00,4.199387e+00,4.687818e+00,4.917130e+00,4.708793e+00,4.944817e+00,4.995654e+00,4.951659e+00,4.665598e+00,4.324510e+00,3.246600e+00,4.791783e+00,4.283433e+00,4.915804e+00,4.875276e+00,4.690067e+00,4.810872e+00,4.871158e+00,4.925998e+00,4.763817e+00,4.776857e+00,4.785727e+00,4.733118e+00,4.831612e+00,4.944252e+00,4.872024e+00,4.794701e+00,4.953475e+00,4.907818e+00,4.761531e+00,4.253341e+00,4.482604e+00,4.761566e+00,4.783528e+00,6.005492e+00,7.530190e+00,3.580737e+00,2.764142e+00,5.946430e+00,2.806897e+00,3.041703e+00,3.984661e+00,3.955309e+00,3.197527e+00,3.571662e+00,3.380303e+00,3.933262e+00,4.028595e+00,3.741686e+00,3.752596e+00,3.071703e+00,4.387359e+00,2.896256e+00,3.136205e+00,4.772937e+00,4.644813e+00,4.897865e+00,4.692292e+00,4.009623e+00,4.839618e+00,4.464923e+00,4.533867e+00,4.694416e+00,4.802065e+00,4.724318e+00,4.652944e+00,4.921924e+00,5.065146e+00,4.738386e+00
4.644838e+00,4.578680e+00,4.980884e+00,4.639914e+00,4.483263e+00,4.824683e+00,4.750300e+00,4.795468e+00,4.754718e+00,4.978836e+00,4.663613e+00,4.437236e+00,3.059184e+00,4.388817e+00,2.353610e+00,3.255420e+00,2.825431e+00,4.015832e+00,4.231586e+00,4.192915e+00,2.939411e+00,3.705868e+00,3.667098e+00,4.453239e+00,2.870059e+00,2.483778e+00,2.839606e+00,3.501918e+00,9.249570e+00,5.331273e+00,2.775604e+00,3.842543e+00,2.510103e+00,3.084809e+00,4.847753e+00,4.307470e+00,4.155795e+00,4.656463e+00,4.048596e+00,3.410573e+00,3.498970e+00,4.613896e+00,4.863644e+00,4.763896e+00,4.850559e+00,4.813225e+00,4.139990e+00,4.701223e+00,4.662857e+00,4.954069e+00,4.305385e+00,4.380770e+00,4.651406e+00,4.894452e+00,4.799926e+00,4.875034e+00,4.614419e+00,4.525421e+00,3.798918e+00,4.177428e+00,2.902503e+00,4.530366e+00,4.530569e+00,4.796025e+00,4.934973e+00,4.856645e+00,4.789308e+00,4.890766e+00,4.595307e+00,4.785746e+00,4.874091e+00,3.443669e+00,3.262733e+00,3.257182e+00,3.832755e+00,2.679934e+00,4.049362e+00,3.882507e+00,3.568674e+00,4.518739e+00,4.594428e+00,6.811128e+00,4.713594e+00,4.327340e+00,3.470645e+00,3.052557e+00,2.867955e+00,3.694704e+00,3.020476e+00,3.082980e+00,3.398855e+00,2.854398e+00,4.420406e+00,4.275210e+00,4.668561e+00,4.850777e+00,4.277191e+00,2.688657e+00,4.944251e+00,4.790062e+00,4.747867e+00,4.813922e+00,4.826196e+00,4.818892e+00,4.824797e+00,4.418562e+00,4.763743e+00,4.893056e+00
4.794607e+00,4.810301e+00,4.926324e+00,4.941659e+00,4.968149e+00,4.734379e+00,4.879539e+00,4.797751e+00,4.499286e+00,4.847422e+00,4.953832e+00,4.527226e+00,2.951341e+00,3.497653e+00,3.487486e+00,3.173102e+00,3.142974e+00,6.306482e+00,3.292786e+00,4.510413e+00,4.704749e+00,4.408706e+00,2.286192e+00,2.940261e+00,2.860401e+00,3.611492e+00,4.860052e+00,3.157826e+00,3.117929e+00,4.633860e+00,3.169028e+00,2.948202e+00,2.805438e+00,3.071396e+00,4.343500e+00,4.862317e+00,4.818526e+00,4.788655e+00,2.738436e+00,3.058324e+00,3.198949e+00,4.477022e+00,4.358684e+00,3.143797e+00,2.890370e+00,4.816215e+00,4.869514e+00,4.462379e+00,4.535295e+00,4.751437e+00,4.694911e+00,9.096184e+00,5.030084e+00,4.509362e+00,4.419750e+00,4.707662e+00,4.489863e+00,3.345362e+00,4.586386e+00,3.096725e+00,4.644400e+00,4.382504e+00,4.112620e+00,4.887432e+00,4.831667e+00,4.489730e+00,4.800290e+00,3.785403e+00,4.572819e+00,4.261429e+00,3.081905e+00,3.046131e+00,3.634183e+00,3.185472e+00,3.526198e+00,3.060485e+00,2.993505e+00,3.794178e+00,4.267705e+00,3.056885e+00,4.634502e+00,3.735646e+00,3.732895e+00,4.654105e+00,4.461392e+00,5.439030e+00,3.613586e+00,2.590096e+00,3.700245e+00,4.619096e+00,4.353392e+00,3.946098e+00,4.810438e+00,4.650496e+00,4.328821e+00,4.851856e+00,4.399267e+00,4.018570e+00,4.185012e+00,4.877984e+00,4.906380e+00,4.917536e+00,4.916207e+00,4.785760e+00,4.883037e+00,4.986189e+00,4.765855e+00,4.902156e+00
4.437289e+00,4.876053e+00,4.395236e+00,3.955732e+00,4.697561e+00,4.869720e+00,4.273705e+00,4.835264e+00,4.184317e+00,4.908663e+00,4.740735e+00,4.683715e+00,4.041476e+00,3.989168e+00,3.831705e+00,3.445822e+00,4.372534e+00,3.023889e+00,3.967441e+00,4.757322e+00,2.838017e+00,3.658558e+00,4.776779e+00,3.634516e+00,3.363676e+00,3.354283e+00,3.715753e+00,6.284904e+00,4.149417e+00,3.355074e+00,2.920841e+00,4.163415e+00,3.476604e+00,3.982834e+00,4.496894e+00,4.768469e+00,4.949364e+00,4.600367e+00,3.337132e+00,4.392828e+00,3.621860e+00,3.212345e+00,3.351189e+00,3.688405e+00,4.229163e+00,4.698873e+00,4.572386e+00,4.238560e+00,4.004189e+00,3.261123e+00,4.596912e+00,3.192901e+00,4.465859e+00,3.234209e+00,4.132771e+00,2.988675e+00,3.457024e+00,2.405197e+00,6.681488e+00,4.672374e+00,4.948489e+00,4.813687e+00,4.454590e+00,4.782931e+00,4.523846e+00,4.763217e+00,4.678476e+00,4.761007e+00,4.187378e+00,4.398422e+00,3.389711e+00,2.253555e+00,3.220925e+00,4.342585e+00,4.347436e+00,3.486454e+00,2.781695e+00,3.895117e+00,2.898321e+00,3.834498e+00,3.862008e+00,2.334218e+00,4.893078e+00,4.972145e+00,3.639742e+00,3.374732e+00,3.702809e+00,4.266296e+00,3.906783e+00,4.179285e+00,3.843188e+00,4.036305e+00,4.405755e+00,4.208365e+00,4.564718e+00,4.723496e+00,5.055699e+00,4.531068e+00,4.735809e+00,4.924457e+00,4.842118e+00,4.522146e+00,4.552969e+00,4.864619e+00,4.947828e+00,4.782477e+00,4.941464e+00,4.169500e+00
4.726892e+00,4.925321e+00,4.894567e+00,4.556992e+00,4.622761e+00,4.645580e+00,4.785470e+00,4.533180e+00,4.666522e+00,4.292894e+00,4.984900e+00,4.755668e+00,4.278004e+00,3.336542e+00,3.161343e+00,4.398260e+00,2.678668e+00,2.842485e+00,6.351513e+00,3.495450e+00,2.810018e+00,2.663532e+00,3.420123e+00,5.473609e+00,2.727101e+00,4.111530e+00,5.477391e+00,3.657941e+00,5.339993e+00,2.820195e+00,2.913661e+00,4.358843e+00,2.737719e+00,3.554979e+00,2.793035e+00,4.400230e+00,4.958606e+00,4.512550e+00,3.122243e+00,3.417847e+00,4.731634e+00,2.907529e+00,4.059126e+00,4.674853e+00,4.687618e+00,4.812255e+00,4.682200e+00,2.588750e+00,4.904070e+00,4.072995e+00,4.713722e+00,4.661509e+00,4.387434e+00,3.185793e+00,3.273312e+00,9.777960e+00,3.185947e+00,4.386563e+00,4.416362e+00,3.354389e+00,4.244602e+00,4.577331e+00,4.297259e+00,4.230951e+00,5.142989e+00,4.469561e+00,3.585479e+00,5.480435e+00,3.304001e+00,4.066013e+00,3.750846e+00,3.709098e+00,4.446171e+00,3.122219e+00,5.011633e+00,3.306878e+00,3.137763e+00,3.052261e+00,4.571775e+00,4.703268e+00,2.927955e+00,2.955377e+00,4.750017e+00,4.852457e+00,4.461986e+00,3.324341e+00,4.513884e+00,4.338029e+00,3.364508e+00,2.591838e+00,4.277805e+00,4.764234e+00,4.746763e+00,4.753076e+00,5.079695e+00,4.478903e+00,3.532201e+00,4.916795e+00,5.061712e+00,4.517363e+00,4.835054e+00,4.619352e+00,4.673569e+00,4.799865e+00,4.850785e+00,4.907356e+00,4.704533e+00,4.950132e+00
4.922602e+00,4.465779e+00,5.039990e+00,4.713126e+00,4.763194e+00,4.454351e+00,4.888152e+00,4.512118e+00,4.736676e+00,4.309352e+00,4.890033e+00,4.658213e+00,4.482654e+00,3.845057e+00,4.200816e+00,3.897602e+00,3.132804e+00,2.913370e+00,3.090179e+00,3.555441e+00,4.201677e+00,2.893562e+00,2.981581e+00,2.780748e+00,3.395466e+00,3.043353e+00,4.384058e+00,3.014056e+00,3.072007e+00,4.183907e+00,4.121273e+00,2.815999e+00,2.712961e+00,4.591649e+00,5.008125e+00,4.032449e+00,4.573717e+00,4.780898e+00,4.497432e+00,4.435556e+00,4.408558e+00,4.104976e+00,4.725069e+00,4.940485e+00,4.027938e+00,3.137796e+00,4.435406e+00,4.464600e+00,4.543297e+00,4.427261e+00,4.752872e+00,3.227532e+00,4.505805e+00,2.926786e+00,3.078097e+00,4.350819e+00,4.889754e+00,2.429190e+00,3.046890e+00,3.049504e+00,3.144159e+00,3.541800e+00,2.764919e+00,3.068409e+00,2.688797e+00,3.089862e+00,4.349609e+00,2.811286e+00,2.666016e+00,2.581237e+00,2.656077e+00,3.983573e+00,3.588812e+00,3.160991e+00,3.371344e+00,2.438770e+00,3.209839e+00,4.405133e+00,3.905901e+00,4.691397e+00,2.962702e+00,4.704063e+00,4.628421e+00,4.338611e+00,3.567305e+00,4.690494e+00,3.452118e+00,4.343173e+00,4.866452e+00,3.354203e+00,3.987208e+00,4.686147e+00,4.951747e+00,4.899359e+00,4.705330e+00,4.049702e+00,4.433829e+00,3.594715e+00,4.806662e+00,4.746975e+00,4.783413e+00,4.494693e+00,4.836064e+00,5.066536e+00,4.662356e+00,4.678711e+00,4.937002e+00,4.634452e+00
4.896458e+00,4.746541e+00,4.734288e+00,4.580698e+00,4.731719e+00,4.693211e+00,4.414511e+00,4.913136e+00,4.747844e+00,4.402826e+00,4.681212e+00,4.582015e+00,4.632998e+00,4.688230e+00,3.770543e+00,4.594876e+00,3.240692e+00,3.580357e+00,5.709339e+00,3.378586e+00,3.677589e+00,2.957952e+00,3.033304e+00,3.503361e+00,2.967420e+00,4.145848e+00,2.969372e+00,4.960008e+00,3.281139e+00,2.875903e+00,4.376089e+00,3.224260e+00,3.824144e+00,3.695936e+00,3.184335e+00,3.548563e+00,4.824835e+00,4.570986e+00,4.752666e+00,4.410347e+00,4.568637e+00,4.559244e+00,4.945078e+00,4.813371e+00,4.787987e+00,4.180637e+00,4.859180e+00,5.100571e+00,4.564639e+00,4.654264e+00,4.826746e+00,4.704886e+00,4.312160e+00,4.183605e+00,5.018017e+00,4.354560e+00,4.074390e+00,2.808131e+00,3.824718e+00,4.958705e+00,2.748436e+00,2.450094e+00,2.976336e+00,2.946389e+00,3.096077e+00,4.748820e+00,8.244614e+00,3.193609e+00,2.541053e+00,3.687767e+00,3.200918e+00,3.137487e+00,3.894569e+00,9.400955e+00,3.173342e+00,4.262935e+00,4.622226e+00,4.648480e+00,4.577520e+00,4.018120e+00,4.587314e+00,3.892150e+00,3.347071e+00,3.735963e+00,2.888116e+00,4.596905e+00,3.334452e+00,4.331220e+00,3.831483e+00,4.374613e+00,4.518247e+00,4.684364e+00,4.811276e+00,4.880011e+00,4.756142e+00,2.465616e+00,4.814908e+00,4.505126e+00,4.698760e+00,4.392345e+00,4.642450e+00,4.835191e+00,4.793227e+00,4.774891e+00,4.872410e+00,4.854851e+00,4.915130e+00,4.746542e+00
4.318963e+00,4.348504e+00,4.825618e+00,4.743425e+00,4.915160e+00,4.249529e+00,4.416167e+00,4.894004e+00,4.724028e+00,4.862303e+00,4.566903e+00,4.757449e+00,4.742807e+00,4.867372e+00,4.563482e+00,2.927107e+00,4.418218e+00,3.977088e+00,2.554513e+00,3.536895e+00,3.496297e+00,3.926709e+00,4.200282e+00,3.610588e+00,3.524952e+00,2.508455e+00,3.448236e+00,2.743758e+00,3.614137e+00,2.779399e+00,2.831711e+00,3.875954e+00,3.201862e+00,3.423686e+00,6.233666e+00,4.156368e+00,3.801994e+00,3.255381e+00,4.806364e+00,4.834938e+00,4.056168e+00,3.486271e+00,4.084569e+00,4.976422e+00,4.770417e+00,3.545469e+00,2.483570e+00,4.737379e+00,3.955142e+00,2.735292e+00,4.513239e+00,4.797502e+00,4.961791e+00,5.018081e+00,4.053160e+00,2.780389e+00,2.760322e+00,3.261392e+00,3.034379e+00,6.508820e+00,3.276393e+00,3.194631e+00,3.968955e+00,3.058419e+00,3.801682e+00,2.200542e+00,2.627699e+00,2.891146e+00,3.175252e+00,3.020579e+00,4.552236e+00,4.951487e+00,3.497812e+00,3.141444e+00,4.643729e+00,2.912778e+00,3.282222e+00,3.270276e+00,4.374167e+00,4.422187e+00,2.734565e+00,4.594186e+00,3.247987e+00,2.487153e+00,4.277846e+00,3.833778e+00,3.323820e+00,4.733292e+00,4.552718e+00,4.668999e+00,4.488641e+00,4.542398e+00,4.590496e+00,4.801547e+00,4.112548e+00,4.626039e+00,4.968257e+00,4.537717e+00,4.672795e+00,4.722077e+00,4.549676e+00,4.870293e+00,4.010578e+00,4.900907e+00,4.517547e+00,4.573916e+00,4.631764e+00,4.720655e+00
4.906562e+00,4.690912e+00,5.155763e+00,4.632438e+00,4.698092e+00,4.864948e+00,4.284308e+00,4.785535e+00,4.982369e+00,4.672667e+00,4.395198e+00,2.830306e+00,4.860943e+00,4.896088e+00,4.829899e+00,3.282924e+00,3.413758e+00,3.548639e+00,3.275814e+00,7.329468e+00,8.272249e+00,3.333844e+00,2.682211e+00,2.629846e+00,3.684701e+00,2.835780e+00,1.041866e+01,3.608610e+00,3.285241e+00,3.117252e+00,3.255598e+00,2.555323e+00,2.837591e+00,5.194002e+00,4.182081e+00,2.625751e+00,4.813973e+00,4.812993e+00,4.539452e+00,3.130124e+00,6.325697e+00,2.883112e+00,2.785183e+00,3.175230e+00,4.793143e+00,3.120897e+00,3.369321e+00,3.664545e+00,3.034492e+00,2.999129e+00,2.463273e+00,4.522821e+00,3.845286e+00,3.972972e+00,4.982687e+00,2.981172e+00,3.648952e+00,4.337853e+00,3.051366e+00,2.791381e+00,2.735459e+00,3.166683e+00,2.667078e+00,3.071173e+00,4.860366e+00,3.188425e+00,4.613200e+00,2.581999e+00,2.585588e+00,2.513146e+00,2.601139e+00,3.593243e+00,4.426866e+00,2.470146e+00,8.570021e+00,2.562896e+00,4.409138e+00,4.557405e+00,2.902302e+00,4.728134e+00,4.481148e+00,3.022263e+00,3.098803e+00,4.078290e+00,2.573659e+00,3.310180e+00,4.335514e+00,3.492258e+00,4.425290e+00,3.661221e+00,4.880334e+00,4.692282e+00,4.620624e+00,4.481807e+00,2.833247e+00,4.176287e+00,4.675952e+00,4.884103e+00,4.489319e+00,4.359128e+00,4.984922e+00,4.948579e+00,4.936676e+00,4.324597e+00,5.008816e+00,4.807575e+00,4.504669e+00,4.921196e+00
4.797381e+00,4.883449e+00,4.644951e+00,4.784639e+00,4.489964e+00,5.013701e+00,4.599051e+00,4.756790e+00,4.800430e+00,4.790477e+00,4.109544e+00,4.746597e+00,4.872536e+00,4.612165e+00,4.391935e+00,4.517974e+00,4.224441e+00,3.116995e+00,3.165150e+00,3.133541e+00,4.340996e+00,2.531504e+00,3.977176e+00,2.415324e+00,4.521979e+00,3.177593e+00,2.678807e+00,2.989368e+00,6.701647e+00,2.741695e+00,2.866042e+00,3.259701e+00,3.078051e+00,8.465257e+00,2.825464e+00,2.974701e+00,2.626386e+00,2.873245e+00,3.064615e+00,3.024189e+00,2.850485e+00,2.749457e+00,2.924719e+00,3.120658e+00,4.413400e+00,3.193890e+00,4.409834e+00,2.713311e+00,3.536479e+00,3.590873e+00,2.587486e+00,3.093737e+00,8.375102e+00,3.084345e+00,4.043329e+00,3.061127e+00,2.927603e+00,3.273774e+00,3.521283e+00,4.193064e+00,4.831023e+00,3.584521e+00,2.960016e+00,2.976015e+00,2.484581e+00,2.733632e+00,3.140636e+00,2.555375e+00,2.433227e+00,2.901635e+00,4.219555e+00,2.323868e+00,2.977109e+00,3.084299e+00,3.533242e+00,2.642536e+00,3.563221e+00,3.774207e+00,4.791623e+00,4.980218e+00,5.582789e+00,4.697398e+00,3.920923e+00,3.476124e+00,4.553627e+00,2.832656e+00,2.663121e+00,4.222751e+00,4.764668e+00,4.615330e+00,4.656029e+00,4.843699e+00,4.724604e+00,3.209620e+00,4.102513e+00,2.751149e+00,4.118593e+00,4.770291e+00,4.604341e+00,4.830977e+00,4.846577e+00,4.716992e+00,4.746858e+00,4.870160e+00,4.559788e+00,4.936975e+00,4.798736e+00,4.812457e+00
4.944150e+00,4.879771e+00,4.846636e+00,4.863965e+00,4.914593e+00,4.647319e+00,4.284998e+00,4.703178e+00,4.509563e+00,4.540909e+00,4.695786e+00,4.580926e+00,4.604148e+00,5.012491e+00,4.801685e+00,3.786047e+00,4.450968e+00,4.442014e+00,3.472150e+00,2.607922e+00,3.167752e+00,3.839856e+00,3.115696e+00,2.623063e+00,7.338292e+00,2.959130e+00,4.294597e+00,4.258485e+00,3.376345e+00,3.374856e+00,7.805818e+00,3.384601e+00,2.905956e+00,4.427629e+00,2.625302e+00,5.897819e+00,3.076279e+00,3.710511e+00,2.579705e+00,3.376277e+00,2.514801e+00,2.437324e+00,3.724654e+00,3.093197e+00,2.908828e+00,2.566388e+00,2.812529e+00,3.310568e+00,2.638384e+00,3.114642e+00,4.025273e+00,9.878850e+00,3.919352e+00,3.733579e+00,6.364579e+00,2.814617e+00,3.063607e+00,2.907233e+00,3.330072e+00,2.414839e+00,2.726862e+00,2.659195e+00,3.106342e+00,2.874017e+00,4.168345e+00,2.880286e+00,2.629553e+00,2.951931e+00,3.123425e+00,4.194627e+00,3.494153e+00,3.231007e+00,4.229719e+00,2.896843e+00,2.934103e+00,4.167079e+00,4.342739e+00,4.977389e+00,4.979600e+00,4.526522e+00,3.092625e+00,3.107538e+00,4.411790e+00,3.482882e+00,4.560448e+00,2.801290e+00,3.894774e+00,4.407282e+00,4.792102e+00,4.793325e+00,4.041648e+00,4.979877e+00,4.479323e+00,5.006102e+00,4.860477e+00,4.850049e+00,4.616278e+00,4.797254e+00,4.664412e+00,4.715102e+00,4.864436e+00,4.732019e+00,4.992167e+00,4.710303e+00,4.744010e+00,4.928140e+00,4.582719e+00,4.668389e+00
4.920911e+00,4.738716e+00,4.834440e+00,4.528629e+00,4.403186e+00,4.723123e+00,4.613341e+00,4.827398e+00,4.662665e+00,4.754139e+00,4.553558e+00,4.881698e+00,4.629337e+00,4.128687e+00,4.629189e+00,4.976065e+00,4.175435e+00,3.641627e+00,2.670179e+00,3.832189e+00,3.294472e+00,3.130041e+00,3.173354e+00,2.566181e+00,3.034958e+00,3.859321e+00,2.933718e+00,3.260716e+00,3.429257e+00,3.179003e+00,4.050584e+00,5.680354e+00,3.294660e+00,4.407963e+00,2.931228e+00,2.560137e+00,4.390904e+00,2.289242e+00,2.695625e+00,3.108975e+00,2.745877e+00,2.189276e+00,4.813401e+00,4.103569e+00,3.863685e+00,2.855216e+00,2.899082e+00,3.742216e+00,3.439343e+00,3.113496e+00,2.822278e+00,3.074107e+00,3.137935e+00,3.911316e+00,2.861950e+00,3.861206e+00,3.023368e+00,3.040470e+00,3.312546e+00,3.901651e+00,3.608823e+00,2.998009e+00,4.861612e+00,3.254379e+00,4.411211e+00,2.754339e+00,2.705916e+00,3.126874e+00,2.664905e+00,4.285274e+00,3.795574e+00,2.726058e+00,3.113482e+00,4.197490e+00,4.115855e+00,2.799543e+00,3.858833e+00,4.361574e+00,4.533135e+00,3.049166e+00,3.772362e+00,4.705891e+00,4.044957e+00,4.492342e+00,4.467438e+00,4.550877e+00,3.234964e+00,4.647370e+00,4.735520e+00,4.860617e+00,4.777466e+00,4.589438e+00,2.821892e+00,4.867408e+00,4.866398e+00,4.949788e+00,4.603592e+00,4.724935e+00,4.837198e+00,4.676360e+00,4.954033e+00,4.539596e+00,4.744760e+00,4.776010e+00,4.726097e+00,4.988716e+00,4.620340e+00,4.772350e+00
4.894578e+00,4.818121e+00,4.653731e+00,4.751255e+00,4.654925e+00,4.832463e+00,4.836887e+00,4.873156e+00,4.739664e+00,4.443312e+00,4.894086e+00,4.557077e+00,4.467746e+00,3.574132e+00,4.744309e+00,4.788416e+00,4.366363e+00,4.538645e+00,2.923424e+00,3.558559e+00,3.642841e+00,3.563835e+00,2.885570e+00,2.934990e+00,3.497192e+00,3.634584e+00,3.053790e+00,4.201969e+00,3.391623e+00,2.952764e+00,3.074783e+00,4.147983e+00,3.270517e+00,6.679334e+00,3.046549e+00,2.956717e+00,2.914419e+00,3.556778e+00,3.099676e+00,3.519074e+00,2.751918e+00,5.675582e+00,2.473143e+00,3.190801e+00,4.684895e+00,3.114978e+00,2.738213e+00,2.569031e+00,3.030946e+00,4.272186e+00,2.863932e+00,4.127880e+00,4.413894e+00,3.383470e+00,4.374012e+00,4.243286e+00,2.703905e+00,3.477458e+00,2.987858e+00,2.752554e+00,2.544183e+00,2.438243e+00,3.117741e+00,4.328439e+00,4.360006e+00,3.085987e+00,9.618101e+00,3.201664e+00,4.785068e+00,3.118571e+00,3.451550e+00,3.197958e+00,4.205248e+00,2.988684e+00,2.619288e+00,5.253102e+00,3.341760e+00,2.449457e+00,3.167572e+00,4.174133e+00,3.179934e+00,2.744590e+00,3.152427e+00,3.179206e+00,3.589382e+00,4.203096e+00,4.504818e+00,4.617487e+00,4.780548e+00,4.859423e+00,4.593848e+00,3.782423e+00,2.913660e+00,4.416895e+00,4.558419e+00,4.930744e+00,4.893888e+00,4.778573e+00,4.819876e+00,5.015159e+00,4.948283e+00,4.873610e+00,4.622294e+00,4.426055e+00,4.711877e+00,5.005622e+00,4.038649e+00,5.022577e+00
4.430951e+00,4.810088e+00,4.761709e+00,4.767655e+00,4.676565e+00,4.830119e+00,4.803227e+00,4.839303e+00,4.870024e+00,4.917045e+00,4.623647e+00,4.817975e+00,4.615961e+00,4.895251e+00,4.666473e+00,4.563343e+00,4.804869e+00,4.851490e+00,4.055155e+00,3.061235e+00,4.379645e+00,4.185901e+00,3.089955e+00,2.546861e+00,3.912692e+00,3.579940e+00,2.683768e+00,7.880894e+00,4.129926e+00,3.164285e+00,4.284972e+00,3.848634e+00,3.328777e+00,3.238031e+00,3.481455e+00,3.258988e+00,2.804469e+00,2.973810e+00,2.577701e+00,2.661817e+00,2.945865e+00,3.298947e+00,4.064349e+00,3.084437e+00,3.307837e+00,3.629519e+00,3.954840e+00,2.651005e+00,2.924334e+00,2.721299e+00,2.984796e+00,2.773224e+00,4.099298e+00,3.041017e+00,3.389064e+00,2.432564e+00,3.156354e+00,4.085651e+00,4.130374e+00,3.355868e+00,2.617912e+00,3.329851e+00,3.573913e+00,3.093858e+00,3.224458e+00,2.817773e+00,5.061031e+00,3.282593e+00,3.054437e+00,4.625105e+00,2.848949e+00,3.835958e+00,3.026906e+00,2.438759e+00,4.278104e+00,3.078398e+00,3.258332e+00,3.301306e+00,3.328580e+00,3.035443e+00,4.210253e+00,3.126488e+00,3.814337e+00,4.150729e+00,4.525577e+00,4.141606e+00,3.948120e+00,4.758860e+00,4.764835e+00,4.712861e+00,3.077481e+00,2.536839e+00,4.288391e+00,4.562327e+00,4.771113e+00,4.910257e+00,4.695257e+00,4.526082e+00,4.803633e+00,4.983024e+00,4.789678e+00,4.491589e+00,5.030523e+00,4.420439e+00,4.912001e+00,4.664256e+00,4.370980e+00,4.987789e+00
4.767031e+00,4.586446e+00,4.884836e+00,4.707768e+00,4.462441e+00,4.963254e+00,4.629755e+00,4.785470e+00,4.875112e+00,4.354405e+00,4.909008e+00,4.912329e+00,4.789373e+00,4.623835e+00,4.859105e+00,3.161389e+00,4.812360e+00,4.633191e+00,4.520877e+00,3.889125e+00,2.888803e+00,3.599231e+00,3.532039e+00,3.035457e+00,2.574095e+00,3.018604e+00,2.732804e+00,3.397883e+00,3.541208e+00,3.339897e+00,9.950615e+00,4.685278e+00,3.663245e+00,3.751959e+00,2.983382e+00,3.128933e+00,3.354854e+00,3.013932e+00,2.628438e+00,3.166932e+00,2.974891e+00,3.234701e+00,2.531345e+00,2.769943e+00,2.980291e+00,4.160592e+00,4.114635e+00,4.278876e+00,2.892625e+00,3.439018e+00,2.840402e+00,3.481523e+00,4.665565e+00,3.128989e+00,3.153629e+00,4.033328e+00,2.611181e+00,2.887612e+00,3.220728e+00,2.844028e+00,3.702435e+00,4.406307e+00,3.274944e+00,2.900389e+00,2.840717e+00,6.272421e+00,2.743897e+00,2.585840e+00,3.489132e+00,4.198121e+00,2.681772e+00,2.859669e+00,4.818244e+00,4.892179e+00,3.145738e+00,2.756647e+00,2.448698e+00,2.469718e+00,3.867746e+00,3.413861e+00,3.022094e+00,3.048339e+00,3.065251e+00,4.387120e+00,3.573401e+00,4.242895e+00,4.575485e+00,4.885680e+00,4.593268e+00,4.168036e+00,2.892455e+00,4.466597e+00,4.656989e+00,4.538885e+00,4.667829e+00,4.823038e+00,4.444395e+00,4.837545e+00,4.581315e+00,4.848336e+00,4.091382e+00,4.777114e+00,4.872542e+00,4.775986e+00,4.590136e+00,4.973477e+00,4.539649e+00,4.934733e+00
4.681744e+00,4.706258e+00,4.681043e+00,4.846341e+00,4.565656e+00,4.767968e+00,4.868644e+00,4.816196e+00,4.813251e+00,4.666578e+00,4.725857e+00,4.757337e+00,4.910487e+00,4.859518e+00,4.138629e+00,4.183458e+00,4.779864e+00,4.884621e+00,4.813409e+00,4.675573e+00,3.950365e+00,3.030446e+00,3.340118e+00,2.720759e+00,4.661162e+00,4.218516e+00,3.854911e+00,3.454011e+00,4.153427e+00,4.067455e+00,3.034040e+00,3.166717e+00,3.117279e+00,3.118581e+00,3.194079e+00,3.963771e+00,3.196610e+00,3.150906e+00,3.124838e+00,3.878818e+00,2.807924e+00,6.295697e+00,5.016402e+00,2.766395e+00,2.485036e+00,3.473898e+00,3.365403e+00,3.162929e+00,3.631971e+00,3.757181e+00,3.273385e+00,3.193300e+00,4.557337e+00,3.024571e+00,4.812864e+00,3.429396e+00,3.262439e+00,2.795545e+00,3.316940e+00,2.350390e+00,3.151864e+00,2.703527e+00,2.724104e+00,3.382671e+00,3.053017e+00,3.542992e+00,4.562141e+00,3.233010e+00,2.806328e+00,4.422483e+00,4.781450e+00,4.541224e+00,4.626618e+00,4.316271e+00,4.660412e+00,3.642571e+00,3.164186e+00,3.454442e+00,4.386980e+00,4.482419e+00,2.451741e+00,3.229322e+00,4.146613e+00,4.557368e+00,3.868475e+00,4.756937e+00,4.521269e+00,4.757790e+00,4.614095e+00,3.554098e+00,4.668808e+00,3.087499e+00,4.996232e+00,4.544536e+00,4.892511e+00,4.564952e+00,4.836209e+00,4.547085e+00,4.909895e+00,4.472750e+00,4.874444e+00,4.919012e+00,4.430344e+00,4.845834e+00,4.472295e+00,4.843343e+00,4.854685e+00,4.834912e+00
4.637108e+00,4.802860e+00,4.580282e+00,4.536925e+00,4.701969e+00,4.608045e+00,4.804302e+00,4.203111e+00,4.750362e+00,4.578772e+00,4.910429e+00,4.761730e+00,4.725967e+00,4.357985e+00,4.454647e+00,3.118822e+00,4.294174e+00,4.814292e+00,4.805140e+00,4.673847e+00,4.515301e+00,3.731385e+00,4.224074e+00,3.128670e+00,4.500349e+00,2.992739e+00,3.013147e+00,2.812067e+00,3.039113e+00,3.624462e+00,4.544148e+00,3.412545e+00,2.667985e+00,3.899894e+00,2.387036e+00,3.040309e+00,3.171608e+00,2.433404e+00,3.369144e+00,2.418385e+00,3.412572e+00,2.544055e+00,2.678747e+00,3.704271e+00,2.876050e+00,2.585892e+00,3.118312e+00,2.916750e+00,2.627502e+00,3.652985e+00,3.174836e+00,2.761192e+00,3.258472e+00,4.743309e+00,2.642148e+00,2.587329e+00,2.310175e+00,4.730922e+00,4.086913e+00,3.897202e+00,4.371209e+00,2.707659e+00,2.464365e+00,3.661942e+00,3.993079e+00,3.750163e+00,3.225912e+00,2.791810e+00,4.720432e+00,4.910550e+00,4.731901e+00,4.991210e+00,2.669839e+00,3.249311e+00,3.465130e+00,4.390101e+00,2.708664e+00,4.729930e+00,3.379699e+00,2.898132e+00,4.320796e+00,4.040912e+00,4.151233e+00,4.831403e+00,4.390341e+00,4.958408e+00,4.234902e+00,4.718336e+00,7.192679e+00,3.556105e+00,4.256576e+00,4.701227e+00,4.822396e+00,4.741878e+00,4.853530e+00,4.801861e+00,4.582542e+00,5.047372e+00,4.843886e+00,4.584079e+00,4.883764e+00,4.799697e+00,4.809776e+00,4.200885e+00,4.840433e+00,4.649424e+00,4.861468e+00,4.724624e+00
4.748180e+00,4.340694e+00,4.653102e+00,4.672593e+00,4.759659e+00,4.589934e+00,4.838284e+00,4.921235e+00,4.528489e+00,4.478842e+00,4.935752e+00,4.773563e+00,4.380147e+00,4.606167e+00,4.765801e+00,4.118512e+00,4.618627e+00,4.561108e+00,4.783242e+00,4.884868e+00,4.956402e+00,4.756081e+00,4.767966e+00,3.589654e+00,3.686954e+00,3.173712e+00,3.289837e+00,2.853531e+00,3.165940e+00,3.152397e+00,2.714466e+00,4.659798e+00,3.246011e+00,3.324923e+00,2.991420e+00,3.140771e+00,3.199772e+00,2.856262e+00,3.409473e+00,2.862455e+00,3.230623e+00,3.432657e+00,3.327838e+00,3.133319e+00,3.157080e+00,5.160190e+00,2.761150e+00,2.776676e+00,2.952801e+00,2.641814e+00,3.179315e+00,4.061995e+00,2.972421e+00,4.962095e+00,3.140060e+00,3.775570e+00,8.712821e+00,4.807193e+00,3.165967e+00,4.074858e+00,4.188580e+00,2.840838e+00,3.642585e+00,3.124505e+00,3.056514e+00,2.723210e+00,4.630394e+00,4.945016e+00,4.579641e+00,4.478771e+00,4.484910e+00,2.929872e+00,3.213662e+00,3.099265e+00,2.743691e+00,3.047942e+00,3.029001e+00,2.642269e+00,3.384744e+00,2.998169e+00,4.661417e+00,4.406485e+00,4.202614e+00,4.724832e+00,4.782542e+00,4.720837e+00,4.607601e+00,2.600517e+00,3.726232e+00,4.145496e+00,4.853548e+00,4.617121e+00,4.548630e+00,4.886914e+00,4.816575e+00,4.547573e+00,4.481967e+00,4.812095e+00,5.052158e+00,4.768067e+00,4.393625e+00,4.807129e+00,4.696253e+00,4.869800e+00,4.926616e+00,4.741787e+00,4.591532e+00,4.813139e+00
4.529504e+00,4.961893e+00,4.334217e+00,4.715476e+00,4.845813e+00,4.700973e+00,4.602358e+00,4.785105e+00,4.376949e+00,4.895485e+00,4.657065e+00,4.592062e+00,4.576798e+00,4.797555e+00,4.822426e+00,4.691611e+00,4.768330e+00,4.352195e+00,3.071269e+00,4.605989e+00,4.681382e+00,4.779889e+00,4.491683e+00,2.529978e+00,4.785171e+00,4.437364e+00,2.507475e+00,3.757423e+00,2.805361e+00,2.843525e+00,4.541237e+00,3.095413e+00,4.736362e+00,3.422667e+00,3.356099e+00,3.510848e+00,2.291088e+00,2.640240e+00,3.650265e+00,5.000604e+00,3.322309e+00,3.071297e+00,3.250019e+00,3.337037e+00,3.457715e+00,5.233457e+00,3.309262e+00,4.123358e+00,3.006442e+00,4.331572e+00,3.337387e+00,4.263274e+00,3.846389e+00,4.640912e+00,3.212888e+00,3.727256e+00,3.354604e+00,4.298227e+00,2.936715e+00,4.500622e+00,2.953317e+00,2.737949e+00,2.360193e+00,3.910950e+00,4.151487e+00,5.084626e+00,3.069921e+00,4.867957e+00,3.455157e+00,2.814076e+00,3.078545e+00,3.543802e+00,3.002538e+00,3.628605e+00,3.110624e+00,4.582806e+00,4.062081e+00,4.384548e+00,4.601743e+00,3.564564e+00,4.652436e+00,4.227842e+00,4.756284e+00,4.678218e+00,4.496790e+00,4.684757e+00,3.375687e+00,3.434230e+00,4.331217e+00,4.658796e+00,3.947707e+00,5.011292e+00,4.242784e+00,4.717080e+00,4.808779e+00,4.332868e+00,4.706098e+00,4.757594e+00,4.615605e+00,4.816044e+00,5.002980e+00,4.721940e+00,4.777379e+00,4.316874e+00,4.638951e+00,4.973953e+00,4.880419e+00,4.807071e+00
4.771808e+00,4.747315e+00,4.950840e+00,5.010646e+00,4.728151e+00,4.915159e+00,4.852459e+00,4.876419e+00,4.742282e+00,4.767917e+00,4.713197e+00,4.429596e+00,4.559931e+00,4.866013e+00,4.576896e+00,4.391390e+00,4.878908e+00,4.715261e+00,4.632610e+00,4.735979e+00,4.761081e+00,4.816714e+00,4.767592e+00,4.739978e+00,4.830957e+00,4.562363e+00,4.323445e+00,3.701065e+00,3.319864e+00,2.952731e+00,3.846871e+00,2.619952e+00,8.968548e+00,3.748518e+00,3.608166e+00,4.130398e+00,3.502476e+00,3.035852e+00,2.834951e+00,3.225358e+00,3.342878e+00,2.696074e+00,2.927001e+00,3.196078e+00,2.661822e+00,3.750138e+00,4.277657e+00,4.455240e+00,4.801638e+00,4.677068e+00,4.759304e+00,4.572746e+00,4.869714e+00,4.996041e+00,3.362295e+00,2.396541e+00,4.347457e+00,3.576509e+00,2.721252e+00,4.501746e+00,4.469105e+00,3.043778e+00,2.924407e+00,4.380560e+00,4.965810e+00,4.902783e+00,2.932170e+00,3.243367e+00,4.099006e+00,2.990235e+00,3.556760e+00,3.584594e+00,4.122577e+00,3.282285e+00,4.243069e+00,3.368229e+00,4.401021e+00,3.168965e+00,4.155154e+00,4.488293e+00,4.564311e+00,4.833738e+00,4.697106e+00,4.771473e+00,4.770952e+00,4.436962e+00,3.299924e+00,4.706336e+00,4.652463e+00,5.019977e+00,4.839498e+00,4.920923e+00,4.819638e+00,4.671513e+00,4.935223e+00,5.012178e+00,4.710683e+00,4.885853e+00,4.860721e+00,4.876484e+00,4.662634e+00,4.894471e+00,4.757036e+00,4.790587e+00,4.675924e+00,4.970769e+00,4.496408e+00,4.653832e+00
4.686406e+00,5.050963e+00,4.988960e+00,4.480046e+00,4.827955e+00,4.719169e+00,4.416127e+00,4.940128e+00,4.779371e+00,4.648206e+00,4.453929e+00,4.122317e+00,4.394533e+00,4.348966e+00,4.554188e+00,4.294077e+00,4.724369e+00,4.928506e+00,4.834380e+00,4.845556e+00,4.565865e+00,4.648300e+00,4.744399e+00,4.685456e+00,4.640297e+00,4.445042e+00,2.845093e+00,4.517900e+00,4.044719e+00,3.013271e+00,3.035003e+00,5.164359e+00,2.742919e+00,3.125160e+00,3.492873e+00,2.987712e+00,3.169424e+00,4.079992e+00,3.186392e+00,3.678928e+00,4.438066e+00,4.368645e+00,2.682587e+00,2.748699e+00,2.669704e+00,4.182109e+00,3.271804e+00,2.666270e+00,4.370809e+00,4.711685e+00,4.795771e+00,4.689932e+00,4.485667e+00,4.696843e+00,4.750411e+00,4.726424e+00,4.698615e+00,4.848284e+00,3.329039e+00,3.008115e+00,2.925375e+00,3.311239e+00,2.819161e+00,2.962693e+00,2.992263e+00,3.125574e+00,2.832791e+00,2.912714e+00,3.117700e+00,3.162234e+00,2.738927e+00,4.132883e+00,4.415761e+00,4.907042e+00,4.437696e+00,2.725517e+00,4.624184e+00,4.466909e+00,4.485315e+00,4.452964e+00,4.262342e+00,5.007223e+00,4.935287e+00,4.766139e+00,2.813619e+00,4.760677e+00,4.184575e+00,4.971591e+00,4.836278e+00,4.679697e+00,4.891739e+00,4.692795e+00,4.758318e+00,4.903740e+00,4.411567e+00,4.826412e+00,4.629168e+00,4.995592e+00,4.385485e+00,4.868858e+00,4.773819e+00,4.565255e+00,4.603978e+00,4.860311e+00,4.849529e+00,4.494322e+00,4.699863e+00,4.453766e+00
4.784175e+00,4.649563e+00,4.712358e+00,4.894692e+00,4.715302e+00,4.716552e+00,4.674281e+00,4.823137e+00,4.842440e+00,4.532366e+00,4.533548e+00,4.303797e+00,4.581323e+00,4.821453e+00,4.743031e+00,4.434693e+00,4.829474e+00,5.085741e+00,4.753749e+00,4.443168e+00,4.949960e+00,4.859893e+00,4.177789e+00,4.786267e+00,4.892060e+00,4.686064e+00,4.375261e+00,4.275747e+00,4.617832e+00,4.364178e+00,2.742606e+00,3.958544e+00,3.100688e+00,3.177371e+00,4.283163e+00,2.520999e+00,2.814973e+00,2.543047e+00,2.949946e+00,2.713621e+00,2.816516e+00,3.108073e+00,3.979495e+00,3.050704e+00,4.317714e+00,3.174017e+00,4.529692e+00,4.455055e+00,3.954329e+00,3.183273e+00,4.401051e+00,4.501449e+00,4.697618e+00,2.980016e+00,5.029615e+00,4.931845e+00,4.933931e+00,4.466574e+00,3.449552e+00,3.981492e+00,3.734153e+00,3.066463e+00,2.540960e+00,3.241004e+00,4.884696e+00,2.864679e+00,3.361243e+00,4.556930e+00,4.161806e+00,3.211737e+00,3.951843e+00,3.639120e+00,4.354582e+00,3.867138e+00,3.404715e+00,4.144226e+00,4.217191e+00,4.686412e+00,4.725088e+00,4.693020e+00,5.021009e+00,4.932663e+00,3.976932e+00,3.981161e+00,3.204824e+00,4.770427e+00,4.888349e+00,4.572989e+00,4.876875e+00,4.671990e+00,4.739464e+00,4.582700e+00,4.997830e+00,4.614201e+00,4.843581e+00,4.593905e+00,4.876150e+00,4.143361e+00,4.655121e+00,4.748854e+00,4.410376e+00,4.924810e+00,4.574204e+00,4.838330e+00,4.452955e+00,4.886155e+00,4.928484e+00,4.852935e+00
4.779247e+00,4.870969e+00,4.806097e+00,4.874682e+00,4.255106e+00,4.711421e+00,4.874582e+00,4.693399e+00,4.818745e+00,4.833714e+00,4.989046e+00,4.888176e+00,4.795977e+00,4.931603e+00,4.769312e+00,4.839139e+00,4.790687e+00,4.822595e+00,4.824521e+00,4.846866e+00,4.544356e+00,4.983204e+00,4.154725e+00,4.722377e+00,4.904990e+00,4.904266e+00,4.477607e+00,4.300402e+00,4.753564e+00,4.301289e+00,3.717327e+00,3.658551e+00,2.429762e+00,3.119007e+00,3.866779e+00,2.350563e+00,3.818024e+00,4.556576e+00,4.661944e+00,3.590856e+00,3.331387e+00,3.186692e+00,2.605600e+00,4.620960e+00,3.022656e+00,3.231034e+00,4.392298e+00,3.044348e+00,3.389196e+00,4.242077e+00,3.693813e+00,4.853019e+00,4.662384e+00,4.384866e+00,4.744675e+00,2.683346e+00,3.246512e+00,3.243029e+00,4.255913e+00,3.645908e+00,2.910973e+00,3.234419e+00,2.886149e+00,3.057149e+00,3.350578e+00,4.093613e+00,2.478147e+00,2.668418e+00,3.148454e+00,3.265333e+00,2.507459e+00,4.688629e+00,3.838022e+00,3.065336e+00,4.207632e+00,4.392935e+00,4.734234e+00,4.468709e+00,4.767951e+00,4.719827e+00,4.903493e+00,4.518972e+00,2.424756e+00,4.038184e+00,4.928995e+00,4.769692e+00,4.318739e+00,4.842802e+00,4.706389e+00,4.990674e+00,4.869792e+00,4.731181e+00,4.914726e+00,4.776075e+00,4.806123e+00,4.938562e+00,4.743728e+00,4.762450e+00,4.813588e+00,4.202024e+00,4.430514e+00,4.743218e+00,4.806801e+00,4.426369e+00,4.338365e+00,4.979999e+00,4.763381e+00,4.833883e+00
4.676400e+00,4.841667e+00,4.449192e+00,4.708306e+00,4.894522e+00,4.695026e+00,5.054378e+00,4.719290e+00,4.347318e+00,4.415701e+00,5.024486e+00,4.766338e+00,4.817646e+00,4.875434e+00,4.778783e+00,4.747050e+00,4.661617e+00,4.726300e+00,4.462432e+00,4.934973e+00,4.628074e+00,4.369790e+00,4.314999e+00,4.450838e+00,4.404801e+00,4.913839e+00,4.637768e+00,3.589799e+00,4.726545e+00,4.909584e+00,4.081167e+00,4.087468e+00,4.400261e+00,5.408401e+00,2.673485e+00,3.083395e+00,2.630440e+00,2.953051e+00,3.390858e+00,5.281640e+00,5.010415e+00,2.557094e+00,3.717039e+00,3.332344e+00,2.825941e+00,2.783799e+00,3.333168e+00,2.909453e+00,2.950948e+00,3.592184e+00,2.647038e+00,3.337441e+00,4.893607e+00,3.530844e+00,4.867602e+00,4.949884e+00,3.476493e+00,2.806966e+00,3.827482e+00,3.152173e+00,3.914811e+00,3.128191e+00,4.348305e+00,2.989539e+00,4.162950e+00,3.118419e+00,3.002716e+00,3.674761e+00,2.757952e+00,3.194627e+00,4.587689e+00,3.175767e+00,4.428642e+00,4.186518e+00,4.651293e+00,4.480608e+00,4.733060e+00,4.823369e+00,4.272776e+00,4.851646e+00,3.271874e+00,3.834031e+00,4.557056e+00,3.578108e+00,4.649512e+00,4.956218e+00,4.611048e+00,4.837269e+00,4.711560e+00,4.933633e+00,4.341015e+00,4.711749e+00,4.751019e+00,4.556247e+00,4.399281e+00,4.563787e+00,4.465808e+00,4.878044e+00,4.123078e+00,4.878173e+00,4.861527e+00,4.511541e+00,5.089919e+00,4.841661e+00,4.665287e+00,4.281236e+00,4.821755e+00,4.548980e+00
4.867128e+00,4.785133e+00,4.522585e+00,4.660322e+00,4.485203e+00,4.457905e+00,4.462422e+00,4.875850e+00,4.480323e+00,4.468779e+00,4.983719e+00,4.840698e+00,4.917254e+00,4.753908e+00,4.757079e+00,4.863637e+00,4.820463e+00,4.446182e+00,4.702892e+00,4.676905e+00,4.756866e+00,4.245594e+00,4.502233e+00,4.890249e+00,4.401386e+00,4.228517e+00,4.987152e+00,4.872629e+00,4.681107e+00,4.400533e+00,3.918262e+00,2.691277e+00,4.138898e+00,3.251161e+00,4.429009e+00,3.474026e+00,3.784312e+00,3.184810e+00,3.032578e+00,3.045078e+00,2.746369e+00,2.504188e+00,3.660039e+00,3.466435e+00,2.959625e+00,3.516830e+00,3.762245e+00,3.133122e+00,3.318995e+00,3.920454e+00,4.544393e+00,4.815611e+00,4.366515e+00,4.607409e+00,4.625811e+00,3.869455e+00,3.800424e+00,3.210960e+00,3.181735e+00,3.029463e+00,3.865677e+00,3.060464e+00,3.522897e+00,4.174364e+00,3.324009e+00,2.391480e+00,2.507449e+00,3.328985e+00,3.297431e+00,4.287923e+00,4.440803e+00,4.114540e+00,4.716760e+00,3.698198e+00,4.718366e+00,4.860227e+00,4.752889e+00,4.960220e+00,4.484802e+00,3.227016e+00,2.921128e+00,4.803400e+00,4.471797e+00,4.151265e+00,4.910847e+00,4.818732e+00,4.920887e+00,4.748416e+00,4.711866e+00,4.896357e+00,4.736380e+00,4.829710e+00,4.777050e+00,4.695739e+00,4.734885e+00,4.867495e+00,4.731866e+00,4.684470e+00,4.690905e+00,4.456566e+00,4.819706e+00,4.402339e+00,4.760952e+00,4.699231e+00,4.049048e+00,4.346290e+00,4.656396e+00,4.697056e+00
4.933246e+00,4.683932e+00,4.724047e+00,4.489831e+00,4.623557e+00,4.783297e+00,4.657772e+00,4.574800e+00,4.714630e+00,4.911393e+00,4.339859e+00,4.406496e+00,4.355085e+00,4.802327e+00,4.650978e+00,4.321750e+00,4.762762e+00,4.807382e+00,4.910278e+00,4.684578e+00,4.340537e+00,4.686290e+00,4.306993e+00,4.807006e+00,4.599556e+00,4.484875e+00,4.302320e+00,4.776847e+00,4.676536e+00,5.026133e+00,4.558038e+00,4.633003e+00,4.653637e+00,4.725424e+00,3.739944e+00,3.432621e+00,3.553844e+00,3.195923e+00,3.358313e+00,2.584165e+00,3.980241e+00,3.181735e+00,3.158059e+00,4.473668e+00,2.641365e+00,4.523248e+00,3.254183e+00,4.238538e+00,4.323606e+00,2.630110e+00,4.329840e+00,4.827782e+00,4.502127e+00,4.823971e+00,4.882067e+00,4.409644e+00,3.057383e+00,3.380432e+00,3.597726e+00,2.737099e+00,3.983303e+00,3.781867e+00,3.192999e+00,2.920168e+00,4.229135e+00,3.031012e+00,2.644177e+00,3.756056e+00,4.500374e+00,4.671331e+00,4.355445e+00,4.449455e+00,4.734827e+00,4.917590e+00,4.964118e+00,4.714834e+00,4.818201e+00,3.774123e+00,3.534802e+00,3.674581e+00,4.752763e+00,4.363175e+00,4.501703e+00,5.011664e+00,4.758750e+00,4.804210e+00,4.665614e+00,4.475936e+00,4.952157e+00,4.667546e+00,4.848801e+00,4.849741e+00,4.515584e+00,4.744783e+00,4.642159e+00,4.618373e+00,4.870379e+00,4.664853e+00,4.362841e+00,4.717291e+00,4.764810e+00,4.924581e+00,4.758065e+00,4.467286e+00,4.881265e+00,4.658010e+00,4.952007e+00,4.570191e+00
4.808842e+00,4.969084e+00,4.879495e+00,4.537590e+00,4.725721e+00,4.790527e+00,4.798143e+00,4.495487e+00,4.902875e+00,4.777024e+00,4.713657e+00,4.900490e+00,4.603334e+00,4.937095e+00,4.730465e+00,4.723731e+00,4.839973e+00,4.869770e+00,4.736400e+00,4.770579e+00,4.680273e+00,4.822619e+00,4.446935e+00,5.027376e+00,4.899905e+00,4.851278e+00,4.351458e+00,4.701223e+00,3.836019e+00,4.734385e+00,4.721887e+00,4.925282e+00,4.801953e+00,4.735702e+00,4.730459e+00,4.541361e+00,4.681910e+00,4.504488e+00,3.139098e+00,2.897230e+00,4.012678e+00,2.938537e+00,3.247658e+00,3.577642e+00,3.835718e+00,3.372811e+00,3.016802e+00,3.221536e+00,4.631622e+00,4.812416e+00,2.982530e+00,4.565329e+00,4.798467e+00,4.126206e+00,4.848899e+00,4.335103e+00,3.818871e+00,3.171422e+00,3.187881e+00,3.096446e+00,3.218347e+00,4.686645e+00,3.173777e+00,2.951545e+00,2.879901e+00,4.340002e+00,3.932708e+00,4.522096e+00,4.507599e+00,4.217548e+00,4.569437e+00,5.004246e+00,4.477749e+00,4.673131e+00,4.855149e+00,4.945792e+00,4.307598e+00,4.434527e+00,4.775315e+00,3.049599e+00,4.695694e+00,4.697461e+00,4.841336e+00,4.890926e+00,4.198395e+00,4.991688e+00,4.638535e+00,4.377604e+00,4.753446e+00,4.879016e+00,4.707373e+00,5.025538e+00,4.412020e+00,4.840019e+00,4.111233e+00,4.672140e+00,4.671828e+00,4.776986e+00,4.492824e+00,4.833485e+00,4.768177e+00,4.279522e+00,4.504493e+00,4.801948e+00,4.731692e+00,4.752044e+00,4.854536e+00,4.392014e+00
4.854355e+00,5.026223e+00,4.722041e+00,4.682052e+00,4.734579e+00,4.852332e+00,4.787496e+00,4.791307e+00,4.730014e+00,5.037212e+00,4.788016e+00,4.874585e+00,4.700906e+00,4.815715e+00,4.589777e+00,4.795978e+00,4.810486e+00,4.817527e+00,5.085959e+00,4.495493e+00,4.888066e+00,4.488902e+00,4.661524e+00,4.724241e+00,4.769160e+00,4.811725e+00,4.906882e+00,4.826783e+00,4.778612e+00,4.435614e+00,4.753625e+00,4.451597e+00,4.418181e+00,4.917830e+00,4.363354e+00,4.890768e+00,4.607735e+00,4.651810e+00,4.390442e+00,3.092371e+00,3.798840e+00,3.106590e+00,4.439752e+00,2.842360e+00,3.641757e+00,4.047251e+00,4.267639e+00,3.710094e+00,4.451690e+00,2.539578e+00,2.599603e+00,3.208412e+00,2.737029e+00,4.637351e+00,3.613486e+00,3.215096e+00,4.192117e+00,2.777144e+00,2.950083e+00,3.736868e+00,4.259079e+00,3.520766e+00,4.099447e+00,4.023820e+00,4.355360e+00,3.604037e+00,4.087683e+00,4.782450e+00,4.028375e+00,4.506592e+00,4.798080e+00,4.912545e+00,4.810694e+00,4.427164e+00,3.652325e+00,4.736808e+00,4.674397e+00,4.183154e+00,4.865981e+00,4.695177e+00,4.539226e+00,4.594379e+00,4.964719e+00,4.926866e+00,4.430786e+00,5.072389e+00,4.661566e+00,4.781736e+00,4.188669e+00,4.599150e+00,4.508972e+00,4.867396e+00,4.773719e+00,4.686173e+00,5.030147e+00,4.610669e+00,4.492659e+00,4.599689e+00,4.652423e+00,4.630886e+00,4.769834e+00,4.928174e+00,4.232995e+00,4.723333e+00,4.719873e+00,4.882020e+00,5.061040e+00,4.316643e+00
4.996233e+00,4.742308e+00,4.951501e+00,4.504076e+00,4.674766e+00,4.843479e+00,4.984088e+00,4.475634e+00,4.887007e+00,4.883318e+00,4.628715e+00,4.651308e+00,4.760641e+00,4.843683e+00,4.052481e+00,4.838681e+00,4.972243e+00,4.793066e+00,4.797511e+00,4.487898e+00,4.896076e+00,4.490845e+00,4.331206e+00,4.395615e+00,4.623405e+00,4.647958e+00,4.826968e+00,4.852626e+00,4.475047e+00,4.762780e+00,4.578554e+00,4.570482e+00,3.267129e+00,4.671387e+00,4.957395e+00,4.649737e+00,4.340832e+00,4.701468e+00,4.666866e+00,4.518917e+00,4.718971e+00,4.109504e+00,3.647038e+00,4.630969e+00,3.410389e+00,3.009982e+00,4.358934e+00,3.811812e+00,3.218088e+00,2.797970e+00,2.643811e+00,2.691508e+00,2.657690e+00,3.054961e+00,3.075734e+00,2.757379e+00,4.352902e+00,3.484881e+00,3.240566e+00,4.394102e+00,4.378487e+00,3.420041e+00,4.630309e+00,4.644171e+00,4.660296e+00,4.532230e+00,4.478281e+00,4.718980e+00,4.359229e+00,4.821203e+00,4.703291e+00,4.622256e+00,3.442462e+00,2.775745e+00,4.777202e+00,4.210149e+00,4.949382e+00,4.830768e+00,4.879954e+00,4.797759e+00,4.702507e+00,4.801289e+00,4.750005e+00,4.600748e+00,4.403160e+00,4.299079e+00,4.458540e+00,4.844209e+00,4.840078e+00,5.081413e+00,4.080551e+00,4.936759e+00,4.925248e+00,4.203782e+00,4.873732e+00,4.895924e+00,4.397837e+00,4.522635e+00,4.583325e+00,4.710709e+00,4.710306e+00,4.409941e+00,4.527618e+00,4.882297e+00,4.891001e+00,4.833439e+00,4.592417e+00,4.357365e+00
4.664468e+00,4.961102e+00,4.493877e+00,4.820552e+00,4.686121e+00,4.789011e+00,4.331718e+00,4.367173e+00,4.663461e+00,4.860215e+00,4.510112e+00,4.628244e+00,4.709235e+00,4.764671e+00,4.745920e+00,4.826813e+00,4.325739e+00,4.536766e+00,4.958463e+00,4.630321e+00,4.856336e+00,4.699439e+00,4.809622e+00,4.628382e+00,4.916219e+00,4.611267e+00,4.796931e+00,5.058563e+00,4.538460e+00,4.611805e+00,4.993259e+00,4.103241e+00,4.351571e+00,4.440288e+00,4.600928e+00,2.872789e+00,4.706300e+00,4.823488e+00,4.632095e+00,4.758468e+00,4.634578e+00,4.922168e+00,4.854935e+00,4.190334e+00,4.609435e+00,4.321816e+00,4.431985e+00,4.466829e+00,4.689257e+00,4.261291e+00,4.415200e+00,3.534918e+00,2.578302e+00,3.961144e+00,3.057906e+00,3.540129e+00,4.273657e+00,4.176429e+00,4.905628e+00,4.665524e+00,4.516917e+00,4.880534e+00,4.715026e+00,4.749782e+00,4.929117e+00,5.102553e+00,4.755261e+00,4.878545e+00,4.369758e+00,2.938857e+00,4.373670e+00,4.526212e+00,4.692268e+00,4.346651e+00,4.758300e+00,4.898477e+00,4.902584e+00,4.577376e+00,4.603388e+00,4.951954e+00,4.555371e+00,4.659996e+00,4.537771e+00,4.543858e+00,4.496859e+00,4.674137e+00,4.653225e+00,4.746895e+00,4.624084e+00,4.564557e+00,4.329435e+00,4.368768e+00,4.565942e+00,4.583089e+00,4.889788e+00,4.948955e+00,4.687271e+00,4.861747e+00,4.559031e+00,4.574560e+00,4.840814e+00,4.573948e+00,4.849635e+00,4.737717e+00,4.547487e+00,4.589005e+00,4.690305e+00,4.491933e+00
4.382562e+00,4.633977e+00,4.962969e+00,4.897972e+00,4.783360e+00,4.691935e+00,4.770387e+00,4.768785e+00,4.305840e+00,5.017144e+00,4.659669e+00,4.288086e+00,5.115965e+00,4.766719e+00,4.046685e+00,4.931490e+00,4.642778e+00,4.437388e+00,4.628176e+00,4.579609e+00,4.587639e+00,4.226397e+00,4.700465e+00,4.450297e+00,4.596081e+00,5.032884e+00,4.756877e+00,4.764470e+00,4.598155e+00,4.921263e+00,4.930133e+00,4.877922e+00,4.428291e+00,4.743689e+00,4.168009e+00,4.841645e+00,4.463891e+00,4.735169e+00,4.647965e+00,4.210949e+00,4.652466e+00,4.792973e+00,4.336747e+00,4.902906e+00,4.803527e+00,3.889042e+00,4.460425e+00,4.921484e+00,4.712342e+00,4.754461e+00,4.125069e+00,4.764564e+00,4.337126e+00,4.982955e+00,4.802416e+00,4.745303e+00,4.673913e+00,4.728081e+00,4.767997e+00,4.478141e+00,4.703274e+00,4.441621e+00,4.909192e+00,4.862903e+00,4.551700e+00,4.198015e+00,4.995505e+00,3.948726e+00,3.528500e+00,4.630842e+00,3.754039e+00,3.911135e+00,4.684878e+00,4.867056e+00,4.836788e+00,4.769204e+00,4.930980e+00,4.826307e+00,4.509584e+00,4.820128e+00,4.946618e+00,4.685927e+00,4.876532e+00,4.716340e+00,4.780637e+00,4.997282e+00,4.801085e+00,4.454535e+00,4.230408e+00,4.674261e+00,4.328384e+00,4.799354e+00,4.908864e+00,4.673036e+00,4.789952e+00,4.895455e+00,4.450081e+00,4.816127e+00,4.649749e+00,4.917233e+00,4.692393e+00,4.839829e+00,4.603502e+00,4.767217e+00,4.944106e+00,4.812756e+00,4.924521e+00,4.857231e+00
4.736968e+00,4.892185e+00,4.540149e+00,4.492476e+00,4.737138e+00,4.506690e+00,4.844012e+00,4.589151e+00,4.306104e+00,4.792283e+00,4.918417e+00,4.629170e+00,4.617426e+00,4.864882e+00,4.766778e+00,4.606008e+00,4.800125e+00,4.812062e+00,4.372215e+00,5.021416e+00,4.797114e+00,4.786634e+00,4.474214e+00,4.926751e+00,4.772492e+00,4.637212e+00,4.180874e+00,4.913393e+00,4.337847e+00,4.768161e+00,4.785045e+00,4.726296e+00,4.612384e+00,4.671469e+00,4.990608e+00,4.900040e+00,3.433876e+00,4.808048e+00,4.212845e+00,3.986806e+00,4.228477e+00,4.678388e+00,4.577626e+00,4.605257e+00,4.855982e+00,4.750981e+00,4.895753e+00,4.679109e+00,4.814593e+00,4.783772e+00,4.826185e+00,4.924844e+00,4.253596e+00,4.743205e+00,4.646552e+00,4.720107e+00,4.974978e+00,4.798651e+00,4.564616e+00,4.863735e+00,4.569990e+00,4.965276e+00,4.824771e+00,4.285565e+00,2.751020e+00,4.535565e+00,4.754828e+00,4.848839e+00,4.809284e+00,3.337330e+00,4.893280e+00,4.875789e+00,4.860808e+00,4.836142e+00,4.500258e+00,4.880431e+00,4.546593e+00,4.554670e+00,4.652663e+00,4.914782e+00,4.646978e+00,4.489625e+00,4.642750e+00,4.653053e+00,4.645477e+00,4.673779e+00,4.769924e+00,4.757974e+00,4.541384e+00,4.810598e+00,4.806614e+00,4.961321e+00,4.776802e+00,4.826245e+00,4.496437e+00,4.900715e+00,4.765210e+00,4.375951e+00,4.367167e+00,4.755974e+00,4.479830e+00,4.609826e+00,4.476663e+00,4.930264e+00,4.828979e+00,4.598060e+00,4.737197e+00,4.780349e+00
4.406277e+00,4.786511e+00,4.415875e+00,4.808735e+00,4.980713e+00,4.871391e+00,4.705483e+00,4.745626e+00,4.772194e+00,4.879013e+00,4.565842e+00,4.768756e+00,4.864675e+00,4.716441e+00,4.510773e+00,4.884014e+00,4.866209e+00,4.572099e+00,4.963554e+00,4.308146e+00,4.582441e+00,4.698656e+00,4.711473e+00,4.383861e+00,4.739561e+00,4.746023e+00,4.736234e+00,4.989376e+00,4.836689e+00,4.706485e+00,4.553643e+00,4.936692e+00,4.308322e+00,4.831512e+00,4.940869e+00,4.772327e+00,4.938287e+00,4.378527e+00,4.833095e+00,4.727578e+00,4.915037e+00,4.829470e+00,4.964177e+00,4.127199e+00,4.776613e+00,4.717586e+00,2.881922e+00,4.606354e+00,4.795967e+00,4.562213e+00,4.204715e+00,4.903836e+00,4.854773e+00,4.224937e+00,4.610096e+00,4.780711e+00,4.868762e+00,4.752470e+00,3.664351e+00,4.688930e+00,2.987452e+00,4.652300e+00,3.456323e+00,4.307765e+00,4.786164e+00,4.016025e+00,3.619805e+00,4.122260e+00,4.490967e+00,4.044807e+00,4.777210e+00,4.726292e+00,4.713370e+00,5.037163e+00,4.976676e+00,4.903695e+00,4.538793e+00,4.357198e+00,4.929271e+00,4.247010e+00,4.780128e+00,4.835343e+00,4.462449e+00,4.857984e+00,4.763563e+00,4.845103e+00,4.765469e+00,4.637670e+00,4.516057e+00,4.792307e+00,4.982389e+00,4.887628e+00,4.749084e+00,4.771590e+00,5.091161e+00,4.594992e+00,4.819546e+00,4.796170e+00,4.765993e+00,4.988966e+00,4.829224e+00,4.679858e+00,4.765265e+00,5.008287e+00,4.710645e+00,4.556513e+00,4.751596e+00,4.780503e+00
4.687848e+00,4.413800e+00,4.831319e+00,4.543025e+00,4.905370e+00,4.536841e+00,5.026658e+00,4.643125e+00,4.677319e+00,3.754097e+00,4.681241e+00,4.423731e+00,4.808400e+00,4.744916e+00,4.877936e+00,4.780917e+00,4.412753e+00,4.871006e+00,4.803731e+00,4.896356e+00,5.003600e+00,4.666297e+00,4.763416e+00,3.971030e+00,4.912807e+00,4.877175e+00,4.454117e+00,4.737077e+00,4.849975e+00,4.811096e+00,4.829330e+00,4.794510e+00,4.859974e+00,4.815826e+00,4.815316e+00,4.637914e+00,4.749789e+00,4.531621e+00,4.839964e+00,4.827355e+00,4.917104e+00,4.939093e+00,4.844202e+00,4.032481e+00,3.697058e+00,4.485558e+00,4.750032e+00,4.401077e+00,4.841153e+00,4.702634e+00,4.459237e+00,4.672592e+00,4.386119e+00,4.444885e+00,4.726409e+00,4.434090e+00,4.582796e+00,4.863193e+00,4.740713e+00,4.499141e+00,4.316890e+00,4.816019e+00,4.365936e+00,4.778225e+00,4.967960e+00,4.934806e+00,4.730829e+00,4.490213e+00,4.531392e+00,4.577930e+00,4.744432e+00,4.708689e+00,4.510314e+00,4.887116e+00,4.682181e+00,4.857387e+00,4.941422e+00,4.765590e+00,4.666759e+00,4.605697e+00,4.728143e+00,4.603976e+00,4.724516e+00,4.813196e+00,4.784584e+00,4.947087e+00,4.751646e+00,4.689245e+00,4.731268e+00,4.097566e+00,4.704482e+00,4.897722e+00,4.731693e+00,4.790021e+00,4.641107e+00,4.995747e+00,4.922601e+00,4.865320e+00,4.877707e+00,4.596940e+00,4.946106e+00,4.815165e+00,4.800484e+00,4.798876e+00,4.982958e+00,4.860028e+00,4.753962e+00,4.371510e+00
4.780163e+00,4.690753e+00,4.888107e+00,4.957115e+00,4.043616e+00,4.980481e+00,4.700512e+00,4.776053e+00,4.943106e+00,4.376005e+00,4.568116e+00,4.987855e+00,4.633620e+00,4.531906e+00,4.597781e+00,4.810798e+00,4.826216e+00,4.590303e+00,4.973204e+00,4.843762e+00,4.769691e+00,4.738820e+00,4.525684e+00,4.947783e+00,4.883468e+00,4.924798e+00,4.108857e+00,4.637441e+00,4.888881e+00,4.833015e+00,4.771244e+00,4.419276e+00,5.002064e+00,4.737967e+00,4.816592e+00,4.682041e+00,4.815259e+00,4.777244e+00,4.584143e+00,4.833962e+00,4.870610e+00,4.542320e+00,4.618324e+00,4.836610e+00,4.724775e+00,4.677494e+00,4.832923e+00,4.848695e+00,4.694088e+00,4.810253e+00,4.789426e+00,4.970193e+00,4.847870e+00,4.906077e+00,4.893499e+00,4.316004e+00,4.420335e+00,4.881102e+00,4.731839e+00,5.043930e+00,4.652927e+00,4.614612e+00,4.758646e+00,4.701402e+00,4.648587e+00,4.911149e+00,4.936358e+00,4.565623e+00,4.908839e+00,4.777993e+00,4.489540e+00,4.723960e+00,4.686159e+00,4.885384e+00,4.843701e+00,5.057718e+00,4.837712e+00,4.425950e+00,4.630710e+00,4.717570e+00,4.673999e+00,4.692475e+00,4.829008e+00,4.965541e+00,4.797744e+00,4.503239e+00,4.937617e+00,4.554459e+00,4.884972e+00,4.840704e+00,4.790326e+00,4.693353e+00,4.660453e+00,4.939832e+00,4.963649e+00,4.534659e+00,4.403429e+00,4.879828e+00,4.576895e+00,4.775936e+00,4.875810e+00,4.776783e+00,4.933202e+00,4.552459e+00,4.974972e+00,4.833846e+00,5.053962e+00,4.063260e+00
