4.714081e+00,4.992224e+00,4.674180e+00,5.040486e+00,4.622848e+00,4.777115e+00,5.057584e+00,4.842346e+00,4.817930e+00,5.011260e+00,4.765714e+00,4.724131e+00,4.760281e+00,4.966964e+00,4.517876e+00,4.805095e+00,4.814886e+00,4.659849e+00,4.884465e+00,4.940954e+00,4.887461e+00,4.701568e+00,4.658358e+00,4.907003e+00,4.680122e+00,4.868065e+00,5.061364e+00,4.519173e+00,4.624559e+00,5.015225e+00,4.737290e+00,4.941654e+00,4.759356e+00,4.891422e+00,4.942686e+00,4.855581e+00,4.878113e+00,4.884641e+00,5.163200e+00,5.002772e+00,4.868918e+00,4.910941e+00,4.656520e+00,4.550431e+00,4.566896e+00,4.731287e+00,4.684794e+00,4.957985e+00,4.745963e+00,4.839561e+00,4.863865e+00,5.078040e+00,4.909441e+00,4.751519e+00,4.949184e+00,4.810738e+00,4.919433e+00,4.885854e+00,4.820052e+00,4.413903e+00,4.736603e+00,4.812715e+00,4.631440e+00,4.929777e+00,4.888522e+00,4.919968e+00,4.690727e+00,4.916277e+00,4.838096e+00,4.852565e+00,4.833427e+00,4.894540e+00,4.797661e+00,4.255697e+00,4.652128e+00,4.690304e+00,4.922767e+00,4.527818e+00,4.990151e+00,4.898469e+00,4.600659e+00,4.885642e+00,4.692803e+00,4.875099e+00,4.978145e+00,4.520891e+00,4.864422e+00,4.839668e+00,4.496220e+00,4.725994e+00,4.831779e+00,4.857813e+00,4.937210e+00,4.596578e+00,4.715112e+00,4.863859e+00,5.126818e+00,4.696331e+00,4.675402e+00,4.892538e+00,4.741274e+00,5.082653e+00,4.835368e+00,4.709533e+00,4.958148e+00,4.908014e+00,4.903121e+00,4.815502e+00,4.757169e+00,4.876566e+00,4.690252e+00,4.967424e+00,4.746118e+00,4.934806e+00,4.718114e+00,4.841165e+00,5.012114e+00,4.733723e+00,4.930628e+00,4.858775e+00,4.301469e+00,4.541650e+00,4.909384e+00,4.859222e+00,4.686664e+00,4.474692e+00,4.794131e+00,4.824057e+00,4.917792e+00,4.599243e+00,4.314490e+00,4.624536e+00,4.632133e+00,4.457696e+00,4.956108e+00,4.762661e+00,4.983100e+00,4.814407e+00,4.733373e+00,4.840116e+00,4.991406e+00,4.622861e+00,4.649425e+00,4.857194e+00,4.730981e+00,4.993515e+00,4.859644e+00,4.731238e+00,4.840632e+00,4.742930e+00,4.873343e+00,4.795503e+00,4.818902e+00,4.766929e+00,4.563122e+00,4.305443e+00,4.920948e+00,4.893845e+00,4.859691e+00,4.973195e+00,5.088805e+00,4.859699e+00,4.936017e+00,5.097308e+00,4.718075e+00,4.882467e+00,4.814077e+00,4.935879e+00,4.780372e+00,4.852402e+00,4.950265e+00,4.379629e+00,4.702957e+00,4.861819e+00,4.840750e+00,4.510619e+00,4.783167e+00,4.724113e+00,4.841456e+00,4.789854e+00,4.681879e+00,5.001116e+00,4.947919e+00,5.030318e+00,4.618587e+00,5.010948e+00,4.804670e+00,4.697190e+00,4.730782e+00,4.732030e+00,4.903793e+00,4.512397e+00,4.845534e+00,4.877501e+00,5.063798e+00,4.845348e+00,4.908091e+00,4.872612e+00,4.952106e+00,4.879238e+00,4.911703e+00,4.558108e+00,4.801366e+00,4.714075e+00,4.821174e+00,4.962545e+00,4.948577e+00,4.668018e+00,4.896111e+00,4.939865e+00,4.662182e+00,4.844216e+00,4.504310e+00,4.921928e+00,4.727815e+00,4.588657e+00,4.845525e+00,4.702041e+00,4.925414e+00,4.543444e+00,4.881357e+00,4.658787e+00,4.839976e+00,4.952801e+00,4.746035e+00,4.636784e+00,4.862540e+00,5.126461e+00
4.639116e+00,4.996654e+00,4.762034e+00,5.006978e+00,4.635734e+00,4.804249e+00,4.704480e+00,4.738436e+00,4.964687e+00,4.948897e+00,4.735005e+00,4.826790e+00,4.716576e+00,4.479169e+00,4.826210e+00,4.846856e+00,4.665128e+00,4.803613e+00,4.834464e+00,5.164009e+00,4.825068e+00,4.720247e+00,4.787455e+00,4.762561e+00,4.513918e+00,5.030717e+00,4.794996e+00,4.949988e+00,4.890037e+00,4.881027e+00,4.704381e+00,4.841109e+00,4.339916e+00,4.829924e+00,4.819343e+00,4.822438e+00,4.823115e+00,4.752436e+00,4.924531e+00,4.337615e+00,4.615080e+00,5.000140e+00,4.859579e+00,4.744707e+00,4.424283e+00,4.811722e+00,4.823641e+00,4.864341e+00,4.848712e+00,4.686294e+00,4.761867e+00,4.857882e+00,4.880156e+00,4.598750e+00,5.079652e+00,4.689751e+00,4.560658e+00,4.783772e+00,4.931312e+00,4.749307e+00,4.806253e+00,4.804208e+00,4.962614e+00,4.609040e+00,4.527436e+00,4.379397e+00,4.993386e+00,4.772306e+00,4.727066e+00,4.782465e+00,4.811658e+00,4.712517e+00,4.713625e+00,5.012483e+00,4.840227e+00,4.973158e+00,4.798633e+00,4.834745e+00,5.035735e+00,4.765390e+00,4.795844e+00,4.690181e+00,4.955037e+00,4.761212e+00,5.084373e+00,4.538723e+00,4.906455e+00,4.594587e+00,4.881027e+00,4.616979e+00,4.537274e+00,4.859969e+00,4.688261e+00,4.779521e+00,4.989494e+00,4.969740e+00,4.583578e+00,4.992788e+00,4.862608e+00,4.584314e+00,4.885865e+00,4.736891e+00,4.803913e+00,4.698495e+00,4.904323e+00,4.769625e+00,4.806329e+00,4.809383e+00,4.723230e+00,4.785387e+00,4.782122e+00,4.845460e+00,4.448876e+00,4.690700e+00,4.876836e+00,4.803566e+00,4.778779e+00,4.629253e+00,4.977639e+00,4.788671e+00,4.883747e+00,4.833876e+00,4.858280e+00,4.600110e+00,4.779351e+00,4.837910e+00,4.740280e+00,4.887553e+00,4.519849e+00,4.585131e+00,4.775494e+00,4.570292e+00,4.901432e+00,5.024582e+00,4.832041e+00,4.707833e+00,4.715178e+00,4.631359e+00,4.876106e+00,4.982510e+00,4.862497e+00,4.433549e+00,4.555658e+00,4.481059e+00,4.589171e+00,4.944776e+00,4.844303e+00,4.717556e+00,4.817385e+00,4.859664e+00,4.705238e+00,4.788012e+00,4.920522e+00,4.599631e+00,4.664601e+00,4.804748e+00,4.393773e+00,4.724385e+00,4.834689e+00,4.907848e+00,4.894169e+00,4.954933e+00,4.532439e+00,4.819417e+00,4.611568e+00,4.745184e+00,4.848236e+00,4.827831e+00,4.996717e+00,4.835360e+00,4.921612e+00,4.869532e+00,4.860705e+00,4.937852e+00,4.764608e+00,4.758056e+00,4.655956e+00,4.761268e+00,4.670100e+00,4.481448e+00,4.799101e+00,4.343746e+00,4.796392e+00,4.626813e+00,4.968421e+00,5.009297e+00,4.793357e+00,4.967156e+00,4.892642e+00,4.899562e+00,4.619503e+00,4.940178e+00,4.903114e+00,4.580541e+00,4.654677e+00,4.617085e+00,4.587479e+00,4.570351e+00,4.813012e+00,5.012097e+00,4.713711e+00,4.936963e+00,4.772522e+00,5.015768e+00,4.880216e+00,4.968698e+00,4.862606e+00,4.677309e+00,4.831434e+00,4.779039e+00,5.037938e+00,4.784145e+00,5.001058e+00,4.647418e+00,4.996412e+00,4.887329e+00,4.842548e+00,5.053692e+00,4.475698e+00,5.005725e+00,4.682844e+00,4.950260e+00,5.041389e+00,4.600402e+00,5.136134e+00,5.090400e+00,5.076582e+00,4.717042e+00
4.800668e+00,4.595578e+00,4.328874e+00,4.397752e+00,4.745048e+00,5.049657e+00,4.655068e+00,4.895008e+00,4.771010e+00,4.716519e+00,4.816493e+00,4.682923e+00,4.614671e+00,4.832505e+00,5.052873e+00,4.752844e+00,4.792032e+00,4.775167e+00,4.647041e+00,4.903283e+00,4.580328e+00,4.808698e+00,4.766083e+00,4.878308e+00,4.870009e+00,4.781438e+00,4.761109e+00,4.376674e+00,4.811933e+00,4.868923e+00,4.894127e+00,4.806988e+00,4.702670e+00,4.757239e+00,4.852608e+00,4.854293e+00,4.837801e+00,4.713861e+00,4.820467e+00,4.779963e+00,4.859681e+00,4.775887e+00,4.710082e+00,4.520783e+00,4.515996e+00,4.795150e+00,4.761659e+00,4.634524e+00,4.896362e+00,4.679210e+00,4.841860e+00,4.973865e+00,4.700496e+00,4.813850e+00,5.009111e+00,4.853586e+00,4.559745e+00,4.558204e+00,4.759869e+00,4.933332e+00,4.727614e+00,5.070531e+00,4.618360e+00,4.816308e+00,4.576721e+00,4.648896e+00,4.835873e+00,4.676815e+00,4.852904e+00,4.810552e+00,4.804882e+00,4.807590e+00,4.482806e+00,4.700900e+00,4.471934e+00,4.890174e+00,4.852713e+00,4.841314e+00,4.651407e+00,4.872400e+00,4.823955e+00,4.741109e+00,4.598173e+00,4.857455e+00,4.754502e+00,4.788408e+00,4.768846e+00,4.974372e+00,4.220457e+00,4.856033e+00,4.694753e+00,4.865964e+00,4.731639e+00,5.052083e+00,4.795250e+00,4.651234e+00,4.556272e+00,4.560096e+00,4.891480e+00,4.687514e+00,4.529456e+00,4.842421e+00,4.966350e+00,4.863035e+00,4.739168e+00,4.371324e+00,4.859668e+00,4.642500e+00,4.728188e+00,4.745966e+00,4.345684e+00,4.887892e+00,4.812340e+00,4.810971e+00,4.706487e+00,4.880232e+00,4.422549e+00,4.870074e+00,4.473102e+00,4.859559e+00,4.236381e+00,4.942383e+00,4.882184e+00,4.941086e+00,4.848399e+00,4.485996e+00,5.207401e+00,4.796409e+00,4.855462e+00,4.685532e+00,4.595536e+00,5.295541e+00,4.971618e+00,4.815568e+00,4.780950e+00,4.999770e+00,4.473009e+00,4.413201e+00,4.564982e+00,4.749457e+00,4.510906e+00,4.684945e+00,4.592128e+00,4.920234e+00,4.645767e+00,3.999694e+00,4.691093e+00,4.745261e+00,4.889457e+00,4.712022e+00,4.716688e+00,4.775164e+00,4.907602e+00,4.544403e+00,4.621075e+00,4.932380e+00,4.499926e+00,4.808018e+00,4.866802e+00,4.749761e+00,4.820984e+00,4.785454e+00,4.750105e+00,4.806600e+00,4.880459e+00,4.944836e+00,4.888958e+00,4.338971e+00,4.721346e+00,4.677157e+00,4.735103e+00,4.815908e+00,4.813334e+00,4.723962e+00,4.715175e+00,4.883784e+00,4.696011e+00,4.826064e+00,4.940960e+00,4.790646e+00,4.829958e+00,4.810422e+00,4.957632e+00,4.796277e+00,4.880209e+00,4.994136e+00,4.914680e+00,4.786091e+00,4.906578e+00,4.849169e+00,4.934788e+00,4.588939e+00,4.855741e+00,4.734034e+00,4.775805e+00,4.776067e+00,4.990981e+00,4.904512e+00,4.752734e+00,5.083195e+00,4.749201e+00,4.619699e+00,4.815470e+00,4.863330e+00,4.750248e+00,4.907928e+00,4.661844e+00,4.689521e+00,4.716960e+00,4.550791e+00,4.890803e+00,4.903534e+00,4.732222e+00,4.648913e+00,4.991617e+00,4.811672e+00,4.718511e+00,4.891615e+00,4.804192e+00,4.940938e+00,4.871836e+00,4.779803e+00,4.576505e+00,4.608381e+00,4.906092e+00,4.331493e+00,4.674415e+00,4.559780e+00
4.483665e+00,4.927210e+00,4.911406e+00,4.557822e+00,4.494365e+00,4.832172e+00,4.429016e+00,4.819321e+00,4.328991e+00,4.968256e+00,4.880684e+00,4.755323e+00,4.855615e+00,4.741283e+00,4.854781e+00,4.954151e+00,4.753223e+00,4.820574e+00,4.453873e+00,4.817406e+00,4.818538e+00,4.753188e+00,4.575974e+00,4.821220e+00,4.808423e+00,4.725494e+00,5.062823e+00,4.577003e+00,4.581655e+00,4.800924e+00,4.931278e+00,4.837869e+00,4.728521e+00,4.644613e+00,5.048339e+00,5.078072e+00,4.536070e+00,4.568697e+00,4.472340e+00,4.696898e+00,4.899460e+00,4.895393e+00,5.011037e+00,4.681825e+00,4.854753e+00,4.957126e+00,3.971394e+00,4.333405e+00,4.842578e+00,4.491560e+00,4.988698e+00,4.843758e+00,4.590023e+00,4.680987e+00,4.810166e+00,4.883418e+00,4.518635e+00,4.846246e+00,4.564446e+00,4.855050e+00,4.833792e+00,4.802041e+00,4.692961e+00,5.015298e+00,4.793987e+00,4.644941e+00,4.773983e+00,4.187063e+00,4.652090e+00,4.813027e+00,4.651561e+00,4.347480e+00,4.877462e+00,4.781841e+00,4.574631e+00,4.691004e+00,4.726872e+00,4.916690e+00,4.690975e+00,4.822707e+00,4.854965e+00,4.754615e+00,4.752700e+00,4.899041e+00,4.699007e+00,4.932571e+00,4.773611e+00,4.616975e+00,4.779843e+00,4.783627e+00,4.958345e+00,4.569422e+00,4.733266e+00,4.536372e+00,4.733451e+00,4.664225e+00,4.592150e+00,4.866448e+00,4.722165e+00,4.882637e+00,4.815982e+00,4.781047e+00,4.805897e+00,4.927819e+00,4.884756e+00,4.747605e+00,4.900091e+00,4.400422e+00,4.728846e+00,5.008544e+00,4.414239e+00,4.689759e+00,4.839539e+00,4.859251e+00,4.881024e+00,5.021633e+00,4.584114e+00,4.858313e+00,4.812258e+00,4.686173e+00,4.704519e+00,4.691026e+00,4.818768e+00,5.039870e+00,4.420697e+00,4.189745e+00,4.806943e+00,4.962043e+00,4.512823e+00,4.891859e+00,4.584269e+00,5.088569e+00,5.004337e+00,4.690899e+00,4.960203e+00,4.921676e+00,4.686442e+00,4.525226e+00,5.292518e+00,4.940971e+00,4.717805e+00,4.847943e+00,4.519948e+00,4.935649e+00,4.644920e+00,4.540004e+00,4.720639e+00,4.746851e+00,4.672094e+00,4.644195e+00,4.696556e+00,4.414926e+00,4.714185e+00,5.024232e+00,4.506098e+00,4.815855e+00,4.902966e+00,4.887621e+00,4.739186e+00,4.863971e+00,4.218938e+00,4.873162e+00,4.551253e+00,4.495761e+00,4.956897e+00,4.862358e+00,4.658982e+00,4.763559e+00,4.129962e+00,4.867876e+00,4.909373e+00,4.360552e+00,4.848843e+00,4.728233e+00,4.861117e+00,4.623998e+00,4.787636e+00,4.708724e+00,4.650622e+00,4.634431e+00,4.724660e+00,4.778049e+00,4.744620e+00,4.651869e+00,4.825625e+00,4.915645e+00,4.862381e+00,4.886490e+00,4.747839e+00,4.890448e+00,4.678626e+00,4.856827e+00,4.543804e+00,4.726692e+00,4.818691e+00,4.619718e+00,4.867662e+00,4.696951e+00,4.829302e+00,4.842404e+00,4.855592e+00,4.923777e+00,4.611054e+00,4.664912e+00,4.509039e+00,4.429830e+00,4.883751e+00,4.898415e+00,4.852708e+00,4.600014e+00,4.787901e+00,4.793137e+00,4.875111e+00,4.989947e+00,4.764585e+00,4.881261e+00,4.731079e+00,4.811528e+00,4.555015e+00,4.944211e+00,4.811140e+00,4.967373e+00,5.043991e+00,4.525612e+00,4.882719e+00,4.847414e+00,5.033138e+00,5.008784e+00
4.878858e+00,4.764193e+00,4.685980e+00,4.906444e+00,4.797360e+00,4.602579e+00,4.400467e+00,4.941506e+00,5.010342e+00,4.646893e+00,4.733303e+00,4.628026e+00,4.699166e+00,4.723824e+00,4.586550e+00,4.908952e+00,4.912672e+00,4.942595e+00,4.734326e+00,4.880344e+00,4.929937e+00,4.974778e+00,5.034438e+00,4.666238e+00,5.009700e+00,4.837223e+00,4.932212e+00,4.598563e+00,4.809348e+00,4.480998e+00,4.685916e+00,4.764645e+00,4.815320e+00,4.837814e+00,4.687229e+00,4.831977e+00,4.702168e+00,4.910864e+00,4.648576e+00,4.785400e+00,4.650985e+00,4.796173e+00,4.565999e+00,4.812738e+00,4.664380e+00,5.003243e+00,4.478734e+00,4.787731e+00,4.858347e+00,4.891355e+00,4.889357e+00,4.697335e+00,4.553854e+00,4.799032e+00,4.486001e+00,5.135166e+00,4.936030e+00,4.769861e+00,5.062417e+00,4.903960e+00,4.710207e+00,4.882323e+00,4.811142e+00,4.515799e+00,4.678014e+00,3.852221e+00,4.851926e+00,4.879144e+00,4.903491e+00,4.682934e+00,4.863724e+00,4.534842e+00,5.179158e+00,4.738101e+00,4.778982e+00,4.976871e+00,4.953115e+00,4.324312e+00,4.761363e+00,4.679611e+00,4.891153e+00,4.649711e+00,5.070066e+00,4.626936e+00,4.919733e+00,3.771096e+00,4.937684e+00,4.186154e+00,4.918809e+00,4.861764e+00,4.682011e+00,4.937811e+00,4.934672e+00,4.617114e+00,4.611625e+00,4.785233e+00,4.707660e+00,4.939161e+00,4.823008e+00,4.823100e+00,4.726070e+00,4.910856e+00,4.888088e+00,4.889633e+00,4.602831e+00,4.789577e+00,4.093450e+00,5.177940e+00,4.749807e+00,4.713815e+00,4.801201e+00,4.852173e+00,4.907328e+00,4.962031e+00,4.536653e+00,5.016453e+00,4.627319e+00,4.866067e+00,4.828023e+00,4.891885e+00,4.891302e+00,4.470323e+00,5.034164e+00,4.832435e+00,4.864883e+00,4.625693e+00,5.019532e+00,4.970541e+00,4.872994e+00,4.668488e+00,4.863535e+00,4.806532e+00,4.925410e+00,4.791681e+00,5.024311e+00,4.963784e+00,4.419598e+00,4.840228e+00,4.980471e+00,4.540437e+00,4.748040e+00,5.263781e+00,4.767034e+00,4.610855e+00,4.860469e+00,4.832886e+00,5.038154e+00,4.477511e+00,4.863821e+00,5.098936e+00,4.989193e+00,4.933840e+00,4.641577e+00,4.945417e+00,4.784754e+00,4.803868e+00,4.835249e+00,4.634979e+00,4.445927e+00,4.508845e+00,4.864364e+00,4.760994e+00,4.704392e+00,4.822095e+00,4.337044e+00,5.104492e+00,4.986625e+00,4.854795e+00,4.547746e+00,4.926890e+00,4.821350e+00,4.995795e+00,4.675913e+00,4.717274e+00,4.761748e+00,4.904701e+00,4.334142e+00,4.687284e+00,4.837856e+00,4.721206e+00,4.910421e+00,4.888513e+00,4.595784e+00,4.762283e+00,4.484224e+00,4.524880e+00,4.883514e+00,4.664116e+00,4.948079e+00,4.642033e+00,4.994472e+00,4.726430e+00,4.600962e+00,4.783770e+00,4.760534e+00,4.849643e+00,4.795963e+00,4.763461e+00,4.857001e+00,4.931949e+00,4.926989e+00,5.017644e+00,4.753895e+00,4.764122e+00,4.774627e+00,5.031546e+00,4.845250e+00,4.708632e+00,4.776049e+00,4.826309e+00,4.777186e+00,4.941554e+00,4.483160e+00,5.048656e+00,4.659727e+00,4.822818e+00,4.444588e+00,5.084379e+00,4.839713e+00,4.677328e+00,4.672438e+00,4.505323e+00,4.948866e+00,4.717401e+00,4.787720e+00,4.437679e+00,4.628704e+00,4.576474e+00
4.836843e+00,4.976238e+00,4.917127e+00,5.037345e+00,4.496597e+00,4.717101e+00,4.696695e+00,4.710407e+00,4.737306e+00,4.903727e+00,4.818961e+00,4.718257e+00,4.776731e+00,4.951101e+00,4.843379e+00,4.819248e+00,4.783927e+00,5.038204e+00,4.886481e+00,4.513171e+00,5.014527e+00,4.846999e+00,4.729426e+00,4.294216e+00,5.001003e+00,4.435405e+00,5.030595e+00,4.846320e+00,5.029573e+00,4.853634e+00,4.701835e+00,4.988863e+00,4.584761e+00,4.864677e+00,4.712595e+00,4.955413e+00,4.918429e+00,4.547687e+00,4.809256e+00,4.925644e+00,4.215189e+00,4.993380e+00,4.616215e+00,4.915310e+00,4.780605e+00,4.753312e+00,4.757357e+00,4.584304e+00,4.816384e+00,4.382665e+00,4.705369e+00,4.828675e+00,4.773919e+00,4.848376e+00,4.948069e+00,4.909386e+00,4.727747e+00,4.865752e+00,4.646859e+00,4.846591e+00,4.671124e+00,4.642710e+00,4.975237e+00,4.930363e+00,4.514815e+00,4.801809e+00,4.617093e+00,4.833175e+00,4.580392e+00,4.648273e+00,4.627454e+00,4.748670e+00,4.991938e+00,4.649063e+00,4.590943e+00,5.001816e+00,4.159342e+00,4.801532e+00,4.879069e+00,4.850759e+00,4.554776e+00,4.766968e+00,4.883748e+00,4.608831e+00,4.464197e+00,4.975788e+00,4.996899e+00,4.714842e+00,4.710704e+00,4.870863e+00,4.831013e+00,4.791075e+00,4.961013e+00,4.295245e+00,4.860989e+00,4.821141e+00,4.906534e+00,4.780897e+00,4.447427e+00,4.892114e+00,4.906597e+00,4.679793e+00,4.883615e+00,4.952340e+00,4.904144e+00,4.774666e+00,4.391998e+00,4.762948e+00,4.899090e+00,4.911707e+00,4.848374e+00,4.874875e+00,4.630611e+00,4.901890e+00,4.608529e+00,4.661636e+00,4.821097e+00,4.897787e+00,4.168907e+00,4.920130e+00,5.095048e+00,5.016691e+00,4.384260e+00,5.042616e+00,5.054443e+00,5.010460e+00,4.461107e+00,4.670378e+00,4.648802e+00,4.880369e+00,4.816873e+00,4.685670e+00,5.057254e+00,4.746408e+00,5.143130e+00,4.881979e+00,4.792814e+00,4.676983e+00,4.866967e+00,5.087200e+00,4.674768e+00,4.748571e+00,4.829013e+00,4.738673e+00,4.809604e+00,4.753514e+00,4.796927e+00,4.911881e+00,4.952894e+00,4.965342e+00,4.661523e+00,4.558595e+00,4.687768e+00,4.650636e+00,5.180470e+00,4.637156e+00,4.968775e+00,4.731679e+00,4.665008e+00,4.935874e+00,4.834267e+00,4.439744e+00,4.740426e+00,4.880272e+00,4.584144e+00,4.758837e+00,4.725076e+00,4.898592e+00,4.802710e+00,4.762227e+00,4.654445e+00,4.631425e+00,4.682930e+00,4.821009e+00,4.833218e+00,4.688435e+00,4.811265e+00,4.761675e+00,4.743153e+00,4.805705e+00,4.695481e+00,4.588510e+00,4.710682e+00,4.712042e+00,4.900841e+00,4.846868e+00,4.693552e+00,4.879548e+00,4.962974e+00,4.802513e+00,4.730734e+00,4.713894e+00,4.804338e+00,4.760802e+00,4.822751e+00,4.787281e+00,5.040810e+00,4.891874e+00,4.617354e+00,4.921563e+00,4.796670e+00,4.670281e+00,4.860284e+00,4.913121e+00,4.930177e+00,4.902484e+00,4.825813e+00,4.738661e+00,4.841901e+00,4.545193e+00,4.961494e+00,4.897055e+00,4.580611e+00,4.691224e+00,4.835233e+00,4.927305e+00,4.833722e+00,4.577664e+00,4.958292e+00,4.754577e+00,4.695441e+00,4.741528e+00,4.857998e+00,4.750655e+00,4.647440e+00,4.972750e+00,4.818204e+00,4.981604e+00
4.587608e+00,4.573870e+00,4.781991e+00,4.640475e+00,4.821543e+00,4.307402e+00,4.755192e+00,4.697608e+00,4.318486e+00,4.916576e+00,4.772093e+00,4.700725e+00,4.844454e+00,4.794623e+00,4.751836e+00,4.429063e+00,4.749624e+00,4.727183e+00,4.716733e+00,4.508388e+00,4.698797e+00,4.990405e+00,4.964213e+00,4.644737e+00,4.838944e+00,4.925833e+00,4.599991e+00,4.862180e+00,4.383446e+00,4.828426e+00,4.615767e+00,4.338568e+00,4.567976e+00,4.950705e+00,4.714677e+00,4.885653e+00,4.758006e+00,4.622895e+00,4.866605e+00,4.486616e+00,4.812287e+00,4.863324e+00,4.882522e+00,4.519314e+00,4.586482e+00,4.854542e+00,4.854975e+00,4.799600e+00,4.938038e+00,4.846959e+00,4.741669e+00,4.846180e+00,4.412550e+00,4.287961e+00,4.775229e+00,4.934358e+00,4.915669e+00,4.980098e+00,4.785361e+00,4.956873e+00,4.999779e+00,4.977001e+00,4.687940e+00,4.771243e+00,4.870460e+00,4.809962e+00,4.810201e+00,4.958787e+00,4.645690e+00,4.743021e+00,4.599601e+00,4.680449e+00,4.398537e+00,4.853367e+00,4.684305e+00,4.763421e+00,4.815416e+00,4.692217e+00,4.373661e+00,4.992406e+00,4.442707e+00,4.877008e+00,4.371387e+00,4.778266e+00,4.823603e+00,4.623288e+00,4.704343e+00,4.878595e+00,4.498628e+00,4.737460e+00,4.771629e+00,4.856896e+00,4.954654e+00,4.534043e+00,4.576005e+00,4.883443e+00,4.783543e+00,4.694899e+00,4.863533e+00,4.523656e+00,4.666316e+00,4.711937e+00,4.846293e+00,4.510076e+00,4.362923e+00,4.407064e+00,4.900984e+00,4.922933e+00,4.749976e+00,4.887502e+00,5.224392e+00,4.892324e+00,4.777910e+00,4.763331e+00,4.837621e+00,4.721869e+00,4.860470e+00,4.890358e+00,4.898057e+00,4.923222e+00,4.667247e+00,4.698514e+00,4.876741e+00,4.496492e+00,4.914118e+00,4.599275e+00,4.871528e+00,4.177474e+00,4.757794e+00,4.511692e+00,4.896464e+00,4.797309e+00,4.941161e+00,4.967015e+00,5.074555e+00,4.684204e+00,4.651888e+00,4.865271e+00,4.859715e+00,4.809520e+00,5.083172e+00,4.580042e+00,4.663992e+00,5.031102e+00,4.965625e+00,4.725230e+00,4.581195e+00,4.553922e+00,4.663383e+00,5.216136e+00,4.979611e+00,5.033117e+00,4.359435e+00,4.942201e+00,4.871588e+00,4.862175e+00,4.879902e+00,4.853893e+00,4.962198e+00,5.010277e+00,4.294625e+00,4.840898e+00,4.752296e+00,4.639893e+00,4.928983e+00,4.883058e+00,4.432348e+00,4.768342e+00,4.805395e+00,4.724691e+00,4.681002e+00,4.537704e+00,4.648981e+00,4.821843e+00,4.655349e+00,4.703519e+00,4.809251e+00,4.965653e+00,4.748074e+00,4.686415e+00,4.973424e+00,5.076614e+00,4.989730e+00,4.864137e+00,4.341391e+00,4.791416e+00,4.784262e+00,4.846949e+00,4.595248e+00,4.934521e+00,4.951080e+00,4.732396e+00,4.855615e+00,4.662109e+00,4.877250e+00,4.854093e+00,4.074101e+00,4.682464e+00,4.904048e+00,4.801325e+00,4.783828e+00,4.766806e+00,4.960442e+00,4.869719e+00,4.579693e+00,4.815723e+00,4.822063e+00,4.587614e+00,4.439585e+00,4.628614e+00,4.873434e+00,4.947599e+00,4.689149e+00,4.749606e+00,4.884243e+00,4.337162e+00,4.787677e+00,4.817139e+00,4.695825e+00,4.687572e+00,4.720639e+00,4.517736e+00,4.837035e+00,4.808745e+00,4.685477e+00,4.587644e+00,4.646005e+00,4.739711e+00
4.868547e+00,4.678860e+00,4.680565e+00,4.748909e+00,4.902907e+00,5.015795e+00,4.483022e+00,4.765603e+00,4.892027e+00,4.821321e+00,4.873621e+00,4.610708e+00,4.770992e+00,4.423603e+00,4.894531e+00,4.847742e+00,4.618762e+00,4.920155e+00,4.842772e+00,4.625735e+00,4.766737e+00,4.784985e+00,4.859006e+00,4.617687e+00,4.928307e+00,4.740802e+00,4.730184e+00,4.706212e+00,5.152880e+00,4.832924e+00,4.974744e+00,4.904678e+00,4.744437e+00,4.959684e+00,4.702305e+00,4.780790e+00,4.381826e+00,4.658279e+00,4.876331e+00,4.577992e+00,4.876981e+00,4.502886e+00,4.664410e+00,4.931946e+00,4.932681e+00,4.763579e+00,4.958577e+00,4.715120e+00,4.114086e+00,4.966265e+00,4.874156e+00,4.685496e+00,4.991208e+00,4.932669e+00,4.670669e+00,4.574774e+00,4.757237e+00,4.795758e+00,5.092794e+00,4.649295e+00,4.384403e+00,4.843711e+00,4.636246e+00,4.837513e+00,4.689113e+00,4.411377e+00,5.010630e+00,4.677001e+00,4.778318e+00,4.656493e+00,5.041609e+00,4.808993e+00,4.628697e+00,4.901521e+00,4.757796e+00,4.946237e+00,4.684290e+00,4.771594e+00,4.816410e+00,4.873428e+00,5.030547e+00,4.994828e+00,4.265447e+00,4.760319e+00,4.875485e+00,4.766467e+00,4.739467e+00,4.636702e+00,4.073199e+00,4.447866e+00,4.977933e+00,4.935719e+00,4.456266e+00,5.024611e+00,4.882297e+00,4.951895e+00,5.165236e+00,4.532577e+00,5.166952e+00,5.057827e+00,4.778842e+00,4.979872e+00,4.916334e+00,4.493061e+00,4.802669e+00,5.212168e+00,4.759068e+00,4.854322e+00,5.236086e+00,5.397575e+00,5.032747e+00,5.051358e+00,4.770122e+00,4.912883e+00,4.747308e+00,4.415552e+00,4.883594e+00,5.004850e+00,4.412462e+00,4.931042e+00,4.806449e+00,4.892619e+00,4.969707e+00,4.005312e+00,4.952545e+00,4.991912e+00,4.766281e+00,4.693078e+00,5.010192e+00,4.697815e+00,4.913984e+00,4.710376e+00,4.412459e+00,4.491729e+00,4.678724e+00,4.576297e+00,4.824040e+00,5.109792e+00,4.575891e+00,4.893295e+00,4.581936e+00,4.626290e+00,4.952971e+00,5.028258e+00,4.613292e+00,5.063386e+00,4.623432e+00,4.857435e+00,4.671247e+00,4.710814e+00,5.049166e+00,4.939382e+00,4.851949e+00,4.716637e+00,4.466079e+00,4.271462e+00,4.716063e+00,5.061194e+00,4.792574e+00,4.881648e+00,4.712343e+00,4.539766e+00,4.818879e+00,4.825195e+00,4.907649e+00,4.480768e+00,4.842461e+00,4.838178e+00,4.745621e+00,4.079282e+00,4.734508e+00,5.012322e+00,4.557581e+00,4.989598e+00,4.837173e+00,4.386448e+00,4.602167e+00,4.718722e+00,4.151242e+00,4.806597e+00,4.395864e+00,4.874253e+00,4.574108e+00,4.790159e+00,4.925674e+00,4.148890e+00,4.262388e+00,4.786137e+00,4.709848e+00,4.183890e+00,4.767010e+00,4.602026e+00,4.823456e+00,4.494244e+00,4.394463e+00,4.733228e+00,4.884017e+00,4.825263e+00,4.933767e+00,4.803583e+00,4.360353e+00,3.982929e+00,4.812509e+00,4.901201e+00,4.753281e+00,4.740492e+00,4.513826e+00,4.685037e+00,4.733412e+00,4.500446e+00,4.800582e+00,4.936275e+00,4.638303e+00,4.958513e+00,4.918527e+00,4.793186e+00,4.935613e+00,4.723096e+00,4.701169e+00,4.727493e+00,4.548214e+00,4.813575e+00,4.791011e+00,4.545499e+00,4.495447e+00,4.774401e+00,4.771826e+00,4.575012e+00
4.686819e+00,4.646967e+00,4.855610e+00,4.821285e+00,5.053481e+00,4.856586e+00,4.805994e+00,4.961057e+00,4.767514e+00,4.571831e+00,4.371705e+00,4.448753e+00,4.954534e+00,4.855729e+00,4.868370e+00,3.961268e+00,4.942844e+00,4.918490e+00,4.895895e+00,4.687810e+00,4.556856e+00,4.516055e+00,4.859003e+00,4.821182e+00,4.903449e+00,4.324008e+00,4.686966e+00,4.840777e+00,4.718667e+00,4.788028e+00,4.910008e+00,4.717593e+00,4.054552e+00,4.769628e+00,4.763097e+00,4.911957e+00,4.881600e+00,4.962894e+00,4.653142e+00,4.916086e+00,4.927500e+00,4.897365e+00,4.870492e+00,4.853893e+00,4.689976e+00,5.031413e+00,4.599575e+00,4.312063e+00,5.050370e+00,4.672451e+00,4.843439e+00,4.514685e+00,4.778954e+00,4.924849e+00,4.904250e+00,5.090220e+00,4.836797e+00,4.461095e+00,4.824537e+00,4.592359e+00,4.739078e+00,5.005701e+00,4.734194e+00,4.592904e+00,4.838590e+00,4.367006e+00,4.745693e+00,4.811005e+00,4.786968e+00,4.541627e+00,4.638548e+00,4.811924e+00,4.789864e+00,4.623841e+00,4.744389e+00,4.771576e+00,4.819120e+00,4.837306e+00,4.849020e+00,4.654705e+00,4.803898e+00,4.964327e+00,4.929909e+00,4.631069e+00,4.924172e+00,5.031515e+00,4.617221e+00,5.017640e+00,4.767191e+00,4.812677e+00,4.689017e+00,4.892845e+00,4.497111e+00,4.882250e+00,4.713000e+00,4.747021e+00,4.770230e+00,4.867129e+00,4.744037e+00,4.959635e+00,4.954522e+00,4.773102e+00,4.270405e+00,4.805017e+00,4.433526e+00,4.954859e+00,4.677372e+00,4.810756e+00,4.527320e+00,4.759291e+00,4.675775e+00,4.698879e+00,4.824740e+00,5.088677e+00,4.768508e+00,4.659471e+00,4.291133e+00,5.066938e+00,4.596488e+00,4.612092e+00,4.912609e+00,4.841594e+00,4.896735e+00,4.514168e+00,4.900708e+00,4.566048e+00,4.854839e+00,3.932256e+00,4.733819e+00,4.973551e+00,4.970934e+00,4.966364e+00,4.861231e+00,4.822826e+00,5.114338e+00,4.657465e+00,4.975537e+00,4.652551e+00,4.947640e+00,4.937759e+00,4.656959e+00,4.769899e+00,4.677499e+00,4.720356e+00,4.681793e+00,4.914952e+00,5.312483e+00,4.871680e+00,4.457319e+00,4.692968e+00,4.672206e+00,4.994708e+00,4.814524e+00,4.939115e+00,5.068980e+00,4.753615e+00,5.126498e+00,4.363309e+00,4.941765e+00,4.840059e+00,4.412139e+00,5.112964e+00,4.427454e+00,4.722616e+00,4.886304e+00,4.484431e+00,4.870927e+00,4.447406e+00,4.946581e+00,4.699183e+00,4.458649e+00,4.813037e+00,4.922454e+00,5.001184e+00,4.622825e+00,4.129539e+00,4.801191e+00,4.381418e+00,4.854813e+00,4.508937e+00,4.499762e+00,4.757484e+00,4.919111e+00,4.672960e+00,4.722415e+00,4.468924e+00,4.694515e+00,4.694221e+00,4.840575e+00,4.999388e+00,4.759453e+00,4.593333e+00,4.884794e+00,4.799531e+00,4.707281e+00,4.856682e+00,4.663298e+00,4.780313e+00,4.443813e+00,4.643857e+00,4.879740e+00,4.736547e+00,4.762991e+00,4.669725e+00,4.684370e+00,4.861589e+00,4.095344e+00,4.870870e+00,4.864837e+00,4.775284e+00,4.065538e+00,4.739125e+00,4.624142e+00,4.731916e+00,4.787278e+00,4.831472e+00,4.805014e+00,4.838018e+00,4.371540e+00,4.753909e+00,4.821053e+00,4.729142e+00,4.500026e+00,4.788747e+00,4.522894e+00,4.656665e+00,4.599707e+00,4.817198e+00
4.807719e+00,4.935410e+00,4.727395e+00,4.754562e+00,4.695758e+00,4.831239e+00,4.608277e+00,4.792587e+00,4.831332e+00,4.369694e+00,4.600155e+00,4.849147e+00,4.843373e+00,4.964235e+00,4.823871e+00,4.760851e+00,4.960615e+00,4.769729e+00,4.694063e+00,4.859708e+00,4.828449e+00,4.947430e+00,4.713582e+00,4.885309e+00,4.635021e+00,4.887837e+00,4.960560e+00,4.890581e+00,4.341290e+00,4.573211e+00,4.817213e+00,4.807757e+00,4.766032e+00,4.887038e+00,4.886356e+00,4.651133e+00,5.119804e+00,4.916591e+00,4.960232e+00,4.826400e+00,4.858098e+00,4.472281e+00,4.832608e+00,4.528332e+00,4.562549e+00,4.927322e+00,4.790324e+00,4.484752e+00,4.746674e+00,4.732647e+00,4.791971e+00,4.848952e+00,4.906607e+00,4.361164e+00,5.001285e+00,4.633754e+00,4.942319e+00,4.705127e+00,4.949499e+00,4.654676e+00,4.747555e+00,4.948084e+00,4.763960e+00,4.913848e+00,4.379673e+00,4.519674e+00,4.340903e+00,4.713465e+00,4.875690e+00,4.687208e+00,4.890383e+00,4.880974e+00,4.905300e+00,4.985139e+00,4.826882e+00,4.322751e+00,4.479495e+00,4.738629e+00,4.619880e+00,4.578813e+00,4.619285e+00,4.511441e+00,4.936301e+00,4.822673e+00,4.767765e+00,4.812931e+00,4.016241e+00,4.985011e+00,4.787347e+00,4.947478e+00,4.376010e+00,4.698487e+00,4.830823e+00,5.028410e+00,4.922603e+00,4.869217e+00,4.837609e+00,5.044629e+00,4.838216e+00,4.493015e+00,4.721098e+00,4.722060e+00,4.643672e+00,4.787674e+00,4.857000e+00,4.912614e+00,4.898256e+00,4.587393e+00,3.900283e+00,4.756625e+00,4.975755e+00,4.741239e+00,4.232636e+00,4.799426e+00,4.670696e+00,4.868644e+00,4.882253e+00,4.857942e+00,4.577000e+00,5.069908e+00,4.650052e+00,4.771346e+00,4.783851e+00,4.684204e+00,4.498274e+00,4.723603e+00,5.072149e+00,4.829098e+00,4.578923e+00,4.943674e+00,4.783692e+00,4.863718e+00,4.769197e+00,4.909343e+00,4.808127e+00,5.014979e+00,4.962922e+00,4.490146e+00,4.732128e+00,4.655738e+00,4.774392e+00,5.221678e+00,4.991340e+00,4.742897e+00,4.517318e+00,4.840864e+00,4.439418e+00,4.542312e+00,4.628850e+00,5.095882e+00,4.680860e+00,4.744153e+00,4.655290e+00,4.759365e+00,4.667656e+00,4.992015e+00,4.719078e+00,4.240001e+00,4.857017e+00,5.121030e+00,5.216067e+00,4.583071e+00,3.663016e+00,4.712553e+00,5.036937e+00,4.631977e+00,4.485796e+00,5.026965e+00,4.901446e+00,4.787392e+00,4.969161e+00,4.494707e+00,5.081954e+00,4.038938e+00,4.717229e+00,4.790223e+00,4.707216e+00,5.035826e+00,4.703313e+00,4.774796e+00,4.678884e+00,4.821978e+00,4.835969e+00,4.566608e+00,4.803875e+00,4.707635e+00,4.786092e+00,4.805310e+00,4.703347e+00,4.887219e+00,4.719884e+00,4.860624e+00,4.731192e+00,4.432729e+00,4.582896e+00,4.685917e+00,4.670003e+00,4.659929e+00,4.569284e+00,4.579818e+00,4.923792e+00,4.544327e+00,4.913477e+00,4.700905e+00,4.167374e+00,5.002462e+00,4.802877e+00,4.497803e+00,5.045850e+00,4.719143e+00,4.331389e+00,4.883527e+00,4.784620e+00,5.024438e+00,4.892950e+00,4.395943e+00,4.488188e+00,4.747290e+00,4.785665e+00,4.499656e+00,4.676370e+00,4.801074e+00,4.611473e+00,4.860859e+00,4.643032e+00,4.747226e+00,4.933411e+00,4.767386e+00
4.889631e+00,4.699198e+00,4.616583e+00,4.570311e+00,4.947545e+00,4.880762e+00,4.735573e+00,4.795677e+00,5.042513e+00,4.789351e+00,4.658030e+00,4.411653e+00,4.702262e+00,5.027924e+00,4.496744e+00,4.955761e+00,4.625635e+00,4.942166e+00,4.858415e+00,4.785941e+00,4.876104e+00,4.560181e+00,4.652489e+00,4.599993e+00,4.795669e+00,4.913623e+00,4.851400e+00,4.475562e+00,4.602463e+00,4.769011e+00,5.007645e+00,4.909959e+00,4.842122e+00,4.800238e+00,4.836947e+00,4.786253e+00,4.792210e+00,4.668579e+00,4.747780e+00,4.630374e+00,4.637972e+00,4.610765e+00,4.738076e+00,4.595925e+00,4.768679e+00,4.814139e+00,4.806224e+00,4.921173e+00,4.885428e+00,4.885437e+00,4.836351e+00,4.728207e+00,4.682903e+00,4.698592e+00,4.670591e+00,4.717939e+00,4.963161e+00,4.636856e+00,4.716900e+00,4.658902e+00,4.724092e+00,4.788756e+00,4.804747e+00,4.666635e+00,4.861654e+00,4.650814e+00,4.351508e+00,4.949942e+00,4.694172e+00,4.615391e+00,4.542994e+00,4.993047e+00,4.674616e+00,4.596127e+00,4.809358e+00,4.600718e+00,4.543273e+00,4.614548e+00,4.707871e+00,5.014063e+00,4.596599e+00,4.629173e+00,4.786267e+00,4.826241e+00,4.867731e+00,4.519602e+00,4.843107e+00,4.537469e+00,4.905526e+00,4.359023e+00,4.990541e+00,4.754951e+00,4.963910e+00,4.873654e+00,4.861857e+00,4.625071e+00,4.809744e+00,4.554444e+00,4.782599e+00,5.073282e+00,4.603928e+00,4.856411e+00,4.813500e+00,4.765427e+00,4.610766e+00,4.346260e+00,4.922275e+00,4.757764e+00,4.810686e+00,5.085182e+00,4.916246e+00,4.913174e+00,4.724410e+00,4.978701e+00,4.594021e+00,4.904897e+00,4.723097e+00,4.885536e+00,4.676888e+00,4.700445e+00,4.798676e+00,4.790863e+00,4.644336e+00,4.905889e+00,5.014731e+00,4.575049e+00,4.423629e+00,4.864223e+00,4.949731e+00,5.024919e+00,4.474222e+00,5.056289e+00,4.867031e+00,4.881949e+00,4.877630e+00,4.720749e+00,5.058857e+00,4.776815e+00,5.081131e+00,5.000896e+00,4.838993e+00,4.891273e+00,4.967995e+00,4.658845e+00,4.642309e+00,5.116257e+00,4.787149e+00,4.752552e+00,4.753654e+00,4.511048e+00,4.663391e+00,4.841180e+00,4.868826e+00,4.757883e+00,4.771932e+00,5.108787e+00,4.876442e+00,4.618133e+00,4.736924e+00,4.394665e+00,4.370098e+00,4.784796e+00,4.655012e+00,5.069174e+00,4.955192e+00,4.577232e+00,4.781143e+00,4.772038e+00,4.841147e+00,4.583724e+00,4.964346e+00,4.781841e+00,4.649583e+00,4.805200e+00,4.809992e+00,4.699268e+00,4.668068e+00,4.441139e+00,4.876431e+00,4.517678e+00,4.827442e+00,4.805262e+00,4.519868e+00,4.703160e+00,4.676334e+00,4.632643e+00,4.779310e+00,4.966688e+00,4.754958e+00,4.760108e+00,4.974608e+00,4.762519e+00,4.785066e+00,4.492393e+00,4.965154e+00,4.670995e+00,4.717181e+00,4.122083e+00,4.795849e+00,4.345842e+00,4.785085e+00,4.911321e+00,4.522552e+00,4.656847e+00,4.779849e+00,4.712424e+00,4.761984e+00,4.734389e+00,4.816347e+00,4.505729e+00,4.822358e+00,4.778682e+00,4.854445e+00,4.940270e+00,4.828061e+00,4.342306e+00,4.715755e+00,4.887644e+00,4.934895e+00,4.352572e+00,4.978008e+00,4.555547e+00,4.598484e+00,4.746497e+00,5.033436e+00,4.978719e+00,4.401662e+00,4.648050e+00
4.738337e+00,4.950918e+00,5.044062e+00,4.717613e+00,4.541157e+00,4.812042e+00,4.724579e+00,4.869498e+00,4.361567e+00,4.507868e+00,4.931826e+00,4.425079e+00,4.136371e+00,4.667155e+00,4.614634e+00,4.508632e+00,4.709287e+00,4.902979e+00,4.903575e+00,4.687964e+00,4.435647e+00,4.588213e+00,4.763233e+00,4.542383e+00,4.879255e+00,4.858921e+00,4.814731e+00,4.726128e+00,4.831111e+00,4.909082e+00,4.717467e+00,4.943199e+00,4.905277e+00,4.400813e+00,4.812191e+00,4.916804e+00,4.418139e+00,5.117544e+00,4.628860e+00,4.785307e+00,4.526304e+00,4.860478e+00,4.575184e+00,4.845152e+00,4.838026e+00,4.803274e+00,4.783795e+00,4.944881e+00,4.853518e+00,5.010489e+00,4.519281e+00,4.882891e+00,4.877168e+00,4.639391e+00,4.883544e+00,4.750780e+00,4.573372e+00,4.684189e+00,4.761417e+00,4.787994e+00,4.919864e+00,4.809228e+00,4.792353e+00,4.742927e+00,4.758202e+00,4.839936e+00,4.677500e+00,4.626905e+00,4.767619e+00,4.687738e+00,4.933363e+00,4.339956e+00,4.559224e+00,4.794770e+00,4.480661e+00,4.717620e+00,4.736188e+00,4.980418e+00,4.730442e+00,5.053160e+00,4.710869e+00,4.710892e+00,4.784413e+00,4.726531e+00,4.860476e+00,4.896677e+00,4.740697e+00,4.905464e+00,4.613273e+00,5.072255e+00,4.514391e+00,4.884100e+00,4.979491e+00,4.669683e+00,5.214218e+00,4.832655e+00,4.860850e+00,4.651783e+00,4.812485e+00,4.712865e+00,4.736189e+00,4.952276e+00,4.798595e+00,4.836400e+00,4.443241e+00,5.030393e+00,4.951458e+00,5.043116e+00,4.852299e+00,4.755352e+00,4.731903e+00,4.759473e+00,4.913301e+00,4.479481e+00,4.394053e+00,4.922772e+00,5.124832e+00,4.974013e+00,4.590989e+00,4.883280e+00,4.813411e+00,5.020810e+00,4.980749e+00,4.713560e+00,4.715200e+00,4.702776e+00,4.512996e+00,4.749835e+00,4.663851e+00,4.649953e+00,4.451130e+00,5.022500e+00,4.499779e+00,5.003876e+00,4.373272e+00,4.034859e+00,4.697287e+00,5.068950e+00,4.328646e+00,4.318560e+00,5.004521e+00,4.264627e+00,4.719668e+00,4.728692e+00,4.894807e+00,4.600308e+00,4.806506e+00,4.889802e+00,4.537591e+00,5.085074e+00,4.877696e+00,4.776302e+00,4.516976e+00,4.993792e+00,4.871473e+00,4.921108e+00,4.585719e+00,4.762453e+00,4.779585e+00,4.902914e+00,4.936973e+00,4.653234e+00,5.011852e+00,4.959887e+00,4.824703e+00,4.665888e+00,4.977206e+00,4.913380e+00,4.463462e+00,4.936202e+00,5.038672e+00,4.946798e+00,4.827099e+00,4.995158e+00,4.565089e+00,5.079862e+00,4.700069e+00,4.679156e+00,5.136204e+00,4.624850e+00,4.912692e+00,4.749783e+00,5.142636e+00,4.484505e+00,4.823091e+00,4.732459e+00,4.908443e+00,4.568725e+00,4.862961e+00,4.961341e+00,4.356361e+00,4.887035e+00,4.879533e+00,4.788948e+00,4.919090e+00,4.702032e+00,5.067868e+00,4.597771e+00,4.853879e+00,4.856225e+00,4.801608e+00,4.813202e+00,4.375112e+00,4.889883e+00,4.881955e+00,4.888026e+00,4.636693e+00,4.866484e+00,4.391828e+00,5.161185e+00,4.810780e+00,4.550875e+00,4.838051e+00,4.880453e+00,4.826893e+00,4.837270e+00,4.817615e+00,4.863681e+00,5.040907e+00,4.982276e+00,4.174650e+00,4.798477e+00,4.609689e+00,4.923148e+00,4.917367e+00,4.358192e+00,4.727186e+00,5.069157e+00
5.009347e+00,4.666332e+00,4.807910e+00,4.557631e+00,4.891353e+00,4.941235e+00,4.827884e+00,4.040911e+00,4.917921e+00,4.810418e+00,4.540924e+00,4.813424e+00,4.780001e+00,4.892351e+00,4.808023e+00,4.561511e+00,4.540226e+00,4.592916e+00,4.450370e+00,4.753304e+00,4.662614e+00,4.712387e+00,4.717475e+00,4.827676e+00,4.107846e+00,4.970509e+00,4.426663e+00,4.760393e+00,4.987503e+00,4.745913e+00,4.664033e+00,4.823842e+00,4.992288e+00,5.002377e+00,4.768038e+00,4.684693e+00,4.856172e+00,4.754253e+00,4.785522e+00,5.035471e+00,4.262221e+00,4.583465e+00,4.846012e+00,4.982145e+00,4.625450e+00,4.846533e+00,4.537573e+00,4.569346e+00,4.930361e+00,4.699227e+00,4.853530e+00,4.812303e+00,4.841077e+00,4.503691e+00,4.776641e+00,4.466392e+00,4.662231e+00,4.937636e+00,4.974859e+00,4.911152e+00,4.927536e+00,5.068470e+00,4.523436e+00,4.383073e+00,4.672397e+00,4.425085e+00,4.624482e+00,4.695592e+00,4.628542e+00,4.688958e+00,4.858895e+00,4.902864e+00,4.602499e+00,4.573975e+00,4.973062e+00,4.715874e+00,4.309710e+00,4.473222e+00,4.872658e+00,4.357295e+00,4.820903e+00,4.892259e+00,4.923892e+00,4.853575e+00,4.740018e+00,4.559689e+00,4.464404e+00,4.764923e+00,4.598177e+00,4.748896e+00,4.688776e+00,4.751617e+00,5.011629e+00,4.642762e+00,4.714830e+00,4.988752e+00,4.822999e+00,4.936410e+00,4.967301e+00,4.156231e+00,5.082716e+00,4.298043e+00,4.596715e+00,4.654985e+00,4.989181e+00,4.791028e+00,4.104867e+00,5.185233e+00,4.753400e+00,4.532104e+00,4.710320e+00,4.576994e+00,4.608403e+00,5.011084e+00,4.944997e+00,4.780306e+00,4.896762e+00,4.531278e+00,4.772337e+00,4.815050e+00,4.760774e+00,4.994713e+00,4.232364e+00,4.876305e+00,4.709383e+00,4.628347e+00,4.851761e+00,4.786875e+00,4.824482e+00,4.971380e+00,4.576991e+00,5.083886e+00,4.510281e+00,4.930428e+00,4.809063e+00,4.557541e+00,4.884801e+00,4.651097e+00,4.851119e+00,4.761600e+00,4.333847e+00,4.820037e+00,3.967320e+00,5.024430e+00,5.000107e+00,4.795254e+00,4.610060e+00,4.963316e+00,4.785860e+00,4.621692e+00,4.763336e+00,4.565414e+00,4.626719e+00,4.811433e+00,4.697510e+00,4.110431e+00,4.859729e+00,4.891250e+00,4.837120e+00,4.778667e+00,4.521343e+00,4.708351e+00,4.377648e+00,4.856958e+00,5.016131e+00,4.744274e+00,4.679274e+00,4.792159e+00,4.646661e+00,4.977718e+00,4.018777e+00,4.864527e+00,4.677647e+00,4.684523e+00,5.076573e+00,4.961647e+00,4.794336e+00,4.660772e+00,4.748142e+00,4.959329e+00,4.744738e+00,4.969578e+00,4.764361e+00,4.924432e+00,5.011519e+00,4.469722e+00,4.329200e+00,4.654720e+00,4.746196e+00,4.928800e+00,4.659281e+00,5.049731e+00,4.787469e+00,4.737173e+00,4.792870e+00,4.739379e+00,4.192655e+00,4.521289e+00,4.830601e+00,4.129185e+00,4.689250e+00,4.876591e+00,4.900758e+00,4.778918e+00,4.814246e+00,4.950977e+00,4.060976e+00,4.720238e+00,4.847579e+00,4.985704e+00,4.837807e+00,4.886037e+00,4.857137e+00,4.775958e+00,4.836474e+00,4.657769e+00,4.503372e+00,4.777566e+00,4.614117e+00,4.900934e+00,4.775804e+00,4.769279e+00,4.608808e+00,4.848715e+00,4.774330e+00,4.822856e+00,4.790656e+00,4.940267e+00
4.562839e+00,4.530393e+00,4.633758e+00,4.974686e+00,4.756529e+00,4.683183e+00,4.888936e+00,4.990217e+00,4.780607e+00,4.569961e+00,4.987217e+00,4.660205e+00,4.713102e+00,4.789264e+00,4.654219e+00,4.925368e+00,4.530371e+00,4.770906e+00,4.822082e+00,4.813472e+00,4.677134e+00,4.537228e+00,4.742483e+00,4.850286e+00,4.815079e+00,4.844624e+00,4.914202e+00,4.699802e+00,4.775696e+00,5.039094e+00,4.738957e+00,4.838280e+00,4.596014e+00,4.678486e+00,4.844688e+00,4.777153e+00,4.768466e+00,4.713041e+00,4.266385e+00,4.832648e+00,4.603691e+00,4.758805e+00,4.740830e+00,4.730505e+00,5.023246e+00,4.902531e+00,4.961598e+00,4.284328e+00,4.608180e+00,4.367048e+00,4.810004e+00,4.725678e+00,4.940020e+00,4.580807e+00,4.692741e+00,4.787962e+00,4.692347e+00,5.133621e+00,4.512559e+00,4.729319e+00,4.910284e+00,4.657723e+00,4.950882e+00,4.794133e+00,4.417859e+00,4.902899e+00,4.853044e+00,4.927465e+00,4.814879e+00,4.771344e+00,4.929333e+00,4.792942e+00,4.788806e+00,4.614895e+00,4.820368e+00,4.513385e+00,4.766182e+00,4.604256e+00,4.811223e+00,4.762441e+00,4.515118e+00,4.654230e+00,4.747193e+00,4.916466e+00,4.808579e+00,4.482242e+00,4.913186e+00,4.585075e+00,4.990546e+00,4.933825e+00,4.758609e+00,4.978156e+00,4.690881e+00,4.810743e+00,4.157842e+00,4.947883e+00,4.749883e+00,4.686381e+00,4.884963e+00,4.993317e+00,4.811552e+00,4.587403e+00,4.197466e+00,4.827223e+00,4.449537e+00,5.094762e+00,4.972162e+00,5.080184e+00,4.987552e+00,4.933983e+00,4.754425e+00,4.805228e+00,4.851209e+00,4.623126e+00,4.417467e+00,4.821914e+00,4.983004e+00,4.714463e+00,5.078423e+00,4.846120e+00,4.795112e+00,4.554975e+00,5.110345e+00,4.664462e+00,4.909172e+00,4.977713e+00,4.779969e+00,4.775217e+00,4.943339e+00,4.100098e+00,4.780700e+00,4.922513e+00,4.810626e+00,4.248000e+00,4.967198e+00,4.479635e+00,4.990781e+00,4.843478e+00,4.942800e+00,5.020919e+00,4.546784e+00,4.730960e+00,4.395363e+00,4.378227e+00,4.713505e+00,4.712809e+00,4.746261e+00,4.794663e+00,4.832680e+00,4.414434e+00,4.923114e+00,4.478353e+00,4.682192e+00,5.019281e+00,4.786646e+00,4.106585e+00,4.703877e+00,4.505462e+00,4.920362e+00,4.985907e+00,4.796276e+00,4.636083e+00,4.840195e+00,5.040225e+00,4.819929e+00,4.667498e+00,4.737071e+00,4.780251e+00,4.250878e+00,4.234435e+00,4.980545e+00,4.982349e+00,4.570097e+00,4.457244e+00,4.661530e+00,4.499613e+00,4.870235e+00,4.574270e+00,4.742098e+00,4.790814e+00,4.371879e+00,4.500731e+00,4.807892e+00,4.737446e+00,4.668745e+00,4.762395e+00,4.676291e+00,4.909553e+00,4.997846e+00,4.696549e+00,4.506409e+00,4.793291e+00,4.811334e+00,4.809048e+00,4.923025e+00,4.827842e+00,4.706678e+00,5.092120e+00,4.508266e+00,4.859233e+00,5.003055e+00,4.520664e+00,4.565789e+00,4.754640e+00,4.901498e+00,4.883941e+00,4.815057e+00,4.729017e+00,4.816208e+00,4.927577e+00,4.987650e+00,4.572637e+00,4.673744e+00,4.803546e+00,4.922285e+00,4.988331e+00,4.517751e+00,5.079593e+00,4.653321e+00,4.948070e+00,4.520678e+00,4.745535e+00,4.687626e+00,4.963625e+00,4.920765e+00,4.856973e+00,4.995631e+00,4.856278e+00
4.887745e+00,4.952806e+00,4.672888e+00,4.625889e+00,4.941961e+00,4.929748e+00,4.692372e+00,4.863153e+00,4.969854e+00,4.313779e+00,4.734776e+00,4.591237e+00,4.903828e+00,4.672163e+00,4.720530e+00,4.877075e+00,4.783375e+00,4.690052e+00,5.147355e+00,4.515021e+00,4.815060e+00,4.740531e+00,4.790470e+00,4.711576e+00,4.909039e+00,4.715627e+00,4.809912e+00,4.912588e+00,5.144725e+00,4.945410e+00,4.962851e+00,4.892864e+00,4.727924e+00,4.746166e+00,4.996196e+00,4.823758e+00,4.702618e+00,4.776059e+00,4.341988e+00,4.687581e+00,4.966094e+00,4.929914e+00,4.581362e+00,4.683983e+00,4.686134e+00,4.507889e+00,4.862084e+00,4.188718e+00,4.848921e+00,4.784004e+00,4.643143e+00,4.548560e+00,4.612805e+00,4.524179e+00,4.642760e+00,4.408606e+00,4.732091e+00,4.791060e+00,4.897257e+00,4.785246e+00,4.773915e+00,4.890417e+00,4.267014e+00,4.205303e+00,4.630243e+00,4.765598e+00,4.546072e+00,4.844050e+00,4.792829e+00,4.305982e+00,4.761447e+00,4.856583e+00,4.643562e+00,4.876906e+00,4.895251e+00,4.717224e+00,4.812828e+00,4.532329e+00,4.660340e+00,4.800854e+00,4.773976e+00,4.703502e+00,4.797194e+00,4.258022e+00,4.213835e+00,4.997535e+00,4.757824e+00,4.852594e+00,4.870399e+00,4.800153e+00,4.695140e+00,4.906824e+00,4.575314e+00,4.808937e+00,4.379619e+00,4.901444e+00,4.678763e+00,4.627566e+00,4.833382e+00,4.610427e+00,4.753356e+00,4.545152e+00,4.645804e+00,4.992379e+00,4.687019e+00,4.929005e+00,4.834421e+00,4.894289e+00,4.666573e+00,4.851174e+00,4.525005e+00,4.780120e+00,4.851470e+00,4.995314e+00,4.527818e+00,4.880551e+00,4.641147e+00,4.858880e+00,4.807239e+00,4.895716e+00,4.656752e+00,4.682088e+00,4.651288e+00,4.798255e+00,4.702789e+00,4.886871e+00,4.709881e+00,4.693529e+00,4.325887e+00,4.679071e+00,4.929287e+00,3.976689e+00,3.745151e+00,4.840674e+00,4.417245e+00,4.798215e+00,4.766505e+00,4.701536e+00,4.797326e+00,4.072569e+00,4.772470e+00,4.916978e+00,4.989248e+00,4.590894e+00,4.794553e+00,4.635971e+00,4.816398e+00,4.753575e+00,5.063980e+00,4.883761e+00,4.832939e+00,4.893761e+00,4.706642e+00,4.502088e+00,4.983495e+00,4.756529e+00,4.436572e+00,4.872072e+00,4.758665e+00,4.564027e+00,4.737804e+00,4.702761e+00,4.813605e+00,4.842804e+00,4.919151e+00,3.769076e+00,3.553058e+00,4.604919e+00,4.614485e+00,4.476047e+00,4.695447e+00,4.828037e+00,4.590551e+00,4.714059e+00,5.039036e+00,4.762430e+00,4.862385e+00,4.952190e+00,5.114241e+00,4.474138e+00,4.646584e+00,4.468409e+00,4.927227e+00,4.473962e+00,4.781143e+00,4.932039e+00,4.692248e+00,4.576136e+00,4.800915e+00,4.659808e+00,4.636680e+00,4.735201e+00,4.896361e+00,4.443266e+00,4.852045e+00,4.902253e+00,4.840160e+00,5.087912e+00,4.903714e+00,4.715814e+00,4.951885e+00,4.755638e+00,4.753122e+00,4.822615e+00,4.690094e+00,4.871540e+00,5.042025e+00,4.702965e+00,4.717482e+00,4.847074e+00,4.642143e+00,4.682747e+00,4.917643e+00,4.628153e+00,4.825667e+00,4.541969e+00,4.902701e+00,4.889236e+00,4.958801e+00,4.910647e+00,4.643312e+00,4.854770e+00,4.880673e+00,4.772577e+00,4.787439e+00,4.970679e+00,4.711338e+00,4.644019e+00
4.600638e+00,4.932839e+00,4.768991e+00,4.615101e+00,5.125503e+00,4.567572e+00,4.707068e+00,4.821962e+00,4.405962e+00,4.822384e+00,4.659792e+00,4.833500e+00,4.786003e+00,4.535065e+00,4.622429e+00,4.918588e+00,4.598251e+00,4.857246e+00,4.906857e+00,4.901077e+00,4.575475e+00,4.938129e+00,5.001491e+00,4.414930e+00,4.809156e+00,4.816974e+00,4.882720e+00,4.361447e+00,4.820260e+00,4.941916e+00,4.799881e+00,4.561288e+00,4.763304e+00,4.584742e+00,4.888478e+00,4.891733e+00,4.628348e+00,4.652389e+00,4.422886e+00,4.873258e+00,4.920016e+00,4.551279e+00,4.965003e+00,4.909125e+00,4.771342e+00,4.643115e+00,4.926827e+00,4.936355e+00,4.932554e+00,4.754317e+00,4.699035e+00,4.754528e+00,4.823262e+00,4.577121e+00,4.771965e+00,4.788424e+00,4.808158e+00,4.771839e+00,4.883571e+00,4.822081e+00,4.888826e+00,4.657215e+00,4.778986e+00,4.827371e+00,4.706279e+00,4.684379e+00,4.869975e+00,4.649144e+00,4.808730e+00,4.889313e+00,4.611408e+00,4.682044e+00,4.704785e+00,5.029016e+00,4.691023e+00,4.848426e+00,4.620722e+00,5.031962e+00,4.576144e+00,4.607030e+00,4.787242e+00,4.443930e+00,4.886004e+00,4.930764e+00,4.708693e+00,4.758692e+00,4.689161e+00,4.713155e+00,4.838375e+00,4.960492e+00,4.816987e+00,4.779727e+00,4.961768e+00,4.723475e+00,4.499385e+00,5.032990e+00,4.515154e+00,4.823979e+00,4.902702e+00,4.781874e+00,4.365624e+00,4.837663e+00,4.716332e+00,4.829867e+00,4.807693e+00,4.707427e+00,4.615772e+00,4.924067e+00,4.826501e+00,4.303106e+00,4.976646e+00,4.452820e+00,5.118492e+00,4.920214e+00,4.987410e+00,4.779277e+00,4.758615e+00,4.676748e+00,4.841362e+00,4.780441e+00,4.814671e+00,4.931564e+00,4.618592e+00,5.048714e+00,4.785234e+00,4.942105e+00,4.347149e+00,4.773528e+00,4.773564e+00,4.764189e+00,4.188753e+00,4.932611e+00,5.019027e+00,4.953036e+00,4.563046e+00,4.366247e+00,4.841494e+00,4.749403e+00,4.782671e+00,4.835370e+00,4.672974e+00,4.058763e+00,4.698773e+00,4.907456e+00,4.362673e+00,4.814377e+00,4.936742e+00,4.810964e+00,4.891386e+00,4.594337e+00,4.342780e+00,4.521326e+00,4.798371e+00,4.557197e+00,4.532116e+00,4.617959e+00,4.560517e+00,4.800003e+00,4.769062e+00,4.896286e+00,4.910058e+00,4.755344e+00,4.844600e+00,4.950480e+00,4.621227e+00,4.927459e+00,4.851388e+00,4.802683e+00,4.593213e+00,4.821852e+00,4.719550e+00,4.826822e+00,4.901995e+00,4.486860e+00,4.924938e+00,4.736499e+00,4.609418e+00,4.649041e+00,4.879957e+00,4.912724e+00,4.918472e+00,4.671378e+00,4.897876e+00,4.581865e+00,5.035395e+00,4.722646e+00,4.645893e+00,4.887701e+00,4.770587e+00,4.564804e+00,4.600990e+00,4.874788e+00,4.547996e+00,4.766169e+00,4.689120e+00,4.710630e+00,4.693163e+00,4.935937e+00,4.686870e+00,4.470472e+00,4.997074e+00,4.823923e+00,4.303518e+00,4.767871e+00,4.899255e+00,4.537242e+00,4.813687e+00,4.937553e+00,4.925306e+00,4.650881e+00,4.757667e+00,4.990199e+00,4.704927e+00,4.594302e+00,4.674296e+00,4.511110e+00,4.638670e+00,4.749488e+00,4.425507e+00,4.881615e+00,4.602960e+00,4.833285e+00,4.808786e+00,4.478538e+00,4.856098e+00,4.646851e+00,4.794800e+00,4.998364e+00
4.639483e+00,4.984356e+00,4.859448e+00,4.846084e+00,4.969554e+00,4.456584e+00,4.774887e+00,4.590325e+00,4.916003e+00,4.995357e+00,4.841723e+00,4.913871e+00,4.672915e+00,4.681681e+00,4.657568e+00,4.035290e+00,4.999649e+00,4.862101e+00,4.841759e+00,4.826550e+00,4.636565e+00,4.736132e+00,4.906788e+00,4.569126e+00,4.925978e+00,5.042360e+00,4.834598e+00,4.841149e+00,4.798301e+00,5.035371e+00,4.347411e+00,4.706455e+00,4.951873e+00,4.824025e+00,4.911480e+00,4.990354e+00,4.930021e+00,4.847932e+00,4.769801e+00,5.008161e+00,4.487684e+00,5.020166e+00,4.838417e+00,4.865512e+00,4.942413e+00,4.556217e+00,5.032174e+00,4.335814e+00,4.681615e+00,4.801001e+00,4.457731e+00,4.658867e+00,4.428735e+00,4.756089e+00,4.866092e+00,4.712385e+00,4.777185e+00,4.624908e+00,4.709196e+00,4.868768e+00,4.924633e+00,4.546301e+00,4.657505e+00,4.824247e+00,4.883241e+00,4.542187e+00,4.594855e+00,4.847267e+00,4.610079e+00,4.809121e+00,4.731825e+00,4.975884e+00,4.546918e+00,4.687173e+00,4.741988e+00,4.723635e+00,4.110169e+00,4.988898e+00,4.573277e+00,4.778999e+00,4.957531e+00,4.591474e+00,5.077664e+00,4.950293e+00,4.727161e+00,4.736230e+00,4.786152e+00,4.732102e+00,4.509673e+00,5.047634e+00,4.767867e+00,4.807203e+00,4.909364e+00,4.579947e+00,4.964123e+00,4.803590e+00,4.899082e+00,4.980161e+00,4.503343e+00,4.385798e+00,5.114862e+00,4.673954e+00,5.012521e+00,4.785899e+00,4.776001e+00,5.037619e+00,4.371081e+00,4.647228e+00,4.989784e+00,4.839824e+00,4.858809e+00,5.152097e+00,4.457153e+00,4.568547e+00,4.599283e+00,4.959779e+00,4.990992e+00,4.888339e+00,4.902072e+00,4.739569e+00,4.490611e+00,4.407639e+00,4.668625e+00,4.823575e+00,4.673057e+00,4.889226e+00,4.945060e+00,4.626806e+00,5.090334e+00,4.984234e+00,4.671459e+00,4.645563e+00,4.993828e+00,5.098571e+00,5.161096e+00,4.741279e+00,4.733296e+00,4.463716e+00,4.590522e+00,4.913788e+00,4.417219e+00,4.997777e+00,5.073014e+00,4.652222e+00,4.910891e+00,4.401398e+00,4.799046e+00,4.884909e+00,4.754016e+00,4.257290e+00,5.134207e+00,4.819617e+00,4.846173e+00,4.898428e+00,4.666390e+00,4.414174e+00,5.012490e+00,4.628409e+00,5.038898e+00,4.536866e+00,4.599066e+00,4.953119e+00,4.879523e+00,4.839091e+00,4.715015e+00,4.919904e+00,5.225721e+00,4.759914e+00,5.046959e+00,4.653137e+00,4.581498e+00,4.826954e+00,4.448690e+00,5.056202e+00,4.885026e+00,4.736551e+00,4.568398e+00,5.059723e+00,4.830964e+00,4.967144e+00,5.055942e+00,4.765380e+00,5.039177e+00,4.870079e+00,4.754716e+00,4.856617e+00,4.849463e+00,4.930557e+00,4.891290e+00,4.855096e+00,4.957411e+00,4.593503e+00,4.680994e+00,4.457709e+00,4.642823e+00,4.714830e+00,4.671390e+00,4.826150e+00,4.739768e+00,4.854459e+00,4.855131e+00,4.616380e+00,4.812436e+00,4.910103e+00,4.842660e+00,4.851654e+00,4.274949e+00,4.798582e+00,4.226813e+00,4.875163e+00,4.542039e+00,4.666614e+00,4.852070e+00,4.831446e+00,4.711822e+00,4.654136e+00,4.867488e+00,4.699602e+00,4.922060e+00,4.455434e+00,4.672279e+00,4.805189e+00,4.740865e+00,4.848215e+00,5.042732e+00,4.796097e+00,4.817693e+00,4.971683e+00
4.874228e+00,4.480965e+00,5.017164e+00,4.913700e+00,4.971395e+00,4.629563e+00,4.856927e+00,4.644181e+00,4.934421e+00,4.711199e+00,4.938742e+00,4.758318e+00,4.929442e+00,4.722082e+00,4.736805e+00,4.890192e+00,4.810848e+00,4.272719e+00,4.912166e+00,4.723556e+00,4.833069e+00,4.584122e+00,5.139812e+00,4.922230e+00,4.965925e+00,4.744841e+00,4.924139e+00,4.762842e+00,4.668648e+00,4.827504e+00,4.756791e+00,4.727023e+00,4.878481e+00,4.917412e+00,4.720003e+00,5.140053e+00,4.594849e+00,4.754349e+00,4.842765e+00,4.879148e+00,4.861696e+00,4.924023e+00,4.780016e+00,4.915116e+00,4.813276e+00,4.713127e+00,4.875347e+00,4.329509e+00,4.912065e+00,4.766190e+00,4.746393e+00,4.765952e+00,4.918249e+00,4.872990e+00,4.605812e+00,4.850978e+00,4.802195e+00,4.711838e+00,4.963053e+00,4.682359e+00,4.971133e+00,4.932985e+00,4.921212e+00,4.496085e+00,4.985039e+00,4.617204e+00,4.862399e+00,4.966529e+00,4.773321e+00,4.800071e+00,4.878110e+00,4.781756e+00,4.598953e+00,4.858950e+00,4.783503e+00,4.599223e+00,5.041987e+00,4.599923e+00,4.594122e+00,4.749277e+00,4.787957e+00,4.810502e+00,4.801635e+00,4.634786e+00,4.912249e+00,5.000669e+00,5.025710e+00,4.925425e+00,4.760357e+00,5.101318e+00,4.929222e+00,5.375108e+00,4.841831e+00,4.793215e+00,4.818177e+00,5.176987e+00,5.115132e+00,4.631716e+00,4.773974e+00,5.170357e+00,5.036263e+00,5.044849e+00,4.743769e+00,4.738543e+00,4.591455e+00,4.764908e+00,4.473971e+00,4.873143e+00,4.384921e+00,4.903707e+00,4.601887e+00,4.997952e+00,4.815406e+00,4.909052e+00,4.854957e+00,4.424975e+00,4.520067e+00,5.016189e+00,4.983219e+00,4.603833e+00,4.692742e+00,5.007197e+00,4.816838e+00,4.859657e+00,4.835584e+00,4.765323e+00,4.801926e+00,4.482533e+00,5.076912e+00,4.948101e+00,4.138795e+00,5.226023e+00,4.927510e+00,4.786773e+00,4.674117e+00,4.207093e+00,4.883228e+00,4.801891e+00,5.008373e+00,4.531506e+00,4.988779e+00,4.872716e+00,5.068768e+00,4.475056e+00,4.548286e+00,4.666683e+00,4.633522e+00,4.842308e+00,4.860886e+00,4.749993e+00,4.753404e+00,4.607968e+00,4.721899e+00,4.778504e+00,5.157479e+00,4.814482e+00,4.999338e+00,4.845242e+00,4.789628e+00,4.594952e+00,4.543057e+00,4.932917e+00,4.765151e+00,4.918645e+00,4.493337e+00,4.869118e+00,4.869208e+00,4.610420e+00,4.833702e+00,4.978537e+00,4.783064e+00,4.872337e+00,4.662188e+00,4.590206e+00,4.827287e+00,5.038242e+00,4.400141e+00,4.374264e+00,4.786017e+00,4.755400e+00,4.699555e+00,4.424785e+00,4.608760e+00,4.498432e+00,4.997322e+00,4.912536e+00,4.853311e+00,4.701693e+00,4.752337e+00,4.609673e+00,4.810231e+00,4.058870e+00,4.981303e+00,4.302897e+00,4.825151e+00,4.789785e+00,4.684236e+00,4.793725e+00,4.713899e+00,4.918075e+00,4.794520e+00,4.652591e+00,4.828789e+00,4.754247e+00,4.493206e+00,4.965753e+00,4.918916e+00,4.979617e+00,4.327181e+00,4.732521e+00,4.452807e+00,4.390933e+00,4.692620e+00,4.886128e+00,4.672023e+00,4.927570e+00,4.643253e+00,4.768374e+00,4.653510e+00,4.818106e+00,4.511891e+00,4.754271e+00,4.705441e+00,4.718923e+00,4.654854e+00,4.687526e+00,4.913672e+00,5.033032e+00
4.943793e+00,5.111201e+00,4.754574e+00,4.175073e+00,4.840420e+00,4.781750e+00,4.835482e+00,4.850534e+00,4.643959e+00,4.666849e+00,4.789231e+00,4.757579e+00,5.038728e+00,4.832301e+00,4.740447e+00,4.865251e+00,4.882363e+00,4.708910e+00,4.918076e+00,4.996944e+00,4.896352e+00,5.001915e+00,4.618416e+00,4.833804e+00,4.572739e+00,4.463403e+00,4.701701e+00,4.802149e+00,4.673608e+00,4.762415e+00,4.752565e+00,4.886150e+00,4.592337e+00,4.554899e+00,4.550180e+00,4.867340e+00,4.771699e+00,4.912999e+00,4.733894e+00,4.608811e+00,4.850990e+00,4.864415e+00,4.378883e+00,4.901485e+00,4.707780e+00,4.650760e+00,4.683765e+00,4.972875e+00,4.174520e+00,4.899440e+00,4.647108e+00,4.538774e+00,4.414405e+00,4.539585e+00,4.392049e+00,4.783802e+00,5.015302e+00,4.570233e+00,4.889195e+00,4.735025e+00,4.940524e+00,4.752342e+00,4.893715e+00,4.707451e+00,4.758129e+00,4.867954e+00,4.683841e+00,4.849627e+00,4.899718e+00,4.670818e+00,4.681546e+00,4.916012e+00,4.648531e+00,4.788266e+00,4.637271e+00,5.106143e+00,4.761511e+00,4.933159e+00,4.962024e+00,4.880484e+00,4.837623e+00,4.820294e+00,5.039617e+00,4.796164e+00,5.065470e+00,4.503880e+00,4.779466e+00,4.890098e+00,4.660130e+00,4.760805e+00,4.811893e+00,5.031590e+00,4.511163e+00,4.913573e+00,4.806760e+00,4.686841e+00,4.921323e+00,5.407402e+00,4.842572e+00,4.772943e+00,5.208444e+00,4.873990e+00,4.241558e+00,4.752039e+00,5.029246e+00,5.092142e+00,4.009094e+00,5.078586e+00,4.727696e+00,5.074321e+00,4.528669e+00,4.927314e+00,4.492446e+00,4.919089e+00,4.838222e+00,4.974460e+00,4.844010e+00,5.275304e+00,4.730702e+00,4.959388e+00,4.834120e+00,4.761010e+00,4.715837e+00,4.973374e+00,4.638395e+00,4.937037e+00,4.068711e+00,4.735647e+00,4.853449e+00,5.078959e+00,5.040105e+00,5.069985e+00,4.968939e+00,4.829439e+00,5.299191e+00,4.738419e+00,5.102190e+00,5.103944e+00,4.905863e+00,4.786316e+00,5.061891e+00,5.038328e+00,4.642440e+00,4.839705e+00,5.285975e+00,4.870533e+00,4.820938e+00,5.120500e+00,5.034055e+00,5.314987e+00,4.993527e+00,4.792241e+00,4.715635e+00,5.109229e+00,5.221690e+00,4.750421e+00,5.133517e+00,4.742714e+00,4.771569e+00,4.645406e+00,4.693954e+00,4.747713e+00,4.842298e+00,4.601608e+00,5.112945e+00,5.174543e+00,4.613576e+00,4.864870e+00,4.845699e+00,5.015108e+00,4.758908e+00,4.654524e+00,4.753355e+00,5.194425e+00,5.211920e+00,4.935332e+00,4.954790e+00,4.790919e+00,4.711110e+00,4.608415e+00,5.103490e+00,4.933392e+00,4.597124e+00,4.685140e+00,4.819537e+00,5.487837e+00,5.115467e+00,4.943719e+00,4.844439e+00,4.748937e+00,4.678432e+00,4.765032e+00,4.336161e+00,5.140261e+00,4.782649e+00,4.690727e+00,4.601143e+00,4.637165e+00,4.894644e+00,4.755285e+00,4.830031e+00,4.797478e+00,4.778134e+00,4.848809e+00,4.744436e+00,4.699303e+00,4.899708e+00,4.889283e+00,4.987238e+00,4.784608e+00,4.849380e+00,4.784580e+00,4.982786e+00,4.890119e+00,4.206075e+00,4.677982e+00,4.900284e+00,4.888506e+00,4.859402e+00,4.738315e+00,4.980481e+00,4.781967e+00,4.599521e+00,4.616934e+00,4.787726e+00,4.741242e+00,4.937625e+00,4.642132e+00
4.502877e+00,4.831149e+00,4.944524e+00,4.272455e+00,4.735706e+00,5.142902e+00,5.001269e+00,4.866373e+00,4.970241e+00,4.870714e+00,4.790829e+00,4.546049e+00,4.945782e+00,4.255680e+00,4.861463e+00,4.718443e+00,4.782392e+00,5.009908e+00,4.865369e+00,4.447851e+00,4.821822e+00,4.975149e+00,4.712678e+00,4.466009e+00,4.605355e+00,4.641188e+00,4.543708e+00,4.706406e+00,4.984572e+00,4.962088e+00,4.238751e+00,4.643212e+00,4.374126e+00,4.052451e+00,4.931448e+00,4.921818e+00,4.834962e+00,3.938136e+00,4.799620e+00,4.883623e+00,4.506236e+00,4.796141e+00,4.893191e+00,5.033377e+00,5.075940e+00,4.952053e+00,4.951798e+00,4.698786e+00,4.455597e+00,4.625668e+00,4.696399e+00,4.843525e+00,4.563854e+00,4.676705e+00,4.963038e+00,4.823930e+00,4.729618e+00,4.845728e+00,4.572750e+00,4.890028e+00,4.783114e+00,4.885663e+00,4.887644e+00,5.079507e+00,4.790924e+00,4.779297e+00,4.852490e+00,4.791638e+00,4.980789e+00,4.920542e+00,4.966901e+00,4.680962e+00,5.087235e+00,4.681922e+00,4.951947e+00,5.141443e+00,4.786966e+00,5.061216e+00,4.772612e+00,4.922903e+00,4.867452e+00,4.665543e+00,4.469353e+00,5.216959e+00,4.612394e+00,4.838259e+00,3.758965e+00,4.999111e+00,4.795420e+00,5.105850e+00,4.845663e+00,4.552092e+00,4.528859e+00,4.611510e+00,4.678755e+00,4.826931e+00,4.997619e+00,4.911500e+00,4.835242e+00,5.014219e+00,4.707144e+00,5.003548e+00,4.615945e+00,4.842243e+00,5.004548e+00,4.779838e+00,4.996698e+00,4.915210e+00,4.997236e+00,4.919427e+00,4.821197e+00,4.672750e+00,4.905647e+00,4.730441e+00,4.904102e+00,4.438545e+00,4.975674e+00,5.157612e+00,5.048302e+00,5.071662e+00,4.765175e+00,5.284475e+00,4.958554e+00,4.806002e+00,5.061297e+00,4.999615e+00,5.186493e+00,4.816927e+00,4.976546e+00,5.143628e+00,5.034286e+00,4.579202e+00,4.589826e+00,4.995551e+00,4.562439e+00,4.778176e+00,5.271063e+00,4.776776e+00,5.163116e+00,5.195612e+00,4.789972e+00,4.448992e+00,5.057601e+00,4.998985e+00,5.224397e+00,4.767787e+00,5.114151e+00,4.920493e+00,4.984767e+00,4.835267e+00,4.507151e+00,4.860081e+00,4.918243e+00,4.893548e+00,4.683549e+00,4.768052e+00,5.103161e+00,4.907100e+00,4.495220e+00,4.704999e+00,4.908365e+00,4.651596e+00,4.730606e+00,5.080045e+00,4.855496e+00,4.943614e+00,4.765511e+00,4.894266e+00,4.953566e+00,4.824291e+00,4.645995e+00,5.106662e+00,4.961666e+00,4.529333e+00,4.857639e+00,4.943929e+00,4.454369e+00,4.746748e+00,4.534065e+00,4.933728e+00,5.152128e+00,4.893413e+00,4.845525e+00,4.846940e+00,4.895958e+00,4.935540e+00,4.807819e+00,4.540670e+00,4.814232e+00,5.020346e+00,4.530640e+00,4.924886e+00,4.813222e+00,4.863655e+00,4.897791e+00,4.754293e+00,4.864602e+00,4.601728e+00,4.192409e+00,4.839050e+00,4.194172e+00,4.810586e+00,4.435826e+00,5.010080e+00,4.630565e+00,4.792700e+00,4.935635e+00,4.762825e+00,4.755388e+00,4.884476e+00,4.694693e+00,4.526837e+00,4.816127e+00,4.539332e+00,4.762531e+00,4.653026e+00,4.720166e+00,4.884172e+00,4.802823e+00,4.986326e+00,4.658386e+00,4.824449e+00,4.999535e+00,4.736582e+00,4.795467e+00,4.824536e+00,4.935386e+00,4.581105e+00
4.912560e+00,4.635535e+00,4.867644e+00,4.971147e+00,4.717113e+00,4.539309e+00,4.831485e+00,4.624356e+00,4.855073e+00,4.953112e+00,5.045915e+00,4.636466e+00,4.951601e+00,4.592442e+00,4.912673e+00,5.015001e+00,4.654770e+00,4.830347e+00,4.866708e+00,4.345738e+00,4.547083e+00,4.501124e+00,4.654079e+00,4.729141e+00,4.736154e+00,4.871984e+00,4.813766e+00,4.264908e+00,4.958111e+00,4.783808e+00,4.623520e+00,4.924215e+00,4.780169e+00,4.837496e+00,4.829571e+00,4.696805e+00,5.049000e+00,4.811610e+00,4.509744e+00,5.163842e+00,4.707467e+00,4.892889e+00,4.688096e+00,4.600475e+00,4.452394e+00,4.696554e+00,4.976184e+00,4.829583e+00,5.086725e+00,4.961741e+00,4.867130e+00,4.920060e+00,4.638033e+00,4.890733e+00,4.793794e+00,4.825965e+00,4.872833e+00,4.215158e+00,4.956438e+00,4.786610e+00,4.321938e+00,4.979134e+00,4.600634e+00,4.673937e+00,4.613482e+00,4.567838e+00,4.876780e+00,4.668356e+00,4.803023e+00,4.600886e+00,4.621953e+00,4.881169e+00,4.696219e+00,4.727410e+00,5.113895e+00,4.912680e+00,5.069537e+00,4.351860e+00,4.773015e+00,4.712252e+00,4.693275e+00,4.579853e+00,4.762326e+00,4.863057e+00,4.860230e+00,4.978354e+00,4.840789e+00,4.644415e+00,4.632962e+00,4.908548e+00,4.677790e+00,5.032859e+00,4.859930e+00,4.905406e+00,4.880998e+00,5.011788e+00,4.709510e+00,5.107736e+00,4.510331e+00,4.936652e+00,4.985442e+00,5.077158e+00,5.121535e+00,4.876104e+00,4.929574e+00,4.424024e+00,4.800108e+00,4.851447e+00,4.835578e+00,4.762100e+00,4.783329e+00,4.638311e+00,4.793820e+00,4.814400e+00,5.014827e+00,5.240357e+00,4.963189e+00,5.014337e+00,4.619470e+00,4.749022e+00,5.024104e+00,5.093254e+00,4.850248e+00,5.378242e+00,4.746775e+00,4.973734e+00,4.780331e+00,5.025956e+00,4.936224e+00,4.981189e+00,4.888759e+00,4.435214e+00,4.508644e+00,5.056774e+00,4.964187e+00,5.067924e+00,4.926379e+00,5.205162e+00,5.342663e+00,4.742149e+00,4.869472e+00,4.881533e+00,4.989909e+00,5.063172e+00,4.794137e+00,4.395367e+00,5.147880e+00,5.029631e+00,5.079360e+00,4.994223e+00,4.949413e+00,5.051529e+00,4.906108e+00,4.731530e+00,4.827084e+00,4.713059e+00,4.825941e+00,4.847931e+00,4.805437e+00,4.724020e+00,4.749414e+00,5.009857e+00,4.989687e+00,4.912370e+00,4.597819e+00,4.366150e+00,4.889247e+00,4.988220e+00,4.882453e+00,4.848679e+00,4.941847e+00,4.872586e+00,4.925732e+00,5.106669e+00,4.951772e+00,5.171684e+00,4.936820e+00,4.836811e+00,4.751842e+00,5.038669e+00,5.153474e+00,4.883206e+00,4.520783e+00,4.997086e+00,4.162307e+00,4.792270e+00,4.752001e+00,5.078287e+00,4.752994e+00,4.684118e+00,4.587531e+00,4.904958e+00,4.900864e+00,4.408224e+00,5.016569e+00,4.515228e+00,4.692492e+00,4.849528e+00,4.904392e+00,4.887703e+00,4.278147e+00,4.819870e+00,4.530019e+00,4.997610e+00,4.819649e+00,4.845270e+00,4.455366e+00,4.899402e+00,4.878089e+00,4.521750e+00,4.822861e+00,4.789289e+00,4.880417e+00,4.740968e+00,4.771439e+00,4.693024e+00,4.790130e+00,4.796880e+00,4.662029e+00,4.655910e+00,4.952039e+00,4.969324e+00,4.550653e+00,4.809195e+00,4.803366e+00,4.325778e+00,4.329860e+00,4.558045e+00
4.729553e+00,4.924488e+00,4.832635e+00,4.870554e+00,4.602390e+00,4.721903e+00,4.581343e+00,4.829319e+00,4.829459e+00,4.775751e+00,4.901617e+00,4.684365e+00,4.702631e+00,4.187000e+00,4.943767e+00,4.877810e+00,4.637763e+00,4.871837e+00,4.801080e+00,4.533581e+00,4.905567e+00,4.926210e+00,4.694407e+00,4.939741e+00,4.669896e+00,4.681649e+00,4.880045e+00,4.820954e+00,4.900922e+00,4.922891e+00,4.477616e+00,4.680943e+00,4.816729e+00,4.517308e+00,4.729618e+00,4.767188e+00,4.575964e+00,4.929883e+00,4.491847e+00,4.704196e+00,4.772544e+00,4.638044e+00,4.648325e+00,4.883576e+00,4.340424e+00,4.803387e+00,4.715357e+00,4.436122e+00,4.775651e+00,4.916019e+00,4.950280e+00,4.961101e+00,4.907114e+00,4.452790e+00,4.825716e+00,5.067074e+00,4.786933e+00,4.292161e+00,4.825132e+00,4.886643e+00,4.515382e+00,4.695409e+00,4.871500e+00,4.780539e+00,4.771323e+00,4.587524e+00,4.425441e+00,4.984609e+00,4.953672e+00,4.411092e+00,4.850031e+00,4.672626e+00,4.713599e+00,5.067826e+00,4.954052e+00,4.996493e+00,4.986987e+00,4.682890e+00,4.306186e+00,4.783683e+00,4.766882e+00,4.959559e+00,4.598689e+00,4.933329e+00,4.851758e+00,4.893454e+00,4.969848e+00,5.180153e+00,4.897197e+00,5.050663e+00,4.950753e+00,4.845875e+00,5.093241e+00,4.608827e+00,4.697539e+00,4.869663e+00,4.872937e+00,4.794943e+00,5.202471e+00,5.105008e+00,4.457088e+00,4.834852e+00,5.220984e+00,4.669818e+00,4.437187e+00,5.041252e+00,4.730889e+00,4.492169e+00,4.952070e+00,4.977011e+00,4.948125e+00,4.465406e+00,4.910919e+00,4.969086e+00,4.634191e+00,4.813396e+00,4.475186e+00,5.099479e+00,5.123596e+00,4.896660e+00,4.776683e+00,4.860036e+00,4.839291e+00,5.098671e+00,4.717841e+00,5.038248e+00,4.880143e+00,4.451696e+00,4.879553e+00,5.099276e+00,4.665615e+00,4.846399e+00,5.062639e+00,4.783022e+00,4.782252e+00,5.021298e+00,4.875797e+00,4.842098e+00,4.794478e+00,4.916885e+00,5.044359e+00,5.097079e+00,5.163477e+00,4.621644e+00,5.150909e+00,4.655649e+00,5.021602e+00,4.938349e+00,4.519387e+00,5.018353e+00,5.177895e+00,4.865430e+00,4.903702e+00,4.547481e+00,4.794186e+00,4.472275e+00,4.475248e+00,4.818661e+00,4.795231e+00,5.108422e+00,4.728241e+00,4.758269e+00,5.000755e+00,4.703576e+00,4.382944e+00,4.699660e+00,4.610964e+00,4.853241e+00,4.914382e+00,4.900722e+00,4.954979e+00,4.662681e+00,4.958775e+00,5.055390e+00,4.890731e+00,4.617295e+00,4.762042e+00,4.747837e+00,4.771238e+00,4.859311e+00,4.687205e+00,4.816077e+00,4.661513e+00,5.085004e+00,4.949876e+00,4.677890e+00,4.940001e+00,5.004313e+00,4.758748e+00,4.417417e+00,4.541925e+00,4.301650e+00,4.948035e+00,4.914277e+00,4.517993e+00,4.827787e+00,4.883074e+00,4.860017e+00,4.754433e+00,4.900053e+00,5.012163e+00,4.510978e+00,4.871518e+00,4.852011e+00,4.896562e+00,4.654738e+00,4.611513e+00,4.686024e+00,4.856850e+00,4.739890e+00,4.512488e+00,4.771528e+00,5.004923e+00,5.009128e+00,4.949960e+00,4.766449e+00,4.990089e+00,4.695530e+00,4.734324e+00,4.933371e+00,4.754390e+00,3.900338e+00,4.923862e+00,4.296124e+00,4.926826e+00,4.481259e+00,4.781978e+00,5.163840e+00
4.392817e+00,4.822225e+00,4.986233e+00,4.857464e+00,4.233890e+00,4.907744e+00,4.978228e+00,4.635695e+00,4.798148e+00,4.500238e+00,4.877290e+00,4.764225e+00,4.697451e+00,4.841184e+00,4.956926e+00,4.766239e+00,4.676453e+00,4.711044e+00,4.337264e+00,4.812207e+00,4.914292e+00,4.497493e+00,4.783385e+00,4.765135e+00,5.025905e+00,4.877434e+00,4.696764e+00,4.705659e+00,5.118504e+00,4.793122e+00,4.985844e+00,4.793988e+00,4.680840e+00,4.653259e+00,4.863799e+00,4.860274e+00,4.640826e+00,5.032565e+00,4.977413e+00,4.739784e+00,4.901859e+00,4.944419e+00,4.925196e+00,4.749921e+00,4.740279e+00,4.835592e+00,4.863253e+00,4.861723e+00,4.823547e+00,4.618707e+00,4.435679e+00,4.714913e+00,4.737661e+00,4.378200e+00,4.743169e+00,4.892201e+00,4.682677e+00,4.920758e+00,4.523390e+00,4.906722e+00,4.390547e+00,4.832984e+00,4.786302e+00,4.824620e+00,4.832787e+00,4.971680e+00,4.795003e+00,4.470699e+00,4.631603e+00,4.732044e+00,4.837792e+00,5.027480e+00,4.808319e+00,5.096410e+00,4.735320e+00,4.841688e+00,4.804273e+00,5.218725e+00,4.904190e+00,4.903426e+00,4.868318e+00,4.916301e+00,4.803015e+00,4.701632e+00,4.763662e+00,4.772506e+00,4.429605e+00,4.621391e+00,4.766241e+00,5.100514e+00,4.749186e+00,5.246991e+00,5.051307e+00,5.023644e+00,4.537683e+00,4.829869e+00,5.339633e+00,5.427513e+00,4.384288e+00,4.593286e+00,4.708506e+00,4.796923e+00,4.654155e+00,4.938575e+00,4.656597e+00,5.195484e+00,4.791179e+00,4.916007e+00,4.746819e+00,4.610259e+00,4.908685e+00,5.102048e+00,5.231592e+00,4.964656e+00,4.867035e+00,4.891400e+00,4.763798e+00,4.763065e+00,4.952988e+00,5.126563e+00,4.600178e+00,4.968938e+00,4.793948e+00,4.560549e+00,4.747977e+00,4.548004e+00,4.914666e+00,4.755940e+00,4.900732e+00,5.018121e+00,4.898038e+00,4.786928e+00,5.291755e+00,4.960209e+00,4.785810e+00,5.026499e+00,4.934411e+00,5.235813e+00,5.046533e+00,4.701010e+00,5.136504e+00,4.840506e+00,5.139364e+00,5.012833e+00,4.627269e+00,4.987320e+00,4.888055e+00,4.719690e+00,5.152605e+00,4.895835e+00,4.840350e+00,5.312939e+00,4.967275e+00,4.936464e+00,4.925650e+00,4.937161e+00,4.937535e+00,4.723704e+00,4.706316e+00,4.848725e+00,4.989865e+00,4.892343e+00,4.833150e+00,4.603147e+00,4.822758e+00,5.058139e+00,4.785357e+00,4.911754e+00,4.778197e+00,4.339153e+00,4.896600e+00,4.663659e+00,4.559817e+00,4.852945e+00,5.267932e+00,5.080203e+00,5.164264e+00,4.513571e+00,4.582804e+00,4.622514e+00,4.348431e+00,4.883520e+00,4.900931e+00,4.733594e+00,4.994743e+00,5.007897e+00,4.903766e+00,4.599857e+00,4.447744e+00,4.936211e+00,4.911904e+00,4.745527e+00,4.655659e+00,4.872926e+00,4.425896e+00,4.942219e+00,4.950415e+00,4.746038e+00,4.675552e+00,4.853110e+00,4.695075e+00,4.707133e+00,4.860977e+00,4.823570e+00,4.191873e+00,4.726181e+00,4.890846e+00,4.882656e+00,4.710675e+00,5.110690e+00,4.812350e+00,4.906550e+00,4.813954e+00,4.822194e+00,4.766291e+00,4.865452e+00,4.432800e+00,4.761523e+00,4.904176e+00,4.969295e+00,4.722425e+00,4.293591e+00,4.918527e+00,4.885327e+00,4.553325e+00,4.940765e+00,4.805673e+00,4.883599e+00
4.706784e+00,4.848653e+00,4.899545e+00,4.685611e+00,4.943620e+00,4.710860e+00,4.880067e+00,4.926407e+00,4.893282e+00,4.765233e+00,4.889263e+00,4.828022e+00,4.910403e+00,4.714012e+00,5.025697e+00,4.901103e+00,4.672731e+00,4.639090e+00,4.693462e+00,4.899968e+00,4.938210e+00,4.587028e+00,4.360004e+00,4.687547e+00,4.859746e+00,4.727919e+00,4.959913e+00,4.741280e+00,4.632445e+00,4.320170e+00,4.640827e+00,4.465766e+00,4.782231e+00,4.930144e+00,4.835061e+00,4.796425e+00,4.691867e+00,4.847546e+00,4.728045e+00,4.856664e+00,4.862989e+00,4.883944e+00,4.841968e+00,4.926223e+00,4.628094e+00,4.812921e+00,4.595487e+00,4.589900e+00,4.891728e+00,4.852124e+00,4.550170e+00,4.922915e+00,5.038491e+00,4.847732e+00,4.481853e+00,4.904328e+00,5.009215e+00,5.054421e+00,4.969434e+00,4.830246e+00,4.836390e+00,4.802468e+00,4.421062e+00,4.830513e+00,4.994717e+00,4.687820e+00,4.371244e+00,4.892000e+00,4.700512e+00,4.596337e+00,4.952902e+00,4.921926e+00,4.882188e+00,4.924957e+00,4.880293e+00,5.007831e+00,4.947054e+00,5.167585e+00,4.790350e+00,4.971760e+00,4.863884e+00,4.690417e+00,4.857557e+00,4.632249e+00,4.864474e+00,4.941992e+00,5.456523e+00,4.734220e+00,5.175253e+00,4.682239e+00,4.887231e+00,5.111034e+00,4.500058e+00,4.647662e+00,4.717876e+00,4.948954e+00,5.056249e+00,4.886407e+00,4.662387e+00,4.887111e+00,4.661452e+00,4.782199e+00,4.765218e+00,4.564063e+00,4.964656e+00,5.012852e+00,4.378099e+00,4.865215e+00,5.051878e+00,5.242047e+00,4.556644e+00,4.830130e+00,5.053235e+00,5.150727e+00,4.811703e+00,4.754847e+00,4.775862e+00,5.343759e+00,5.237124e+00,5.191586e+00,4.748945e+00,4.492707e+00,5.121653e+00,5.156514e+00,4.975477e+00,5.245512e+00,4.754876e+00,4.698649e+00,4.841554e+00,5.098229e+00,4.944392e+00,4.302465e+00,4.824744e+00,4.987188e+00,4.950459e+00,5.238499e+00,4.852018e+00,5.381213e+00,5.369635e+00,4.704558e+00,5.198135e+00,4.705160e+00,5.014026e+00,4.925104e+00,5.122501e+00,5.303884e+00,5.132313e+00,5.193074e+00,5.186283e+00,4.800801e+00,5.036609e+00,5.303037e+00,4.406188e+00,4.751415e+00,4.691475e+00,4.866276e+00,4.739269e+00,5.049262e+00,4.735767e+00,4.796278e+00,4.614148e+00,4.849523e+00,5.018817e+00,4.817176e+00,4.338865e+00,4.863717e+00,4.835483e+00,4.825439e+00,4.662332e+00,4.550613e+00,4.785617e+00,4.961179e+00,4.991517e+00,4.957778e+00,5.027635e+00,4.447018e+00,4.907500e+00,5.186684e+00,4.897079e+00,4.260261e+00,5.019101e+00,4.998478e+00,4.894017e+00,5.039494e+00,4.799836e+00,4.809638e+00,4.858268e+00,4.461368e+00,4.676799e+00,4.868965e+00,4.689315e+00,4.889863e+00,4.879242e+00,4.974932e+00,4.631287e+00,4.916302e+00,4.959221e+00,4.933991e+00,4.642821e+00,4.875449e+00,4.653670e+00,4.784051e+00,4.782763e+00,4.899770e+00,4.449522e+00,4.909023e+00,4.960717e+00,4.982771e+00,4.906597e+00,4.437499e+00,4.724337e+00,4.608281e+00,4.935532e+00,4.655797e+00,4.837161e+00,4.723045e+00,4.835193e+00,4.794406e+00,4.898154e+00,4.914156e+00,4.869102e+00,4.892505e+00,4.451350e+00,4.922643e+00,4.830216e+00,4.930729e+00,4.658452e+00,4.726733e+00
4.793163e+00,4.988928e+00,4.219111e+00,4.822254e+00,4.766454e+00,4.753748e+00,4.539268e+00,4.760963e+00,4.970096e+00,4.750383e+00,5.154105e+00,4.736425e+00,4.789735e+00,4.750407e+00,5.013942e+00,4.848465e+00,4.745337e+00,4.610326e+00,4.956680e+00,4.827560e+00,4.760751e+00,4.726679e+00,4.744059e+00,4.742475e+00,4.895825e+00,4.743890e+00,4.727037e+00,5.061794e+00,4.840864e+00,4.977188e+00,4.853632e+00,4.838574e+00,4.777475e+00,4.987185e+00,4.908505e+00,4.775588e+00,4.753171e+00,4.825907e+00,4.517340e+00,5.049514e+00,4.618515e+00,4.926116e+00,4.786730e+00,4.968431e+00,4.619340e+00,4.823955e+00,4.675377e+00,4.982350e+00,4.699848e+00,4.270444e+00,5.046522e+00,4.936933e+00,5.047728e+00,4.500987e+00,4.848221e+00,4.853174e+00,4.771696e+00,4.804431e+00,4.897555e+00,4.956728e+00,4.824231e+00,4.925136e+00,4.951241e+00,4.696845e+00,4.913191e+00,4.822310e+00,4.701693e+00,4.724977e+00,4.790927e+00,4.782251e+00,4.867078e+00,5.000801e+00,4.666113e+00,4.383014e+00,4.970966e+00,5.103542e+00,5.039545e+00,5.106976e+00,4.833567e+00,4.917164e+00,5.119755e+00,4.552707e+00,4.874286e+00,4.816507e+00,4.886790e+00,4.308459e+00,4.847353e+00,5.126242e+00,5.103052e+00,4.861531e+00,4.916657e+00,4.802367e+00,4.811397e+00,5.057517e+00,4.781132e+00,4.922198e+00,4.443483e+00,4.556613e+00,4.807661e+00,5.077120e+00,4.986185e+00,4.783901e+00,4.961312e+00,5.051609e+00,4.878065e+00,5.090238e+00,4.765857e+00,4.957384e+00,5.106572e+00,4.731938e+00,4.863343e+00,5.102897e+00,5.131046e+00,4.953076e+00,4.720017e+00,4.941388e+00,4.902304e+00,4.787504e+00,4.936925e+00,4.780765e+00,4.710713e+00,4.835058e+00,5.236381e+00,4.535885e+00,4.983426e+00,4.872938e+00,4.803971e+00,4.460354e+00,4.841696e+00,5.038074e+00,4.745532e+00,4.795201e+00,4.924589e+00,4.781441e+00,4.958184e+00,5.034419e+00,5.098484e+00,5.089092e+00,4.514654e+00,5.056819e+00,4.812861e+00,5.240844e+00,5.245380e+00,4.920936e+00,4.987077e+00,5.046827e+00,4.873601e+00,4.782933e+00,4.792643e+00,4.735276e+00,4.890070e+00,4.986709e+00,4.808708e+00,4.566161e+00,5.315759e+00,5.070320e+00,4.979363e+00,4.641877e+00,4.643480e+00,4.594629e+00,4.880873e+00,4.822626e+00,4.855184e+00,4.853586e+00,4.899492e+00,5.222758e+00,4.588626e+00,4.597976e+00,4.568770e+00,4.948750e+00,4.899916e+00,4.780395e+00,4.942780e+00,4.840840e+00,4.891493e+00,5.232930e+00,4.720102e+00,4.929063e+00,4.204371e+00,5.078331e+00,4.452619e+00,4.836464e+00,4.857503e+00,4.825658e+00,4.931288e+00,4.772272e+00,4.767224e+00,4.716450e+00,4.674849e+00,4.876128e+00,4.804348e+00,4.430792e+00,4.823386e+00,4.747596e+00,4.460169e+00,4.808533e+00,4.925984e+00,4.341599e+00,4.812610e+00,4.930357e+00,4.530079e+00,4.789417e+00,4.923734e+00,4.672476e+00,4.931901e+00,4.872115e+00,4.571404e+00,4.947223e+00,4.437579e+00,4.830043e+00,4.787434e+00,4.894688e+00,5.080026e+00,4.944765e+00,4.696094e+00,4.950384e+00,4.881673e+00,4.834573e+00,4.950551e+00,4.895167e+00,4.936965e+00,4.595973e+00,4.557140e+00,4.838409e+00,4.836709e+00,4.816979e+00,4.671777e+00,4.722633e+00
4.763694e+00,5.002604e+00,4.905642e+00,4.827482e+00,4.757570e+00,4.857175e+00,4.881746e+00,4.423458e+00,4.611079e+00,4.865757e+00,4.972226e+00,4.890648e+00,4.900673e+00,4.891434e+00,4.617325e+00,4.608731e+00,4.800539e+00,4.984290e+00,4.881227e+00,4.716262e+00,4.924982e+00,4.753023e+00,4.237522e+00,4.765307e+00,4.874192e+00,4.947570e+00,4.825236e+00,4.513105e+00,5.003496e+00,5.034809e+00,4.967495e+00,4.786168e+00,4.861562e+00,4.894590e+00,4.895455e+00,4.792992e+00,4.748749e+00,4.471083e+00,4.800386e+00,4.790062e+00,4.707612e+00,4.298682e+00,4.792292e+00,4.798956e+00,4.682021e+00,5.049386e+00,4.818183e+00,4.796123e+00,4.806430e+00,4.942849e+00,4.981738e+00,4.794811e+00,4.792868e+00,4.702838e+00,5.010674e+00,4.633675e+00,4.894408e+00,4.903620e+00,4.691314e+00,4.992648e+00,4.715679e+00,4.741400e+00,5.149048e+00,4.768853e+00,4.674064e+00,4.827709e+00,4.852586e+00,4.984442e+00,4.838631e+00,5.271530e+00,4.822632e+00,4.981502e+00,4.857545e+00,4.771866e+00,5.054265e+00,4.834585e+00,4.807557e+00,4.886738e+00,4.771676e+00,4.910509e+00,4.960787e+00,4.558275e+00,5.075147e+00,4.951312e+00,4.958559e+00,5.340942e+00,4.801578e+00,4.953690e+00,4.977798e+00,4.985081e+00,4.742914e+00,4.849417e+00,4.828310e+00,4.847106e+00,4.719617e+00,5.025887e+00,5.107875e+00,4.847661e+00,5.080829e+00,5.028772e+00,4.875292e+00,5.097136e+00,4.937094e+00,4.886808e+00,5.043921e+00,5.048778e+00,4.960954e+00,5.075302e+00,5.148412e+00,5.028299e+00,4.053403e+00,5.423485e+00,4.809040e+00,4.621967e+00,4.856206e+00,4.808022e+00,4.673605e+00,4.607055e+00,4.615582e+00,5.084984e+00,4.833051e+00,4.795583e+00,4.850687e+00,5.001222e+00,4.937501e+00,4.516362e+00,4.675011e+00,4.633192e+00,4.748081e+00,4.836962e+00,4.936910e+00,4.888061e+00,5.036834e+00,4.784033e+00,5.006756e+00,4.886623e+00,5.068583e+00,4.932403e+00,5.419308e+00,5.039380e+00,4.789772e+00,4.922648e+00,4.629609e+00,4.991921e+00,4.994759e+00,5.033544e+00,4.779060e+00,5.051958e+00,4.243611e+00,4.831189e+00,5.107547e+00,5.113751e+00,4.896215e+00,4.804971e+00,4.981361e+00,4.893397e+00,4.834497e+00,4.899383e+00,4.977257e+00,4.867627e+00,5.001851e+00,4.832184e+00,4.584009e+00,4.755148e+00,5.053015e+00,4.852909e+00,4.579351e+00,4.630231e+00,4.618622e+00,4.790138e+00,4.605690e+00,4.847943e+00,4.964964e+00,4.656024e+00,4.763725e+00,4.420609e+00,4.881637e+00,4.644438e+00,4.954000e+00,4.894334e+00,4.572047e+00,4.879649e+00,4.837370e+00,4.844002e+00,4.691257e+00,4.573176e+00,4.794730e+00,4.501845e+00,4.856523e+00,5.023128e+00,4.729109e+00,4.812484e+00,4.873321e+00,4.786745e+00,4.530053e+00,4.817938e+00,5.026721e+00,4.853764e+00,4.815516e+00,4.938235e+00,4.963600e+00,5.059594e+00,4.517807e+00,4.715177e+00,4.932641e+00,4.584912e+00,4.757146e+00,5.053230e+00,4.584905e+00,4.748597e+00,4.741789e+00,5.180465e+00,5.112855e+00,4.581287e+00,4.790971e+00,4.987306e+00,4.723769e+00,4.577311e+00,4.903533e+00,4.866505e+00,4.555409e+00,4.918576e+00,4.671743e+00,4.527639e+00,4.921348e+00,4.683295e+00,4.497637e+00,4.917721e+00
4.972962e+00,4.877671e+00,4.851505e+00,4.991209e+00,4.933918e+00,5.052647e+00,4.723714e+00,4.832204e+00,4.901540e+00,4.837693e+00,4.338682e+00,4.692316e+00,5.010581e+00,4.771902e+00,4.776993e+00,4.981527e+00,4.966008e+00,4.871778e+00,5.073807e+00,4.706743e+00,4.972332e+00,4.792318e+00,4.872704e+00,4.962263e+00,4.364836e+00,4.536141e+00,4.866033e+00,4.638329e+00,4.936830e+00,4.758492e+00,5.045813e+00,4.646350e+00,4.746956e+00,5.022270e+00,4.942548e+00,4.691301e+00,4.887319e+00,4.831923e+00,4.876768e+00,4.739144e+00,4.840201e+00,4.839893e+00,4.582513e+00,4.951423e+00,4.949386e+00,4.990614e+00,4.808368e+00,4.869882e+00,4.812273e+00,4.857223e+00,4.861833e+00,4.400881e+00,4.578861e+00,4.897624e+00,4.949044e+00,4.813779e+00,5.010319e+00,4.915824e+00,5.339411e+00,4.806617e+00,4.211658e+00,4.863559e+00,4.631518e+00,4.830332e+00,4.844132e+00,4.823263e+00,4.783700e+00,4.904604e+00,4.627073e+00,5.231978e+00,4.787815e+00,5.038187e+00,4.890651e+00,4.763345e+00,5.138571e+00,5.048601e+00,4.853196e+00,4.803741e+00,4.990177e+00,4.885686e+00,4.909215e+00,4.955256e+00,4.832444e+00,4.974292e+00,4.989694e+00,4.600997e+00,5.021434e+00,4.996887e+00,4.922402e+00,5.127589e+00,4.786575e+00,4.987086e+00,4.936868e+00,4.680257e+00,4.599084e+00,5.036971e+00,4.708127e+00,4.664285e+00,5.108145e+00,4.750391e+00,4.548616e+00,4.746343e+00,5.126655e+00,5.012581e+00,4.992726e+00,5.013852e+00,4.840686e+00,5.039414e+00,5.001542e+00,4.904895e+00,5.129437e+00,4.571980e+00,4.554346e+00,4.835533e+00,4.986942e+00,4.793383e+00,4.994677e+00,4.939864e+00,4.845989e+00,4.697573e+00,4.910595e+00,4.867737e+00,4.552267e+00,4.862655e+00,4.702084e+00,4.816108e+00,4.878096e+00,4.903123e+00,4.683631e+00,4.646492e+00,4.101178e+00,4.847820e+00,4.763012e+00,4.840139e+00,4.806623e+00,4.832480e+00,4.649707e+00,4.647227e+00,4.960035e+00,4.625913e+00,4.973019e+00,5.216859e+00,5.130920e+00,5.173961e+00,4.924181e+00,4.958665e+00,4.794910e+00,4.834857e+00,4.844853e+00,4.746654e+00,4.960420e+00,5.176004e+00,4.747733e+00,4.994002e+00,5.123569e+00,5.161157e+00,5.098538e+00,4.750607e+00,4.915974e+00,5.048115e+00,4.757781e+00,4.826683e+00,4.833392e+00,4.772504e+00,4.848204e+00,4.896028e+00,4.987768e+00,4.351921e+00,4.755379e+00,5.069548e+00,4.900530e+00,4.964888e+00,4.804615e+00,4.958863e+00,4.730718e+00,5.178978e+00,5.190324e+00,5.258187e+00,4.782843e+00,5.192477e+00,5.010905e+00,4.808225e+00,4.932290e+00,4.748464e+00,4.877664e+00,4.914497e+00,4.840692e+00,4.729742e+00,4.814149e+00,4.854513e+00,4.882617e+00,5.010878e+00,4.794173e+00,5.047287e+00,5.001925e+00,4.942219e+00,4.725289e+00,4.689845e+00,4.783597e+00,4.946874e+00,4.958206e+00,4.679468e+00,5.011174e+00,4.897257e+00,4.796729e+00,4.805012e+00,4.716669e+00,4.783590e+00,4.863082e+00,4.892898e+00,4.289063e+00,4.950668e+00,4.682913e+00,4.906612e+00,4.476310e+00,4.587734e+00,4.993919e+00,4.946310e+00,4.215833e+00,4.908773e+00,4.791020e+00,4.829331e+00,4.883385e+00,5.083976e+00,4.715812e+00,4.834067e+00,4.648677e+00,4.671576e+00
4.554468e+00,5.057226e+00,5.004840e+00,5.102606e+00,4.807961e+00,4.691682e+00,4.748529e+00,4.599020e+00,4.771141e+00,4.923394e+00,4.817774e+00,4.939925e+00,4.820206e+00,4.654724e+00,4.762759e+00,4.743533e+00,4.855235e+00,4.983885e+00,4.776776e+00,4.793379e+00,4.942525e+00,4.826668e+00,4.873720e+00,4.648528e+00,4.787086e+00,4.879169e+00,5.030959e+00,4.815090e+00,5.008375e+00,4.622694e+00,4.820344e+00,5.106038e+00,4.464858e+00,4.823151e+00,4.815269e+00,4.932098e+00,4.638051e+00,4.883240e+00,4.832823e+00,4.727125e+00,4.530361e+00,4.802388e+00,4.725824e+00,4.895771e+00,4.769215e+00,4.923807e+00,4.500956e+00,4.364287e+00,4.492558e+00,4.885472e+00,4.905713e+00,4.656207e+00,4.798611e+00,5.069695e+00,5.001372e+00,4.894954e+00,4.910024e+00,4.554150e+00,4.857523e+00,4.959972e+00,5.102008e+00,4.824577e+00,5.405649e+00,4.966885e+00,4.893012e+00,4.859852e+00,4.931711e+00,4.488671e+00,4.853397e+00,4.698051e+00,4.928292e+00,4.951317e+00,4.746035e+00,4.688616e+00,5.263176e+00,5.262240e+00,5.011763e+00,4.967067e+00,4.711869e+00,4.844627e+00,4.968558e+00,4.755077e+00,5.073711e+00,4.980615e+00,4.981191e+00,4.921915e+00,5.232253e+00,5.003734e+00,4.704662e+00,5.078908e+00,5.096777e+00,5.124367e+00,4.981507e+00,4.819365e+00,4.993845e+00,5.226216e+00,5.266450e+00,4.593840e+00,4.874715e+00,5.091349e+00,4.926772e+00,4.930382e+00,4.971538e+00,4.872229e+00,4.908714e+00,4.844768e+00,4.996851e+00,5.234028e+00,4.868684e+00,5.264541e+00,4.938065e+00,4.990987e+00,4.900247e+00,4.728371e+00,4.723729e+00,4.717769e+00,4.908968e+00,4.970735e+00,5.028002e+00,4.874291e+00,4.963188e+00,5.032362e+00,5.197770e+00,4.888930e+00,5.062082e+00,5.064456e+00,5.005820e+00,4.787149e+00,5.005645e+00,4.780114e+00,4.956600e+00,4.985435e+00,4.596222e+00,5.052744e+00,4.873804e+00,4.839517e+00,5.000076e+00,5.074406e+00,4.979254e+00,4.845735e+00,4.629242e+00,4.929015e+00,4.653688e+00,5.099406e+00,4.724076e+00,4.829944e+00,4.987064e+00,4.585887e+00,5.314179e+00,4.735751e+00,5.193557e+00,5.085035e+00,4.864629e+00,4.877762e+00,4.911459e+00,5.198415e+00,4.904811e+00,4.811469e+00,5.075684e+00,4.747435e+00,5.091571e+00,4.847789e+00,5.019329e+00,5.111246e+00,5.020716e+00,4.887170e+00,4.860873e+00,4.625493e+00,4.674890e+00,5.074758e+00,4.658711e+00,4.790565e+00,4.761000e+00,5.049970e+00,4.667198e+00,5.001928e+00,5.031798e+00,4.998487e+00,4.653055e+00,5.147342e+00,4.842940e+00,4.670987e+00,4.732548e+00,5.096410e+00,4.946365e+00,4.749392e+00,4.972347e+00,4.779903e+00,4.772535e+00,4.703964e+00,4.677191e+00,4.563414e+00,4.987650e+00,4.581653e+00,4.897411e+00,4.579575e+00,4.812544e+00,4.901668e+00,4.899243e+00,4.560077e+00,4.752986e+00,5.122337e+00,4.987551e+00,4.918212e+00,4.312558e+00,4.716943e+00,4.823850e+00,4.963055e+00,4.887541e+00,4.834377e+00,4.813314e+00,4.871317e+00,4.695281e+00,4.827492e+00,4.916621e+00,4.945421e+00,5.044142e+00,4.968521e+00,4.799637e+00,4.916736e+00,4.529141e+00,4.823041e+00,5.002042e+00,4.822829e+00,4.986591e+00,4.670918e+00,4.987988e+00,4.981019e+00
4.928452e+00,4.727547e+00,5.152936e+00,4.956533e+00,4.706040e+00,4.984301e+00,4.676540e+00,4.839419e+00,4.803309e+00,4.931147e+00,4.572465e+00,5.063843e+00,5.021958e+00,4.617221e+00,4.516715e+00,4.923577e+00,4.716195e+00,4.771269e+00,4.786554e+00,4.773805e+00,4.730863e+00,4.961464e+00,4.825369e+00,4.970908e+00,4.936776e+00,4.849318e+00,4.916621e+00,5.021368e+00,4.749161e+00,4.452476e+00,4.995816e+00,4.823685e+00,4.754085e+00,4.863049e+00,4.701971e+00,4.620863e+00,4.766996e+00,4.850738e+00,4.910477e+00,4.784290e+00,5.043834e+00,4.527779e+00,4.681418e+00,4.785538e+00,4.882476e+00,4.798351e+00,4.983495e+00,4.853623e+00,4.845010e+00,5.101727e+00,4.740210e+00,4.807505e+00,4.870161e+00,4.864520e+00,4.716057e+00,4.897278e+00,4.711915e+00,4.764633e+00,4.859222e+00,4.998761e+00,4.760333e+00,4.844040e+00,4.639674e+00,4.800876e+00,5.006575e+00,5.368665e+00,5.055673e+00,4.730651e+00,5.010694e+00,5.134089e+00,4.747311e+00,4.866257e+00,5.368410e+00,4.980300e+00,5.085202e+00,4.822723e+00,4.752721e+00,4.765349e+00,4.846079e+00,5.051242e+00,5.052378e+00,5.183326e+00,4.794842e+00,5.121933e+00,4.853231e+00,4.984808e+00,4.956969e+00,5.145123e+00,4.932588e+00,5.172585e+00,4.884706e+00,4.609361e+00,4.987464e+00,5.006002e+00,5.101238e+00,5.029496e+00,4.912562e+00,4.998973e+00,4.811954e+00,4.706306e+00,4.533448e+00,4.801242e+00,5.224948e+00,4.916127e+00,4.916808e+00,4.774584e+00,4.732566e+00,4.764484e+00,5.019356e+00,4.711047e+00,4.952848e+00,4.890642e+00,4.840445e+00,4.757587e+00,4.832389e+00,4.913130e+00,5.030105e+00,4.992090e+00,5.060360e+00,4.992234e+00,4.822693e+00,4.952926e+00,4.839311e+00,4.874639e+00,4.900889e+00,4.963732e+00,4.751112e+00,4.911731e+00,4.781457e+00,4.861221e+00,4.906475e+00,4.681046e+00,4.890620e+00,4.935136e+00,4.876042e+00,4.939830e+00,4.849485e+00,5.158239e+00,5.050424e+00,4.948431e+00,4.805284e+00,4.786601e+00,4.938672e+00,4.931726e+00,4.901149e+00,4.723868e+00,4.816859e+00,4.856402e+00,4.661855e+00,4.655510e+00,4.815100e+00,5.068332e+00,4.763803e+00,5.284860e+00,4.884464e+00,5.117001e+00,5.350160e+00,5.094213e+00,4.945247e+00,5.237266e+00,4.870282e+00,4.209308e+00,4.957778e+00,4.739626e+00,4.753295e+00,5.264082e+00,4.915055e+00,5.073864e+00,4.997912e+00,4.887655e+00,4.413086e+00,4.881123e+00,4.833358e+00,4.804098e+00,4.550513e+00,4.874557e+00,4.841040e+00,4.783027e+00,4.972106e+00,4.852379e+00,4.850963e+00,5.218510e+00,4.698893e+00,4.921316e+00,4.854319e+00,5.188369e+00,5.292298e+00,4.958194e+00,4.864678e+00,4.954477e+00,5.127807e+00,4.580186e+00,4.830306e+00,4.706720e+00,4.983578e+00,4.959662e+00,5.045412e+00,4.806651e+00,4.939724e+00,5.016712e+00,4.826440e+00,4.900726e+00,4.906807e+00,4.714844e+00,4.793390e+00,5.007002e+00,4.982312e+00,5.055360e+00,4.975206e+00,4.845134e+00,4.903416e+00,4.557380e+00,4.787761e+00,4.940121e+00,4.842252e+00,4.847537e+00,4.479251e+00,4.855052e+00,4.879806e+00,4.955348e+00,4.966141e+00,5.033615e+00,4.862209e+00,4.691373e+00,4.870094e+00,5.063183e+00,4.668025e+00,4.330644e+00
4.773662e+00,5.006911e+00,4.592392e+00,4.849409e+00,4.541441e+00,4.782353e+00,5.032641e+00,4.690408e+00,4.787676e+00,4.811272e+00,4.648604e+00,5.041583e+00,5.010115e+00,4.901697e+00,4.806453e+00,4.748593e+00,4.739613e+00,4.920612e+00,4.466939e+00,4.843263e+00,4.807698e+00,4.696345e+00,4.694660e+00,4.830420e+00,4.929541e+00,4.792303e+00,4.627996e+00,4.849551e+00,4.936680e+00,4.941264e+00,4.857959e+00,4.844731e+00,5.037247e+00,4.788567e+00,4.747969e+00,4.817085e+00,4.782488e+00,4.549846e+00,4.728141e+00,4.814087e+00,4.704283e+00,4.711489e+00,4.847996e+00,4.865886e+00,5.024754e+00,5.043089e+00,4.924938e+00,5.062743e+00,4.557470e+00,4.953366e+00,4.757932e+00,4.960247e+00,4.617673e+00,4.900420e+00,4.853559e+00,5.082514e+00,5.250348e+00,5.162050e+00,5.008650e+00,5.019956e+00,4.662053e+00,5.153697e+00,4.823450e+00,4.863514e+00,5.022677e+00,5.321935e+00,4.954237e+00,5.019294e+00,5.414792e+00,4.954548e+00,4.813262e+00,4.960290e+00,4.952670e+00,4.903399e+00,4.970846e+00,4.889022e+00,5.232936e+00,5.015308e+00,4.898432e+00,5.128655e+00,4.985432e+00,4.878848e+00,4.945505e+00,5.111715e+00,4.552058e+00,5.099502e+00,4.800703e+00,5.223469e+00,5.157877e+00,4.665437e+00,4.599281e+00,4.556254e+00,4.967071e+00,5.161191e+00,5.056613e+00,4.858188e+00,5.028986e+00,4.860878e+00,4.954889e+00,4.831221e+00,4.953529e+00,4.634017e+00,4.909395e+00,4.758764e+00,4.930944e+00,4.819144e+00,5.024093e+00,4.961875e+00,4.917602e+00,4.684727e+00,4.556234e+00,4.924431e+00,4.873747e+00,4.912235e+00,5.151652e+00,5.169759e+00,4.793519e+00,5.236952e+00,4.770606e+00,5.246000e+00,5.141347e+00,4.873243e+00,5.164902e+00,4.978210e+00,5.081164e+00,5.232167e+00,5.155392e+00,5.063699e+00,5.201922e+00,5.144087e+00,5.204538e+00,5.001599e+00,5.087872e+00,5.039041e+00,5.068687e+00,5.018366e+00,5.019426e+00,5.292195e+00,4.833079e+00,4.898610e+00,4.797155e+00,4.772963e+00,4.747469e+00,4.827560e+00,4.980257e+00,4.478073e+00,5.245417e+00,4.696916e+00,4.910869e+00,4.914992e+00,5.019186e+00,4.877374e+00,4.795270e+00,5.178492e+00,5.101979e+00,4.789070e+00,4.907406e+00,5.214914e+00,5.274286e+00,5.256647e+00,4.897155e+00,4.674966e+00,4.501389e+00,5.097631e+00,4.612884e+00,4.841248e+00,4.926084e+00,5.160527e+00,4.978052e+00,4.965052e+00,4.736532e+00,4.973495e+00,4.647486e+00,4.894816e+00,4.818812e+00,5.099814e+00,4.588990e+00,4.998252e+00,4.868357e+00,4.697274e+00,4.904557e+00,5.069088e+00,4.559238e+00,4.582291e+00,4.922759e+00,4.866171e+00,4.887456e+00,4.739885e+00,4.929340e+00,4.782863e+00,4.800426e+00,5.058034e+00,4.728751e+00,4.482105e+00,4.902902e+00,5.094608e+00,4.945150e+00,4.272752e+00,4.726402e+00,4.975907e+00,5.025698e+00,4.917204e+00,4.571395e+00,4.922935e+00,5.020332e+00,4.778656e+00,4.949098e+00,5.070216e+00,4.972045e+00,4.708060e+00,4.672524e+00,4.631630e+00,4.787923e+00,4.794926e+00,4.991014e+00,4.461585e+00,4.718713e+00,4.918668e+00,4.725806e+00,5.142567e+00,5.010057e+00,4.607104e+00,4.733045e+00,4.899733e+00,4.865599e+00,4.986810e+00,4.677782e+00,4.491416e+00
4.940203e+00,4.649249e+00,5.023762e+00,4.738067e+00,4.185654e+00,4.929924e+00,4.946616e+00,4.855385e+00,4.932910e+00,4.577587e+00,4.633697e+00,5.059937e+00,4.743969e+00,4.934386e+00,4.612194e+00,4.732381e+00,4.854158e+00,4.711299e+00,4.661795e+00,5.048583e+00,4.881523e+00,4.970953e+00,4.853912e+00,4.700147e+00,4.811133e+00,4.917103e+00,4.971453e+00,4.818030e+00,4.913225e+00,4.888194e+00,5.038074e+00,4.819311e+00,4.882373e+00,4.814467e+00,4.381897e+00,4.476247e+00,5.021701e+00,4.801915e+00,4.880346e+00,4.899391e+00,5.010238e+00,4.694705e+00,4.758092e+00,4.965670e+00,5.092256e+00,4.945503e+00,4.834559e+00,4.561681e+00,4.922041e+00,4.741926e+00,4.846120e+00,4.872982e+00,4.411349e+00,4.835643e+00,4.878282e+00,4.575629e+00,4.670623e+00,4.872362e+00,4.714555e+00,5.258884e+00,4.689515e+00,4.961382e+00,4.790607e+00,4.868393e+00,5.142966e+00,4.964253e+00,4.852471e+00,4.925378e+00,4.963062e+00,5.131730e+00,5.256279e+00,4.979956e+00,4.911498e+00,4.879061e+00,4.646818e+00,5.164856e+00,4.979963e+00,4.731941e+00,4.945116e+00,4.999842e+00,4.931263e+00,4.872346e+00,4.960495e+00,4.788912e+00,5.183179e+00,4.813862e+00,4.668457e+00,5.249653e+00,5.071065e+00,5.024230e+00,4.811221e+00,4.914656e+00,4.839947e+00,5.117722e+00,4.810280e+00,4.988647e+00,5.063550e+00,4.750747e+00,4.908118e+00,4.817972e+00,4.610077e+00,4.867127e+00,4.839323e+00,4.787581e+00,5.402863e+00,4.799025e+00,5.013484e+00,4.882307e+00,4.901544e+00,4.627886e+00,4.971943e+00,5.135328e+00,5.291814e+00,5.216113e+00,5.324922e+00,5.106031e+00,5.192668e+00,4.890385e+00,4.892960e+00,5.146735e+00,5.219222e+00,5.216359e+00,5.159909e+00,4.999392e+00,5.332197e+00,5.127870e+00,5.383453e+00,5.318106e+00,5.201198e+00,5.242626e+00,5.136417e+00,4.900847e+00,5.579559e+00,5.254038e+00,5.239689e+00,5.110529e+00,5.264705e+00,4.576366e+00,4.929865e+00,5.085636e+00,4.876412e+00,5.431286e+00,4.834913e+00,4.949441e+00,5.287467e+00,5.076770e+00,4.621304e+00,5.005551e+00,4.474942e+00,5.239233e+00,5.414165e+00,4.830442e+00,4.979666e+00,4.993748e+00,4.837277e+00,4.900408e+00,4.788456e+00,4.781433e+00,5.088337e+00,4.909778e+00,5.052575e+00,4.846831e+00,4.883733e+00,4.944896e+00,5.250230e+00,4.993771e+00,4.845146e+00,5.091670e+00,4.782659e+00,4.925812e+00,4.718428e+00,4.685491e+00,4.852773e+00,4.770538e+00,4.909576e+00,4.604440e+00,4.928942e+00,5.026786e+00,4.905769e+00,4.658361e+00,5.246633e+00,4.900100e+00,4.456895e+00,4.489101e+00,5.011513e+00,4.837495e+00,4.866301e+00,4.957401e+00,5.007637e+00,4.971435e+00,4.941475e+00,4.772212e+00,4.710260e+00,5.041343e+00,4.787492e+00,4.744613e+00,4.790386e+00,4.645563e+00,4.695106e+00,4.693202e+00,4.555059e+00,4.527462e+00,4.608050e+00,4.722089e+00,4.848880e+00,4.596027e+00,4.931512e+00,4.884149e+00,4.549345e+00,4.458826e+00,4.768912e+00,4.660557e+00,4.849214e+00,4.889731e+00,4.791448e+00,5.013341e+00,4.839243e+00,4.899175e+00,4.842113e+00,5.168183e+00,4.670957e+00,4.686498e+00,5.114359e+00,4.812118e+00,5.018113e+00,4.780191e+00,4.768579e+00,4.687182e+00
4.943720e+00,4.951384e+00,4.879789e+00,4.542954e+00,4.879609e+00,5.022068e+00,4.849003e+00,4.280460e+00,4.892879e+00,4.669595e+00,4.723072e+00,4.596967e+00,4.747856e+00,4.566919e+00,4.886151e+00,4.896675e+00,4.864228e+00,5.005337e+00,4.964496e+00,4.800356e+00,4.761850e+00,4.821155e+00,4.850417e+00,4.819489e+00,4.643849e+00,4.862617e+00,4.930402e+00,4.921716e+00,5.046012e+00,4.786868e+00,4.809288e+00,4.924578e+00,4.821310e+00,4.657944e+00,4.785267e+00,4.819780e+00,5.100999e+00,4.461101e+00,4.732026e+00,4.885039e+00,4.983203e+00,4.912085e+00,4.416948e+00,4.932298e+00,4.571026e+00,4.985340e+00,4.769909e+00,4.893156e+00,4.838764e+00,4.836161e+00,4.981427e+00,5.096874e+00,5.121065e+00,4.850880e+00,4.729765e+00,4.788789e+00,5.074762e+00,4.758349e+00,5.249001e+00,4.809542e+00,4.684935e+00,4.452011e+00,4.801821e+00,4.651812e+00,4.989571e+00,4.595869e+00,5.177333e+00,4.836214e+00,4.765738e+00,4.604056e+00,4.942883e+00,4.558709e+00,4.946117e+00,4.521463e+00,4.895038e+00,5.028151e+00,4.592654e+00,5.045511e+00,4.379199e+00,4.888001e+00,4.553319e+00,4.602305e+00,4.686228e+00,4.538425e+00,4.627217e+00,4.686680e+00,4.702728e+00,4.912187e+00,4.782704e+00,4.828381e+00,4.659784e+00,4.746382e+00,4.756750e+00,4.721639e+00,4.773851e+00,4.974912e+00,4.796009e+00,5.089256e+00,5.138166e+00,5.150167e+00,4.424940e+00,4.991931e+00,4.936422e+00,4.925483e+00,4.768111e+00,5.076990e+00,5.129479e+00,4.732371e+00,5.180389e+00,4.454188e+00,5.134985e+00,4.533243e+00,4.794162e+00,5.265898e+00,4.805315e+00,4.694424e+00,5.129222e+00,4.960014e+00,5.012821e+00,5.087852e+00,4.722660e+00,4.916130e+00,5.043244e+00,4.766105e+00,4.919177e+00,4.652396e+00,4.606057e+00,4.719768e+00,4.499281e+00,4.536137e+00,4.673825e+00,4.820180e+00,5.116591e+00,4.877487e+00,4.806475e+00,4.522977e+00,5.041989e+00,5.002846e+00,4.862143e+00,4.952690e+00,4.455272e+00,4.676572e+00,5.155547e+00,5.299112e+00,4.682317e+00,4.795977e+00,4.659370e+00,5.170874e+00,4.768189e+00,4.656860e+00,4.541205e+00,4.650528e+00,4.620812e+00,4.963509e+00,4.754981e+00,4.377861e+00,4.559393e+00,4.799147e+00,4.889118e+00,4.861155e+00,4.848437e+00,5.021817e+00,5.022085e+00,4.716117e+00,4.680517e+00,4.528359e+00,5.182308e+00,4.452358e+00,4.720190e+00,4.840185e+00,4.932219e+00,4.731380e+00,4.894672e+00,4.909564e+00,4.919813e+00,4.525637e+00,4.977903e+00,4.779760e+00,4.736916e+00,4.855536e+00,4.533346e+00,4.713016e+00,4.058665e+00,4.877971e+00,5.087315e+00,4.826478e+00,4.950761e+00,4.849780e+00,4.719403e+00,4.945543e+00,4.756323e+00,4.955509e+00,5.157851e+00,5.064562e+00,5.119409e+00,4.710357e+00,4.975203e+00,4.589614e+00,4.452365e+00,4.703850e+00,4.538316e+00,4.785752e+00,4.743166e+00,4.654850e+00,4.892357e+00,4.778834e+00,4.575585e+00,4.868560e+00,4.766535e+00,4.736383e+00,4.389157e+00,4.707053e+00,4.778371e+00,4.934512e+00,4.387414e+00,4.793114e+00,4.884054e+00,4.805796e+00,4.820228e+00,4.980438e+00,4.723155e+00,4.630302e+00,4.740994e+00,4.761770e+00,4.820343e+00,4.263087e+00,4.755914e+00,4.696247e+00
4.937342e+00,4.851541e+00,4.614961e+00,4.777087e+00,4.890649e+00,4.807741e+00,4.758052e+00,4.981893e+00,4.854496e+00,4.806114e+00,4.751579e+00,4.932247e+00,4.782446e+00,4.650891e+00,5.106686e+00,4.646085e+00,4.950570e+00,4.901093e+00,4.783922e+00,4.880830e+00,4.933744e+00,5.011395e+00,4.852631e+00,4.969470e+00,4.747500e+00,4.939921e+00,4.758120e+00,4.508003e+00,4.953682e+00,4.744159e+00,4.659847e+00,4.530996e+00,4.982593e+00,4.999338e+00,4.613403e+00,4.373588e+00,4.892762e+00,4.879375e+00,4.947797e+00,4.978341e+00,4.930035e+00,4.691344e+00,4.831858e+00,4.588287e+00,4.659722e+00,4.799335e+00,4.818174e+00,4.784043e+00,4.683473e+00,4.811946e+00,4.676452e+00,4.965494e+00,4.875057e+00,5.018605e+00,4.984287e+00,5.174201e+00,5.267338e+00,4.737067e+00,4.726594e+00,4.739495e+00,4.952516e+00,4.837813e+00,4.954031e+00,5.292602e+00,4.821689e+00,4.825672e+00,4.976645e+00,4.673552e+00,5.168817e+00,4.970773e+00,4.953846e+00,5.005269e+00,4.772539e+00,4.917203e+00,4.922654e+00,4.949623e+00,4.947578e+00,4.754656e+00,4.879483e+00,4.834594e+00,4.923641e+00,5.012702e+00,4.697549e+00,4.920026e+00,4.964874e+00,5.012641e+00,4.496362e+00,4.937855e+00,4.961334e+00,4.858681e+00,4.688230e+00,4.875001e+00,4.354506e+00,4.592485e+00,4.769937e+00,4.843428e+00,5.079070e+00,5.023139e+00,4.766863e+00,4.897744e+00,4.793948e+00,5.267723e+00,4.874456e+00,4.864516e+00,4.923292e+00,5.353695e+00,5.439584e+00,5.220174e+00,5.574788e+00,4.946798e+00,4.804735e+00,4.984456e+00,4.883487e+00,4.392577e+00,4.927013e+00,4.841379e+00,4.969197e+00,4.869786e+00,4.822531e+00,4.914811e+00,4.934284e+00,4.375614e+00,4.974170e+00,4.966987e+00,4.912784e+00,4.744513e+00,4.847107e+00,4.829914e+00,4.612773e+00,4.905880e+00,4.548703e+00,4.749568e+00,4.846247e+00,4.892387e+00,4.550823e+00,4.904472e+00,4.622507e+00,5.208502e+00,5.113344e+00,4.980650e+00,4.910341e+00,5.135685e+00,4.924365e+00,5.475092e+00,5.163013e+00,5.422705e+00,5.025037e+00,4.945018e+00,5.038712e+00,5.126946e+00,4.831256e+00,5.021455e+00,4.792667e+00,4.714479e+00,4.842121e+00,4.891754e+00,4.820796e+00,4.956197e+00,4.743284e+00,4.927980e+00,4.826111e+00,4.791115e+00,4.814681e+00,4.920618e+00,4.939049e+00,4.989544e+00,5.085147e+00,4.926922e+00,5.060073e+00,4.880662e+00,5.087477e+00,4.447573e+00,4.930899e+00,4.908251e+00,4.646339e+00,4.750783e+00,4.698719e+00,4.711946e+00,4.974328e+00,4.774411e+00,4.704444e+00,4.652683e+00,4.892668e+00,4.968232e+00,4.782250e+00,4.694217e+00,5.035788e+00,4.774826e+00,4.801944e+00,4.644739e+00,4.876618e+00,5.202279e+00,5.055821e+00,5.005342e+00,4.654964e+00,4.708231e+00,4.894965e+00,4.689893e+00,4.769524e+00,5.085721e+00,4.876224e+00,4.808878e+00,4.769723e+00,4.890163e+00,4.658391e+00,4.841798e+00,4.828057e+00,5.022169e+00,5.174336e+00,4.748751e+00,5.012369e+00,4.551177e+00,4.800691e+00,4.689744e+00,4.844925e+00,4.667568e+00,4.808909e+00,4.773119e+00,4.934514e+00,4.582163e+00,4.779027e+00,4.968670e+00,4.836306e+00,4.934600e+00,4.816590e+00,4.693062e+00,4.908617e+00,4.769377e+00
5.049805e+00,4.952940e+00,4.885305e+00,4.767506e+00,4.571460e+00,5.020463e+00,4.755308e+00,4.854998e+00,4.745545e+00,4.642971e+00,4.801063e+00,4.575177e+00,4.768113e+00,4.872957e+00,4.685305e+00,4.753451e+00,4.898710e+00,4.828541e+00,4.576792e+00,4.803712e+00,4.936978e+00,4.834457e+00,5.122368e+00,4.582999e+00,4.798188e+00,4.955989e+00,4.927841e+00,4.797970e+00,4.876893e+00,4.700632e+00,4.501551e+00,4.951345e+00,4.898900e+00,4.637113e+00,4.847177e+00,4.853259e+00,4.921054e+00,4.890917e+00,4.788120e+00,5.087418e+00,4.432842e+00,4.798767e+00,4.797488e+00,4.709363e+00,4.732484e+00,4.995117e+00,4.875724e+00,4.913037e+00,4.832920e+00,4.808552e+00,5.024735e+00,4.899568e+00,4.654804e+00,4.766527e+00,4.778130e+00,4.992787e+00,5.046324e+00,4.746215e+00,4.895425e+00,4.781176e+00,5.063012e+00,4.904614e+00,5.123765e+00,5.095283e+00,4.979794e+00,4.126298e+00,4.796888e+00,5.122749e+00,5.035813e+00,4.372118e+00,5.093388e+00,4.843573e+00,4.591692e+00,4.760444e+00,4.811831e+00,5.046209e+00,4.859588e+00,4.707205e+00,4.824202e+00,4.593111e+00,4.899539e+00,4.968720e+00,4.432629e+00,4.692105e+00,4.958558e+00,4.814466e+00,4.772492e+00,4.826757e+00,4.535770e+00,4.883971e+00,4.571563e+00,4.902461e+00,4.851319e+00,5.074111e+00,4.861568e+00,5.110185e+00,5.105928e+00,4.919973e+00,4.971186e+00,5.156355e+00,5.242321e+00,5.385500e+00,4.566023e+00,4.775847e+00,5.369921e+00,4.655988e+00,4.717636e+00,5.082619e+00,4.922870e+00,4.855715e+00,4.988475e+00,4.918916e+00,4.812706e+00,4.949014e+00,4.854208e+00,4.944974e+00,4.963671e+00,4.954431e+00,4.923437e+00,4.811359e+00,5.030901e+00,4.873090e+00,5.057194e+00,4.716344e+00,4.959583e+00,4.189945e+00,4.796765e+00,4.838654e+00,5.060130e+00,4.834510e+00,4.608594e+00,4.692746e+00,4.794816e+00,4.832855e+00,4.787799e+00,4.742752e+00,4.814542e+00,4.979483e+00,4.830006e+00,4.880944e+00,4.898470e+00,4.543006e+00,4.935249e+00,4.957594e+00,4.902300e+00,4.752830e+00,5.025644e+00,5.402980e+00,5.398553e+00,4.960002e+00,5.111904e+00,4.554037e+00,5.606825e+00,4.743555e+00,4.801735e+00,5.198687e+00,4.737926e+00,5.041038e+00,4.779799e+00,5.075791e+00,5.035279e+00,4.722455e+00,4.676654e+00,4.647082e+00,4.688762e+00,5.119739e+00,5.095379e+00,5.134464e+00,5.178322e+00,4.852042e+00,4.898975e+00,5.368121e+00,5.092002e+00,4.748340e+00,4.659312e+00,4.987330e+00,4.935798e+00,4.883551e+00,4.926642e+00,5.052385e+00,4.802171e+00,4.996333e+00,5.139628e+00,4.985463e+00,4.772410e+00,4.901004e+00,4.543767e+00,4.657759e+00,4.936705e+00,4.836615e+00,4.999256e+00,5.064325e+00,4.567994e+00,5.107698e+00,4.689243e+00,4.219562e+00,4.996816e+00,4.888571e+00,4.747014e+00,4.771634e+00,4.907269e+00,4.684007e+00,4.828086e+00,4.854850e+00,4.858306e+00,4.707439e+00,4.958522e+00,4.931392e+00,5.140866e+00,4.922976e+00,5.016103e+00,4.841722e+00,4.914996e+00,4.647849e+00,4.756271e+00,4.627041e+00,4.825131e+00,4.960134e+00,4.439189e+00,4.989712e+00,4.591150e+00,4.994730e+00,4.937130e+00,5.001709e+00,4.848167e+00,5.007045e+00,4.829814e+00,4.642420e+00
4.584438e+00,4.862243e+00,5.004502e+00,4.908142e+00,4.765178e+00,4.510846e+00,4.590924e+00,4.871406e+00,4.794693e+00,4.292716e+00,4.590831e+00,4.849004e+00,4.901620e+00,4.859399e+00,4.541196e+00,4.956062e+00,4.802849e+00,4.901050e+00,4.717559e+00,4.664407e+00,4.852885e+00,4.847210e+00,4.607087e+00,4.744761e+00,4.484761e+00,4.692666e+00,4.660480e+00,4.668339e+00,4.472808e+00,4.540132e+00,4.536848e+00,4.520694e+00,4.527625e+00,4.524092e+00,4.560944e+00,4.855062e+00,4.781668e+00,4.587783e+00,4.525227e+00,4.588919e+00,4.682998e+00,4.659054e+00,4.821576e+00,4.721531e+00,4.754423e+00,4.638994e+00,4.667797e+00,4.823254e+00,4.858714e+00,4.767845e+00,5.209045e+00,4.888982e+00,4.953053e+00,4.855713e+00,4.791486e+00,4.912209e+00,4.767310e+00,4.828391e+00,4.699280e+00,4.647015e+00,4.841930e+00,4.981687e+00,4.939786e+00,4.734762e+00,4.583271e+00,4.978523e+00,4.878544e+00,4.594614e+00,4.835960e+00,5.141743e+00,4.805619e+00,4.699580e+00,4.798676e+00,4.695890e+00,4.804685e+00,4.782183e+00,4.964889e+00,4.862949e+00,4.955505e+00,4.516968e+00,5.008627e+00,4.752088e+00,4.766937e+00,4.723794e+00,4.451148e+00,4.517285e+00,4.465502e+00,4.506352e+00,4.804915e+00,4.922039e+00,4.635153e+00,4.985711e+00,4.820424e+00,4.680908e+00,4.881058e+00,4.743550e+00,4.712464e+00,5.138603e+00,4.677087e+00,5.129577e+00,5.171471e+00,4.988583e+00,4.568539e+00,4.825718e+00,4.567128e+00,4.630550e+00,4.704163e+00,4.741112e+00,4.727035e+00,4.513530e+00,4.626487e+00,4.562416e+00,4.766048e+00,4.823847e+00,4.508991e+00,4.684467e+00,4.537127e+00,4.673667e+00,4.407239e+00,4.498992e+00,4.388092e+00,4.483942e+00,4.563947e+00,4.541600e+00,4.370470e+00,4.676536e+00,4.798854e+00,4.508584e+00,4.881522e+00,4.719666e+00,4.751347e+00,4.503261e+00,4.617981e+00,4.433880e+00,4.740308e+00,4.744835e+00,4.735273e+00,4.430156e+00,4.761850e+00,4.604500e+00,4.419116e+00,4.519532e+00,4.558417e+00,4.421857e+00,4.497985e+00,4.608821e+00,4.502593e+00,4.740267e+00,4.524491e+00,4.701304e+00,4.776243e+00,5.085222e+00,4.923837e+00,4.974217e+00,5.222266e+00,5.196555e+00,4.669262e+00,4.680136e+00,4.697845e+00,4.721009e+00,4.962213e+00,4.564452e+00,4.753755e+00,4.760728e+00,4.661677e+00,4.527655e+00,4.726041e+00,4.597256e+00,4.593110e+00,4.828807e+00,4.760295e+00,4.328164e+00,4.746568e+00,4.646834e+00,4.294709e+00,4.560597e+00,4.427633e+00,4.552710e+00,4.696807e+00,4.442556e+00,4.664522e+00,4.442446e+00,4.929481e+00,4.785102e+00,4.692326e+00,5.159658e+00,4.722391e+00,4.594793e+00,4.631974e+00,4.781981e+00,4.646319e+00,4.513909e+00,4.589467e+00,4.882759e+00,4.626697e+00,4.784657e+00,4.598186e+00,4.601226e+00,4.683685e+00,4.668843e+00,4.681969e+00,4.452342e+00,4.707714e+00,4.931188e+00,4.785314e+00,4.704460e+00,4.658361e+00,4.469569e+00,4.938360e+00,4.797129e+00,4.765400e+00,5.007127e+00,4.772631e+00,4.650763e+00,4.773135e+00,4.727249e+00,4.655513e+00,4.871943e+00,4.652788e+00,4.834056e+00,4.721905e+00,4.334566e+00,4.890537e+00,4.753433e+00,4.360588e+00,4.799704e+00,4.642096e+00,4.760132e+00
4.744856e+00,4.734223e+00,4.598242e+00,4.465112e+00,4.673316e+00,4.826751e+00,4.660726e+00,4.581891e+00,4.710947e+00,4.685757e+00,4.457160e+00,4.790829e+00,4.740087e+00,4.378080e+00,4.468780e+00,4.529614e+00,4.693540e+00,4.621763e+00,4.838518e+00,4.574860e+00,4.651531e+00,4.752210e+00,4.471979e+00,4.946166e+00,4.622173e+00,4.812000e+00,4.597186e+00,4.768792e+00,4.578141e+00,4.689142e+00,4.405693e+00,4.566075e+00,4.489946e+00,4.486861e+00,4.707611e+00,4.674564e+00,4.678349e+00,4.618063e+00,4.763382e+00,4.866779e+00,4.552952e+00,4.760604e+00,4.811987e+00,4.695757e+00,4.754461e+00,4.852684e+00,4.817941e+00,5.016040e+00,5.192582e+00,4.884731e+00,4.713262e+00,4.664884e+00,4.872312e+00,5.037109e+00,4.819656e+00,4.677080e+00,5.303343e+00,4.657147e+00,4.971735e+00,4.617598e+00,5.279368e+00,5.021590e+00,4.868690e+00,5.068006e+00,4.997873e+00,4.603826e+00,5.019082e+00,4.491299e+00,4.785043e+00,4.918725e+00,5.020133e+00,5.089785e+00,4.774114e+00,4.954639e+00,4.732856e+00,4.927286e+00,5.260009e+00,4.860060e+00,4.918148e+00,4.920382e+00,4.924464e+00,4.768606e+00,4.780748e+00,4.943936e+00,4.898049e+00,4.450288e+00,4.945287e+00,4.145384e+00,4.809957e+00,4.713716e+00,4.810962e+00,4.942186e+00,5.053360e+00,4.998641e+00,5.382943e+00,4.887579e+00,4.629399e+00,5.402151e+00,4.755454e+00,4.994546e+00,4.629089e+00,4.864815e+00,4.629309e+00,4.790982e+00,4.656761e+00,4.813623e+00,4.686931e+00,4.621677e+00,4.740057e+00,4.679441e+00,4.724809e+00,4.783489e+00,4.850189e+00,4.663178e+00,4.745452e+00,4.691609e+00,4.566724e+00,4.620906e+00,4.808147e+00,4.679075e+00,4.794577e+00,4.423792e+00,4.718287e+00,4.915751e+00,4.915866e+00,4.735586e+00,4.895687e+00,4.735674e+00,4.789880e+00,5.446892e+00,4.944112e+00,5.006672e+00,4.597533e+00,4.733741e+00,4.505072e+00,4.817306e+00,4.901074e+00,5.033399e+00,4.741577e+00,4.651995e+00,4.653760e+00,4.561109e+00,4.610034e+00,4.596235e+00,4.632869e+00,4.528319e+00,4.664457e+00,4.615193e+00,4.636683e+00,4.536155e+00,4.533650e+00,4.815297e+00,4.675951e+00,4.676180e+00,5.037974e+00,4.962062e+00,5.152575e+00,5.115561e+00,4.914400e+00,5.113901e+00,4.805428e+00,4.976077e+00,4.962112e+00,4.713775e+00,4.998376e+00,4.896842e+00,4.671936e+00,4.757865e+00,4.638594e+00,4.576460e+00,4.710733e+00,4.709280e+00,4.731173e+00,4.679393e+00,4.498834e+00,4.719266e+00,4.655412e+00,4.747279e+00,4.589233e+00,4.813948e+00,4.724477e+00,5.072421e+00,4.709899e+00,5.008186e+00,4.857363e+00,4.704909e+00,4.885796e+00,4.634944e+00,4.593403e+00,4.573712e+00,4.985265e+00,4.713649e+00,4.843664e+00,4.743914e+00,4.682272e+00,5.006658e+00,4.772230e+00,4.725146e+00,4.707864e+00,4.492207e+00,4.951751e+00,4.679960e+00,4.817222e+00,4.881727e+00,5.199901e+00,4.940557e+00,4.418897e+00,4.914477e+00,4.941607e+00,4.832390e+00,4.914406e+00,4.812534e+00,4.681306e+00,4.708013e+00,4.718674e+00,4.770962e+00,4.304854e+00,4.555920e+00,4.682336e+00,4.699514e+00,4.673638e+00,4.725085e+00,4.678836e+00,4.697508e+00,4.756838e+00,4.624603e+00,4.553198e+00,4.842589e+00
4.528582e+00,4.629259e+00,4.736632e+00,4.710577e+00,4.744141e+00,4.581170e+00,4.961594e+00,4.691610e+00,4.546357e+00,4.483707e+00,4.704110e+00,4.576878e+00,4.289439e+00,4.991493e+00,4.720720e+00,4.707849e+00,4.662767e+00,4.274133e+00,4.651121e+00,4.836304e+00,4.703928e+00,4.859677e+00,4.733132e+00,4.962497e+00,4.659969e+00,4.829440e+00,4.896887e+00,4.684505e+00,4.612532e+00,4.424503e+00,4.725988e+00,4.828386e+00,4.818843e+00,4.391873e+00,4.747594e+00,4.816984e+00,5.002924e+00,4.797018e+00,4.682946e+00,4.710888e+00,4.535853e+00,4.945035e+00,4.757753e+00,4.757614e+00,4.870297e+00,4.886960e+00,4.712601e+00,4.583311e+00,4.938529e+00,5.008654e+00,5.175404e+00,4.802424e+00,5.037855e+00,4.873454e+00,4.725259e+00,4.658592e+00,4.762349e+00,4.723069e+00,4.802529e+00,4.473051e+00,4.710905e+00,4.978572e+00,4.961842e+00,4.511774e+00,4.987542e+00,4.683119e+00,4.808835e+00,4.852533e+00,4.815642e+00,4.779886e+00,4.793269e+00,4.952432e+00,4.786870e+00,4.699237e+00,4.715396e+00,4.495645e+00,4.923940e+00,4.867645e+00,4.983489e+00,5.003415e+00,4.881789e+00,4.822987e+00,4.588310e+00,4.535691e+00,4.764630e+00,4.860390e+00,5.064152e+00,4.786952e+00,5.170717e+00,4.720326e+00,4.825367e+00,4.775445e+00,4.900156e+00,4.899285e+00,5.184058e+00,4.931333e+00,4.795751e+00,4.781598e+00,4.628856e+00,4.599841e+00,4.848203e+00,4.533597e+00,4.801181e+00,4.615994e+00,4.369200e+00,4.506053e+00,4.926740e+00,4.799019e+00,4.906455e+00,5.050748e+00,4.634037e+00,5.193050e+00,4.869503e+00,4.792330e+00,4.760811e+00,4.589375e+00,4.649913e+00,4.862746e+00,5.012737e+00,4.685487e+00,5.227062e+00,5.100900e+00,4.424224e+00,4.580931e+00,4.387116e+00,4.752853e+00,4.986175e+00,4.674997e+00,4.912358e+00,4.627234e+00,5.259334e+00,5.021050e+00,5.093876e+00,4.746454e+00,4.946621e+00,5.081646e+00,4.430480e+00,5.135788e+00,5.245509e+00,5.008372e+00,4.818189e+00,4.826755e+00,4.561149e+00,4.911810e+00,4.719407e+00,4.842827e+00,4.772184e+00,4.542183e+00,4.773945e+00,4.495068e+00,4.649751e+00,4.671858e+00,4.500652e+00,4.722287e+00,4.812329e+00,4.737801e+00,4.906212e+00,4.791550e+00,4.724239e+00,4.978786e+00,5.181883e+00,5.136171e+00,5.210124e+00,4.984578e+00,4.920335e+00,4.669123e+00,4.082462e+00,4.987433e+00,4.635688e+00,4.503175e+00,4.372203e+00,4.706312e+00,4.531649e+00,4.403974e+00,4.587605e+00,4.624032e+00,4.816768e+00,4.406724e+00,4.634636e+00,4.810683e+00,4.622804e+00,5.152351e+00,5.086304e+00,5.019507e+00,4.859349e+00,4.741427e+00,4.926289e+00,4.829620e+00,4.962656e+00,4.614749e+00,4.897709e+00,4.855381e+00,4.897537e+00,4.614454e+00,4.750708e+00,4.824048e+00,4.775861e+00,4.642978e+00,4.834712e+00,4.591801e+00,4.641253e+00,4.574169e+00,4.571410e+00,4.689644e+00,4.698339e+00,4.720893e+00,4.769843e+00,4.563576e+00,4.738653e+00,4.508277e+00,4.837391e+00,4.904969e+00,5.131713e+00,5.066486e+00,4.726001e+00,4.840620e+00,4.826820e+00,4.721308e+00,4.711682e+00,4.732143e+00,4.423041e+00,4.810076e+00,4.616721e+00,4.893862e+00,4.917297e+00,4.775933e+00,4.742715e+00,4.630130e+00
4.664690e+00,4.539120e+00,4.747543e+00,4.470046e+00,4.627824e+00,4.418076e+00,4.704418e+00,4.711663e+00,4.650719e+00,4.784822e+00,4.895658e+00,4.543726e+00,4.713760e+00,4.873722e+00,4.726257e+00,4.915203e+00,4.702319e+00,4.846707e+00,4.803983e+00,4.800093e+00,4.801733e+00,4.593542e+00,4.616410e+00,4.780164e+00,4.552216e+00,4.601632e+00,4.714044e+00,4.680110e+00,4.773743e+00,4.650412e+00,4.255663e+00,4.739291e+00,4.758465e+00,4.542736e+00,4.576534e+00,4.711780e+00,4.813885e+00,4.691416e+00,4.519895e+00,4.544200e+00,4.765848e+00,4.588978e+00,4.709661e+00,4.616487e+00,4.471667e+00,4.552835e+00,4.823286e+00,4.804238e+00,4.876904e+00,5.119578e+00,4.784009e+00,4.694935e+00,4.366648e+00,4.922112e+00,4.704417e+00,4.871028e+00,4.814253e+00,4.869794e+00,4.724477e+00,5.058367e+00,4.921989e+00,5.000187e+00,4.636366e+00,4.659038e+00,5.023180e+00,4.588806e+00,4.721919e+00,4.692635e+00,4.776482e+00,4.534804e+00,4.639072e+00,4.860833e+00,4.680539e+00,4.702799e+00,4.668368e+00,4.618950e+00,4.709318e+00,4.414251e+00,4.587623e+00,4.670430e+00,4.617179e+00,4.657972e+00,4.603528e+00,4.759728e+00,4.716613e+00,4.762897e+00,4.408975e+00,4.675717e+00,4.540703e+00,4.617570e+00,5.329714e+00,5.078449e+00,4.988758e+00,4.893652e+00,4.905592e+00,4.697499e+00,4.461103e+00,4.768659e+00,4.839251e+00,4.816953e+00,4.793508e+00,4.705584e+00,4.662709e+00,4.930326e+00,5.141926e+00,4.673014e+00,4.207028e+00,4.618991e+00,4.626808e+00,4.449490e+00,4.822488e+00,4.595184e+00,4.686694e+00,5.306471e+00,5.082972e+00,4.827338e+00,4.768465e+00,4.854267e+00,4.485725e+00,4.922462e+00,5.173558e+00,4.714618e+00,4.810120e+00,4.553010e+00,4.965535e+00,4.546232e+00,4.691796e+00,5.157999e+00,4.792690e+00,4.909067e+00,4.737085e+00,4.610450e+00,4.751268e+00,4.836324e+00,4.502045e+00,4.787821e+00,4.535472e+00,4.774323e+00,4.985854e+00,4.613828e+00,4.775168e+00,4.683641e+00,4.748835e+00,4.618703e+00,4.541304e+00,4.987244e+00,5.296559e+00,4.877098e+00,4.777263e+00,4.655005e+00,4.643457e+00,4.512978e+00,4.625962e+00,4.685573e+00,4.702490e+00,4.693889e+00,4.666953e+00,4.861890e+00,4.648247e+00,4.231262e+00,4.758146e+00,5.070571e+00,4.646549e+00,5.217388e+00,5.021417e+00,4.808371e+00,4.852609e+00,4.510811e+00,4.720498e+00,4.638907e+00,4.670713e+00,4.746308e+00,4.813100e+00,4.698305e+00,4.445212e+00,4.638089e+00,4.672114e+00,4.698621e+00,4.881008e+00,4.600208e+00,4.643157e+00,4.515619e+00,4.684475e+00,4.791606e+00,4.770515e+00,4.870747e+00,4.763520e+00,4.877753e+00,4.644005e+00,4.604972e+00,4.649066e+00,4.577970e+00,5.010339e+00,4.547500e+00,4.743812e+00,4.564582e+00,4.479852e+00,4.662572e+00,4.682238e+00,4.761047e+00,4.790339e+00,4.830781e+00,4.513583e+00,5.005756e+00,4.635324e+00,4.417530e+00,4.684666e+00,4.568581e+00,4.678658e+00,4.724610e+00,4.851337e+00,4.882832e+00,4.569544e+00,4.532342e+00,4.458441e+00,4.833668e+00,4.735210e+00,4.759078e+00,4.794648e+00,4.546003e+00,4.714721e+00,4.697433e+00,4.764415e+00,4.438693e+00,4.870118e+00,4.477167e+00,4.580927e+00,4.347294e+00
4.665427e+00,4.613936e+00,4.637947e+00,4.460951e+00,4.443295e+00,4.841522e+00,4.663374e+00,4.754357e+00,4.695689e+00,4.518943e+00,4.462868e+00,4.698498e+00,4.656753e+00,4.703303e+00,4.439170e+00,4.771722e+00,4.648636e+00,4.612653e+00,4.887925e+00,4.795444e+00,4.698168e+00,4.690052e+00,4.529891e+00,4.637301e+00,4.664151e+00,4.337006e+00,4.670999e+00,4.637335e+00,4.592198e+00,4.557227e+00,4.574007e+00,4.726343e+00,4.729633e+00,4.622043e+00,4.608076e+00,4.627195e+00,4.522120e+00,4.690066e+00,4.535319e+00,4.654153e+00,4.678738e+00,4.429954e+00,4.764499e+00,4.575470e+00,4.577943e+00,4.551385e+00,4.510830e+00,4.602291e+00,4.496384e+00,5.168973e+00,4.480891e+00,4.813976e+00,4.493971e+00,4.639124e+00,4.577564e+00,4.772194e+00,4.577654e+00,4.839388e+00,4.601377e+00,4.748656e+00,4.610399e+00,4.437391e+00,4.638982e+00,4.603288e+00,4.719801e+00,5.103585e+00,4.688082e+00,4.587867e+00,4.789940e+00,5.082501e+00,4.866592e+00,4.714455e+00,4.579970e+00,4.737044e+00,4.785298e+00,4.867445e+00,4.946149e+00,4.806843e+00,4.704619e+00,4.743406e+00,4.684722e+00,4.342571e+00,4.600319e+00,4.709532e+00,4.708198e+00,4.791204e+00,4.606292e+00,4.895975e+00,4.659275e+00,4.709589e+00,4.655263e+00,4.794539e+00,4.581204e+00,4.730100e+00,4.789390e+00,4.654102e+00,4.442140e+00,4.562722e+00,4.822342e+00,4.499936e+00,4.781948e+00,4.620812e+00,4.778257e+00,4.837488e+00,4.686779e+00,4.486574e+00,4.334361e+00,4.721574e+00,5.152011e+00,4.777335e+00,4.922398e+00,4.727073e+00,4.604875e+00,4.653960e+00,4.989856e+00,4.866470e+00,4.511425e+00,4.838733e+00,4.511161e+00,4.967874e+00,4.774755e+00,4.625356e+00,4.871525e+00,4.797433e+00,4.836406e+00,5.045900e+00,4.989956e+00,4.729343e+00,4.743565e+00,4.941173e+00,4.982207e+00,4.428489e+00,4.758000e+00,4.897027e+00,4.769205e+00,4.688630e+00,4.599000e+00,4.748235e+00,4.657218e+00,5.021305e+00,4.771686e+00,4.632907e+00,4.701751e+00,4.613838e+00,4.898260e+00,4.865477e+00,4.992053e+00,4.783387e+00,4.695935e+00,4.838780e+00,4.767601e+00,4.576293e+00,4.395446e+00,4.613569e+00,4.630870e+00,4.674173e+00,4.703376e+00,4.593373e+00,4.686446e+00,4.942390e+00,4.694283e+00,4.790081e+00,4.572365e+00,5.174722e+00,5.179497e+00,5.151602e+00,5.073341e+00,4.904170e+00,4.868135e+00,4.637622e+00,4.680245e+00,4.878322e+00,4.542595e+00,4.646905e+00,4.584684e+00,4.514291e+00,4.714297e+00,4.486801e+00,4.608373e+00,4.784839e+00,4.501609e+00,4.606328e+00,4.843076e+00,4.852812e+00,4.770506e+00,4.556680e+00,4.775692e+00,4.940443e+00,4.355841e+00,4.579036e+00,4.881829e+00,4.489073e+00,4.707865e+00,4.836256e+00,4.689367e+00,4.485614e+00,4.632191e+00,4.480671e+00,4.842908e+00,4.682391e+00,4.792353e+00,4.916909e+00,4.848579e+00,4.952901e+00,4.734751e+00,4.888067e+00,4.807418e+00,4.634149e+00,4.813240e+00,4.662715e+00,4.779090e+00,4.729873e+00,4.807408e+00,4.815158e+00,4.718765e+00,4.613405e+00,4.861970e+00,4.881341e+00,4.518172e+00,4.692921e+00,4.412567e+00,4.600147e+00,4.716237e+00,4.244632e+00,4.571840e+00,4.705915e+00,4.712719e+00,4.739419e+00
4.621909e+00,4.635731e+00,4.658143e+00,4.734524e+00,4.675874e+00,4.603721e+00,4.655960e+00,4.618870e+00,4.746075e+00,4.648707e+00,4.856944e+00,4.708268e+00,4.711657e+00,4.577535e+00,4.572485e+00,4.757934e+00,4.885988e+00,4.744516e+00,4.511339e+00,4.544079e+00,4.306824e+00,4.359024e+00,4.789447e+00,4.797362e+00,4.563999e+00,4.663195e+00,4.440398e+00,4.549357e+00,4.252689e+00,4.783859e+00,4.692552e+00,4.633408e+00,4.679626e+00,4.495099e+00,4.563680e+00,4.591190e+00,4.653158e+00,4.455982e+00,4.640540e+00,4.780446e+00,4.374424e+00,4.346368e+00,4.710494e+00,4.604380e+00,4.707395e+00,4.969977e+00,4.657985e+00,4.487828e+00,4.843511e+00,4.752336e+00,4.575900e+00,4.918069e+00,4.305788e+00,4.708956e+00,4.768429e+00,4.630312e+00,4.696713e+00,4.526230e+00,4.730691e+00,4.675740e+00,4.680061e+00,4.716595e+00,4.708655e+00,4.908744e+00,4.710090e+00,4.757986e+00,4.572900e+00,4.507285e+00,4.707952e+00,4.480871e+00,4.855908e+00,4.609957e+00,4.723790e+00,4.844884e+00,4.945398e+00,4.606601e+00,4.730531e+00,4.585346e+00,4.515569e+00,4.278734e+00,4.578737e+00,5.141952e+00,4.837537e+00,4.676413e+00,5.014764e+00,5.058898e+00,5.206133e+00,5.081595e+00,4.652651e+00,4.848579e+00,4.575467e+00,4.733871e+00,4.841820e+00,4.551850e+00,4.650320e+00,4.566286e+00,4.852358e+00,4.818507e+00,4.653785e+00,4.534507e+00,4.485468e+00,4.932665e+00,4.675322e+00,4.804756e+00,4.712950e+00,5.382715e+00,4.738575e+00,4.953365e+00,4.888547e+00,4.961789e+00,4.740839e+00,5.125755e+00,4.934891e+00,4.672749e+00,4.988498e+00,4.860176e+00,4.713484e+00,5.162087e+00,5.110441e+00,4.702820e+00,4.659193e+00,4.695729e+00,4.575420e+00,4.830319e+00,5.443333e+00,5.046723e+00,4.676926e+00,5.044614e+00,4.804481e+00,4.687080e+00,4.566085e+00,4.850215e+00,5.154473e+00,4.531037e+00,4.908240e+00,4.756180e+00,5.014542e+00,4.759537e+00,5.112503e+00,4.917937e+00,5.463293e+00,5.032328e+00,5.173117e+00,5.143245e+00,5.032827e+00,4.847373e+00,4.972039e+00,4.489371e+00,4.707809e+00,4.524958e+00,4.891362e+00,5.226767e+00,4.813050e+00,4.737006e+00,4.594922e+00,4.256046e+00,4.728614e+00,4.485089e+00,4.845819e+00,4.555568e+00,4.853757e+00,4.935722e+00,4.517753e+00,4.642378e+00,4.725393e+00,4.722547e+00,5.170866e+00,5.347877e+00,4.694747e+00,5.198887e+00,4.653454e+00,4.740793e+00,4.589626e+00,4.700832e+00,4.711699e+00,4.738507e+00,4.711166e+00,4.625273e+00,4.698169e+00,4.736781e+00,4.672195e+00,4.876726e+00,4.952137e+00,4.788311e+00,4.705130e+00,4.565011e+00,4.755752e+00,4.965524e+00,4.691117e+00,4.692135e+00,4.680424e+00,4.665504e+00,4.695382e+00,4.605797e+00,4.664357e+00,4.815374e+00,4.703274e+00,4.789210e+00,4.747939e+00,4.599948e+00,4.804740e+00,4.842580e+00,4.815968e+00,4.676972e+00,4.829366e+00,4.890848e+00,4.857832e+00,4.845883e+00,5.033314e+00,4.811631e+00,4.637508e+00,4.901969e+00,4.700501e+00,4.891477e+00,4.692844e+00,4.834563e+00,4.530268e+00,4.554433e+00,4.799037e+00,4.878935e+00,4.703712e+00,4.586534e+00,4.793493e+00,4.569226e+00,4.465229e+00,4.765255e+00,4.750838e+00,4.751679e+00
4.510823e+00,4.789100e+00,4.686153e+00,4.695876e+00,4.757455e+00,4.763862e+00,4.802241e+00,4.559232e+00,4.383952e+00,4.829051e+00,4.599368e+00,4.343658e+00,4.612016e+00,4.728106e+00,4.774952e+00,4.703154e+00,4.897925e+00,4.586213e+00,4.737578e+00,4.199838e+00,4.700332e+00,4.658303e+00,4.914482e+00,4.583437e+00,4.749246e+00,4.678836e+00,4.478451e+00,4.826951e+00,4.923938e+00,4.659971e+00,4.407929e+00,4.564404e+00,4.757711e+00,4.627099e+00,4.569980e+00,4.774448e+00,4.665184e+00,4.450511e+00,4.600841e+00,4.606511e+00,4.630176e+00,4.380571e+00,4.713354e+00,4.509600e+00,4.541415e+00,4.877890e+00,4.912462e+00,4.813083e+00,4.788809e+00,4.686287e+00,4.711357e+00,4.807906e+00,4.793550e+00,4.755848e+00,4.615647e+00,4.546108e+00,4.721159e+00,4.786138e+00,4.642085e+00,4.471531e+00,4.577335e+00,4.619371e+00,4.722192e+00,4.802795e+00,5.090922e+00,4.802634e+00,4.396479e+00,5.074214e+00,4.651226e+00,4.844547e+00,4.466972e+00,5.188193e+00,4.742391e+00,4.713970e+00,4.770628e+00,4.607679e+00,4.704358e+00,4.729509e+00,4.665609e+00,5.367867e+00,4.779814e+00,4.705510e+00,4.685813e+00,5.095105e+00,4.570586e+00,5.030939e+00,4.963664e+00,5.049184e+00,4.486354e+00,4.610923e+00,4.855592e+00,4.644033e+00,4.696292e+00,4.672954e+00,4.790300e+00,4.658680e+00,4.504923e+00,4.566249e+00,4.713947e+00,5.178727e+00,4.688215e+00,4.676544e+00,4.706933e+00,5.018196e+00,4.827257e+00,4.855315e+00,4.608182e+00,4.766884e+00,4.891998e+00,4.833867e+00,4.964921e+00,4.975883e+00,5.262324e+00,4.808840e+00,5.046031e+00,4.787219e+00,4.574021e+00,5.241590e+00,4.404461e+00,5.162049e+00,4.722315e+00,4.933256e+00,5.106763e+00,4.787123e+00,5.027965e+00,4.692487e+00,4.983901e+00,5.122730e+00,5.293985e+00,4.901136e+00,4.864194e+00,4.580329e+00,4.656463e+00,5.111339e+00,5.085861e+00,5.061258e+00,4.595400e+00,5.257551e+00,4.890386e+00,4.888301e+00,4.970059e+00,4.891276e+00,5.076179e+00,5.214117e+00,4.845437e+00,4.752059e+00,4.724946e+00,5.020176e+00,4.637079e+00,4.802197e+00,4.616858e+00,4.730339e+00,4.799480e+00,5.119010e+00,4.898534e+00,5.039633e+00,4.567556e+00,4.825961e+00,4.555415e+00,4.803284e+00,4.729945e+00,4.758714e+00,4.413718e+00,4.671632e+00,4.518405e+00,4.706823e+00,4.769700e+00,4.806336e+00,5.193280e+00,5.073124e+00,5.026601e+00,4.660585e+00,4.792225e+00,4.885772e+00,5.265497e+00,4.903698e+00,4.598665e+00,4.594025e+00,4.700224e+00,4.685059e+00,4.841833e+00,4.654966e+00,4.394818e+00,4.487444e+00,4.507735e+00,4.807813e+00,4.777473e+00,4.577247e+00,4.791280e+00,4.615326e+00,4.568283e+00,4.796307e+00,4.783516e+00,4.870199e+00,4.645565e+00,4.805022e+00,4.541690e+00,4.674124e+00,4.791867e+00,4.828169e+00,4.633011e+00,4.440519e+00,4.645410e+00,4.658185e+00,4.467691e+00,5.134703e+00,4.873746e+00,4.644055e+00,4.598727e+00,4.800621e+00,4.491478e+00,4.592629e+00,4.592936e+00,4.711446e+00,4.238856e+00,4.606282e+00,4.431579e+00,4.921317e+00,4.719383e+00,4.454121e+00,4.636195e+00,4.942966e+00,4.747939e+00,4.452598e+00,4.628053e+00,4.688345e+00,4.766546e+00,4.675959e+00
4.701864e+00,4.583648e+00,4.734579e+00,4.765368e+00,4.754936e+00,4.782342e+00,4.793265e+00,4.690709e+00,4.855472e+00,4.666697e+00,4.662621e+00,4.405096e+00,4.631852e+00,4.714302e+00,4.441079e+00,4.657198e+00,4.737074e+00,4.641534e+00,4.578778e+00,4.726989e+00,4.707494e+00,4.677349e+00,4.849968e+00,4.878075e+00,4.518070e+00,4.657135e+00,4.601689e+00,4.367021e+00,4.606512e+00,4.549027e+00,4.602456e+00,4.826998e+00,4.577070e+00,4.616657e+00,4.803018e+00,4.552898e+00,4.564877e+00,4.734692e+00,4.753088e+00,4.539381e+00,4.417231e+00,4.490858e+00,4.597789e+00,4.622780e+00,4.705893e+00,4.652756e+00,4.697910e+00,4.739034e+00,4.641498e+00,4.712345e+00,4.675514e+00,4.679891e+00,5.053679e+00,4.605118e+00,4.654742e+00,4.620249e+00,4.662286e+00,4.524581e+00,4.651373e+00,4.696579e+00,4.686604e+00,4.810495e+00,4.668466e+00,4.802524e+00,4.808736e+00,4.801731e+00,4.545264e+00,4.738608e+00,4.630997e+00,4.479069e+00,4.607363e+00,4.812999e+00,4.750839e+00,4.774059e+00,4.592969e+00,4.505915e+00,4.880142e+00,5.248650e+00,4.723118e+00,4.373620e+00,4.872145e+00,4.974938e+00,5.195505e+00,4.651266e+00,4.770485e+00,4.805560e+00,4.682132e+00,4.676848e+00,4.628881e+00,4.538760e+00,4.506983e+00,4.556064e+00,4.633672e+00,4.677873e+00,4.725124e+00,5.024422e+00,4.843815e+00,4.696481e+00,4.991330e+00,4.669780e+00,4.560049e+00,4.943295e+00,4.649055e+00,4.592336e+00,5.009553e+00,4.879999e+00,5.246455e+00,4.781657e+00,5.283926e+00,5.084858e+00,4.959172e+00,4.794964e+00,5.081368e+00,4.525905e+00,4.945220e+00,5.034053e+00,5.002558e+00,4.771253e+00,5.018865e+00,5.283489e+00,4.744514e+00,4.687172e+00,5.327403e+00,4.719637e+00,5.169335e+00,4.991747e+00,5.244215e+00,4.758453e+00,4.975637e+00,4.671518e+00,4.957280e+00,5.065130e+00,4.775475e+00,4.506991e+00,4.836610e+00,5.149672e+00,5.239366e+00,4.528372e+00,5.140472e+00,4.627027e+00,4.731372e+00,5.131612e+00,4.806012e+00,5.302570e+00,4.848773e+00,4.972124e+00,4.805193e+00,4.891047e+00,5.016180e+00,4.800077e+00,4.554397e+00,4.705147e+00,4.818845e+00,4.939949e+00,4.725004e+00,4.687392e+00,4.814606e+00,4.613833e+00,4.661983e+00,5.034438e+00,4.315514e+00,4.616820e+00,4.613557e+00,4.727639e+00,4.340356e+00,4.716929e+00,4.600850e+00,4.649721e+00,4.751518e+00,4.499284e+00,5.119593e+00,4.849423e+00,5.095900e+00,4.657943e+00,5.046948e+00,4.697206e+00,4.427177e+00,4.782608e+00,4.727953e+00,4.522767e+00,4.632745e+00,4.356274e+00,4.738487e+00,4.917467e+00,4.645336e+00,4.576206e+00,4.805428e+00,4.933257e+00,5.110384e+00,4.588501e+00,4.682046e+00,4.762425e+00,4.673210e+00,4.804192e+00,4.588378e+00,4.774634e+00,4.665624e+00,5.118376e+00,4.545647e+00,4.865988e+00,4.836390e+00,4.608024e+00,4.824923e+00,4.765475e+00,4.651227e+00,4.304725e+00,4.747148e+00,4.729954e+00,5.123093e+00,4.678597e+00,4.600396e+00,4.632384e+00,4.497002e+00,4.634799e+00,4.807947e+00,4.667334e+00,4.655032e+00,4.788748e+00,4.641579e+00,4.668034e+00,4.400685e+00,4.610705e+00,4.802524e+00,4.731447e+00,4.811934e+00,4.637974e+00,4.795295e+00,4.775234e+00
4.518400e+00,4.761274e+00,4.736640e+00,4.629381e+00,4.647086e+00,4.572991e+00,4.532151e+00,4.814690e+00,4.685108e+00,4.504450e+00,4.632879e+00,4.416587e+00,4.611789e+00,4.547959e+00,4.616286e+00,4.783116e+00,4.803766e+00,4.555603e+00,4.445321e+00,4.668834e+00,4.571892e+00,4.477450e+00,4.750492e+00,4.780863e+00,4.504059e+00,4.832769e+00,4.503649e+00,4.625738e+00,4.605500e+00,4.718655e+00,4.663693e+00,4.612941e+00,4.592943e+00,4.539987e+00,4.732155e+00,4.339568e+00,4.570496e+00,4.899247e+00,4.784698e+00,4.705349e+00,4.712854e+00,4.712594e+00,4.771086e+00,4.593154e+00,4.799177e+00,4.597567e+00,4.800305e+00,4.593621e+00,4.634808e+00,5.034978e+00,4.679461e+00,4.550985e+00,4.499983e+00,4.836475e+00,4.544086e+00,4.831550e+00,4.849571e+00,4.707280e+00,4.595477e+00,4.910491e+00,4.471038e+00,4.892660e+00,4.771148e+00,4.497915e+00,4.794719e+00,4.668380e+00,4.624285e+00,4.854743e+00,4.671808e+00,4.534539e+00,4.484542e+00,4.764854e+00,4.921475e+00,4.783738e+00,4.667986e+00,4.774496e+00,5.279303e+00,4.667077e+00,4.455405e+00,4.953068e+00,5.142018e+00,4.763228e+00,5.047334e+00,4.779040e+00,4.784647e+00,4.507948e+00,4.823564e+00,4.747966e+00,4.696613e+00,4.872346e+00,4.703594e+00,4.872320e+00,4.908115e+00,4.780549e+00,4.759628e+00,5.112635e+00,4.792980e+00,4.689061e+00,4.698622e+00,5.202131e+00,4.794976e+00,4.894338e+00,4.752888e+00,4.731505e+00,5.117910e+00,5.111408e+00,4.923663e+00,4.896315e+00,5.083628e+00,4.933543e+00,5.064929e+00,5.118805e+00,4.789621e+00,5.408845e+00,4.788676e+00,5.406809e+00,5.303137e+00,4.574678e+00,5.005679e+00,4.533092e+00,5.249244e+00,5.156268e+00,5.026836e+00,4.717786e+00,4.809032e+00,5.307423e+00,5.020606e+00,5.341008e+00,4.794630e+00,5.319161e+00,5.085969e+00,5.028027e+00,4.946099e+00,4.981168e+00,4.947503e+00,4.720605e+00,5.234210e+00,5.046856e+00,4.611695e+00,4.691928e+00,5.320251e+00,4.799649e+00,5.140666e+00,5.019915e+00,4.681837e+00,5.114223e+00,5.334545e+00,5.187259e+00,4.777469e+00,4.920563e+00,5.158433e+00,4.551334e+00,4.594438e+00,5.328446e+00,5.234006e+00,4.711371e+00,4.967273e+00,4.866622e+00,4.842878e+00,4.837827e+00,4.662612e+00,5.024288e+00,4.518747e+00,4.766875e+00,4.761721e+00,4.645900e+00,4.679489e+00,4.675282e+00,4.631369e+00,4.828837e+00,4.729767e+00,4.815519e+00,5.188653e+00,5.151530e+00,5.405377e+00,4.710902e+00,4.623918e+00,4.733453e+00,4.733125e+00,4.501011e+00,5.004505e+00,4.864789e+00,4.780578e+00,4.735965e+00,4.323193e+00,4.748914e+00,4.803116e+00,5.015956e+00,4.939962e+00,5.167361e+00,4.801199e+00,4.728459e+00,4.863408e+00,4.916253e+00,4.884537e+00,4.649488e+00,4.644552e+00,4.739212e+00,4.828634e+00,4.526255e+00,4.772806e+00,4.889216e+00,4.619296e+00,4.675980e+00,4.526267e+00,4.708080e+00,4.581124e+00,4.477950e+00,4.810749e+00,4.709571e+00,4.809312e+00,4.605669e+00,4.749168e+00,4.795998e+00,4.592727e+00,4.742200e+00,4.877192e+00,4.622543e+00,4.778266e+00,4.568158e+00,4.800269e+00,4.617697e+00,4.436920e+00,4.740384e+00,4.851089e+00,4.608597e+00,4.784392e+00,4.868930e+00
4.766195e+00,4.636335e+00,4.666578e+00,4.599381e+00,4.807574e+00,4.822718e+00,4.837858e+00,4.567956e+00,4.809331e+00,4.567730e+00,4.699674e+00,4.685931e+00,4.750493e+00,4.622422e+00,4.566689e+00,4.787967e+00,4.529913e+00,4.474757e+00,4.871607e+00,4.563123e+00,4.620768e+00,4.493431e+00,4.657538e+00,4.623953e+00,4.872806e+00,4.403856e+00,4.750480e+00,4.633413e+00,4.763442e+00,4.663683e+00,4.779987e+00,4.505099e+00,4.732758e+00,4.439319e+00,4.664773e+00,4.790618e+00,4.717598e+00,4.679614e+00,4.735539e+00,4.640758e+00,4.661342e+00,4.832713e+00,4.535221e+00,4.612528e+00,4.520800e+00,4.492754e+00,4.678859e+00,4.852546e+00,4.718758e+00,4.878379e+00,4.473964e+00,4.721566e+00,4.525574e+00,4.412068e+00,4.732928e+00,4.671829e+00,4.699004e+00,4.803589e+00,4.725528e+00,4.607251e+00,4.759335e+00,4.857031e+00,4.554904e+00,4.598784e+00,4.710004e+00,4.756050e+00,4.337068e+00,4.669405e+00,4.619509e+00,4.775917e+00,4.616653e+00,4.470103e+00,4.728430e+00,5.136360e+00,4.834785e+00,4.299620e+00,4.787698e+00,5.141856e+00,5.117640e+00,4.995168e+00,4.538636e+00,4.950078e+00,4.776258e+00,4.598112e+00,4.663416e+00,4.723341e+00,4.722520e+00,4.649656e+00,4.785216e+00,4.777229e+00,4.624825e+00,4.867710e+00,5.330256e+00,4.896318e+00,4.796471e+00,4.663063e+00,4.951767e+00,4.756405e+00,5.231092e+00,4.804822e+00,4.691849e+00,4.867004e+00,5.055555e+00,5.146088e+00,4.892769e+00,5.213964e+00,4.995880e+00,4.910650e+00,4.929966e+00,5.181479e+00,5.043982e+00,4.841752e+00,5.285648e+00,5.225132e+00,4.833255e+00,4.993110e+00,5.004829e+00,5.022278e+00,4.863653e+00,5.176723e+00,4.934212e+00,5.331087e+00,4.733439e+00,5.415241e+00,5.046523e+00,5.044940e+00,4.495338e+00,4.359960e+00,4.783242e+00,4.991154e+00,4.832130e+00,5.278144e+00,5.008272e+00,4.925406e+00,5.372424e+00,5.256614e+00,4.758681e+00,5.008081e+00,4.875085e+00,5.233050e+00,4.906456e+00,5.081228e+00,5.163425e+00,4.932242e+00,4.558466e+00,4.755412e+00,4.925975e+00,4.959561e+00,5.131122e+00,5.003818e+00,4.961096e+00,4.726775e+00,4.936469e+00,5.056805e+00,4.891636e+00,5.135835e+00,4.922322e+00,5.097906e+00,4.808702e+00,4.599185e+00,4.666697e+00,4.900740e+00,4.780681e+00,4.880683e+00,5.150376e+00,4.768279e+00,4.661022e+00,4.668603e+00,4.733441e+00,4.800746e+00,4.535134e+00,4.741386e+00,4.876668e+00,4.931791e+00,5.124312e+00,5.094060e+00,4.811580e+00,4.812619e+00,4.827559e+00,4.862044e+00,5.131514e+00,4.563722e+00,4.534406e+00,4.646513e+00,4.759767e+00,4.569518e+00,4.572282e+00,4.652169e+00,4.772782e+00,4.943783e+00,5.169486e+00,4.524654e+00,4.724669e+00,4.165150e+00,4.668046e+00,4.684356e+00,4.975023e+00,4.736146e+00,4.477073e+00,4.614933e+00,4.793037e+00,4.749347e+00,4.715336e+00,4.738574e+00,4.759276e+00,4.709106e+00,4.668866e+00,4.790656e+00,4.818612e+00,4.895882e+00,4.856472e+00,4.730519e+00,4.927507e+00,4.733994e+00,4.548225e+00,4.710005e+00,4.755256e+00,4.607321e+00,4.782386e+00,4.892831e+00,4.616626e+00,4.581779e+00,4.834245e+00,4.828013e+00,4.742776e+00,4.435122e+00,4.578532e+00,4.956924e+00
4.620619e+00,4.846684e+00,4.799264e+00,4.747770e+00,4.471812e+00,4.349240e+00,4.584838e+00,4.637526e+00,4.734096e+00,4.858691e+00,4.645689e+00,4.893102e+00,4.645991e+00,4.785676e+00,4.529310e+00,4.609661e+00,4.761797e+00,4.717106e+00,4.722299e+00,4.580137e+00,4.915832e+00,4.594532e+00,4.642757e+00,4.364544e+00,4.476659e+00,4.796995e+00,4.763060e+00,4.437501e+00,4.861511e+00,4.750692e+00,4.707434e+00,4.649255e+00,4.725950e+00,4.810734e+00,4.602359e+00,4.697789e+00,4.678909e+00,4.567428e+00,4.828658e+00,4.760587e+00,4.624934e+00,4.602048e+00,4.914393e+00,4.652132e+00,4.707138e+00,4.936585e+00,4.682075e+00,4.660296e+00,4.900978e+00,4.782020e+00,4.826078e+00,4.612677e+00,4.681427e+00,4.849724e+00,4.820553e+00,4.814239e+00,4.852686e+00,4.887478e+00,4.861405e+00,5.066640e+00,5.081212e+00,4.932863e+00,4.842925e+00,4.746685e+00,4.826669e+00,5.130340e+00,4.845320e+00,4.922322e+00,4.819649e+00,5.014813e+00,4.808106e+00,4.831420e+00,4.958861e+00,4.739968e+00,4.864698e+00,4.921467e+00,4.793515e+00,4.929600e+00,4.794404e+00,4.805703e+00,4.834685e+00,4.887978e+00,4.804079e+00,4.700724e+00,4.672095e+00,4.723189e+00,4.765749e+00,4.653615e+00,4.868709e+00,4.737845e+00,4.852834e+00,5.069489e+00,4.899686e+00,4.861911e+00,5.003783e+00,4.872669e+00,4.878464e+00,4.866220e+00,4.961910e+00,5.059076e+00,4.869464e+00,5.001133e+00,5.052485e+00,5.092506e+00,4.937833e+00,4.937819e+00,5.233735e+00,4.656811e+00,4.686177e+00,4.395915e+00,4.974964e+00,5.058160e+00,4.832375e+00,4.640276e+00,4.611948e+00,4.761081e+00,5.004138e+00,5.416835e+00,5.127162e+00,5.041347e+00,5.141281e+00,4.991474e+00,5.114223e+00,5.201470e+00,5.212390e+00,4.620990e+00,4.781043e+00,4.587635e+00,4.648940e+00,4.746456e+00,5.234214e+00,5.180155e+00,4.960398e+00,5.077811e+00,4.774200e+00,5.268968e+00,5.114457e+00,5.254699e+00,4.544244e+00,4.918806e+00,4.923141e+00,5.297439e+00,4.629338e+00,5.162954e+00,4.916930e+00,4.881859e+00,5.237261e+00,5.043158e+00,5.268811e+00,4.804727e+00,5.145312e+00,4.950129e+00,5.020968e+00,5.013832e+00,5.174212e+00,5.320962e+00,5.184614e+00,4.367382e+00,5.205691e+00,5.025658e+00,4.843141e+00,4.935755e+00,4.618814e+00,4.918653e+00,4.753643e+00,4.228057e+00,4.804283e+00,4.780121e+00,4.628470e+00,4.695617e+00,4.744363e+00,4.826761e+00,4.519260e+00,4.960522e+00,4.974978e+00,5.302591e+00,4.783428e+00,5.703912e+00,4.797596e+00,5.005564e+00,4.715101e+00,4.871987e+00,4.909016e+00,4.696993e+00,4.351925e+00,4.852839e+00,4.567488e+00,4.722858e+00,4.771900e+00,4.905182e+00,4.603666e+00,4.728394e+00,4.886916e+00,4.805246e+00,4.510158e+00,4.603185e+00,4.693574e+00,4.952831e+00,4.582946e+00,4.716326e+00,4.642209e+00,4.992882e+00,4.839449e+00,4.860157e+00,4.851691e+00,4.837855e+00,4.972220e+00,4.955482e+00,4.857759e+00,4.727289e+00,4.991269e+00,4.773260e+00,4.528879e+00,4.772041e+00,4.470823e+00,4.792875e+00,4.746817e+00,4.755238e+00,4.708232e+00,4.782635e+00,4.575915e+00,4.716761e+00,4.651167e+00,4.637541e+00,4.725149e+00,4.794449e+00,4.738243e+00,4.657480e+00
4.958481e+00,4.815122e+00,4.743519e+00,4.650118e+00,4.495314e+00,4.708719e+00,4.505918e+00,4.786799e+00,4.610656e+00,4.583164e+00,4.667010e+00,4.560452e+00,4.730940e+00,4.772436e+00,4.680037e+00,4.779730e+00,4.754779e+00,4.438919e+00,4.556817e+00,4.784279e+00,4.691099e+00,4.655165e+00,4.610061e+00,4.829088e+00,4.797290e+00,4.625464e+00,4.700017e+00,4.775693e+00,4.697350e+00,4.910757e+00,4.635772e+00,4.726616e+00,4.811732e+00,4.813819e+00,4.857805e+00,4.747604e+00,4.871257e+00,4.674010e+00,4.749376e+00,4.923154e+00,4.605469e+00,4.570844e+00,4.737687e+00,4.738123e+00,4.873814e+00,4.852357e+00,4.710141e+00,4.628630e+00,4.718323e+00,4.788709e+00,4.671195e+00,4.639476e+00,4.892635e+00,4.900099e+00,4.950922e+00,4.772907e+00,4.665722e+00,4.448865e+00,4.646239e+00,4.834525e+00,4.416684e+00,4.858782e+00,4.726522e+00,4.872529e+00,4.864771e+00,4.803945e+00,4.919215e+00,4.946390e+00,4.619522e+00,4.826806e+00,4.930590e+00,4.702456e+00,4.776436e+00,4.773811e+00,4.933881e+00,5.124637e+00,5.186346e+00,4.658878e+00,4.712788e+00,4.952924e+00,4.368321e+00,4.797433e+00,4.680973e+00,4.763730e+00,4.720752e+00,5.022192e+00,4.932924e+00,4.844028e+00,4.746133e+00,4.935289e+00,4.929954e+00,4.995483e+00,4.886219e+00,5.104188e+00,5.218625e+00,5.257255e+00,4.885755e+00,4.914677e+00,4.782839e+00,4.936505e+00,5.058222e+00,4.987730e+00,4.608187e+00,4.985704e+00,4.816701e+00,4.929360e+00,5.202413e+00,5.128702e+00,5.184310e+00,4.646396e+00,4.809852e+00,5.079298e+00,4.967697e+00,4.882031e+00,5.067169e+00,4.920117e+00,4.676136e+00,5.098868e+00,5.318813e+00,5.110492e+00,5.065392e+00,5.044786e+00,5.296261e+00,5.271796e+00,5.053890e+00,4.747060e+00,4.575186e+00,4.913719e+00,4.694411e+00,5.193007e+00,5.110806e+00,4.594769e+00,5.139911e+00,4.976793e+00,5.067823e+00,5.180602e+00,5.076198e+00,5.093679e+00,5.017186e+00,5.401113e+00,4.967387e+00,4.937747e+00,5.369213e+00,5.365014e+00,4.990512e+00,5.222338e+00,5.221467e+00,5.086029e+00,4.997751e+00,5.207336e+00,5.144831e+00,4.876024e+00,4.837606e+00,4.804485e+00,5.027852e+00,4.906184e+00,4.825766e+00,5.216926e+00,4.853920e+00,5.091242e+00,5.006260e+00,4.794571e+00,4.769510e+00,4.535791e+00,4.913217e+00,5.083069e+00,4.683816e+00,4.861512e+00,4.321124e+00,4.796053e+00,4.766849e+00,4.625763e+00,4.677656e+00,4.628741e+00,4.580143e+00,5.061143e+00,5.211618e+00,5.275651e+00,5.032834e+00,4.834627e+00,5.167875e+00,4.745365e+00,4.972619e+00,4.612114e+00,4.693303e+00,4.744450e+00,4.685584e+00,4.648958e+00,4.646229e+00,4.907224e+00,4.436633e+00,4.764748e+00,4.759298e+00,4.879203e+00,4.496954e+00,4.719679e+00,4.767750e+00,4.973177e+00,4.954141e+00,4.585781e+00,4.825869e+00,4.670036e+00,4.879973e+00,4.986107e+00,4.746117e+00,4.843856e+00,4.870290e+00,4.706182e+00,4.686574e+00,4.864348e+00,4.818347e+00,4.772347e+00,4.759085e+00,4.598606e+00,4.649486e+00,4.927728e+00,4.698836e+00,4.898224e+00,4.861319e+00,4.810681e+00,4.746901e+00,4.988118e+00,4.959209e+00,4.753324e+00,4.619617e+00,4.420939e+00,4.785216e+00,4.737574e+00
4.638249e+00,4.762463e+00,4.699606e+00,4.632042e+00,4.687668e+00,4.608475e+00,4.657455e+00,4.867319e+00,4.440187e+00,4.829564e+00,4.558462e+00,4.453419e+00,4.707161e+00,4.461433e+00,4.658590e+00,4.688497e+00,4.825056e+00,4.584695e+00,4.779888e+00,4.549955e+00,4.592180e+00,4.752810e+00,4.456941e+00,4.740706e+00,4.671924e+00,4.514238e+00,4.654818e+00,4.798022e+00,4.612406e+00,4.774839e+00,4.693088e+00,4.751050e+00,4.486702e+00,4.580147e+00,4.628656e+00,4.889850e+00,4.679043e+00,5.166065e+00,4.740366e+00,4.637282e+00,4.709351e+00,4.843846e+00,4.588996e+00,4.590444e+00,4.673602e+00,4.563731e+00,4.738226e+00,4.832857e+00,4.585355e+00,4.685788e+00,4.684162e+00,4.416359e+00,4.827407e+00,4.684023e+00,4.649897e+00,4.627853e+00,4.866415e+00,4.717746e+00,4.706714e+00,4.584103e+00,4.626626e+00,4.768861e+00,4.818733e+00,4.758242e+00,4.800038e+00,4.481846e+00,4.705913e+00,4.513353e+00,4.866042e+00,4.549275e+00,4.665593e+00,4.528895e+00,4.590179e+00,4.685708e+00,4.959609e+00,4.655255e+00,4.620994e+00,4.630930e+00,4.086587e+00,4.533142e+00,4.706464e+00,4.830976e+00,4.837856e+00,4.751024e+00,4.592149e+00,4.859189e+00,4.657978e+00,5.148404e+00,5.115649e+00,4.974617e+00,5.149201e+00,5.268476e+00,4.671296e+00,4.665394e+00,4.855399e+00,4.608955e+00,5.173649e+00,5.220975e+00,5.076825e+00,5.199684e+00,4.870378e+00,5.192614e+00,4.658786e+00,5.054358e+00,5.015298e+00,5.209978e+00,4.453364e+00,4.853681e+00,4.518117e+00,5.102223e+00,4.866103e+00,4.903812e+00,5.232052e+00,4.942606e+00,5.110571e+00,5.392323e+00,5.130427e+00,4.759528e+00,5.366728e+00,5.231497e+00,5.013926e+00,4.814982e+00,5.409173e+00,5.286620e+00,5.167052e+00,4.943002e+00,4.942752e+00,4.428889e+00,4.649197e+00,5.149131e+00,5.200133e+00,4.976547e+00,5.041024e+00,5.247727e+00,5.185165e+00,4.888977e+00,4.930274e+00,5.098888e+00,4.889731e+00,4.621988e+00,4.735912e+00,4.969986e+00,4.976764e+00,4.953381e+00,4.996641e+00,5.373801e+00,5.131404e+00,5.445052e+00,4.821894e+00,5.130367e+00,5.126966e+00,5.204922e+00,4.653529e+00,4.578638e+00,5.309984e+00,5.078498e+00,5.246587e+00,4.689821e+00,4.498495e+00,5.236023e+00,5.205760e+00,5.496064e+00,4.775686e+00,4.794310e+00,4.817898e+00,5.032995e+00,5.115202e+00,4.793979e+00,4.675876e+00,4.737057e+00,4.834365e+00,4.809830e+00,4.291822e+00,5.085010e+00,4.958407e+00,4.805355e+00,4.782889e+00,5.106088e+00,4.902082e+00,4.888444e+00,5.283706e+00,5.318681e+00,4.936185e+00,4.963949e+00,4.868894e+00,4.452854e+00,4.699069e+00,4.778651e+00,4.826304e+00,4.836138e+00,4.780572e+00,4.984008e+00,4.732792e+00,5.164318e+00,4.935678e+00,4.770285e+00,4.785385e+00,4.510205e+00,4.648724e+00,4.689732e+00,4.481032e+00,4.602981e+00,4.914550e+00,4.696175e+00,4.880716e+00,4.811302e+00,4.901410e+00,4.877929e+00,4.778233e+00,4.772030e+00,4.668382e+00,4.769116e+00,4.737233e+00,4.775130e+00,5.006779e+00,4.874967e+00,4.919231e+00,4.680086e+00,4.963140e+00,4.888111e+00,5.375868e+00,4.782089e+00,4.660401e+00,4.746837e+00,4.797974e+00,4.928411e+00,4.888738e+00,4.726966e+00
4.857274e+00,4.774066e+00,4.372906e+00,4.798238e+00,4.772849e+00,4.730268e+00,4.600561e+00,4.659987e+00,4.723033e+00,4.587698e+00,4.849497e+00,4.619577e+00,4.828032e+00,4.759975e+00,4.627584e+00,4.866607e+00,4.636756e+00,4.865440e+00,4.718446e+00,4.647768e+00,4.737884e+00,4.907486e+00,4.451930e+00,4.692684e+00,4.873160e+00,4.584401e+00,4.715671e+00,4.912758e+00,4.868090e+00,4.665601e+00,4.927362e+00,4.205944e+00,4.623513e+00,4.864997e+00,4.678591e+00,4.585408e+00,4.477691e+00,4.873414e+00,4.646842e+00,4.607486e+00,4.912652e+00,4.573201e+00,4.697342e+00,4.729425e+00,5.086719e+00,4.899814e+00,4.894562e+00,4.552812e+00,4.876285e+00,4.953818e+00,5.066082e+00,4.321147e+00,5.031793e+00,4.944787e+00,5.174823e+00,4.420546e+00,4.716194e+00,4.740621e+00,5.024126e+00,4.977544e+00,4.864077e+00,4.756620e+00,4.702490e+00,4.735465e+00,4.742039e+00,4.785084e+00,4.768170e+00,4.765963e+00,4.843300e+00,4.885046e+00,5.223262e+00,5.287896e+00,5.165175e+00,5.102899e+00,4.828609e+00,4.623872e+00,4.838865e+00,4.693352e+00,4.726580e+00,4.764318e+00,4.586073e+00,4.851158e+00,4.716925e+00,4.479147e+00,4.854418e+00,5.064643e+00,4.980288e+00,5.370946e+00,5.094794e+00,4.907637e+00,5.131349e+00,4.574409e+00,4.823522e+00,5.143265e+00,5.244499e+00,5.204650e+00,5.007799e+00,4.564707e+00,5.107548e+00,4.629640e+00,5.196243e+00,4.981106e+00,5.112313e+00,4.670573e+00,4.845485e+00,5.259512e+00,4.942244e+00,5.114498e+00,5.082436e+00,5.571089e+00,4.860026e+00,4.518580e+00,5.050817e+00,5.237804e+00,5.300430e+00,4.663618e+00,5.259513e+00,5.166925e+00,5.061855e+00,5.071065e+00,4.787957e+00,4.683778e+00,4.795893e+00,4.830742e+00,4.689568e+00,4.771745e+00,5.042879e+00,4.511861e+00,4.882555e+00,5.214689e+00,4.901759e+00,4.981093e+00,5.083935e+00,4.948804e+00,5.259033e+00,5.160761e+00,5.035036e+00,5.042945e+00,4.941535e+00,4.976109e+00,5.181431e+00,5.024404e+00,5.122684e+00,5.186107e+00,5.081805e+00,5.188830e+00,4.910628e+00,5.308357e+00,5.042337e+00,4.725870e+00,5.158634e+00,5.342239e+00,5.135956e+00,4.974125e+00,4.646810e+00,4.755829e+00,5.066194e+00,5.147453e+00,4.666593e+00,5.036213e+00,5.034703e+00,5.344669e+00,4.929227e+00,4.981998e+00,4.769945e+00,4.707145e+00,4.843140e+00,4.754314e+00,5.133711e+00,4.751526e+00,4.864069e+00,4.793051e+00,4.809399e+00,4.897784e+00,4.720744e+00,4.856817e+00,4.787446e+00,4.794908e+00,4.803602e+00,5.269905e+00,5.263486e+00,5.067386e+00,5.068678e+00,5.058920e+00,4.585602e+00,5.213994e+00,4.933492e+00,4.745835e+00,4.856967e+00,4.948763e+00,4.404299e+00,4.518508e+00,4.795203e+00,4.601957e+00,4.845365e+00,4.930357e+00,4.820292e+00,4.880194e+00,4.787562e+00,4.486017e+00,4.598492e+00,4.835962e+00,4.981030e+00,4.817304e+00,4.849596e+00,4.666287e+00,4.558103e+00,4.522872e+00,4.571654e+00,4.797407e+00,4.629713e+00,4.752350e+00,4.826488e+00,4.845163e+00,4.946835e+00,5.052302e+00,4.938701e+00,4.871802e+00,4.944459e+00,4.858805e+00,4.553309e+00,4.407283e+00,4.919982e+00,5.092612e+00,4.898648e+00,4.949494e+00,4.841982e+00,4.989770e+00
4.598998e+00,4.801433e+00,4.774147e+00,4.734323e+00,4.696641e+00,4.662086e+00,4.704009e+00,4.710143e+00,4.921767e+00,4.685209e+00,4.746868e+00,4.624055e+00,4.521807e+00,4.779629e+00,4.575791e+00,4.722585e+00,4.882029e+00,4.761710e+00,4.719072e+00,4.448989e+00,4.534899e+00,4.700180e+00,4.454544e+00,4.750672e+00,4.650248e+00,4.881799e+00,4.516180e+00,4.674244e+00,4.734266e+00,4.699365e+00,4.704848e+00,4.705781e+00,4.700444e+00,4.672932e+00,4.767252e+00,4.937772e+00,4.624980e+00,4.879390e+00,4.503323e+00,4.789462e+00,4.575107e+00,4.652420e+00,4.614205e+00,4.495431e+00,4.886349e+00,4.748764e+00,4.865545e+00,4.762325e+00,5.360737e+00,4.534296e+00,4.893933e+00,4.912306e+00,4.563562e+00,4.690766e+00,4.896064e+00,4.652057e+00,4.847277e+00,4.623534e+00,4.809281e+00,4.662049e+00,4.489571e+00,4.888912e+00,4.348558e+00,4.704701e+00,4.659067e+00,4.560695e+00,4.650532e+00,4.609366e+00,4.987507e+00,5.010076e+00,5.311566e+00,5.266552e+00,4.843033e+00,4.694202e+00,4.758581e+00,4.792613e+00,4.491682e+00,4.615390e+00,4.720560e+00,4.946510e+00,5.012772e+00,5.003885e+00,5.104050e+00,5.068141e+00,5.227463e+00,4.886457e+00,5.108852e+00,5.245363e+00,5.106117e+00,4.695468e+00,4.991431e+00,4.831428e+00,5.020176e+00,4.697768e+00,5.283251e+00,5.502367e+00,4.967843e+00,4.906564e+00,5.158392e+00,5.422945e+00,4.861812e+00,5.269147e+00,5.131554e+00,5.121285e+00,4.897438e+00,5.394968e+00,5.190207e+00,4.806776e+00,5.237413e+00,5.263885e+00,5.294219e+00,4.925834e+00,5.342349e+00,5.132984e+00,5.168814e+00,5.012954e+00,4.907993e+00,5.152955e+00,4.860166e+00,4.847324e+00,4.572899e+00,4.957515e+00,5.261903e+00,4.762624e+00,4.569132e+00,4.399535e+00,4.920726e+00,4.932022e+00,4.635842e+00,5.279853e+00,5.315209e+00,5.066733e+00,5.369453e+00,5.253781e+00,5.606276e+00,5.014614e+00,5.547411e+00,5.336368e+00,4.740448e+00,5.254946e+00,5.201891e+00,5.282510e+00,5.302422e+00,5.093847e+00,4.950909e+00,5.175855e+00,5.497960e+00,5.122257e+00,5.271863e+00,5.405013e+00,5.395839e+00,4.727021e+00,4.977215e+00,4.609071e+00,5.085471e+00,5.390960e+00,5.212614e+00,4.848430e+00,4.760426e+00,4.621688e+00,4.350167e+00,4.992500e+00,5.383026e+00,4.995560e+00,4.729964e+00,4.991149e+00,4.804655e+00,4.850464e+00,4.802690e+00,5.061097e+00,4.876119e+00,4.585762e+00,5.016208e+00,4.618930e+00,4.695285e+00,4.582356e+00,4.767176e+00,4.630603e+00,4.747026e+00,4.807527e+00,5.039331e+00,5.146786e+00,5.380406e+00,5.303414e+00,4.712147e+00,4.795671e+00,4.822165e+00,4.804202e+00,4.624171e+00,4.781993e+00,4.657361e+00,4.512299e+00,4.897218e+00,4.905394e+00,4.422491e+00,4.770444e+00,5.249849e+00,4.278546e+00,4.736824e+00,4.887714e+00,4.725396e+00,4.735161e+00,4.729929e+00,4.796435e+00,4.837088e+00,4.771581e+00,4.795816e+00,4.795561e+00,4.454182e+00,4.975592e+00,4.392223e+00,4.754731e+00,4.786276e+00,4.879435e+00,4.605535e+00,4.476016e+00,4.761335e+00,4.534738e+00,4.731391e+00,4.760975e+00,4.578273e+00,4.800839e+00,4.679207e+00,4.644021e+00,4.698951e+00,4.780656e+00,4.584658e+00,4.818294e+00
4.972691e+00,4.740864e+00,4.543465e+00,4.818510e+00,4.539738e+00,5.016047e+00,4.681403e+00,4.759618e+00,4.606788e+00,4.768488e+00,4.741007e+00,4.442889e+00,4.839435e+00,4.726047e+00,4.690143e+00,4.794225e+00,4.774764e+00,4.505960e+00,4.866421e+00,4.599270e+00,4.581711e+00,4.688323e+00,4.650842e+00,4.471440e+00,4.495971e+00,4.896012e+00,4.968083e+00,4.749489e+00,4.603975e+00,4.671938e+00,4.566762e+00,4.808440e+00,4.669249e+00,4.776384e+00,4.970839e+00,4.701037e+00,4.626399e+00,4.654453e+00,4.807346e+00,4.838264e+00,4.797493e+00,4.815839e+00,4.620291e+00,4.767835e+00,4.569616e+00,4.596682e+00,4.639479e+00,4.754977e+00,4.812720e+00,4.966194e+00,5.065239e+00,4.670959e+00,4.576825e+00,5.089153e+00,4.607858e+00,4.535688e+00,4.890334e+00,4.705776e+00,4.602173e+00,4.602276e+00,4.401994e+00,4.782740e+00,4.790559e+00,4.701846e+00,4.736887e+00,5.047350e+00,5.171243e+00,4.776864e+00,5.140269e+00,5.192875e+00,4.816708e+00,4.680388e+00,4.646340e+00,4.548558e+00,4.562640e+00,4.620155e+00,4.612693e+00,4.592722e+00,4.648201e+00,4.765259e+00,4.997400e+00,4.955202e+00,4.878031e+00,5.264836e+00,5.122585e+00,4.798917e+00,5.454190e+00,5.276189e+00,4.839124e+00,5.109860e+00,4.855501e+00,4.965645e+00,4.802973e+00,5.104022e+00,5.125755e+00,4.934027e+00,5.364606e+00,5.278514e+00,4.849333e+00,4.881555e+00,5.088464e+00,5.354510e+00,4.712753e+00,5.072508e+00,5.461886e+00,5.361663e+00,5.070397e+00,5.352549e+00,5.246578e+00,5.010524e+00,5.186745e+00,5.540329e+00,5.065185e+00,5.361657e+00,4.979862e+00,4.710000e+00,5.146146e+00,5.442158e+00,5.124613e+00,4.887611e+00,5.043901e+00,4.990662e+00,4.623504e+00,4.816684e+00,5.006128e+00,4.753053e+00,4.884553e+00,4.877117e+00,4.921495e+00,4.546345e+00,4.538185e+00,5.251067e+00,4.968578e+00,4.809037e+00,5.435516e+00,5.468552e+00,4.987056e+00,5.050629e+00,4.915625e+00,4.949577e+00,5.384279e+00,4.876748e+00,5.030102e+00,5.208847e+00,5.053950e+00,5.288706e+00,5.253272e+00,5.061085e+00,5.083212e+00,4.970001e+00,4.962758e+00,5.183580e+00,5.082707e+00,4.605560e+00,5.083023e+00,4.837248e+00,4.738073e+00,4.894013e+00,4.906732e+00,5.001228e+00,4.921639e+00,5.114792e+00,5.085503e+00,4.722090e+00,4.988038e+00,5.198503e+00,4.622643e+00,4.662083e+00,5.074699e+00,5.072830e+00,4.770259e+00,5.014279e+00,5.223707e+00,5.105808e+00,5.138047e+00,4.643240e+00,4.799832e+00,4.769741e+00,4.536925e+00,4.353981e+00,4.507355e+00,4.851527e+00,4.946004e+00,4.913654e+00,5.112339e+00,4.994084e+00,5.007081e+00,4.800822e+00,5.005184e+00,4.689074e+00,4.710258e+00,4.771132e+00,4.787351e+00,4.836690e+00,4.563864e+00,4.687568e+00,4.586915e+00,4.710089e+00,4.714533e+00,4.684057e+00,4.554942e+00,4.486675e+00,4.716790e+00,4.593585e+00,4.648646e+00,4.877506e+00,4.831536e+00,4.642177e+00,5.037101e+00,4.634379e+00,4.597844e+00,4.785969e+00,4.886215e+00,4.932108e+00,4.760802e+00,4.708926e+00,4.859890e+00,4.662701e+00,4.890617e+00,4.836539e+00,5.024606e+00,4.772524e+00,4.780256e+00,4.897327e+00,4.649481e+00,4.632014e+00,4.673136e+00,4.489127e+00
4.738156e+00,4.656366e+00,4.618892e+00,4.829574e+00,4.718835e+00,4.407271e+00,4.858058e+00,4.699127e+00,4.653176e+00,4.676974e+00,4.834033e+00,4.614011e+00,4.712720e+00,4.766964e+00,4.704327e+00,4.789095e+00,4.743086e+00,4.566341e+00,4.966461e+00,4.802356e+00,4.758359e+00,4.949717e+00,4.345398e+00,4.765534e+00,4.830252e+00,4.948022e+00,4.742205e+00,4.696170e+00,4.327291e+00,4.748214e+00,4.527730e+00,4.926201e+00,4.673237e+00,4.920756e+00,4.657655e+00,4.988646e+00,4.681840e+00,4.420956e+00,4.991096e+00,4.848560e+00,4.523481e+00,4.503789e+00,4.689344e+00,4.707707e+00,4.589984e+00,4.938902e+00,4.920806e+00,4.843917e+00,4.484959e+00,4.724723e+00,4.872322e+00,5.085940e+00,4.789668e+00,4.936536e+00,4.123499e+00,4.861871e+00,4.693936e+00,4.808583e+00,4.847697e+00,4.726536e+00,4.807678e+00,4.718280e+00,4.567694e+00,4.674506e+00,4.574087e+00,4.974530e+00,4.701424e+00,5.072241e+00,5.243388e+00,4.846200e+00,4.497036e+00,4.744503e+00,4.471603e+00,4.891552e+00,4.846984e+00,4.708222e+00,4.735077e+00,4.922462e+00,4.990688e+00,4.722488e+00,5.038491e+00,4.634709e+00,4.628494e+00,5.059821e+00,5.051559e+00,5.206525e+00,5.097922e+00,4.871512e+00,5.061438e+00,5.154144e+00,5.072491e+00,4.857586e+00,5.002375e+00,5.249272e+00,5.282367e+00,4.919377e+00,4.590356e+00,5.180019e+00,4.898507e+00,5.406659e+00,4.912142e+00,5.281589e+00,5.079276e+00,5.600215e+00,5.161010e+00,5.233505e+00,5.125294e+00,5.428858e+00,5.075108e+00,5.039580e+00,5.186998e+00,5.233003e+00,5.171799e+00,4.935920e+00,5.086600e+00,4.937451e+00,4.991020e+00,5.318904e+00,4.712333e+00,4.540011e+00,4.514646e+00,4.421055e+00,4.596374e+00,4.918828e+00,4.779576e+00,4.965025e+00,4.692819e+00,4.686724e+00,4.647460e+00,4.675229e+00,4.528920e+00,4.648069e+00,5.172355e+00,4.844293e+00,4.919999e+00,5.178825e+00,5.159312e+00,5.144838e+00,4.973256e+00,5.388082e+00,4.885611e+00,4.600022e+00,5.268939e+00,5.441007e+00,5.535451e+00,4.960108e+00,5.000387e+00,5.241511e+00,4.984219e+00,5.278618e+00,4.782629e+00,5.384492e+00,5.045187e+00,5.008132e+00,4.875894e+00,4.580314e+00,4.821278e+00,4.319005e+00,5.158979e+00,5.256529e+00,4.781685e+00,4.766131e+00,5.064536e+00,5.225684e+00,5.441200e+00,5.148461e+00,5.394393e+00,4.759648e+00,5.061831e+00,5.094799e+00,5.114950e+00,4.798740e+00,5.058485e+00,4.502134e+00,5.212915e+00,5.394535e+00,4.442855e+00,4.913365e+00,4.901551e+00,4.591932e+00,4.673101e+00,4.716766e+00,4.708286e+00,5.052439e+00,5.146177e+00,4.895037e+00,5.166846e+00,4.711146e+00,4.640951e+00,5.227458e+00,4.582879e+00,4.632593e+00,4.618631e+00,4.890926e+00,4.487682e+00,4.477592e+00,4.725804e+00,4.713828e+00,4.864981e+00,4.775753e+00,4.576045e+00,4.698596e+00,4.240138e+00,4.755821e+00,4.745035e+00,4.448653e+00,4.822001e+00,4.595718e+00,5.029112e+00,4.533765e+00,4.796887e+00,5.005790e+00,5.005276e+00,4.685251e+00,4.859548e+00,4.427390e+00,4.853285e+00,4.902293e+00,4.715643e+00,4.847910e+00,4.869025e+00,4.773561e+00,4.874715e+00,4.212078e+00,4.796984e+00,5.223529e+00,4.843755e+00,4.884570e+00
4.908611e+00,4.676938e+00,4.626935e+00,4.845320e+00,4.654430e+00,4.852192e+00,4.399562e+00,4.824461e+00,4.603056e+00,4.762797e+00,4.732082e+00,4.887923e+00,4.783077e+00,4.504923e+00,4.562719e+00,4.837535e+00,4.776438e+00,4.743192e+00,4.724401e+00,4.806710e+00,4.680854e+00,4.707046e+00,4.376599e+00,4.654376e+00,4.654139e+00,4.429816e+00,4.842918e+00,4.468842e+00,4.776073e+00,4.785403e+00,4.736769e+00,4.934109e+00,4.759160e+00,4.870678e+00,4.719335e+00,4.822231e+00,4.550356e+00,4.736388e+00,4.572379e+00,4.681086e+00,4.540286e+00,4.696013e+00,4.730369e+00,4.757018e+00,4.499563e+00,5.004858e+00,4.641315e+00,4.980813e+00,4.631921e+00,5.143313e+00,4.885210e+00,4.884543e+00,4.648687e+00,4.798483e+00,4.848668e+00,4.853092e+00,4.570478e+00,4.858867e+00,4.632516e+00,4.891845e+00,4.522262e+00,4.793154e+00,4.697565e+00,4.759239e+00,4.851980e+00,4.861604e+00,4.927545e+00,5.061702e+00,4.305633e+00,4.650648e+00,4.880275e+00,4.687082e+00,4.939896e+00,4.743247e+00,4.799216e+00,4.876503e+00,4.650169e+00,5.279934e+00,4.730453e+00,5.054633e+00,4.973569e+00,5.069810e+00,4.597208e+00,5.051135e+00,5.013810e+00,5.003795e+00,5.140340e+00,5.075458e+00,5.174564e+00,4.692015e+00,5.435578e+00,5.053515e+00,5.044944e+00,5.313343e+00,5.031550e+00,5.481291e+00,5.256131e+00,4.727481e+00,5.007343e+00,5.372364e+00,5.263891e+00,5.593728e+00,4.985272e+00,5.144261e+00,4.933697e+00,5.163865e+00,4.946199e+00,5.117777e+00,4.938827e+00,4.744953e+00,5.191825e+00,5.131803e+00,5.369645e+00,4.561804e+00,5.425142e+00,5.128721e+00,5.158075e+00,5.400169e+00,5.037090e+00,5.049674e+00,4.989220e+00,4.874670e+00,5.141215e+00,5.161595e+00,4.950484e+00,4.690598e+00,4.669255e+00,5.087717e+00,4.721821e+00,4.752698e+00,4.757869e+00,4.549742e+00,4.808834e+00,4.662803e+00,4.725518e+00,5.576249e+00,5.404790e+00,5.380243e+00,5.075201e+00,4.713649e+00,5.336850e+00,5.281992e+00,5.277238e+00,4.846340e+00,5.200046e+00,5.078501e+00,5.325730e+00,4.960792e+00,5.048777e+00,5.142734e+00,5.138701e+00,5.184886e+00,5.031490e+00,4.960523e+00,4.962469e+00,4.780750e+00,4.125712e+00,4.755841e+00,5.020261e+00,4.917832e+00,5.073937e+00,4.931091e+00,4.860326e+00,5.369173e+00,4.654499e+00,5.318743e+00,5.373915e+00,5.165410e+00,4.973262e+00,4.980852e+00,5.197341e+00,5.369144e+00,4.883845e+00,5.060304e+00,4.982154e+00,4.785672e+00,4.767700e+00,4.750198e+00,5.012740e+00,4.758668e+00,4.793966e+00,4.790826e+00,4.294090e+00,4.727966e+00,4.858108e+00,5.455184e+00,5.206724e+00,4.800973e+00,4.968856e+00,4.639071e+00,5.380143e+00,4.877273e+00,4.674940e+00,4.774126e+00,4.664651e+00,4.662953e+00,4.660445e+00,4.788971e+00,4.707077e+00,4.696833e+00,4.177783e+00,4.825413e+00,4.698780e+00,4.829058e+00,4.509798e+00,4.874485e+00,4.668181e+00,4.844599e+00,4.773038e+00,4.766866e+00,4.775775e+00,4.888777e+00,4.697759e+00,4.745274e+00,5.010640e+00,4.781988e+00,5.257398e+00,5.091176e+00,4.819028e+00,4.844207e+00,4.756816e+00,4.738936e+00,4.639980e+00,5.181408e+00,4.876210e+00,4.874157e+00,4.941625e+00,4.705836e+00
4.484627e+00,4.707830e+00,4.780830e+00,4.687070e+00,4.683438e+00,4.436320e+00,4.553418e+00,4.921524e+00,4.500493e+00,4.824642e+00,4.513964e+00,4.507564e+00,4.778364e+00,4.793861e+00,4.610010e+00,4.641012e+00,4.793758e+00,4.428344e+00,4.782531e+00,4.506913e+00,4.673706e+00,4.725067e+00,4.955967e+00,4.681197e+00,4.550069e+00,4.870821e+00,4.616256e+00,4.511671e+00,4.676385e+00,4.636231e+00,4.410754e+00,4.648048e+00,4.800116e+00,4.716660e+00,4.539906e+00,4.543374e+00,4.893396e+00,4.739445e+00,4.534264e+00,4.779619e+00,4.802635e+00,4.973500e+00,4.779803e+00,5.050395e+00,5.029065e+00,4.747238e+00,4.770228e+00,4.859283e+00,4.417596e+00,4.730301e+00,4.816571e+00,5.165799e+00,4.809313e+00,4.921312e+00,4.697770e+00,4.896262e+00,5.059055e+00,4.755508e+00,4.643125e+00,4.761362e+00,4.207250e+00,4.465105e+00,5.298624e+00,4.989453e+00,5.297599e+00,4.938831e+00,5.332099e+00,4.666196e+00,4.828481e+00,4.669056e+00,4.576582e+00,4.664717e+00,4.932311e+00,4.978129e+00,4.684654e+00,4.860666e+00,4.819210e+00,4.853619e+00,5.292955e+00,4.666090e+00,5.252664e+00,5.189054e+00,5.041082e+00,5.038958e+00,4.792877e+00,5.140338e+00,5.460087e+00,5.096581e+00,4.957100e+00,5.055907e+00,5.268486e+00,4.812200e+00,5.068815e+00,5.232754e+00,4.793819e+00,4.962219e+00,5.034016e+00,5.346010e+00,5.119669e+00,5.261574e+00,5.123850e+00,5.248544e+00,5.034930e+00,4.826790e+00,5.214051e+00,5.508468e+00,4.890704e+00,5.333997e+00,4.847418e+00,4.748492e+00,4.970122e+00,5.182441e+00,5.449024e+00,5.339719e+00,4.690311e+00,4.993202e+00,5.246402e+00,4.854215e+00,4.949266e+00,4.547884e+00,5.202737e+00,4.268106e+00,4.975629e+00,4.897549e+00,4.840693e+00,4.704416e+00,4.514614e+00,5.005548e+00,4.672299e+00,4.743360e+00,4.891986e+00,5.672141e+00,4.694325e+00,4.298628e+00,4.676871e+00,5.199628e+00,5.302463e+00,5.028040e+00,5.485286e+00,5.656468e+00,5.249456e+00,5.469167e+00,5.403665e+00,4.673489e+00,5.171631e+00,5.139849e+00,5.081867e+00,5.253492e+00,5.050655e+00,4.979039e+00,4.718727e+00,4.946499e+00,4.816184e+00,5.517822e+00,4.630360e+00,5.143734e+00,5.301227e+00,4.889238e+00,4.417570e+00,4.749890e+00,4.793789e+00,5.057457e+00,5.244708e+00,5.069889e+00,5.187815e+00,5.287445e+00,5.096995e+00,5.529482e+00,5.251316e+00,4.861636e+00,5.121455e+00,4.590405e+00,4.870852e+00,4.916627e+00,5.374286e+00,4.874664e+00,4.800127e+00,5.246762e+00,5.067474e+00,4.886655e+00,4.662016e+00,4.540561e+00,4.619596e+00,4.871145e+00,4.510810e+00,4.344648e+00,4.798932e+00,5.077497e+00,5.001660e+00,5.066247e+00,4.707664e+00,4.361312e+00,4.896946e+00,4.736786e+00,4.651339e+00,4.925936e+00,4.588586e+00,4.743971e+00,4.796241e+00,4.535974e+00,4.450491e+00,4.683455e+00,4.882600e+00,4.694326e+00,4.713739e+00,4.781287e+00,4.650322e+00,4.655644e+00,4.603986e+00,4.729168e+00,4.667320e+00,4.812041e+00,4.745827e+00,4.932432e+00,4.904250e+00,4.883971e+00,4.749266e+00,4.962008e+00,4.838186e+00,4.568056e+00,4.874447e+00,5.191182e+00,4.773626e+00,4.840904e+00,4.869552e+00,4.898580e+00,5.034708e+00,4.876938e+00
4.712358e+00,4.650627e+00,4.506477e+00,4.873862e+00,4.569453e+00,4.692189e+00,4.595592e+00,4.854545e+00,4.635450e+00,4.645982e+00,4.804119e+00,4.602045e+00,4.942235e+00,4.754348e+00,4.713257e+00,4.475634e+00,4.867804e+00,4.810282e+00,4.606277e+00,4.748836e+00,4.606970e+00,4.787010e+00,4.739490e+00,4.765698e+00,4.630335e+00,4.638435e+00,4.780184e+00,4.734558e+00,4.835259e+00,4.820581e+00,4.692663e+00,4.707028e+00,4.761679e+00,4.552963e+00,4.698826e+00,4.878650e+00,4.498715e+00,4.741137e+00,4.789539e+00,4.438733e+00,4.577584e+00,4.721848e+00,4.611925e+00,4.592180e+00,4.711256e+00,4.773213e+00,4.655466e+00,4.931246e+00,4.809842e+00,4.456813e+00,4.846673e+00,4.866513e+00,5.147166e+00,4.665524e+00,4.889471e+00,4.982826e+00,4.602297e+00,4.661946e+00,4.565722e+00,4.696234e+00,4.705749e+00,5.033019e+00,4.727265e+00,4.943046e+00,5.135148e+00,4.611612e+00,4.646772e+00,4.632103e+00,4.640737e+00,4.931567e+00,4.632288e+00,4.764858e+00,4.523326e+00,4.793509e+00,4.782432e+00,4.996488e+00,4.939522e+00,4.826818e+00,5.097492e+00,4.790649e+00,5.257632e+00,4.838582e+00,4.924616e+00,5.284930e+00,4.901168e+00,4.856117e+00,5.178050e+00,5.187195e+00,4.638148e+00,5.150926e+00,4.686252e+00,4.726932e+00,5.330288e+00,5.270043e+00,4.993997e+00,5.213135e+00,5.504935e+00,4.924899e+00,4.822464e+00,5.131907e+00,4.839634e+00,5.184686e+00,5.157780e+00,5.217136e+00,4.755231e+00,5.420348e+00,5.227674e+00,4.955138e+00,5.299987e+00,5.259949e+00,5.340409e+00,5.338695e+00,5.122289e+00,5.132336e+00,5.151357e+00,5.098133e+00,5.240505e+00,5.350249e+00,4.857811e+00,4.694118e+00,4.768312e+00,4.926548e+00,4.942732e+00,5.008395e+00,4.921615e+00,4.658917e+00,4.695000e+00,5.121903e+00,4.992228e+00,5.223948e+00,5.184111e+00,4.916934e+00,4.596769e+00,5.172529e+00,4.550546e+00,5.232763e+00,5.361792e+00,5.653352e+00,5.231861e+00,5.232082e+00,5.535127e+00,5.198696e+00,4.823890e+00,5.371753e+00,5.501409e+00,5.398076e+00,4.898872e+00,5.081550e+00,4.698415e+00,5.209197e+00,5.436319e+00,5.261528e+00,4.729521e+00,5.469094e+00,5.379912e+00,5.348776e+00,4.810591e+00,4.191736e+00,4.810582e+00,4.580885e+00,5.181557e+00,5.116114e+00,5.176011e+00,4.931042e+00,4.742521e+00,4.743284e+00,4.751529e+00,5.187754e+00,4.684682e+00,5.043278e+00,5.248716e+00,4.727470e+00,5.360422e+00,5.168867e+00,4.504803e+00,5.143992e+00,5.167318e+00,4.854572e+00,5.295764e+00,4.540264e+00,4.832910e+00,5.013107e+00,4.722628e+00,4.725450e+00,4.522288e+00,4.951450e+00,5.013912e+00,5.178540e+00,5.200487e+00,5.148687e+00,4.834157e+00,4.560850e+00,4.656105e+00,4.773587e+00,4.540422e+00,4.714809e+00,4.654651e+00,4.835739e+00,4.517294e+00,4.631059e+00,5.072951e+00,4.978635e+00,4.697226e+00,4.693897e+00,4.678974e+00,4.632269e+00,4.951731e+00,4.674009e+00,4.518056e+00,4.810604e+00,5.047997e+00,4.584954e+00,4.724851e+00,4.811999e+00,4.778142e+00,4.702656e+00,4.800572e+00,4.709079e+00,5.243049e+00,5.058849e+00,4.678169e+00,4.755101e+00,4.711913e+00,4.824642e+00,5.030615e+00,4.847763e+00,4.683549e+00,4.756880e+00
4.805333e+00,4.467242e+00,4.765047e+00,4.412602e+00,4.779848e+00,4.628660e+00,4.256779e+00,4.794321e+00,4.722555e+00,4.309597e+00,4.882755e+00,4.931896e+00,4.624328e+00,4.738587e+00,4.810719e+00,4.805480e+00,4.795905e+00,4.674368e+00,4.550525e+00,4.717060e+00,4.780270e+00,4.806967e+00,4.708647e+00,4.774458e+00,4.790462e+00,4.704007e+00,4.656899e+00,4.840062e+00,4.870358e+00,4.428548e+00,4.903602e+00,4.853147e+00,4.826898e+00,4.717480e+00,4.546143e+00,4.768426e+00,4.804027e+00,4.909062e+00,4.803846e+00,4.835367e+00,4.739576e+00,4.823945e+00,4.671814e+00,5.170514e+00,4.485941e+00,4.930858e+00,4.817061e+00,5.028211e+00,4.873319e+00,5.115926e+00,4.963651e+00,4.844848e+00,4.830390e+00,4.746314e+00,4.899096e+00,4.702338e+00,4.636588e+00,4.591582e+00,4.617771e+00,4.870275e+00,5.228404e+00,4.775709e+00,4.854775e+00,5.267842e+00,4.568571e+00,4.718051e+00,4.674726e+00,4.886735e+00,4.882525e+00,4.543895e+00,4.624137e+00,4.873950e+00,4.791771e+00,5.161998e+00,4.839326e+00,5.210845e+00,5.067274e+00,5.126823e+00,5.347638e+00,4.564970e+00,5.176522e+00,4.948677e+00,5.327660e+00,5.181633e+00,5.098245e+00,5.052847e+00,5.067527e+00,4.804208e+00,4.807482e+00,5.298814e+00,5.022361e+00,5.114438e+00,5.351882e+00,5.370236e+00,5.623190e+00,5.088239e+00,5.149133e+00,5.055261e+00,4.976371e+00,5.614000e+00,5.185570e+00,5.048400e+00,5.268829e+00,5.576781e+00,4.816115e+00,4.985038e+00,5.405543e+00,4.886698e+00,5.070905e+00,4.999677e+00,5.720541e+00,5.514243e+00,4.852246e+00,4.878474e+00,4.810921e+00,5.372685e+00,5.201088e+00,5.169765e+00,5.315766e+00,5.327254e+00,5.082128e+00,4.819067e+00,4.501188e+00,4.738372e+00,4.781734e+00,4.906445e+00,5.175432e+00,5.124028e+00,4.900142e+00,4.810223e+00,4.716827e+00,4.723409e+00,4.967778e+00,4.753511e+00,4.934338e+00,5.143191e+00,5.127709e+00,5.210292e+00,4.806911e+00,5.368729e+00,5.078175e+00,5.227775e+00,4.793522e+00,5.432033e+00,5.016852e+00,5.334508e+00,4.969988e+00,4.752120e+00,5.512329e+00,5.225473e+00,5.210656e+00,5.175932e+00,4.790714e+00,5.529202e+00,4.901753e+00,4.758346e+00,4.546004e+00,4.860939e+00,4.842710e+00,4.900273e+00,5.023073e+00,5.286959e+00,4.705900e+00,4.809934e+00,4.899982e+00,4.858503e+00,4.613537e+00,4.873014e+00,5.350721e+00,4.854331e+00,4.929748e+00,5.079304e+00,5.216850e+00,4.792163e+00,4.847006e+00,5.406848e+00,5.010753e+00,4.964282e+00,4.713080e+00,5.407926e+00,5.105223e+00,5.304236e+00,5.016800e+00,4.713009e+00,4.478379e+00,4.521430e+00,4.949162e+00,4.773177e+00,5.339484e+00,5.207083e+00,5.032973e+00,5.142795e+00,5.205478e+00,4.752831e+00,4.772977e+00,4.810094e+00,4.664989e+00,4.885019e+00,4.818144e+00,4.694894e+00,4.644920e+00,4.765285e+00,4.760429e+00,4.693138e+00,4.834508e+00,4.489223e+00,4.459150e+00,4.850018e+00,4.507977e+00,4.509971e+00,4.648750e+00,4.994720e+00,4.944019e+00,4.811286e+00,4.789814e+00,4.847364e+00,4.821144e+00,4.867062e+00,4.906012e+00,4.535745e+00,4.740828e+00,4.861385e+00,4.808732e+00,4.590551e+00,4.541467e+00,4.525103e+00,4.669557e+00,4.828943e+00
4.114841e+00,4.772426e+00,4.847159e+00,4.903474e+00,4.668384e+00,4.866501e+00,4.751448e+00,4.720571e+00,4.824325e+00,4.768235e+00,4.652677e+00,4.795670e+00,4.686605e+00,4.875356e+00,4.927689e+00,4.652883e+00,4.893752e+00,4.736474e+00,4.758103e+00,4.886467e+00,4.806407e+00,4.425315e+00,4.724808e+00,4.561207e+00,4.720385e+00,4.773972e+00,4.804250e+00,4.581134e+00,4.609953e+00,4.946346e+00,4.969024e+00,4.830413e+00,5.040882e+00,4.674764e+00,4.838221e+00,4.631523e+00,4.761580e+00,4.757503e+00,4.715375e+00,4.979335e+00,4.716918e+00,4.843045e+00,4.669949e+00,4.960667e+00,4.571580e+00,5.277594e+00,4.516514e+00,4.770282e+00,5.004772e+00,5.074084e+00,4.631814e+00,4.706296e+00,4.804973e+00,4.976179e+00,4.879883e+00,4.408162e+00,4.890209e+00,4.793951e+00,4.550505e+00,4.618936e+00,4.885221e+00,5.143552e+00,5.423353e+00,4.892381e+00,4.675560e+00,4.818342e+00,4.748690e+00,4.664938e+00,4.641423e+00,4.901492e+00,4.966865e+00,5.125449e+00,5.151332e+00,4.981084e+00,4.643894e+00,5.299732e+00,4.870870e+00,4.694679e+00,4.978174e+00,4.905974e+00,4.935778e+00,5.175289e+00,5.009125e+00,4.875027e+00,5.135616e+00,4.931068e+00,5.159632e+00,5.106624e+00,5.379047e+00,5.222270e+00,4.868459e+00,5.153145e+00,4.912085e+00,5.419477e+00,5.234996e+00,4.685386e+00,5.054535e+00,5.083462e+00,4.518167e+00,5.004569e+00,5.067766e+00,5.438662e+00,5.174072e+00,5.344607e+00,5.171471e+00,5.105202e+00,4.802451e+00,5.217512e+00,5.348308e+00,4.979397e+00,5.390828e+00,5.565349e+00,4.958230e+00,5.158805e+00,4.819761e+00,5.064967e+00,5.455016e+00,5.175277e+00,5.177260e+00,4.852655e+00,5.358301e+00,5.144075e+00,4.485523e+00,4.873262e+00,4.297285e+00,4.689089e+00,4.738385e+00,4.762346e+00,4.990650e+00,4.712459e+00,4.901250e+00,4.860790e+00,4.753794e+00,4.667193e+00,5.006984e+00,5.260105e+00,5.358291e+00,5.276986e+00,5.034133e+00,5.007873e+00,5.496827e+00,5.798901e+00,5.111618e+00,4.946463e+00,5.263924e+00,5.330887e+00,5.361005e+00,4.902042e+00,4.776996e+00,5.358232e+00,5.294336e+00,5.371229e+00,4.793078e+00,4.833739e+00,4.829464e+00,4.713407e+00,4.643353e+00,4.718022e+00,5.014785e+00,4.846390e+00,5.175845e+00,5.038634e+00,5.018232e+00,4.917636e+00,5.144245e+00,4.777697e+00,5.402380e+00,5.251767e+00,4.833640e+00,5.369646e+00,4.690026e+00,4.872376e+00,5.110960e+00,5.269567e+00,5.060320e+00,5.172620e+00,5.246458e+00,4.930475e+00,5.411223e+00,4.969612e+00,4.634292e+00,4.985680e+00,4.830935e+00,5.056838e+00,4.628326e+00,4.668415e+00,4.346282e+00,4.821303e+00,4.960304e+00,5.164622e+00,5.313604e+00,5.226203e+00,5.205116e+00,4.736034e+00,4.752687e+00,5.216180e+00,4.597908e+00,4.624873e+00,4.986927e+00,4.808911e+00,4.343403e+00,4.805727e+00,4.592499e+00,4.575666e+00,4.726504e+00,4.705538e+00,4.841039e+00,4.704347e+00,4.979875e+00,4.757388e+00,4.844789e+00,4.586573e+00,4.846868e+00,5.242088e+00,4.700183e+00,4.615841e+00,4.970889e+00,4.707443e+00,4.770675e+00,4.630205e+00,4.914781e+00,4.990610e+00,4.717970e+00,4.694196e+00,4.958483e+00,4.799852e+00,4.826606e+00,4.886186e+00
4.869963e+00,4.849425e+00,4.644932e+00,5.037326e+00,4.849521e+00,4.953925e+00,4.926189e+00,5.075457e+00,4.589905e+00,4.468311e+00,4.800551e+00,4.664712e+00,4.722983e+00,4.545598e+00,4.817521e+00,4.547439e+00,4.682211e+00,4.541563e+00,4.646558e+00,4.559312e+00,4.788302e+00,4.238299e+00,4.681404e+00,4.816259e+00,4.475208e+00,4.532965e+00,4.603223e+00,4.782383e+00,4.796678e+00,4.666852e+00,4.769667e+00,4.814339e+00,4.811318e+00,4.363946e+00,4.818997e+00,4.947000e+00,4.983684e+00,4.342766e+00,4.795567e+00,4.808982e+00,4.407022e+00,4.711752e+00,4.250895e+00,4.796862e+00,4.801091e+00,4.803775e+00,5.093213e+00,4.884339e+00,4.511122e+00,5.003643e+00,4.522377e+00,4.995793e+00,4.868924e+00,4.659705e+00,5.027661e+00,4.799516e+00,4.636918e+00,4.962314e+00,4.560445e+00,4.951501e+00,4.851552e+00,5.188918e+00,4.934968e+00,4.857431e+00,4.817782e+00,4.875656e+00,4.558606e+00,4.829337e+00,4.727838e+00,4.459970e+00,4.715695e+00,5.131753e+00,5.376642e+00,4.775257e+00,4.715654e+00,5.339358e+00,5.067508e+00,4.666146e+00,5.160800e+00,5.050558e+00,5.286923e+00,5.185097e+00,5.248060e+00,5.266285e+00,5.079364e+00,5.006529e+00,5.389767e+00,4.772245e+00,5.207489e+00,5.205766e+00,4.869080e+00,5.030575e+00,5.114209e+00,5.235919e+00,5.186507e+00,5.002219e+00,5.432772e+00,4.942431e+00,5.304398e+00,5.428041e+00,5.288183e+00,4.683798e+00,5.411015e+00,4.666098e+00,5.037991e+00,5.012734e+00,4.793241e+00,5.123728e+00,5.012113e+00,4.952752e+00,5.359809e+00,5.198491e+00,5.294190e+00,4.802897e+00,5.219267e+00,5.146636e+00,5.493132e+00,5.204657e+00,5.219611e+00,5.052876e+00,5.233185e+00,5.052283e+00,4.652333e+00,5.260909e+00,4.919114e+00,4.996496e+00,4.897401e+00,5.101288e+00,4.751178e+00,5.032917e+00,4.822283e+00,5.255605e+00,4.781010e+00,4.929685e+00,5.447652e+00,5.094717e+00,4.929910e+00,5.376432e+00,5.016832e+00,5.074427e+00,4.911858e+00,5.076370e+00,5.529124e+00,5.352588e+00,4.930255e+00,5.195343e+00,5.109736e+00,5.022282e+00,5.229443e+00,5.331093e+00,4.936239e+00,5.004508e+00,4.680757e+00,5.043610e+00,5.411772e+00,4.731380e+00,4.575643e+00,5.283401e+00,4.843951e+00,4.643150e+00,4.581206e+00,4.566460e+00,4.903183e+00,4.969997e+00,4.704834e+00,4.469815e+00,5.345426e+00,5.091944e+00,5.054390e+00,5.287339e+00,5.119265e+00,5.363379e+00,5.328950e+00,4.745870e+00,5.095599e+00,5.072002e+00,5.107195e+00,5.114970e+00,5.061538e+00,4.950568e+00,5.195608e+00,4.943965e+00,5.073548e+00,4.895421e+00,4.862422e+00,4.825177e+00,4.919670e+00,4.746846e+00,4.642544e+00,4.661812e+00,4.874408e+00,5.245268e+00,5.164106e+00,5.356737e+00,5.263359e+00,4.855107e+00,5.171238e+00,4.826434e+00,4.869072e+00,4.937663e+00,4.808079e+00,4.756125e+00,4.762201e+00,4.819718e+00,4.798433e+00,4.978094e+00,4.578349e+00,4.885564e+00,4.810588e+00,4.864505e+00,4.757029e+00,4.884516e+00,4.768433e+00,4.537652e+00,4.648951e+00,4.924189e+00,4.954535e+00,5.166934e+00,4.730240e+00,4.982346e+00,4.940979e+00,4.677329e+00,4.851582e+00,4.941683e+00,4.608425e+00,4.961924e+00,4.457115e+00,4.945528e+00
4.729480e+00,4.752134e+00,4.643799e+00,4.773221e+00,4.720670e+00,4.949712e+00,4.473376e+00,4.649933e+00,4.746426e+00,4.917063e+00,4.878512e+00,4.724260e+00,4.950544e+00,4.828875e+00,4.972889e+00,4.872558e+00,4.792526e+00,4.878906e+00,4.884534e+00,4.970881e+00,4.809940e+00,4.627016e+00,4.925068e+00,4.748749e+00,4.760055e+00,4.764561e+00,4.552574e+00,5.096946e+00,4.457536e+00,4.789280e+00,4.679619e+00,4.642600e+00,4.729346e+00,4.790210e+00,4.876956e+00,4.705073e+00,4.860525e+00,4.775330e+00,4.999029e+00,4.818964e+00,4.711033e+00,4.525052e+00,5.276274e+00,5.135274e+00,4.803244e+00,5.028371e+00,4.870634e+00,4.928554e+00,4.799922e+00,4.750350e+00,4.795284e+00,4.775460e+00,4.766513e+00,4.931102e+00,4.942059e+00,4.744002e+00,5.045382e+00,4.755393e+00,4.797326e+00,4.919175e+00,5.027314e+00,4.650547e+00,4.675027e+00,4.882145e+00,4.677595e+00,4.843421e+00,4.720718e+00,4.719980e+00,5.033389e+00,5.047155e+00,5.017770e+00,5.271387e+00,5.104920e+00,4.918367e+00,4.853917e+00,4.780196e+00,4.945146e+00,5.033031e+00,5.609715e+00,4.980107e+00,4.855703e+00,4.719917e+00,4.892253e+00,4.427924e+00,5.152702e+00,5.039840e+00,5.251423e+00,5.019209e+00,5.116655e+00,5.375326e+00,5.279505e+00,5.351930e+00,4.773299e+00,4.712448e+00,5.183781e+00,4.861853e+00,4.802499e+00,5.379689e+00,5.310136e+00,4.839565e+00,4.901768e+00,5.179354e+00,5.540942e+00,5.206915e+00,4.509630e+00,5.240299e+00,4.984087e+00,5.147233e+00,5.228233e+00,5.228497e+00,5.320475e+00,4.997388e+00,5.118078e+00,5.269280e+00,5.020269e+00,5.028458e+00,5.167439e+00,5.150283e+00,4.728843e+00,5.765216e+00,5.288476e+00,4.884568e+00,5.307074e+00,5.001862e+00,4.810036e+00,5.433211e+00,4.751803e+00,4.855878e+00,4.907404e+00,5.368792e+00,4.743607e+00,4.972693e+00,4.829069e+00,4.594588e+00,5.061739e+00,5.507064e+00,5.371545e+00,5.130556e+00,5.155644e+00,4.874520e+00,5.528590e+00,4.978908e+00,5.149336e+00,4.775682e+00,4.839662e+00,5.040372e+00,5.615161e+00,5.331154e+00,5.210593e+00,4.949694e+00,4.897110e+00,5.077110e+00,5.119653e+00,4.747104e+00,4.971981e+00,4.825791e+00,4.769037e+00,5.017644e+00,4.954531e+00,4.731874e+00,4.852090e+00,4.744549e+00,4.822180e+00,4.784341e+00,4.593831e+00,4.805216e+00,4.584289e+00,4.861077e+00,5.274338e+00,5.139312e+00,4.773148e+00,5.202089e+00,4.919978e+00,4.993779e+00,5.221779e+00,5.315267e+00,5.060945e+00,5.127579e+00,4.617108e+00,5.229453e+00,5.052944e+00,4.883371e+00,5.279294e+00,5.000547e+00,5.147945e+00,4.905664e+00,5.211253e+00,4.950939e+00,4.485941e+00,4.839053e+00,4.826114e+00,5.176847e+00,5.190183e+00,4.834632e+00,4.741182e+00,4.777209e+00,4.855311e+00,5.038524e+00,4.829390e+00,4.769675e+00,4.625225e+00,4.803007e+00,4.875299e+00,4.692403e+00,4.954773e+00,4.865411e+00,4.830868e+00,4.923146e+00,5.011258e+00,4.701522e+00,4.898447e+00,4.982557e+00,4.857859e+00,4.808513e+00,5.011246e+00,4.817668e+00,4.875535e+00,4.723775e+00,4.653930e+00,4.810906e+00,4.733792e+00,4.842746e+00,4.750410e+00,4.922481e+00,4.746184e+00,4.762323e+00,4.881568e+00,4.895223e+00
4.636758e+00,4.756254e+00,4.917941e+00,4.781825e+00,4.720969e+00,4.749306e+00,4.640738e+00,4.659906e+00,4.790442e+00,4.844903e+00,4.821601e+00,4.722402e+00,4.867683e+00,4.830788e+00,4.945655e+00,4.716502e+00,4.669111e+00,4.981012e+00,4.728292e+00,4.360179e+00,4.799263e+00,4.794748e+00,4.845020e+00,4.830220e+00,4.806254e+00,4.763268e+00,4.905311e+00,4.807840e+00,4.862421e+00,4.626157e+00,4.815386e+00,4.866476e+00,5.005751e+00,4.617126e+00,4.854593e+00,4.742886e+00,4.511830e+00,4.811391e+00,4.463114e+00,4.881593e+00,4.741403e+00,4.748061e+00,4.641268e+00,4.663659e+00,4.777162e+00,4.980828e+00,4.730046e+00,4.816812e+00,5.165576e+00,4.781377e+00,4.340728e+00,4.855475e+00,4.857967e+00,4.667582e+00,4.567936e+00,5.051521e+00,4.710314e+00,4.965223e+00,4.513833e+00,4.932361e+00,4.869515e+00,4.764019e+00,4.884331e+00,4.872595e+00,4.827920e+00,4.866043e+00,4.681543e+00,4.864432e+00,5.261279e+00,5.313944e+00,4.767702e+00,4.907962e+00,4.545822e+00,4.765636e+00,5.233228e+00,5.101735e+00,5.370417e+00,4.675710e+00,5.251244e+00,5.079181e+00,5.164327e+00,5.105352e+00,5.238634e+00,4.642393e+00,4.903031e+00,4.976734e+00,5.092010e+00,5.096266e+00,4.993477e+00,5.333433e+00,4.962900e+00,4.941706e+00,4.756269e+00,5.094661e+00,5.533174e+00,5.216010e+00,5.291805e+00,5.307516e+00,5.143692e+00,4.968246e+00,5.372888e+00,5.147173e+00,5.159924e+00,4.612151e+00,5.295564e+00,5.077985e+00,5.396301e+00,5.443849e+00,5.197806e+00,5.114284e+00,5.025495e+00,5.307905e+00,4.937299e+00,5.151394e+00,5.514242e+00,5.063159e+00,5.044888e+00,5.228278e+00,4.807431e+00,5.022634e+00,5.174384e+00,5.212737e+00,5.177035e+00,4.901017e+00,5.101921e+00,4.571278e+00,4.891997e+00,4.766799e+00,4.801622e+00,5.075659e+00,4.880099e+00,5.220632e+00,5.004043e+00,4.858062e+00,5.070863e+00,5.232424e+00,5.421962e+00,5.283804e+00,5.609862e+00,5.351950e+00,5.198118e+00,5.287114e+00,4.960401e+00,5.300985e+00,5.117748e+00,5.258231e+00,5.488972e+00,4.974402e+00,5.179895e+00,4.920948e+00,4.829697e+00,4.312441e+00,4.808352e+00,5.038010e+00,4.529029e+00,4.895980e+00,4.974386e+00,4.879376e+00,4.632434e+00,5.117902e+00,4.875343e+00,4.599537e+00,4.827230e+00,4.838388e+00,4.851294e+00,4.439038e+00,4.710141e+00,4.990203e+00,5.108228e+00,4.749235e+00,5.123868e+00,5.178006e+00,5.282537e+00,5.293347e+00,5.414685e+00,4.999620e+00,4.828109e+00,4.786478e+00,5.474629e+00,4.940354e+00,4.996235e+00,5.419236e+00,5.014319e+00,4.962349e+00,4.915123e+00,5.207560e+00,4.701619e+00,4.710809e+00,4.901620e+00,4.963823e+00,4.955160e+00,4.835398e+00,4.914121e+00,5.367142e+00,5.005528e+00,5.107809e+00,5.090991e+00,5.034181e+00,4.572291e+00,4.858685e+00,4.664964e+00,4.649823e+00,4.777761e+00,4.635301e+00,4.926000e+00,5.004254e+00,4.663250e+00,4.665255e+00,4.748016e+00,4.873458e+00,4.868755e+00,5.127266e+00,4.633749e+00,4.987239e+00,4.849663e+00,5.195230e+00,4.548129e+00,4.706642e+00,4.764957e+00,4.818558e+00,4.829920e+00,4.710501e+00,4.685108e+00,5.247014e+00,4.909687e+00,4.850558e+00,4.622192e+00,4.335455e+00
4.600671e+00,4.913707e+00,4.677462e+00,4.676070e+00,4.558348e+00,4.971728e+00,4.722863e+00,4.897971e+00,4.860596e+00,4.835927e+00,4.866726e+00,4.814270e+00,4.619413e+00,4.675441e+00,4.900843e+00,4.828987e+00,4.596719e+00,4.915670e+00,4.912786e+00,4.612644e+00,4.313686e+00,4.829460e+00,4.852780e+00,4.776536e+00,4.663126e+00,4.800392e+00,5.167360e+00,4.515964e+00,4.797176e+00,4.674257e+00,4.801617e+00,4.641074e+00,4.846451e+00,4.998217e+00,4.744943e+00,4.809541e+00,4.827234e+00,4.854147e+00,4.837974e+00,4.855718e+00,4.840725e+00,4.505283e+00,4.334200e+00,4.975383e+00,4.703413e+00,4.805464e+00,4.883728e+00,4.824417e+00,4.728980e+00,4.970379e+00,4.817990e+00,5.015315e+00,4.810988e+00,4.648177e+00,4.768124e+00,4.590806e+00,4.694932e+00,5.168893e+00,5.381750e+00,5.204254e+00,4.718687e+00,4.792120e+00,4.689888e+00,4.778628e+00,4.991632e+00,4.648550e+00,4.790736e+00,4.911434e+00,4.935010e+00,5.203327e+00,5.021929e+00,4.804807e+00,4.688126e+00,5.397605e+00,4.978027e+00,5.195698e+00,5.315147e+00,4.983178e+00,5.280188e+00,5.504235e+00,5.215049e+00,4.958360e+00,5.317992e+00,4.996361e+00,5.205968e+00,5.206929e+00,4.915224e+00,4.836472e+00,4.989343e+00,4.861520e+00,5.296691e+00,4.919433e+00,5.343831e+00,5.114528e+00,5.402746e+00,4.880997e+00,4.910885e+00,4.964041e+00,5.165246e+00,5.025278e+00,5.012324e+00,5.275509e+00,5.104321e+00,4.943485e+00,4.868279e+00,5.171928e+00,5.113235e+00,5.228512e+00,5.274583e+00,5.055217e+00,5.499217e+00,5.069990e+00,4.934542e+00,5.509474e+00,5.260852e+00,5.047387e+00,4.807807e+00,5.274358e+00,5.742195e+00,5.177239e+00,5.040362e+00,5.445998e+00,4.847454e+00,5.119046e+00,5.391675e+00,5.104897e+00,4.729533e+00,4.895099e+00,4.876607e+00,5.306599e+00,4.840486e+00,5.365248e+00,4.803800e+00,5.473329e+00,5.423337e+00,5.611532e+00,5.250087e+00,5.255333e+00,5.295934e+00,5.100431e+00,4.947402e+00,4.846619e+00,5.004483e+00,5.528151e+00,5.254036e+00,5.307308e+00,4.976930e+00,5.199885e+00,5.345588e+00,5.217933e+00,4.729507e+00,4.838933e+00,4.873684e+00,4.698328e+00,5.046153e+00,4.929158e+00,4.650737e+00,4.972079e+00,4.901638e+00,4.952417e+00,5.037165e+00,4.827957e+00,4.638531e+00,5.159273e+00,5.325405e+00,5.292099e+00,5.145115e+00,5.153667e+00,5.162636e+00,5.059020e+00,5.257219e+00,4.672603e+00,5.093341e+00,4.568948e+00,5.363789e+00,5.108598e+00,5.297651e+00,4.916972e+00,5.159434e+00,5.383098e+00,4.675235e+00,5.249033e+00,5.253148e+00,5.060033e+00,5.198012e+00,5.401591e+00,5.061937e+00,4.761924e+00,4.951275e+00,4.809841e+00,4.637043e+00,4.895409e+00,4.713170e+00,5.112696e+00,5.706500e+00,5.249582e+00,5.096598e+00,5.097335e+00,4.969843e+00,5.529261e+00,4.887593e+00,4.782940e+00,4.833543e+00,4.746246e+00,4.823853e+00,4.755794e+00,4.959758e+00,4.643734e+00,4.724624e+00,4.968747e+00,4.460306e+00,4.408054e+00,4.608050e+00,5.127796e+00,4.913101e+00,5.033920e+00,5.035070e+00,4.998320e+00,4.855609e+00,4.929465e+00,4.458705e+00,4.851825e+00,5.028234e+00,4.764517e+00,4.986618e+00,4.742551e+00,4.786332e+00,5.037600e+00
5.078130e+00,4.767852e+00,4.737103e+00,4.803164e+00,4.771525e+00,4.921891e+00,4.571818e+00,4.769192e+00,4.839477e+00,4.700447e+00,4.946151e+00,4.829942e+00,5.047673e+00,4.992606e+00,4.884375e+00,4.635573e+00,4.792469e+00,4.988318e+00,4.695448e+00,5.157906e+00,4.795041e+00,4.682824e+00,4.904114e+00,4.551924e+00,5.046217e+00,5.116749e+00,4.869371e+00,4.926511e+00,4.685496e+00,4.780942e+00,4.649950e+00,4.937104e+00,4.901932e+00,5.062853e+00,4.997129e+00,4.800136e+00,4.967416e+00,4.834654e+00,4.895074e+00,4.327534e+00,4.864571e+00,4.895033e+00,4.882837e+00,4.848803e+00,4.608645e+00,5.016636e+00,4.652157e+00,4.917390e+00,4.631111e+00,4.994685e+00,4.893027e+00,4.641182e+00,4.766819e+00,4.922918e+00,4.977962e+00,5.023898e+00,5.006212e+00,4.834807e+00,4.921920e+00,4.859278e+00,4.826143e+00,4.790026e+00,4.924996e+00,4.473465e+00,4.793501e+00,4.805170e+00,4.965832e+00,4.838131e+00,4.884193e+00,5.363877e+00,5.598747e+00,4.839543e+00,4.979764e+00,4.929956e+00,5.178005e+00,4.803342e+00,5.066096e+00,5.023857e+00,5.007206e+00,4.949361e+00,4.877532e+00,5.201916e+00,4.993847e+00,5.080132e+00,5.184032e+00,5.231903e+00,5.395346e+00,5.038674e+00,4.961686e+00,4.933134e+00,5.119115e+00,5.136170e+00,5.154963e+00,5.235262e+00,5.189745e+00,4.875011e+00,5.367019e+00,5.315855e+00,5.217752e+00,5.162719e+00,5.242604e+00,5.596016e+00,5.416225e+00,5.166842e+00,5.162609e+00,5.228795e+00,5.351660e+00,5.051715e+00,5.059998e+00,5.826401e+00,4.826317e+00,5.078285e+00,5.068759e+00,4.899500e+00,4.695470e+00,5.139085e+00,5.323886e+00,5.098852e+00,5.482626e+00,5.397271e+00,5.258615e+00,5.022640e+00,4.886492e+00,5.293439e+00,4.894567e+00,5.345875e+00,4.988065e+00,5.237655e+00,4.978325e+00,4.817612e+00,5.189087e+00,4.939784e+00,5.344473e+00,5.344073e+00,4.835849e+00,5.064356e+00,5.210457e+00,5.301615e+00,5.360185e+00,5.239008e+00,5.439973e+00,5.326195e+00,5.054792e+00,5.229872e+00,5.285604e+00,5.128540e+00,5.180201e+00,4.502990e+00,5.039111e+00,5.306131e+00,4.986063e+00,4.791380e+00,4.859320e+00,4.769225e+00,5.164140e+00,4.802890e+00,4.881107e+00,4.928847e+00,4.887113e+00,4.765454e+00,5.013192e+00,4.621226e+00,4.813288e+00,4.795972e+00,4.839937e+00,5.336294e+00,5.203622e+00,4.958583e+00,5.450157e+00,5.249833e+00,5.117200e+00,5.455009e+00,5.287307e+00,5.321303e+00,5.304007e+00,5.592467e+00,5.150203e+00,5.162631e+00,4.884837e+00,4.781260e+00,5.256884e+00,5.463223e+00,4.960606e+00,4.889796e+00,4.917793e+00,5.204163e+00,5.091619e+00,5.151955e+00,5.001798e+00,5.035634e+00,4.804988e+00,4.737448e+00,4.758244e+00,5.036223e+00,5.092787e+00,5.192023e+00,5.206904e+00,5.208902e+00,5.263491e+00,4.650269e+00,4.753223e+00,4.793894e+00,4.973298e+00,4.831555e+00,4.855104e+00,4.803300e+00,4.806670e+00,4.864624e+00,4.825737e+00,4.825967e+00,4.618529e+00,4.797251e+00,5.128413e+00,4.977560e+00,4.954299e+00,4.796224e+00,4.847242e+00,5.132758e+00,4.671431e+00,4.526961e+00,4.770043e+00,4.893755e+00,4.843371e+00,4.985505e+00,5.011068e+00,4.812801e+00,4.878943e+00,4.612045e+00
4.767144e+00,4.774352e+00,4.620875e+00,4.778773e+00,4.976121e+00,4.385200e+00,4.750941e+00,4.703539e+00,4.784257e+00,5.036052e+00,4.627287e+00,4.682820e+00,4.774681e+00,4.570199e+00,4.995876e+00,4.774266e+00,4.592905e+00,4.701402e+00,4.758988e+00,4.912643e+00,4.826387e+00,4.736273e+00,4.953645e+00,4.801518e+00,4.763775e+00,4.897810e+00,4.952998e+00,4.790305e+00,4.870589e+00,4.844448e+00,4.698670e+00,4.893440e+00,4.964155e+00,4.909046e+00,4.931999e+00,4.756142e+00,4.824368e+00,4.698209e+00,4.939515e+00,4.952206e+00,4.845199e+00,4.902525e+00,4.983274e+00,4.992212e+00,4.930592e+00,4.881518e+00,4.589833e+00,5.055286e+00,4.992830e+00,4.302570e+00,4.931818e+00,4.812596e+00,4.885009e+00,4.849910e+00,4.929334e+00,5.216377e+00,4.747053e+00,4.706403e+00,4.772849e+00,4.625173e+00,4.760129e+00,4.732833e+00,4.944022e+00,5.190819e+00,4.937970e+00,5.050074e+00,5.052402e+00,5.161708e+00,5.012036e+00,5.016413e+00,5.253417e+00,5.293942e+00,5.117260e+00,5.297827e+00,5.034487e+00,5.397402e+00,5.193279e+00,5.533881e+00,4.976097e+00,4.680462e+00,5.658644e+00,5.115115e+00,4.786803e+00,5.194087e+00,5.157946e+00,5.218004e+00,4.998241e+00,5.092740e+00,5.156770e+00,5.167036e+00,5.042491e+00,4.961147e+00,4.852720e+00,5.194259e+00,5.031888e+00,5.077364e+00,5.114863e+00,5.197604e+00,5.344648e+00,5.054724e+00,5.064518e+00,5.104585e+00,5.278230e+00,5.222263e+00,4.321510e+00,5.691725e+00,6.106605e+00,5.048045e+00,5.273143e+00,4.911856e+00,5.177743e+00,4.927849e+00,5.124209e+00,4.914834e+00,5.112992e+00,4.920282e+00,5.145494e+00,5.855133e+00,5.494663e+00,5.451822e+00,5.465756e+00,5.350040e+00,5.176140e+00,5.188902e+00,4.934785e+00,4.852705e+00,5.011300e+00,4.728822e+00,4.784954e+00,4.814862e+00,5.276878e+00,5.261997e+00,5.326150e+00,5.303646e+00,5.266708e+00,4.898104e+00,5.172803e+00,5.159163e+00,5.194924e+00,4.825072e+00,4.999920e+00,5.382129e+00,5.013891e+00,5.311198e+00,5.338892e+00,5.272994e+00,5.073812e+00,4.753058e+00,5.116451e+00,5.439705e+00,5.065926e+00,5.052474e+00,4.632651e+00,5.031862e+00,5.091347e+00,5.310401e+00,5.267753e+00,5.568719e+00,4.969209e+00,4.827955e+00,4.675391e+00,4.918646e+00,4.843337e+00,4.817336e+00,5.190209e+00,4.985790e+00,5.311527e+00,4.613920e+00,5.187930e+00,5.268051e+00,5.581895e+00,4.794007e+00,5.232441e+00,5.369416e+00,5.380293e+00,5.031036e+00,5.402045e+00,5.209620e+00,5.096122e+00,4.940844e+00,5.271167e+00,5.156187e+00,5.570065e+00,5.387364e+00,5.139703e+00,5.191691e+00,4.757343e+00,4.934170e+00,5.192024e+00,4.739242e+00,5.335404e+00,4.643846e+00,4.986554e+00,4.325046e+00,4.935543e+00,5.385743e+00,4.884581e+00,5.006514e+00,5.030698e+00,4.983245e+00,4.546972e+00,4.841859e+00,4.881021e+00,4.726368e+00,4.859346e+00,4.932372e+00,4.736807e+00,4.916875e+00,4.920672e+00,4.832763e+00,4.433095e+00,4.883634e+00,4.914726e+00,4.825070e+00,4.882558e+00,4.879559e+00,4.646399e+00,4.791365e+00,4.783146e+00,4.778971e+00,4.762762e+00,4.727004e+00,5.096425e+00,4.873795e+00,4.780138e+00,4.809376e+00,4.792046e+00,4.761870e+00
4.812659e+00,4.743301e+00,4.868519e+00,4.816710e+00,4.673195e+00,4.912822e+00,4.755666e+00,4.837344e+00,4.919836e+00,4.790491e+00,4.770212e+00,4.684781e+00,4.628707e+00,4.807062e+00,4.928665e+00,4.858465e+00,4.838412e+00,4.897096e+00,4.981617e+00,4.807419e+00,4.863612e+00,4.741526e+00,4.875149e+00,4.679632e+00,4.894198e+00,4.739499e+00,5.076334e+00,4.935316e+00,4.484675e+00,4.890698e+00,4.789164e+00,4.808492e+00,4.613741e+00,4.904111e+00,4.855959e+00,4.947596e+00,4.676055e+00,4.812033e+00,4.744433e+00,4.810486e+00,4.980940e+00,4.753432e+00,4.785476e+00,4.755727e+00,4.819008e+00,4.550819e+00,4.931835e+00,4.827014e+00,5.082768e+00,4.961387e+00,4.563689e+00,4.834886e+00,4.768939e+00,5.272582e+00,5.092530e+00,5.216409e+00,4.858832e+00,4.198076e+00,4.807108e+00,5.021554e+00,4.776123e+00,4.917132e+00,4.940288e+00,5.031675e+00,4.797314e+00,4.872044e+00,4.715459e+00,5.171212e+00,4.863674e+00,4.894774e+00,4.708766e+00,5.251692e+00,5.085574e+00,5.012087e+00,5.306727e+00,5.053425e+00,5.171542e+00,4.602409e+00,4.903209e+00,5.150694e+00,5.248219e+00,4.820259e+00,5.002925e+00,4.592628e+00,5.364121e+00,5.523700e+00,5.344383e+00,5.143656e+00,5.107224e+00,5.014665e+00,5.237413e+00,5.152323e+00,5.193297e+00,5.176400e+00,4.631071e+00,5.391053e+00,5.246720e+00,5.106368e+00,5.012239e+00,4.924828e+00,5.083420e+00,4.943806e+00,5.241342e+00,5.231298e+00,4.974939e+00,5.725834e+00,4.832372e+00,5.360969e+00,5.461225e+00,4.713232e+00,5.446981e+00,5.173301e+00,5.239027e+00,5.174462e+00,5.366666e+00,4.960804e+00,4.977589e+00,4.750943e+00,5.416502e+00,4.532116e+00,4.852470e+00,5.239617e+00,5.296937e+00,5.292432e+00,5.197841e+00,5.009962e+00,5.252332e+00,5.164350e+00,5.019906e+00,4.978868e+00,4.786078e+00,4.834081e+00,5.062898e+00,5.121809e+00,5.112773e+00,5.223158e+00,5.199348e+00,5.048261e+00,5.170868e+00,4.925159e+00,5.277359e+00,5.079455e+00,5.066968e+00,5.455541e+00,5.295730e+00,5.033511e+00,5.027363e+00,5.483271e+00,5.388979e+00,5.218025e+00,5.036563e+00,5.055048e+00,4.917101e+00,4.730514e+00,4.644574e+00,4.603852e+00,4.883654e+00,4.531281e+00,4.905022e+00,4.931398e+00,4.891998e+00,4.420369e+00,4.789198e+00,4.570349e+00,4.979507e+00,4.704054e+00,5.327276e+00,4.945248e+00,5.168054e+00,5.198938e+00,5.080958e+00,5.023390e+00,5.029187e+00,5.044304e+00,5.309027e+00,5.157534e+00,5.028102e+00,5.272517e+00,5.027615e+00,5.055965e+00,4.907680e+00,5.109294e+00,5.165715e+00,5.071381e+00,4.843399e+00,4.663032e+00,4.776710e+00,4.966637e+00,4.872172e+00,5.021179e+00,4.855516e+00,5.136919e+00,4.581214e+00,4.813840e+00,4.930536e+00,4.674503e+00,5.224298e+00,5.107538e+00,5.084158e+00,4.889294e+00,4.700689e+00,4.838900e+00,4.892004e+00,4.971756e+00,4.764517e+00,4.855715e+00,4.898173e+00,4.944073e+00,4.585629e+00,4.903125e+00,4.795335e+00,5.069548e+00,5.009349e+00,4.962331e+00,5.009318e+00,4.814170e+00,4.964218e+00,4.939720e+00,4.795844e+00,5.027999e+00,4.990805e+00,4.629824e+00,4.958827e+00,4.539235e+00,4.770176e+00,4.884198e+00,5.209281e+00,4.719906e+00
4.897671e+00,4.951754e+00,4.763071e+00,4.769581e+00,5.038246e+00,4.783065e+00,4.400608e+00,4.902045e+00,4.935921e+00,4.821167e+00,4.417254e+00,5.043626e+00,4.761083e+00,5.076045e+00,4.822954e+00,4.691582e+00,4.398420e+00,5.014685e+00,4.823806e+00,4.854452e+00,4.825011e+00,4.810648e+00,4.745902e+00,4.924335e+00,4.994395e+00,5.014143e+00,4.606237e+00,4.741665e+00,4.918408e+00,4.897752e+00,5.043516e+00,4.876472e+00,4.858954e+00,4.929489e+00,5.048280e+00,4.695682e+00,4.791002e+00,4.836665e+00,4.726281e+00,4.803060e+00,4.761904e+00,4.869631e+00,4.687991e+00,4.586352e+00,4.851246e+00,4.748688e+00,4.939359e+00,4.577691e+00,4.856343e+00,4.826965e+00,4.830909e+00,5.022744e+00,4.998485e+00,4.980147e+00,4.934251e+00,4.428775e+00,5.019891e+00,4.686825e+00,4.924180e+00,4.596266e+00,4.661783e+00,4.492675e+00,5.064993e+00,5.100478e+00,5.231316e+00,4.891988e+00,4.924376e+00,5.082364e+00,5.034138e+00,5.389283e+00,5.330780e+00,5.229431e+00,5.306022e+00,5.072473e+00,5.103662e+00,4.902903e+00,5.335943e+00,5.278980e+00,5.042918e+00,5.109048e+00,4.894550e+00,5.467710e+00,5.062702e+00,5.017107e+00,5.057191e+00,5.322496e+00,5.188190e+00,5.150806e+00,5.384386e+00,5.104656e+00,4.903514e+00,5.497156e+00,5.431118e+00,5.129949e+00,5.110299e+00,5.136064e+00,4.938153e+00,5.060504e+00,4.927736e+00,5.242466e+00,5.052099e+00,5.276472e+00,4.809458e+00,4.937631e+00,5.340494e+00,5.102058e+00,4.982560e+00,5.166772e+00,4.792561e+00,5.121720e+00,4.915512e+00,4.961865e+00,5.522801e+00,5.224021e+00,5.481476e+00,5.282312e+00,4.910040e+00,4.913864e+00,5.146595e+00,5.344552e+00,5.897518e+00,5.108986e+00,5.010593e+00,5.480698e+00,4.711351e+00,4.921837e+00,5.227562e+00,4.896020e+00,4.915294e+00,5.066122e+00,5.106252e+00,5.310253e+00,5.361301e+00,5.079805e+00,5.517876e+00,5.390382e+00,5.114911e+00,5.442826e+00,5.233305e+00,5.155103e+00,4.926635e+00,5.436228e+00,5.490736e+00,4.782046e+00,4.986812e+00,5.150226e+00,5.253996e+00,5.078811e+00,5.072478e+00,5.328478e+00,5.292409e+00,4.608149e+00,4.684922e+00,5.006349e+00,4.732876e+00,4.651473e+00,5.719055e+00,4.671352e+00,5.033294e+00,4.710281e+00,4.807156e+00,4.678505e+00,4.641554e+00,4.839469e+00,4.932917e+00,4.987124e+00,5.856514e+00,5.184482e+00,5.160468e+00,5.317669e+00,5.159554e+00,5.303741e+00,4.931839e+00,5.013748e+00,5.018452e+00,5.258465e+00,5.261233e+00,5.430395e+00,4.907083e+00,5.136366e+00,5.137352e+00,5.201052e+00,5.139693e+00,5.078887e+00,4.752931e+00,4.848414e+00,4.715245e+00,5.224460e+00,5.221514e+00,5.154854e+00,4.871405e+00,5.091306e+00,4.928647e+00,4.896313e+00,4.719634e+00,4.521380e+00,4.988659e+00,5.165361e+00,5.308072e+00,5.187002e+00,5.263018e+00,4.836389e+00,5.078704e+00,4.573109e+00,4.881021e+00,4.982935e+00,4.681103e+00,4.641169e+00,4.896266e+00,4.693880e+00,4.928951e+00,4.814337e+00,4.963516e+00,4.888894e+00,4.818375e+00,4.769770e+00,4.948173e+00,4.698601e+00,5.025115e+00,4.901065e+00,4.758333e+00,4.831934e+00,4.985363e+00,4.758113e+00,4.865127e+00,4.392774e+00,4.798578e+00,4.796781e+00
4.778286e+00,4.703803e+00,4.626916e+00,4.763543e+00,4.973678e+00,4.374716e+00,4.855534e+00,4.777053e+00,4.878705e+00,4.828196e+00,4.973307e+00,4.546451e+00,4.999227e+00,4.777971e+00,5.104861e+00,5.021413e+00,4.634787e+00,4.858067e+00,4.800806e+00,4.983287e+00,4.855717e+00,5.060944e+00,4.600137e+00,4.978725e+00,4.881328e+00,4.839850e+00,4.682170e+00,5.297173e+00,4.946254e+00,4.792702e+00,4.930557e+00,5.067783e+00,4.686331e+00,4.630699e+00,4.872823e+00,4.873524e+00,4.893227e+00,4.996999e+00,5.119279e+00,4.932188e+00,4.703711e+00,4.892784e+00,4.762110e+00,4.814465e+00,4.716018e+00,4.860975e+00,5.153375e+00,4.724483e+00,4.704370e+00,4.809964e+00,4.928892e+00,4.900648e+00,4.730566e+00,5.324815e+00,5.018876e+00,4.869656e+00,4.593603e+00,4.963110e+00,4.802967e+00,5.107525e+00,4.953059e+00,5.008534e+00,4.643839e+00,4.934688e+00,4.601098e+00,5.075275e+00,5.183249e+00,5.100858e+00,5.067526e+00,4.736976e+00,5.161703e+00,4.824365e+00,5.054680e+00,5.208491e+00,4.967730e+00,5.239015e+00,4.944372e+00,5.047893e+00,4.567169e+00,5.174421e+00,5.096675e+00,5.170414e+00,5.298748e+00,5.024106e+00,4.827263e+00,5.258594e+00,4.894248e+00,5.015237e+00,5.187829e+00,4.896072e+00,5.263254e+00,5.063114e+00,4.893201e+00,4.985661e+00,4.721151e+00,4.931910e+00,4.746172e+00,5.162860e+00,4.746610e+00,5.103734e+00,4.981255e+00,5.098827e+00,5.361363e+00,4.792126e+00,5.344051e+00,4.732597e+00,5.117445e+00,5.279064e+00,5.070677e+00,4.740165e+00,5.280339e+00,5.191585e+00,5.412434e+00,4.892631e+00,5.175043e+00,4.668213e+00,4.895920e+00,5.007247e+00,5.201536e+00,5.362096e+00,5.222935e+00,5.157420e+00,4.901411e+00,5.138339e+00,4.981289e+00,5.150265e+00,4.770965e+00,4.986241e+00,5.066331e+00,5.247332e+00,5.124974e+00,5.372668e+00,5.061269e+00,5.174485e+00,5.231962e+00,5.097752e+00,4.576297e+00,4.868608e+00,5.033380e+00,5.024433e+00,4.972087e+00,5.114249e+00,4.941271e+00,5.163502e+00,5.029245e+00,5.056293e+00,4.978960e+00,4.923882e+00,5.243923e+00,4.937743e+00,4.990641e+00,5.138717e+00,4.950775e+00,4.864342e+00,5.165264e+00,5.195802e+00,4.852580e+00,4.758049e+00,5.114142e+00,4.872100e+00,4.683241e+00,4.865742e+00,5.041133e+00,4.970638e+00,4.841112e+00,4.969028e+00,5.052775e+00,5.226819e+00,5.101694e+00,5.453751e+00,4.884520e+00,4.535542e+00,5.311616e+00,5.389991e+00,5.194719e+00,5.136999e+00,5.103343e+00,5.378126e+00,4.937892e+00,5.129013e+00,4.543831e+00,5.086022e+00,5.330762e+00,4.695181e+00,4.863686e+00,5.249944e+00,5.274440e+00,4.869369e+00,5.158486e+00,5.357014e+00,5.202885e+00,4.833895e+00,5.050553e+00,4.770196e+00,4.715521e+00,4.995360e+00,4.814554e+00,4.951073e+00,5.057309e+00,6.174521e+00,5.003055e+00,4.850423e+00,5.139999e+00,5.262311e+00,4.832628e+00,4.735030e+00,4.896907e+00,4.825012e+00,4.907118e+00,5.020170e+00,4.855132e+00,4.944816e+00,4.876602e+00,5.228202e+00,4.691986e+00,4.767525e+00,4.757266e+00,5.062336e+00,4.675979e+00,4.779469e+00,5.057344e+00,4.827825e+00,4.682756e+00,4.897108e+00,4.482563e+00,4.965022e+00,5.008887e+00,5.037022e+00
4.899758e+00,4.504771e+00,4.624476e+00,4.985541e+00,4.768058e+00,4.783065e+00,4.867712e+00,4.965374e+00,4.435346e+00,4.863344e+00,4.837027e+00,4.824249e+00,4.794001e+00,4.772416e+00,4.921872e+00,4.832984e+00,4.857812e+00,4.699760e+00,4.924544e+00,5.007945e+00,4.866916e+00,4.371765e+00,4.991839e+00,4.594273e+00,4.815547e+00,4.980684e+00,4.765388e+00,4.871431e+00,4.595184e+00,4.980542e+00,5.071209e+00,5.039984e+00,4.834259e+00,4.747680e+00,4.771710e+00,5.089334e+00,4.372914e+00,4.746284e+00,4.944382e+00,4.897455e+00,5.021135e+00,4.896599e+00,4.881237e+00,4.993346e+00,5.132054e+00,5.076283e+00,4.854931e+00,4.887286e+00,4.775989e+00,5.054094e+00,5.050121e+00,4.993836e+00,4.727060e+00,4.616536e+00,4.899047e+00,4.757381e+00,4.888083e+00,4.526493e+00,4.685433e+00,4.990027e+00,4.776686e+00,4.731491e+00,4.751985e+00,4.938237e+00,5.048692e+00,5.364913e+00,4.699059e+00,4.818411e+00,5.212297e+00,5.243312e+00,5.260707e+00,5.195643e+00,5.284881e+00,4.933743e+00,5.213929e+00,5.243020e+00,5.228619e+00,5.077293e+00,4.711222e+00,4.910627e+00,5.216534e+00,5.219368e+00,5.182505e+00,5.094204e+00,4.879439e+00,5.035210e+00,4.975398e+00,4.937162e+00,4.987645e+00,4.856981e+00,5.235378e+00,5.037334e+00,5.052028e+00,5.168763e+00,5.263044e+00,5.093702e+00,5.101781e+00,4.763207e+00,4.908237e+00,4.768357e+00,4.986667e+00,5.102727e+00,5.167598e+00,5.164208e+00,5.388945e+00,5.299359e+00,5.381179e+00,5.354264e+00,4.792892e+00,4.957480e+00,5.450226e+00,4.964939e+00,5.114391e+00,4.986099e+00,5.320438e+00,5.270479e+00,5.092374e+00,5.046224e+00,4.927388e+00,5.494175e+00,5.331419e+00,5.047600e+00,4.983519e+00,5.127494e+00,5.114545e+00,4.889115e+00,5.087048e+00,4.728069e+00,4.970664e+00,5.239156e+00,5.008423e+00,5.453173e+00,4.836934e+00,5.088585e+00,5.311261e+00,4.861092e+00,5.079376e+00,5.460531e+00,5.162025e+00,5.176098e+00,5.308113e+00,5.256965e+00,5.109126e+00,5.245071e+00,5.372645e+00,5.233282e+00,5.211409e+00,5.249696e+00,5.272728e+00,5.196013e+00,4.919490e+00,5.045406e+00,4.920590e+00,4.749251e+00,4.919383e+00,5.046776e+00,5.096091e+00,4.855361e+00,5.092550e+00,4.962805e+00,4.646677e+00,4.917492e+00,4.866186e+00,5.042516e+00,5.402678e+00,4.974422e+00,5.260802e+00,4.839272e+00,5.005032e+00,5.163018e+00,5.078732e+00,4.874868e+00,5.316152e+00,5.051915e+00,5.198598e+00,5.009071e+00,5.242015e+00,5.055766e+00,5.168243e+00,5.456426e+00,5.467710e+00,5.080601e+00,5.043082e+00,5.050634e+00,5.049559e+00,5.363995e+00,5.335512e+00,5.217524e+00,5.132340e+00,4.970224e+00,4.761611e+00,5.087433e+00,5.088663e+00,4.799174e+00,4.988950e+00,4.672744e+00,4.850330e+00,4.913597e+00,4.850685e+00,4.963187e+00,4.793411e+00,4.821470e+00,5.266704e+00,4.745082e+00,4.616204e+00,4.923641e+00,4.639875e+00,4.636286e+00,5.033474e+00,4.517417e+00,4.814034e+00,5.015634e+00,5.088105e+00,4.810092e+00,4.894396e+00,4.633391e+00,4.704279e+00,4.891696e+00,5.005427e+00,4.940269e+00,5.082475e+00,4.772745e+00,4.834851e+00,4.637435e+00,4.761152e+00,4.953516e+00,4.740320e+00,4.936410e+00
4.889928e+00,4.982573e+00,4.904917e+00,4.727431e+00,4.846738e+00,4.770992e+00,4.678382e+00,4.994062e+00,4.791740e+00,4.697819e+00,5.113881e+00,4.941825e+00,4.807784e+00,4.458000e+00,4.605192e+00,5.004457e+00,4.993248e+00,4.704844e+00,4.830539e+00,4.630160e+00,4.772625e+00,4.831518e+00,4.549819e+00,4.525897e+00,5.002134e+00,4.893298e+00,4.928261e+00,4.575007e+00,4.621409e+00,4.895804e+00,4.860438e+00,4.718731e+00,4.687504e+00,4.893925e+00,4.716397e+00,5.115549e+00,4.742635e+00,4.824824e+00,5.023579e+00,4.944792e+00,4.816936e+00,4.963550e+00,5.116933e+00,5.108735e+00,4.861919e+00,4.695740e+00,4.833330e+00,4.467230e+00,5.066131e+00,5.003405e+00,4.904764e+00,5.037518e+00,4.736401e+00,4.971436e+00,4.858453e+00,4.924327e+00,5.002307e+00,4.870780e+00,4.758569e+00,5.050388e+00,4.971061e+00,4.931406e+00,4.924590e+00,4.954513e+00,5.137349e+00,4.900374e+00,5.025607e+00,4.556524e+00,4.800766e+00,5.015295e+00,5.316195e+00,5.079086e+00,5.064225e+00,4.973002e+00,4.699268e+00,4.909278e+00,5.151570e+00,5.248791e+00,4.846111e+00,5.091586e+00,4.984706e+00,5.081734e+00,4.900740e+00,4.965271e+00,5.179763e+00,5.098001e+00,4.692145e+00,5.113426e+00,4.974937e+00,5.146227e+00,4.533800e+00,5.154292e+00,5.220951e+00,5.234006e+00,4.810208e+00,5.234386e+00,4.868853e+00,5.645998e+00,5.095874e+00,4.754455e+00,5.193284e+00,5.091153e+00,5.373944e+00,5.410147e+00,5.385040e+00,5.186067e+00,5.263837e+00,4.833212e+00,5.269850e+00,5.046135e+00,5.195939e+00,5.129236e+00,5.166025e+00,5.084859e+00,5.238794e+00,4.944117e+00,5.505821e+00,5.249166e+00,5.278629e+00,5.612318e+00,5.469135e+00,5.273919e+00,4.735262e+00,5.305209e+00,4.894761e+00,4.853478e+00,5.080919e+00,4.538558e+00,5.148710e+00,5.202430e+00,5.394055e+00,4.979687e+00,4.949782e+00,5.179086e+00,5.042967e+00,5.223503e+00,5.212535e+00,5.017855e+00,5.084853e+00,5.225829e+00,5.116221e+00,4.948539e+00,5.100232e+00,4.840495e+00,5.050649e+00,4.778835e+00,5.268435e+00,5.093899e+00,4.885769e+00,4.682651e+00,4.763747e+00,5.034427e+00,5.200732e+00,4.873826e+00,4.805197e+00,5.238499e+00,4.983073e+00,5.207866e+00,4.688211e+00,5.174110e+00,4.862548e+00,4.585097e+00,4.535998e+00,4.783005e+00,4.831557e+00,5.080899e+00,5.352516e+00,5.539491e+00,5.073236e+00,5.516876e+00,5.136257e+00,5.128952e+00,5.213841e+00,4.996123e+00,4.722844e+00,5.191255e+00,5.045762e+00,5.118214e+00,5.359001e+00,5.074679e+00,4.858778e+00,5.360702e+00,4.993896e+00,4.885267e+00,4.956533e+00,5.497620e+00,4.918018e+00,5.391027e+00,5.283995e+00,4.902057e+00,4.999541e+00,5.164728e+00,5.120091e+00,5.101708e+00,4.923376e+00,4.757099e+00,4.803875e+00,4.820683e+00,4.796491e+00,5.268499e+00,5.111941e+00,5.063223e+00,4.847268e+00,4.895561e+00,4.941835e+00,4.712487e+00,4.960833e+00,4.838231e+00,4.667407e+00,5.051722e+00,5.033434e+00,4.928512e+00,4.714668e+00,4.947162e+00,4.942890e+00,4.965241e+00,4.823987e+00,4.753937e+00,5.096480e+00,4.914298e+00,4.528882e+00,4.786284e+00,4.820660e+00,4.914239e+00,5.046833e+00,4.838338e+00,4.710549e+00,4.998827e+00
4.548885e+00,4.587064e+00,4.785845e+00,4.694393e+00,4.696124e+00,4.627133e+00,4.611599e+00,4.780615e+00,4.631335e+00,4.692988e+00,4.687271e+00,4.845114e+00,4.255860e+00,4.653074e+00,4.541836e+00,4.767776e+00,4.403599e+00,4.753645e+00,4.753716e+00,4.759435e+00,4.856284e+00,4.762617e+00,4.577437e+00,4.854171e+00,4.727280e+00,4.830006e+00,4.647400e+00,4.388135e+00,4.694100e+00,4.878359e+00,4.658072e+00,4.565013e+00,4.656392e+00,4.686354e+00,4.453460e+00,4.686517e+00,4.494642e+00,4.780266e+00,4.873150e+00,4.753793e+00,4.807810e+00,4.617440e+00,4.468384e+00,4.751992e+00,4.567995e+00,4.479506e+00,4.623000e+00,4.537087e+00,4.896650e+00,4.662005e+00,5.297021e+00,4.576716e+00,5.043701e+00,4.863787e+00,4.413956e+00,4.707102e+00,4.876242e+00,4.780508e+00,4.774479e+00,4.752252e+00,4.560143e+00,4.570057e+00,4.835055e+00,4.987526e+00,4.468819e+00,4.915224e+00,5.121738e+00,5.155197e+00,4.423667e+00,4.894549e+00,5.015019e+00,5.275621e+00,4.921119e+00,4.856456e+00,5.447234e+00,4.715929e+00,5.089544e+00,4.975865e+00,5.221473e+00,5.170563e+00,5.072334e+00,4.995388e+00,4.955644e+00,4.776553e+00,5.167376e+00,4.616391e+00,5.059980e+00,4.978328e+00,5.127554e+00,5.397436e+00,5.063032e+00,5.088805e+00,5.506279e+00,7.504751e+00,5.021466e+00,4.731452e+00,4.852088e+00,5.261590e+00,5.130827e+00,4.684153e+00,4.865993e+00,5.085599e+00,5.058056e+00,5.112432e+00,4.376251e+00,4.835240e+00,4.680705e+00,5.123001e+00,4.610738e+00,4.920580e+00,5.074970e+00,5.013028e+00,5.070869e+00,5.229087e+00,4.912036e+00,5.120775e+00,5.241816e+00,4.971008e+00,5.106359e+00,4.808866e+00,5.084744e+00,4.573015e+00,4.846137e+00,4.865809e+00,4.864383e+00,5.170233e+00,5.164235e+00,5.282685e+00,4.779546e+00,5.365450e+00,5.294508e+00,5.148582e+00,4.832236e+00,5.204584e+00,5.068691e+00,5.212407e+00,5.111759e+00,4.816547e+00,4.968549e+00,4.790717e+00,5.255357e+00,5.257552e+00,4.755075e+00,4.944620e+00,4.655933e+00,4.915958e+00,5.301722e+00,5.217427e+00,4.997601e+00,4.740901e+00,4.962451e+00,4.862796e+00,4.843181e+00,4.811726e+00,4.845626e+00,4.789136e+00,4.765318e+00,4.778647e+00,4.772633e+00,4.606046e+00,4.810128e+00,4.737568e+00,4.549937e+00,4.642830e+00,4.747428e+00,4.971098e+00,4.620701e+00,4.653294e+00,4.920141e+00,4.806420e+00,5.342095e+00,4.990204e+00,4.430408e+00,4.676606e+00,4.889432e+00,4.684820e+00,5.003985e+00,5.238067e+00,5.209094e+00,4.740194e+00,4.988605e+00,4.553353e+00,4.935955e+00,5.301610e+00,5.344911e+00,5.058489e+00,4.740534e+00,4.714565e+00,4.696338e+00,4.966944e+00,4.795630e+00,4.931318e+00,5.131065e+00,5.325366e+00,4.920764e+00,4.874263e+00,4.903014e+00,4.896438e+00,4.891616e+00,4.712183e+00,5.197322e+00,5.021389e+00,4.966156e+00,4.944992e+00,4.828397e+00,5.026019e+00,4.914062e+00,4.958914e+00,4.957112e+00,4.699513e+00,4.597770e+00,4.858933e+00,4.668858e+00,4.747583e+00,5.011298e+00,4.976568e+00,4.449278e+00,4.983548e+00,4.847690e+00,4.636631e+00,4.751109e+00,4.651346e+00,4.996986e+00,4.713834e+00,4.957778e+00,4.733553e+00,4.916901e+00,4.896575e+00
4.444121e+00,4.680594e+00,4.814110e+00,4.756047e+00,4.795926e+00,4.621613e+00,4.645583e+00,4.644741e+00,4.708685e+00,4.726822e+00,4.851085e+00,4.750417e+00,4.561947e+00,4.767420e+00,4.925040e+00,4.746178e+00,4.706195e+00,4.358994e+00,4.629087e+00,4.678954e+00,4.763200e+00,4.784670e+00,4.586545e+00,4.704105e+00,4.696226e+00,4.725142e+00,4.714305e+00,4.907004e+00,4.621845e+00,4.691302e+00,4.829548e+00,4.597164e+00,4.694700e+00,4.597188e+00,4.612122e+00,4.901517e+00,4.808753e+00,4.694251e+00,4.625440e+00,4.225148e+00,4.312248e+00,4.615878e+00,4.871213e+00,4.818345e+00,4.932186e+00,4.797706e+00,4.473501e+00,4.512577e+00,4.662471e+00,5.063095e+00,5.102173e+00,4.523979e+00,5.067107e+00,4.759236e+00,4.923827e+00,4.635493e+00,4.758003e+00,4.829530e+00,4.670846e+00,4.871849e+00,4.889793e+00,4.834670e+00,4.569847e+00,5.055038e+00,4.918504e+00,5.169435e+00,5.002582e+00,5.033882e+00,4.944793e+00,4.917781e+00,4.918643e+00,4.790843e+00,4.989181e+00,4.903771e+00,5.095879e+00,5.076827e+00,5.126813e+00,4.931323e+00,4.558051e+00,5.063891e+00,4.810438e+00,5.005332e+00,5.013512e+00,4.927821e+00,4.967247e+00,4.917611e+00,5.097619e+00,5.346552e+00,4.880193e+00,4.949982e+00,4.629606e+00,4.845296e+00,5.177120e+00,4.985034e+00,5.025295e+00,5.073837e+00,4.915310e+00,5.192066e+00,5.211610e+00,5.033449e+00,4.791855e+00,4.824995e+00,5.150863e+00,5.084067e+00,4.770635e+00,4.759980e+00,4.967461e+00,4.924940e+00,4.871936e+00,5.290159e+00,5.535428e+00,5.310553e+00,4.971444e+00,4.953916e+00,5.237351e+00,5.094286e+00,5.485255e+00,5.118763e+00,5.250374e+00,4.325346e+00,4.961047e+00,4.751810e+00,4.783203e+00,5.085567e+00,4.771834e+00,4.500759e+00,5.373129e+00,5.114188e+00,5.157218e+00,5.296473e+00,5.143258e+00,5.061540e+00,4.988324e+00,5.051822e+00,4.884896e+00,5.256401e+00,4.949493e+00,4.544531e+00,4.869207e+00,5.089093e+00,5.050405e+00,5.178643e+00,5.064846e+00,4.887766e+00,5.054099e+00,4.954286e+00,5.154918e+00,5.057838e+00,4.956169e+00,5.484515e+00,5.273785e+00,5.099660e+00,4.819830e+00,4.506862e+00,4.729692e+00,4.816283e+00,4.843224e+00,4.895507e+00,4.656969e+00,5.083879e+00,4.986515e+00,5.110531e+00,5.092853e+00,4.888847e+00,5.105073e+00,4.938063e+00,5.512168e+00,5.218405e+00,5.076446e+00,4.777937e+00,5.221458e+00,4.932387e+00,5.022287e+00,5.063595e+00,4.774296e+00,5.048064e+00,4.998128e+00,4.865610e+00,5.046396e+00,4.904038e+00,5.630303e+00,4.903946e+00,5.133489e+00,4.818741e+00,4.821441e+00,4.916706e+00,4.919986e+00,5.084057e+00,5.162262e+00,4.457048e+00,4.631430e+00,5.304520e+00,5.083510e+00,4.865607e+00,5.082966e+00,5.018753e+00,4.560343e+00,4.501454e+00,4.713195e+00,4.751348e+00,5.047468e+00,4.416395e+00,4.973575e+00,4.793059e+00,4.961665e+00,4.639153e+00,4.716722e+00,4.717869e+00,4.755662e+00,4.692166e+00,4.693112e+00,4.305415e+00,4.564661e+00,4.923707e+00,4.769377e+00,4.882728e+00,4.798073e+00,4.572484e+00,4.629307e+00,4.712874e+00,4.557288e+00,4.782316e+00,4.756027e+00,4.332306e+00,4.707847e+00,4.441481e+00,4.895064e+00,4.632884e+00
4.499760e+00,4.679905e+00,4.812402e+00,4.784595e+00,4.701696e+00,4.509444e+00,4.596173e+00,4.730870e+00,4.625930e+00,4.663482e+00,4.791156e+00,4.615019e+00,4.686638e+00,4.433808e+00,4.675986e+00,4.783976e+00,4.672812e+00,4.611041e+00,4.864425e+00,4.780110e+00,4.657097e+00,4.684389e+00,4.736536e+00,4.766411e+00,4.695863e+00,4.612967e+00,4.351907e+00,4.386536e+00,4.583238e+00,4.656716e+00,4.658792e+00,4.646090e+00,4.679395e+00,4.634249e+00,5.101334e+00,4.722473e+00,4.627587e+00,4.775014e+00,4.603392e+00,4.616581e+00,4.631647e+00,4.783307e+00,4.799434e+00,4.708832e+00,4.672559e+00,4.479102e+00,4.758779e+00,4.669441e+00,4.896016e+00,5.335496e+00,4.678249e+00,4.713077e+00,4.638124e+00,4.767673e+00,4.665848e+00,4.557111e+00,4.642461e+00,4.670007e+00,4.853677e+00,4.649730e+00,4.626492e+00,4.668315e+00,4.837755e+00,4.860758e+00,4.835800e+00,5.015443e+00,4.942764e+00,5.026169e+00,5.267048e+00,4.578910e+00,4.864435e+00,4.940541e+00,4.701865e+00,4.747360e+00,5.003265e+00,4.935001e+00,4.911387e+00,4.687713e+00,4.852524e+00,4.702787e+00,4.451762e+00,5.139274e+00,4.025264e+00,4.684657e+00,4.825291e+00,4.925863e+00,5.071890e+00,5.418231e+00,4.753897e+00,4.749006e+00,4.999518e+00,4.814137e+00,5.114670e+00,4.774679e+00,4.742040e+00,5.309125e+00,4.730084e+00,5.098681e+00,5.277394e+00,4.732790e+00,4.735047e+00,5.111837e+00,4.798444e+00,5.247052e+00,5.383365e+00,4.908860e+00,4.591247e+00,5.026267e+00,5.025567e+00,4.994337e+00,5.254039e+00,5.215114e+00,4.808766e+00,4.968580e+00,4.755494e+00,5.150487e+00,5.084917e+00,4.764669e+00,4.861650e+00,4.735554e+00,4.851028e+00,4.779126e+00,4.882696e+00,5.244258e+00,5.041557e+00,4.909724e+00,4.837180e+00,5.118229e+00,5.205015e+00,5.096655e+00,4.923894e+00,5.047320e+00,4.546000e+00,4.841653e+00,5.179355e+00,5.229324e+00,5.054685e+00,4.979964e+00,4.933670e+00,4.936706e+00,5.106567e+00,4.951957e+00,4.909244e+00,5.069417e+00,4.696880e+00,4.932285e+00,4.943844e+00,4.669126e+00,5.013228e+00,4.872308e+00,4.919930e+00,5.033160e+00,4.510894e+00,4.688042e+00,4.589619e+00,4.699072e+00,4.881546e+00,4.807907e+00,4.775991e+00,4.923968e+00,4.980973e+00,4.741108e+00,4.972336e+00,4.899842e+00,4.911119e+00,4.790547e+00,4.972431e+00,5.047216e+00,4.691503e+00,4.913439e+00,5.075298e+00,5.023930e+00,4.493721e+00,5.035356e+00,4.822972e+00,5.114117e+00,5.057948e+00,4.776443e+00,4.994742e+00,5.086799e+00,4.932239e+00,5.114729e+00,4.403185e+00,4.885826e+00,4.733146e+00,4.887361e+00,4.686080e+00,4.872080e+00,4.750105e+00,4.975489e+00,4.830858e+00,4.814682e+00,4.706713e+00,4.712434e+00,4.821139e+00,4.454673e+00,4.872846e+00,4.522939e+00,4.636296e+00,4.651050e+00,4.801276e+00,4.611139e+00,5.169633e+00,4.915819e+00,4.677471e+00,4.880249e+00,4.513883e+00,4.671657e+00,4.453855e+00,4.648361e+00,4.934444e+00,4.437608e+00,4.540098e+00,4.647209e+00,4.579797e+00,4.725036e+00,4.555367e+00,4.323006e+00,4.366104e+00,4.724099e+00,4.858107e+00,4.704361e+00,4.837515e+00,4.780950e+00,4.557400e+00,4.759858e+00,4.668894e+00,4.911734e+00
4.740578e+00,4.701181e+00,4.806515e+00,4.447922e+00,4.724119e+00,4.668167e+00,4.435086e+00,4.644751e+00,4.845883e+00,4.659316e+00,4.562563e+00,4.600847e+00,4.614179e+00,4.670051e+00,4.667103e+00,4.527001e+00,4.631752e+00,4.621315e+00,4.612268e+00,4.683893e+00,4.505360e+00,4.381856e+00,4.885231e+00,4.482391e+00,4.733147e+00,4.672630e+00,4.703114e+00,4.713921e+00,4.803533e+00,4.760729e+00,4.660291e+00,4.642933e+00,4.642218e+00,4.780035e+00,4.661098e+00,4.303927e+00,4.776455e+00,4.710900e+00,4.594370e+00,4.381823e+00,4.693418e+00,4.246036e+00,4.672272e+00,4.492977e+00,4.560702e+00,4.623254e+00,4.577536e+00,4.739023e+00,4.822152e+00,4.831239e+00,4.570969e+00,4.470925e+00,4.711490e+00,4.767627e+00,4.603075e+00,4.637313e+00,4.801572e+00,4.570994e+00,4.785173e+00,4.641725e+00,4.958312e+00,4.816900e+00,4.854695e+00,4.685132e+00,4.568600e+00,4.840947e+00,4.899507e+00,5.027565e+00,5.047885e+00,5.171830e+00,4.901769e+00,4.674731e+00,5.474097e+00,5.118802e+00,4.809031e+00,4.549582e+00,4.844101e+00,5.048735e+00,4.673083e+00,4.554333e+00,4.455758e+00,4.561543e+00,4.832206e+00,4.852350e+00,5.010403e+00,4.835819e+00,4.833827e+00,5.231605e+00,5.256745e+00,5.038739e+00,4.523856e+00,5.034105e+00,4.831683e+00,4.728707e+00,4.955494e+00,4.639041e+00,5.001437e+00,5.250371e+00,5.069825e+00,4.997409e+00,4.745181e+00,4.990130e+00,5.045728e+00,4.872560e+00,4.919794e+00,4.674662e+00,4.975625e+00,4.888923e+00,4.903489e+00,4.772702e+00,4.943150e+00,4.786655e+00,4.681679e+00,4.741312e+00,4.720975e+00,4.999143e+00,4.863856e+00,4.997469e+00,4.648118e+00,4.763622e+00,4.825361e+00,4.598675e+00,4.557780e+00,5.060477e+00,4.634588e+00,4.843229e+00,4.796842e+00,4.957544e+00,4.990757e+00,5.066300e+00,4.683104e+00,4.773812e+00,4.683687e+00,4.945448e+00,4.511546e+00,4.932085e+00,4.583454e+00,4.861884e+00,4.792152e+00,5.263666e+00,5.259435e+00,5.311568e+00,4.778594e+00,5.139272e+00,4.940563e+00,4.610901e+00,4.814164e+00,4.994691e+00,4.972694e+00,4.782339e+00,4.714967e+00,4.790243e+00,4.732865e+00,4.638844e+00,4.489328e+00,4.614198e+00,4.934215e+00,4.554172e+00,4.807061e+00,5.013092e+00,5.211611e+00,4.843673e+00,4.932610e+00,4.914592e+00,4.802505e+00,4.924531e+00,4.816345e+00,4.888419e+00,4.738385e+00,4.859177e+00,4.799319e+00,5.151293e+00,5.127322e+00,5.022352e+00,4.564368e+00,4.914469e+00,4.632787e+00,5.056504e+00,4.753846e+00,4.853157e+00,5.016465e+00,4.441954e+00,4.942774e+00,5.168223e+00,4.802633e+00,4.698335e+00,4.761328e+00,4.661948e+00,6.064144e+00,4.643961e+00,5.119816e+00,4.965610e+00,4.677516e+00,4.755169e+00,4.506355e+00,4.569341e+00,4.602993e+00,4.731141e+00,4.707648e+00,4.670178e+00,4.538683e+00,4.793100e+00,4.583805e+00,4.819036e+00,4.733542e+00,4.554189e+00,4.675809e+00,4.765238e+00,4.665048e+00,4.753774e+00,4.776417e+00,4.871699e+00,4.359328e+00,4.718186e+00,4.693393e+00,4.609626e+00,4.843854e+00,4.678493e+00,4.837003e+00,4.626602e+00,4.579708e+00,4.776523e+00,4.635418e+00,4.568437e+00,4.664284e+00,4.556474e+00,4.794850e+00,4.727367e+00
4.452675e+00,4.784573e+00,4.835085e+00,4.711164e+00,4.496831e+00,4.481841e+00,4.758430e+00,4.578407e+00,4.445224e+00,4.658874e+00,4.737286e+00,4.577819e+00,4.557518e+00,4.714171e+00,4.814197e+00,4.434591e+00,4.767961e+00,4.586461e+00,4.722865e+00,4.690121e+00,4.730061e+00,4.624064e+00,4.642688e+00,4.776490e+00,4.753926e+00,4.685047e+00,4.534486e+00,4.596826e+00,4.645829e+00,4.464974e+00,4.659507e+00,4.739534e+00,4.614573e+00,4.737869e+00,4.795971e+00,4.692871e+00,4.594854e+00,4.544349e+00,4.856089e+00,4.577529e+00,4.752498e+00,4.545820e+00,4.813534e+00,4.587908e+00,4.688326e+00,4.430211e+00,4.516322e+00,4.887256e+00,4.711067e+00,4.622340e+00,4.585982e+00,4.563886e+00,4.662941e+00,4.631599e+00,4.793470e+00,4.564294e+00,4.791604e+00,4.703966e+00,4.785507e+00,4.673372e+00,4.399616e+00,4.973304e+00,5.375400e+00,4.748613e+00,5.063759e+00,4.856241e+00,4.784025e+00,4.873232e+00,4.977978e+00,4.641747e+00,5.094634e+00,4.821790e+00,4.800882e+00,4.964310e+00,5.117466e+00,4.839963e+00,5.046910e+00,4.812327e+00,5.405159e+00,5.014917e+00,4.834927e+00,5.638930e+00,5.018428e+00,4.861209e+00,5.157162e+00,4.934874e+00,4.984171e+00,4.988517e+00,5.123044e+00,4.578106e+00,4.735119e+00,4.953723e+00,4.949343e+00,4.917162e+00,5.101304e+00,5.090585e+00,4.829853e+00,4.869564e+00,4.934998e+00,4.916179e+00,4.875925e+00,4.596694e+00,5.303742e+00,5.067991e+00,4.732728e+00,5.137237e+00,5.139210e+00,5.015434e+00,5.250199e+00,5.477465e+00,4.610120e+00,5.113371e+00,5.464726e+00,4.809053e+00,5.134983e+00,4.987627e+00,5.112246e+00,4.975376e+00,5.276734e+00,5.117218e+00,5.042095e+00,5.579760e+00,5.059911e+00,4.833743e+00,4.781029e+00,5.017978e+00,4.854890e+00,5.058773e+00,5.082379e+00,4.879135e+00,4.916643e+00,5.208782e+00,4.967165e+00,4.890551e+00,4.977390e+00,5.030192e+00,4.542967e+00,4.656988e+00,4.772809e+00,4.854895e+00,5.184298e+00,4.571146e+00,4.946043e+00,5.114936e+00,4.985906e+00,5.431745e+00,4.566323e+00,4.880540e+00,4.937589e+00,5.038945e+00,4.666425e+00,5.261687e+00,4.438763e+00,4.618232e+00,4.749247e+00,4.963943e+00,4.813597e+00,4.910084e+00,5.261290e+00,4.694857e+00,4.836981e+00,4.703483e+00,4.895665e+00,4.931655e+00,4.822222e+00,4.895688e+00,5.041643e+00,4.975028e+00,4.927716e+00,4.840586e+00,4.607165e+00,4.684466e+00,4.643121e+00,4.716314e+00,5.068738e+00,4.746267e+00,4.679621e+00,4.479999e+00,4.553911e+00,4.776995e+00,5.022863e+00,5.057506e+00,4.969038e+00,5.301997e+00,4.503080e+00,4.590084e+00,5.241479e+00,4.687258e+00,4.904264e+00,4.995695e+00,4.933004e+00,5.100822e+00,4.757534e+00,4.803089e+00,5.129669e+00,5.031647e+00,4.460348e+00,4.583708e+00,4.739326e+00,4.554468e+00,4.659335e+00,4.621527e+00,4.631432e+00,4.821285e+00,4.656004e+00,4.963031e+00,5.033787e+00,4.696336e+00,4.926077e+00,4.608971e+00,4.648541e+00,4.466428e+00,4.824859e+00,4.529777e+00,4.711149e+00,4.703616e+00,4.697443e+00,4.931938e+00,4.849855e+00,4.659327e+00,4.783659e+00,4.674792e+00,4.596236e+00,4.654090e+00,4.733479e+00,4.836422e+00,4.346415e+00,4.794009e+00
4.543881e+00,4.418362e+00,4.730520e+00,4.511328e+00,4.687297e+00,4.605149e+00,4.428763e+00,4.689861e+00,4.679336e+00,4.847164e+00,4.791678e+00,4.728800e+00,4.797573e+00,4.795039e+00,4.774784e+00,4.754268e+00,5.005646e+00,4.540323e+00,4.911519e+00,4.592762e+00,4.790223e+00,4.699008e+00,5.087724e+00,4.877936e+00,4.635964e+00,4.750336e+00,4.572584e+00,4.607162e+00,4.680728e+00,4.908278e+00,4.697623e+00,4.636240e+00,4.453180e+00,4.778540e+00,4.711038e+00,4.570750e+00,4.679942e+00,4.575322e+00,4.603997e+00,4.478579e+00,4.760945e+00,4.627128e+00,4.497661e+00,4.643013e+00,4.670199e+00,4.712185e+00,4.753137e+00,4.810565e+00,4.507464e+00,4.595222e+00,4.495667e+00,4.786349e+00,4.603485e+00,4.718771e+00,4.773203e+00,4.931239e+00,4.764502e+00,4.658740e+00,4.686859e+00,4.702694e+00,4.183775e+00,4.650914e+00,4.685874e+00,4.643128e+00,4.939450e+00,5.197222e+00,5.019639e+00,5.029172e+00,5.049119e+00,4.794337e+00,4.618917e+00,4.956263e+00,4.852945e+00,5.013150e+00,4.757981e+00,5.294182e+00,5.092008e+00,5.156230e+00,4.909500e+00,5.017661e+00,4.325220e+00,4.808261e+00,4.848559e+00,4.899225e+00,5.210248e+00,5.056583e+00,5.053816e+00,4.591018e+00,5.095955e+00,5.087759e+00,5.118704e+00,4.882606e+00,4.980739e+00,5.138885e+00,4.335966e+00,4.519066e+00,5.085318e+00,5.117682e+00,4.918977e+00,4.818197e+00,4.859345e+00,5.017810e+00,4.667277e+00,5.089255e+00,4.909271e+00,4.998620e+00,4.646181e+00,5.146665e+00,4.945664e+00,4.856390e+00,5.331831e+00,4.757977e+00,4.812439e+00,4.857274e+00,4.734309e+00,7.429463e+00,5.083569e+00,4.913974e+00,4.979829e+00,4.987461e+00,5.150143e+00,4.953509e+00,4.811337e+00,4.699803e+00,4.851503e+00,4.716490e+00,5.143999e+00,5.110769e+00,5.032638e+00,4.752811e+00,4.851500e+00,4.825988e+00,5.013861e+00,5.464572e+00,4.997689e+00,5.232444e+00,4.818981e+00,4.926604e+00,4.969069e+00,4.999306e+00,4.841469e+00,4.818797e+00,4.597055e+00,4.550729e+00,4.685911e+00,4.694560e+00,4.842502e+00,4.704376e+00,5.203821e+00,4.919527e+00,5.261927e+00,4.752312e+00,4.903989e+00,4.640235e+00,5.135347e+00,5.033279e+00,4.836772e+00,4.621274e+00,5.106324e+00,5.109145e+00,4.581828e+00,4.814656e+00,5.157324e+00,4.835662e+00,5.192222e+00,4.546323e+00,4.824349e+00,4.705011e+00,4.903543e+00,5.031276e+00,5.091876e+00,5.004491e+00,4.554326e+00,4.623649e+00,4.868490e+00,4.473598e+00,5.203080e+00,5.052840e+00,4.803910e+00,5.044536e+00,4.992800e+00,4.958575e+00,4.999852e+00,5.088524e+00,4.601351e+00,4.666590e+00,4.712591e+00,4.631962e+00,4.472608e+00,4.859845e+00,4.579300e+00,4.836677e+00,4.880396e+00,5.070906e+00,4.438341e+00,5.038648e+00,4.779886e+00,4.673447e+00,4.562202e+00,4.757081e+00,4.480658e+00,4.627165e+00,4.778169e+00,4.801491e+00,4.724515e+00,4.748931e+00,4.780967e+00,4.638580e+00,4.470004e+00,4.703918e+00,4.281132e+00,4.848475e+00,4.706360e+00,4.617937e+00,4.704743e+00,4.123747e+00,4.673173e+00,4.763180e+00,4.624145e+00,4.503747e+00,4.698806e+00,4.755127e+00,4.627719e+00,4.816100e+00,4.624549e+00,4.750886e+00,4.583199e+00,4.571188e+00
4.512919e+00,4.859542e+00,4.957193e+00,4.934563e+00,4.559335e+00,4.837575e+00,4.499368e+00,4.783056e+00,4.862059e+00,4.625105e+00,4.795643e+00,4.840701e+00,4.691399e+00,4.707825e+00,4.493376e+00,4.711693e+00,4.932918e+00,4.758857e+00,4.706641e+00,4.606492e+00,4.751198e+00,5.055206e+00,4.810047e+00,5.012596e+00,4.761821e+00,4.596924e+00,4.799673e+00,4.873957e+00,4.923320e+00,4.633406e+00,4.841307e+00,4.733745e+00,4.749615e+00,4.820387e+00,4.791103e+00,4.882915e+00,4.690639e+00,4.664240e+00,4.445808e+00,4.696943e+00,4.780131e+00,4.714545e+00,4.283755e+00,4.539877e+00,4.419096e+00,4.970547e+00,4.938966e+00,4.330269e+00,4.607662e+00,4.457163e+00,4.513238e+00,4.793742e+00,4.695922e+00,4.334807e+00,4.790404e+00,4.734156e+00,4.905698e+00,4.985681e+00,4.765819e+00,4.672819e+00,4.963311e+00,4.748049e+00,4.904292e+00,4.845178e+00,4.950988e+00,4.994811e+00,4.657477e+00,5.174843e+00,5.093570e+00,4.514984e+00,4.646836e+00,4.773801e+00,4.617074e+00,4.825974e+00,5.077105e+00,5.010195e+00,4.595233e+00,4.739426e+00,4.756777e+00,4.969981e+00,4.974528e+00,4.706243e+00,5.055757e+00,5.189316e+00,5.017439e+00,4.856809e+00,4.920940e+00,4.779307e+00,4.223994e+00,4.608124e+00,5.366074e+00,5.417765e+00,5.096955e+00,5.049919e+00,5.054531e+00,5.161768e+00,4.808682e+00,5.181224e+00,4.541639e+00,5.079871e+00,4.745852e+00,5.040610e+00,4.992958e+00,5.080059e+00,5.005572e+00,4.967528e+00,4.977701e+00,4.786107e+00,4.682806e+00,4.987695e+00,5.421718e+00,5.174876e+00,4.936505e+00,4.748111e+00,4.406134e+00,5.116942e+00,4.634972e+00,4.716871e+00,5.277564e+00,4.634387e+00,5.048717e+00,4.979122e+00,4.922341e+00,5.204553e+00,4.915916e+00,4.959969e+00,4.624692e+00,4.940153e+00,5.292407e+00,5.159844e+00,5.073303e+00,5.310820e+00,4.571515e+00,5.250290e+00,4.593365e+00,4.852369e+00,4.954137e+00,4.981133e+00,5.129305e+00,4.961519e+00,5.016112e+00,5.209958e+00,4.977155e+00,5.074956e+00,4.912246e+00,5.581245e+00,4.825678e+00,5.098336e+00,4.694103e+00,4.994068e+00,4.971191e+00,4.844213e+00,4.922757e+00,4.810074e+00,5.276335e+00,4.749960e+00,5.109677e+00,4.549818e+00,5.110943e+00,4.621820e+00,5.144379e+00,4.732792e+00,5.013936e+00,4.964079e+00,5.238984e+00,4.560224e+00,4.967508e+00,5.291788e+00,4.833721e+00,4.865375e+00,4.727424e+00,4.941220e+00,4.870861e+00,4.920677e+00,5.227798e+00,4.864240e+00,4.490080e+00,4.938231e+00,4.677749e+00,5.130851e+00,4.908339e+00,5.008114e+00,4.811495e+00,4.882212e+00,4.384843e+00,4.637360e+00,4.455976e+00,4.792570e+00,4.987476e+00,4.825954e+00,4.878418e+00,4.584928e+00,5.178959e+00,4.750955e+00,4.673720e+00,4.835285e+00,5.203804e+00,5.023692e+00,4.893610e+00,4.700901e+00,4.471163e+00,4.823550e+00,4.694058e+00,4.654897e+00,4.854678e+00,4.960773e+00,4.797960e+00,5.185638e+00,4.428679e+00,4.959246e+00,4.714505e+00,4.515524e+00,4.821469e+00,4.809875e+00,4.708693e+00,4.511666e+00,4.697391e+00,4.520116e+00,4.553422e+00,4.450949e+00,4.839281e+00,4.853764e+00,4.784249e+00,4.700512e+00,4.831245e+00,4.616242e+00,4.609727e+00,4.949584e+00
4.729606e+00,4.711098e+00,4.717371e+00,4.824084e+00,4.866749e+00,4.533177e+00,4.649011e+00,4.807352e+00,4.586816e+00,4.846702e+00,4.689620e+00,4.619785e+00,4.728263e+00,4.762000e+00,4.866403e+00,4.606727e+00,4.849384e+00,4.741383e+00,4.742485e+00,4.743240e+00,4.764346e+00,4.721060e+00,4.577051e+00,4.795234e+00,4.453612e+00,4.582690e+00,4.639319e+00,4.743543e+00,4.662685e+00,4.559349e+00,4.739487e+00,4.705999e+00,4.544891e+00,4.616997e+00,4.698249e+00,4.793872e+00,4.583017e+00,4.748382e+00,4.625482e+00,4.841997e+00,4.628422e+00,4.629416e+00,4.858086e+00,5.111528e+00,4.769690e+00,4.931661e+00,4.782594e+00,4.695330e+00,4.572703e+00,4.678703e+00,4.665464e+00,4.719906e+00,4.762093e+00,4.839236e+00,4.870097e+00,4.791945e+00,4.639098e+00,4.718958e+00,4.768751e+00,4.762211e+00,4.909444e+00,4.856904e+00,5.131331e+00,4.677436e+00,4.954168e+00,5.049335e+00,4.989631e+00,4.660844e+00,4.832198e+00,4.906374e+00,4.593229e+00,4.639008e+00,4.623181e+00,4.734187e+00,5.038990e+00,4.684540e+00,4.645895e+00,5.080101e+00,4.718502e+00,5.078928e+00,4.806003e+00,4.463426e+00,4.656065e+00,4.740471e+00,5.167792e+00,4.491184e+00,4.895334e+00,5.002208e+00,4.635979e+00,4.769643e+00,4.915785e+00,4.781595e+00,5.172384e+00,4.764878e+00,4.836635e+00,5.074019e+00,5.000982e+00,4.896306e+00,5.031086e+00,4.816049e+00,4.724647e+00,4.799999e+00,5.149966e+00,4.849098e+00,5.082713e+00,5.043363e+00,4.902635e+00,4.776731e+00,5.070094e+00,5.087238e+00,4.743376e+00,4.829315e+00,5.364630e+00,4.820848e+00,4.989585e+00,4.807433e+00,4.971613e+00,5.083065e+00,4.782078e+00,4.520823e+00,5.084045e+00,4.811587e+00,4.793689e+00,4.919258e+00,4.930016e+00,5.172154e+00,4.851652e+00,5.031260e+00,5.085423e+00,4.834452e+00,4.801939e+00,4.842479e+00,4.811464e+00,4.837458e+00,5.119078e+00,4.717932e+00,4.898010e+00,4.671506e+00,5.345622e+00,4.921832e+00,4.532465e+00,4.912369e+00,4.512652e+00,4.754628e+00,4.815783e+00,4.917739e+00,5.080973e+00,5.077797e+00,4.822048e+00,4.652816e+00,4.691825e+00,5.206575e+00,4.621786e+00,4.946377e+00,5.200413e+00,4.622150e+00,4.634671e+00,4.554444e+00,5.043501e+00,4.769344e+00,5.076739e+00,4.694626e+00,4.583088e+00,5.225264e+00,5.099542e+00,5.166578e+00,5.007741e+00,4.549160e+00,4.785787e+00,4.788726e+00,4.929153e+00,5.011555e+00,4.871439e+00,4.710585e+00,4.944307e+00,4.693523e+00,4.617769e+00,4.727290e+00,4.773073e+00,5.194258e+00,5.110798e+00,4.939958e+00,4.951597e+00,5.062196e+00,4.600928e+00,4.664169e+00,4.500052e+00,4.482956e+00,4.816828e+00,4.456892e+00,4.754704e+00,4.721257e+00,5.119988e+00,5.043195e+00,4.920273e+00,4.992556e+00,4.979432e+00,4.723617e+00,5.016776e+00,4.769712e+00,4.595678e+00,4.578526e+00,4.782825e+00,4.644166e+00,4.632566e+00,4.961904e+00,4.970864e+00,4.690289e+00,4.669950e+00,4.804942e+00,4.987168e+00,4.687124e+00,4.587884e+00,4.353885e+00,4.828832e+00,4.725998e+00,4.220639e+00,4.565554e+00,4.554473e+00,4.654880e+00,4.722553e+00,4.751739e+00,4.643307e+00,4.609136e+00,4.378600e+00,4.632244e+00,4.547086e+00,4.578132e+00
4.755942e+00,4.772691e+00,4.998929e+00,4.947185e+00,4.923355e+00,4.930459e+00,4.628156e+00,4.815026e+00,4.666132e+00,4.653634e+00,4.425039e+00,4.882191e+00,4.900887e+00,4.652800e+00,4.702765e+00,4.796889e+00,4.592798e+00,4.661549e+00,4.766466e+00,4.903596e+00,4.710760e+00,4.738974e+00,5.033858e+00,4.513235e+00,4.889205e+00,4.841491e+00,4.934673e+00,4.737100e+00,4.948105e+00,4.825514e+00,4.728759e+00,4.884109e+00,4.794719e+00,4.802535e+00,4.792975e+00,4.697399e+00,4.853335e+00,4.928619e+00,4.829876e+00,4.689872e+00,4.820839e+00,4.823390e+00,4.626388e+00,4.973208e+00,4.728061e+00,4.802713e+00,4.690304e+00,4.922408e+00,4.782039e+00,5.033541e+00,4.993455e+00,4.516170e+00,4.704546e+00,4.949833e+00,4.917470e+00,5.000109e+00,4.929667e+00,4.910419e+00,5.125564e+00,5.043040e+00,4.691174e+00,4.865360e+00,4.816637e+00,4.486901e+00,5.116008e+00,5.026078e+00,4.859453e+00,4.619545e+00,4.918606e+00,4.952808e+00,4.642095e+00,4.706712e+00,4.612764e+00,4.864509e+00,4.905441e+00,4.736921e+00,4.774419e+00,4.855924e+00,4.803927e+00,4.730536e+00,4.730552e+00,4.989340e+00,4.601678e+00,5.232762e+00,4.676690e+00,5.007212e+00,4.860256e+00,4.668539e+00,5.050002e+00,4.431826e+00,5.168673e+00,4.773258e+00,4.901127e+00,4.868613e+00,5.065587e+00,4.803190e+00,4.579494e+00,4.881147e+00,4.828849e+00,4.832261e+00,5.194322e+00,4.955995e+00,5.167449e+00,4.589321e+00,4.867466e+00,5.666225e+00,4.808445e+00,5.018914e+00,4.673446e+00,4.650760e+00,4.655454e+00,5.108041e+00,4.999496e+00,4.923548e+00,4.667510e+00,4.686153e+00,5.188024e+00,4.730568e+00,5.228513e+00,4.808192e+00,4.678109e+00,5.012049e+00,6.011911e+00,4.783571e+00,4.528733e+00,4.788864e+00,4.900419e+00,4.416452e+00,4.597773e+00,4.679635e+00,4.355704e+00,4.869688e+00,4.872716e+00,4.787114e+00,5.056107e+00,4.973418e+00,4.910440e+00,4.782971e+00,4.999409e+00,4.778289e+00,5.163016e+00,4.675513e+00,4.483235e+00,5.062187e+00,4.977652e+00,4.907908e+00,4.852993e+00,4.794081e+00,5.140746e+00,4.655349e+00,4.936425e+00,4.817947e+00,4.766567e+00,5.035948e+00,4.895592e+00,4.749959e+00,5.107472e+00,5.042228e+00,4.993809e+00,4.666232e+00,5.083816e+00,4.618647e+00,5.046138e+00,4.932840e+00,5.021657e+00,4.930558e+00,4.588809e+00,5.079571e+00,4.831233e+00,5.023177e+00,4.932492e+00,4.873346e+00,4.663717e+00,4.756249e+00,5.020229e+00,4.871176e+00,5.170341e+00,5.151668e+00,4.742251e+00,5.269567e+00,5.101412e+00,4.808668e+00,4.863262e+00,4.830610e+00,4.824356e+00,5.028001e+00,5.119685e+00,5.056397e+00,4.893847e+00,4.442870e+00,4.775604e+00,4.887767e+00,4.759077e+00,4.884710e+00,4.977129e+00,4.972226e+00,5.053362e+00,4.957667e+00,5.079114e+00,4.839448e+00,4.862777e+00,4.756749e+00,4.707198e+00,4.831139e+00,4.638345e+00,4.702752e+00,4.763954e+00,4.801080e+00,4.827314e+00,4.935776e+00,4.613365e+00,4.712594e+00,4.913145e+00,4.783521e+00,4.719027e+00,4.632614e+00,4.790521e+00,4.567071e+00,4.688310e+00,4.763965e+00,4.557557e+00,4.824902e+00,4.934180e+00,4.821508e+00,4.573504e+00,4.630915e+00,4.808413e+00,4.705523e+00
4.488078e+00,4.873897e+00,4.929697e+00,4.724421e+00,4.760822e+00,4.760590e+00,4.913399e+00,4.901853e+00,4.702155e+00,4.908262e+00,5.002016e+00,4.813868e+00,4.976390e+00,4.814034e+00,4.588966e+00,5.001179e+00,4.705345e+00,4.479202e+00,4.529834e+00,4.688858e+00,4.833070e+00,4.482430e+00,4.613176e+00,4.861935e+00,4.861054e+00,4.771080e+00,4.534367e+00,4.730627e+00,4.798429e+00,4.656283e+00,4.851912e+00,5.015459e+00,5.060994e+00,4.870341e+00,4.891761e+00,4.755484e+00,4.756892e+00,4.788894e+00,4.835052e+00,4.536957e+00,4.837775e+00,4.889383e+00,5.159000e+00,4.742715e+00,4.655396e+00,5.065870e+00,4.700662e+00,4.747118e+00,4.724005e+00,4.876206e+00,4.907849e+00,4.980146e+00,4.607464e+00,4.899793e+00,4.642116e+00,4.936903e+00,4.690369e+00,4.856181e+00,4.822640e+00,4.932612e+00,4.859457e+00,5.033968e+00,5.074127e+00,4.573353e+00,4.783362e+00,5.041259e+00,4.723027e+00,4.780535e+00,4.622270e+00,4.522376e+00,4.605819e+00,4.871467e+00,4.878874e+00,4.722160e+00,5.010779e+00,4.454518e+00,4.754130e+00,5.102241e+00,4.664887e+00,4.768881e+00,4.536522e+00,4.537989e+00,5.131473e+00,4.641814e+00,5.213493e+00,4.879709e+00,4.506682e+00,4.851966e+00,4.904601e+00,4.698676e+00,4.924433e+00,5.009227e+00,4.826777e+00,4.777521e+00,4.616888e+00,4.727699e+00,4.714869e+00,5.083285e+00,4.675756e+00,4.737680e+00,4.710162e+00,4.601765e+00,5.175293e+00,4.732634e+00,4.821568e+00,4.719090e+00,4.505592e+00,4.967088e+00,4.756791e+00,4.925359e+00,4.680394e+00,4.973588e+00,4.982036e+00,5.087369e+00,4.601905e+00,5.383254e+00,4.867057e+00,5.222572e+00,4.869587e+00,4.788459e+00,4.920759e+00,4.694070e+00,4.734806e+00,4.793490e+00,4.690583e+00,4.564954e+00,4.851048e+00,5.064097e+00,4.688914e+00,4.802812e+00,4.924064e+00,4.859948e+00,4.460610e+00,5.040983e+00,5.224043e+00,4.871874e+00,5.037197e+00,4.808676e+00,5.349193e+00,5.043017e+00,4.747467e+00,4.921168e+00,5.164017e+00,5.174280e+00,5.067417e+00,4.927334e+00,4.281942e+00,5.070474e+00,4.902105e+00,4.993757e+00,5.162850e+00,5.052530e+00,4.922442e+00,5.182923e+00,4.848504e+00,4.692643e+00,5.203290e+00,4.871696e+00,4.912097e+00,5.023017e+00,4.999273e+00,5.144902e+00,5.294309e+00,4.846920e+00,4.753996e+00,4.859450e+00,4.841539e+00,4.879958e+00,5.037934e+00,4.683665e+00,4.817994e+00,4.892773e+00,5.096954e+00,5.008138e+00,4.747895e+00,4.734946e+00,4.793490e+00,4.930076e+00,4.752506e+00,4.778817e+00,4.890096e+00,4.580090e+00,4.710152e+00,4.719857e+00,4.729051e+00,4.880623e+00,4.745404e+00,4.811290e+00,4.993947e+00,4.771872e+00,4.712002e+00,4.703634e+00,4.815892e+00,4.885928e+00,4.913554e+00,4.833347e+00,4.818331e+00,4.940293e+00,5.318826e+00,4.996815e+00,4.793786e+00,4.889398e+00,4.659443e+00,4.727208e+00,4.645197e+00,4.744494e+00,5.074720e+00,4.825041e+00,4.753637e+00,5.059071e+00,4.759690e+00,4.871544e+00,4.307433e+00,4.771685e+00,4.640815e+00,4.823576e+00,4.762858e+00,4.673091e+00,5.031989e+00,4.753253e+00,4.819659e+00,4.575927e+00,5.035728e+00,4.813097e+00,4.783894e+00,4.919059e+00,5.189044e+00,4.847220e+00
4.697241e+00,4.591120e+00,4.593613e+00,4.810769e+00,4.812098e+00,4.920139e+00,4.810806e+00,4.826931e+00,4.838956e+00,4.698115e+00,4.964131e+00,4.721887e+00,4.774713e+00,4.585786e+00,4.790816e+00,4.912939e+00,4.776116e+00,4.850855e+00,4.685772e+00,4.816092e+00,4.866261e+00,4.769825e+00,5.071327e+00,5.007419e+00,4.550890e+00,4.615565e+00,4.682015e+00,4.523568e+00,4.886967e+00,4.731716e+00,4.679413e+00,5.030170e+00,4.704070e+00,4.955143e+00,4.628143e+00,4.922539e+00,4.872988e+00,4.436028e+00,4.837216e+00,4.796334e+00,4.755703e+00,4.573144e+00,4.899130e+00,4.972588e+00,5.071072e+00,4.894806e+00,4.833004e+00,4.726738e+00,4.862395e+00,4.431404e+00,4.954827e+00,4.733771e+00,4.781753e+00,4.854992e+00,5.178576e+00,4.848035e+00,5.040042e+00,4.919151e+00,4.897145e+00,5.084694e+00,5.107230e+00,5.017803e+00,4.810236e+00,4.433359e+00,4.673269e+00,4.653324e+00,5.022551e+00,4.770944e+00,4.746030e+00,4.994990e+00,4.713150e+00,4.985561e+00,4.659806e+00,4.595493e+00,4.827428e+00,4.803652e+00,4.906560e+00,5.228564e+00,4.953982e+00,4.676188e+00,4.830551e+00,5.036946e+00,4.915111e+00,4.891523e+00,4.900780e+00,5.261480e+00,4.795609e+00,5.148365e+00,7.786844e+00,4.895972e+00,4.715038e+00,4.511598e+00,4.760829e+00,4.900701e+00,4.952324e+00,4.631722e+00,4.813369e+00,4.818327e+00,5.142800e+00,4.786562e+00,4.891524e+00,4.912492e+00,4.805776e+00,4.637981e+00,4.675473e+00,4.429117e+00,5.284851e+00,4.493196e+00,5.033411e+00,4.889014e+00,5.229532e+00,4.933167e+00,4.621023e+00,4.342055e+00,4.775643e+00,4.955143e+00,5.593463e+00,4.892541e+00,4.847638e+00,4.612657e+00,4.822074e+00,4.877083e+00,4.834043e+00,4.870129e+00,4.775578e+00,4.450365e+00,5.030038e+00,4.541201e+00,4.963545e+00,4.700922e+00,7.355560e+00,4.649651e+00,5.250903e+00,5.100708e+00,4.771371e+00,4.723195e+00,4.817168e+00,4.720827e+00,5.092002e+00,4.804563e+00,4.945779e+00,4.825058e+00,4.955319e+00,4.955517e+00,5.017817e+00,4.925983e+00,4.798404e+00,5.070724e+00,4.881179e+00,5.185636e+00,4.667689e+00,4.913658e+00,5.078963e+00,4.937488e+00,4.784821e+00,4.877822e+00,4.768500e+00,4.810422e+00,4.935349e+00,4.872192e+00,5.304533e+00,4.808481e+00,4.697840e+00,4.870935e+00,4.782761e+00,4.767572e+00,4.921954e+00,4.972411e+00,4.790961e+00,4.601825e+00,4.760423e+00,4.846219e+00,4.804746e+00,4.864783e+00,4.938806e+00,4.964593e+00,4.658302e+00,5.031768e+00,5.252771e+00,4.660230e+00,4.790695e+00,5.070250e+00,4.958119e+00,4.641878e+00,4.747631e+00,4.632823e+00,4.874998e+00,4.892351e+00,4.665779e+00,5.024460e+00,4.762261e+00,4.736806e+00,4.812524e+00,5.002191e+00,4.773289e+00,4.900153e+00,4.728616e+00,4.984674e+00,4.738491e+00,5.118018e+00,4.702493e+00,4.925933e+00,4.685591e+00,4.925274e+00,4.659454e+00,4.662951e+00,4.663841e+00,4.507594e+00,4.566901e+00,4.849791e+00,4.975847e+00,4.669850e+00,4.340687e+00,4.743541e+00,4.470440e+00,4.532732e+00,4.801945e+00,4.431701e+00,4.693923e+00,4.847464e+00,4.910350e+00,4.347460e+00,4.832752e+00,4.778048e+00,4.806192e+00,4.370098e+00,4.945967e+00,4.630177e+00
4.780432e+00,4.942620e+00,4.348035e+00,4.715343e+00,4.762437e+00,4.725440e+00,4.656194e+00,4.979373e+00,4.641199e+00,4.419643e+00,4.860341e+00,4.791754e+00,4.692095e+00,4.528980e+00,4.834484e+00,4.578866e+00,4.505101e+00,4.897631e+00,4.799863e+00,4.929216e+00,4.801237e+00,4.696608e+00,4.724382e+00,4.752124e+00,4.873763e+00,4.588194e+00,4.728333e+00,4.745015e+00,4.739666e+00,4.829014e+00,4.770280e+00,4.795847e+00,4.823611e+00,4.553033e+00,4.614009e+00,4.839142e+00,4.694832e+00,4.867558e+00,4.848757e+00,4.728947e+00,4.959429e+00,4.630694e+00,4.126861e+00,5.004530e+00,5.059889e+00,4.756606e+00,4.705774e+00,4.680813e+00,4.822686e+00,4.829160e+00,4.931204e+00,4.791951e+00,4.726164e+00,5.118607e+00,5.144601e+00,4.974386e+00,4.607328e+00,4.754454e+00,5.051362e+00,4.809972e+00,4.681796e+00,4.766066e+00,5.076365e+00,4.526740e+00,4.810322e+00,4.661994e+00,4.793435e+00,4.857645e+00,5.014304e+00,4.671991e+00,5.024271e+00,5.072412e+00,5.169267e+00,5.120208e+00,4.959860e+00,4.548964e+00,5.045289e+00,5.102090e+00,4.642391e+00,4.720151e+00,4.669135e+00,4.594936e+00,5.041444e+00,4.814646e+00,5.023366e+00,5.181729e+00,4.804519e+00,4.645508e+00,5.103841e+00,4.814525e+00,4.709267e+00,5.001840e+00,4.937224e+00,4.747352e+00,4.607608e+00,4.747558e+00,7.741483e+00,5.150663e+00,5.316511e+00,4.770961e+00,4.871542e+00,4.655867e+00,4.927244e+00,4.861362e+00,5.190143e+00,4.950639e+00,5.104123e+00,4.692567e+00,5.220508e+00,5.154180e+00,4.923120e+00,5.596878e+00,4.792183e+00,4.812489e+00,4.885335e+00,4.866676e+00,4.893254e+00,5.339419e+00,5.333842e+00,4.685385e+00,5.241031e+00,4.873154e+00,4.903951e+00,5.053994e+00,4.637897e+00,4.823342e+00,9.636661e+00,5.455713e+00,4.626493e+00,4.584866e+00,4.795686e+00,4.919249e+00,4.778444e+00,4.715131e+00,4.955892e+00,4.694841e+00,4.946993e+00,4.810303e+00,4.913685e+00,4.765629e+00,4.856513e+00,4.643470e+00,4.680834e+00,4.624064e+00,4.689087e+00,5.267376e+00,5.229963e+00,4.891388e+00,5.141751e+00,4.793687e+00,5.116434e+00,4.564535e+00,4.791563e+00,4.893183e+00,5.084064e+00,4.607335e+00,4.663608e+00,5.102465e+00,4.718175e+00,5.190598e+00,4.916089e+00,5.044313e+00,5.034245e+00,5.019707e+00,4.898738e+00,4.910951e+00,5.368945e+00,4.997286e+00,4.781992e+00,4.791941e+00,5.059618e+00,4.771395e+00,4.688126e+00,4.801177e+00,4.516479e+00,5.045225e+00,4.681843e+00,4.739383e+00,4.868429e+00,4.827292e+00,4.562352e+00,4.884668e+00,4.785813e+00,4.786707e+00,4.784789e+00,5.024213e+00,4.986938e+00,4.757911e+00,4.891611e+00,4.759234e+00,5.039503e+00,5.046451e+00,5.094912e+00,5.047258e+00,5.195661e+00,4.919109e+00,5.166069e+00,4.861108e+00,4.928655e+00,4.871453e+00,4.920232e+00,4.892636e+00,5.104950e+00,4.722997e+00,4.769421e+00,4.873836e+00,4.842564e+00,4.775660e+00,4.484445e+00,4.938861e+00,5.161482e+00,4.670926e+00,4.830499e+00,4.854040e+00,4.810763e+00,4.817856e+00,4.453087e+00,4.926138e+00,4.818326e+00,4.799699e+00,4.944195e+00,4.728081e+00,4.902303e+00,4.881183e+00,4.866917e+00,4.763743e+00,4.845001e+00,4.718671e+00
4.749025e+00,4.868175e+00,4.867630e+00,4.862723e+00,5.030838e+00,4.688654e+00,4.691370e+00,4.741913e+00,4.540890e+00,4.758368e+00,4.907070e+00,4.710965e+00,4.790956e+00,4.817819e+00,4.740867e+00,4.654709e+00,4.797068e+00,4.904684e+00,4.487633e+00,4.676924e+00,4.763740e+00,4.412569e+00,4.916897e+00,4.946772e+00,4.678696e+00,4.619625e+00,4.751250e+00,4.911512e+00,4.619363e+00,4.746522e+00,4.657552e+00,4.908671e+00,4.776853e+00,4.978384e+00,4.997955e+00,4.724373e+00,4.723594e+00,4.672218e+00,4.483854e+00,4.689671e+00,4.733503e+00,4.918397e+00,4.736129e+00,4.896383e+00,4.862086e+00,4.675648e+00,4.787948e+00,4.973810e+00,4.650553e+00,4.788927e+00,5.005022e+00,5.288025e+00,4.623664e+00,4.682593e+00,4.988133e+00,4.802615e+00,4.898560e+00,5.046038e+00,4.644433e+00,4.822921e+00,5.160603e+00,4.825581e+00,4.896787e+00,5.100097e+00,4.990583e+00,4.694368e+00,4.561949e+00,4.461094e+00,5.000387e+00,4.784308e+00,8.763862e+00,4.595653e+00,4.507552e+00,5.051310e+00,4.631127e+00,4.852267e+00,4.950734e+00,5.127437e+00,4.736964e+00,4.365415e+00,4.676889e+00,4.432934e+00,4.713763e+00,4.474419e+00,5.180514e+00,5.180061e+00,5.052247e+00,5.069481e+00,9.005447e+00,5.137096e+00,4.821632e+00,4.785569e+00,4.947333e+00,4.431050e+00,4.568468e+00,5.324001e+00,4.720721e+00,4.516693e+00,4.953395e+00,5.149981e+00,4.603746e+00,4.649460e+00,4.901737e+00,4.873371e+00,4.924643e+00,5.112312e+00,4.589934e+00,4.963515e+00,4.613419e+00,4.900720e+00,5.327912e+00,4.779395e+00,4.810984e+00,4.876041e+00,4.717686e+00,5.149582e+00,5.013505e+00,4.918927e+00,4.696984e+00,4.941579e+00,5.065119e+00,4.606088e+00,5.089552e+00,5.546020e+00,5.254103e+00,4.958975e+00,4.780989e+00,4.594374e+00,4.662518e+00,6.257954e+00,4.822188e+00,5.018870e+00,5.179522e+00,4.996088e+00,4.881863e+00,5.218408e+00,4.951988e+00,4.890245e+00,5.147754e+00,4.966111e+00,4.700557e+00,4.767592e+00,4.907818e+00,4.809200e+00,4.941648e+00,4.866103e+00,4.820735e+00,5.063351e+00,5.173389e+00,5.095408e+00,4.580107e+00,4.955871e+00,5.110529e+00,4.972200e+00,4.580391e+00,5.062833e+00,4.720592e+00,5.080245e+00,4.321700e+00,4.587292e+00,4.852406e+00,4.722738e+00,4.985653e+00,5.289449e+00,4.696688e+00,5.101850e+00,5.277155e+00,4.746659e+00,4.939629e+00,4.896965e+00,4.820260e+00,5.037072e+00,4.726453e+00,5.013615e+00,4.746044e+00,4.284940e+00,4.717151e+00,4.909583e+00,4.841225e+00,4.647938e+00,4.917204e+00,4.726763e+00,5.028548e+00,4.975855e+00,5.204644e+00,4.853777e+00,4.738550e+00,4.967416e+00,4.889178e+00,4.907635e+00,4.832614e+00,4.574663e+00,5.603900e+00,5.067204e+00,4.817427e+00,5.260473e+00,5.032125e+00,5.358579e+00,4.844371e+00,4.801889e+00,5.141414e+00,5.135338e+00,4.775878e+00,4.701632e+00,5.000988e+00,4.515529e+00,4.951369e+00,4.750752e+00,5.064279e+00,4.841843e+00,4.630177e+00,4.777483e+00,4.851821e+00,4.904479e+00,4.668758e+00,4.737307e+00,4.852240e+00,4.617748e+00,4.869516e+00,4.659270e+00,4.839191e+00,4.800645e+00,4.310308e+00,4.774331e+00,4.946075e+00,4.732530e+00,4.835878e+00,4.869679e+00
4.886002e+00,4.851808e+00,4.970233e+00,4.872384e+00,4.708950e+00,5.046305e+00,4.789063e+00,4.773064e+00,4.959245e+00,4.431049e+00,4.777004e+00,4.781362e+00,4.672557e+00,4.745068e+00,4.764676e+00,4.827500e+00,4.780921e+00,4.624556e+00,4.760848e+00,4.462597e+00,4.819057e+00,4.603079e+00,4.815435e+00,4.721794e+00,4.458843e+00,4.714174e+00,4.595417e+00,4.889111e+00,4.547252e+00,4.787748e+00,4.672871e+00,4.700528e+00,4.164412e+00,4.731396e+00,4.925630e+00,4.599769e+00,4.528627e+00,4.827040e+00,4.573594e+00,4.740510e+00,4.737665e+00,5.191713e+00,4.140009e+00,5.160389e+00,4.682448e+00,4.705347e+00,4.825091e+00,4.805775e+00,4.534243e+00,4.849175e+00,4.841954e+00,4.883908e+00,4.818280e+00,5.080675e+00,5.205106e+00,4.654321e+00,5.001909e+00,4.749613e+00,5.020629e+00,4.888429e+00,4.585150e+00,4.915222e+00,4.737827e+00,4.572069e+00,4.854574e+00,4.791646e+00,4.708095e+00,4.848582e+00,5.028729e+00,4.737783e+00,4.980044e+00,5.129268e+00,4.572095e+00,5.093657e+00,4.640976e+00,4.941947e+00,5.006380e+00,4.864614e+00,4.676648e+00,4.982530e+00,4.514454e+00,5.439768e+00,5.192336e+00,4.587558e+00,5.029141e+00,5.203990e+00,8.228768e+00,4.720284e+00,4.744429e+00,4.884114e+00,4.843009e+00,4.717295e+00,5.157585e+00,4.403238e+00,4.509393e+00,5.046040e+00,4.852938e+00,4.678496e+00,4.833242e+00,5.047073e+00,4.885996e+00,4.869007e+00,4.973327e+00,5.393834e+00,5.614209e+00,5.275816e+00,5.248090e+00,4.776545e+00,4.743501e+00,4.833728e+00,4.938966e+00,4.704584e+00,4.750460e+00,4.769654e+00,5.423660e+00,5.260229e+00,4.643318e+00,5.324781e+00,4.946081e+00,4.896779e+00,4.977623e+00,4.605709e+00,4.901455e+00,5.311076e+00,4.952456e+00,4.831070e+00,4.803391e+00,4.840338e+00,4.938969e+00,4.959837e+00,5.101904e+00,4.870351e+00,4.864269e+00,4.781269e+00,5.003276e+00,4.897157e+00,4.960887e+00,5.283086e+00,4.759985e+00,4.894822e+00,5.188113e+00,4.679482e+00,4.992355e+00,4.955399e+00,5.000400e+00,5.274746e+00,4.873843e+00,5.144304e+00,5.120273e+00,5.174666e+00,4.907299e+00,5.039610e+00,4.220828e+00,4.971032e+00,4.812061e+00,4.641002e+00,4.721548e+00,5.054327e+00,4.915421e+00,4.674612e+00,4.907766e+00,4.978988e+00,4.838262e+00,4.914992e+00,5.324386e+00,5.317508e+00,4.747654e+00,5.079878e+00,4.800249e+00,4.622044e+00,4.698474e+00,5.097763e+00,5.118925e+00,4.800962e+00,4.650845e+00,4.727150e+00,4.730669e+00,5.257599e+00,5.287650e+00,4.710541e+00,4.860496e+00,4.829710e+00,4.728732e+00,5.103325e+00,4.699030e+00,4.975342e+00,4.917637e+00,4.588418e+00,4.814278e+00,4.768935e+00,5.146234e+00,4.804672e+00,5.194620e+00,4.931462e+00,4.782654e+00,4.916647e+00,5.051452e+00,5.250008e+00,4.944343e+00,5.092795e+00,4.926605e+00,5.045382e+00,4.677408e+00,4.507937e+00,4.928520e+00,4.760941e+00,4.854808e+00,4.691294e+00,4.700240e+00,5.045862e+00,4.309489e+00,4.860399e+00,4.874425e+00,4.778837e+00,4.650982e+00,4.892910e+00,4.459782e+00,4.675685e+00,4.621735e+00,4.587334e+00,4.865492e+00,4.717517e+00,4.772476e+00,4.396877e+00,4.804379e+00,4.697086e+00,4.859724e+00,4.945801e+00
4.779498e+00,4.823915e+00,4.755972e+00,5.071728e+00,4.755498e+00,4.880386e+00,4.753077e+00,4.766817e+00,4.782883e+00,4.738351e+00,4.376339e+00,4.476492e+00,4.708725e+00,4.478282e+00,4.913547e+00,4.850290e+00,4.617932e+00,4.601058e+00,4.711631e+00,4.865979e+00,4.789918e+00,4.469470e+00,4.655923e+00,4.528942e+00,4.583283e+00,4.632361e+00,4.746567e+00,4.611534e+00,4.840995e+00,4.878480e+00,4.879949e+00,4.954560e+00,4.856061e+00,4.780211e+00,4.676954e+00,4.797389e+00,4.872751e+00,4.652538e+00,4.557340e+00,4.639946e+00,4.605573e+00,4.761161e+00,4.600253e+00,4.870004e+00,4.788605e+00,4.869213e+00,4.723699e+00,4.965657e+00,4.771008e+00,4.350545e+00,4.619230e+00,4.961739e+00,4.989310e+00,5.083008e+00,4.848365e+00,4.920032e+00,4.893798e+00,5.171457e+00,4.807104e+00,4.792316e+00,4.765411e+00,4.735600e+00,5.238188e+00,4.781760e+00,4.880159e+00,4.879679e+00,4.901023e+00,5.007361e+00,5.052433e+00,5.410872e+00,4.758976e+00,5.341803e+00,4.740931e+00,5.016170e+00,4.773567e+00,5.064344e+00,4.573011e+00,4.660046e+00,4.984918e+00,4.672257e+00,5.134277e+00,5.006436e+00,5.159201e+00,5.067575e+00,5.016559e+00,5.105667e+00,5.612020e+00,5.562046e+00,4.840479e+00,4.946573e+00,5.487746e+00,4.906908e+00,4.920473e+00,5.160492e+00,5.410972e+00,4.633256e+00,5.421712e+00,5.429489e+00,4.900463e+00,4.513650e+00,5.153058e+00,4.613240e+00,4.899672e+00,4.762902e+00,4.733270e+00,5.106598e+00,4.734293e+00,4.867342e+00,4.843713e+00,4.890383e+00,4.985233e+00,4.860274e+00,4.634656e+00,5.092051e+00,4.745689e+00,5.081559e+00,5.178274e+00,4.674452e+00,5.149778e+00,7.550245e+00,4.902171e+00,4.626564e+00,5.040854e+00,5.125232e+00,4.948911e+00,4.845871e+00,4.514505e+00,5.181669e+00,4.848437e+00,5.016098e+00,5.069187e+00,4.990026e+00,4.840501e+00,5.107773e+00,5.074643e+00,4.882727e+00,4.938032e+00,4.799731e+00,4.775535e+00,4.972634e+00,4.924522e+00,4.634422e+00,4.773363e+00,4.928309e+00,4.980049e+00,4.898588e+00,4.713271e+00,4.854918e+00,4.809432e+00,4.758068e+00,4.792488e+00,4.800372e+00,5.088433e+00,5.070197e+00,5.217686e+00,4.399457e+00,4.931875e+00,4.697603e+00,5.163861e+00,4.907326e+00,5.171202e+00,5.000950e+00,4.496336e+00,5.064785e+00,4.988047e+00,5.162448e+00,5.081512e+00,4.662211e+00,4.930212e+00,5.035867e+00,4.880853e+00,4.730014e+00,4.562173e+00,4.805218e+00,4.708487e+00,4.723526e+00,4.920007e+00,4.703390e+00,4.805745e+00,4.789428e+00,4.715525e+00,4.682583e+00,4.436129e+00,4.826533e+00,4.653336e+00,4.505623e+00,4.829273e+00,4.767177e+00,4.317333e+00,4.773780e+00,4.634511e+00,4.709150e+00,5.075369e+00,4.855200e+00,4.938073e+00,4.671882e+00,4.837968e+00,5.065632e+00,4.806735e+00,4.938680e+00,4.897415e+00,5.059209e+00,4.664476e+00,4.991221e+00,4.716054e+00,4.929386e+00,4.657806e+00,4.509922e+00,4.950783e+00,5.116057e+00,5.018826e+00,5.016504e+00,5.045984e+00,4.856301e+00,4.911433e+00,4.638891e+00,4.752297e+00,4.841051e+00,4.943933e+00,4.754813e+00,4.281192e+00,4.847144e+00,4.721407e+00,4.842782e+00,4.611687e+00,4.511871e+00,4.847264e+00,4.792948e+00
4.905248e+00,4.720446e+00,4.711716e+00,4.757355e+00,4.725361e+00,4.976060e+00,4.779460e+00,4.957232e+00,5.108494e+00,4.802433e+00,4.522684e+00,4.816362e+00,4.937306e+00,4.463621e+00,4.873051e+00,4.922944e+00,4.649743e+00,4.708352e+00,4.816603e+00,4.956845e+00,4.798204e+00,4.859555e+00,4.593961e+00,4.646488e+00,4.676196e+00,4.958935e+00,4.961857e+00,4.769116e+00,4.857368e+00,4.757628e+00,4.621788e+00,4.681885e+00,4.537700e+00,4.869300e+00,4.880117e+00,4.492872e+00,4.367108e+00,4.774066e+00,4.915908e+00,4.752134e+00,4.772976e+00,5.027894e+00,4.687119e+00,4.629892e+00,4.692477e+00,4.883027e+00,4.726621e+00,4.587464e+00,4.903145e+00,4.603291e+00,4.644722e+00,4.674550e+00,4.790757e+00,4.660476e+00,4.857821e+00,4.951836e+00,4.688169e+00,5.056966e+00,4.941803e+00,5.199908e+00,4.784877e+00,5.322015e+00,5.157631e+00,4.797324e+00,4.572884e+00,4.743972e+00,4.909377e+00,4.964143e+00,4.762316e+00,4.971658e+00,5.046790e+00,5.014141e+00,5.243534e+00,5.405659e+00,5.003508e+00,4.612999e+00,4.789334e+00,4.750594e+00,4.865076e+00,5.198534e+00,5.489753e+00,4.936346e+00,5.191035e+00,4.873782e+00,4.573250e+00,4.843903e+00,5.015178e+00,4.951349e+00,4.762524e+00,4.903042e+00,5.334909e+00,5.273013e+00,5.103958e+00,4.727461e+00,4.963353e+00,5.068686e+00,5.022921e+00,5.022870e+00,5.078903e+00,4.627278e+00,5.076824e+00,4.644035e+00,4.998114e+00,4.756581e+00,5.194892e+00,5.356915e+00,4.921241e+00,4.798303e+00,5.076100e+00,4.872186e+00,4.802113e+00,5.369887e+00,4.911879e+00,4.902334e+00,4.973059e+00,4.899431e+00,4.916658e+00,4.547974e+00,4.980574e+00,4.334657e+00,4.849424e+00,5.013263e+00,4.793535e+00,5.006327e+00,5.234058e+00,5.022144e+00,4.967474e+00,4.891373e+00,4.816016e+00,4.685962e+00,5.364387e+00,4.918814e+00,4.937740e+00,4.705435e+00,5.305346e+00,4.743339e+00,5.021681e+00,4.954487e+00,4.793820e+00,5.011521e+00,5.022096e+00,4.974172e+00,4.917604e+00,4.727316e+00,4.889210e+00,4.908927e+00,4.772205e+00,4.610795e+00,4.700899e+00,5.610505e+00,5.098611e+00,5.005384e+00,5.091733e+00,4.813258e+00,4.745115e+00,4.300180e+00,5.249118e+00,4.953492e+00,4.681158e+00,5.085139e+00,4.803391e+00,4.789249e+00,4.650489e+00,5.222775e+00,4.956197e+00,5.001849e+00,4.902676e+00,5.165044e+00,5.145440e+00,4.725270e+00,5.048710e+00,4.807293e+00,4.283062e+00,4.819465e+00,4.797629e+00,4.781234e+00,4.571309e+00,4.675846e+00,5.482130e+00,4.610895e+00,4.509547e+00,4.831217e+00,4.480375e+00,4.901915e+00,4.667086e+00,4.972960e+00,7.359710e+00,5.229157e+00,4.949772e+00,4.597814e+00,4.828439e+00,5.047777e+00,4.894999e+00,5.165773e+00,4.976975e+00,4.986338e+00,5.068484e+00,4.947442e+00,5.112188e+00,4.599292e+00,4.801540e+00,4.428171e+00,5.125812e+00,4.819951e+00,4.798839e+00,4.971441e+00,4.531606e+00,4.557551e+00,4.703217e+00,4.500152e+00,4.550772e+00,5.347077e+00,4.963831e+00,4.889858e+00,5.042070e+00,4.768771e+00,4.810136e+00,4.831171e+00,4.662136e+00,4.773063e+00,4.599031e+00,4.631936e+00,4.794794e+00,4.606750e+00,4.877917e+00,4.828535e+00,4.798693e+00,4.727264e+00
4.638590e+00,4.863569e+00,4.646255e+00,4.542242e+00,4.796807e+00,4.692269e+00,4.824231e+00,4.526608e+00,4.296397e+00,4.764608e+00,4.792193e+00,4.747289e+00,4.681025e+00,4.394335e+00,4.615831e+00,4.665524e+00,4.663229e+00,4.673377e+00,4.614995e+00,4.428218e+00,4.668643e+00,4.930595e+00,4.697961e+00,4.584642e+00,4.673560e+00,4.427774e+00,4.885582e+00,4.716825e+00,4.503819e+00,4.596938e+00,4.578598e+00,4.460040e+00,4.648705e+00,4.791223e+00,4.504439e+00,4.391415e+00,4.718513e+00,4.715641e+00,4.766487e+00,4.775929e+00,4.680990e+00,4.746105e+00,4.951310e+00,4.751107e+00,4.794934e+00,4.492720e+00,4.877268e+00,4.749039e+00,4.604700e+00,4.834267e+00,4.715931e+00,4.634965e+00,4.821637e+00,4.831601e+00,4.574451e+00,4.818492e+00,4.703013e+00,5.308158e+00,4.966039e+00,4.617384e+00,4.952293e+00,5.064026e+00,3.713366e+00,4.795703e+00,4.812423e+00,4.756362e+00,4.891887e+00,4.491145e+00,4.925625e+00,4.870700e+00,5.318810e+00,6.625870e+00,5.217279e+00,5.703381e+00,4.810367e+00,4.751981e+00,4.752700e+00,4.775457e+00,4.751914e+00,4.553536e+00,4.782152e+00,4.836346e+00,6.079994e+00,4.860910e+00,5.212691e+00,4.968568e+00,4.776643e+00,4.859019e+00,5.634670e+00,4.954868e+00,4.695575e+00,4.899522e+00,4.612603e+00,5.054842e+00,4.567380e+00,5.479670e+00,4.619246e+00,4.521858e+00,4.898064e+00,4.627328e+00,5.099138e+00,5.030538e+00,4.920075e+00,5.337266e+00,4.698678e+00,5.494542e+00,5.154494e+00,5.106075e+00,4.846247e+00,6.935620e+00,4.672127e+00,4.802326e+00,5.777521e+00,5.010225e+00,5.282653e+00,4.938793e+00,4.750448e+00,4.817761e+00,5.188102e+00,4.913623e+00,4.937055e+00,5.043111e+00,4.977655e+00,5.113974e+00,5.308297e+00,4.939845e+00,5.030855e+00,4.819150e+00,4.944885e+00,5.261755e+00,6.335361e+00,5.515993e+00,4.915526e+00,4.682329e+00,4.695752e+00,4.599608e+00,4.675928e+00,4.707775e+00,4.847925e+00,4.722194e+00,4.674084e+00,4.647005e+00,4.665839e+00,4.675253e+00,4.813742e+00,4.632510e+00,4.458645e+00,4.763703e+00,4.573596e+00,4.756406e+00,4.661979e+00,4.939735e+00,5.101305e+00,5.405299e+00,5.260974e+00,4.787565e+00,4.627580e+00,5.065764e+00,5.131299e+00,5.345614e+00,4.989225e+00,4.670148e+00,4.824132e+00,5.132006e+00,5.000326e+00,5.231989e+00,4.866750e+00,4.969868e+00,5.001783e+00,4.927038e+00,4.747622e+00,5.068379e+00,4.866202e+00,4.876143e+00,4.803917e+00,5.045400e+00,5.076857e+00,5.108136e+00,5.002340e+00,4.962636e+00,4.944453e+00,5.148585e+00,4.720744e+00,4.663737e+00,4.607804e+00,4.868017e+00,4.705711e+00,4.793409e+00,4.644010e+00,5.021563e+00,4.923846e+00,4.973349e+00,5.082033e+00,4.975170e+00,4.913854e+00,4.684541e+00,5.343220e+00,4.972815e+00,4.945244e+00,4.931497e+00,5.332336e+00,4.667632e+00,4.935961e+00,5.253441e+00,4.611050e+00,4.569256e+00,4.839766e+00,4.641295e+00,4.588704e+00,4.687293e+00,4.811254e+00,4.802106e+00,4.929879e+00,4.866029e+00,4.654564e+00,5.018995e+00,4.792131e+00,4.679881e+00,4.635229e+00,4.677918e+00,4.759064e+00,4.579151e+00,4.725827e+00,4.966578e+00,4.699956e+00,4.827299e+00,4.586234e+00,4.517895e+00
4.704826e+00,4.606824e+00,4.569269e+00,4.567646e+00,4.648437e+00,4.722574e+00,4.730899e+00,4.693925e+00,4.631958e+00,4.749423e+00,4.647332e+00,4.456036e+00,4.643327e+00,4.593585e+00,4.762408e+00,4.744730e+00,4.701733e+00,4.375014e+00,4.860484e+00,4.858743e+00,4.547260e+00,4.715477e+00,4.518058e+00,4.803673e+00,4.695433e+00,4.725286e+00,4.698394e+00,4.785947e+00,4.774152e+00,4.871503e+00,4.863028e+00,4.831829e+00,4.486648e+00,4.791903e+00,4.794710e+00,4.704028e+00,4.826494e+00,4.793685e+00,4.687009e+00,5.034709e+00,4.690675e+00,4.766470e+00,4.727369e+00,4.772878e+00,4.732020e+00,4.537260e+00,4.750004e+00,4.657451e+00,4.649741e+00,4.776640e+00,4.793487e+00,4.706445e+00,5.186116e+00,4.748938e+00,4.924285e+00,4.990638e+00,4.716779e+00,4.951284e+00,4.818155e+00,4.809797e+00,4.674769e+00,4.911886e+00,4.836131e+00,4.757248e+00,5.052789e+00,5.295877e+00,4.565266e+00,5.011641e+00,4.731465e+00,4.966299e+00,5.638670e+00,5.504323e+00,4.765991e+00,4.759102e+00,5.095840e+00,4.641027e+00,4.854772e+00,5.030031e+00,4.664348e+00,4.868808e+00,5.127210e+00,4.897884e+00,4.951375e+00,4.620298e+00,5.021019e+00,5.680745e+00,5.106961e+00,4.377389e+00,4.846340e+00,4.954023e+00,4.930810e+00,4.855174e+00,4.684586e+00,4.901671e+00,4.788088e+00,4.951055e+00,4.962692e+00,4.684728e+00,4.836402e+00,5.420857e+00,4.880788e+00,4.974201e+00,4.935046e+00,5.118803e+00,4.942045e+00,5.023209e+00,5.011600e+00,5.145967e+00,4.720275e+00,5.083371e+00,4.867132e+00,6.338595e+00,5.004260e+00,4.980430e+00,4.723324e+00,5.128511e+00,5.097685e+00,5.330966e+00,4.860434e+00,4.993412e+00,5.286445e+00,5.156880e+00,4.427558e+00,4.553387e+00,4.882157e+00,5.620479e+00,4.891252e+00,5.069449e+00,4.621388e+00,5.354154e+00,4.664467e+00,4.942372e+00,4.777938e+00,4.762888e+00,4.430777e+00,4.804136e+00,4.819629e+00,4.907497e+00,4.762904e+00,5.004276e+00,4.694049e+00,5.011082e+00,4.850128e+00,5.033555e+00,5.094720e+00,4.885638e+00,4.774281e+00,4.673881e+00,4.660816e+00,4.895128e+00,4.680016e+00,5.031127e+00,4.872512e+00,4.628495e+00,4.492566e+00,4.959038e+00,6.053290e+00,5.169179e+00,4.981841e+00,4.725192e+00,4.613722e+00,4.868532e+00,4.879789e+00,5.756357e+00,4.952816e+00,4.790982e+00,4.952190e+00,4.931588e+00,4.637953e+00,5.001702e+00,5.074237e+00,4.957841e+00,5.059537e+00,4.870236e+00,4.747120e+00,4.851961e+00,5.079580e+00,4.858575e+00,4.708470e+00,4.991712e+00,4.831835e+00,4.569289e+00,4.888153e+00,4.605216e+00,4.357836e+00,4.806218e+00,4.624588e+00,4.522005e+00,5.379524e+00,5.053591e+00,5.006172e+00,5.193119e+00,4.777120e+00,4.987581e+00,5.072229e+00,4.850716e+00,4.850377e+00,4.884870e+00,4.923471e+00,4.891096e+00,4.952406e+00,5.262494e+00,4.785913e+00,5.029277e+00,4.917960e+00,5.275082e+00,4.584150e+00,4.965745e+00,4.868904e+00,4.907042e+00,4.479971e+00,4.526199e+00,5.158450e+00,4.985582e+00,4.752379e+00,4.592628e+00,4.751305e+00,4.465301e+00,4.691540e+00,4.659936e+00,4.759428e+00,4.709065e+00,4.607509e+00,4.778992e+00,4.649428e+00,4.635658e+00,4.826145e+00,4.549780e+00
4.699939e+00,4.413731e+00,4.904824e+00,4.452803e+00,4.747702e+00,4.535830e+00,4.661536e+00,4.710541e+00,4.502606e+00,4.655759e+00,4.811838e+00,4.357300e+00,4.919817e+00,4.580139e+00,4.828535e+00,4.527854e+00,4.578560e+00,4.504432e+00,4.567361e+00,4.708070e+00,4.600464e+00,4.632955e+00,4.661988e+00,4.723453e+00,4.484300e+00,4.526290e+00,4.738573e+00,4.771995e+00,4.721955e+00,4.763448e+00,4.807469e+00,4.660545e+00,4.783619e+00,4.719848e+00,4.694663e+00,4.676907e+00,4.844907e+00,4.863556e+00,4.854690e+00,5.065761e+00,5.148242e+00,4.704359e+00,4.421552e+00,4.680698e+00,4.788598e+00,4.861924e+00,4.603363e+00,4.763357e+00,4.521136e+00,4.701493e+00,4.699927e+00,4.968631e+00,4.729822e+00,4.853464e+00,4.875071e+00,5.000188e+00,5.012043e+00,4.809610e+00,4.969251e+00,5.047361e+00,4.758705e+00,4.485606e+00,4.760402e+00,4.822053e+00,5.107803e+00,4.987794e+00,5.097099e+00,5.025236e+00,4.910193e+00,4.907458e+00,7.012998e+00,5.997049e+00,6.283211e+00,5.351999e+00,5.336958e+00,4.806170e+00,5.043618e+00,4.306814e+00,4.680507e+00,4.797652e+00,4.981902e+00,4.825220e+00,4.961497e+00,5.505055e+00,4.966644e+00,4.802093e+00,5.222951e+00,4.946403e+00,5.343749e+00,4.643647e+00,5.064143e+00,4.838786e+00,5.026132e+00,4.841196e+00,4.933952e+00,4.973136e+00,5.047300e+00,5.124918e+00,4.923642e+00,5.011624e+00,4.844756e+00,5.164577e+00,4.845166e+00,4.858045e+00,5.091214e+00,4.605301e+00,4.619563e+00,5.201669e+00,4.814396e+00,4.813937e+00,4.908683e+00,4.886584e+00,4.853910e+00,5.169918e+00,4.647398e+00,4.959139e+00,5.491415e+00,4.938574e+00,5.195410e+00,4.611735e+00,4.677338e+00,5.157299e+00,5.606971e+00,8.093566e+00,5.222061e+00,5.194510e+00,5.193131e+00,4.421904e+00,4.527431e+00,4.760878e+00,4.760817e+00,4.789856e+00,4.582593e+00,4.562489e+00,4.416689e+00,4.836519e+00,4.962622e+00,4.932745e+00,5.131496e+00,4.638388e+00,4.684703e+00,4.885727e+00,4.368186e+00,4.725042e+00,4.635296e+00,4.603307e+00,4.518104e+00,4.599411e+00,4.904774e+00,4.542575e+00,4.525292e+00,4.703366e+00,4.623469e+00,4.791921e+00,4.556778e+00,4.336830e+00,4.684795e+00,5.180373e+00,9.565692e+00,4.995686e+00,4.400020e+00,5.176970e+00,5.042242e+00,5.018646e+00,5.269959e+00,4.894115e+00,4.886134e+00,5.038680e+00,4.676603e+00,4.998687e+00,4.940373e+00,4.731579e+00,5.026365e+00,5.167080e+00,4.819538e+00,5.115190e+00,5.347399e+00,4.955113e+00,5.246644e+00,4.934283e+00,4.687967e+00,4.589576e+00,4.724627e+00,4.659798e+00,4.481461e+00,4.797649e+00,4.914097e+00,4.453362e+00,5.164971e+00,5.007426e+00,4.875127e+00,5.175771e+00,4.919368e+00,4.968528e+00,5.164197e+00,4.785033e+00,4.981094e+00,5.170547e+00,5.202454e+00,4.885562e+00,5.230672e+00,5.187094e+00,5.259350e+00,4.610678e+00,4.715341e+00,4.696023e+00,5.135499e+00,4.764337e+00,4.600553e+00,4.326814e+00,4.403861e+00,4.380462e+00,4.981375e+00,4.889300e+00,4.777593e+00,4.504234e+00,4.982727e+00,4.654381e+00,4.645337e+00,4.535318e+00,4.664749e+00,4.607954e+00,4.607803e+00,4.752077e+00,4.716769e+00,4.724233e+00,4.770126e+00,4.564520e+00
4.709403e+00,4.564139e+00,4.391878e+00,4.478406e+00,4.679786e+00,4.650078e+00,4.892418e+00,4.720962e+00,4.389252e+00,4.776547e+00,4.686970e+00,4.806860e+00,4.334765e+00,4.703457e+00,4.723415e+00,4.738953e+00,4.644787e+00,4.823992e+00,4.537726e+00,4.658000e+00,4.649475e+00,4.635051e+00,4.683183e+00,4.581185e+00,4.556934e+00,4.738429e+00,4.819247e+00,4.704585e+00,4.692773e+00,4.801405e+00,4.705861e+00,4.590498e+00,4.508573e+00,4.636825e+00,4.959218e+00,4.607914e+00,4.389017e+00,4.516935e+00,4.587832e+00,5.099876e+00,4.543727e+00,4.749849e+00,4.777979e+00,4.694116e+00,4.586018e+00,4.492885e+00,4.709675e+00,4.903700e+00,4.858574e+00,4.939964e+00,4.943350e+00,4.648713e+00,5.023852e+00,4.752270e+00,5.317365e+00,4.905623e+00,5.222941e+00,4.970037e+00,4.957796e+00,4.622494e+00,4.564032e+00,4.280390e+00,4.691740e+00,4.566760e+00,5.171331e+00,4.829868e+00,5.125160e+00,5.029925e+00,4.856151e+00,5.208555e+00,5.310919e+00,5.071195e+00,7.699094e+00,5.939572e+00,5.077575e+00,4.890990e+00,5.205485e+00,4.829524e+00,4.673171e+00,4.692593e+00,4.819568e+00,5.033235e+00,4.939305e+00,6.646132e+00,5.070982e+00,4.911629e+00,4.986024e+00,5.266638e+00,4.958799e+00,4.933929e+00,5.032086e+00,5.054355e+00,4.740122e+00,4.962362e+00,4.866154e+00,4.674880e+00,5.582934e+00,5.265873e+00,4.840912e+00,5.472476e+00,4.590051e+00,5.049148e+00,4.845914e+00,5.121343e+00,5.087430e+00,5.181572e+00,4.951711e+00,5.534587e+00,4.990787e+00,5.011825e+00,5.260444e+00,4.759237e+00,5.095568e+00,4.584240e+00,5.112551e+00,4.623021e+00,4.895370e+00,4.902311e+00,5.205271e+00,4.911213e+00,5.002744e+00,5.170923e+00,4.734251e+00,4.940978e+00,5.147692e+00,5.136549e+00,4.846274e+00,4.293308e+00,4.709432e+00,4.943473e+00,4.784904e+00,4.718148e+00,5.268713e+00,4.803125e+00,4.487474e+00,4.922134e+00,4.827783e+00,4.597955e+00,4.829607e+00,4.759268e+00,4.864518e+00,4.850071e+00,4.717731e+00,4.697451e+00,4.863375e+00,4.836240e+00,4.854525e+00,4.666810e+00,4.824535e+00,4.705776e+00,4.752706e+00,4.882698e+00,5.111320e+00,5.026308e+00,4.270420e+00,4.867489e+00,4.903256e+00,4.472987e+00,4.354067e+00,4.721048e+00,6.193671e+00,4.920158e+00,5.085101e+00,5.376903e+00,4.952999e+00,4.803354e+00,5.364117e+00,5.028677e+00,5.269069e+00,5.075054e+00,4.972623e+00,5.004862e+00,5.158565e+00,5.070522e+00,5.023187e+00,4.617289e+00,4.867897e+00,5.127473e+00,5.106820e+00,4.754433e+00,4.717475e+00,5.027123e+00,4.449546e+00,4.751857e+00,4.772343e+00,4.917416e+00,4.766961e+00,4.969858e+00,5.406940e+00,4.778663e+00,4.986452e+00,5.204101e+00,4.860028e+00,4.849417e+00,5.022732e+00,5.575477e+00,5.053201e+00,5.244476e+00,4.815363e+00,5.003184e+00,4.808540e+00,5.290404e+00,5.120957e+00,5.388733e+00,5.082675e+00,4.782049e+00,5.092029e+00,4.632591e+00,4.899360e+00,4.713585e+00,4.493732e+00,4.876126e+00,5.128028e+00,4.962248e+00,5.132299e+00,4.576114e+00,5.132986e+00,4.678665e+00,4.399813e+00,4.713565e+00,4.774280e+00,4.805804e+00,4.693277e+00,4.731235e+00,4.617456e+00,4.572006e+00,4.775933e+00,4.660509e+00
4.929519e+00,4.399810e+00,4.643765e+00,4.854766e+00,4.618042e+00,4.533249e+00,4.637970e+00,4.752168e+00,4.424894e+00,4.629097e+00,4.800811e+00,4.698278e+00,4.618641e+00,4.914734e+00,4.353188e+00,4.577325e+00,4.426081e+00,4.682192e+00,4.675604e+00,4.600638e+00,4.752271e+00,4.717556e+00,4.831469e+00,4.528679e+00,4.592126e+00,4.542787e+00,4.734423e+00,4.809269e+00,4.701801e+00,4.800226e+00,4.795225e+00,4.685815e+00,4.576416e+00,4.614425e+00,4.779653e+00,4.756388e+00,4.844849e+00,4.700743e+00,4.774437e+00,5.130799e+00,4.753476e+00,4.854337e+00,4.797835e+00,4.708355e+00,4.770425e+00,4.707423e+00,4.825458e+00,4.762687e+00,4.946221e+00,4.879589e+00,4.998875e+00,5.213882e+00,4.886776e+00,4.709459e+00,5.058738e+00,4.611269e+00,5.215543e+00,5.004412e+00,4.938476e+00,4.900884e+00,4.892582e+00,4.744936e+00,5.051940e+00,4.897606e+00,5.061712e+00,5.058748e+00,4.623128e+00,4.969569e+00,4.829144e+00,4.515552e+00,5.065881e+00,4.911511e+00,5.514250e+00,5.171700e+00,5.677886e+00,4.604706e+00,4.672463e+00,4.894621e+00,4.349940e+00,4.798046e+00,4.674809e+00,4.636950e+00,4.900141e+00,4.937929e+00,5.046519e+00,5.138851e+00,6.077402e+00,5.624249e+00,4.815779e+00,4.892720e+00,4.980804e+00,4.820532e+00,5.396831e+00,4.732431e+00,4.975760e+00,5.497348e+00,4.892510e+00,4.705865e+00,4.845462e+00,5.106353e+00,5.966903e+00,4.858732e+00,4.909187e+00,5.804158e+00,4.654965e+00,4.976772e+00,5.753844e+00,5.064154e+00,5.050691e+00,6.580482e+00,4.963475e+00,5.007562e+00,4.950375e+00,5.168647e+00,4.893479e+00,4.993342e+00,4.928117e+00,5.513556e+00,5.466907e+00,4.754858e+00,5.001851e+00,4.891936e+00,4.806927e+00,5.019291e+00,4.641704e+00,4.841698e+00,4.598204e+00,4.735345e+00,4.718795e+00,4.646566e+00,4.806141e+00,4.352005e+00,4.504453e+00,4.724604e+00,4.894380e+00,4.822878e+00,4.855656e+00,4.697170e+00,4.780524e+00,4.554829e+00,4.898750e+00,4.577559e+00,5.017482e+00,4.444605e+00,5.071061e+00,4.893765e+00,4.677610e+00,5.051575e+00,4.941932e+00,4.925014e+00,4.797266e+00,4.837041e+00,5.041223e+00,4.866631e+00,4.578983e+00,4.591762e+00,4.598430e+00,4.789146e+00,5.022138e+00,4.732448e+00,4.612659e+00,5.031312e+00,4.984865e+00,5.247235e+00,5.190633e+00,4.918300e+00,4.924307e+00,4.937560e+00,5.013445e+00,5.087671e+00,5.102868e+00,4.952238e+00,5.326479e+00,4.661617e+00,5.034572e+00,4.890210e+00,5.060414e+00,5.221730e+00,4.884497e+00,4.827851e+00,4.878424e+00,4.908874e+00,4.398870e+00,4.926747e+00,4.935920e+00,4.921198e+00,5.000825e+00,5.056091e+00,5.481724e+00,4.954438e+00,4.911942e+00,4.914347e+00,5.149158e+00,5.294199e+00,4.656367e+00,4.786775e+00,5.072615e+00,5.041029e+00,5.060148e+00,5.200763e+00,4.839797e+00,5.009728e+00,4.775928e+00,5.177527e+00,5.224789e+00,5.084879e+00,4.938663e+00,4.821639e+00,4.771847e+00,4.762997e+00,4.572978e+00,4.907878e+00,5.582601e+00,4.595880e+00,5.181687e+00,4.635855e+00,4.655046e+00,4.599552e+00,4.783502e+00,4.594861e+00,4.728883e+00,4.617298e+00,4.441657e+00,4.713531e+00,4.680952e+00,4.808041e+00,4.775327e+00,4.467649e+00
4.623959e+00,4.502106e+00,4.690675e+00,4.769303e+00,4.784754e+00,4.652715e+00,4.881685e+00,4.858783e+00,4.813824e+00,4.832191e+00,4.722705e+00,4.597546e+00,4.811351e+00,4.885132e+00,4.823869e+00,4.617950e+00,4.606000e+00,4.798518e+00,4.897378e+00,4.834455e+00,4.722483e+00,4.639064e+00,4.683334e+00,4.689912e+00,4.612245e+00,4.576035e+00,4.478307e+00,4.555613e+00,4.706346e+00,4.904702e+00,4.712719e+00,4.807645e+00,4.874747e+00,4.709767e+00,4.753199e+00,4.778302e+00,5.168166e+00,4.792150e+00,4.678252e+00,4.891886e+00,4.765010e+00,4.533037e+00,4.740166e+00,4.730799e+00,4.768726e+00,4.576159e+00,4.730308e+00,4.762818e+00,4.725683e+00,4.657989e+00,4.519238e+00,4.744953e+00,5.023268e+00,4.678167e+00,5.118203e+00,4.989757e+00,4.782492e+00,4.827947e+00,5.173449e+00,4.725067e+00,4.741450e+00,4.604608e+00,4.595346e+00,4.720004e+00,4.930552e+00,4.919233e+00,4.957776e+00,5.176903e+00,4.754012e+00,4.795061e+00,9.130349e+00,5.139613e+00,5.364962e+00,4.816596e+00,4.836683e+00,4.990073e+00,5.174272e+00,4.873894e+00,4.701975e+00,4.834408e+00,4.929875e+00,4.733689e+00,4.633145e+00,4.990693e+00,4.944353e+00,4.671347e+00,5.314372e+00,5.096583e+00,4.913934e+00,4.634580e+00,4.779819e+00,4.674312e+00,5.291157e+00,4.949417e+00,5.862150e+00,5.071876e+00,5.240619e+00,5.683263e+00,5.009876e+00,5.298179e+00,6.436723e+00,5.099459e+00,4.956731e+00,5.608929e+00,5.605648e+00,4.557111e+00,4.461604e+00,5.297264e+00,4.854996e+00,4.731164e+00,5.304415e+00,4.880166e+00,5.022386e+00,5.211781e+00,4.573995e+00,5.080974e+00,5.930206e+00,4.466320e+00,5.131729e+00,5.099128e+00,9.613021e+00,4.861655e+00,4.559955e+00,4.315502e+00,4.573447e+00,4.906647e+00,4.660727e+00,4.549159e+00,4.595172e+00,4.866445e+00,4.819268e+00,4.603913e+00,4.925520e+00,4.566197e+00,4.998157e+00,4.885069e+00,4.855763e+00,4.781873e+00,4.845131e+00,4.964235e+00,4.700659e+00,4.782065e+00,4.911117e+00,4.772308e+00,4.908387e+00,4.716827e+00,5.001380e+00,4.918484e+00,4.808739e+00,5.196416e+00,4.995704e+00,5.403911e+00,4.908795e+00,5.191575e+00,4.790292e+00,4.917279e+00,4.790993e+00,4.614140e+00,4.769212e+00,4.702602e+00,4.713892e+00,4.701573e+00,4.591447e+00,4.833475e+00,4.994320e+00,5.061223e+00,5.075983e+00,5.097661e+00,4.981590e+00,4.878958e+00,4.635331e+00,4.904291e+00,5.120908e+00,5.060691e+00,4.879252e+00,5.409333e+00,5.012521e+00,5.242449e+00,5.148768e+00,4.584561e+00,4.779336e+00,4.746357e+00,4.713876e+00,4.778555e+00,4.737299e+00,4.678513e+00,5.364989e+00,4.978700e+00,4.442468e+00,5.015109e+00,4.958694e+00,4.370036e+00,4.978727e+00,5.287752e+00,4.790782e+00,4.951953e+00,4.954215e+00,5.270095e+00,4.994860e+00,5.137484e+00,4.888084e+00,5.106677e+00,5.030767e+00,5.136198e+00,5.190942e+00,5.026951e+00,5.142570e+00,4.979056e+00,4.806784e+00,4.565091e+00,4.845768e+00,4.610175e+00,4.913412e+00,4.958658e+00,4.514002e+00,4.979708e+00,4.764275e+00,4.823931e+00,4.918129e+00,4.856116e+00,4.695591e+00,4.892147e+00,4.882622e+00,4.713547e+00,4.909106e+00,5.000255e+00,4.800953e+00,4.759183e+00
4.806451e+00,4.516994e+00,4.756102e+00,4.633715e+00,4.650780e+00,4.806578e+00,4.705785e+00,4.771709e+00,4.858619e+00,4.451147e+00,4.802109e+00,4.737624e+00,4.694673e+00,4.764827e+00,4.729703e+00,4.696702e+00,4.326294e+00,4.632274e+00,4.613443e+00,4.581008e+00,4.602030e+00,4.685311e+00,4.540073e+00,4.776472e+00,4.474853e+00,4.788506e+00,4.247410e+00,4.626087e+00,4.742410e+00,4.709273e+00,4.592930e+00,4.789406e+00,4.263220e+00,4.451102e+00,4.578680e+00,4.785116e+00,4.703228e+00,5.001319e+00,5.152749e+00,5.012430e+00,4.704459e+00,4.806842e+00,4.817237e+00,4.701988e+00,4.834670e+00,4.972456e+00,5.003862e+00,5.069594e+00,4.697644e+00,4.875218e+00,5.110244e+00,4.873625e+00,4.611505e+00,5.092373e+00,5.135633e+00,4.800832e+00,5.064594e+00,5.085528e+00,5.321196e+00,4.505139e+00,4.734486e+00,4.754967e+00,5.017814e+00,4.803163e+00,5.233094e+00,4.955387e+00,5.083166e+00,5.065291e+00,5.135599e+00,4.627810e+00,6.220683e+00,7.263121e+00,5.198661e+00,9.528521e+00,4.891366e+00,5.761370e+00,5.182649e+00,4.937229e+00,4.600567e+00,4.713310e+00,4.611627e+00,4.432916e+00,4.853473e+00,6.879536e+00,6.010948e+00,5.096977e+00,4.993388e+00,4.719446e+00,5.158317e+00,5.102042e+00,4.686294e+00,5.080998e+00,5.092037e+00,4.774014e+00,6.017380e+00,4.449657e+00,5.065020e+00,4.355492e+00,5.051119e+00,6.434977e+00,5.238125e+00,4.519301e+00,4.762435e+00,4.852381e+00,5.210650e+00,5.130118e+00,5.115862e+00,5.185520e+00,4.931719e+00,5.060668e+00,4.911568e+00,5.425394e+00,5.024816e+00,4.918538e+00,4.999194e+00,5.060367e+00,4.961939e+00,4.852141e+00,5.129840e+00,4.671701e+00,4.776343e+00,4.723351e+00,4.808491e+00,4.689296e+00,4.806023e+00,4.688022e+00,4.761571e+00,4.718276e+00,4.953436e+00,5.210895e+00,4.591214e+00,4.825111e+00,5.149435e+00,4.275639e+00,5.129962e+00,4.582434e+00,4.880083e+00,4.547183e+00,4.798938e+00,4.922028e+00,4.649771e+00,4.663970e+00,4.943815e+00,4.923133e+00,4.711006e+00,4.897892e+00,4.963073e+00,4.932798e+00,5.022619e+00,4.432315e+00,4.564591e+00,5.082840e+00,5.048663e+00,5.011356e+00,4.808142e+00,5.008293e+00,4.917856e+00,4.689610e+00,4.605615e+00,4.702950e+00,4.724884e+00,4.715698e+00,4.750965e+00,4.488571e+00,4.925331e+00,5.399857e+00,5.163696e+00,5.125770e+00,4.756927e+00,5.211444e+00,5.141195e+00,4.897103e+00,4.739185e+00,4.790483e+00,5.098754e+00,4.863148e+00,4.733535e+00,5.129351e+00,4.633042e+00,4.681241e+00,5.011637e+00,4.917482e+00,4.653758e+00,5.074608e+00,5.200306e+00,4.865016e+00,5.019167e+00,5.217821e+00,4.888789e+00,5.200142e+00,4.766529e+00,5.223356e+00,5.577874e+00,4.745089e+00,5.408597e+00,4.821992e+00,4.997858e+00,5.277000e+00,5.172164e+00,4.843548e+00,4.897316e+00,4.759310e+00,5.047380e+00,4.780698e+00,5.274504e+00,4.981303e+00,4.897424e+00,5.198282e+00,4.569831e+00,4.745944e+00,4.332572e+00,4.734516e+00,4.760232e+00,4.723560e+00,5.073386e+00,5.090894e+00,4.674806e+00,5.010885e+00,4.991031e+00,4.957776e+00,4.606919e+00,4.770764e+00,4.786476e+00,4.743566e+00,4.777732e+00,4.617134e+00,4.911106e+00,4.793656e+00
4.452233e+00,4.655301e+00,4.892318e+00,4.596266e+00,4.378302e+00,4.734714e+00,4.558546e+00,4.673342e+00,4.706059e+00,4.718795e+00,4.806108e+00,4.621017e+00,4.670520e+00,4.774551e+00,4.548399e+00,4.714598e+00,4.796012e+00,4.577228e+00,4.672541e+00,4.812269e+00,4.673360e+00,4.550090e+00,4.826231e+00,4.762508e+00,4.493414e+00,4.815257e+00,4.758559e+00,4.477487e+00,4.781478e+00,4.666025e+00,4.735810e+00,4.780560e+00,4.537828e+00,4.682741e+00,4.602579e+00,4.950161e+00,4.897596e+00,4.905588e+00,5.153838e+00,4.779911e+00,4.935750e+00,4.869499e+00,4.689036e+00,4.736318e+00,4.821624e+00,4.500762e+00,4.809743e+00,4.735057e+00,5.194992e+00,4.842580e+00,5.078712e+00,5.019022e+00,4.901592e+00,5.053690e+00,4.483429e+00,5.081175e+00,5.026293e+00,4.607308e+00,4.783846e+00,4.819230e+00,4.731060e+00,5.088662e+00,4.765987e+00,5.069918e+00,5.179792e+00,4.928256e+00,4.812064e+00,5.023694e+00,5.020663e+00,4.974418e+00,5.182000e+00,4.895253e+00,9.477120e+00,4.679241e+00,4.712798e+00,4.912571e+00,4.827538e+00,4.938860e+00,4.797399e+00,4.948303e+00,4.637591e+00,4.532311e+00,4.921224e+00,5.252207e+00,4.755578e+00,5.100385e+00,4.924793e+00,4.675181e+00,4.986833e+00,5.150252e+00,4.625112e+00,5.282688e+00,5.048929e+00,5.431356e+00,4.770951e+00,4.998577e+00,5.088684e+00,4.774064e+00,5.063120e+00,4.898452e+00,4.878913e+00,4.666691e+00,5.122685e+00,5.024220e+00,4.900015e+00,4.705073e+00,4.805717e+00,5.070777e+00,4.997915e+00,5.088007e+00,5.096049e+00,5.010191e+00,5.322851e+00,5.197060e+00,5.091677e+00,4.782975e+00,4.719631e+00,4.821597e+00,4.920209e+00,4.843912e+00,4.605680e+00,5.061367e+00,4.693944e+00,5.043289e+00,4.754438e+00,4.800952e+00,4.945288e+00,4.875661e+00,4.859829e+00,4.597040e+00,4.722667e+00,5.244735e+00,4.568436e+00,5.267912e+00,4.790840e+00,4.531945e+00,4.866909e+00,5.033776e+00,4.841015e+00,4.882438e+00,5.137464e+00,4.508504e+00,5.165801e+00,4.772551e+00,4.693744e+00,4.697994e+00,4.732961e+00,4.885307e+00,5.071414e+00,4.917170e+00,5.039408e+00,5.085753e+00,5.060958e+00,4.802357e+00,4.906680e+00,4.800823e+00,4.914901e+00,4.741042e+00,4.850216e+00,4.502660e+00,5.011947e+00,5.363615e+00,4.883426e+00,4.782464e+00,4.972318e+00,5.119375e+00,5.126555e+00,5.005831e+00,4.955616e+00,4.174984e+00,4.890927e+00,5.075061e+00,5.076257e+00,5.013229e+00,5.304091e+00,4.572495e+00,4.867159e+00,4.907119e+00,4.383336e+00,4.620510e+00,4.734253e+00,4.593444e+00,4.867564e+00,5.221438e+00,5.112761e+00,5.099819e+00,4.833927e+00,5.050118e+00,5.007055e+00,5.030072e+00,4.654220e+00,4.991127e+00,5.152362e+00,4.967741e+00,5.147765e+00,4.915587e+00,4.834198e+00,5.203350e+00,4.920217e+00,4.796552e+00,4.762272e+00,5.015711e+00,4.870690e+00,5.048225e+00,4.830067e+00,5.010117e+00,4.836665e+00,4.929756e+00,5.048256e+00,4.639836e+00,4.863139e+00,4.750455e+00,4.309116e+00,4.958579e+00,4.625494e+00,4.893471e+00,4.828925e+00,4.779222e+00,4.828010e+00,4.788249e+00,4.845509e+00,4.861377e+00,4.503119e+00,4.820445e+00,4.737850e+00,4.892532e+00,4.712301e+00,4.460513e+00
4.632560e+00,4.733155e+00,4.670997e+00,4.791558e+00,4.785180e+00,4.844269e+00,4.645399e+00,4.883607e+00,4.834529e+00,4.979346e+00,4.891634e+00,5.040467e+00,4.694251e+00,4.703598e+00,5.047880e+00,4.803325e+00,4.663641e+00,4.712474e+00,4.864481e+00,3.912322e+00,4.698151e+00,4.487560e+00,4.726826e+00,4.717829e+00,5.085891e+00,4.627230e+00,4.721198e+00,4.773965e+00,4.626462e+00,4.862277e+00,4.791700e+00,4.804952e+00,4.628961e+00,4.606442e+00,4.703248e+00,4.760127e+00,5.029227e+00,4.943820e+00,4.688944e+00,4.729442e+00,4.858580e+00,4.800462e+00,4.779613e+00,4.754537e+00,4.676516e+00,4.878778e+00,4.870168e+00,4.991922e+00,4.706251e+00,4.811291e+00,4.941457e+00,4.958587e+00,5.146505e+00,4.869600e+00,4.557178e+00,4.803967e+00,5.072764e+00,5.065606e+00,4.644354e+00,5.026874e+00,4.760573e+00,4.677023e+00,4.913026e+00,4.855232e+00,5.184765e+00,4.988559e+00,4.768779e+00,4.801363e+00,7.341183e+00,5.132060e+00,5.022853e+00,5.721996e+00,4.715840e+00,6.079312e+00,5.036915e+00,4.957911e+00,5.066115e+00,5.003563e+00,4.918291e+00,4.837964e+00,4.949905e+00,4.741025e+00,4.940313e+00,4.953281e+00,4.844141e+00,8.136684e+00,5.389343e+00,4.496540e+00,5.249501e+00,5.999261e+00,4.717187e+00,4.522013e+00,5.476872e+00,7.330641e+00,4.583560e+00,5.369842e+00,5.199264e+00,6.387963e+00,5.395223e+00,5.443772e+00,5.024695e+00,4.901029e+00,4.954765e+00,4.870855e+00,4.612531e+00,4.585456e+00,5.181815e+00,7.955112e+00,6.582869e+00,4.858699e+00,4.867380e+00,4.841677e+00,5.084276e+00,4.843140e+00,4.925075e+00,4.837507e+00,4.794964e+00,4.981146e+00,4.777584e+00,4.688245e+00,4.839903e+00,5.077027e+00,4.684663e+00,4.869383e+00,5.150666e+00,4.481172e+00,4.773863e+00,4.861323e+00,4.968080e+00,4.456431e+00,4.783804e+00,4.691517e+00,4.482388e+00,5.244756e+00,5.094214e+00,4.553943e+00,4.937443e+00,5.008144e+00,5.300728e+00,5.284243e+00,4.877707e+00,4.812780e+00,4.601214e+00,4.772872e+00,4.841284e+00,5.306481e+00,4.964161e+00,4.763484e+00,4.989031e+00,4.833102e+00,4.661225e+00,4.913225e+00,4.884518e+00,4.835863e+00,4.541894e+00,4.862048e+00,5.064568e+00,5.044983e+00,4.813504e+00,5.008176e+00,4.966980e+00,4.319577e+00,4.726345e+00,5.164869e+00,4.635427e+00,4.602215e+00,4.618722e+00,4.869863e+00,5.087303e+00,4.875711e+00,4.964915e+00,5.205386e+00,4.637624e+00,5.100290e+00,4.833784e+00,5.049637e+00,4.901489e+00,5.090815e+00,5.043318e+00,4.896998e+00,4.595602e+00,4.782265e+00,4.644689e+00,5.083787e+00,4.685002e+00,4.735477e+00,5.221226e+00,4.920337e+00,5.076184e+00,4.942845e+00,4.895813e+00,4.860204e+00,4.887256e+00,4.928810e+00,5.427830e+00,4.952605e+00,4.923457e+00,5.098972e+00,5.170370e+00,5.108486e+00,4.526064e+00,4.848242e+00,5.011366e+00,5.355488e+00,5.215201e+00,4.985816e+00,5.067547e+00,5.037868e+00,4.918299e+00,4.657113e+00,4.704243e+00,4.795797e+00,4.590912e+00,4.536631e+00,4.925480e+00,4.887728e+00,4.869911e+00,4.699880e+00,5.015371e+00,4.765725e+00,4.779503e+00,4.935180e+00,4.677819e+00,4.878811e+00,4.939152e+00,4.924594e+00,4.800397e+00,4.996221e+00
4.877825e+00,4.852204e+00,4.596274e+00,4.928538e+00,4.714664e+00,4.875104e+00,4.815947e+00,4.635629e+00,4.722294e+00,4.866047e+00,5.043461e+00,4.659986e+00,4.921602e+00,4.493969e+00,4.805051e+00,4.487268e+00,4.560099e+00,4.948031e+00,4.912914e+00,4.297384e+00,4.892672e+00,4.751738e+00,4.744660e+00,4.713601e+00,4.863780e+00,4.869404e+00,4.154244e+00,4.820077e+00,4.918507e+00,4.618176e+00,4.891704e+00,4.696234e+00,4.879687e+00,4.687020e+00,4.801775e+00,4.749608e+00,4.744030e+00,4.986488e+00,4.895534e+00,4.880250e+00,4.658748e+00,5.004131e+00,4.811122e+00,4.804242e+00,4.942502e+00,4.480177e+00,4.733094e+00,5.046505e+00,4.978605e+00,4.972683e+00,5.017920e+00,5.055202e+00,4.748780e+00,4.879671e+00,4.655983e+00,4.457393e+00,5.843670e+00,4.741621e+00,4.672355e+00,4.683633e+00,4.668801e+00,4.843441e+00,5.147420e+00,5.254428e+00,4.643920e+00,4.665099e+00,4.734374e+00,4.979477e+00,4.852358e+00,5.195429e+00,5.813478e+00,4.603133e+00,1.008718e+01,4.863749e+00,4.479211e+00,4.586046e+00,4.627906e+00,4.713695e+00,4.858609e+00,4.689149e+00,4.830794e+00,4.446812e+00,4.980069e+00,4.707224e+00,4.610177e+00,5.035118e+00,5.044025e+00,5.208322e+00,4.851873e+00,5.020975e+00,4.877039e+00,5.510028e+00,5.282294e+00,5.143994e+00,4.845693e+00,5.010017e+00,5.235189e+00,4.966978e+00,5.023106e+00,4.596930e+00,4.849627e+00,4.760820e+00,6.521616e+00,5.254328e+00,4.939830e+00,4.648324e+00,4.777954e+00,4.952806e+00,5.990440e+00,4.752840e+00,5.006785e+00,4.860129e+00,4.802638e+00,4.798957e+00,5.270963e+00,4.800399e+00,4.670656e+00,4.929662e+00,5.079770e+00,4.991067e+00,4.817648e+00,5.107514e+00,4.785256e+00,4.935881e+00,5.059537e+00,4.698181e+00,4.681483e+00,5.080428e+00,4.739738e+00,5.019258e+00,5.113778e+00,4.874251e+00,4.646891e+00,4.674196e+00,4.763884e+00,4.905923e+00,4.613140e+00,4.863772e+00,5.092783e+00,5.013997e+00,4.987037e+00,5.005477e+00,4.771492e+00,4.774672e+00,4.918027e+00,5.074965e+00,4.830445e+00,5.138009e+00,4.939815e+00,5.053624e+00,4.853775e+00,4.437077e+00,9.585291e+00,5.454622e+00,4.585354e+00,4.748342e+00,4.299532e+00,4.588634e+00,4.309624e+00,5.015453e+00,4.911278e+00,4.964811e+00,4.566870e+00,5.215172e+00,4.735587e+00,4.983613e+00,4.581090e+00,4.681604e+00,5.019909e+00,4.904137e+00,4.703643e+00,5.460491e+00,5.232694e+00,4.844336e+00,4.835495e+00,4.691245e+00,4.972487e+00,5.006963e+00,4.731519e+00,4.768922e+00,4.767557e+00,5.008061e+00,4.981022e+00,4.987450e+00,4.680718e+00,5.073146e+00,5.288570e+00,5.061783e+00,5.186892e+00,5.162988e+00,5.227479e+00,4.893533e+00,4.761436e+00,4.821777e+00,5.051019e+00,5.148619e+00,5.096901e+00,5.064445e+00,4.821245e+00,4.831012e+00,5.027276e+00,4.854854e+00,5.004995e+00,4.660538e+00,4.775267e+00,5.151071e+00,5.102711e+00,5.147040e+00,5.066594e+00,4.812151e+00,4.696927e+00,4.873550e+00,4.536558e+00,4.668846e+00,5.102645e+00,4.770530e+00,5.157690e+00,4.685941e+00,4.590531e+00,4.797320e+00,4.705788e+00,4.682404e+00,4.509194e+00,4.669961e+00,4.676386e+00,4.709964e+00,4.784569e+00,4.736904e+00
4.848812e+00,4.876043e+00,4.843996e+00,4.722636e+00,4.825636e+00,4.931580e+00,4.711134e+00,4.933348e+00,4.674464e+00,4.763577e+00,4.915363e+00,4.779237e+00,4.656854e+00,4.784250e+00,4.799036e+00,4.620360e+00,4.660840e+00,4.758936e+00,4.533808e+00,4.662480e+00,4.701927e+00,4.585307e+00,4.549302e+00,4.957721e+00,4.824689e+00,4.731249e+00,4.741703e+00,4.764963e+00,4.593435e+00,4.766139e+00,4.748752e+00,4.839169e+00,4.781118e+00,4.838199e+00,5.006036e+00,4.750689e+00,4.954260e+00,4.686830e+00,4.748191e+00,4.682196e+00,4.820168e+00,4.786974e+00,5.118405e+00,4.860061e+00,4.776549e+00,4.789891e+00,4.688294e+00,4.821862e+00,4.858772e+00,4.892945e+00,4.968147e+00,4.833579e+00,5.214299e+00,5.009473e+00,5.208453e+00,4.996516e+00,5.169569e+00,4.752612e+00,4.954199e+00,4.480791e+00,4.535796e+00,4.914466e+00,4.996108e+00,5.124622e+00,4.719437e+00,5.220679e+00,4.369525e+00,5.077648e+00,4.827648e+00,4.968433e+00,5.063705e+00,4.711713e+00,5.060715e+00,4.990697e+00,4.947396e+00,4.797708e+00,4.824366e+00,4.938597e+00,4.799558e+00,4.906792e+00,5.058849e+00,4.933014e+00,5.019223e+00,4.853415e+00,5.012956e+00,4.971501e+00,4.632325e+00,4.806511e+00,4.828135e+00,4.422277e+00,4.747271e+00,5.591189e+00,4.917153e+00,4.815790e+00,4.997808e+00,5.857255e+00,5.740805e+00,5.190828e+00,5.042518e+00,4.622720e+00,5.527385e+00,5.287798e+00,7.566968e+00,5.040381e+00,5.064221e+00,5.463817e+00,9.387080e+00,4.837771e+00,4.725545e+00,5.212918e+00,4.693378e+00,5.160140e+00,4.815434e+00,5.014587e+00,4.581932e+00,4.853915e+00,4.697859e+00,4.792475e+00,4.886570e+00,4.960692e+00,4.828387e+00,4.645908e+00,4.803778e+00,4.523116e+00,4.762086e+00,5.010031e+00,4.465152e+00,5.080109e+00,5.227024e+00,4.417991e+00,4.821342e+00,5.455117e+00,4.930493e+00,5.000338e+00,4.858673e+00,4.713121e+00,5.116296e+00,5.555091e+00,4.913996e+00,4.938095e+00,4.991292e+00,4.989214e+00,4.698001e+00,5.000356e+00,4.745948e+00,4.568416e+00,4.460677e+00,4.968435e+00,4.901641e+00,5.258887e+00,5.414747e+00,6.384787e+00,4.869183e+00,5.279704e+00,4.819586e+00,4.680268e+00,4.856257e+00,4.842576e+00,5.107927e+00,4.725797e+00,4.613061e+00,4.974307e+00,4.707757e+00,5.049529e+00,4.663398e+00,4.878962e+00,4.824737e+00,4.749652e+00,4.845508e+00,4.797001e+00,5.246184e+00,8.630526e+00,4.885398e+00,4.763223e+00,4.971924e+00,5.402981e+00,4.818788e+00,5.219211e+00,4.956324e+00,4.938254e+00,4.996024e+00,4.905487e+00,4.888368e+00,5.261888e+00,4.779841e+00,4.763469e+00,5.016812e+00,5.171666e+00,5.058475e+00,4.553448e+00,5.238893e+00,5.141789e+00,5.029779e+00,4.795538e+00,4.940574e+00,5.765843e+00,4.958889e+00,5.067597e+00,5.191560e+00,4.785813e+00,4.765432e+00,5.048456e+00,4.751132e+00,5.152712e+00,5.407096e+00,5.089290e+00,4.940627e+00,4.960931e+00,4.341834e+00,4.890480e+00,4.999823e+00,4.748029e+00,4.656298e+00,4.798055e+00,4.965600e+00,5.072080e+00,5.106900e+00,4.963994e+00,4.547956e+00,4.707618e+00,4.622633e+00,4.869341e+00,4.711382e+00,4.343050e+00,4.707725e+00,4.732783e+00,4.808034e+00,4.630870e+00
4.695536e+00,4.635870e+00,4.726168e+00,4.856525e+00,4.672510e+00,4.595043e+00,4.746726e+00,4.604763e+00,4.750062e+00,4.548234e+00,4.873222e+00,4.844780e+00,4.801375e+00,4.481339e+00,4.800113e+00,4.868950e+00,4.810977e+00,4.679236e+00,4.635991e+00,5.096772e+00,4.568233e+00,4.717930e+00,4.713654e+00,4.674875e+00,4.609255e+00,4.758451e+00,4.826706e+00,4.702725e+00,4.648989e+00,4.832571e+00,4.348832e+00,4.794952e+00,4.757898e+00,4.632717e+00,4.975360e+00,4.619275e+00,4.716194e+00,4.701268e+00,4.799813e+00,4.729912e+00,5.003420e+00,4.667510e+00,4.722328e+00,4.845880e+00,4.693843e+00,4.859840e+00,4.501235e+00,5.149290e+00,5.191358e+00,4.652184e+00,4.682249e+00,5.159401e+00,5.042987e+00,5.069930e+00,5.082459e+00,4.718788e+00,4.688585e+00,4.222899e+00,4.688651e+00,5.059787e+00,4.601321e+00,4.833730e+00,5.044240e+00,5.033033e+00,4.783128e+00,4.806750e+00,4.681438e+00,4.900516e+00,4.904103e+00,5.055503e+00,5.367062e+00,5.589554e+00,5.621104e+00,5.831985e+00,4.776374e+00,5.230594e+00,4.716388e+00,4.865599e+00,4.779134e+00,4.798136e+00,4.951605e+00,4.989948e+00,4.882182e+00,4.823812e+00,5.033317e+00,5.201944e+00,4.983820e+00,4.872561e+00,4.750873e+00,4.916445e+00,5.084665e+00,4.869660e+00,4.596106e+00,4.508536e+00,4.873380e+00,5.234858e+00,4.995900e+00,4.978555e+00,4.881175e+00,5.135909e+00,5.131760e+00,5.312284e+00,4.613054e+00,4.919891e+00,4.815841e+00,6.075057e+00,4.574912e+00,5.086770e+00,5.219374e+00,7.381508e+00,5.269914e+00,5.200092e+00,4.859944e+00,4.703394e+00,4.592288e+00,5.236666e+00,4.783221e+00,4.803698e+00,4.895642e+00,4.418535e+00,5.206017e+00,4.899942e+00,4.601395e+00,4.945895e+00,5.039015e+00,4.880247e+00,4.962166e+00,4.828648e+00,4.707936e+00,5.367678e+00,4.676548e+00,4.790380e+00,4.761528e+00,5.210527e+00,4.775429e+00,4.761946e+00,5.057292e+00,4.679593e+00,4.961416e+00,4.483714e+00,4.734222e+00,5.129043e+00,4.709745e+00,4.821206e+00,4.713395e+00,5.231441e+00,5.201835e+00,4.911676e+00,5.057456e+00,4.654197e+00,4.622965e+00,4.821254e+00,4.876885e+00,6.472561e+00,5.497193e+00,4.913762e+00,4.989022e+00,4.685378e+00,4.541674e+00,4.920243e+00,4.989146e+00,5.054178e+00,4.937222e+00,4.813718e+00,4.945114e+00,4.993484e+00,4.757178e+00,4.628732e+00,4.985868e+00,4.774375e+00,4.794438e+00,5.046241e+00,5.263378e+00,4.927458e+00,5.047643e+00,4.901401e+00,4.396349e+00,5.306488e+00,4.793834e+00,4.887692e+00,5.589163e+00,4.917628e+00,5.155173e+00,4.981303e+00,5.035212e+00,5.375831e+00,4.622538e+00,5.323329e+00,4.586169e+00,5.059192e+00,5.092428e+00,4.903426e+00,4.999179e+00,5.205398e+00,4.923308e+00,4.902008e+00,4.921289e+00,5.100411e+00,5.011241e+00,4.719503e+00,4.995017e+00,5.149837e+00,4.655207e+00,4.913208e+00,4.940330e+00,5.199574e+00,4.879401e+00,5.200882e+00,4.957731e+00,4.856868e+00,5.059990e+00,4.643782e+00,4.873132e+00,4.955898e+00,4.807144e+00,4.721506e+00,4.907030e+00,4.929710e+00,4.952610e+00,4.490806e+00,4.898328e+00,4.316299e+00,4.703908e+00,4.694923e+00,4.694142e+00,4.661754e+00,4.777927e+00,4.718084e+00
4.641522e+00,4.576072e+00,4.853198e+00,4.690247e+00,4.746034e+00,4.770455e+00,4.862062e+00,4.841567e+00,4.596438e+00,4.767553e+00,4.634664e+00,4.822627e+00,4.823536e+00,4.840903e+00,4.540598e+00,4.836474e+00,4.932204e+00,4.925662e+00,4.549271e+00,4.609485e+00,4.780219e+00,4.678881e+00,4.737376e+00,4.636207e+00,4.794867e+00,4.802235e+00,4.638795e+00,4.606807e+00,4.674082e+00,4.807885e+00,4.855866e+00,4.912224e+00,4.564261e+00,5.051439e+00,4.528746e+00,4.891541e+00,4.837531e+00,4.610981e+00,4.946273e+00,4.484225e+00,4.572761e+00,4.755200e+00,4.810195e+00,4.558382e+00,4.889497e+00,4.664415e+00,4.616316e+00,4.832942e+00,4.680879e+00,4.820360e+00,4.879620e+00,4.976439e+00,5.040234e+00,4.728196e+00,4.892926e+00,4.747024e+00,4.816129e+00,4.703142e+00,4.811779e+00,4.805845e+00,5.015145e+00,5.025279e+00,4.859998e+00,4.933529e+00,5.073135e+00,4.929493e+00,4.761495e+00,4.995827e+00,4.928629e+00,4.822114e+00,4.953652e+00,5.640083e+00,5.181085e+00,4.920732e+00,5.037253e+00,4.742266e+00,4.712857e+00,4.697316e+00,4.739085e+00,4.781402e+00,4.877502e+00,5.342626e+00,4.683582e+00,4.806804e+00,5.252260e+00,4.793086e+00,4.979062e+00,5.370524e+00,5.125496e+00,4.927568e+00,4.935685e+00,5.046042e+00,4.930049e+00,4.603968e+00,4.810881e+00,4.606387e+00,4.713456e+00,4.643615e+00,4.914299e+00,4.846647e+00,4.905531e+00,4.248458e+00,5.072355e+00,4.717504e+00,5.104078e+00,4.874376e+00,4.941762e+00,4.899734e+00,4.936883e+00,4.798395e+00,4.959880e+00,4.413694e+00,4.792770e+00,4.834154e+00,4.793218e+00,5.215169e+00,5.090091e+00,4.562328e+00,4.895948e+00,4.750709e+00,4.807172e+00,5.039980e+00,4.801411e+00,4.413287e+00,4.845834e+00,4.906080e+00,4.923871e+00,4.818366e+00,5.163784e+00,5.002324e+00,5.449309e+00,4.837398e+00,4.914475e+00,4.933312e+00,4.859727e+00,4.922545e+00,4.907311e+00,4.788719e+00,4.782324e+00,4.969817e+00,4.936405e+00,4.857648e+00,5.214496e+00,5.133177e+00,5.175347e+00,5.161569e+00,5.160627e+00,4.911954e+00,6.372577e+00,5.025929e+00,5.182068e+00,5.219359e+00,5.465519e+00,5.023997e+00,4.738541e+00,4.784446e+00,4.965040e+00,4.772431e+00,4.706837e+00,4.648206e+00,5.075834e+00,4.742085e+00,4.644385e+00,4.997215e+00,5.352162e+00,5.130028e+00,5.043997e+00,4.720571e+00,4.928701e+00,4.932558e+00,4.939761e+00,4.989042e+00,5.041719e+00,4.764236e+00,5.150699e+00,5.311747e+00,4.650606e+00,4.924893e+00,5.174194e+00,5.095661e+00,4.856165e+00,5.378443e+00,4.960638e+00,5.358135e+00,4.786809e+00,4.913751e+00,5.124996e+00,5.100765e+00,4.976960e+00,4.965458e+00,4.956961e+00,5.398139e+00,4.956527e+00,5.015476e+00,5.035764e+00,4.662475e+00,4.945715e+00,5.199113e+00,5.008953e+00,5.181309e+00,4.920437e+00,4.725969e+00,4.970009e+00,4.708484e+00,4.744301e+00,5.046857e+00,4.726251e+00,4.884821e+00,5.158359e+00,5.009359e+00,5.128510e+00,4.753075e+00,4.279053e+00,4.954366e+00,4.567410e+00,5.248420e+00,4.748102e+00,4.634478e+00,5.067612e+00,4.918500e+00,4.899029e+00,4.813807e+00,4.795429e+00,4.878489e+00,4.869696e+00,4.695189e+00,4.812514e+00,4.864179e+00
4.927227e+00,4.226861e+00,4.655479e+00,4.641109e+00,4.825166e+00,4.890405e+00,4.841155e+00,5.057501e+00,4.861008e+00,4.685674e+00,4.930227e+00,4.680328e+00,4.725851e+00,4.905074e+00,4.653733e+00,4.852479e+00,4.905204e+00,4.697367e+00,4.637190e+00,4.663220e+00,4.749451e+00,4.868326e+00,4.563992e+00,4.824228e+00,4.611040e+00,4.966163e+00,4.537805e+00,4.685213e+00,4.921368e+00,4.862965e+00,4.761175e+00,4.744258e+00,4.564610e+00,4.545913e+00,4.747219e+00,4.739203e+00,4.856569e+00,4.830954e+00,4.550864e+00,4.842198e+00,4.702317e+00,4.825073e+00,4.825386e+00,4.963934e+00,4.849246e+00,5.222395e+00,4.991028e+00,5.019211e+00,4.889937e+00,4.715958e+00,5.078070e+00,4.776789e+00,4.927456e+00,5.003097e+00,4.737053e+00,4.656177e+00,4.593993e+00,4.404749e+00,4.917862e+00,4.952577e+00,4.858763e+00,4.875941e+00,4.869235e+00,7.570997e+00,5.558019e+00,4.923638e+00,4.805407e+00,4.660474e+00,4.776278e+00,4.878848e+00,0.000000e+00,4.780201e+00,4.658896e+00,4.403667e+00,4.136429e+00,5.240866e+00,4.597718e+00,4.777831e+00,4.929727e+00,4.579592e+00,4.845787e+00,4.954511e+00,4.605583e+00,4.509487e+00,5.376568e+00,5.551468e+00,4.854874e+00,4.331925e+00,4.506404e+00,5.179404e+00,4.766859e+00,4.676883e+00,4.536694e+00,4.733766e+00,4.882646e+00,4.951226e+00,4.881871e+00,4.621385e+00,4.519023e+00,4.933792e+00,4.777898e+00,4.384671e+00,5.065175e+00,4.978257e+00,4.649971e+00,5.078806e+00,4.888606e+00,4.958433e+00,4.695540e+00,4.474772e+00,4.894143e+00,4.606259e+00,4.813235e+00,4.880437e+00,4.911046e+00,4.844695e+00,4.947050e+00,4.859885e+00,4.708386e+00,4.903354e+00,4.617112e+00,4.601723e+00,4.607331e+00,4.509737e+00,5.178863e+00,5.360590e+00,5.249680e+00,4.656130e+00,4.792698e+00,4.910036e+00,5.279502e+00,5.090703e+00,4.760788e+00,4.512586e+00,4.965174e+00,4.896816e+00,5.030433e+00,5.044730e+00,4.962529e+00,4.672290e+00,4.942056e+00,4.844316e+00,5.081918e+00,4.529243e+00,4.925682e+00,5.302823e+00,6.145862e+00,5.104998e+00,5.007858e+00,4.620006e+00,5.131980e+00,4.644709e+00,6.943591e+00,5.683641e+00,5.363385e+00,4.873824e+00,4.689501e+00,4.932268e+00,4.995261e+00,5.063580e+00,4.919423e+00,4.985140e+00,5.067742e+00,5.203171e+00,4.908935e+00,4.731739e+00,4.886782e+00,4.656158e+00,4.459746e+00,4.706368e+00,4.817000e+00,5.404773e+00,5.473038e+00,4.914110e+00,5.240565e+00,5.182200e+00,5.023609e+00,5.204486e+00,5.146122e+00,5.042830e+00,5.327702e+00,5.072071e+00,4.978022e+00,4.723750e+00,5.124890e+00,4.989531e+00,5.132893e+00,4.905469e+00,5.192789e+00,5.199432e+00,4.703029e+00,4.852690e+00,4.936333e+00,5.066859e+00,5.087644e+00,5.037130e+00,4.933161e+00,5.157739e+00,4.860441e+00,5.221305e+00,5.147326e+00,5.104695e+00,4.954180e+00,4.934876e+00,4.829455e+00,4.948765e+00,5.380305e+00,5.308198e+00,4.792236e+00,5.096233e+00,4.859843e+00,4.870682e+00,4.737702e+00,4.628673e+00,4.755983e+00,4.677771e+00,5.218132e+00,5.417283e+00,5.173287e+00,4.724499e+00,4.592941e+00,4.636650e+00,4.287430e+00,4.743222e+00,4.656950e+00,4.746593e+00,4.853994e+00,4.982991e+00
4.765237e+00,4.800507e+00,4.847752e+00,4.547094e+00,4.823571e+00,4.683519e+00,4.564957e+00,4.730237e+00,4.679026e+00,4.691238e+00,4.782610e+00,4.931449e+00,4.703408e+00,4.692786e+00,4.636262e+00,4.637455e+00,4.719344e+00,4.494583e+00,4.737956e+00,4.893694e+00,4.792049e+00,4.672896e+00,4.778320e+00,4.747047e+00,4.633961e+00,4.507455e+00,4.709983e+00,4.843346e+00,4.767759e+00,4.828053e+00,4.511452e+00,4.833754e+00,4.705535e+00,4.839188e+00,4.744032e+00,4.918201e+00,4.597569e+00,4.772634e+00,4.563035e+00,4.544288e+00,4.925114e+00,4.879273e+00,5.057914e+00,4.540727e+00,4.984547e+00,5.161332e+00,5.110702e+00,4.676259e+00,4.963418e+00,4.848746e+00,4.909451e+00,4.865394e+00,5.027060e+00,5.096638e+00,4.904037e+00,4.807203e+00,4.715063e+00,4.530707e+00,4.835659e+00,4.858572e+00,4.623964e+00,4.764853e+00,4.826108e+00,5.159786e+00,5.147917e+00,4.954828e+00,5.212060e+00,5.058020e+00,5.367645e+00,4.982294e+00,5.027895e+00,4.887979e+00,4.722491e+00,5.122954e+00,4.774302e+00,4.703290e+00,4.515485e+00,4.542342e+00,4.516810e+00,4.433502e+00,4.845093e+00,4.570998e+00,5.152434e+00,5.022901e+00,5.338252e+00,4.762305e+00,4.828677e+00,4.725154e+00,4.785721e+00,4.806364e+00,5.111257e+00,4.685428e+00,4.905201e+00,4.956070e+00,4.158424e+00,4.283295e+00,4.811873e+00,4.742845e+00,5.048435e+00,4.605980e+00,5.020206e+00,5.140204e+00,4.776905e+00,4.769204e+00,4.790437e+00,4.683981e+00,4.727511e+00,4.286227e+00,4.775792e+00,4.600652e+00,4.449726e+00,4.858881e+00,5.079082e+00,4.926575e+00,4.827889e+00,4.847623e+00,4.687199e+00,4.722551e+00,4.798037e+00,4.776292e+00,4.953548e+00,4.916821e+00,4.979474e+00,5.115115e+00,5.635656e+00,4.796401e+00,5.002926e+00,4.901072e+00,5.125886e+00,4.775895e+00,4.692451e+00,4.729129e+00,4.972033e+00,5.026158e+00,5.199842e+00,4.976864e+00,4.893056e+00,4.662891e+00,4.643151e+00,4.913779e+00,4.971260e+00,4.686638e+00,4.775182e+00,5.063799e+00,4.807272e+00,5.094936e+00,6.652048e+00,5.029669e+00,4.774338e+00,4.837052e+00,4.520805e+00,5.067603e+00,5.696058e+00,5.003845e+00,5.740307e+00,5.025049e+00,5.125594e+00,4.844783e+00,4.573214e+00,4.960552e+00,4.809098e+00,4.439170e+00,4.853942e+00,6.619255e+00,4.382797e+00,4.482600e+00,4.915603e+00,4.692801e+00,4.913988e+00,5.022720e+00,4.756664e+00,5.044309e+00,5.177303e+00,5.111953e+00,4.710125e+00,4.848581e+00,4.945503e+00,5.189633e+00,4.650422e+00,4.872276e+00,5.214401e+00,5.009476e+00,4.839072e+00,4.805412e+00,5.110057e+00,5.377252e+00,5.057091e+00,4.906340e+00,4.916136e+00,5.128974e+00,5.057834e+00,4.922608e+00,5.226493e+00,5.115455e+00,4.649977e+00,4.918329e+00,4.920819e+00,5.126771e+00,4.944639e+00,4.711428e+00,4.825006e+00,4.836169e+00,4.586260e+00,4.621775e+00,4.962247e+00,4.975720e+00,5.115053e+00,5.156687e+00,4.666577e+00,5.193359e+00,4.650928e+00,4.981643e+00,4.931934e+00,4.655365e+00,4.603644e+00,4.693085e+00,4.595194e+00,4.876456e+00,5.145409e+00,4.845917e+00,4.813703e+00,4.690937e+00,4.769564e+00,4.791658e+00,4.729421e+00,4.733897e+00,4.619212e+00,4.780556e+00
4.801900e+00,4.687701e+00,4.608086e+00,4.263413e+00,4.741089e+00,4.597347e+00,4.568767e+00,4.572335e+00,4.565595e+00,4.754096e+00,4.704472e+00,4.647537e+00,4.728149e+00,4.691592e+00,4.541078e+00,4.698070e+00,4.481720e+00,4.799410e+00,4.853379e+00,4.703543e+00,4.553411e+00,4.786662e+00,4.760391e+00,4.726051e+00,4.751786e+00,4.690481e+00,4.744884e+00,4.591742e+00,4.556195e+00,4.771215e+00,4.725757e+00,4.727610e+00,4.774844e+00,4.683274e+00,4.697952e+00,4.733666e+00,4.854229e+00,4.914430e+00,4.616711e+00,4.729131e+00,4.942825e+00,4.795181e+00,4.935395e+00,4.614064e+00,4.784646e+00,4.689850e+00,5.142235e+00,4.869049e+00,5.012401e+00,4.700525e+00,4.878950e+00,4.928428e+00,4.856767e+00,4.910231e+00,4.847362e+00,4.891689e+00,4.790471e+00,4.865690e+00,4.665955e+00,4.721622e+00,4.472513e+00,4.522716e+00,4.744947e+00,4.861871e+00,5.154379e+00,4.966557e+00,4.655746e+00,4.810136e+00,9.316678e+00,5.082038e+00,4.688981e+00,4.696386e+00,4.572527e+00,4.983072e+00,4.744837e+00,4.848801e+00,4.883591e+00,4.669589e+00,4.769332e+00,4.623629e+00,4.980643e+00,4.770417e+00,5.606605e+00,4.944326e+00,5.703427e+00,4.983908e+00,5.060996e+00,4.921337e+00,5.598502e+00,8.311446e+00,4.204721e+00,5.169157e+00,4.683467e+00,4.640194e+00,5.047533e+00,5.423011e+00,5.310500e+00,4.756082e+00,4.884216e+00,4.672771e+00,4.928100e+00,5.151391e+00,4.890549e+00,4.342847e+00,4.549965e+00,4.813599e+00,4.778738e+00,4.798633e+00,5.437094e+00,4.874169e+00,5.042348e+00,5.204079e+00,4.733225e+00,4.821458e+00,4.572884e+00,4.784992e+00,5.089448e+00,5.317319e+00,4.970573e+00,4.659662e+00,5.052699e+00,4.788761e+00,4.975341e+00,4.909222e+00,4.673116e+00,4.985964e+00,4.733612e+00,4.743526e+00,4.943871e+00,4.822096e+00,4.704765e+00,4.827055e+00,4.617223e+00,4.938665e+00,4.952694e+00,5.193397e+00,4.940323e+00,5.038832e+00,4.875023e+00,4.788777e+00,4.974049e+00,4.965629e+00,5.021685e+00,4.844413e+00,4.990170e+00,4.730874e+00,5.045348e+00,4.868409e+00,5.820703e+00,5.062564e+00,4.920781e+00,4.904766e+00,5.098932e+00,4.987137e+00,4.919260e+00,4.839201e+00,8.838795e+00,6.683923e+00,5.575446e+00,4.466542e+00,6.112180e+00,4.827746e+00,4.648597e+00,4.632335e+00,4.531194e+00,4.778028e+00,4.666293e+00,4.862504e+00,4.734162e+00,4.907788e+00,4.765647e+00,5.136202e+00,4.772811e+00,4.868015e+00,5.000552e+00,7.503738e+00,5.171607e+00,4.900392e+00,4.990203e+00,5.294279e+00,4.904949e+00,4.994728e+00,4.900067e+00,4.968297e+00,4.925034e+00,4.892026e+00,5.303110e+00,4.474675e+00,5.014434e+00,4.679861e+00,4.848930e+00,4.836690e+00,5.038767e+00,5.181363e+00,4.973694e+00,4.891564e+00,5.200021e+00,4.885778e+00,5.507950e+00,5.269540e+00,5.113524e+00,5.107828e+00,4.764271e+00,4.883705e+00,4.494530e+00,5.236852e+00,4.936827e+00,4.982223e+00,4.922400e+00,4.898667e+00,4.857540e+00,4.747885e+00,4.986440e+00,4.806918e+00,4.848193e+00,4.613792e+00,4.958380e+00,5.070940e+00,4.844061e+00,4.635806e+00,4.938679e+00,4.735320e+00,5.089157e+00,4.858697e+00,5.034599e+00,4.715989e+00,4.763792e+00,4.659246e+00
4.756286e+00,4.535864e+00,4.738197e+00,5.066392e+00,4.651545e+00,4.683236e+00,4.459653e+00,4.455239e+00,5.082834e+00,4.620136e+00,4.775866e+00,4.907016e+00,4.806997e+00,4.971418e+00,4.490895e+00,4.878273e+00,4.772747e+00,4.736622e+00,4.818892e+00,5.069635e+00,5.024766e+00,4.487493e+00,4.953306e+00,4.664623e+00,4.750876e+00,4.922834e+00,4.970130e+00,4.812839e+00,4.851995e+00,4.732623e+00,4.853639e+00,4.720213e+00,4.803020e+00,4.705599e+00,5.245905e+00,4.774382e+00,4.849255e+00,4.618108e+00,4.833112e+00,4.842072e+00,4.585576e+00,4.988392e+00,5.159120e+00,5.152962e+00,4.796226e+00,4.968137e+00,4.887568e+00,4.698228e+00,4.908580e+00,5.034278e+00,4.633469e+00,4.801184e+00,5.253399e+00,4.802680e+00,4.874098e+00,4.933363e+00,4.863420e+00,5.059642e+00,5.015829e+00,4.808658e+00,4.718821e+00,4.689940e+00,4.558164e+00,4.892424e+00,5.118664e+00,4.815134e+00,4.774543e+00,4.875479e+00,4.760190e+00,5.052643e+00,4.988172e+00,4.919217e+00,4.734870e+00,5.000019e+00,4.851266e+00,4.741746e+00,4.852370e+00,4.629402e+00,4.814271e+00,4.834742e+00,4.882440e+00,4.813160e+00,5.008431e+00,4.971330e+00,4.729018e+00,4.920517e+00,4.398739e+00,4.637344e+00,8.124368e+00,5.349628e+00,4.833042e+00,4.544671e+00,4.976939e+00,5.089902e+00,4.623797e+00,5.316603e+00,4.727553e+00,5.114695e+00,5.082788e+00,5.144115e+00,4.633745e+00,4.948928e+00,4.741649e+00,5.040359e+00,5.058806e+00,4.775469e+00,4.691006e+00,5.055420e+00,5.039723e+00,4.869674e+00,5.311757e+00,4.699146e+00,4.893957e+00,4.985418e+00,5.082999e+00,4.953704e+00,4.938068e+00,4.583698e+00,4.673744e+00,4.864190e+00,4.679436e+00,5.047865e+00,4.944815e+00,4.818904e+00,4.561989e+00,4.747623e+00,5.097534e+00,5.083352e+00,4.814275e+00,4.685333e+00,4.891216e+00,5.131315e+00,4.956224e+00,4.816527e+00,4.878526e+00,4.839805e+00,4.619749e+00,5.129557e+00,5.023037e+00,4.475035e+00,4.956910e+00,4.946078e+00,5.117172e+00,5.282316e+00,4.752386e+00,4.971497e+00,5.277691e+00,7.971077e+00,4.468799e+00,6.045645e+00,8.868581e+00,5.730647e+00,5.056556e+00,4.996735e+00,5.980442e+00,4.978703e+00,4.492261e+00,4.741775e+00,4.577883e+00,4.482800e+00,4.883698e+00,4.985031e+00,6.100172e+00,6.893606e+00,8.983641e+00,4.491370e+00,4.378088e+00,4.722552e+00,4.965681e+00,4.930369e+00,4.648969e+00,4.824507e+00,5.080738e+00,5.065974e+00,4.638404e+00,4.856308e+00,5.010049e+00,4.875133e+00,5.060231e+00,5.215357e+00,4.989387e+00,4.632773e+00,5.021110e+00,4.882740e+00,5.132551e+00,4.930885e+00,4.954830e+00,5.058720e+00,4.791731e+00,5.073263e+00,4.823532e+00,5.227438e+00,4.973417e+00,4.623552e+00,4.758004e+00,4.835471e+00,4.869358e+00,5.333470e+00,4.904937e+00,4.813705e+00,4.756710e+00,4.826546e+00,4.873104e+00,4.713370e+00,4.670789e+00,4.574697e+00,5.107142e+00,4.889956e+00,4.810681e+00,5.070086e+00,4.613004e+00,4.634256e+00,4.811131e+00,5.032739e+00,4.798281e+00,4.939078e+00,4.955841e+00,4.953488e+00,5.353154e+00,4.838836e+00,4.689556e+00,4.884359e+00,4.866052e+00,4.807410e+00,4.733125e+00,4.729501e+00,4.952732e+00,4.877406e+00
4.936836e+00,4.792224e+00,4.887345e+00,4.916094e+00,4.943343e+00,4.528180e+00,4.861503e+00,4.850776e+00,4.733308e+00,4.933612e+00,4.673820e+00,5.039458e+00,4.752153e+00,4.681567e+00,4.631647e+00,4.955876e+00,4.863905e+00,4.882355e+00,4.548238e+00,4.846630e+00,4.865926e+00,4.863543e+00,4.943028e+00,4.629366e+00,4.843420e+00,4.772585e+00,4.755258e+00,4.832171e+00,4.750170e+00,4.792706e+00,4.798315e+00,4.783213e+00,4.808506e+00,5.131635e+00,4.818749e+00,4.768591e+00,4.784102e+00,4.647540e+00,4.570479e+00,4.906841e+00,4.989036e+00,5.211114e+00,5.024701e+00,4.759733e+00,5.008882e+00,4.771417e+00,4.700431e+00,4.961683e+00,5.019766e+00,4.661135e+00,4.759625e+00,5.073775e+00,5.474379e+00,5.007566e+00,4.692835e+00,4.803176e+00,4.789601e+00,5.165683e+00,4.925145e+00,5.003524e+00,4.915673e+00,4.964858e+00,4.894222e+00,4.825689e+00,4.695497e+00,5.040678e+00,4.900667e+00,5.187573e+00,4.994477e+00,4.849030e+00,4.705038e+00,4.914105e+00,4.923074e+00,4.709859e+00,4.822648e+00,4.761336e+00,4.925990e+00,4.706118e+00,4.977198e+00,4.931324e+00,4.912403e+00,9.175140e+00,6.490588e+00,5.171958e+00,4.973446e+00,5.761573e+00,4.625189e+00,4.903069e+00,4.954275e+00,5.495087e+00,4.709739e+00,4.994274e+00,4.932662e+00,4.728777e+00,4.795715e+00,4.740467e+00,5.021841e+00,4.685174e+00,4.612663e+00,4.676032e+00,5.080549e+00,4.899520e+00,4.804274e+00,4.962198e+00,4.905387e+00,4.752869e+00,4.833943e+00,4.756462e+00,4.914441e+00,5.070669e+00,4.752812e+00,4.943375e+00,5.025818e+00,4.529081e+00,5.499333e+00,5.093515e+00,5.020313e+00,4.526916e+00,4.667585e+00,5.116255e+00,4.715421e+00,5.261958e+00,4.944851e+00,4.830043e+00,4.886854e+00,4.750789e+00,4.703405e+00,4.924593e+00,5.242055e+00,4.909168e+00,4.738555e+00,5.070201e+00,4.946273e+00,4.657487e+00,4.472670e+00,4.836077e+00,4.835100e+00,5.110593e+00,4.946639e+00,5.152377e+00,4.994193e+00,4.669076e+00,4.669242e+00,5.173485e+00,5.162251e+00,5.265057e+00,4.934624e+00,4.602671e+00,4.787373e+00,4.724901e+00,5.005322e+00,9.933208e+00,5.028233e+00,5.425601e+00,5.642045e+00,4.864351e+00,9.266128e+00,9.966640e+00,7.245569e+00,5.235251e+00,4.623329e+00,4.818662e+00,6.099514e+00,5.624333e+00,4.996583e+00,4.256609e+00,5.408167e+00,4.964032e+00,4.895337e+00,4.775844e+00,4.315392e+00,5.117547e+00,4.911273e+00,5.011649e+00,7.667997e+00,5.274936e+00,4.653115e+00,4.523900e+00,5.037951e+00,4.948248e+00,4.863237e+00,5.128782e+00,5.204616e+00,5.022646e+00,4.998560e+00,5.368575e+00,4.690576e+00,4.862312e+00,4.869557e+00,4.650314e+00,4.851321e+00,4.733471e+00,4.714599e+00,4.842925e+00,4.805990e+00,4.899798e+00,4.868852e+00,4.809326e+00,4.536100e+00,4.534101e+00,4.889539e+00,5.046155e+00,5.040406e+00,4.507356e+00,4.690093e+00,4.898593e+00,5.156512e+00,4.961211e+00,5.238388e+00,5.213248e+00,5.143597e+00,5.132925e+00,4.966342e+00,5.030715e+00,4.937976e+00,4.915163e+00,4.892567e+00,4.834762e+00,4.669676e+00,5.019720e+00,4.708506e+00,4.595100e+00,4.608258e+00,4.842801e+00,4.675561e+00,4.585439e+00,4.109910e+00,4.870734e+00
4.888452e+00,4.871682e+00,4.794065e+00,4.791416e+00,4.559349e+00,4.799366e+00,4.706795e+00,4.800189e+00,4.857655e+00,4.905615e+00,4.906657e+00,4.591827e+00,4.710208e+00,4.774781e+00,4.560809e+00,4.534804e+00,5.009960e+00,4.842108e+00,4.581784e+00,4.714627e+00,4.749294e+00,4.685496e+00,4.777814e+00,5.034563e+00,4.746795e+00,4.756940e+00,4.722430e+00,4.755697e+00,4.701012e+00,4.820129e+00,4.854060e+00,4.751431e+00,4.884383e+00,4.820942e+00,4.977744e+00,4.703577e+00,4.697168e+00,4.900667e+00,5.052946e+00,4.616092e+00,4.882941e+00,4.752554e+00,4.983786e+00,4.878809e+00,4.847141e+00,5.065550e+00,4.721067e+00,4.946556e+00,5.174126e+00,4.522562e+00,4.839267e+00,4.773121e+00,4.828685e+00,4.714854e+00,4.653110e+00,4.707919e+00,4.837058e+00,4.809358e+00,5.060607e+00,4.751463e+00,5.061149e+00,4.973424e+00,4.877394e+00,5.052645e+00,4.515824e+00,4.738276e+00,4.743894e+00,4.554526e+00,5.062313e+00,5.083018e+00,4.552876e+00,4.711764e+00,4.834512e+00,4.685705e+00,5.329116e+00,4.882578e+00,4.856356e+00,4.780464e+00,4.782665e+00,4.864578e+00,4.984904e+00,4.913289e+00,4.897240e+00,4.842647e+00,4.789778e+00,4.978697e+00,8.755500e+00,4.759160e+00,4.677488e+00,4.400019e+00,4.771159e+00,4.886097e+00,4.275730e+00,4.963203e+00,4.969577e+00,5.013197e+00,4.507436e+00,4.782371e+00,5.069391e+00,4.974253e+00,4.900604e+00,4.754568e+00,5.092366e+00,4.634120e+00,4.867429e+00,4.868453e+00,5.068774e+00,5.125287e+00,4.989287e+00,5.043904e+00,5.145714e+00,4.798390e+00,5.002072e+00,5.002944e+00,5.052735e+00,4.986548e+00,4.874396e+00,4.875378e+00,5.156051e+00,4.843326e+00,4.753557e+00,5.144317e+00,4.692368e+00,4.913810e+00,4.930413e+00,4.840294e+00,4.916367e+00,4.912769e+00,4.767533e+00,4.691955e+00,4.654729e+00,5.074499e+00,4.749879e+00,4.721145e+00,4.949569e+00,4.613258e+00,4.794854e+00,4.586452e+00,4.950651e+00,4.766536e+00,5.186900e+00,5.080837e+00,5.353321e+00,4.991769e+00,4.805996e+00,4.979697e+00,5.120336e+00,4.616308e+00,4.494716e+00,4.881243e+00,5.801367e+00,5.638108e+00,5.198682e+00,5.341259e+00,7.511544e+00,4.694851e+00,5.548469e+00,5.313028e+00,5.228281e+00,4.420376e+00,4.726992e+00,4.526071e+00,4.919626e+00,8.168773e+00,5.085313e+00,4.887533e+00,4.355111e+00,4.933754e+00,5.038400e+00,4.666002e+00,4.844531e+00,4.963657e+00,4.698988e+00,5.026707e+00,4.741448e+00,4.715188e+00,5.079534e+00,4.824749e+00,5.055765e+00,5.020844e+00,4.801986e+00,4.866666e+00,4.849311e+00,5.354886e+00,5.056270e+00,4.835019e+00,5.137635e+00,4.818618e+00,4.818553e+00,5.035699e+00,4.772077e+00,4.563215e+00,4.946384e+00,4.972925e+00,4.879270e+00,4.852507e+00,4.928103e+00,4.781465e+00,4.416013e+00,4.605791e+00,4.964089e+00,4.635703e+00,4.963433e+00,4.647460e+00,4.754080e+00,4.882641e+00,4.689055e+00,4.857379e+00,5.077983e+00,5.223458e+00,4.997035e+00,5.151328e+00,4.695010e+00,4.820218e+00,4.752629e+00,4.904477e+00,4.671902e+00,5.118877e+00,4.724909e+00,4.744980e+00,4.787530e+00,5.162075e+00,4.814881e+00,4.855985e+00,4.887830e+00,4.614685e+00,4.808720e+00,4.760232e+00
4.697765e+00,4.848599e+00,4.882391e+00,4.641223e+00,4.872978e+00,4.749868e+00,5.000607e+00,4.968594e+00,4.905999e+00,4.982502e+00,4.858334e+00,4.695234e+00,4.816147e+00,4.669718e+00,4.762257e+00,4.663824e+00,4.652020e+00,4.776398e+00,4.897025e+00,4.856625e+00,4.840715e+00,4.821316e+00,4.846178e+00,4.736680e+00,4.916075e+00,4.814391e+00,4.840310e+00,4.904129e+00,4.891741e+00,4.637727e+00,4.831175e+00,4.551689e+00,4.988460e+00,4.908976e+00,5.023638e+00,4.600221e+00,4.786302e+00,5.118393e+00,4.287767e+00,4.455531e+00,4.878615e+00,4.708426e+00,4.637850e+00,5.025418e+00,4.777552e+00,5.129610e+00,4.981021e+00,5.081053e+00,4.753869e+00,4.590522e+00,4.768839e+00,4.875918e+00,5.116475e+00,4.559914e+00,4.709034e+00,4.978065e+00,4.716816e+00,5.110119e+00,4.800758e+00,4.819729e+00,4.863444e+00,5.397604e+00,4.720334e+00,4.897774e+00,4.520396e+00,4.916160e+00,4.860421e+00,4.820318e+00,4.763594e+00,5.225031e+00,5.282176e+00,5.006530e+00,5.035773e+00,4.745644e+00,4.934075e+00,4.767914e+00,4.753665e+00,4.373120e+00,4.741274e+00,4.845738e+00,4.753666e+00,4.616996e+00,4.978727e+00,4.856999e+00,4.802269e+00,5.922974e+00,4.747855e+00,4.727354e+00,4.422266e+00,4.816411e+00,4.404712e+00,4.694135e+00,4.704153e+00,4.623392e+00,4.638377e+00,4.923253e+00,5.276255e+00,4.532135e+00,4.860631e+00,4.912278e+00,4.782945e+00,4.384453e+00,4.889055e+00,5.139111e+00,4.465866e+00,4.817988e+00,4.626392e+00,4.808744e+00,4.985068e+00,4.806219e+00,4.913401e+00,5.079017e+00,5.082275e+00,4.950407e+00,5.282245e+00,5.031806e+00,5.136299e+00,4.384985e+00,4.760194e+00,5.155848e+00,4.782286e+00,4.713892e+00,4.605540e+00,4.957431e+00,4.887490e+00,4.667608e+00,4.659657e+00,4.811660e+00,4.666727e+00,5.164736e+00,5.122180e+00,5.253879e+00,4.640924e+00,5.077678e+00,4.789488e+00,4.781883e+00,4.492145e+00,4.812591e+00,4.623614e+00,5.008912e+00,5.071116e+00,5.230929e+00,4.906246e+00,4.882052e+00,5.063595e+00,4.851234e+00,5.094279e+00,4.811625e+00,4.731849e+00,4.599637e+00,5.968060e+00,6.762602e+00,5.031715e+00,8.516740e+00,4.513218e+00,5.156865e+00,4.759574e+00,4.750667e+00,4.761428e+00,4.213739e+00,4.081966e+00,4.912717e+00,4.870785e+00,4.541404e+00,5.552743e+00,9.738402e+00,5.084737e+00,4.074359e+00,4.486894e+00,4.512120e+00,4.757299e+00,5.078286e+00,4.947402e+00,4.857107e+00,4.949012e+00,8.874190e+00,4.708938e+00,5.023393e+00,4.865052e+00,5.142037e+00,5.003901e+00,4.939330e+00,4.636824e+00,4.677569e+00,4.584716e+00,4.988777e+00,4.352610e+00,5.085282e+00,4.782295e+00,4.733857e+00,4.914284e+00,4.828462e+00,4.944096e+00,4.818253e+00,4.764606e+00,4.799791e+00,4.902537e+00,4.813309e+00,4.849440e+00,4.482326e+00,4.876238e+00,4.924283e+00,5.066718e+00,4.888584e+00,4.694651e+00,4.647627e+00,5.097743e+00,5.250320e+00,4.875051e+00,5.062482e+00,4.932180e+00,4.908038e+00,4.748138e+00,4.919339e+00,4.827080e+00,4.703219e+00,4.820215e+00,4.998892e+00,5.077768e+00,4.643496e+00,4.815992e+00,4.955867e+00,4.803700e+00,4.605906e+00,4.967757e+00,4.724998e+00,4.866037e+00,5.115530e+00
4.631202e+00,4.786786e+00,4.539154e+00,4.778857e+00,4.928317e+00,4.907232e+00,4.822679e+00,4.699173e+00,4.615717e+00,4.961605e+00,4.847506e+00,4.791058e+00,4.896541e+00,4.991293e+00,4.795409e+00,4.737130e+00,4.907237e+00,4.815934e+00,4.886396e+00,4.848474e+00,4.585131e+00,4.922794e+00,4.906704e+00,4.558377e+00,4.692676e+00,4.751467e+00,4.958020e+00,4.758722e+00,4.690263e+00,4.615003e+00,4.795193e+00,5.194450e+00,5.045513e+00,4.745507e+00,4.798324e+00,4.709227e+00,4.745163e+00,5.011471e+00,4.895647e+00,4.809236e+00,5.053874e+00,4.645706e+00,5.226123e+00,4.715889e+00,4.736697e+00,5.111289e+00,4.966946e+00,4.945276e+00,4.989013e+00,5.013671e+00,4.587054e+00,4.585326e+00,4.909628e+00,4.732329e+00,4.892598e+00,4.536813e+00,4.984041e+00,4.832984e+00,4.880409e+00,4.844236e+00,5.388150e+00,5.009949e+00,5.108562e+00,4.859761e+00,5.087024e+00,4.994803e+00,4.838585e+00,4.650954e+00,5.365788e+00,5.076027e+00,4.817327e+00,4.829628e+00,4.796225e+00,4.466843e+00,4.720238e+00,4.784447e+00,4.929261e+00,4.700640e+00,4.702411e+00,4.798231e+00,4.482620e+00,4.734257e+00,5.165475e+00,4.676405e+00,4.518614e+00,4.867448e+00,4.730354e+00,5.044426e+00,4.440101e+00,5.197831e+00,4.607460e+00,4.768330e+00,5.051661e+00,4.813124e+00,5.414774e+00,5.269507e+00,4.879233e+00,4.847937e+00,4.548359e+00,4.940900e+00,4.709225e+00,4.803894e+00,4.972632e+00,4.639372e+00,4.898051e+00,4.900877e+00,4.964988e+00,5.010241e+00,5.164163e+00,4.915867e+00,4.744696e+00,4.762719e+00,5.044457e+00,5.185428e+00,4.831524e+00,4.577778e+00,4.964021e+00,4.918546e+00,4.985748e+00,4.975289e+00,4.725606e+00,4.787685e+00,5.079381e+00,4.734965e+00,4.596995e+00,5.084348e+00,5.128784e+00,4.897559e+00,5.064917e+00,4.994105e+00,4.828592e+00,5.104742e+00,4.711719e+00,4.832245e+00,4.902589e+00,4.841615e+00,4.738804e+00,4.892402e+00,4.958775e+00,5.125006e+00,5.286330e+00,5.164000e+00,4.919229e+00,4.837716e+00,4.632655e+00,5.348930e+00,4.610446e+00,4.732685e+00,4.372938e+00,4.712187e+00,5.145871e+00,5.522379e+00,4.405060e+00,4.850667e+00,5.751182e+00,5.695712e+00,4.744820e+00,4.445490e+00,5.203278e+00,9.696993e+00,4.630207e+00,4.600951e+00,4.517583e+00,6.952056e+00,5.368791e+00,4.844168e+00,4.921476e+00,4.781786e+00,4.944560e+00,4.816622e+00,4.812590e+00,4.967600e+00,5.167348e+00,4.894714e+00,4.553554e+00,5.607367e+00,4.769570e+00,4.941887e+00,4.882635e+00,6.172068e+00,4.864613e+00,4.475986e+00,4.927827e+00,4.859887e+00,4.799453e+00,4.870730e+00,4.705594e+00,4.821852e+00,4.890407e+00,4.915532e+00,4.845193e+00,4.912213e+00,4.730391e+00,4.869972e+00,4.695390e+00,5.019070e+00,4.774775e+00,4.763053e+00,4.853920e+00,4.793198e+00,4.981744e+00,4.812324e+00,4.647328e+00,4.812159e+00,4.835243e+00,4.678211e+00,4.883831e+00,5.011882e+00,4.590803e+00,4.818781e+00,4.850850e+00,4.787039e+00,5.067362e+00,4.981207e+00,4.687320e+00,4.854210e+00,4.469631e+00,4.817307e+00,5.316716e+00,4.749281e+00,4.751348e+00,4.847292e+00,4.687172e+00,4.691605e+00,5.055403e+00,4.768427e+00,4.974063e+00,4.734580e+00
4.843410e+00,4.834845e+00,4.828414e+00,4.680316e+00,4.848620e+00,4.900220e+00,4.694247e+00,4.796025e+00,4.926802e+00,4.889145e+00,4.759748e+00,4.731394e+00,4.899947e+00,4.665150e+00,4.568553e+00,4.691844e+00,4.803304e+00,4.550677e+00,4.951704e+00,4.938043e+00,4.771985e+00,4.914568e+00,4.702477e+00,4.939505e+00,4.944620e+00,4.927840e+00,5.020571e+00,4.530458e+00,4.621684e+00,4.848909e+00,4.826038e+00,4.740879e+00,4.962121e+00,4.832436e+00,4.872590e+00,4.951884e+00,4.867428e+00,4.841126e+00,4.925311e+00,4.719690e+00,4.882604e+00,4.980356e+00,4.624582e+00,4.661877e+00,4.409464e+00,5.019371e+00,5.146214e+00,4.736556e+00,5.060340e+00,4.667567e+00,5.247245e+00,4.531708e+00,4.931398e+00,4.808860e+00,4.593471e+00,4.800609e+00,4.811356e+00,5.298330e+00,7.647509e+00,5.031393e+00,4.392668e+00,4.627165e+00,4.965854e+00,4.720402e+00,4.754985e+00,5.210036e+00,4.971825e+00,5.008192e+00,4.771472e+00,4.968385e+00,5.084847e+00,4.619082e+00,5.113737e+00,4.860530e+00,4.804489e+00,4.745913e+00,4.847569e+00,5.014819e+00,4.984884e+00,4.952935e+00,4.857796e+00,4.744824e+00,4.831091e+00,9.323270e+00,7.281742e+00,4.815070e+00,4.700930e+00,5.050390e+00,5.061244e+00,4.984059e+00,5.323423e+00,5.048626e+00,4.579231e+00,4.720801e+00,4.977849e+00,5.007971e+00,4.677614e+00,4.930806e+00,4.502977e+00,5.059303e+00,5.234843e+00,4.406735e+00,4.691551e+00,4.820831e+00,4.730818e+00,5.118526e+00,4.939230e+00,4.622947e+00,5.049969e+00,5.134778e+00,4.880500e+00,5.070393e+00,4.775144e+00,4.857832e+00,4.803495e+00,4.740436e+00,4.789640e+00,5.024616e+00,5.067535e+00,4.790663e+00,4.932780e+00,4.799467e+00,5.009941e+00,4.760297e+00,4.964880e+00,5.287177e+00,5.003734e+00,4.629584e+00,4.658253e+00,4.769281e+00,4.996827e+00,4.899274e+00,4.703575e+00,5.042727e+00,4.673954e+00,4.691924e+00,4.782569e+00,5.028216e+00,4.613957e+00,4.752578e+00,4.521821e+00,4.691172e+00,5.097294e+00,4.847846e+00,4.812305e+00,5.183207e+00,5.004343e+00,5.151409e+00,4.746974e+00,5.244408e+00,4.956758e+00,4.982379e+00,4.593162e+00,4.192814e+00,4.328499e+00,4.755332e+00,4.537046e+00,4.705244e+00,4.457824e+00,4.667981e+00,4.560585e+00,5.773474e+00,4.684240e+00,4.607350e+00,4.725711e+00,4.759264e+00,4.927601e+00,4.694955e+00,4.271892e+00,4.921332e+00,4.851360e+00,5.108174e+00,4.806778e+00,4.998257e+00,4.984061e+00,4.854714e+00,4.940528e+00,4.868460e+00,5.125191e+00,4.898829e+00,4.910301e+00,4.983398e+00,4.703537e+00,5.037853e+00,4.878245e+00,4.822054e+00,4.919591e+00,4.871692e+00,4.589614e+00,4.533086e+00,4.841111e+00,4.669968e+00,4.833783e+00,4.746855e+00,4.974564e+00,4.557127e+00,4.856745e+00,4.872303e+00,4.876137e+00,4.465532e+00,4.699957e+00,4.627600e+00,4.822430e+00,4.845729e+00,5.234813e+00,4.713449e+00,4.600001e+00,4.883279e+00,4.719073e+00,4.775247e+00,4.678175e+00,4.658508e+00,4.702540e+00,4.931632e+00,4.649357e+00,4.756378e+00,4.910745e+00,4.659711e+00,4.975139e+00,4.722466e+00,4.821591e+00,4.867672e+00,4.886565e+00,4.564473e+00,4.665863e+00,4.945405e+00,4.833580e+00,4.751537e+00
5.003576e+00,4.673194e+00,4.283532e+00,4.818803e+00,4.539658e+00,4.674292e+00,4.858495e+00,4.869994e+00,5.094542e+00,4.783409e+00,4.975530e+00,4.828889e+00,5.001033e+00,4.751575e+00,4.853517e+00,4.923988e+00,4.682448e+00,5.020624e+00,4.681551e+00,4.479976e+00,4.956863e+00,4.941634e+00,4.340897e+00,4.985871e+00,4.640147e+00,4.428143e+00,4.480181e+00,4.772027e+00,4.869813e+00,4.634977e+00,4.870569e+00,4.844445e+00,5.010827e+00,4.873712e+00,4.792204e+00,4.997936e+00,4.772455e+00,4.815666e+00,4.935940e+00,4.502200e+00,5.018571e+00,5.111942e+00,4.969356e+00,5.023787e+00,4.923318e+00,4.909203e+00,4.577627e+00,5.115660e+00,4.935291e+00,4.817079e+00,5.055400e+00,4.807539e+00,4.837785e+00,4.672871e+00,4.801442e+00,4.690098e+00,4.928554e+00,4.712298e+00,4.977993e+00,5.374678e+00,5.230518e+00,4.748736e+00,5.091528e+00,4.860870e+00,4.824751e+00,5.152569e+00,4.697798e+00,4.579876e+00,4.753628e+00,4.812007e+00,4.899822e+00,5.018427e+00,4.945902e+00,4.824958e+00,5.179284e+00,5.058218e+00,4.653196e+00,4.727876e+00,5.005815e+00,4.931020e+00,4.761335e+00,4.950112e+00,4.596092e+00,4.623892e+00,5.206528e+00,6.343422e+00,5.003264e+00,4.473577e+00,4.927212e+00,6.431895e+00,4.925345e+00,4.502355e+00,4.741649e+00,5.073210e+00,5.178492e+00,4.774176e+00,4.399938e+00,5.010190e+00,4.628050e+00,4.928970e+00,4.700737e+00,4.495490e+00,4.706476e+00,4.966335e+00,4.372329e+00,5.065883e+00,4.860625e+00,4.717162e+00,5.006600e+00,5.187699e+00,5.219924e+00,4.709795e+00,4.795206e+00,4.803550e+00,4.852209e+00,4.630665e+00,4.745388e+00,4.899206e+00,4.747021e+00,4.511304e+00,5.074019e+00,4.820658e+00,4.980837e+00,4.877211e+00,5.016711e+00,4.761655e+00,4.677979e+00,4.870202e+00,4.995681e+00,4.574451e+00,5.391224e+00,5.010487e+00,4.643504e+00,4.873892e+00,4.812987e+00,4.915874e+00,4.742982e+00,4.870304e+00,4.884942e+00,4.703831e+00,4.706561e+00,4.694585e+00,5.091437e+00,4.971553e+00,4.809803e+00,5.134577e+00,4.839088e+00,4.848068e+00,4.766237e+00,4.998211e+00,4.550569e+00,4.223243e+00,4.216112e+00,5.151498e+00,9.897490e+00,4.614085e+00,4.472582e+00,4.919671e+00,4.581822e+00,4.125766e+00,4.694137e+00,4.404862e+00,4.736110e+00,4.761916e+00,4.941684e+00,4.638396e+00,4.439587e+00,4.660246e+00,4.838075e+00,4.922060e+00,4.719042e+00,4.892762e+00,5.001396e+00,4.910702e+00,4.635631e+00,4.907868e+00,7.934555e+00,4.737987e+00,4.730595e+00,5.177703e+00,4.524677e+00,4.888418e+00,4.783101e+00,4.778995e+00,5.057784e+00,4.993843e+00,4.652999e+00,4.792167e+00,4.399160e+00,4.859638e+00,4.538168e+00,5.111161e+00,4.957778e+00,4.784591e+00,4.543644e+00,4.864718e+00,4.850776e+00,4.897240e+00,4.738802e+00,5.177393e+00,4.748653e+00,4.938525e+00,4.684736e+00,4.881997e+00,4.713182e+00,4.881201e+00,5.428292e+00,4.731321e+00,4.978450e+00,4.899581e+00,4.544420e+00,4.908429e+00,4.994816e+00,4.684905e+00,5.162955e+00,4.842673e+00,4.862132e+00,4.979101e+00,4.801109e+00,4.926685e+00,4.677103e+00,4.804366e+00,5.101625e+00,4.702073e+00,4.913331e+00,4.776359e+00,4.936316e+00,5.023012e+00
4.613908e+00,4.370339e+00,4.648771e+00,4.822283e+00,4.904944e+00,4.750759e+00,4.842888e+00,4.860190e+00,4.793054e+00,5.013395e+00,4.620072e+00,4.879711e+00,4.903813e+00,4.902710e+00,4.782121e+00,4.614580e+00,4.836635e+00,4.642752e+00,4.958125e+00,4.947689e+00,4.555496e+00,4.795994e+00,4.809006e+00,4.957368e+00,4.527827e+00,4.757434e+00,4.751066e+00,4.805437e+00,4.877027e+00,4.780378e+00,4.835061e+00,4.801759e+00,4.901545e+00,4.801253e+00,5.012671e+00,4.729876e+00,4.765302e+00,4.763333e+00,4.840742e+00,4.941839e+00,4.710824e+00,4.895701e+00,5.005261e+00,4.927963e+00,5.023117e+00,4.734641e+00,5.096000e+00,4.945763e+00,4.458905e+00,4.979350e+00,4.645881e+00,4.769244e+00,4.777333e+00,4.787726e+00,4.868326e+00,4.754596e+00,4.921799e+00,5.021332e+00,5.051964e+00,4.734291e+00,4.734830e+00,4.712658e+00,4.654023e+00,5.122298e+00,4.685305e+00,4.636771e+00,5.076189e+00,5.041761e+00,4.792439e+00,4.734066e+00,4.829373e+00,4.601924e+00,4.908175e+00,4.639142e+00,4.811062e+00,4.537406e+00,4.898517e+00,4.857446e+00,5.119633e+00,4.310387e+00,5.062050e+00,4.829329e+00,5.264110e+00,4.622104e+00,5.470799e+00,6.057564e+00,4.698941e+00,4.650768e+00,4.822224e+00,7.739196e+00,4.756881e+00,4.985581e+00,4.500063e+00,4.721305e+00,5.265301e+00,4.849750e+00,4.741325e+00,4.648866e+00,5.089035e+00,6.255868e+00,4.950814e+00,4.759206e+00,5.110862e+00,4.803469e+00,4.896509e+00,4.660973e+00,4.892021e+00,5.019054e+00,4.971350e+00,5.261174e+00,4.417840e+00,4.715668e+00,4.394656e+00,4.689524e+00,4.959443e+00,4.562744e+00,4.805415e+00,4.834043e+00,5.273949e+00,4.847416e+00,4.980402e+00,4.722410e+00,4.873401e+00,4.906360e+00,4.912571e+00,4.921363e+00,4.606996e+00,4.719908e+00,4.832448e+00,4.748823e+00,4.747146e+00,4.753254e+00,4.857692e+00,4.736638e+00,4.868660e+00,4.861124e+00,4.791477e+00,4.585708e+00,5.003864e+00,4.720480e+00,4.865816e+00,5.010504e+00,4.594795e+00,4.683038e+00,5.132088e+00,4.991943e+00,5.099678e+00,4.750826e+00,4.917830e+00,4.619064e+00,4.419133e+00,4.730181e+00,4.934317e+00,5.399328e+00,5.337895e+00,4.831831e+00,4.900966e+00,4.843127e+00,4.580444e+00,4.967622e+00,4.857920e+00,5.288152e+00,4.899542e+00,4.770779e+00,4.601977e+00,4.746403e+00,4.901454e+00,4.653157e+00,4.956138e+00,4.960746e+00,4.963010e+00,4.522520e+00,4.790120e+00,4.927885e+00,5.052169e+00,4.773797e+00,4.710475e+00,5.253392e+00,4.790776e+00,4.979317e+00,4.902139e+00,5.039256e+00,5.085886e+00,4.602613e+00,4.691546e+00,5.376995e+00,4.900422e+00,4.937663e+00,4.773430e+00,5.120827e+00,4.717544e+00,4.890865e+00,5.060967e+00,4.888306e+00,4.616033e+00,4.936822e+00,5.200399e+00,5.390767e+00,4.831794e+00,4.806393e+00,4.912856e+00,4.939991e+00,4.602084e+00,4.487581e+00,5.618111e+00,4.915554e+00,4.972536e+00,5.064864e+00,4.840935e+00,4.935267e+00,5.136889e+00,5.074045e+00,4.700838e+00,4.801770e+00,5.045207e+00,4.770581e+00,4.553968e+00,4.676183e+00,5.154890e+00,5.097677e+00,5.145609e+00,4.937088e+00,4.746684e+00,4.715105e+00,4.908121e+00,5.022372e+00,4.613577e+00,4.581345e+00
4.629744e+00,4.932058e+00,4.867732e+00,4.970364e+00,4.680716e+00,4.782434e+00,4.433834e+00,4.889317e+00,4.885792e+00,4.690009e+00,4.764407e+00,4.831545e+00,4.879986e+00,4.786174e+00,4.992784e+00,4.620456e+00,4.894137e+00,4.589468e+00,4.615837e+00,4.788591e+00,4.802388e+00,4.894270e+00,4.824983e+00,4.707588e+00,4.687216e+00,4.722308e+00,4.637989e+00,4.836736e+00,5.007938e+00,4.934601e+00,4.626883e+00,4.660236e+00,4.958412e+00,4.875450e+00,4.775548e+00,5.012414e+00,5.062688e+00,4.895038e+00,5.023107e+00,4.917694e+00,4.765364e+00,4.721339e+00,4.832591e+00,4.823116e+00,5.151227e+00,4.624135e+00,5.044099e+00,5.045673e+00,4.663380e+00,4.924350e+00,4.641476e+00,5.239189e+00,4.842589e+00,4.388759e+00,5.207795e+00,5.243758e+00,5.088519e+00,5.271065e+00,4.750113e+00,4.600144e+00,4.599061e+00,4.962941e+00,4.441634e+00,4.996232e+00,4.698310e+00,5.051491e+00,4.357033e+00,4.815419e+00,4.936924e+00,4.895015e+00,4.997302e+00,4.713246e+00,4.771144e+00,4.894133e+00,4.853184e+00,4.928238e+00,4.953056e+00,5.190462e+00,4.453958e+00,4.757450e+00,5.725853e+00,4.403189e+00,4.295019e+00,5.025131e+00,5.523967e+00,4.410722e+00,4.431875e+00,4.661360e+00,5.035774e+00,4.547460e+00,4.833524e+00,4.879204e+00,5.267565e+00,4.698255e+00,5.391609e+00,6.142139e+00,4.376969e+00,5.167734e+00,5.038582e+00,4.500599e+00,5.075815e+00,4.802299e+00,5.047727e+00,4.953834e+00,4.479254e+00,4.712693e+00,5.111965e+00,5.038975e+00,4.859072e+00,4.208800e+00,4.922461e+00,4.804011e+00,4.872988e+00,4.685904e+00,4.649782e+00,4.883457e+00,4.718976e+00,4.608912e+00,4.879300e+00,5.024490e+00,4.874053e+00,4.644491e+00,4.988444e+00,4.837089e+00,6.148744e+00,4.912204e+00,4.671081e+00,4.724867e+00,5.304614e+00,4.979768e+00,4.974177e+00,6.651023e+00,5.398613e+00,4.677310e+00,5.022475e+00,5.223765e+00,5.076874e+00,4.832263e+00,5.018699e+00,5.000630e+00,4.602090e+00,4.743264e+00,4.996374e+00,4.860504e+00,5.156765e+00,4.964307e+00,5.132305e+00,5.159995e+00,4.706352e+00,5.121640e+00,5.252858e+00,5.358409e+00,6.067390e+00,4.544319e+00,4.596507e+00,4.704870e+00,4.392907e+00,5.295092e+00,4.482470e+00,5.047842e+00,4.677181e+00,5.107579e+00,4.385090e+00,4.982983e+00,4.591068e+00,4.452866e+00,4.997039e+00,4.554605e+00,5.262672e+00,4.549991e+00,4.863180e+00,4.908758e+00,4.978541e+00,5.413124e+00,4.709542e+00,4.719905e+00,4.941750e+00,5.075781e+00,5.143345e+00,5.015633e+00,4.778435e+00,4.459069e+00,5.057837e+00,4.333061e+00,4.542204e+00,5.109698e+00,4.921840e+00,4.806113e+00,4.778134e+00,4.797446e+00,4.987140e+00,5.007903e+00,4.929171e+00,4.481913e+00,4.796043e+00,4.936176e+00,4.779079e+00,4.938270e+00,4.444195e+00,4.824021e+00,4.771884e+00,4.495741e+00,4.260442e+00,4.925852e+00,5.038993e+00,4.899760e+00,4.872927e+00,4.970871e+00,5.043535e+00,4.786791e+00,4.718960e+00,5.116196e+00,4.940951e+00,4.979613e+00,4.975299e+00,4.747148e+00,4.889531e+00,4.705987e+00,4.936670e+00,4.833976e+00,4.979531e+00,4.800089e+00,4.988275e+00,4.748070e+00,4.408938e+00,4.884471e+00,4.468538e+00,4.935387e+00
4.856951e+00,4.651916e+00,4.534004e+00,4.383547e+00,4.737459e+00,4.849872e+00,4.953926e+00,5.056523e+00,4.576513e+00,4.716716e+00,4.894892e+00,4.999838e+00,4.686556e+00,5.034249e+00,4.904853e+00,4.970190e+00,4.630032e+00,4.918942e+00,4.702512e+00,5.001947e+00,4.945937e+00,4.855249e+00,4.753374e+00,5.026610e+00,4.630638e+00,4.934669e+00,4.873128e+00,4.841971e+00,4.395641e+00,5.089998e+00,4.887646e+00,4.821186e+00,4.844052e+00,5.097031e+00,4.961343e+00,4.963577e+00,4.431964e+00,4.815480e+00,4.729098e+00,4.908183e+00,4.855534e+00,4.784613e+00,5.014746e+00,5.297530e+00,4.939062e+00,4.727961e+00,4.929303e+00,4.661187e+00,4.969448e+00,4.825609e+00,4.652647e+00,4.864265e+00,4.805671e+00,4.767231e+00,4.797156e+00,5.046901e+00,5.075163e+00,5.182024e+00,4.600918e+00,4.561161e+00,4.671579e+00,5.168842e+00,4.284289e+00,4.851228e+00,5.283055e+00,5.060805e+00,4.952969e+00,5.108801e+00,4.768722e+00,5.049861e+00,5.039690e+00,4.493120e+00,4.917710e+00,5.142760e+00,4.801862e+00,5.037618e+00,4.825840e+00,4.978319e+00,4.593966e+00,5.045574e+00,5.033307e+00,5.171919e+00,4.995730e+00,4.890789e+00,4.642990e+00,4.927383e+00,4.708452e+00,5.009414e+00,4.727743e+00,4.246549e+00,5.104203e+00,5.152340e+00,4.677862e+00,5.035597e+00,4.992617e+00,4.698261e+00,4.971067e+00,4.885860e+00,5.080222e+00,4.919378e+00,5.053094e+00,5.175077e+00,4.728428e+00,4.675144e+00,5.173991e+00,4.965492e+00,5.038048e+00,4.635644e+00,5.158693e+00,4.514987e+00,5.444647e+00,4.909518e+00,5.135332e+00,5.606612e+00,5.562500e+00,5.106654e+00,4.783450e+00,4.619812e+00,4.774358e+00,4.827869e+00,5.237658e+00,5.409412e+00,4.883793e+00,4.813675e+00,4.733613e+00,4.741267e+00,4.950106e+00,5.054829e+00,4.979925e+00,4.842765e+00,4.685707e+00,4.927217e+00,4.766491e+00,4.982197e+00,4.802818e+00,5.089656e+00,4.988662e+00,4.450532e+00,5.175789e+00,5.027042e+00,4.907190e+00,4.855216e+00,4.512793e+00,4.962998e+00,5.147464e+00,5.059505e+00,4.825897e+00,4.515019e+00,4.523029e+00,4.802432e+00,4.670600e+00,4.938139e+00,4.664787e+00,5.064323e+00,4.542130e+00,4.590155e+00,4.371333e+00,4.441613e+00,4.592120e+00,4.552461e+00,6.597239e+00,4.434468e+00,5.088598e+00,6.190931e+00,5.029967e+00,4.418952e+00,4.832313e+00,5.546979e+00,4.214616e+00,4.357399e+00,5.077500e+00,5.237866e+00,4.546390e+00,5.895734e+00,5.183816e+00,4.871479e+00,4.703726e+00,4.897953e+00,4.647575e+00,4.739336e+00,5.144306e+00,5.006868e+00,4.628072e+00,4.429693e+00,4.755975e+00,5.037260e+00,5.151512e+00,5.030578e+00,4.678220e+00,5.023143e+00,4.943274e+00,5.041181e+00,4.981621e+00,4.768307e+00,5.150697e+00,4.528914e+00,5.177080e+00,4.709254e+00,4.836905e+00,4.913595e+00,4.807473e+00,4.828279e+00,4.802638e+00,4.863470e+00,4.770944e+00,4.877944e+00,4.894299e+00,4.604949e+00,4.866878e+00,5.051978e+00,4.793735e+00,5.131652e+00,5.072962e+00,4.932032e+00,5.094769e+00,4.637249e+00,4.979367e+00,4.916091e+00,4.977698e+00,4.585219e+00,5.027485e+00,4.657463e+00,4.715873e+00,5.019039e+00,4.781792e+00,4.725396e+00,4.783670e+00,4.946408e+00
4.709642e+00,4.810009e+00,4.733615e+00,4.703462e+00,4.426282e+00,4.563868e+00,4.814835e+00,4.758365e+00,4.567802e+00,4.913222e+00,4.715168e+00,4.810625e+00,4.689404e+00,4.680263e+00,4.692333e+00,4.714499e+00,4.731115e+00,4.561484e+00,4.835562e+00,4.955131e+00,4.973563e+00,4.553736e+00,4.558584e+00,4.957191e+00,4.538529e+00,4.876015e+00,4.737675e+00,4.465913e+00,4.786965e+00,4.695962e+00,4.886590e+00,4.759327e+00,4.973050e+00,4.696988e+00,4.754375e+00,4.794572e+00,4.923719e+00,4.808738e+00,4.712843e+00,4.739045e+00,4.882580e+00,5.112998e+00,5.146919e+00,4.751639e+00,4.842439e+00,4.958240e+00,4.545007e+00,4.575268e+00,5.021772e+00,5.203323e+00,5.132788e+00,4.760191e+00,4.979366e+00,4.947140e+00,5.034840e+00,5.074872e+00,5.154157e+00,4.782999e+00,5.010861e+00,4.922626e+00,4.838401e+00,5.022610e+00,4.441682e+00,4.183182e+00,4.805142e+00,4.778881e+00,4.903365e+00,4.914075e+00,5.118485e+00,5.069256e+00,4.817165e+00,4.741089e+00,4.821395e+00,4.652671e+00,4.832621e+00,5.395937e+00,4.782870e+00,4.259421e+00,5.283016e+00,5.068391e+00,4.630104e+00,5.001157e+00,4.774386e+00,4.828670e+00,5.058209e+00,4.607756e+00,4.503582e+00,4.686650e+00,4.661400e+00,4.678520e+00,4.984892e+00,4.707418e+00,4.978041e+00,4.822066e+00,5.030534e+00,4.675635e+00,4.806975e+00,5.119139e+00,4.825160e+00,4.839475e+00,5.119166e+00,4.980234e+00,5.155914e+00,4.820196e+00,4.722700e+00,4.823163e+00,4.631278e+00,5.332522e+00,8.877194e+00,5.151708e+00,4.242104e+00,4.726772e+00,6.696635e+00,4.648645e+00,4.426273e+00,4.660107e+00,4.781424e+00,4.941672e+00,4.783222e+00,5.003329e+00,4.405601e+00,4.562052e+00,4.717827e+00,5.107234e+00,4.902281e+00,4.973567e+00,5.001330e+00,4.730054e+00,4.871566e+00,4.861692e+00,4.972816e+00,4.985392e+00,4.990881e+00,5.006934e+00,4.633086e+00,4.683522e+00,4.847844e+00,4.771890e+00,5.060358e+00,5.217301e+00,4.735789e+00,4.758988e+00,4.568259e+00,4.580599e+00,4.864891e+00,4.666446e+00,5.064861e+00,5.140341e+00,4.959485e+00,4.555294e+00,4.938337e+00,4.608099e+00,5.223248e+00,5.704590e+00,4.686846e+00,4.746892e+00,5.034535e+00,4.846234e+00,4.650615e+00,4.530003e+00,4.437236e+00,4.292880e+00,4.536387e+00,4.958370e+00,4.986730e+00,4.711942e+00,4.524426e+00,4.799984e+00,5.003532e+00,5.093036e+00,4.981283e+00,4.486429e+00,4.983289e+00,6.133335e+00,4.923738e+00,4.949502e+00,4.779696e+00,4.990036e+00,4.828936e+00,4.428987e+00,4.721934e+00,5.253176e+00,4.714037e+00,4.762666e+00,4.961137e+00,5.060523e+00,5.163502e+00,4.882697e+00,5.016261e+00,5.093881e+00,4.854925e+00,5.166898e+00,4.933620e+00,4.881399e+00,4.767065e+00,4.601969e+00,5.098379e+00,4.984422e+00,4.863321e+00,5.095401e+00,4.953994e+00,4.785010e+00,4.799989e+00,4.841474e+00,4.781394e+00,4.715702e+00,4.855627e+00,4.769780e+00,4.843806e+00,4.955876e+00,5.318600e+00,5.085031e+00,5.144481e+00,4.769041e+00,4.984448e+00,4.723190e+00,4.940098e+00,4.897953e+00,4.940304e+00,4.833728e+00,4.800458e+00,4.780473e+00,4.663848e+00,5.391891e+00,4.919950e+00,4.539090e+00,4.999126e+00,4.966594e+00
4.962060e+00,4.795720e+00,4.815147e+00,4.909388e+00,4.706081e+00,4.839378e+00,4.921850e+00,4.981988e+00,4.569146e+00,4.812909e+00,4.747182e+00,4.801834e+00,4.840383e+00,4.774273e+00,4.673297e+00,4.298416e+00,4.866930e+00,4.889088e+00,4.852289e+00,4.389714e+00,4.875503e+00,4.941984e+00,4.812045e+00,4.767603e+00,4.642817e+00,5.010922e+00,4.993258e+00,4.724703e+00,4.229211e+00,4.798388e+00,4.927565e+00,4.860876e+00,4.941648e+00,4.942574e+00,4.854900e+00,4.805176e+00,4.782637e+00,4.679874e+00,4.772892e+00,4.782631e+00,5.046883e+00,5.019433e+00,4.864020e+00,5.217630e+00,4.934398e+00,4.780400e+00,4.816240e+00,4.909859e+00,4.866367e+00,5.117315e+00,4.971444e+00,4.568340e+00,4.844472e+00,4.981606e+00,5.062813e+00,4.714713e+00,4.623226e+00,5.080563e+00,4.454475e+00,5.105285e+00,4.946171e+00,5.136020e+00,5.036212e+00,4.984874e+00,4.862511e+00,4.917159e+00,5.055146e+00,5.054892e+00,5.054022e+00,4.888785e+00,4.793354e+00,4.964622e+00,5.148835e+00,4.639525e+00,4.895321e+00,4.992610e+00,5.058413e+00,4.723005e+00,4.585037e+00,5.014498e+00,4.769893e+00,4.738515e+00,4.533156e+00,4.949657e+00,5.054712e+00,4.659836e+00,4.533375e+00,4.772949e+00,5.052118e+00,5.026561e+00,5.270481e+00,5.064495e+00,4.884282e+00,4.446052e+00,4.787891e+00,4.834878e+00,4.930897e+00,4.890861e+00,5.202888e+00,5.143942e+00,5.287198e+00,4.420226e+00,5.070124e+00,4.710064e+00,4.773061e+00,4.794704e+00,5.181945e+00,5.194681e+00,5.278050e+00,5.018095e+00,4.381743e+00,4.428603e+00,4.485380e+00,4.544947e+00,4.812568e+00,4.694204e+00,4.940611e+00,4.621043e+00,4.792545e+00,4.911715e+00,5.156031e+00,5.019276e+00,4.963963e+00,4.698510e+00,5.000097e+00,4.835056e+00,4.861675e+00,4.882254e+00,5.061106e+00,4.833705e+00,4.884433e+00,4.579816e+00,5.087285e+00,4.768950e+00,5.287465e+00,4.743620e+00,4.996693e+00,4.931954e+00,4.808631e+00,4.780272e+00,5.201576e+00,4.875775e+00,4.886582e+00,4.970221e+00,4.729037e+00,4.610210e+00,4.682795e+00,4.919402e+00,4.526178e+00,4.900818e+00,5.046453e+00,5.728270e+00,4.773441e+00,4.912167e+00,4.729176e+00,4.619921e+00,4.747601e+00,4.300514e+00,6.825400e+00,9.954250e+00,4.485721e+00,4.721856e+00,4.400819e+00,4.345806e+00,4.642813e+00,4.451626e+00,4.733194e+00,4.797450e+00,4.548382e+00,5.045712e+00,5.071832e+00,4.689081e+00,4.913661e+00,5.053593e+00,5.648324e+00,4.882147e+00,4.727203e+00,4.395806e+00,7.152844e+00,4.976133e+00,4.958023e+00,4.730776e+00,4.890047e+00,4.858513e+00,4.739435e+00,4.652770e+00,4.943238e+00,4.864781e+00,4.815824e+00,4.408630e+00,4.917350e+00,4.943825e+00,4.694475e+00,4.918763e+00,4.821170e+00,4.608145e+00,4.740407e+00,5.080031e+00,4.767673e+00,4.886885e+00,4.717064e+00,4.584377e+00,4.835980e+00,4.859970e+00,4.678290e+00,4.851208e+00,4.864404e+00,4.401045e+00,4.573234e+00,5.094285e+00,4.413869e+00,4.869332e+00,4.723555e+00,5.153125e+00,4.800424e+00,5.170489e+00,4.763491e+00,4.855720e+00,4.997201e+00,4.832330e+00,5.091678e+00,4.959444e+00,4.447640e+00,4.740408e+00,4.496297e+00,4.904798e+00,4.659629e+00,4.709885e+00
4.847893e+00,4.742941e+00,4.501386e+00,4.606234e+00,4.823801e+00,4.768534e+00,4.904272e+00,4.755270e+00,4.842627e+00,4.712993e+00,4.796501e+00,4.850654e+00,5.034968e+00,4.620501e+00,4.608877e+00,4.983906e+00,4.810380e+00,4.955974e+00,4.838132e+00,4.727589e+00,4.898197e+00,4.808248e+00,4.528527e+00,4.633191e+00,4.992679e+00,4.854001e+00,5.016833e+00,4.989033e+00,4.914073e+00,4.868238e+00,4.885424e+00,4.773224e+00,4.932580e+00,4.936203e+00,4.772131e+00,4.704243e+00,4.928831e+00,4.776791e+00,4.824841e+00,4.921959e+00,4.986256e+00,5.055831e+00,5.260713e+00,4.600083e+00,4.708149e+00,4.987617e+00,4.814631e+00,4.768840e+00,4.950739e+00,4.969081e+00,5.465632e+00,4.699457e+00,4.823210e+00,5.401328e+00,4.871663e+00,4.478724e+00,4.797066e+00,5.235468e+00,4.883253e+00,5.137707e+00,5.161690e+00,4.615086e+00,5.041773e+00,5.167188e+00,5.216648e+00,4.763899e+00,4.782022e+00,4.997730e+00,4.850802e+00,4.754201e+00,4.789993e+00,4.845113e+00,5.093514e+00,4.996153e+00,4.930410e+00,4.719902e+00,4.802165e+00,4.768625e+00,4.790658e+00,5.212043e+00,4.957198e+00,5.319531e+00,4.793615e+00,5.096090e+00,4.839786e+00,4.605425e+00,4.959772e+00,4.997601e+00,4.840658e+00,4.933147e+00,4.990980e+00,4.829584e+00,4.575514e+00,4.717547e+00,4.716873e+00,4.804167e+00,4.821402e+00,4.484393e+00,4.572252e+00,4.509165e+00,4.516199e+00,5.056682e+00,4.944199e+00,4.810227e+00,4.530420e+00,4.507152e+00,4.460432e+00,4.885087e+00,4.886961e+00,4.952671e+00,4.724250e+00,4.391691e+00,4.418625e+00,5.075943e+00,4.447097e+00,4.965508e+00,5.057182e+00,4.772462e+00,4.606393e+00,5.049697e+00,4.891142e+00,4.959443e+00,4.928174e+00,4.846458e+00,5.014288e+00,5.138595e+00,5.227888e+00,5.009172e+00,4.906062e+00,5.001357e+00,5.035252e+00,4.848528e+00,4.951801e+00,5.036606e+00,4.904800e+00,4.749730e+00,5.421518e+00,4.808639e+00,4.791178e+00,4.916748e+00,5.509795e+00,4.897039e+00,4.669191e+00,4.290934e+00,4.629512e+00,4.843217e+00,4.938080e+00,5.165182e+00,4.790506e+00,4.604547e+00,5.180959e+00,4.377191e+00,4.389854e+00,4.977816e+00,3.999636e+00,4.168322e+00,4.891554e+00,9.734234e+00,9.928372e+00,4.318752e+00,9.533161e+00,5.198131e+00,5.008014e+00,4.394518e+00,4.745389e+00,4.937295e+00,4.747356e+00,5.139734e+00,5.012991e+00,4.437084e+00,4.695919e+00,4.851610e+00,5.021513e+00,5.068471e+00,5.186606e+00,5.053911e+00,4.386523e+00,5.234044e+00,8.306653e+00,5.077035e+00,4.644614e+00,5.002701e+00,4.498850e+00,5.352762e+00,4.639337e+00,5.171364e+00,4.960029e+00,4.836950e+00,4.522675e+00,4.662531e+00,4.778238e+00,4.918340e+00,4.723701e+00,4.890025e+00,4.658404e+00,4.600229e+00,4.823098e+00,4.713004e+00,4.738917e+00,4.725175e+00,4.726785e+00,4.859068e+00,4.883072e+00,4.418272e+00,4.850787e+00,4.892867e+00,4.884607e+00,5.087806e+00,4.889570e+00,5.097277e+00,4.625964e+00,4.903742e+00,4.790765e+00,5.084284e+00,4.946372e+00,4.942302e+00,4.493347e+00,4.825893e+00,4.935290e+00,4.753420e+00,5.161181e+00,4.704767e+00,4.865964e+00,4.908171e+00,4.727405e+00,4.900535e+00,4.848251e+00,4.917629e+00
4.492584e+00,4.759164e+00,4.864238e+00,4.924337e+00,5.020432e+00,4.990585e+00,4.669045e+00,4.906334e+00,4.994864e+00,4.947111e+00,4.724723e+00,4.675972e+00,4.938802e+00,4.855165e+00,4.963609e+00,4.876751e+00,4.847429e+00,4.835399e+00,4.730618e+00,5.078970e+00,4.724897e+00,4.674164e+00,4.844408e+00,4.689493e+00,4.770755e+00,4.864603e+00,4.938532e+00,4.907945e+00,4.889956e+00,4.628715e+00,4.894612e+00,4.908663e+00,4.762298e+00,4.822365e+00,4.513434e+00,4.647525e+00,5.109140e+00,4.795819e+00,5.018780e+00,4.862994e+00,5.252723e+00,4.716182e+00,4.975092e+00,4.991967e+00,4.540162e+00,4.941793e+00,5.025238e+00,4.880148e+00,4.963433e+00,4.766563e+00,4.904768e+00,4.720786e+00,4.694629e+00,4.792556e+00,5.075534e+00,5.199843e+00,4.930154e+00,4.978983e+00,4.744978e+00,4.598690e+00,4.723478e+00,5.026277e+00,4.747696e+00,4.609771e+00,4.676775e+00,5.084339e+00,4.943964e+00,5.162912e+00,4.919243e+00,5.049741e+00,4.985702e+00,4.234483e+00,4.905585e+00,4.608601e+00,5.093228e+00,4.809436e+00,4.786989e+00,4.821149e+00,4.987849e+00,5.036793e+00,4.765175e+00,4.946340e+00,4.642502e+00,4.788958e+00,4.490541e+00,6.798030e+00,4.917591e+00,4.759315e+00,4.693954e+00,4.819241e+00,4.865098e+00,4.733994e+00,5.160571e+00,4.834524e+00,4.989109e+00,4.891975e+00,4.846230e+00,5.925561e+00,4.744701e+00,5.112741e+00,4.963398e+00,5.232000e+00,4.815359e+00,4.918093e+00,5.042995e+00,5.258691e+00,4.403034e+00,5.184791e+00,4.844872e+00,4.912047e+00,4.389937e+00,5.650050e+00,5.354103e+00,5.147285e+00,5.267023e+00,4.878885e+00,4.757845e+00,4.683884e+00,4.881608e+00,4.861212e+00,4.631682e+00,4.428924e+00,4.654668e+00,5.016608e+00,4.909034e+00,4.879438e+00,5.106777e+00,4.773034e+00,5.226486e+00,4.827668e+00,4.495770e+00,4.938714e+00,4.949998e+00,5.238824e+00,4.718448e+00,5.182971e+00,4.857724e+00,5.068729e+00,4.737957e+00,4.622325e+00,4.682037e+00,4.500488e+00,4.803183e+00,5.238861e+00,5.138411e+00,5.311133e+00,5.170480e+00,4.938062e+00,4.759942e+00,4.618273e+00,4.987257e+00,4.714654e+00,4.719574e+00,5.140051e+00,4.823719e+00,4.845007e+00,4.149320e+00,6.211294e+00,8.998474e+00,4.721343e+00,4.377740e+00,4.695981e+00,4.809727e+00,4.680056e+00,5.154872e+00,5.191451e+00,4.760441e+00,4.480241e+00,4.220622e+00,5.030633e+00,4.889318e+00,4.423946e+00,5.046141e+00,4.521914e+00,4.827069e+00,4.203371e+00,5.034708e+00,4.704020e+00,5.217535e+00,4.766995e+00,5.106070e+00,4.585025e+00,5.120868e+00,4.848109e+00,4.956155e+00,5.012842e+00,4.673446e+00,4.887977e+00,5.005070e+00,4.893440e+00,4.720963e+00,4.846834e+00,4.860170e+00,4.682605e+00,4.738449e+00,4.768712e+00,5.203192e+00,5.088783e+00,4.657184e+00,4.863509e+00,4.825665e+00,4.650848e+00,4.692212e+00,4.678305e+00,5.048348e+00,4.662149e+00,5.151507e+00,5.544744e+00,4.728931e+00,4.884461e+00,4.719754e+00,4.791905e+00,4.904139e+00,5.177957e+00,4.856276e+00,4.930989e+00,4.744614e+00,4.973252e+00,5.019641e+00,4.607247e+00,4.594296e+00,5.060052e+00,4.852571e+00,4.454871e+00,4.695641e+00,4.792034e+00,4.838787e+00,4.908002e+00
4.929797e+00,4.575756e+00,4.674939e+00,4.687826e+00,4.852002e+00,4.723870e+00,4.614927e+00,4.843569e+00,4.917887e+00,4.777371e+00,4.890359e+00,4.596247e+00,4.916769e+00,4.776597e+00,4.625166e+00,4.970613e+00,4.858439e+00,4.966674e+00,4.743315e+00,4.937582e+00,4.849039e+00,4.805477e+00,4.747977e+00,5.105976e+00,4.618904e+00,4.832170e+00,4.687964e+00,4.771573e+00,4.598012e+00,4.696946e+00,4.664028e+00,4.889842e+00,4.819800e+00,4.914451e+00,4.714373e+00,4.304052e+00,4.965615e+00,4.802642e+00,5.262814e+00,4.935621e+00,5.137355e+00,4.846441e+00,4.963040e+00,4.654122e+00,4.706338e+00,4.729863e+00,4.892914e+00,4.935424e+00,5.421616e+00,4.172463e+00,4.665363e+00,4.954887e+00,4.887116e+00,4.833210e+00,4.995420e+00,4.765296e+00,5.064123e+00,5.009990e+00,4.342193e+00,5.054450e+00,4.786815e+00,5.086609e+00,4.763695e+00,4.833442e+00,5.091340e+00,5.066398e+00,4.764616e+00,4.968059e+00,4.925032e+00,4.778188e+00,5.118230e+00,4.599276e+00,5.067342e+00,4.856143e+00,4.916538e+00,4.778584e+00,5.028495e+00,5.274793e+00,4.934790e+00,4.895548e+00,5.127028e+00,4.940596e+00,5.180333e+00,4.790668e+00,4.833728e+00,5.142279e+00,5.372366e+00,4.992750e+00,4.951983e+00,5.107652e+00,5.026935e+00,5.003034e+00,4.538689e+00,4.793231e+00,4.716413e+00,5.002552e+00,4.593072e+00,4.696997e+00,5.219355e+00,4.810636e+00,5.202304e+00,4.861744e+00,4.690273e+00,5.169304e+00,5.019528e+00,4.834672e+00,4.704627e+00,4.626460e+00,3.858562e+00,4.890159e+00,5.048613e+00,5.194388e+00,4.074766e+00,4.639277e+00,4.788422e+00,4.726987e+00,4.829170e+00,4.794336e+00,4.926186e+00,5.098304e+00,4.866083e+00,4.628720e+00,4.798871e+00,4.801045e+00,4.864568e+00,5.143454e+00,5.085203e+00,5.051920e+00,4.675917e+00,4.793671e+00,4.871360e+00,4.941541e+00,5.123305e+00,4.891255e+00,4.852497e+00,4.802286e+00,4.779906e+00,4.694294e+00,4.876669e+00,4.547567e+00,4.682379e+00,4.985561e+00,4.752069e+00,4.727071e+00,4.772721e+00,5.211418e+00,5.084214e+00,4.353968e+00,5.426963e+00,5.092559e+00,4.889937e+00,4.519950e+00,4.653891e+00,5.380144e+00,4.454072e+00,4.784143e+00,4.603165e+00,4.258630e+00,5.076513e+00,9.370721e+00,4.569299e+00,5.137392e+00,4.921581e+00,4.782619e+00,5.039464e+00,4.818305e+00,5.009978e+00,4.527270e+00,4.194958e+00,4.892011e+00,4.704688e+00,4.500268e+00,4.589973e+00,4.399744e+00,4.941413e+00,5.010674e+00,4.795406e+00,4.638561e+00,4.917733e+00,5.793917e+00,4.925349e+00,5.253129e+00,6.304247e+00,4.537928e+00,5.000480e+00,4.995048e+00,4.906716e+00,5.141047e+00,4.377974e+00,4.933274e+00,4.872235e+00,4.972768e+00,4.849583e+00,4.809757e+00,5.253176e+00,4.583558e+00,4.787843e+00,4.814851e+00,4.964575e+00,4.755294e+00,5.222973e+00,5.344218e+00,4.785084e+00,4.745087e+00,4.782689e+00,4.918202e+00,4.815379e+00,4.847001e+00,5.207572e+00,4.988054e+00,5.087414e+00,5.057990e+00,4.855969e+00,5.063801e+00,4.986504e+00,4.370628e+00,4.717728e+00,4.852117e+00,4.872085e+00,4.872207e+00,5.261782e+00,4.910500e+00,4.659702e+00,4.745061e+00,4.966435e+00,4.722114e+00,5.008078e+00,4.955719e+00
4.635911e+00,4.863207e+00,4.904327e+00,4.908758e+00,4.736996e+00,4.923124e+00,4.680328e+00,4.695205e+00,4.588453e+00,4.815081e+00,4.651523e+00,4.988938e+00,4.660219e+00,4.682056e+00,4.548687e+00,4.886210e+00,4.738902e+00,4.859738e+00,4.783082e+00,4.661125e+00,4.691169e+00,4.809012e+00,4.752332e+00,4.718262e+00,4.564270e+00,4.710323e+00,4.799792e+00,4.921688e+00,4.633679e+00,4.829864e+00,4.863160e+00,4.850110e+00,4.962665e+00,4.757585e+00,4.702083e+00,4.996415e+00,4.977612e+00,4.875289e+00,4.922964e+00,4.640594e+00,4.983469e+00,5.104330e+00,4.707129e+00,4.824118e+00,4.816980e+00,4.713466e+00,4.960334e+00,4.846858e+00,4.897370e+00,4.824571e+00,4.753558e+00,4.742802e+00,4.574096e+00,5.140455e+00,4.681774e+00,5.113876e+00,5.113276e+00,5.097138e+00,4.897597e+00,4.519549e+00,4.721699e+00,4.945566e+00,4.943388e+00,4.835493e+00,4.744970e+00,4.788055e+00,4.888330e+00,4.802058e+00,4.701863e+00,4.826786e+00,4.582875e+00,4.603308e+00,5.235079e+00,4.699681e+00,4.878262e+00,5.381330e+00,5.019087e+00,5.156323e+00,4.686980e+00,4.659486e+00,4.713060e+00,4.808189e+00,5.126099e+00,5.075150e+00,4.990991e+00,4.544328e+00,4.909368e+00,5.171660e+00,4.969176e+00,4.954247e+00,4.849739e+00,5.318792e+00,4.771807e+00,4.896124e+00,4.572165e+00,4.625055e+00,4.778059e+00,4.711328e+00,4.818634e+00,5.026354e+00,4.971374e+00,5.035586e+00,4.808724e+00,4.714774e+00,4.767019e+00,4.614511e+00,4.602999e+00,4.888683e+00,5.167515e+00,4.828139e+00,4.620590e+00,4.648473e+00,5.009292e+00,4.911325e+00,4.790115e+00,5.017230e+00,4.756733e+00,4.699751e+00,4.857173e+00,4.994721e+00,4.630974e+00,4.833095e+00,5.085179e+00,4.772018e+00,4.882821e+00,4.890331e+00,4.586533e+00,4.848136e+00,4.950856e+00,4.790084e+00,4.913670e+00,4.843179e+00,4.844988e+00,5.001914e+00,4.869306e+00,4.318410e+00,4.536673e+00,4.864791e+00,4.954551e+00,4.958817e+00,4.555135e+00,4.236762e+00,4.997315e+00,4.721456e+00,5.160704e+00,4.738158e+00,4.717766e+00,5.166439e+00,5.044091e+00,4.999773e+00,5.075778e+00,4.809291e+00,4.315185e+00,4.468194e+00,4.317100e+00,5.524621e+00,4.606530e+00,4.315944e+00,4.453178e+00,4.351120e+00,4.935060e+00,4.522001e+00,4.762402e+00,4.584902e+00,4.932219e+00,4.944374e+00,4.926357e+00,4.927094e+00,4.772803e+00,4.018068e+00,4.778045e+00,4.854759e+00,4.733014e+00,4.957789e+00,5.079458e+00,5.182850e+00,5.066544e+00,4.890519e+00,4.642264e+00,9.524833e+00,5.270544e+00,4.304984e+00,4.605731e+00,5.089377e+00,5.073654e+00,4.808884e+00,5.139733e+00,4.905598e+00,4.932210e+00,4.482326e+00,5.018577e+00,4.240499e+00,4.564054e+00,4.794669e+00,4.899287e+00,4.951510e+00,5.190446e+00,5.043811e+00,4.559087e+00,4.763681e+00,4.764480e+00,4.917879e+00,4.624254e+00,4.908727e+00,4.995079e+00,5.050599e+00,5.018996e+00,5.331999e+00,5.137994e+00,4.871273e+00,4.935879e+00,4.829212e+00,4.848937e+00,4.730027e+00,4.600483e+00,4.692522e+00,4.777426e+00,4.745551e+00,4.757367e+00,4.801864e+00,4.972304e+00,4.870991e+00,4.133361e+00,5.073229e+00,4.817067e+00,4.691566e+00,4.740821e+00,4.928398e+00
4.588814e+00,4.739273e+00,4.720661e+00,4.624282e+00,4.725353e+00,4.767411e+00,4.853664e+00,4.621284e+00,4.705703e+00,4.760496e+00,4.677354e+00,4.606822e+00,4.775813e+00,4.564815e+00,4.668564e+00,4.512377e+00,4.422998e+00,4.866271e+00,4.666401e+00,4.738961e+00,4.583607e+00,4.756701e+00,4.572846e+00,4.676258e+00,4.556540e+00,4.571020e+00,4.593640e+00,4.815039e+00,4.562342e+00,4.693212e+00,4.574267e+00,4.892514e+00,5.037317e+00,4.757808e+00,4.634551e+00,4.801039e+00,4.851715e+00,4.663744e+00,4.982819e+00,4.879970e+00,4.928337e+00,4.809043e+00,4.859585e+00,5.129360e+00,4.505483e+00,4.951324e+00,4.897826e+00,4.276941e+00,4.626146e+00,5.176246e+00,4.781933e+00,4.819968e+00,4.691938e+00,4.729868e+00,5.130603e+00,4.760941e+00,4.915529e+00,5.102571e+00,4.958284e+00,4.676921e+00,4.383054e+00,4.532620e+00,4.990831e+00,5.063799e+00,4.931106e+00,4.945113e+00,4.664138e+00,3.900384e+00,4.705014e+00,4.566283e+00,4.813971e+00,4.862963e+00,4.560646e+00,5.478329e+00,5.579615e+00,5.062049e+00,5.378940e+00,4.847310e+00,4.726931e+00,5.269655e+00,5.082796e+00,4.865249e+00,4.486414e+00,5.273185e+00,5.064009e+00,4.604947e+00,5.055998e+00,4.903147e+00,4.951079e+00,4.823989e+00,5.318422e+00,4.876244e+00,4.862050e+00,4.838467e+00,5.087042e+00,4.328223e+00,4.633002e+00,4.956840e+00,4.779867e+00,4.721876e+00,5.127559e+00,4.796625e+00,4.933170e+00,4.548526e+00,4.855651e+00,4.950611e+00,4.734186e+00,4.945518e+00,4.679986e+00,4.656905e+00,4.714229e+00,5.079661e+00,4.570086e+00,4.513524e+00,4.843621e+00,4.911622e+00,5.125258e+00,5.265021e+00,5.538063e+00,4.973790e+00,4.827627e+00,4.524032e+00,4.971521e+00,5.147670e+00,5.206771e+00,4.482837e+00,4.696579e+00,4.621552e+00,4.850755e+00,5.148210e+00,4.498529e+00,4.656804e+00,4.817573e+00,4.844988e+00,4.852814e+00,4.652387e+00,4.992310e+00,4.728711e+00,4.571800e+00,4.990973e+00,5.068642e+00,4.736855e+00,4.974360e+00,4.963021e+00,4.827685e+00,5.143485e+00,5.279001e+00,4.962078e+00,4.756636e+00,4.633206e+00,4.900170e+00,4.645955e+00,4.790173e+00,5.079438e+00,4.789223e+00,4.990024e+00,4.762413e+00,4.940746e+00,4.819120e+00,4.517508e+00,4.438837e+00,4.955238e+00,4.800625e+00,4.752746e+00,4.782653e+00,5.039335e+00,4.948206e+00,4.421143e+00,4.951936e+00,4.260747e+00,4.823084e+00,4.825760e+00,4.994702e+00,4.917582e+00,4.550369e+00,4.197862e+00,4.530270e+00,4.986010e+00,4.799627e+00,4.615518e+00,5.032389e+00,4.574576e+00,4.712347e+00,6.007425e+00,5.243752e+00,4.676867e+00,4.345171e+00,4.865320e+00,4.675788e+00,5.103741e+00,4.798825e+00,4.909544e+00,4.894681e+00,4.985120e+00,4.818928e+00,4.746312e+00,4.766101e+00,4.870089e+00,4.515754e+00,4.535708e+00,4.832346e+00,4.766816e+00,4.710209e+00,4.854804e+00,4.793605e+00,4.591090e+00,4.566380e+00,4.513394e+00,4.953633e+00,4.652202e+00,4.745059e+00,4.857442e+00,4.701324e+00,5.048716e+00,4.805162e+00,5.020289e+00,4.596927e+00,4.965416e+00,4.872099e+00,4.925909e+00,4.741878e+00,4.802140e+00,4.752323e+00,4.853251e+00,4.658039e+00,4.829674e+00,4.773529e+00,4.769010e+00
4.577509e+00,4.764086e+00,4.776812e+00,4.691408e+00,4.912244e+00,4.604623e+00,4.614251e+00,4.797948e+00,4.666946e+00,4.645859e+00,4.445299e+00,4.447647e+00,4.963604e+00,4.643474e+00,4.681799e+00,4.493157e+00,4.776301e+00,4.685144e+00,4.588302e+00,4.624642e+00,4.717394e+00,4.546703e+00,4.790163e+00,4.610443e+00,4.763757e+00,4.532949e+00,4.589844e+00,4.761507e+00,4.700211e+00,4.425337e+00,4.870931e+00,5.086578e+00,4.730890e+00,4.932748e+00,4.763471e+00,4.397871e+00,4.656100e+00,4.878082e+00,4.832507e+00,4.783776e+00,4.864775e+00,4.528895e+00,4.820615e+00,4.703953e+00,4.804427e+00,5.088647e+00,4.958861e+00,4.626527e+00,4.695020e+00,4.848830e+00,4.719974e+00,4.692532e+00,4.684242e+00,5.228533e+00,4.759088e+00,4.867749e+00,4.769452e+00,4.872366e+00,4.823031e+00,4.718337e+00,4.927599e+00,4.736934e+00,4.939193e+00,4.856374e+00,4.869922e+00,5.127396e+00,5.075794e+00,4.790950e+00,4.873339e+00,4.689698e+00,4.601905e+00,4.911069e+00,5.358481e+00,5.113112e+00,4.799799e+00,4.768223e+00,4.868055e+00,5.792537e+00,4.724386e+00,4.870049e+00,4.539532e+00,4.497632e+00,5.192668e+00,5.344472e+00,4.354386e+00,5.021486e+00,4.807357e+00,5.210382e+00,4.578130e+00,4.823806e+00,5.169340e+00,4.750554e+00,4.652951e+00,5.074632e+00,4.514256e+00,4.539648e+00,5.050063e+00,4.827173e+00,4.848158e+00,5.032545e+00,4.571544e+00,4.767411e+00,4.861154e+00,4.765897e+00,4.280568e+00,5.269188e+00,4.149976e+00,4.869350e+00,8.281541e+00,4.894709e+00,4.936229e+00,5.060050e+00,4.993619e+00,4.874370e+00,4.867295e+00,4.684149e+00,4.777539e+00,4.710003e+00,4.651171e+00,4.674864e+00,4.761654e+00,4.642786e+00,4.790285e+00,4.617366e+00,4.840498e+00,4.807578e+00,4.940631e+00,4.846401e+00,4.849111e+00,4.722546e+00,4.767682e+00,4.498200e+00,5.087693e+00,4.750169e+00,4.791096e+00,4.939289e+00,4.554556e+00,4.255205e+00,4.480079e+00,4.806417e+00,5.066376e+00,5.065166e+00,5.031398e+00,4.981716e+00,4.558788e+00,4.881695e+00,4.815650e+00,4.843862e+00,4.931528e+00,5.022997e+00,4.756799e+00,4.672080e+00,4.360151e+00,4.142540e+00,4.856144e+00,4.191147e+00,4.575148e+00,5.358658e+00,4.555559e+00,4.236326e+00,8.798748e+00,4.233318e+00,6.353479e+00,4.802510e+00,4.997944e+00,4.383676e+00,4.986873e+00,4.957526e+00,5.158831e+00,4.511460e+00,4.757299e+00,4.548695e+00,4.498366e+00,4.736514e+00,4.128522e+00,4.914639e+00,4.633609e+00,4.770028e+00,4.761136e+00,4.479023e+00,4.885500e+00,4.603480e+00,4.661105e+00,4.866299e+00,4.752417e+00,4.742129e+00,4.868802e+00,4.811033e+00,5.108849e+00,4.651459e+00,4.823409e+00,4.770285e+00,4.739902e+00,4.823083e+00,4.873058e+00,4.730519e+00,4.597003e+00,4.887078e+00,4.716418e+00,4.703351e+00,4.925111e+00,4.722964e+00,4.552967e+00,5.025209e+00,4.655896e+00,4.437750e+00,4.687329e+00,4.856246e+00,5.242177e+00,5.116150e+00,4.154172e+00,4.816995e+00,4.908422e+00,4.860764e+00,4.733170e+00,4.618934e+00,4.833774e+00,4.888729e+00,4.745964e+00,4.578846e+00,4.544481e+00,4.656302e+00,4.932658e+00,4.756982e+00,4.643554e+00,4.482648e+00,4.711123e+00,4.795505e+00
4.495486e+00,4.656153e+00,4.585295e+00,4.593450e+00,4.608458e+00,4.764190e+00,4.681045e+00,4.648729e+00,4.666893e+00,4.514241e+00,4.633575e+00,4.965341e+00,4.472374e+00,4.819319e+00,4.728745e+00,4.897452e+00,4.499458e+00,4.683529e+00,4.579786e+00,4.713721e+00,4.664226e+00,4.702813e+00,4.576006e+00,4.761008e+00,4.740372e+00,4.771526e+00,4.804337e+00,4.735774e+00,4.665357e+00,4.966205e+00,4.700694e+00,4.741462e+00,4.662103e+00,4.691626e+00,4.647190e+00,4.664879e+00,4.935832e+00,4.767668e+00,4.500471e+00,4.620778e+00,5.020281e+00,4.835343e+00,4.787941e+00,4.885190e+00,4.981145e+00,4.812232e+00,5.154745e+00,4.775122e+00,4.515494e+00,4.428871e+00,4.819332e+00,4.362658e+00,4.958666e+00,4.915355e+00,4.857170e+00,5.014299e+00,4.406631e+00,4.861427e+00,4.828017e+00,5.179189e+00,4.980613e+00,4.785926e+00,5.132253e+00,4.797290e+00,4.977810e+00,4.171005e+00,4.719996e+00,4.452917e+00,4.535787e+00,4.834160e+00,4.588771e+00,5.044678e+00,4.770866e+00,4.597316e+00,4.387062e+00,4.847482e+00,4.086437e+00,4.713619e+00,4.748430e+00,4.935204e+00,5.102681e+00,4.742957e+00,5.072107e+00,5.226566e+00,4.695674e+00,4.762853e+00,4.870547e+00,5.233148e+00,5.249208e+00,4.859963e+00,4.228185e+00,4.779208e+00,4.662073e+00,5.111724e+00,4.725240e+00,4.544591e+00,5.027875e+00,5.035927e+00,5.033426e+00,4.833420e+00,4.948151e+00,4.840977e+00,5.214197e+00,4.680946e+00,4.466436e+00,4.311515e+00,4.830849e+00,4.726884e+00,4.601872e+00,5.026119e+00,5.155689e+00,4.838588e+00,4.718744e+00,4.823074e+00,4.651578e+00,4.684514e+00,4.734299e+00,4.914270e+00,4.771492e+00,4.750059e+00,4.480010e+00,4.690345e+00,4.599063e+00,4.649422e+00,4.659018e+00,4.673153e+00,5.166562e+00,4.512137e+00,5.009104e+00,4.971338e+00,4.683043e+00,5.035008e+00,5.102143e+00,4.787541e+00,4.897120e+00,5.236430e+00,4.828058e+00,4.832023e+00,4.751681e+00,4.801320e+00,4.739161e+00,4.338744e+00,5.030008e+00,4.847439e+00,4.335090e+00,4.561818e+00,5.069561e+00,4.741300e+00,4.707789e+00,4.177423e+00,4.509397e+00,4.194999e+00,4.914201e+00,4.708520e+00,4.588982e+00,5.790959e+00,5.535566e+00,3.967230e+00,4.978504e+00,4.313442e+00,4.983801e+00,4.752606e+00,4.592622e+00,4.884537e+00,4.776286e+00,4.739015e+00,4.979293e+00,4.801879e+00,4.732054e+00,5.081284e+00,4.712565e+00,5.065798e+00,4.613932e+00,4.513473e+00,4.745940e+00,4.330740e+00,4.229010e+00,4.749805e+00,4.795687e+00,5.125923e+00,4.203274e+00,4.986691e+00,4.478171e+00,4.970261e+00,4.402702e+00,4.754438e+00,4.860443e+00,4.662549e+00,4.669676e+00,5.128597e+00,5.288093e+00,4.390453e+00,4.846887e+00,4.604202e+00,4.650709e+00,4.834050e+00,4.727840e+00,4.974261e+00,5.041839e+00,4.650824e+00,4.600745e+00,5.048191e+00,4.906248e+00,5.492248e+00,4.649808e+00,4.504698e+00,4.319496e+00,4.990396e+00,5.099493e+00,4.669321e+00,4.875582e+00,4.851142e+00,4.495491e+00,4.493671e+00,4.770638e+00,4.480517e+00,4.466316e+00,4.388709e+00,4.484488e+00,5.209510e+00,4.810272e+00,4.921758e+00,5.055951e+00,4.637112e+00,4.482163e+00,4.670038e+00,4.274356e+00,4.668422e+00
4.647355e+00,4.677853e+00,4.604177e+00,4.791858e+00,4.763816e+00,4.719597e+00,4.598208e+00,4.579578e+00,4.548971e+00,4.722805e+00,4.825772e+00,4.488740e+00,4.680499e+00,4.682310e+00,4.777738e+00,4.706957e+00,4.604073e+00,4.641485e+00,4.620416e+00,4.852211e+00,4.727826e+00,4.596161e+00,4.620476e+00,4.812184e+00,4.554710e+00,4.591438e+00,4.605490e+00,4.466752e+00,4.965655e+00,4.565582e+00,4.646339e+00,4.622321e+00,4.937844e+00,4.648248e+00,4.686359e+00,4.581525e+00,4.645271e+00,4.694511e+00,4.704618e+00,4.813010e+00,4.732363e+00,4.600829e+00,4.861979e+00,4.575697e+00,4.839387e+00,4.835299e+00,5.002480e+00,4.854289e+00,4.867244e+00,4.805536e+00,4.624509e+00,4.655130e+00,4.793701e+00,4.333108e+00,5.060741e+00,5.017459e+00,4.772042e+00,4.826817e+00,4.862538e+00,4.989693e+00,4.740848e+00,4.890196e+00,4.835481e+00,4.732487e+00,4.692411e+00,4.869715e+00,4.657006e+00,4.701474e+00,4.726244e+00,4.604237e+00,4.535674e+00,4.766929e+00,5.117198e+00,4.969885e+00,4.570725e+00,4.500820e+00,4.743912e+00,4.744840e+00,5.120814e+00,5.083414e+00,5.115200e+00,4.906256e+00,5.204780e+00,5.453615e+00,4.645391e+00,4.855964e+00,4.691969e+00,4.816386e+00,4.972570e+00,4.786519e+00,4.650790e+00,4.587362e+00,3.963722e+00,4.168735e+00,4.644581e+00,4.987549e+00,5.166628e+00,4.860435e+00,4.484956e+00,4.991068e+00,4.547881e+00,4.663277e+00,4.589996e+00,4.330887e+00,4.766412e+00,4.702441e+00,5.244453e+00,4.671577e+00,4.980282e+00,4.983855e+00,4.917016e+00,4.617230e+00,4.253510e+00,4.875292e+00,4.839913e+00,4.644172e+00,4.657492e+00,4.773449e+00,4.924624e+00,4.611132e+00,4.667951e+00,4.898320e+00,4.724683e+00,4.795920e+00,4.615072e+00,4.578740e+00,4.730345e+00,4.675450e+00,4.430591e+00,4.424479e+00,4.642352e+00,4.493336e+00,5.036240e+00,4.998862e+00,4.564326e+00,4.850240e+00,4.682890e+00,4.693968e+00,4.956142e+00,4.756839e+00,4.754063e+00,4.769316e+00,4.568769e+00,4.782116e+00,4.162302e+00,4.580235e+00,4.968625e+00,4.988226e+00,4.604540e+00,4.544836e+00,4.229197e+00,4.657531e+00,5.052459e+00,4.680244e+00,4.681141e+00,4.653007e+00,4.338022e+00,4.937417e+00,6.298905e+00,4.793539e+00,4.845064e+00,4.784245e+00,4.762677e+00,4.405386e+00,4.091227e+00,4.699160e+00,5.011733e+00,4.788178e+00,4.638213e+00,4.603865e+00,4.243778e+00,4.661982e+00,4.810032e+00,4.666998e+00,4.738670e+00,4.516924e+00,4.675899e+00,4.823731e+00,4.762565e+00,4.670575e+00,6.525965e+00,4.650238e+00,4.692987e+00,4.809450e+00,4.495112e+00,4.910709e+00,4.692747e+00,4.172472e+00,4.707228e+00,4.558858e+00,5.013807e+00,4.895519e+00,4.939428e+00,5.065917e+00,4.610025e+00,4.836926e+00,4.434810e+00,4.681141e+00,4.666903e+00,4.982848e+00,4.903881e+00,4.667401e+00,5.253930e+00,4.797115e+00,5.008666e+00,4.810404e+00,4.620953e+00,4.820891e+00,4.237703e+00,4.694087e+00,4.431715e+00,4.807739e+00,5.070027e+00,4.704067e+00,5.101248e+00,4.850525e+00,4.401965e+00,4.790987e+00,4.542475e+00,4.731272e+00,8.020541e+00,4.688329e+00,4.265597e+00,4.636462e+00,4.843280e+00,4.672282e+00,4.594326e+00,4.709142e+00
4.790591e+00,4.734879e+00,4.872859e+00,4.651677e+00,4.831194e+00,4.670600e+00,4.772365e+00,4.749313e+00,4.934205e+00,4.733934e+00,4.354238e+00,4.864495e+00,4.842039e+00,4.630639e+00,4.960045e+00,4.801508e+00,4.711117e+00,4.880348e+00,4.736358e+00,4.587618e+00,4.662433e+00,4.868702e+00,4.642960e+00,4.735686e+00,4.728410e+00,4.860808e+00,4.374917e+00,4.763876e+00,4.807717e+00,4.688257e+00,4.399937e+00,4.845193e+00,4.904913e+00,4.440160e+00,4.582822e+00,4.597131e+00,4.727234e+00,4.790390e+00,4.616188e+00,4.845749e+00,4.810299e+00,4.852763e+00,4.803303e+00,4.946986e+00,4.864706e+00,4.850114e+00,5.078978e+00,5.207181e+00,5.014318e+00,4.576115e+00,4.578060e+00,4.698792e+00,5.624963e+00,4.577698e+00,5.217404e+00,4.786133e+00,5.027476e+00,4.548510e+00,4.890810e+00,4.782660e+00,4.847464e+00,4.578863e+00,4.637954e+00,4.628985e+00,4.833288e+00,4.669843e+00,4.784579e+00,4.829835e+00,4.658871e+00,4.751312e+00,5.229749e+00,4.594841e+00,4.531487e+00,5.223433e+00,4.826846e+00,4.932918e+00,4.550274e+00,4.984588e+00,4.560141e+00,5.157293e+00,4.720551e+00,4.870112e+00,4.834847e+00,4.297134e+00,4.903613e+00,5.173045e+00,5.480896e+00,4.683037e+00,4.540654e+00,4.852564e+00,4.921711e+00,5.141445e+00,4.638954e+00,4.939924e+00,4.979616e+00,4.996473e+00,4.700076e+00,4.923724e+00,4.805991e+00,4.500126e+00,4.733139e+00,4.466074e+00,5.041763e+00,4.700785e+00,4.816320e+00,4.674017e+00,4.401992e+00,4.453780e+00,4.849102e+00,4.552577e+00,4.521874e+00,5.139240e+00,4.684231e+00,4.858964e+00,4.789922e+00,4.899090e+00,4.765520e+00,4.829229e+00,5.144817e+00,6.889371e+00,4.513248e+00,4.568990e+00,4.932731e+00,5.012842e+00,4.937935e+00,4.986436e+00,4.941680e+00,4.772021e+00,4.655604e+00,5.008417e+00,4.551391e+00,4.562286e+00,4.952138e+00,4.882242e+00,4.845293e+00,4.840436e+00,4.772910e+00,4.598359e+00,4.006837e+00,4.396665e+00,4.211172e+00,4.188574e+00,4.954996e+00,4.705207e+00,4.884794e+00,4.636876e+00,4.640197e+00,4.888340e+00,4.849269e+00,5.041432e+00,4.828151e+00,4.847978e+00,5.004030e+00,5.186232e+00,4.797050e+00,4.463225e+00,4.915030e+00,4.819275e+00,4.497256e+00,4.263813e+00,4.959862e+00,4.433522e+00,4.662167e+00,5.002165e+00,4.917804e+00,5.295774e+00,4.875783e+00,4.722047e+00,4.955777e+00,4.210559e+00,4.702915e+00,4.857462e+00,4.384513e+00,4.877607e+00,4.930085e+00,5.115481e+00,4.842164e+00,4.698534e+00,4.743264e+00,4.879447e+00,4.905310e+00,4.593791e+00,4.813468e+00,5.165177e+00,4.398514e+00,4.909079e+00,4.690329e+00,4.832548e+00,4.853093e+00,4.716750e+00,5.171180e+00,4.701054e+00,4.737777e+00,4.759433e+00,5.102668e+00,4.896261e+00,4.872106e+00,4.637980e+00,4.565228e+00,4.552480e+00,4.915786e+00,4.831079e+00,4.467096e+00,4.952365e+00,5.193533e+00,4.368480e+00,4.885701e+00,4.580466e+00,4.851062e+00,4.492868e+00,4.811377e+00,4.942750e+00,4.581160e+00,4.670535e+00,4.682379e+00,4.706876e+00,4.979393e+00,4.685944e+00,4.783976e+00,4.712474e+00,4.802838e+00,4.792727e+00,4.768122e+00,4.683778e+00,4.466607e+00,4.860207e+00,4.520632e+00,4.557099e+00
4.823419e+00,4.780332e+00,4.548769e+00,4.607101e+00,4.860150e+00,4.462217e+00,4.606651e+00,4.774408e+00,4.449464e+00,4.725876e+00,4.767809e+00,4.620878e+00,4.735105e+00,4.466929e+00,4.610080e+00,4.724706e+00,4.382238e+00,4.716209e+00,4.678761e+00,4.409400e+00,4.502767e+00,4.626207e+00,4.847896e+00,4.628657e+00,4.442835e+00,4.767718e+00,4.415416e+00,4.700499e+00,4.875940e+00,4.546631e+00,5.012904e+00,4.713555e+00,4.703505e+00,4.477592e+00,4.657437e+00,4.590979e+00,4.754385e+00,4.851701e+00,4.733276e+00,4.771614e+00,4.268079e+00,4.880674e+00,4.913231e+00,4.913988e+00,4.588075e+00,4.883099e+00,4.817857e+00,5.079340e+00,4.758128e+00,4.973225e+00,4.801856e+00,4.790205e+00,4.975971e+00,4.813188e+00,4.880893e+00,5.020763e+00,5.108504e+00,4.273983e+00,4.952797e+00,4.709721e+00,4.611733e+00,4.584164e+00,4.868780e+00,4.684144e+00,4.759529e+00,4.891676e+00,4.993443e+00,4.803239e+00,4.759143e+00,4.583371e+00,5.404206e+00,4.864293e+00,4.588523e+00,5.012606e+00,5.174006e+00,5.258630e+00,4.630737e+00,4.959038e+00,5.216012e+00,4.973461e+00,5.245117e+00,4.748962e+00,4.867325e+00,4.673553e+00,4.443359e+00,5.011623e+00,4.734084e+00,4.981105e+00,4.858077e+00,4.989400e+00,4.415002e+00,4.414201e+00,4.602341e+00,4.725396e+00,4.700304e+00,5.208843e+00,4.812862e+00,4.664345e+00,4.523121e+00,4.732395e+00,4.822910e+00,4.563705e+00,4.704623e+00,4.858947e+00,5.464816e+00,4.173108e+00,4.936599e+00,4.535138e+00,4.490996e+00,4.840595e+00,5.117826e+00,4.522332e+00,4.611993e+00,4.910991e+00,4.696150e+00,4.850163e+00,4.432546e+00,5.232920e+00,4.634314e+00,4.684399e+00,4.975603e+00,4.963965e+00,4.963602e+00,5.109670e+00,5.208828e+00,4.514442e+00,4.950049e+00,4.494527e+00,4.900364e+00,5.132507e+00,5.208440e+00,4.653943e+00,4.930785e+00,4.689074e+00,4.705634e+00,4.781991e+00,4.890373e+00,4.713259e+00,6.170358e+00,4.920926e+00,3.805931e+00,4.403479e+00,4.842198e+00,4.518794e+00,4.814746e+00,4.177742e+00,4.857523e+00,4.763548e+00,4.593529e+00,4.754866e+00,5.426022e+00,4.741575e+00,4.635276e+00,5.847096e+00,5.098300e+00,4.988269e+00,4.873354e+00,5.259860e+00,5.012458e+00,4.824507e+00,4.129552e+00,4.043111e+00,4.703496e+00,4.696786e+00,4.714762e+00,4.806084e+00,4.876479e+00,4.671922e+00,4.749413e+00,4.535671e+00,4.923632e+00,4.577259e+00,4.783142e+00,4.262213e+00,4.983092e+00,4.672554e+00,4.568363e+00,4.796901e+00,4.538245e+00,4.573500e+00,4.160075e+00,6.524476e+00,4.646677e+00,4.890668e+00,4.816805e+00,4.719149e+00,4.896909e+00,5.205037e+00,4.850592e+00,4.441803e+00,5.056329e+00,5.147694e+00,4.937367e+00,4.992692e+00,5.080574e+00,4.707621e+00,4.984483e+00,4.822281e+00,4.770968e+00,5.036827e+00,4.785767e+00,5.286584e+00,4.979743e+00,5.128571e+00,4.354852e+00,4.500883e+00,4.928747e+00,5.015968e+00,5.000124e+00,5.028409e+00,4.797552e+00,4.576817e+00,4.881659e+00,5.104357e+00,4.670907e+00,4.825764e+00,4.860649e+00,4.663373e+00,4.699648e+00,4.603515e+00,4.968252e+00,4.650174e+00,4.785818e+00,4.724837e+00,4.864980e+00,4.885369e+00,4.897882e+00,4.664688e+00
4.893758e+00,4.659585e+00,4.610327e+00,4.436359e+00,4.769319e+00,4.620438e+00,5.020115e+00,4.409006e+00,4.687930e+00,4.691899e+00,4.931317e+00,4.574099e+00,4.527513e+00,4.662248e+00,4.674505e+00,4.714934e+00,4.655127e+00,4.783598e+00,4.508020e+00,4.654504e+00,4.829331e+00,4.692139e+00,4.439122e+00,4.798866e+00,4.522808e+00,4.771222e+00,4.559331e+00,4.725576e+00,4.765374e+00,4.967949e+00,4.696955e+00,4.679270e+00,4.573913e+00,5.092344e+00,4.730302e+00,4.769913e+00,4.720632e+00,4.588501e+00,4.644455e+00,4.762869e+00,4.589594e+00,4.910620e+00,4.675247e+00,4.530138e+00,4.843179e+00,4.501740e+00,4.995537e+00,5.008175e+00,4.977208e+00,5.252263e+00,4.582555e+00,5.085407e+00,4.468835e+00,4.778550e+00,4.963125e+00,4.721081e+00,5.053123e+00,5.073208e+00,4.823215e+00,4.820658e+00,5.035134e+00,4.858143e+00,4.872046e+00,4.494412e+00,4.879945e+00,4.932990e+00,4.673091e+00,4.875006e+00,5.159884e+00,5.109109e+00,4.316680e+00,5.061199e+00,4.629762e+00,4.663665e+00,4.846348e+00,4.359268e+00,4.862116e+00,4.343254e+00,4.822473e+00,4.526935e+00,4.499806e+00,4.691742e+00,5.297869e+00,5.067431e+00,4.236971e+00,5.095526e+00,5.051391e+00,4.769233e+00,4.777863e+00,5.066460e+00,4.531280e+00,4.522336e+00,4.784245e+00,4.987226e+00,4.694499e+00,4.873203e+00,4.884520e+00,4.937552e+00,4.769754e+00,4.837479e+00,4.928871e+00,5.061599e+00,4.517908e+00,5.633040e+00,6.018308e+00,4.883134e+00,5.030882e+00,4.950674e+00,4.871922e+00,4.863891e+00,5.147616e+00,4.985782e+00,4.864343e+00,4.972220e+00,5.041293e+00,4.707807e+00,5.154036e+00,4.685497e+00,4.466512e+00,4.856855e+00,4.675362e+00,4.743416e+00,4.578858e+00,4.682273e+00,5.056274e+00,4.592842e+00,4.989841e+00,4.547281e+00,4.421767e+00,5.057714e+00,4.338700e+00,4.237451e+00,4.759830e+00,4.980610e+00,5.113237e+00,4.590789e+00,4.314376e+00,4.326262e+00,4.571447e+00,4.531667e+00,4.369507e+00,4.397785e+00,4.673834e+00,4.817808e+00,4.581591e+00,4.915510e+00,4.760801e+00,5.104818e+00,4.846231e+00,4.849470e+00,4.119165e+00,4.876150e+00,4.116071e+00,4.216282e+00,5.513509e+00,5.023556e+00,4.416759e+00,4.288629e+00,4.510890e+00,4.952873e+00,4.410865e+00,4.753943e+00,4.704630e+00,6.005859e+00,4.860698e+00,4.775471e+00,4.440453e+00,4.952819e+00,4.762186e+00,4.690352e+00,5.023045e+00,4.744755e+00,4.856809e+00,4.911923e+00,4.572774e+00,4.690891e+00,5.307797e+00,4.852866e+00,4.678638e+00,5.155987e+00,5.331008e+00,4.790648e+00,4.691663e+00,4.470169e+00,4.567230e+00,4.412614e+00,4.320011e+00,4.864908e+00,4.569661e+00,5.153700e+00,5.102894e+00,4.597717e+00,4.966770e+00,4.935911e+00,4.728653e+00,5.007500e+00,4.708628e+00,4.696660e+00,4.690050e+00,5.126074e+00,4.512771e+00,5.243204e+00,4.676630e+00,4.698779e+00,4.971795e+00,4.661589e+00,4.798891e+00,4.527168e+00,4.704374e+00,4.988663e+00,4.914807e+00,4.416639e+00,4.961429e+00,4.915331e+00,4.890028e+00,4.627682e+00,4.596570e+00,4.610802e+00,4.774862e+00,4.617680e+00,5.211949e+00,4.945990e+00,4.896230e+00,4.693385e+00,4.664494e+00,4.837110e+00,4.589444e+00,4.767454e+00
4.434601e+00,4.819572e+00,4.777421e+00,4.713892e+00,4.715656e+00,4.570163e+00,4.592123e+00,4.426932e+00,4.670752e+00,4.767760e+00,4.795198e+00,4.746519e+00,4.694927e+00,4.839885e+00,4.813930e+00,4.456772e+00,4.468275e+00,4.691877e+00,4.742140e+00,4.933549e+00,4.670949e+00,4.668158e+00,4.588779e+00,4.518045e+00,4.733093e+00,4.501583e+00,4.553221e+00,4.723262e+00,4.607160e+00,4.843156e+00,4.665989e+00,4.438153e+00,4.769451e+00,4.591875e+00,4.700515e+00,4.565125e+00,4.738028e+00,4.710315e+00,4.632679e+00,4.512827e+00,4.627902e+00,5.057465e+00,4.781105e+00,4.852804e+00,4.821155e+00,4.704051e+00,4.684736e+00,4.244399e+00,4.404849e+00,4.890140e+00,4.830725e+00,4.705053e+00,4.805980e+00,4.948146e+00,4.731219e+00,4.533143e+00,4.703312e+00,4.493450e+00,4.633657e+00,4.793527e+00,4.678814e+00,4.946737e+00,4.389358e+00,4.743767e+00,4.743402e+00,4.973443e+00,4.897206e+00,4.749408e+00,4.885099e+00,5.012856e+00,4.255276e+00,5.266666e+00,5.245045e+00,4.728664e+00,5.154010e+00,4.322394e+00,4.845474e+00,4.879882e+00,4.764984e+00,4.443893e+00,4.533489e+00,4.742548e+00,5.089911e+00,4.956621e+00,4.905910e+00,4.884599e+00,4.620108e+00,4.601704e+00,4.784025e+00,5.230881e+00,4.855270e+00,5.037857e+00,4.579266e+00,4.690992e+00,4.950207e+00,4.722193e+00,4.561140e+00,4.955672e+00,4.816745e+00,5.190098e+00,4.830848e+00,4.799087e+00,4.175839e+00,5.077039e+00,4.582286e+00,4.737300e+00,4.820717e+00,4.610809e+00,4.612259e+00,4.492832e+00,4.960959e+00,4.721954e+00,4.877094e+00,4.691260e+00,4.560554e+00,4.676779e+00,4.793223e+00,5.184131e+00,4.445273e+00,4.896374e+00,4.360651e+00,4.317622e+00,5.007269e+00,4.627752e+00,5.182360e+00,4.382628e+00,4.519953e+00,4.469546e+00,5.053758e+00,4.139459e+00,4.712393e+00,4.926405e+00,5.127334e+00,5.080288e+00,4.957619e+00,4.755822e+00,4.752388e+00,6.746875e+00,4.227434e+00,4.181777e+00,4.411641e+00,4.912345e+00,4.853205e+00,4.693403e+00,4.763576e+00,4.904654e+00,4.845042e+00,5.150031e+00,4.267146e+00,4.182591e+00,4.011799e+00,4.316508e+00,4.498211e+00,5.180388e+00,3.823696e+00,4.656906e+00,4.791647e+00,5.353664e+00,4.125302e+00,1.000824e+01,5.197026e+00,4.181129e+00,4.518034e+00,4.659443e+00,4.082948e+00,4.708800e+00,4.718029e+00,4.620849e+00,4.874911e+00,4.953138e+00,4.592408e+00,4.687039e+00,4.427327e+00,4.493039e+00,4.774854e+00,4.718960e+00,4.686249e+00,4.540017e+00,4.733609e+00,5.321332e+00,4.460451e+00,4.889428e+00,4.481431e+00,4.341273e+00,4.627607e+00,4.798242e+00,5.081137e+00,4.568611e+00,4.767520e+00,4.771156e+00,5.272693e+00,5.102442e+00,4.140528e+00,4.434334e+00,4.731424e+00,4.945318e+00,4.390687e+00,4.705948e+00,4.857353e+00,4.487128e+00,4.339870e+00,4.642322e+00,5.274085e+00,4.695954e+00,5.278114e+00,4.434504e+00,4.760101e+00,4.438127e+00,4.791806e+00,4.854002e+00,4.680570e+00,5.133194e+00,4.987441e+00,5.106123e+00,4.380913e+00,4.457835e+00,4.699150e+00,4.825360e+00,4.778778e+00,4.509758e+00,4.746584e+00,4.747088e+00,5.201877e+00,4.483327e+00,5.135786e+00,4.448005e+00,4.462795e+00,4.538712e+00
4.884412e+00,5.045076e+00,4.870630e+00,4.827905e+00,4.555290e+00,4.713543e+00,4.880896e+00,4.845545e+00,4.686463e+00,4.642831e+00,4.628113e+00,4.559726e+00,4.795024e+00,4.811838e+00,4.620857e+00,4.399474e+00,4.643849e+00,4.669334e+00,4.841901e+00,4.706765e+00,4.644196e+00,4.650231e+00,4.638498e+00,4.886687e+00,4.767702e+00,4.599201e+00,4.610419e+00,4.677061e+00,4.750794e+00,5.063362e+00,4.898893e+00,4.756473e+00,4.607527e+00,4.377035e+00,4.652173e+00,4.561383e+00,4.592450e+00,4.663972e+00,5.083646e+00,4.928546e+00,4.540804e+00,4.495091e+00,4.879441e+00,5.067727e+00,4.966550e+00,5.077930e+00,4.755449e+00,4.634043e+00,4.344509e+00,4.655364e+00,4.529623e+00,4.771625e+00,4.216262e+00,4.944583e+00,4.838643e+00,4.943978e+00,5.042338e+00,5.063361e+00,4.615848e+00,4.730125e+00,4.713775e+00,4.845622e+00,4.859178e+00,4.761596e+00,4.556826e+00,4.839335e+00,4.654908e+00,4.837580e+00,4.989487e+00,4.423691e+00,5.065370e+00,4.502485e+00,4.964154e+00,4.835731e+00,4.498540e+00,4.766163e+00,4.879656e+00,5.190391e+00,4.639731e+00,4.260936e+00,4.777823e+00,4.581356e+00,4.671967e+00,4.881307e+00,5.131086e+00,4.992131e+00,5.073274e+00,4.663480e+00,4.798752e+00,4.728845e+00,5.018384e+00,4.863396e+00,4.842457e+00,5.118525e+00,5.379363e+00,5.166676e+00,4.523796e+00,5.190875e+00,4.991109e+00,4.579074e+00,5.152244e+00,4.764548e+00,4.661062e+00,4.318072e+00,4.824913e+00,4.804031e+00,4.822138e+00,4.686877e+00,4.587093e+00,4.887054e+00,4.851845e+00,4.869278e+00,4.629244e+00,5.002150e+00,5.089972e+00,5.026328e+00,4.558141e+00,5.052845e+00,4.472189e+00,5.069265e+00,8.931474e+00,9.247776e+00,6.070977e+00,4.583699e+00,4.322820e+00,4.599685e+00,4.964618e+00,4.863452e+00,5.165289e+00,4.777142e+00,5.009627e+00,4.604402e+00,4.623178e+00,4.467523e+00,4.768577e+00,4.690914e+00,4.116512e+00,4.663977e+00,4.787859e+00,4.979609e+00,4.344849e+00,4.682338e+00,4.577019e+00,4.981133e+00,4.774053e+00,4.713004e+00,4.544865e+00,4.625902e+00,4.636355e+00,4.136123e+00,4.078323e+00,4.868899e+00,4.647635e+00,4.327173e+00,5.125953e+00,9.244129e+00,5.653792e+00,5.848638e+00,4.535490e+00,4.628962e+00,4.979682e+00,4.259090e+00,5.031481e+00,4.599570e+00,4.918072e+00,4.535235e+00,4.541697e+00,4.834134e+00,4.532035e+00,4.905039e+00,4.452587e+00,4.386934e+00,4.389760e+00,4.578665e+00,4.805491e+00,4.874398e+00,4.655925e+00,4.641031e+00,4.793923e+00,4.758359e+00,4.330327e+00,4.472003e+00,4.655891e+00,4.403937e+00,5.073734e+00,4.561763e+00,6.513404e+00,4.645403e+00,4.789110e+00,4.506251e+00,4.643206e+00,4.716590e+00,5.118592e+00,4.606043e+00,4.959341e+00,4.777937e+00,4.895295e+00,4.364146e+00,4.931309e+00,4.921756e+00,5.097125e+00,5.030040e+00,4.742772e+00,5.050312e+00,5.275793e+00,4.454849e+00,5.059392e+00,4.325219e+00,5.037239e+00,5.067221e+00,4.709331e+00,4.061306e+00,5.265123e+00,4.885504e+00,4.776994e+00,4.930282e+00,4.519867e+00,4.689925e+00,4.700722e+00,4.686890e+00,4.656673e+00,5.023759e+00,4.534614e+00,4.812247e+00,4.707159e+00,4.566393e+00,4.799749e+00,4.815406e+00
4.764439e+00,4.379644e+00,4.677337e+00,4.877153e+00,4.808369e+00,4.618630e+00,4.711572e+00,4.618043e+00,4.524459e+00,4.687690e+00,4.594331e+00,4.587147e+00,4.750105e+00,4.673972e+00,4.613857e+00,4.572955e+00,4.388550e+00,4.677653e+00,4.536761e+00,4.401666e+00,4.641973e+00,4.531592e+00,4.635672e+00,4.726772e+00,4.702254e+00,4.559113e+00,4.606552e+00,4.705026e+00,4.760971e+00,5.045668e+00,4.955758e+00,4.961467e+00,4.927116e+00,4.608375e+00,4.791484e+00,4.636136e+00,4.615441e+00,4.526251e+00,4.526071e+00,4.571262e+00,4.782528e+00,4.959039e+00,4.906496e+00,4.834856e+00,4.496886e+00,4.524027e+00,4.845373e+00,4.545378e+00,4.775603e+00,5.110839e+00,4.703461e+00,4.749363e+00,5.086707e+00,4.988227e+00,5.033665e+00,5.242589e+00,5.145977e+00,4.882207e+00,4.832381e+00,4.887727e+00,5.077343e+00,4.990280e+00,4.637517e+00,4.754536e+00,5.078409e+00,4.724995e+00,4.292943e+00,5.060006e+00,4.724723e+00,6.785188e+00,4.435501e+00,4.187987e+00,4.823067e+00,4.801511e+00,4.801079e+00,4.965692e+00,4.971953e+00,4.289034e+00,4.381231e+00,4.987055e+00,5.021131e+00,4.788267e+00,4.928318e+00,5.058192e+00,4.889230e+00,4.818739e+00,5.111061e+00,4.810178e+00,4.712175e+00,5.081557e+00,4.700843e+00,5.106463e+00,4.835663e+00,5.108213e+00,4.646232e+00,5.396129e+00,4.804952e+00,4.813902e+00,4.862683e+00,4.693403e+00,4.596385e+00,5.180745e+00,4.903702e+00,4.500003e+00,4.581497e+00,4.917344e+00,4.757054e+00,5.020661e+00,4.777750e+00,5.084325e+00,4.775739e+00,4.740367e+00,5.026413e+00,4.756078e+00,5.107616e+00,4.626712e+00,4.669012e+00,6.580347e+00,7.365531e+00,6.917323e+00,4.608045e+00,5.295643e+00,4.666399e+00,4.726832e+00,5.204354e+00,5.007309e+00,4.692221e+00,4.641090e+00,5.085131e+00,4.810985e+00,4.670479e+00,5.101296e+00,5.036397e+00,5.095502e+00,4.597145e+00,4.881364e+00,4.876066e+00,4.328875e+00,5.099428e+00,4.179262e+00,4.461881e+00,4.979734e+00,4.555821e+00,4.944045e+00,4.904299e+00,4.687286e+00,5.212245e+00,4.821638e+00,4.559708e+00,4.277616e+00,4.948801e+00,4.808045e+00,3.992110e+00,5.616299e+00,4.924670e+00,4.394658e+00,8.749911e+00,4.436326e+00,4.725382e+00,4.712433e+00,4.555732e+00,4.523217e+00,5.068490e+00,4.941332e+00,4.861776e+00,4.503203e+00,4.892235e+00,4.877114e+00,4.816635e+00,4.512584e+00,4.741088e+00,4.925364e+00,4.898275e+00,4.454713e+00,4.881542e+00,4.794307e+00,4.800867e+00,4.644918e+00,4.816411e+00,4.779665e+00,4.239595e+00,4.546474e+00,4.722347e+00,5.037848e+00,4.370222e+00,4.517737e+00,4.621418e+00,5.007785e+00,5.108649e+00,4.345030e+00,4.981219e+00,4.985717e+00,4.972940e+00,4.531544e+00,4.503160e+00,4.191503e+00,4.900604e+00,5.126481e+00,4.885113e+00,5.100243e+00,4.397533e+00,4.481044e+00,4.654218e+00,4.965142e+00,4.657658e+00,4.315892e+00,4.650118e+00,4.741029e+00,4.221571e+00,4.300951e+00,4.667811e+00,4.949389e+00,4.140506e+00,4.937146e+00,5.014751e+00,4.752560e+00,4.321853e+00,4.802828e+00,4.832644e+00,4.828845e+00,4.763857e+00,4.910658e+00,4.622787e+00,4.490619e+00,4.979994e+00,4.808026e+00,4.604595e+00,4.726315e+00
4.636528e+00,4.852933e+00,4.519087e+00,4.652537e+00,4.708231e+00,4.719833e+00,4.699143e+00,4.449979e+00,4.622515e+00,4.496671e+00,4.539257e+00,4.371047e+00,4.656424e+00,4.493723e+00,4.853527e+00,4.855022e+00,4.703854e+00,4.679246e+00,4.941584e+00,4.721616e+00,4.517634e+00,4.671807e+00,4.685427e+00,4.714062e+00,4.617325e+00,4.665291e+00,4.726005e+00,4.699607e+00,4.579951e+00,4.726749e+00,5.112866e+00,4.681460e+00,4.561995e+00,4.654102e+00,4.674216e+00,4.852203e+00,4.833018e+00,4.751454e+00,4.743064e+00,4.998475e+00,4.931479e+00,4.411421e+00,4.880973e+00,4.758681e+00,4.851751e+00,4.776039e+00,4.767678e+00,4.739309e+00,4.060897e+00,4.704201e+00,4.448555e+00,5.022273e+00,5.118336e+00,5.235695e+00,5.201270e+00,4.720029e+00,5.046583e+00,4.904657e+00,4.697870e+00,4.653410e+00,4.938696e+00,4.695764e+00,5.033555e+00,5.010676e+00,4.545561e+00,4.783889e+00,4.674217e+00,4.628777e+00,4.809732e+00,5.032330e+00,4.708728e+00,4.324425e+00,4.725407e+00,4.898583e+00,4.823344e+00,5.129338e+00,4.463254e+00,4.543267e+00,4.930588e+00,4.638617e+00,4.545437e+00,4.378728e+00,5.038385e+00,5.229017e+00,4.584050e+00,4.967744e+00,4.872535e+00,5.018834e+00,4.746924e+00,4.774255e+00,4.570693e+00,4.805645e+00,4.503291e+00,4.820887e+00,5.069329e+00,5.180735e+00,4.758655e+00,4.588073e+00,5.082973e+00,4.775695e+00,5.099816e+00,5.170977e+00,4.779646e+00,4.647954e+00,4.622391e+00,4.728492e+00,4.405743e+00,4.668218e+00,5.004130e+00,4.703474e+00,4.632977e+00,4.862933e+00,4.300191e+00,4.284350e+00,4.710697e+00,4.628985e+00,4.511701e+00,4.435390e+00,5.531904e+00,5.603589e+00,4.648886e+00,4.134579e+00,4.843234e+00,4.729624e+00,4.522644e+00,4.677501e+00,4.416294e+00,4.955729e+00,4.654398e+00,5.046065e+00,4.868795e+00,4.716708e+00,4.598315e+00,4.932982e+00,4.990854e+00,4.823081e+00,5.000777e+00,4.649900e+00,4.875359e+00,4.702576e+00,4.670356e+00,4.698688e+00,3.690844e+00,4.885645e+00,4.954092e+00,4.574857e+00,5.165367e+00,7.132812e+00,4.693887e+00,4.634854e+00,5.997958e+00,4.452009e+00,4.771718e+00,4.507533e+00,4.478619e+00,4.765103e+00,5.646413e+00,4.744080e+00,4.873004e+00,4.642170e+00,4.823869e+00,4.447475e+00,4.280746e+00,4.723858e+00,4.743012e+00,4.855150e+00,4.743259e+00,4.995800e+00,4.680591e+00,5.010949e+00,4.454046e+00,4.700413e+00,4.415682e+00,4.613905e+00,5.277124e+00,3.997815e+00,5.031759e+00,4.781965e+00,4.635301e+00,4.796936e+00,5.042868e+00,4.335173e+00,4.549968e+00,4.926055e+00,4.790738e+00,4.818229e+00,4.857076e+00,4.352960e+00,4.624389e+00,4.563928e+00,5.020516e+00,5.155171e+00,4.886697e+00,5.300731e+00,4.426213e+00,4.611025e+00,4.456360e+00,4.653060e+00,5.399909e+00,6.458657e+00,4.760995e+00,4.756385e+00,4.664074e+00,4.113430e+00,5.040351e+00,4.783297e+00,4.639753e+00,4.912726e+00,5.012926e+00,4.970822e+00,4.645289e+00,4.616420e+00,5.016376e+00,4.800474e+00,4.839415e+00,4.636961e+00,4.657833e+00,4.689303e+00,4.804928e+00,4.492592e+00,4.899972e+00,4.993029e+00,4.863118e+00,4.711870e+00,5.020840e+00,4.788475e+00,4.882470e+00,4.653278e+00
4.765342e+00,4.780278e+00,4.506575e+00,4.595993e+00,4.676860e+00,4.959040e+00,4.654252e+00,4.653685e+00,4.374101e+00,4.856993e+00,4.605384e+00,4.613978e+00,4.713967e+00,4.445989e+00,4.809851e+00,4.518808e+00,4.569443e+00,4.770228e+00,4.683124e+00,4.926502e+00,4.764941e+00,4.896247e+00,4.744387e+00,4.716265e+00,4.877363e+00,4.810692e+00,4.712503e+00,4.569255e+00,4.676306e+00,4.870018e+00,4.625699e+00,4.987140e+00,4.527994e+00,4.670722e+00,4.294167e+00,4.728230e+00,4.443949e+00,4.797822e+00,4.711248e+00,4.677239e+00,5.191938e+00,4.501622e+00,4.849240e+00,4.984240e+00,5.021012e+00,4.929657e+00,4.867448e+00,4.776423e+00,4.516575e+00,4.987232e+00,4.719550e+00,4.432694e+00,4.867386e+00,4.241684e+00,5.231326e+00,4.938783e+00,4.875247e+00,4.744748e+00,4.550167e+00,5.147918e+00,4.647679e+00,4.813327e+00,4.935813e+00,4.948758e+00,4.943068e+00,4.716797e+00,4.863262e+00,5.028336e+00,4.990112e+00,4.560584e+00,4.604506e+00,4.690600e+00,5.322196e+00,5.185164e+00,5.242143e+00,4.738053e+00,4.776474e+00,4.950326e+00,4.309403e+00,5.036906e+00,4.818345e+00,5.095713e+00,4.397139e+00,5.224682e+00,4.969585e+00,4.693254e+00,4.777049e+00,4.711769e+00,5.288820e+00,5.209398e+00,4.468440e+00,4.778063e+00,5.188094e+00,5.284825e+00,4.763342e+00,4.810735e+00,5.070351e+00,5.151884e+00,5.112975e+00,4.850753e+00,4.728305e+00,4.724630e+00,4.685263e+00,4.852427e+00,4.662904e+00,4.576409e+00,4.828955e+00,4.831442e+00,4.749031e+00,5.027981e+00,4.429431e+00,4.635577e+00,5.364308e+00,5.031096e+00,4.683862e+00,4.477469e+00,5.562512e+00,4.733332e+00,4.510635e+00,4.624130e+00,4.299159e+00,4.729281e+00,4.435597e+00,4.203586e+00,5.271156e+00,4.937111e+00,5.222375e+00,5.268757e+00,4.524413e+00,4.740019e+00,4.783599e+00,4.738797e+00,4.964051e+00,4.891326e+00,5.106721e+00,4.472308e+00,4.987479e+00,5.040315e+00,5.019231e+00,4.792338e+00,4.736159e+00,4.149790e+00,4.775869e+00,6.958896e+00,5.174724e+00,6.094547e+00,4.705876e+00,4.275719e+00,4.428544e+00,4.988866e+00,4.676647e+00,4.628074e+00,4.577504e+00,6.520053e+00,5.209843e+00,4.765065e+00,4.480213e+00,4.558780e+00,5.297438e+00,4.223801e+00,3.933412e+00,4.567579e+00,4.704603e+00,4.295910e+00,4.477189e+00,4.943454e+00,4.889682e+00,5.097373e+00,4.934872e+00,4.695459e+00,4.525293e+00,4.786330e+00,4.678267e+00,4.929908e+00,4.821549e+00,4.434565e+00,4.791101e+00,5.024972e+00,4.836837e+00,4.719463e+00,4.790940e+00,4.766553e+00,4.700215e+00,4.975550e+00,4.667328e+00,4.832569e+00,4.849433e+00,4.738740e+00,4.881285e+00,5.037329e+00,4.635539e+00,4.879904e+00,5.194745e+00,5.067647e+00,4.970319e+00,5.751985e+00,4.985970e+00,4.440566e+00,4.927479e+00,4.729449e+00,4.872462e+00,5.556420e+00,4.942436e+00,5.060417e+00,4.601951e+00,4.763223e+00,5.189567e+00,4.703071e+00,4.394632e+00,4.823486e+00,5.133037e+00,4.886996e+00,4.349110e+00,4.838796e+00,4.540039e+00,4.805402e+00,4.896916e+00,4.835315e+00,4.827336e+00,4.749947e+00,4.729596e+00,4.741528e+00,4.948898e+00,4.674032e+00,4.990412e+00,4.798598e+00,4.634792e+00,4.486944e+00
4.647936e+00,4.594601e+00,4.712416e+00,4.741597e+00,4.835486e+00,4.817086e+00,4.848444e+00,4.894954e+00,4.551599e+00,4.266212e+00,4.674922e+00,4.854139e+00,4.843000e+00,4.845601e+00,4.761084e+00,4.498003e+00,4.496032e+00,4.639913e+00,4.576883e+00,4.407373e+00,4.813957e+00,4.612548e+00,4.787047e+00,4.827337e+00,4.836202e+00,4.880815e+00,4.793773e+00,4.616405e+00,4.845399e+00,5.018388e+00,4.985245e+00,4.673360e+00,4.707741e+00,4.719130e+00,4.762370e+00,4.813833e+00,4.853883e+00,4.734789e+00,4.756122e+00,4.776868e+00,4.940358e+00,4.912610e+00,4.957982e+00,4.721168e+00,4.776550e+00,4.845645e+00,4.955406e+00,5.295674e+00,4.672032e+00,4.893461e+00,4.764732e+00,4.761230e+00,5.116378e+00,4.375884e+00,4.469483e+00,4.755040e+00,4.792489e+00,4.413351e+00,4.824541e+00,4.860906e+00,5.141765e+00,4.708889e+00,4.852560e+00,4.463817e+00,5.092995e+00,4.586152e+00,4.307386e+00,4.706145e+00,5.117153e+00,4.533914e+00,5.233590e+00,4.713600e+00,5.258952e+00,4.959696e+00,4.971296e+00,5.083938e+00,6.158183e+00,5.087989e+00,5.103535e+00,4.775217e+00,4.926464e+00,4.914031e+00,4.959306e+00,4.425108e+00,5.009512e+00,4.709818e+00,4.989604e+00,4.561564e+00,4.764033e+00,4.885719e+00,5.028819e+00,5.108100e+00,4.924737e+00,4.951963e+00,4.823926e+00,5.007114e+00,4.861515e+00,5.072724e+00,5.291406e+00,5.103527e+00,5.004046e+00,4.957370e+00,4.830545e+00,4.737955e+00,4.960223e+00,4.845386e+00,4.721074e+00,4.797786e+00,4.858042e+00,4.621471e+00,4.800328e+00,5.619860e+00,5.725758e+00,4.852212e+00,4.883254e+00,5.171934e+00,9.420345e+00,4.241089e+00,5.072632e+00,4.608555e+00,4.365252e+00,5.111383e+00,4.310748e+00,5.017829e+00,5.240144e+00,4.820477e+00,4.617415e+00,4.705691e+00,4.715531e+00,4.641957e+00,4.730516e+00,5.039693e+00,4.636927e+00,4.766402e+00,4.528021e+00,4.821103e+00,4.763925e+00,4.844308e+00,4.874575e+00,4.526006e+00,4.992737e+00,5.023091e+00,4.805684e+00,3.973307e+00,4.500281e+00,6.824383e+00,4.781253e+00,4.646807e+00,5.775481e+00,5.175310e+00,4.724923e+00,6.682503e+00,4.746793e+00,4.929591e+00,4.699852e+00,5.105787e+00,4.895645e+00,4.372750e+00,4.503913e+00,4.813264e+00,4.785387e+00,5.687715e+00,4.789638e+00,4.780270e+00,4.873150e+00,4.585585e+00,5.086414e+00,4.415925e+00,4.412764e+00,4.891247e+00,4.993589e+00,4.532843e+00,4.416985e+00,4.365464e+00,4.642322e+00,4.688735e+00,4.576309e+00,4.906442e+00,4.702603e+00,4.701914e+00,4.505186e+00,5.035593e+00,4.831851e+00,5.015957e+00,5.038428e+00,7.071151e+00,4.727400e+00,4.503281e+00,5.088252e+00,4.959329e+00,4.689181e+00,4.724618e+00,4.941653e+00,4.841220e+00,5.125102e+00,5.220094e+00,5.101381e+00,4.713446e+00,4.640252e+00,4.732245e+00,4.912905e+00,5.243452e+00,4.815494e+00,5.010487e+00,4.796387e+00,5.067646e+00,4.684101e+00,4.928035e+00,4.503196e+00,5.010455e+00,4.379992e+00,4.729444e+00,4.919836e+00,4.668404e+00,4.931886e+00,4.796399e+00,4.911839e+00,4.479640e+00,4.460044e+00,4.958548e+00,4.711445e+00,5.128781e+00,4.992082e+00,5.265660e+00,5.041218e+00,4.928863e+00,4.615277e+00,4.902540e+00
4.523598e+00,4.619947e+00,4.627349e+00,4.479947e+00,4.747064e+00,4.749050e+00,4.759253e+00,4.706585e+00,4.867378e+00,4.710766e+00,4.941891e+00,4.770191e+00,4.764111e+00,4.565477e+00,4.543036e+00,4.259292e+00,4.704005e+00,4.602894e+00,4.669873e+00,4.672936e+00,4.761963e+00,4.599671e+00,4.651626e+00,4.677973e+00,4.734368e+00,4.614186e+00,4.691577e+00,4.791957e+00,4.631511e+00,4.449104e+00,4.664401e+00,4.794585e+00,4.909021e+00,4.720346e+00,4.869073e+00,4.721357e+00,4.620158e+00,4.727963e+00,4.761986e+00,4.724180e+00,4.932916e+00,5.032704e+00,4.536671e+00,4.718044e+00,4.938182e+00,5.083219e+00,4.554095e+00,4.766018e+00,4.730271e+00,4.715400e+00,4.736337e+00,4.667315e+00,4.764160e+00,4.538980e+00,4.504849e+00,4.808176e+00,5.062041e+00,4.370284e+00,4.816705e+00,5.063343e+00,5.240580e+00,4.913330e+00,4.747015e+00,4.840581e+00,5.307667e+00,5.341059e+00,4.920944e+00,4.699224e+00,4.771266e+00,4.817157e+00,4.351886e+00,5.182834e+00,4.949852e+00,4.768096e+00,4.960121e+00,4.805007e+00,4.683424e+00,5.006553e+00,5.378521e+00,5.050685e+00,4.734189e+00,4.845579e+00,4.579642e+00,4.913116e+00,4.841120e+00,4.524110e+00,4.868587e+00,5.192203e+00,5.056408e+00,4.961358e+00,4.810503e+00,4.572493e+00,4.817673e+00,5.138630e+00,4.397423e+00,5.146568e+00,4.917505e+00,4.602483e+00,4.530697e+00,4.828665e+00,4.803401e+00,4.782228e+00,4.698129e+00,5.072893e+00,4.986430e+00,4.796547e+00,4.542494e+00,4.876623e+00,4.645473e+00,4.232974e+00,5.348052e+00,6.381390e+00,4.569655e+00,5.703885e+00,6.200196e+00,4.394370e+00,4.522119e+00,4.548333e+00,4.787374e+00,6.106679e+00,9.961173e+00,5.309121e+00,4.429631e+00,4.547871e+00,4.676393e+00,4.888859e+00,4.826598e+00,5.051435e+00,5.356489e+00,4.644542e+00,4.591469e+00,4.575460e+00,4.670448e+00,4.965060e+00,5.093282e+00,4.197299e+00,5.082656e+00,4.773767e+00,8.191757e+00,6.030412e+00,6.972336e+00,4.916809e+00,5.032488e+00,4.126980e+00,4.758361e+00,4.376439e+00,6.057492e+00,4.929814e+00,7.075365e+00,4.157708e+00,4.227180e+00,5.821479e+00,5.038550e+00,4.769223e+00,4.700951e+00,4.491240e+00,5.097851e+00,4.639914e+00,4.696981e+00,4.222929e+00,4.967510e+00,4.309620e+00,4.462804e+00,4.682276e+00,4.700103e+00,4.576016e+00,4.945424e+00,4.958719e+00,5.263783e+00,4.538908e+00,4.057254e+00,4.897859e+00,4.703358e+00,4.619682e+00,4.839614e+00,4.980706e+00,4.610857e+00,4.540729e+00,4.805805e+00,4.768849e+00,4.087803e+00,7.074462e+00,5.048340e+00,5.041622e+00,4.418396e+00,4.078674e+00,4.847010e+00,4.623348e+00,4.929999e+00,5.068550e+00,4.835422e+00,4.775679e+00,4.375250e+00,4.921481e+00,4.751268e+00,4.960815e+00,4.438923e+00,4.806208e+00,4.735080e+00,4.812990e+00,5.032010e+00,4.913473e+00,4.661825e+00,5.064096e+00,5.145532e+00,4.154755e+00,5.014298e+00,5.006324e+00,5.232894e+00,5.009244e+00,4.935564e+00,4.611164e+00,5.186037e+00,5.107234e+00,4.772936e+00,4.690968e+00,4.717859e+00,4.388493e+00,4.735414e+00,4.542977e+00,4.870154e+00,4.805043e+00,5.095737e+00,5.003382e+00,4.738584e+00,4.639357e+00,4.778269e+00,4.752227e+00
4.674840e+00,4.716623e+00,4.796429e+00,4.791539e+00,5.052692e+00,4.655764e+00,4.920539e+00,4.485349e+00,4.876004e+00,4.696834e+00,4.772306e+00,4.733567e+00,4.840502e+00,4.802176e+00,4.944759e+00,4.832621e+00,4.807118e+00,4.808381e+00,4.791675e+00,4.577699e+00,4.690955e+00,4.617475e+00,4.620182e+00,4.692898e+00,4.926745e+00,4.832818e+00,4.978245e+00,4.860224e+00,4.679771e+00,5.026830e+00,4.633821e+00,4.925222e+00,4.677539e+00,4.681337e+00,4.435783e+00,4.418871e+00,4.628337e+00,4.871290e+00,5.046460e+00,4.841654e+00,4.765818e+00,5.020200e+00,4.913002e+00,4.547294e+00,4.806510e+00,4.961417e+00,4.904931e+00,4.596055e+00,4.693367e+00,5.042733e+00,4.725091e+00,4.584773e+00,4.735435e+00,5.070354e+00,4.863656e+00,4.797405e+00,4.252922e+00,4.836590e+00,4.926933e+00,4.851776e+00,4.771611e+00,4.854141e+00,4.822667e+00,5.002738e+00,4.196080e+00,5.188951e+00,5.296322e+00,4.809683e+00,4.551292e+00,4.936814e+00,5.059859e+00,4.761986e+00,4.948715e+00,4.799839e+00,5.078213e+00,4.910092e+00,4.458189e+00,4.634585e+00,4.561281e+00,4.763331e+00,4.503934e+00,4.933829e+00,4.723827e+00,4.695700e+00,4.802548e+00,4.997891e+00,4.322807e+00,4.961767e+00,4.433748e+00,4.846499e+00,4.704608e+00,5.339056e+00,5.117660e+00,4.866193e+00,4.529207e+00,4.989398e+00,4.872339e+00,5.118455e+00,5.142335e+00,5.413740e+00,4.512760e+00,4.459779e+00,4.812033e+00,4.682794e+00,4.747273e+00,4.463144e+00,4.357061e+00,5.100751e+00,4.641882e+00,4.344404e+00,4.595669e+00,4.419420e+00,4.996766e+00,4.562372e+00,8.624552e+00,6.569830e+00,4.467921e+00,5.300218e+00,4.817528e+00,4.980699e+00,4.535411e+00,5.090339e+00,4.858283e+00,4.680545e+00,5.076102e+00,4.799442e+00,4.623255e+00,5.200532e+00,5.043186e+00,4.491559e+00,4.452021e+00,4.375093e+00,4.761214e+00,4.779750e+00,4.483272e+00,5.063109e+00,4.722070e+00,5.081122e+00,5.150364e+00,4.210478e+00,4.357644e+00,4.338411e+00,4.143738e+00,5.147147e+00,6.187839e+00,8.324991e+00,5.118321e+00,4.217335e+00,4.457532e+00,7.786764e+00,4.753965e+00,4.849357e+00,5.090113e+00,5.189286e+00,4.819661e+00,4.308103e+00,4.980718e+00,4.533869e+00,4.640680e+00,4.719018e+00,5.499728e+00,8.492760e+00,4.322448e+00,4.929052e+00,4.529392e+00,4.798343e+00,4.972099e+00,4.680839e+00,4.933324e+00,4.647122e+00,4.875311e+00,5.064599e+00,5.064158e+00,4.692316e+00,4.913605e+00,4.815271e+00,4.425415e+00,4.722382e+00,4.683717e+00,4.381579e+00,5.228298e+00,4.323300e+00,4.957736e+00,4.958130e+00,4.587505e+00,5.049150e+00,5.123594e+00,4.275603e+00,4.826902e+00,4.940871e+00,4.168951e+00,4.799459e+00,4.420263e+00,4.945468e+00,5.143511e+00,4.763735e+00,4.711464e+00,4.728953e+00,4.583376e+00,4.866334e+00,4.244274e+00,4.503185e+00,4.855196e+00,4.514298e+00,4.887541e+00,4.652713e+00,5.051689e+00,5.222697e+00,4.914927e+00,5.173226e+00,4.821355e+00,4.875825e+00,4.434214e+00,4.828942e+00,4.735289e+00,4.850027e+00,4.839383e+00,4.579542e+00,4.876006e+00,4.473308e+00,5.078519e+00,4.780648e+00,4.805184e+00,4.717252e+00,4.796087e+00,4.777190e+00,4.742599e+00,4.759142e+00
4.649651e+00,4.492326e+00,4.573569e+00,4.675454e+00,4.853479e+00,4.376194e+00,4.655407e+00,4.816314e+00,4.599483e+00,4.885109e+00,5.065252e+00,4.775456e+00,4.612690e+00,4.630805e+00,4.785687e+00,4.578314e+00,4.725579e+00,4.743653e+00,4.890521e+00,4.882539e+00,4.767504e+00,4.892425e+00,4.747158e+00,4.749160e+00,4.712050e+00,4.612699e+00,4.741020e+00,4.774141e+00,4.775329e+00,4.898755e+00,4.871431e+00,5.155694e+00,4.195487e+00,4.750626e+00,4.939296e+00,4.633672e+00,4.819473e+00,4.779498e+00,4.911780e+00,4.955712e+00,5.026707e+00,4.900188e+00,4.967250e+00,4.655128e+00,4.774929e+00,5.088590e+00,4.774730e+00,4.574565e+00,5.969189e+00,5.516345e+00,4.845594e+00,4.593280e+00,4.646480e+00,5.232499e+00,4.989663e+00,4.883249e+00,4.990955e+00,5.035565e+00,4.673149e+00,4.885625e+00,4.831191e+00,4.729980e+00,4.621502e+00,5.120838e+00,5.013725e+00,4.997059e+00,5.140971e+00,4.796986e+00,4.995264e+00,4.780002e+00,4.747130e+00,4.637515e+00,4.923161e+00,4.771971e+00,4.918995e+00,4.842172e+00,5.089589e+00,4.483780e+00,4.559451e+00,4.696432e+00,4.914501e+00,4.889133e+00,5.022799e+00,5.123736e+00,4.915726e+00,4.370920e+00,4.842864e+00,4.551038e+00,4.964784e+00,4.817822e+00,5.014163e+00,4.575732e+00,5.129714e+00,4.977702e+00,4.908941e+00,4.736960e+00,4.911059e+00,4.862779e+00,4.686294e+00,5.038170e+00,4.651483e+00,4.988640e+00,4.738393e+00,4.623793e+00,4.721572e+00,4.801852e+00,4.784922e+00,4.964425e+00,4.355366e+00,5.601937e+00,4.591897e+00,4.708540e+00,4.674117e+00,4.849305e+00,4.574060e+00,5.587356e+00,4.633969e+00,4.529540e+00,4.701207e+00,4.578282e+00,4.893818e+00,4.455130e+00,5.060508e+00,4.304272e+00,5.096560e+00,5.105178e+00,4.760470e+00,4.872297e+00,5.091404e+00,4.833567e+00,4.736776e+00,4.924354e+00,5.199743e+00,5.081168e+00,4.329769e+00,4.550878e+00,5.237125e+00,4.443553e+00,4.779314e+00,5.072368e+00,4.639431e+00,4.634468e+00,5.329982e+00,5.383456e+00,4.699077e+00,4.651074e+00,4.839074e+00,4.914249e+00,5.089794e+00,4.726632e+00,4.630817e+00,5.060426e+00,5.083433e+00,4.882876e+00,4.831478e+00,4.381101e+00,4.768968e+00,4.901226e+00,4.702362e+00,4.498314e+00,5.327099e+00,4.327966e+00,4.993221e+00,4.741389e+00,4.641708e+00,4.551854e+00,4.358625e+00,4.774066e+00,4.557968e+00,4.682197e+00,4.844693e+00,5.064817e+00,4.425624e+00,4.840262e+00,4.727119e+00,4.953911e+00,4.586344e+00,4.767971e+00,4.406904e+00,4.589785e+00,4.987151e+00,4.630453e+00,4.657142e+00,9.296698e+00,5.195457e+00,4.660607e+00,4.316088e+00,4.834618e+00,4.913494e+00,4.691439e+00,5.029464e+00,4.649670e+00,4.944944e+00,5.160006e+00,4.911387e+00,5.074094e+00,4.824804e+00,4.777936e+00,4.655468e+00,4.774442e+00,4.540779e+00,4.686614e+00,4.949215e+00,5.192474e+00,4.794570e+00,5.233130e+00,4.898194e+00,4.637854e+00,4.982496e+00,4.683675e+00,4.730707e+00,4.778902e+00,4.546624e+00,5.162536e+00,4.954789e+00,4.746694e+00,4.852901e+00,4.666152e+00,4.713817e+00,4.671225e+00,5.083536e+00,4.732980e+00,4.556953e+00,4.659190e+00,4.804044e+00,4.542279e+00,4.766319e+00,4.801167e+00
4.706813e+00,4.717925e+00,4.366672e+00,4.596263e+00,4.677804e+00,4.521899e+00,4.600942e+00,4.467006e+00,4.716353e+00,4.668175e+00,4.730923e+00,4.736633e+00,4.497381e+00,4.644360e+00,4.697926e+00,4.775981e+00,4.558101e+00,4.589766e+00,4.927069e+00,4.702067e+00,4.449780e+00,4.525988e+00,4.662047e+00,4.635961e+00,4.597879e+00,4.764346e+00,4.841523e+00,4.877292e+00,4.742865e+00,4.975193e+00,4.687489e+00,4.832446e+00,4.582017e+00,4.818349e+00,4.857060e+00,4.396606e+00,4.842818e+00,4.808703e+00,4.865952e+00,4.832114e+00,5.088358e+00,4.971312e+00,4.242559e+00,4.967360e+00,5.135761e+00,4.542508e+00,4.619762e+00,5.202415e+00,4.843639e+00,4.660128e+00,4.739880e+00,4.887717e+00,4.631892e+00,5.069153e+00,4.731435e+00,4.807030e+00,4.792533e+00,4.936770e+00,4.744119e+00,4.695265e+00,4.588569e+00,4.761777e+00,5.011243e+00,4.952358e+00,4.955606e+00,4.325013e+00,4.414154e+00,4.157771e+00,4.175858e+00,4.865583e+00,4.938855e+00,4.447378e+00,4.659295e+00,4.845670e+00,4.984069e+00,5.100477e+00,5.108983e+00,4.973766e+00,4.518947e+00,5.119216e+00,6.008728e+00,5.163708e+00,4.601761e+00,4.638713e+00,4.680034e+00,4.526455e+00,4.710294e+00,4.834343e+00,4.682501e+00,5.145313e+00,4.809904e+00,4.976560e+00,4.677431e+00,4.839775e+00,4.452289e+00,4.662278e+00,5.138616e+00,4.929712e+00,5.021003e+00,4.351083e+00,4.584598e+00,4.840869e+00,4.922088e+00,4.984197e+00,4.983411e+00,4.643541e+00,4.571620e+00,5.146687e+00,4.952438e+00,5.057433e+00,5.230634e+00,5.210558e+00,4.801274e+00,4.614527e+00,4.457141e+00,5.156173e+00,6.859073e+00,4.806364e+00,4.659514e+00,4.826844e+00,5.089488e+00,4.725816e+00,4.459359e+00,4.891136e+00,4.924920e+00,4.864421e+00,4.945085e+00,4.793137e+00,4.386025e+00,4.704618e+00,4.675945e+00,5.179816e+00,4.783504e+00,4.657874e+00,4.820747e+00,5.124645e+00,5.040138e+00,4.301107e+00,5.057582e+00,4.669508e+00,4.498138e+00,4.673563e+00,4.653452e+00,4.887605e+00,5.851010e+00,5.081921e+00,4.536627e+00,4.758107e+00,4.107619e+00,3.988311e+00,4.423375e+00,4.598054e+00,4.976797e+00,4.613029e+00,4.412685e+00,4.783504e+00,4.598858e+00,4.479023e+00,4.924872e+00,4.810686e+00,4.863626e+00,4.350721e+00,4.559467e+00,4.945914e+00,4.975665e+00,4.811777e+00,4.517426e+00,4.618043e+00,4.835434e+00,4.301705e+00,4.826481e+00,4.820630e+00,5.095201e+00,4.876443e+00,4.828807e+00,4.661742e+00,4.856049e+00,4.971787e+00,4.692709e+00,4.573264e+00,5.690333e+00,6.965927e+00,4.820619e+00,5.214293e+00,8.219891e+00,4.492249e+00,4.545359e+00,4.974045e+00,4.734148e+00,4.632464e+00,4.735115e+00,4.879189e+00,4.906227e+00,4.792097e+00,4.634362e+00,4.946327e+00,4.681258e+00,4.635794e+00,4.403418e+00,4.635447e+00,4.740170e+00,4.099296e+00,4.980277e+00,4.927242e+00,4.598052e+00,4.834992e+00,4.906678e+00,4.337718e+00,4.990245e+00,4.658079e+00,4.850258e+00,4.594305e+00,4.637408e+00,4.859378e+00,4.929394e+00,5.052820e+00,4.655909e+00,4.706812e+00,4.460280e+00,4.827719e+00,5.282916e+00,5.165314e+00,4.361059e+00,4.754379e+00,4.681753e+00,4.849958e+00,4.606528e+00,4.638648e+00
4.723530e+00,4.641195e+00,4.404764e+00,4.643694e+00,4.746478e+00,4.683864e+00,4.589774e+00,4.724163e+00,4.879607e+00,4.798674e+00,4.777587e+00,4.499659e+00,4.884710e+00,4.665494e+00,4.586492e+00,4.445762e+00,4.591156e+00,4.802244e+00,4.544944e+00,4.872843e+00,4.560213e+00,4.671736e+00,4.528484e+00,4.615319e+00,4.546305e+00,4.292922e+00,4.763229e+00,4.676195e+00,4.482150e+00,4.731780e+00,4.794097e+00,4.186039e+00,4.707380e+00,4.737044e+00,4.616423e+00,4.627445e+00,4.821545e+00,4.803289e+00,4.926335e+00,4.428300e+00,4.689013e+00,5.023052e+00,4.728787e+00,4.562990e+00,5.140271e+00,4.379119e+00,4.220248e+00,4.649216e+00,4.855371e+00,3.902657e+00,4.608309e+00,4.628611e+00,4.800613e+00,4.672558e+00,5.450947e+00,5.007679e+00,4.987861e+00,4.733822e+00,5.037324e+00,4.848342e+00,4.797617e+00,4.898890e+00,4.815576e+00,5.373728e+00,4.530497e+00,5.179886e+00,5.228904e+00,4.685028e+00,4.789384e+00,4.684702e+00,4.676776e+00,4.807527e+00,4.624364e+00,4.877167e+00,4.668929e+00,5.087105e+00,4.926367e+00,5.086967e+00,4.777631e+00,4.527155e+00,4.789793e+00,4.586454e+00,4.782997e+00,4.656620e+00,5.254439e+00,4.707092e+00,5.112066e+00,4.745755e+00,4.816095e+00,4.548314e+00,4.807419e+00,4.836132e+00,4.645604e+00,4.813738e+00,4.527514e+00,4.788402e+00,5.243538e+00,4.723932e+00,5.015402e+00,4.697154e+00,4.573838e+00,4.714493e+00,4.569028e+00,4.772222e+00,4.527320e+00,5.046330e+00,4.818812e+00,4.905067e+00,4.610820e+00,4.291349e+00,4.479047e+00,5.094157e+00,4.520953e+00,4.983342e+00,5.340066e+00,4.733333e+00,4.851068e+00,4.559813e+00,4.205626e+00,5.040818e+00,4.961630e+00,5.272716e+00,4.787974e+00,4.780764e+00,4.627316e+00,4.690146e+00,4.825565e+00,4.754757e+00,4.475474e+00,4.398215e+00,4.418125e+00,4.712747e+00,4.840865e+00,8.442487e+00,5.062042e+00,4.786960e+00,5.024467e+00,4.865462e+00,4.971573e+00,4.863738e+00,4.738306e+00,4.924977e+00,5.113698e+00,4.909947e+00,4.602503e+00,5.010660e+00,4.504959e+00,4.447525e+00,4.989964e+00,5.085311e+00,4.489094e+00,5.048905e+00,4.507383e+00,4.862349e+00,4.898009e+00,4.645560e+00,4.414540e+00,4.308293e+00,4.947708e+00,4.548636e+00,4.825254e+00,4.894054e+00,4.686831e+00,4.809885e+00,4.780529e+00,4.506963e+00,4.727229e+00,4.523993e+00,5.114570e+00,4.743927e+00,4.646236e+00,4.827224e+00,4.741101e+00,4.769060e+00,4.821051e+00,4.844097e+00,4.510286e+00,4.497064e+00,4.589476e+00,5.090760e+00,4.873429e+00,5.749833e+00,4.034390e+00,4.765458e+00,4.326922e+00,4.398833e+00,4.363515e+00,4.917854e+00,4.700412e+00,4.682884e+00,4.830932e+00,4.640432e+00,4.698735e+00,5.148697e+00,4.382195e+00,4.716677e+00,4.730990e+00,4.459364e+00,4.699757e+00,4.619029e+00,4.570768e+00,5.070727e+00,4.593421e+00,5.015424e+00,5.064258e+00,4.414734e+00,4.929136e+00,4.560778e+00,4.900491e+00,5.074437e+00,4.972166e+00,4.755611e+00,4.695178e+00,5.109881e+00,4.680572e+00,4.638480e+00,4.510906e+00,4.755653e+00,4.608747e+00,4.955530e+00,4.774941e+00,4.879240e+00,4.986547e+00,4.965336e+00,4.758163e+00,4.688165e+00,4.638250e+00,4.869781e+00
4.410834e+00,4.719632e+00,4.689651e+00,4.418625e+00,4.464327e+00,4.703152e+00,4.446503e+00,4.634159e+00,4.540443e+00,4.614691e+00,4.631668e+00,4.609358e+00,4.844815e+00,4.846115e+00,4.551562e+00,4.678741e+00,4.625466e+00,4.603458e+00,4.717416e+00,4.849686e+00,4.747507e+00,4.697677e+00,4.688928e+00,4.676153e+00,4.748819e+00,4.441020e+00,4.727925e+00,4.662773e+00,4.602923e+00,4.784822e+00,4.715799e+00,4.603089e+00,4.642610e+00,4.455905e+00,4.700145e+00,4.706394e+00,4.657493e+00,4.696865e+00,4.633361e+00,4.771004e+00,4.687954e+00,4.780534e+00,5.086665e+00,4.931539e+00,5.097001e+00,4.716120e+00,4.853940e+00,4.203885e+00,5.412476e+00,5.397827e+00,4.518469e+00,4.743085e+00,5.027589e+00,5.091671e+00,4.904811e+00,4.683747e+00,4.368614e+00,5.090163e+00,5.274998e+00,4.507169e+00,4.852876e+00,5.027996e+00,4.854109e+00,5.148326e+00,7.279889e+00,4.864824e+00,5.079202e+00,4.882450e+00,4.796665e+00,4.969967e+00,5.056476e+00,4.716008e+00,4.686519e+00,5.122872e+00,4.449060e+00,4.390349e+00,4.725498e+00,5.129903e+00,5.037661e+00,4.547017e+00,5.039352e+00,4.549767e+00,4.818863e+00,4.601665e+00,4.940495e+00,4.776998e+00,5.078293e+00,4.996564e+00,4.883139e+00,4.478427e+00,4.873442e+00,4.982739e+00,5.002896e+00,5.200380e+00,4.742706e+00,4.661041e+00,4.598260e+00,5.082013e+00,4.901082e+00,4.771148e+00,4.844411e+00,4.885218e+00,5.232734e+00,4.622777e+00,5.037256e+00,4.761774e+00,4.707999e+00,4.774656e+00,4.790754e+00,4.679071e+00,4.240913e+00,4.801373e+00,4.800048e+00,4.568451e+00,4.255380e+00,4.873421e+00,4.799848e+00,4.909511e+00,4.942386e+00,4.790975e+00,4.581331e+00,4.530872e+00,4.763805e+00,4.658248e+00,5.145854e+00,4.448516e+00,4.713127e+00,5.083893e+00,4.232372e+00,4.411836e+00,4.596292e+00,4.987120e+00,4.370509e+00,4.983900e+00,9.325162e+00,4.387679e+00,4.640021e+00,4.781612e+00,4.703964e+00,4.988339e+00,5.061735e+00,5.266453e+00,4.690406e+00,4.784135e+00,4.725342e+00,5.211095e+00,4.467651e+00,4.885946e+00,4.519230e+00,4.481602e+00,5.431359e+00,4.629558e+00,4.452517e+00,4.782748e+00,4.667761e+00,4.706104e+00,4.602138e+00,4.532065e+00,5.078825e+00,4.608418e+00,4.812399e+00,4.784267e+00,4.486545e+00,4.986879e+00,4.851516e+00,4.942940e+00,4.628910e+00,5.023050e+00,4.767789e+00,4.566833e+00,5.013991e+00,4.680441e+00,4.610710e+00,4.668218e+00,4.777865e+00,4.806456e+00,4.631895e+00,4.803548e+00,4.793377e+00,4.211735e+00,4.907641e+00,4.630332e+00,5.023608e+00,5.336615e+00,4.941068e+00,4.579219e+00,4.466900e+00,4.400225e+00,4.758166e+00,4.930100e+00,4.788141e+00,4.951092e+00,4.185610e+00,4.845611e+00,4.880162e+00,5.230145e+00,4.841101e+00,4.769994e+00,4.802629e+00,4.739310e+00,4.487356e+00,4.778457e+00,4.351519e+00,4.381981e+00,4.766084e+00,5.108831e+00,4.689524e+00,4.645779e+00,4.884265e+00,4.747245e+00,5.231839e+00,4.771782e+00,4.723390e+00,4.810582e+00,4.691013e+00,4.603969e+00,4.964487e+00,4.677201e+00,4.643994e+00,4.701051e+00,4.936952e+00,5.224199e+00,4.681984e+00,4.672364e+00,4.959697e+00,4.816089e+00,4.518638e+00,4.690854e+00
4.561420e+00,4.651916e+00,4.742092e+00,4.526878e+00,4.561590e+00,4.518301e+00,4.686062e+00,4.716651e+00,4.861490e+00,4.623723e+00,4.733812e+00,4.565086e+00,4.854604e+00,4.708823e+00,4.974716e+00,4.697171e+00,4.781663e+00,4.778979e+00,4.710131e+00,4.903993e+00,4.663934e+00,4.658116e+00,4.719617e+00,4.637347e+00,4.706094e+00,4.706539e+00,4.681893e+00,4.691735e+00,4.707610e+00,4.380364e+00,4.792143e+00,4.595955e+00,4.980133e+00,4.556822e+00,4.688737e+00,4.657054e+00,4.703247e+00,4.921957e+00,4.841908e+00,4.803314e+00,4.860174e+00,4.945514e+00,4.819355e+00,4.746665e+00,4.953615e+00,4.939031e+00,4.312229e+00,5.006791e+00,3.940579e+00,4.550921e+00,4.669247e+00,4.874733e+00,4.529916e+00,4.613971e+00,4.999601e+00,4.844873e+00,4.737032e+00,4.947877e+00,4.890734e+00,4.692640e+00,5.061662e+00,5.255942e+00,4.477135e+00,4.260031e+00,4.791303e+00,4.852973e+00,5.046962e+00,5.115428e+00,4.763188e+00,4.362497e+00,4.250008e+00,4.967732e+00,5.090443e+00,5.193470e+00,4.654641e+00,4.702212e+00,5.032732e+00,4.654225e+00,5.177414e+00,4.496990e+00,5.169349e+00,4.694750e+00,4.821203e+00,4.766011e+00,4.799646e+00,4.338620e+00,4.960527e+00,5.065846e+00,4.628966e+00,4.821920e+00,5.050474e+00,4.175006e+00,4.310051e+00,4.508440e+00,5.503678e+00,4.359988e+00,4.655641e+00,4.774935e+00,4.622468e+00,4.597788e+00,5.002494e+00,4.821787e+00,4.828419e+00,4.683772e+00,5.255898e+00,4.702185e+00,4.917389e+00,4.785121e+00,4.661333e+00,4.718622e+00,4.953477e+00,5.171290e+00,4.587357e+00,4.755482e+00,5.095133e+00,4.503299e+00,4.464310e+00,5.029003e+00,4.897838e+00,4.970387e+00,4.717306e+00,4.871789e+00,4.713879e+00,4.714416e+00,5.119060e+00,4.664503e+00,5.216498e+00,5.336454e+00,4.964628e+00,5.024442e+00,5.727258e+00,4.731469e+00,4.667642e+00,4.339398e+00,5.049758e+00,4.547233e+00,4.830169e+00,4.689186e+00,4.891991e+00,4.929156e+00,4.711313e+00,4.897923e+00,4.662369e+00,4.445385e+00,5.263100e+00,4.749876e+00,4.960593e+00,5.885211e+00,4.890098e+00,4.684541e+00,5.048871e+00,4.652412e+00,4.937900e+00,4.586866e+00,4.811251e+00,4.884043e+00,4.674316e+00,4.905656e+00,4.269656e+00,5.188776e+00,5.143842e+00,4.796121e+00,4.426302e+00,4.572840e+00,4.940162e+00,4.838231e+00,4.962801e+00,4.901059e+00,4.909028e+00,5.184193e+00,5.085169e+00,4.717223e+00,5.207812e+00,5.020729e+00,4.785695e+00,4.969068e+00,5.274220e+00,4.739094e+00,4.580997e+00,4.374449e+00,4.657375e+00,5.270424e+00,4.567844e+00,7.317471e+00,5.361266e+00,5.011273e+00,4.612207e+00,4.555532e+00,6.257835e+00,5.036327e+00,4.471899e+00,4.405260e+00,4.469678e+00,4.634283e+00,4.131092e+00,4.875925e+00,4.665635e+00,4.596092e+00,4.862559e+00,4.905535e+00,4.580621e+00,4.939593e+00,4.846634e+00,5.038376e+00,4.322893e+00,4.766205e+00,4.834604e+00,4.921930e+00,4.838381e+00,4.925240e+00,4.588510e+00,5.012301e+00,4.855788e+00,5.128486e+00,4.510465e+00,4.810601e+00,4.779531e+00,4.534922e+00,4.842312e+00,5.374313e+00,4.627131e+00,4.530865e+00,4.828551e+00,4.862675e+00,4.690732e+00,4.677205e+00,4.673746e+00,4.656124e+00
4.702881e+00,4.641948e+00,4.779419e+00,4.403476e+00,4.688941e+00,4.500954e+00,4.727993e+00,4.881264e+00,4.909159e+00,4.660856e+00,4.320608e+00,4.739979e+00,4.479617e+00,4.729335e+00,4.522151e+00,4.841925e+00,4.555981e+00,4.279263e+00,4.693789e+00,4.506105e+00,4.692009e+00,4.553342e+00,4.879481e+00,4.730081e+00,4.705223e+00,4.621200e+00,4.582324e+00,4.679803e+00,4.426949e+00,4.764290e+00,5.172976e+00,4.946389e+00,5.103659e+00,4.756885e+00,4.859536e+00,4.857244e+00,4.700718e+00,4.743990e+00,5.092106e+00,5.034331e+00,4.851490e+00,4.586311e+00,4.764023e+00,5.018424e+00,4.597452e+00,4.865984e+00,4.003867e+00,4.500190e+00,4.349248e+00,4.470939e+00,4.783655e+00,4.897756e+00,4.652498e+00,4.693493e+00,4.871584e+00,4.625115e+00,4.870661e+00,4.513599e+00,4.599714e+00,4.649252e+00,4.544190e+00,4.721450e+00,4.985753e+00,5.642830e+00,8.975994e+00,5.256272e+00,5.055958e+00,4.740258e+00,4.770900e+00,4.726803e+00,4.326215e+00,4.930777e+00,5.062118e+00,4.995045e+00,4.371737e+00,4.495575e+00,4.526645e+00,4.921257e+00,4.650781e+00,5.075607e+00,4.653630e+00,4.810752e+00,4.768515e+00,4.562022e+00,4.901606e+00,5.077507e+00,4.319665e+00,4.723188e+00,5.264807e+00,5.016171e+00,4.817458e+00,4.827798e+00,5.054278e+00,4.897842e+00,4.225227e+00,4.823087e+00,4.649385e+00,4.860140e+00,4.667228e+00,4.362039e+00,4.764385e+00,4.818398e+00,5.055613e+00,4.682533e+00,4.848022e+00,5.156471e+00,4.925377e+00,4.447041e+00,4.520646e+00,4.610210e+00,5.088893e+00,4.725052e+00,4.990658e+00,5.135110e+00,4.967351e+00,4.069912e+00,4.610706e+00,4.726473e+00,4.340217e+00,4.764677e+00,4.486665e+00,5.174767e+00,4.503226e+00,4.766383e+00,4.462007e+00,4.808017e+00,4.883091e+00,4.573789e+00,4.397900e+00,4.440375e+00,4.420786e+00,4.711427e+00,4.793128e+00,4.291635e+00,4.610972e+00,4.918664e+00,5.159097e+00,4.764978e+00,4.828979e+00,5.068152e+00,4.828022e+00,4.689586e+00,5.275488e+00,4.978272e+00,4.708069e+00,4.633882e+00,4.228273e+00,4.783525e+00,4.632792e+00,4.877277e+00,4.720664e+00,4.384102e+00,4.801526e+00,4.458900e+00,4.971162e+00,5.058603e+00,4.697312e+00,5.024652e+00,4.529454e+00,4.148156e+00,4.333485e+00,4.410824e+00,4.900114e+00,4.824940e+00,4.919493e+00,4.613769e+00,5.110684e+00,4.850954e+00,5.000795e+00,5.102035e+00,4.990380e+00,5.259426e+00,4.931247e+00,4.680311e+00,5.010352e+00,5.049012e+00,4.916494e+00,4.673920e+00,4.849802e+00,4.399241e+00,4.356458e+00,4.024124e+00,4.652181e+00,4.537036e+00,5.077114e+00,4.609198e+00,5.139423e+00,4.581842e+00,4.613797e+00,4.804228e+00,4.976121e+00,4.360446e+00,4.324009e+00,4.811561e+00,4.517438e+00,5.004903e+00,4.719956e+00,4.685902e+00,4.798408e+00,4.493110e+00,4.585846e+00,4.481905e+00,4.984803e+00,4.878640e+00,4.723176e+00,4.476068e+00,4.402642e+00,5.020992e+00,4.618670e+00,4.633164e+00,5.097017e+00,5.007214e+00,4.759558e+00,4.954298e+00,4.829616e+00,4.725835e+00,4.726793e+00,4.677047e+00,4.627084e+00,4.873206e+00,4.715816e+00,4.825896e+00,4.886102e+00,4.539346e+00,4.676883e+00,4.846744e+00,4.682235e+00,4.708187e+00
4.856232e+00,4.646166e+00,4.722889e+00,4.679944e+00,4.545613e+00,4.709773e+00,4.379964e+00,4.758214e+00,4.445623e+00,4.689823e+00,4.621097e+00,4.568551e+00,4.677784e+00,4.463095e+00,4.652090e+00,4.584194e+00,4.566953e+00,4.509959e+00,4.168765e+00,4.566468e+00,4.433261e+00,4.700864e+00,4.672624e+00,4.797300e+00,4.706034e+00,4.738826e+00,4.366851e+00,4.275288e+00,4.798215e+00,4.552316e+00,4.770681e+00,4.702963e+00,5.028033e+00,4.830395e+00,4.719073e+00,4.741336e+00,4.801347e+00,4.681998e+00,4.826688e+00,4.814147e+00,4.778089e+00,4.808977e+00,5.102082e+00,5.047865e+00,4.833319e+00,4.730091e+00,4.316417e+00,4.540488e+00,5.307300e+00,4.221668e+00,5.228540e+00,4.723757e+00,4.351914e+00,4.763852e+00,5.276879e+00,4.459309e+00,4.666741e+00,4.728791e+00,4.979482e+00,4.834906e+00,5.327754e+00,4.828070e+00,4.441561e+00,6.788350e+00,4.774602e+00,4.513981e+00,4.958721e+00,4.716699e+00,4.507929e+00,4.640022e+00,4.703517e+00,4.931576e+00,5.306807e+00,4.949344e+00,4.695465e+00,5.032444e+00,4.979534e+00,4.679212e+00,5.142484e+00,4.997789e+00,4.874622e+00,4.743617e+00,4.909873e+00,5.120869e+00,4.792345e+00,4.915038e+00,4.728261e+00,4.647905e+00,4.974790e+00,5.032492e+00,4.824772e+00,4.934802e+00,5.235838e+00,5.151681e+00,5.066807e+00,4.771813e+00,4.582233e+00,4.664558e+00,4.805479e+00,4.804559e+00,4.859657e+00,4.914517e+00,5.139712e+00,4.782293e+00,5.061737e+00,5.162165e+00,4.589848e+00,4.712091e+00,5.109705e+00,4.596856e+00,4.495310e+00,4.522892e+00,4.421363e+00,4.805188e+00,4.519779e+00,4.344508e+00,4.835712e+00,4.859607e+00,4.661898e+00,4.728979e+00,4.847567e+00,4.582160e+00,4.650787e+00,4.707964e+00,4.658518e+00,4.504511e+00,4.706514e+00,4.825498e+00,3.811471e+00,4.246499e+00,4.275446e+00,4.362975e+00,4.276983e+00,4.988308e+00,5.027439e+00,4.808207e+00,4.731275e+00,4.838867e+00,4.930964e+00,5.106495e+00,4.778254e+00,4.774472e+00,5.135930e+00,4.689684e+00,4.316646e+00,4.504257e+00,4.441994e+00,4.913666e+00,4.934129e+00,5.034261e+00,4.568167e+00,4.482322e+00,4.608725e+00,4.423472e+00,4.637138e+00,5.003569e+00,5.225172e+00,4.665996e+00,4.730280e+00,4.809866e+00,5.042812e+00,4.577804e+00,4.648606e+00,4.827793e+00,4.791134e+00,4.551910e+00,4.910854e+00,4.690423e+00,4.781195e+00,4.828257e+00,4.909190e+00,4.646447e+00,4.835571e+00,4.653384e+00,4.704021e+00,4.836606e+00,4.850604e+00,4.931216e+00,4.900610e+00,4.610807e+00,6.279766e+00,5.542871e+00,4.802112e+00,5.510855e+00,4.917624e+00,8.575893e+00,4.723731e+00,4.543822e+00,4.889041e+00,5.174697e+00,5.260875e+00,4.612341e+00,5.523849e+00,4.710889e+00,4.075643e+00,5.222940e+00,4.791033e+00,4.872342e+00,4.575690e+00,4.363654e+00,4.651912e+00,4.222387e+00,4.947656e+00,4.768139e+00,4.883011e+00,4.246263e+00,4.760395e+00,4.719817e+00,4.772690e+00,4.795909e+00,4.936768e+00,4.954776e+00,5.067094e+00,4.997287e+00,4.745283e+00,4.807480e+00,4.917989e+00,4.670418e+00,4.656145e+00,4.976087e+00,4.589200e+00,4.967840e+00,4.927280e+00,4.680174e+00,4.779241e+00,4.759956e+00,4.723086e+00,4.644195e+00
4.626748e+00,4.687547e+00,4.823105e+00,4.846781e+00,4.577627e+00,4.584911e+00,4.802471e+00,4.876966e+00,4.769963e+00,4.272392e+00,4.878769e+00,4.476586e+00,4.764736e+00,4.716250e+00,4.778300e+00,4.919694e+00,4.827203e+00,4.950382e+00,4.852449e+00,4.859849e+00,4.543180e+00,4.837281e+00,4.682047e+00,4.556353e+00,4.731786e+00,4.646014e+00,4.621551e+00,4.720131e+00,4.866716e+00,4.909241e+00,4.879592e+00,4.601559e+00,4.794897e+00,4.716706e+00,4.433205e+00,4.813726e+00,4.729501e+00,4.911140e+00,4.906463e+00,4.673350e+00,4.765274e+00,4.908247e+00,5.103241e+00,4.842972e+00,4.793733e+00,4.802222e+00,5.160200e+00,5.023608e+00,4.650762e+00,4.035624e+00,4.590498e+00,4.613701e+00,4.592975e+00,4.479766e+00,5.242428e+00,4.906453e+00,4.307703e+00,4.783949e+00,4.945787e+00,4.685507e+00,4.636709e+00,4.272143e+00,4.427271e+00,4.863597e+00,4.688046e+00,4.603092e+00,4.837301e+00,4.520078e+00,4.765651e+00,5.141260e+00,4.713330e+00,4.265259e+00,4.860304e+00,4.791653e+00,5.047501e+00,4.507158e+00,4.967078e+00,4.968451e+00,4.875855e+00,4.492580e+00,4.631535e+00,5.037031e+00,4.898580e+00,4.818272e+00,5.025248e+00,5.024710e+00,5.568804e+00,5.184277e+00,4.918491e+00,4.420800e+00,4.212584e+00,4.184352e+00,4.444976e+00,4.579571e+00,4.504590e+00,4.829389e+00,4.945776e+00,4.618643e+00,4.778676e+00,4.693386e+00,4.777061e+00,4.687582e+00,4.507357e+00,4.953928e+00,4.778666e+00,5.129088e+00,5.110289e+00,4.746492e+00,4.820754e+00,4.753041e+00,4.692382e+00,4.811447e+00,4.997243e+00,4.425387e+00,4.831232e+00,5.384931e+00,4.900340e+00,4.842912e+00,4.743946e+00,4.853919e+00,4.640719e+00,4.169870e+00,5.238294e+00,4.988633e+00,4.803245e+00,4.768499e+00,4.186744e+00,4.024869e+00,5.025766e+00,4.874500e+00,4.964278e+00,5.106362e+00,4.758397e+00,4.787653e+00,4.930437e+00,4.815247e+00,4.649956e+00,4.921335e+00,4.469542e+00,5.038552e+00,4.924019e+00,4.757502e+00,4.832377e+00,4.957562e+00,5.038998e+00,4.872339e+00,5.658013e+00,4.750609e+00,4.679461e+00,5.184469e+00,4.594808e+00,4.099426e+00,4.839168e+00,4.966717e+00,4.709649e+00,4.770105e+00,4.176825e+00,4.309050e+00,4.924219e+00,4.927579e+00,4.568292e+00,4.280432e+00,4.587560e+00,4.648149e+00,4.849716e+00,4.858907e+00,4.699900e+00,5.170025e+00,4.820816e+00,4.636932e+00,4.596122e+00,4.627686e+00,4.825799e+00,4.755101e+00,4.956814e+00,4.771061e+00,4.768794e+00,4.548249e+00,4.195723e+00,4.981428e+00,4.645688e+00,5.111737e+00,5.228692e+00,8.530473e+00,4.549826e+00,6.390638e+00,4.366986e+00,5.366972e+00,7.300864e+00,4.926304e+00,4.913318e+00,5.051880e+00,4.616823e+00,4.797095e+00,4.238460e+00,4.664639e+00,4.756666e+00,4.724125e+00,5.063937e+00,5.204302e+00,4.503829e+00,4.750993e+00,4.239318e+00,4.789972e+00,4.591397e+00,4.833673e+00,4.676911e+00,4.795772e+00,4.704811e+00,5.317018e+00,4.639058e+00,4.571712e+00,4.843960e+00,5.006422e+00,5.108522e+00,4.921544e+00,4.702584e+00,4.654253e+00,4.889302e+00,5.028517e+00,4.754915e+00,4.932695e+00,4.700744e+00,4.899683e+00,4.707797e+00,4.666168e+00,4.629089e+00,4.598242e+00
4.542379e+00,4.845220e+00,4.788720e+00,4.817071e+00,4.700478e+00,4.675094e+00,4.678585e+00,4.771693e+00,4.777949e+00,4.727519e+00,4.765037e+00,4.556588e+00,5.055015e+00,4.457736e+00,4.782671e+00,4.751592e+00,4.660648e+00,4.725913e+00,4.717824e+00,4.664819e+00,4.520883e+00,4.779626e+00,4.797701e+00,4.639552e+00,4.752936e+00,4.798582e+00,4.943313e+00,4.605790e+00,4.855645e+00,4.741498e+00,4.342299e+00,4.765997e+00,5.140971e+00,4.661186e+00,4.702455e+00,4.743999e+00,4.628933e+00,4.552948e+00,4.778127e+00,4.760893e+00,4.590392e+00,4.855055e+00,4.859260e+00,4.857388e+00,4.989069e+00,4.675817e+00,4.767982e+00,5.041200e+00,3.933641e+00,5.031677e+00,5.112744e+00,4.849265e+00,4.930442e+00,5.004142e+00,4.730927e+00,4.511394e+00,4.728941e+00,4.664841e+00,4.912426e+00,4.448045e+00,4.443777e+00,5.077967e+00,5.034946e+00,5.535115e+00,4.510174e+00,4.841253e+00,4.463534e+00,4.664768e+00,4.770599e+00,5.004032e+00,4.674014e+00,5.209440e+00,4.567725e+00,4.751126e+00,5.032978e+00,4.808079e+00,5.016188e+00,4.834174e+00,4.787959e+00,4.626537e+00,4.759508e+00,4.377290e+00,4.551603e+00,4.834465e+00,4.898589e+00,4.639489e+00,4.736929e+00,5.022365e+00,4.663139e+00,4.915154e+00,4.966428e+00,4.641945e+00,4.496043e+00,4.941477e+00,5.019947e+00,4.636343e+00,4.546753e+00,4.785951e+00,4.718139e+00,4.894049e+00,4.619122e+00,4.824111e+00,4.895839e+00,4.890125e+00,4.730031e+00,4.831434e+00,4.950502e+00,4.496515e+00,5.289958e+00,4.981193e+00,4.695960e+00,5.297471e+00,4.684744e+00,4.909525e+00,5.179171e+00,4.531379e+00,5.185664e+00,4.849155e+00,4.940114e+00,4.631697e+00,4.762711e+00,4.282671e+00,4.510697e+00,4.748663e+00,4.611583e+00,4.856572e+00,4.668397e+00,4.717015e+00,4.600256e+00,4.451434e+00,5.250503e+00,5.240519e+00,4.962715e+00,4.786846e+00,4.958950e+00,5.076516e+00,4.757489e+00,4.725282e+00,4.952541e+00,5.207676e+00,5.077902e+00,5.161198e+00,4.970406e+00,4.783322e+00,4.819554e+00,4.692427e+00,4.576747e+00,5.024391e+00,9.545406e+00,4.509195e+00,4.200546e+00,4.963368e+00,5.362622e+00,4.655713e+00,4.202956e+00,4.644754e+00,5.127484e+00,4.615239e+00,5.101608e+00,4.991064e+00,5.054641e+00,4.550004e+00,4.843792e+00,4.882861e+00,4.786345e+00,5.012282e+00,5.109062e+00,4.724729e+00,4.609399e+00,5.176574e+00,4.508768e+00,4.938899e+00,5.064485e+00,4.409608e+00,5.165769e+00,4.527856e+00,4.735915e+00,4.912792e+00,4.372201e+00,4.406301e+00,4.328829e+00,5.144190e+00,7.069608e+00,4.440832e+00,5.093249e+00,4.842808e+00,5.291590e+00,5.070127e+00,4.744353e+00,4.583362e+00,5.107287e+00,4.311491e+00,4.628670e+00,4.927408e+00,4.455108e+00,4.539924e+00,4.538920e+00,4.715080e+00,4.142968e+00,4.977593e+00,4.992829e+00,5.088249e+00,4.446996e+00,4.868592e+00,4.926081e+00,4.927560e+00,4.972219e+00,5.186409e+00,4.968642e+00,5.507395e+00,4.507719e+00,4.829635e+00,4.876717e+00,5.044195e+00,4.691783e+00,5.053522e+00,4.634390e+00,4.500918e+00,4.576941e+00,4.811417e+00,4.363360e+00,7.576154e+00,4.698396e+00,4.596062e+00,4.651727e+00,4.774624e+00,4.912206e+00,4.546341e+00
4.526725e+00,4.619255e+00,4.645260e+00,4.802109e+00,4.702968e+00,4.760494e+00,4.333325e+00,4.835929e+00,4.772178e+00,4.747974e+00,4.930396e+00,4.663223e+00,4.894097e+00,4.923000e+00,4.725952e+00,4.852225e+00,4.725339e+00,4.748616e+00,4.918551e+00,4.543453e+00,4.598589e+00,4.431337e+00,4.692343e+00,4.569749e+00,4.766545e+00,4.626609e+00,4.395057e+00,4.299200e+00,4.814186e+00,4.427986e+00,4.718628e+00,4.593513e+00,4.971634e+00,4.612519e+00,4.708464e+00,4.891167e+00,4.428658e+00,4.619516e+00,4.573295e+00,4.573447e+00,4.339052e+00,4.751750e+00,4.593271e+00,4.624084e+00,4.370642e+00,4.239345e+00,4.348292e+00,4.924675e+00,4.963045e+00,4.921366e+00,4.601894e+00,4.918302e+00,4.834533e+00,4.770706e+00,4.655294e+00,4.810519e+00,4.805910e+00,4.481183e+00,4.682080e+00,5.316509e+00,4.981226e+00,5.248825e+00,5.780664e+00,4.983026e+00,4.456414e+00,6.227145e+00,4.711555e+00,4.125607e+00,4.797523e+00,4.869489e+00,5.877223e+00,4.806929e+00,4.727329e+00,4.336903e+00,4.536051e+00,4.589273e+00,4.507208e+00,4.947661e+00,4.557634e+00,4.679268e+00,4.983631e+00,4.689740e+00,4.359748e+00,4.631258e+00,4.717029e+00,4.955087e+00,5.105650e+00,5.031122e+00,4.671977e+00,4.505345e+00,4.571715e+00,4.550708e+00,4.247287e+00,4.927354e+00,4.773801e+00,4.802628e+00,4.502095e+00,4.720661e+00,4.883905e+00,4.878001e+00,4.651804e+00,4.916658e+00,4.143182e+00,4.980268e+00,4.943909e+00,4.281241e+00,4.369010e+00,4.418402e+00,4.908038e+00,4.781321e+00,5.707225e+00,4.325819e+00,4.748061e+00,5.122946e+00,4.592846e+00,4.847253e+00,4.716326e+00,5.031429e+00,4.525289e+00,5.107418e+00,4.582532e+00,5.302660e+00,4.800818e+00,4.777073e+00,4.948655e+00,4.582064e+00,4.545638e+00,4.862483e+00,4.772243e+00,3.842878e+00,4.725942e+00,4.983108e+00,4.790315e+00,4.743572e+00,5.085859e+00,4.749678e+00,4.723456e+00,4.816490e+00,4.542462e+00,4.932059e+00,4.639371e+00,4.737394e+00,4.806699e+00,4.825855e+00,5.203113e+00,4.621458e+00,4.106817e+00,5.106467e+00,6.812487e+00,4.385776e+00,4.511962e+00,4.792250e+00,4.525631e+00,4.779113e+00,8.713709e+00,5.042149e+00,4.724990e+00,4.352258e+00,4.966092e+00,4.716381e+00,4.432563e+00,4.515535e+00,4.733124e+00,4.658612e+00,4.707683e+00,4.866825e+00,4.675558e+00,4.902139e+00,4.835933e+00,4.748725e+00,5.070942e+00,4.669371e+00,4.783119e+00,4.631427e+00,4.825081e+00,4.477030e+00,4.734780e+00,4.497620e+00,5.219421e+00,5.010617e+00,5.042494e+00,4.454444e+00,5.182736e+00,4.188180e+00,4.849692e+00,4.477942e+00,4.634358e+00,4.190481e+00,5.208765e+00,4.083025e+00,4.887445e+00,5.095598e+00,4.997518e+00,4.830136e+00,4.861659e+00,4.692506e+00,4.653636e+00,4.843318e+00,4.466554e+00,4.836921e+00,4.751407e+00,4.413998e+00,5.085799e+00,4.871828e+00,5.116583e+00,4.735686e+00,5.118192e+00,4.956817e+00,4.631775e+00,4.613554e+00,4.683042e+00,4.832163e+00,4.780330e+00,4.643365e+00,4.885956e+00,4.833365e+00,4.711207e+00,4.772847e+00,4.822866e+00,4.903938e+00,4.311421e+00,4.774313e+00,4.804313e+00,4.605429e+00,4.335426e+00,4.684891e+00,4.662025e+00,4.618146e+00
4.535644e+00,4.600020e+00,4.647465e+00,4.634233e+00,4.641699e+00,4.470949e+00,4.701885e+00,4.756081e+00,4.704184e+00,4.808633e+00,4.726284e+00,4.742667e+00,4.802240e+00,4.474456e+00,4.738051e+00,4.687983e+00,4.438984e+00,4.793421e+00,4.317597e+00,4.450972e+00,4.556831e+00,4.764471e+00,4.673454e+00,4.647279e+00,4.526117e+00,4.612145e+00,4.674664e+00,4.684067e+00,4.705497e+00,4.643682e+00,4.677585e+00,4.701898e+00,4.626058e+00,4.862576e+00,4.682146e+00,4.589507e+00,4.656775e+00,4.612209e+00,4.730991e+00,4.858272e+00,4.837277e+00,4.802768e+00,4.828864e+00,4.814361e+00,4.694203e+00,4.762840e+00,4.691967e+00,5.148331e+00,4.225462e+00,5.909745e+00,4.767463e+00,4.797635e+00,4.682944e+00,4.740972e+00,4.700788e+00,4.742278e+00,4.612892e+00,5.348497e+00,4.905398e+00,4.826701e+00,6.883893e+00,7.966544e+00,4.520053e+00,5.331381e+00,4.837788e+00,5.565558e+00,4.275659e+00,4.376162e+00,5.012206e+00,4.024521e+00,4.805692e+00,4.363016e+00,4.772362e+00,4.183509e+00,5.170128e+00,4.724369e+00,4.554410e+00,4.804474e+00,4.380120e+00,4.544586e+00,4.721810e+00,4.516301e+00,4.937403e+00,4.903255e+00,4.603797e+00,4.745047e+00,4.625766e+00,4.773263e+00,5.018129e+00,4.873297e+00,5.093792e+00,4.084225e+00,4.493572e+00,4.965535e+00,4.599416e+00,4.776647e+00,4.647423e+00,4.700056e+00,4.729893e+00,5.086898e+00,4.787792e+00,4.636532e+00,5.274477e+00,4.426418e+00,4.263336e+00,4.357099e+00,5.321639e+00,4.853103e+00,5.274102e+00,4.643820e+00,4.381304e+00,4.823376e+00,5.153851e+00,4.694381e+00,5.131920e+00,4.665221e+00,4.821997e+00,4.992198e+00,4.562632e+00,5.074967e+00,4.882256e+00,4.891999e+00,4.897844e+00,4.804000e+00,5.037084e+00,4.380936e+00,4.269232e+00,4.583983e+00,4.749157e+00,4.822056e+00,4.177532e+00,4.939613e+00,4.864484e+00,4.712966e+00,4.931328e+00,4.578574e+00,4.636215e+00,4.552284e+00,4.678317e+00,4.970308e+00,5.117971e+00,4.657121e+00,4.395744e+00,5.018065e+00,4.420598e+00,4.529524e+00,4.787211e+00,5.094826e+00,4.326269e+00,4.917981e+00,4.777289e+00,4.788803e+00,4.505970e+00,4.224824e+00,4.255457e+00,4.719469e+00,4.743453e+00,4.778855e+00,4.819180e+00,4.148650e+00,4.816753e+00,5.002302e+00,4.934169e+00,4.857070e+00,4.921280e+00,4.554734e+00,4.729943e+00,4.844085e+00,4.588350e+00,4.654727e+00,4.693887e+00,4.830803e+00,4.679706e+00,4.859510e+00,4.931395e+00,4.826013e+00,4.952425e+00,4.463060e+00,4.946000e+00,5.455243e+00,5.023977e+00,7.203439e+00,9.214244e+00,4.860763e+00,4.106612e+00,4.881016e+00,4.984932e+00,4.963871e+00,4.914703e+00,4.340034e+00,4.725289e+00,4.702466e+00,4.563651e+00,4.833805e+00,4.944044e+00,4.648031e+00,4.739137e+00,4.596198e+00,4.992986e+00,4.752205e+00,4.677736e+00,4.447614e+00,4.987235e+00,4.509712e+00,4.965680e+00,4.941681e+00,4.001006e+00,4.683587e+00,4.556508e+00,4.817253e+00,4.867142e+00,4.934077e+00,4.914994e+00,4.367977e+00,4.648269e+00,4.783190e+00,4.882001e+00,4.752824e+00,4.958750e+00,5.114068e+00,4.594946e+00,4.810193e+00,4.909316e+00,4.837867e+00,4.873114e+00,4.421955e+00,4.790230e+00,4.578414e+00
4.776936e+00,4.436205e+00,4.747428e+00,4.337394e+00,4.809829e+00,4.734620e+00,4.665825e+00,4.751672e+00,4.522152e+00,4.550039e+00,4.651909e+00,4.783261e+00,4.353605e+00,4.773495e+00,4.590731e+00,4.751917e+00,4.769452e+00,4.655974e+00,4.785901e+00,4.774339e+00,4.535365e+00,4.682809e+00,4.720703e+00,4.424410e+00,4.629660e+00,4.684767e+00,4.726524e+00,4.804211e+00,4.640150e+00,4.589791e+00,4.734706e+00,4.815149e+00,4.703529e+00,4.721821e+00,4.566259e+00,4.654512e+00,4.586356e+00,4.745016e+00,4.964287e+00,4.785487e+00,4.912810e+00,5.053369e+00,5.011453e+00,4.802668e+00,4.758554e+00,4.459682e+00,4.594449e+00,4.290010e+00,4.220755e+00,5.425030e+00,8.178545e+00,5.019675e+00,4.655982e+00,4.926688e+00,4.524347e+00,4.688805e+00,4.755077e+00,4.262577e+00,5.755343e+00,4.632800e+00,4.357633e+00,6.824398e+00,4.695562e+00,4.502934e+00,4.895565e+00,4.934594e+00,4.766774e+00,5.072053e+00,4.724018e+00,5.152896e+00,5.089707e+00,4.446809e+00,4.489731e+00,4.916698e+00,4.628164e+00,4.650227e+00,4.634565e+00,4.733765e+00,4.907262e+00,4.942141e+00,4.031285e+00,5.124423e+00,4.855264e+00,4.323743e+00,4.911903e+00,4.738235e+00,4.559472e+00,4.867848e+00,5.031509e+00,5.277389e+00,4.968326e+00,4.338078e+00,4.151525e+00,5.098455e+00,4.773003e+00,4.596981e+00,4.767456e+00,5.025379e+00,4.888580e+00,5.007210e+00,4.967077e+00,5.085501e+00,5.158214e+00,5.178318e+00,5.003135e+00,4.804332e+00,4.568536e+00,4.450813e+00,4.529680e+00,4.985062e+00,4.914288e+00,4.625599e+00,4.767074e+00,4.844380e+00,5.012270e+00,4.934612e+00,4.453573e+00,5.039720e+00,4.675183e+00,4.816713e+00,4.753848e+00,4.688842e+00,4.890390e+00,5.271864e+00,5.158852e+00,4.886028e+00,4.731094e+00,4.637137e+00,4.832164e+00,4.283056e+00,4.850976e+00,5.125765e+00,4.597512e+00,4.814687e+00,4.589713e+00,4.669471e+00,4.857658e+00,4.737812e+00,4.641419e+00,4.592038e+00,4.704285e+00,4.559127e+00,4.703218e+00,4.676376e+00,4.873071e+00,4.553569e+00,4.700682e+00,4.531979e+00,4.615878e+00,4.923001e+00,4.120439e+00,4.610984e+00,3.933542e+00,4.689025e+00,4.730345e+00,4.816481e+00,4.818696e+00,4.850153e+00,4.730574e+00,5.106942e+00,4.722956e+00,4.743195e+00,5.076900e+00,4.404587e+00,4.974119e+00,4.647064e+00,4.738444e+00,4.617063e+00,4.641431e+00,4.722104e+00,4.788355e+00,4.727626e+00,4.928370e+00,4.702570e+00,4.857264e+00,4.668887e+00,4.284988e+00,4.044005e+00,4.912526e+00,4.345388e+00,4.911037e+00,4.805965e+00,4.542587e+00,6.063463e+00,4.728950e+00,4.607613e+00,5.117586e+00,4.758418e+00,4.853903e+00,4.812507e+00,4.359449e+00,4.602898e+00,4.212672e+00,4.869490e+00,4.575588e+00,4.698664e+00,4.750818e+00,4.554229e+00,4.293042e+00,4.421788e+00,4.799405e+00,5.104328e+00,5.001021e+00,4.176554e+00,4.909821e+00,4.871295e+00,3.975324e+00,4.597958e+00,5.077203e+00,5.037469e+00,5.057680e+00,5.047092e+00,4.820980e+00,4.826075e+00,4.791920e+00,4.497003e+00,4.456253e+00,4.745834e+00,4.782581e+00,4.262057e+00,4.532784e+00,4.782595e+00,4.561982e+00,4.104823e+00,4.553161e+00,4.868284e+00,4.904118e+00,4.890357e+00
4.592576e+00,4.801355e+00,4.641886e+00,4.780464e+00,4.935799e+00,4.687190e+00,4.663074e+00,4.613761e+00,4.758189e+00,5.033821e+00,4.944828e+00,4.875227e+00,4.777424e+00,4.802945e+00,4.637804e+00,4.935400e+00,4.731309e+00,5.074069e+00,4.528567e+00,4.688129e+00,4.719852e+00,4.800016e+00,4.822543e+00,4.828737e+00,4.734911e+00,4.917943e+00,4.768896e+00,5.002430e+00,4.681450e+00,4.718103e+00,4.711580e+00,5.036682e+00,4.594605e+00,4.753251e+00,4.734413e+00,4.480461e+00,4.764290e+00,4.723500e+00,4.734731e+00,4.716049e+00,4.766558e+00,4.600655e+00,4.907770e+00,4.733305e+00,4.859926e+00,4.712980e+00,4.322372e+00,4.978040e+00,4.019751e+00,4.440250e+00,4.490652e+00,4.803503e+00,4.655220e+00,4.670393e+00,4.716132e+00,4.615483e+00,4.968039e+00,5.115211e+00,6.674603e+00,4.818196e+00,6.160188e+00,5.117639e+00,4.291598e+00,5.250810e+00,4.230527e+00,4.936690e+00,4.517150e+00,4.948738e+00,4.853760e+00,3.981715e+00,4.785461e+00,4.448248e+00,6.762140e+00,4.987635e+00,5.034195e+00,4.964743e+00,4.652145e+00,4.878950e+00,4.460903e+00,4.143326e+00,5.168638e+00,5.548909e+00,5.102899e+00,4.485114e+00,4.132583e+00,5.044899e+00,4.917635e+00,4.696968e+00,4.689946e+00,5.109655e+00,4.338764e+00,4.561880e+00,4.411875e+00,4.494565e+00,4.734680e+00,4.612675e+00,4.704911e+00,4.359557e+00,4.657907e+00,4.717101e+00,4.773338e+00,4.680157e+00,4.822575e+00,5.068545e+00,4.986141e+00,4.810274e+00,4.799245e+00,4.749248e+00,4.631265e+00,4.899906e+00,4.925772e+00,4.494159e+00,4.607583e+00,4.827469e+00,4.823969e+00,4.891171e+00,4.957952e+00,4.726246e+00,5.129159e+00,4.908766e+00,4.792711e+00,5.090343e+00,4.402611e+00,5.020583e+00,4.689852e+00,4.420400e+00,4.994581e+00,4.993477e+00,4.798917e+00,4.668243e+00,4.748735e+00,4.707134e+00,4.500179e+00,4.784358e+00,4.937260e+00,4.780016e+00,4.730225e+00,4.920250e+00,4.718792e+00,5.012391e+00,4.778439e+00,4.673501e+00,4.722748e+00,4.827293e+00,4.636056e+00,4.902449e+00,4.529709e+00,4.610403e+00,4.857773e+00,4.879254e+00,4.568942e+00,4.883039e+00,4.017767e+00,4.233975e+00,4.770374e+00,4.454932e+00,4.493361e+00,4.985486e+00,4.745011e+00,4.553420e+00,4.813389e+00,4.373236e+00,5.270581e+00,4.663800e+00,4.680519e+00,4.599698e+00,5.199672e+00,4.746527e+00,4.564660e+00,4.974960e+00,5.135306e+00,4.711796e+00,4.638610e+00,4.727047e+00,4.929551e+00,4.594011e+00,4.470541e+00,4.322595e+00,5.047270e+00,4.365758e+00,4.591497e+00,4.457839e+00,4.339501e+00,4.194302e+00,4.504853e+00,9.180528e+00,5.274274e+00,5.084450e+00,8.601240e+00,4.938484e+00,4.520610e+00,4.770445e+00,4.705931e+00,4.319664e+00,4.824805e+00,4.978158e+00,4.967515e+00,4.543107e+00,4.823457e+00,3.972583e+00,5.108866e+00,5.179103e+00,4.725748e+00,4.348239e+00,4.917538e+00,4.824098e+00,4.904625e+00,4.517122e+00,4.886675e+00,5.082157e+00,4.935393e+00,4.805504e+00,4.871451e+00,4.965586e+00,4.935987e+00,4.838695e+00,4.866494e+00,4.926505e+00,4.833391e+00,4.311137e+00,4.879847e+00,5.018930e+00,4.788178e+00,4.830132e+00,4.858983e+00,4.867378e+00,4.898912e+00,4.648973e+00
4.711842e+00,4.777462e+00,4.583870e+00,4.648575e+00,4.656757e+00,4.768386e+00,4.602384e+00,4.521529e+00,4.634386e+00,4.312549e+00,4.621945e+00,4.737374e+00,4.579016e+00,4.770767e+00,4.730988e+00,4.676740e+00,4.938794e+00,4.498765e+00,4.766990e+00,4.644920e+00,4.388425e+00,4.769305e+00,4.667501e+00,4.631552e+00,4.659104e+00,4.721831e+00,4.888919e+00,4.565758e+00,4.757683e+00,4.894358e+00,4.671381e+00,4.794030e+00,4.808820e+00,4.688450e+00,4.266810e+00,4.771168e+00,4.805178e+00,4.743370e+00,4.812124e+00,4.842671e+00,4.582575e+00,4.866009e+00,5.290203e+00,4.853052e+00,4.563607e+00,4.816446e+00,4.814473e+00,4.649286e+00,6.681862e+00,4.063782e+00,4.476814e+00,4.904343e+00,4.497806e+00,4.885238e+00,4.740712e+00,4.635171e+00,4.980892e+00,4.908363e+00,4.252771e+00,4.557427e+00,8.844525e+00,5.116242e+00,4.919729e+00,4.401665e+00,4.441332e+00,4.568156e+00,4.943618e+00,5.177822e+00,4.124468e+00,4.790718e+00,4.737529e+00,4.849599e+00,5.106457e+00,4.430872e+00,4.747784e+00,4.769521e+00,4.369793e+00,4.505438e+00,5.022426e+00,9.100004e+00,8.865488e+00,4.157571e+00,4.522251e+00,4.593416e+00,4.277479e+00,5.000057e+00,4.452640e+00,4.711100e+00,4.735250e+00,4.770319e+00,4.772378e+00,4.492272e+00,4.708633e+00,4.831154e+00,4.870894e+00,4.653453e+00,4.570481e+00,4.680968e+00,4.759626e+00,4.726056e+00,4.907191e+00,5.094118e+00,4.803797e+00,4.707019e+00,4.782914e+00,4.829786e+00,4.977918e+00,5.301283e+00,4.690384e+00,5.140225e+00,4.970666e+00,4.385235e+00,4.720791e+00,4.867215e+00,5.025177e+00,4.332723e+00,4.975125e+00,4.783103e+00,5.016850e+00,5.298351e+00,4.596237e+00,4.856378e+00,4.967698e+00,4.564563e+00,4.982384e+00,4.925814e+00,4.943975e+00,4.606435e+00,5.036096e+00,4.861181e+00,4.180362e+00,4.963960e+00,4.622867e+00,4.798424e+00,4.620326e+00,4.828589e+00,4.630970e+00,4.932404e+00,4.316703e+00,5.089037e+00,4.680844e+00,4.682272e+00,4.741174e+00,5.027204e+00,4.764334e+00,4.658261e+00,4.659010e+00,5.299357e+00,4.827291e+00,4.793999e+00,5.009504e+00,4.642850e+00,4.815390e+00,4.803720e+00,5.040117e+00,4.916070e+00,4.992256e+00,4.379316e+00,4.861595e+00,4.694917e+00,4.940860e+00,5.252686e+00,4.534708e+00,4.837848e+00,4.609112e+00,4.831851e+00,4.793173e+00,4.850126e+00,5.141196e+00,4.733119e+00,4.895142e+00,4.696679e+00,4.741277e+00,4.827742e+00,4.972774e+00,4.840713e+00,5.337555e+00,5.430740e+00,4.191026e+00,4.181407e+00,4.639342e+00,4.695661e+00,6.361855e+00,5.960600e+00,5.505276e+00,4.336837e+00,4.493787e+00,4.972464e+00,4.594423e+00,5.063289e+00,4.882382e+00,5.124246e+00,4.660311e+00,4.671865e+00,4.864993e+00,4.719075e+00,4.792707e+00,4.741090e+00,4.598723e+00,4.719006e+00,4.678012e+00,4.842367e+00,4.925131e+00,4.384507e+00,4.921302e+00,5.051195e+00,4.982920e+00,5.154968e+00,4.993524e+00,4.873634e+00,5.153905e+00,4.832139e+00,4.612726e+00,5.065229e+00,4.968305e+00,4.772671e+00,4.872822e+00,4.767575e+00,4.904179e+00,4.898994e+00,4.884571e+00,4.704833e+00,4.969592e+00,4.843192e+00,4.677941e+00,4.830966e+00,4.821726e+00,4.781740e+00
4.601599e+00,4.689558e+00,4.795369e+00,4.462545e+00,4.276354e+00,4.905530e+00,4.665704e+00,4.748983e+00,4.733769e+00,4.675164e+00,4.744132e+00,4.767478e+00,4.750826e+00,4.798809e+00,4.491746e+00,4.834983e+00,4.731533e+00,4.792990e+00,4.792633e+00,4.806934e+00,4.725893e+00,4.698326e+00,4.608423e+00,4.351393e+00,4.888317e+00,4.733660e+00,4.793270e+00,4.709914e+00,4.258141e+00,4.738337e+00,4.541168e+00,5.091381e+00,4.922631e+00,4.656904e+00,4.791610e+00,4.660488e+00,4.524604e+00,4.502533e+00,4.778332e+00,4.960774e+00,4.414455e+00,4.620357e+00,4.769979e+00,4.865479e+00,4.844052e+00,4.210608e+00,4.601870e+00,4.590949e+00,4.630188e+00,4.086971e+00,4.524189e+00,4.796400e+00,4.518270e+00,4.406383e+00,4.846948e+00,5.014598e+00,5.089598e+00,5.224387e+00,5.138208e+00,7.915348e+00,4.797515e+00,4.898154e+00,4.433120e+00,5.596980e+00,4.411181e+00,4.930148e+00,3.932781e+00,5.252211e+00,5.202569e+00,4.124859e+00,4.577720e+00,4.637526e+00,5.012946e+00,4.928007e+00,4.530017e+00,4.509532e+00,4.804531e+00,4.646313e+00,4.741445e+00,4.776789e+00,5.080817e+00,4.333820e+00,5.039712e+00,4.353860e+00,4.439233e+00,3.956677e+00,4.728099e+00,4.630228e+00,4.760207e+00,5.043815e+00,4.807356e+00,4.707244e+00,4.649183e+00,4.863073e+00,4.894965e+00,4.481850e+00,4.902242e+00,4.829548e+00,4.996099e+00,4.728702e+00,5.140699e+00,5.274595e+00,4.907057e+00,5.039069e+00,4.878121e+00,4.792220e+00,4.611877e+00,4.720872e+00,4.887144e+00,4.703246e+00,4.777467e+00,4.987292e+00,4.685366e+00,4.876027e+00,4.889208e+00,4.719743e+00,4.610507e+00,4.721733e+00,4.688266e+00,4.703430e+00,5.357050e+00,4.822191e+00,4.658161e+00,5.256363e+00,4.963372e+00,4.907900e+00,4.693526e+00,4.870963e+00,5.056934e+00,4.992003e+00,4.866479e+00,4.866650e+00,4.552790e+00,4.739806e+00,4.579187e+00,4.771261e+00,4.910061e+00,4.995526e+00,4.704494e+00,4.791927e+00,4.592297e+00,4.695240e+00,4.738837e+00,4.572900e+00,5.064406e+00,4.800505e+00,5.003228e+00,4.796889e+00,4.764803e+00,4.606018e+00,4.276439e+00,5.096668e+00,4.918103e+00,4.932355e+00,4.632778e+00,5.157672e+00,4.832793e+00,4.493546e+00,4.843641e+00,4.584906e+00,4.565049e+00,4.649293e+00,4.670374e+00,4.704737e+00,4.680175e+00,4.623152e+00,4.484718e+00,4.926735e+00,4.839222e+00,4.599535e+00,4.732122e+00,4.907990e+00,4.570024e+00,4.602123e+00,4.602066e+00,4.880369e+00,4.383391e+00,4.857360e+00,4.887348e+00,4.271262e+00,4.571498e+00,4.682017e+00,4.912965e+00,4.769037e+00,4.759322e+00,6.855531e+00,5.241494e+00,5.419767e+00,4.513853e+00,4.472785e+00,4.348268e+00,4.430586e+00,4.142327e+00,4.510361e+00,4.634078e+00,5.031658e+00,4.685899e+00,4.588579e+00,4.674469e+00,4.661464e+00,4.501972e+00,4.973076e+00,4.506559e+00,4.757715e+00,4.660558e+00,4.873393e+00,4.431296e+00,4.913358e+00,4.802888e+00,4.948769e+00,4.981220e+00,5.020171e+00,4.798978e+00,4.550501e+00,4.683751e+00,4.631203e+00,4.719611e+00,4.813145e+00,4.914691e+00,4.931649e+00,4.703100e+00,5.007644e+00,4.479773e+00,4.673980e+00,4.552299e+00,4.750440e+00,4.686294e+00,4.688587e+00
4.640863e+00,4.653067e+00,4.911998e+00,4.664466e+00,4.615585e+00,4.670492e+00,4.539899e+00,4.651089e+00,4.425721e+00,4.851101e+00,4.720984e+00,4.776983e+00,4.453915e+00,4.799833e+00,4.585969e+00,4.593215e+00,4.671048e+00,4.665404e+00,4.821703e+00,4.580075e+00,4.582013e+00,4.856424e+00,4.572114e+00,4.895802e+00,4.516373e+00,4.641544e+00,4.770111e+00,4.615489e+00,4.768018e+00,4.713465e+00,4.683905e+00,4.615056e+00,4.629511e+00,4.677704e+00,4.505602e+00,4.636706e+00,4.793101e+00,4.489515e+00,4.695436e+00,4.611188e+00,4.831128e+00,4.656875e+00,4.921386e+00,4.866596e+00,4.854906e+00,4.836722e+00,4.898083e+00,4.305792e+00,5.053759e+00,4.719801e+00,4.724639e+00,4.435151e+00,4.853487e+00,4.635645e+00,4.725993e+00,4.425503e+00,4.909514e+00,5.316134e+00,5.087901e+00,4.672989e+00,4.088582e+00,5.168997e+00,5.262510e+00,4.437180e+00,8.799254e+00,4.778948e+00,6.123932e+00,4.623105e+00,4.802735e+00,4.474937e+00,4.934439e+00,7.330935e+00,4.695158e+00,4.575653e+00,4.782557e+00,4.713099e+00,4.741009e+00,4.923923e+00,4.813183e+00,4.921060e+00,4.639588e+00,4.803423e+00,5.002642e+00,4.764327e+00,4.667063e+00,4.691112e+00,5.007420e+00,4.512397e+00,4.956376e+00,4.791427e+00,4.366220e+00,4.309482e+00,4.972113e+00,4.794850e+00,4.708902e+00,4.707395e+00,4.571915e+00,5.141288e+00,4.596178e+00,4.877588e+00,4.642228e+00,5.078515e+00,4.822750e+00,4.747044e+00,4.582268e+00,4.904506e+00,5.030699e+00,5.096533e+00,4.601781e+00,4.607222e+00,4.415772e+00,4.557710e+00,4.740301e+00,4.771754e+00,4.940884e+00,4.560915e+00,5.114545e+00,4.808001e+00,4.970980e+00,4.913814e+00,4.806970e+00,4.907288e+00,4.893346e+00,4.425730e+00,4.710034e+00,4.890472e+00,4.727757e+00,4.185547e+00,4.742239e+00,4.955359e+00,4.995857e+00,4.589888e+00,4.846389e+00,5.056968e+00,4.906224e+00,5.177390e+00,4.375361e+00,5.081126e+00,4.889227e+00,4.645591e+00,4.583591e+00,4.499744e+00,5.147705e+00,4.708974e+00,5.076753e+00,4.756386e+00,4.960033e+00,5.180360e+00,4.787214e+00,4.911463e+00,4.903702e+00,4.742724e+00,4.727509e+00,4.999375e+00,4.736320e+00,4.976833e+00,5.041819e+00,4.480313e+00,4.304033e+00,4.850403e+00,4.916477e+00,4.972352e+00,4.694032e+00,4.531530e+00,4.728420e+00,4.774525e+00,4.711173e+00,4.902649e+00,4.688671e+00,4.554173e+00,5.018094e+00,5.105214e+00,4.510324e+00,4.841255e+00,4.458409e+00,4.200465e+00,7.165617e+00,4.794123e+00,4.358939e+00,4.759661e+00,4.933616e+00,4.693703e+00,4.453816e+00,4.755916e+00,4.679159e+00,4.572945e+00,7.013212e+00,4.844052e+00,4.799849e+00,6.152372e+00,4.811728e+00,4.766628e+00,5.049434e+00,4.630484e+00,4.510461e+00,4.918920e+00,4.676569e+00,4.290413e+00,4.782599e+00,4.237756e+00,4.476932e+00,4.822167e+00,4.866975e+00,4.873711e+00,4.681071e+00,4.860986e+00,4.447058e+00,4.623111e+00,4.790824e+00,4.610068e+00,4.997986e+00,5.046716e+00,5.074560e+00,4.790938e+00,4.833465e+00,4.742632e+00,4.482269e+00,4.830754e+00,4.862681e+00,4.985951e+00,4.885602e+00,4.721565e+00,4.852698e+00,4.867930e+00,4.710780e+00,4.687161e+00,4.635464e+00,4.756819e+00
4.603868e+00,4.623785e+00,4.563368e+00,4.863967e+00,4.609843e+00,4.683459e+00,4.613946e+00,4.572698e+00,4.548504e+00,4.609440e+00,4.796535e+00,4.680562e+00,4.761657e+00,4.746380e+00,4.578142e+00,4.560800e+00,4.812288e+00,4.576769e+00,4.822271e+00,4.645839e+00,4.435360e+00,4.637490e+00,4.711861e+00,4.781352e+00,4.938836e+00,4.690910e+00,4.678926e+00,4.626335e+00,4.874549e+00,4.526198e+00,4.663922e+00,4.797616e+00,4.669976e+00,4.967047e+00,4.699638e+00,4.749699e+00,4.521763e+00,4.768161e+00,4.551572e+00,4.523216e+00,4.803985e+00,5.081129e+00,4.387623e+00,4.867505e+00,4.758426e+00,4.744144e+00,4.070535e+00,4.602997e+00,4.714778e+00,4.594206e+00,4.926123e+00,4.255122e+00,4.665618e+00,4.656409e+00,4.584698e+00,4.954290e+00,4.897452e+00,4.808059e+00,4.647626e+00,4.753908e+00,4.773860e+00,4.905160e+00,4.353831e+00,8.678552e+00,4.865198e+00,4.195867e+00,4.464050e+00,4.509361e+00,5.321501e+00,4.978452e+00,4.714806e+00,4.481883e+00,5.925050e+00,4.745475e+00,4.737301e+00,4.687059e+00,4.880511e+00,4.769534e+00,4.734433e+00,4.461266e+00,4.738834e+00,4.809815e+00,4.666365e+00,4.640464e+00,5.140361e+00,4.580824e+00,5.159379e+00,4.880332e+00,4.669978e+00,4.992817e+00,5.059660e+00,4.951922e+00,5.138743e+00,4.815005e+00,4.839103e+00,4.774941e+00,4.552065e+00,4.871715e+00,5.048859e+00,5.001653e+00,4.895875e+00,5.148018e+00,4.814876e+00,4.748112e+00,5.086056e+00,5.133207e+00,4.815157e+00,5.025108e+00,4.708331e+00,5.169768e+00,4.803441e+00,4.881130e+00,5.015656e+00,4.486922e+00,4.856211e+00,5.208961e+00,4.634335e+00,5.037810e+00,4.698284e+00,4.890690e+00,4.700886e+00,4.819569e+00,4.912513e+00,5.056270e+00,4.854340e+00,4.879843e+00,4.767465e+00,4.633318e+00,4.712093e+00,4.879755e+00,4.653088e+00,4.539558e+00,4.910026e+00,4.724406e+00,4.378790e+00,4.696123e+00,4.731455e+00,4.798356e+00,5.086099e+00,4.717630e+00,4.864548e+00,4.713394e+00,4.749810e+00,4.923443e+00,4.657382e+00,4.914761e+00,4.731926e+00,4.821171e+00,4.702945e+00,4.800415e+00,4.856619e+00,4.971996e+00,5.023167e+00,4.795531e+00,4.683771e+00,4.813223e+00,5.228208e+00,4.973735e+00,4.484061e+00,4.599885e+00,4.985749e+00,4.105407e+00,4.678469e+00,5.084573e+00,4.726389e+00,4.528098e+00,4.856338e+00,4.684187e+00,4.875868e+00,4.914054e+00,4.864501e+00,4.785672e+00,4.871628e+00,4.779857e+00,4.676438e+00,5.734738e+00,4.833227e+00,4.654962e+00,4.678691e+00,4.062136e+00,4.520619e+00,4.350733e+00,5.027922e+00,4.050913e+00,4.684925e+00,6.133238e+00,4.827150e+00,5.219090e+00,4.570129e+00,4.756574e+00,5.124455e+00,4.892782e+00,4.938107e+00,4.752051e+00,4.784012e+00,4.781995e+00,4.737639e+00,4.599175e+00,4.199555e+00,4.798121e+00,5.048932e+00,4.903263e+00,4.782675e+00,4.557421e+00,4.891401e+00,4.539015e+00,4.470748e+00,4.984351e+00,4.860357e+00,4.747765e+00,4.827916e+00,5.244963e+00,5.211353e+00,4.572839e+00,4.678904e+00,4.684270e+00,4.848012e+00,4.408227e+00,4.632550e+00,4.846780e+00,5.138914e+00,4.852601e+00,4.440171e+00,4.640802e+00,4.730359e+00,4.481630e+00,4.677340e+00,4.733816e+00
4.642551e+00,4.820424e+00,4.648376e+00,4.549822e+00,4.765863e+00,4.814370e+00,4.653542e+00,4.757958e+00,4.768966e+00,4.360743e+00,4.716992e+00,4.554900e+00,4.655441e+00,4.471013e+00,4.640496e+00,4.660679e+00,4.800850e+00,4.700060e+00,4.789637e+00,4.633320e+00,4.835684e+00,4.574985e+00,4.658125e+00,4.732150e+00,4.761920e+00,4.654003e+00,4.684763e+00,4.548548e+00,4.663548e+00,4.825361e+00,4.606433e+00,4.455546e+00,5.007089e+00,4.889973e+00,4.734567e+00,4.869897e+00,4.717717e+00,4.689826e+00,4.666862e+00,4.706435e+00,4.977068e+00,5.025181e+00,4.364743e+00,4.715393e+00,4.650759e+00,4.448739e+00,5.064523e+00,5.163548e+00,5.819216e+00,4.039626e+00,4.885590e+00,5.019547e+00,4.919566e+00,4.688055e+00,4.827326e+00,4.641595e+00,4.712586e+00,4.425159e+00,4.884199e+00,4.498196e+00,4.505824e+00,4.405819e+00,4.712221e+00,4.233203e+00,4.347601e+00,4.828768e+00,5.075914e+00,5.526764e+00,5.125515e+00,5.075469e+00,4.970599e+00,4.581833e+00,5.798533e+00,4.645988e+00,4.591291e+00,5.073269e+00,5.035843e+00,4.692079e+00,4.987941e+00,4.749337e+00,4.774112e+00,4.796683e+00,4.778114e+00,4.678527e+00,4.828018e+00,4.885037e+00,4.626558e+00,4.796477e+00,4.733938e+00,4.911870e+00,4.456256e+00,4.910805e+00,4.876626e+00,4.721175e+00,4.756167e+00,4.625147e+00,4.730927e+00,4.695715e+00,5.031066e+00,5.114140e+00,4.769001e+00,4.662219e+00,4.827020e+00,4.980080e+00,5.067256e+00,4.959539e+00,4.824345e+00,4.842565e+00,4.971080e+00,5.110212e+00,5.379068e+00,5.019195e+00,4.966573e+00,5.093567e+00,5.048235e+00,4.922052e+00,4.711056e+00,4.890853e+00,4.632468e+00,4.655769e+00,4.961606e+00,4.825661e+00,4.659927e+00,5.029121e+00,5.028566e+00,4.967445e+00,4.836805e+00,5.033788e+00,5.231280e+00,5.016225e+00,4.738899e+00,4.752884e+00,4.853957e+00,4.691802e+00,4.825551e+00,4.992934e+00,4.883855e+00,4.896763e+00,5.056217e+00,5.234526e+00,4.537662e+00,4.548756e+00,4.976025e+00,4.916375e+00,4.769663e+00,4.818800e+00,4.753434e+00,4.772995e+00,4.779438e+00,4.456648e+00,4.854242e+00,4.804887e+00,4.704323e+00,4.723527e+00,4.794884e+00,5.051098e+00,4.694065e+00,4.774546e+00,4.736502e+00,4.907415e+00,4.815157e+00,4.744023e+00,4.694673e+00,4.826048e+00,4.809617e+00,4.797694e+00,4.600656e+00,4.724929e+00,4.808125e+00,4.801137e+00,4.960588e+00,4.729364e+00,4.495747e+00,4.747403e+00,4.676590e+00,4.393896e+00,4.414341e+00,4.116000e+00,6.917040e+00,4.781379e+00,4.924683e+00,4.774220e+00,3.785521e+00,5.082955e+00,6.607158e+00,5.032214e+00,6.557611e+00,6.759819e+00,4.790049e+00,3.911296e+00,4.717679e+00,4.406878e+00,5.166916e+00,4.789071e+00,4.654476e+00,4.815573e+00,4.326539e+00,4.972621e+00,4.567053e+00,4.964676e+00,4.267346e+00,4.600529e+00,5.045568e+00,4.896447e+00,5.031766e+00,4.757801e+00,5.249344e+00,4.671978e+00,4.592488e+00,5.023404e+00,5.138225e+00,4.774117e+00,4.644795e+00,4.887276e+00,4.356072e+00,4.662144e+00,4.730445e+00,4.438506e+00,4.820992e+00,4.965358e+00,4.672642e+00,4.897655e+00,4.630121e+00,4.648979e+00,4.344011e+00,4.760867e+00,4.923994e+00,4.657820e+00
4.780624e+00,4.538716e+00,4.732257e+00,4.687143e+00,4.691066e+00,4.721412e+00,4.556635e+00,4.824779e+00,4.740877e+00,4.635013e+00,4.539132e+00,4.493648e+00,4.838581e+00,4.920875e+00,4.714649e+00,4.861694e+00,4.812105e+00,4.693910e+00,4.946077e+00,4.792592e+00,4.782585e+00,4.653378e+00,4.695455e+00,4.568806e+00,4.578244e+00,4.809651e+00,4.815393e+00,4.504786e+00,4.670886e+00,4.816671e+00,4.908743e+00,4.691239e+00,5.020100e+00,5.044456e+00,4.770737e+00,4.596565e+00,4.804140e+00,4.311423e+00,4.923360e+00,4.560823e+00,4.711943e+00,5.075004e+00,4.866896e+00,4.096232e+00,4.885614e+00,4.575972e+00,4.666905e+00,4.673010e+00,4.995015e+00,4.186290e+00,4.586218e+00,4.733554e+00,4.984593e+00,4.754046e+00,4.728844e+00,4.426894e+00,4.817594e+00,4.782481e+00,4.811074e+00,4.400882e+00,5.120843e+00,4.733977e+00,4.516306e+00,4.564743e+00,4.305540e+00,4.891172e+00,4.888011e+00,4.922606e+00,4.827239e+00,4.681830e+00,4.637227e+00,5.079260e+00,4.521740e+00,4.695369e+00,4.538262e+00,4.583094e+00,4.927492e+00,4.782473e+00,4.638496e+00,4.243141e+00,4.694113e+00,4.864020e+00,4.482420e+00,4.758534e+00,4.924738e+00,5.072731e+00,5.132812e+00,4.695659e+00,4.409502e+00,5.130777e+00,4.865666e+00,5.093433e+00,4.808301e+00,4.651006e+00,4.188329e+00,4.822136e+00,5.048698e+00,4.806399e+00,4.928074e+00,4.796164e+00,4.741425e+00,4.945401e+00,4.875825e+00,4.830574e+00,4.805079e+00,4.840753e+00,4.845628e+00,5.220900e+00,5.156388e+00,5.200075e+00,4.820138e+00,4.840895e+00,4.618171e+00,5.113852e+00,4.384157e+00,4.669003e+00,4.489976e+00,4.702799e+00,4.490358e+00,5.234957e+00,4.835826e+00,5.187397e+00,4.822017e+00,4.851641e+00,4.722819e+00,4.387525e+00,4.616496e+00,4.936917e+00,5.117344e+00,4.903308e+00,4.794466e+00,4.647679e+00,4.486937e+00,4.406387e+00,4.580957e+00,5.057542e+00,4.236351e+00,5.115518e+00,4.605748e+00,4.903112e+00,4.970989e+00,4.767092e+00,4.666277e+00,5.110256e+00,5.069350e+00,4.818975e+00,4.772486e+00,4.860139e+00,4.740339e+00,4.634061e+00,4.909442e+00,5.124326e+00,4.681320e+00,4.611134e+00,4.702375e+00,5.027193e+00,4.938412e+00,4.855782e+00,5.002491e+00,5.003756e+00,4.882735e+00,4.668750e+00,5.083639e+00,4.792022e+00,4.817454e+00,4.696518e+00,4.841704e+00,4.704015e+00,4.986673e+00,4.705819e+00,4.658331e+00,4.931126e+00,5.128990e+00,4.555436e+00,4.229207e+00,4.372050e+00,3.871170e+00,4.606482e+00,5.127784e+00,4.337819e+00,5.039722e+00,4.584496e+00,9.136852e+00,4.823148e+00,4.755540e+00,4.580257e+00,4.620334e+00,7.653831e+00,4.909475e+00,4.511498e+00,4.169780e+00,4.731392e+00,5.116171e+00,4.920441e+00,4.683476e+00,4.836166e+00,4.416520e+00,5.156677e+00,4.844607e+00,5.092368e+00,5.345553e+00,4.519122e+00,5.419688e+00,4.845957e+00,4.788874e+00,5.241640e+00,4.820120e+00,4.864661e+00,4.925210e+00,4.765884e+00,4.892557e+00,5.163289e+00,4.527313e+00,4.847256e+00,4.686974e+00,4.783878e+00,4.710447e+00,4.015354e+00,4.071690e+00,4.152197e+00,4.643386e+00,4.944910e+00,4.705041e+00,4.954841e+00,4.985558e+00,4.420038e+00,4.976997e+00,4.769472e+00
4.681089e+00,4.769686e+00,4.806166e+00,4.719236e+00,4.962540e+00,4.764300e+00,4.905352e+00,4.937552e+00,4.838524e+00,4.693341e+00,4.600749e+00,4.557340e+00,4.651442e+00,4.642399e+00,4.580154e+00,4.683977e+00,4.679135e+00,4.791531e+00,4.885436e+00,4.903796e+00,4.886675e+00,4.389399e+00,4.819140e+00,4.840063e+00,4.958564e+00,4.949829e+00,4.833213e+00,4.896656e+00,4.737920e+00,4.666661e+00,4.739982e+00,4.707781e+00,4.603082e+00,4.925642e+00,4.698823e+00,4.720069e+00,4.847823e+00,4.793807e+00,4.597452e+00,4.916465e+00,4.786326e+00,4.897711e+00,4.850306e+00,4.626569e+00,4.803769e+00,4.773627e+00,4.971383e+00,4.931018e+00,4.128851e+00,4.882419e+00,5.282016e+00,6.261466e+00,5.127233e+00,4.941749e+00,4.775739e+00,4.888100e+00,5.117628e+00,5.043765e+00,4.983276e+00,5.096679e+00,5.025774e+00,5.118050e+00,4.743118e+00,4.179453e+00,4.799854e+00,4.409239e+00,4.201769e+00,4.830760e+00,4.753659e+00,4.897869e+00,5.226257e+00,4.953412e+00,5.148388e+00,4.619250e+00,5.029628e+00,4.624666e+00,4.720201e+00,4.905243e+00,4.748560e+00,5.098738e+00,4.784436e+00,4.621080e+00,4.636072e+00,4.749779e+00,5.085183e+00,4.788880e+00,4.632864e+00,4.900105e+00,5.092895e+00,5.029538e+00,4.809514e+00,4.919185e+00,4.872571e+00,4.875489e+00,4.910068e+00,5.290952e+00,4.771185e+00,5.024238e+00,5.016851e+00,5.063983e+00,4.972326e+00,4.906574e+00,4.770544e+00,4.672247e+00,4.726561e+00,5.194998e+00,4.913251e+00,5.292616e+00,5.095775e+00,4.817112e+00,4.675246e+00,4.880104e+00,4.608179e+00,4.545239e+00,5.152559e+00,4.841277e+00,5.457549e+00,5.001869e+00,5.165371e+00,5.174865e+00,5.233294e+00,4.767626e+00,4.665904e+00,4.828255e+00,4.759682e+00,5.008612e+00,4.893281e+00,4.741580e+00,4.809173e+00,5.038344e+00,4.705940e+00,5.005078e+00,5.043877e+00,4.674276e+00,4.942631e+00,4.820390e+00,4.539274e+00,4.222694e+00,5.023850e+00,4.923379e+00,4.828797e+00,4.576253e+00,4.681530e+00,5.022749e+00,4.263186e+00,4.402377e+00,4.776988e+00,4.937367e+00,4.737718e+00,5.217855e+00,5.034490e+00,4.856024e+00,4.817197e+00,4.547265e+00,4.863853e+00,4.780590e+00,4.481775e+00,5.113898e+00,5.003724e+00,4.885989e+00,4.817849e+00,4.734364e+00,4.961746e+00,5.018002e+00,4.837129e+00,4.918183e+00,4.500634e+00,4.881270e+00,4.912318e+00,4.612399e+00,4.752755e+00,4.877443e+00,4.398713e+00,4.389122e+00,6.666831e+00,4.539297e+00,4.191304e+00,4.441072e+00,4.429153e+00,6.892390e+00,8.101573e+00,4.873845e+00,4.626048e+00,4.898675e+00,9.221654e+00,6.749292e+00,4.487845e+00,4.714911e+00,4.978858e+00,4.112039e+00,5.195835e+00,5.075055e+00,4.904654e+00,4.951949e+00,4.725320e+00,4.726210e+00,4.677115e+00,4.242797e+00,5.418295e+00,4.993310e+00,4.974693e+00,4.827944e+00,4.673344e+00,4.349327e+00,4.895507e+00,4.378041e+00,4.386635e+00,4.693614e+00,4.621732e+00,4.919994e+00,4.892089e+00,4.712259e+00,4.917157e+00,5.068083e+00,4.678364e+00,4.851744e+00,5.096320e+00,4.759064e+00,5.056509e+00,4.951470e+00,4.950122e+00,4.521057e+00,4.856591e+00,4.709796e+00,4.937059e+00,4.579244e+00,4.699216e+00,4.832157e+00
4.850690e+00,4.855521e+00,4.938931e+00,4.716967e+00,4.894925e+00,4.713135e+00,4.795101e+00,5.002721e+00,4.820026e+00,4.891728e+00,4.890515e+00,4.882804e+00,4.773888e+00,4.979700e+00,4.786692e+00,4.868023e+00,4.894887e+00,4.853591e+00,4.871153e+00,4.899084e+00,4.797395e+00,4.939201e+00,4.803931e+00,5.143860e+00,4.812716e+00,4.693084e+00,4.842826e+00,4.559340e+00,4.901709e+00,4.770350e+00,4.624713e+00,4.662166e+00,4.732596e+00,4.770003e+00,4.826861e+00,4.677804e+00,4.994359e+00,4.737869e+00,4.886479e+00,4.812325e+00,4.895103e+00,4.666004e+00,4.980856e+00,4.860545e+00,4.644270e+00,4.650892e+00,4.226635e+00,4.621800e+00,4.889504e+00,3.790138e+00,3.924883e+00,4.833442e+00,4.361909e+00,5.187482e+00,4.822918e+00,4.957818e+00,4.788661e+00,4.908862e+00,4.586891e+00,5.220552e+00,4.790365e+00,4.815776e+00,5.352180e+00,4.922049e+00,4.834045e+00,5.034361e+00,4.827584e+00,4.915933e+00,5.049393e+00,4.861212e+00,4.831991e+00,4.048399e+00,5.081013e+00,5.181343e+00,4.846042e+00,5.078377e+00,4.824182e+00,5.015450e+00,4.353331e+00,4.898925e+00,4.615012e+00,4.654088e+00,4.497336e+00,4.769552e+00,4.774344e+00,4.978909e+00,4.815766e+00,4.704782e+00,4.973861e+00,4.765496e+00,4.857888e+00,4.850328e+00,4.972548e+00,4.815947e+00,5.218798e+00,5.237245e+00,5.031319e+00,4.487036e+00,4.688762e+00,4.961172e+00,4.822987e+00,4.802956e+00,4.967083e+00,5.084746e+00,4.561558e+00,4.935085e+00,4.756228e+00,5.031046e+00,5.132425e+00,4.508463e+00,5.197011e+00,4.683865e+00,4.726389e+00,5.163821e+00,4.633365e+00,4.623608e+00,4.598701e+00,4.984435e+00,4.925734e+00,4.784595e+00,4.698344e+00,4.962424e+00,4.589811e+00,5.373673e+00,4.655170e+00,4.867999e+00,4.679533e+00,4.789933e+00,4.776187e+00,4.853698e+00,4.978284e+00,4.831254e+00,4.630695e+00,4.625691e+00,4.649511e+00,5.029964e+00,4.113194e+00,4.665779e+00,5.001919e+00,4.940599e+00,4.744070e+00,4.717179e+00,4.805945e+00,4.865425e+00,4.893999e+00,4.655425e+00,4.880689e+00,4.616020e+00,4.657503e+00,4.717377e+00,5.110047e+00,4.787443e+00,4.937278e+00,4.821839e+00,4.546783e+00,4.819485e+00,4.669348e+00,5.050884e+00,5.091941e+00,4.869783e+00,4.843663e+00,4.944371e+00,4.866404e+00,4.900859e+00,4.811132e+00,4.707432e+00,4.823020e+00,4.954086e+00,4.640654e+00,4.875061e+00,4.987801e+00,4.725584e+00,3.964421e+00,4.423075e+00,4.539995e+00,4.751083e+00,9.048708e+00,5.369971e+00,4.527909e+00,4.674554e+00,5.625307e+00,5.878937e+00,4.624558e+00,5.002623e+00,3.687032e+00,5.064500e+00,5.262976e+00,4.866794e+00,4.914429e+00,4.851514e+00,5.182926e+00,4.795539e+00,4.261904e+00,4.980828e+00,4.708721e+00,4.508409e+00,4.710719e+00,4.635121e+00,3.933251e+00,4.689667e+00,4.910542e+00,5.428548e+00,4.993043e+00,5.001646e+00,4.707985e+00,4.805154e+00,4.873988e+00,4.773065e+00,4.949224e+00,4.921219e+00,4.843874e+00,4.656353e+00,5.038907e+00,4.796268e+00,4.935560e+00,4.443648e+00,4.993068e+00,4.873494e+00,4.868531e+00,4.704575e+00,4.831296e+00,4.942118e+00,4.800499e+00,4.745066e+00,4.673926e+00,4.957491e+00,4.708239e+00,4.776075e+00
4.760265e+00,4.980670e+00,4.615634e+00,4.933585e+00,4.850705e+00,4.784923e+00,4.606770e+00,4.582096e+00,4.694518e+00,4.712655e+00,4.745718e+00,4.760182e+00,4.681903e+00,4.841643e+00,4.664252e+00,4.930599e+00,4.697208e+00,4.538022e+00,4.816264e+00,4.788204e+00,4.759265e+00,4.881035e+00,4.647591e+00,4.638219e+00,4.745250e+00,4.900297e+00,4.570817e+00,4.948626e+00,4.686644e+00,4.734955e+00,4.495789e+00,4.845743e+00,4.521036e+00,4.750633e+00,4.655259e+00,5.136434e+00,4.775636e+00,4.659677e+00,4.585794e+00,4.744269e+00,4.664690e+00,4.591762e+00,4.726615e+00,4.307197e+00,4.655953e+00,4.626421e+00,4.845539e+00,4.701874e+00,3.977606e+00,7.494516e+00,9.388611e+00,4.705866e+00,4.773463e+00,5.059940e+00,4.728088e+00,4.589063e+00,5.173323e+00,4.667685e+00,4.917030e+00,4.708192e+00,4.955534e+00,4.449087e+00,5.022338e+00,4.957224e+00,4.578648e+00,4.798201e+00,4.975589e+00,4.613375e+00,4.863989e+00,4.772819e+00,4.532585e+00,4.845651e+00,4.936435e+00,4.600802e+00,4.950633e+00,4.589248e+00,4.867012e+00,4.220798e+00,4.369866e+00,4.815935e+00,4.934672e+00,8.040696e+00,4.180377e+00,8.818734e+00,4.161838e+00,4.746294e+00,4.773685e+00,4.782978e+00,4.857967e+00,4.928800e+00,4.731377e+00,4.773360e+00,4.262252e+00,4.599749e+00,4.453066e+00,4.691458e+00,4.958243e+00,5.037908e+00,5.029031e+00,4.788341e+00,4.763326e+00,4.769338e+00,4.931059e+00,4.999370e+00,4.676866e+00,4.909046e+00,4.723289e+00,4.880587e+00,4.879853e+00,4.609768e+00,4.785385e+00,4.703578e+00,4.885141e+00,4.929136e+00,4.930924e+00,4.835783e+00,5.003731e+00,4.952816e+00,4.704481e+00,5.077476e+00,4.888425e+00,4.945759e+00,4.911737e+00,4.451738e+00,4.848259e+00,4.822857e+00,4.512080e+00,4.822317e+00,4.663554e+00,4.640678e+00,4.533643e+00,4.728869e+00,4.710136e+00,4.627875e+00,4.622801e+00,4.809603e+00,4.817638e+00,4.813319e+00,4.758641e+00,4.760082e+00,4.801037e+00,4.866548e+00,4.661364e+00,4.766561e+00,4.629106e+00,4.678659e+00,4.611513e+00,4.979052e+00,4.583128e+00,4.850425e+00,5.230642e+00,4.776433e+00,4.759542e+00,4.646298e+00,5.045381e+00,4.842289e+00,4.913674e+00,4.835972e+00,4.825752e+00,4.911232e+00,4.580557e+00,5.031135e+00,4.812387e+00,4.564604e+00,4.772635e+00,4.816303e+00,4.569156e+00,4.433324e+00,4.995338e+00,4.806767e+00,4.547514e+00,4.721541e+00,4.859107e+00,5.088215e+00,5.796382e+00,4.401215e+00,6.258620e+00,5.178121e+00,4.461187e+00,5.195316e+00,4.857901e+00,4.236127e+00,7.595022e+00,4.454223e+00,5.380173e+00,3.702591e+00,4.927990e+00,7.059970e+00,4.127946e+00,4.170355e+00,4.923467e+00,4.817195e+00,4.370552e+00,3.863412e+00,5.025747e+00,5.096451e+00,4.821746e+00,4.773702e+00,4.391538e+00,4.518776e+00,4.869784e+00,5.068912e+00,5.173423e+00,5.107432e+00,4.816426e+00,4.313742e+00,5.358836e+00,4.900672e+00,5.150704e+00,5.095241e+00,5.276816e+00,4.888888e+00,4.641794e+00,4.790643e+00,4.911405e+00,4.801201e+00,4.830603e+00,4.453655e+00,4.914206e+00,4.909181e+00,4.750671e+00,4.842113e+00,4.827219e+00,4.969190e+00,4.906474e+00,4.812400e+00,4.959227e+00,4.600021e+00
4.851909e+00,4.881519e+00,4.757693e+00,4.802318e+00,4.802646e+00,4.840363e+00,4.930278e+00,4.793215e+00,4.851260e+00,4.551829e+00,4.476855e+00,4.771604e+00,4.776308e+00,4.826116e+00,4.427652e+00,4.973601e+00,4.846593e+00,4.772660e+00,4.694917e+00,4.662440e+00,5.063817e+00,4.778764e+00,4.863427e+00,4.790071e+00,4.662177e+00,4.840836e+00,4.927731e+00,4.987990e+00,4.742316e+00,4.622059e+00,4.744826e+00,4.814379e+00,4.953098e+00,4.875815e+00,4.634759e+00,4.806462e+00,4.934349e+00,4.715743e+00,4.849087e+00,4.878876e+00,4.965331e+00,4.764613e+00,5.225227e+00,4.498628e+00,4.823872e+00,5.241076e+00,4.962998e+00,4.107418e+00,3.991265e+00,4.492319e+00,5.509641e+00,5.020355e+00,5.076306e+00,7.320521e+00,5.072255e+00,4.811045e+00,4.657362e+00,4.728070e+00,4.681928e+00,4.742848e+00,4.578422e+00,5.033766e+00,4.672413e+00,4.888648e+00,4.728413e+00,4.667484e+00,4.734509e+00,4.932017e+00,4.228680e+00,4.989122e+00,4.868911e+00,4.763024e+00,4.965032e+00,4.622348e+00,4.838918e+00,4.123223e+00,4.090809e+00,4.310584e+00,5.723180e+00,4.499207e+00,5.833266e+00,8.925883e+00,4.768760e+00,4.240348e+00,6.539371e+00,4.755746e+00,4.667223e+00,4.639024e+00,4.721481e+00,5.002630e+00,4.685711e+00,4.694594e+00,4.656243e+00,4.586746e+00,4.707644e+00,4.827817e+00,4.824120e+00,4.715826e+00,4.981572e+00,4.786915e+00,4.957658e+00,4.592350e+00,4.936610e+00,5.189427e+00,4.754820e+00,4.832975e+00,4.926619e+00,4.866739e+00,4.765385e+00,4.612236e+00,4.871502e+00,5.107866e+00,4.598109e+00,4.795708e+00,4.831900e+00,4.865668e+00,5.031331e+00,5.008195e+00,4.777080e+00,4.736586e+00,4.775885e+00,4.336051e+00,4.934435e+00,4.865510e+00,4.845123e+00,4.823143e+00,4.599634e+00,4.670240e+00,4.902009e+00,4.878595e+00,4.596160e+00,4.674306e+00,4.780495e+00,4.699978e+00,4.338207e+00,4.581530e+00,4.486090e+00,4.986776e+00,4.698269e+00,4.641351e+00,4.926867e+00,4.435002e+00,4.876666e+00,4.695055e+00,4.769380e+00,4.784605e+00,4.707883e+00,4.796249e+00,4.616688e+00,4.889170e+00,4.766115e+00,4.883640e+00,4.375420e+00,4.972378e+00,4.843294e+00,4.886432e+00,4.778264e+00,4.875413e+00,4.660146e+00,4.777619e+00,5.025606e+00,4.686077e+00,4.817830e+00,4.919031e+00,4.951423e+00,4.798306e+00,4.654602e+00,4.796716e+00,4.729016e+00,4.838089e+00,4.819097e+00,5.773153e+00,8.965832e+00,4.815730e+00,5.293972e+00,4.268903e+00,4.975960e+00,6.486700e+00,5.231850e+00,4.843443e+00,4.727740e+00,4.038586e+00,4.360651e+00,4.418338e+00,9.306589e+00,6.341917e+00,5.051217e+00,4.089468e+00,4.811758e+00,4.303593e+00,5.062161e+00,4.056288e+00,4.791613e+00,4.343347e+00,4.776906e+00,4.670110e+00,4.391384e+00,4.621673e+00,4.999814e+00,4.267408e+00,4.853373e+00,6.464945e+00,4.792577e+00,4.374299e+00,4.742015e+00,4.443003e+00,4.911248e+00,4.607653e+00,4.904731e+00,4.181760e+00,4.965103e+00,5.298838e+00,4.641578e+00,4.738397e+00,4.827807e+00,5.005006e+00,4.797215e+00,4.983936e+00,4.776731e+00,5.077889e+00,4.760886e+00,4.719825e+00,4.696972e+00,4.696190e+00,4.701450e+00,4.602778e+00,4.750939e+00,4.824911e+00
4.596883e+00,4.766497e+00,4.610842e+00,4.622519e+00,4.350540e+00,4.862206e+00,4.583120e+00,4.751906e+00,4.888515e+00,4.987066e+00,4.706505e+00,4.917138e+00,4.808292e+00,4.809102e+00,4.529681e+00,4.830468e+00,4.613647e+00,4.819664e+00,4.838395e+00,4.691039e+00,4.880072e+00,4.962318e+00,5.071903e+00,4.630101e+00,4.673761e+00,4.956584e+00,4.832315e+00,4.584206e+00,4.760784e+00,4.842897e+00,5.036841e+00,4.716679e+00,4.921892e+00,4.822335e+00,4.674313e+00,4.715636e+00,4.926334e+00,4.822527e+00,4.288925e+00,4.952765e+00,4.706436e+00,4.975798e+00,4.974927e+00,4.281071e+00,4.908157e+00,5.183247e+00,4.872867e+00,4.754681e+00,3.678433e+00,4.928278e+00,4.656978e+00,4.383766e+00,4.291892e+00,8.492488e+00,5.328474e+00,4.925714e+00,4.958421e+00,5.141161e+00,4.845924e+00,4.598512e+00,4.667854e+00,4.659431e+00,4.854042e+00,5.851174e+00,4.772745e+00,4.587100e+00,4.157604e+00,4.872925e+00,4.907557e+00,4.606445e+00,4.911733e+00,5.078062e+00,4.750098e+00,4.943617e+00,4.589664e+00,4.790179e+00,4.345033e+00,6.896871e+00,4.140611e+00,4.885854e+00,4.685774e+00,4.622971e+00,5.264015e+00,3.980083e+00,3.641561e+00,4.850153e+00,5.023501e+00,4.778107e+00,4.790560e+00,4.626483e+00,4.974455e+00,4.851930e+00,4.951565e+00,4.723175e+00,5.066907e+00,5.212466e+00,4.053654e+00,3.914531e+00,4.921459e+00,4.597459e+00,5.074082e+00,5.210624e+00,5.087107e+00,4.887972e+00,4.783703e+00,4.892772e+00,5.197963e+00,4.886078e+00,5.013461e+00,4.668991e+00,5.142516e+00,4.680953e+00,4.935105e+00,4.956782e+00,4.945861e+00,4.887816e+00,4.990898e+00,4.714888e+00,5.084072e+00,4.951525e+00,4.661698e+00,4.846183e+00,4.856886e+00,4.643417e+00,5.168196e+00,4.960411e+00,5.039997e+00,4.829037e+00,4.797424e+00,4.773655e+00,4.784090e+00,4.657375e+00,4.987260e+00,4.947442e+00,4.956710e+00,4.950871e+00,4.394759e+00,4.447206e+00,4.541211e+00,4.807884e+00,4.793360e+00,4.690763e+00,4.799623e+00,4.932171e+00,4.513827e+00,4.523667e+00,4.862553e+00,4.902968e+00,4.740194e+00,4.924865e+00,4.978100e+00,4.758762e+00,4.555752e+00,4.999900e+00,4.784031e+00,4.845922e+00,4.656651e+00,4.935216e+00,5.024428e+00,4.662821e+00,5.101913e+00,4.591686e+00,4.484488e+00,4.852184e+00,4.719550e+00,4.703347e+00,4.874460e+00,4.549039e+00,4.550619e+00,4.549262e+00,4.655705e+00,7.610449e+00,5.112818e+00,4.641090e+00,4.574822e+00,5.090866e+00,4.978481e+00,5.767055e+00,5.016440e+00,4.709186e+00,5.242364e+00,5.052599e+00,4.796544e+00,4.379847e+00,5.029742e+00,5.748589e+00,5.421344e+00,6.096702e+00,5.978261e+00,4.950298e+00,4.368509e+00,4.426432e+00,4.996358e+00,4.683953e+00,4.359135e+00,4.790689e+00,4.760344e+00,5.092146e+00,4.281830e+00,5.387886e+00,5.123293e+00,5.053333e+00,4.956909e+00,4.504010e+00,4.994658e+00,4.800358e+00,4.890420e+00,5.002063e+00,5.434248e+00,5.023901e+00,4.886864e+00,4.778503e+00,4.769706e+00,5.014781e+00,4.712244e+00,4.914568e+00,4.382693e+00,5.276077e+00,4.923002e+00,4.812561e+00,4.887360e+00,4.713724e+00,4.879650e+00,4.972528e+00,4.416481e+00,4.790151e+00,4.787666e+00,4.832345e+00
4.710039e+00,4.845142e+00,4.812252e+00,4.846602e+00,4.849003e+00,4.770026e+00,4.332006e+00,4.638912e+00,4.545440e+00,4.917129e+00,4.753174e+00,4.901708e+00,4.525252e+00,4.556350e+00,4.832419e+00,4.716976e+00,4.801974e+00,5.015670e+00,4.855381e+00,4.872388e+00,4.844957e+00,4.901430e+00,4.777185e+00,4.773617e+00,4.803829e+00,4.626228e+00,4.471728e+00,4.857722e+00,4.988339e+00,4.995669e+00,4.821186e+00,5.008371e+00,4.640347e+00,4.767961e+00,4.858183e+00,4.894404e+00,4.717946e+00,4.814360e+00,4.623264e+00,4.758382e+00,4.764219e+00,4.964929e+00,5.145134e+00,4.976522e+00,5.213761e+00,5.031736e+00,4.584427e+00,4.992496e+00,4.743402e+00,4.939258e+00,3.874231e+00,4.902589e+00,4.230776e+00,6.402385e+00,4.449393e+00,4.963953e+00,4.387280e+00,4.879286e+00,4.961341e+00,4.856812e+00,4.651535e+00,4.619398e+00,4.965602e+00,5.223726e+00,4.870239e+00,4.924467e+00,4.648713e+00,4.454432e+00,4.885643e+00,4.880043e+00,4.630854e+00,5.271408e+00,5.207849e+00,4.598770e+00,4.269940e+00,4.636140e+00,5.351469e+00,5.051354e+00,4.691555e+00,5.088823e+00,9.683844e+00,4.292394e+00,9.051099e+00,8.975238e+00,4.119222e+00,4.300058e+00,4.444569e+00,4.550987e+00,4.708296e+00,5.022699e+00,5.015383e+00,4.921444e+00,4.842955e+00,4.642475e+00,4.953246e+00,4.765989e+00,4.810849e+00,5.063535e+00,4.748805e+00,4.839952e+00,4.944798e+00,4.938419e+00,4.634283e+00,5.025552e+00,5.010824e+00,4.705162e+00,4.894423e+00,4.947771e+00,4.538959e+00,4.796641e+00,5.023740e+00,4.844976e+00,4.707348e+00,4.886534e+00,5.307770e+00,5.208369e+00,4.871506e+00,4.621272e+00,4.204910e+00,4.943711e+00,4.833838e+00,4.752863e+00,4.741937e+00,4.879785e+00,4.637704e+00,4.496388e+00,5.026961e+00,4.973546e+00,4.999190e+00,4.657665e+00,4.796424e+00,4.815752e+00,4.801048e+00,4.605410e+00,4.778933e+00,4.665209e+00,4.787810e+00,4.916819e+00,4.689915e+00,4.506721e+00,4.967992e+00,4.685353e+00,4.862716e+00,4.838214e+00,4.840144e+00,4.650837e+00,4.910996e+00,4.688424e+00,4.913947e+00,4.720472e+00,4.802492e+00,4.844327e+00,4.722504e+00,4.991378e+00,4.927927e+00,4.584789e+00,5.031100e+00,4.985997e+00,5.061641e+00,5.077490e+00,4.554714e+00,4.827812e+00,4.662909e+00,4.850220e+00,4.872978e+00,4.990660e+00,4.636934e+00,4.864629e+00,4.734545e+00,4.635637e+00,4.975363e+00,4.844174e+00,4.810613e+00,5.058046e+00,4.645422e+00,3.846690e+00,4.757064e+00,6.810132e+00,5.376009e+00,6.007012e+00,4.891282e+00,5.333633e+00,4.522637e+00,5.108199e+00,4.662260e+00,3.803051e+00,4.682887e+00,5.042774e+00,4.396600e+00,5.171893e+00,5.355018e+00,4.539002e+00,4.932379e+00,4.820477e+00,4.942236e+00,4.976856e+00,4.639846e+00,5.223702e+00,4.437552e+00,4.937867e+00,4.334306e+00,4.934203e+00,4.894993e+00,4.364336e+00,4.570823e+00,4.803825e+00,4.599581e+00,5.066730e+00,5.155771e+00,4.788635e+00,4.919922e+00,4.996486e+00,4.917604e+00,4.824780e+00,4.569879e+00,5.031189e+00,4.301510e+00,5.021480e+00,4.907042e+00,4.769574e+00,4.769566e+00,4.925242e+00,4.742416e+00,4.884629e+00,4.513094e+00,4.747983e+00,4.929355e+00,4.879258e+00
4.925212e+00,4.743061e+00,4.834579e+00,4.580012e+00,4.676630e+00,4.767539e+00,4.590957e+00,4.885813e+00,4.745034e+00,4.873144e+00,4.893012e+00,5.112677e+00,4.721531e+00,4.993228e+00,4.579664e+00,4.897949e+00,4.836579e+00,4.740694e+00,4.925687e+00,4.870622e+00,4.792956e+00,4.698942e+00,4.957608e+00,4.600280e+00,4.416864e+00,4.600794e+00,4.568604e+00,4.432665e+00,4.832774e+00,4.594013e+00,4.832770e+00,4.777257e+00,4.734540e+00,4.809679e+00,4.707566e+00,4.779689e+00,5.199402e+00,4.652535e+00,4.880953e+00,4.819722e+00,4.896047e+00,4.854237e+00,4.568406e+00,4.646371e+00,5.267285e+00,5.058332e+00,4.271797e+00,4.998721e+00,5.153081e+00,7.504838e+00,4.291753e+00,4.894085e+00,4.211755e+00,4.536533e+00,4.740874e+00,4.905900e+00,4.857298e+00,5.496588e+00,4.586198e+00,4.885143e+00,4.549999e+00,4.956704e+00,4.869518e+00,4.708575e+00,5.007461e+00,4.825979e+00,5.075564e+00,5.089532e+00,5.010751e+00,4.371448e+00,4.958103e+00,4.810121e+00,4.980275e+00,4.655613e+00,4.981389e+00,4.061248e+00,4.456931e+00,4.056396e+00,4.029376e+00,5.734500e+00,4.792390e+00,3.930492e+00,4.090146e+00,3.587402e+00,4.703587e+00,4.359668e+00,4.536949e+00,4.222786e+00,4.813608e+00,4.669577e+00,4.868545e+00,4.878178e+00,4.914093e+00,5.137605e+00,5.137927e+00,5.125642e+00,4.954247e+00,5.089970e+00,4.623711e+00,4.877176e+00,4.898884e+00,5.075633e+00,4.914070e+00,4.848964e+00,5.008686e+00,4.786954e+00,4.893779e+00,4.453875e+00,4.960028e+00,4.877864e+00,4.708771e+00,4.912535e+00,4.731995e+00,4.876382e+00,4.890375e+00,4.675569e+00,4.940801e+00,4.952153e+00,4.955244e+00,4.849294e+00,4.170160e+00,4.991065e+00,4.743776e+00,5.047315e+00,5.032019e+00,5.051282e+00,4.934873e+00,4.955102e+00,4.654581e+00,5.128782e+00,4.870262e+00,4.981141e+00,4.883770e+00,4.995124e+00,4.866604e+00,4.592519e+00,4.816046e+00,4.906085e+00,4.613949e+00,4.998858e+00,5.029103e+00,4.792674e+00,4.965696e+00,4.930594e+00,4.993730e+00,4.951679e+00,4.513484e+00,4.973575e+00,4.719996e+00,4.865209e+00,4.731412e+00,4.740516e+00,4.779914e+00,4.879811e+00,4.924083e+00,4.919024e+00,4.797512e+00,4.983504e+00,4.964787e+00,4.728604e+00,5.020776e+00,4.638079e+00,4.729752e+00,4.869126e+00,4.950789e+00,4.736538e+00,4.432279e+00,4.115910e+00,5.104895e+00,7.773181e+00,5.208017e+00,5.151252e+00,4.914474e+00,5.183652e+00,7.376476e+00,5.157659e+00,5.062261e+00,4.862865e+00,4.951403e+00,4.521191e+00,3.925410e+00,4.577875e+00,4.175505e+00,4.830634e+00,6.276540e+00,4.963585e+00,4.868474e+00,4.165512e+00,5.015975e+00,4.734895e+00,4.520622e+00,4.866841e+00,4.790199e+00,4.586506e+00,4.874484e+00,5.019177e+00,5.642022e+00,4.821435e+00,5.052421e+00,4.547679e+00,4.779609e+00,4.613363e+00,4.697261e+00,4.583246e+00,5.065764e+00,4.537640e+00,4.683270e+00,4.540574e+00,4.913885e+00,4.882089e+00,5.065649e+00,4.777238e+00,4.606573e+00,4.650676e+00,4.841478e+00,4.968348e+00,5.131066e+00,4.987237e+00,4.933287e+00,4.684319e+00,5.007050e+00,4.856244e+00,4.695997e+00,4.834607e+00,4.789952e+00,4.989558e+00,4.802625e+00,4.882778e+00
4.906643e+00,4.666639e+00,4.853825e+00,4.861288e+00,4.787948e+00,4.723857e+00,4.705767e+00,4.620545e+00,4.685083e+00,4.810231e+00,4.726535e+00,4.758959e+00,4.770819e+00,5.082627e+00,4.800186e+00,4.670569e+00,4.712795e+00,4.882692e+00,4.816981e+00,4.531312e+00,4.910333e+00,4.806174e+00,5.170829e+00,4.777559e+00,4.634130e+00,4.780749e+00,4.835405e+00,4.544935e+00,4.841772e+00,4.732114e+00,4.670028e+00,4.917053e+00,4.628429e+00,4.855285e+00,4.909395e+00,4.931496e+00,4.884505e+00,4.963095e+00,4.872985e+00,4.559543e+00,4.851415e+00,4.819969e+00,4.826342e+00,5.012917e+00,4.896608e+00,4.616829e+00,4.543475e+00,5.027059e+00,4.544577e+00,4.305758e+00,3.884172e+00,4.736299e+00,4.436361e+00,8.157357e+00,5.807302e+00,4.806257e+00,4.910337e+00,5.071335e+00,5.289300e+00,5.234026e+00,5.111988e+00,4.719953e+00,4.867452e+00,4.117923e+00,4.313235e+00,5.188967e+00,4.131902e+00,4.674801e+00,5.163887e+00,4.406649e+00,5.972715e+00,4.971268e+00,4.720794e+00,5.432702e+00,5.390917e+00,4.558061e+00,5.183985e+00,5.087641e+00,4.704127e+00,4.876918e+00,4.008308e+00,4.497778e+00,4.713585e+00,5.009826e+00,6.337280e+00,4.751375e+00,6.991921e+00,5.684853e+00,4.822384e+00,4.671772e+00,4.814260e+00,4.926279e+00,4.885344e+00,4.814926e+00,4.814914e+00,5.065767e+00,5.162562e+00,4.802509e+00,4.885398e+00,4.722898e+00,4.789491e+00,4.799668e+00,4.828788e+00,4.992158e+00,4.770540e+00,4.667325e+00,4.893297e+00,4.940677e+00,4.845450e+00,5.044013e+00,4.631107e+00,4.814302e+00,4.903927e+00,4.879950e+00,5.012297e+00,5.191175e+00,5.227672e+00,4.980824e+00,4.757824e+00,4.608687e+00,4.947607e+00,4.880403e+00,4.960061e+00,4.781378e+00,4.871568e+00,4.858898e+00,4.916009e+00,4.710726e+00,5.073595e+00,4.824764e+00,4.909729e+00,4.962244e+00,4.829236e+00,5.160931e+00,4.473439e+00,4.719817e+00,4.655038e+00,5.016157e+00,4.844571e+00,4.944707e+00,4.645866e+00,4.671179e+00,4.827677e+00,5.057332e+00,4.857565e+00,4.853957e+00,4.810076e+00,4.793978e+00,5.103686e+00,4.826736e+00,4.931976e+00,4.854946e+00,4.781297e+00,4.737746e+00,4.945077e+00,4.810427e+00,4.928854e+00,4.854882e+00,4.881248e+00,4.654112e+00,4.729645e+00,4.820815e+00,4.626106e+00,4.535050e+00,5.056617e+00,3.852792e+00,5.207074e+00,4.423069e+00,6.138194e+00,4.663082e+00,4.551719e+00,4.155299e+00,4.591760e+00,4.010068e+00,4.204968e+00,3.607014e+00,5.107447e+00,6.027193e+00,4.184427e+00,5.076224e+00,5.623231e+00,3.870913e+00,4.058472e+00,3.949977e+00,4.469286e+00,4.882386e+00,5.120762e+00,4.828373e+00,4.223755e+00,4.149619e+00,4.683289e+00,5.129344e+00,3.843502e+00,4.470344e+00,3.601082e+00,3.739170e+00,3.937791e+00,4.931345e+00,5.080281e+00,4.849454e+00,4.869214e+00,5.083009e+00,4.326614e+00,4.213591e+00,4.737549e+00,5.019721e+00,4.889538e+00,5.162539e+00,4.795905e+00,5.163201e+00,4.925747e+00,4.944308e+00,4.723082e+00,5.064626e+00,4.645960e+00,3.784605e+00,4.317637e+00,4.943624e+00,4.903764e+00,4.940327e+00,4.512343e+00,4.987264e+00,4.547624e+00,5.025299e+00,4.943227e+00,4.903376e+00,4.611121e+00,4.725952e+00
4.906334e+00,4.975214e+00,4.897544e+00,4.666229e+00,4.291186e+00,4.948480e+00,4.919941e+00,4.776688e+00,4.775648e+00,4.734779e+00,4.813864e+00,5.024810e+00,4.373955e+00,4.942803e+00,4.643866e+00,4.803556e+00,4.717996e+00,4.944116e+00,4.841849e+00,4.892047e+00,4.775629e+00,4.685531e+00,4.963805e+00,4.885109e+00,4.617953e+00,4.797125e+00,4.845022e+00,4.608996e+00,4.894804e+00,4.693538e+00,4.876902e+00,4.800548e+00,4.757337e+00,4.698972e+00,4.927142e+00,5.252436e+00,4.966002e+00,4.981866e+00,4.491025e+00,5.037455e+00,4.693779e+00,4.788588e+00,4.957701e+00,4.876396e+00,4.901280e+00,4.877637e+00,5.007742e+00,4.928268e+00,4.540133e+00,4.316565e+00,4.467667e+00,3.763842e+00,9.634753e+00,3.459813e+00,6.183940e+00,7.521808e+00,4.622902e+00,4.632410e+00,5.250699e+00,4.881982e+00,5.009579e+00,4.709852e+00,4.932597e+00,4.240416e+00,4.548932e+00,4.595656e+00,4.231139e+00,4.855126e+00,4.662801e+00,4.190907e+00,4.192512e+00,4.068601e+00,4.321390e+00,4.833808e+00,5.083585e+00,9.157708e+00,6.139485e+00,4.739462e+00,4.237890e+00,4.578115e+00,4.485719e+00,4.186777e+00,9.652035e+00,5.041567e+00,4.345099e+00,4.972639e+00,5.221951e+00,4.190575e+00,4.661417e+00,4.665808e+00,4.696210e+00,4.850614e+00,4.663743e+00,4.966015e+00,4.831292e+00,4.982533e+00,4.918370e+00,5.214143e+00,4.931780e+00,4.899877e+00,5.243288e+00,4.937053e+00,4.827777e+00,4.988700e+00,4.837213e+00,4.854556e+00,4.949143e+00,4.942531e+00,4.670497e+00,5.143546e+00,4.972802e+00,5.122873e+00,4.796377e+00,4.419407e+00,4.895479e+00,4.962861e+00,4.976354e+00,4.847245e+00,4.794873e+00,4.568873e+00,4.811658e+00,4.925658e+00,5.045377e+00,5.080676e+00,4.682793e+00,5.004317e+00,4.991261e+00,4.963939e+00,4.907453e+00,4.949452e+00,4.964747e+00,4.905701e+00,4.933341e+00,4.977882e+00,4.930852e+00,4.942385e+00,4.963395e+00,5.019053e+00,4.910158e+00,5.327124e+00,4.200159e+00,4.895204e+00,4.045567e+00,5.102425e+00,4.899137e+00,4.718791e+00,4.639049e+00,4.917467e+00,4.876351e+00,4.926430e+00,4.569602e+00,4.451813e+00,4.800886e+00,4.884421e+00,5.007394e+00,4.803456e+00,4.880039e+00,4.781709e+00,4.766585e+00,4.960477e+00,5.000143e+00,4.685304e+00,4.820097e+00,4.405571e+00,4.342004e+00,4.692034e+00,4.506704e+00,4.525050e+00,5.286774e+00,6.841852e+00,4.731816e+00,5.278473e+00,4.476019e+00,4.295397e+00,4.054417e+00,4.036915e+00,4.206444e+00,4.270132e+00,5.136481e+00,4.510075e+00,4.745657e+00,3.887312e+00,4.815827e+00,5.082755e+00,4.675567e+00,4.418315e+00,4.033699e+00,4.798458e+00,4.601803e+00,3.924098e+00,4.883291e+00,4.570481e+00,4.081054e+00,5.073442e+00,7.138071e+00,4.274723e+00,4.566426e+00,4.990385e+00,5.033139e+00,5.064625e+00,4.504930e+00,4.983995e+00,5.080313e+00,4.626855e+00,4.931317e+00,4.889923e+00,5.390553e+00,5.077681e+00,4.628963e+00,4.980508e+00,4.695771e+00,5.112326e+00,4.858729e+00,4.954526e+00,5.277357e+00,4.522037e+00,4.814320e+00,5.055777e+00,4.846138e+00,4.579142e+00,4.721366e+00,4.851518e+00,4.958336e+00,4.869872e+00,5.000539e+00,4.604991e+00,4.879589e+00,4.794641e+00
4.524962e+00,4.681044e+00,5.065103e+00,4.661467e+00,4.794014e+00,4.935557e+00,4.998533e+00,5.028186e+00,4.562064e+00,4.751534e+00,4.686668e+00,4.952140e+00,4.961780e+00,4.742070e+00,4.284794e+00,4.851932e+00,4.770519e+00,5.002623e+00,5.009349e+00,4.673824e+00,4.524422e+00,4.926811e+00,4.968275e+00,4.743794e+00,4.898018e+00,4.518410e+00,4.604516e+00,4.826071e+00,4.723316e+00,4.749060e+00,4.784332e+00,4.551129e+00,4.614262e+00,4.678259e+00,4.666117e+00,4.563594e+00,4.738714e+00,4.850208e+00,4.724124e+00,4.662683e+00,4.848863e+00,4.749755e+00,4.672502e+00,4.660431e+00,4.735311e+00,4.687872e+00,4.791309e+00,4.555537e+00,4.687250e+00,5.057630e+00,4.992305e+00,3.604959e+00,4.013590e+00,4.831522e+00,5.615897e+00,5.274089e+00,4.583735e+00,5.971162e+00,5.085509e+00,4.202201e+00,4.578906e+00,5.368984e+00,4.509519e+00,5.275030e+00,5.126134e+00,4.924897e+00,4.709319e+00,4.968946e+00,4.459545e+00,4.581425e+00,5.618875e+00,4.043293e+00,5.121788e+00,5.689419e+00,5.054645e+00,5.859157e+00,4.091271e+00,5.777965e+00,4.431888e+00,4.770792e+00,5.323894e+00,5.222121e+00,4.756645e+00,7.674790e+00,9.698005e+00,4.365422e+00,5.860271e+00,5.249168e+00,4.298080e+00,4.807673e+00,4.993469e+00,4.814922e+00,4.817595e+00,4.768464e+00,5.092749e+00,4.676951e+00,4.663534e+00,4.164199e+00,4.642096e+00,4.833164e+00,5.074821e+00,5.052769e+00,4.647953e+00,4.400033e+00,4.817071e+00,4.683464e+00,5.114989e+00,5.095715e+00,4.941443e+00,5.243073e+00,5.024527e+00,4.807002e+00,4.992624e+00,4.743748e+00,4.657613e+00,4.838724e+00,5.079104e+00,4.810967e+00,4.825812e+00,4.881183e+00,4.799656e+00,4.872890e+00,4.952654e+00,5.202023e+00,4.606083e+00,4.906983e+00,5.041696e+00,4.820321e+00,4.763571e+00,5.230132e+00,4.614926e+00,4.826999e+00,4.894820e+00,4.870563e+00,4.621124e+00,4.655632e+00,4.348592e+00,7.028944e+00,4.966227e+00,4.794637e+00,5.038891e+00,5.244644e+00,4.550018e+00,4.826500e+00,4.970091e+00,5.214393e+00,4.495229e+00,5.197059e+00,4.857553e+00,4.886364e+00,4.614111e+00,4.951700e+00,5.066554e+00,4.707677e+00,4.890653e+00,5.011588e+00,5.026662e+00,4.845459e+00,4.898746e+00,4.620483e+00,4.836482e+00,4.625230e+00,4.855160e+00,4.849155e+00,5.058791e+00,4.191663e+00,4.215032e+00,4.578658e+00,4.823489e+00,5.546920e+00,4.980464e+00,4.158488e+00,4.944350e+00,4.199776e+00,4.148142e+00,3.633716e+00,4.103849e+00,4.733207e+00,4.590293e+00,8.899943e+00,4.329811e+00,8.950068e+00,5.574512e+00,4.680180e+00,4.804149e+00,4.779026e+00,4.961486e+00,4.831424e+00,4.893830e+00,4.169949e+00,4.666918e+00,5.205202e+00,4.204875e+00,5.061576e+00,4.439074e+00,4.810073e+00,4.294499e+00,5.045144e+00,4.762736e+00,4.350815e+00,4.007343e+00,4.284043e+00,4.855192e+00,4.889416e+00,4.943442e+00,4.496345e+00,4.374405e+00,4.980206e+00,5.050735e+00,4.651997e+00,4.362756e+00,4.845232e+00,4.699898e+00,4.987417e+00,4.688683e+00,3.957097e+00,4.434189e+00,4.603365e+00,4.864764e+00,4.872004e+00,4.523378e+00,4.516865e+00,4.838956e+00,4.965552e+00,4.778386e+00,5.010106e+00,4.908832e+00,4.600120e+00
4.564143e+00,4.772841e+00,5.041984e+00,4.785235e+00,4.851136e+00,4.845784e+00,4.733627e+00,4.755748e+00,4.569890e+00,4.615025e+00,4.642913e+00,4.621262e+00,4.839410e+00,4.550082e+00,4.564930e+00,4.655776e+00,4.677851e+00,4.871891e+00,4.853690e+00,4.805878e+00,4.799688e+00,4.608059e+00,4.767521e+00,4.780044e+00,4.646908e+00,4.786734e+00,4.808889e+00,4.703966e+00,4.807012e+00,5.103837e+00,4.834410e+00,4.388044e+00,4.844722e+00,4.799159e+00,4.956418e+00,4.800936e+00,4.697322e+00,4.878120e+00,5.120385e+00,4.654454e+00,4.735473e+00,4.932253e+00,4.900205e+00,4.920810e+00,4.885981e+00,4.933013e+00,4.904633e+00,4.154445e+00,5.052107e+00,4.963060e+00,5.017572e+00,4.014395e+00,6.640067e+00,3.723821e+00,4.965230e+00,9.139788e+00,5.148551e+00,5.089929e+00,4.348382e+00,4.949027e+00,5.223215e+00,5.680883e+00,4.775065e+00,4.696587e+00,5.359426e+00,4.507946e+00,5.334557e+00,3.942850e+00,5.382056e+00,4.892481e+00,5.311724e+00,4.397379e+00,4.185019e+00,5.198916e+00,4.612496e+00,6.337271e+00,6.424182e+00,6.285842e+00,5.038812e+00,4.412592e+00,8.240405e+00,4.199927e+00,4.762892e+00,5.015179e+00,4.785466e+00,5.128726e+00,5.356591e+00,5.039507e+00,5.979671e+00,5.164795e+00,5.037893e+00,4.860428e+00,4.706928e+00,4.869122e+00,4.797656e+00,5.030592e+00,5.122648e+00,4.934925e+00,4.628612e+00,5.013867e+00,4.867823e+00,4.781301e+00,4.935339e+00,4.521752e+00,4.783765e+00,5.222024e+00,4.410174e+00,4.730023e+00,5.147510e+00,4.167062e+00,4.334489e+00,4.611440e+00,4.614039e+00,4.890286e+00,5.099635e+00,4.793220e+00,4.879542e+00,4.776905e+00,5.101633e+00,5.040144e+00,4.764148e+00,5.066890e+00,4.844048e+00,4.177246e+00,4.900659e+00,4.988143e+00,4.773242e+00,4.549858e+00,5.090769e+00,4.744079e+00,4.936637e+00,4.768236e+00,4.945162e+00,4.713196e+00,4.538833e+00,5.032015e+00,4.540209e+00,5.105496e+00,4.843740e+00,4.639774e+00,3.981101e+00,4.788388e+00,4.738126e+00,4.518953e+00,4.940545e+00,4.732983e+00,4.960041e+00,4.870995e+00,4.696731e+00,5.143058e+00,4.817106e+00,4.939372e+00,4.676346e+00,4.643553e+00,4.779734e+00,5.062835e+00,4.740468e+00,4.747233e+00,4.770999e+00,4.826655e+00,4.792973e+00,4.261828e+00,4.760761e+00,6.004749e+00,4.884955e+00,4.357884e+00,4.680382e+00,7.988820e+00,8.601024e+00,4.591776e+00,4.107588e+00,9.560627e+00,4.568817e+00,5.024819e+00,5.034211e+00,4.881968e+00,4.649743e+00,5.690224e+00,5.372136e+00,4.070594e+00,4.645184e+00,4.192812e+00,4.914172e+00,4.796171e+00,4.871944e+00,4.904924e+00,4.850508e+00,4.691211e+00,4.898575e+00,4.831717e+00,5.255914e+00,4.481675e+00,5.054602e+00,4.312303e+00,4.922111e+00,4.198872e+00,4.943709e+00,4.607792e+00,5.008129e+00,4.959559e+00,4.976367e+00,4.163960e+00,4.942218e+00,4.670739e+00,5.266256e+00,5.095561e+00,4.733292e+00,5.144814e+00,5.025564e+00,4.826387e+00,4.519401e+00,4.590276e+00,4.688888e+00,4.834610e+00,4.126792e+00,4.684634e+00,4.737726e+00,4.391399e+00,4.854466e+00,4.736183e+00,4.631445e+00,4.852746e+00,4.829750e+00,4.838336e+00,4.621025e+00,4.484658e+00,4.796587e+00,4.886953e+00
4.798765e+00,4.868990e+00,4.904205e+00,4.788441e+00,4.937663e+00,4.880654e+00,4.945964e+00,4.808751e+00,4.865303e+00,4.887813e+00,4.749029e+00,4.712301e+00,4.906676e+00,4.934114e+00,4.730069e+00,4.868172e+00,4.775567e+00,5.013406e+00,4.918517e+00,4.938427e+00,4.965690e+00,4.874381e+00,4.815507e+00,5.006422e+00,4.837832e+00,4.450603e+00,4.505779e+00,4.643816e+00,4.404751e+00,5.023190e+00,4.636347e+00,4.549518e+00,4.729180e+00,4.762832e+00,4.910934e+00,4.768014e+00,4.676434e+00,4.975414e+00,4.960192e+00,4.899429e+00,4.887823e+00,4.788830e+00,5.128284e+00,4.973011e+00,4.499544e+00,5.173054e+00,4.949319e+00,4.731679e+00,5.003215e+00,4.802003e+00,4.737681e+00,4.786061e+00,5.237867e+00,5.126297e+00,5.101769e+00,4.236018e+00,4.077027e+00,5.066087e+00,5.651332e+00,4.145440e+00,5.083684e+00,5.801459e+00,5.152744e+00,6.363046e+00,4.652416e+00,4.698130e+00,9.484767e+00,4.888662e+00,4.029452e+00,9.018820e+00,5.403030e+00,5.047066e+00,4.419017e+00,3.876490e+00,5.024070e+00,5.446782e+00,8.181564e+00,6.448961e+00,9.232180e+00,4.502227e+00,4.070533e+00,4.892590e+00,6.329256e+00,9.920116e+00,7.749893e+00,5.077907e+00,6.895948e+00,4.454413e+00,9.374039e+00,5.199175e+00,4.642018e+00,4.903836e+00,4.727809e+00,4.654913e+00,4.879052e+00,4.919579e+00,4.701315e+00,4.652146e+00,4.633062e+00,5.165413e+00,5.050169e+00,4.752843e+00,4.969726e+00,5.023440e+00,4.189957e+00,4.742036e+00,4.437594e+00,4.728445e+00,4.834688e+00,4.870511e+00,4.547259e+00,4.501581e+00,4.739255e+00,5.194071e+00,4.412285e+00,4.884677e+00,4.779967e+00,4.788209e+00,5.071572e+00,4.643202e+00,4.801961e+00,4.831311e+00,4.646527e+00,4.948367e+00,4.805133e+00,4.913024e+00,4.710191e+00,4.952622e+00,4.857741e+00,4.921734e+00,5.417580e+00,4.835438e+00,4.813793e+00,4.518431e+00,4.911988e+00,4.398230e+00,5.993678e+00,4.433614e+00,4.320099e+00,4.947825e+00,4.732358e+00,4.619607e+00,5.050172e+00,5.050664e+00,4.585910e+00,4.668764e+00,5.006995e+00,4.480299e+00,4.896799e+00,5.013153e+00,4.655113e+00,4.744318e+00,4.405360e+00,4.773184e+00,4.844689e+00,4.832282e+00,4.517787e+00,4.723597e+00,4.996738e+00,4.517694e+00,4.340446e+00,4.830894e+00,4.183262e+00,6.467889e+00,5.643125e+00,4.859801e+00,4.235894e+00,4.578448e+00,4.585751e+00,4.927463e+00,4.224958e+00,3.977659e+00,4.935612e+00,4.945597e+00,3.507831e+00,4.042272e+00,6.875984e+00,4.236935e+00,4.432966e+00,3.979099e+00,4.817522e+00,7.467763e+00,4.120609e+00,5.143287e+00,4.554014e+00,4.701893e+00,4.801732e+00,4.799904e+00,5.165606e+00,4.726111e+00,4.788338e+00,4.345514e+00,5.191193e+00,4.673799e+00,4.909291e+00,4.133604e+00,4.883114e+00,3.813999e+00,4.981215e+00,3.916240e+00,4.179138e+00,5.220588e+00,5.033417e+00,4.868174e+00,5.017056e+00,5.120227e+00,4.619478e+00,5.014532e+00,4.713359e+00,4.782737e+00,5.174919e+00,4.814356e+00,4.694905e+00,4.974221e+00,4.201742e+00,4.772229e+00,4.863575e+00,5.110528e+00,4.878534e+00,4.957050e+00,4.718916e+00,4.978710e+00,4.838822e+00,4.840676e+00,4.795070e+00,4.592516e+00,4.910054e+00,4.781096e+00
4.809544e+00,4.649547e+00,4.928737e+00,4.789983e+00,4.484577e+00,4.785510e+00,4.749496e+00,4.649681e+00,4.856946e+00,4.929741e+00,4.928016e+00,4.939736e+00,5.007826e+00,4.665084e+00,4.905850e+00,4.827134e+00,4.776764e+00,4.771468e+00,4.721168e+00,4.421370e+00,4.755273e+00,4.774541e+00,4.253471e+00,4.867357e+00,4.935818e+00,4.891377e+00,4.834394e+00,4.773315e+00,5.076781e+00,4.692381e+00,4.936295e+00,4.750098e+00,4.655317e+00,4.699124e+00,4.472511e+00,4.894455e+00,4.714393e+00,4.852187e+00,5.018960e+00,5.083714e+00,4.915828e+00,4.806714e+00,5.085760e+00,4.997913e+00,4.745747e+00,4.976419e+00,4.941085e+00,4.785859e+00,5.074473e+00,5.064217e+00,4.562378e+00,3.907319e+00,4.422965e+00,4.390296e+00,4.435036e+00,9.522074e+00,5.023694e+00,4.891749e+00,4.765404e+00,4.093354e+00,4.029157e+00,4.012820e+00,5.379648e+00,5.324472e+00,4.034443e+00,4.963655e+00,5.372100e+00,4.392876e+00,4.083728e+00,5.687501e+00,5.147882e+00,6.425176e+00,4.129235e+00,4.294009e+00,4.308683e+00,4.496255e+00,4.114500e+00,4.650967e+00,4.404693e+00,5.265327e+00,5.060071e+00,6.346180e+00,5.332257e+00,6.667238e+00,4.064586e+00,4.671011e+00,6.001749e+00,5.958959e+00,5.106297e+00,5.068165e+00,4.535277e+00,4.454492e+00,4.517266e+00,5.008995e+00,4.760258e+00,4.643999e+00,4.935714e+00,5.124576e+00,4.912849e+00,4.907983e+00,5.015958e+00,5.256226e+00,4.712565e+00,4.907157e+00,5.024672e+00,5.059933e+00,4.866793e+00,4.791018e+00,5.120436e+00,4.932949e+00,4.904153e+00,4.517684e+00,4.755031e+00,4.924457e+00,5.115092e+00,5.156319e+00,4.874470e+00,4.789954e+00,4.966069e+00,4.821653e+00,4.957478e+00,4.931627e+00,4.890973e+00,4.484607e+00,4.668598e+00,4.591064e+00,5.155701e+00,5.190355e+00,4.948734e+00,5.154327e+00,5.163757e+00,5.049557e+00,5.038659e+00,3.858782e+00,4.658502e+00,4.705752e+00,4.508332e+00,4.995376e+00,5.002703e+00,5.070443e+00,4.792861e+00,4.852977e+00,4.777606e+00,5.009378e+00,4.649115e+00,4.824686e+00,5.027833e+00,4.830631e+00,4.931734e+00,4.800985e+00,4.898116e+00,5.002245e+00,4.954780e+00,4.570110e+00,5.054729e+00,4.899721e+00,4.649866e+00,4.280034e+00,4.734325e+00,4.016025e+00,3.957269e+00,3.901599e+00,5.304509e+00,5.506575e+00,5.143746e+00,4.919892e+00,3.851641e+00,3.930233e+00,5.113118e+00,4.724335e+00,4.266032e+00,4.862555e+00,4.219343e+00,4.006628e+00,4.982797e+00,5.067631e+00,5.373388e+00,4.740877e+00,4.587690e+00,5.134072e+00,4.503751e+00,4.957825e+00,4.218501e+00,4.162609e+00,4.812824e+00,4.771440e+00,4.814948e+00,4.866838e+00,4.891364e+00,4.830566e+00,5.144289e+00,4.784561e+00,5.343025e+00,5.452611e+00,4.505519e+00,4.206907e+00,4.747581e+00,5.285277e+00,4.781602e+00,4.892661e+00,5.218230e+00,5.167966e+00,4.929351e+00,4.967969e+00,5.195441e+00,4.617766e+00,4.994627e+00,5.229807e+00,4.876839e+00,4.712497e+00,4.684416e+00,4.764281e+00,4.752177e+00,3.783334e+00,4.142396e+00,4.945637e+00,5.067838e+00,4.913616e+00,4.687887e+00,4.776530e+00,4.853111e+00,4.725684e+00,4.787818e+00,4.788901e+00,4.888743e+00,4.575787e+00,5.046900e+00,4.690384e+00
4.773076e+00,4.622810e+00,4.836129e+00,4.949334e+00,4.815455e+00,4.773542e+00,4.611156e+00,4.859838e+00,4.827898e+00,4.874161e+00,4.702443e+00,4.854617e+00,4.671033e+00,4.876311e+00,4.876221e+00,4.902690e+00,4.724238e+00,4.645807e+00,4.797564e+00,4.670636e+00,4.846715e+00,4.902372e+00,4.733172e+00,4.908567e+00,4.786136e+00,4.911978e+00,4.875768e+00,4.790924e+00,4.825874e+00,4.728595e+00,4.874009e+00,4.930062e+00,4.898329e+00,4.899017e+00,4.478550e+00,4.879806e+00,4.731443e+00,4.690216e+00,4.756838e+00,5.029496e+00,5.006635e+00,5.099747e+00,4.968916e+00,4.920291e+00,4.622540e+00,4.978330e+00,5.235267e+00,4.503026e+00,4.730857e+00,4.018202e+00,4.897507e+00,4.695359e+00,4.315143e+00,3.840700e+00,4.058537e+00,9.882052e+00,0.000000e+00,3.457883e+00,7.882076e+00,6.489854e+00,5.419171e+00,4.214388e+00,4.561336e+00,4.354460e+00,5.228933e+00,4.847233e+00,4.125185e+00,5.152832e+00,5.109985e+00,5.989790e+00,3.929346e+00,4.187512e+00,3.942641e+00,4.603749e+00,5.179681e+00,9.375868e+00,6.308079e+00,8.950156e+00,6.243350e+00,9.357390e+00,5.792617e+00,4.165618e+00,4.619978e+00,4.820824e+00,4.131650e+00,4.810236e+00,4.462583e+00,8.591913e+00,4.297006e+00,4.296592e+00,4.690476e+00,4.946245e+00,4.785031e+00,4.964189e+00,4.754200e+00,4.804092e+00,5.304104e+00,5.044564e+00,5.052164e+00,4.504309e+00,4.808950e+00,4.757691e+00,4.958407e+00,4.420112e+00,4.969238e+00,4.678589e+00,5.261517e+00,4.818086e+00,4.797986e+00,5.087519e+00,4.897890e+00,4.859920e+00,4.952489e+00,4.828352e+00,4.639737e+00,4.492807e+00,4.842392e+00,5.086723e+00,5.229043e+00,4.789812e+00,4.683052e+00,4.981962e+00,4.775729e+00,4.969343e+00,4.834254e+00,5.000335e+00,5.012237e+00,4.716037e+00,4.501190e+00,4.782714e+00,5.146497e+00,5.246974e+00,5.178782e+00,4.896585e+00,4.780533e+00,4.746912e+00,4.908433e+00,5.035711e+00,4.827187e+00,5.040553e+00,4.649208e+00,4.927018e+00,4.952982e+00,4.746418e+00,4.962572e+00,4.898562e+00,5.009679e+00,4.651002e+00,4.731527e+00,4.979865e+00,4.941242e+00,4.692163e+00,4.937638e+00,4.849330e+00,4.952569e+00,4.291367e+00,4.969593e+00,5.349106e+00,4.448642e+00,5.276894e+00,9.283962e+00,7.089310e+00,4.817160e+00,4.726972e+00,5.142210e+00,4.112099e+00,4.692450e+00,4.589390e+00,4.791332e+00,4.569094e+00,4.962695e+00,5.136507e+00,4.698382e+00,6.279453e+00,4.841450e+00,4.434710e+00,4.015927e+00,5.406574e+00,4.800123e+00,4.064783e+00,4.727863e+00,5.088967e+00,5.105904e+00,6.799954e+00,5.213568e+00,4.678027e+00,4.698474e+00,5.017939e+00,4.890679e+00,5.005365e+00,4.902330e+00,4.496905e+00,4.801729e+00,5.245453e+00,5.178751e+00,5.008229e+00,4.468416e+00,4.845625e+00,4.928804e+00,4.649861e+00,4.362662e+00,4.824825e+00,4.875026e+00,4.955177e+00,4.805391e+00,4.587462e+00,5.200096e+00,5.131091e+00,4.667126e+00,4.807757e+00,4.846771e+00,5.079339e+00,4.760952e+00,4.908481e+00,4.387187e+00,4.637767e+00,5.093756e+00,4.854540e+00,4.927088e+00,4.865134e+00,4.806806e+00,4.796074e+00,4.816340e+00,4.776810e+00,4.973218e+00,4.726454e+00,4.748186e+00,4.673457e+00
4.686167e+00,5.077778e+00,4.758219e+00,4.861906e+00,4.493666e+00,4.850102e+00,4.855254e+00,4.703605e+00,4.845347e+00,4.831061e+00,4.401097e+00,4.930645e+00,4.871098e+00,4.815836e+00,5.033545e+00,4.971123e+00,4.859361e+00,4.572770e+00,4.619960e+00,4.717117e+00,4.934569e+00,4.810576e+00,4.825833e+00,4.796769e+00,4.837402e+00,4.589885e+00,4.872466e+00,4.750954e+00,4.832010e+00,4.859362e+00,4.813556e+00,4.862708e+00,4.865363e+00,4.691573e+00,4.447977e+00,4.841656e+00,4.804618e+00,5.005338e+00,4.889092e+00,4.779242e+00,4.560561e+00,4.796739e+00,4.895394e+00,4.809525e+00,4.740994e+00,4.835379e+00,4.863105e+00,4.831757e+00,4.648986e+00,4.388288e+00,4.214770e+00,5.679215e+00,4.242859e+00,5.101024e+00,6.360707e+00,6.993009e+00,3.466434e+00,4.281286e+00,8.547960e+00,8.360074e+00,5.461288e+00,4.409889e+00,3.833177e+00,4.993899e+00,9.490339e+00,6.162126e+00,6.227858e+00,5.653248e+00,5.361163e+00,4.884714e+00,4.863856e+00,6.805849e+00,4.478099e+00,4.848973e+00,4.770032e+00,5.021727e+00,4.382312e+00,4.074791e+00,4.417601e+00,8.139229e+00,4.371222e+00,5.083121e+00,5.295497e+00,3.867050e+00,4.347728e+00,5.544424e+00,4.312393e+00,7.473163e+00,4.264559e+00,4.386771e+00,5.004979e+00,4.780103e+00,4.755294e+00,4.938128e+00,4.732651e+00,4.627732e+00,5.076836e+00,4.769886e+00,5.034312e+00,4.807927e+00,4.992322e+00,5.160994e+00,4.723206e+00,4.983817e+00,4.988395e+00,4.448522e+00,4.686616e+00,4.833918e+00,5.027796e+00,5.160272e+00,5.158157e+00,5.054069e+00,4.670329e+00,4.801244e+00,4.953063e+00,4.073192e+00,4.664730e+00,5.090674e+00,4.267360e+00,4.849582e+00,4.649119e+00,4.893734e+00,4.880183e+00,4.771661e+00,4.640464e+00,5.151810e+00,5.030931e+00,4.940904e+00,6.039030e+00,5.136317e+00,4.300851e+00,4.616189e+00,4.165292e+00,4.889170e+00,4.973746e+00,4.910660e+00,5.104305e+00,4.837318e+00,5.290546e+00,4.579581e+00,4.237863e+00,5.150087e+00,5.063664e+00,5.103518e+00,4.764221e+00,5.120911e+00,4.821027e+00,4.799459e+00,4.473555e+00,4.760994e+00,4.834190e+00,5.095309e+00,5.019884e+00,4.250120e+00,5.490062e+00,4.995545e+00,7.055480e+00,7.835039e+00,4.429868e+00,4.633609e+00,5.063258e+00,4.833554e+00,4.485397e+00,4.060970e+00,4.715848e+00,4.990693e+00,4.301355e+00,4.130475e+00,5.507266e+00,4.899946e+00,5.826783e+00,4.382530e+00,4.302064e+00,5.027283e+00,4.484928e+00,4.031365e+00,4.901297e+00,5.329323e+00,4.437910e+00,4.529514e+00,4.887482e+00,4.623161e+00,3.881339e+00,4.878872e+00,4.767931e+00,4.967503e+00,5.466845e+00,4.827187e+00,4.968840e+00,4.374864e+00,4.846396e+00,5.088528e+00,5.173041e+00,4.285724e+00,4.035005e+00,3.777440e+00,5.189466e+00,5.013379e+00,4.830995e+00,4.783717e+00,4.984263e+00,5.021285e+00,5.177838e+00,4.743109e+00,5.060617e+00,4.930508e+00,4.875320e+00,4.752828e+00,4.963547e+00,4.602963e+00,4.700459e+00,5.192214e+00,4.736378e+00,5.019882e+00,4.815048e+00,4.733122e+00,5.015599e+00,4.723387e+00,4.836883e+00,4.775473e+00,4.949082e+00,4.780721e+00,4.640359e+00,4.933558e+00,4.735616e+00,4.924991e+00,4.573232e+00,4.913774e+00
4.774933e+00,4.829592e+00,4.750465e+00,4.786883e+00,4.800310e+00,4.613904e+00,4.930954e+00,5.110672e+00,4.717313e+00,4.330398e+00,4.816583e+00,5.037174e+00,4.831628e+00,4.892614e+00,4.560472e+00,4.757452e+00,4.981499e+00,4.771099e+00,4.591513e+00,4.557694e+00,4.858108e+00,4.860442e+00,4.834087e+00,4.759010e+00,4.910938e+00,4.859712e+00,4.864783e+00,4.860052e+00,4.975835e+00,4.938914e+00,4.930305e+00,4.953224e+00,4.503851e+00,4.992718e+00,4.833665e+00,4.808745e+00,4.785928e+00,5.034949e+00,4.933485e+00,4.756562e+00,4.679488e+00,4.942694e+00,4.839673e+00,4.631699e+00,4.849273e+00,4.561745e+00,4.836134e+00,4.905630e+00,4.735756e+00,4.800790e+00,4.035152e+00,4.017653e+00,5.673880e+00,5.848730e+00,5.680758e+00,4.791918e+00,4.700199e+00,8.026684e+00,4.729386e+00,3.739826e+00,4.220592e+00,4.118983e+00,4.884876e+00,9.148214e+00,6.243836e+00,7.244236e+00,4.444529e+00,5.407998e+00,5.514077e+00,4.471770e+00,5.899663e+00,9.518737e+00,5.628328e+00,4.628352e+00,5.159774e+00,5.193720e+00,6.984604e+00,4.593109e+00,4.690681e+00,4.072122e+00,5.544877e+00,5.273676e+00,4.450403e+00,4.501328e+00,5.935570e+00,6.913235e+00,4.687799e+00,5.101729e+00,4.771498e+00,4.249452e+00,4.794117e+00,4.746533e+00,4.902624e+00,4.588999e+00,4.827216e+00,4.814534e+00,5.114485e+00,4.683404e+00,4.854388e+00,5.075527e+00,4.630396e+00,4.803435e+00,4.978057e+00,5.032730e+00,4.599241e+00,4.727818e+00,5.075996e+00,4.851206e+00,4.831393e+00,4.817061e+00,4.759777e+00,4.729179e+00,4.980918e+00,4.780766e+00,4.716679e+00,5.050680e+00,4.852961e+00,4.857557e+00,4.668040e+00,4.954720e+00,4.976598e+00,4.887305e+00,4.895992e+00,4.557277e+00,5.187614e+00,5.125036e+00,4.594694e+00,4.625274e+00,4.776288e+00,6.603636e+00,4.301210e+00,4.986884e+00,4.666511e+00,4.856945e+00,4.812604e+00,4.865549e+00,5.158874e+00,4.531445e+00,5.048660e+00,4.566095e+00,4.521856e+00,4.183393e+00,4.807454e+00,4.949907e+00,4.854566e+00,3.989799e+00,4.929495e+00,4.747210e+00,4.898732e+00,4.708319e+00,6.035856e+00,5.229141e+00,3.340121e+00,4.415006e+00,4.547048e+00,4.049871e+00,4.179869e+00,4.423356e+00,5.979362e+00,4.947688e+00,7.085832e+00,5.277388e+00,8.802192e+00,5.404144e+00,3.963096e+00,4.346694e+00,4.211262e+00,4.317536e+00,4.834006e+00,4.419457e+00,3.818185e+00,6.501611e+00,4.675888e+00,5.337439e+00,4.141813e+00,4.147893e+00,5.068578e+00,5.030711e+00,4.019260e+00,5.046232e+00,5.335796e+00,5.141499e+00,4.391913e+00,4.879096e+00,4.823571e+00,4.661455e+00,5.011926e+00,4.854366e+00,4.866930e+00,4.867198e+00,4.940193e+00,3.973626e+00,4.248771e+00,5.035547e+00,4.929527e+00,4.192143e+00,4.623595e+00,4.924625e+00,3.998317e+00,5.046556e+00,4.613992e+00,4.801590e+00,5.010110e+00,5.206262e+00,5.031372e+00,4.904532e+00,4.642406e+00,4.839732e+00,4.545314e+00,4.562558e+00,4.841049e+00,4.826148e+00,4.379333e+00,4.826303e+00,4.882307e+00,4.779454e+00,4.887228e+00,4.949865e+00,4.885438e+00,4.740087e+00,4.737104e+00,4.901033e+00,4.931340e+00,4.899979e+00,4.563081e+00,4.915937e+00,4.812479e+00,4.999987e+00
4.802864e+00,4.999658e+00,4.674474e+00,4.852007e+00,4.862225e+00,4.898705e+00,4.728508e+00,4.485308e+00,4.826853e+00,4.735586e+00,4.543806e+00,4.587086e+00,4.668735e+00,4.888629e+00,4.833848e+00,4.637665e+00,4.822790e+00,4.854617e+00,4.755141e+00,4.837020e+00,4.668905e+00,5.160798e+00,4.702165e+00,4.918825e+00,4.708955e+00,4.690914e+00,4.713829e+00,4.832887e+00,4.780722e+00,4.590201e+00,4.822302e+00,4.958555e+00,4.494059e+00,5.053668e+00,4.686845e+00,4.884042e+00,4.719103e+00,4.719269e+00,4.909134e+00,4.957854e+00,5.265532e+00,4.848558e+00,4.590843e+00,4.888504e+00,5.086354e+00,4.844517e+00,5.005574e+00,4.876146e+00,4.628725e+00,4.840723e+00,4.449126e+00,3.666224e+00,4.993076e+00,7.693052e+00,8.420412e+00,7.629567e+00,5.041635e+00,4.223744e+00,3.871265e+00,9.969784e+00,9.197209e+00,4.745818e+00,4.634684e+00,4.148204e+00,4.560984e+00,9.212389e+00,4.377055e+00,9.306168e+00,4.534693e+00,3.875462e+00,4.034192e+00,4.514856e+00,4.832686e+00,4.449470e+00,4.413337e+00,8.928371e+00,5.656193e+00,5.641887e+00,5.520036e+00,4.749886e+00,4.652931e+00,4.806052e+00,4.261399e+00,4.555412e+00,8.790043e+00,4.684896e+00,4.771750e+00,5.265668e+00,4.446057e+00,3.854620e+00,4.735830e+00,5.178647e+00,5.058249e+00,4.954062e+00,4.634535e+00,4.802922e+00,4.603281e+00,4.999894e+00,5.114336e+00,5.024996e+00,4.822158e+00,4.878897e+00,4.832619e+00,4.633627e+00,4.709687e+00,4.723370e+00,4.937410e+00,4.486573e+00,4.930921e+00,5.093093e+00,4.901885e+00,4.597229e+00,4.709942e+00,4.679755e+00,4.762213e+00,4.803178e+00,4.916306e+00,4.715521e+00,5.212527e+00,4.585151e+00,5.033559e+00,4.813136e+00,4.517263e+00,4.661020e+00,4.814098e+00,5.119097e+00,4.685460e+00,4.439519e+00,4.453341e+00,4.087630e+00,4.730089e+00,4.766692e+00,4.952579e+00,4.909699e+00,4.991459e+00,5.015791e+00,7.176595e+00,4.407832e+00,4.574150e+00,4.524519e+00,4.542438e+00,4.455150e+00,4.824141e+00,4.518995e+00,5.181236e+00,4.861098e+00,5.376824e+00,4.785568e+00,4.634001e+00,4.002104e+00,4.318445e+00,5.118547e+00,8.661636e+00,4.318332e+00,4.874006e+00,8.817284e+00,4.320640e+00,4.102635e+00,4.913514e+00,4.339849e+00,4.573672e+00,4.446486e+00,4.357941e+00,4.339614e+00,4.356436e+00,5.574857e+00,4.436117e+00,4.081057e+00,4.478762e+00,4.787614e+00,3.948030e+00,5.053968e+00,4.395184e+00,4.122179e+00,3.932031e+00,4.052799e+00,4.234486e+00,4.839444e+00,4.380687e+00,5.210000e+00,5.005728e+00,4.446140e+00,4.825006e+00,5.217763e+00,5.309844e+00,5.176733e+00,4.386593e+00,5.007161e+00,4.841426e+00,4.960660e+00,4.322385e+00,4.974609e+00,5.184043e+00,4.998872e+00,4.010928e+00,4.990904e+00,4.019631e+00,4.251301e+00,4.927393e+00,4.712897e+00,4.602146e+00,4.917813e+00,4.882605e+00,5.107875e+00,5.249865e+00,4.936528e+00,5.008977e+00,4.795433e+00,4.516969e+00,4.831515e+00,4.622656e+00,5.015609e+00,4.042433e+00,5.154943e+00,5.041570e+00,4.912911e+00,4.889151e+00,4.863235e+00,5.055344e+00,4.831458e+00,4.928770e+00,4.863764e+00,4.293909e+00,4.839340e+00,4.759501e+00,4.478972e+00,4.958469e+00,4.760956e+00
4.947451e+00,4.778227e+00,4.811752e+00,4.727010e+00,4.897930e+00,4.565328e+00,4.804654e+00,4.906954e+00,4.538779e+00,4.730684e+00,4.846714e+00,4.790212e+00,4.703152e+00,4.839176e+00,4.790840e+00,4.788376e+00,4.723891e+00,4.634723e+00,4.843054e+00,4.814337e+00,5.011660e+00,4.873060e+00,4.888969e+00,4.923376e+00,4.637888e+00,4.757761e+00,4.850155e+00,4.774437e+00,4.829699e+00,4.977333e+00,4.732661e+00,4.932344e+00,4.750722e+00,4.947338e+00,4.554749e+00,4.497873e+00,4.942863e+00,4.864174e+00,4.956210e+00,4.542538e+00,4.838915e+00,4.855056e+00,4.925930e+00,4.929215e+00,4.633948e+00,4.925595e+00,5.086175e+00,4.799257e+00,4.684572e+00,4.148246e+00,4.608263e+00,4.100191e+00,4.949634e+00,4.618624e+00,3.867314e+00,8.470315e+00,4.109695e+00,4.746980e+00,4.940688e+00,4.595164e+00,4.978241e+00,5.429442e+00,4.124407e+00,4.099604e+00,4.933166e+00,4.708822e+00,4.266562e+00,3.919626e+00,5.120015e+00,4.502434e+00,5.493858e+00,6.547976e+00,5.069155e+00,4.904163e+00,7.071477e+00,4.811575e+00,5.837563e+00,4.875342e+00,5.866592e+00,4.277177e+00,4.435920e+00,4.967595e+00,4.833503e+00,3.154386e+00,5.558138e+00,4.327550e+00,4.158605e+00,6.006749e+00,4.938214e+00,4.485180e+00,4.997913e+00,4.767274e+00,5.092731e+00,4.827291e+00,4.718818e+00,4.730967e+00,4.890484e+00,4.741470e+00,4.930191e+00,4.746572e+00,4.872627e+00,4.875699e+00,4.779766e+00,4.886888e+00,4.865356e+00,4.913824e+00,4.797067e+00,4.770773e+00,4.959346e+00,4.740235e+00,4.971734e+00,5.227828e+00,5.025651e+00,5.006668e+00,4.866624e+00,4.840192e+00,4.646302e+00,4.810337e+00,4.940753e+00,4.614954e+00,4.590306e+00,4.839507e+00,4.657408e+00,4.947721e+00,4.826011e+00,4.873398e+00,4.126276e+00,4.823281e+00,5.238784e+00,5.057985e+00,5.048815e+00,4.453828e+00,5.101242e+00,5.016900e+00,4.683894e+00,4.943753e+00,5.070276e+00,4.381008e+00,4.052901e+00,4.904150e+00,4.631129e+00,4.630569e+00,4.716482e+00,4.335010e+00,4.341511e+00,4.663764e+00,4.915750e+00,4.682507e+00,4.620036e+00,3.721815e+00,4.518483e+00,4.437427e+00,4.495114e+00,4.656776e+00,8.362566e+00,4.929680e+00,4.971538e+00,3.900864e+00,5.766215e+00,4.016166e+00,4.080474e+00,5.997385e+00,5.573050e+00,5.130418e+00,4.731486e+00,5.121193e+00,4.253107e+00,4.670051e+00,5.302224e+00,5.643188e+00,5.340634e+00,4.873748e+00,4.497058e+00,4.148066e+00,4.659030e+00,4.863530e+00,5.879638e+00,3.909524e+00,4.186741e+00,3.732239e+00,4.742990e+00,5.021151e+00,4.928872e+00,4.811611e+00,4.753075e+00,4.516330e+00,5.049663e+00,4.757497e+00,4.746187e+00,4.713087e+00,5.162583e+00,4.300432e+00,4.859659e+00,3.967048e+00,5.083335e+00,4.835054e+00,4.621117e+00,4.561531e+00,5.168082e+00,5.161437e+00,4.567027e+00,4.944908e+00,4.313767e+00,4.962820e+00,4.762127e+00,4.906732e+00,5.073007e+00,4.820472e+00,4.622192e+00,4.953473e+00,4.888773e+00,4.663532e+00,4.062472e+00,4.846519e+00,4.852067e+00,4.972918e+00,4.868549e+00,4.876621e+00,4.629609e+00,4.885892e+00,4.710573e+00,4.887607e+00,4.962456e+00,4.889680e+00,4.223752e+00,4.720431e+00,5.053048e+00,4.781148e+00
4.766587e+00,4.834763e+00,4.960450e+00,4.744571e+00,4.844871e+00,4.852384e+00,4.971210e+00,4.695180e+00,4.669984e+00,4.740966e+00,4.838802e+00,4.925647e+00,4.865515e+00,4.632397e+00,4.835692e+00,4.964318e+00,4.860928e+00,4.721043e+00,4.762013e+00,4.870940e+00,4.815122e+00,4.886215e+00,4.794861e+00,4.669160e+00,4.939713e+00,4.956873e+00,4.814619e+00,4.816042e+00,4.777303e+00,4.684780e+00,4.819178e+00,4.581978e+00,4.859906e+00,4.331573e+00,4.746874e+00,4.860494e+00,4.878191e+00,4.859557e+00,4.611096e+00,4.747654e+00,4.852142e+00,4.624080e+00,4.626585e+00,4.790483e+00,4.916090e+00,4.583301e+00,4.939531e+00,4.422156e+00,4.555372e+00,4.988179e+00,4.969969e+00,4.700445e+00,4.181370e+00,4.288024e+00,4.788505e+00,6.918475e+00,9.174830e+00,8.016707e+00,3.884700e+00,0.000000e+00,7.641873e+00,6.027204e+00,9.424987e+00,5.509581e+00,4.293781e+00,5.011516e+00,4.232593e+00,4.545231e+00,5.065603e+00,3.943048e+00,4.891333e+00,5.040599e+00,5.034931e+00,4.924956e+00,7.264946e+00,5.529284e+00,4.902401e+00,5.763295e+00,5.358528e+00,9.487444e+00,7.488532e+00,5.117775e+00,4.624438e+00,5.270803e+00,5.227025e+00,4.610494e+00,4.679223e+00,5.145997e+00,5.196554e+00,5.546228e+00,4.349341e+00,4.666940e+00,4.818327e+00,4.793154e+00,5.003319e+00,4.643426e+00,5.112086e+00,4.732111e+00,4.845253e+00,4.768100e+00,4.542484e+00,4.831720e+00,4.872707e+00,4.632298e+00,4.869161e+00,4.791262e+00,4.535673e+00,4.675576e+00,4.713419e+00,4.854728e+00,4.606892e+00,4.652965e+00,4.758411e+00,4.714560e+00,4.853642e+00,4.593058e+00,4.450464e+00,4.859808e+00,4.820634e+00,4.974383e+00,4.929308e+00,4.608357e+00,4.815297e+00,4.772495e+00,4.790784e+00,4.850007e+00,4.697998e+00,5.010319e+00,4.795929e+00,4.821731e+00,4.781578e+00,4.600125e+00,4.966719e+00,4.524574e+00,4.969759e+00,7.626091e+00,5.485009e+00,5.758936e+00,6.010829e+00,7.909376e+00,5.882777e+00,5.336853e+00,9.520366e+00,5.155974e+00,5.366358e+00,4.271309e+00,5.062822e+00,4.711678e+00,4.901450e+00,4.701603e+00,6.155812e+00,4.646292e+00,4.156835e+00,5.179707e+00,4.453494e+00,4.899353e+00,4.465501e+00,4.776780e+00,9.060292e+00,4.044276e+00,4.224945e+00,3.630799e+00,5.043435e+00,4.726001e+00,4.996462e+00,5.088395e+00,4.866946e+00,4.598729e+00,4.995270e+00,3.759785e+00,4.348656e+00,4.353134e+00,5.178592e+00,4.823714e+00,5.047387e+00,4.964214e+00,4.385334e+00,4.578319e+00,4.148019e+00,4.679529e+00,4.937034e+00,4.990331e+00,4.745062e+00,4.844572e+00,4.971496e+00,4.536977e+00,5.111233e+00,4.536761e+00,5.101358e+00,4.682064e+00,4.707522e+00,4.405060e+00,4.577245e+00,4.470084e+00,4.284035e+00,4.936480e+00,4.716065e+00,4.762481e+00,4.780596e+00,5.222604e+00,4.676430e+00,5.257302e+00,4.973245e+00,4.903004e+00,4.896603e+00,4.661553e+00,4.937791e+00,5.009734e+00,4.890570e+00,4.913443e+00,5.277117e+00,5.000767e+00,4.773868e+00,4.694576e+00,5.008147e+00,4.804064e+00,4.741637e+00,4.928970e+00,4.492056e+00,4.805284e+00,4.983121e+00,4.737817e+00,4.771872e+00,5.043246e+00,4.725929e+00,5.076820e+00,4.971915e+00,4.752060e+00
4.775290e+00,4.920145e+00,4.780207e+00,4.964787e+00,4.545745e+00,4.908774e+00,4.491551e+00,4.761427e+00,4.949999e+00,4.794888e+00,4.887667e+00,4.761864e+00,4.548501e+00,4.901454e+00,4.807012e+00,4.647020e+00,4.716493e+00,4.679585e+00,4.827963e+00,4.660205e+00,5.051985e+00,4.980253e+00,4.804964e+00,4.840408e+00,4.717597e+00,5.008591e+00,4.793064e+00,4.462107e+00,4.902667e+00,4.679296e+00,4.885329e+00,4.702620e+00,4.782586e+00,4.724036e+00,4.662637e+00,4.731357e+00,4.788788e+00,4.779161e+00,4.924342e+00,5.124059e+00,4.998116e+00,4.834687e+00,4.835604e+00,5.007279e+00,4.862942e+00,4.770701e+00,4.822834e+00,5.007193e+00,4.659370e+00,5.091659e+00,4.898980e+00,4.947984e+00,4.678796e+00,3.560386e+00,5.103074e+00,4.308763e+00,4.578877e+00,8.708735e+00,5.389433e+00,3.510720e+00,4.664507e+00,5.518164e+00,5.433079e+00,4.668070e+00,4.350941e+00,4.656900e+00,6.675474e+00,7.715930e+00,4.910505e+00,4.765270e+00,6.279288e+00,4.874186e+00,5.285002e+00,5.756410e+00,5.103945e+00,4.990976e+00,3.979770e+00,5.106855e+00,5.578740e+00,3.844643e+00,9.427407e+00,6.284914e+00,5.150951e+00,4.768782e+00,5.349000e+00,4.165245e+00,5.273762e+00,4.195346e+00,4.495472e+00,4.675528e+00,4.980751e+00,4.196961e+00,4.182697e+00,4.339611e+00,5.082668e+00,4.948884e+00,4.876730e+00,4.846928e+00,4.751756e+00,4.855761e+00,4.866189e+00,4.830874e+00,5.242860e+00,5.198759e+00,5.221665e+00,5.204403e+00,4.858306e+00,4.740881e+00,4.897515e+00,4.896189e+00,4.967276e+00,4.915576e+00,4.848572e+00,4.692940e+00,4.869329e+00,4.944768e+00,4.837098e+00,5.158118e+00,4.670239e+00,5.136613e+00,4.942575e+00,4.627944e+00,4.737654e+00,4.885333e+00,4.678461e+00,5.082483e+00,5.194073e+00,4.675448e+00,4.841331e+00,4.679346e+00,4.990256e+00,4.254676e+00,5.091126e+00,4.984796e+00,5.219491e+00,4.814283e+00,3.405093e+00,4.677385e+00,9.106299e+00,5.129403e+00,4.790105e+00,5.667963e+00,3.731437e+00,4.185610e+00,4.773870e+00,4.368239e+00,8.063558e+00,4.958970e+00,4.383644e+00,5.019113e+00,4.118334e+00,3.822811e+00,4.445976e+00,4.692109e+00,4.897590e+00,4.905964e+00,4.475796e+00,4.530414e+00,4.975597e+00,4.513120e+00,9.472399e+00,4.249466e+00,4.082593e+00,6.101451e+00,6.326217e+00,4.965581e+00,5.380627e+00,4.742036e+00,4.735615e+00,4.861299e+00,5.404338e+00,3.983204e+00,4.433390e+00,4.236458e+00,4.016486e+00,4.782941e+00,4.178133e+00,4.776416e+00,5.021039e+00,4.968398e+00,4.836991e+00,4.914367e+00,4.505807e+00,4.918428e+00,4.764000e+00,3.844917e+00,5.068304e+00,4.980519e+00,4.681413e+00,4.901736e+00,5.077024e+00,5.378722e+00,4.223895e+00,4.792316e+00,4.350320e+00,4.591255e+00,4.977133e+00,4.380612e+00,5.217674e+00,4.497732e+00,5.087221e+00,4.567779e+00,4.853042e+00,4.814995e+00,4.709923e+00,4.906792e+00,4.530215e+00,5.031524e+00,4.865290e+00,4.816214e+00,3.904073e+00,4.057622e+00,5.038154e+00,5.091922e+00,4.970179e+00,4.937135e+00,4.892954e+00,4.884369e+00,4.708442e+00,4.754976e+00,4.759045e+00,4.884542e+00,4.771076e+00,5.007288e+00,4.744699e+00,4.729947e+00,5.067267e+00,4.650884e+00
4.878052e+00,4.592874e+00,4.764972e+00,4.859265e+00,4.807233e+00,4.761105e+00,4.877198e+00,4.730249e+00,4.763803e+00,5.011423e+00,4.877391e+00,4.727626e+00,4.753810e+00,4.840505e+00,4.774101e+00,4.745517e+00,4.811214e+00,4.893063e+00,4.990385e+00,4.863792e+00,4.781494e+00,4.534027e+00,4.544622e+00,4.939498e+00,4.883363e+00,4.718697e+00,4.587751e+00,4.605519e+00,5.053979e+00,4.700323e+00,4.911906e+00,4.873974e+00,4.867177e+00,4.993031e+00,4.792821e+00,4.658192e+00,5.017084e+00,4.694183e+00,4.794377e+00,4.517795e+00,4.781166e+00,4.934771e+00,4.799333e+00,4.968089e+00,4.697309e+00,4.623630e+00,4.979929e+00,4.776339e+00,4.804487e+00,4.583053e+00,4.683288e+00,4.522034e+00,4.904920e+00,4.210239e+00,4.674429e+00,3.930067e+00,5.544843e+00,7.838623e+00,7.916401e+00,4.445136e+00,5.150707e+00,6.336991e+00,3.877864e+00,4.289770e+00,0.000000e+00,9.709849e+00,7.850516e+00,4.807763e+00,4.919153e+00,4.277673e+00,8.955022e+00,5.246319e+00,3.980003e+00,5.122845e+00,4.568269e+00,4.298340e+00,5.142513e+00,6.080363e+00,5.356657e+00,4.406392e+00,5.169061e+00,4.896536e+00,4.562758e+00,4.191292e+00,9.002912e+00,4.472832e+00,5.457436e+00,4.690546e+00,4.610680e+00,4.285518e+00,4.924613e+00,5.918844e+00,3.248855e+00,7.762200e+00,4.196509e+00,5.075427e+00,4.042630e+00,4.816000e+00,5.007353e+00,5.063591e+00,4.401565e+00,4.091354e+00,4.819887e+00,5.128882e+00,4.480822e+00,4.920186e+00,4.951908e+00,4.871803e+00,4.989615e+00,5.036521e+00,4.943218e+00,4.966619e+00,4.145859e+00,5.216604e+00,4.980674e+00,5.067832e+00,4.984150e+00,4.702794e+00,4.262797e+00,4.889411e+00,4.936902e+00,5.124960e+00,4.555086e+00,4.928836e+00,4.737697e+00,4.837133e+00,4.636533e+00,4.388745e+00,5.026754e+00,4.767151e+00,4.578554e+00,4.548343e+00,7.744325e+00,8.307955e+00,4.205478e+00,4.768430e+00,8.139260e+00,4.683009e+00,4.917472e+00,5.215411e+00,4.190398e+00,4.897445e+00,3.835422e+00,5.107555e+00,5.385151e+00,8.593709e+00,5.240673e+00,4.523190e+00,4.302819e+00,4.590521e+00,5.309732e+00,5.904532e+00,4.214925e+00,4.413885e+00,5.344902e+00,6.403300e+00,4.251611e+00,4.066155e+00,4.506060e+00,4.813086e+00,4.677186e+00,4.361127e+00,3.712591e+00,4.334051e+00,4.737642e+00,4.716650e+00,5.158856e+00,4.123618e+00,5.039089e+00,4.104652e+00,4.650982e+00,4.706578e+00,4.565814e+00,4.665852e+00,3.588268e+00,4.764009e+00,4.153768e+00,4.950957e+00,4.493574e+00,5.526449e+00,4.858204e+00,4.788271e+00,4.753852e+00,4.813706e+00,4.141441e+00,5.273575e+00,3.959211e+00,5.489803e+00,4.920250e+00,4.747581e+00,4.832878e+00,4.348741e+00,4.182091e+00,4.726291e+00,4.386244e+00,4.647584e+00,5.177865e+00,4.958785e+00,5.222661e+00,4.782584e+00,5.248782e+00,5.055846e+00,4.769371e+00,4.842390e+00,5.046107e+00,4.844117e+00,4.898128e+00,4.808041e+00,4.857829e+00,3.965987e+00,4.878867e+00,4.365364e+00,4.822713e+00,5.072776e+00,4.618751e+00,4.384756e+00,4.787768e+00,4.772738e+00,4.836070e+00,4.879108e+00,4.943286e+00,4.732747e+00,4.724763e+00,4.690557e+00,5.014400e+00,4.797804e+00,4.946458e+00,4.775441e+00
4.678216e+00,4.732223e+00,4.967700e+00,4.724806e+00,4.761698e+00,4.809196e+00,4.781842e+00,4.927468e+00,4.898495e+00,4.605897e+00,4.840568e+00,4.447341e+00,4.797881e+00,4.793399e+00,4.574227e+00,4.869399e+00,4.987502e+00,4.917687e+00,4.541346e+00,4.714625e+00,4.755533e+00,4.717203e+00,5.029154e+00,5.092119e+00,4.669152e+00,4.777905e+00,5.040680e+00,4.929771e+00,4.711335e+00,4.873725e+00,4.885652e+00,4.922631e+00,4.529491e+00,4.843617e+00,4.760494e+00,4.823908e+00,4.976233e+00,4.760748e+00,4.805891e+00,4.789415e+00,4.963164e+00,4.752722e+00,4.432072e+00,4.846118e+00,5.063643e+00,4.881535e+00,4.712111e+00,4.869991e+00,4.985092e+00,4.938611e+00,4.993651e+00,4.870807e+00,4.849025e+00,4.647218e+00,4.046070e+00,4.808505e+00,8.156904e+00,3.975241e+00,4.915692e+00,4.378420e+00,4.336436e+00,5.642696e+00,5.554917e+00,5.059902e+00,4.441055e+00,4.947160e+00,8.874759e+00,5.536559e+00,7.620133e+00,4.131464e+00,4.012508e+00,4.829321e+00,5.088009e+00,7.385024e+00,6.482382e+00,8.758452e+00,4.691538e+00,5.119007e+00,4.614624e+00,4.882349e+00,4.316321e+00,5.621354e+00,8.011140e+00,4.460685e+00,4.729960e+00,4.118842e+00,4.083488e+00,4.894849e+00,4.488200e+00,3.842453e+00,3.863888e+00,4.979202e+00,9.171063e+00,7.021107e+00,4.273880e+00,4.028392e+00,4.678944e+00,6.330606e+00,4.284103e+00,4.895491e+00,4.592378e+00,4.866109e+00,5.158617e+00,4.157060e+00,4.995713e+00,4.235622e+00,4.784751e+00,5.236593e+00,4.385076e+00,4.865585e+00,4.409309e+00,4.121244e+00,3.769841e+00,5.034034e+00,4.438445e+00,5.071608e+00,4.699614e+00,5.193906e+00,4.409812e+00,4.629621e+00,4.639683e+00,4.886290e+00,4.729214e+00,4.925828e+00,5.016657e+00,4.788327e+00,5.022824e+00,4.620417e+00,4.412713e+00,3.846098e+00,4.802690e+00,4.630620e+00,4.086704e+00,4.177979e+00,9.892961e+00,5.171157e+00,6.195845e+00,4.819878e+00,3.747771e+00,5.172107e+00,4.429434e+00,4.031676e+00,6.453463e+00,5.506465e+00,4.471436e+00,4.001840e+00,6.307083e+00,5.084016e+00,5.125402e+00,5.479291e+00,6.606562e+00,4.732449e+00,4.892005e+00,6.677848e+00,5.404295e+00,4.401146e+00,4.168585e+00,4.490541e+00,4.157906e+00,9.356021e+00,5.226507e+00,4.414802e+00,4.685400e+00,4.389933e+00,5.834000e+00,4.184673e+00,4.764235e+00,3.973869e+00,4.444131e+00,4.155989e+00,4.265249e+00,7.426067e+00,5.158172e+00,4.814527e+00,4.164234e+00,5.649540e+00,4.935140e+00,4.793524e+00,4.619959e+00,4.577293e+00,4.703391e+00,5.026001e+00,4.647976e+00,4.982551e+00,4.806228e+00,4.445341e+00,4.214096e+00,4.201891e+00,4.892871e+00,4.785767e+00,4.548356e+00,4.489926e+00,5.311334e+00,4.905819e+00,4.473419e+00,4.984319e+00,4.582478e+00,5.007534e+00,4.843111e+00,4.146796e+00,4.694442e+00,4.957065e+00,5.179118e+00,5.053227e+00,5.063640e+00,4.895148e+00,5.014315e+00,4.895335e+00,4.779614e+00,4.975769e+00,4.910114e+00,4.967212e+00,5.091561e+00,5.041262e+00,4.749297e+00,4.696780e+00,4.941704e+00,5.003786e+00,4.689313e+00,4.459832e+00,4.909350e+00,4.391048e+00,4.811556e+00,4.836600e+00,4.823965e+00,4.347306e+00,4.725158e+00,4.722499e+00
4.802705e+00,4.849873e+00,4.842751e+00,4.822328e+00,4.727301e+00,4.944656e+00,4.905275e+00,4.813650e+00,4.489810e+00,4.885230e+00,4.784336e+00,4.712139e+00,4.478289e+00,4.667410e+00,4.918729e+00,5.041840e+00,4.858804e+00,4.880020e+00,4.962978e+00,4.871791e+00,4.998404e+00,4.212054e+00,4.752299e+00,4.879105e+00,5.051695e+00,4.941482e+00,4.650505e+00,4.827854e+00,4.771985e+00,4.833035e+00,4.576439e+00,4.889918e+00,5.010616e+00,4.612188e+00,4.655426e+00,4.964453e+00,4.816630e+00,4.735297e+00,4.778717e+00,4.851884e+00,5.002484e+00,5.056538e+00,5.072126e+00,4.492155e+00,4.936403e+00,4.758662e+00,4.468907e+00,4.865490e+00,4.551068e+00,4.767451e+00,5.041914e+00,4.565861e+00,4.641838e+00,4.801962e+00,4.878524e+00,4.316520e+00,4.693782e+00,6.406049e+00,8.782520e+00,4.026550e+00,8.969917e+00,6.580213e+00,8.838544e+00,9.038191e+00,4.254057e+00,6.426839e+00,7.639390e+00,5.386693e+00,4.636582e+00,4.684287e+00,8.964455e+00,4.822509e+00,5.221319e+00,9.053274e+00,4.896057e+00,5.421603e+00,4.994153e+00,4.777417e+00,4.550547e+00,4.583968e+00,5.723937e+00,9.296459e+00,5.050040e+00,4.345159e+00,4.828805e+00,4.821534e+00,5.496630e+00,4.929518e+00,4.852592e+00,4.342461e+00,6.969484e+00,3.896287e+00,4.526467e+00,5.418520e+00,4.291180e+00,4.432530e+00,4.207109e+00,5.385932e+00,5.342384e+00,6.252812e+00,4.977106e+00,4.139544e+00,5.053195e+00,5.077343e+00,4.771029e+00,4.026723e+00,4.421487e+00,4.876980e+00,4.959842e+00,3.982478e+00,4.174268e+00,4.418645e+00,4.575567e+00,9.721372e+00,4.146896e+00,7.564361e+00,4.956428e+00,5.576975e+00,4.598686e+00,4.077259e+00,4.155189e+00,3.943314e+00,4.472064e+00,4.676419e+00,4.131033e+00,4.763393e+00,4.163103e+00,5.260460e+00,4.330060e+00,5.404472e+00,4.278618e+00,5.191304e+00,4.433249e+00,7.109058e+00,4.115492e+00,4.817093e+00,7.684149e+00,4.317824e+00,4.406092e+00,4.411351e+00,5.217100e+00,4.984952e+00,5.856692e+00,5.325200e+00,4.500669e+00,4.862690e+00,5.019992e+00,3.848094e+00,4.899584e+00,7.999422e+00,4.812704e+00,4.587795e+00,4.931398e+00,5.292675e+00,4.467574e+00,4.656140e+00,5.013124e+00,4.514469e+00,4.813905e+00,4.988671e+00,4.155906e+00,3.673865e+00,4.559250e+00,3.595276e+00,4.901420e+00,5.003642e+00,4.746731e+00,4.686067e+00,4.804339e+00,5.371247e+00,4.583440e+00,4.705381e+00,4.858719e+00,4.335819e+00,4.267424e+00,4.223330e+00,4.188553e+00,4.875714e+00,4.917652e+00,4.917234e+00,4.659023e+00,4.643266e+00,4.185012e+00,5.058746e+00,4.576782e+00,4.734213e+00,4.918750e+00,4.797273e+00,4.567270e+00,5.107879e+00,4.990013e+00,4.728293e+00,4.823649e+00,4.956228e+00,4.645025e+00,4.900880e+00,4.974357e+00,4.991762e+00,4.658392e+00,5.083095e+00,5.049955e+00,4.871854e+00,4.997914e+00,4.974917e+00,4.871222e+00,4.648914e+00,4.854789e+00,4.457782e+00,4.729319e+00,5.079532e+00,5.162418e+00,5.136475e+00,5.116131e+00,4.990421e+00,4.943806e+00,4.780952e+00,4.823287e+00,4.679973e+00,4.662522e+00,4.817492e+00,4.814048e+00,4.821074e+00,4.750117e+00,4.843186e+00,4.817284e+00,4.605487e+00,4.876933e+00,4.945883e+00
5.070629e+00,4.862660e+00,4.907521e+00,4.936103e+00,4.810701e+00,4.607441e+00,4.845511e+00,4.768378e+00,4.825561e+00,4.732605e+00,4.765598e+00,4.953072e+00,4.779134e+00,4.655831e+00,4.641569e+00,4.947897e+00,4.775643e+00,5.094689e+00,4.855252e+00,4.915696e+00,4.640419e+00,4.851977e+00,4.753438e+00,4.856290e+00,4.969162e+00,5.056314e+00,4.682012e+00,4.590240e+00,4.962148e+00,4.620295e+00,4.548033e+00,4.733737e+00,4.946710e+00,4.713638e+00,4.685367e+00,4.807029e+00,4.934838e+00,4.474884e+00,4.975330e+00,5.011538e+00,4.918012e+00,4.846959e+00,4.753923e+00,4.853272e+00,4.828917e+00,4.825641e+00,4.711374e+00,4.880358e+00,4.904961e+00,4.890855e+00,4.856978e+00,4.822727e+00,4.878543e+00,4.711893e+00,4.989732e+00,4.818933e+00,5.444392e+00,8.319851e+00,5.499530e+00,8.744724e+00,4.983223e+00,4.139886e+00,4.162095e+00,4.055285e+00,4.702405e+00,4.888032e+00,5.064953e+00,5.347259e+00,4.226131e+00,5.361116e+00,5.376026e+00,5.812650e+00,4.738636e+00,4.966102e+00,8.776743e+00,9.687507e+00,5.308498e+00,4.584456e+00,4.078918e+00,4.092685e+00,5.050659e+00,4.173391e+00,4.321722e+00,5.117835e+00,4.330180e+00,4.412763e+00,6.011316e+00,6.259252e+00,3.979696e+00,8.514396e+00,4.279391e+00,3.911167e+00,7.542955e+00,5.735884e+00,4.435167e+00,4.268028e+00,4.951854e+00,4.812139e+00,5.029915e+00,5.498470e+00,4.421731e+00,4.318127e+00,4.519967e+00,4.803224e+00,4.257320e+00,5.610375e+00,4.514853e+00,4.482447e+00,5.539014e+00,4.760292e+00,6.078285e+00,6.705553e+00,5.045390e+00,4.327954e+00,4.918930e+00,8.695582e+00,7.220920e+00,6.431663e+00,4.662963e+00,3.980933e+00,5.071613e+00,4.959280e+00,5.425945e+00,4.685732e+00,4.872288e+00,5.659627e+00,4.815523e+00,5.563616e+00,9.378765e+00,4.221822e+00,4.909271e+00,4.962274e+00,7.220876e+00,4.325240e+00,4.677442e+00,6.718717e+00,4.278786e+00,5.034518e+00,3.744506e+00,3.394053e+00,4.857940e+00,3.972124e+00,7.195955e+00,4.130128e+00,3.946149e+00,5.402781e+00,5.498357e+00,4.455047e+00,4.261246e+00,7.940373e+00,4.360629e+00,4.679574e+00,4.849950e+00,9.411968e+00,5.112964e+00,4.139112e+00,7.622311e+00,4.050676e+00,4.474979e+00,5.323523e+00,8.969979e+00,4.526124e+00,5.526788e+00,5.050253e+00,4.522832e+00,5.036009e+00,4.577937e+00,3.946368e+00,4.071020e+00,4.943641e+00,4.576581e+00,4.261218e+00,5.751138e+00,5.194429e+00,4.961272e+00,5.031042e+00,4.949318e+00,4.598756e+00,4.824094e+00,5.003130e+00,4.881870e+00,4.738261e+00,4.317062e+00,4.668478e+00,4.345161e+00,5.213804e+00,4.733821e+00,5.054750e+00,5.100507e+00,5.067433e+00,5.233893e+00,4.825578e+00,4.316288e+00,5.233795e+00,4.861943e+00,4.249334e+00,4.593354e+00,4.544679e+00,4.595749e+00,5.233001e+00,4.894309e+00,4.828776e+00,4.983872e+00,4.779411e+00,5.105934e+00,4.960251e+00,4.619167e+00,4.868646e+00,4.701668e+00,4.452785e+00,4.689441e+00,4.754306e+00,5.137140e+00,4.739547e+00,4.663057e+00,4.753459e+00,4.775783e+00,4.754127e+00,4.540988e+00,4.742219e+00,4.849447e+00,4.820294e+00,4.835953e+00,4.969936e+00,4.698634e+00,4.780915e+00,4.885122e+00,4.923826e+00
4.431718e+00,4.894833e+00,4.648405e+00,4.816934e+00,4.617358e+00,4.542803e+00,4.779063e+00,4.804575e+00,4.797092e+00,4.714640e+00,4.946317e+00,4.625044e+00,4.793129e+00,4.660989e+00,4.927424e+00,4.388156e+00,4.746790e+00,4.851693e+00,4.892959e+00,4.699843e+00,4.921748e+00,4.771527e+00,4.980639e+00,4.746753e+00,4.726254e+00,4.908335e+00,4.924900e+00,4.446136e+00,4.825482e+00,4.891708e+00,4.821309e+00,4.834164e+00,4.658431e+00,4.710436e+00,4.684563e+00,4.907215e+00,4.853903e+00,4.786616e+00,4.816477e+00,4.756054e+00,4.669578e+00,4.596646e+00,4.649333e+00,4.729903e+00,4.992406e+00,4.936468e+00,4.754947e+00,4.800673e+00,4.853563e+00,4.589834e+00,4.853002e+00,5.025195e+00,4.931056e+00,5.028412e+00,4.510050e+00,3.767685e+00,3.364435e+00,4.320335e+00,6.306710e+00,7.666026e+00,8.579475e+00,6.584434e+00,7.527321e+00,4.590989e+00,6.887830e+00,4.661751e+00,3.771538e+00,5.992706e+00,4.251730e+00,4.418299e+00,4.891104e+00,4.492647e+00,5.333884e+00,3.933912e+00,3.961638e+00,4.441210e+00,5.639455e+00,4.595152e+00,4.572634e+00,5.086340e+00,4.962139e+00,5.041808e+00,5.225585e+00,6.036723e+00,9.043035e+00,4.487494e+00,4.966309e+00,5.229571e+00,5.845482e+00,4.857245e+00,6.788383e+00,4.499483e+00,4.943926e+00,8.656135e+00,4.317038e+00,5.197089e+00,9.178110e+00,4.510211e+00,3.888908e+00,4.525974e+00,4.761925e+00,5.154892e+00,4.939553e+00,7.290209e+00,4.349367e+00,5.887281e+00,4.225010e+00,5.064077e+00,5.523333e+00,4.402292e+00,5.775251e+00,4.475461e+00,5.453952e+00,5.927411e+00,5.087678e+00,6.378926e+00,4.492458e+00,4.015451e+00,5.262802e+00,5.336664e+00,7.708859e+00,3.903080e+00,6.399382e+00,4.798903e+00,5.154147e+00,4.965157e+00,5.652255e+00,5.649152e+00,4.158395e+00,4.265625e+00,4.728359e+00,4.820407e+00,4.906805e+00,3.680585e+00,4.402657e+00,4.393185e+00,8.099047e+00,5.207204e+00,5.135165e+00,7.333036e+00,4.476942e+00,4.113595e+00,4.503554e+00,6.117489e+00,5.419582e+00,5.173722e+00,4.704363e+00,4.236941e+00,4.413416e+00,5.790205e+00,3.965650e+00,7.936069e+00,4.504475e+00,4.634545e+00,4.408101e+00,4.302391e+00,4.764032e+00,5.007030e+00,4.369883e+00,3.741299e+00,4.099813e+00,4.113493e+00,5.101157e+00,4.236345e+00,4.762619e+00,4.547808e+00,4.361122e+00,4.385666e+00,3.932804e+00,5.085554e+00,4.383751e+00,4.173114e+00,4.896241e+00,5.336422e+00,4.814384e+00,5.026198e+00,4.881966e+00,4.765066e+00,4.737488e+00,4.887539e+00,4.757423e+00,4.922488e+00,4.906940e+00,5.277023e+00,5.244748e+00,4.966257e+00,4.849076e+00,4.667516e+00,4.944085e+00,4.615887e+00,4.684259e+00,5.441615e+00,4.422614e+00,4.653181e+00,5.021985e+00,5.544525e+00,4.550744e+00,4.537179e+00,4.665024e+00,4.896758e+00,4.412385e+00,4.659695e+00,4.427217e+00,4.855435e+00,4.739857e+00,4.779588e+00,4.873801e+00,5.323831e+00,4.824683e+00,5.137160e+00,4.881406e+00,4.653458e+00,4.952025e+00,4.838671e+00,4.832003e+00,4.919021e+00,4.810467e+00,4.640678e+00,4.870377e+00,4.865328e+00,4.649018e+00,4.746553e+00,4.849402e+00,4.892017e+00,4.779025e+00,4.754095e+00,4.894683e+00,4.683806e+00
4.657037e+00,4.775346e+00,4.938844e+00,4.905451e+00,4.706783e+00,4.708532e+00,4.607706e+00,4.870867e+00,4.912147e+00,4.700189e+00,4.936304e+00,4.704161e+00,4.684832e+00,4.906428e+00,4.694305e+00,4.744781e+00,4.943905e+00,4.797488e+00,4.734136e+00,4.891180e+00,4.898471e+00,4.857919e+00,4.761550e+00,4.907568e+00,4.623624e+00,4.893644e+00,4.795772e+00,4.848904e+00,4.928108e+00,4.913028e+00,4.722308e+00,4.882988e+00,4.799253e+00,4.659168e+00,5.046700e+00,4.969066e+00,4.946824e+00,4.737248e+00,4.841785e+00,4.736054e+00,4.998721e+00,4.872465e+00,4.629295e+00,4.989338e+00,4.974728e+00,4.944273e+00,4.956342e+00,4.846109e+00,5.066071e+00,4.967586e+00,4.722233e+00,4.905479e+00,4.863385e+00,4.861480e+00,5.066156e+00,4.728398e+00,4.252666e+00,4.580414e+00,4.209606e+00,7.567329e+00,4.874814e+00,4.906633e+00,4.860609e+00,9.368351e+00,7.855960e+00,5.377000e+00,3.779508e+00,4.787333e+00,4.756911e+00,4.583292e+00,4.828236e+00,6.246888e+00,5.024653e+00,5.342410e+00,6.698228e+00,9.567577e+00,4.981258e+00,3.072273e+00,4.219432e+00,9.155606e+00,9.204352e+00,4.240891e+00,3.766269e+00,5.621177e+00,4.791718e+00,4.982815e+00,5.269512e+00,4.996079e+00,5.533843e+00,4.558516e+00,4.920348e+00,6.065066e+00,4.284178e+00,4.651050e+00,4.435785e+00,4.305791e+00,6.262974e+00,4.944474e+00,4.029739e+00,6.338520e+00,5.356465e+00,4.237954e+00,4.859902e+00,4.369996e+00,4.431339e+00,7.223873e+00,5.378987e+00,4.557469e+00,4.447269e+00,6.556666e+00,6.344116e+00,3.550428e+00,4.342055e+00,6.394880e+00,4.387290e+00,4.896045e+00,4.760819e+00,5.021513e+00,4.646402e+00,4.688180e+00,5.143079e+00,4.343537e+00,5.148195e+00,4.367841e+00,4.590968e+00,4.216992e+00,4.857527e+00,4.758239e+00,5.180196e+00,5.047472e+00,4.739139e+00,4.406853e+00,5.220468e+00,4.982662e+00,4.767803e+00,5.531803e+00,4.468689e+00,5.199506e+00,4.642536e+00,5.729853e+00,5.472938e+00,5.868487e+00,6.201472e+00,5.986857e+00,5.187368e+00,5.028712e+00,5.129873e+00,5.152986e+00,4.275653e+00,5.159979e+00,5.293963e+00,4.234744e+00,3.531703e+00,5.874978e+00,4.264877e+00,5.044172e+00,4.728172e+00,4.299344e+00,4.651002e+00,5.069739e+00,4.795055e+00,6.222172e+00,4.481528e+00,4.757180e+00,5.160495e+00,4.774262e+00,4.210921e+00,9.501817e+00,4.379928e+00,4.846064e+00,4.656585e+00,4.349041e+00,4.242339e+00,5.013668e+00,4.736005e+00,4.676992e+00,4.975651e+00,4.802564e+00,4.485875e+00,4.439441e+00,4.705088e+00,5.105601e+00,4.243868e+00,4.558998e+00,5.266988e+00,5.630079e+00,4.928367e+00,4.533670e+00,5.147104e+00,4.752701e+00,4.603266e+00,5.282504e+00,5.179160e+00,4.610930e+00,5.084247e+00,4.872446e+00,5.205129e+00,4.905047e+00,4.847445e+00,4.978904e+00,4.976725e+00,5.016893e+00,4.666357e+00,4.905652e+00,4.815972e+00,4.692894e+00,4.867225e+00,4.131186e+00,4.681200e+00,5.069324e+00,4.830158e+00,4.634462e+00,4.943413e+00,4.803898e+00,4.790573e+00,5.033096e+00,4.888143e+00,4.786945e+00,4.620421e+00,4.715905e+00,4.795740e+00,4.953571e+00,4.903728e+00,4.898429e+00,4.831093e+00,4.635260e+00,4.679739e+00,4.629282e+00
4.783526e+00,4.907150e+00,4.582393e+00,4.662058e+00,4.917173e+00,4.610289e+00,4.595270e+00,4.765009e+00,4.534619e+00,4.543590e+00,4.824444e+00,4.844204e+00,4.538239e+00,4.458507e+00,4.771583e+00,4.682732e+00,4.745900e+00,4.652303e+00,4.712676e+00,4.834334e+00,4.565162e+00,4.514476e+00,4.827865e+00,4.636320e+00,4.938812e+00,4.701220e+00,4.812628e+00,4.663263e+00,4.948623e+00,4.977095e+00,4.898157e+00,4.789715e+00,4.595387e+00,4.719695e+00,4.522941e+00,4.696134e+00,4.700970e+00,4.732984e+00,4.802097e+00,4.543580e+00,4.801582e+00,4.836710e+00,4.844729e+00,5.033497e+00,4.955384e+00,5.022101e+00,4.110261e+00,4.953042e+00,4.804479e+00,4.808423e+00,4.896040e+00,4.971318e+00,4.655363e+00,4.919950e+00,4.786970e+00,4.921529e+00,4.620294e+00,4.446476e+00,4.396779e+00,3.997077e+00,5.534391e+00,3.891171e+00,4.923092e+00,9.740204e+00,5.891659e+00,5.580463e+00,4.021520e+00,4.770478e+00,9.959834e+00,7.395005e+00,5.427815e+00,9.304497e+00,8.284362e+00,3.674580e+00,4.176057e+00,4.508386e+00,7.243365e+00,4.407498e+00,4.910013e+00,4.429034e+00,9.384747e+00,9.944241e+00,6.899302e+00,4.928147e+00,4.637412e+00,5.920325e+00,5.004636e+00,4.740516e+00,4.709248e+00,6.506597e+00,4.299587e+00,4.535101e+00,4.513519e+00,9.074477e+00,5.141911e+00,4.692307e+00,4.247854e+00,5.227799e+00,4.844558e+00,4.335010e+00,4.069697e+00,4.407576e+00,5.004747e+00,5.426518e+00,5.127905e+00,3.815423e+00,4.571403e+00,4.470582e+00,3.951797e+00,4.465300e+00,7.844762e+00,4.770184e+00,4.254910e+00,5.058284e+00,4.444085e+00,4.269241e+00,4.250377e+00,5.177030e+00,4.525892e+00,3.860298e+00,5.553503e+00,4.895701e+00,4.995164e+00,3.799931e+00,4.224973e+00,3.973716e+00,5.851029e+00,4.333843e+00,4.608938e+00,4.512744e+00,5.323801e+00,4.722344e+00,4.380926e+00,5.889294e+00,4.731924e+00,6.279267e+00,4.454325e+00,4.235813e+00,7.149589e+00,5.518378e+00,6.425510e+00,4.683430e+00,5.759010e+00,5.016266e+00,5.154712e+00,4.314194e+00,5.311966e+00,4.294936e+00,4.121445e+00,4.185009e+00,4.369149e+00,4.456294e+00,4.705811e+00,4.325748e+00,5.780840e+00,4.501300e+00,4.670708e+00,4.646074e+00,8.605391e+00,4.938583e+00,5.116187e+00,5.588174e+00,4.384576e+00,5.218314e+00,4.310559e+00,4.222496e+00,4.154598e+00,4.793902e+00,6.131651e+00,4.249979e+00,4.300071e+00,5.150585e+00,4.924470e+00,4.805218e+00,5.047180e+00,4.804062e+00,5.003316e+00,4.849821e+00,4.783386e+00,4.975824e+00,4.343866e+00,4.624220e+00,4.450289e+00,4.222940e+00,4.957511e+00,4.516211e+00,5.216857e+00,4.914942e+00,4.790739e+00,5.742209e+00,4.952519e+00,4.292213e+00,4.268458e+00,4.794331e+00,5.036105e+00,5.221787e+00,4.770508e+00,4.824920e+00,4.791140e+00,4.720122e+00,5.146871e+00,4.894810e+00,4.858897e+00,4.920140e+00,4.646110e+00,4.157294e+00,4.860076e+00,3.922765e+00,5.063390e+00,4.700842e+00,4.715566e+00,4.202024e+00,4.647106e+00,4.823504e+00,4.889307e+00,4.778102e+00,4.653471e+00,4.424856e+00,4.923965e+00,4.639807e+00,4.744746e+00,4.804132e+00,4.696995e+00,4.716132e+00,4.745120e+00,4.862862e+00,4.714602e+00,4.704250e+00
4.702081e+00,4.724515e+00,4.842474e+00,4.750273e+00,4.929396e+00,4.756731e+00,4.771807e+00,4.918355e+00,4.873060e+00,4.774219e+00,4.612382e+00,4.855287e+00,4.866041e+00,4.829263e+00,4.756681e+00,4.541105e+00,4.687161e+00,4.771546e+00,4.191326e+00,4.840112e+00,4.892030e+00,4.763493e+00,4.803774e+00,4.782430e+00,4.820642e+00,4.910909e+00,4.773767e+00,4.616667e+00,4.751338e+00,4.640473e+00,4.944304e+00,4.691080e+00,4.564251e+00,4.951571e+00,4.645835e+00,4.630414e+00,4.888862e+00,4.643091e+00,4.766588e+00,4.661857e+00,4.746775e+00,4.975244e+00,4.800193e+00,4.827923e+00,4.635672e+00,4.629777e+00,5.206979e+00,4.853645e+00,4.900623e+00,4.733764e+00,4.793371e+00,4.447311e+00,4.794821e+00,4.939410e+00,4.604400e+00,4.182768e+00,4.804801e+00,4.801765e+00,3.868441e+00,4.222370e+00,5.186319e+00,6.644971e+00,4.948509e+00,4.392896e+00,8.572627e+00,6.889962e+00,4.340449e+00,4.643193e+00,5.124798e+00,4.694172e+00,5.014648e+00,5.054052e+00,7.219595e+00,4.094766e+00,8.971262e+00,4.056528e+00,4.708138e+00,6.570849e+00,6.969640e+00,5.359806e+00,6.086790e+00,9.497087e+00,4.594669e+00,5.105942e+00,6.492960e+00,8.247001e+00,5.282881e+00,3.673324e+00,4.453124e+00,4.847765e+00,4.448395e+00,4.973485e+00,4.555750e+00,4.662216e+00,8.954416e+00,5.713323e+00,5.102155e+00,7.276622e+00,5.392409e+00,4.639957e+00,5.035474e+00,4.730102e+00,4.623954e+00,4.776399e+00,4.991350e+00,4.365630e+00,4.554846e+00,4.029334e+00,4.592972e+00,8.810821e+00,7.020396e+00,4.117165e+00,4.767504e+00,4.129087e+00,4.182558e+00,9.630509e+00,5.041400e+00,5.451389e+00,4.118466e+00,6.167426e+00,6.121181e+00,4.787277e+00,4.944289e+00,4.979147e+00,5.268430e+00,4.712120e+00,4.396563e+00,4.662269e+00,4.358161e+00,4.869381e+00,5.207557e+00,5.883531e+00,5.232940e+00,4.429129e+00,5.326755e+00,4.389401e+00,4.267561e+00,5.042092e+00,4.402719e+00,4.907311e+00,6.720775e+00,4.623453e+00,7.651343e+00,4.857735e+00,5.240811e+00,4.181115e+00,6.188543e+00,4.481334e+00,4.854607e+00,8.799645e+00,5.801376e+00,6.062562e+00,4.941018e+00,4.732674e+00,4.731456e+00,4.031961e+00,6.657172e+00,4.823521e+00,4.428577e+00,4.020303e+00,4.821990e+00,4.797611e+00,4.113248e+00,4.893505e+00,4.461337e+00,4.187020e+00,4.307917e+00,4.899655e+00,5.254841e+00,4.694391e+00,4.854725e+00,4.734091e+00,4.378805e+00,5.291994e+00,4.961214e+00,4.768534e+00,4.928254e+00,4.795613e+00,5.085254e+00,4.740686e+00,4.950070e+00,4.750470e+00,5.271374e+00,4.535415e+00,4.681198e+00,4.666825e+00,4.706244e+00,4.659958e+00,4.772794e+00,5.015815e+00,4.747000e+00,4.064091e+00,4.926259e+00,4.695863e+00,7.368977e+00,5.133217e+00,4.433095e+00,5.108317e+00,5.062568e+00,4.934699e+00,5.156560e+00,4.340320e+00,4.566440e+00,4.806838e+00,4.998391e+00,5.161714e+00,4.720555e+00,4.983236e+00,4.657661e+00,4.704667e+00,4.651789e+00,4.930956e+00,4.762428e+00,4.930972e+00,4.871719e+00,4.581350e+00,4.665560e+00,4.826985e+00,4.838280e+00,4.799450e+00,4.442377e+00,4.712339e+00,4.762332e+00,4.698586e+00,4.691778e+00,4.804198e+00,4.849876e+00,4.752115e+00
4.970331e+00,4.836040e+00,5.066194e+00,4.674681e+00,5.019544e+00,4.821408e+00,4.702262e+00,4.826599e+00,4.786652e+00,4.792774e+00,4.628821e+00,4.826812e+00,4.952887e+00,4.838185e+00,4.918457e+00,4.976585e+00,4.650213e+00,4.631821e+00,4.718840e+00,4.771020e+00,4.997058e+00,4.899591e+00,4.797805e+00,4.778102e+00,4.748536e+00,4.516198e+00,4.793990e+00,4.868085e+00,4.513548e+00,4.915215e+00,5.033846e+00,4.748884e+00,4.619518e+00,4.887086e+00,4.754929e+00,4.686070e+00,4.876992e+00,4.721904e+00,5.006930e+00,4.968934e+00,4.634664e+00,4.578226e+00,4.829705e+00,4.842361e+00,4.928541e+00,5.010247e+00,4.767866e+00,4.763464e+00,4.909621e+00,4.782766e+00,4.924462e+00,5.240279e+00,4.706350e+00,4.606685e+00,4.602010e+00,4.715291e+00,4.802085e+00,5.094704e+00,4.591334e+00,4.053295e+00,4.636355e+00,8.542405e+00,8.003667e+00,4.309067e+00,5.251676e+00,9.447232e+00,4.311396e+00,4.564725e+00,4.462449e+00,5.119189e+00,4.991094e+00,9.720737e+00,9.084903e+00,4.172707e+00,4.590429e+00,4.085367e+00,5.392587e+00,5.235476e+00,4.649864e+00,5.922533e+00,5.986580e+00,8.048570e+00,4.342681e+00,5.339142e+00,6.907198e+00,5.056716e+00,5.676100e+00,4.403557e+00,4.557860e+00,7.317551e+00,4.975123e+00,7.016666e+00,9.265022e+00,5.325219e+00,4.975972e+00,4.728180e+00,6.607507e+00,4.943811e+00,4.502466e+00,4.442771e+00,4.310314e+00,4.184828e+00,4.889483e+00,5.001977e+00,4.987468e+00,4.383030e+00,4.445873e+00,5.180594e+00,5.217688e+00,4.830743e+00,4.273353e+00,4.418447e+00,5.447174e+00,5.245042e+00,4.628012e+00,7.538606e+00,5.053997e+00,4.994410e+00,4.738053e+00,4.639605e+00,4.517392e+00,4.935494e+00,5.305496e+00,5.412679e+00,4.396128e+00,4.808606e+00,4.601132e+00,4.647030e+00,4.725156e+00,9.405220e+00,4.882291e+00,3.978676e+00,7.537394e+00,4.305177e+00,4.258797e+00,4.964021e+00,6.765905e+00,4.179650e+00,4.713278e+00,4.353631e+00,4.400028e+00,4.391497e+00,4.036044e+00,4.617537e+00,4.127721e+00,3.769634e+00,3.922716e+00,4.678311e+00,4.661122e+00,4.991356e+00,6.061960e+00,4.073384e+00,5.120741e+00,4.275654e+00,4.017737e+00,5.141778e+00,4.591522e+00,4.770576e+00,5.021538e+00,5.338448e+00,4.674072e+00,4.413457e+00,4.456496e+00,4.028641e+00,3.792133e+00,5.258270e+00,4.229917e+00,4.825357e+00,3.969448e+00,4.670139e+00,4.880078e+00,4.815792e+00,4.521985e+00,4.643528e+00,4.967446e+00,4.797468e+00,4.910691e+00,4.454316e+00,4.866293e+00,4.675905e+00,4.594349e+00,4.355097e+00,4.559034e+00,5.065679e+00,5.047933e+00,4.533754e+00,4.262943e+00,4.960736e+00,5.540673e+00,4.610646e+00,3.868034e+00,4.790359e+00,4.850460e+00,4.999914e+00,8.533332e+00,5.000742e+00,4.761842e+00,4.827073e+00,4.962775e+00,4.814121e+00,4.948080e+00,4.926864e+00,4.689077e+00,4.811236e+00,4.869235e+00,4.687715e+00,4.017402e+00,4.857513e+00,4.647159e+00,4.928070e+00,4.580587e+00,4.809660e+00,4.819635e+00,4.723369e+00,4.903773e+00,4.850788e+00,4.942417e+00,4.941314e+00,4.654347e+00,4.923959e+00,4.880449e+00,4.869495e+00,4.708515e+00,4.945108e+00,4.820907e+00,5.017956e+00,4.781151e+00,4.659171e+00
4.987135e+00,5.026202e+00,4.670377e+00,4.259912e+00,4.764082e+00,4.770755e+00,4.889654e+00,4.711839e+00,4.592466e+00,4.847358e+00,4.939758e+00,4.575545e+00,4.776743e+00,4.272768e+00,4.919838e+00,4.901332e+00,4.987005e+00,4.718776e+00,4.854387e+00,4.799969e+00,4.639214e+00,4.777769e+00,4.807293e+00,4.772266e+00,4.758512e+00,4.570410e+00,4.760766e+00,4.789586e+00,4.805108e+00,4.553117e+00,4.698626e+00,5.001241e+00,4.607409e+00,4.732742e+00,4.820692e+00,4.761066e+00,4.699381e+00,4.841350e+00,4.931818e+00,4.615787e+00,4.624031e+00,4.768104e+00,4.588801e+00,4.765139e+00,4.783744e+00,4.861933e+00,4.857023e+00,4.998012e+00,4.959091e+00,4.622941e+00,4.858894e+00,4.815922e+00,4.988227e+00,4.802465e+00,4.765389e+00,4.646176e+00,5.109411e+00,4.526850e+00,4.819469e+00,3.739522e+00,8.827240e+00,6.137128e+00,4.207718e+00,3.915017e+00,4.138905e+00,5.080758e+00,4.707664e+00,4.645571e+00,4.116407e+00,4.277428e+00,6.078790e+00,4.559457e+00,7.307017e+00,6.360845e+00,4.611660e+00,5.522263e+00,5.098346e+00,5.525601e+00,8.329494e+00,5.169721e+00,5.003500e+00,4.449679e+00,7.365487e+00,4.889617e+00,9.294120e+00,5.348761e+00,4.584704e+00,4.329829e+00,4.161953e+00,6.210252e+00,4.288898e+00,4.563694e+00,8.452396e+00,4.970634e+00,4.847989e+00,4.411803e+00,4.365015e+00,4.482903e+00,4.315109e+00,3.942280e+00,5.186994e+00,4.549415e+00,4.688866e+00,4.412482e+00,4.868961e+00,5.116268e+00,4.908514e+00,4.941316e+00,5.265554e+00,6.258138e+00,5.437193e+00,4.895728e+00,4.784600e+00,4.201422e+00,6.222928e+00,4.168448e+00,0.000000e+00,3.897246e+00,4.778276e+00,4.014992e+00,7.763029e+00,4.221828e+00,4.614841e+00,4.871733e+00,4.359908e+00,4.283311e+00,4.135577e+00,5.180453e+00,4.657812e+00,4.244378e+00,4.814174e+00,3.955736e+00,4.427145e+00,4.457929e+00,4.764252e+00,4.374466e+00,5.112320e+00,5.486467e+00,4.203383e+00,5.045577e+00,3.910945e+00,3.985697e+00,4.145529e+00,4.543567e+00,4.103171e+00,4.168472e+00,4.442119e+00,4.237674e+00,4.390366e+00,4.854510e+00,9.142320e+00,5.091382e+00,5.477880e+00,4.324338e+00,4.894852e+00,4.294604e+00,8.600005e+00,6.737147e+00,5.118874e+00,4.283120e+00,4.525269e+00,4.663556e+00,4.171603e+00,5.231469e+00,4.354646e+00,4.280563e+00,4.553093e+00,4.667150e+00,4.243079e+00,5.765731e+00,5.049779e+00,5.177270e+00,4.617316e+00,4.968546e+00,4.700650e+00,4.694970e+00,4.083438e+00,5.146844e+00,5.099350e+00,4.946352e+00,5.147952e+00,4.372422e+00,7.222441e+00,4.864904e+00,5.061354e+00,4.838652e+00,4.194020e+00,4.218062e+00,4.962727e+00,4.944189e+00,5.165777e+00,5.035622e+00,5.033345e+00,4.689884e+00,4.011160e+00,5.140467e+00,3.900930e+00,4.426599e+00,4.916308e+00,4.580058e+00,5.010585e+00,4.743856e+00,4.984933e+00,4.857760e+00,4.808708e+00,4.709267e+00,4.901183e+00,4.463236e+00,4.685854e+00,4.859582e+00,4.744568e+00,4.608513e+00,4.745625e+00,4.772267e+00,4.542699e+00,4.837314e+00,4.742803e+00,4.854653e+00,4.773052e+00,4.692320e+00,4.908461e+00,4.833517e+00,4.825328e+00,4.914113e+00,4.788936e+00,4.875234e+00,4.815983e+00,4.531695e+00
4.838784e+00,4.872498e+00,4.729291e+00,4.750170e+00,4.765810e+00,4.720739e+00,4.854312e+00,4.932710e+00,4.826045e+00,4.778050e+00,4.753860e+00,4.885946e+00,4.738503e+00,4.782924e+00,4.613474e+00,4.691158e+00,4.792964e+00,4.997101e+00,4.865183e+00,4.813653e+00,4.723116e+00,4.829165e+00,4.698035e+00,4.520806e+00,4.676968e+00,4.878309e+00,4.773375e+00,4.840197e+00,4.842779e+00,4.989796e+00,4.590340e+00,4.742290e+00,4.789307e+00,4.826101e+00,4.553205e+00,4.772614e+00,4.783971e+00,4.622910e+00,4.620526e+00,4.551875e+00,4.806336e+00,4.844124e+00,4.718538e+00,4.841769e+00,4.693562e+00,5.017803e+00,4.737237e+00,4.713370e+00,4.990120e+00,4.687178e+00,4.772206e+00,4.559678e+00,4.701130e+00,4.919540e+00,4.846836e+00,4.959251e+00,4.804512e+00,4.856440e+00,4.303859e+00,3.856277e+00,4.474040e+00,4.887524e+00,4.496245e+00,4.692469e+00,4.383981e+00,5.466926e+00,3.786051e+00,4.723144e+00,9.811954e+00,3.973792e+00,3.886104e+00,4.565162e+00,0.000000e+00,5.102361e+00,5.445498e+00,6.673316e+00,4.327885e+00,9.261709e+00,6.955945e+00,9.002705e+00,5.100074e+00,5.117013e+00,5.000187e+00,4.447304e+00,4.714009e+00,4.426831e+00,4.652105e+00,4.377120e+00,4.052739e+00,3.725037e+00,4.666454e+00,4.422890e+00,4.994908e+00,4.692285e+00,4.310554e+00,4.535761e+00,9.839360e+00,5.833140e+00,6.684621e+00,4.210347e+00,4.044952e+00,5.740928e+00,3.837771e+00,4.168712e+00,5.052341e+00,4.698445e+00,5.427071e+00,5.478118e+00,4.448118e+00,4.317232e+00,4.642679e+00,9.147913e+00,4.462842e+00,6.975284e+00,7.411391e+00,4.410748e+00,5.164640e+00,4.350213e+00,4.093589e+00,4.122359e+00,4.942732e+00,4.812586e+00,5.216894e+00,3.803379e+00,5.104502e+00,4.692409e+00,5.371652e+00,5.307980e+00,5.255619e+00,4.771100e+00,9.505637e+00,4.099177e+00,4.902134e+00,4.529136e+00,4.316793e+00,4.899094e+00,4.171077e+00,5.208602e+00,4.184422e+00,3.982156e+00,4.238378e+00,4.194952e+00,3.612350e+00,4.808113e+00,3.773621e+00,8.727562e+00,4.541334e+00,4.462784e+00,5.141123e+00,4.872386e+00,4.541195e+00,4.464226e+00,4.517774e+00,5.226986e+00,8.798553e+00,4.033699e+00,4.590884e+00,3.631533e+00,4.628565e+00,4.191183e+00,4.837050e+00,3.417317e+00,4.574451e+00,3.867417e+00,3.921326e+00,4.584637e+00,4.074068e+00,4.924670e+00,5.013812e+00,4.468151e+00,4.762515e+00,5.027842e+00,5.368269e+00,5.107706e+00,4.920760e+00,4.925810e+00,4.876130e+00,4.865043e+00,4.383253e+00,5.066477e+00,4.891668e+00,5.062298e+00,6.424691e+00,4.412205e+00,4.879564e+00,4.890864e+00,4.392198e+00,5.207433e+00,7.084353e+00,4.155364e+00,5.403154e+00,4.809778e+00,5.026686e+00,4.612486e+00,4.918840e+00,4.678827e+00,4.566131e+00,4.721238e+00,5.083817e+00,4.811419e+00,4.966686e+00,4.748305e+00,4.669894e+00,5.143300e+00,4.434425e+00,4.833449e+00,5.111090e+00,4.821956e+00,4.806597e+00,4.888838e+00,4.827644e+00,5.036324e+00,4.881239e+00,4.818720e+00,4.632425e+00,5.013598e+00,4.997129e+00,4.910083e+00,4.852315e+00,4.941159e+00,4.421714e+00,4.569683e+00,4.570594e+00,4.874022e+00,4.780050e+00,4.572476e+00,4.797301e+00,4.792141e+00
4.852099e+00,4.956082e+00,4.618203e+00,5.122798e+00,4.920139e+00,4.776794e+00,4.903785e+00,4.691667e+00,4.779606e+00,4.763501e+00,4.728255e+00,4.849493e+00,4.958085e+00,4.769335e+00,4.856652e+00,4.577612e+00,4.927429e+00,4.984591e+00,4.763781e+00,4.778175e+00,4.748989e+00,4.602942e+00,4.899527e+00,4.805070e+00,4.956022e+00,4.665104e+00,4.740758e+00,4.502246e+00,5.013937e+00,5.059422e+00,4.631914e+00,4.571483e+00,4.838433e+00,4.687362e+00,4.992448e+00,4.905152e+00,4.844403e+00,5.100274e+00,4.904115e+00,4.807642e+00,4.825047e+00,4.733271e+00,4.763489e+00,4.770450e+00,4.502816e+00,4.607526e+00,5.000757e+00,4.868320e+00,4.608940e+00,4.970997e+00,4.935050e+00,4.908586e+00,4.367903e+00,4.794653e+00,4.724778e+00,4.920994e+00,4.715926e+00,4.553960e+00,4.928314e+00,4.591958e+00,4.574759e+00,4.860607e+00,0.000000e+00,4.344896e+00,3.827100e+00,3.858519e+00,4.290758e+00,8.190219e+00,6.202351e+00,7.523930e+00,5.453947e+00,5.165913e+00,7.594108e+00,4.198435e+00,4.929818e+00,4.677971e+00,4.636322e+00,4.672940e+00,4.500962e+00,4.792738e+00,4.856863e+00,4.487094e+00,9.142878e+00,4.776665e+00,4.688197e+00,4.265828e+00,4.961060e+00,4.514205e+00,4.820792e+00,4.313499e+00,5.251752e+00,4.754923e+00,4.550606e+00,4.442017e+00,4.552799e+00,4.378436e+00,7.245533e+00,4.784987e+00,4.625007e+00,5.092100e+00,4.957778e+00,6.680405e+00,4.266400e+00,9.075437e+00,6.019523e+00,9.172391e+00,7.688622e+00,4.431133e+00,5.678565e+00,6.030686e+00,4.431824e+00,4.882613e+00,4.847961e+00,9.191357e+00,4.308638e+00,3.824997e+00,3.928173e+00,5.419605e+00,4.869945e+00,5.830201e+00,5.445918e+00,4.181385e+00,5.173703e+00,4.664811e+00,4.186752e+00,5.915882e+00,4.663556e+00,8.976036e+00,5.277546e+00,5.815613e+00,4.977944e+00,4.905460e+00,4.548342e+00,5.733645e+00,5.121308e+00,5.116610e+00,4.571721e+00,9.330451e+00,5.120819e+00,5.043214e+00,5.185971e+00,8.256554e+00,9.900781e+00,3.908635e+00,4.685139e+00,3.908073e+00,4.629883e+00,4.530275e+00,4.748004e+00,4.051474e+00,5.378130e+00,5.134364e+00,4.652422e+00,5.204726e+00,4.314062e+00,4.945137e+00,6.715308e+00,3.859875e+00,5.671338e+00,4.661249e+00,4.243713e+00,5.024122e+00,4.401885e+00,4.320582e+00,4.018702e+00,4.048062e+00,4.773611e+00,4.406148e+00,4.265678e+00,4.904110e+00,4.115140e+00,4.796728e+00,3.970946e+00,4.823019e+00,5.006586e+00,4.560534e+00,4.363241e+00,4.903739e+00,4.839609e+00,4.580441e+00,4.759675e+00,4.327485e+00,5.195179e+00,4.711126e+00,5.208412e+00,5.134810e+00,4.821264e+00,4.880650e+00,4.376380e+00,4.824360e+00,4.541311e+00,4.835862e+00,4.283537e+00,4.764935e+00,5.341770e+00,4.905207e+00,4.812621e+00,4.598263e+00,4.498657e+00,4.895668e+00,4.976881e+00,4.888409e+00,4.638217e+00,4.852865e+00,4.493909e+00,4.656056e+00,4.961728e+00,5.088283e+00,4.965712e+00,5.032242e+00,4.783333e+00,4.793754e+00,4.613756e+00,4.804605e+00,4.817229e+00,4.951006e+00,4.585618e+00,4.706226e+00,4.933454e+00,4.799028e+00,4.675121e+00,4.760834e+00,4.883122e+00,4.777923e+00,4.600358e+00,4.959441e+00,4.653223e+00,4.925236e+00
4.715721e+00,4.958846e+00,4.976995e+00,4.811148e+00,4.920690e+00,4.858324e+00,4.955504e+00,4.699651e+00,4.687001e+00,4.720758e+00,5.083935e+00,4.968495e+00,4.976034e+00,4.916677e+00,4.514736e+00,4.716121e+00,4.861694e+00,4.792671e+00,5.015850e+00,4.847522e+00,4.785889e+00,4.825392e+00,4.706025e+00,4.854267e+00,4.928791e+00,4.732257e+00,4.670298e+00,5.032802e+00,4.540664e+00,5.003856e+00,4.678428e+00,4.891740e+00,4.795515e+00,4.835897e+00,4.881296e+00,4.595059e+00,4.897377e+00,4.756188e+00,4.903586e+00,4.761815e+00,4.601785e+00,4.877900e+00,4.850232e+00,4.904818e+00,4.868428e+00,4.679883e+00,4.685678e+00,5.008601e+00,4.566028e+00,4.758149e+00,5.089818e+00,4.606432e+00,4.695403e+00,4.911628e+00,4.954430e+00,4.857704e+00,4.665465e+00,5.073741e+00,4.948954e+00,3.691692e+00,5.117109e+00,5.130599e+00,5.567199e+00,5.192856e+00,4.270704e+00,3.945088e+00,9.662161e+00,3.830161e+00,4.454086e+00,5.979821e+00,5.843423e+00,5.612312e+00,4.886365e+00,4.189884e+00,5.852677e+00,5.845587e+00,4.983085e+00,7.155972e+00,3.928087e+00,4.468442e+00,5.234552e+00,7.426875e+00,8.396404e+00,9.538145e+00,5.954043e+00,7.536578e+00,4.940647e+00,5.913910e+00,9.453486e+00,4.295718e+00,4.635540e+00,4.842885e+00,4.662316e+00,4.851389e+00,4.111090e+00,4.102082e+00,4.964787e+00,8.912735e+00,3.951589e+00,4.017224e+00,4.555814e+00,7.069071e+00,9.422061e+00,8.587506e+00,4.438685e+00,5.669552e+00,4.344456e+00,5.056828e+00,4.763104e+00,5.279049e+00,4.554619e+00,5.121270e+00,4.818922e+00,5.693473e+00,5.396947e+00,5.298168e+00,5.132631e+00,4.066457e+00,4.974369e+00,4.316660e+00,3.566120e+00,5.497316e+00,4.989143e+00,4.928846e+00,4.818778e+00,5.080911e+00,6.939246e+00,4.437145e+00,4.299679e+00,4.925578e+00,4.679369e+00,6.387806e+00,5.161983e+00,4.940516e+00,4.775496e+00,4.311188e+00,4.586307e+00,4.802395e+00,3.950865e+00,4.118932e+00,5.665280e+00,9.189585e+00,5.751840e+00,5.329893e+00,7.362230e+00,9.253799e+00,5.253344e+00,4.353282e+00,4.972013e+00,4.292465e+00,5.484050e+00,9.152576e+00,4.897027e+00,4.554577e+00,5.797302e+00,5.097031e+00,4.877925e+00,4.817159e+00,5.236990e+00,4.806995e+00,4.649107e+00,4.719866e+00,4.571293e+00,4.358404e+00,4.181405e+00,4.835232e+00,4.659801e+00,4.604625e+00,4.377386e+00,4.865301e+00,4.392153e+00,4.744534e+00,4.852747e+00,5.152190e+00,5.014425e+00,4.788824e+00,4.197052e+00,4.584977e+00,5.107500e+00,5.098332e+00,4.955869e+00,4.933937e+00,4.844363e+00,5.249750e+00,4.668205e+00,4.923050e+00,4.246337e+00,4.372961e+00,4.002196e+00,5.126592e+00,4.915260e+00,4.865226e+00,4.945997e+00,4.850513e+00,4.956663e+00,4.798711e+00,4.927073e+00,4.882423e+00,4.888368e+00,5.129374e+00,4.665949e+00,5.050081e+00,5.058556e+00,4.090715e+00,4.812899e+00,4.464361e+00,4.670261e+00,5.019874e+00,4.845413e+00,4.830939e+00,4.733631e+00,4.724809e+00,4.967119e+00,4.899649e+00,4.826508e+00,4.691509e+00,4.958295e+00,4.449417e+00,4.767031e+00,4.955843e+00,4.849508e+00,4.748080e+00,4.867958e+00,4.553192e+00,4.908652e+00,4.943465e+00,4.704076e+00,4.818863e+00
4.764468e+00,4.615026e+00,4.875865e+00,4.943975e+00,4.871153e+00,4.853628e+00,4.796904e+00,4.859442e+00,4.973827e+00,4.629540e+00,4.862352e+00,4.834644e+00,4.770464e+00,4.817734e+00,4.655922e+00,4.701607e+00,4.767746e+00,4.723328e+00,4.764711e+00,4.827326e+00,4.745104e+00,4.936482e+00,4.603889e+00,4.588671e+00,4.778869e+00,4.883628e+00,4.912404e+00,4.956388e+00,4.627797e+00,4.981663e+00,4.854757e+00,5.039272e+00,4.806357e+00,4.726875e+00,4.586820e+00,5.066376e+00,4.870652e+00,4.900437e+00,4.926130e+00,4.911638e+00,4.868379e+00,4.926468e+00,4.806604e+00,4.834412e+00,4.905107e+00,4.633285e+00,4.974821e+00,4.943137e+00,4.932573e+00,5.033693e+00,4.783349e+00,4.703040e+00,4.954694e+00,4.840112e+00,4.842060e+00,4.899789e+00,4.970275e+00,4.899637e+00,4.811456e+00,4.566235e+00,4.598348e+00,4.711695e+00,4.860204e+00,3.502900e+00,4.175464e+00,5.264675e+00,4.318243e+00,4.814551e+00,4.920037e+00,4.711590e+00,8.891135e+00,9.993998e+00,6.343803e+00,5.192223e+00,4.851413e+00,4.007965e+00,4.429715e+00,7.288625e+00,7.615377e+00,6.346238e+00,5.479563e+00,4.848277e+00,4.664353e+00,4.852663e+00,4.364819e+00,5.039835e+00,5.995725e+00,8.256597e+00,7.999767e+00,4.905584e+00,3.978135e+00,4.337516e+00,8.265147e+00,5.276409e+00,4.313559e+00,5.092010e+00,3.964849e+00,5.093893e+00,4.350347e+00,4.476378e+00,5.270895e+00,4.565070e+00,5.191915e+00,4.522701e+00,5.173698e+00,5.847358e+00,4.407618e+00,4.170880e+00,4.316440e+00,5.860729e+00,5.145605e+00,5.709238e+00,4.663934e+00,6.937412e+00,4.773723e+00,5.596881e+00,4.780542e+00,4.404895e+00,4.701344e+00,4.443092e+00,5.145667e+00,6.644786e+00,4.586557e+00,5.716224e+00,4.156605e+00,4.783300e+00,9.522531e+00,4.877677e+00,4.207095e+00,3.917287e+00,5.166338e+00,4.053160e+00,4.237037e+00,4.214418e+00,4.401251e+00,4.078661e+00,4.941627e+00,4.278232e+00,4.750144e+00,6.286537e+00,4.817664e+00,5.742287e+00,4.164957e+00,4.645580e+00,4.659982e+00,5.774381e+00,4.249173e+00,5.346567e+00,4.885169e+00,4.765670e+00,4.376279e+00,3.863180e+00,4.469691e+00,6.034173e+00,5.016127e+00,5.498233e+00,4.477375e+00,5.082245e+00,3.803159e+00,4.677710e+00,4.955635e+00,4.782518e+00,4.884752e+00,4.598096e+00,3.877769e+00,4.698115e+00,4.776948e+00,5.039686e+00,5.158846e+00,5.046528e+00,4.466162e+00,4.805750e+00,4.903106e+00,4.702187e+00,4.554959e+00,5.592782e+00,4.092536e+00,4.631782e+00,4.935731e+00,4.280318e+00,4.826604e+00,4.977508e+00,3.621832e+00,4.956764e+00,4.777032e+00,5.179360e+00,5.470360e+00,4.877518e+00,4.497009e+00,3.898177e+00,5.265956e+00,4.871324e+00,4.993467e+00,5.118482e+00,5.263328e+00,5.074338e+00,4.761671e+00,4.712054e+00,4.811976e+00,4.979552e+00,4.941352e+00,4.706652e+00,5.148645e+00,5.080194e+00,4.901303e+00,4.790802e+00,4.670048e+00,4.815379e+00,4.967559e+00,5.022095e+00,4.951412e+00,4.921136e+00,4.767133e+00,4.797023e+00,4.950362e+00,4.717926e+00,4.959316e+00,4.605916e+00,4.808725e+00,4.320190e+00,4.681287e+00,4.844718e+00,4.946582e+00,4.796403e+00,4.666063e+00,4.965929e+00,4.725280e+00,4.881616e+00
4.884656e+00,4.926318e+00,4.954059e+00,4.906696e+00,4.799621e+00,4.747845e+00,4.852519e+00,4.568119e+00,4.874770e+00,4.525580e+00,4.745753e+00,4.676891e+00,4.647258e+00,4.834297e+00,4.800380e+00,4.775357e+00,4.815038e+00,4.857003e+00,4.692641e+00,4.897731e+00,4.653854e+00,4.530250e+00,4.756083e+00,4.846101e+00,4.681603e+00,4.840030e+00,4.829284e+00,4.899317e+00,4.785416e+00,4.782806e+00,4.622158e+00,4.715745e+00,4.909365e+00,5.084141e+00,4.681219e+00,4.644515e+00,4.924771e+00,4.861035e+00,4.829284e+00,4.701140e+00,4.698278e+00,4.661996e+00,4.812633e+00,4.626390e+00,4.722507e+00,4.656165e+00,4.590397e+00,4.796145e+00,4.696408e+00,5.107377e+00,4.989141e+00,4.996115e+00,4.733976e+00,4.619904e+00,4.746491e+00,4.713286e+00,4.720882e+00,4.738990e+00,4.848981e+00,4.908971e+00,4.826433e+00,5.035296e+00,4.423127e+00,5.789186e+00,3.258799e+00,3.556660e+00,4.419926e+00,5.525073e+00,4.196327e+00,4.188358e+00,0.000000e+00,4.148629e+00,6.825788e+00,5.335405e+00,6.928957e+00,5.255181e+00,7.620908e+00,9.423408e+00,6.910233e+00,4.594751e+00,4.583935e+00,5.488511e+00,5.805348e+00,4.910960e+00,5.453128e+00,3.930830e+00,4.231582e+00,4.266287e+00,6.810477e+00,8.783038e+00,4.115389e+00,9.328052e+00,4.644206e+00,4.285914e+00,4.649264e+00,4.742063e+00,5.411341e+00,6.446922e+00,7.958091e+00,6.540595e+00,7.161563e+00,4.566871e+00,4.309361e+00,4.408101e+00,9.386252e+00,4.518621e+00,7.539670e+00,4.851640e+00,4.803037e+00,6.493161e+00,9.080548e+00,4.133309e+00,5.030590e+00,4.291661e+00,4.351432e+00,4.303760e+00,3.418211e+00,8.537104e+00,6.320074e+00,5.094461e+00,5.420012e+00,5.163846e+00,5.144573e+00,5.225813e+00,4.046513e+00,3.844277e+00,5.921321e+00,5.174375e+00,4.400768e+00,4.777630e+00,4.672863e+00,4.555798e+00,5.059461e+00,9.037321e+00,5.093088e+00,5.149328e+00,5.822979e+00,5.335174e+00,7.282535e+00,5.008661e+00,3.902311e+00,4.103950e+00,5.344039e+00,8.880628e+00,5.129106e+00,4.605019e+00,4.700778e+00,4.816943e+00,3.902518e+00,4.696672e+00,4.279222e+00,4.173301e+00,5.057088e+00,4.581042e+00,4.729021e+00,4.982963e+00,4.880573e+00,4.658696e+00,4.896688e+00,4.807288e+00,5.124678e+00,4.859970e+00,4.690685e+00,4.944668e+00,4.599338e+00,4.739218e+00,4.965712e+00,4.833503e+00,4.781931e+00,4.290134e+00,4.050978e+00,5.196473e+00,4.894678e+00,4.644286e+00,5.058782e+00,5.253007e+00,4.955730e+00,3.588815e+00,5.008034e+00,4.891866e+00,4.491330e+00,4.429276e+00,4.866262e+00,4.448971e+00,4.434165e+00,4.188273e+00,6.969467e+00,4.699262e+00,4.715334e+00,4.869573e+00,5.081951e+00,5.155617e+00,4.990441e+00,5.015812e+00,4.803760e+00,4.907151e+00,4.831659e+00,4.826680e+00,4.509185e+00,5.083939e+00,3.879126e+00,5.110965e+00,4.969047e+00,5.115690e+00,4.918062e+00,5.090075e+00,4.654512e+00,4.855759e+00,4.693959e+00,4.551851e+00,4.727851e+00,4.827506e+00,4.962127e+00,4.358524e+00,4.991036e+00,4.807163e+00,4.658738e+00,4.664751e+00,5.072140e+00,4.803581e+00,4.836509e+00,4.983738e+00,4.702744e+00,4.861340e+00,4.786129e+00,4.820249e+00,4.716994e+00,4.751211e+00
4.676816e+00,4.592619e+00,4.880557e+00,4.748701e+00,4.793500e+00,4.784706e+00,4.871685e+00,4.752361e+00,4.802258e+00,4.965853e+00,5.009406e+00,4.781391e+00,4.921065e+00,4.778096e+00,4.787730e+00,4.925677e+00,4.463039e+00,4.842377e+00,4.858319e+00,4.632474e+00,4.931468e+00,4.910331e+00,4.824602e+00,4.908136e+00,4.510350e+00,4.694981e+00,5.024514e+00,4.911744e+00,4.881361e+00,4.672359e+00,4.867130e+00,4.858172e+00,5.011750e+00,4.762011e+00,4.765981e+00,4.679101e+00,4.743828e+00,4.515926e+00,4.944851e+00,4.796991e+00,4.871196e+00,4.959464e+00,4.764268e+00,4.849054e+00,4.744036e+00,5.035003e+00,4.887988e+00,4.868119e+00,4.902305e+00,5.131605e+00,4.785666e+00,4.821817e+00,5.150115e+00,4.713600e+00,4.675377e+00,4.702206e+00,4.767072e+00,4.826152e+00,4.936671e+00,4.988737e+00,4.852640e+00,4.965361e+00,4.875432e+00,3.421766e+00,3.723072e+00,4.850169e+00,7.750455e+00,5.362274e+00,4.566165e+00,5.051016e+00,9.971820e+00,7.068402e+00,5.670587e+00,6.047200e+00,5.570568e+00,8.955205e+00,9.044248e+00,9.387493e+00,6.327328e+00,3.720879e+00,4.317431e+00,4.616819e+00,4.936528e+00,5.476624e+00,4.393733e+00,8.013536e+00,4.318610e+00,5.684418e+00,5.560376e+00,4.744174e+00,3.971871e+00,5.206816e+00,5.304292e+00,5.627530e+00,8.319089e+00,4.826851e+00,5.251012e+00,4.890447e+00,9.721840e+00,4.405524e+00,4.734551e+00,4.870902e+00,5.006393e+00,4.095666e+00,4.286225e+00,4.118169e+00,4.537752e+00,4.061723e+00,4.370333e+00,4.817052e+00,4.671610e+00,4.804010e+00,4.804474e+00,5.354567e+00,4.980767e+00,5.029316e+00,8.896716e+00,5.928526e+00,5.191977e+00,4.125936e+00,4.050125e+00,4.420575e+00,5.055913e+00,4.935203e+00,4.308716e+00,5.666422e+00,4.453305e+00,4.383997e+00,0.000000e+00,4.237152e+00,3.933376e+00,3.895321e+00,5.312029e+00,4.454087e+00,5.983628e+00,4.313362e+00,4.077252e+00,4.297025e+00,4.008203e+00,7.424060e+00,4.304111e+00,4.785813e+00,4.940495e+00,4.488316e+00,5.173025e+00,4.993874e+00,8.341288e+00,5.212887e+00,4.824745e+00,4.880905e+00,4.064195e+00,4.836808e+00,5.513352e+00,4.709159e+00,3.959656e+00,5.145375e+00,5.188205e+00,5.218105e+00,4.753663e+00,4.767499e+00,5.138699e+00,4.113101e+00,4.679781e+00,4.736726e+00,4.511460e+00,4.861046e+00,4.905635e+00,4.907928e+00,5.216785e+00,4.803395e+00,4.923657e+00,4.555588e+00,5.176220e+00,4.617824e+00,4.979735e+00,4.988480e+00,4.671186e+00,5.113360e+00,4.452626e+00,4.723168e+00,4.180908e+00,4.504279e+00,4.483013e+00,4.902723e+00,4.722199e+00,5.171218e+00,3.886716e+00,4.488812e+00,4.678709e+00,4.756167e+00,4.845087e+00,5.030830e+00,4.916216e+00,4.948179e+00,4.822182e+00,4.743666e+00,4.694881e+00,4.572519e+00,4.920889e+00,4.466108e+00,4.528060e+00,5.135602e+00,5.069303e+00,4.863845e+00,4.420585e+00,4.840095e+00,4.675240e+00,4.734384e+00,4.990624e+00,4.812533e+00,4.772012e+00,4.838031e+00,4.719730e+00,4.579349e+00,4.859062e+00,4.978931e+00,4.807753e+00,4.470048e+00,4.866532e+00,4.829923e+00,4.842252e+00,4.804849e+00,4.798542e+00,4.937728e+00,5.014903e+00,4.961094e+00,4.757301e+00,4.778004e+00
4.772892e+00,4.704035e+00,4.820208e+00,4.763414e+00,4.432994e+00,4.848930e+00,4.911564e+00,4.638343e+00,4.492406e+00,5.024978e+00,4.755579e+00,4.601811e+00,4.880870e+00,4.503447e+00,4.835868e+00,4.897684e+00,4.821956e+00,4.771116e+00,4.779395e+00,4.633554e+00,4.787042e+00,4.946279e+00,4.785072e+00,4.747579e+00,4.656624e+00,4.724052e+00,4.807317e+00,4.977698e+00,4.556828e+00,4.586851e+00,4.795136e+00,4.693153e+00,4.648482e+00,4.853032e+00,4.765583e+00,4.662100e+00,4.345647e+00,4.821618e+00,4.670322e+00,4.681851e+00,4.658735e+00,4.955208e+00,4.714655e+00,4.722744e+00,4.791504e+00,4.942951e+00,4.795408e+00,4.868759e+00,4.458265e+00,5.010816e+00,4.833223e+00,4.771868e+00,5.245431e+00,4.911801e+00,4.647676e+00,5.081507e+00,4.382031e+00,4.982107e+00,4.712202e+00,5.239005e+00,4.890266e+00,4.932035e+00,4.972890e+00,4.987400e+00,4.019593e+00,4.829222e+00,4.348306e+00,5.129661e+00,5.557363e+00,4.280709e+00,3.645601e+00,4.426901e+00,9.510910e+00,5.040430e+00,8.836053e+00,0.000000e+00,4.727453e+00,6.236806e+00,6.381882e+00,4.428557e+00,4.050457e+00,9.600041e+00,5.014454e+00,5.336334e+00,4.378743e+00,4.527573e+00,4.181741e+00,4.673743e+00,8.987170e+00,4.506576e+00,4.936991e+00,5.038221e+00,5.047134e+00,4.522840e+00,4.468776e+00,8.146423e+00,6.020584e+00,4.375364e+00,5.571692e+00,3.963439e+00,5.162387e+00,4.738943e+00,4.719102e+00,3.874125e+00,4.595470e+00,3.789354e+00,5.812859e+00,4.740985e+00,5.379047e+00,3.945855e+00,5.062462e+00,4.668686e+00,4.956429e+00,7.160552e+00,4.065678e+00,4.101873e+00,5.288214e+00,7.431353e+00,5.826863e+00,4.971546e+00,4.275132e+00,4.813142e+00,4.590637e+00,4.224710e+00,4.677562e+00,4.823821e+00,3.880425e+00,4.223586e+00,5.035246e+00,9.269517e+00,3.920653e+00,5.278526e+00,4.189278e+00,5.909743e+00,4.725766e+00,4.348907e+00,5.067105e+00,3.984851e+00,4.778310e+00,4.733515e+00,4.795753e+00,3.973243e+00,3.906417e+00,4.868447e+00,5.070671e+00,3.858371e+00,4.950820e+00,5.891021e+00,4.816548e+00,4.629993e+00,9.118927e+00,6.453343e+00,4.126830e+00,4.238507e+00,4.021648e+00,5.286503e+00,4.928830e+00,4.939626e+00,4.849338e+00,4.745413e+00,4.708240e+00,4.778098e+00,4.962931e+00,4.516331e+00,4.981032e+00,4.637302e+00,5.027965e+00,4.498097e+00,4.971764e+00,5.130211e+00,4.942488e+00,4.840976e+00,5.145396e+00,4.019591e+00,4.912115e+00,4.657172e+00,4.961848e+00,5.351544e+00,5.661856e+00,4.262581e+00,4.249670e+00,4.542040e+00,5.050294e+00,4.581308e+00,4.277427e+00,4.777444e+00,4.175885e+00,4.151316e+00,4.684386e+00,4.763490e+00,4.800292e+00,5.058397e+00,5.025748e+00,4.887399e+00,4.745761e+00,4.393579e+00,4.641041e+00,4.584487e+00,4.094875e+00,4.970287e+00,4.872599e+00,5.477772e+00,4.741604e+00,4.689631e+00,4.805348e+00,4.672857e+00,4.889019e+00,4.875993e+00,5.073553e+00,4.932345e+00,4.816603e+00,5.061478e+00,4.748542e+00,4.640100e+00,4.723970e+00,4.882288e+00,4.869849e+00,4.742509e+00,4.854203e+00,4.788602e+00,4.921855e+00,4.939280e+00,4.792047e+00,4.917534e+00,4.528941e+00,4.697756e+00,4.962301e+00,4.850685e+00
4.765623e+00,4.696595e+00,5.010001e+00,4.632763e+00,4.796780e+00,4.807420e+00,4.464320e+00,4.932907e+00,4.743660e+00,4.718204e+00,4.752138e+00,4.753883e+00,4.567331e+00,4.632200e+00,4.845014e+00,4.810254e+00,4.600714e+00,4.999978e+00,4.704779e+00,4.901240e+00,4.775368e+00,4.566336e+00,4.556256e+00,4.872060e+00,4.784240e+00,4.885181e+00,5.022920e+00,4.871223e+00,5.034822e+00,4.768603e+00,4.900742e+00,4.692581e+00,4.749523e+00,4.686122e+00,4.948386e+00,4.886028e+00,4.618343e+00,4.696416e+00,4.766326e+00,4.868940e+00,4.884828e+00,4.957813e+00,4.810593e+00,5.037628e+00,4.808253e+00,4.680993e+00,5.019605e+00,4.853804e+00,5.054088e+00,4.805687e+00,4.828092e+00,4.995185e+00,4.676597e+00,4.846927e+00,4.955605e+00,4.590693e+00,4.657222e+00,4.740472e+00,4.903689e+00,4.924094e+00,4.924728e+00,4.778106e+00,4.799055e+00,5.177878e+00,4.023033e+00,4.581380e+00,3.876869e+00,4.525537e+00,3.392056e+00,4.809743e+00,8.685955e+00,3.843461e+00,5.135592e+00,3.944869e+00,4.078028e+00,3.982305e+00,6.570300e+00,8.659556e+00,5.455607e+00,4.380193e+00,5.798077e+00,7.073693e+00,4.402086e+00,4.947819e+00,4.968145e+00,5.123463e+00,4.168622e+00,4.309892e+00,6.669123e+00,5.500118e+00,4.802813e+00,5.179481e+00,4.740232e+00,4.944249e+00,3.644338e+00,4.589878e+00,4.213114e+00,4.568645e+00,4.570067e+00,4.328991e+00,4.060776e+00,4.178826e+00,5.456268e+00,5.077755e+00,5.071249e+00,6.395380e+00,5.111103e+00,7.079121e+00,3.825673e+00,4.757798e+00,4.323934e+00,9.527630e+00,7.800563e+00,5.220469e+00,4.265420e+00,4.805903e+00,5.128297e+00,4.803259e+00,4.431069e+00,8.799855e+00,4.630745e+00,5.019146e+00,4.051102e+00,4.845253e+00,4.996479e+00,4.597620e+00,5.033112e+00,4.889612e+00,4.879868e+00,4.553250e+00,4.727502e+00,5.178908e+00,4.459907e+00,4.061760e+00,4.673549e+00,3.787249e+00,4.653991e+00,4.729538e+00,4.223351e+00,4.597238e+00,4.234941e+00,4.223581e+00,4.683748e+00,4.508619e+00,5.223928e+00,5.894011e+00,5.156286e+00,3.677799e+00,4.645859e+00,5.047752e+00,4.399621e+00,4.833467e+00,4.279335e+00,5.029892e+00,4.770308e+00,4.824383e+00,4.747362e+00,4.654544e+00,4.906126e+00,4.669469e+00,4.583951e+00,4.767263e+00,4.698494e+00,5.019956e+00,4.714131e+00,4.650826e+00,4.830932e+00,5.250836e+00,5.217023e+00,5.158335e+00,4.843264e+00,5.021722e+00,5.511169e+00,5.004975e+00,4.578437e+00,4.269845e+00,3.837843e+00,4.797203e+00,4.177847e+00,4.863181e+00,5.140954e+00,5.660562e+00,4.882007e+00,4.963181e+00,4.827017e+00,4.959178e+00,4.585990e+00,4.890646e+00,4.823122e+00,5.013167e+00,4.931798e+00,5.001770e+00,4.951967e+00,4.821843e+00,4.914610e+00,4.678801e+00,4.700745e+00,4.545318e+00,4.692502e+00,5.256345e+00,4.875882e+00,4.926240e+00,4.908913e+00,4.770160e+00,4.694432e+00,4.803697e+00,4.917593e+00,4.829343e+00,4.874562e+00,4.918706e+00,4.862290e+00,5.035631e+00,4.691304e+00,4.821362e+00,4.710987e+00,4.884597e+00,4.814701e+00,4.708825e+00,4.858440e+00,4.934714e+00,4.883348e+00,4.998432e+00,4.891582e+00,4.656778e+00,4.759506e+00,4.934613e+00,4.675026e+00,4.860159e+00
4.637660e+00,4.806465e+00,4.798439e+00,4.817061e+00,4.765734e+00,4.876876e+00,4.468681e+00,4.777836e+00,4.984073e+00,4.904885e+00,4.496613e+00,4.341499e+00,4.842912e+00,4.662565e+00,4.746194e+00,4.925625e+00,4.517499e+00,4.401099e+00,4.853557e+00,4.929535e+00,4.606273e+00,4.895159e+00,5.016418e+00,4.724512e+00,4.801353e+00,4.721236e+00,4.435182e+00,4.820380e+00,4.872288e+00,4.764111e+00,4.870092e+00,4.733994e+00,4.538572e+00,4.688914e+00,4.792774e+00,4.672901e+00,4.957138e+00,4.802362e+00,4.590292e+00,4.718465e+00,4.621833e+00,4.742966e+00,4.712889e+00,4.833470e+00,4.946087e+00,4.790256e+00,4.710682e+00,4.778753e+00,4.694265e+00,4.791477e+00,4.620426e+00,4.800343e+00,4.924309e+00,4.794757e+00,4.880692e+00,4.540003e+00,4.470018e+00,4.840829e+00,4.713058e+00,4.685130e+00,4.675850e+00,4.899781e+00,4.983333e+00,4.812324e+00,4.285343e+00,3.714759e+00,4.589510e+00,4.591447e+00,4.644664e+00,3.706991e+00,4.832316e+00,7.170474e+00,6.857730e+00,5.506583e+00,5.173873e+00,5.711358e+00,5.014109e+00,4.880664e+00,3.828933e+00,4.272794e+00,4.758330e+00,9.010973e+00,7.729026e+00,5.661086e+00,5.138906e+00,3.983368e+00,5.284151e+00,3.884227e+00,4.944592e+00,3.982910e+00,3.525132e+00,4.685726e+00,4.850946e+00,3.898361e+00,4.482746e+00,4.221529e+00,3.251807e+00,5.900608e+00,4.904437e+00,4.871287e+00,4.254055e+00,3.821097e+00,3.887598e+00,4.669598e+00,4.327109e+00,4.861906e+00,4.602140e+00,4.333573e+00,5.563125e+00,5.244607e+00,5.445925e+00,4.970514e+00,4.914450e+00,4.518262e+00,4.591493e+00,7.983855e+00,4.924812e+00,5.113318e+00,4.961340e+00,4.305693e+00,4.163702e+00,4.208353e+00,4.237191e+00,4.973422e+00,4.925039e+00,5.140755e+00,5.223340e+00,4.799759e+00,5.021464e+00,4.530733e+00,3.966331e+00,3.979665e+00,4.840679e+00,4.780733e+00,4.430859e+00,3.453811e+00,4.265416e+00,6.404024e+00,4.680274e+00,3.843583e+00,4.691148e+00,3.795614e+00,5.007997e+00,4.711626e+00,4.403404e+00,5.303375e+00,3.756587e+00,5.587242e+00,4.716160e+00,5.102749e+00,4.435045e+00,4.867706e+00,4.246929e+00,4.282680e+00,4.536317e+00,4.338783e+00,4.326162e+00,4.724329e+00,4.726248e+00,4.593383e+00,4.723419e+00,4.805824e+00,4.915869e+00,4.910202e+00,5.059785e+00,4.512057e+00,4.121731e+00,4.565503e+00,3.566353e+00,4.478928e+00,4.967240e+00,4.740339e+00,4.642073e+00,5.075148e+00,5.289334e+00,8.915846e+00,4.237047e+00,4.324154e+00,5.068913e+00,4.029517e+00,4.752405e+00,4.754162e+00,3.876710e+00,3.979816e+00,4.673675e+00,4.797594e+00,4.596331e+00,4.787358e+00,4.841585e+00,4.320169e+00,5.023199e+00,4.645295e+00,4.802743e+00,4.687940e+00,4.609442e+00,4.794495e+00,4.807850e+00,4.708498e+00,4.777181e+00,5.102804e+00,4.847962e+00,5.110991e+00,5.027219e+00,4.866852e+00,4.749257e+00,4.844640e+00,4.579879e+00,4.877046e+00,4.740517e+00,4.611550e+00,4.766166e+00,4.775866e+00,4.872244e+00,4.767210e+00,4.848215e+00,4.611478e+00,4.610643e+00,4.870138e+00,4.896194e+00,4.657137e+00,4.693619e+00,4.785192e+00,4.913486e+00,4.908708e+00,4.683368e+00,4.904582e+00,4.683349e+00,5.026476e+00
4.763815e+00,4.637039e+00,4.817361e+00,4.741224e+00,4.643383e+00,4.440047e+00,4.864941e+00,4.894953e+00,4.671384e+00,4.717544e+00,4.730082e+00,4.827526e+00,4.717423e+00,4.749833e+00,4.683860e+00,4.740311e+00,4.765022e+00,4.736104e+00,4.759260e+00,4.427146e+00,4.931668e+00,4.820396e+00,4.911153e+00,4.730783e+00,4.634268e+00,4.944273e+00,4.658700e+00,4.768196e+00,4.861297e+00,4.767966e+00,4.954976e+00,4.717412e+00,4.662399e+00,4.764319e+00,4.753156e+00,4.698075e+00,4.742294e+00,4.646975e+00,4.710078e+00,4.745761e+00,4.644268e+00,4.691098e+00,4.715495e+00,4.875400e+00,4.556207e+00,4.903049e+00,4.526660e+00,4.692057e+00,4.927875e+00,4.878211e+00,4.555257e+00,4.588768e+00,4.772274e+00,5.017923e+00,4.768642e+00,4.652380e+00,4.550785e+00,4.827600e+00,4.748326e+00,4.868658e+00,4.579972e+00,4.578633e+00,4.863910e+00,4.882353e+00,4.688058e+00,4.796081e+00,4.933551e+00,4.363247e+00,4.221239e+00,4.298592e+00,4.128669e+00,4.666219e+00,0.000000e+00,3.097304e+00,9.066551e+00,7.713500e+00,3.806401e+00,5.927804e+00,9.711346e+00,9.309210e+00,4.002688e+00,6.521286e+00,5.137928e+00,4.059832e+00,4.617413e+00,3.841911e+00,4.188768e+00,5.117694e+00,5.447142e+00,4.893782e+00,5.537279e+00,4.854671e+00,4.196093e+00,3.725502e+00,4.611550e+00,4.990699e+00,4.398917e+00,3.754014e+00,4.813766e+00,3.992552e+00,4.756898e+00,4.809845e+00,4.530011e+00,5.212614e+00,4.385828e+00,4.318372e+00,4.361016e+00,3.845967e+00,4.891611e+00,9.163269e+00,5.476788e+00,3.853878e+00,4.911277e+00,5.203084e+00,4.834042e+00,4.648725e+00,4.279718e+00,4.539480e+00,4.097460e+00,4.488182e+00,4.227850e+00,4.991989e+00,4.963178e+00,3.899449e+00,5.164000e+00,4.841801e+00,4.751163e+00,4.808129e+00,4.954018e+00,4.712441e+00,4.570965e+00,5.213880e+00,3.396049e+00,4.736132e+00,3.881024e+00,4.900507e+00,3.616754e+00,3.872572e+00,4.839898e+00,4.028295e+00,3.948347e+00,3.784912e+00,4.546531e+00,4.495888e+00,4.016594e+00,4.006309e+00,4.781101e+00,4.685095e+00,3.978526e+00,4.464990e+00,3.818446e+00,4.862795e+00,5.105384e+00,4.361498e+00,4.881345e+00,4.519725e+00,4.763765e+00,4.904016e+00,4.702664e+00,4.538330e+00,4.728216e+00,4.968339e+00,5.048963e+00,4.637167e+00,4.510541e+00,4.397715e+00,4.731794e+00,5.274397e+00,5.086542e+00,4.980085e+00,4.399620e+00,4.805734e+00,4.778210e+00,3.792573e+00,4.084888e+00,5.170908e+00,3.692404e+00,5.567445e+00,3.471381e+00,3.718847e+00,3.657089e+00,5.161202e+00,4.929033e+00,4.947203e+00,4.793374e+00,4.951242e+00,5.213820e+00,5.237874e+00,5.142586e+00,4.813253e+00,4.616537e+00,4.703520e+00,4.639462e+00,4.706450e+00,5.009236e+00,4.969554e+00,4.558134e+00,4.924762e+00,5.058513e+00,4.849398e+00,4.837129e+00,4.806375e+00,4.906466e+00,4.593192e+00,4.751434e+00,4.566620e+00,4.999931e+00,4.703768e+00,4.720826e+00,4.729990e+00,4.874323e+00,4.878693e+00,4.859240e+00,4.670632e+00,4.839785e+00,4.254773e+00,4.968017e+00,4.904643e+00,4.786133e+00,4.783478e+00,4.136549e+00,4.543011e+00,4.922435e+00,4.924758e+00,4.710853e+00,4.617329e+00,4.629463e+00,4.777997e+00
4.829536e+00,4.704725e+00,4.681033e+00,4.616748e+00,4.892435e+00,4.749249e+00,4.839304e+00,4.802223e+00,4.894679e+00,4.694182e+00,4.831961e+00,4.536162e+00,4.869919e+00,4.904307e+00,4.641587e+00,4.752188e+00,4.786172e+00,4.495018e+00,4.762874e+00,4.768580e+00,4.784992e+00,4.545109e+00,4.924799e+00,4.559743e+00,4.877681e+00,4.745401e+00,4.777610e+00,4.874046e+00,4.785245e+00,4.768452e+00,4.781558e+00,4.690327e+00,4.747994e+00,4.854744e+00,4.313124e+00,4.643027e+00,4.746917e+00,4.901386e+00,4.968756e+00,4.636783e+00,4.869584e+00,4.787959e+00,4.683926e+00,4.747167e+00,4.694802e+00,4.911626e+00,4.784280e+00,4.847033e+00,4.820134e+00,4.843605e+00,4.575016e+00,4.547959e+00,4.808050e+00,4.743936e+00,4.819478e+00,4.915669e+00,5.036388e+00,4.829131e+00,4.800736e+00,4.435303e+00,4.780561e+00,4.781461e+00,4.682975e+00,4.763420e+00,4.960704e+00,4.759172e+00,4.914881e+00,4.825195e+00,4.838215e+00,4.052984e+00,5.004948e+00,5.034558e+00,4.955415e+00,4.245738e+00,5.393995e+00,4.234287e+00,7.137082e+00,6.131159e+00,7.090964e+00,6.228917e+00,9.059127e+00,6.968298e+00,9.168604e+00,5.251239e+00,8.258007e+00,5.625448e+00,4.145933e+00,4.616325e+00,5.443732e+00,5.201240e+00,9.011915e+00,5.377892e+00,5.360255e+00,4.892484e+00,4.157634e+00,6.558085e+00,4.457790e+00,4.223202e+00,4.612448e+00,4.243741e+00,5.183568e+00,7.056846e+00,5.219051e+00,3.722667e+00,4.731787e+00,4.339689e+00,5.127663e+00,5.087472e+00,4.321359e+00,4.930710e+00,3.990200e+00,5.282938e+00,3.675224e+00,4.607593e+00,4.969199e+00,4.259028e+00,5.530643e+00,4.765494e+00,4.986595e+00,3.788672e+00,5.391768e+00,4.953786e+00,4.448042e+00,4.362365e+00,4.433103e+00,4.700824e+00,4.580110e+00,4.981979e+00,4.735717e+00,4.754388e+00,4.787361e+00,4.921027e+00,4.544658e+00,4.768339e+00,5.207305e+00,4.745831e+00,5.095177e+00,4.283908e+00,4.807573e+00,4.825760e+00,4.112566e+00,4.868303e+00,4.480822e+00,5.243188e+00,8.008103e+00,4.652392e+00,4.285028e+00,4.694708e+00,4.685615e+00,4.839362e+00,4.174125e+00,4.996824e+00,4.801850e+00,4.872026e+00,4.773031e+00,4.896271e+00,4.879997e+00,4.721340e+00,4.806305e+00,4.789725e+00,5.141043e+00,4.322889e+00,4.764569e+00,5.142659e+00,4.702855e+00,4.763281e+00,4.956506e+00,4.229612e+00,5.022232e+00,4.705292e+00,5.109950e+00,5.064321e+00,5.059606e+00,4.675280e+00,4.135489e+00,4.774838e+00,4.275986e+00,5.148639e+00,7.283439e+00,4.904320e+00,4.429992e+00,4.345542e+00,4.697705e+00,5.346366e+00,4.845841e+00,5.367960e+00,4.754805e+00,4.935539e+00,4.637519e+00,4.627280e+00,5.106183e+00,4.749327e+00,4.728067e+00,5.004587e+00,4.582252e+00,4.757398e+00,4.816397e+00,4.684376e+00,4.725962e+00,4.887970e+00,4.799710e+00,4.801238e+00,4.779628e+00,4.845782e+00,4.703226e+00,4.825447e+00,4.806033e+00,4.701694e+00,5.069683e+00,4.701831e+00,4.887247e+00,4.687485e+00,4.939631e+00,4.548605e+00,4.666555e+00,4.877315e+00,4.865544e+00,4.735250e+00,4.780645e+00,4.861106e+00,4.610048e+00,4.790872e+00,4.733475e+00,4.496958e+00,4.847089e+00,4.795666e+00,4.737086e+00,4.870041e+00
4.829276e+00,4.847352e+00,4.727564e+00,4.792599e+00,4.828136e+00,4.706830e+00,4.874813e+00,4.878871e+00,5.008145e+00,4.632194e+00,4.692258e+00,4.804752e+00,4.623449e+00,4.833290e+00,4.696496e+00,4.624802e+00,4.614497e+00,4.781853e+00,4.779562e+00,4.727873e+00,4.660142e+00,4.797463e+00,4.759551e+00,4.753794e+00,4.710880e+00,4.909078e+00,4.764243e+00,4.768651e+00,4.841774e+00,4.811214e+00,4.732599e+00,4.556818e+00,5.046822e+00,4.588664e+00,4.865786e+00,4.736776e+00,4.623409e+00,4.777919e+00,5.003054e+00,4.677859e+00,4.649443e+00,4.628142e+00,4.846466e+00,4.533691e+00,4.511414e+00,4.635474e+00,4.604049e+00,4.766660e+00,4.826575e+00,4.917213e+00,4.879072e+00,4.762212e+00,4.432744e+00,4.649567e+00,4.986449e+00,4.558259e+00,5.168706e+00,5.049178e+00,4.857270e+00,4.616482e+00,4.773123e+00,4.748328e+00,4.729361e+00,4.540242e+00,4.615255e+00,5.009778e+00,4.899067e+00,4.775192e+00,3.133058e+00,4.653621e+00,4.345237e+00,3.498128e+00,4.731102e+00,7.399227e+00,4.683018e+00,4.967278e+00,5.353749e+00,9.887942e+00,6.767926e+00,4.883933e+00,4.239625e+00,5.133653e+00,4.265509e+00,4.758014e+00,5.362951e+00,4.206679e+00,5.526686e+00,8.272755e+00,4.056160e+00,4.142807e+00,4.627437e+00,5.364116e+00,5.297848e+00,4.815389e+00,4.552032e+00,4.251045e+00,4.744887e+00,5.119907e+00,6.880745e+00,4.195206e+00,3.699369e+00,4.573794e+00,4.027839e+00,5.044431e+00,4.773750e+00,4.884042e+00,4.905136e+00,5.348634e+00,4.879201e+00,4.652508e+00,5.143614e+00,4.676399e+00,4.826660e+00,4.218578e+00,4.193265e+00,5.840689e+00,5.012314e+00,4.763910e+00,4.764007e+00,6.281882e+00,4.013099e+00,3.629119e+00,4.093410e+00,3.893050e+00,4.332052e+00,4.778519e+00,4.844264e+00,4.768876e+00,4.972897e+00,4.253844e+00,4.917085e+00,5.130313e+00,5.207359e+00,4.716901e+00,5.013433e+00,4.118501e+00,5.552484e+00,4.229578e+00,5.170045e+00,4.445930e+00,5.024015e+00,4.472275e+00,4.250378e+00,3.770258e+00,4.630527e+00,4.656743e+00,4.385864e+00,4.733564e+00,4.974118e+00,5.173638e+00,4.852425e+00,4.922667e+00,4.252743e+00,4.410559e+00,4.794803e+00,4.613953e+00,4.836623e+00,4.747413e+00,5.232224e+00,4.857650e+00,4.962396e+00,4.233873e+00,4.676165e+00,5.137022e+00,4.660386e+00,4.902793e+00,3.899226e+00,5.260883e+00,4.238030e+00,3.988189e+00,4.818792e+00,4.814999e+00,4.974706e+00,4.291095e+00,4.954389e+00,4.177529e+00,4.681867e+00,4.546083e+00,4.278509e+00,5.086186e+00,5.193041e+00,3.784810e+00,4.972996e+00,5.065390e+00,4.873472e+00,4.821386e+00,4.672719e+00,4.876726e+00,5.213916e+00,5.023455e+00,4.636026e+00,4.598207e+00,4.580625e+00,5.119155e+00,4.257712e+00,4.446194e+00,4.895171e+00,4.947471e+00,4.855889e+00,3.937648e+00,4.729977e+00,4.767437e+00,4.628392e+00,4.715263e+00,4.992942e+00,4.981601e+00,4.892351e+00,4.834336e+00,4.790508e+00,4.789598e+00,4.785475e+00,5.033234e+00,4.753187e+00,4.734538e+00,4.886560e+00,4.847033e+00,4.677184e+00,4.752297e+00,4.728575e+00,4.948585e+00,4.591757e+00,4.580858e+00,4.779892e+00,4.718139e+00,4.908811e+00,4.909280e+00,4.767610e+00,4.747367e+00
4.851111e+00,5.005097e+00,4.779974e+00,4.644703e+00,4.698435e+00,4.930314e+00,4.756846e+00,4.753978e+00,4.873954e+00,4.868253e+00,4.703341e+00,4.727099e+00,4.870421e+00,4.620533e+00,4.630690e+00,4.788036e+00,4.740123e+00,4.854717e+00,4.936160e+00,5.022374e+00,4.916681e+00,4.752849e+00,4.770774e+00,4.792685e+00,4.450429e+00,4.767218e+00,4.843072e+00,4.774774e+00,4.759204e+00,4.829281e+00,4.582283e+00,4.680840e+00,4.516050e+00,4.577993e+00,4.719280e+00,4.784299e+00,4.619168e+00,4.460828e+00,4.884140e+00,4.684092e+00,4.926398e+00,4.819728e+00,4.711605e+00,4.817272e+00,4.760505e+00,4.556235e+00,4.733858e+00,4.796129e+00,4.954834e+00,4.713540e+00,4.757671e+00,4.605205e+00,4.853043e+00,4.709604e+00,4.684092e+00,4.516912e+00,4.792501e+00,4.838734e+00,4.826856e+00,4.990050e+00,4.953311e+00,4.808291e+00,4.702997e+00,4.611917e+00,4.701657e+00,4.894480e+00,5.105096e+00,5.120814e+00,4.995483e+00,4.741070e+00,4.679249e+00,4.358265e+00,4.406586e+00,4.681572e+00,4.472934e+00,8.976343e+00,4.354044e+00,4.727226e+00,4.074389e+00,7.536156e+00,6.640806e+00,4.334234e+00,5.266302e+00,4.940878e+00,5.969073e+00,5.684999e+00,4.272816e+00,4.385417e+00,4.567381e+00,7.184437e+00,9.427707e+00,5.061353e+00,3.711863e+00,5.043047e+00,4.842596e+00,4.136216e+00,4.744863e+00,4.615318e+00,4.069681e+00,5.367898e+00,5.491064e+00,5.556457e+00,4.581617e+00,5.264944e+00,3.788072e+00,4.556854e+00,4.847667e+00,4.840893e+00,4.930724e+00,5.159176e+00,3.696377e+00,4.941256e+00,4.634028e+00,3.821679e+00,4.072242e+00,4.535968e+00,4.375615e+00,4.835593e+00,4.745784e+00,4.787367e+00,4.991517e+00,4.895082e+00,4.984546e+00,5.001557e+00,4.938292e+00,4.423093e+00,4.791191e+00,4.928649e+00,4.748536e+00,4.876336e+00,4.183085e+00,5.278780e+00,5.171272e+00,4.563991e+00,4.112046e+00,5.091413e+00,5.444461e+00,6.422491e+00,4.636214e+00,4.821468e+00,3.897835e+00,4.441276e+00,5.031183e+00,5.366247e+00,4.809286e+00,5.029203e+00,5.102401e+00,4.867465e+00,4.968084e+00,4.951169e+00,4.724660e+00,4.838625e+00,4.834535e+00,4.975516e+00,4.554116e+00,4.921268e+00,4.944401e+00,5.056212e+00,4.767213e+00,4.989759e+00,4.662164e+00,4.917034e+00,5.105938e+00,5.137153e+00,5.064261e+00,5.098053e+00,4.821098e+00,4.721521e+00,3.872109e+00,5.339388e+00,4.834618e+00,3.990906e+00,4.883407e+00,4.919504e+00,4.911096e+00,3.762416e+00,4.651834e+00,3.977392e+00,4.029973e+00,4.788989e+00,4.717676e+00,4.578670e+00,4.653660e+00,4.891042e+00,5.084859e+00,5.014856e+00,4.876696e+00,4.838983e+00,4.784836e+00,4.933715e+00,4.967052e+00,4.863740e+00,4.823803e+00,3.910099e+00,5.241194e+00,4.860501e+00,4.948033e+00,4.972792e+00,5.131589e+00,4.796028e+00,4.891641e+00,4.649855e+00,4.705893e+00,4.934781e+00,4.600583e+00,4.750630e+00,4.761288e+00,4.868964e+00,4.781895e+00,4.664277e+00,4.920907e+00,4.671186e+00,4.712604e+00,4.823154e+00,5.010033e+00,4.535538e+00,4.719497e+00,4.801830e+00,4.749217e+00,4.671906e+00,4.725597e+00,4.786657e+00,4.792017e+00,4.769387e+00,4.713245e+00,4.685575e+00,4.781176e+00,4.639167e+00
4.711211e+00,4.890798e+00,4.608361e+00,4.818940e+00,4.708865e+00,4.710728e+00,4.838751e+00,4.675660e+00,4.809224e+00,4.808257e+00,4.808327e+00,4.924384e+00,4.700412e+00,4.667274e+00,4.577748e+00,4.833736e+00,5.017930e+00,4.531169e+00,4.768973e+00,4.648944e+00,4.760856e+00,4.806292e+00,4.743315e+00,4.925368e+00,4.909293e+00,4.771961e+00,4.920707e+00,4.680165e+00,4.656588e+00,4.738884e+00,4.683080e+00,4.734918e+00,4.733448e+00,4.970575e+00,4.795116e+00,4.502952e+00,4.681592e+00,4.702103e+00,4.896045e+00,4.899099e+00,4.837845e+00,4.663940e+00,4.800926e+00,5.009635e+00,5.127487e+00,4.583024e+00,4.993674e+00,4.782025e+00,4.588799e+00,4.797138e+00,4.895984e+00,4.997749e+00,4.608138e+00,4.842568e+00,4.640234e+00,4.705449e+00,4.753917e+00,4.761489e+00,4.634101e+00,5.011985e+00,4.794191e+00,4.561170e+00,4.847895e+00,4.886137e+00,4.868612e+00,5.000000e+00,4.761846e+00,4.856980e+00,4.869634e+00,4.763577e+00,5.042487e+00,4.699165e+00,4.716248e+00,4.826420e+00,4.658547e+00,3.508299e+00,4.055166e+00,9.305727e+00,9.479992e+00,9.954207e+00,5.094706e+00,4.369137e+00,4.162053e+00,6.502915e+00,9.242502e+00,5.044203e+00,3.844480e+00,2.866450e+00,4.261592e+00,5.191931e+00,7.438551e+00,4.014926e+00,4.605818e+00,5.094345e+00,5.381059e+00,7.120156e+00,4.338982e+00,4.361283e+00,4.810672e+00,4.053294e+00,4.544698e+00,4.253752e+00,5.273253e+00,4.649951e+00,4.056868e+00,4.583769e+00,5.027557e+00,5.445210e+00,4.544420e+00,5.718737e+00,4.171665e+00,5.022579e+00,5.307095e+00,4.958451e+00,4.613757e+00,4.916616e+00,4.758862e+00,4.039685e+00,4.806599e+00,4.705196e+00,4.851991e+00,4.945885e+00,4.045082e+00,4.700943e+00,4.348782e+00,4.231327e+00,4.834906e+00,4.714301e+00,4.950764e+00,4.626904e+00,3.964184e+00,4.427160e+00,5.215880e+00,4.800192e+00,5.400948e+00,4.740194e+00,5.190441e+00,5.162398e+00,5.013627e+00,4.881549e+00,4.476073e+00,5.238446e+00,4.050415e+00,4.828782e+00,4.827638e+00,5.009917e+00,4.394848e+00,4.966324e+00,4.766439e+00,5.025736e+00,4.795134e+00,4.460071e+00,4.647575e+00,4.873273e+00,4.682443e+00,4.976498e+00,5.248474e+00,3.766811e+00,4.038449e+00,4.367599e+00,4.926892e+00,4.758106e+00,5.156072e+00,4.828110e+00,4.776959e+00,5.033634e+00,3.802397e+00,4.940133e+00,5.353394e+00,4.987048e+00,4.777741e+00,5.194550e+00,4.290560e+00,4.818244e+00,5.095656e+00,4.761776e+00,4.882031e+00,3.912951e+00,4.992373e+00,4.236079e+00,4.867585e+00,4.965013e+00,4.561555e+00,4.991568e+00,5.021050e+00,4.848194e+00,4.866385e+00,4.868420e+00,4.795028e+00,4.875932e+00,4.853366e+00,4.607012e+00,4.263234e+00,5.039759e+00,4.969269e+00,4.624733e+00,4.747059e+00,4.938450e+00,4.635097e+00,4.532404e+00,4.638410e+00,4.616793e+00,4.912986e+00,4.569693e+00,4.693748e+00,4.592415e+00,4.842809e+00,4.840034e+00,4.613739e+00,4.722869e+00,4.642258e+00,4.809354e+00,4.462602e+00,4.814605e+00,4.710885e+00,4.817053e+00,4.959670e+00,4.808717e+00,4.707797e+00,4.687939e+00,4.845407e+00,4.545684e+00,4.762957e+00,4.776672e+00,4.805991e+00,4.871175e+00,4.927584e+00,4.937582e+00
4.783853e+00,4.810829e+00,4.699718e+00,4.602267e+00,4.661877e+00,4.962143e+00,4.720206e+00,4.707199e+00,4.696411e+00,4.762392e+00,4.871927e+00,4.839125e+00,4.809635e+00,4.342586e+00,4.698305e+00,4.744598e+00,4.660219e+00,4.594866e+00,4.679994e+00,4.717049e+00,4.512983e+00,4.774035e+00,4.879756e+00,4.740202e+00,4.813274e+00,4.797519e+00,4.789674e+00,4.751001e+00,4.748737e+00,4.821331e+00,4.588695e+00,4.620105e+00,4.568359e+00,4.951266e+00,4.952746e+00,4.698840e+00,4.896084e+00,4.631284e+00,4.748965e+00,4.751376e+00,4.853153e+00,4.776483e+00,4.892462e+00,4.840860e+00,5.086903e+00,4.722830e+00,4.984335e+00,4.931582e+00,4.582598e+00,4.706454e+00,4.742397e+00,4.717858e+00,4.729199e+00,4.858859e+00,4.642197e+00,4.874618e+00,4.748185e+00,4.750944e+00,4.740750e+00,5.078407e+00,4.879494e+00,4.686421e+00,4.682873e+00,4.682604e+00,4.487034e+00,4.833053e+00,4.724610e+00,4.988017e+00,5.206259e+00,4.967091e+00,5.104249e+00,4.841416e+00,4.728376e+00,4.538066e+00,4.677745e+00,3.688335e+00,5.040602e+00,3.474709e+00,4.908114e+00,3.720233e+00,9.617698e+00,4.481382e+00,4.549200e+00,3.577140e+00,4.425619e+00,9.907326e+00,4.304772e+00,4.243478e+00,4.136081e+00,7.375298e+00,5.100274e+00,4.837531e+00,4.447313e+00,4.829566e+00,5.240520e+00,5.792668e+00,5.022836e+00,5.204562e+00,4.100843e+00,4.679872e+00,4.764716e+00,5.115353e+00,4.299537e+00,4.566834e+00,3.729858e+00,3.998473e+00,4.365453e+00,3.952412e+00,4.332835e+00,4.881828e+00,6.432523e+00,4.189298e+00,4.326550e+00,4.785607e+00,4.617578e+00,4.982292e+00,4.880246e+00,4.700815e+00,4.919162e+00,4.845839e+00,4.699835e+00,4.746332e+00,4.881525e+00,4.866699e+00,4.627812e+00,4.757604e+00,4.513368e+00,4.719609e+00,4.809395e+00,4.767687e+00,4.217821e+00,4.737581e+00,5.112149e+00,4.632467e+00,4.978804e+00,4.175349e+00,4.926365e+00,4.851330e+00,4.538880e+00,4.674822e+00,4.790169e+00,4.452667e+00,5.016035e+00,4.372296e+00,4.925623e+00,4.350264e+00,4.772964e+00,5.006256e+00,4.721829e+00,4.915884e+00,4.731923e+00,4.746233e+00,5.002604e+00,4.644770e+00,4.352492e+00,4.878908e+00,5.198988e+00,4.700845e+00,5.075195e+00,4.369889e+00,5.034624e+00,4.891295e+00,4.589974e+00,4.635472e+00,3.830944e+00,4.765820e+00,5.387990e+00,4.771576e+00,4.618371e+00,4.521721e+00,5.053046e+00,3.964296e+00,4.442479e+00,4.954806e+00,4.752319e+00,4.872789e+00,5.037725e+00,4.968187e+00,5.128097e+00,4.929457e+00,3.689363e+00,4.724673e+00,4.957490e+00,4.613062e+00,5.210820e+00,4.972436e+00,4.930233e+00,4.423143e+00,4.696991e+00,4.805408e+00,4.876213e+00,4.611885e+00,5.055289e+00,5.240409e+00,4.908059e+00,4.869718e+00,4.973781e+00,4.800112e+00,4.913431e+00,4.693781e+00,4.899156e+00,4.873990e+00,4.852083e+00,4.520575e+00,4.917307e+00,4.718823e+00,4.841291e+00,4.765372e+00,4.640452e+00,4.899099e+00,4.873205e+00,4.846113e+00,4.877312e+00,4.806685e+00,4.958418e+00,4.805446e+00,4.839128e+00,4.705661e+00,4.681871e+00,4.495748e+00,4.775739e+00,4.713681e+00,4.910219e+00,4.875685e+00,4.738553e+00,4.647944e+00,4.899083e+00,4.972150e+00
4.730287e+00,4.923569e+00,4.853148e+00,4.728889e+00,4.506971e+00,4.749571e+00,4.594486e+00,4.767968e+00,4.745465e+00,4.901962e+00,4.837223e+00,4.923246e+00,4.761953e+00,4.633990e+00,4.910884e+00,4.789399e+00,4.579697e+00,4.914204e+00,4.715363e+00,4.864173e+00,4.715047e+00,4.885343e+00,4.724886e+00,4.755369e+00,4.712071e+00,4.785098e+00,4.830965e+00,4.611418e+00,4.705977e+00,4.742737e+00,4.834888e+00,4.603352e+00,4.946739e+00,4.978163e+00,4.843171e+00,4.992986e+00,4.823445e+00,4.457300e+00,4.463923e+00,4.790757e+00,4.896231e+00,4.837565e+00,4.938205e+00,4.694876e+00,4.850917e+00,4.790161e+00,4.669098e+00,4.840642e+00,4.589727e+00,4.755212e+00,4.750554e+00,5.029380e+00,4.809578e+00,4.714860e+00,4.719976e+00,4.820623e+00,4.646306e+00,4.594802e+00,4.857558e+00,4.769938e+00,5.039822e+00,4.770021e+00,4.801591e+00,4.799613e+00,4.843386e+00,4.814694e+00,4.752432e+00,4.853093e+00,4.690579e+00,4.802003e+00,4.685943e+00,4.728466e+00,4.605569e+00,4.912111e+00,4.937181e+00,4.361942e+00,3.587161e+00,5.761953e+00,3.513761e+00,3.942494e+00,5.700946e+00,6.345983e+00,8.596012e+00,3.967592e+00,4.901290e+00,3.564026e+00,4.562495e+00,7.459068e+00,7.425596e+00,4.059524e+00,4.412184e+00,4.998081e+00,4.681014e+00,6.225265e+00,4.394448e+00,4.980380e+00,5.052252e+00,4.086184e+00,3.983541e+00,5.655114e+00,4.118279e+00,3.766902e+00,4.840861e+00,4.110845e+00,4.919381e+00,5.189133e+00,6.200632e+00,3.927781e+00,4.743409e+00,4.631243e+00,3.683878e+00,4.005995e+00,5.185772e+00,4.578045e+00,4.150864e+00,4.871571e+00,4.864622e+00,4.572961e+00,4.768468e+00,4.993310e+00,4.821787e+00,4.777572e+00,4.659780e+00,4.889943e+00,4.871897e+00,4.770924e+00,4.661189e+00,4.855954e+00,5.010682e+00,4.845823e+00,4.768142e+00,4.790226e+00,4.897786e+00,3.992170e+00,3.871035e+00,5.190371e+00,4.906980e+00,4.743730e+00,4.867742e+00,5.019938e+00,9.066905e+00,5.009430e+00,4.996658e+00,4.868354e+00,4.848876e+00,5.454284e+00,4.956463e+00,4.255390e+00,4.598458e+00,4.725155e+00,4.627502e+00,4.569360e+00,4.733682e+00,4.802322e+00,4.740691e+00,5.150355e+00,4.521282e+00,5.126951e+00,4.720196e+00,3.987096e+00,5.058774e+00,4.827265e+00,5.101005e+00,4.756039e+00,4.418030e+00,4.425879e+00,3.784346e+00,3.548521e+00,4.967923e+00,4.570960e+00,5.205726e+00,4.596746e+00,4.953168e+00,5.330884e+00,4.122915e+00,4.937033e+00,5.168740e+00,4.931607e+00,4.690736e+00,4.887752e+00,4.753961e+00,4.996509e+00,4.950963e+00,4.584011e+00,4.697785e+00,4.701959e+00,4.598695e+00,4.750155e+00,4.880123e+00,4.528254e+00,4.994394e+00,4.873571e+00,4.871714e+00,4.684933e+00,4.544346e+00,4.680971e+00,4.687639e+00,4.646862e+00,4.816946e+00,4.728848e+00,4.797074e+00,4.683950e+00,4.865153e+00,4.717822e+00,4.819830e+00,4.777362e+00,4.649072e+00,4.794085e+00,4.611547e+00,4.797189e+00,4.776354e+00,4.518976e+00,4.817293e+00,4.411446e+00,4.586168e+00,4.622132e+00,4.741513e+00,4.915918e+00,4.491285e+00,4.689664e+00,4.740093e+00,4.597192e+00,4.817710e+00,4.956603e+00,4.916186e+00,4.812562e+00,4.682406e+00,4.690290e+00
4.771645e+00,4.676910e+00,4.838311e+00,4.813374e+00,4.383963e+00,4.885686e+00,4.922178e+00,4.718874e+00,4.665682e+00,4.739300e+00,4.966744e+00,4.989871e+00,4.896452e+00,4.747284e+00,4.971990e+00,4.617157e+00,4.835494e+00,4.696511e+00,4.803882e+00,4.905837e+00,4.935984e+00,4.495377e+00,4.841962e+00,4.614005e+00,4.695024e+00,4.607666e+00,4.645529e+00,4.662432e+00,4.866133e+00,4.739935e+00,5.015251e+00,4.613632e+00,4.652127e+00,4.740820e+00,4.816269e+00,4.941130e+00,4.859754e+00,4.864687e+00,4.838703e+00,4.792045e+00,4.620981e+00,4.811322e+00,4.755399e+00,4.786258e+00,5.030799e+00,4.928391e+00,4.908889e+00,4.780471e+00,4.920990e+00,4.716905e+00,4.845952e+00,4.607363e+00,4.980401e+00,4.668070e+00,4.493174e+00,4.795940e+00,4.806724e+00,4.695158e+00,4.542956e+00,4.075090e+00,4.874555e+00,4.754583e+00,5.181680e+00,4.760911e+00,4.916141e+00,4.729497e+00,4.823285e+00,4.473488e+00,4.893679e+00,4.884141e+00,4.807265e+00,4.684081e+00,4.719135e+00,4.771819e+00,5.163955e+00,4.196385e+00,4.423951e+00,4.533094e+00,5.384590e+00,3.623691e+00,4.485308e+00,5.014473e+00,3.578475e+00,3.701963e+00,4.497755e+00,4.430575e+00,7.163203e+00,9.054836e+00,4.612008e+00,4.939818e+00,5.766689e+00,6.041926e+00,5.026091e+00,4.185944e+00,4.602880e+00,4.561736e+00,4.170743e+00,7.960046e+00,4.199282e+00,3.839891e+00,5.458205e+00,4.623718e+00,3.903364e+00,5.131157e+00,4.532081e+00,4.337032e+00,3.788880e+00,5.140068e+00,3.834586e+00,4.548660e+00,4.829497e+00,4.971706e+00,5.231256e+00,5.061278e+00,4.446844e+00,3.767236e+00,4.773606e+00,5.426451e+00,4.946032e+00,4.985868e+00,4.708388e+00,4.861852e+00,5.012384e+00,4.194020e+00,4.861847e+00,4.764537e+00,4.978832e+00,5.000677e+00,4.993783e+00,4.685179e+00,4.691314e+00,4.977780e+00,4.970330e+00,4.609258e+00,4.699917e+00,5.029643e+00,4.970900e+00,3.982773e+00,4.466847e+00,4.431525e+00,4.197234e+00,4.131575e+00,7.758159e+00,8.340878e+00,5.026095e+00,4.831850e+00,4.744602e+00,5.060527e+00,4.715412e+00,4.964066e+00,5.525872e+00,4.648408e+00,4.047493e+00,4.183621e+00,4.687978e+00,5.150416e+00,4.557991e+00,4.785407e+00,4.936844e+00,4.387850e+00,4.221473e+00,4.708622e+00,3.468795e+00,3.539905e+00,4.932485e+00,4.551391e+00,4.805939e+00,4.800975e+00,4.057542e+00,4.716385e+00,4.888136e+00,4.061503e+00,4.849048e+00,4.528740e+00,4.886948e+00,3.828416e+00,4.966974e+00,4.500119e+00,5.242633e+00,4.902212e+00,4.511666e+00,4.694390e+00,4.952070e+00,4.755364e+00,4.680736e+00,4.809168e+00,4.702680e+00,4.868993e+00,4.959219e+00,5.062114e+00,4.959115e+00,4.900917e+00,4.825538e+00,4.891056e+00,4.884607e+00,4.676113e+00,4.651205e+00,5.001158e+00,4.592151e+00,4.910247e+00,4.698403e+00,4.733411e+00,4.664334e+00,4.888795e+00,5.022149e+00,4.785716e+00,4.531866e+00,4.875325e+00,4.711699e+00,4.708525e+00,4.817908e+00,4.898391e+00,4.920057e+00,4.835925e+00,4.763108e+00,4.908596e+00,4.597365e+00,4.442087e+00,4.817374e+00,4.740595e+00,4.725655e+00,4.681983e+00,4.694321e+00,4.640570e+00,4.604824e+00,4.800011e+00,4.756832e+00,4.740331e+00
4.700467e+00,4.768774e+00,4.929957e+00,4.926073e+00,4.921943e+00,4.797469e+00,4.658200e+00,4.763252e+00,4.903151e+00,4.715091e+00,4.939253e+00,4.621063e+00,4.773308e+00,4.807063e+00,4.565194e+00,4.625689e+00,4.839287e+00,4.660367e+00,4.686939e+00,4.920582e+00,4.947823e+00,4.738302e+00,4.754836e+00,4.704724e+00,4.447101e+00,4.949850e+00,4.907758e+00,4.794554e+00,4.756302e+00,4.960968e+00,4.974612e+00,4.560483e+00,4.866101e+00,4.971592e+00,4.697200e+00,4.910190e+00,4.466773e+00,4.424486e+00,4.902533e+00,4.644783e+00,4.941653e+00,4.775425e+00,4.748548e+00,4.800518e+00,4.681903e+00,5.176195e+00,4.852287e+00,4.638736e+00,4.841269e+00,4.949745e+00,4.900001e+00,4.878898e+00,4.707673e+00,4.898432e+00,4.827678e+00,4.822895e+00,4.864513e+00,4.758811e+00,4.831570e+00,4.805371e+00,4.551480e+00,4.616289e+00,5.079426e+00,5.171504e+00,4.985320e+00,4.811163e+00,5.089824e+00,4.725736e+00,4.908078e+00,4.927158e+00,4.879369e+00,4.862681e+00,4.768454e+00,4.906666e+00,4.764084e+00,5.061018e+00,4.805811e+00,4.680309e+00,4.188157e+00,3.941126e+00,5.693105e+00,7.929869e+00,4.327257e+00,3.900171e+00,3.954012e+00,3.900360e+00,4.226012e+00,4.595636e+00,3.515490e+00,5.148679e+00,3.896116e+00,4.623240e+00,3.860439e+00,3.709760e+00,4.235599e+00,4.015600e+00,5.116581e+00,3.853192e+00,5.530577e+00,4.715809e+00,4.032243e+00,3.964587e+00,3.297482e+00,4.075784e+00,3.953345e+00,5.281892e+00,3.900691e+00,4.777424e+00,4.822147e+00,4.414789e+00,4.697918e+00,5.557512e+00,5.168936e+00,4.513412e+00,4.489718e+00,5.049484e+00,4.605584e+00,5.245308e+00,4.824439e+00,5.144635e+00,4.696602e+00,5.084630e+00,5.010427e+00,4.582114e+00,4.757451e+00,4.952417e+00,4.620671e+00,4.493996e+00,4.908857e+00,4.920363e+00,4.626830e+00,5.050642e+00,4.368039e+00,4.819724e+00,4.840525e+00,4.568819e+00,4.975348e+00,4.849692e+00,5.150541e+00,4.811531e+00,4.547857e+00,4.073583e+00,4.497542e+00,4.793078e+00,6.202854e+00,5.004747e+00,4.753299e+00,4.196857e+00,5.002259e+00,4.925931e+00,4.496742e+00,4.369734e+00,5.017165e+00,4.550042e+00,4.851126e+00,4.293097e+00,4.784280e+00,4.980761e+00,4.631456e+00,4.381900e+00,4.704978e+00,4.979598e+00,4.917774e+00,4.552857e+00,4.903562e+00,3.936743e+00,5.027007e+00,5.299200e+00,3.623227e+00,4.734018e+00,4.971336e+00,4.235630e+00,5.100126e+00,5.121331e+00,5.254521e+00,4.849232e+00,4.832262e+00,4.894621e+00,4.807186e+00,4.739865e+00,4.788770e+00,4.766633e+00,4.790886e+00,4.723724e+00,4.517135e+00,4.765053e+00,4.952684e+00,4.076498e+00,4.779644e+00,4.784810e+00,4.445952e+00,4.724345e+00,4.812604e+00,4.895118e+00,4.682896e+00,4.734655e+00,4.686459e+00,5.066824e+00,4.676263e+00,4.879124e+00,4.818236e+00,4.749229e+00,4.609541e+00,4.641093e+00,4.741715e+00,4.727818e+00,4.904393e+00,4.901002e+00,4.675160e+00,4.530504e+00,4.723620e+00,4.899398e+00,4.629316e+00,4.746728e+00,4.701467e+00,4.764727e+00,4.568949e+00,4.731053e+00,4.482152e+00,4.659400e+00,4.717898e+00,5.023747e+00,4.548280e+00,4.680014e+00,4.763332e+00,4.741846e+00,4.712833e+00,4.601729e+00
4.233141e+00,4.905870e+00,4.611158e+00,4.787987e+00,4.881988e+00,4.826910e+00,4.732403e+00,4.836191e+00,4.805617e+00,4.642752e+00,4.714626e+00,4.602505e+00,4.705292e+00,4.773627e+00,4.616401e+00,4.659939e+00,4.837061e+00,4.696284e+00,4.629076e+00,4.658951e+00,4.775470e+00,4.593198e+00,4.675584e+00,4.806641e+00,4.557188e+00,4.632788e+00,4.912245e+00,4.753090e+00,4.704436e+00,4.970002e+00,4.777636e+00,4.846738e+00,4.765945e+00,4.772972e+00,4.626517e+00,4.697889e+00,4.791894e+00,4.689668e+00,4.815273e+00,4.653061e+00,4.798531e+00,4.820630e+00,4.708771e+00,4.571804e+00,4.752143e+00,4.950298e+00,4.820734e+00,4.758636e+00,4.742976e+00,4.912591e+00,4.581675e+00,4.726024e+00,4.745852e+00,4.693154e+00,4.658583e+00,4.564215e+00,4.573151e+00,4.796142e+00,4.779100e+00,4.895468e+00,4.749625e+00,4.692201e+00,4.641967e+00,5.296309e+00,4.814157e+00,4.522878e+00,5.014674e+00,4.930965e+00,4.933570e+00,4.517006e+00,4.939007e+00,4.891238e+00,4.867894e+00,4.633524e+00,4.931380e+00,4.669760e+00,5.073403e+00,5.040660e+00,4.722369e+00,4.907500e+00,4.259357e+00,4.315459e+00,5.457266e+00,3.613582e+00,4.864700e+00,5.369328e+00,3.672000e+00,3.771236e+00,4.945734e+00,3.831985e+00,4.327471e+00,4.552726e+00,7.119134e+00,4.100987e+00,5.200000e+00,5.212430e+00,5.110206e+00,5.558458e+00,4.685024e+00,4.837900e+00,5.817129e+00,3.995578e+00,4.070853e+00,5.650478e+00,4.949260e+00,5.139650e+00,4.687170e+00,4.228035e+00,4.924750e+00,4.934528e+00,4.795455e+00,4.161606e+00,3.909586e+00,4.332393e+00,8.543169e+00,3.779629e+00,3.462062e+00,4.442377e+00,4.669648e+00,5.079141e+00,4.945013e+00,4.711497e+00,4.632214e+00,4.792799e+00,4.656394e+00,4.898611e+00,4.486101e+00,4.921573e+00,4.415697e+00,4.738995e+00,4.711557e+00,4.923093e+00,4.710413e+00,4.831203e+00,4.517789e+00,4.741518e+00,4.884964e+00,5.055716e+00,4.665836e+00,4.685468e+00,4.016587e+00,4.935848e+00,3.731279e+00,3.673466e+00,3.806976e+00,4.733471e+00,5.045431e+00,7.682379e+00,3.655329e+00,4.737919e+00,4.972666e+00,4.752277e+00,4.464205e+00,4.797072e+00,3.958616e+00,4.041706e+00,4.826675e+00,4.800648e+00,4.265186e+00,8.245321e+00,5.013534e+00,4.201403e+00,4.627008e+00,4.139015e+00,5.172036e+00,4.948828e+00,4.970553e+00,3.724653e+00,5.119992e+00,4.321923e+00,4.670225e+00,4.871543e+00,5.042534e+00,5.060614e+00,4.687266e+00,4.924123e+00,4.985563e+00,4.725901e+00,4.706466e+00,4.957576e+00,4.670192e+00,4.783267e+00,4.652795e+00,4.577712e+00,4.714750e+00,4.785865e+00,4.285031e+00,5.051935e+00,4.851574e+00,5.195280e+00,4.972559e+00,5.131962e+00,4.914357e+00,4.590638e+00,4.810181e+00,4.677025e+00,4.909542e+00,4.712683e+00,4.723812e+00,4.686773e+00,4.878301e+00,4.586522e+00,4.748310e+00,4.875247e+00,4.621867e+00,4.979843e+00,4.320925e+00,4.805809e+00,4.717799e+00,4.858762e+00,4.815373e+00,4.654705e+00,4.723473e+00,4.796087e+00,4.608896e+00,4.395432e+00,4.468766e+00,4.514212e+00,4.817741e+00,4.899015e+00,4.830584e+00,4.706259e+00,4.902534e+00,4.990517e+00,4.896516e+00,4.739460e+00,4.816619e+00,4.703767e+00
4.772195e+00,4.755389e+00,4.719181e+00,4.774834e+00,4.855964e+00,4.806998e+00,4.761537e+00,4.368411e+00,4.762545e+00,4.853275e+00,4.814997e+00,4.496724e+00,4.899153e+00,4.637190e+00,4.959553e+00,4.760266e+00,4.889775e+00,4.720045e+00,4.610797e+00,5.026298e+00,4.884204e+00,4.856368e+00,4.772790e+00,4.755455e+00,4.858077e+00,4.849265e+00,4.394680e+00,4.880349e+00,4.557758e+00,4.627380e+00,4.471079e+00,4.774407e+00,4.610076e+00,4.850153e+00,4.841661e+00,4.750263e+00,4.772158e+00,4.765702e+00,4.814823e+00,4.855452e+00,4.564637e+00,4.825362e+00,4.588424e+00,4.647517e+00,4.721108e+00,4.815280e+00,4.647541e+00,4.808727e+00,4.676557e+00,4.782520e+00,4.643762e+00,4.629829e+00,4.754516e+00,4.907521e+00,4.773653e+00,4.781243e+00,4.482362e+00,4.827231e+00,4.739783e+00,4.791332e+00,4.864638e+00,4.749936e+00,5.117189e+00,4.637202e+00,4.861681e+00,4.945320e+00,4.174292e+00,4.842460e+00,4.913531e+00,4.805098e+00,4.733344e+00,4.607094e+00,4.681201e+00,4.639646e+00,4.775958e+00,4.843196e+00,4.739718e+00,4.549786e+00,4.654570e+00,4.934255e+00,3.868117e+00,4.558659e+00,4.663171e+00,3.905854e+00,3.654548e+00,9.472141e+00,4.144147e+00,4.120242e+00,4.015063e+00,4.141343e+00,4.981772e+00,7.495834e+00,4.197022e+00,4.935451e+00,4.954408e+00,4.326313e+00,4.247997e+00,4.956411e+00,4.705635e+00,4.216404e+00,4.576632e+00,4.015583e+00,3.637185e+00,4.579603e+00,4.660114e+00,4.737503e+00,5.475297e+00,6.681622e+00,7.990149e+00,5.703605e+00,4.414499e+00,4.544911e+00,4.653396e+00,5.209351e+00,3.625585e+00,5.205467e+00,5.552252e+00,4.869044e+00,4.766112e+00,5.125456e+00,5.100933e+00,4.772663e+00,4.756563e+00,4.866670e+00,4.770721e+00,4.459306e+00,4.816998e+00,4.788753e+00,4.865486e+00,4.745479e+00,4.957516e+00,4.651146e+00,4.961891e+00,5.337982e+00,5.057974e+00,4.742288e+00,4.373580e+00,5.008391e+00,4.728321e+00,4.935331e+00,4.859571e+00,4.515449e+00,5.159519e+00,5.189896e+00,5.069043e+00,4.523805e+00,4.881619e+00,4.075047e+00,4.493194e+00,4.814634e+00,4.975469e+00,3.711597e+00,4.775916e+00,5.012034e+00,4.814862e+00,4.979144e+00,3.987511e+00,4.884425e+00,4.901451e+00,3.271000e+00,4.567415e+00,4.610401e+00,5.328320e+00,4.562933e+00,3.633114e+00,4.961849e+00,5.089767e+00,4.903253e+00,3.996784e+00,4.669792e+00,5.032880e+00,4.996170e+00,5.023742e+00,4.523529e+00,4.859940e+00,4.818613e+00,5.016089e+00,4.744114e+00,4.906032e+00,4.646045e+00,4.856744e+00,4.734315e+00,4.873782e+00,4.535809e+00,4.420841e+00,4.758006e+00,5.122693e+00,4.649382e+00,5.253099e+00,4.745390e+00,4.769712e+00,4.988917e+00,4.760930e+00,4.680190e+00,4.737937e+00,4.873878e+00,4.919275e+00,4.811703e+00,4.784453e+00,4.814632e+00,4.414693e+00,4.616459e+00,4.833354e+00,4.824552e+00,4.935428e+00,4.616539e+00,4.538150e+00,4.645123e+00,4.800723e+00,4.690136e+00,4.754542e+00,4.788477e+00,4.734160e+00,4.755745e+00,4.778106e+00,4.902004e+00,4.666124e+00,4.692845e+00,4.589070e+00,4.934113e+00,4.797462e+00,4.577274e+00,4.814990e+00,4.807254e+00,4.951657e+00,4.758961e+00,4.468157e+00,4.783879e+00
4.924386e+00,4.536555e+00,4.736356e+00,4.827074e+00,4.850366e+00,4.774117e+00,4.865224e+00,4.727380e+00,4.890136e+00,4.243184e+00,4.646642e+00,4.929520e+00,4.941613e+00,4.770425e+00,4.831100e+00,4.607485e+00,4.803022e+00,4.819512e+00,4.765605e+00,4.679783e+00,4.857810e+00,4.925866e+00,4.830061e+00,4.472810e+00,4.922306e+00,4.761511e+00,5.043220e+00,4.891737e+00,4.818434e+00,4.881069e+00,4.768766e+00,4.899506e+00,4.897224e+00,4.831737e+00,4.619434e+00,4.705747e+00,4.260643e+00,4.778377e+00,4.818282e+00,4.472679e+00,4.614733e+00,4.754025e+00,4.804130e+00,4.940685e+00,4.725314e+00,4.635322e+00,4.571043e+00,4.741471e+00,4.629699e+00,4.923561e+00,4.536550e+00,4.806920e+00,4.774640e+00,4.707028e+00,4.784290e+00,4.292198e+00,4.802093e+00,4.801445e+00,4.824888e+00,4.638701e+00,4.584583e+00,5.002933e+00,4.714798e+00,5.185390e+00,4.864370e+00,5.228260e+00,4.800787e+00,4.535617e+00,4.912704e+00,4.755958e+00,4.884267e+00,4.919355e+00,4.774277e+00,4.792181e+00,4.773672e+00,4.836384e+00,4.884717e+00,4.769855e+00,4.972593e+00,4.355241e+00,3.493159e+00,4.451232e+00,4.616653e+00,4.795976e+00,4.382989e+00,4.238181e+00,3.592369e+00,3.599428e+00,4.882612e+00,3.941591e+00,3.886285e+00,4.228969e+00,5.391480e+00,4.667909e+00,4.226101e+00,9.921575e+00,4.503510e+00,5.057356e+00,5.269525e+00,4.239945e+00,4.341154e+00,4.885984e+00,3.876056e+00,5.124016e+00,4.937017e+00,6.436524e+00,4.969167e+00,4.787003e+00,6.317289e+00,4.495118e+00,4.924752e+00,4.218994e+00,4.437625e+00,4.431486e+00,4.876194e+00,3.886159e+00,5.133787e+00,4.416518e+00,4.783235e+00,4.981781e+00,5.043295e+00,4.783218e+00,4.735295e+00,4.657812e+00,4.925973e+00,4.668001e+00,4.753839e+00,4.930813e+00,4.983964e+00,4.701426e+00,4.782334e+00,4.647332e+00,4.450770e+00,3.801261e+00,5.052710e+00,5.247702e+00,5.192474e+00,4.234822e+00,5.132274e+00,4.766103e+00,4.609156e+00,4.838397e+00,4.059117e+00,4.334158e+00,4.992804e+00,4.754117e+00,4.611478e+00,4.815112e+00,5.059426e+00,4.035629e+00,4.262519e+00,5.123346e+00,4.959844e+00,4.168434e+00,4.751957e+00,4.039943e+00,4.286080e+00,5.154887e+00,4.358929e+00,4.420355e+00,3.737413e+00,3.783964e+00,4.003696e+00,5.115403e+00,5.097071e+00,4.952663e+00,3.372933e+00,4.910943e+00,4.725718e+00,4.992835e+00,4.178503e+00,4.727821e+00,5.283593e+00,4.784880e+00,4.650473e+00,4.730483e+00,4.639325e+00,4.908595e+00,4.535348e+00,4.800153e+00,4.842073e+00,4.806641e+00,4.627979e+00,4.985645e+00,5.112070e+00,5.040405e+00,5.006606e+00,4.956084e+00,4.822372e+00,4.878077e+00,4.701441e+00,4.724774e+00,4.537168e+00,4.808900e+00,4.856559e+00,4.803176e+00,4.635336e+00,4.709900e+00,4.364299e+00,4.754517e+00,4.822565e+00,4.580394e+00,4.771293e+00,4.629515e+00,4.799809e+00,4.740149e+00,4.411590e+00,4.779134e+00,4.658058e+00,4.730538e+00,4.810174e+00,4.422430e+00,4.693458e+00,4.857609e+00,4.970563e+00,4.731648e+00,4.777755e+00,4.613934e+00,4.674610e+00,4.776480e+00,4.780197e+00,4.930863e+00,4.835071e+00,4.718215e+00,4.844949e+00,4.633083e+00,4.598068e+00,4.505965e+00
4.661879e+00,4.623249e+00,4.892192e+00,4.540185e+00,4.477786e+00,4.755473e+00,4.769563e+00,4.644543e+00,4.943449e+00,4.868594e+00,4.784365e+00,4.566149e+00,4.695918e+00,4.568610e+00,4.645373e+00,4.932843e+00,4.750302e+00,4.590000e+00,4.845402e+00,4.826236e+00,4.915017e+00,4.671779e+00,4.971592e+00,4.791869e+00,4.960282e+00,4.768704e+00,4.909469e+00,4.492523e+00,4.985457e+00,4.931787e+00,4.835691e+00,4.775466e+00,4.507949e+00,4.569462e+00,4.698201e+00,4.780736e+00,4.927383e+00,4.450806e+00,4.931402e+00,4.563811e+00,4.833562e+00,4.860191e+00,4.560307e+00,4.820608e+00,4.875084e+00,4.868442e+00,4.792784e+00,4.814271e+00,5.045424e+00,5.054838e+00,4.845002e+00,4.692325e+00,4.928297e+00,4.921763e+00,4.834395e+00,4.656551e+00,4.900658e+00,4.525275e+00,4.770355e+00,4.761956e+00,4.898300e+00,4.888827e+00,4.814169e+00,4.684085e+00,4.831942e+00,5.139259e+00,4.735398e+00,4.470742e+00,5.056038e+00,4.877760e+00,5.068646e+00,4.693559e+00,4.793468e+00,4.874076e+00,5.002949e+00,4.495001e+00,4.811951e+00,4.869420e+00,4.872072e+00,5.083464e+00,4.739074e+00,5.041464e+00,4.437461e+00,3.524012e+00,4.196514e+00,4.964643e+00,6.959151e+00,5.863146e+00,7.764712e+00,9.214180e+00,4.460716e+00,5.753735e+00,4.306038e+00,8.420682e+00,9.174452e+00,4.172000e+00,3.615423e+00,4.543356e+00,4.728168e+00,4.821176e+00,4.432916e+00,5.615257e+00,5.478292e+00,4.695552e+00,4.145434e+00,8.149587e+00,3.954107e+00,4.212514e+00,5.009694e+00,4.777906e+00,4.883377e+00,4.144919e+00,4.216009e+00,4.669075e+00,5.864008e+00,4.469353e+00,5.015202e+00,4.521610e+00,4.345732e+00,4.974373e+00,4.091175e+00,5.065585e+00,4.931739e+00,4.781162e+00,4.831318e+00,4.807432e+00,5.021404e+00,5.012169e+00,4.711615e+00,4.898673e+00,4.875455e+00,4.716706e+00,4.688505e+00,4.846533e+00,4.996949e+00,3.688879e+00,4.600215e+00,4.776439e+00,4.531136e+00,4.936407e+00,4.160793e+00,4.907384e+00,4.712401e+00,4.308814e+00,4.153342e+00,4.685271e+00,4.939451e+00,4.971271e+00,4.862132e+00,5.008293e+00,5.109165e+00,4.855066e+00,6.383161e+00,4.547428e+00,4.027748e+00,3.501344e+00,4.863186e+00,4.659513e+00,4.332037e+00,5.878344e+00,4.291093e+00,4.709415e+00,4.696245e+00,4.751328e+00,4.738844e+00,4.555298e+00,5.241568e+00,4.947153e+00,5.120093e+00,4.991970e+00,4.939197e+00,5.004278e+00,5.090935e+00,4.919925e+00,4.922961e+00,4.741906e+00,4.889916e+00,4.810656e+00,4.896874e+00,5.002038e+00,4.775829e+00,4.876396e+00,4.649724e+00,4.635938e+00,4.697386e+00,5.158670e+00,4.664254e+00,4.778543e+00,4.652340e+00,5.042883e+00,4.683329e+00,4.822523e+00,4.876115e+00,4.750670e+00,4.781073e+00,4.636884e+00,4.881733e+00,4.776920e+00,4.899072e+00,4.817112e+00,4.815600e+00,4.981062e+00,4.760249e+00,4.793795e+00,4.821161e+00,4.827786e+00,4.505641e+00,4.922610e+00,4.757665e+00,4.822409e+00,4.669546e+00,4.845854e+00,4.812083e+00,5.021776e+00,4.577893e+00,4.725351e+00,4.610940e+00,4.893327e+00,4.766502e+00,4.681679e+00,4.994551e+00,4.766138e+00,4.749236e+00,4.589066e+00,4.864892e+00,4.771369e+00,5.064193e+00,4.748912e+00
4.726016e+00,4.652164e+00,4.691364e+00,4.812458e+00,4.742639e+00,4.912341e+00,4.689220e+00,4.870809e+00,4.851847e+00,4.579543e+00,4.737343e+00,4.585225e+00,4.969388e+00,4.819934e+00,4.886015e+00,4.722185e+00,4.794210e+00,4.763469e+00,4.807794e+00,4.882289e+00,4.679825e+00,4.231686e+00,4.606944e+00,4.911854e+00,4.421597e+00,4.514916e+00,4.647474e+00,4.901009e+00,4.879722e+00,4.752377e+00,4.801576e+00,4.637195e+00,4.715827e+00,4.778786e+00,4.603693e+00,4.684487e+00,4.720945e+00,4.740359e+00,4.742800e+00,4.692930e+00,4.787350e+00,4.480523e+00,4.609025e+00,4.754176e+00,4.819789e+00,4.602709e+00,4.761375e+00,4.875901e+00,5.058720e+00,4.903059e+00,4.830537e+00,4.778775e+00,4.933584e+00,5.026476e+00,4.836060e+00,4.893721e+00,4.522167e+00,4.896607e+00,4.768855e+00,4.727754e+00,4.703338e+00,4.765291e+00,4.701152e+00,4.843404e+00,4.700825e+00,4.356839e+00,4.714058e+00,4.992592e+00,5.031358e+00,4.768419e+00,4.895846e+00,4.572940e+00,4.621897e+00,4.741717e+00,4.639483e+00,4.671401e+00,4.937587e+00,4.784493e+00,4.591107e+00,4.810730e+00,4.837936e+00,4.702860e+00,4.856552e+00,4.892191e+00,4.875293e+00,3.293145e+00,3.308776e+00,4.930162e+00,9.325954e+00,3.662181e+00,3.387383e+00,5.270662e+00,3.965882e+00,4.590148e+00,4.925543e+00,4.605996e+00,9.758652e+00,4.850756e+00,6.594765e+00,5.201900e+00,5.003338e+00,4.964928e+00,3.970255e+00,4.130842e+00,4.626068e+00,7.149213e+00,4.061818e+00,5.268069e+00,4.781223e+00,5.309262e+00,4.736761e+00,4.717293e+00,5.088941e+00,4.432278e+00,4.262552e+00,4.115193e+00,5.047794e+00,4.931194e+00,3.979667e+00,4.685829e+00,4.704345e+00,4.984539e+00,4.550227e+00,4.946056e+00,5.011937e+00,4.758764e+00,4.838352e+00,4.889425e+00,4.834695e+00,4.675471e+00,4.741953e+00,5.005206e+00,4.511701e+00,4.046054e+00,4.681913e+00,4.920785e+00,4.338631e+00,4.345244e+00,4.185728e+00,4.720700e+00,5.204578e+00,5.014573e+00,4.234756e+00,5.045400e+00,5.097968e+00,5.211783e+00,4.677195e+00,4.711838e+00,5.095072e+00,4.904406e+00,4.568352e+00,4.580193e+00,4.789449e+00,3.929259e+00,5.001454e+00,5.101854e+00,4.434385e+00,5.240742e+00,5.320899e+00,4.801131e+00,5.024418e+00,4.924579e+00,4.859711e+00,4.841195e+00,4.574337e+00,4.795905e+00,3.868443e+00,4.440289e+00,4.872709e+00,4.795847e+00,4.952839e+00,4.912536e+00,4.887392e+00,4.728162e+00,5.106462e+00,4.748716e+00,4.671299e+00,4.760631e+00,4.890280e+00,4.825449e+00,5.192390e+00,4.905649e+00,4.045057e+00,3.868144e+00,4.847038e+00,4.779298e+00,4.750447e+00,5.213758e+00,4.289556e+00,4.840531e+00,4.629595e+00,4.791996e+00,4.762428e+00,4.878484e+00,4.609393e+00,4.871613e+00,4.694142e+00,4.861688e+00,4.745733e+00,4.864197e+00,4.850080e+00,4.882847e+00,4.859134e+00,4.856390e+00,4.405892e+00,4.650618e+00,4.763454e+00,4.732879e+00,4.924994e+00,4.958522e+00,4.712947e+00,4.620709e+00,4.804711e+00,4.950465e+00,4.696613e+00,4.774715e+00,4.843578e+00,4.864254e+00,4.822909e+00,4.483485e+00,4.931877e+00,4.771504e+00,4.812006e+00,4.840344e+00,4.673196e+00,4.785234e+00,4.952901e+00,4.750326e+00
4.642992e+00,4.700367e+00,4.832628e+00,4.663750e+00,4.890184e+00,4.616692e+00,4.774144e+00,4.682150e+00,4.870984e+00,4.666983e+00,4.664782e+00,4.848404e+00,4.556433e+00,4.759919e+00,4.763564e+00,4.454961e+00,4.548644e+00,4.731783e+00,4.743673e+00,4.634875e+00,5.042485e+00,4.500041e+00,4.735874e+00,4.367111e+00,4.923599e+00,4.629377e+00,4.740411e+00,4.818127e+00,4.570375e+00,4.603031e+00,4.878730e+00,4.765531e+00,4.862437e+00,5.005366e+00,4.575238e+00,4.673021e+00,4.986171e+00,4.638784e+00,4.690598e+00,4.850776e+00,4.685590e+00,4.839866e+00,4.882985e+00,4.641546e+00,4.528163e+00,4.791305e+00,4.733653e+00,4.729800e+00,4.856804e+00,4.649554e+00,4.697652e+00,4.900156e+00,4.729626e+00,4.800735e+00,4.768694e+00,4.256491e+00,4.792070e+00,4.758956e+00,4.828008e+00,4.537828e+00,4.749529e+00,4.461028e+00,4.829491e+00,4.845096e+00,4.659186e+00,4.850717e+00,4.822737e+00,4.897965e+00,4.907147e+00,4.556094e+00,4.987114e+00,4.983291e+00,4.770848e+00,4.684539e+00,4.756414e+00,4.871915e+00,4.597065e+00,4.374959e+00,4.735150e+00,5.082385e+00,4.858553e+00,4.986082e+00,4.662451e+00,4.836922e+00,5.167737e+00,4.604986e+00,4.316340e+00,4.572548e+00,4.913397e+00,7.714000e+00,4.256700e+00,3.597913e+00,4.654842e+00,4.804287e+00,4.351436e+00,7.724728e+00,4.081834e+00,5.031494e+00,3.748660e+00,4.948034e+00,4.716459e+00,4.721323e+00,8.012131e+00,9.765735e+00,5.209899e+00,3.847751e+00,4.417123e+00,4.022595e+00,4.557922e+00,4.765216e+00,5.190598e+00,4.280886e+00,4.785916e+00,4.590204e+00,5.142642e+00,4.500989e+00,4.144120e+00,4.278246e+00,5.008669e+00,4.487989e+00,4.948566e+00,4.878466e+00,4.750853e+00,5.114206e+00,4.528406e+00,4.627181e+00,5.004257e+00,5.076480e+00,4.782512e+00,4.768157e+00,4.911664e+00,4.459458e+00,5.198650e+00,4.931200e+00,4.839855e+00,4.821388e+00,4.581055e+00,4.943489e+00,4.844644e+00,4.217040e+00,4.820564e+00,4.947875e+00,4.342849e+00,4.786169e+00,5.003642e+00,4.328171e+00,4.143993e+00,4.412746e+00,4.213551e+00,3.957876e+00,4.587387e+00,5.061899e+00,5.188538e+00,4.555152e+00,3.886735e+00,4.062290e+00,4.846309e+00,4.226253e+00,4.361501e+00,4.772378e+00,3.740186e+00,4.814117e+00,4.993923e+00,4.932764e+00,4.944836e+00,4.784063e+00,4.822811e+00,5.154608e+00,4.794989e+00,4.921949e+00,4.996137e+00,4.447414e+00,4.988066e+00,4.777026e+00,5.004669e+00,5.045159e+00,4.948951e+00,4.901202e+00,4.872073e+00,4.991370e+00,4.666235e+00,5.244821e+00,4.733786e+00,4.804561e+00,4.842070e+00,4.518865e+00,4.622843e+00,4.893040e+00,4.935507e+00,4.749540e+00,4.543808e+00,4.870687e+00,4.797617e+00,4.754707e+00,4.886255e+00,4.938896e+00,4.737838e+00,4.724098e+00,4.556226e+00,4.632649e+00,4.738762e+00,4.737397e+00,4.775463e+00,4.962701e+00,4.624993e+00,4.369199e+00,4.719402e+00,4.610521e+00,4.893047e+00,4.613923e+00,4.906980e+00,4.847622e+00,4.672572e+00,4.815094e+00,4.768871e+00,4.846678e+00,4.560389e+00,4.698941e+00,4.841457e+00,4.798004e+00,4.840888e+00,4.600916e+00,4.812919e+00,4.669023e+00,4.560771e+00,4.784642e+00,4.690017e+00,4.593292e+00
4.583061e+00,4.599844e+00,4.852538e+00,4.773986e+00,4.704823e+00,4.660065e+00,4.832961e+00,4.858502e+00,4.850460e+00,4.713723e+00,4.610693e+00,4.906846e+00,4.871347e+00,4.795050e+00,4.714744e+00,4.760567e+00,4.778922e+00,4.747695e+00,4.699264e+00,4.976607e+00,4.768402e+00,4.609097e+00,4.806248e+00,4.868323e+00,4.741116e+00,4.889927e+00,4.685987e+00,4.773519e+00,4.603648e+00,5.072390e+00,4.822393e+00,4.704008e+00,4.939587e+00,4.806642e+00,4.554873e+00,4.946232e+00,4.365547e+00,4.759891e+00,4.701163e+00,4.821557e+00,4.874928e+00,4.747615e+00,4.878923e+00,4.653501e+00,4.953270e+00,4.773127e+00,4.646132e+00,4.772655e+00,4.616870e+00,4.916680e+00,4.694262e+00,4.874559e+00,4.845013e+00,4.389789e+00,4.619760e+00,4.716639e+00,4.680650e+00,4.884184e+00,4.484056e+00,4.801541e+00,5.079227e+00,4.681211e+00,4.730816e+00,4.550160e+00,4.650918e+00,4.587324e+00,4.699315e+00,4.885423e+00,4.631338e+00,5.292995e+00,5.037179e+00,4.787164e+00,4.785951e+00,4.688942e+00,4.896363e+00,4.964862e+00,4.828928e+00,4.589174e+00,4.589939e+00,4.739928e+00,4.688387e+00,4.925607e+00,4.902567e+00,4.451698e+00,5.302670e+00,4.710210e+00,3.951914e+00,4.705816e+00,2.988386e+00,4.511062e+00,5.078073e+00,3.968014e+00,8.822689e+00,3.571218e+00,3.391139e+00,4.395737e+00,3.775036e+00,4.332676e+00,4.620126e+00,3.841786e+00,3.680394e+00,6.347807e+00,9.392249e+00,4.704230e+00,4.284726e+00,4.539697e+00,6.831664e+00,4.481141e+00,4.626139e+00,4.621732e+00,4.138778e+00,4.025609e+00,3.927621e+00,4.680394e+00,4.670986e+00,4.459293e+00,3.901007e+00,4.475494e+00,5.194354e+00,4.831960e+00,4.623632e+00,4.961644e+00,4.884417e+00,4.417294e+00,4.847551e+00,4.842095e+00,4.843468e+00,4.898300e+00,4.791870e+00,4.571216e+00,4.980140e+00,5.249893e+00,4.914943e+00,4.620763e+00,4.446345e+00,5.173715e+00,4.199644e+00,4.848477e+00,4.769563e+00,3.992403e+00,4.541454e+00,4.975255e+00,4.431054e+00,4.027669e+00,5.054364e+00,4.524426e+00,5.481616e+00,5.130688e+00,5.277981e+00,5.094808e+00,4.699331e+00,5.077724e+00,5.380993e+00,4.689547e+00,4.612358e+00,4.980732e+00,4.556388e+00,4.707348e+00,4.693023e+00,5.094436e+00,4.850744e+00,4.910837e+00,4.696659e+00,4.919972e+00,4.745965e+00,4.596440e+00,4.940486e+00,4.835670e+00,5.052482e+00,4.881379e+00,4.626253e+00,4.459984e+00,4.802824e+00,4.783058e+00,4.566789e+00,4.868418e+00,4.658878e+00,4.795662e+00,4.942731e+00,5.039027e+00,5.238615e+00,4.618925e+00,5.164203e+00,4.888945e+00,4.704154e+00,4.812573e+00,4.621369e+00,4.865075e+00,4.850687e+00,4.814034e+00,4.787247e+00,5.011594e+00,4.935745e+00,4.630282e+00,4.856401e+00,5.157244e+00,4.809273e+00,4.615792e+00,4.845761e+00,4.912068e+00,4.827900e+00,4.648655e+00,4.691976e+00,4.668177e+00,4.753434e+00,4.782036e+00,4.551467e+00,4.740738e+00,4.676909e+00,4.840724e+00,4.702831e+00,4.740552e+00,4.690024e+00,4.719997e+00,4.788781e+00,4.618296e+00,4.518303e+00,4.441842e+00,4.805820e+00,4.952738e+00,4.865833e+00,4.770326e+00,4.755434e+00,4.830850e+00,4.299569e+00,4.804658e+00,4.783756e+00,4.882285e+00
4.741694e+00,4.560223e+00,4.843757e+00,4.791822e+00,4.888062e+00,4.912747e+00,4.646607e+00,4.920687e+00,4.708798e+00,4.553394e+00,4.191845e+00,4.788382e+00,4.697464e+00,4.828782e+00,4.707227e+00,4.782938e+00,4.871404e+00,4.293811e+00,4.843698e+00,4.845053e+00,4.833795e+00,4.455733e+00,4.708094e+00,4.872259e+00,4.753679e+00,4.990015e+00,4.785366e+00,4.967762e+00,4.759111e+00,4.759551e+00,4.563342e+00,4.749464e+00,4.698893e+00,4.789620e+00,4.840359e+00,4.718013e+00,4.555743e+00,4.633872e+00,4.895408e+00,4.985456e+00,4.787434e+00,4.420415e+00,4.689526e+00,4.872445e+00,4.696726e+00,4.727243e+00,4.765879e+00,5.025431e+00,4.756968e+00,4.724262e+00,4.621041e+00,4.915884e+00,4.956759e+00,4.788476e+00,4.869429e+00,4.949100e+00,4.933334e+00,4.714282e+00,4.854488e+00,4.751601e+00,4.886459e+00,4.670871e+00,4.755883e+00,4.948211e+00,4.726988e+00,4.991637e+00,4.614607e+00,4.953352e+00,4.957719e+00,4.499750e+00,4.637306e+00,4.681325e+00,4.938848e+00,5.339881e+00,4.335415e+00,4.957865e+00,4.666140e+00,4.866338e+00,4.729497e+00,4.702596e+00,4.633569e+00,4.755015e+00,4.955089e+00,4.816952e+00,4.732258e+00,4.676634e+00,4.737800e+00,4.846678e+00,4.851901e+00,5.038627e+00,4.322943e+00,4.846392e+00,4.575513e+00,5.029146e+00,4.815753e+00,3.552502e+00,4.967213e+00,4.866221e+00,5.243348e+00,3.772097e+00,5.233910e+00,4.442299e+00,4.463680e+00,6.045907e+00,4.963882e+00,4.763680e+00,4.517907e+00,4.997689e+00,3.803720e+00,3.665958e+00,4.802126e+00,3.751157e+00,3.988918e+00,5.162665e+00,4.275774e+00,4.499119e+00,4.608138e+00,5.053531e+00,4.974294e+00,5.217060e+00,4.750945e+00,4.903960e+00,4.502337e+00,4.876048e+00,4.904282e+00,4.715680e+00,4.728200e+00,5.066106e+00,4.901920e+00,4.963263e+00,4.658622e+00,4.620200e+00,4.479538e+00,5.297447e+00,4.854344e+00,4.359102e+00,6.202865e+00,5.141537e+00,3.917965e+00,4.685043e+00,4.977921e+00,4.762482e+00,4.488193e+00,4.668027e+00,4.968041e+00,5.041149e+00,4.258361e+00,4.540315e+00,6.190970e+00,4.620940e+00,5.507081e+00,4.263191e+00,4.915521e+00,4.144096e+00,3.188347e+00,5.180116e+00,5.054381e+00,4.808299e+00,5.292955e+00,4.768727e+00,4.819726e+00,5.150261e+00,4.945915e+00,4.803306e+00,5.047149e+00,4.625212e+00,5.167213e+00,4.969975e+00,4.981514e+00,4.612744e+00,4.819906e+00,4.824971e+00,4.571156e+00,4.955584e+00,4.814931e+00,4.711853e+00,5.115088e+00,4.952135e+00,4.798887e+00,4.745358e+00,5.299964e+00,4.779575e+00,4.644803e+00,4.908973e+00,4.813325e+00,4.824497e+00,4.673985e+00,4.739717e+00,4.947670e+00,4.787662e+00,4.431138e+00,4.880130e+00,4.579340e+00,4.522005e+00,4.859324e+00,4.460369e+00,4.969614e+00,4.948541e+00,4.881267e+00,4.557993e+00,4.769141e+00,4.633177e+00,4.662145e+00,4.732961e+00,4.772507e+00,4.628138e+00,4.838972e+00,4.824024e+00,4.922054e+00,4.717177e+00,4.539242e+00,4.835867e+00,4.821771e+00,4.630766e+00,4.757117e+00,4.620619e+00,4.829042e+00,4.715237e+00,4.849428e+00,4.925800e+00,4.470580e+00,4.870205e+00,4.731175e+00,4.847680e+00,4.834037e+00,4.684286e+00,4.759014e+00,4.621835e+00
4.670956e+00,4.813443e+00,4.825137e+00,4.729862e+00,4.898822e+00,4.942546e+00,4.783548e+00,4.818256e+00,4.509143e+00,4.576677e+00,4.448156e+00,4.979000e+00,4.751889e+00,4.726322e+00,4.887730e+00,4.400918e+00,4.888754e+00,4.638933e+00,4.529353e+00,4.512433e+00,5.023832e+00,4.674445e+00,4.882654e+00,4.575513e+00,4.572769e+00,4.965374e+00,4.820078e+00,4.494701e+00,4.590654e+00,4.683790e+00,4.720484e+00,4.809585e+00,4.866266e+00,4.592272e+00,4.768054e+00,4.804962e+00,4.830398e+00,4.602584e+00,5.001027e+00,4.860206e+00,4.887966e+00,4.725416e+00,4.634519e+00,4.748346e+00,4.849764e+00,5.022628e+00,4.793480e+00,4.767328e+00,4.618414e+00,4.801078e+00,4.886643e+00,4.740514e+00,4.776786e+00,4.771500e+00,4.856473e+00,4.904096e+00,4.654177e+00,4.725685e+00,4.935673e+00,4.546569e+00,4.887860e+00,4.516107e+00,4.888988e+00,4.767003e+00,4.866244e+00,4.498435e+00,4.823239e+00,4.803828e+00,4.926992e+00,4.865434e+00,4.601169e+00,4.811646e+00,4.705523e+00,4.696917e+00,5.118798e+00,4.617791e+00,4.998257e+00,4.719595e+00,4.964980e+00,4.884194e+00,4.419395e+00,4.794760e+00,4.751228e+00,4.681027e+00,4.880631e+00,4.789160e+00,4.929264e+00,5.060443e+00,5.159944e+00,5.054017e+00,4.867643e+00,4.830493e+00,4.782657e+00,4.877770e+00,5.258614e+00,4.484522e+00,3.474338e+00,7.613318e+00,8.546312e+00,7.418786e+00,7.009026e+00,5.138854e+00,4.745296e+00,4.578345e+00,4.512653e+00,5.385472e+00,5.029545e+00,6.170459e+00,4.513422e+00,4.090746e+00,4.822620e+00,5.004654e+00,4.715181e+00,4.645766e+00,4.027283e+00,4.385864e+00,4.618905e+00,3.934227e+00,5.096881e+00,4.751951e+00,4.742113e+00,4.668302e+00,4.750148e+00,4.982614e+00,5.326114e+00,4.661620e+00,4.839077e+00,4.834552e+00,4.873745e+00,4.664824e+00,4.793098e+00,5.004347e+00,3.702789e+00,3.642976e+00,5.177464e+00,4.722729e+00,4.078197e+00,4.156432e+00,3.839799e+00,3.743561e+00,5.862595e+00,3.934267e+00,3.802533e+00,4.465915e+00,4.215329e+00,4.699675e+00,3.644208e+00,3.740688e+00,4.811431e+00,4.766351e+00,3.385621e+00,4.667111e+00,3.597359e+00,3.719304e+00,4.754370e+00,4.774621e+00,4.776488e+00,3.699754e+00,4.477739e+00,4.603491e+00,5.114177e+00,4.859742e+00,4.647013e+00,4.716611e+00,4.863368e+00,4.949652e+00,4.454985e+00,4.789199e+00,4.747890e+00,4.816563e+00,4.602676e+00,4.763531e+00,4.755880e+00,4.844475e+00,5.095736e+00,4.998304e+00,4.921696e+00,4.780732e+00,4.753780e+00,4.844435e+00,4.837411e+00,4.893817e+00,4.928267e+00,4.600393e+00,4.702701e+00,4.751295e+00,4.934992e+00,4.687736e+00,4.818566e+00,4.708016e+00,4.940311e+00,4.809699e+00,4.578318e+00,4.721509e+00,4.864360e+00,4.808203e+00,4.711445e+00,4.923322e+00,4.840832e+00,4.774039e+00,4.776535e+00,4.757518e+00,4.618994e+00,4.891375e+00,4.668337e+00,4.815418e+00,4.776231e+00,4.757114e+00,4.615763e+00,4.815478e+00,4.930213e+00,4.752563e+00,4.927936e+00,4.795387e+00,4.698587e+00,4.645723e+00,4.765823e+00,4.922279e+00,4.794486e+00,4.789236e+00,4.406676e+00,4.837044e+00,4.904093e+00,4.655453e+00,4.971734e+00,4.954869e+00,4.625179e+00,4.705300e+00
4.775234e+00,4.776033e+00,4.783986e+00,4.511182e+00,4.829970e+00,4.909826e+00,4.706515e+00,4.916061e+00,4.514592e+00,4.697781e+00,4.663512e+00,4.674995e+00,4.801716e+00,4.780064e+00,4.997564e+00,4.919772e+00,4.661567e+00,4.772171e+00,4.789156e+00,4.744196e+00,4.606481e+00,4.807987e+00,4.747858e+00,4.685292e+00,4.622088e+00,4.792824e+00,4.719001e+00,4.778227e+00,4.735970e+00,4.853518e+00,4.754600e+00,4.638310e+00,4.754097e+00,4.887831e+00,4.950368e+00,4.892325e+00,4.914008e+00,4.715842e+00,4.829934e+00,4.754862e+00,4.875169e+00,4.697162e+00,4.733876e+00,4.952361e+00,4.654666e+00,4.926994e+00,4.454884e+00,4.797197e+00,4.520023e+00,4.830738e+00,4.587028e+00,4.859166e+00,4.654882e+00,4.659964e+00,4.588182e+00,4.782841e+00,4.781839e+00,4.691608e+00,4.876724e+00,4.932513e+00,5.009799e+00,4.577061e+00,4.751705e+00,4.912233e+00,4.762100e+00,4.893344e+00,4.878102e+00,4.571638e+00,4.785993e+00,4.747627e+00,4.784572e+00,4.639173e+00,4.858154e+00,4.760172e+00,4.808916e+00,4.529107e+00,4.747656e+00,4.483654e+00,4.655447e+00,4.942445e+00,5.180866e+00,4.775236e+00,4.880214e+00,4.938948e+00,4.833849e+00,4.749893e+00,4.406227e+00,4.738554e+00,4.993317e+00,4.885704e+00,4.998880e+00,4.938006e+00,4.284711e+00,4.410331e+00,4.562874e+00,5.126004e+00,3.658775e+00,3.883094e+00,3.659265e+00,4.294982e+00,4.406997e+00,5.097950e+00,6.186822e+00,4.732075e+00,4.962327e+00,4.274841e+00,4.915109e+00,4.922952e+00,4.564671e+00,3.950150e+00,4.865230e+00,3.806348e+00,4.317943e+00,4.748527e+00,4.824240e+00,4.611902e+00,4.137725e+00,4.356608e+00,4.412818e+00,4.764198e+00,3.946637e+00,4.784064e+00,5.094342e+00,4.843217e+00,4.905914e+00,4.682356e+00,4.717863e+00,4.790350e+00,4.767165e+00,4.846559e+00,4.901802e+00,4.754885e+00,4.932618e+00,5.094996e+00,5.129876e+00,4.926113e+00,4.242621e+00,5.989755e+00,4.886080e+00,4.661378e+00,5.170028e+00,3.624521e+00,4.292503e+00,3.885105e+00,4.681144e+00,4.202626e+00,5.136882e+00,7.379521e+00,4.698913e+00,3.932248e+00,3.634885e+00,4.153148e+00,4.854442e+00,5.147835e+00,4.780002e+00,3.972697e+00,4.665886e+00,5.025893e+00,5.025109e+00,5.018111e+00,4.985635e+00,4.493701e+00,4.838736e+00,4.941659e+00,4.309682e+00,4.795289e+00,4.698420e+00,4.819655e+00,4.818845e+00,4.833677e+00,5.059453e+00,4.784176e+00,4.618957e+00,4.573747e+00,4.579440e+00,4.518220e+00,4.900325e+00,5.114445e+00,3.780548e+00,4.824614e+00,4.859306e+00,4.837295e+00,4.679814e+00,4.858031e+00,4.761739e+00,4.885727e+00,4.811899e+00,4.877783e+00,4.610053e+00,4.833780e+00,4.566246e+00,4.692763e+00,4.849715e+00,4.771057e+00,4.799469e+00,4.751464e+00,4.797419e+00,4.982692e+00,4.652534e+00,4.738792e+00,4.659580e+00,4.616512e+00,4.877145e+00,4.918517e+00,4.778929e+00,4.435986e+00,4.519898e+00,4.740741e+00,4.691765e+00,4.758167e+00,4.667745e+00,4.735229e+00,4.878640e+00,4.763043e+00,4.651613e+00,4.714037e+00,4.870363e+00,4.813809e+00,4.632881e+00,4.636252e+00,4.889846e+00,4.735099e+00,4.817533e+00,4.747833e+00,4.742437e+00,4.772832e+00,4.727737e+00,4.810413e+00
4.658814e+00,4.860899e+00,4.822817e+00,4.800525e+00,4.815795e+00,4.690132e+00,4.617485e+00,4.514050e+00,4.907831e+00,4.563395e+00,4.824679e+00,4.811013e+00,4.683649e+00,4.650959e+00,4.812149e+00,4.808033e+00,4.824835e+00,4.650007e+00,4.952357e+00,4.740987e+00,4.875844e+00,4.956796e+00,4.826658e+00,4.807371e+00,4.500912e+00,4.775197e+00,4.760203e+00,4.692977e+00,4.832239e+00,4.940074e+00,4.687399e+00,4.556448e+00,4.795185e+00,4.685898e+00,4.786674e+00,4.762993e+00,4.340836e+00,4.732354e+00,4.423949e+00,4.479762e+00,4.881144e+00,4.641893e+00,5.030773e+00,4.926579e+00,4.695453e+00,4.728181e+00,4.886462e+00,4.774256e+00,5.073742e+00,4.901874e+00,4.461404e+00,4.808918e+00,4.964084e+00,4.382059e+00,4.848143e+00,4.547091e+00,4.906276e+00,4.774879e+00,4.761123e+00,4.690550e+00,4.940866e+00,4.881929e+00,4.731173e+00,4.844811e+00,5.158875e+00,4.562803e+00,4.926519e+00,4.955261e+00,4.732171e+00,4.923901e+00,4.687798e+00,5.055668e+00,4.760218e+00,4.915437e+00,4.785043e+00,4.942806e+00,4.885274e+00,5.152843e+00,5.023637e+00,4.675654e+00,4.631147e+00,4.902025e+00,4.863480e+00,4.742921e+00,4.788234e+00,4.889303e+00,4.624238e+00,4.777392e+00,4.709437e+00,5.121146e+00,4.645191e+00,4.366626e+00,5.026575e+00,4.941018e+00,3.729283e+00,4.920639e+00,4.714504e+00,4.228651e+00,3.029553e+00,3.431726e+00,5.200398e+00,4.830958e+00,4.261402e+00,5.014903e+00,4.941282e+00,5.214650e+00,4.619138e+00,4.418290e+00,7.453593e+00,5.168145e+00,5.265607e+00,3.998616e+00,4.610161e+00,4.061280e+00,4.920652e+00,4.435079e+00,3.782320e+00,3.830264e+00,3.617570e+00,4.571219e+00,4.995004e+00,4.056208e+00,4.718209e+00,4.659769e+00,5.040449e+00,4.803617e+00,5.251143e+00,4.860856e+00,4.672856e+00,4.704765e+00,4.772394e+00,5.168018e+00,4.876158e+00,3.946837e+00,4.903685e+00,5.214972e+00,4.735352e+00,4.127884e+00,3.497040e+00,4.491619e+00,3.440704e+00,3.749778e+00,5.820771e+00,3.863441e+00,4.019844e+00,3.956043e+00,4.721142e+00,4.747593e+00,3.835058e+00,4.675043e+00,4.597322e+00,4.038220e+00,4.991783e+00,4.888642e+00,5.363813e+00,4.840709e+00,4.625037e+00,5.002110e+00,5.012143e+00,5.019266e+00,4.721361e+00,4.776212e+00,4.593546e+00,4.788156e+00,4.561108e+00,4.601830e+00,4.437050e+00,4.836123e+00,4.765842e+00,4.765661e+00,4.893021e+00,4.772292e+00,4.700568e+00,5.029898e+00,4.877590e+00,4.775389e+00,5.111364e+00,5.178485e+00,4.897450e+00,3.987646e+00,4.709798e+00,4.847769e+00,4.689481e+00,4.961693e+00,4.720004e+00,4.536041e+00,4.558830e+00,4.532395e+00,4.698687e+00,4.794463e+00,5.011462e+00,4.856621e+00,4.811666e+00,4.769123e+00,4.656835e+00,4.714321e+00,4.948699e+00,4.519743e+00,4.769059e+00,4.688497e+00,4.419012e+00,4.827141e+00,5.022604e+00,4.893721e+00,4.762741e+00,4.937309e+00,4.776643e+00,4.980216e+00,4.653491e+00,4.871405e+00,4.857907e+00,4.796779e+00,4.781259e+00,4.322570e+00,4.761243e+00,4.743179e+00,4.580325e+00,4.795228e+00,4.876637e+00,4.433358e+00,4.917127e+00,4.608497e+00,4.874305e+00,4.784523e+00,4.656275e+00,4.843048e+00,4.940088e+00,4.721509e+00
4.696138e+00,4.553893e+00,4.733971e+00,4.835139e+00,4.884556e+00,4.501792e+00,4.442665e+00,4.727220e+00,4.528111e+00,4.523085e+00,4.562103e+00,4.658554e+00,4.830249e+00,4.561489e+00,4.662597e+00,4.766107e+00,4.798538e+00,4.870000e+00,4.943926e+00,4.782839e+00,4.816913e+00,4.827083e+00,4.846551e+00,4.915252e+00,4.915929e+00,4.826264e+00,4.925314e+00,4.704371e+00,4.959660e+00,4.590413e+00,4.697833e+00,4.686993e+00,4.810495e+00,4.834413e+00,4.837007e+00,4.487796e+00,4.890251e+00,4.876044e+00,4.772297e+00,4.641691e+00,4.699921e+00,4.697915e+00,4.798657e+00,4.932146e+00,4.825435e+00,4.722002e+00,4.819182e+00,4.833870e+00,4.941472e+00,4.779211e+00,4.496029e+00,4.740067e+00,4.840625e+00,5.094207e+00,4.835980e+00,4.735393e+00,4.732294e+00,4.626976e+00,4.488165e+00,4.824308e+00,4.829212e+00,4.872232e+00,4.785009e+00,4.652390e+00,4.663881e+00,4.793774e+00,4.396234e+00,4.743149e+00,4.966503e+00,4.696453e+00,4.761916e+00,4.668981e+00,4.720664e+00,4.528757e+00,4.715976e+00,4.938568e+00,4.703842e+00,4.569329e+00,4.869726e+00,4.553124e+00,4.986436e+00,5.191001e+00,4.829858e+00,5.105013e+00,4.559933e+00,4.758789e+00,4.420949e+00,4.760189e+00,4.959654e+00,4.781355e+00,4.601168e+00,4.764505e+00,4.437425e+00,5.201444e+00,4.813508e+00,5.264733e+00,4.730511e+00,4.776716e+00,4.924129e+00,4.456237e+00,5.070999e+00,4.428301e+00,4.470911e+00,4.194270e+00,4.663988e+00,4.514371e+00,4.641612e+00,4.747299e+00,7.371273e+00,4.871494e+00,4.189960e+00,5.033671e+00,4.938185e+00,3.421193e+00,5.683781e+00,4.331069e+00,7.047830e+00,7.759877e+00,3.803347e+00,4.138388e+00,3.853666e+00,4.507643e+00,4.651372e+00,4.918409e+00,4.823987e+00,4.954572e+00,5.116801e+00,4.426695e+00,4.857213e+00,4.748384e+00,4.706116e+00,4.563110e+00,4.406147e+00,4.097500e+00,4.043634e+00,4.520408e+00,4.738690e+00,5.006604e+00,5.319828e+00,5.154693e+00,4.323363e+00,4.987035e+00,3.572364e+00,4.917785e+00,4.950026e+00,4.890065e+00,3.851763e+00,3.643702e+00,4.303944e+00,4.750128e+00,4.885838e+00,4.483862e+00,5.016874e+00,5.023087e+00,5.010242e+00,4.941065e+00,5.149326e+00,4.833560e+00,5.151511e+00,4.915057e+00,4.957283e+00,4.876310e+00,4.774779e+00,5.191447e+00,4.864350e+00,4.861713e+00,5.015346e+00,4.777824e+00,4.675636e+00,5.094212e+00,5.202859e+00,5.011909e+00,4.965941e+00,4.756944e+00,4.280115e+00,4.752560e+00,5.191533e+00,4.989029e+00,4.823474e+00,4.577611e+00,4.858429e+00,4.868454e+00,4.701196e+00,4.593456e+00,4.660882e+00,4.796209e+00,4.922598e+00,4.677093e+00,4.856861e+00,4.606807e+00,4.664475e+00,4.980044e+00,4.793597e+00,4.789837e+00,4.422451e+00,4.793914e+00,4.994688e+00,4.659165e+00,4.436138e+00,4.917180e+00,4.841851e+00,4.881713e+00,4.538484e+00,4.799478e+00,4.649607e+00,4.606387e+00,4.810996e+00,4.965289e+00,4.676727e+00,4.818526e+00,4.549941e+00,4.790577e+00,5.000945e+00,4.417450e+00,4.809527e+00,4.717924e+00,4.533262e+00,5.031745e+00,4.537546e+00,4.664703e+00,4.554586e+00,4.644209e+00,4.879888e+00,4.615275e+00,4.675912e+00,4.763514e+00,4.859320e+00,4.731780e+00
4.441596e+00,4.783436e+00,4.938291e+00,4.673815e+00,4.709520e+00,4.636453e+00,4.724440e+00,4.609483e+00,4.745420e+00,4.633447e+00,4.648284e+00,4.650144e+00,5.104587e+00,4.608419e+00,4.373224e+00,4.593872e+00,4.862940e+00,4.581914e+00,4.750646e+00,4.773987e+00,4.675522e+00,4.986028e+00,4.631687e+00,4.868234e+00,4.706062e+00,4.680860e+00,4.850043e+00,4.849975e+00,4.731233e+00,4.693801e+00,4.797878e+00,4.650064e+00,4.669855e+00,4.769326e+00,4.908674e+00,4.695129e+00,4.708875e+00,4.807914e+00,4.789921e+00,4.877031e+00,4.582808e+00,4.890894e+00,4.631069e+00,4.706976e+00,4.781769e+00,4.638792e+00,4.447651e+00,4.850967e+00,4.744227e+00,4.610430e+00,4.750480e+00,4.776886e+00,4.849395e+00,4.934593e+00,5.013293e+00,4.912410e+00,4.728040e+00,4.948952e+00,5.004243e+00,4.723993e+00,4.700900e+00,4.933152e+00,4.791824e+00,4.576358e+00,4.852787e+00,4.767927e+00,4.950534e+00,4.748116e+00,4.918798e+00,4.957381e+00,4.805242e+00,4.754773e+00,4.875754e+00,4.515191e+00,4.678956e+00,4.892457e+00,4.787623e+00,4.793629e+00,4.658551e+00,4.967389e+00,4.925561e+00,5.257615e+00,4.790223e+00,4.792859e+00,4.988461e+00,4.832109e+00,4.705469e+00,4.590735e+00,4.915779e+00,4.808115e+00,4.634928e+00,4.897782e+00,4.843238e+00,4.842547e+00,4.659269e+00,4.843497e+00,4.912378e+00,4.661241e+00,4.816361e+00,4.813351e+00,4.874105e+00,4.466910e+00,4.021534e+00,4.645221e+00,4.767107e+00,4.602037e+00,5.006492e+00,3.741153e+00,5.359236e+00,8.540988e+00,4.701167e+00,3.093727e+00,4.509822e+00,4.340232e+00,5.128841e+00,5.331591e+00,9.330710e+00,4.840400e+00,3.754564e+00,5.298634e+00,5.048168e+00,5.274948e+00,5.831418e+00,4.665445e+00,4.229073e+00,3.972813e+00,4.959905e+00,4.767179e+00,3.998353e+00,3.939998e+00,5.005135e+00,4.200611e+00,4.617898e+00,4.986219e+00,4.874416e+00,4.490968e+00,5.105423e+00,6.553659e+00,4.838102e+00,4.926429e+00,4.924567e+00,4.486466e+00,4.202582e+00,3.575870e+00,5.033984e+00,4.775874e+00,4.725798e+00,4.917810e+00,4.960349e+00,4.155950e+00,4.829910e+00,4.818341e+00,5.122257e+00,4.951920e+00,4.845174e+00,4.760272e+00,4.935721e+00,4.577201e+00,4.753053e+00,4.772717e+00,4.750041e+00,4.455136e+00,4.852095e+00,4.777415e+00,4.750090e+00,4.707409e+00,4.750715e+00,5.000878e+00,4.478955e+00,4.979505e+00,5.137270e+00,4.834563e+00,5.026291e+00,4.754721e+00,4.694242e+00,4.810345e+00,4.837469e+00,5.061938e+00,4.604327e+00,4.852695e+00,4.883281e+00,4.816974e+00,4.814909e+00,4.824469e+00,4.833601e+00,4.937871e+00,4.902556e+00,4.847047e+00,4.448276e+00,4.757217e+00,4.660774e+00,4.576795e+00,4.750379e+00,4.767126e+00,4.745291e+00,4.565326e+00,4.863284e+00,4.650874e+00,4.707656e+00,4.507165e+00,4.874472e+00,4.639254e+00,4.674907e+00,4.842220e+00,4.580666e+00,4.744039e+00,4.572379e+00,4.789504e+00,4.604761e+00,4.631400e+00,4.799831e+00,4.926825e+00,4.870209e+00,4.743582e+00,4.930543e+00,4.789535e+00,4.804597e+00,4.697712e+00,4.760984e+00,4.759534e+00,4.554305e+00,4.750579e+00,4.830792e+00,4.876303e+00,4.786770e+00,4.720116e+00,4.595660e+00,4.781500e+00
4.873553e+00,4.510471e+00,4.527821e+00,4.886758e+00,4.593958e+00,4.692431e+00,4.786925e+00,4.671033e+00,4.800225e+00,4.642086e+00,4.889541e+00,4.871027e+00,4.841835e+00,4.918475e+00,4.815022e+00,4.715976e+00,4.959610e+00,4.800035e+00,4.720356e+00,4.923020e+00,5.000293e+00,4.573678e+00,4.823576e+00,4.887140e+00,4.759427e+00,4.883247e+00,4.723235e+00,4.670324e+00,4.819793e+00,4.857003e+00,4.850031e+00,4.566302e+00,4.535724e+00,4.713781e+00,4.753102e+00,4.718382e+00,4.718069e+00,4.648669e+00,4.711175e+00,4.631863e+00,4.926208e+00,4.880996e+00,4.693331e+00,4.749018e+00,4.742349e+00,4.714355e+00,4.718870e+00,4.623691e+00,4.827742e+00,4.648129e+00,4.769729e+00,4.775955e+00,4.856379e+00,4.611444e+00,4.684790e+00,4.797557e+00,4.966585e+00,4.744659e+00,4.928297e+00,4.998422e+00,4.671560e+00,4.475476e+00,4.780736e+00,4.738144e+00,5.021099e+00,4.813016e+00,4.553096e+00,5.075461e+00,4.907576e+00,4.643100e+00,4.828369e+00,4.594502e+00,4.799573e+00,4.843917e+00,4.929003e+00,4.818794e+00,4.885325e+00,4.855594e+00,4.839738e+00,4.917474e+00,4.990080e+00,4.898035e+00,4.797781e+00,4.944895e+00,4.792063e+00,4.710555e+00,4.923719e+00,4.856890e+00,4.336375e+00,4.746707e+00,4.952217e+00,4.800886e+00,4.558725e+00,4.747571e+00,4.814252e+00,4.960271e+00,4.804759e+00,4.860173e+00,4.945820e+00,5.230999e+00,4.980188e+00,4.405832e+00,4.953323e+00,5.224038e+00,4.927471e+00,5.292254e+00,4.737750e+00,4.952749e+00,4.579563e+00,4.492244e+00,4.680632e+00,4.575547e+00,4.952625e+00,5.314705e+00,4.706570e+00,4.727912e+00,4.140223e+00,4.395280e+00,5.055802e+00,4.759211e+00,9.302544e+00,4.942471e+00,5.165846e+00,4.880315e+00,4.844513e+00,4.722196e+00,4.976542e+00,5.139170e+00,5.163750e+00,4.832437e+00,4.392533e+00,4.802710e+00,4.919912e+00,4.051170e+00,4.936624e+00,4.626118e+00,4.907413e+00,4.060132e+00,4.358997e+00,4.963097e+00,4.231961e+00,4.128401e+00,4.718461e+00,4.588985e+00,5.192241e+00,5.358026e+00,4.938978e+00,4.930714e+00,5.188064e+00,4.719504e+00,5.275616e+00,4.613734e+00,4.645276e+00,4.791279e+00,4.569490e+00,5.016554e+00,4.443581e+00,4.852500e+00,4.657747e+00,5.227036e+00,4.685396e+00,4.733860e+00,4.814638e+00,4.747150e+00,4.838851e+00,4.880994e+00,4.932085e+00,4.583765e+00,4.827650e+00,5.205470e+00,4.992245e+00,4.462554e+00,4.800755e+00,4.834655e+00,4.756516e+00,4.989440e+00,4.692794e+00,4.992438e+00,4.833569e+00,4.888994e+00,4.866466e+00,5.013265e+00,4.997260e+00,4.805179e+00,4.942081e+00,4.914405e+00,4.850904e+00,4.656593e+00,4.719496e+00,4.784158e+00,5.015601e+00,4.496381e+00,4.750268e+00,4.751767e+00,4.833151e+00,4.758778e+00,4.811997e+00,4.848343e+00,4.863916e+00,4.912956e+00,4.775952e+00,5.027694e+00,4.841496e+00,4.879413e+00,4.709624e+00,4.533025e+00,4.747723e+00,4.825198e+00,4.764184e+00,4.813771e+00,4.773889e+00,4.561281e+00,4.730384e+00,4.761281e+00,4.657778e+00,4.852839e+00,4.867344e+00,4.817674e+00,4.810220e+00,4.613117e+00,4.800893e+00,4.839918e+00,4.130913e+00,4.869634e+00,4.794689e+00,4.508918e+00,4.724066e+00,4.915516e+00
4.568685e+00,4.776308e+00,4.605149e+00,4.766163e+00,4.571517e+00,4.794732e+00,4.730619e+00,4.841685e+00,4.719335e+00,4.731780e+00,4.723454e+00,4.817901e+00,4.700096e+00,4.652914e+00,4.678057e+00,4.986789e+00,4.652904e+00,4.892216e+00,4.775276e+00,4.692080e+00,4.636763e+00,4.833624e+00,4.540123e+00,4.937216e+00,4.457317e+00,4.852066e+00,4.708130e+00,4.617972e+00,4.809646e+00,4.953705e+00,4.905056e+00,4.899186e+00,4.681469e+00,4.602707e+00,4.805708e+00,4.744649e+00,4.870522e+00,5.052953e+00,4.639558e+00,4.823268e+00,4.282031e+00,4.618700e+00,4.480124e+00,4.517245e+00,4.858388e+00,4.656220e+00,4.628219e+00,4.856750e+00,5.106262e+00,4.547866e+00,4.953712e+00,4.674641e+00,4.777287e+00,4.886789e+00,4.793881e+00,4.741544e+00,4.696115e+00,4.910124e+00,4.885805e+00,4.873741e+00,4.585517e+00,4.770775e+00,4.740650e+00,4.622485e+00,4.488728e+00,4.583386e+00,5.037660e+00,4.707761e+00,4.793886e+00,4.808481e+00,4.924268e+00,4.854652e+00,4.817839e+00,4.712744e+00,4.742030e+00,4.786581e+00,4.499885e+00,4.790540e+00,4.735431e+00,4.717502e+00,4.807679e+00,4.680924e+00,4.884430e+00,4.718591e+00,4.828060e+00,4.546180e+00,3.957208e+00,5.350636e+00,4.960502e+00,4.496552e+00,4.734077e+00,4.713285e+00,4.544295e+00,4.851219e+00,4.828159e+00,4.788671e+00,4.496538e+00,4.523542e+00,4.767063e+00,4.915069e+00,4.878687e+00,4.820075e+00,4.512268e+00,4.777539e+00,4.623057e+00,4.344039e+00,4.640091e+00,4.577135e+00,4.026197e+00,4.821540e+00,4.899737e+00,4.823160e+00,4.291693e+00,4.636273e+00,4.836921e+00,4.597567e+00,5.480984e+00,8.995308e+00,4.902448e+00,4.883581e+00,4.501383e+00,4.692974e+00,4.653049e+00,4.991230e+00,4.713358e+00,3.727864e+00,4.924455e+00,5.138165e+00,4.562217e+00,4.663957e+00,4.546354e+00,4.450959e+00,3.652145e+00,3.910353e+00,4.546690e+00,4.235591e+00,4.872258e+00,5.174772e+00,4.373494e+00,4.748067e+00,5.224588e+00,4.967509e+00,4.901000e+00,4.570710e+00,3.757406e+00,4.608685e+00,4.322691e+00,4.512512e+00,4.798409e+00,4.809741e+00,4.904990e+00,4.463327e+00,4.955202e+00,4.686134e+00,4.649219e+00,4.749257e+00,4.722135e+00,4.674027e+00,4.631540e+00,4.696373e+00,4.746063e+00,4.815140e+00,4.902287e+00,4.810342e+00,4.967272e+00,4.217367e+00,4.901974e+00,4.932559e+00,4.895874e+00,4.847123e+00,4.743771e+00,4.883362e+00,4.793069e+00,4.905076e+00,4.675624e+00,4.749786e+00,4.774852e+00,4.840201e+00,4.745646e+00,4.648189e+00,4.808609e+00,4.797867e+00,4.300901e+00,4.792908e+00,4.348281e+00,4.766839e+00,4.708586e+00,4.849603e+00,4.641493e+00,4.839078e+00,4.932007e+00,4.709997e+00,4.823825e+00,4.779964e+00,4.727356e+00,4.542108e+00,4.871925e+00,4.737723e+00,4.675417e+00,4.833309e+00,4.774239e+00,4.833651e+00,4.701841e+00,4.744916e+00,4.929550e+00,4.796262e+00,4.816824e+00,4.683981e+00,4.685539e+00,4.767154e+00,4.813146e+00,4.783351e+00,4.818848e+00,4.892721e+00,4.699756e+00,4.719802e+00,4.837977e+00,4.836943e+00,4.653530e+00,4.638522e+00,4.791542e+00,4.937312e+00,4.763790e+00,4.755870e+00,4.694174e+00,4.706668e+00,4.804869e+00,4.840279e+00
4.741709e+00,4.793133e+00,4.690296e+00,4.561000e+00,4.654548e+00,4.925764e+00,4.753447e+00,4.519302e+00,4.723582e+00,4.801510e+00,4.991009e+00,4.681987e+00,4.971436e+00,4.702714e+00,4.560469e+00,4.462050e+00,4.740225e+00,4.642159e+00,4.690250e+00,4.824226e+00,4.826741e+00,4.801803e+00,4.916831e+00,4.533653e+00,4.559265e+00,4.774487e+00,4.826147e+00,4.791471e+00,4.711210e+00,4.816306e+00,4.711763e+00,4.867338e+00,4.754079e+00,4.717328e+00,4.718058e+00,4.360764e+00,4.938132e+00,4.708987e+00,4.770460e+00,4.445156e+00,4.871637e+00,4.671004e+00,4.676429e+00,4.753396e+00,4.763762e+00,4.862448e+00,4.763277e+00,4.805991e+00,4.436153e+00,4.889407e+00,4.928285e+00,4.629743e+00,4.645420e+00,4.832871e+00,4.828559e+00,4.748852e+00,4.939761e+00,4.525827e+00,4.896116e+00,4.814229e+00,5.020770e+00,4.866226e+00,4.521124e+00,4.858385e+00,4.676738e+00,4.870706e+00,4.881572e+00,4.757859e+00,4.740861e+00,4.838539e+00,4.731400e+00,4.521168e+00,4.686952e+00,4.704972e+00,4.975887e+00,5.003935e+00,4.754181e+00,4.928843e+00,4.702745e+00,4.816915e+00,5.017702e+00,4.872911e+00,4.636644e+00,4.760708e+00,4.722945e+00,4.714442e+00,4.616776e+00,4.441371e+00,5.127732e+00,4.801348e+00,4.931313e+00,4.962697e+00,4.808838e+00,5.024836e+00,4.725581e+00,4.818692e+00,4.774034e+00,4.748051e+00,4.555975e+00,4.951360e+00,4.750151e+00,4.785792e+00,4.884086e+00,4.637072e+00,4.823210e+00,5.158886e+00,5.084227e+00,4.745942e+00,4.699459e+00,4.678510e+00,4.774855e+00,4.659708e+00,5.029174e+00,4.560667e+00,4.475976e+00,5.088206e+00,4.777768e+00,4.529283e+00,4.575851e+00,4.748506e+00,4.326544e+00,4.633129e+00,5.105513e+00,4.920857e+00,3.804279e+00,4.720498e+00,5.216226e+00,4.775924e+00,5.063474e+00,4.836566e+00,4.305377e+00,4.841317e+00,4.653673e+00,4.799828e+00,4.472146e+00,4.430561e+00,4.625180e+00,4.865111e+00,4.282144e+00,4.936570e+00,4.951811e+00,4.938130e+00,4.982965e+00,4.958445e+00,4.798626e+00,4.638359e+00,4.969205e+00,4.832838e+00,4.751825e+00,4.617153e+00,4.567673e+00,4.843101e+00,4.835515e+00,4.673553e+00,4.684844e+00,4.826816e+00,4.693698e+00,4.813699e+00,4.827262e+00,4.638278e+00,4.555882e+00,4.947021e+00,4.822449e+00,4.923250e+00,4.970538e+00,4.907741e+00,4.479215e+00,4.976665e+00,4.902314e+00,4.677573e+00,4.595596e+00,4.517021e+00,4.629311e+00,4.593911e+00,4.898760e+00,4.903859e+00,4.870744e+00,4.644470e+00,4.638509e+00,4.933908e+00,4.753724e+00,4.926672e+00,4.473789e+00,4.580042e+00,4.807379e+00,4.802156e+00,4.585698e+00,4.716423e+00,4.993101e+00,5.029563e+00,4.481433e+00,4.494180e+00,4.754088e+00,4.884710e+00,4.975000e+00,4.503810e+00,4.877546e+00,4.971127e+00,4.956569e+00,4.853527e+00,4.797050e+00,4.630772e+00,4.612803e+00,4.901723e+00,4.841123e+00,4.809725e+00,4.765741e+00,4.738700e+00,4.665710e+00,4.632589e+00,4.696745e+00,4.683804e+00,4.825389e+00,4.803512e+00,4.765157e+00,4.740257e+00,4.931106e+00,5.008531e+00,4.666401e+00,4.812084e+00,4.824966e+00,4.825653e+00,4.685744e+00,4.954110e+00,4.911941e+00,4.623118e+00,4.710872e+00,4.214938e+00
4.915122e+00,4.461919e+00,4.614287e+00,4.824625e+00,4.919075e+00,4.590988e+00,4.650264e+00,4.683357e+00,4.812683e+00,4.902382e+00,4.698084e+00,4.774091e+00,4.756585e+00,4.754946e+00,4.833527e+00,4.802416e+00,4.455177e+00,4.664219e+00,4.821485e+00,4.708283e+00,4.859621e+00,4.831208e+00,5.010583e+00,4.854433e+00,4.775026e+00,4.633925e+00,4.798633e+00,4.578756e+00,4.713535e+00,4.647194e+00,4.910508e+00,4.654993e+00,4.815773e+00,4.877546e+00,4.797784e+00,4.891056e+00,4.732052e+00,4.746271e+00,4.896313e+00,4.873126e+00,5.126412e+00,4.572127e+00,4.637861e+00,4.798571e+00,4.632469e+00,4.751073e+00,4.757527e+00,4.719195e+00,4.625058e+00,4.991571e+00,4.749924e+00,4.802680e+00,4.723838e+00,4.639644e+00,4.725419e+00,4.711409e+00,4.869255e+00,4.967288e+00,4.741013e+00,4.657569e+00,4.813126e+00,4.919233e+00,4.697728e+00,4.614548e+00,4.729083e+00,4.787881e+00,4.759327e+00,4.600148e+00,4.875856e+00,4.318997e+00,4.764066e+00,5.041208e+00,4.858254e+00,4.689759e+00,4.633320e+00,5.009544e+00,4.799955e+00,4.743928e+00,4.791010e+00,4.988463e+00,4.992932e+00,4.828504e+00,4.380718e+00,4.725609e+00,4.849010e+00,5.052695e+00,4.838295e+00,4.696085e+00,4.847510e+00,5.169156e+00,4.927041e+00,4.644506e+00,5.077744e+00,4.751161e+00,4.638344e+00,5.252965e+00,4.648064e+00,4.743768e+00,4.834807e+00,4.874730e+00,4.949962e+00,4.987800e+00,4.747470e+00,4.949042e+00,4.648669e+00,4.934200e+00,4.881630e+00,4.903234e+00,4.951775e+00,4.726315e+00,4.641223e+00,4.979147e+00,4.681902e+00,4.720402e+00,5.027957e+00,4.955147e+00,4.729295e+00,5.065224e+00,4.987842e+00,4.412574e+00,5.198666e+00,4.788445e+00,5.002529e+00,4.865322e+00,4.812983e+00,4.704047e+00,4.785845e+00,4.802358e+00,5.094119e+00,4.693143e+00,5.104782e+00,4.706116e+00,5.046343e+00,4.713107e+00,4.959982e+00,5.141223e+00,5.043353e+00,5.098814e+00,4.498689e+00,4.986633e+00,4.886051e+00,4.713805e+00,4.772320e+00,5.050425e+00,4.842458e+00,4.693931e+00,4.250014e+00,4.866592e+00,4.795972e+00,4.736930e+00,4.551544e+00,4.904958e+00,4.909028e+00,4.705500e+00,4.839876e+00,4.797503e+00,4.975297e+00,4.832309e+00,4.863628e+00,5.123684e+00,4.649574e+00,4.832572e+00,4.957224e+00,4.882593e+00,4.565752e+00,5.187442e+00,5.021740e+00,4.809025e+00,4.380540e+00,4.403585e+00,5.052840e+00,4.824083e+00,4.837782e+00,4.638832e+00,4.840155e+00,4.606470e+00,4.751014e+00,4.815213e+00,4.764592e+00,4.844789e+00,5.036199e+00,4.716415e+00,4.848293e+00,4.733996e+00,4.529132e+00,4.795478e+00,4.691525e+00,4.740138e+00,4.362531e+00,4.717018e+00,4.729303e+00,5.073707e+00,4.748192e+00,4.741228e+00,5.021819e+00,4.761056e+00,4.722593e+00,4.867966e+00,4.621403e+00,4.827463e+00,4.645866e+00,4.806345e+00,4.933674e+00,4.881117e+00,4.769765e+00,4.687882e+00,4.734460e+00,4.922648e+00,4.579943e+00,4.844451e+00,4.955546e+00,4.769041e+00,4.844152e+00,4.688539e+00,4.921521e+00,4.670459e+00,4.778686e+00,4.587425e+00,4.766174e+00,4.703241e+00,4.631590e+00,4.756108e+00,4.569325e+00,4.924725e+00,4.888067e+00,4.799904e+00,4.921972e+00,4.677729e+00
4.729487e+00,4.825098e+00,4.900568e+00,4.805738e+00,4.760628e+00,4.840456e+00,4.754092e+00,4.893428e+00,4.664295e+00,4.755230e+00,4.602072e+00,4.766503e+00,4.882462e+00,4.474237e+00,4.800278e+00,4.817204e+00,4.813646e+00,4.864538e+00,4.725653e+00,4.742957e+00,4.647357e+00,4.666199e+00,4.839317e+00,4.658688e+00,4.456287e+00,4.734786e+00,4.748165e+00,4.693586e+00,4.948808e+00,4.653588e+00,4.948325e+00,4.770299e+00,4.885599e+00,4.687696e+00,4.888286e+00,4.592478e+00,4.715511e+00,4.733784e+00,4.646422e+00,4.784457e+00,4.820036e+00,4.906813e+00,4.858045e+00,4.931151e+00,4.766021e+00,4.662800e+00,4.837312e+00,4.706435e+00,5.009716e+00,4.872745e+00,4.811956e+00,4.773124e+00,4.735980e+00,4.796885e+00,4.694018e+00,4.650869e+00,4.765995e+00,4.814911e+00,4.830413e+00,4.671587e+00,5.200062e+00,4.649937e+00,4.494588e+00,4.621580e+00,4.815470e+00,4.684511e+00,4.640240e+00,4.912731e+00,4.919791e+00,4.811121e+00,4.931161e+00,4.853041e+00,4.498716e+00,4.795218e+00,4.732661e+00,4.891820e+00,4.876932e+00,4.766342e+00,4.714223e+00,4.723717e+00,4.768209e+00,4.943278e+00,4.827844e+00,4.752982e+00,4.892406e+00,4.730664e+00,4.516037e+00,4.830400e+00,4.777633e+00,4.895817e+00,4.903433e+00,4.721761e+00,4.757353e+00,4.486596e+00,5.156340e+00,4.857585e+00,4.771153e+00,4.998158e+00,4.684999e+00,4.986746e+00,4.752422e+00,4.816920e+00,4.672142e+00,4.882301e+00,5.043348e+00,4.777719e+00,4.936123e+00,4.589827e+00,4.776017e+00,4.768620e+00,4.831725e+00,4.998211e+00,4.869331e+00,5.006087e+00,4.692038e+00,4.653968e+00,4.883647e+00,4.793763e+00,4.763309e+00,4.736730e+00,4.872770e+00,4.627316e+00,4.829598e+00,4.963799e+00,5.037765e+00,4.803214e+00,4.789227e+00,4.690717e+00,4.816491e+00,4.802243e+00,4.847286e+00,4.691903e+00,4.569837e+00,4.876260e+00,4.633765e+00,4.854117e+00,4.784332e+00,5.000081e+00,4.491391e+00,4.471209e+00,4.755618e+00,4.359696e+00,4.712651e+00,4.868330e+00,4.746003e+00,4.654763e+00,4.868830e+00,4.784597e+00,4.747756e+00,4.864273e+00,4.793817e+00,4.757773e+00,4.811939e+00,4.836561e+00,4.827590e+00,4.876416e+00,4.565178e+00,5.208327e+00,4.741286e+00,4.828203e+00,4.739426e+00,4.864532e+00,4.858612e+00,4.601729e+00,4.678349e+00,4.871414e+00,4.822404e+00,4.947341e+00,4.995827e+00,4.824182e+00,4.842583e+00,4.642735e+00,4.998884e+00,4.710019e+00,4.790614e+00,4.755842e+00,4.681976e+00,4.819272e+00,4.856545e+00,4.856733e+00,4.658620e+00,4.902573e+00,4.678221e+00,4.845427e+00,4.599036e+00,4.690323e+00,4.503804e+00,4.771436e+00,4.583472e+00,4.806717e+00,4.555503e+00,4.767565e+00,5.026290e+00,4.810332e+00,4.509891e+00,4.948742e+00,4.734511e+00,4.621363e+00,4.923878e+00,4.720880e+00,5.097049e+00,4.705717e+00,4.656716e+00,4.921428e+00,4.953905e+00,4.345168e+00,4.755069e+00,4.709271e+00,4.784788e+00,4.788319e+00,4.852711e+00,4.493867e+00,4.566842e+00,5.040970e+00,4.477811e+00,4.560797e+00,4.679072e+00,4.816432e+00,4.897806e+00,4.896461e+00,4.291743e+00,4.926652e+00,4.789923e+00,4.634620e+00,4.762650e+00,4.669132e+00,4.711639e+00,4.785694e+00
4.899349e+00,5.070326e+00,4.951595e+00,4.641234e+00,4.682086e+00,4.650105e+00,4.387628e+00,4.607224e+00,4.746910e+00,4.890766e+00,4.584627e+00,4.688355e+00,4.715179e+00,4.824083e+00,4.786201e+00,4.682446e+00,4.660172e+00,4.813861e+00,4.741900e+00,4.715760e+00,4.711132e+00,4.616114e+00,4.539692e+00,4.800519e+00,4.898837e+00,4.865493e+00,4.671779e+00,4.852067e+00,4.537895e+00,4.744185e+00,4.604569e+00,4.674449e+00,4.690241e+00,4.751250e+00,4.787942e+00,4.733621e+00,4.737242e+00,4.758561e+00,4.737633e+00,4.826801e+00,4.723437e+00,4.741139e+00,4.645237e+00,4.719671e+00,4.809304e+00,4.767908e+00,4.758204e+00,4.838481e+00,4.862964e+00,4.759165e+00,4.709860e+00,4.596560e+00,4.790472e+00,4.705134e+00,4.848446e+00,4.877020e+00,4.586330e+00,4.763273e+00,4.859731e+00,4.779213e+00,4.833036e+00,5.023115e+00,4.581885e+00,4.746771e+00,4.684943e+00,4.808849e+00,4.768538e+00,4.890310e+00,4.754173e+00,4.644983e+00,4.825519e+00,4.794330e+00,4.693423e+00,4.808740e+00,4.795268e+00,4.803635e+00,4.733353e+00,4.831951e+00,4.683534e+00,4.879302e+00,4.733645e+00,4.902579e+00,4.508943e+00,4.720533e+00,4.623532e+00,4.562118e+00,4.680501e+00,4.768913e+00,4.717374e+00,5.111820e+00,4.839974e+00,4.665641e+00,4.769540e+00,4.701674e+00,4.507809e+00,4.911515e+00,4.760664e+00,4.610003e+00,5.027735e+00,4.705845e+00,4.791024e+00,4.813631e+00,4.737091e+00,4.805788e+00,4.584265e+00,4.764397e+00,4.761615e+00,4.777841e+00,4.679457e+00,4.803467e+00,4.821847e+00,4.721355e+00,4.903761e+00,4.833093e+00,4.659487e+00,4.578073e+00,4.880446e+00,4.598911e+00,4.752733e+00,4.702598e+00,4.936426e+00,4.643963e+00,4.793394e+00,4.807406e+00,4.917866e+00,4.947982e+00,4.640272e+00,4.749277e+00,4.801261e+00,4.849507e+00,4.944906e+00,4.932761e+00,4.670609e+00,5.026750e+00,4.744982e+00,4.879698e+00,4.718238e+00,4.664752e+00,4.906491e+00,4.821701e+00,4.673602e+00,4.775377e+00,4.804883e+00,4.565956e+00,4.714548e+00,4.985766e+00,4.743644e+00,4.730929e+00,4.872250e+00,4.926436e+00,4.760644e+00,5.066667e+00,4.465629e+00,4.999352e+00,4.013598e+00,5.311134e+00,4.864938e+00,5.066930e+00,5.027374e+00,4.762442e+00,4.777660e+00,4.701256e+00,4.756633e+00,4.704128e+00,5.108960e+00,4.531695e+00,4.627850e+00,4.828284e+00,4.896866e+00,4.749134e+00,4.554922e+00,4.708149e+00,4.787986e+00,4.802784e+00,4.533745e+00,4.544711e+00,4.981556e+00,4.912316e+00,4.267939e+00,4.780006e+00,5.020794e+00,4.654605e+00,4.977645e+00,4.607649e+00,4.773421e+00,4.691083e+00,4.765415e+00,4.921563e+00,4.837229e+00,4.872258e+00,4.977767e+00,4.824458e+00,4.615377e+00,4.796505e+00,4.436306e+00,4.791370e+00,4.900126e+00,4.669502e+00,4.686938e+00,4.795542e+00,4.810330e+00,4.970347e+00,4.972383e+00,4.667311e+00,4.461257e+00,4.683592e+00,4.700943e+00,4.856741e+00,4.571247e+00,4.692168e+00,4.809303e+00,4.489168e+00,4.787100e+00,4.805118e+00,4.471102e+00,4.721084e+00,4.646019e+00,4.540632e+00,4.626111e+00,4.743061e+00,4.673438e+00,4.909201e+00,4.968906e+00,4.786497e+00,4.864298e+00,4.832813e+00,4.909742e+00,4.933456e+00
4.709896e+00,4.907606e+00,4.787427e+00,4.707852e+00,4.860711e+00,4.722021e+00,4.630269e+00,4.397166e+00,4.908275e+00,4.827030e+00,4.543681e+00,4.860786e+00,4.729953e+00,4.709303e+00,4.747192e+00,4.657079e+00,4.825762e+00,4.889954e+00,4.575089e+00,4.572685e+00,4.711143e+00,4.965764e+00,4.716450e+00,4.626591e+00,4.634899e+00,4.698210e+00,4.698093e+00,4.754767e+00,4.698318e+00,4.834940e+00,4.861799e+00,4.943867e+00,4.551700e+00,4.645167e+00,4.686163e+00,4.749594e+00,4.742362e+00,4.756412e+00,4.720761e+00,4.936316e+00,4.507826e+00,4.685360e+00,4.596280e+00,4.720031e+00,4.726849e+00,4.678264e+00,4.824744e+00,4.764940e+00,4.796588e+00,4.677112e+00,4.774568e+00,4.901266e+00,4.800537e+00,4.591586e+00,4.779825e+00,4.638433e+00,4.746216e+00,4.793351e+00,4.739485e+00,4.687376e+00,4.680707e+00,5.178156e+00,5.084319e+00,4.726560e+00,4.553617e+00,4.738652e+00,4.639426e+00,4.855354e+00,4.907569e+00,4.770531e+00,4.849010e+00,4.730568e+00,4.827583e+00,4.715909e+00,4.803601e+00,4.676711e+00,4.976038e+00,4.879327e+00,4.845611e+00,4.662186e+00,4.600011e+00,4.693616e+00,4.755873e+00,4.839623e+00,4.789115e+00,4.707315e+00,4.853785e+00,4.773581e+00,4.806200e+00,4.796831e+00,4.933033e+00,4.720091e+00,5.188070e+00,4.849634e+00,4.767405e+00,4.805210e+00,4.854133e+00,4.678877e+00,5.013323e+00,4.906065e+00,4.254876e+00,4.944740e+00,4.968962e+00,4.952563e+00,4.954849e+00,4.685142e+00,4.814281e+00,4.760780e+00,4.897794e+00,4.670185e+00,4.810564e+00,4.652462e+00,4.741477e+00,4.854347e+00,4.688969e+00,4.795320e+00,4.854121e+00,5.033931e+00,4.550347e+00,4.927839e+00,4.663105e+00,4.852799e+00,4.770597e+00,4.841621e+00,4.653551e+00,4.620536e+00,4.826992e+00,4.891376e+00,4.668630e+00,4.811511e+00,4.844214e+00,4.835143e+00,4.874828e+00,4.708141e+00,4.810780e+00,4.798444e+00,4.893004e+00,4.962334e+00,4.600395e+00,4.632285e+00,4.653107e+00,4.875771e+00,4.814201e+00,5.044432e+00,4.463078e+00,4.863192e+00,4.842411e+00,4.723886e+00,4.884642e+00,4.865903e+00,4.737901e+00,5.092278e+00,4.673514e+00,5.251520e+00,4.867810e+00,4.956591e+00,5.023302e+00,4.892677e+00,4.680468e+00,4.795432e+00,4.775611e+00,4.724021e+00,4.766863e+00,4.983506e+00,4.795672e+00,4.740520e+00,4.566478e+00,4.957719e+00,4.825846e+00,4.753642e+00,4.989038e+00,4.671364e+00,4.589804e+00,4.742146e+00,4.737761e+00,4.615066e+00,4.908958e+00,4.307983e+00,4.662673e+00,4.764214e+00,4.578938e+00,5.045483e+00,4.666515e+00,4.725386e+00,4.835830e+00,4.758749e+00,4.437386e+00,4.802752e+00,4.870748e+00,4.978947e+00,4.834696e+00,4.558453e+00,4.908218e+00,5.011095e+00,4.734313e+00,4.900644e+00,4.689820e+00,4.659950e+00,4.827659e+00,5.037217e+00,4.562515e+00,4.726867e+00,4.505515e+00,4.809526e+00,4.666648e+00,4.695473e+00,4.795975e+00,4.609089e+00,4.703320e+00,4.709139e+00,4.696600e+00,4.817857e+00,4.761411e+00,4.667462e+00,4.744234e+00,4.668081e+00,4.854229e+00,4.862800e+00,4.738653e+00,4.734769e+00,4.918183e+00,4.722260e+00,4.435298e+00,4.666858e+00,4.568589e+00,4.868505e+00,4.564280e+00,4.722333e+00
4.757292e+00,4.700735e+00,4.714749e+00,4.849140e+00,4.761288e+00,4.591133e+00,4.760999e+00,4.607185e+00,4.986719e+00,4.587321e+00,4.494322e+00,4.899744e+00,4.860999e+00,4.844613e+00,4.755681e+00,4.776622e+00,4.793554e+00,4.581507e+00,4.361742e+00,4.711707e+00,4.768496e+00,4.769347e+00,4.895233e+00,4.815164e+00,4.593908e+00,4.811980e+00,4.833587e+00,4.794349e+00,4.910181e+00,4.799385e+00,4.790665e+00,4.706357e+00,4.922225e+00,4.967651e+00,4.550478e+00,4.613879e+00,4.808814e+00,5.038987e+00,4.571015e+00,4.754994e+00,4.602143e+00,4.761568e+00,4.729521e+00,4.801778e+00,4.770758e+00,4.535216e+00,4.767217e+00,4.951607e+00,4.621521e+00,4.733604e+00,4.923403e+00,4.578038e+00,4.856531e+00,4.709393e+00,4.626623e+00,5.075675e+00,4.826461e+00,4.462786e+00,4.849964e+00,5.105113e+00,4.579108e+00,4.755222e+00,4.717477e+00,4.740604e+00,4.778805e+00,4.872789e+00,4.708309e+00,4.827595e+00,4.865740e+00,4.791108e+00,4.718935e+00,4.841450e+00,4.833621e+00,4.821321e+00,4.970560e+00,5.005544e+00,5.091785e+00,4.682501e+00,4.701243e+00,4.822846e+00,4.822542e+00,4.676363e+00,5.072204e+00,4.538334e+00,4.663518e+00,5.071187e+00,4.865367e+00,4.699166e+00,4.689824e+00,4.726512e+00,4.697782e+00,4.922818e+00,4.744375e+00,4.882126e+00,5.108819e+00,5.109675e+00,4.694334e+00,4.760123e+00,4.808588e+00,4.688556e+00,4.908073e+00,4.751058e+00,4.832953e+00,5.315876e+00,4.981442e+00,4.577291e+00,4.723908e+00,5.054997e+00,4.668415e+00,4.807503e+00,4.518308e+00,4.805700e+00,4.871553e+00,4.536716e+00,4.848032e+00,4.929482e+00,4.522289e+00,4.790135e+00,4.661557e+00,4.796189e+00,4.845546e+00,4.611370e+00,4.801767e+00,4.630272e+00,4.832589e+00,4.717666e+00,4.781212e+00,4.829391e+00,4.640076e+00,4.760037e+00,4.569240e+00,4.655687e+00,4.646104e+00,4.711816e+00,4.934765e+00,4.869664e+00,4.642633e+00,4.685747e+00,4.600415e+00,4.793394e+00,4.579370e+00,4.752402e+00,4.936783e+00,4.878880e+00,4.968568e+00,4.885319e+00,4.958654e+00,4.745649e+00,5.124505e+00,5.012484e+00,4.715731e+00,5.116729e+00,4.751382e+00,4.864334e+00,5.032048e+00,4.632042e+00,5.043897e+00,4.912140e+00,4.791519e+00,4.676960e+00,4.772464e+00,4.733950e+00,4.786098e+00,4.751189e+00,4.500082e+00,4.776760e+00,4.657596e+00,4.586109e+00,4.876374e+00,4.854344e+00,4.630252e+00,4.820022e+00,4.770845e+00,4.910302e+00,4.650900e+00,4.528545e+00,4.672146e+00,4.995324e+00,4.972927e+00,4.594995e+00,4.567458e+00,4.795319e+00,4.970285e+00,4.909367e+00,4.756657e+00,4.981006e+00,4.782458e+00,4.907952e+00,4.908499e+00,5.236701e+00,4.690741e+00,4.615472e+00,4.805806e+00,4.585698e+00,4.792261e+00,4.840193e+00,4.788233e+00,4.673786e+00,5.044356e+00,4.819426e+00,4.501168e+00,4.718078e+00,4.822661e+00,4.496374e+00,4.875533e+00,4.688748e+00,4.775131e+00,4.815979e+00,4.716625e+00,4.749222e+00,4.758354e+00,4.611787e+00,4.691503e+00,4.893258e+00,4.703687e+00,4.833430e+00,4.917421e+00,5.075099e+00,4.547083e+00,4.889451e+00,4.789107e+00,4.831898e+00,4.908994e+00,4.723257e+00,4.796150e+00,4.714931e+00,4.898184e+00,4.850996e+00
4.636145e+00,4.616702e+00,4.795060e+00,4.929223e+00,4.712240e+00,4.540372e+00,4.619279e+00,4.846693e+00,4.912933e+00,4.908017e+00,4.879521e+00,4.938445e+00,4.790342e+00,4.648042e+00,4.857171e+00,4.729819e+00,4.833734e+00,4.917567e+00,4.763537e+00,4.852677e+00,4.721263e+00,4.871993e+00,4.868409e+00,4.796498e+00,4.912021e+00,4.585656e+00,4.780402e+00,4.773715e+00,4.963017e+00,4.554389e+00,4.661234e+00,4.761062e+00,4.836177e+00,4.997038e+00,4.733549e+00,4.776385e+00,4.652129e+00,4.593674e+00,4.767871e+00,4.895550e+00,4.664673e+00,4.402937e+00,4.799554e+00,4.857000e+00,4.862286e+00,4.587973e+00,4.879270e+00,4.559618e+00,4.944450e+00,4.789578e+00,4.579214e+00,4.865170e+00,4.740118e+00,4.809637e+00,4.687083e+00,4.722485e+00,4.679439e+00,5.001130e+00,4.809203e+00,4.746390e+00,4.685887e+00,4.807563e+00,4.808732e+00,4.862334e+00,4.895932e+00,5.056185e+00,4.618910e+00,4.847280e+00,4.573955e+00,4.659486e+00,4.703598e+00,4.621402e+00,4.769868e+00,4.888242e+00,4.765861e+00,4.921512e+00,4.846200e+00,4.697144e+00,4.852252e+00,4.709395e+00,4.691775e+00,4.782623e+00,4.993199e+00,4.924497e+00,4.840082e+00,4.796426e+00,4.842384e+00,4.846788e+00,4.682345e+00,4.844685e+00,4.624403e+00,4.778163e+00,4.888689e+00,4.642332e+00,4.736773e+00,4.658701e+00,4.503255e+00,4.737020e+00,4.800494e+00,4.787892e+00,4.741581e+00,4.793540e+00,4.694787e+00,5.015269e+00,4.638101e+00,4.977998e+00,4.893062e+00,4.913319e+00,5.193056e+00,4.779289e+00,4.732697e+00,4.730783e+00,4.770419e+00,5.025899e+00,4.567345e+00,4.874983e+00,4.825384e+00,4.681457e+00,4.734733e+00,4.909272e+00,4.634338e+00,4.838728e+00,4.741339e+00,4.890568e+00,4.814611e+00,5.079820e+00,4.660247e+00,4.774952e+00,4.642753e+00,4.856111e+00,4.689724e+00,4.743039e+00,4.679352e+00,4.759666e+00,4.956901e+00,4.597644e+00,4.829289e+00,4.534517e+00,4.979237e+00,4.551329e+00,4.905144e+00,4.706592e+00,5.278579e+00,4.922749e+00,4.724880e+00,4.751630e+00,4.659284e+00,4.707285e+00,5.217375e+00,5.075730e+00,5.022346e+00,4.927062e+00,4.696991e+00,4.872501e+00,4.764599e+00,4.938664e+00,4.950843e+00,4.679150e+00,4.702055e+00,4.783513e+00,4.822171e+00,4.818106e+00,4.767146e+00,4.752809e+00,4.653798e+00,4.740426e+00,4.870707e+00,4.880482e+00,4.718025e+00,4.602783e+00,4.449291e+00,4.688956e+00,4.927759e+00,4.818517e+00,4.610752e+00,4.762633e+00,4.191888e+00,4.772815e+00,4.660030e+00,4.657867e+00,4.904155e+00,4.762581e+00,4.822906e+00,4.619716e+00,4.552238e+00,4.602606e+00,4.863037e+00,4.833838e+00,5.100311e+00,4.756880e+00,4.761220e+00,4.710792e+00,4.768990e+00,4.709270e+00,4.716285e+00,4.813790e+00,4.559049e+00,5.005987e+00,4.585489e+00,4.705745e+00,4.884382e+00,4.844263e+00,4.662449e+00,4.791123e+00,4.797093e+00,4.682339e+00,4.687510e+00,4.752787e+00,4.840862e+00,4.995375e+00,4.462717e+00,4.903341e+00,5.021566e+00,4.274732e+00,4.801803e+00,4.711845e+00,4.692666e+00,4.632256e+00,4.932445e+00,4.832768e+00,4.666578e+00,4.742910e+00,4.713311e+00,4.774664e+00,4.865132e+00,4.739350e+00,4.859149e+00,5.005737e+00
4.714378e+00,4.651542e+00,4.857022e+00,4.793653e+00,4.884122e+00,4.746256e+00,4.712962e+00,4.912109e+00,4.811414e+00,4.708970e+00,4.778413e+00,4.509531e+00,4.321042e+00,4.727864e+00,4.640643e+00,4.796878e+00,4.814741e+00,4.702699e+00,4.646643e+00,4.539790e+00,4.974300e+00,4.865847e+00,4.624320e+00,4.833619e+00,4.851038e+00,4.741074e+00,4.463600e+00,4.777582e+00,4.500667e+00,4.624524e+00,4.838277e+00,4.753070e+00,4.992445e+00,4.621402e+00,4.807633e+00,4.751801e+00,4.753114e+00,4.692779e+00,4.802431e+00,4.613040e+00,4.749761e+00,4.725156e+00,4.397163e+00,4.718511e+00,4.790230e+00,4.785990e+00,4.737960e+00,4.891484e+00,4.638246e+00,4.829706e+00,4.569572e+00,4.914110e+00,4.843563e+00,4.747465e+00,4.620919e+00,4.764365e+00,4.790505e+00,4.764313e+00,4.551179e+00,4.404053e+00,4.935204e+00,4.728584e+00,4.712390e+00,4.835279e+00,4.837975e+00,5.083891e+00,4.885416e+00,4.705188e+00,4.665595e+00,4.741178e+00,4.529000e+00,4.548460e+00,4.781530e+00,4.817523e+00,4.752922e+00,4.439267e+00,4.893936e+00,4.897267e+00,4.594515e+00,4.696096e+00,4.793407e+00,5.004558e+00,4.832679e+00,4.540511e+00,4.864176e+00,4.815024e+00,4.792172e+00,4.859810e+00,4.702863e+00,4.673265e+00,4.450091e+00,4.675355e+00,4.594040e+00,4.747958e+00,4.622697e+00,4.645283e+00,4.673211e+00,4.919711e+00,4.659606e+00,4.686371e+00,5.101331e+00,5.006756e+00,4.809937e+00,4.662654e+00,4.883489e+00,4.922471e+00,4.497924e+00,4.803132e+00,4.389266e+00,4.706911e+00,5.197351e+00,4.595552e+00,4.694448e+00,4.499537e+00,4.961332e+00,4.612326e+00,4.615205e+00,5.063963e+00,5.053914e+00,4.793043e+00,5.057114e+00,4.744315e+00,4.590054e+00,4.797233e+00,4.932491e+00,4.711441e+00,4.956805e+00,4.421415e+00,4.870292e+00,4.824791e+00,4.965263e+00,4.916959e+00,4.751487e+00,4.862839e+00,4.863514e+00,4.873707e+00,4.836643e+00,4.680168e+00,4.819637e+00,4.894177e+00,4.726905e+00,5.232451e+00,4.932393e+00,4.981507e+00,4.982275e+00,4.732274e+00,4.828314e+00,4.499122e+00,4.958001e+00,4.837951e+00,4.901817e+00,4.763838e+00,4.716600e+00,4.885964e+00,4.645528e+00,4.654948e+00,4.800322e+00,4.609685e+00,4.737239e+00,4.809452e+00,4.745924e+00,4.715003e+00,4.928923e+00,4.589173e+00,4.466435e+00,4.565163e+00,4.840585e+00,4.671807e+00,4.782896e+00,4.752548e+00,4.771793e+00,4.808253e+00,4.786821e+00,4.925593e+00,4.732352e+00,4.735101e+00,4.662617e+00,4.775441e+00,4.686405e+00,4.325271e+00,5.083814e+00,4.821494e+00,4.722339e+00,4.981618e+00,4.792012e+00,4.922381e+00,4.815238e+00,4.864240e+00,4.570044e+00,4.849515e+00,4.592857e+00,4.401316e+00,4.890152e+00,4.488185e+00,4.740429e+00,4.726744e+00,4.611866e+00,4.889044e+00,4.778087e+00,4.776051e+00,4.711105e+00,4.894553e+00,4.909871e+00,4.937107e+00,4.463930e+00,4.734265e+00,4.650255e+00,4.789943e+00,4.660945e+00,4.779578e+00,4.712304e+00,4.852971e+00,4.827754e+00,4.726996e+00,4.787225e+00,4.795244e+00,4.635959e+00,4.594949e+00,4.934499e+00,4.610694e+00,4.663407e+00,4.904110e+00,4.422896e+00,4.568674e+00,4.718959e+00,4.721112e+00,4.686153e+00,4.870511e+00
4.662763e+00,4.747474e+00,4.757516e+00,4.662821e+00,4.841969e+00,4.772416e+00,4.850627e+00,4.557165e+00,4.934865e+00,4.895662e+00,4.799974e+00,4.800829e+00,4.767514e+00,4.734338e+00,4.734229e+00,4.723260e+00,4.742033e+00,4.727617e+00,4.706429e+00,4.766668e+00,4.769517e+00,4.748848e+00,4.244445e+00,4.903489e+00,4.464923e+00,4.823489e+00,4.850579e+00,4.866201e+00,4.285376e+00,4.786222e+00,4.750422e+00,4.754534e+00,4.784942e+00,4.678909e+00,4.866964e+00,4.949165e+00,4.686818e+00,4.876504e+00,4.813937e+00,4.850134e+00,4.880987e+00,4.682884e+00,4.810104e+00,4.980376e+00,4.921425e+00,4.850124e+00,4.500041e+00,4.751531e+00,4.340796e+00,4.792534e+00,4.674838e+00,4.777536e+00,4.832027e+00,4.964210e+00,4.728793e+00,4.913730e+00,4.613456e+00,4.942988e+00,4.874081e+00,4.833828e+00,4.878837e+00,4.859467e+00,4.951685e+00,4.990042e+00,4.726645e+00,4.674620e+00,4.609077e+00,4.490420e+00,4.645162e+00,4.652161e+00,4.679484e+00,4.729281e+00,4.747322e+00,4.701991e+00,4.799108e+00,4.747805e+00,4.657739e+00,4.647901e+00,4.955947e+00,4.335668e+00,4.692226e+00,4.982684e+00,4.823396e+00,4.902790e+00,4.698360e+00,4.684885e+00,4.657623e+00,4.940637e+00,4.729836e+00,4.828702e+00,4.928044e+00,4.750325e+00,4.766626e+00,4.390757e+00,4.634294e+00,4.824243e+00,4.748036e+00,4.900342e+00,4.587813e+00,4.773895e+00,4.899434e+00,4.952201e+00,4.590266e+00,4.816034e+00,4.761120e+00,5.250898e+00,4.650562e+00,4.893338e+00,4.764981e+00,4.713447e+00,4.691331e+00,4.845123e+00,4.674177e+00,4.710225e+00,4.756424e+00,4.895866e+00,4.704908e+00,4.720840e+00,4.826785e+00,4.968380e+00,5.141788e+00,4.583652e+00,4.858170e+00,4.778997e+00,4.753384e+00,4.799467e+00,4.773617e+00,4.701119e+00,4.886035e+00,4.584307e+00,4.912555e+00,4.861358e+00,5.007387e+00,4.945626e+00,4.838889e+00,4.233054e+00,4.812802e+00,5.192277e+00,4.817613e+00,4.608611e+00,5.038813e+00,4.656571e+00,4.878099e+00,4.777771e+00,4.670128e+00,4.661601e+00,4.633134e+00,4.705655e+00,4.838534e+00,4.547220e+00,4.593988e+00,4.715180e+00,4.732834e+00,4.658096e+00,4.691415e+00,4.842630e+00,4.934584e+00,4.679507e+00,4.762893e+00,4.705866e+00,4.426103e+00,4.581602e+00,4.751066e+00,4.778489e+00,4.770196e+00,4.705973e+00,4.735701e+00,4.681391e+00,4.440484e+00,4.818226e+00,4.806155e+00,4.739518e+00,4.703983e+00,4.623231e+00,4.654336e+00,4.717447e+00,4.729642e+00,4.754201e+00,4.715459e+00,4.751726e+00,4.553229e+00,4.592112e+00,4.852729e+00,5.046988e+00,4.795790e+00,4.759303e+00,4.624246e+00,4.805535e+00,4.897406e+00,4.892772e+00,4.937125e+00,4.820989e+00,4.810465e+00,4.836120e+00,4.475284e+00,4.772935e+00,4.689805e+00,4.774931e+00,4.668574e+00,4.627856e+00,4.782346e+00,4.784895e+00,4.797268e+00,4.716728e+00,4.661139e+00,4.526129e+00,4.821395e+00,4.789396e+00,4.873275e+00,4.745822e+00,4.932300e+00,4.923585e+00,4.665097e+00,4.761524e+00,4.780442e+00,4.771769e+00,4.479639e+00,4.804075e+00,4.725833e+00,4.791864e+00,4.614765e+00,4.751037e+00,4.614774e+00,4.501807e+00,4.892908e+00,4.800672e+00,4.676732e+00,4.914581e+00
4.696245e+00,4.700275e+00,4.812409e+00,4.617965e+00,4.833775e+00,4.786715e+00,4.408152e+00,4.871241e+00,4.796186e+00,4.648455e+00,4.893767e+00,4.633672e+00,4.512983e+00,4.759228e+00,4.996332e+00,4.735150e+00,4.881375e+00,4.669441e+00,4.781222e+00,4.832101e+00,4.849857e+00,4.238859e+00,4.838591e+00,4.825096e+00,4.850885e+00,4.524751e+00,4.784174e+00,4.713643e+00,4.644184e+00,4.810201e+00,4.733760e+00,4.850329e+00,4.695275e+00,4.768871e+00,4.750387e+00,4.848950e+00,4.875588e+00,4.728126e+00,4.773332e+00,4.716656e+00,4.754301e+00,4.981063e+00,4.722971e+00,4.771375e+00,4.633501e+00,4.652607e+00,4.899306e+00,4.421969e+00,4.785048e+00,4.676968e+00,4.735976e+00,4.597759e+00,4.400630e+00,4.755950e+00,4.918021e+00,4.764729e+00,4.805504e+00,4.754403e+00,4.811897e+00,4.495456e+00,4.693054e+00,4.745050e+00,4.786989e+00,4.889226e+00,4.485025e+00,4.826822e+00,4.788940e+00,4.737334e+00,4.643462e+00,4.597586e+00,4.899872e+00,4.762156e+00,4.654506e+00,4.898133e+00,4.726350e+00,4.646563e+00,4.879757e+00,4.620890e+00,4.707899e+00,4.918936e+00,4.798767e+00,4.530839e+00,4.738705e+00,4.794035e+00,4.855127e+00,4.689524e+00,4.710371e+00,4.613185e+00,4.665211e+00,4.865886e+00,4.699107e+00,4.634017e+00,4.673012e+00,4.404558e+00,4.715522e+00,4.902887e+00,4.697171e+00,4.551876e+00,4.882828e+00,4.859136e+00,4.693072e+00,4.836961e+00,4.730277e+00,4.568491e+00,4.755998e+00,4.847561e+00,4.842518e+00,4.691320e+00,4.864254e+00,5.001415e+00,4.967307e+00,5.107223e+00,4.657971e+00,4.750737e+00,4.840634e+00,4.603223e+00,5.157482e+00,4.908630e+00,4.797772e+00,4.913695e+00,4.574708e+00,4.283418e+00,4.614868e+00,4.818665e+00,4.741418e+00,5.039138e+00,5.034489e+00,4.870065e+00,4.661256e+00,4.832130e+00,4.807192e+00,4.752058e+00,4.580943e+00,4.689126e+00,4.746123e+00,4.555193e+00,4.545190e+00,4.692121e+00,4.596642e+00,4.706601e+00,4.688185e+00,4.843776e+00,5.071443e+00,4.779771e+00,5.014342e+00,5.003859e+00,4.710791e+00,4.665260e+00,4.616670e+00,4.679775e+00,4.416657e+00,5.023444e+00,4.637731e+00,4.719916e+00,4.419276e+00,4.423821e+00,4.791345e+00,4.555721e+00,4.710353e+00,4.520162e+00,4.910638e+00,4.736653e+00,4.914552e+00,4.804560e+00,4.780476e+00,4.801827e+00,4.419786e+00,4.798699e+00,4.996087e+00,4.843635e+00,4.488963e+00,4.706586e+00,4.865663e+00,4.542685e+00,4.701655e+00,4.826903e+00,4.858230e+00,4.599708e+00,4.869159e+00,4.830587e+00,4.800125e+00,4.884219e+00,4.842136e+00,4.553320e+00,4.624522e+00,4.887168e+00,4.758536e+00,4.659241e+00,4.901644e+00,4.804208e+00,4.754972e+00,4.872664e+00,4.336462e+00,4.922649e+00,4.706013e+00,4.310970e+00,4.722511e+00,4.623669e+00,4.629511e+00,4.746054e+00,4.750669e+00,4.875549e+00,5.023824e+00,4.586369e+00,4.683467e+00,4.590031e+00,4.734252e+00,4.487642e+00,4.612146e+00,4.878501e+00,4.749206e+00,4.777358e+00,4.780689e+00,4.216854e+00,4.907522e+00,4.591212e+00,4.954370e+00,4.830778e+00,4.721160e+00,4.613030e+00,4.666603e+00,4.722008e+00,4.909833e+00,4.759117e+00,4.787568e+00,4.753422e+00,4.747692e+00,4.578356e+00
4.814856e+00,4.898886e+00,4.573400e+00,4.832807e+00,4.538374e+00,4.711750e+00,4.846790e+00,4.597952e+00,4.706739e+00,4.801153e+00,4.690667e+00,4.623731e+00,4.792516e+00,4.817295e+00,4.773943e+00,4.847387e+00,4.365982e+00,4.749814e+00,4.711025e+00,4.581401e+00,4.723431e+00,4.866116e+00,4.578159e+00,4.785574e+00,4.803798e+00,4.750198e+00,4.940578e+00,4.502717e+00,4.779228e+00,4.836174e+00,4.827490e+00,4.689620e+00,4.886317e+00,4.590282e+00,5.072811e+00,4.780395e+00,4.804542e+00,4.628999e+00,4.821130e+00,4.433840e+00,4.618583e+00,4.749547e+00,4.774934e+00,4.667377e+00,4.720312e+00,4.915627e+00,4.749188e+00,4.864966e+00,4.672509e+00,4.714048e+00,4.715093e+00,4.718392e+00,4.777501e+00,4.803230e+00,4.871439e+00,4.864233e+00,4.811010e+00,4.413673e+00,4.795688e+00,4.690216e+00,4.888388e+00,4.614067e+00,4.878813e+00,4.793754e+00,4.684085e+00,4.667605e+00,4.752251e+00,4.555495e+00,4.653870e+00,4.896796e+00,4.811164e+00,4.846988e+00,4.834177e+00,4.802421e+00,4.775522e+00,4.683231e+00,4.818980e+00,4.889678e+00,4.763195e+00,4.948644e+00,4.862282e+00,4.976666e+00,4.877698e+00,4.902200e+00,4.608713e+00,4.712994e+00,4.812816e+00,4.692463e+00,4.406171e+00,4.522994e+00,4.742760e+00,4.784086e+00,4.756006e+00,4.836714e+00,4.841732e+00,4.850703e+00,4.868272e+00,4.739042e+00,4.915082e+00,4.942959e+00,4.888216e+00,4.714743e+00,4.743427e+00,4.693967e+00,4.824067e+00,4.939325e+00,4.779227e+00,4.833483e+00,4.618713e+00,4.854339e+00,4.653211e+00,4.777119e+00,4.738046e+00,4.745396e+00,4.604140e+00,4.790578e+00,4.666725e+00,4.899878e+00,4.730687e+00,4.576105e+00,4.823041e+00,4.853130e+00,4.926867e+00,4.726846e+00,4.739140e+00,4.809138e+00,4.898525e+00,4.849027e+00,4.960320e+00,4.989129e+00,5.133547e+00,4.886526e+00,4.673857e+00,4.902102e+00,4.943341e+00,4.725726e+00,4.876055e+00,5.232424e+00,4.805508e+00,4.707564e+00,4.515290e+00,4.955600e+00,4.901698e+00,4.515828e+00,4.758570e+00,4.895804e+00,4.798425e+00,4.746322e+00,4.639583e+00,4.842798e+00,4.939459e+00,4.845708e+00,4.829813e+00,4.966190e+00,4.749595e+00,4.536044e+00,4.708629e+00,4.675367e+00,4.461703e+00,4.780858e+00,4.920248e+00,4.760192e+00,4.829471e+00,4.779265e+00,4.810401e+00,4.703154e+00,4.839089e+00,4.748557e+00,4.954178e+00,4.634515e+00,4.875597e+00,4.730726e+00,4.914701e+00,4.732141e+00,4.724510e+00,4.870009e+00,4.767111e+00,4.797143e+00,4.811399e+00,4.964802e+00,4.628036e+00,4.462759e+00,4.638038e+00,4.587818e+00,4.747672e+00,4.650310e+00,4.827742e+00,4.638168e+00,4.757764e+00,4.885341e+00,4.770804e+00,4.988979e+00,4.851472e+00,4.694241e+00,4.871418e+00,4.616400e+00,4.915713e+00,4.872887e+00,4.520148e+00,4.787487e+00,4.766160e+00,4.702405e+00,4.620839e+00,4.835030e+00,4.779125e+00,4.962969e+00,4.735400e+00,4.639913e+00,4.969369e+00,4.699263e+00,4.577394e+00,4.747716e+00,4.888230e+00,4.813218e+00,4.767036e+00,4.661547e+00,4.796956e+00,4.853964e+00,4.658318e+00,4.622666e+00,4.871904e+00,4.870642e+00,4.865667e+00,4.630378e+00,4.828981e+00,4.716322e+00,4.781806e+00,4.670570e+00
4.900231e+00,4.690498e+00,4.549473e+00,4.784262e+00,4.649916e+00,4.687924e+00,4.630844e+00,5.177898e+00,4.550306e+00,4.888763e+00,4.418716e+00,4.975970e+00,4.814718e+00,4.875696e+00,4.798582e+00,4.856914e+00,4.874819e+00,4.674743e+00,4.644786e+00,4.661063e+00,4.597314e+00,4.789789e+00,4.703122e+00,4.918640e+00,4.850389e+00,4.755511e+00,4.761702e+00,4.841987e+00,4.589921e+00,4.854619e+00,4.743352e+00,4.718022e+00,4.653307e+00,4.704570e+00,4.877923e+00,5.027798e+00,4.700070e+00,4.710923e+00,4.690153e+00,4.721278e+00,4.784091e+00,4.915120e+00,4.783411e+00,4.989679e+00,4.719381e+00,4.751910e+00,4.693006e+00,4.891723e+00,4.568517e+00,4.895015e+00,4.774392e+00,4.585801e+00,4.786654e+00,4.384137e+00,4.635208e+00,4.814524e+00,4.573670e+00,4.873286e+00,4.709783e+00,4.909899e+00,4.693518e+00,4.480257e+00,4.851156e+00,4.679238e+00,4.883207e+00,4.687810e+00,4.400334e+00,4.477598e+00,4.640727e+00,4.733682e+00,4.524039e+00,4.802557e+00,4.704563e+00,4.983294e+00,4.748726e+00,4.953946e+00,4.888665e+00,4.736228e+00,4.904982e+00,4.780886e+00,4.673878e+00,4.658977e+00,4.796744e+00,4.890722e+00,4.802833e+00,4.731367e+00,4.910852e+00,4.758369e+00,4.853548e+00,4.571498e+00,4.830892e+00,4.878884e+00,4.713697e+00,4.688872e+00,4.512852e+00,4.797603e+00,4.698001e+00,4.745910e+00,4.966914e+00,4.578592e+00,4.804587e+00,4.792781e+00,5.005235e+00,4.824628e+00,4.748423e+00,4.834723e+00,4.695986e+00,4.548781e+00,4.852255e+00,4.576337e+00,4.697791e+00,4.611918e+00,4.574356e+00,4.897896e+00,4.765763e+00,4.590140e+00,4.850646e+00,4.835530e+00,4.674305e+00,4.874008e+00,4.597574e+00,4.552230e+00,4.931506e+00,4.960046e+00,4.615230e+00,4.554996e+00,5.144232e+00,4.424216e+00,4.760766e+00,4.944503e+00,4.813151e+00,4.771934e+00,4.841221e+00,4.829661e+00,4.860966e+00,4.919550e+00,4.672517e+00,4.743729e+00,4.653434e+00,4.948515e+00,4.720511e+00,4.900520e+00,4.286586e+00,4.869664e+00,4.952684e+00,5.016483e+00,4.856550e+00,4.709390e+00,4.707823e+00,4.802712e+00,4.830673e+00,4.784331e+00,4.861189e+00,4.682270e+00,4.628407e+00,4.798302e+00,4.574839e+00,4.992875e+00,4.521056e+00,4.706143e+00,4.851437e+00,4.632847e+00,4.812654e+00,4.943813e+00,4.869289e+00,4.877652e+00,4.947538e+00,4.736591e+00,4.936471e+00,4.834412e+00,4.851419e+00,4.797063e+00,4.885494e+00,4.485550e+00,4.849458e+00,4.859603e+00,5.055430e+00,4.690903e+00,4.849680e+00,4.724325e+00,4.845345e+00,4.830530e+00,4.927844e+00,4.747459e+00,4.723749e+00,4.856546e+00,4.822162e+00,4.615937e+00,5.197075e+00,4.800001e+00,4.552971e+00,4.592779e+00,4.463732e+00,4.896552e+00,4.861468e+00,4.786527e+00,4.711885e+00,4.700522e+00,4.720569e+00,4.629149e+00,4.915281e+00,4.785421e+00,4.911434e+00,4.996394e+00,4.986544e+00,4.654070e+00,4.888869e+00,4.479375e+00,4.649414e+00,4.750233e+00,4.840570e+00,4.605690e+00,4.937232e+00,4.858596e+00,4.860383e+00,4.861751e+00,4.746958e+00,4.705150e+00,4.838602e+00,4.653425e+00,4.751759e+00,4.923360e+00,4.678200e+00,4.795714e+00,4.606877e+00,4.910061e+00,4.761783e+00,4.702080e+00
4.690099e+00,4.748875e+00,4.886696e+00,4.768923e+00,4.796526e+00,4.751852e+00,4.835529e+00,4.852408e+00,4.789125e+00,4.851050e+00,4.989344e+00,4.666697e+00,4.955977e+00,4.646991e+00,4.420899e+00,4.916422e+00,4.785230e+00,4.736413e+00,4.622751e+00,4.833826e+00,4.759817e+00,4.659660e+00,4.565301e+00,4.799000e+00,4.493325e+00,4.533135e+00,4.965116e+00,4.803869e+00,4.691134e+00,4.991568e+00,4.673602e+00,4.683719e+00,4.815768e+00,4.997103e+00,4.832345e+00,4.651661e+00,4.752249e+00,4.609316e+00,4.742682e+00,4.710755e+00,4.650573e+00,4.777105e+00,4.838682e+00,4.881215e+00,4.992141e+00,4.798626e+00,4.848171e+00,4.626542e+00,4.882670e+00,4.770453e+00,4.920259e+00,4.774947e+00,4.758633e+00,4.579231e+00,4.797014e+00,4.729273e+00,4.881145e+00,4.708928e+00,4.775810e+00,4.895722e+00,4.856419e+00,4.720830e+00,4.774132e+00,4.392925e+00,4.917097e+00,4.540128e+00,4.677243e+00,4.691347e+00,4.745175e+00,4.401386e+00,4.512748e+00,4.634738e+00,4.900982e+00,4.630399e+00,4.693646e+00,4.696688e+00,4.611210e+00,4.673557e+00,4.704337e+00,4.468391e+00,4.763952e+00,4.917763e+00,4.672278e+00,4.722193e+00,4.784792e+00,4.699839e+00,4.663574e+00,4.734640e+00,4.841587e+00,4.906863e+00,4.760430e+00,4.651188e+00,4.657511e+00,4.943272e+00,4.882487e+00,4.637552e+00,4.648979e+00,4.677123e+00,4.847315e+00,4.505899e+00,4.698430e+00,4.657119e+00,4.918993e+00,4.701928e+00,4.827264e+00,4.758861e+00,4.635268e+00,4.601784e+00,4.777511e+00,4.806713e+00,4.602474e+00,4.814199e+00,4.609641e+00,4.950214e+00,4.633436e+00,4.770651e+00,4.616016e+00,4.730896e+00,4.823999e+00,4.904937e+00,4.648749e+00,4.944018e+00,4.949048e+00,4.700127e+00,4.789511e+00,4.751066e+00,4.745353e+00,4.799766e+00,4.862627e+00,4.693716e+00,4.812790e+00,4.795067e+00,4.763280e+00,4.543565e+00,4.780943e+00,4.735109e+00,4.805536e+00,4.697893e+00,4.856047e+00,4.825819e+00,4.433581e+00,4.826446e+00,4.982325e+00,4.777197e+00,4.816558e+00,4.713717e+00,4.412086e+00,4.722232e+00,4.758918e+00,4.737625e+00,4.846706e+00,4.795114e+00,4.977845e+00,4.836775e+00,4.643173e+00,4.726773e+00,4.729353e+00,4.801149e+00,4.761114e+00,4.839796e+00,4.813004e+00,4.596056e+00,4.833820e+00,4.973890e+00,4.589399e+00,4.796479e+00,4.697372e+00,4.743587e+00,4.775339e+00,4.835377e+00,4.759453e+00,4.718435e+00,4.486004e+00,4.862161e+00,4.599512e+00,4.682205e+00,4.767040e+00,4.623495e+00,4.769383e+00,4.783778e+00,4.767326e+00,4.864182e+00,4.718905e+00,4.662490e+00,4.679126e+00,4.714065e+00,4.618346e+00,4.855309e+00,4.568465e+00,4.750192e+00,4.748136e+00,4.665109e+00,4.852537e+00,4.613318e+00,4.688657e+00,4.682017e+00,4.821791e+00,4.639244e+00,4.683924e+00,4.834668e+00,4.585886e+00,4.563198e+00,4.547787e+00,4.607958e+00,4.702476e+00,4.755797e+00,4.822924e+00,4.690981e+00,4.767790e+00,4.735290e+00,4.660492e+00,4.680891e+00,4.470253e+00,4.439051e+00,4.816758e+00,4.806174e+00,4.772892e+00,4.797223e+00,4.733615e+00,4.753056e+00,4.561254e+00,4.762309e+00,4.603006e+00,4.851386e+00,4.641429e+00,4.918181e+00,4.531788e+00,4.804449e+00
4.603766e+00,4.553061e+00,4.557544e+00,4.350968e+00,4.888911e+00,4.750723e+00,4.822942e+00,4.782944e+00,4.568654e+00,4.720608e+00,4.668224e+00,4.629005e+00,4.683823e+00,4.750886e+00,4.899801e+00,4.848578e+00,4.588667e+00,4.719947e+00,4.571721e+00,4.627210e+00,4.776594e+00,4.564759e+00,4.625060e+00,4.714782e+00,4.731262e+00,4.835288e+00,4.884550e+00,4.758045e+00,4.530366e+00,4.345995e+00,4.673356e+00,4.670826e+00,4.709272e+00,4.651045e+00,4.499869e+00,4.669126e+00,4.946235e+00,4.703597e+00,4.376808e+00,4.744717e+00,4.403146e+00,4.628881e+00,4.702552e+00,4.657487e+00,4.801339e+00,4.699024e+00,4.778216e+00,4.818206e+00,4.538957e+00,4.881527e+00,4.541117e+00,4.633365e+00,4.776168e+00,4.735242e+00,4.670992e+00,4.713366e+00,4.879650e+00,4.481922e+00,4.773103e+00,4.592494e+00,4.642901e+00,4.457710e+00,4.766182e+00,4.805440e+00,4.952044e+00,4.707944e+00,4.756523e+00,4.631485e+00,4.721126e+00,4.791619e+00,4.884183e+00,4.902756e+00,4.843559e+00,4.654229e+00,4.815637e+00,4.690508e+00,4.542792e+00,4.812550e+00,4.882445e+00,4.517430e+00,4.816158e+00,4.635965e+00,4.717071e+00,4.736460e+00,4.939183e+00,4.699404e+00,4.610591e+00,4.846942e+00,4.681891e+00,4.850446e+00,4.547856e+00,4.823065e+00,4.691442e+00,4.721720e+00,4.921550e+00,4.747406e+00,4.973018e+00,4.337076e+00,4.702704e+00,4.553791e+00,4.657492e+00,4.811929e+00,4.735692e+00,4.855441e+00,4.764816e+00,4.687000e+00,4.732841e+00,4.777156e+00,4.532220e+00,4.729734e+00,4.801216e+00,4.588763e+00,4.429711e+00,4.883121e+00,4.805957e+00,4.655602e+00,4.752574e+00,4.710097e+00,4.513102e+00,4.757225e+00,4.793236e+00,4.860021e+00,4.784474e+00,4.736125e+00,4.733925e+00,4.487191e+00,4.664110e+00,4.668118e+00,4.665474e+00,4.711530e+00,4.800152e+00,4.577226e+00,4.700812e+00,4.765492e+00,4.802192e+00,4.788139e+00,4.374840e+00,4.861473e+00,4.630367e+00,4.910314e+00,4.817996e+00,4.812897e+00,4.505554e+00,4.655630e+00,4.762637e+00,4.617528e+00,4.832199e+00,4.702875e+00,4.747783e+00,4.729026e+00,4.381450e+00,4.694671e+00,4.625215e+00,4.844683e+00,4.980492e+00,4.658019e+00,5.028972e+00,4.881301e+00,4.561882e+00,4.647148e+00,4.785445e+00,4.760600e+00,4.847583e+00,4.632462e+00,4.669863e+00,4.505261e+00,4.797499e+00,4.787062e+00,4.718684e+00,4.501408e+00,4.831301e+00,4.879043e+00,4.731828e+00,4.732730e+00,5.027203e+00,4.499498e+00,4.544456e+00,4.125761e+00,4.955340e+00,4.864273e+00,4.810261e+00,4.774515e+00,4.879814e+00,4.791723e+00,4.771333e+00,4.772618e+00,4.573332e+00,4.765239e+00,4.862617e+00,4.671780e+00,4.719276e+00,4.459560e+00,4.800513e+00,4.812167e+00,4.492660e+00,4.699023e+00,4.845097e+00,4.569722e+00,4.728868e+00,4.779806e+00,4.684142e+00,4.530769e+00,4.952562e+00,5.004147e+00,4.752377e+00,4.868976e+00,4.726728e+00,4.779633e+00,4.877817e+00,4.804718e+00,4.789404e+00,4.900900e+00,4.552970e+00,4.722880e+00,4.866486e+00,4.799902e+00,4.917857e+00,4.794311e+00,4.790725e+00,4.779359e+00,4.723466e+00,4.597460e+00,4.478691e+00,4.710000e+00,4.942840e+00,4.746381e+00,4.964864e+00,4.691460e+00
4.748573e+00,4.878956e+00,4.718422e+00,4.772742e+00,4.865406e+00,4.925372e+00,4.712099e+00,4.829873e+00,4.649175e+00,4.768615e+00,4.794648e+00,4.816257e+00,4.716472e+00,4.806302e+00,4.778260e+00,4.848054e+00,4.552906e+00,4.883572e+00,4.968967e+00,4.527857e+00,4.686872e+00,4.235858e+00,4.707696e+00,4.934215e+00,4.807125e+00,4.688539e+00,4.794259e+00,4.678035e+00,4.797023e+00,4.439018e+00,4.713714e+00,4.746874e+00,4.878475e+00,4.703543e+00,4.697508e+00,4.876180e+00,4.751769e+00,4.692537e+00,4.919335e+00,4.797987e+00,4.690645e+00,4.671121e+00,4.779858e+00,4.833452e+00,4.911640e+00,4.806024e+00,4.751443e+00,5.009123e+00,4.694405e+00,4.784192e+00,4.739478e+00,4.646017e+00,4.842839e+00,4.893037e+00,4.484862e+00,4.611902e+00,4.815911e+00,4.486310e+00,4.697033e+00,4.914088e+00,4.708545e+00,4.638995e+00,4.604869e+00,4.805444e+00,4.797464e+00,4.919302e+00,4.953006e+00,4.778842e+00,4.797932e+00,4.592212e+00,4.794177e+00,4.790413e+00,4.833565e+00,4.823914e+00,4.362006e+00,5.067138e+00,4.614155e+00,4.996139e+00,4.598038e+00,4.834769e+00,4.855518e+00,4.867734e+00,4.754971e+00,4.591821e+00,4.741508e+00,4.839394e+00,4.775141e+00,4.810209e+00,4.542302e+00,4.852459e+00,4.620792e+00,4.890662e+00,4.202059e+00,4.927643e+00,4.886359e+00,4.889943e+00,4.610389e+00,4.957443e+00,4.847744e+00,4.763584e+00,4.560883e+00,4.694616e+00,5.066298e+00,4.775591e+00,4.687865e+00,4.854282e+00,4.798054e+00,4.820284e+00,4.305289e+00,4.848170e+00,4.900712e+00,4.846148e+00,4.812162e+00,4.642848e+00,4.808391e+00,4.577019e+00,4.852759e+00,4.620035e+00,4.839647e+00,4.834429e+00,4.811814e+00,4.896949e+00,4.840439e+00,4.757538e+00,4.739441e+00,4.980791e+00,4.623632e+00,4.771134e+00,4.597689e+00,4.949329e+00,4.434244e+00,4.487886e+00,4.920996e+00,4.719239e+00,4.817528e+00,4.798319e+00,4.942999e+00,4.809716e+00,4.816732e+00,4.458283e+00,4.702994e+00,4.755710e+00,4.877591e+00,4.748373e+00,4.890035e+00,4.991129e+00,4.739183e+00,4.840520e+00,4.731024e+00,4.967884e+00,4.641649e+00,4.848326e+00,4.722762e+00,4.793742e+00,4.393867e+00,4.697924e+00,4.753463e+00,4.672978e+00,4.728151e+00,4.808109e+00,4.867368e+00,4.722499e+00,4.893904e+00,4.846183e+00,4.793908e+00,4.652294e+00,4.951625e+00,4.515481e+00,4.868902e+00,4.921724e+00,4.707137e+00,4.767388e+00,4.958966e+00,4.606895e+00,4.875756e+00,4.828493e+00,4.851493e+00,4.799186e+00,4.852002e+00,4.862138e+00,4.886461e+00,4.554517e+00,4.928052e+00,4.683072e+00,4.472383e+00,4.982216e+00,4.764273e+00,4.894807e+00,4.695494e+00,4.659231e+00,4.282926e+00,5.006787e+00,4.758731e+00,4.779139e+00,4.590383e+00,4.689633e+00,4.587071e+00,4.470999e+00,4.616527e+00,4.874431e+00,4.793238e+00,4.615287e+00,4.771975e+00,4.788999e+00,4.842133e+00,4.756485e+00,4.468319e+00,4.821174e+00,4.735077e+00,4.737262e+00,5.132490e+00,4.789758e+00,4.764760e+00,4.800629e+00,4.601589e+00,4.890290e+00,4.855092e+00,4.619581e+00,4.760253e+00,4.794483e+00,4.883059e+00,4.900458e+00,4.471220e+00,4.658174e+00,4.613016e+00,4.841192e+00,4.679455e+00,4.655574e+00
4.020790e+00,4.718052e+00,4.900380e+00,4.685859e+00,4.744961e+00,4.611824e+00,4.775866e+00,4.706644e+00,4.979319e+00,4.692665e+00,4.782783e+00,4.696065e+00,4.533242e+00,4.854982e+00,4.845353e+00,4.677016e+00,4.924792e+00,4.660678e+00,4.727002e+00,5.019579e+00,4.706406e+00,4.574424e+00,4.647521e+00,4.730642e+00,4.749665e+00,4.775931e+00,4.965082e+00,4.599195e+00,4.700310e+00,4.852961e+00,4.748583e+00,4.918541e+00,4.747402e+00,4.789908e+00,4.661444e+00,4.878104e+00,4.795898e+00,4.765365e+00,4.734736e+00,4.715523e+00,4.902720e+00,4.513030e+00,4.847643e+00,4.926158e+00,4.512239e+00,4.750324e+00,4.841096e+00,4.792639e+00,4.769151e+00,4.770697e+00,4.666035e+00,4.612320e+00,4.636328e+00,4.802837e+00,4.626141e+00,4.681627e+00,4.722670e+00,4.803858e+00,4.889225e+00,4.825259e+00,4.791570e+00,4.330483e+00,4.933440e+00,4.770448e+00,4.686962e+00,4.691307e+00,4.704919e+00,4.642747e+00,4.769236e+00,4.901340e+00,4.896356e+00,4.839428e+00,4.533099e+00,4.804791e+00,4.836392e+00,4.763397e+00,5.030896e+00,4.783728e+00,4.541118e+00,4.657556e+00,4.867210e+00,4.724322e+00,4.688829e+00,4.785899e+00,4.876361e+00,4.773814e+00,4.818515e+00,4.824023e+00,4.848455e+00,4.824957e+00,4.648111e+00,4.722209e+00,4.863569e+00,4.752406e+00,4.752139e+00,4.617081e+00,4.824647e+00,4.802228e+00,4.862921e+00,4.660370e+00,4.748951e+00,4.648535e+00,4.864199e+00,4.916083e+00,4.940176e+00,4.598877e+00,4.499751e+00,4.766009e+00,4.666593e+00,4.748703e+00,4.795632e+00,4.849432e+00,4.930654e+00,4.711555e+00,4.865539e+00,4.684129e+00,4.790877e+00,4.812229e+00,4.578670e+00,4.900352e+00,4.745723e+00,4.726460e+00,4.904655e+00,4.534303e+00,4.819496e+00,4.764880e+00,4.605392e+00,4.775727e+00,4.668704e+00,4.764450e+00,4.893144e+00,4.782898e+00,4.943697e+00,4.842017e+00,4.523160e+00,4.891804e+00,4.761666e+00,4.764216e+00,4.781859e+00,5.047520e+00,4.624937e+00,4.931243e+00,4.987213e+00,4.871761e+00,4.639919e+00,4.718780e+00,4.698078e+00,5.005614e+00,4.718211e+00,4.876420e+00,4.834778e+00,4.623209e+00,4.881243e+00,4.572444e+00,4.664403e+00,4.771270e+00,4.574586e+00,5.015297e+00,4.864017e+00,4.789143e+00,4.750030e+00,4.922000e+00,4.691023e+00,4.956837e+00,4.949025e+00,4.769585e+00,4.997918e+00,4.746583e+00,4.787835e+00,4.983139e+00,4.802423e+00,4.625548e+00,4.882728e+00,4.960057e+00,4.472508e+00,4.752294e+00,4.731786e+00,4.865140e+00,4.735330e+00,4.667992e+00,4.775111e+00,4.651384e+00,4.826824e+00,4.925157e+00,4.635840e+00,4.774520e+00,4.871575e+00,4.954521e+00,4.919792e+00,4.546736e+00,4.803844e+00,4.883295e+00,4.496252e+00,4.776219e+00,4.795658e+00,4.910591e+00,4.862266e+00,4.799218e+00,4.816481e+00,4.858017e+00,4.563214e+00,4.842010e+00,4.773361e+00,4.774239e+00,5.025903e+00,4.719209e+00,4.823681e+00,4.465229e+00,4.887176e+00,4.599204e+00,4.212517e+00,4.787905e+00,4.991828e+00,4.824125e+00,4.672057e+00,4.760790e+00,4.739809e+00,4.821479e+00,4.655774e+00,4.743798e+00,4.676577e+00,4.553978e+00,4.794337e+00,4.932676e+00,4.606168e+00,4.756909e+00,4.761803e+00,4.891509e+00
4.822241e+00,4.968537e+00,4.817516e+00,4.722230e+00,4.792010e+00,4.811191e+00,4.886209e+00,4.787958e+00,4.894966e+00,4.669740e+00,4.769237e+00,4.634902e+00,4.200267e+00,4.821385e+00,4.987966e+00,4.480498e+00,4.892615e+00,4.816263e+00,4.751771e+00,4.708561e+00,4.892698e+00,4.766922e+00,4.909543e+00,4.333208e+00,4.588280e+00,4.752034e+00,4.823237e+00,4.682157e+00,4.548695e+00,4.703830e+00,4.842848e+00,4.793032e+00,4.790951e+00,4.765814e+00,4.670517e+00,4.683599e+00,4.689609e+00,4.858704e+00,4.766594e+00,4.765827e+00,4.592723e+00,4.669842e+00,4.771796e+00,4.661269e+00,4.746529e+00,4.602253e+00,4.981037e+00,4.720923e+00,4.590693e+00,4.654440e+00,4.907676e+00,4.728837e+00,4.473023e+00,4.721599e+00,4.673422e+00,4.757749e+00,4.786690e+00,4.704256e+00,4.911396e+00,4.747323e+00,4.669785e+00,5.162681e+00,4.518708e+00,4.829482e+00,4.615577e+00,4.654535e+00,4.848010e+00,4.804168e+00,4.923953e+00,4.557644e+00,4.488041e+00,4.650629e+00,4.946053e+00,4.773717e+00,4.832534e+00,4.623172e+00,4.765574e+00,4.726294e+00,4.882738e+00,4.744465e+00,4.900465e+00,4.843190e+00,4.728756e+00,4.654612e+00,4.845411e+00,4.524927e+00,4.834764e+00,4.941344e+00,4.697164e+00,4.874648e+00,4.693167e+00,4.895336e+00,4.704910e+00,4.711267e+00,4.992295e+00,4.799822e+00,4.838609e+00,4.752224e+00,4.758602e+00,4.574804e+00,4.760546e+00,4.972347e+00,4.846086e+00,4.898772e+00,4.092239e+00,4.713394e+00,4.823592e+00,4.661720e+00,4.720309e+00,5.092105e+00,4.902707e+00,4.966451e+00,4.597892e+00,4.736983e+00,4.826921e+00,4.928274e+00,4.778958e+00,4.814840e+00,4.624354e+00,4.485285e+00,4.820012e+00,4.421420e+00,4.757960e+00,4.708448e+00,4.792800e+00,4.753140e+00,4.660596e+00,4.852717e+00,4.971947e+00,4.926251e+00,4.853765e+00,4.891893e+00,4.625824e+00,4.419539e+00,4.977029e+00,4.484915e+00,4.723506e+00,4.647526e+00,5.146601e+00,5.001978e+00,4.903378e+00,4.886633e+00,4.658132e+00,4.533388e+00,4.992571e+00,4.822835e+00,4.783239e+00,4.751586e+00,4.828998e+00,4.872804e+00,4.484372e+00,4.946029e+00,5.070403e+00,4.829562e+00,4.932809e+00,4.784834e+00,4.724678e+00,4.846761e+00,4.628352e+00,4.868441e+00,4.882114e+00,4.824735e+00,4.729312e+00,4.591762e+00,4.929128e+00,4.828143e+00,4.661816e+00,4.957858e+00,4.615429e+00,4.896897e+00,4.706505e+00,4.645957e+00,4.838095e+00,4.724462e+00,4.817739e+00,4.841719e+00,4.658535e+00,4.756483e+00,4.337771e+00,4.878846e+00,4.824357e+00,4.715232e+00,4.932765e+00,4.903773e+00,5.007219e+00,4.717404e+00,4.727680e+00,4.392052e+00,5.053736e+00,4.419749e+00,4.760599e+00,4.710650e+00,4.831628e+00,4.718717e+00,4.891529e+00,4.671895e+00,4.622388e+00,4.801383e+00,4.720420e+00,4.833206e+00,4.518627e+00,5.019263e+00,4.829936e+00,4.789002e+00,4.650839e+00,4.822971e+00,4.946170e+00,4.950223e+00,4.536552e+00,4.733230e+00,4.860865e+00,4.583084e+00,4.807415e+00,4.862218e+00,4.785910e+00,4.861490e+00,4.929760e+00,4.648038e+00,4.866035e+00,4.726533e+00,4.790864e+00,4.746257e+00,4.766601e+00,4.550216e+00,4.894512e+00,4.615005e+00,4.689787e+00,4.916486e+00
4.777214e+00,4.816646e+00,4.971907e+00,4.504549e+00,4.559919e+00,4.816496e+00,4.745419e+00,4.508589e+00,4.927423e+00,4.687807e+00,4.645564e+00,4.733013e+00,4.707405e+00,4.586479e+00,5.023850e+00,4.765835e+00,4.840203e+00,4.326394e+00,4.843987e+00,4.843807e+00,4.657745e+00,4.643734e+00,4.746765e+00,4.692683e+00,4.685584e+00,4.767498e+00,4.931657e+00,4.828705e+00,4.631851e+00,4.761059e+00,5.051146e+00,4.603824e+00,4.792335e+00,4.612013e+00,4.608745e+00,4.803060e+00,4.872230e+00,4.849593e+00,4.769565e+00,4.679128e+00,4.820137e+00,4.711157e+00,4.765873e+00,4.787892e+00,4.824282e+00,4.843283e+00,4.803425e+00,4.656422e+00,4.724187e+00,4.717092e+00,4.350582e+00,4.684149e+00,4.763804e+00,4.693920e+00,4.822928e+00,4.611009e+00,4.728823e+00,4.683049e+00,4.696290e+00,4.662359e+00,4.757023e+00,4.936611e+00,4.728731e+00,4.755959e+00,4.556725e+00,4.744643e+00,4.718004e+00,4.425440e+00,4.787331e+00,4.743479e+00,4.840305e+00,4.663046e+00,4.901308e+00,4.474537e+00,4.794653e+00,4.891805e+00,4.673270e+00,4.719074e+00,5.009477e+00,4.806557e+00,4.871449e+00,4.649087e+00,4.794827e+00,4.733829e+00,4.982755e+00,4.750882e+00,4.820838e+00,4.940087e+00,4.781207e+00,4.855833e+00,4.265877e+00,4.815441e+00,4.636195e+00,4.820256e+00,4.740763e+00,5.060792e+00,4.768309e+00,4.611608e+00,4.965615e+00,4.880215e+00,4.697535e+00,4.946358e+00,4.804137e+00,4.601448e+00,4.789868e+00,4.584325e+00,4.807722e+00,4.685947e+00,4.557339e+00,4.731700e+00,4.761724e+00,4.869854e+00,4.559277e+00,4.676132e+00,4.816667e+00,4.822130e+00,4.975178e+00,4.467463e+00,4.721616e+00,4.563331e+00,4.731332e+00,4.710658e+00,4.741329e+00,4.734108e+00,4.909387e+00,4.857561e+00,4.679284e+00,4.565850e+00,4.831676e+00,4.640158e+00,4.734071e+00,4.691787e+00,4.893279e+00,4.875421e+00,4.884745e+00,4.696735e+00,4.739703e+00,4.626227e+00,4.776069e+00,4.546317e+00,4.864381e+00,4.480075e+00,4.569314e+00,4.761029e+00,4.708544e+00,5.132971e+00,4.755978e+00,4.693165e+00,4.909046e+00,4.898378e+00,4.806660e+00,4.856989e+00,4.694909e+00,4.915381e+00,4.858860e+00,4.492975e+00,4.756566e+00,4.695667e+00,4.486765e+00,4.850515e+00,4.706523e+00,4.989378e+00,4.778355e+00,4.464553e+00,4.849843e+00,4.142486e+00,4.883901e+00,4.915635e+00,4.922920e+00,4.691736e+00,4.841569e+00,4.789313e+00,4.819078e+00,4.847540e+00,4.551223e+00,4.737113e+00,4.720336e+00,4.910560e+00,4.762121e+00,4.908708e+00,4.905077e+00,4.683990e+00,4.872087e+00,4.284366e+00,4.738994e+00,4.775295e+00,4.543641e+00,4.789043e+00,4.570887e+00,4.866667e+00,4.744401e+00,4.793782e+00,4.940694e+00,4.818862e+00,4.764438e+00,4.820380e+00,4.902321e+00,4.535805e+00,4.690523e+00,4.797948e+00,4.415943e+00,4.478986e+00,4.676821e+00,4.897413e+00,4.566675e+00,4.507786e+00,4.594341e+00,4.790963e+00,4.601798e+00,4.770831e+00,4.764688e+00,4.759237e+00,4.641713e+00,4.790755e+00,4.652160e+00,4.680481e+00,4.635870e+00,4.631184e+00,4.863808e+00,4.791889e+00,4.675292e+00,4.508806e+00,4.848131e+00,4.777007e+00,4.784554e+00,4.892403e+00,4.662539e+00,4.647837e+00
4.798695e+00,4.795852e+00,4.621758e+00,4.802650e+00,4.892722e+00,4.864100e+00,4.970217e+00,4.444910e+00,4.664560e+00,4.674062e+00,4.832173e+00,4.615274e+00,4.810188e+00,4.765168e+00,4.880849e+00,4.892329e+00,4.883068e+00,4.672324e+00,4.745894e+00,4.800986e+00,4.833844e+00,4.606228e+00,4.595533e+00,4.802815e+00,4.320507e+00,4.645746e+00,4.365544e+00,4.854212e+00,4.808950e+00,4.867178e+00,4.645726e+00,4.816457e+00,4.856614e+00,4.731828e+00,4.617384e+00,4.688407e+00,4.676636e+00,4.773447e+00,4.631367e+00,4.853812e+00,4.718515e+00,4.900802e+00,4.681986e+00,4.512440e+00,4.945527e+00,4.565781e+00,4.702091e+00,4.736552e+00,4.761477e+00,4.938053e+00,4.513225e+00,4.401948e+00,4.763825e+00,4.526866e+00,4.750905e+00,4.732115e+00,4.370860e+00,4.917065e+00,4.699343e+00,4.828329e+00,4.879958e+00,4.809551e+00,4.662068e+00,4.834698e+00,4.520714e+00,4.880349e+00,4.870887e+00,4.512647e+00,4.851602e+00,4.602527e+00,4.747752e+00,4.600655e+00,4.621029e+00,4.805793e+00,4.854882e+00,4.747729e+00,4.670459e+00,4.704718e+00,4.642788e+00,5.086453e+00,4.600376e+00,4.624735e+00,4.687339e+00,4.873195e+00,4.877233e+00,4.749707e+00,4.315360e+00,4.761752e+00,4.821964e+00,4.872801e+00,4.659243e+00,4.530374e+00,4.564441e+00,4.802019e+00,4.959794e+00,4.386377e+00,4.787413e+00,4.912445e+00,4.777044e+00,4.622778e+00,4.790712e+00,4.681634e+00,4.608743e+00,4.885064e+00,4.902446e+00,4.621706e+00,4.531308e+00,4.950582e+00,4.804328e+00,4.751696e+00,4.733130e+00,4.814395e+00,4.889823e+00,4.737195e+00,4.515463e+00,4.524150e+00,4.724451e+00,4.865487e+00,4.911938e+00,4.551163e+00,4.799232e+00,4.652490e+00,4.829696e+00,4.878558e+00,4.869732e+00,4.738294e+00,4.941098e+00,4.921781e+00,4.509011e+00,4.981144e+00,4.689910e+00,4.644557e+00,4.621722e+00,4.733350e+00,4.822917e+00,4.773682e+00,4.874031e+00,4.647699e+00,4.599680e+00,4.748202e+00,4.680302e+00,4.482587e+00,4.661051e+00,4.629088e+00,4.812443e+00,4.574328e+00,4.807703e+00,4.953363e+00,4.800067e+00,4.793887e+00,4.787454e+00,4.699648e+00,4.566446e+00,4.922967e+00,4.857548e+00,4.688730e+00,4.826826e+00,4.794987e+00,4.769351e+00,4.852462e+00,4.617559e+00,4.884894e+00,4.690227e+00,4.561207e+00,4.663341e+00,4.770657e+00,4.916756e+00,4.821372e+00,4.792634e+00,4.811509e+00,4.743325e+00,4.775721e+00,4.749162e+00,4.753108e+00,4.858778e+00,4.819540e+00,4.801238e+00,4.742996e+00,4.767761e+00,4.523555e+00,4.921409e+00,4.699420e+00,4.850723e+00,4.939360e+00,4.801012e+00,4.825929e+00,4.905090e+00,4.745049e+00,4.686688e+00,4.577637e+00,4.586736e+00,4.484503e+00,4.615635e+00,4.769942e+00,5.088143e+00,4.806037e+00,4.723388e+00,4.661587e+00,5.092559e+00,4.659089e+00,4.771278e+00,4.878837e+00,4.797173e+00,4.667741e+00,4.995246e+00,4.803537e+00,4.758363e+00,4.375358e+00,4.730747e+00,4.790855e+00,4.692672e+00,4.601748e+00,4.616866e+00,4.746344e+00,4.658942e+00,4.637894e+00,4.598666e+00,4.734742e+00,4.959863e+00,4.842975e+00,4.531132e+00,4.651040e+00,4.514264e+00,4.527210e+00,4.699204e+00,4.637584e+00,4.684667e+00,4.737520e+00
4.619795e+00,4.748167e+00,4.876320e+00,4.603903e+00,4.954461e+00,4.844060e+00,4.289520e+00,4.536092e+00,4.938654e+00,4.773436e+00,4.751233e+00,4.560439e+00,4.794920e+00,4.476154e+00,4.678974e+00,4.630867e+00,4.526881e+00,4.772178e+00,4.690280e+00,4.885623e+00,4.780997e+00,4.832835e+00,4.671444e+00,4.722583e+00,4.452104e+00,4.816912e+00,4.729978e+00,4.858959e+00,4.829568e+00,4.735486e+00,4.726146e+00,4.776043e+00,4.717745e+00,4.882845e+00,4.290379e+00,4.944984e+00,4.820597e+00,4.771562e+00,4.615792e+00,4.791402e+00,4.517773e+00,4.863813e+00,4.758762e+00,4.640130e+00,4.656453e+00,4.971972e+00,4.781960e+00,4.596858e+00,4.730153e+00,4.795794e+00,4.638166e+00,4.860759e+00,4.648278e+00,4.812407e+00,4.839503e+00,4.649135e+00,4.792784e+00,4.584807e+00,4.785445e+00,4.651044e+00,4.544349e+00,4.701875e+00,4.624318e+00,4.783957e+00,4.678889e+00,4.769712e+00,4.768296e+00,4.785188e+00,4.572443e+00,4.626409e+00,4.824661e+00,4.651596e+00,4.782660e+00,4.833995e+00,4.766139e+00,4.731372e+00,4.859036e+00,4.885494e+00,5.004661e+00,4.998917e+00,4.641179e+00,4.502451e+00,4.635802e+00,4.551529e+00,4.760646e+00,4.677733e+00,4.873131e+00,4.907205e+00,4.875640e+00,4.563615e+00,4.665673e+00,4.845259e+00,4.693934e+00,4.707672e+00,4.794985e+00,4.450596e+00,4.328330e+00,4.632157e+00,4.850640e+00,4.803008e+00,4.752063e+00,4.431572e+00,4.712511e+00,4.564517e+00,4.610990e+00,4.805110e+00,4.550007e+00,4.836599e+00,4.737630e+00,4.630677e+00,4.645473e+00,4.967914e+00,4.818407e+00,4.874585e+00,4.755009e+00,4.916298e+00,4.759643e+00,4.570844e+00,4.597762e+00,4.887522e+00,4.653417e+00,4.716369e+00,4.729850e+00,4.744565e+00,4.805479e+00,4.600270e+00,4.628488e+00,4.333168e+00,4.916586e+00,4.738715e+00,4.429940e+00,4.886182e+00,4.811176e+00,4.822933e+00,4.836184e+00,4.632500e+00,4.670256e+00,4.778981e+00,4.796172e+00,4.494309e+00,4.675987e+00,4.824968e+00,4.581760e+00,4.809777e+00,4.857198e+00,4.820973e+00,4.750263e+00,4.231158e+00,4.655060e+00,4.748729e+00,4.715334e+00,4.743837e+00,4.725891e+00,4.857227e+00,4.411224e+00,4.997345e+00,4.751970e+00,4.797950e+00,4.658931e+00,4.844525e+00,4.711481e+00,4.910837e+00,4.957504e+00,4.688470e+00,4.735846e+00,4.457150e+00,4.651912e+00,4.725029e+00,4.756867e+00,4.966541e+00,4.601379e+00,4.723150e+00,4.458196e+00,4.707222e+00,4.655130e+00,4.559055e+00,4.851552e+00,4.810247e+00,4.795378e+00,4.540609e+00,4.948299e+00,4.798924e+00,4.806748e+00,4.057476e+00,4.749624e+00,4.769845e+00,4.785016e+00,4.814526e+00,4.744026e+00,4.829302e+00,4.808928e+00,4.817113e+00,4.824562e+00,4.728263e+00,5.014599e+00,4.802452e+00,4.831744e+00,4.789069e+00,4.748249e+00,4.744045e+00,4.876070e+00,4.782194e+00,4.652237e+00,4.790988e+00,4.771840e+00,4.796868e+00,4.747929e+00,4.854584e+00,4.658885e+00,4.696503e+00,4.830848e+00,4.678748e+00,4.702851e+00,4.703219e+00,4.736520e+00,4.739775e+00,4.867450e+00,4.879683e+00,4.719084e+00,4.407015e+00,4.772804e+00,4.646116e+00,4.317533e+00,4.785255e+00,4.769016e+00,4.686439e+00,4.850232e+00,4.745158e+00
4.897686e+00,4.831576e+00,4.907527e+00,4.734246e+00,4.907996e+00,4.712280e+00,4.797835e+00,4.734845e+00,4.703691e+00,4.883856e+00,4.160454e+00,4.474257e+00,4.899071e+00,4.827486e+00,4.811783e+00,4.689354e+00,4.914873e+00,4.819276e+00,4.398706e+00,4.714211e+00,4.568462e+00,4.703495e+00,4.800146e+00,4.731139e+00,4.768528e+00,4.582126e+00,4.927655e+00,4.495749e+00,4.726629e+00,4.465333e+00,4.641405e+00,4.735715e+00,4.887700e+00,4.842509e+00,4.740704e+00,4.891705e+00,4.515510e+00,4.897872e+00,4.671900e+00,4.687847e+00,4.698066e+00,4.759662e+00,5.010379e+00,4.743854e+00,4.714622e+00,5.001407e+00,4.692267e+00,4.365997e+00,4.740791e+00,4.458429e+00,4.745789e+00,4.608737e+00,4.585774e+00,4.670795e+00,4.591470e+00,4.605724e+00,4.870158e+00,4.774893e+00,4.573839e+00,4.962809e+00,4.717822e+00,4.568739e+00,4.851214e+00,4.847695e+00,4.764646e+00,4.793332e+00,4.812449e+00,4.512711e+00,4.915885e+00,4.279936e+00,4.988424e+00,4.373503e+00,4.809388e+00,4.894477e+00,4.825487e+00,4.587958e+00,4.785907e+00,4.842533e+00,4.417435e+00,4.751542e+00,4.704575e+00,4.808072e+00,4.677984e+00,4.791583e+00,4.532086e+00,4.948188e+00,4.934065e+00,4.749970e+00,4.684895e+00,4.803140e+00,4.750100e+00,4.818866e+00,4.761811e+00,4.779893e+00,4.277709e+00,4.857259e+00,4.826854e+00,4.736903e+00,4.623347e+00,4.532793e+00,5.136979e+00,4.633618e+00,4.651211e+00,4.853963e+00,4.896933e+00,4.826073e+00,4.929438e+00,4.839766e+00,4.744289e+00,4.767826e+00,4.911750e+00,4.859899e+00,4.681414e+00,4.700186e+00,4.550879e+00,4.564237e+00,4.840431e+00,4.784218e+00,4.989350e+00,4.857087e+00,4.495058e+00,4.805817e+00,4.531083e+00,4.855066e+00,4.714008e+00,4.410659e+00,4.826182e+00,4.896106e+00,4.758793e+00,4.722433e+00,4.764279e+00,4.697345e+00,4.905969e+00,4.506905e+00,4.944434e+00,4.540257e+00,4.587533e+00,4.895944e+00,4.635860e+00,4.620917e+00,4.867331e+00,4.825215e+00,4.680619e+00,4.293078e+00,4.956356e+00,4.828026e+00,4.805619e+00,4.450419e+00,4.864589e+00,4.740121e+00,4.757227e+00,4.823307e+00,4.938740e+00,4.724137e+00,4.408184e+00,4.771578e+00,4.792640e+00,4.678558e+00,4.557031e+00,4.800458e+00,4.494495e+00,4.573079e+00,4.487398e+00,4.393553e+00,5.041763e+00,4.781097e+00,4.847817e+00,4.731323e+00,4.821155e+00,4.705041e+00,4.546039e+00,4.677642e+00,4.667777e+00,4.615089e+00,4.823718e+00,4.756171e+00,4.715213e+00,4.768245e+00,4.656386e+00,4.806193e+00,4.265232e+00,4.861020e+00,4.778502e+00,4.609479e+00,4.572276e+00,4.790488e+00,4.760307e+00,4.652327e+00,4.854282e+00,4.844380e+00,4.631969e+00,4.763753e+00,4.907443e+00,4.498845e+00,4.632536e+00,4.865182e+00,4.358505e+00,4.752088e+00,4.766598e+00,4.870075e+00,4.731435e+00,4.880396e+00,4.685513e+00,4.417788e+00,4.681433e+00,4.897627e+00,4.757561e+00,4.781445e+00,4.588786e+00,4.798033e+00,4.841934e+00,4.651634e+00,4.900855e+00,4.675811e+00,4.685317e+00,4.673651e+00,4.776099e+00,4.637574e+00,4.710253e+00,4.874364e+00,4.626934e+00,4.708102e+00,4.820729e+00,4.662987e+00,4.629665e+00,4.605277e+00,4.574624e+00,4.811168e+00
4.461774e+00,4.959783e+00,4.539185e+00,4.582912e+00,4.885822e+00,4.478780e+00,4.830944e+00,4.989318e+00,4.549601e+00,4.872327e+00,4.679527e+00,4.667569e+00,4.512966e+00,4.725966e+00,4.890291e+00,4.506818e+00,4.973519e+00,4.514663e+00,4.835334e+00,4.804605e+00,4.770675e+00,4.782202e+00,4.565899e+00,4.787498e+00,4.601010e+00,4.495445e+00,4.868190e+00,4.752522e+00,4.607524e+00,4.814567e+00,4.823368e+00,4.517907e+00,4.615020e+00,4.714980e+00,4.718274e+00,4.940115e+00,4.800229e+00,4.686210e+00,4.645609e+00,4.884575e+00,4.985897e+00,4.618948e+00,4.972684e+00,4.878917e+00,4.650256e+00,4.464913e+00,4.908130e+00,4.742387e+00,4.479911e+00,4.709756e+00,4.714056e+00,4.744479e+00,5.070470e+00,4.710419e+00,4.871762e+00,4.825378e+00,4.638986e+00,4.639623e+00,4.733834e+00,4.720439e+00,4.845427e+00,4.754179e+00,4.773632e+00,4.913513e+00,4.954060e+00,4.790107e+00,4.616503e+00,4.869435e+00,4.446493e+00,4.838266e+00,4.803530e+00,4.562791e+00,4.854804e+00,4.724117e+00,4.803063e+00,4.722832e+00,5.069295e+00,4.866595e+00,4.909363e+00,4.539849e+00,4.773563e+00,4.975585e+00,4.632220e+00,4.690527e+00,4.532587e+00,4.660091e+00,4.610185e+00,4.793578e+00,4.813155e+00,4.585994e+00,4.590717e+00,4.808981e+00,4.671472e+00,4.619953e+00,4.899831e+00,4.820662e+00,4.825880e+00,4.957327e+00,4.489939e+00,4.772276e+00,4.956723e+00,4.622372e+00,4.611820e+00,4.886025e+00,4.824150e+00,5.182049e+00,4.793872e+00,4.872690e+00,4.750422e+00,4.711117e+00,4.661981e+00,4.759794e+00,4.624560e+00,4.777362e+00,4.908554e+00,4.782614e+00,4.847968e+00,4.675661e+00,4.831867e+00,4.782164e+00,4.833537e+00,4.674632e+00,4.812246e+00,4.662550e+00,4.963140e+00,4.643581e+00,4.895454e+00,4.861689e+00,4.558981e+00,4.824267e+00,4.833019e+00,4.458223e+00,4.536159e+00,4.730352e+00,4.798713e+00,4.759789e+00,4.862204e+00,4.844248e+00,4.727092e+00,4.893841e+00,4.937074e+00,4.589401e+00,4.984890e+00,4.825372e+00,4.869403e+00,4.751353e+00,4.755656e+00,4.503970e+00,4.813854e+00,4.713529e+00,4.855015e+00,4.851872e+00,4.770574e+00,4.844894e+00,4.302700e+00,4.771255e+00,4.829631e+00,4.756988e+00,4.871766e+00,4.880498e+00,4.868403e+00,4.938425e+00,4.787029e+00,4.924968e+00,4.898536e+00,4.973332e+00,4.850468e+00,4.779564e+00,4.577756e+00,4.926705e+00,4.524868e+00,4.599472e+00,4.533815e+00,4.845634e+00,4.776763e+00,4.845648e+00,4.867615e+00,4.520307e+00,4.659328e+00,4.524350e+00,4.854920e+00,4.885406e+00,4.640991e+00,4.737343e+00,4.795836e+00,4.915829e+00,4.980224e+00,4.845557e+00,4.631032e+00,4.765862e+00,4.144588e+00,4.839644e+00,4.491722e+00,4.810704e+00,4.704183e+00,4.539917e+00,4.708570e+00,4.701763e+00,4.613331e+00,4.696088e+00,4.833458e+00,4.680739e+00,4.626499e+00,4.815279e+00,4.771155e+00,5.011380e+00,4.834800e+00,4.786697e+00,4.719937e+00,4.695404e+00,4.841437e+00,5.006724e+00,4.897639e+00,4.988316e+00,4.851705e+00,4.925961e+00,4.804194e+00,4.319355e+00,4.836322e+00,4.838582e+00,4.700829e+00,4.802034e+00,4.906257e+00,4.819851e+00,4.648430e+00,4.596938e+00,4.655229e+00,4.279588e+00
4.837392e+00,4.829043e+00,4.685611e+00,4.798505e+00,4.884806e+00,4.672718e+00,4.850594e+00,4.796580e+00,4.844459e+00,4.614476e+00,4.877717e+00,4.836370e+00,4.902087e+00,4.830002e+00,4.817516e+00,4.348064e+00,4.626895e+00,4.503985e+00,4.659105e+00,4.858921e+00,4.881398e+00,4.834375e+00,4.507126e+00,4.715183e+00,4.755418e+00,4.591631e+00,4.638834e+00,4.779051e+00,4.443253e+00,4.763881e+00,4.790376e+00,4.840599e+00,4.887084e+00,4.913429e+00,4.573887e+00,4.819389e+00,4.656056e+00,4.842972e+00,4.673371e+00,4.772753e+00,4.676698e+00,4.715251e+00,4.628969e+00,4.771841e+00,4.896453e+00,4.721735e+00,4.764180e+00,4.788498e+00,4.717752e+00,4.862375e+00,4.913536e+00,4.636535e+00,4.873235e+00,4.981383e+00,4.726193e+00,4.889930e+00,4.804232e+00,4.780241e+00,4.470916e+00,4.676693e+00,4.925416e+00,4.714105e+00,4.821979e+00,4.662419e+00,4.522478e+00,5.036667e+00,4.691669e+00,4.896688e+00,4.929172e+00,4.680456e+00,4.801031e+00,4.858492e+00,4.599935e+00,4.801814e+00,4.914570e+00,4.865450e+00,4.679899e+00,4.606795e+00,4.636248e+00,4.651660e+00,4.937874e+00,4.804611e+00,4.484913e+00,4.810236e+00,4.800084e+00,4.826293e+00,4.573640e+00,4.875436e+00,4.610657e+00,4.765298e+00,4.826259e+00,4.760683e+00,4.528510e+00,4.633148e+00,4.925732e+00,4.636632e+00,4.912198e+00,4.756908e+00,4.889886e+00,5.003612e+00,4.842138e+00,4.742046e+00,4.673546e+00,4.691605e+00,4.652191e+00,4.706400e+00,4.854179e+00,4.743054e+00,4.989087e+00,4.330224e+00,4.654404e+00,4.970671e+00,4.774698e+00,4.792324e+00,4.823870e+00,4.771119e+00,4.843541e+00,4.988640e+00,4.643501e+00,4.757526e+00,4.746549e+00,4.697200e+00,4.713057e+00,4.686087e+00,4.756686e+00,4.913954e+00,4.690324e+00,4.788034e+00,4.717691e+00,4.833006e+00,4.754990e+00,4.948567e+00,4.897131e+00,4.886570e+00,4.441646e+00,4.966893e+00,4.684830e+00,4.713886e+00,4.772140e+00,4.732208e+00,4.798403e+00,4.824793e+00,4.919712e+00,4.416464e+00,4.849412e+00,4.832004e+00,4.872820e+00,4.736859e+00,4.858217e+00,4.818264e+00,4.770961e+00,4.657915e+00,4.931524e+00,4.897576e+00,4.520838e+00,4.609793e+00,4.823209e+00,4.510913e+00,4.730372e+00,4.848532e+00,4.630985e+00,4.920802e+00,4.626003e+00,4.753336e+00,4.780878e+00,4.735525e+00,4.950789e+00,4.819703e+00,4.791995e+00,4.755967e+00,4.698598e+00,4.853608e+00,4.839579e+00,4.549972e+00,4.617076e+00,4.493484e+00,4.662882e+00,4.851153e+00,4.806980e+00,4.811399e+00,4.882191e+00,4.587692e+00,4.860277e+00,4.800362e+00,4.817509e+00,4.937716e+00,4.685020e+00,4.880169e+00,4.694224e+00,4.781395e+00,4.663230e+00,4.864089e+00,4.860276e+00,4.856737e+00,4.564145e+00,4.841331e+00,4.862859e+00,4.954057e+00,4.529187e+00,4.843845e+00,4.572246e+00,4.819690e+00,4.651339e+00,4.635296e+00,4.860708e+00,4.819114e+00,4.885037e+00,4.616921e+00,4.719669e+00,4.555881e+00,4.773570e+00,4.823788e+00,4.711614e+00,4.890538e+00,4.787479e+00,4.828064e+00,4.771538e+00,4.910644e+00,4.949261e+00,4.508698e+00,4.707560e+00,4.811617e+00,4.691694e+00,4.778326e+00,4.684441e+00,4.814926e+00,4.751989e+00,4.767852e+00
4.687114e+00,4.762142e+00,4.535215e+00,4.612781e+00,4.512398e+00,4.618158e+00,4.820624e+00,4.716378e+00,4.733957e+00,4.964455e+00,4.797253e+00,5.027904e+00,4.545021e+00,4.772193e+00,4.975078e+00,4.816080e+00,4.693642e+00,4.824549e+00,4.766863e+00,4.664226e+00,4.674067e+00,4.661584e+00,4.750837e+00,4.769340e+00,4.804469e+00,4.946757e+00,4.583616e+00,4.782504e+00,4.507604e+00,4.901231e+00,4.566984e+00,4.716956e+00,4.515433e+00,4.852797e+00,4.697942e+00,4.917771e+00,4.724325e+00,4.743112e+00,4.931844e+00,4.793728e+00,4.568781e+00,4.796879e+00,4.883759e+00,4.807113e+00,4.768609e+00,4.666229e+00,4.754120e+00,4.562032e+00,4.563949e+00,4.728467e+00,4.718613e+00,4.724016e+00,4.900963e+00,4.931948e+00,4.936091e+00,4.464296e+00,4.832142e+00,4.883565e+00,4.691414e+00,4.793045e+00,4.560939e+00,4.569326e+00,4.745068e+00,4.751929e+00,4.367467e+00,4.661964e+00,4.699898e+00,4.698605e+00,4.695658e+00,4.803542e+00,4.823755e+00,4.727709e+00,4.785538e+00,4.837725e+00,4.577018e+00,4.656264e+00,4.680144e+00,4.918184e+00,4.801815e+00,4.714547e+00,4.430608e+00,4.813163e+00,4.657940e+00,4.920615e+00,4.718753e+00,4.814268e+00,4.776541e+00,4.646593e+00,4.446919e+00,4.992961e+00,4.950328e+00,4.815998e+00,4.763760e+00,4.826732e+00,4.867403e+00,4.777584e+00,4.902637e+00,4.824593e+00,4.691683e+00,4.904709e+00,4.815030e+00,4.873029e+00,4.750357e+00,4.790279e+00,4.821243e+00,4.909696e+00,4.684547e+00,4.746884e+00,5.059245e+00,4.956189e+00,4.799155e+00,4.558846e+00,4.721883e+00,4.518470e+00,4.817605e+00,4.760504e+00,4.525171e+00,4.910887e+00,4.682660e+00,4.820289e+00,4.974651e+00,4.796708e+00,4.911454e+00,4.886184e+00,4.755861e+00,4.907951e+00,4.793346e+00,4.923278e+00,4.729206e+00,4.578680e+00,4.620879e+00,4.820038e+00,4.903874e+00,4.767954e+00,4.823024e+00,4.624839e+00,4.848295e+00,4.717109e+00,4.584775e+00,4.761118e+00,4.746475e+00,4.795520e+00,4.623717e+00,5.015703e+00,4.673152e+00,4.850529e+00,4.662908e+00,4.474192e+00,4.720996e+00,4.931447e+00,4.666149e+00,4.915353e+00,4.787554e+00,4.892957e+00,4.871310e+00,4.903282e+00,4.663025e+00,4.387720e+00,4.895756e+00,4.324969e+00,4.778271e+00,4.716107e+00,4.868964e+00,4.696544e+00,4.855834e+00,4.871148e+00,4.412742e+00,4.664400e+00,4.961704e+00,4.747708e+00,4.302321e+00,4.719567e+00,4.740295e+00,4.682047e+00,4.799352e+00,4.911338e+00,4.587764e+00,4.731431e+00,4.751475e+00,4.744324e+00,4.795362e+00,4.851782e+00,4.694316e+00,4.944604e+00,4.908903e+00,4.359652e+00,4.378327e+00,4.648775e+00,4.716421e+00,4.962897e+00,4.641208e+00,4.838774e+00,4.769425e+00,4.599498e+00,4.823202e+00,4.645656e+00,4.738866e+00,4.873732e+00,4.859728e+00,4.790177e+00,4.844075e+00,4.764328e+00,4.785521e+00,4.654325e+00,4.752112e+00,4.769509e+00,4.760470e+00,4.815381e+00,4.840648e+00,4.667756e+00,4.862493e+00,4.593048e+00,4.475243e+00,4.815849e+00,4.799399e+00,4.747030e+00,4.567768e+00,4.860557e+00,4.784368e+00,4.842608e+00,4.842567e+00,4.576205e+00,4.660329e+00,4.803904e+00,4.941449e+00,4.888483e+00,4.605450e+00,4.690879e+00
4.597376e+00,4.662727e+00,4.712881e+00,4.695528e+00,4.725774e+00,4.821902e+00,4.853441e+00,4.631909e+00,4.628325e+00,4.783257e+00,4.568087e+00,4.879289e+00,4.672768e+00,4.884889e+00,4.733236e+00,4.729092e+00,4.732421e+00,4.600407e+00,4.923157e+00,4.725572e+00,4.574607e+00,4.835256e+00,4.767045e+00,4.892077e+00,4.670671e+00,4.742426e+00,4.783136e+00,4.891687e+00,4.783331e+00,4.592659e+00,4.814262e+00,5.003053e+00,4.649129e+00,4.670161e+00,4.731883e+00,4.575273e+00,4.737320e+00,4.682317e+00,4.847057e+00,4.894673e+00,4.530582e+00,4.707738e+00,4.579965e+00,4.842503e+00,4.873972e+00,4.717573e+00,4.703102e+00,4.662311e+00,4.738218e+00,4.683395e+00,4.821928e+00,4.701497e+00,4.892769e+00,4.784493e+00,4.772023e+00,4.854597e+00,4.828127e+00,4.842341e+00,4.510731e+00,4.680837e+00,4.646508e+00,4.534266e+00,4.588769e+00,4.583866e+00,4.704817e+00,4.638155e+00,4.699159e+00,4.737469e+00,4.438304e+00,4.879067e+00,4.859458e+00,4.683305e+00,4.586174e+00,4.912656e+00,4.721014e+00,4.925046e+00,4.653957e+00,4.699766e+00,4.610835e+00,4.670142e+00,4.631237e+00,4.852046e+00,4.789493e+00,4.661437e+00,4.819934e+00,4.377464e+00,4.829580e+00,4.708068e+00,4.816311e+00,4.580513e+00,4.460170e+00,4.783760e+00,4.700257e+00,4.485848e+00,4.712006e+00,4.915425e+00,4.692461e+00,4.944654e+00,4.797143e+00,4.782018e+00,4.673482e+00,4.897915e+00,4.780851e+00,4.717309e+00,4.746250e+00,4.561001e+00,4.803028e+00,4.821855e+00,4.666821e+00,4.852439e+00,4.794219e+00,4.941485e+00,4.746413e+00,4.970649e+00,4.608055e+00,4.684498e+00,4.727267e+00,4.428502e+00,4.963884e+00,4.929955e+00,4.677342e+00,4.429468e+00,4.888044e+00,4.803293e+00,4.778705e+00,4.651089e+00,4.559416e+00,4.736358e+00,4.602382e+00,4.938057e+00,4.718391e+00,4.541183e+00,4.793320e+00,4.917428e+00,4.929259e+00,4.851499e+00,4.764378e+00,4.472617e+00,4.734141e+00,4.594476e+00,5.031868e+00,4.561956e+00,4.842513e+00,4.844286e+00,4.752242e+00,4.689585e+00,4.412644e+00,4.763648e+00,4.769711e+00,4.449822e+00,4.825479e+00,4.843570e+00,4.776971e+00,4.754040e+00,4.666049e+00,4.652547e+00,4.969082e+00,4.708880e+00,4.584157e+00,4.490277e+00,4.593528e+00,4.718623e+00,4.560188e+00,4.797182e+00,4.894573e+00,4.750936e+00,4.728117e+00,4.695909e+00,4.850328e+00,4.779896e+00,4.630603e+00,5.047647e+00,4.535131e+00,4.275546e+00,4.836815e+00,4.955011e+00,4.674050e+00,4.857748e+00,4.715234e+00,4.768640e+00,4.507415e+00,4.571699e+00,4.875621e+00,4.731147e+00,4.898337e+00,4.787009e+00,4.792450e+00,4.763517e+00,4.696017e+00,4.526870e+00,4.863878e+00,4.844824e+00,4.917347e+00,4.821084e+00,4.540745e+00,4.750710e+00,4.724034e+00,4.709410e+00,4.749443e+00,4.694366e+00,4.965045e+00,4.737622e+00,4.981715e+00,4.777038e+00,4.709376e+00,4.802020e+00,4.842873e+00,4.798799e+00,4.517249e+00,4.861329e+00,4.631222e+00,4.794929e+00,4.747595e+00,4.767475e+00,4.768866e+00,4.779729e+00,4.849428e+00,4.756695e+00,4.818106e+00,4.499704e+00,4.657813e+00,4.950250e+00,4.741944e+00,4.806997e+00,4.641714e+00,4.878257e+00,4.717311e+00,4.918932e+00
4.900719e+00,4.757088e+00,4.761248e+00,4.466668e+00,4.740138e+00,4.942937e+00,4.894387e+00,4.821593e+00,4.522932e+00,4.713324e+00,4.630134e+00,4.882970e+00,4.477020e+00,4.750625e+00,4.765714e+00,4.682447e+00,4.822473e+00,4.870170e+00,4.778185e+00,4.562778e+00,4.680338e+00,4.674150e+00,4.387821e+00,4.986256e+00,5.066443e+00,4.784925e+00,4.823619e+00,4.655204e+00,4.771917e+00,4.744503e+00,4.753776e+00,4.715627e+00,4.898446e+00,4.680599e+00,4.482927e+00,4.687590e+00,4.853741e+00,4.660994e+00,4.743267e+00,4.749577e+00,4.624945e+00,4.700371e+00,4.648279e+00,4.670918e+00,4.693978e+00,4.668462e+00,4.287131e+00,4.710537e+00,4.923429e+00,4.621463e+00,4.861671e+00,4.721812e+00,4.760354e+00,4.462465e+00,4.805201e+00,4.813149e+00,4.633308e+00,4.638205e+00,4.738865e+00,4.602638e+00,4.625545e+00,4.885539e+00,4.705233e+00,4.572707e+00,4.848506e+00,4.626273e+00,4.749162e+00,4.900273e+00,4.666290e+00,4.631540e+00,4.734201e+00,4.737651e+00,4.374565e+00,4.691781e+00,4.833374e+00,4.651214e+00,4.779154e+00,4.395140e+00,4.684171e+00,4.590092e+00,4.837952e+00,4.611792e+00,4.695889e+00,4.688805e+00,4.800277e+00,4.688934e+00,4.597586e+00,4.622662e+00,4.666598e+00,4.677947e+00,4.749715e+00,4.796520e+00,4.899833e+00,4.783560e+00,4.944435e+00,4.456773e+00,4.789765e+00,4.756323e+00,4.697907e+00,4.657347e+00,4.925152e+00,4.716544e+00,4.753497e+00,4.726954e+00,4.755935e+00,4.728328e+00,4.657236e+00,4.624645e+00,4.697883e+00,4.521101e+00,4.606188e+00,4.554451e+00,4.760406e+00,4.611941e+00,5.078372e+00,4.434270e+00,4.751146e+00,4.895891e+00,4.660072e+00,4.884900e+00,4.601997e+00,4.771294e+00,4.718047e+00,4.594713e+00,4.876087e+00,4.612568e+00,4.535442e+00,4.969400e+00,4.815769e+00,4.820149e+00,4.844896e+00,4.726538e+00,4.814268e+00,4.830216e+00,4.736980e+00,4.548887e+00,4.768367e+00,4.755292e+00,4.890298e+00,4.762431e+00,4.810816e+00,4.753976e+00,4.920016e+00,4.598094e+00,4.923924e+00,4.427815e+00,4.756589e+00,4.707681e+00,4.650272e+00,4.761581e+00,4.507043e+00,4.971125e+00,4.660259e+00,4.593520e+00,4.816476e+00,4.716542e+00,4.753770e+00,4.529795e+00,4.762318e+00,4.779014e+00,4.898241e+00,4.759848e+00,4.711010e+00,4.944216e+00,4.468681e+00,4.640763e+00,4.589785e+00,4.896850e+00,4.866380e+00,4.649072e+00,4.749873e+00,4.743856e+00,4.758901e+00,4.841060e+00,5.046664e+00,4.855682e+00,4.882168e+00,4.878422e+00,4.826120e+00,4.839782e+00,4.715108e+00,4.685614e+00,4.440314e+00,4.893658e+00,4.686277e+00,4.705559e+00,4.495346e+00,4.779090e+00,4.729315e+00,4.714769e+00,4.779581e+00,4.820328e+00,4.688677e+00,4.936775e+00,4.405303e+00,4.399961e+00,4.267477e+00,4.826940e+00,5.027906e+00,4.905121e+00,4.771363e+00,4.642624e+00,4.781707e+00,4.752751e+00,4.792580e+00,4.932929e+00,4.496515e+00,4.763146e+00,4.729790e+00,4.785124e+00,4.731653e+00,4.823317e+00,4.925961e+00,4.913122e+00,4.585679e+00,4.799394e+00,5.038842e+00,4.828722e+00,4.757901e+00,4.890334e+00,4.490390e+00,4.855905e+00,4.815337e+00,4.769213e+00,4.673181e+00,4.747691e+00,4.843405e+00,4.783875e+00
4.905073e+00,4.809339e+00,4.954057e+00,4.690634e+00,4.750789e+00,4.678926e+00,4.829729e+00,4.667521e+00,4.735892e+00,4.723361e+00,4.720543e+00,4.680410e+00,4.722081e+00,4.439258e+00,4.739161e+00,4.698245e+00,4.853045e+00,4.719207e+00,4.919537e+00,4.768465e+00,4.629322e+00,4.653727e+00,4.647327e+00,4.692656e+00,4.846531e+00,4.608784e+00,4.755002e+00,4.289177e+00,4.848443e+00,4.782362e+00,4.668423e+00,4.540623e+00,4.575808e+00,4.734176e+00,4.546365e+00,4.608079e+00,4.642808e+00,4.659034e+00,4.711915e+00,4.823945e+00,4.581704e+00,4.675285e+00,4.735259e+00,4.611422e+00,4.347231e+00,4.855974e+00,4.669251e+00,4.611879e+00,4.722720e+00,4.677176e+00,4.484469e+00,4.777417e+00,4.713165e+00,4.556487e+00,4.637479e+00,4.780957e+00,4.719737e+00,4.677516e+00,4.612480e+00,4.791623e+00,4.518323e+00,4.807902e+00,4.746451e+00,4.626421e+00,4.504937e+00,4.693030e+00,4.939510e+00,4.779680e+00,4.441116e+00,4.846443e+00,4.636293e+00,4.824242e+00,4.504520e+00,4.856728e+00,4.739529e+00,4.801113e+00,4.754976e+00,4.892720e+00,4.551270e+00,4.745429e+00,4.722597e+00,4.789461e+00,4.756039e+00,4.750376e+00,4.842921e+00,4.647831e+00,4.913321e+00,4.724773e+00,4.789964e+00,4.637215e+00,4.740068e+00,4.718673e+00,4.678266e+00,4.635505e+00,4.779576e+00,4.678020e+00,4.633747e+00,4.866835e+00,4.768826e+00,4.516592e+00,4.835169e+00,4.611426e+00,4.685948e+00,4.892037e+00,4.679551e+00,4.895721e+00,4.565489e+00,4.561998e+00,4.751083e+00,4.523648e+00,4.784084e+00,4.691495e+00,4.735542e+00,4.348936e+00,4.823292e+00,4.839458e+00,4.880590e+00,4.868646e+00,4.837626e+00,4.666623e+00,4.908558e+00,4.518494e+00,4.788612e+00,4.748723e+00,4.703984e+00,4.672458e+00,4.349489e+00,4.746159e+00,4.626460e+00,4.775745e+00,4.649133e+00,4.845868e+00,4.554251e+00,4.765336e+00,4.922360e+00,4.914025e+00,4.783490e+00,4.580193e+00,4.769886e+00,4.489879e+00,4.958172e+00,4.688956e+00,4.816824e+00,4.821080e+00,4.783618e+00,4.654836e+00,4.853658e+00,4.748919e+00,4.561337e+00,4.889533e+00,4.720060e+00,4.612910e+00,4.665502e+00,4.762023e+00,4.581204e+00,4.928633e+00,4.746725e+00,4.673931e+00,4.949645e+00,4.453526e+00,4.615784e+00,4.781646e+00,4.778058e+00,4.698423e+00,4.750950e+00,4.787493e+00,4.757591e+00,4.641688e+00,4.652491e+00,4.694165e+00,4.857598e+00,4.922571e+00,4.758123e+00,4.658308e+00,4.494765e+00,4.877022e+00,4.664954e+00,4.654105e+00,4.774284e+00,4.740971e+00,4.479810e+00,4.559249e+00,4.820882e+00,4.628030e+00,4.729573e+00,4.572317e+00,4.587535e+00,4.641959e+00,4.847689e+00,4.612518e+00,4.665531e+00,4.904937e+00,4.820819e+00,4.868019e+00,4.630029e+00,4.785329e+00,4.770840e+00,4.813308e+00,4.212249e+00,4.604590e+00,4.757558e+00,4.742893e+00,4.471304e+00,4.520189e+00,4.707322e+00,4.789673e+00,4.807793e+00,4.464056e+00,4.838011e+00,4.532675e+00,4.749192e+00,4.605903e+00,4.641125e+00,4.820496e+00,4.648945e+00,4.711912e+00,4.708654e+00,4.604828e+00,4.667231e+00,4.662802e+00,4.739667e+00,4.889702e+00,4.910845e+00,4.910164e+00,4.674251e+00,4.796314e+00,4.823951e+00,4.538595e+00
4.819378e+00,4.713136e+00,4.737113e+00,4.786749e+00,4.646541e+00,4.746893e+00,4.780937e+00,4.680537e+00,4.814644e+00,4.707720e+00,4.867146e+00,4.670550e+00,4.714158e+00,4.654399e+00,4.785974e+00,4.848197e+00,4.840387e+00,4.911366e+00,4.538711e+00,4.744012e+00,4.731700e+00,4.892838e+00,4.942423e+00,4.846431e+00,4.393127e+00,4.768891e+00,4.821608e+00,4.821242e+00,4.856236e+00,4.692428e+00,4.694280e+00,4.922821e+00,4.870092e+00,4.763773e+00,4.703617e+00,4.682644e+00,4.655475e+00,4.799818e+00,4.665751e+00,4.840634e+00,4.863725e+00,4.756034e+00,4.775454e+00,4.613409e+00,4.656896e+00,4.584073e+00,4.821896e+00,4.650593e+00,4.754585e+00,4.509284e+00,4.751385e+00,4.774122e+00,4.823280e+00,4.906446e+00,4.768444e+00,4.799289e+00,4.815552e+00,4.645413e+00,4.777993e+00,4.643851e+00,4.618580e+00,4.636839e+00,4.889292e+00,4.661821e+00,4.661875e+00,4.651149e+00,4.543964e+00,4.873525e+00,4.697579e+00,4.700633e+00,4.853316e+00,4.665372e+00,4.741786e+00,4.796319e+00,4.560516e+00,4.987013e+00,4.665514e+00,4.831266e+00,4.837704e+00,4.723367e+00,4.963540e+00,4.671841e+00,4.737822e+00,4.671076e+00,4.777901e+00,4.638809e+00,4.503751e+00,4.517150e+00,4.916252e+00,4.730951e+00,4.830449e+00,4.646455e+00,4.850174e+00,4.690307e+00,4.671567e+00,4.802403e+00,4.717765e+00,4.621212e+00,4.593255e+00,4.683952e+00,4.695229e+00,4.681609e+00,4.493443e+00,4.376130e+00,4.912025e+00,4.687092e+00,4.833186e+00,4.667359e+00,4.705485e+00,4.814057e+00,4.513113e+00,4.592078e+00,4.981659e+00,4.647652e+00,4.668829e+00,4.634503e+00,4.670474e+00,4.655400e+00,4.669734e+00,4.909298e+00,4.331764e+00,4.910688e+00,4.696177e+00,4.821557e+00,4.538525e+00,4.836914e+00,4.701167e+00,4.832161e+00,4.678693e+00,4.670116e+00,4.788921e+00,4.772932e+00,4.727597e+00,4.673752e+00,4.905020e+00,4.706899e+00,4.784762e+00,4.502724e+00,4.679694e+00,4.762445e+00,4.845310e+00,4.623674e+00,4.624299e+00,4.788431e+00,4.794006e+00,4.749580e+00,4.994318e+00,4.567539e+00,4.881107e+00,4.516816e+00,4.880753e+00,3.959498e+00,4.933207e+00,4.621820e+00,4.649876e+00,4.672098e+00,4.803290e+00,4.821119e+00,4.688750e+00,4.659403e+00,4.784584e+00,4.667495e+00,4.653050e+00,4.678865e+00,4.645159e+00,4.684055e+00,4.743827e+00,4.600234e+00,4.657934e+00,4.705685e+00,4.489309e+00,4.732933e+00,4.787576e+00,4.695577e+00,4.679407e+00,4.768072e+00,4.845536e+00,4.647026e+00,4.924362e+00,4.611547e+00,4.834481e+00,4.605613e+00,4.671968e+00,4.754279e+00,4.582134e+00,4.730399e+00,4.706660e+00,4.701527e+00,4.927004e+00,4.588798e+00,4.899539e+00,4.581762e+00,5.130379e+00,4.904953e+00,4.658272e+00,4.677310e+00,4.792487e+00,4.893677e+00,4.882543e+00,4.490109e+00,4.671581e+00,4.644402e+00,4.890867e+00,4.718068e+00,4.624337e+00,4.248824e+00,4.655308e+00,4.814447e+00,4.847036e+00,4.826981e+00,4.624072e+00,4.693596e+00,4.651074e+00,4.548126e+00,4.733237e+00,4.861265e+00,4.898701e+00,4.523253e+00,4.668941e+00,4.756104e+00,4.771057e+00,4.658731e+00,4.620967e+00,4.564980e+00,4.758879e+00,4.929817e+00,4.634982e+00,4.885637e+00
4.720793e+00,4.623001e+00,4.602326e+00,4.711322e+00,4.760968e+00,4.707927e+00,4.790008e+00,4.743625e+00,4.744384e+00,4.724692e+00,4.746833e+00,4.832176e+00,4.741783e+00,4.756814e+00,4.765818e+00,4.822491e+00,4.794215e+00,4.601776e+00,4.679203e+00,4.682690e+00,4.418210e+00,4.750897e+00,4.627957e+00,4.925895e+00,4.621226e+00,4.431718e+00,4.642578e+00,4.930441e+00,4.574863e+00,4.813676e+00,4.663355e+00,4.410034e+00,4.859188e+00,4.751492e+00,4.579489e+00,4.676127e+00,4.668176e+00,4.719600e+00,4.845565e+00,4.802295e+00,4.694050e+00,4.581220e+00,4.874083e+00,4.466818e+00,4.739393e+00,4.804647e+00,4.678825e+00,4.752693e+00,4.585331e+00,4.815255e+00,4.623474e+00,4.656316e+00,4.473366e+00,4.776349e+00,4.625543e+00,4.708421e+00,4.746386e+00,4.826874e+00,4.875441e+00,4.740353e+00,4.632370e+00,4.806913e+00,4.684615e+00,4.383475e+00,4.417021e+00,4.842820e+00,4.660159e+00,4.814057e+00,4.467298e+00,4.876822e+00,4.755948e+00,4.828606e+00,4.835639e+00,4.944605e+00,4.848267e+00,4.584992e+00,5.052454e+00,4.749598e+00,4.743520e+00,4.861413e+00,4.810032e+00,4.526875e+00,4.929138e+00,4.829241e+00,4.871973e+00,4.810006e+00,4.681618e+00,4.775476e+00,4.786398e+00,4.888694e+00,4.737495e+00,4.792351e+00,4.551596e+00,4.861861e+00,4.849370e+00,4.813143e+00,4.767885e+00,4.601904e+00,4.665230e+00,5.029896e+00,4.409233e+00,4.850557e+00,4.778426e+00,4.759730e+00,4.926705e+00,4.505584e+00,4.753975e+00,4.581286e+00,4.739967e+00,4.702990e+00,4.864843e+00,4.734247e+00,4.723978e+00,4.755990e+00,5.117616e+00,4.841469e+00,4.846402e+00,4.830100e+00,4.855867e+00,4.583116e+00,4.789805e+00,4.969217e+00,4.651286e+00,4.499834e+00,4.762305e+00,4.892361e+00,4.736137e+00,4.809157e+00,4.809214e+00,4.977468e+00,4.743255e+00,4.864375e+00,4.563166e+00,4.851920e+00,4.726721e+00,4.932752e+00,4.861132e+00,4.808555e+00,4.823341e+00,4.779690e+00,4.690378e+00,4.369480e+00,4.930727e+00,4.762590e+00,4.951657e+00,4.948507e+00,4.706568e+00,4.760853e+00,4.739891e+00,4.632590e+00,4.660250e+00,4.963077e+00,4.659196e+00,4.591585e+00,4.876019e+00,4.587925e+00,4.754958e+00,4.890698e+00,4.747832e+00,4.928232e+00,4.851098e+00,4.689457e+00,4.733473e+00,4.808996e+00,4.867955e+00,4.758993e+00,4.730323e+00,4.912840e+00,4.575108e+00,4.522018e+00,4.806821e+00,4.657806e+00,4.636226e+00,4.910641e+00,4.700582e+00,4.635891e+00,4.733354e+00,4.920977e+00,4.616313e+00,4.706270e+00,4.728130e+00,4.710156e+00,4.799301e+00,4.742313e+00,4.734468e+00,4.598734e+00,4.814394e+00,4.959649e+00,4.801071e+00,4.855522e+00,4.755519e+00,4.835023e+00,4.759526e+00,4.534277e+00,4.829233e+00,4.953452e+00,4.820337e+00,4.767557e+00,4.668294e+00,4.844688e+00,4.840884e+00,4.601145e+00,4.670472e+00,4.837150e+00,4.743418e+00,4.808158e+00,4.935727e+00,4.568622e+00,4.920620e+00,4.892222e+00,4.780261e+00,4.814114e+00,4.588718e+00,4.741989e+00,4.761192e+00,4.397339e+00,4.734143e+00,4.587329e+00,4.649206e+00,5.042018e+00,4.663310e+00,4.848364e+00,4.739864e+00,4.688955e+00,4.708131e+00,4.820891e+00,4.700866e+00,4.690676e+00
4.925392e+00,4.841632e+00,4.739518e+00,4.855487e+00,4.833571e+00,4.861421e+00,4.430232e+00,4.633738e+00,4.727811e+00,4.539732e+00,4.793125e+00,4.865035e+00,4.897304e+00,4.691845e+00,4.601028e+00,4.800720e+00,4.842755e+00,4.866492e+00,4.874188e+00,4.788307e+00,4.631293e+00,4.782029e+00,4.818140e+00,4.551850e+00,4.528889e+00,4.778406e+00,4.787997e+00,4.713854e+00,4.634165e+00,4.791012e+00,4.707466e+00,4.447940e+00,4.774000e+00,4.511719e+00,4.743608e+00,4.725741e+00,4.406200e+00,4.659321e+00,4.951945e+00,4.825199e+00,4.504202e+00,4.872438e+00,4.561298e+00,4.924171e+00,4.773734e+00,4.603641e+00,4.689184e+00,4.592537e+00,4.684765e+00,4.813996e+00,4.598945e+00,4.607301e+00,4.810674e+00,4.786091e+00,4.783129e+00,4.818958e+00,4.856292e+00,4.828954e+00,4.736844e+00,4.648342e+00,4.839194e+00,4.744534e+00,4.411716e+00,4.959410e+00,4.461305e+00,4.798172e+00,4.816589e+00,4.724387e+00,4.720295e+00,4.681193e+00,4.783517e+00,4.675320e+00,4.746501e+00,4.744441e+00,4.619939e+00,4.619101e+00,4.493485e+00,4.513172e+00,4.488385e+00,4.941123e+00,4.793990e+00,4.576528e+00,4.743039e+00,4.814737e+00,4.774546e+00,4.783511e+00,4.410336e+00,4.679820e+00,4.924956e+00,4.618507e+00,4.696502e+00,4.728700e+00,4.686076e+00,4.501554e+00,4.835367e+00,4.731884e+00,4.579677e+00,4.747582e+00,4.617462e+00,4.793619e+00,4.544885e+00,4.482159e+00,4.854339e+00,4.627876e+00,5.021696e+00,4.370148e+00,4.809223e+00,4.937710e+00,4.988172e+00,4.528459e+00,4.766689e+00,4.608794e+00,4.845504e+00,4.574315e+00,4.711332e+00,5.018267e+00,4.602959e+00,4.650059e+00,4.633657e+00,4.545690e+00,4.864974e+00,4.522171e+00,4.579234e+00,4.776105e+00,4.477432e+00,4.992464e+00,4.609618e+00,4.685060e+00,4.647654e+00,4.979895e+00,4.962750e+00,4.690858e+00,4.856480e+00,4.824717e+00,4.879343e+00,4.682587e+00,4.665685e+00,4.796720e+00,4.962160e+00,4.895823e+00,4.755284e+00,4.432911e+00,4.930934e+00,4.773963e+00,4.907085e+00,4.752698e+00,4.800441e+00,4.850181e+00,4.718911e+00,4.639628e+00,4.723320e+00,4.812505e+00,4.777107e+00,4.844329e+00,4.631212e+00,4.940007e+00,4.534581e+00,4.713804e+00,4.817659e+00,4.511679e+00,4.813203e+00,4.818956e+00,4.789026e+00,4.531752e+00,4.609230e+00,4.746126e+00,4.619980e+00,4.903912e+00,4.861494e+00,4.782657e+00,4.585610e+00,4.838765e+00,4.825666e+00,4.927725e+00,4.785716e+00,4.558039e+00,4.856006e+00,4.920514e+00,4.855596e+00,4.694944e+00,4.836261e+00,4.808886e+00,4.589058e+00,4.954136e+00,4.826920e+00,4.884683e+00,4.883285e+00,4.574225e+00,4.756711e+00,4.739518e+00,4.701881e+00,4.474727e+00,4.741862e+00,4.932314e+00,4.877613e+00,4.866747e+00,4.874156e+00,4.503701e+00,4.919453e+00,4.734080e+00,4.904384e+00,4.857032e+00,4.775441e+00,4.572404e+00,4.784087e+00,4.967723e+00,4.971834e+00,4.803957e+00,4.867230e+00,4.863470e+00,4.596617e+00,4.729735e+00,4.765255e+00,4.734570e+00,4.797890e+00,4.889306e+00,4.506522e+00,4.936592e+00,4.663281e+00,5.070280e+00,4.897546e+00,4.568179e+00,4.757787e+00,4.965924e+00,4.704538e+00,4.828167e+00,4.832220e+00,4.857220e+00
4.892703e+00,4.715098e+00,4.774201e+00,4.710137e+00,4.685642e+00,4.898044e+00,4.823554e+00,5.071310e+00,4.908450e+00,4.704966e+00,4.699074e+00,4.594743e+00,4.766295e+00,4.473170e+00,4.907333e+00,4.650075e+00,4.571451e+00,4.656184e+00,4.660123e+00,4.748687e+00,4.500849e+00,4.785787e+00,4.625788e+00,4.920576e+00,4.915629e+00,4.949339e+00,4.770746e+00,4.814604e+00,4.695445e+00,4.931788e+00,4.615439e+00,4.579251e+00,4.543790e+00,4.814082e+00,4.745308e+00,4.778892e+00,4.728283e+00,4.635845e+00,4.727467e+00,5.092550e+00,4.701480e+00,4.848468e+00,4.971360e+00,4.972159e+00,4.701197e+00,4.790550e+00,4.912687e+00,4.931803e+00,4.797829e+00,4.692936e+00,4.906177e+00,5.014327e+00,4.805750e+00,4.674391e+00,4.260372e+00,4.877898e+00,4.859407e+00,4.756117e+00,4.905945e+00,4.491646e+00,4.678649e+00,4.704972e+00,4.696103e+00,4.748899e+00,4.938166e+00,4.733706e+00,4.641952e+00,4.799093e+00,4.995501e+00,4.654441e+00,4.756231e+00,4.752240e+00,4.548842e+00,4.669764e+00,4.836708e+00,4.714121e+00,4.610129e+00,4.611131e+00,4.649122e+00,4.986746e+00,4.453022e+00,4.919819e+00,4.609192e+00,5.051670e+00,4.156092e+00,4.903239e+00,4.748729e+00,4.682742e+00,4.682360e+00,4.803575e+00,4.646502e+00,4.742442e+00,4.784942e+00,4.707962e+00,4.814045e+00,4.883768e+00,4.920344e+00,4.564176e+00,4.785534e+00,4.810806e+00,4.687574e+00,4.758837e+00,4.606868e+00,4.653922e+00,4.656892e+00,4.787002e+00,4.973041e+00,4.638591e+00,4.732442e+00,4.836337e+00,4.642064e+00,4.671759e+00,4.880193e+00,4.844131e+00,4.635822e+00,4.671201e+00,4.687859e+00,4.554319e+00,4.791271e+00,4.780735e+00,4.590785e+00,4.859798e+00,4.748540e+00,4.667305e+00,4.778769e+00,4.481402e+00,4.747653e+00,4.619363e+00,4.694231e+00,4.831801e+00,4.543087e+00,4.830433e+00,4.950687e+00,4.719643e+00,4.738252e+00,4.809482e+00,4.415613e+00,4.504326e+00,4.573171e+00,4.890474e+00,4.686911e+00,4.724621e+00,4.759015e+00,4.619276e+00,4.736313e+00,4.658409e+00,4.914993e+00,4.707880e+00,4.804028e+00,4.848003e+00,4.554912e+00,4.837057e+00,4.856296e+00,4.690612e+00,4.819693e+00,4.991521e+00,4.704382e+00,4.759472e+00,4.801612e+00,4.679531e+00,4.512959e+00,4.802606e+00,4.626551e+00,4.739815e+00,4.551154e+00,4.744128e+00,4.453542e+00,4.809298e+00,4.732624e+00,4.768054e+00,4.782358e+00,4.815014e+00,4.768663e+00,4.798841e+00,4.701228e+00,4.743863e+00,4.778299e+00,4.542867e+00,4.791111e+00,4.654446e+00,4.428155e+00,4.690053e+00,4.761612e+00,4.672352e+00,4.539593e+00,4.865254e+00,4.713205e+00,4.525984e+00,4.789990e+00,4.692730e+00,4.869270e+00,4.778452e+00,4.677844e+00,4.833381e+00,4.639807e+00,4.894441e+00,4.895838e+00,4.749931e+00,4.672030e+00,4.668212e+00,4.473408e+00,5.025354e+00,4.836785e+00,4.633647e+00,4.865195e+00,4.659238e+00,4.633340e+00,4.750379e+00,4.513750e+00,4.874355e+00,4.903177e+00,4.613963e+00,4.732287e+00,4.821409e+00,4.872501e+00,4.797837e+00,4.503668e+00,4.723790e+00,4.767964e+00,4.817930e+00,4.662349e+00,4.522991e+00,4.884550e+00,4.709094e+00,4.891361e+00,5.009579e+00,4.705091e+00,4.750625e+00
4.459460e+00,4.841187e+00,4.799505e+00,4.646067e+00,4.871795e+00,4.821946e+00,5.003034e+00,4.688611e+00,4.654204e+00,4.915139e+00,4.607308e+00,4.613175e+00,4.615201e+00,4.720292e+00,4.629584e+00,4.905217e+00,4.656768e+00,4.724679e+00,4.398540e+00,4.730316e+00,4.739115e+00,4.555692e+00,4.674331e+00,4.847640e+00,4.469851e+00,4.693844e+00,4.771559e+00,4.611087e+00,4.777784e+00,4.807736e+00,4.757898e+00,4.726726e+00,4.488304e+00,4.841374e+00,4.877140e+00,4.909696e+00,4.809424e+00,4.523360e+00,5.005201e+00,4.656873e+00,4.769365e+00,4.705544e+00,4.801874e+00,4.562897e+00,4.704565e+00,4.610670e+00,4.634908e+00,4.487641e+00,4.546620e+00,4.698129e+00,4.710987e+00,4.793465e+00,4.665813e+00,4.857648e+00,4.761086e+00,4.663690e+00,4.752294e+00,4.742973e+00,4.760828e+00,4.623257e+00,4.418250e+00,4.922099e+00,4.646123e+00,4.730033e+00,4.610680e+00,4.828929e+00,4.722175e+00,4.817872e+00,5.015146e+00,4.425009e+00,4.836039e+00,4.638060e+00,4.430239e+00,4.867289e+00,4.778310e+00,4.826114e+00,4.714606e+00,4.496622e+00,4.711169e+00,4.748611e+00,4.603164e+00,4.799341e+00,4.883511e+00,4.439447e+00,4.844355e+00,4.757259e+00,4.371216e+00,4.821592e+00,4.789339e+00,4.620131e+00,4.711059e+00,4.764573e+00,4.590488e+00,4.863085e+00,4.765925e+00,4.755302e+00,4.924176e+00,4.871325e+00,4.836825e+00,4.724671e+00,4.878294e+00,4.432024e+00,4.671657e+00,4.884707e+00,4.513125e+00,4.941613e+00,4.656189e+00,4.705234e+00,4.860898e+00,4.728770e+00,4.742885e+00,4.931442e+00,4.501825e+00,4.800336e+00,4.722063e+00,4.758482e+00,4.990385e+00,4.764239e+00,4.853276e+00,4.912625e+00,4.618937e+00,4.758060e+00,4.458297e+00,4.706061e+00,4.761910e+00,4.776053e+00,4.301942e+00,4.621564e+00,4.730054e+00,4.539412e+00,4.790105e+00,4.864007e+00,4.747754e+00,4.791944e+00,4.296301e+00,4.772164e+00,4.575803e+00,4.700333e+00,4.774932e+00,4.694711e+00,4.820295e+00,4.717403e+00,4.625540e+00,4.646183e+00,4.896202e+00,4.555325e+00,4.745448e+00,4.718282e+00,4.660460e+00,4.550512e+00,4.732197e+00,4.747775e+00,4.721543e+00,4.577622e+00,4.805566e+00,4.775808e+00,4.852032e+00,4.609849e+00,4.934101e+00,4.724909e+00,4.593597e+00,4.778134e+00,4.651762e+00,4.613107e+00,4.558788e+00,4.858937e+00,4.715801e+00,4.836719e+00,4.632649e+00,4.823662e+00,4.726822e+00,4.703865e+00,4.755192e+00,4.884800e+00,4.725499e+00,4.701070e+00,4.734699e+00,4.871888e+00,4.935156e+00,4.749333e+00,4.641983e+00,4.831338e+00,4.965623e+00,4.871565e+00,4.690684e+00,4.886374e+00,4.496935e+00,4.731467e+00,4.741086e+00,4.745041e+00,4.782689e+00,5.010885e+00,4.717116e+00,4.783427e+00,4.608750e+00,4.763489e+00,4.783814e+00,4.810749e+00,4.819996e+00,4.501511e+00,4.803530e+00,4.946932e+00,4.997899e+00,4.535504e+00,4.785496e+00,4.627462e+00,4.734376e+00,4.769977e+00,4.840468e+00,4.858457e+00,4.663475e+00,4.746731e+00,4.988980e+00,4.633562e+00,4.744143e+00,4.738502e+00,4.607196e+00,4.586618e+00,4.938520e+00,4.743447e+00,4.537125e+00,4.842562e+00,4.565526e+00,4.672094e+00,4.790226e+00,4.957302e+00,4.562757e+00,4.631020e+00
4.862042e+00,4.847728e+00,4.823768e+00,4.575702e+00,4.782764e+00,4.840760e+00,4.726357e+00,4.799733e+00,4.697344e+00,4.891834e+00,4.989842e+00,4.771617e+00,4.870429e+00,4.863594e+00,4.627954e+00,4.786086e+00,4.788257e+00,4.731720e+00,4.708682e+00,4.815047e+00,4.791852e+00,4.773913e+00,4.979002e+00,4.692742e+00,4.821600e+00,4.633565e+00,4.682887e+00,4.767051e+00,4.860705e+00,4.817389e+00,4.716274e+00,4.469157e+00,4.662044e+00,4.457688e+00,4.764938e+00,4.735930e+00,4.716942e+00,4.748442e+00,4.713062e+00,4.296360e+00,4.797572e+00,4.563789e+00,4.818359e+00,4.764001e+00,4.644151e+00,4.736592e+00,4.910576e+00,4.846950e+00,4.831446e+00,4.639058e+00,4.789513e+00,4.805949e+00,5.022396e+00,4.785450e+00,4.443074e+00,4.696551e+00,4.719336e+00,4.820225e+00,4.658407e+00,4.718908e+00,4.764334e+00,4.521718e+00,4.770433e+00,4.802638e+00,4.950518e+00,4.688585e+00,4.627946e+00,4.508436e+00,4.673492e+00,4.679837e+00,4.764616e+00,4.752773e+00,4.855107e+00,4.539580e+00,4.759878e+00,4.842882e+00,4.807089e+00,4.765114e+00,4.522742e+00,4.896948e+00,4.788127e+00,4.806833e+00,4.776745e+00,4.700506e+00,4.647214e+00,4.786452e+00,4.804849e+00,4.754698e+00,4.371114e+00,4.793043e+00,4.760949e+00,4.745242e+00,4.949687e+00,4.720903e+00,4.868074e+00,4.512391e+00,4.753516e+00,4.832987e+00,4.784855e+00,4.775064e+00,4.605413e+00,4.784379e+00,4.800329e+00,4.699423e+00,4.670083e+00,4.540031e+00,4.784930e+00,4.963807e+00,4.786258e+00,4.911293e+00,4.822998e+00,4.483503e+00,4.663355e+00,4.455893e+00,4.714297e+00,4.895717e+00,4.700238e+00,4.703272e+00,4.755991e+00,4.867952e+00,4.603329e+00,4.745640e+00,4.901839e+00,4.530468e+00,4.619662e+00,4.581301e+00,4.499940e+00,4.786022e+00,4.691284e+00,4.686707e+00,4.682836e+00,4.973256e+00,4.474990e+00,4.632507e+00,4.885144e+00,4.763694e+00,4.580850e+00,4.829417e+00,4.755500e+00,4.646284e+00,4.878568e+00,4.785782e+00,4.951420e+00,4.740921e+00,4.460533e+00,4.677716e+00,4.951064e+00,4.475028e+00,4.864678e+00,4.866047e+00,5.018980e+00,4.843553e+00,4.580055e+00,4.868238e+00,4.797676e+00,4.734111e+00,5.015483e+00,4.796256e+00,4.572298e+00,4.568719e+00,4.740378e+00,4.663868e+00,4.405604e+00,4.906355e+00,4.895066e+00,4.676657e+00,4.743136e+00,4.602167e+00,4.770237e+00,4.614271e+00,4.487371e+00,4.753188e+00,4.774204e+00,4.672663e+00,4.925017e+00,4.757530e+00,4.500376e+00,4.732364e+00,4.748298e+00,4.644852e+00,4.649650e+00,4.662261e+00,4.571312e+00,4.664064e+00,4.917982e+00,4.633001e+00,4.724330e+00,4.935630e+00,4.788181e+00,4.571847e+00,4.897986e+00,4.890542e+00,4.759592e+00,4.439466e+00,4.750179e+00,4.890036e+00,4.832408e+00,4.745839e+00,4.926971e+00,4.645726e+00,4.801351e+00,4.969828e+00,4.660171e+00,4.678007e+00,4.819975e+00,4.829371e+00,4.649938e+00,4.509628e+00,4.645857e+00,4.668258e+00,4.785883e+00,4.681160e+00,4.875722e+00,4.684215e+00,4.743346e+00,4.817401e+00,4.902668e+00,4.639580e+00,4.741560e+00,4.791664e+00,4.543059e+00,4.842781e+00,4.649136e+00,4.646291e+00,4.506371e+00,4.775446e+00,4.930217e+00,4.684616e+00
4.807572e+00,4.803739e+00,4.993637e+00,4.671789e+00,4.917744e+00,4.749626e+00,4.660493e+00,4.596993e+00,4.807884e+00,4.512758e+00,4.485969e+00,4.828861e+00,4.825214e+00,4.906847e+00,4.589775e+00,4.701928e+00,4.701594e+00,4.793523e+00,4.542802e+00,4.459617e+00,4.556743e+00,4.666104e+00,4.832570e+00,4.620607e+00,4.708933e+00,4.700285e+00,4.859352e+00,4.705951e+00,4.763900e+00,4.755928e+00,4.788778e+00,4.889647e+00,4.884175e+00,4.838305e+00,4.921422e+00,4.744203e+00,4.817514e+00,4.266071e+00,4.644858e+00,4.979442e+00,4.738255e+00,5.204658e+00,4.920631e+00,4.901111e+00,4.648165e+00,4.749480e+00,4.815388e+00,4.745966e+00,4.848110e+00,4.653700e+00,4.830960e+00,4.884291e+00,4.778936e+00,4.774059e+00,4.897435e+00,4.693293e+00,4.839495e+00,4.739711e+00,4.351111e+00,4.797445e+00,4.808957e+00,4.731795e+00,4.862897e+00,4.917803e+00,4.829578e+00,4.545597e+00,4.691051e+00,4.674632e+00,4.787361e+00,4.755443e+00,4.868924e+00,4.502238e+00,4.828095e+00,4.692662e+00,4.609167e+00,4.768165e+00,4.946137e+00,4.859541e+00,4.805235e+00,4.717165e+00,4.496837e+00,4.785014e+00,4.713574e+00,4.784881e+00,4.799177e+00,4.877623e+00,4.871728e+00,4.807583e+00,4.565366e+00,4.680936e+00,4.811605e+00,4.749076e+00,4.623721e+00,4.843448e+00,4.651093e+00,4.690110e+00,4.590270e+00,4.761179e+00,4.932529e+00,4.621221e+00,4.792575e+00,4.440431e+00,4.817978e+00,4.594108e+00,4.531997e+00,4.690546e+00,4.701049e+00,4.490999e+00,4.743374e+00,4.772072e+00,4.607236e+00,4.743424e+00,4.778328e+00,4.433473e+00,4.613060e+00,4.729681e+00,4.645134e+00,4.515366e+00,4.828034e+00,4.709610e+00,4.655789e+00,4.694867e+00,4.784748e+00,4.743855e+00,4.658917e+00,4.728052e+00,4.684705e+00,4.731630e+00,4.730507e+00,4.605664e+00,4.531960e+00,4.888637e+00,4.676781e+00,4.604379e+00,4.794852e+00,4.943925e+00,4.653995e+00,4.682156e+00,4.577405e+00,4.569781e+00,4.708453e+00,4.786494e+00,4.759859e+00,4.489032e+00,4.797518e+00,4.537141e+00,4.572492e+00,4.785913e+00,4.665257e+00,4.927679e+00,4.611881e+00,4.746308e+00,4.423411e+00,4.769234e+00,4.751913e+00,4.764680e+00,4.761757e+00,4.780851e+00,4.699687e+00,4.715994e+00,4.733290e+00,4.463542e+00,4.615632e+00,4.752414e+00,4.806948e+00,4.322801e+00,4.751856e+00,4.759784e+00,4.948326e+00,4.708134e+00,4.827733e+00,4.774711e+00,4.239729e+00,4.906649e+00,4.340831e+00,4.925046e+00,4.657819e+00,4.620662e+00,4.835736e+00,4.697161e+00,4.741126e+00,4.844888e+00,4.643109e+00,4.698603e+00,4.616604e+00,4.559358e+00,4.920799e+00,4.849903e+00,4.723020e+00,4.584422e+00,4.580438e+00,4.984703e+00,4.864278e+00,4.758332e+00,4.833812e+00,4.687573e+00,4.615715e+00,4.680376e+00,4.727129e+00,4.514473e+00,4.669339e+00,4.779540e+00,4.683039e+00,4.854454e+00,4.477469e+00,4.745530e+00,4.740601e+00,4.781387e+00,4.526358e+00,4.498518e+00,4.708386e+00,4.869193e+00,4.628502e+00,4.675082e+00,4.755958e+00,4.816855e+00,4.845073e+00,4.877582e+00,4.639403e+00,4.647140e+00,4.901619e+00,4.916978e+00,4.896341e+00,4.685282e+00,5.008204e+00,4.533439e+00,4.699663e+00,4.641081e+00
4.864298e+00,4.539867e+00,4.734155e+00,4.660329e+00,4.768895e+00,4.590704e+00,4.797521e+00,4.746950e+00,4.781299e+00,4.755135e+00,4.753421e+00,4.775272e+00,4.789694e+00,4.617937e+00,4.556913e+00,4.821832e+00,4.628863e+00,4.726643e+00,4.735166e+00,4.869744e+00,4.947693e+00,4.762125e+00,4.713556e+00,4.885635e+00,4.462159e+00,4.762393e+00,4.890493e+00,4.736490e+00,4.851270e+00,4.768029e+00,4.829485e+00,4.477211e+00,4.763823e+00,4.628737e+00,4.594213e+00,5.045495e+00,4.785560e+00,4.767346e+00,4.899489e+00,4.693814e+00,4.891353e+00,4.823028e+00,4.619273e+00,4.575004e+00,4.720161e+00,4.637903e+00,4.519019e+00,4.710470e+00,4.528252e+00,4.687100e+00,4.654509e+00,4.806715e+00,4.772465e+00,4.465535e+00,4.744594e+00,4.770229e+00,4.593153e+00,4.507865e+00,4.827153e+00,4.862831e+00,4.613798e+00,4.334081e+00,4.734031e+00,4.729264e+00,4.571055e+00,4.809729e+00,4.869302e+00,4.868531e+00,4.841368e+00,4.884683e+00,4.520803e+00,4.670591e+00,4.768494e+00,5.024123e+00,4.824216e+00,4.609163e+00,4.581374e+00,4.707297e+00,4.846876e+00,4.708338e+00,4.982121e+00,4.988815e+00,4.745409e+00,4.864921e+00,4.624245e+00,4.916838e+00,4.830064e+00,4.710470e+00,4.626717e+00,4.734779e+00,4.870443e+00,4.774793e+00,4.727372e+00,4.842108e+00,4.940545e+00,4.855713e+00,4.889776e+00,4.757277e+00,4.731306e+00,4.808982e+00,4.620386e+00,4.954902e+00,4.846014e+00,4.703259e+00,4.801513e+00,4.751293e+00,4.838370e+00,4.784435e+00,4.899562e+00,4.659518e+00,4.585614e+00,4.870155e+00,4.793956e+00,4.820029e+00,4.472143e+00,4.768220e+00,4.958997e+00,4.735649e+00,4.947976e+00,4.679146e+00,4.590176e+00,4.585503e+00,4.707371e+00,4.867784e+00,4.843840e+00,4.970436e+00,4.802397e+00,4.687852e+00,4.861825e+00,4.771669e+00,4.851356e+00,4.770265e+00,4.828609e+00,4.703636e+00,4.781005e+00,4.840781e+00,4.765380e+00,4.770350e+00,4.436246e+00,4.620532e+00,4.648805e+00,4.293620e+00,4.874211e+00,4.749373e+00,4.681661e+00,4.598858e+00,4.729646e+00,4.355192e+00,4.770725e+00,4.886280e+00,4.588167e+00,4.729732e+00,4.582466e+00,4.715031e+00,4.638316e+00,4.740324e+00,4.797205e+00,4.462859e+00,4.720685e+00,4.701167e+00,4.002986e+00,4.673659e+00,4.700069e+00,4.739369e+00,4.694418e+00,4.890176e+00,4.843389e+00,4.886076e+00,4.751502e+00,4.532589e+00,4.693747e+00,4.845419e+00,4.932303e+00,4.847618e+00,4.588904e+00,4.761823e+00,4.863008e+00,4.838313e+00,4.980287e+00,4.563221e+00,4.717362e+00,4.883214e+00,4.817889e+00,4.606301e+00,4.514176e+00,4.760274e+00,4.750602e+00,4.920657e+00,4.757821e+00,4.654279e+00,4.858674e+00,4.931815e+00,4.697549e+00,4.720992e+00,4.870312e+00,4.766716e+00,4.929910e+00,4.621645e+00,4.946215e+00,4.513493e+00,4.634652e+00,4.822101e+00,4.477927e+00,4.730576e+00,4.673571e+00,4.759653e+00,4.661973e+00,4.626537e+00,4.708560e+00,4.816579e+00,4.693078e+00,4.792395e+00,4.798699e+00,4.667437e+00,4.704074e+00,4.767303e+00,4.720607e+00,4.621797e+00,4.734712e+00,4.946037e+00,4.594938e+00,4.827296e+00,4.728260e+00,4.823375e+00,4.780193e+00,4.538787e+00,4.527088e+00,4.591738e+00
4.894395e+00,4.509864e+00,4.802797e+00,4.606522e+00,4.809031e+00,4.913520e+00,4.848125e+00,4.852532e+00,4.689757e+00,4.806965e+00,4.621007e+00,4.725709e+00,4.520320e+00,4.705408e+00,4.797069e+00,4.847422e+00,4.799006e+00,4.796926e+00,4.528596e+00,4.655828e+00,4.624616e+00,4.527486e+00,4.694968e+00,4.737758e+00,4.332310e+00,4.813257e+00,4.814344e+00,4.638021e+00,4.734708e+00,4.546126e+00,4.794523e+00,4.648747e+00,4.681858e+00,4.646104e+00,4.759751e+00,4.518484e+00,4.588062e+00,4.584435e+00,4.780513e+00,4.620728e+00,4.798432e+00,4.643777e+00,4.747799e+00,4.695063e+00,4.737326e+00,4.826583e+00,4.737157e+00,4.621582e+00,4.678007e+00,4.869307e+00,4.758307e+00,4.710587e+00,4.654690e+00,4.765041e+00,4.760335e+00,4.663860e+00,4.660653e+00,4.790162e+00,4.594342e+00,4.824387e+00,4.523571e+00,4.772950e+00,4.925940e+00,4.499664e+00,4.594993e+00,4.429693e+00,4.841114e+00,4.787845e+00,4.388852e+00,4.563431e+00,4.665187e+00,4.854834e+00,4.521907e+00,4.946847e+00,4.862135e+00,4.606288e+00,4.913857e+00,4.687542e+00,4.680823e+00,4.944265e+00,4.863513e+00,4.854685e+00,4.648002e+00,4.749877e+00,4.581653e+00,4.686805e+00,4.807623e+00,4.670549e+00,4.891294e+00,4.668814e+00,4.860287e+00,4.743804e+00,4.660907e+00,4.751630e+00,4.835764e+00,4.646167e+00,4.843239e+00,4.687986e+00,4.771300e+00,4.819591e+00,4.425975e+00,4.533847e+00,4.861127e+00,4.746873e+00,4.742356e+00,4.762495e+00,4.490877e+00,4.680298e+00,4.876895e+00,4.679424e+00,4.925012e+00,4.479209e+00,4.765199e+00,4.930516e+00,4.352051e+00,4.716433e+00,4.673279e+00,4.837380e+00,4.776149e+00,4.774335e+00,4.685237e+00,4.641857e+00,4.546592e+00,4.760668e+00,4.943483e+00,4.825112e+00,4.503230e+00,4.610290e+00,4.773968e+00,4.567231e+00,4.629827e+00,4.644414e+00,4.818914e+00,4.780920e+00,4.862633e+00,4.640046e+00,4.807530e+00,4.743928e+00,4.766695e+00,4.781088e+00,4.768427e+00,4.444666e+00,4.694056e+00,4.787629e+00,4.823069e+00,4.832234e+00,4.892964e+00,4.463743e+00,4.743816e+00,4.867178e+00,4.751067e+00,4.634961e+00,4.923449e+00,4.704978e+00,4.647993e+00,4.809524e+00,4.810186e+00,4.734380e+00,4.487318e+00,4.791252e+00,4.636549e+00,4.694853e+00,4.906487e+00,4.692510e+00,4.813292e+00,4.598370e+00,4.757906e+00,4.766527e+00,4.777060e+00,4.780497e+00,4.666707e+00,4.937005e+00,4.704440e+00,4.640340e+00,4.790957e+00,4.725136e+00,4.646708e+00,4.750301e+00,4.641645e+00,4.655344e+00,4.802701e+00,4.684251e+00,4.876305e+00,4.812474e+00,4.864377e+00,4.393322e+00,4.958702e+00,4.861314e+00,4.698707e+00,4.692529e+00,4.569955e+00,4.651208e+00,4.606088e+00,4.687351e+00,4.784336e+00,4.762611e+00,4.802362e+00,4.933989e+00,4.565765e+00,4.698837e+00,4.810492e+00,4.723242e+00,4.822230e+00,4.580561e+00,4.855381e+00,4.657109e+00,4.741625e+00,4.624154e+00,4.511765e+00,4.873023e+00,4.718215e+00,4.704403e+00,4.826144e+00,4.909925e+00,4.857927e+00,4.766609e+00,4.687963e+00,4.567912e+00,4.710860e+00,4.720653e+00,4.575872e+00,4.792788e+00,4.676564e+00,4.552828e+00,4.917582e+00,4.710989e+00,4.624532e+00,4.718285e+00
4.734165e+00,4.608287e+00,4.817913e+00,4.741929e+00,4.526308e+00,4.482918e+00,4.942163e+00,4.858451e+00,4.688029e+00,4.761026e+00,4.375006e+00,4.879295e+00,4.849155e+00,4.866756e+00,4.632662e+00,4.574570e+00,4.842672e+00,4.666619e+00,4.679905e+00,4.743976e+00,4.510519e+00,4.870211e+00,4.678252e+00,4.710848e+00,4.735776e+00,4.708993e+00,4.804295e+00,4.691942e+00,4.741134e+00,4.742295e+00,4.839195e+00,4.659064e+00,4.974754e+00,4.694560e+00,4.765097e+00,4.435370e+00,4.600960e+00,4.390889e+00,4.827753e+00,4.815895e+00,4.753970e+00,4.714311e+00,4.630224e+00,4.893223e+00,4.773841e+00,4.596418e+00,4.889164e+00,4.637657e+00,4.710134e+00,4.639729e+00,4.902066e+00,4.985137e+00,4.901745e+00,4.770531e+00,4.743184e+00,4.754036e+00,4.753844e+00,4.840971e+00,4.709201e+00,4.641856e+00,4.862092e+00,4.493206e+00,4.425819e+00,4.779148e+00,4.829925e+00,4.769188e+00,4.701332e+00,4.890399e+00,4.868265e+00,4.366694e+00,4.624388e+00,4.420175e+00,4.824089e+00,4.887574e+00,4.571418e+00,4.976208e+00,4.650080e+00,4.738959e+00,4.761614e+00,4.591927e+00,4.675981e+00,4.795743e+00,4.946349e+00,4.690143e+00,4.637663e+00,4.931534e+00,4.629920e+00,4.703999e+00,4.700562e+00,4.668397e+00,4.731395e+00,4.908167e+00,4.779286e+00,4.574865e+00,4.893960e+00,4.688631e+00,4.794503e+00,4.812550e+00,4.942728e+00,4.682800e+00,4.703020e+00,4.655822e+00,4.768651e+00,4.490516e+00,4.262301e+00,4.868659e+00,4.572693e+00,4.764269e+00,4.575753e+00,4.869446e+00,4.767266e+00,4.577864e+00,4.837886e+00,4.712599e+00,4.876699e+00,4.591595e+00,4.564472e+00,4.602795e+00,4.906391e+00,4.450343e+00,4.739022e+00,4.708402e+00,4.467352e+00,4.690314e+00,4.661654e+00,4.863936e+00,4.586887e+00,4.645293e+00,4.607476e+00,4.771630e+00,5.024601e+00,4.677419e+00,4.693486e+00,4.549070e+00,4.923750e+00,4.633235e+00,4.789887e+00,4.681257e+00,4.843808e+00,4.921954e+00,4.783799e+00,4.575878e+00,4.813281e+00,4.779465e+00,4.974827e+00,4.822250e+00,4.711119e+00,4.753676e+00,4.656193e+00,5.035002e+00,4.909207e+00,4.917156e+00,4.839326e+00,4.695465e+00,4.777591e+00,4.791600e+00,4.929578e+00,4.476497e+00,4.581633e+00,4.776158e+00,4.699327e+00,4.648652e+00,4.614082e+00,4.763649e+00,4.794188e+00,4.557867e+00,4.652667e+00,4.773245e+00,4.861484e+00,4.875654e+00,4.522696e+00,4.840208e+00,4.557680e+00,4.784532e+00,4.625401e+00,4.805124e+00,4.786504e+00,4.935885e+00,4.746485e+00,4.784455e+00,4.869625e+00,4.858084e+00,4.727898e+00,4.757076e+00,4.827295e+00,4.619837e+00,4.837339e+00,4.884748e+00,4.659471e+00,4.613058e+00,4.686158e+00,4.730336e+00,4.781146e+00,4.873234e+00,4.775137e+00,4.757092e+00,4.902142e+00,4.823440e+00,4.721252e+00,4.674153e+00,4.708666e+00,4.584619e+00,4.869476e+00,4.704894e+00,4.655135e+00,4.768896e+00,4.824127e+00,4.787180e+00,4.921626e+00,4.717868e+00,4.854662e+00,4.792100e+00,4.734141e+00,4.744266e+00,4.697958e+00,4.688793e+00,4.928130e+00,4.900677e+00,4.637685e+00,4.856578e+00,4.853811e+00,4.484354e+00,4.614668e+00,4.937773e+00,4.580102e+00,4.632622e+00,4.872082e+00,4.559511e+00
4.908438e+00,4.737096e+00,4.691548e+00,4.937873e+00,4.827980e+00,4.635141e+00,4.741067e+00,4.726218e+00,4.845068e+00,4.672140e+00,4.716721e+00,4.614293e+00,4.978461e+00,4.854127e+00,4.785256e+00,4.914586e+00,4.783536e+00,4.867085e+00,4.912814e+00,4.216191e+00,4.795226e+00,4.434120e+00,4.810306e+00,4.730879e+00,4.680055e+00,4.875699e+00,4.651644e+00,4.721035e+00,4.418373e+00,4.674300e+00,4.795123e+00,4.611850e+00,4.728273e+00,4.937255e+00,4.766603e+00,4.521323e+00,4.745524e+00,4.294260e+00,4.770662e+00,4.709645e+00,4.531827e+00,4.561955e+00,4.733344e+00,4.767895e+00,4.704182e+00,4.570899e+00,4.663002e+00,4.651765e+00,4.602563e+00,4.730367e+00,4.636158e+00,4.798612e+00,4.690641e+00,4.756508e+00,4.844779e+00,5.006976e+00,4.864015e+00,4.717810e+00,4.933069e+00,4.832012e+00,4.899753e+00,4.729823e+00,4.839934e+00,4.709082e+00,4.796071e+00,4.763674e+00,4.873938e+00,4.779517e+00,4.850658e+00,4.593355e+00,4.408416e+00,4.762736e+00,4.647874e+00,4.585229e+00,4.814360e+00,4.792587e+00,4.646162e+00,4.956015e+00,4.987844e+00,4.780425e+00,4.657618e+00,4.505861e+00,4.883860e+00,4.711014e+00,4.578569e+00,4.667817e+00,4.926744e+00,4.695382e+00,4.905724e+00,4.777243e+00,4.291128e+00,4.613249e+00,4.491767e+00,4.805138e+00,4.741922e+00,4.536342e+00,4.751271e+00,4.751930e+00,4.588608e+00,4.890511e+00,4.679950e+00,4.889423e+00,4.479135e+00,4.897900e+00,4.864903e+00,4.701888e+00,4.663665e+00,4.933581e+00,4.581119e+00,4.233567e+00,4.847631e+00,4.736338e+00,4.805738e+00,4.457750e+00,4.843094e+00,4.769937e+00,4.620282e+00,5.000062e+00,4.770341e+00,4.787049e+00,4.753912e+00,4.398912e+00,4.895079e+00,4.762439e+00,4.771746e+00,4.806600e+00,4.740781e+00,4.590735e+00,5.030931e+00,4.714020e+00,4.778740e+00,4.858589e+00,4.386541e+00,4.599587e+00,4.850765e+00,4.795280e+00,4.523551e+00,4.786600e+00,4.745925e+00,4.529486e+00,4.861230e+00,4.569574e+00,4.727420e+00,4.573798e+00,4.534630e+00,4.871277e+00,4.526598e+00,4.776295e+00,4.794883e+00,4.666265e+00,4.745350e+00,4.735559e+00,4.901137e+00,4.762834e+00,4.823584e+00,4.722264e+00,4.720327e+00,4.876039e+00,4.774895e+00,4.736221e+00,4.727135e+00,4.845218e+00,4.955120e+00,4.884355e+00,4.853779e+00,4.590632e+00,4.911816e+00,5.011224e+00,4.739381e+00,4.633111e+00,4.839504e+00,4.743821e+00,4.669006e+00,4.932963e+00,4.759685e+00,4.700920e+00,4.769496e+00,4.728627e+00,4.918135e+00,4.833223e+00,4.935439e+00,4.844156e+00,4.763197e+00,4.922907e+00,4.742293e+00,4.562253e+00,4.717762e+00,4.873444e+00,4.771587e+00,4.523790e+00,4.619891e+00,4.921513e+00,4.887317e+00,4.646476e+00,4.821876e+00,4.553268e+00,4.828268e+00,4.917697e+00,4.784657e+00,4.733838e+00,4.729711e+00,4.451800e+00,4.810534e+00,4.705160e+00,4.630080e+00,4.796632e+00,4.604208e+00,4.811738e+00,4.824400e+00,4.534193e+00,4.994021e+00,4.794832e+00,4.631942e+00,4.690848e+00,4.835934e+00,4.688441e+00,4.807101e+00,4.889796e+00,4.612649e+00,4.675853e+00,4.624903e+00,4.734335e+00,4.878579e+00,4.809151e+00,4.739882e+00,4.809459e+00,4.599702e+00,4.613216e+00
4.489112e+00,4.548846e+00,4.828234e+00,4.742789e+00,4.686330e+00,4.947027e+00,4.852429e+00,4.738951e+00,4.782648e+00,4.592635e+00,4.535446e+00,4.651477e+00,4.876957e+00,4.631272e+00,4.905630e+00,4.774419e+00,4.730668e+00,4.783984e+00,4.598407e+00,4.344611e+00,4.869858e+00,4.840318e+00,4.684760e+00,4.651097e+00,4.892259e+00,4.746966e+00,4.883021e+00,4.721709e+00,4.718064e+00,4.606674e+00,4.860308e+00,4.614075e+00,4.761611e+00,4.831367e+00,4.700854e+00,4.523659e+00,4.711112e+00,4.739506e+00,4.867769e+00,4.670455e+00,4.598644e+00,5.081159e+00,4.795007e+00,4.759658e+00,4.766786e+00,4.931813e+00,4.681740e+00,4.947498e+00,4.749258e+00,4.836071e+00,4.746037e+00,4.863258e+00,4.793845e+00,4.767541e+00,4.612728e+00,4.564473e+00,4.867134e+00,4.842707e+00,4.782424e+00,4.843069e+00,4.689891e+00,4.799706e+00,4.710955e+00,4.693076e+00,4.771568e+00,4.761489e+00,4.604423e+00,4.791157e+00,4.874243e+00,4.660051e+00,4.800227e+00,4.878759e+00,4.774100e+00,4.755882e+00,4.663708e+00,4.819719e+00,4.775883e+00,4.826282e+00,4.619212e+00,4.798796e+00,4.847369e+00,4.754219e+00,4.724435e+00,4.738626e+00,4.637579e+00,4.772058e+00,4.644181e+00,4.787489e+00,4.349194e+00,4.803575e+00,4.696505e+00,4.425002e+00,4.668914e+00,4.653080e+00,4.402685e+00,4.903977e+00,4.554464e+00,4.667621e+00,4.882333e+00,4.440328e+00,4.495864e+00,4.725470e+00,4.784447e+00,4.766431e+00,4.458780e+00,4.785233e+00,4.748966e+00,4.943261e+00,4.579945e+00,4.602884e+00,4.699258e+00,4.849647e+00,4.560664e+00,4.825957e+00,4.604107e+00,4.492514e+00,4.703390e+00,4.787834e+00,4.749450e+00,4.751309e+00,4.928094e+00,4.719607e+00,4.792427e+00,4.809251e+00,4.691061e+00,4.771027e+00,4.703233e+00,4.625914e+00,4.773230e+00,4.803033e+00,4.881132e+00,4.772436e+00,4.474045e+00,4.786848e+00,4.779317e+00,4.635480e+00,4.895678e+00,4.790393e+00,4.855452e+00,4.731073e+00,4.760974e+00,4.785931e+00,4.627627e+00,4.813156e+00,4.934702e+00,4.529661e+00,4.698091e+00,4.374221e+00,4.800899e+00,4.886861e+00,4.752716e+00,4.731034e+00,4.914009e+00,4.700230e+00,4.761375e+00,4.830599e+00,4.747839e+00,4.595900e+00,4.755664e+00,4.880506e+00,4.674259e+00,4.633003e+00,4.895098e+00,4.667762e+00,4.604255e+00,4.651975e+00,4.714449e+00,4.545728e+00,4.604821e+00,4.657873e+00,4.582456e+00,4.611682e+00,4.746292e+00,4.805957e+00,4.499313e+00,4.646898e+00,4.694997e+00,4.822539e+00,4.889869e+00,4.642141e+00,4.805127e+00,4.643273e+00,4.670888e+00,4.310477e+00,4.889438e+00,4.778773e+00,4.826931e+00,4.629390e+00,4.740933e+00,4.774893e+00,4.763589e+00,4.718649e+00,4.524457e+00,4.927839e+00,4.725487e+00,4.289170e+00,5.055515e+00,4.836724e+00,4.633964e+00,4.894697e+00,4.619388e+00,4.685805e+00,4.619764e+00,4.494039e+00,4.803268e+00,4.719620e+00,4.768798e+00,4.634372e+00,4.226904e+00,4.498812e+00,4.829778e+00,4.704588e+00,4.714093e+00,4.855290e+00,4.730126e+00,4.604122e+00,4.688080e+00,4.955368e+00,4.618439e+00,4.531215e+00,4.613044e+00,4.793569e+00,4.835216e+00,4.761993e+00,4.817751e+00,4.775493e+00,4.283807e+00,4.878591e+00
4.519121e+00,4.785214e+00,4.803069e+00,4.691298e+00,4.662721e+00,4.563820e+00,4.823509e+00,4.744591e+00,4.700971e+00,4.683429e+00,4.840126e+00,4.885071e+00,4.568488e+00,4.816615e+00,4.824617e+00,4.532761e+00,4.808374e+00,4.441166e+00,4.529430e+00,4.801976e+00,4.815750e+00,4.525404e+00,4.769086e+00,4.544386e+00,4.390419e+00,4.792371e+00,4.694365e+00,4.794076e+00,4.562244e+00,4.914907e+00,4.918936e+00,4.773043e+00,4.773567e+00,4.697163e+00,4.651245e+00,4.421567e+00,4.736758e+00,4.732225e+00,4.604261e+00,4.611003e+00,4.825394e+00,4.797557e+00,4.335040e+00,4.703175e+00,4.714262e+00,4.762060e+00,4.689892e+00,4.532508e+00,4.839005e+00,4.755952e+00,4.558729e+00,5.002346e+00,4.765945e+00,4.819145e+00,4.729854e+00,4.790173e+00,4.689490e+00,4.742460e+00,4.665373e+00,4.930049e+00,4.910692e+00,4.463104e+00,4.844713e+00,4.855303e+00,4.715367e+00,4.808162e+00,4.557143e+00,4.725086e+00,4.503127e+00,4.667120e+00,5.000169e+00,4.811137e+00,4.879636e+00,4.937276e+00,4.728217e+00,4.879853e+00,4.834309e+00,4.827806e+00,4.653712e+00,4.898100e+00,4.730982e+00,4.662862e+00,4.776616e+00,4.564039e+00,4.979936e+00,4.767565e+00,4.858028e+00,4.494724e+00,4.718330e+00,4.843055e+00,4.811173e+00,4.848836e+00,4.813212e+00,4.551419e+00,4.818239e+00,4.831595e+00,4.851690e+00,4.820044e+00,4.614890e+00,4.650426e+00,4.779693e+00,4.330654e+00,4.765549e+00,4.821913e+00,4.919345e+00,4.672925e+00,4.718624e+00,4.621389e+00,4.655929e+00,4.620670e+00,4.717206e+00,4.764345e+00,4.706143e+00,4.582390e+00,3.937890e+00,4.751396e+00,4.595271e+00,4.485192e+00,4.692388e+00,4.830133e+00,4.408001e+00,4.617129e+00,4.743021e+00,4.684794e+00,4.554503e+00,4.734073e+00,4.755313e+00,4.908385e+00,4.702982e+00,4.698173e+00,4.630959e+00,4.738235e+00,4.720327e+00,4.776116e+00,4.901080e+00,4.621223e+00,4.509693e+00,4.881625e+00,4.548252e+00,4.725881e+00,4.509311e+00,4.716024e+00,4.822834e+00,4.829787e+00,4.835783e+00,4.772482e+00,4.858984e+00,4.718075e+00,4.824762e+00,4.743578e+00,4.456763e+00,4.669367e+00,4.762025e+00,4.847629e+00,4.872058e+00,4.442018e+00,4.838971e+00,4.868739e+00,4.842233e+00,4.660904e+00,4.760951e+00,4.580609e+00,4.529887e+00,4.537578e+00,4.780569e+00,4.687996e+00,4.714496e+00,4.930415e+00,4.776811e+00,4.678159e+00,4.655058e+00,4.541068e+00,4.657644e+00,4.732488e+00,4.841246e+00,4.841831e+00,4.658065e+00,4.761596e+00,4.751401e+00,4.736081e+00,4.822539e+00,4.727011e+00,4.805995e+00,4.690087e+00,4.715039e+00,4.680168e+00,4.810456e+00,4.663859e+00,4.847799e+00,4.742170e+00,4.460544e+00,4.607692e+00,4.828301e+00,4.876117e+00,4.528455e+00,4.648007e+00,4.593177e+00,4.732662e+00,4.673461e+00,4.638191e+00,4.532074e+00,4.633691e+00,4.773170e+00,4.561190e+00,4.671617e+00,4.087692e+00,4.598870e+00,4.531896e+00,4.548839e+00,4.933360e+00,4.594006e+00,4.413707e+00,4.793958e+00,4.773237e+00,4.675070e+00,4.728637e+00,4.823738e+00,4.574802e+00,4.782025e+00,4.853422e+00,4.829049e+00,4.663838e+00,4.733653e+00,4.847042e+00,4.794913e+00,4.795197e+00,4.851734e+00,4.718321e+00
4.908590e+00,4.583218e+00,4.563470e+00,4.884121e+00,4.423236e+00,4.610628e+00,4.738913e+00,4.870934e+00,4.438383e+00,4.941639e+00,4.793171e+00,4.863230e+00,4.555668e+00,5.030560e+00,4.833876e+00,4.697062e+00,4.820262e+00,4.777383e+00,4.742028e+00,4.856187e+00,4.668058e+00,4.660193e+00,4.695851e+00,4.768292e+00,4.686759e+00,4.849745e+00,4.690967e+00,4.629096e+00,4.620503e+00,4.611780e+00,4.702977e+00,4.754880e+00,4.613089e+00,4.603683e+00,4.718948e+00,4.716325e+00,4.831215e+00,4.559768e+00,4.701921e+00,4.557769e+00,4.917944e+00,4.780070e+00,4.673374e+00,4.261343e+00,4.844741e+00,4.968475e+00,4.622045e+00,4.631415e+00,4.724561e+00,4.654516e+00,4.951967e+00,4.535043e+00,4.717295e+00,4.771257e+00,4.571947e+00,4.842518e+00,4.811107e+00,4.739305e+00,4.422528e+00,4.834519e+00,4.735709e+00,4.500507e+00,4.832216e+00,4.730726e+00,4.828947e+00,4.581060e+00,4.897224e+00,4.645653e+00,4.894707e+00,4.682929e+00,4.747517e+00,4.809487e+00,4.669191e+00,4.721202e+00,4.752945e+00,4.706341e+00,4.797499e+00,4.713129e+00,4.619024e+00,4.680099e+00,4.791241e+00,4.692940e+00,4.838546e+00,4.636359e+00,4.790693e+00,4.370828e+00,4.729720e+00,4.621657e+00,4.754497e+00,4.685941e+00,4.681386e+00,4.540491e+00,4.634925e+00,4.463937e+00,4.462623e+00,4.849539e+00,4.780115e+00,4.751449e+00,4.785271e+00,4.925567e+00,4.664747e+00,4.668812e+00,4.904254e+00,4.466669e+00,4.820636e+00,4.732585e+00,4.693465e+00,4.706056e+00,4.538798e+00,4.834438e+00,4.931393e+00,4.529147e+00,4.689852e+00,4.773764e+00,4.698545e+00,4.605012e+00,4.827247e+00,4.909664e+00,4.659034e+00,4.559337e+00,4.855048e+00,4.864210e+00,4.795246e+00,4.821544e+00,4.788237e+00,4.597575e+00,4.756475e+00,4.784823e+00,4.921012e+00,4.500229e+00,4.744470e+00,4.751749e+00,4.679820e+00,4.846575e+00,4.891373e+00,4.605173e+00,4.580209e+00,4.761518e+00,4.782061e+00,4.755796e+00,4.743581e+00,5.011065e+00,4.644048e+00,4.654081e+00,4.322579e+00,4.533922e+00,5.055455e+00,4.834561e+00,4.663628e+00,4.691020e+00,4.790856e+00,4.776076e+00,4.454886e+00,4.637005e+00,4.839330e+00,4.813171e+00,4.513920e+00,4.758802e+00,4.848733e+00,4.521864e+00,4.873274e+00,4.782192e+00,4.649668e+00,4.658059e+00,4.962824e+00,4.793399e+00,4.817095e+00,4.556582e+00,5.024926e+00,4.806938e+00,4.836296e+00,4.524165e+00,4.591377e+00,4.776572e+00,4.646168e+00,4.684373e+00,4.933730e+00,4.733297e+00,4.743479e+00,4.608939e+00,4.863590e+00,4.869372e+00,4.428690e+00,4.816703e+00,4.873709e+00,4.768349e+00,4.669513e+00,4.758941e+00,4.212717e+00,4.920201e+00,4.725726e+00,4.224108e+00,4.851282e+00,4.635585e+00,4.882476e+00,4.594170e+00,4.685968e+00,4.724498e+00,4.370248e+00,4.665645e+00,4.807067e+00,4.904415e+00,4.484443e+00,4.605572e+00,4.856962e+00,4.773558e+00,4.639912e+00,4.751069e+00,4.831288e+00,4.679386e+00,4.331367e+00,4.886254e+00,4.948801e+00,4.787927e+00,4.616374e+00,4.603047e+00,4.666255e+00,4.779171e+00,4.587570e+00,4.582707e+00,4.515759e+00,4.625457e+00,4.922284e+00,4.775319e+00,4.612521e+00,4.681823e+00,4.948657e+00,4.823534e+00
4.621040e+00,4.735247e+00,4.767380e+00,4.799234e+00,4.552678e+00,4.731715e+00,4.976266e+00,4.633661e+00,4.719043e+00,4.833485e+00,4.916886e+00,4.890662e+00,4.779766e+00,4.734928e+00,4.735830e+00,4.719456e+00,4.875103e+00,4.759932e+00,4.745725e+00,4.726569e+00,4.810116e+00,4.851722e+00,4.695628e+00,4.727832e+00,4.813649e+00,4.826282e+00,4.713604e+00,4.673945e+00,4.712651e+00,4.833812e+00,4.876173e+00,4.709570e+00,4.831386e+00,4.925458e+00,4.628282e+00,4.795223e+00,4.743382e+00,4.736569e+00,4.773914e+00,4.946438e+00,4.753097e+00,4.674498e+00,4.722836e+00,4.654817e+00,4.761267e+00,4.696066e+00,4.851117e+00,4.904050e+00,4.750488e+00,4.860689e+00,4.626963e+00,4.656633e+00,4.956494e+00,4.632593e+00,4.755592e+00,4.477929e+00,4.870149e+00,4.888510e+00,4.604967e+00,4.618685e+00,4.811836e+00,4.692203e+00,4.840493e+00,4.771898e+00,4.728085e+00,4.874721e+00,4.674435e+00,4.824158e+00,4.557286e+00,4.652471e+00,4.866314e+00,4.614337e+00,4.360611e+00,4.800397e+00,4.689142e+00,4.736978e+00,4.805298e+00,4.702101e+00,4.553145e+00,4.689173e+00,4.966459e+00,4.567006e+00,4.681527e+00,4.713676e+00,4.719752e+00,4.741940e+00,4.886556e+00,4.792222e+00,4.693534e+00,4.659707e+00,4.857451e+00,4.806082e+00,4.684731e+00,4.655125e+00,4.844211e+00,4.941604e+00,4.860093e+00,4.928360e+00,4.697099e+00,4.588479e+00,4.786663e+00,4.610054e+00,4.761874e+00,4.550093e+00,4.696125e+00,4.663427e+00,4.595599e+00,4.614860e+00,4.616993e+00,4.881028e+00,4.692473e+00,4.810544e+00,4.743315e+00,4.970770e+00,4.597997e+00,4.710009e+00,4.305355e+00,4.739283e+00,4.912748e+00,4.563159e+00,4.830193e+00,4.714718e+00,4.904219e+00,4.835951e+00,4.632711e+00,4.894811e+00,4.756923e+00,4.847486e+00,4.640245e+00,4.885403e+00,4.625490e+00,4.791032e+00,4.605566e+00,4.864988e+00,4.762424e+00,4.681690e+00,4.819278e+00,4.696969e+00,4.841328e+00,4.833480e+00,4.742773e+00,4.517674e+00,4.670885e+00,4.673245e+00,4.808453e+00,4.420413e+00,4.636939e+00,4.677433e+00,4.762324e+00,4.481707e+00,4.797501e+00,4.619338e+00,4.815092e+00,4.836257e+00,4.572344e+00,4.644198e+00,4.686697e+00,4.963041e+00,4.687606e+00,4.644263e+00,4.816186e+00,4.717934e+00,4.840303e+00,4.717364e+00,4.741495e+00,4.717310e+00,4.790391e+00,4.665666e+00,4.778631e+00,4.592281e+00,4.954098e+00,4.612198e+00,4.851954e+00,4.554227e+00,4.892259e+00,4.763539e+00,4.657270e+00,4.684093e+00,4.753598e+00,4.845973e+00,4.833518e+00,4.746168e+00,4.916534e+00,4.732615e+00,4.823511e+00,4.657667e+00,4.797283e+00,4.634953e+00,4.790669e+00,4.597087e+00,4.836276e+00,4.678065e+00,4.880774e+00,4.608216e+00,4.779490e+00,4.778597e+00,4.637319e+00,4.848030e+00,4.639936e+00,4.714757e+00,4.838672e+00,4.977114e+00,4.558431e+00,4.534381e+00,4.694718e+00,4.844485e+00,4.728155e+00,4.789003e+00,4.848277e+00,4.705497e+00,4.801663e+00,4.720697e+00,4.788452e+00,4.778892e+00,4.782372e+00,4.841277e+00,4.586153e+00,4.611363e+00,4.833444e+00,4.432897e+00,4.617559e+00,4.542857e+00,4.810591e+00,4.815348e+00,4.816970e+00,4.714748e+00,4.679042e+00,4.783057e+00
4.805462e+00,4.785721e+00,4.780757e+00,4.579084e+00,4.692960e+00,4.843180e+00,4.682585e+00,4.854052e+00,4.866225e+00,4.749315e+00,4.952800e+00,4.924731e+00,4.621544e+00,4.769507e+00,4.742100e+00,4.629287e+00,4.575846e+00,4.679568e+00,4.808734e+00,4.831506e+00,4.911333e+00,4.620398e+00,4.690566e+00,4.723536e+00,4.881075e+00,4.870366e+00,4.872054e+00,4.529984e+00,4.741239e+00,4.402794e+00,4.848653e+00,4.844859e+00,4.705573e+00,4.745588e+00,4.783397e+00,4.406153e+00,4.753253e+00,4.853127e+00,4.348287e+00,4.744410e+00,4.630909e+00,4.777894e+00,4.771106e+00,4.545437e+00,4.835320e+00,4.480277e+00,4.688504e+00,4.766898e+00,4.775024e+00,4.637159e+00,4.548964e+00,4.687697e+00,4.799424e+00,4.799568e+00,4.710477e+00,4.747735e+00,4.778398e+00,4.603410e+00,5.011002e+00,4.524253e+00,4.559031e+00,4.746305e+00,4.712479e+00,4.657727e+00,4.725201e+00,4.828870e+00,4.546879e+00,4.705018e+00,4.676976e+00,4.584160e+00,4.730593e+00,4.708288e+00,4.678826e+00,4.875583e+00,4.883106e+00,4.656456e+00,4.750008e+00,4.716421e+00,4.919588e+00,4.709241e+00,4.605888e+00,4.922895e+00,4.613429e+00,4.765650e+00,4.671114e+00,4.638967e+00,4.649191e+00,4.840606e+00,4.614414e+00,4.989973e+00,4.754359e+00,4.725075e+00,4.826223e+00,4.752922e+00,4.776700e+00,4.747197e+00,4.831584e+00,4.509941e+00,4.608033e+00,4.784427e+00,4.779874e+00,4.697198e+00,4.769625e+00,4.667149e+00,4.772761e+00,4.809013e+00,4.868284e+00,4.752829e+00,4.884475e+00,4.703324e+00,4.905898e+00,4.637960e+00,4.851243e+00,4.761078e+00,4.833015e+00,4.765237e+00,4.932843e+00,4.537554e+00,4.807717e+00,4.715549e+00,4.800223e+00,4.660930e+00,4.836711e+00,4.587229e+00,4.854329e+00,4.742248e+00,4.880960e+00,4.475120e+00,4.849613e+00,4.783837e+00,4.929247e+00,4.601005e+00,4.589026e+00,4.963003e+00,4.708601e+00,4.666342e+00,4.760863e+00,4.640876e+00,4.803515e+00,4.824423e+00,4.532950e+00,4.620374e+00,4.932094e+00,4.708917e+00,4.471307e+00,4.768720e+00,4.781882e+00,4.528870e+00,4.572643e+00,4.832264e+00,4.871154e+00,4.926931e+00,4.791387e+00,4.733561e+00,4.463968e+00,4.676546e+00,4.819504e+00,4.799372e+00,4.836421e+00,4.694237e+00,4.811587e+00,4.814758e+00,4.798855e+00,4.783399e+00,4.828080e+00,4.692154e+00,4.622735e+00,4.862845e+00,4.727806e+00,4.742904e+00,4.690238e+00,4.732239e+00,4.832010e+00,4.725938e+00,4.534772e+00,4.871059e+00,4.797439e+00,4.893388e+00,4.603366e+00,4.722882e+00,4.546080e+00,5.010325e+00,4.908301e+00,4.734311e+00,4.513573e+00,4.784364e+00,4.786522e+00,5.017335e+00,4.764789e+00,4.765153e+00,4.709612e+00,4.600760e+00,4.582746e+00,4.643304e+00,4.902723e+00,4.616658e+00,4.711414e+00,4.956715e+00,4.476103e+00,4.704647e+00,4.896515e+00,4.603701e+00,4.929481e+00,4.876375e+00,4.750842e+00,4.709589e+00,4.562845e+00,4.849480e+00,4.907287e+00,4.759770e+00,4.641422e+00,4.910523e+00,4.771981e+00,4.653492e+00,4.941450e+00,4.882885e+00,4.536935e+00,4.229603e+00,4.771613e+00,4.852270e+00,4.877350e+00,4.592842e+00,4.700947e+00,4.719185e+00,4.832749e+00,4.729448e+00,4.835154e+00,4.512227e+00
