1.537427e+00,1.426224e+00,1.451151e+00,1.475708e+00,1.560656e+00,1.737566e+00,1.512006e+00,1.416413e+00,1.497546e+00,1.458461e+00,1.496125e+00,1.641060e+00,1.630756e+00,1.388159e+00,1.574351e+00,1.435163e+00,1.644830e+00,1.527543e+00,1.508496e+00,1.537509e+00,1.466649e+00,1.652079e+00,1.498082e+00,1.528096e+00,1.646207e+00,1.532201e+00,1.492421e+00,1.380085e+00,1.446710e+00,1.519007e+00,1.669077e+00,1.360444e+00,1.538235e+00,1.357242e+00,1.427644e+00,1.629634e+00,1.439675e+00,1.571883e+00,1.466111e+00,1.463001e+00,1.573237e+00,1.465760e+00,1.450652e+00,1.305973e+00,1.490582e+00,1.436439e+00,1.333785e+00,1.432943e+00,1.672372e+00,1.448334e+00,1.671769e+00,1.411834e+00,1.500492e+00,1.491269e+00,1.526285e+00,1.533235e+00,1.607715e+00,1.467302e+00,1.525233e+00,1.597142e+00,1.447097e+00,1.441197e+00,1.546524e+00,1.442067e+00,1.513625e+00,1.526627e+00,1.546110e+00,1.378405e+00,1.584638e+00,1.517168e+00,1.629585e+00,1.477113e+00,1.463921e+00,1.518731e+00,1.452683e+00,1.615112e+00,1.576954e+00,1.566559e+00,1.653010e+00,1.402225e+00,1.344781e+00,1.504444e+00,1.598320e+00,1.561323e+00,1.543407e+00,1.473672e+00,1.475802e+00,1.317780e+00,1.597313e+00,1.346319e+00,1.500003e+00,1.792002e+00,1.714357e+00,1.530897e+00,1.412671e+00,1.466459e+00,1.564677e+00,1.417371e+00,1.732790e+00,1.511148e+00,1.400592e+00,1.524577e+00,1.538074e+00,1.615179e+00,1.298231e+00,1.664457e+00,1.564765e+00,1.352856e+00,1.599488e+00,1.357917e+00,1.503869e+00,1.507288e+00,1.599551e+00,1.409692e+00,1.480827e+00,1.435008e+00,1.448844e+00,1.561923e+00,1.514607e+00,1.628177e+00,1.418925e+00,1.524753e+00,1.616559e+00,1.556732e+00,1.270039e+00,2.690342e+00,1.284866e+00,1.780604e+00,1.468564e+00,1.358179e+00,1.451639e+00,1.362450e+00,1.379780e+00,1.598036e+00,1.414978e+00,1.583775e+00,1.375243e+00,1.561725e+00,1.527721e+00,1.502232e+00,1.443629e+00,1.345880e+00,1.502241e+00,1.311811e+00,1.344815e+00,1.593725e+00,1.531743e+00,1.601471e+00,1.591087e+00,1.515747e+00,1.539085e+00,1.275298e+00,1.569222e+00,1.686645e+00,1.437810e+00,1.582342e+00,1.451517e+00,1.682558e+00,1.673052e+00,1.330554e+00,1.510208e+00,1.684687e+00,1.372050e+00,1.464589e+00,1.349512e+00,1.599455e+00,1.471803e+00,1.585614e+00,1.486522e+00,1.519405e+00,1.507642e+00,1.534451e+00,1.476874e+00,1.531136e+00,1.283877e+00,1.667154e+00,1.381627e+00,1.520612e+00,1.452741e+00,1.418031e+00,1.532395e+00,1.522268e+00,1.506594e+00,1.570843e+00,1.565508e+00,1.405773e+00,1.424759e+00,1.498506e+00,1.883909e+00,1.348290e+00,1.448657e+00,1.526346e+00,1.353766e+00,1.463233e+00,1.569172e+00,1.372022e+00,1.461335e+00,1.660926e+00,1.794271e+00,1.477586e+00,1.479659e+00,1.556229e+00,1.282899e+00,1.379057e+00,1.540917e+00,1.401737e+00,1.460456e+00,1.481059e+00,1.253134e+00,1.525518e+00,1.370314e+00,1.446110e+00,1.409485e+00,1.524878e+00,1.382058e+00
1.435765e+00,1.598862e+00,1.525125e+00,1.401571e+00,1.578673e+00,1.519283e+00,1.532949e+00,1.524455e+00,1.567498e+00,1.473032e+00,1.360970e+00,1.400638e+00,1.586384e+00,1.457076e+00,1.523500e+00,1.366754e+00,1.637028e+00,1.438632e+00,1.469191e+00,1.541959e+00,1.479599e+00,1.344597e+00,1.282998e+00,1.569769e+00,1.315811e+00,1.384696e+00,1.537193e+00,1.743753e+00,1.453096e+00,1.528516e+00,1.580000e+00,1.423486e+00,1.322039e+00,1.424469e+00,1.344631e+00,1.423933e+00,1.464959e+00,1.520927e+00,1.340137e+00,1.495192e+00,1.571075e+00,1.586025e+00,1.391880e+00,1.343924e+00,1.438652e+00,1.411165e+00,1.517284e+00,1.396279e+00,1.613411e+00,1.560345e+00,1.466416e+00,1.421672e+00,1.378048e+00,1.515601e+00,1.462973e+00,1.486903e+00,1.351495e+00,1.407387e+00,1.425598e+00,1.426059e+00,1.416193e+00,1.263930e+00,1.692260e+00,1.474776e+00,1.549904e+00,1.450707e+00,1.435918e+00,1.429222e+00,1.592847e+00,1.429106e+00,1.522056e+00,1.403755e+00,1.386405e+00,1.465418e+00,1.555519e+00,1.445585e+00,1.516133e+00,1.555267e+00,1.359069e+00,1.493467e+00,1.545773e+00,1.491968e+00,1.545805e+00,2.934570e+00,1.563608e+00,2.094038e+00,1.607278e+00,1.283130e+00,2.065466e+00,1.444434e+00,1.469046e+00,1.492447e+00,1.477629e+00,1.484346e+00,1.548032e+00,1.739187e+00,1.417357e+00,1.708118e+00,1.486724e+00,1.406458e+00,1.648238e+00,1.469401e+00,1.747201e+00,1.457737e+00,1.408408e+00,1.510814e+00,1.515612e+00,1.569623e+00,1.438141e+00,1.513010e+00,1.662727e+00,1.343765e+00,1.636553e+00,1.468712e+00,1.317796e+00,1.585760e+00,1.389537e+00,1.434083e+00,1.761302e+00,1.456119e+00,1.438994e+00,1.407148e+00,1.354580e+00,1.617889e+00,1.366107e+00,1.347282e+00,1.513248e+00,1.572488e+00,1.734725e+00,1.536621e+00,1.313700e+00,1.334943e+00,1.624501e+00,1.523877e+00,1.498573e+00,1.334780e+00,1.303432e+00,1.514759e+00,1.445149e+00,1.295805e+00,3.611979e+00,1.717143e+00,1.539038e+00,1.460278e+00,1.615438e+00,1.630396e+00,1.506565e+00,1.703131e+00,1.502085e+00,1.339222e+00,1.421056e+00,1.369211e+00,1.393735e+00,1.413274e+00,1.443718e+00,1.539924e+00,1.407503e+00,1.798042e+00,1.505441e+00,1.393765e+00,1.434334e+00,1.572703e+00,1.424127e+00,1.502482e+00,1.571232e+00,1.638086e+00,1.557415e+00,1.573734e+00,1.419410e+00,1.659610e+00,1.435463e+00,1.440535e+00,1.438958e+00,1.461457e+00,1.459317e+00,1.444505e+00,1.446270e+00,1.568812e+00,1.450566e+00,1.464556e+00,1.267361e+00,1.454256e+00,1.357452e+00,1.312117e+00,1.486849e+00,1.603695e+00,1.476237e+00,1.486029e+00,1.374448e+00,1.426317e+00,1.445387e+00,1.555768e+00,1.488984e+00,1.313549e+00,1.367636e+00,1.570181e+00,1.444686e+00,1.424047e+00,1.567540e+00,1.564892e+00,1.425274e+00,1.474658e+00,1.566800e+00,1.453922e+00,1.479975e+00,1.664360e+00,1.442396e+00,1.702673e+00,1.411305e+00,1.398701e+00,1.673440e+00,1.613925e+00,1.442394e+00,1.529020e+00,1.462015e+00
1.613297e+00,1.522472e+00,1.627332e+00,1.462527e+00,1.532923e+00,1.628148e+00,1.327301e+00,1.599097e+00,1.302102e+00,1.346866e+00,1.475260e+00,1.588596e+00,1.389102e+00,1.513037e+00,1.868453e+00,1.388410e+00,1.525588e+00,1.484927e+00,1.532339e+00,1.544410e+00,1.433705e+00,1.439848e+00,1.430935e+00,1.499130e+00,1.603027e+00,1.392878e+00,1.408481e+00,1.423116e+00,1.414758e+00,1.457089e+00,1.527399e+00,1.406074e+00,1.422733e+00,1.567564e+00,1.520059e+00,1.372536e+00,1.642313e+00,1.445697e+00,1.390235e+00,1.629442e+00,1.610875e+00,1.600886e+00,1.634462e+00,1.394290e+00,1.575482e+00,1.353234e+00,1.421742e+00,1.644660e+00,1.499375e+00,1.448610e+00,1.495554e+00,1.484445e+00,1.509483e+00,1.617470e+00,1.524010e+00,1.498488e+00,1.486979e+00,1.434039e+00,1.477706e+00,1.488105e+00,1.454846e+00,1.386872e+00,1.423275e+00,1.594116e+00,1.508306e+00,1.585047e+00,1.574003e+00,1.495208e+00,1.616731e+00,1.477906e+00,1.404579e+00,1.483388e+00,1.338331e+00,1.559157e+00,1.495171e+00,1.527920e+00,1.346031e+00,1.476349e+00,1.504564e+00,1.422184e+00,1.571156e+00,1.514978e+00,1.460107e+00,1.655980e+00,1.458620e+00,1.465704e+00,1.437557e+00,1.725408e+00,1.410864e+00,1.552539e+00,1.400079e+00,1.624687e+00,1.483646e+00,1.416659e+00,1.605814e+00,1.664960e+00,1.415982e+00,1.578438e+00,1.378288e+00,1.484842e+00,1.644299e+00,1.283904e+00,1.651877e+00,1.482371e+00,1.507851e+00,1.529539e+00,1.512467e+00,1.485845e+00,1.373664e+00,1.330415e+00,1.599339e+00,1.456173e+00,1.470586e+00,1.537558e+00,1.638746e+00,1.443070e+00,1.419806e+00,1.489004e+00,1.457820e+00,1.521381e+00,1.559160e+00,1.627088e+00,1.381085e+00,1.505266e+00,1.528083e+00,1.534487e+00,1.523229e+00,1.577371e+00,1.548086e+00,1.275599e+00,1.474488e+00,1.390595e+00,1.371885e+00,1.627298e+00,1.725081e+00,1.634911e+00,1.420598e+00,1.482971e+00,1.486400e+00,1.546958e+00,1.257037e+00,1.270351e+00,1.519442e+00,1.455985e+00,1.414364e+00,1.562209e+00,1.400613e+00,1.561863e+00,1.595711e+00,1.402713e+00,1.386620e+00,1.446047e+00,1.521493e+00,1.449355e+00,1.592686e+00,1.466588e+00,1.531611e+00,1.486261e+00,1.489496e+00,1.547412e+00,1.249606e+00,1.546321e+00,1.382051e+00,1.679609e+00,1.335585e+00,1.422040e+00,1.325437e+00,1.440248e+00,1.364674e+00,1.389738e+00,1.408842e+00,1.424992e+00,1.375885e+00,1.493211e+00,1.602924e+00,1.505915e+00,1.497189e+00,1.298242e+00,1.520591e+00,1.484949e+00,1.518687e+00,1.563779e+00,1.434735e+00,1.420096e+00,1.539905e+00,1.695980e+00,1.497166e+00,1.391745e+00,1.586679e+00,1.405398e+00,1.475698e+00,1.442487e+00,1.444816e+00,1.283170e+00,1.551478e+00,1.426806e+00,1.522890e+00,1.446118e+00,1.322867e+00,1.320456e+00,1.650534e+00,1.392261e+00,1.385485e+00,1.449542e+00,1.370851e+00,1.498054e+00,1.649264e+00,1.600611e+00,1.560954e+00,1.399498e+00,1.452118e+00,1.456437e+00,1.395999e+00,1.490276e+00,1.413419e+00
1.684472e+00,1.564060e+00,1.373819e+00,1.267182e+00,1.570122e+00,1.518167e+00,1.422391e+00,1.582630e+00,1.626022e+00,1.547462e+00,1.541053e+00,1.508398e+00,1.590693e+00,1.436800e+00,1.543579e+00,1.461761e+00,1.560305e+00,1.398079e+00,1.740564e+00,1.421209e+00,1.631811e+00,1.434888e+00,1.531337e+00,1.483992e+00,1.519005e+00,1.391587e+00,1.452298e+00,1.478058e+00,1.460391e+00,1.520208e+00,1.545985e+00,1.460039e+00,1.649175e+00,1.660514e+00,1.478048e+00,1.478656e+00,1.616336e+00,1.468964e+00,1.686245e+00,1.428810e+00,1.355774e+00,1.392403e+00,1.459592e+00,1.545306e+00,1.295352e+00,1.330002e+00,1.420946e+00,1.432812e+00,1.539064e+00,1.488707e+00,1.574551e+00,1.493049e+00,1.384102e+00,1.483548e+00,1.635121e+00,1.493788e+00,1.509190e+00,1.358039e+00,1.508848e+00,1.356572e+00,1.407819e+00,1.622252e+00,1.504359e+00,1.573546e+00,1.558392e+00,1.540874e+00,1.587068e+00,1.611792e+00,1.450142e+00,1.514130e+00,1.514134e+00,1.398804e+00,1.410843e+00,1.405078e+00,1.473016e+00,1.584348e+00,1.427112e+00,1.507816e+00,1.346290e+00,1.648723e+00,1.513626e+00,1.489447e+00,1.506249e+00,1.562404e+00,1.468531e+00,1.533371e+00,1.584965e+00,1.502326e+00,1.735762e+00,1.400161e+00,1.655858e+00,1.446522e+00,1.591255e+00,1.394201e+00,1.484702e+00,1.563628e+00,1.401911e+00,1.602828e+00,1.432490e+00,1.529586e+00,1.300255e+00,1.449178e+00,1.396369e+00,1.386018e+00,1.388172e+00,1.460132e+00,1.325322e+00,1.548720e+00,1.517104e+00,1.440042e+00,1.600435e+00,1.499523e+00,1.531013e+00,1.449066e+00,1.519964e+00,1.396183e+00,1.396465e+00,1.554916e+00,1.476889e+00,1.466547e+00,1.523519e+00,1.563287e+00,1.382390e+00,1.510794e+00,1.498038e+00,1.402785e+00,1.408203e+00,1.685060e+00,1.467838e+00,1.500642e+00,1.531145e+00,1.502662e+00,1.472796e+00,1.441512e+00,1.648944e+00,1.374902e+00,1.557220e+00,1.527385e+00,1.415943e+00,1.564061e+00,1.426121e+00,1.391895e+00,1.444210e+00,1.383031e+00,1.369738e+00,1.399662e+00,1.528376e+00,1.456908e+00,1.558881e+00,1.461556e+00,1.573171e+00,1.547195e+00,1.410772e+00,1.369943e+00,1.706609e+00,1.469017e+00,1.494381e+00,1.503666e+00,1.314055e+00,1.603480e+00,1.367131e+00,1.525892e+00,1.436326e+00,1.401586e+00,1.524086e+00,1.537940e+00,1.666950e+00,1.448239e+00,1.414697e+00,1.402211e+00,1.479284e+00,1.526146e+00,1.583301e+00,1.306574e+00,1.505481e+00,1.493042e+00,1.484876e+00,1.421321e+00,1.301002e+00,1.389900e+00,1.553581e+00,1.457888e+00,1.386744e+00,1.465745e+00,1.569930e+00,1.539959e+00,1.514402e+00,1.641920e+00,1.416754e+00,1.610029e+00,1.405182e+00,1.395913e+00,1.511270e+00,1.418343e+00,1.496124e+00,1.601778e+00,1.462428e+00,1.274791e+00,1.338726e+00,1.437587e+00,1.376567e+00,1.550497e+00,1.444177e+00,1.479035e+00,1.453145e+00,1.413636e+00,1.654525e+00,1.502491e+00,1.237592e+00,1.348812e+00,1.659267e+00,1.403146e+00,1.488489e+00,1.531995e+00,1.495843e+00
1.665640e+00,1.649921e+00,1.505205e+00,1.435483e+00,1.519662e+00,1.464784e+00,1.685694e+00,1.457955e+00,1.563257e+00,1.446077e+00,1.733420e+00,1.470624e+00,1.318592e+00,1.629982e+00,1.494050e+00,1.586935e+00,1.525342e+00,1.411332e+00,1.618097e+00,1.794937e+00,1.586500e+00,1.684526e+00,1.475115e+00,1.438917e+00,1.482745e+00,1.388904e+00,1.871628e+00,1.465305e+00,1.505822e+00,1.540853e+00,1.457558e+00,1.667193e+00,1.515411e+00,1.556948e+00,1.742393e+00,1.330320e+00,1.517053e+00,1.485026e+00,1.400913e+00,1.678224e+00,1.349934e+00,1.426262e+00,1.482535e+00,1.468522e+00,1.347275e+00,1.395738e+00,1.428008e+00,1.408797e+00,1.800593e+00,1.350738e+00,1.605213e+00,1.399997e+00,1.403525e+00,1.291312e+00,1.643602e+00,1.393904e+00,1.546298e+00,1.459133e+00,1.653455e+00,1.529778e+00,1.501548e+00,1.601797e+00,1.566369e+00,1.529036e+00,1.555205e+00,1.496732e+00,1.560015e+00,1.486580e+00,1.353936e+00,1.859245e+00,1.465351e+00,1.373883e+00,1.502888e+00,1.586233e+00,1.437537e+00,2.490700e+00,1.532959e+00,1.522917e+00,1.665249e+00,1.365569e+00,1.630470e+00,1.332796e+00,1.453124e+00,1.429860e+00,1.564129e+00,1.534173e+00,1.670335e+00,1.336869e+00,1.439887e+00,1.562488e+00,1.425124e+00,1.641645e+00,1.447525e+00,1.423229e+00,1.421464e+00,1.438418e+00,1.535641e+00,1.495766e+00,1.766922e+00,1.539245e+00,1.572254e+00,1.535322e+00,1.525481e+00,1.443562e+00,1.484591e+00,1.375346e+00,1.513081e+00,1.396365e+00,4.869178e+00,1.575686e+00,1.565566e+00,1.596862e+00,1.540339e+00,1.521960e+00,1.597433e+00,1.606508e+00,1.806199e+00,1.561066e+00,1.594663e+00,1.273576e+00,1.639570e+00,1.547720e+00,1.448035e+00,1.464901e+00,1.469175e+00,1.715452e+00,1.318987e+00,1.443790e+00,1.426730e+00,1.637784e+00,1.541767e+00,1.477735e+00,1.705359e+00,1.466170e+00,1.494189e+00,1.446844e+00,1.474580e+00,1.440242e+00,1.469446e+00,1.518923e+00,1.814426e+00,1.526292e+00,1.572698e+00,1.528935e+00,1.502843e+00,1.451062e+00,1.615978e+00,1.641545e+00,1.502253e+00,1.481123e+00,1.486239e+00,1.616469e+00,1.437841e+00,1.433684e+00,1.544758e+00,1.648620e+00,1.456919e+00,1.561688e+00,1.623340e+00,1.561030e+00,1.540002e+00,1.498329e+00,1.396211e+00,1.508291e+00,1.446560e+00,1.565119e+00,1.405579e+00,1.600624e+00,1.684123e+00,1.514554e+00,1.376344e+00,1.492361e+00,1.547192e+00,1.549723e+00,1.568167e+00,1.578592e+00,1.493284e+00,1.498641e+00,1.533098e+00,1.452997e+00,1.369074e+00,1.540651e+00,1.588324e+00,1.590250e+00,1.401088e+00,1.505137e+00,1.512491e+00,1.542347e+00,1.323654e+00,1.453614e+00,1.451514e+00,1.575788e+00,1.453391e+00,1.410597e+00,1.441565e+00,1.649320e+00,1.486979e+00,1.346172e+00,1.392353e+00,1.497292e+00,1.469096e+00,1.571970e+00,1.464600e+00,1.491820e+00,1.490125e+00,1.399384e+00,1.455461e+00,1.488058e+00,1.539655e+00,1.429018e+00,1.443925e+00,1.334744e+00,1.365731e+00,1.405302e+00,1.420967e+00
1.366119e+00,1.546224e+00,1.347726e+00,1.317772e+00,1.660242e+00,1.657188e+00,1.530231e+00,1.343407e+00,1.586895e+00,1.485098e+00,1.409845e+00,1.471431e+00,1.446011e+00,1.408855e+00,1.502721e+00,1.502120e+00,1.491006e+00,1.629721e+00,1.492581e+00,1.660214e+00,1.578273e+00,1.577698e+00,1.433711e+00,1.385175e+00,1.467100e+00,1.470594e+00,1.645716e+00,1.443559e+00,1.405168e+00,1.496273e+00,1.458150e+00,1.401542e+00,1.617721e+00,1.355910e+00,1.411917e+00,1.406625e+00,1.256689e+00,1.457799e+00,1.547035e+00,1.387494e+00,1.407360e+00,1.372776e+00,1.632571e+00,1.386041e+00,1.536301e+00,1.670241e+00,1.438894e+00,1.429505e+00,1.566216e+00,1.677322e+00,1.572572e+00,1.440533e+00,1.480915e+00,1.559659e+00,1.588880e+00,1.478399e+00,1.465794e+00,1.591205e+00,1.460184e+00,1.420684e+00,1.682827e+00,1.428938e+00,1.594037e+00,1.441245e+00,1.438848e+00,1.446818e+00,1.429494e+00,1.441194e+00,1.485135e+00,1.459776e+00,1.709834e+00,1.431830e+00,1.348434e+00,1.561041e+00,1.738045e+00,1.470405e+00,1.456851e+00,1.482412e+00,1.566460e+00,1.483614e+00,1.653983e+00,1.469709e+00,1.374300e+00,1.412260e+00,1.652666e+00,1.343117e+00,1.333232e+00,1.474938e+00,1.442179e+00,1.433281e+00,1.482560e+00,1.482744e+00,1.657254e+00,1.536777e+00,1.812752e+00,1.369474e+00,1.885404e+00,1.468858e+00,1.466184e+00,1.655601e+00,1.448333e+00,3.046467e+00,1.788170e+00,1.936973e+00,1.506016e+00,1.379340e+00,1.807214e+00,4.326990e+00,2.770822e+00,6.606233e+00,1.533993e+00,1.627015e+00,4.711913e+00,1.468522e+00,1.653990e+00,1.406528e+00,1.657882e+00,1.779700e+00,1.531138e+00,1.463321e+00,2.066211e+00,1.772063e+00,1.561299e+00,1.616252e+00,1.733906e+00,1.386112e+00,1.390846e+00,1.424847e+00,1.372922e+00,1.482923e+00,1.445602e+00,1.526122e+00,1.459984e+00,1.518275e+00,1.454144e+00,1.569021e+00,1.425702e+00,1.504177e+00,1.257339e+00,1.621218e+00,1.372164e+00,1.602618e+00,1.504355e+00,1.456928e+00,1.436273e+00,1.600459e+00,1.418942e+00,1.326647e+00,1.427737e+00,1.681679e+00,1.799640e+00,1.523009e+00,1.406802e+00,1.402095e+00,1.529102e+00,1.554290e+00,1.275148e+00,1.642565e+00,1.408924e+00,1.302397e+00,1.532471e+00,1.589437e+00,1.452077e+00,1.600047e+00,1.352425e+00,1.545307e+00,1.477726e+00,1.334007e+00,1.449063e+00,1.610369e+00,1.576943e+00,1.434216e+00,1.371249e+00,1.433207e+00,1.551178e+00,1.574565e+00,1.450703e+00,1.487201e+00,1.467816e+00,1.709300e+00,1.597584e+00,1.636305e+00,1.452507e+00,1.409635e+00,1.381751e+00,1.527892e+00,1.338002e+00,1.449455e+00,1.533994e+00,1.499484e+00,1.361439e+00,1.605958e+00,1.564114e+00,1.569803e+00,1.537642e+00,1.440758e+00,1.425985e+00,1.462254e+00,1.612070e+00,1.517999e+00,1.439047e+00,1.555978e+00,1.497419e+00,1.554092e+00,1.567076e+00,1.546630e+00,1.744615e+00,1.537786e+00,1.543303e+00,1.678207e+00,1.430476e+00,1.452559e+00,1.579384e+00,1.582409e+00,1.439992e+00
1.388839e+00,1.425623e+00,1.539913e+00,1.398778e+00,1.438925e+00,1.426365e+00,1.477553e+00,1.390515e+00,1.568920e+00,1.516650e+00,1.484167e+00,1.412776e+00,1.551040e+00,1.451537e+00,1.662411e+00,1.663348e+00,1.491910e+00,1.475363e+00,1.534339e+00,1.355855e+00,1.436293e+00,1.590207e+00,1.588684e+00,1.297128e+00,1.382618e+00,1.400038e+00,1.562804e+00,1.481325e+00,1.550183e+00,1.526846e+00,1.403930e+00,1.523847e+00,1.498577e+00,1.607632e+00,1.648447e+00,1.747342e+00,1.543571e+00,1.443651e+00,1.343544e+00,1.304637e+00,1.501764e+00,1.325193e+00,1.372325e+00,1.483736e+00,1.570990e+00,1.791327e+00,1.607566e+00,1.659260e+00,1.580140e+00,1.478657e+00,1.422471e+00,1.470311e+00,1.510986e+00,1.303179e+00,1.496736e+00,1.490064e+00,1.475298e+00,1.614324e+00,1.534149e+00,1.654211e+00,1.320278e+00,1.534587e+00,1.302363e+00,1.497458e+00,1.485450e+00,1.512528e+00,1.604713e+00,1.542558e+00,1.473490e+00,1.474093e+00,1.574985e+00,1.522095e+00,1.695488e+00,1.505945e+00,1.418358e+00,1.508159e+00,1.407952e+00,1.421402e+00,1.521306e+00,1.442658e+00,1.604572e+00,1.357191e+00,1.590565e+00,1.515836e+00,1.434968e+00,1.509462e+00,1.585525e+00,1.427291e+00,1.671701e+00,1.431308e+00,1.885891e+00,1.650496e+00,1.574955e+00,1.372053e+00,2.769151e+00,4.603435e+00,1.558612e+00,3.966369e+00,9.602744e+00,2.374161e+00,2.180741e+00,1.918652e+00,8.269293e+00,3.308368e+00,2.944789e+00,3.632216e+00,5.309909e+00,3.477853e+00,1.755743e+00,3.559396e+00,2.261770e+00,1.779446e+00,4.798189e+00,2.291294e+00,1.350115e+00,1.611451e+00,1.490486e+00,1.472229e+00,1.615994e+00,9.226292e+00,1.393763e+00,4.090767e+00,2.921902e+00,2.199961e+00,1.405754e+00,1.562406e+00,1.695473e+00,1.528334e+00,1.412503e+00,1.324768e+00,1.541715e+00,1.618545e+00,1.523235e+00,1.359114e+00,1.423368e+00,1.413465e+00,1.595787e+00,1.342137e+00,1.372265e+00,1.484915e+00,1.361176e+00,1.452285e+00,1.708631e+00,1.603600e+00,1.629781e+00,1.640550e+00,1.591608e+00,1.381747e+00,1.386112e+00,1.488907e+00,1.285523e+00,1.445411e+00,1.771717e+00,1.462411e+00,1.402421e+00,1.516180e+00,1.418069e+00,1.428097e+00,1.422533e+00,1.588050e+00,1.720770e+00,1.331114e+00,1.617988e+00,1.344622e+00,1.460984e+00,1.471794e+00,1.420188e+00,1.568672e+00,1.525068e+00,1.765897e+00,1.283655e+00,1.336676e+00,1.494854e+00,1.476884e+00,1.405445e+00,1.518668e+00,1.415387e+00,1.487959e+00,1.510117e+00,1.710603e+00,1.551316e+00,1.577841e+00,1.342375e+00,1.470581e+00,1.574866e+00,1.522036e+00,1.572823e+00,1.560570e+00,1.414969e+00,1.534404e+00,1.575070e+00,1.396055e+00,1.505264e+00,1.409932e+00,1.554419e+00,1.299243e+00,1.489927e+00,1.497692e+00,1.547111e+00,1.464960e+00,1.473069e+00,1.438611e+00,1.601223e+00,1.467046e+00,1.558768e+00,1.467875e+00,1.553060e+00,1.392327e+00,1.559514e+00,1.435586e+00,1.373491e+00,1.456505e+00,1.625073e+00,1.591879e+00,1.562860e+00
1.440644e+00,1.607016e+00,1.585870e+00,1.385324e+00,1.536986e+00,1.496348e+00,1.549479e+00,1.387561e+00,1.389570e+00,1.454371e+00,1.403366e+00,1.571302e+00,1.590163e+00,1.391664e+00,1.344393e+00,1.448104e+00,1.578206e+00,1.504952e+00,1.528594e+00,1.589139e+00,1.497596e+00,1.570825e+00,1.536019e+00,1.576001e+00,1.522759e+00,1.414022e+00,1.538083e+00,1.325829e+00,1.587945e+00,1.475243e+00,1.495525e+00,1.595683e+00,1.624390e+00,1.565048e+00,1.464002e+00,1.432657e+00,1.679085e+00,1.460779e+00,1.592658e+00,1.593768e+00,1.517084e+00,1.630401e+00,1.421929e+00,1.569014e+00,1.371582e+00,1.634760e+00,1.541340e+00,1.513792e+00,1.647646e+00,1.515886e+00,1.577378e+00,1.518283e+00,1.373264e+00,1.495193e+00,1.695669e+00,1.294803e+00,1.462228e+00,1.528669e+00,1.600553e+00,1.555881e+00,1.322828e+00,1.371713e+00,1.654472e+00,1.430305e+00,1.398846e+00,1.440429e+00,1.751076e+00,1.405367e+00,1.832911e+00,1.472901e+00,1.579387e+00,1.577890e+00,1.347946e+00,1.419820e+00,1.574314e+00,1.420611e+00,1.510364e+00,1.335421e+00,1.568147e+00,1.553131e+00,1.623269e+00,1.364141e+00,1.443826e+00,1.642397e+00,1.414152e+00,1.464522e+00,1.558318e+00,2.453050e+00,2.132428e+00,1.503835e+00,1.722374e+00,1.381720e+00,1.990264e+00,3.124158e+00,1.546067e+00,4.848935e+00,1.293188e+00,1.988835e+00,5.150051e+00,3.728547e+00,3.422523e+00,2.007859e+00,1.679023e+00,1.041866e+01,2.026492e+00,1.730152e+00,2.686340e+00,5.435623e+00,3.006679e+00,1.395388e+00,1.540063e+00,1.906992e+00,2.744336e+00,2.667294e+00,2.038299e+00,1.041866e+01,1.528977e+00,4.766376e+00,4.059238e+00,2.107470e+00,1.506821e+00,1.822407e+00,2.576875e+00,2.233318e+00,3.499395e+00,1.448684e+00,1.458246e+00,2.028729e+00,3.845334e+00,2.529430e+00,1.441521e+00,1.634910e+00,1.338999e+00,1.771865e+00,1.675501e+00,1.324235e+00,1.535026e+00,1.469283e+00,1.462016e+00,1.635026e+00,1.395133e+00,1.468890e+00,1.340356e+00,1.480271e+00,1.511386e+00,1.363417e+00,1.572655e+00,1.347366e+00,1.460656e+00,1.665538e+00,1.271370e+00,1.377194e+00,1.575288e+00,1.581344e+00,2.020297e+00,1.612756e+00,1.587221e+00,1.464192e+00,1.450087e+00,1.452283e+00,1.705603e+00,1.432642e+00,1.333229e+00,1.546365e+00,1.468033e+00,1.336784e+00,1.502857e+00,1.480362e+00,1.577549e+00,1.382715e+00,1.568265e+00,1.346761e+00,1.437719e+00,1.419375e+00,1.532323e+00,1.304188e+00,1.423360e+00,1.608947e+00,1.468718e+00,1.659584e+00,1.276007e+00,1.469459e+00,1.499510e+00,1.504789e+00,1.485353e+00,1.300357e+00,1.618507e+00,1.514871e+00,1.483664e+00,1.461839e+00,1.441550e+00,1.628149e+00,1.404358e+00,1.473440e+00,1.521024e+00,1.436904e+00,1.572612e+00,1.463047e+00,1.312432e+00,1.559062e+00,1.339034e+00,1.427946e+00,1.549783e+00,1.436839e+00,1.449388e+00,1.418286e+00,1.549341e+00,1.603981e+00,1.370462e+00,1.480632e+00,1.337786e+00,1.416678e+00,1.579502e+00,1.503942e+00,1.505536e+00
1.455359e+00,1.395858e+00,1.386388e+00,1.578898e+00,1.483044e+00,1.700047e+00,1.396873e+00,1.448518e+00,1.430570e+00,1.550717e+00,1.580985e+00,1.620376e+00,1.409968e+00,1.383018e+00,1.458844e+00,1.574643e+00,1.599553e+00,1.511782e+00,1.335345e+00,1.433293e+00,1.346941e+00,1.280018e+00,1.543888e+00,1.528533e+00,1.638191e+00,1.555959e+00,1.613204e+00,1.581446e+00,1.406405e+00,1.547262e+00,1.433801e+00,1.413118e+00,1.436515e+00,1.681879e+00,1.323096e+00,1.410140e+00,1.614186e+00,1.355080e+00,1.508290e+00,1.483591e+00,1.333000e+00,1.516333e+00,1.497057e+00,1.536237e+00,1.478420e+00,1.428042e+00,1.516421e+00,1.702951e+00,1.387768e+00,1.633347e+00,1.448962e+00,1.474394e+00,1.450742e+00,1.564041e+00,1.574895e+00,1.433430e+00,1.809288e+00,1.553827e+00,1.515616e+00,1.438975e+00,1.570597e+00,1.434355e+00,1.726728e+00,1.360502e+00,1.342650e+00,1.504836e+00,1.497102e+00,2.416723e+00,1.313654e+00,1.529490e+00,1.265401e+00,1.455516e+00,1.690329e+00,1.297929e+00,1.428209e+00,1.406124e+00,1.454200e+00,1.586706e+00,1.447948e+00,1.627695e+00,1.809988e+00,1.414007e+00,1.479123e+00,1.663441e+00,1.376405e+00,2.544424e+00,1.561072e+00,2.334760e+00,3.211843e+00,2.175607e+00,2.498964e+00,1.367834e+00,2.341732e+00,3.056725e+00,3.001297e+00,1.853340e+00,2.137731e+00,1.819865e+00,4.033799e+00,1.649193e+00,2.758105e+00,2.458029e+00,1.041053e+01,3.304699e+00,4.898107e+00,2.702013e+00,3.771503e+00,2.891860e+00,4.033297e+00,4.559209e+00,3.363927e+00,2.056065e+00,1.539478e+00,2.208716e+00,2.004809e+00,2.547663e+00,4.281292e+00,5.468801e+00,nan,nan,9.444117e+00,1.835253e+00,nan,1.447302e+00,2.825601e+00,4.332379e+00,2.576164e+00,2.176456e+00,4.965823e+00,2.380576e+00,4.218585e+00,2.285543e+00,8.088093e+00,1.467788e+00,1.621007e+00,1.665305e+00,1.464614e+00,1.375260e+00,1.522487e+00,1.460408e+00,1.384376e+00,1.624361e+00,1.257124e+00,1.512122e+00,1.602205e+00,1.580066e+00,1.518972e+00,1.428183e+00,1.475378e+00,3.059277e+00,1.498124e+00,1.436031e+00,1.499075e+00,1.475757e+00,1.290588e+00,1.576104e+00,1.677137e+00,1.282126e+00,1.452410e+00,1.637533e+00,1.505548e+00,1.495380e+00,1.408374e+00,1.419289e+00,1.463057e+00,1.445891e+00,1.523980e+00,1.446414e+00,1.411965e+00,1.564631e+00,1.675231e+00,1.406264e+00,1.479867e+00,1.755914e+00,1.449258e+00,1.390956e+00,1.526714e+00,1.494574e+00,1.332288e+00,1.373774e+00,1.452516e+00,1.671955e+00,1.284850e+00,1.569733e+00,1.305716e+00,1.565625e+00,1.364755e+00,1.467065e+00,1.485438e+00,1.686716e+00,1.556565e+00,1.565911e+00,1.520212e+00,1.527275e+00,1.534542e+00,1.469859e+00,1.546695e+00,1.492886e+00,1.665173e+00,1.298304e+00,1.484284e+00,1.444316e+00,1.607923e+00,1.567022e+00,1.438388e+00,1.723556e+00,1.452732e+00,1.517821e+00,1.348666e+00,1.527335e+00,1.647643e+00,1.432291e+00,1.511098e+00,1.530497e+00,1.430354e+00
1.533452e+00,1.510917e+00,1.661608e+00,1.324117e+00,1.538249e+00,1.473226e+00,1.487334e+00,1.522292e+00,1.349512e+00,1.720068e+00,1.407623e+00,1.615930e+00,1.478567e+00,1.525928e+00,1.698759e+00,1.460785e+00,1.464619e+00,1.390592e+00,1.631680e+00,1.550736e+00,1.666805e+00,1.694167e+00,1.421375e+00,1.629762e+00,1.421692e+00,1.401220e+00,1.291541e+00,1.399705e+00,1.503957e+00,1.494154e+00,1.668407e+00,1.464216e+00,1.482621e+00,1.375443e+00,1.330835e+00,1.489283e+00,1.598655e+00,1.597357e+00,1.555590e+00,1.470712e+00,1.382876e+00,1.425657e+00,1.524287e+00,1.454095e+00,1.375511e+00,1.679761e+00,1.531710e+00,1.436086e+00,1.453127e+00,1.406359e+00,1.414411e+00,1.624926e+00,1.470977e+00,1.512576e+00,1.404209e+00,1.520984e+00,1.482317e+00,1.361878e+00,1.494300e+00,1.596032e+00,1.590574e+00,1.508308e+00,1.464755e+00,1.576517e+00,1.525234e+00,1.507036e+00,1.436788e+00,1.463030e+00,1.405095e+00,1.353848e+00,1.554065e+00,1.626864e+00,1.519903e+00,1.565412e+00,1.733243e+00,1.679392e+00,1.667942e+00,1.448948e+00,1.876396e+00,1.512814e+00,2.049846e+00,1.724823e+00,1.474707e+00,1.532256e+00,7.634215e+00,1.785874e+00,1.835147e+00,3.838867e+00,4.299820e+00,3.214662e+00,1.615263e+00,1.440221e+00,2.940516e+00,2.689064e+00,2.025263e+00,1.494394e+00,2.303271e+00,6.189641e+00,4.638740e+00,nan,3.958055e+00,9.916810e+00,3.574190e+00,2.722165e+00,4.543027e+00,3.253427e+00,2.199842e+00,4.796862e+00,1.035604e+01,1.794939e+00,1.018546e+01,2.468082e+00,2.724482e+00,4.447882e+00,2.559156e+00,2.010416e+00,2.556323e+00,2.768398e+00,3.812879e+00,3.282905e+00,4.283364e+00,1.750868e+00,9.883757e+00,3.064136e+00,2.584209e+00,4.058065e+00,3.205006e+00,4.006748e+00,1.677480e+00,2.755117e+00,2.718781e+00,2.470831e+00,3.245759e+00,1.906736e+00,3.739176e+00,1.625753e+00,1.479622e+00,1.532736e+00,1.461172e+00,1.719801e+00,1.433149e+00,1.658016e+00,1.532149e+00,1.295431e+00,1.361279e+00,1.623315e+00,1.558029e+00,1.425114e+00,1.366512e+00,1.590054e+00,6.244506e+00,3.427814e+00,1.533238e+00,1.616333e+00,1.523188e+00,1.473265e+00,1.577371e+00,1.495514e+00,1.550323e+00,1.491552e+00,1.470963e+00,1.563453e+00,1.483892e+00,1.371887e+00,1.444382e+00,1.417280e+00,1.492024e+00,1.393205e+00,1.326639e+00,1.431483e+00,1.568852e+00,1.479969e+00,1.523579e+00,1.422692e+00,1.535520e+00,1.359063e+00,1.544989e+00,1.469341e+00,1.527484e+00,1.612551e+00,1.405507e+00,1.486012e+00,1.467327e+00,1.467742e+00,1.435906e+00,1.485785e+00,1.466110e+00,1.548038e+00,1.531355e+00,1.524418e+00,1.358295e+00,1.401808e+00,1.229325e+00,1.392146e+00,1.406245e+00,1.552454e+00,1.534205e+00,1.472745e+00,1.547487e+00,1.524472e+00,1.423965e+00,1.540290e+00,1.598940e+00,1.402882e+00,1.586137e+00,1.597130e+00,1.621212e+00,1.408295e+00,1.519301e+00,1.553544e+00,1.548601e+00,1.561355e+00,1.521334e+00,1.304659e+00,1.575364e+00
1.373757e+00,1.616513e+00,1.558879e+00,1.390041e+00,1.363825e+00,1.511213e+00,1.511535e+00,1.338698e+00,1.556059e+00,1.473968e+00,1.569450e+00,1.453863e+00,1.208694e+00,1.679649e+00,1.709924e+00,1.383366e+00,1.406538e+00,1.289659e+00,1.456996e+00,1.434888e+00,1.359989e+00,1.369600e+00,1.521852e+00,1.516309e+00,1.673368e+00,1.420039e+00,1.520514e+00,1.332744e+00,1.622816e+00,1.667971e+00,1.449695e+00,1.483023e+00,1.486569e+00,1.660035e+00,1.496754e+00,1.564741e+00,1.620162e+00,1.337603e+00,1.446247e+00,1.463638e+00,1.644613e+00,1.524435e+00,1.491962e+00,1.588198e+00,1.641682e+00,1.428318e+00,1.465839e+00,1.395956e+00,1.495356e+00,1.426196e+00,1.469329e+00,1.641277e+00,1.457641e+00,1.439853e+00,1.427543e+00,1.509361e+00,1.493305e+00,1.573614e+00,1.538561e+00,1.468843e+00,1.422303e+00,1.386505e+00,1.633015e+00,1.522299e+00,1.519149e+00,1.556438e+00,1.466712e+00,1.323978e+00,1.403457e+00,1.614405e+00,1.591418e+00,1.423717e+00,1.375693e+00,1.286598e+00,1.423957e+00,1.635459e+00,1.403814e+00,1.450183e+00,4.096201e+00,1.669768e+00,2.506863e+00,2.026395e+00,1.561183e+00,nan,1.539240e+00,1.549898e+00,1.676920e+00,4.515830e+00,1.514491e+00,1.796038e+00,2.113779e+00,4.166426e+00,1.727861e+00,1.522825e+00,3.436899e+00,1.455817e+00,nan,4.914716e+00,3.020766e+00,1.381755e+00,4.647606e+00,1.910518e+00,3.261807e+00,9.971437e+00,4.694031e+00,3.179245e+00,1.739660e+00,1.389495e+00,1.482249e+00,1.483851e+00,4.429381e+00,4.657818e+00,1.509659e+00,2.628836e+00,1.041866e+01,1.804243e+00,3.715442e+00,1.418984e+00,9.474567e+00,2.052517e+00,9.431427e+00,nan,4.541896e+00,3.973351e+00,4.236549e+00,1.680051e+00,nan,2.937981e+00,1.673003e+00,1.444628e+00,2.012188e+00,1.596190e+00,3.896132e+00,4.432118e+00,3.504566e+00,1.572132e+00,1.371571e+00,1.455137e+00,1.564158e+00,1.747029e+00,1.815870e+00,1.498588e+00,1.537572e+00,1.372083e+00,1.547045e+00,1.347666e+00,1.542790e+00,1.499572e+00,1.577997e+00,1.443065e+00,1.473810e+00,1.396285e+00,1.935631e+00,1.539981e+00,1.523113e+00,1.422470e+00,1.515000e+00,1.460912e+00,1.625768e+00,1.618737e+00,1.611017e+00,1.702532e+00,1.327873e+00,1.600286e+00,1.541201e+00,1.368377e+00,1.747179e+00,1.678859e+00,1.482923e+00,1.557155e+00,1.559814e+00,1.379380e+00,1.457893e+00,1.508449e+00,1.593910e+00,1.570248e+00,1.422812e+00,1.409641e+00,1.424924e+00,1.422662e+00,1.472817e+00,1.468506e+00,1.557894e+00,1.320776e+00,1.353005e+00,1.441319e+00,1.560175e+00,1.625179e+00,1.509360e+00,1.451377e+00,1.424839e+00,1.625358e+00,1.443457e+00,1.347272e+00,1.458535e+00,1.436173e+00,1.505555e+00,1.501829e+00,1.574873e+00,1.350919e+00,1.559387e+00,1.548768e+00,1.557215e+00,1.636356e+00,1.487147e+00,1.419530e+00,1.418211e+00,1.558142e+00,1.393700e+00,1.421908e+00,1.601400e+00,1.412772e+00,1.371360e+00,1.504643e+00,1.474192e+00
1.273458e+00,1.352821e+00,1.442726e+00,1.319660e+00,1.451105e+00,1.370597e+00,1.456214e+00,1.381434e+00,1.429524e+00,1.341349e+00,1.458133e+00,1.546604e+00,1.536895e+00,1.402098e+00,1.502799e+00,1.538077e+00,1.701090e+00,1.595218e+00,1.452899e+00,1.441359e+00,1.487221e+00,1.503647e+00,1.438752e+00,1.605811e+00,1.475067e+00,1.621713e+00,1.419190e+00,1.327267e+00,1.402782e+00,1.234723e+00,1.457976e+00,1.586179e+00,1.461045e+00,1.427296e+00,1.347891e+00,1.434938e+00,1.628131e+00,1.524374e+00,1.492192e+00,1.719124e+00,1.477126e+00,1.546367e+00,1.441061e+00,1.384482e+00,1.529749e+00,1.455652e+00,1.556495e+00,1.658602e+00,1.492573e+00,1.427964e+00,1.619046e+00,1.569788e+00,1.650395e+00,1.256773e+00,1.339364e+00,1.432480e+00,1.514188e+00,1.483676e+00,1.470916e+00,1.457426e+00,1.644593e+00,1.679424e+00,1.353681e+00,1.366173e+00,1.508853e+00,1.504128e+00,1.195271e+00,1.549599e+00,1.395499e+00,1.530430e+00,1.548381e+00,1.460718e+00,1.607173e+00,1.867331e+00,1.593763e+00,1.553584e+00,1.483150e+00,1.661321e+00,1.960139e+00,2.292981e+00,2.582282e+00,2.261697e+00,1.499460e+00,3.050044e+00,4.283312e+00,1.529537e+00,1.489357e+00,1.781326e+00,7.099618e+00,nan,2.141453e+00,1.888553e+00,2.132802e+00,2.330741e+00,3.322824e+00,1.609099e+00,5.102685e+00,1.490499e+00,1.870486e+00,3.905733e+00,1.342163e+00,9.568608e+00,1.602037e+00,3.465075e+00,2.234098e+00,1.901846e+00,3.569865e+00,1.405697e+00,1.659051e+00,1.422123e+00,1.648578e+00,1.562899e+00,2.496209e+00,2.100252e+00,3.481450e+00,1.742179e+00,1.439548e+00,4.789021e+00,1.392021e+00,1.688432e+00,2.901683e+00,4.225034e+00,5.063569e+00,1.529754e+00,4.076920e+00,4.108330e+00,6.358910e+00,1.041472e+01,1.511352e+00,1.901742e+00,3.331377e+00,1.537943e+00,9.720689e+00,1.532719e+00,nan,1.041866e+01,2.112047e+00,4.760978e+00,4.330212e+00,1.539725e+00,2.174438e+00,1.632025e+00,1.429480e+00,1.573185e+00,1.638656e+00,1.412327e+00,1.618216e+00,1.483170e+00,1.508645e+00,1.549489e+00,1.528839e+00,1.425061e+00,1.555651e+00,1.501038e+00,1.463115e+00,1.367067e+00,1.524228e+00,1.560855e+00,1.588989e+00,1.389906e+00,1.431054e+00,1.586640e+00,1.662065e+00,1.454500e+00,1.575028e+00,1.514197e+00,1.483398e+00,1.480492e+00,1.630882e+00,1.432734e+00,1.448148e+00,1.323673e+00,1.395740e+00,1.417455e+00,1.590040e+00,1.565412e+00,1.556367e+00,1.355703e+00,1.268808e+00,1.659107e+00,1.343885e+00,1.343547e+00,1.530516e+00,1.596028e+00,1.627568e+00,1.469340e+00,1.554515e+00,1.537722e+00,1.443429e+00,1.421056e+00,1.519585e+00,1.571851e+00,1.257248e+00,1.418777e+00,1.406246e+00,1.467118e+00,1.533720e+00,1.455938e+00,1.574696e+00,1.506568e+00,1.513829e+00,1.459377e+00,1.567420e+00,1.619148e+00,1.432912e+00,1.431345e+00,1.562417e+00,1.499799e+00,1.575348e+00,1.593651e+00,1.402756e+00,1.695155e+00,1.454206e+00,1.478504e+00,1.441256e+00
1.461864e+00,1.599279e+00,1.483480e+00,1.589100e+00,1.513588e+00,1.261053e+00,1.501594e+00,1.607576e+00,1.718583e+00,1.525461e+00,1.446067e+00,1.553043e+00,1.570240e+00,1.510228e+00,1.575032e+00,1.499837e+00,1.342609e+00,1.477385e+00,1.571182e+00,1.462243e+00,1.630991e+00,1.355739e+00,1.683694e+00,1.537777e+00,1.403801e+00,1.637113e+00,1.536590e+00,1.614519e+00,1.585481e+00,1.459542e+00,1.625123e+00,1.582906e+00,1.682702e+00,1.414582e+00,1.652369e+00,1.643114e+00,1.640055e+00,1.481163e+00,1.634994e+00,1.486530e+00,1.262079e+00,1.664714e+00,1.571504e+00,1.613323e+00,1.468094e+00,1.582416e+00,1.588056e+00,1.398586e+00,1.434467e+00,1.341494e+00,1.374269e+00,1.448916e+00,1.470325e+00,1.587686e+00,1.629871e+00,1.380419e+00,1.430735e+00,1.480820e+00,1.600015e+00,1.656133e+00,1.437630e+00,1.553719e+00,1.332973e+00,1.387321e+00,1.452086e+00,1.556089e+00,1.392794e+00,1.374611e+00,1.431608e+00,1.426419e+00,1.427783e+00,1.461767e+00,1.434264e+00,1.982227e+00,3.413468e+00,1.651152e+00,1.678047e+00,3.153721e+00,1.622006e+00,nan,1.910043e+00,3.823438e+00,1.858174e+00,1.806777e+00,1.641278e+00,1.005593e+01,3.185484e+00,4.311883e+00,1.607661e+00,1.938832e+00,2.658734e+00,4.425958e+00,1.691362e+00,1.555229e+00,nan,1.544251e+00,1.407179e+00,1.713465e+00,1.395433e+00,1.676974e+00,2.543500e+00,2.622084e+00,1.623518e+00,4.295722e+00,2.946530e+00,1.509171e+00,1.449900e+00,1.598923e+00,1.811630e+00,1.419546e+00,1.411133e+00,1.613163e+00,8.359186e+00,1.699368e+00,1.681951e+00,2.155489e+00,2.556839e+00,4.001995e+00,9.547839e+00,1.454384e+00,5.646619e+00,1.800581e+00,1.969719e+00,2.005294e+00,2.047584e+00,4.118724e+00,6.299439e+00,2.648242e+00,3.794448e+00,9.227065e+00,1.407865e+00,5.770424e+00,7.493473e+00,2.704038e+00,4.463486e+00,1.669465e+00,1.627903e+00,6.370455e+00,1.964177e+00,2.152927e+00,2.378038e+00,1.649531e+00,1.462009e+00,2.453512e+00,1.627278e+00,1.566181e+00,1.501114e+00,1.549203e+00,1.578471e+00,1.360618e+00,1.446406e+00,1.505068e+00,1.422332e+00,1.596763e+00,1.365377e+00,2.083746e+00,3.052394e+00,1.449774e+00,1.476998e+00,1.304124e+00,1.307548e+00,1.379759e+00,4.560655e+00,1.514288e+00,1.418313e+00,1.451687e+00,1.626598e+00,1.541383e+00,1.532139e+00,1.278121e+00,1.364458e+00,1.559737e+00,1.683214e+00,1.487164e+00,1.391131e+00,1.399873e+00,1.486517e+00,1.526174e+00,1.486248e+00,1.574413e+00,1.773269e+00,1.452816e+00,1.446046e+00,1.461673e+00,1.373155e+00,1.468242e+00,1.525431e+00,1.343774e+00,1.610616e+00,1.486743e+00,1.426391e+00,1.413642e+00,1.471774e+00,1.399643e+00,1.451055e+00,1.694081e+00,1.580739e+00,1.336305e+00,1.598781e+00,1.390113e+00,1.383918e+00,1.720714e+00,1.375446e+00,1.569145e+00,1.395597e+00,1.435433e+00,1.531148e+00,1.546083e+00,1.559026e+00,1.673595e+00,1.439862e+00,1.321766e+00,1.508610e+00,1.587226e+00,1.662082e+00
1.516895e+00,1.582142e+00,1.402982e+00,1.536495e+00,1.414777e+00,1.475926e+00,1.452817e+00,1.449703e+00,1.668291e+00,1.590152e+00,1.620245e+00,1.582734e+00,1.511844e+00,1.549751e+00,1.612946e+00,1.392128e+00,1.487656e+00,1.497676e+00,1.459006e+00,1.506248e+00,1.672509e+00,1.508381e+00,1.505482e+00,1.517827e+00,1.452971e+00,1.503876e+00,1.520986e+00,1.454329e+00,1.596376e+00,1.663030e+00,1.398603e+00,1.564230e+00,1.338710e+00,1.419023e+00,1.516036e+00,1.429142e+00,1.520980e+00,1.547483e+00,1.447638e+00,1.457013e+00,1.737935e+00,1.425102e+00,1.522673e+00,1.521901e+00,1.598052e+00,1.604203e+00,1.512297e+00,1.388711e+00,1.316632e+00,1.490801e+00,1.414288e+00,1.615525e+00,1.598217e+00,1.395278e+00,1.468617e+00,1.523971e+00,1.467689e+00,1.441394e+00,1.514760e+00,1.484238e+00,1.433167e+00,1.698202e+00,1.419455e+00,1.445670e+00,1.460303e+00,1.417103e+00,1.412669e+00,1.543784e+00,1.602381e+00,1.960489e+00,1.464424e+00,1.656595e+00,1.666270e+00,1.986283e+00,1.461374e+00,3.459462e+00,1.558877e+00,2.897224e+00,3.773523e+00,9.351930e+00,4.980648e+00,1.544393e+00,4.248258e+00,4.740828e+00,1.924381e+00,2.895999e+00,3.291534e+00,1.770188e+00,1.015095e+01,4.700802e+00,3.740587e+00,1.832315e+00,1.636309e+00,1.033365e+01,1.728993e+00,1.456270e+00,1.444346e+00,2.331953e+00,1.969470e+00,1.510363e+00,1.339191e+00,1.819205e+00,4.856604e+00,1.476092e+00,1.437328e+00,1.299892e+00,1.446122e+00,1.418124e+00,1.592394e+00,1.445958e+00,1.514767e+00,1.456286e+00,2.273291e+00,1.738338e+00,2.075857e+00,1.507155e+00,1.769378e+00,1.438064e+00,4.794097e+00,3.514841e+00,2.779601e+00,1.462825e+00,1.899653e+00,7.352860e+00,1.021996e+01,4.162871e+00,nan,1.041866e+01,1.593104e+00,1.534289e+00,1.384463e+00,6.401519e+00,3.926618e+00,7.825488e+00,2.842271e+00,1.785080e+00,4.935542e+00,1.501688e+00,4.033543e+00,3.380966e+00,8.128482e+00,1.533291e+00,1.389736e+00,1.504683e+00,4.071545e+00,1.714178e+00,1.873418e+00,1.618609e+00,1.528788e+00,1.492084e+00,1.386001e+00,1.512489e+00,1.457701e+00,1.476923e+00,1.686170e+00,1.452760e+00,1.397683e+00,4.471784e+00,1.566130e+00,1.795071e+00,1.362687e+00,1.389740e+00,1.638498e+00,1.518550e+00,1.468481e+00,1.442500e+00,1.410679e+00,1.651646e+00,1.382799e+00,1.441886e+00,1.442582e+00,1.424903e+00,1.400973e+00,1.435167e+00,1.489992e+00,1.468440e+00,1.346395e+00,1.540976e+00,1.378157e+00,1.638244e+00,1.485936e+00,1.466086e+00,1.425675e+00,1.460686e+00,1.434661e+00,1.505578e+00,1.459073e+00,1.330243e+00,1.334480e+00,1.468545e+00,1.473278e+00,1.579502e+00,1.438792e+00,1.619201e+00,1.368566e+00,1.520614e+00,1.470212e+00,1.366334e+00,1.564449e+00,1.359638e+00,1.445948e+00,1.608346e+00,1.394099e+00,1.466335e+00,1.616616e+00,1.569154e+00,1.526467e+00,1.775801e+00,1.463011e+00,1.426678e+00,1.552801e+00,1.358057e+00,1.547869e+00,1.653195e+00,1.468118e+00
1.589903e+00,1.715386e+00,1.463738e+00,1.561045e+00,1.431989e+00,1.522392e+00,1.531163e+00,1.483969e+00,1.553198e+00,1.602792e+00,1.415278e+00,1.615366e+00,1.691568e+00,1.447096e+00,1.498658e+00,1.493860e+00,1.535276e+00,1.690363e+00,1.605921e+00,1.622559e+00,1.420382e+00,1.527724e+00,1.676514e+00,1.366262e+00,1.587083e+00,1.421389e+00,1.583373e+00,1.567774e+00,1.517361e+00,1.622926e+00,1.742107e+00,1.670445e+00,1.457103e+00,1.503358e+00,1.509851e+00,1.658111e+00,1.488830e+00,1.523626e+00,1.615762e+00,1.580831e+00,1.516153e+00,1.470833e+00,1.507973e+00,1.520110e+00,1.517020e+00,1.522566e+00,1.471111e+00,1.418658e+00,1.436528e+00,1.445025e+00,1.470688e+00,1.330739e+00,1.465357e+00,1.675809e+00,1.515638e+00,1.426506e+00,1.449230e+00,1.442614e+00,1.610470e+00,1.490124e+00,1.462507e+00,1.524870e+00,1.358497e+00,1.466108e+00,1.504089e+00,1.600934e+00,1.579754e+00,1.509820e+00,1.668877e+00,2.131388e+00,4.344429e+00,4.444039e+00,3.808332e+00,2.635781e+00,1.559160e+00,3.403958e+00,2.302560e+00,3.544577e+00,4.162357e+00,2.440185e+00,2.409674e+00,1.451035e+00,1.617120e+00,1.783264e+00,4.278029e+00,1.841361e+00,4.993683e+00,8.037292e+00,2.077767e+00,2.548268e+00,2.517125e+00,3.188829e+00,2.084541e+00,5.002424e+00,3.550612e+00,3.941271e+00,1.638691e+00,2.697017e+00,2.286851e+00,4.050691e+00,1.496316e+00,1.453309e+00,1.356591e+00,1.677438e+00,1.601862e+00,1.813573e+00,1.630688e+00,1.391598e+00,1.463710e+00,1.426405e+00,1.495771e+00,1.787512e+00,1.536649e+00,3.742738e+00,1.516454e+00,2.961526e+00,1.815037e+00,2.929529e+00,4.511682e+00,1.700977e+00,1.493556e+00,1.605586e+00,1.735802e+00,2.084720e+00,1.558341e+00,3.232915e+00,1.722178e+00,1.766977e+00,1.451354e+00,3.311292e+00,1.582217e+00,1.613907e+00,1.661153e+00,1.358979e+00,4.499552e+00,4.622580e+00,3.421653e+00,1.606823e+00,2.399051e+00,2.328034e+00,2.994024e+00,1.633080e+00,3.073217e+00,1.474832e+00,3.470924e+00,1.573986e+00,1.978223e+00,1.001255e+01,1.714771e+00,1.696717e+00,1.626540e+00,1.868761e+00,1.454379e+00,1.517411e+00,1.390509e+00,1.283224e+00,1.483063e+00,1.500523e+00,1.489360e+00,1.366472e+00,1.480657e+00,1.974663e+00,1.410696e+00,1.506304e+00,1.505785e+00,1.404631e+00,1.410078e+00,1.430409e+00,1.688683e+00,1.449942e+00,1.449343e+00,1.435842e+00,1.583484e+00,1.467463e+00,1.446747e+00,1.758400e+00,1.564282e+00,1.513867e+00,1.369783e+00,1.537913e+00,1.461713e+00,1.486245e+00,1.503326e+00,1.643718e+00,1.520361e+00,1.566899e+00,1.408236e+00,1.633094e+00,1.390777e+00,1.592159e+00,1.201151e+00,1.443426e+00,1.501162e+00,1.526318e+00,1.431807e+00,1.517564e+00,1.430364e+00,1.363154e+00,1.349161e+00,1.370133e+00,1.542622e+00,1.467530e+00,1.417072e+00,1.657960e+00,1.637030e+00,1.516275e+00,1.521070e+00,1.564310e+00,1.424516e+00,1.550815e+00,1.443943e+00,1.591891e+00,1.530349e+00,1.604816e+00,1.446119e+00
1.343153e+00,1.564165e+00,1.541239e+00,1.513963e+00,1.700770e+00,1.662686e+00,1.638526e+00,1.648599e+00,1.434057e+00,1.544349e+00,1.542437e+00,1.607338e+00,1.674674e+00,1.464052e+00,1.687971e+00,1.551923e+00,1.529598e+00,1.492716e+00,1.582810e+00,1.438655e+00,1.476577e+00,1.594840e+00,1.591270e+00,1.402369e+00,1.508693e+00,1.663086e+00,1.755960e+00,1.419461e+00,1.623957e+00,1.646103e+00,1.490030e+00,1.479522e+00,1.558437e+00,1.530194e+00,1.506130e+00,1.608172e+00,1.524044e+00,1.477057e+00,1.496728e+00,1.480029e+00,1.701043e+00,1.647447e+00,1.505125e+00,1.521611e+00,1.634905e+00,1.545929e+00,1.746065e+00,1.458144e+00,1.568419e+00,1.481615e+00,1.615223e+00,1.728239e+00,1.398541e+00,1.698234e+00,1.678677e+00,1.483213e+00,1.410646e+00,1.637380e+00,1.507705e+00,1.614427e+00,1.533682e+00,1.544829e+00,1.613245e+00,1.667057e+00,1.946278e+00,1.479285e+00,1.752718e+00,1.767615e+00,1.611782e+00,3.839814e+00,1.690185e+00,4.094167e+00,3.427240e+00,1.593859e+00,5.115167e+00,1.428534e+00,1.549839e+00,3.878044e+00,1.883871e+00,4.337868e+00,1.880669e+00,2.128643e+00,8.707547e+00,1.871840e+00,2.098908e+00,1.550281e+00,2.234916e+00,1.039121e+01,1.868406e+00,1.023726e+01,2.824441e+00,1.583486e+00,2.259523e+00,2.715957e+00,4.633116e+00,1.720868e+00,1.465293e+00,2.888266e+00,4.387908e+00,1.557146e+00,1.572295e+00,1.386880e+00,1.476704e+00,1.604517e+00,1.442256e+00,1.576055e+00,1.408236e+00,1.554214e+00,1.443818e+00,1.664276e+00,1.387947e+00,1.687418e+00,3.165673e+00,1.731457e+00,4.126883e+00,1.860088e+00,1.586091e+00,4.402888e+00,5.159404e+00,2.848217e+00,4.701339e+00,1.517119e+00,2.537035e+00,1.489494e+00,2.392891e+00,3.018518e+00,1.908121e+00,1.041049e+01,1.534295e+00,2.929423e+00,2.159516e+00,4.745577e+00,3.197547e+00,3.742679e+00,7.079055e+00,5.067160e+00,2.992022e+00,2.874305e+00,1.703416e+00,2.022834e+00,1.455646e+00,1.502130e+00,1.590598e+00,3.623478e+00,4.289188e+00,4.237428e+00,4.188887e+00,2.487648e+00,2.406324e+00,1.677891e+00,2.380989e+00,1.510088e+00,1.262865e+00,1.738980e+00,1.575190e+00,1.357719e+00,1.571795e+00,1.426366e+00,1.624966e+00,1.529061e+00,1.554251e+00,1.749250e+00,1.681789e+00,1.572718e+00,1.532717e+00,1.449926e+00,1.465176e+00,1.425409e+00,1.536506e+00,1.650712e+00,1.450686e+00,1.546162e+00,1.483154e+00,1.711154e+00,1.696385e+00,1.522364e+00,1.690535e+00,1.709814e+00,1.538985e+00,1.425498e+00,1.574244e+00,1.590818e+00,1.458202e+00,1.530961e+00,1.396473e+00,1.462784e+00,1.416446e+00,1.674217e+00,1.444747e+00,1.599626e+00,1.414603e+00,1.586214e+00,1.355463e+00,1.468749e+00,1.324567e+00,1.407815e+00,1.505417e+00,1.467446e+00,1.504104e+00,1.557186e+00,1.485784e+00,1.491018e+00,1.528690e+00,1.460633e+00,1.565368e+00,1.458512e+00,1.418270e+00,1.555861e+00,1.551200e+00,1.439116e+00,1.556608e+00,1.496612e+00,1.683663e+00,1.564810e+00,1.603097e+00
1.592102e+00,1.489232e+00,1.381274e+00,1.429192e+00,1.561303e+00,1.560647e+00,1.593739e+00,1.408410e+00,1.600786e+00,1.503373e+00,1.655725e+00,1.594346e+00,1.537440e+00,1.669100e+00,1.631985e+00,1.515029e+00,1.547221e+00,1.599503e+00,1.574129e+00,1.568702e+00,1.668491e+00,1.684931e+00,1.674073e+00,1.631804e+00,1.479113e+00,1.557333e+00,1.608764e+00,1.578298e+00,1.624757e+00,1.644599e+00,1.606136e+00,1.443388e+00,1.812256e+00,1.647232e+00,1.409582e+00,1.441467e+00,1.508527e+00,1.454793e+00,1.623449e+00,1.598580e+00,1.568728e+00,1.556572e+00,1.432151e+00,1.458435e+00,1.661225e+00,1.714316e+00,1.491309e+00,1.548918e+00,1.576306e+00,1.383393e+00,1.481587e+00,1.465492e+00,1.503440e+00,1.516820e+00,1.661679e+00,1.434665e+00,1.518558e+00,1.628388e+00,1.566345e+00,1.487349e+00,1.314289e+00,1.569940e+00,1.422383e+00,1.634573e+00,1.452007e+00,1.368143e+00,3.036810e+00,3.768249e+00,7.674837e+00,5.385292e+00,2.451795e+00,1.377943e+00,nan,2.641292e+00,1.663929e+00,9.584524e+00,1.571979e+00,3.412657e+00,1.336073e+00,1.041702e+01,1.566127e+00,2.222933e+00,1.619193e+00,3.066660e+00,2.819108e+00,2.353378e+00,3.574104e+00,3.697124e+00,1.702303e+00,1.533949e+00,2.130039e+00,4.705298e+00,1.834309e+00,1.856280e+00,2.179261e+00,1.460016e+00,1.672783e+00,3.901606e+00,1.435020e+00,2.533185e+00,1.557923e+00,1.525485e+00,1.551848e+00,1.558526e+00,1.449020e+00,1.505083e+00,1.579562e+00,1.510910e+00,1.523892e+00,1.411793e+00,1.453924e+00,2.077033e+00,1.604548e+00,1.391592e+00,4.285556e+00,1.424377e+00,1.699509e+00,1.335566e+00,2.472996e+00,2.101445e+00,5.221664e+00,1.825102e+00,4.879110e+00,2.496120e+00,1.469887e+00,1.479068e+00,2.530481e+00,1.532861e+00,8.311582e+00,1.625096e+00,2.870797e+00,2.424121e+00,1.566861e+00,1.711241e+00,2.176753e+00,1.442130e+00,1.465739e+00,1.367699e+00,1.232562e+00,1.341586e+00,1.465740e+00,1.587627e+00,1.441053e+00,4.634806e+00,1.531072e+00,1.953678e+00,2.801247e+00,1.018104e+01,1.614146e+00,3.423928e+00,2.015508e+00,1.516816e+00,1.442828e+00,1.555101e+00,1.352917e+00,1.581281e+00,1.472538e+00,1.525706e+00,1.406222e+00,1.417531e+00,1.274011e+00,1.715424e+00,3.528038e+00,1.358703e+00,1.477657e+00,1.412870e+00,1.606533e+00,1.552266e+00,1.539498e+00,1.409100e+00,1.470407e+00,1.474809e+00,1.590848e+00,1.662933e+00,1.491116e+00,1.453589e+00,1.477075e+00,1.637159e+00,1.473755e+00,1.507775e+00,1.733173e+00,1.451459e+00,1.539970e+00,1.534005e+00,1.711152e+00,1.478121e+00,1.594366e+00,1.662813e+00,1.659235e+00,1.554166e+00,1.543357e+00,1.490776e+00,1.479800e+00,1.590293e+00,1.458968e+00,1.636359e+00,1.522955e+00,1.580889e+00,1.529846e+00,1.612139e+00,1.405954e+00,1.356365e+00,1.715093e+00,1.511719e+00,1.708980e+00,1.506485e+00,1.562332e+00,1.629182e+00,1.379885e+00,1.460282e+00,1.508725e+00,1.562948e+00,1.491271e+00,1.657104e+00,1.493249e+00
1.597611e+00,1.249581e+00,1.493369e+00,1.666833e+00,1.527438e+00,1.287755e+00,1.523765e+00,1.516394e+00,1.578509e+00,1.408696e+00,1.592960e+00,1.376862e+00,1.522893e+00,1.535292e+00,1.428921e+00,1.305709e+00,1.519028e+00,1.263094e+00,1.546731e+00,1.669912e+00,1.389809e+00,1.485696e+00,1.662986e+00,1.582516e+00,1.529044e+00,1.524147e+00,1.547828e+00,1.499758e+00,1.527854e+00,1.502568e+00,1.718561e+00,1.733774e+00,1.531435e+00,1.477926e+00,1.537117e+00,1.443904e+00,1.337327e+00,1.429800e+00,1.589661e+00,1.562291e+00,1.380667e+00,1.498909e+00,1.506827e+00,1.364172e+00,1.531113e+00,1.659664e+00,1.482010e+00,1.531308e+00,1.447119e+00,1.597439e+00,1.597305e+00,1.547723e+00,1.481303e+00,1.546229e+00,1.560141e+00,1.653537e+00,1.625674e+00,1.487460e+00,1.442724e+00,1.514201e+00,1.488302e+00,1.365207e+00,1.730480e+00,1.538508e+00,1.735035e+00,1.943227e+00,2.363882e+00,2.665809e+00,4.670056e+00,2.232256e+00,1.819985e+00,7.807362e+00,1.771139e+00,1.757768e+00,1.430005e+00,3.596917e+00,1.041866e+01,5.317908e+00,1.679546e+00,1.900881e+00,1.721983e+00,1.580440e+00,2.150227e+00,2.929434e+00,2.917894e+00,1.569079e+00,1.983972e+00,nan,2.117893e+00,1.041866e+01,1.618730e+00,1.470161e+00,1.778838e+00,4.928354e+00,1.488726e+00,5.139923e+00,1.530499e+00,1.908915e+00,1.801134e+00,1.404099e+00,1.562071e+00,1.624119e+00,1.476894e+00,1.614363e+00,1.587374e+00,1.557186e+00,1.535825e+00,1.465382e+00,1.493694e+00,1.448428e+00,1.607437e+00,1.358649e+00,1.552631e+00,3.341139e+00,1.710486e+00,3.751289e+00,2.612525e+00,1.593040e+00,1.768096e+00,1.667802e+00,4.158672e+00,4.067627e+00,1.041215e+01,1.467330e+00,1.704069e+00,2.284592e+00,4.945807e+00,3.812703e+00,2.505445e+00,1.538416e+00,2.126984e+00,1.600499e+00,3.435180e+00,2.628383e+00,1.434017e+00,4.257527e+00,2.252413e+00,1.581671e+00,1.447507e+00,1.592892e+00,1.603567e+00,1.443429e+00,1.623624e+00,2.594420e+00,3.944268e+00,3.918715e+00,1.857505e+00,4.011877e+00,5.305348e+00,3.421720e+00,2.450709e+00,4.404424e+00,3.306698e+00,4.503912e+00,1.647219e+00,1.458910e+00,1.244591e+00,1.502015e+00,1.570990e+00,1.396615e+00,1.501090e+00,1.433019e+00,1.743206e+00,1.748901e+00,1.420697e+00,1.552399e+00,1.513447e+00,1.222412e+00,1.361270e+00,1.443254e+00,1.522738e+00,1.447252e+00,1.634563e+00,1.517374e+00,1.484236e+00,1.365960e+00,1.513813e+00,1.533607e+00,1.611008e+00,1.719062e+00,1.617032e+00,1.711775e+00,1.452821e+00,1.432439e+00,1.439463e+00,1.601546e+00,1.627116e+00,1.795884e+00,1.471680e+00,1.472788e+00,1.445431e+00,1.638594e+00,1.374377e+00,1.638520e+00,1.518350e+00,1.701942e+00,1.492417e+00,1.643192e+00,1.364355e+00,1.555373e+00,1.529237e+00,1.535978e+00,1.545770e+00,1.610885e+00,1.504845e+00,1.570235e+00,1.601014e+00,1.301602e+00,1.430076e+00,1.581678e+00,1.455141e+00,1.508453e+00,1.607813e+00,1.499437e+00,1.511362e+00
1.566331e+00,1.358783e+00,1.519900e+00,1.529894e+00,1.474049e+00,1.474942e+00,1.590932e+00,1.628318e+00,1.697789e+00,1.475503e+00,1.311012e+00,1.393134e+00,1.529743e+00,1.571795e+00,1.432584e+00,1.407321e+00,1.472005e+00,1.521272e+00,1.530477e+00,1.426037e+00,1.310131e+00,1.526580e+00,1.306788e+00,1.686941e+00,1.451767e+00,1.445693e+00,1.445543e+00,1.583802e+00,1.314642e+00,1.533676e+00,1.446533e+00,1.515663e+00,1.440981e+00,1.380710e+00,1.558411e+00,1.401066e+00,1.414325e+00,1.368114e+00,1.422516e+00,1.480326e+00,1.309687e+00,1.491727e+00,1.488305e+00,1.279770e+00,1.601874e+00,1.637204e+00,1.601597e+00,1.561649e+00,1.519331e+00,1.632028e+00,1.531433e+00,1.477902e+00,1.647156e+00,1.365989e+00,1.602763e+00,1.403518e+00,1.580100e+00,1.373530e+00,1.587262e+00,1.567012e+00,1.361028e+00,1.505500e+00,2.001420e+00,1.954985e+00,1.519535e+00,1.385812e+00,2.428679e+00,4.069342e+00,1.013812e+01,1.403896e+00,nan,3.273098e+00,1.593407e+00,1.500932e+00,3.680263e+00,1.880371e+00,2.564094e+00,2.105977e+00,nan,1.446513e+00,2.915585e+00,1.508817e+00,1.471512e+00,4.802690e+00,1.509125e+00,1.416481e+00,1.641489e+00,3.688519e+00,3.763581e+00,2.106765e+00,1.608587e+00,1.592768e+00,2.537143e+00,2.910924e+00,1.822518e+00,2.719460e+00,3.459731e+00,1.975063e+00,2.037486e+00,4.504883e+00,1.344185e+00,1.554485e+00,1.539639e+00,1.480248e+00,1.362815e+00,1.511244e+00,1.417307e+00,1.531636e+00,1.520131e+00,1.444084e+00,1.514735e+00,1.563448e+00,1.441526e+00,1.571306e+00,1.587075e+00,1.448072e+00,1.379719e+00,1.793356e+00,1.810527e+00,3.743229e+00,3.754157e+00,3.515005e+00,3.182025e+00,1.574594e+00,1.503039e+00,2.248640e+00,1.585013e+00,2.283868e+00,4.484643e+00,1.562481e+00,2.051521e+00,2.960005e+00,1.557529e+00,2.348276e+00,1.625336e+00,1.515906e+00,1.503273e+00,1.508672e+00,1.544628e+00,1.607918e+00,1.541686e+00,1.425647e+00,1.583284e+00,3.476965e+00,1.517963e+00,2.005940e+00,2.757161e+00,1.539810e+00,1.400136e+00,3.876180e+00,1.034697e+01,2.569959e+00,3.642469e+00,2.426671e+00,1.347189e+00,2.680316e+00,1.576077e+00,1.811293e+00,1.310174e+00,1.465750e+00,1.402969e+00,1.372494e+00,1.402693e+00,1.436934e+00,1.926567e+00,1.488112e+00,1.559121e+00,1.513570e+00,1.409251e+00,1.611523e+00,1.499814e+00,1.463459e+00,1.370154e+00,1.453373e+00,1.514044e+00,1.372469e+00,1.639060e+00,1.351481e+00,1.474195e+00,1.666362e+00,1.469191e+00,1.458131e+00,1.644057e+00,1.386576e+00,1.327522e+00,1.565214e+00,1.561496e+00,1.568016e+00,1.426372e+00,1.556255e+00,1.374475e+00,1.424558e+00,1.480346e+00,1.573518e+00,1.388753e+00,1.336077e+00,1.563460e+00,1.444762e+00,1.672678e+00,1.529264e+00,1.547196e+00,1.417134e+00,1.540785e+00,1.421176e+00,1.474366e+00,1.639331e+00,1.632078e+00,1.582822e+00,1.546857e+00,1.467623e+00,1.397354e+00,1.449444e+00,1.291322e+00,1.382207e+00,1.493375e+00
1.452610e+00,1.458498e+00,1.468222e+00,1.524982e+00,1.433289e+00,1.658725e+00,1.558637e+00,1.542783e+00,1.440939e+00,1.621548e+00,1.335802e+00,1.554167e+00,1.496614e+00,1.490775e+00,1.636706e+00,1.456451e+00,1.420477e+00,1.593459e+00,1.548400e+00,1.274889e+00,1.446428e+00,1.572848e+00,1.469795e+00,1.404700e+00,1.350469e+00,1.461590e+00,1.411092e+00,1.388251e+00,1.531167e+00,1.506445e+00,1.319840e+00,1.391174e+00,1.540797e+00,1.496116e+00,1.393743e+00,1.467787e+00,1.424828e+00,1.431747e+00,1.588719e+00,1.546104e+00,2.032896e+00,1.451964e+00,1.653314e+00,1.345241e+00,1.504459e+00,1.360417e+00,1.312914e+00,1.351407e+00,1.656367e+00,1.358982e+00,1.499118e+00,1.468935e+00,1.602949e+00,1.347560e+00,1.324321e+00,1.498128e+00,1.506252e+00,1.380665e+00,1.531362e+00,1.616948e+00,1.496239e+00,1.515218e+00,1.482942e+00,1.657267e+00,4.507640e+00,1.907083e+00,2.369003e+00,2.051152e+00,4.813734e+00,2.030203e+00,4.485289e+00,3.039520e+00,2.838700e+00,2.763452e+00,9.499907e+00,3.076340e+00,4.006196e+00,3.478346e+00,3.236991e+00,4.251230e+00,1.543551e+00,1.353139e+00,1.373824e+00,1.498226e+00,1.965878e+00,3.629686e+00,1.646274e+00,1.462970e+00,4.136011e+00,nan,2.084434e+00,2.111973e+00,nan,1.041866e+01,4.568454e+00,1.785394e+00,1.741337e+00,4.016930e+00,1.717304e+00,4.437990e+00,1.473755e+00,1.431672e+00,1.485623e+00,1.535597e+00,1.437410e+00,4.721983e+00,1.479874e+00,1.346577e+00,4.809582e+00,1.291100e+00,1.372944e+00,1.421302e+00,1.522332e+00,1.441709e+00,1.411448e+00,1.389403e+00,1.702733e+00,1.624244e+00,1.568366e+00,1.344740e+00,1.576820e+00,nan,1.813699e+00,1.364474e+00,1.536795e+00,1.527706e+00,3.540633e+00,2.516756e+00,4.191707e+00,1.846722e+00,3.359970e+00,1.572200e+00,1.499809e+00,1.706743e+00,1.460068e+00,1.909589e+00,nan,1.335464e+00,1.290183e+00,1.532826e+00,1.516475e+00,1.531562e+00,1.321423e+00,1.498096e+00,1.595357e+00,1.495399e+00,1.672380e+00,2.057967e+00,3.324028e+00,2.186050e+00,3.185362e+00,1.880352e+00,2.449072e+00,4.925922e+00,2.072849e+00,4.643289e+00,1.605341e+00,1.659809e+00,1.585654e+00,1.536429e+00,1.514896e+00,1.413055e+00,1.366493e+00,1.500814e+00,1.453366e+00,1.520116e+00,1.415505e+00,2.447235e+00,1.533332e+00,1.343525e+00,1.556866e+00,1.507746e+00,1.352297e+00,1.596208e+00,1.452217e+00,1.356309e+00,1.402872e+00,1.538524e+00,1.377967e+00,1.496627e+00,1.379008e+00,1.676006e+00,1.517635e+00,1.423222e+00,1.435563e+00,1.529501e+00,1.570600e+00,1.369812e+00,1.707882e+00,1.450699e+00,1.306189e+00,1.681178e+00,1.413694e+00,1.610676e+00,1.447037e+00,1.543647e+00,1.544950e+00,1.428996e+00,1.443484e+00,1.304434e+00,1.627954e+00,1.449569e+00,1.466764e+00,1.525853e+00,1.527619e+00,1.350175e+00,1.464954e+00,1.281331e+00,1.340242e+00,1.502534e+00,1.479200e+00,1.530035e+00,1.514019e+00,1.605370e+00,1.468824e+00
1.441978e+00,1.431081e+00,1.588277e+00,1.288712e+00,1.453614e+00,1.518250e+00,1.461757e+00,1.287923e+00,1.308198e+00,1.329379e+00,1.434771e+00,1.526391e+00,1.249465e+00,1.444499e+00,1.460947e+00,1.271367e+00,1.392381e+00,1.406495e+00,1.382884e+00,1.428906e+00,1.377286e+00,1.287429e+00,1.295909e+00,1.643379e+00,1.526573e+00,1.469919e+00,1.538901e+00,1.487123e+00,1.319845e+00,1.608569e+00,1.333589e+00,1.504471e+00,1.420669e+00,1.454527e+00,1.462520e+00,1.478832e+00,1.639132e+00,1.449148e+00,1.705346e+00,1.603591e+00,1.348803e+00,1.393857e+00,1.584424e+00,1.599985e+00,1.426910e+00,1.396256e+00,1.471857e+00,1.533797e+00,1.470851e+00,1.460679e+00,1.358006e+00,1.439025e+00,1.409669e+00,1.491737e+00,1.324084e+00,1.331649e+00,1.516520e+00,1.551712e+00,1.631549e+00,1.512312e+00,3.283842e+00,1.431402e+00,1.654247e+00,5.046011e+00,9.086658e+00,1.546916e+00,3.839485e+00,1.364535e+00,3.991115e+00,5.024885e+00,3.568650e+00,1.982429e+00,1.735010e+00,1.331934e+00,2.665785e+00,5.216998e+00,4.802093e+00,1.617069e+00,4.230647e+00,2.377497e+00,1.953272e+00,2.077884e+00,5.288459e+00,3.230587e+00,5.369726e+00,9.822830e+00,2.835117e+00,1.716517e+00,9.018553e+00,1.982265e+00,8.826075e+00,4.224463e+00,2.120748e+00,3.181558e+00,4.313179e+00,8.840512e+00,2.880412e+00,1.787157e+00,1.716489e+00,1.621841e+00,1.314357e+00,1.366403e+00,1.306222e+00,1.573676e+00,1.407207e+00,1.637794e+00,1.422702e+00,1.399439e+00,1.392474e+00,1.576714e+00,1.454510e+00,2.390493e+00,2.879603e+00,1.432773e+00,1.530691e+00,1.586332e+00,1.401072e+00,1.473923e+00,1.466214e+00,1.581143e+00,3.115364e+00,3.565673e+00,1.387739e+00,3.187123e+00,4.245345e+00,1.421018e+00,1.769991e+00,1.287803e+00,1.640307e+00,1.949470e+00,1.388786e+00,1.504473e+00,1.607091e+00,3.677184e+00,1.616870e+00,2.499548e+00,1.554829e+00,1.479744e+00,1.439126e+00,1.535270e+00,1.479364e+00,1.490991e+00,1.543086e+00,1.510477e+00,1.559230e+00,1.601935e+00,1.491665e+00,1.485699e+00,1.267754e+00,1.420486e+00,2.257243e+00,2.068805e+00,1.039103e+01,1.612767e+00,3.999663e+00,2.809996e+00,1.708889e+00,2.012132e+00,1.918763e+00,1.622661e+00,1.553933e+00,1.477736e+00,1.389383e+00,1.275595e+00,1.419594e+00,1.393553e+00,1.449125e+00,1.524597e+00,1.713032e+00,1.487635e+00,1.564796e+00,1.530387e+00,1.711644e+00,1.462982e+00,1.370930e+00,1.534814e+00,1.470151e+00,1.282714e+00,1.607394e+00,1.530494e+00,1.506611e+00,1.378593e+00,1.336441e+00,1.504254e+00,1.527679e+00,1.611306e+00,1.599318e+00,1.340689e+00,1.509710e+00,1.676151e+00,1.469785e+00,1.275645e+00,1.424311e+00,1.504459e+00,1.279739e+00,1.516761e+00,1.453340e+00,1.364067e+00,1.356206e+00,1.479944e+00,1.347062e+00,1.419701e+00,1.366314e+00,1.406416e+00,1.372684e+00,1.521936e+00,1.437332e+00,1.569313e+00,1.425190e+00,1.495614e+00,1.214019e+00,1.285415e+00,1.393390e+00,1.361267e+00,1.380185e+00
1.278569e+00,1.389866e+00,1.461691e+00,1.811171e+00,1.487628e+00,1.460236e+00,1.435804e+00,1.348645e+00,1.478426e+00,1.638866e+00,1.434439e+00,1.420608e+00,1.633922e+00,1.331653e+00,1.313112e+00,1.454060e+00,1.447613e+00,1.597559e+00,1.539693e+00,1.562847e+00,1.499107e+00,1.460973e+00,1.388870e+00,1.535483e+00,1.478183e+00,1.505406e+00,1.534011e+00,1.319822e+00,1.453547e+00,1.317874e+00,1.430328e+00,1.256211e+00,1.329546e+00,1.494152e+00,1.348487e+00,1.447341e+00,1.550332e+00,1.585553e+00,1.439469e+00,1.403828e+00,1.382637e+00,1.450493e+00,1.248932e+00,1.204527e+00,1.303437e+00,1.515447e+00,1.485155e+00,1.488888e+00,1.434337e+00,1.435003e+00,1.376511e+00,1.328902e+00,1.581133e+00,1.456355e+00,1.483051e+00,1.480085e+00,1.278635e+00,1.566268e+00,1.530993e+00,1.866251e+00,1.472952e+00,1.498784e+00,2.618030e+00,1.717938e+00,2.852697e+00,3.671865e+00,1.957433e+00,1.632912e+00,1.501205e+00,1.332922e+00,1.337465e+00,2.541457e+00,1.609274e+00,2.817370e+00,1.421089e+00,4.658150e+00,1.929470e+00,1.423825e+00,2.683118e+00,1.359570e+00,2.329630e+00,1.392670e+00,2.752604e+00,2.791077e+00,1.649421e+00,4.124128e+00,3.223886e+00,4.254966e+00,3.058971e+00,1.598947e+00,2.253029e+00,1.739147e+00,3.797362e+00,1.544972e+00,1.605833e+00,1.971145e+00,1.704479e+00,1.498084e+00,1.278072e+00,4.322037e+00,1.825290e+00,1.250689e+00,1.449732e+00,1.521915e+00,1.393007e+00,1.352068e+00,1.445357e+00,1.479768e+00,1.524282e+00,1.388007e+00,1.482510e+00,1.589978e+00,1.590867e+00,1.390897e+00,1.447710e+00,1.354420e+00,1.389692e+00,1.483603e+00,1.731461e+00,1.806313e+00,2.488815e+00,4.665686e+00,1.538885e+00,1.271486e+00,3.794228e+00,4.007148e+00,3.540530e+00,5.584360e+00,1.691948e+00,1.827968e+00,1.901694e+00,1.848298e+00,2.179434e+00,2.146441e+00,2.008403e+00,2.000121e+00,1.483472e+00,1.361820e+00,1.349089e+00,1.607025e+00,1.429254e+00,1.418124e+00,1.822610e+00,1.424341e+00,1.327614e+00,1.270344e+00,1.379622e+00,1.430398e+00,1.373360e+00,3.714647e+00,1.453078e+00,2.872790e+00,1.710235e+00,4.546116e+00,2.250077e+00,2.813703e+00,1.522191e+00,2.446217e+00,1.810937e+00,2.169975e+00,1.339536e+00,1.462965e+00,1.447450e+00,1.386705e+00,1.410330e+00,1.402670e+00,1.521120e+00,1.592313e+00,1.360781e+00,1.419928e+00,1.315868e+00,1.443524e+00,1.518153e+00,1.400744e+00,1.430802e+00,1.510554e+00,1.693315e+00,1.443459e+00,1.426143e+00,1.550633e+00,1.438139e+00,1.300601e+00,1.428888e+00,1.509850e+00,1.391402e+00,1.382236e+00,1.405313e+00,1.340359e+00,1.537958e+00,1.541646e+00,1.197428e+00,1.323262e+00,1.358249e+00,1.432934e+00,1.520426e+00,1.517512e+00,1.326999e+00,1.384929e+00,1.410490e+00,1.649492e+00,1.370451e+00,1.524970e+00,1.394302e+00,1.368525e+00,1.310713e+00,1.546356e+00,1.386732e+00,1.363241e+00,1.416814e+00,1.575140e+00,1.355945e+00,1.558207e+00,1.516961e+00,1.499569e+00,1.576907e+00
1.390780e+00,1.471574e+00,1.516887e+00,1.445571e+00,1.500297e+00,1.356435e+00,1.429022e+00,1.481488e+00,1.597752e+00,1.400483e+00,1.361690e+00,1.451774e+00,1.372609e+00,1.280374e+00,1.517023e+00,1.510588e+00,1.389680e+00,1.449742e+00,1.507980e+00,1.351867e+00,1.513645e+00,1.413521e+00,1.478091e+00,1.301554e+00,1.541087e+00,1.341010e+00,1.706815e+00,1.593137e+00,1.321896e+00,1.398642e+00,1.378883e+00,1.431914e+00,1.501489e+00,1.373402e+00,1.530166e+00,1.342613e+00,1.550095e+00,1.371269e+00,1.539444e+00,1.404266e+00,1.424894e+00,1.529451e+00,1.620860e+00,1.320964e+00,1.506727e+00,1.324375e+00,1.500661e+00,1.486749e+00,1.340512e+00,1.438411e+00,1.522400e+00,1.429225e+00,1.411899e+00,1.457478e+00,1.463582e+00,1.416420e+00,1.778021e+00,4.742052e+00,1.770100e+00,1.381175e+00,1.505203e+00,3.991564e+00,4.602933e+00,1.040916e+01,3.546932e+00,2.229929e+00,1.658919e+00,1.711394e+00,1.336944e+00,1.811478e+00,1.027575e+01,7.822076e+00,1.552809e+00,1.495539e+00,4.532098e+00,1.298514e+00,1.303202e+00,2.590306e+00,2.001883e+00,1.468915e+00,1.318162e+00,3.401452e+00,2.112713e+00,1.024673e+01,9.644840e+00,8.382672e+00,1.571841e+00,1.550889e+00,1.536815e+00,9.167710e+00,1.573503e+00,1.310131e+00,2.050028e+00,2.474492e+00,1.743606e+00,3.913414e+00,1.609003e+00,1.887611e+00,1.656331e+00,1.567390e+00,1.830480e+00,1.375883e+00,1.514580e+00,1.496533e+00,1.610712e+00,1.650503e+00,1.408811e+00,1.314876e+00,1.629348e+00,1.322355e+00,1.472833e+00,1.437006e+00,1.345259e+00,1.478863e+00,1.479914e+00,1.332649e+00,1.403298e+00,1.483090e+00,3.515967e+00,1.480571e+00,1.462086e+00,nan,4.788595e+00,3.176018e+00,1.799929e+00,1.822600e+00,2.133085e+00,1.401817e+00,2.510925e+00,3.431994e+00,1.333466e+00,1.795127e+00,1.955956e+00,1.454935e+00,1.781610e+00,1.266713e+00,1.369427e+00,1.207738e+00,1.273034e+00,1.307560e+00,1.472150e+00,1.282740e+00,2.493103e+00,1.409728e+00,1.302717e+00,1.477878e+00,1.505760e+00,1.465125e+00,1.680831e+00,3.335880e+00,1.618993e+00,2.366560e+00,3.614731e+00,8.308402e+00,1.570256e+00,1.539484e+00,8.886588e+00,2.134135e+00,8.088142e+00,1.342776e+00,nan,1.861121e+00,1.731312e+00,1.393975e+00,1.412953e+00,1.673139e+00,1.554936e+00,1.486206e+00,1.405757e+00,1.657012e+00,2.554384e+00,1.448044e+00,1.367503e+00,1.430859e+00,1.452934e+00,1.304967e+00,1.448219e+00,1.470642e+00,1.429831e+00,1.217592e+00,1.331106e+00,1.510028e+00,1.502198e+00,1.391901e+00,1.347168e+00,1.633827e+00,1.329200e+00,1.328699e+00,1.442103e+00,1.458916e+00,1.426030e+00,1.462810e+00,1.540756e+00,1.450653e+00,1.381772e+00,1.453626e+00,1.464952e+00,1.464894e+00,1.327886e+00,1.531700e+00,1.401209e+00,1.394802e+00,1.505696e+00,1.467466e+00,1.474762e+00,1.470752e+00,1.338058e+00,1.387454e+00,1.487031e+00,1.641152e+00,1.483655e+00,1.602595e+00,1.602817e+00,1.219488e+00,1.503857e+00
1.391765e+00,1.434314e+00,1.331333e+00,1.445591e+00,1.457716e+00,1.563311e+00,1.608106e+00,1.478561e+00,1.555501e+00,1.371297e+00,1.536762e+00,1.588280e+00,1.558335e+00,1.368384e+00,1.503156e+00,1.360036e+00,1.510271e+00,1.482380e+00,1.390312e+00,1.307485e+00,1.469300e+00,1.651053e+00,1.710176e+00,1.379395e+00,1.416589e+00,1.271796e+00,1.604133e+00,1.393415e+00,1.535018e+00,1.432956e+00,1.487155e+00,1.381421e+00,1.297526e+00,1.439945e+00,1.560544e+00,1.374463e+00,1.337295e+00,1.530819e+00,1.375455e+00,1.448465e+00,1.343705e+00,1.257479e+00,1.429728e+00,1.402712e+00,1.488036e+00,1.367475e+00,1.591416e+00,1.400913e+00,1.469192e+00,1.510484e+00,1.352337e+00,1.511332e+00,1.308788e+00,1.494262e+00,1.672052e+00,1.417515e+00,1.652160e+00,3.195386e+00,1.574864e+00,2.222829e+00,3.818278e+00,1.485906e+00,1.992259e+00,2.111643e+00,1.781160e+00,1.391874e+00,1.469092e+00,2.098693e+00,1.545737e+00,3.936348e+00,2.702740e+00,2.773970e+00,9.273339e+00,4.033878e+00,5.539263e+00,1.443719e+00,1.528208e+00,1.377341e+00,1.687133e+00,3.824178e+00,9.407304e+00,4.574902e+00,4.615768e+00,1.492123e+00,1.970860e+00,1.405205e+00,1.375935e+00,4.963027e+00,3.373721e+00,4.856286e+00,2.004539e+00,2.260898e+00,2.652666e+00,3.691675e+00,5.262569e+00,2.861041e+00,1.680622e+00,1.578738e+00,4.743851e+00,1.431141e+00,2.251284e+00,1.713025e+00,3.715414e+00,1.396539e+00,1.525770e+00,1.399511e+00,1.372847e+00,1.384608e+00,1.571000e+00,1.619018e+00,1.479497e+00,1.458722e+00,1.379357e+00,1.425781e+00,1.412803e+00,1.410094e+00,2.426455e+00,1.381385e+00,2.715074e+00,4.440906e+00,4.690939e+00,1.329744e+00,2.828157e+00,1.400977e+00,3.042293e+00,3.221512e+00,5.127971e+00,1.501518e+00,1.549793e+00,3.958139e+00,1.381852e+00,1.710805e+00,2.488156e+00,1.528578e+00,1.422523e+00,1.525598e+00,1.302245e+00,1.578241e+00,1.331210e+00,1.519709e+00,1.510058e+00,1.361659e+00,1.270632e+00,1.426920e+00,1.361078e+00,1.541060e+00,1.475875e+00,1.519202e+00,2.366233e+00,2.321084e+00,1.423308e+00,1.671938e+00,1.613266e+00,2.019040e+00,1.487209e+00,3.883913e+00,4.283791e+00,1.881784e+00,nan,4.326266e+00,4.043898e+00,1.373687e+00,1.317978e+00,1.498351e+00,1.407300e+00,1.407558e+00,1.362949e+00,1.360783e+00,1.440257e+00,1.525011e+00,3.945141e+00,1.361866e+00,1.342687e+00,1.405168e+00,1.466597e+00,1.307568e+00,1.330019e+00,1.468076e+00,1.185179e+00,1.542926e+00,1.559437e+00,1.561582e+00,1.485892e+00,1.491050e+00,1.410316e+00,1.423159e+00,1.245477e+00,1.488364e+00,1.390330e+00,1.420211e+00,1.351885e+00,1.475147e+00,1.484173e+00,1.582183e+00,1.268553e+00,1.389705e+00,1.338169e+00,1.572852e+00,1.362365e+00,1.379906e+00,1.439347e+00,1.428506e+00,1.393168e+00,1.489797e+00,1.493009e+00,1.401953e+00,1.541653e+00,1.268500e+00,1.287932e+00,1.420535e+00,1.463019e+00,1.379061e+00,1.585254e+00,1.427165e+00,1.647510e+00
1.361452e+00,1.510687e+00,1.411279e+00,1.554682e+00,1.557566e+00,1.602709e+00,1.455460e+00,1.444871e+00,1.409135e+00,1.475726e+00,1.476285e+00,1.521749e+00,1.556270e+00,1.517349e+00,1.557811e+00,1.391453e+00,1.521118e+00,1.384749e+00,1.437795e+00,1.513894e+00,1.424894e+00,1.704242e+00,1.455761e+00,1.406535e+00,1.485059e+00,1.555728e+00,1.493409e+00,1.595418e+00,1.450730e+00,1.439135e+00,1.316052e+00,1.621851e+00,1.485691e+00,1.536940e+00,1.596428e+00,1.639227e+00,1.543298e+00,1.522500e+00,1.538045e+00,1.501913e+00,1.466524e+00,1.526937e+00,1.577514e+00,1.488879e+00,1.366897e+00,1.392743e+00,1.681720e+00,1.472234e+00,1.535151e+00,1.373579e+00,1.519795e+00,1.494314e+00,1.559047e+00,1.486612e+00,1.599223e+00,3.015228e+00,1.597317e+00,2.003746e+00,9.869322e+00,3.440866e+00,1.040440e+01,2.985096e+00,1.041866e+01,nan,3.528835e+00,2.288074e+00,3.219530e+00,5.161967e+00,4.389655e+00,1.749073e+00,1.921540e+00,5.091724e+00,2.335079e+00,1.468607e+00,1.777705e+00,2.840650e+00,1.997905e+00,2.263662e+00,1.997290e+00,2.117276e+00,1.431407e+00,1.458635e+00,3.331685e+00,3.915924e+00,5.865800e+00,1.611688e+00,5.173028e+00,2.269053e+00,1.758041e+00,1.513550e+00,2.825946e+00,1.471368e+00,2.032129e+00,4.003152e+00,4.525705e+00,4.511308e+00,1.687139e+00,1.324679e+00,8.853084e+00,4.410436e+00,1.769681e+00,1.397570e+00,2.724682e+00,3.438625e+00,2.518201e+00,1.684277e+00,1.561109e+00,1.487838e+00,1.960881e+00,1.483614e+00,1.471668e+00,1.611029e+00,1.442499e+00,1.450929e+00,1.353053e+00,1.544256e+00,3.364764e+00,1.465927e+00,1.465459e+00,4.834377e+00,1.425627e+00,1.530231e+00,1.579350e+00,1.289328e+00,1.526231e+00,2.657307e+00,9.832959e+00,1.526669e+00,4.004363e+00,1.630341e+00,1.645285e+00,1.655049e+00,4.503404e+00,1.314211e+00,1.527184e+00,1.392816e+00,1.477319e+00,1.410490e+00,1.552844e+00,1.481158e+00,1.475805e+00,1.537725e+00,1.488989e+00,1.256879e+00,1.563543e+00,1.434753e+00,1.398374e+00,1.363864e+00,1.580165e+00,4.065589e+00,1.447372e+00,2.070417e+00,1.607604e+00,2.910033e+00,1.427529e+00,3.538224e+00,1.540048e+00,2.447529e+00,2.251555e+00,2.978007e+00,2.963708e+00,3.730644e+00,1.567023e+00,2.454599e+00,1.995019e+00,1.304841e+00,1.487476e+00,1.434303e+00,1.614635e+00,1.563769e+00,1.516424e+00,1.478694e+00,1.939078e+00,1.542073e+00,1.469159e+00,1.544734e+00,1.420144e+00,1.592377e+00,1.476729e+00,1.358479e+00,1.439937e+00,1.499696e+00,1.483695e+00,1.460014e+00,1.346135e+00,1.507511e+00,1.388106e+00,1.430144e+00,1.518593e+00,1.511734e+00,1.424937e+00,1.619478e+00,1.469833e+00,1.340849e+00,1.450507e+00,1.338962e+00,1.573874e+00,1.501982e+00,1.291723e+00,1.525191e+00,1.402192e+00,1.422453e+00,1.347216e+00,1.508764e+00,1.585878e+00,1.591978e+00,1.428647e+00,1.409218e+00,1.179039e+00,1.483662e+00,1.456955e+00,1.362923e+00,1.411581e+00,1.361693e+00,1.541145e+00
1.379528e+00,1.425947e+00,1.604264e+00,1.615520e+00,1.357351e+00,1.364545e+00,1.290141e+00,1.434326e+00,1.524719e+00,1.350869e+00,1.313237e+00,1.325764e+00,1.304117e+00,1.325950e+00,1.441587e+00,1.376794e+00,1.641206e+00,1.383769e+00,1.362964e+00,1.320055e+00,1.483429e+00,1.540654e+00,1.475455e+00,1.429996e+00,1.585849e+00,1.484060e+00,1.396163e+00,1.478606e+00,1.453648e+00,1.633895e+00,1.609847e+00,1.531223e+00,1.487700e+00,1.382839e+00,1.560567e+00,1.462175e+00,1.529231e+00,1.487848e+00,1.454178e+00,1.575027e+00,1.488483e+00,1.709591e+00,1.453148e+00,1.604859e+00,1.489684e+00,1.390841e+00,1.405540e+00,1.321126e+00,1.527465e+00,1.453868e+00,1.520524e+00,1.651437e+00,1.683731e+00,2.461416e+00,2.230925e+00,1.943140e+00,1.742535e+00,1.680634e+00,1.440380e+00,1.735405e+00,2.834770e+00,1.036145e+01,4.880514e+00,2.494502e+00,2.425641e+00,3.335534e+00,2.749404e+00,1.402860e+00,1.463167e+00,1.648887e+00,4.340556e+00,1.692771e+00,3.575088e+00,2.455449e+00,1.570325e+00,3.852926e+00,2.121821e+00,nan,4.446271e+00,1.519573e+00,2.206243e+00,nan,1.575401e+00,2.697220e+00,1.041866e+01,1.446789e+00,2.939365e+00,9.701651e+00,3.450953e+00,2.084645e+00,2.143749e+00,2.376124e+00,1.642259e+00,2.103537e+00,1.330917e+00,2.060035e+00,1.997363e+00,2.649878e+00,1.727378e+00,4.075943e+00,2.087081e+00,3.121643e+00,1.501537e+00,2.134470e+00,2.429257e+00,1.542669e+00,5.040106e+00,1.563440e+00,1.507133e+00,1.437901e+00,1.511203e+00,1.603659e+00,1.991345e+00,4.457874e+00,2.156525e+00,3.873050e+00,1.600235e+00,2.622613e+00,1.764721e+00,2.843289e+00,2.914554e+00,1.515366e+00,2.269858e+00,1.443747e+00,3.080861e+00,1.025803e+01,1.486357e+00,1.478777e+00,1.823996e+00,1.664508e+00,1.581897e+00,1.559891e+00,1.514169e+00,1.434123e+00,1.403269e+00,1.772993e+00,1.466968e+00,1.450061e+00,1.338758e+00,1.477183e+00,1.699431e+00,1.597886e+00,1.531267e+00,1.319955e+00,1.433222e+00,1.430591e+00,1.333099e+00,1.508377e+00,1.490573e+00,1.675982e+00,6.200986e+00,3.315954e+00,2.261434e+00,1.784367e+00,7.568738e+00,4.341350e+00,2.499952e+00,1.414508e+00,2.260265e+00,nan,1.337901e+00,2.106978e+00,3.528140e+00,1.395808e+00,2.321011e+00,1.722699e+00,2.021199e+00,1.431970e+00,1.510451e+00,1.419621e+00,1.512118e+00,1.362229e+00,4.572822e+00,1.667541e+00,1.438949e+00,1.487633e+00,1.653056e+00,1.449006e+00,1.419668e+00,1.536721e+00,1.435250e+00,1.555988e+00,1.464097e+00,1.582696e+00,1.236026e+00,1.545611e+00,1.500296e+00,1.429444e+00,1.442719e+00,1.455317e+00,1.438773e+00,1.597615e+00,1.457691e+00,1.547185e+00,1.649724e+00,1.417633e+00,1.506375e+00,1.437989e+00,1.390636e+00,1.401940e+00,1.592762e+00,1.445103e+00,1.602412e+00,1.486834e+00,1.700027e+00,1.498440e+00,1.320300e+00,1.296474e+00,1.378642e+00,1.411202e+00,1.544542e+00,1.513998e+00,1.402232e+00,1.569463e+00,1.423808e+00
1.556286e+00,1.583563e+00,1.278297e+00,1.440471e+00,1.344403e+00,1.406735e+00,1.461933e+00,1.540792e+00,1.488588e+00,1.567633e+00,1.498859e+00,1.600939e+00,1.515847e+00,1.419904e+00,1.490231e+00,1.405497e+00,1.443900e+00,1.362506e+00,1.708968e+00,1.403488e+00,1.373788e+00,1.402434e+00,1.544557e+00,1.330602e+00,1.358931e+00,1.445930e+00,1.380982e+00,1.564465e+00,1.433132e+00,1.518170e+00,1.516732e+00,1.485501e+00,1.655439e+00,1.352666e+00,1.626152e+00,1.494256e+00,1.402325e+00,1.592672e+00,1.573478e+00,1.436431e+00,1.484739e+00,1.583212e+00,1.461118e+00,1.566736e+00,1.460212e+00,1.467000e+00,1.633027e+00,1.373763e+00,1.439161e+00,1.493887e+00,1.607972e+00,1.514681e+00,1.375677e+00,1.883287e+00,2.089763e+00,1.728372e+00,2.703516e+00,3.427136e+00,1.342032e+00,1.591983e+00,2.005734e+00,1.528369e+00,1.406172e+00,4.339124e+00,5.097659e+00,3.360672e+00,4.886684e+00,2.546990e+00,3.973097e+00,3.468603e+00,4.512122e+00,3.010920e+00,1.980731e+00,1.459530e+00,9.532177e+00,1.926786e+00,3.708329e+00,2.604840e+00,1.039155e+01,1.957056e+00,1.575492e+00,1.555777e+00,2.597953e+00,1.410624e+00,1.396029e+00,1.500258e+00,3.739600e+00,1.661359e+00,1.543082e+00,4.562477e+00,4.893892e+00,2.167482e+00,2.189804e+00,4.265557e+00,1.668227e+00,1.548206e+00,2.201783e+00,1.721596e+00,4.391306e+00,2.054002e+00,nan,2.917752e+00,1.587028e+00,1.458055e+00,3.787638e+00,2.911633e+00,1.410541e+00,1.664114e+00,1.593713e+00,1.508253e+00,1.691683e+00,1.793899e+00,1.041866e+01,2.204551e+00,1.562450e+00,2.108171e+00,1.613219e+00,6.896714e+00,9.808092e+00,3.583742e+00,2.217387e+00,1.400675e+00,3.689463e+00,1.647846e+00,2.632043e+00,4.191131e+00,4.074417e+00,1.353372e+00,3.077838e+00,1.833699e+00,1.480599e+00,1.651527e+00,1.485748e+00,1.544748e+00,1.701296e+00,1.678892e+00,1.359381e+00,1.877043e+00,1.490797e+00,1.388847e+00,1.712996e+00,1.408970e+00,1.338604e+00,1.403457e+00,3.042274e+00,1.448449e+00,1.454701e+00,1.603027e+00,3.663201e+00,2.334596e+00,3.034421e+00,3.276068e+00,4.078694e+00,2.342380e+00,4.770071e+00,1.041866e+01,7.058186e+00,4.787660e+00,3.531160e+00,1.032316e+01,1.707818e+00,1.499996e+00,3.212689e+00,3.196592e+00,1.670991e+00,1.492698e+00,1.548382e+00,1.644643e+00,1.490500e+00,1.424478e+00,1.562279e+00,1.620738e+00,1.468279e+00,1.487101e+00,1.594516e+00,1.474458e+00,1.608469e+00,1.720272e+00,1.514234e+00,1.622142e+00,1.308123e+00,1.524532e+00,1.426802e+00,1.687042e+00,1.575458e+00,1.451346e+00,1.387116e+00,1.370401e+00,1.541956e+00,1.739571e+00,1.640062e+00,1.439474e+00,1.688114e+00,1.612854e+00,1.495961e+00,1.411780e+00,1.497217e+00,1.440919e+00,1.445771e+00,1.583954e+00,1.521207e+00,1.618769e+00,1.444557e+00,1.548564e+00,1.607289e+00,1.438236e+00,1.497902e+00,1.550852e+00,1.409331e+00,1.355542e+00,1.616251e+00,1.757161e+00,1.429638e+00,1.642435e+00,1.525251e+00
1.663639e+00,1.676418e+00,1.515691e+00,1.385312e+00,1.625204e+00,1.641322e+00,1.492598e+00,1.266963e+00,1.443648e+00,1.635251e+00,1.521910e+00,1.537590e+00,1.490409e+00,1.381227e+00,1.682692e+00,1.475171e+00,1.465742e+00,1.595186e+00,1.425215e+00,1.395775e+00,1.449160e+00,1.461891e+00,1.341736e+00,1.287188e+00,1.501987e+00,1.467426e+00,1.410238e+00,1.595923e+00,1.580897e+00,1.591444e+00,1.363145e+00,1.525397e+00,1.469956e+00,1.715230e+00,1.598458e+00,1.466548e+00,1.725434e+00,1.388802e+00,1.761545e+00,1.559179e+00,1.403533e+00,1.645712e+00,1.316038e+00,1.587874e+00,1.539606e+00,1.508675e+00,1.519673e+00,1.645438e+00,1.712243e+00,1.420910e+00,1.430246e+00,2.180338e+00,2.537547e+00,1.688537e+00,1.607065e+00,2.042083e+00,1.402498e+00,2.542003e+00,2.153576e+00,1.470103e+00,1.567770e+00,4.048493e+00,1.785371e+00,3.554578e+00,nan,3.374338e+00,1.525406e+00,4.524942e+00,4.498071e+00,2.273387e+00,4.161116e+00,4.940453e+00,4.285793e+00,2.192543e+00,1.392096e+00,3.339364e+00,2.399117e+00,1.437887e+00,5.229792e+00,1.590098e+00,2.018021e+00,2.334579e+00,3.246509e+00,1.512602e+00,2.199730e+00,1.726519e+00,1.558797e+00,5.009964e+00,1.436059e+00,1.845872e+00,3.947655e+00,5.041930e+00,1.680632e+00,4.375147e+00,1.571665e+00,1.452803e+00,1.599452e+00,3.640476e+00,4.573083e+00,1.555938e+00,4.300460e+00,2.198543e+00,1.576840e+00,3.388045e+00,2.380680e+00,1.883246e+00,2.483971e+00,1.723291e+00,1.430196e+00,1.386352e+00,1.516675e+00,1.413962e+00,4.264532e+00,1.336056e+00,1.506250e+00,1.361262e+00,3.359839e+00,1.481574e+00,2.194509e+00,1.648836e+00,1.462046e+00,1.379011e+00,1.476792e+00,1.857263e+00,1.388881e+00,3.808154e+00,6.764818e+00,2.136122e+00,1.704715e+00,1.956286e+00,2.906280e+00,1.426467e+00,1.515670e+00,1.564851e+00,1.639319e+00,1.408768e+00,1.582569e+00,1.442443e+00,1.511240e+00,1.579094e+00,1.474810e+00,1.506891e+00,1.435454e+00,1.567745e+00,1.570418e+00,3.877830e+00,1.500492e+00,1.808806e+00,1.487349e+00,1.712387e+00,1.755934e+00,1.665013e+00,2.539824e+00,3.833728e+00,3.454185e+00,1.796659e+00,4.097616e+00,1.467587e+00,1.652504e+00,1.356936e+00,3.926732e+00,4.797647e+00,3.124634e+00,1.473162e+00,9.606992e+00,2.185880e+00,3.119917e+00,1.981493e+00,1.572894e+00,1.739968e+00,1.555219e+00,1.607776e+00,1.623993e+00,1.524132e+00,1.466880e+00,1.930725e+00,1.361972e+00,1.445680e+00,1.667097e+00,1.460989e+00,1.575441e+00,1.815394e+00,1.590150e+00,1.477696e+00,1.391423e+00,1.620539e+00,1.450672e+00,1.498978e+00,1.501998e+00,1.542620e+00,1.668658e+00,1.519651e+00,1.515256e+00,1.608487e+00,1.737215e+00,1.560827e+00,1.497499e+00,1.602683e+00,1.417458e+00,1.527393e+00,1.605799e+00,1.470866e+00,1.337008e+00,1.568105e+00,1.524420e+00,1.534374e+00,1.451440e+00,1.446185e+00,1.532847e+00,1.403891e+00,1.451373e+00,1.486936e+00,1.456309e+00,1.446214e+00,1.555086e+00
1.773974e+00,1.404806e+00,1.514754e+00,1.547809e+00,1.501257e+00,1.620673e+00,1.615232e+00,1.721303e+00,1.618215e+00,1.417912e+00,1.395989e+00,1.530681e+00,1.608902e+00,1.429843e+00,1.442149e+00,1.477324e+00,1.474456e+00,1.566125e+00,1.562615e+00,1.509834e+00,1.622454e+00,1.448490e+00,1.428585e+00,1.441411e+00,1.546875e+00,1.515444e+00,1.529294e+00,1.433371e+00,1.674460e+00,1.286329e+00,1.611049e+00,1.467220e+00,1.580875e+00,1.620180e+00,1.675621e+00,1.625125e+00,1.598521e+00,1.495849e+00,1.665537e+00,1.454649e+00,1.555086e+00,1.673807e+00,1.626991e+00,1.467766e+00,1.346995e+00,1.591242e+00,1.374339e+00,1.575420e+00,1.504201e+00,1.492200e+00,2.211626e+00,4.708554e+00,1.351436e+00,2.601740e+00,3.032631e+00,1.805782e+00,2.696623e+00,4.558648e+00,2.805848e+00,1.697699e+00,1.400064e+00,1.454716e+00,1.359043e+00,1.498147e+00,4.855427e+00,1.451271e+00,1.041866e+01,2.201759e+00,1.708374e+00,4.181382e+00,1.916987e+00,1.952156e+00,3.824648e+00,1.605333e+00,1.485928e+00,1.651756e+00,4.835874e+00,1.332599e+00,1.525891e+00,1.489132e+00,1.554714e+00,1.860050e+00,1.389580e+00,1.385664e+00,1.831472e+00,1.773419e+00,9.010317e+00,2.845793e+00,1.503428e+00,1.691725e+00,1.737765e+00,1.779183e+00,2.132369e+00,3.783499e+00,4.564502e+00,1.041866e+01,1.620806e+00,1.627601e+00,1.577670e+00,1.939757e+00,4.600841e+00,1.583423e+00,1.998143e+00,1.729148e+00,1.945693e+00,1.514368e+00,1.767609e+00,1.556340e+00,2.212963e+00,1.568149e+00,1.556644e+00,4.027581e+00,1.698827e+00,2.134821e+00,1.436099e+00,1.558583e+00,1.828793e+00,1.640156e+00,4.774564e+00,7.582357e+00,3.560605e+00,1.760789e+00,3.003376e+00,1.470844e+00,1.432862e+00,1.662858e+00,1.584273e+00,1.512049e+00,2.250122e+00,3.030901e+00,1.393225e+00,1.366672e+00,1.609709e+00,1.492713e+00,1.418906e+00,1.294519e+00,1.462932e+00,1.598623e+00,1.534200e+00,1.442696e+00,1.462410e+00,1.459813e+00,1.563315e+00,1.607247e+00,1.478109e+00,1.527438e+00,2.407764e+00,9.067450e+00,2.027615e+00,9.877011e+00,2.013533e+00,1.012330e+01,5.092944e+00,3.745500e+00,1.500470e+00,4.459861e+00,4.988039e+00,1.603314e+00,4.431846e+00,1.918735e+00,4.333981e+00,3.185490e+00,1.844882e+00,1.883523e+00,3.104076e+00,2.108448e+00,1.682465e+00,2.239156e+00,1.454094e+00,1.453992e+00,1.365084e+00,1.282876e+00,1.602134e+00,1.565056e+00,1.424284e+00,1.631154e+00,2.651867e+00,1.358301e+00,1.525768e+00,1.497789e+00,1.313062e+00,1.321130e+00,1.399676e+00,1.539328e+00,1.580798e+00,1.545919e+00,1.437467e+00,1.537855e+00,1.293273e+00,1.541567e+00,1.428624e+00,1.402785e+00,1.531506e+00,1.463711e+00,1.595084e+00,1.468252e+00,1.471794e+00,1.469688e+00,1.404091e+00,1.610919e+00,1.339036e+00,1.466158e+00,1.551964e+00,1.462875e+00,1.425410e+00,1.448359e+00,1.578039e+00,1.575688e+00,1.325529e+00,1.431674e+00,1.570951e+00,1.550369e+00,1.391186e+00,1.410241e+00,1.486477e+00
1.379982e+00,1.408884e+00,1.432018e+00,1.473248e+00,1.399749e+00,1.490491e+00,1.458119e+00,1.360418e+00,1.505995e+00,1.412830e+00,1.377864e+00,1.561952e+00,1.394086e+00,1.443765e+00,1.507965e+00,1.479017e+00,1.332465e+00,1.461025e+00,1.292464e+00,1.396240e+00,1.531552e+00,1.689495e+00,1.407681e+00,1.415637e+00,1.398169e+00,1.425069e+00,1.607975e+00,1.403844e+00,1.537537e+00,1.460160e+00,1.435534e+00,1.499816e+00,1.499262e+00,1.424921e+00,1.406159e+00,1.331357e+00,1.502070e+00,1.498118e+00,1.517366e+00,1.433961e+00,1.392172e+00,1.410352e+00,1.321736e+00,1.386956e+00,1.484067e+00,1.406746e+00,1.450954e+00,1.422311e+00,3.033963e+00,1.457357e+00,1.564489e+00,1.845362e+00,1.623929e+00,2.337231e+00,2.790762e+00,1.801002e+00,1.370603e+00,3.875711e+00,5.238169e+00,1.846125e+00,2.506029e+00,1.966964e+00,1.770447e+00,2.934446e+00,2.703257e+00,3.220823e+00,1.489213e+00,4.105375e+00,4.583965e+00,1.394401e+00,1.470857e+00,4.999681e+00,1.892256e+00,1.565136e+00,2.737839e+00,8.300156e+00,1.954865e+00,2.238118e+00,3.390206e+00,2.001660e+00,5.316343e+00,1.534508e+00,1.441136e+00,4.870759e+00,4.686110e+00,3.027651e+00,8.350695e+00,3.221967e+00,1.465651e+00,1.480673e+00,2.729543e+00,1.460083e+00,1.476217e+00,2.823704e+00,2.540288e+00,1.410755e+00,1.870621e+00,3.679215e+00,2.389101e+00,3.175611e+00,1.452313e+00,1.633385e+00,4.860707e+00,2.497299e+00,3.376795e+00,1.564713e+00,1.525646e+00,1.282890e+00,1.749568e+00,1.568927e+00,2.080618e+00,1.443002e+00,2.854313e+00,1.418807e+00,3.109352e+00,4.908549e+00,3.468831e+00,4.498682e+00,1.842441e+00,1.538673e+00,1.459206e+00,1.656716e+00,1.477040e+00,1.654472e+00,1.416939e+00,3.836893e+00,1.466562e+00,1.881483e+00,1.568811e+00,2.450257e+00,1.454317e+00,1.703300e+00,1.487306e+00,1.399912e+00,1.421795e+00,1.431263e+00,1.668064e+00,1.631258e+00,1.513532e+00,1.554639e+00,1.720795e+00,1.367131e+00,1.401534e+00,1.659137e+00,1.663813e+00,3.635493e+00,1.899048e+00,1.393529e+00,5.195654e+00,1.571634e+00,1.403243e+00,3.920608e+00,4.897022e+00,2.323143e+00,1.470438e+00,4.404372e+00,nan,1.526248e+00,1.544715e+00,1.465564e+00,1.677225e+00,1.536957e+00,3.268072e+00,2.495912e+00,2.144482e+00,9.971446e+00,1.495268e+00,1.659143e+00,1.446117e+00,1.601488e+00,1.810349e+00,1.561298e+00,1.571485e+00,1.508752e+00,1.452564e+00,1.583143e+00,1.564581e+00,2.201615e+00,1.455870e+00,1.759604e+00,1.534047e+00,1.521233e+00,1.252103e+00,1.510724e+00,1.403713e+00,1.458130e+00,1.391198e+00,1.530926e+00,1.385156e+00,1.498202e+00,1.447597e+00,1.635746e+00,1.438421e+00,1.365354e+00,1.408588e+00,1.509559e+00,1.468199e+00,1.328236e+00,1.497040e+00,1.482777e+00,1.542462e+00,1.539839e+00,1.440430e+00,1.443423e+00,1.356977e+00,1.375057e+00,1.370875e+00,1.463333e+00,1.450322e+00,1.361412e+00,1.346624e+00,1.694186e+00,1.374881e+00,1.378470e+00,1.405260e+00
1.533181e+00,1.239327e+00,1.420014e+00,1.456839e+00,1.696740e+00,1.357446e+00,1.338880e+00,1.384051e+00,1.433133e+00,1.416236e+00,1.483656e+00,1.414936e+00,1.754658e+00,1.551177e+00,1.394879e+00,1.489544e+00,1.374813e+00,1.519679e+00,1.401273e+00,1.389946e+00,1.267383e+00,1.322194e+00,1.292628e+00,1.579903e+00,1.490584e+00,1.309825e+00,1.449517e+00,1.472492e+00,1.352458e+00,1.293327e+00,1.455628e+00,1.535439e+00,1.391460e+00,1.312891e+00,1.693991e+00,1.756887e+00,1.468892e+00,1.455880e+00,1.638678e+00,1.517922e+00,1.401946e+00,1.489396e+00,1.596429e+00,1.427739e+00,1.352871e+00,1.392085e+00,1.909887e+00,2.774229e+00,2.114932e+00,4.104924e+00,1.452766e+00,1.677573e+00,3.799276e+00,3.220060e+00,1.735286e+00,1.664714e+00,3.717788e+00,1.702907e+00,4.935283e+00,3.926971e+00,1.516089e+00,2.923310e+00,3.290474e+00,3.661251e+00,2.982864e+00,1.509144e+00,1.390769e+00,3.131441e+00,1.461152e+00,3.490382e+00,1.600848e+00,2.363615e+00,1.565251e+00,1.557168e+00,1.385498e+00,1.704844e+00,2.374227e+00,1.586401e+00,2.024372e+00,4.929428e+00,1.532823e+00,1.909918e+00,1.431762e+00,1.527327e+00,5.158253e+00,2.757244e+00,4.694668e+00,1.884041e+00,2.660843e+00,4.468127e+00,9.468062e+00,1.574485e+00,2.160844e+00,2.727725e+00,1.809336e+00,1.433383e+00,1.533929e+00,3.760623e+00,1.571934e+00,2.273045e+00,1.447141e+00,3.680192e+00,1.624465e+00,3.006477e+00,1.706751e+00,2.135916e+00,1.503747e+00,1.344202e+00,1.633785e+00,1.293599e+00,1.612278e+00,1.317381e+00,2.210279e+00,1.522058e+00,1.484626e+00,1.840637e+00,1.619896e+00,2.475651e+00,1.504589e+00,1.695029e+00,2.735513e+00,7.615798e+00,4.979081e+00,1.586822e+00,1.531286e+00,2.292430e+00,3.026598e+00,1.907773e+00,1.440400e+00,2.545373e+00,4.117280e+00,3.075773e+00,1.455070e+00,1.592816e+00,1.538163e+00,1.302383e+00,1.406548e+00,1.425054e+00,1.585575e+00,1.570970e+00,1.612690e+00,1.647839e+00,1.458744e+00,1.364327e+00,1.455256e+00,1.348308e+00,1.637387e+00,2.192379e+00,2.348753e+00,1.275957e+00,2.627736e+00,2.270091e+00,2.846100e+00,1.448844e+00,1.015053e+01,2.370566e+00,1.683800e+00,1.759460e+00,2.255010e+00,1.815755e+00,5.047530e+00,1.541384e+00,2.295730e+00,1.785353e+00,3.716484e+00,4.421099e+00,4.187559e+00,1.788669e+00,1.914906e+00,9.367775e+00,1.687302e+00,1.588130e+00,1.338984e+00,1.474963e+00,1.572034e+00,1.332994e+00,1.412143e+00,2.056477e+00,1.379672e+00,1.338967e+00,1.504793e+00,1.650891e+00,1.486800e+00,1.356339e+00,1.428373e+00,1.507626e+00,1.463618e+00,1.270445e+00,1.439492e+00,1.371779e+00,1.551478e+00,1.288387e+00,1.327986e+00,1.498004e+00,1.319507e+00,1.596803e+00,1.476124e+00,1.448791e+00,1.411994e+00,1.285167e+00,1.486430e+00,1.305704e+00,1.662857e+00,1.351647e+00,1.453059e+00,1.268420e+00,1.421226e+00,1.647739e+00,1.387062e+00,1.578322e+00,1.275112e+00,1.376251e+00,1.451659e+00,1.225674e+00,1.539480e+00
1.474086e+00,1.455642e+00,1.334773e+00,1.595562e+00,1.380526e+00,1.399286e+00,1.378893e+00,1.437604e+00,1.497596e+00,1.419137e+00,1.423328e+00,1.393204e+00,1.484669e+00,1.374801e+00,1.695419e+00,1.406233e+00,1.478937e+00,1.526699e+00,1.180947e+00,1.383004e+00,1.557982e+00,1.542865e+00,1.596199e+00,1.364780e+00,1.393404e+00,1.485847e+00,1.423395e+00,1.339077e+00,1.419182e+00,1.481533e+00,1.393342e+00,1.290063e+00,1.722024e+00,1.445615e+00,1.616135e+00,1.511164e+00,1.674462e+00,1.363916e+00,1.505194e+00,1.318853e+00,1.328724e+00,1.449136e+00,1.341929e+00,1.479264e+00,1.446354e+00,1.392346e+00,1.442883e+00,1.406546e+00,1.506307e+00,1.555139e+00,2.402709e+00,1.969609e+00,1.880368e+00,2.936307e+00,3.200282e+00,1.021318e+01,1.037121e+01,4.762887e+00,1.430025e+00,2.601824e+00,2.271559e+00,3.661117e+00,1.411048e+00,2.750446e+00,1.556799e+00,1.834765e+00,2.000266e+00,1.519112e+00,2.233796e+00,1.446216e+00,4.100615e+00,1.523536e+00,1.541559e+00,1.876136e+00,1.518142e+00,1.806850e+00,3.638817e+00,1.443845e+00,4.437964e+00,1.565000e+00,4.486445e+00,2.048905e+00,1.558534e+00,3.156039e+00,3.652797e+00,1.677787e+00,1.603556e+00,1.635786e+00,1.748567e+00,1.857967e+00,1.667226e+00,1.561511e+00,1.656049e+00,1.541269e+00,3.297817e+00,2.426224e+00,1.623063e+00,4.423433e+00,3.930640e+00,5.279950e+00,1.922167e+00,4.423465e+00,1.479579e+00,1.524200e+00,1.831571e+00,1.570716e+00,1.566094e+00,1.545593e+00,1.613156e+00,1.493206e+00,1.492420e+00,3.859741e+00,2.826733e+00,1.567870e+00,1.905764e+00,2.775336e+00,1.550430e+00,1.812508e+00,1.343725e+00,4.500920e+00,2.297902e+00,9.314090e+00,4.650696e+00,1.627483e+00,3.223464e+00,2.068499e+00,4.898786e+00,2.024913e+00,2.078701e+00,3.918226e+00,2.960153e+00,1.991140e+00,1.424446e+00,1.370561e+00,1.590448e+00,1.205395e+00,1.490711e+00,7.888478e+00,1.567819e+00,1.323270e+00,1.542657e+00,1.340519e+00,1.609533e+00,1.540610e+00,1.456022e+00,1.442924e+00,1.636845e+00,1.259007e+00,1.471600e+00,1.523360e+00,8.921638e+00,1.446802e+00,1.546937e+00,5.555855e+00,1.791631e+00,2.357839e+00,1.452705e+00,1.579819e+00,3.316591e+00,1.371862e+00,2.395044e+00,1.513126e+00,3.095846e+00,4.490017e+00,4.968900e+00,3.391354e+00,2.078463e+00,2.118495e+00,1.842374e+00,4.130580e+00,2.720483e+00,4.514001e+00,2.536317e+00,1.521013e+00,1.468709e+00,1.565073e+00,1.449223e+00,1.414882e+00,2.167352e+00,1.313492e+00,1.521360e+00,1.429243e+00,1.500471e+00,2.747001e+00,1.325293e+00,1.512052e+00,1.472013e+00,1.475185e+00,1.612916e+00,1.395653e+00,1.374003e+00,1.347662e+00,1.437634e+00,1.558175e+00,1.433194e+00,1.469114e+00,1.487475e+00,1.515145e+00,1.368691e+00,1.514973e+00,1.344013e+00,1.346384e+00,1.391069e+00,1.508930e+00,1.383456e+00,1.406000e+00,1.429909e+00,1.348359e+00,1.344493e+00,1.520891e+00,1.446782e+00,1.386905e+00,1.604114e+00,1.589833e+00,1.331548e+00
1.467771e+00,1.403871e+00,1.528018e+00,1.209359e+00,1.473615e+00,1.522588e+00,1.613243e+00,1.398049e+00,1.539413e+00,1.528308e+00,1.422018e+00,1.512371e+00,1.556470e+00,1.540142e+00,1.394566e+00,1.410510e+00,1.504256e+00,1.447450e+00,1.542521e+00,1.442691e+00,1.436068e+00,1.491167e+00,1.441527e+00,1.416895e+00,1.401232e+00,1.578803e+00,1.569970e+00,1.483253e+00,1.479454e+00,1.435221e+00,1.321599e+00,1.392648e+00,1.533690e+00,1.440318e+00,1.470640e+00,1.405114e+00,1.271821e+00,1.624468e+00,1.291562e+00,1.460501e+00,1.308101e+00,1.335764e+00,1.419407e+00,1.368530e+00,1.461487e+00,2.281729e+00,1.650509e+00,1.344100e+00,1.328113e+00,5.035761e+00,1.717998e+00,3.551723e+00,1.424245e+00,4.298146e+00,5.386663e+00,8.667425e+00,1.628526e+00,3.899308e+00,1.638395e+00,1.541631e+00,1.998967e+00,1.638925e+00,1.815010e+00,1.503202e+00,4.109352e+00,1.444954e+00,2.181358e+00,3.906240e+00,2.117959e+00,1.514066e+00,3.140598e+00,1.525485e+00,1.334577e+00,1.473603e+00,1.527083e+00,8.215169e+00,3.914695e+00,2.766904e+00,4.433061e+00,1.612560e+00,1.371155e+00,3.326894e+00,1.681336e+00,1.687810e+00,2.764957e+00,1.826391e+00,2.199647e+00,1.572828e+00,2.072298e+00,1.683307e+00,1.317436e+00,1.428622e+00,3.765861e+00,1.730477e+00,1.502900e+00,1.810488e+00,1.501262e+00,9.429710e+00,1.584564e+00,4.805389e+00,1.629891e+00,3.409851e+00,1.611045e+00,1.549228e+00,1.503461e+00,1.569289e+00,1.784616e+00,1.393787e+00,1.361902e+00,1.336467e+00,1.612548e+00,2.851860e+00,1.329355e+00,4.496202e+00,4.558912e+00,3.660790e+00,1.551400e+00,1.409201e+00,1.569440e+00,2.011192e+00,3.169326e+00,1.347239e+00,1.400724e+00,1.365276e+00,8.331042e+00,1.032280e+01,2.716572e+00,1.562783e+00,1.847853e+00,1.639946e+00,5.352032e+00,3.355015e+00,1.782723e+00,1.532631e+00,1.354419e+00,2.401942e+00,1.518902e+00,1.533872e+00,1.327253e+00,1.438243e+00,1.360093e+00,1.391264e+00,1.474250e+00,1.657437e+00,1.764232e+00,1.625305e+00,1.449419e+00,1.746595e+00,1.422883e+00,3.752203e+00,1.564423e+00,1.985236e+00,9.434718e+00,2.321714e+00,1.476888e+00,1.910316e+00,4.963997e+00,3.302808e+00,4.507602e+00,2.424910e+00,3.756158e+00,3.069284e+00,nan,nan,4.040032e+00,4.750626e+00,1.945599e+00,1.637247e+00,1.724896e+00,2.118476e+00,3.714542e+00,4.016919e+00,1.576279e+00,1.543844e+00,1.409392e+00,1.508489e+00,1.594894e+00,1.458951e+00,1.737639e+00,1.604726e+00,1.961379e+00,1.539242e+00,1.391567e+00,1.406226e+00,1.396810e+00,1.577099e+00,1.562681e+00,1.667053e+00,1.432316e+00,1.621536e+00,1.356108e+00,1.312871e+00,1.666584e+00,1.581587e+00,1.409785e+00,1.415312e+00,1.415426e+00,1.462748e+00,1.603030e+00,1.678802e+00,1.520196e+00,1.380849e+00,1.400412e+00,1.397512e+00,1.528155e+00,1.692433e+00,1.514890e+00,1.342259e+00,1.574007e+00,1.430877e+00,1.522585e+00,1.400959e+00,1.544619e+00,1.618879e+00,1.381768e+00
1.459642e+00,1.367253e+00,1.515557e+00,1.463179e+00,1.588066e+00,1.447183e+00,1.530489e+00,1.503174e+00,1.477721e+00,1.486871e+00,1.643784e+00,1.404993e+00,1.614878e+00,1.449402e+00,1.393916e+00,1.584920e+00,1.603335e+00,1.563228e+00,1.564798e+00,1.425639e+00,1.496833e+00,1.422834e+00,1.431601e+00,1.341841e+00,1.297847e+00,1.430850e+00,1.492504e+00,1.467203e+00,1.708688e+00,1.671782e+00,1.570310e+00,1.432306e+00,1.571757e+00,1.544820e+00,1.544194e+00,1.497608e+00,1.443358e+00,1.505565e+00,1.393571e+00,1.544942e+00,1.596593e+00,1.560558e+00,1.479451e+00,1.576063e+00,1.500696e+00,1.466302e+00,1.564421e+00,1.660598e+00,1.603589e+00,1.712524e+00,2.704185e+00,1.620015e+00,1.321868e+00,1.746682e+00,1.893091e+00,2.228273e+00,2.883532e+00,3.271301e+00,1.822330e+00,1.316756e+00,2.535964e+00,2.113225e+00,2.297821e+00,4.212830e+00,1.560456e+00,4.861784e+00,4.931883e+00,1.786491e+00,2.109823e+00,3.477802e+00,1.625343e+00,1.723651e+00,1.543134e+00,3.725807e+00,1.573854e+00,2.262178e+00,1.541111e+00,1.783935e+00,3.066883e+00,1.763219e+00,1.801723e+00,1.628205e+00,2.118449e+00,5.561887e+00,3.734104e+00,1.468250e+00,4.458659e+00,1.594464e+00,1.759423e+00,4.229450e+00,1.773514e+00,8.112596e+00,3.249602e+00,3.489135e+00,2.098599e+00,3.032585e+00,1.826663e+00,3.620050e+00,1.506112e+00,4.439649e+00,1.662480e+00,1.883388e+00,1.544049e+00,1.495335e+00,5.294014e+00,2.607732e+00,1.435906e+00,2.359424e+00,1.541405e+00,1.731429e+00,2.324014e+00,1.615613e+00,2.836403e+00,4.263903e+00,1.767287e+00,2.026904e+00,1.773176e+00,1.576746e+00,2.209875e+00,1.498490e+00,1.657570e+00,2.593771e+00,1.902846e+00,1.728235e+00,1.806609e+00,2.927295e+00,1.796614e+00,5.254228e+00,1.806503e+00,1.490347e+00,1.762002e+00,1.745325e+00,1.850332e+00,1.514120e+00,1.516931e+00,1.750448e+00,1.484931e+00,1.728068e+00,1.633182e+00,1.530115e+00,1.312442e+00,1.414416e+00,1.662313e+00,1.403531e+00,1.377174e+00,1.604508e+00,3.415981e+00,1.456651e+00,1.447635e+00,4.356557e+00,1.818863e+00,1.683809e+00,3.366379e+00,2.054009e+00,1.041866e+01,2.521800e+00,4.610404e+00,1.879448e+00,3.033226e+00,2.152086e+00,1.006202e+01,3.114584e+00,1.426923e+00,1.871462e+00,4.094155e+00,1.446323e+00,1.739435e+00,4.865562e+00,2.298589e+00,1.880941e+00,1.725607e+00,6.968948e+00,2.519763e+00,1.814734e+00,1.363440e+00,1.623263e+00,1.716832e+00,1.505469e+00,1.543613e+00,1.839604e+00,1.657630e+00,1.657090e+00,1.576532e+00,1.611634e+00,1.560022e+00,1.658635e+00,1.497081e+00,1.656936e+00,1.700631e+00,1.304095e+00,1.570724e+00,1.563561e+00,1.416825e+00,1.546789e+00,1.405648e+00,1.357002e+00,1.570591e+00,1.488597e+00,1.488709e+00,1.372063e+00,1.374077e+00,1.570073e+00,1.542586e+00,1.462350e+00,1.599636e+00,1.502091e+00,1.426547e+00,1.490924e+00,1.540621e+00,1.455181e+00,1.592290e+00,1.400906e+00,1.584307e+00,1.537892e+00,1.316767e+00
1.588426e+00,1.434559e+00,1.482030e+00,1.530020e+00,1.525701e+00,1.636436e+00,1.526612e+00,1.465496e+00,1.503889e+00,1.461928e+00,1.598107e+00,1.567167e+00,1.469208e+00,1.453714e+00,1.548903e+00,1.493456e+00,1.535288e+00,1.424042e+00,1.532035e+00,1.580941e+00,1.580799e+00,1.583502e+00,1.446656e+00,1.586059e+00,1.483603e+00,1.498756e+00,1.771675e+00,1.546508e+00,1.368503e+00,1.370838e+00,1.481770e+00,1.555884e+00,1.421843e+00,1.774347e+00,1.319499e+00,1.693569e+00,1.508545e+00,1.359178e+00,1.463282e+00,1.609693e+00,1.414590e+00,1.416110e+00,1.505692e+00,1.669729e+00,1.587658e+00,1.844610e+00,1.738749e+00,1.416399e+00,1.547460e+00,1.542353e+00,2.329453e+00,1.767330e+00,2.131018e+00,4.609049e+00,1.409366e+00,2.420817e+00,1.776601e+00,1.610817e+00,1.705094e+00,1.503478e+00,1.615287e+00,4.674636e+00,4.130083e+00,1.495614e+00,1.460677e+00,2.190189e+00,2.360501e+00,1.402752e+00,2.847033e+00,1.649437e+00,1.305817e+00,2.120386e+00,1.745311e+00,1.641255e+00,1.758601e+00,1.435202e+00,1.482098e+00,1.832323e+00,1.324828e+00,3.032127e+00,2.036011e+00,1.531148e+00,1.483149e+00,1.809152e+00,2.831490e+00,1.373703e+00,4.649672e+00,1.553817e+00,3.436836e+00,2.246407e+00,2.263160e+00,1.642613e+00,2.086247e+00,1.578988e+00,1.788009e+00,1.651253e+00,7.356783e+00,2.105013e+00,3.897112e+00,1.884078e+00,1.809150e+00,2.298470e+00,1.041866e+01,3.075775e+00,2.281471e+00,1.669605e+00,1.602967e+00,1.601431e+00,nan,1.591144e+00,2.055122e+00,1.649522e+00,2.520235e+00,1.664533e+00,1.728898e+00,1.509866e+00,1.518357e+00,1.929413e+00,2.167436e+00,1.765279e+00,1.586707e+00,1.583300e+00,4.827508e+00,1.041822e+01,2.314095e+00,1.878364e+00,3.425368e+00,2.228423e+00,4.948720e+00,3.525909e+00,1.558064e+00,1.606687e+00,3.353750e+00,1.802408e+00,1.497876e+00,1.574666e+00,1.570962e+00,1.506703e+00,1.492012e+00,1.515707e+00,1.700109e+00,1.591024e+00,1.683057e+00,1.477810e+00,1.448718e+00,1.713645e+00,1.474128e+00,1.521597e+00,2.558378e+00,1.555291e+00,3.413998e+00,4.698530e+00,4.498967e+00,1.400405e+00,2.772869e+00,1.489884e+00,3.163914e+00,1.639659e+00,1.707422e+00,1.879850e+00,1.814348e+00,2.585747e+00,3.533757e+00,1.696333e+00,1.462744e+00,1.626638e+00,1.623343e+00,3.214543e+00,1.861540e+00,1.329003e+00,2.498459e+00,4.598783e+00,3.389077e+00,1.774873e+00,1.692704e+00,1.579572e+00,1.557449e+00,1.464919e+00,1.278268e+00,1.610526e+00,1.556766e+00,2.828716e+00,1.579569e+00,1.651510e+00,1.552753e+00,1.590316e+00,1.490354e+00,1.299223e+00,1.567233e+00,1.514815e+00,1.636080e+00,1.768359e+00,1.569422e+00,1.592954e+00,1.497592e+00,1.524870e+00,1.560396e+00,1.437282e+00,1.458203e+00,1.582909e+00,1.428985e+00,1.526355e+00,1.497286e+00,1.696769e+00,1.652828e+00,1.684105e+00,1.635144e+00,1.565732e+00,1.492876e+00,1.654595e+00,1.585563e+00,1.459983e+00,1.556102e+00,1.753641e+00,1.601678e+00
1.398460e+00,1.531775e+00,1.307063e+00,1.504177e+00,1.521585e+00,1.352134e+00,1.613366e+00,1.473304e+00,1.557258e+00,1.439077e+00,1.486012e+00,1.669854e+00,1.495338e+00,1.403743e+00,1.465064e+00,1.611456e+00,1.447038e+00,1.623506e+00,1.482015e+00,1.568460e+00,1.436633e+00,1.548238e+00,1.632721e+00,1.513765e+00,1.456143e+00,1.495715e+00,1.326428e+00,1.498632e+00,1.561581e+00,1.534001e+00,1.574909e+00,1.529285e+00,1.647584e+00,1.741486e+00,1.579497e+00,1.488437e+00,1.568398e+00,1.443322e+00,1.449161e+00,1.263188e+00,1.662147e+00,1.788965e+00,1.634236e+00,1.685981e+00,2.614483e+00,3.209571e+00,1.800439e+00,2.489213e+00,3.783596e+00,4.455583e+00,1.690342e+00,1.523782e+00,2.567613e+00,1.572822e+00,1.907909e+00,1.591712e+00,3.213883e+00,2.409292e+00,1.707676e+00,1.472637e+00,1.932803e+00,2.229697e+00,1.615993e+00,1.865754e+00,1.591723e+00,3.419641e+00,1.525815e+00,2.115032e+00,1.834522e+00,2.260006e+00,2.913495e+00,4.562960e+00,1.477064e+00,1.679016e+00,1.506877e+00,3.812602e+00,3.017925e+00,1.459932e+00,8.279567e+00,1.614626e+00,1.532805e+00,1.905905e+00,nan,2.372285e+00,1.603112e+00,2.721033e+00,2.255821e+00,3.103456e+00,3.160603e+00,1.765495e+00,1.686155e+00,3.191845e+00,1.828966e+00,2.456953e+00,4.073758e+00,4.622819e+00,1.644814e+00,4.458020e+00,2.406602e+00,1.580703e+00,1.925887e+00,3.316952e+00,1.041866e+01,1.549181e+00,3.123448e+00,1.958626e+00,2.852169e+00,4.756438e+00,4.641316e+00,3.326949e+00,1.585581e+00,2.574073e+00,3.710505e+00,1.372759e+00,1.655763e+00,1.551663e+00,1.441826e+00,2.825695e+00,1.548507e+00,2.244201e+00,1.682613e+00,2.700589e+00,1.643481e+00,3.210148e+00,2.932711e+00,5.166987e+00,4.964314e+00,1.791976e+00,1.445381e+00,1.963772e+00,3.136438e+00,6.971202e+00,2.050937e+00,1.379567e+00,1.665923e+00,1.464235e+00,1.551390e+00,1.442088e+00,1.445063e+00,1.546034e+00,1.563326e+00,4.413131e+00,1.481285e+00,1.502568e+00,1.703956e+00,1.432521e+00,2.135299e+00,1.480334e+00,6.517573e+00,1.443392e+00,1.582675e+00,3.535530e+00,1.498979e+00,1.755066e+00,1.649761e+00,2.001215e+00,3.051827e+00,3.384912e+00,2.054946e+00,3.730087e+00,1.469975e+00,1.465934e+00,2.347243e+00,2.884202e+00,1.968125e+00,2.527357e+00,1.492927e+00,2.164760e+00,2.929896e+00,1.583410e+00,1.995376e+00,1.900690e+00,1.890011e+00,1.865746e+00,1.512759e+00,1.690259e+00,1.459923e+00,1.505154e+00,1.469772e+00,1.610448e+00,1.470204e+00,1.598548e+00,2.488263e+00,1.545893e+00,1.419866e+00,1.398223e+00,1.550602e+00,1.666398e+00,1.469344e+00,1.620377e+00,1.590835e+00,1.424500e+00,1.746135e+00,1.463826e+00,1.573157e+00,1.541763e+00,1.585294e+00,1.493029e+00,1.555140e+00,1.564927e+00,1.808907e+00,1.528718e+00,1.448285e+00,1.661942e+00,1.537221e+00,1.500415e+00,1.544957e+00,1.485012e+00,1.505152e+00,1.560068e+00,1.501635e+00,1.489072e+00,1.601209e+00,1.475031e+00,1.567087e+00
1.577868e+00,1.439660e+00,1.593766e+00,1.464791e+00,1.645119e+00,1.583060e+00,1.506899e+00,1.543671e+00,1.537073e+00,1.535866e+00,1.584097e+00,1.648132e+00,1.325531e+00,1.576827e+00,1.420892e+00,1.473015e+00,1.553318e+00,1.570712e+00,1.642164e+00,1.546249e+00,1.535658e+00,1.506623e+00,1.586252e+00,1.530724e+00,1.501584e+00,1.531247e+00,1.381371e+00,1.463803e+00,1.637591e+00,1.566150e+00,1.679111e+00,1.604708e+00,1.600631e+00,1.392900e+00,1.510270e+00,1.403538e+00,1.527975e+00,1.610710e+00,1.598607e+00,1.498787e+00,1.413717e+00,1.621972e+00,1.394201e+00,1.544535e+00,2.070108e+00,3.744167e+00,4.397457e+00,4.536154e+00,2.040584e+00,2.381273e+00,3.180500e+00,4.984900e+00,1.489376e+00,5.469019e+00,1.520142e+00,1.618019e+00,1.527276e+00,1.527014e+00,1.668927e+00,1.570363e+00,1.562168e+00,1.735387e+00,2.892528e+00,1.512398e+00,3.167934e+00,1.501572e+00,2.095415e+00,1.602188e+00,2.943551e+00,1.676261e+00,1.375649e+00,2.495159e+00,1.400446e+00,3.574128e+00,1.969697e+00,2.329654e+00,4.416439e+00,3.522851e+00,1.543749e+00,1.546966e+00,1.465250e+00,2.982337e+00,4.086339e+00,1.774867e+00,nan,nan,1.962243e+00,2.976793e+00,1.749402e+00,1.602122e+00,3.331165e+00,2.511449e+00,1.457258e+00,1.595857e+00,1.598627e+00,1.901157e+00,1.524991e+00,1.604481e+00,3.999780e+00,1.537756e+00,1.659467e+00,1.461331e+00,1.653402e+00,3.829264e+00,3.570755e+00,1.518945e+00,1.423436e+00,1.545058e+00,1.538301e+00,3.453840e+00,3.135434e+00,4.079937e+00,9.943873e+00,2.951032e+00,2.316616e+00,1.580892e+00,1.894192e+00,1.547257e+00,1.902586e+00,3.882726e+00,1.590566e+00,1.684492e+00,1.589291e+00,2.729246e+00,3.106432e+00,2.438307e+00,8.936230e+00,1.512374e+00,4.637947e+00,2.325557e+00,3.977183e+00,3.996608e+00,2.396466e+00,1.512482e+00,1.536952e+00,1.487397e+00,1.330004e+00,1.392238e+00,1.548832e+00,1.620671e+00,1.679710e+00,1.415523e+00,9.916250e+00,1.558622e+00,1.622083e+00,1.730998e+00,1.597047e+00,2.091942e+00,2.691460e+00,1.443113e+00,4.542268e+00,2.761132e+00,1.554483e+00,1.508342e+00,1.751068e+00,1.486640e+00,2.062598e+00,1.618416e+00,3.326199e+00,2.874870e+00,3.600758e+00,3.045103e+00,1.509822e+00,2.618466e+00,1.817508e+00,1.534071e+00,3.282209e+00,1.705760e+00,3.229416e+00,1.430155e+00,1.883026e+00,2.965826e+00,5.132740e+00,1.575985e+00,3.214357e+00,2.411199e+00,1.647853e+00,1.660420e+00,1.675217e+00,1.595806e+00,1.391156e+00,1.477845e+00,1.768735e+00,1.508939e+00,1.584099e+00,1.314274e+00,1.448711e+00,1.422338e+00,1.322043e+00,1.469364e+00,1.381963e+00,1.578284e+00,1.475813e+00,1.584046e+00,1.636025e+00,1.506161e+00,1.459571e+00,1.514317e+00,1.562611e+00,1.690910e+00,1.456724e+00,1.599968e+00,1.468566e+00,1.491077e+00,1.368782e+00,1.425139e+00,1.423593e+00,1.371891e+00,1.483628e+00,1.605124e+00,1.707944e+00,1.463116e+00,1.436824e+00,1.417349e+00,1.498898e+00
1.627143e+00,1.648201e+00,1.544335e+00,1.439434e+00,1.509895e+00,1.478151e+00,1.550025e+00,1.662502e+00,1.543907e+00,1.439761e+00,1.723643e+00,1.512433e+00,1.691840e+00,1.348420e+00,1.512774e+00,1.443835e+00,1.517989e+00,1.526342e+00,1.561222e+00,1.470627e+00,1.345309e+00,1.673527e+00,1.419544e+00,1.708077e+00,1.558915e+00,1.596531e+00,1.478451e+00,1.448725e+00,1.346624e+00,1.515666e+00,1.392014e+00,1.693073e+00,1.550719e+00,1.358889e+00,1.516295e+00,1.301482e+00,1.530688e+00,1.284372e+00,1.465945e+00,1.507238e+00,1.472886e+00,1.683295e+00,1.627443e+00,1.555412e+00,1.877380e+00,2.602639e+00,1.600608e+00,2.011339e+00,9.325654e+00,4.802461e+00,2.994095e+00,3.500327e+00,1.467786e+00,1.521940e+00,1.417023e+00,1.253659e+00,1.715347e+00,2.225499e+00,1.513414e+00,2.302515e+00,1.396432e+00,1.652546e+00,3.021157e+00,3.440639e+00,1.679189e+00,1.498219e+00,1.445448e+00,2.593220e+00,1.989146e+00,2.345631e+00,1.645814e+00,2.159749e+00,1.576605e+00,1.642485e+00,1.644236e+00,4.086509e+00,1.865593e+00,1.475324e+00,1.657190e+00,2.778988e+00,3.457944e+00,1.639609e+00,3.145087e+00,1.980641e+00,2.990238e+00,1.735989e+00,5.816096e+00,3.112094e+00,1.420394e+00,1.665737e+00,1.588270e+00,2.757218e+00,2.451098e+00,2.913734e+00,1.543205e+00,4.899323e+00,1.966777e+00,1.592668e+00,1.671648e+00,2.796400e+00,1.413897e+00,2.981271e+00,2.573014e+00,4.988210e+00,3.434455e+00,1.489005e+00,8.109122e+00,1.567175e+00,1.503867e+00,3.058681e+00,3.528483e+00,3.950424e+00,1.468908e+00,1.376218e+00,3.190597e+00,1.770166e+00,2.422538e+00,1.546074e+00,1.574228e+00,1.481668e+00,1.718161e+00,8.303444e+00,1.404860e+00,1.440144e+00,1.603745e+00,2.608206e+00,2.439916e+00,1.483912e+00,2.089481e+00,2.569396e+00,1.511996e+00,2.953101e+00,1.488842e+00,1.486358e+00,1.386307e+00,1.383051e+00,1.503819e+00,3.561993e+00,1.891949e+00,1.032516e+01,3.005261e+00,nan,1.577603e+00,1.808618e+00,2.342314e+00,2.421395e+00,1.671372e+00,1.925870e+00,3.964717e+00,1.629777e+00,1.747110e+00,1.504559e+00,2.102929e+00,2.053554e+00,1.551716e+00,4.751924e+00,1.814739e+00,2.540607e+00,2.161208e+00,2.263997e+00,1.599345e+00,1.493954e+00,1.708153e+00,1.378752e+00,3.359172e+00,1.597167e+00,1.610504e+00,1.609829e+00,1.756954e+00,1.628978e+00,1.999130e+00,1.621921e+00,2.943646e+00,3.211867e+00,9.143369e+00,2.259781e+00,2.645879e+00,1.536051e+00,1.501446e+00,1.691036e+00,1.653353e+00,1.576726e+00,1.496639e+00,1.468421e+00,1.547140e+00,1.436228e+00,1.473204e+00,1.474870e+00,1.503869e+00,1.663462e+00,1.536202e+00,1.554589e+00,1.587079e+00,1.393698e+00,1.440871e+00,1.529645e+00,1.636270e+00,1.565509e+00,1.579458e+00,1.640267e+00,1.425324e+00,1.427893e+00,1.456090e+00,1.592546e+00,1.538052e+00,1.526007e+00,1.584962e+00,1.584183e+00,1.486184e+00,1.500495e+00,1.419958e+00,1.510457e+00,1.583084e+00,1.467476e+00,1.497090e+00
1.449787e+00,1.594221e+00,1.601053e+00,1.680147e+00,1.609213e+00,1.562912e+00,1.490464e+00,1.702264e+00,1.473197e+00,1.517483e+00,1.361414e+00,1.328784e+00,1.573130e+00,1.442782e+00,1.453172e+00,1.562643e+00,1.387008e+00,1.589973e+00,1.722005e+00,1.588064e+00,1.490081e+00,1.438722e+00,1.507570e+00,1.472960e+00,1.662185e+00,1.556624e+00,1.487017e+00,1.490155e+00,1.417582e+00,1.446940e+00,1.679159e+00,1.415148e+00,1.428261e+00,1.503465e+00,1.461869e+00,1.718375e+00,1.575871e+00,1.534516e+00,1.464749e+00,1.557865e+00,1.456653e+00,1.679014e+00,1.722633e+00,1.951830e+00,1.653836e+00,3.744016e+00,2.041306e+00,3.495050e+00,8.980185e+00,4.303772e+00,1.831680e+00,1.515071e+00,1.502863e+00,1.782770e+00,1.508263e+00,2.156240e+00,1.686693e+00,1.574417e+00,1.654960e+00,2.095224e+00,1.840940e+00,1.450492e+00,1.969073e+00,4.202486e+00,1.550502e+00,3.390540e+00,1.376971e+00,1.520427e+00,1.747245e+00,1.684793e+00,3.690229e+00,1.894779e+00,1.416468e+00,1.318265e+00,1.611277e+00,2.301076e+00,3.381360e+00,1.985430e+00,2.769318e+00,2.892870e+00,3.469172e+00,9.230123e+00,1.477191e+00,1.563226e+00,1.482270e+00,2.153929e+00,4.446725e+00,2.020954e+00,1.326434e+00,1.960419e+00,1.636912e+00,1.516484e+00,4.078380e+00,1.640478e+00,1.549717e+00,1.557196e+00,2.508989e+00,2.484833e+00,1.535945e+00,2.178414e+00,1.542289e+00,5.261985e+00,1.404233e+00,3.918523e+00,1.576134e+00,1.604804e+00,1.574522e+00,2.046179e+00,2.303312e+00,2.765790e+00,1.482739e+00,2.515806e+00,1.684882e+00,1.565504e+00,1.040202e+01,4.120041e+00,2.640550e+00,2.799749e+00,1.489298e+00,2.299399e+00,2.068770e+00,1.728875e+00,1.514526e+00,2.416496e+00,1.907371e+00,2.348229e+00,4.458764e+00,2.324099e+00,4.879630e+00,7.587052e+00,1.693753e+00,3.353771e+00,2.294958e+00,1.564546e+00,1.410290e+00,1.606026e+00,1.605144e+00,4.312215e+00,1.535176e+00,4.818814e+00,4.769200e+00,2.024603e+00,1.514494e+00,1.909539e+00,1.594323e+00,2.293210e+00,4.440204e+00,1.041452e+01,1.412238e+00,2.085819e+00,2.479776e+00,1.454381e+00,1.469218e+00,3.811499e+00,5.071420e+00,1.689219e+00,1.547029e+00,2.749061e+00,1.480869e+00,3.356396e+00,3.729942e+00,1.862163e+00,2.144688e+00,1.571781e+00,1.617519e+00,1.568811e+00,1.664515e+00,1.577265e+00,1.644573e+00,2.527350e+00,2.776377e+00,1.737249e+00,1.707400e+00,1.671873e+00,1.655939e+00,4.446131e+00,1.571337e+00,2.569315e+00,1.715193e+00,1.610263e+00,1.540178e+00,1.505133e+00,1.634118e+00,1.912958e+00,1.542012e+00,1.509334e+00,1.489071e+00,1.517012e+00,1.452971e+00,1.629972e+00,1.430255e+00,1.514107e+00,1.507002e+00,1.582930e+00,1.490838e+00,1.396274e+00,1.536730e+00,1.607879e+00,1.621969e+00,1.445811e+00,1.626964e+00,1.512137e+00,1.134589e+00,1.485765e+00,1.421786e+00,1.390484e+00,1.779931e+00,1.596280e+00,1.583258e+00,1.520218e+00,1.632067e+00,1.447565e+00,1.569819e+00,1.489841e+00,1.660444e+00
1.571482e+00,1.543736e+00,1.584761e+00,1.711941e+00,1.529949e+00,1.673925e+00,1.619883e+00,1.587920e+00,1.558847e+00,1.644557e+00,1.545484e+00,1.505787e+00,1.374062e+00,1.562601e+00,1.507509e+00,1.564899e+00,1.508641e+00,1.417243e+00,1.351657e+00,1.690916e+00,1.646533e+00,1.517797e+00,1.473014e+00,1.554735e+00,1.445088e+00,1.377333e+00,1.556533e+00,1.525699e+00,1.460541e+00,1.583043e+00,1.505536e+00,1.523364e+00,1.472694e+00,1.520461e+00,1.584307e+00,1.412543e+00,1.387458e+00,1.691957e+00,1.398963e+00,1.474754e+00,1.587746e+00,1.499407e+00,1.814594e+00,1.655628e+00,1.899473e+00,3.334989e+00,4.802698e+00,1.690604e+00,1.519389e+00,1.764114e+00,2.120233e+00,1.668514e+00,3.594439e+00,1.530100e+00,1.548954e+00,1.527187e+00,4.524916e+00,1.706698e+00,1.624418e+00,4.750842e+00,1.539095e+00,2.108271e+00,3.884031e+00,2.861211e+00,1.530834e+00,1.587569e+00,1.701774e+00,1.571606e+00,1.501124e+00,1.685602e+00,1.641721e+00,1.683530e+00,1.041866e+01,1.685573e+00,1.472097e+00,2.230646e+00,2.436076e+00,1.562489e+00,3.489666e+00,1.665814e+00,1.739038e+00,1.487001e+00,4.190356e+00,1.283909e+00,1.673684e+00,4.443003e+00,9.447006e+00,1.679371e+00,3.901374e+00,1.644175e+00,1.941311e+00,2.860237e+00,2.994663e+00,1.663266e+00,1.442978e+00,1.497304e+00,4.097786e+00,2.677803e+00,1.517359e+00,1.416120e+00,1.617944e+00,1.616668e+00,1.488717e+00,1.592486e+00,1.759021e+00,1.670412e+00,1.594442e+00,1.407387e+00,2.915356e+00,1.909468e+00,1.778135e+00,2.319787e+00,1.480073e+00,1.810939e+00,2.265940e+00,1.703100e+00,2.031108e+00,1.041866e+01,1.450123e+00,1.674312e+00,5.042858e+00,1.981146e+00,3.128477e+00,3.171592e+00,8.013254e+00,5.820779e+00,2.652008e+00,1.592096e+00,1.491079e+00,2.251027e+00,1.922497e+00,4.979412e+00,4.108111e+00,1.444952e+00,1.563326e+00,1.438642e+00,1.433406e+00,3.137290e+00,2.665522e+00,9.378750e+00,3.438610e+00,3.706008e+00,1.577717e+00,4.985552e+00,1.559744e+00,1.801306e+00,1.587046e+00,2.491934e+00,2.637887e+00,2.087665e+00,1.515473e+00,1.683193e+00,1.597535e+00,1.604747e+00,1.675592e+00,4.600580e+00,1.710751e+00,1.570414e+00,1.564852e+00,2.811016e+00,1.695832e+00,2.185168e+00,1.489910e+00,1.602425e+00,2.326188e+00,1.537168e+00,1.622598e+00,1.516249e+00,1.594650e+00,1.508123e+00,1.617891e+00,3.316199e+00,1.542421e+00,2.721339e+00,3.773698e+00,3.628971e+00,4.404165e+00,1.476443e+00,1.581642e+00,1.552275e+00,1.443825e+00,1.436602e+00,1.661863e+00,1.444143e+00,1.648689e+00,1.553352e+00,1.397893e+00,1.567885e+00,1.600141e+00,1.760913e+00,1.784352e+00,1.601981e+00,1.586508e+00,1.785619e+00,1.319435e+00,1.702909e+00,1.624435e+00,1.394642e+00,1.670636e+00,1.335070e+00,1.378082e+00,1.369898e+00,1.604863e+00,1.571822e+00,1.541707e+00,1.339084e+00,1.573244e+00,1.425153e+00,1.514527e+00,1.644052e+00,1.617683e+00,1.363643e+00,1.562014e+00,1.445769e+00,1.513794e+00
1.388752e+00,1.421074e+00,1.709768e+00,1.656132e+00,1.335505e+00,1.606430e+00,1.401604e+00,1.473080e+00,1.621182e+00,1.535295e+00,1.524692e+00,1.592747e+00,1.414955e+00,1.706549e+00,1.706415e+00,1.583693e+00,1.432374e+00,1.538372e+00,1.635708e+00,1.452171e+00,1.494105e+00,1.513882e+00,1.680259e+00,1.560570e+00,1.519150e+00,1.516241e+00,1.590719e+00,1.580230e+00,1.421316e+00,1.514854e+00,1.436823e+00,1.539049e+00,1.561317e+00,1.521159e+00,1.621887e+00,1.445980e+00,1.577960e+00,1.419350e+00,1.587360e+00,1.669376e+00,1.509710e+00,1.615091e+00,2.179016e+00,2.140617e+00,2.150081e+00,2.013079e+00,1.443692e+00,1.885880e+00,1.633157e+00,2.826312e+00,5.078233e+00,1.757492e+00,1.441524e+00,1.611812e+00,1.591491e+00,1.620216e+00,1.584566e+00,1.520242e+00,1.919270e+00,1.387220e+00,1.926706e+00,2.272222e+00,2.106691e+00,2.656610e+00,1.621808e+00,1.540489e+00,1.652595e+00,2.682735e+00,1.572574e+00,1.551941e+00,1.593293e+00,2.204496e+00,2.293383e+00,1.654804e+00,1.565298e+00,1.437089e+00,1.679514e+00,1.430386e+00,2.532544e+00,2.116109e+00,1.557191e+00,1.659171e+00,1.661164e+00,1.541748e+00,2.164897e+00,2.603804e+00,1.607723e+00,1.941844e+00,1.726938e+00,1.864454e+00,1.572107e+00,1.942947e+00,1.669724e+00,1.532482e+00,1.624750e+00,7.902812e+00,2.928334e+00,1.532590e+00,2.718069e+00,1.488330e+00,1.524329e+00,1.959797e+00,1.680903e+00,5.344702e+00,1.509279e+00,4.388086e+00,1.709549e+00,4.656083e+00,1.777304e+00,1.725104e+00,2.905082e+00,1.573475e+00,1.361296e+00,5.233870e+00,2.052472e+00,1.744014e+00,1.657117e+00,1.797727e+00,2.999989e+00,1.431893e+00,2.674168e+00,2.945795e+00,2.195821e+00,1.963468e+00,1.419716e+00,3.564942e+00,3.890339e+00,1.533615e+00,2.097109e+00,1.627391e+00,1.443667e+00,4.369442e+00,4.726324e+00,3.413872e+00,9.499417e+00,2.434931e+00,7.508366e+00,4.004307e+00,3.854442e+00,1.626625e+00,1.435538e+00,2.115668e+00,1.514488e+00,1.729981e+00,1.694542e+00,1.644066e+00,3.523533e+00,4.012541e+00,1.868928e+00,1.670510e+00,1.485832e+00,4.607634e+00,1.623458e+00,1.629049e+00,4.103505e+00,1.648469e+00,1.505359e+00,2.930540e+00,2.415951e+00,2.872642e+00,3.390170e+00,8.610211e+00,2.792665e+00,3.061581e+00,1.920862e+00,1.550937e+00,1.386060e+00,1.705432e+00,1.468104e+00,1.611395e+00,1.726229e+00,1.975040e+00,1.839341e+00,3.192425e+00,2.200693e+00,3.034199e+00,2.088283e+00,2.438611e+00,2.007869e+00,1.552290e+00,1.459943e+00,1.656538e+00,1.361487e+00,1.505982e+00,1.445683e+00,3.041501e+00,1.962465e+00,1.515976e+00,1.387572e+00,1.688547e+00,1.374063e+00,1.429760e+00,1.462528e+00,1.478357e+00,1.477446e+00,1.498149e+00,1.522378e+00,1.625404e+00,1.686613e+00,1.610596e+00,1.800401e+00,1.484206e+00,1.654104e+00,1.564777e+00,1.444703e+00,1.493717e+00,1.329400e+00,1.614182e+00,1.479480e+00,1.449844e+00,1.464422e+00,1.597815e+00,1.603031e+00,1.744409e+00,1.512779e+00
1.359177e+00,1.489864e+00,1.654643e+00,1.630979e+00,1.643920e+00,1.595835e+00,1.399558e+00,1.373838e+00,1.668163e+00,1.443798e+00,1.416548e+00,1.420184e+00,1.353415e+00,1.396172e+00,1.485879e+00,1.372254e+00,1.504660e+00,1.486976e+00,1.492419e+00,1.602767e+00,1.453399e+00,1.497714e+00,1.543241e+00,1.528075e+00,1.487563e+00,1.451202e+00,1.603572e+00,1.500159e+00,1.734726e+00,1.627859e+00,1.464863e+00,1.534472e+00,1.573377e+00,1.534756e+00,1.525623e+00,1.565625e+00,1.445502e+00,1.343352e+00,1.587384e+00,1.400342e+00,1.602282e+00,1.896536e+00,1.422632e+00,1.582468e+00,2.340031e+00,2.862486e+00,1.577502e+00,2.134700e+00,1.838535e+00,3.729925e+00,1.567604e+00,1.640984e+00,1.533306e+00,1.416498e+00,1.494331e+00,1.360002e+00,1.577100e+00,1.389721e+00,1.523600e+00,2.053222e+00,1.452568e+00,1.579823e+00,1.336722e+00,1.638568e+00,1.808534e+00,1.539945e+00,1.976444e+00,1.822076e+00,1.451417e+00,1.708585e+00,1.614433e+00,1.731768e+00,1.351588e+00,1.470808e+00,1.589301e+00,2.572330e+00,1.442652e+00,1.466947e+00,3.710597e+00,3.136627e+00,1.794833e+00,1.538585e+00,1.989628e+00,1.433448e+00,1.805382e+00,2.072390e+00,1.548727e+00,3.301820e+00,4.718445e+00,1.598693e+00,1.831909e+00,1.679764e+00,1.468214e+00,1.485640e+00,1.750746e+00,1.425798e+00,1.608378e+00,1.472632e+00,4.282588e+00,1.564643e+00,1.590570e+00,1.567658e+00,2.151822e+00,2.683176e+00,1.549332e+00,1.480991e+00,5.123746e+00,2.537443e+00,5.464333e+00,1.511352e+00,3.619481e+00,9.442753e+00,1.937339e+00,1.700180e+00,1.444912e+00,1.685571e+00,4.782125e+00,7.768601e+00,1.852666e+00,8.094219e+00,4.792390e+00,1.378190e+00,2.139605e+00,2.651304e+00,3.727408e+00,2.028716e+00,nan,7.474741e+00,1.374141e+00,1.813608e+00,1.478369e+00,3.949433e+00,3.518624e+00,3.801158e+00,1.021265e+01,2.974536e+00,1.721233e+00,2.206033e+00,3.192280e+00,2.101526e+00,1.460928e+00,3.041328e+00,2.304396e+00,2.854609e+00,1.514949e+00,2.916478e+00,2.223679e+00,1.600183e+00,1.586439e+00,3.684847e+00,2.072412e+00,4.523213e+00,1.585812e+00,2.420920e+00,3.941370e+00,1.483861e+00,3.690988e+00,2.434547e+00,4.177153e+00,2.198982e+00,2.146453e+00,1.695701e+00,4.478816e+00,3.087741e+00,1.806524e+00,1.556427e+00,1.463291e+00,1.478483e+00,1.669599e+00,6.719927e+00,1.434489e+00,1.429622e+00,2.209290e+00,2.068969e+00,4.106305e+00,3.355368e+00,1.637263e+00,1.700616e+00,1.587462e+00,2.677623e+00,1.733371e+00,1.409676e+00,1.509632e+00,1.343239e+00,1.286610e+00,1.631204e+00,2.232630e+00,1.538291e+00,1.395970e+00,1.477914e+00,1.322558e+00,1.409957e+00,1.559454e+00,1.508153e+00,1.332167e+00,1.411947e+00,1.477430e+00,1.570062e+00,1.548212e+00,1.589795e+00,1.624524e+00,1.392436e+00,1.450741e+00,1.501513e+00,1.453022e+00,1.430879e+00,1.350466e+00,1.693461e+00,1.464837e+00,1.369874e+00,1.395340e+00,1.498992e+00,1.547001e+00,1.576789e+00,1.568537e+00
1.498580e+00,1.570311e+00,1.448949e+00,1.619784e+00,1.592395e+00,1.462173e+00,1.396212e+00,1.466787e+00,1.465066e+00,1.389996e+00,1.520493e+00,1.434205e+00,1.614953e+00,1.487991e+00,1.525324e+00,1.363741e+00,1.522603e+00,1.688579e+00,1.514386e+00,1.488405e+00,1.575833e+00,1.366396e+00,1.431998e+00,1.537791e+00,1.428183e+00,1.427513e+00,1.523043e+00,1.347396e+00,1.662589e+00,1.465878e+00,1.532370e+00,1.436843e+00,1.517635e+00,1.687965e+00,1.495033e+00,1.470888e+00,1.624385e+00,1.691158e+00,1.448767e+00,1.495041e+00,1.407739e+00,1.379883e+00,1.613915e+00,5.215911e+00,3.266111e+00,1.361424e+00,9.861922e+00,2.841082e+00,1.641826e+00,1.481064e+00,1.442711e+00,1.412345e+00,1.485757e+00,1.394128e+00,1.529677e+00,1.614190e+00,1.535089e+00,1.372512e+00,1.420974e+00,1.340010e+00,1.481335e+00,1.439203e+00,1.588628e+00,4.311315e+00,1.577909e+00,1.654172e+00,1.606366e+00,1.533049e+00,4.798179e+00,1.547964e+00,1.690419e+00,1.391910e+00,1.462206e+00,1.415214e+00,2.059921e+00,1.451874e+00,1.548530e+00,1.779695e+00,1.683486e+00,3.928724e+00,1.571626e+00,1.637463e+00,1.742988e+00,1.785682e+00,1.774972e+00,2.572922e+00,1.994433e+00,2.224019e+00,1.890964e+00,1.610464e+00,1.407400e+00,1.465462e+00,1.474684e+00,1.640327e+00,1.633022e+00,3.944799e+00,1.555208e+00,1.583253e+00,1.703286e+00,4.491381e+00,1.440968e+00,1.590366e+00,1.533342e+00,4.438165e+00,1.691466e+00,1.910474e+00,1.414456e+00,1.685428e+00,9.039977e+00,4.210651e+00,7.090743e+00,2.793293e+00,2.202002e+00,2.908326e+00,1.730041e+00,4.917627e+00,2.743354e+00,1.955371e+00,1.674397e+00,4.424480e+00,1.495237e+00,2.632424e+00,4.632392e+00,3.902688e+00,1.529807e+00,nan,nan,3.148184e+00,4.072517e+00,3.583915e+00,2.187587e+00,1.586590e+00,2.611393e+00,1.655098e+00,3.194180e+00,1.030457e+01,2.466368e+00,2.274435e+00,1.817275e+00,5.130185e+00,3.143684e+00,1.712995e+00,9.444292e+00,1.821114e+00,1.475756e+00,3.095826e+00,2.804258e+00,2.806850e+00,2.337503e+00,1.486171e+00,1.937543e+00,4.747307e+00,3.735614e+00,4.026687e+00,1.637109e+00,4.644189e+00,2.002982e+00,1.981974e+00,1.656309e+00,1.464683e+00,1.419630e+00,1.564024e+00,2.134433e+00,2.609870e+00,1.395624e+00,1.444303e+00,1.596653e+00,1.463861e+00,1.522530e+00,1.619111e+00,1.532257e+00,1.492571e+00,1.879437e+00,2.173443e+00,3.277024e+00,2.228560e+00,4.277290e+00,4.782406e+00,3.140296e+00,2.288592e+00,1.371045e+00,1.628881e+00,1.513571e+00,1.479786e+00,1.447265e+00,1.418964e+00,1.565951e+00,2.433339e+00,1.552574e+00,1.610276e+00,1.476905e+00,1.927680e+00,1.546963e+00,1.531046e+00,1.553657e+00,1.377685e+00,1.367475e+00,1.465443e+00,1.515676e+00,1.510563e+00,1.481732e+00,1.665474e+00,1.480175e+00,1.500212e+00,1.414363e+00,1.592333e+00,1.496794e+00,1.467852e+00,1.472849e+00,1.553376e+00,1.390155e+00,1.513911e+00,1.460833e+00,1.374417e+00,1.427162e+00
1.615493e+00,1.494838e+00,1.539572e+00,1.540977e+00,1.645108e+00,1.566836e+00,1.554074e+00,1.581084e+00,1.780262e+00,1.428072e+00,1.559360e+00,1.745274e+00,1.401511e+00,1.468505e+00,1.422184e+00,1.500554e+00,1.381367e+00,1.659081e+00,1.514984e+00,1.484477e+00,1.396982e+00,1.619802e+00,1.510573e+00,1.450700e+00,1.509272e+00,1.611666e+00,1.526286e+00,1.307213e+00,1.459756e+00,1.534255e+00,1.505880e+00,1.570551e+00,1.425696e+00,1.494608e+00,1.499419e+00,1.472948e+00,2.047317e+00,1.478058e+00,1.624909e+00,1.405894e+00,1.440240e+00,1.966016e+00,1.429518e+00,1.450689e+00,1.570950e+00,3.263943e+00,1.374920e+00,1.847208e+00,1.871553e+00,1.413262e+00,1.540638e+00,1.393408e+00,1.425789e+00,1.628138e+00,1.458307e+00,1.449461e+00,1.299617e+00,1.414292e+00,1.401654e+00,1.375803e+00,1.751902e+00,1.616798e+00,1.512807e+00,1.684842e+00,2.106416e+00,1.470785e+00,1.492891e+00,1.680963e+00,1.721972e+00,3.430886e+00,1.457660e+00,1.390962e+00,1.883877e+00,1.637717e+00,1.587390e+00,1.409115e+00,1.666282e+00,1.428181e+00,1.342191e+00,3.144350e+00,1.582644e+00,1.434868e+00,1.447953e+00,2.708688e+00,1.487005e+00,1.558847e+00,4.157405e+00,1.438650e+00,1.623341e+00,1.257737e+00,1.634926e+00,1.431760e+00,1.415243e+00,1.586169e+00,1.522916e+00,1.592484e+00,2.488368e+00,1.811863e+00,3.416591e+00,1.377203e+00,1.605214e+00,2.163879e+00,1.585478e+00,4.082017e+00,1.715446e+00,2.001616e+00,1.710706e+00,2.350599e+00,4.132206e+00,1.702770e+00,1.771929e+00,2.707683e+00,1.778716e+00,1.558802e+00,2.745980e+00,1.885287e+00,4.521631e+00,1.694490e+00,1.542336e+00,1.647089e+00,2.872152e+00,1.489014e+00,1.419949e+00,1.345556e+00,1.897203e+00,4.266127e+00,3.180231e+00,4.086035e+00,6.160170e+00,1.821043e+00,1.821012e+00,2.384101e+00,2.587921e+00,3.312188e+00,2.731806e+00,2.639916e+00,2.242883e+00,1.529792e+00,2.434723e+00,1.385165e+00,4.935016e+00,3.512456e+00,1.041866e+01,3.793147e+00,1.522763e+00,2.229013e+00,1.410782e+00,1.719917e+00,1.802529e+00,1.660123e+00,2.826044e+00,2.191830e+00,1.658257e+00,1.571143e+00,2.267792e+00,1.750465e+00,4.925289e+00,1.266945e+00,1.642456e+00,4.602004e+00,1.663586e+00,1.434094e+00,1.845326e+00,1.572652e+00,1.604418e+00,1.458361e+00,1.623177e+00,1.501516e+00,3.943329e+00,1.562254e+00,1.437448e+00,1.590361e+00,1.545063e+00,2.442751e+00,1.806583e+00,3.022069e+00,1.458712e+00,1.470248e+00,1.594311e+00,3.044548e+00,1.799351e+00,1.743508e+00,1.437277e+00,1.563392e+00,1.366959e+00,1.444231e+00,1.362467e+00,1.881795e+00,1.546266e+00,1.470381e+00,1.479354e+00,1.398275e+00,1.728830e+00,1.464942e+00,1.367818e+00,1.539745e+00,1.422364e+00,1.580151e+00,1.544351e+00,1.443333e+00,1.531726e+00,1.508039e+00,1.617287e+00,1.558057e+00,1.567408e+00,1.408451e+00,1.467559e+00,1.377716e+00,1.473819e+00,1.419697e+00,1.494905e+00,1.495447e+00,1.470070e+00,1.452342e+00,1.451492e+00
1.612472e+00,1.658714e+00,1.497059e+00,1.426929e+00,1.492105e+00,1.331403e+00,1.432359e+00,1.570000e+00,1.707685e+00,1.392289e+00,1.616078e+00,1.424539e+00,1.548491e+00,1.444936e+00,1.597080e+00,1.554332e+00,1.620341e+00,1.511688e+00,1.538419e+00,1.508167e+00,1.466292e+00,1.456054e+00,1.533644e+00,1.404400e+00,1.426813e+00,1.494011e+00,1.560600e+00,1.428053e+00,1.581030e+00,1.506732e+00,1.574429e+00,1.500177e+00,1.757747e+00,1.447241e+00,1.366565e+00,1.577284e+00,1.445080e+00,1.602364e+00,1.489093e+00,2.841559e+00,2.231923e+00,1.526101e+00,1.505316e+00,1.605499e+00,1.613059e+00,2.015577e+00,1.672712e+00,1.643438e+00,1.389810e+00,1.457190e+00,1.538605e+00,1.502051e+00,1.525805e+00,1.474704e+00,1.495661e+00,1.593753e+00,1.380010e+00,1.522938e+00,1.489685e+00,1.358281e+00,1.628022e+00,1.545589e+00,1.508538e+00,3.618998e+00,2.320534e+00,1.572491e+00,1.724941e+00,1.516253e+00,3.412701e+00,2.431984e+00,1.708163e+00,1.326346e+00,1.562204e+00,1.717810e+00,1.522891e+00,1.451563e+00,1.440032e+00,2.670185e+00,1.595588e+00,4.516226e+00,1.592947e+00,1.534148e+00,1.458919e+00,1.327814e+00,2.000401e+00,3.184468e+00,1.549491e+00,3.781720e+00,1.757387e+00,3.859746e+00,1.394799e+00,1.446084e+00,4.963387e+00,4.574791e+00,1.472529e+00,2.327750e+00,1.514689e+00,1.339476e+00,1.536239e+00,1.569132e+00,1.453974e+00,3.932870e+00,3.582782e+00,4.242141e+00,1.659154e+00,1.499281e+00,2.081300e+00,1.720469e+00,2.031885e+00,1.561404e+00,1.683908e+00,1.752418e+00,1.608024e+00,2.080659e+00,1.546866e+00,2.406417e+00,nan,1.833398e+00,1.525761e+00,2.152126e+00,4.862065e+00,3.479220e+00,1.474677e+00,1.435921e+00,1.588804e+00,2.536124e+00,1.967749e+00,3.941759e+00,1.517424e+00,1.650940e+00,nan,1.041866e+01,1.536166e+00,9.763384e+00,1.314337e+00,1.649807e+00,2.788223e+00,1.450548e+00,4.597066e+00,4.400745e+00,4.484615e+00,2.562379e+00,1.648795e+00,1.524392e+00,1.590249e+00,7.337875e+00,9.042061e+00,2.180343e+00,5.055022e+00,1.300289e+00,2.147621e+00,1.621456e+00,1.957351e+00,1.612111e+00,3.644875e+00,4.136548e+00,1.507151e+00,2.429337e+00,1.668058e+00,1.583058e+00,1.416507e+00,1.340480e+00,1.525203e+00,1.529447e+00,1.627091e+00,1.450784e+00,1.376794e+00,1.357435e+00,1.513993e+00,1.463135e+00,1.530966e+00,1.422697e+00,1.318345e+00,1.378243e+00,2.575119e+00,1.671102e+00,1.718143e+00,1.632795e+00,1.372166e+00,4.838388e+00,4.571917e+00,1.541345e+00,1.516541e+00,1.566928e+00,1.431733e+00,1.576384e+00,1.358629e+00,1.476827e+00,1.807606e+00,1.549999e+00,1.522701e+00,1.463476e+00,3.225230e+00,1.441861e+00,1.617814e+00,1.304540e+00,1.491098e+00,1.613091e+00,1.454555e+00,1.374537e+00,1.327264e+00,1.526233e+00,1.478443e+00,1.375884e+00,1.506463e+00,1.425695e+00,1.623121e+00,1.540779e+00,1.562008e+00,1.431134e+00,1.469285e+00,1.393390e+00,1.502586e+00,1.630660e+00,1.589013e+00
1.512257e+00,1.621011e+00,1.573487e+00,1.355971e+00,1.340289e+00,1.424579e+00,1.397987e+00,1.406777e+00,1.525109e+00,1.611684e+00,1.338277e+00,1.394878e+00,1.421826e+00,1.367168e+00,1.474323e+00,1.511252e+00,1.459986e+00,1.373814e+00,1.387245e+00,1.422176e+00,1.659363e+00,1.579006e+00,1.404517e+00,1.353489e+00,1.319702e+00,1.268517e+00,1.376747e+00,1.462607e+00,1.612333e+00,1.326392e+00,1.451092e+00,1.492628e+00,1.392590e+00,1.337631e+00,1.295773e+00,1.382008e+00,1.295994e+00,1.498387e+00,1.428365e+00,1.435557e+00,1.477950e+00,1.740118e+00,1.297606e+00,2.685537e+00,2.279816e+00,1.682145e+00,2.345526e+00,1.312837e+00,1.441906e+00,1.550790e+00,1.450962e+00,1.475884e+00,1.388730e+00,1.564665e+00,1.470846e+00,1.316656e+00,1.472301e+00,1.581004e+00,1.785974e+00,1.725046e+00,1.406647e+00,1.676998e+00,1.738128e+00,1.748302e+00,1.645842e+00,2.006467e+00,1.398313e+00,2.257174e+00,3.894096e+00,1.297562e+00,2.650868e+00,1.868264e+00,1.506008e+00,1.961431e+00,1.429541e+00,1.472785e+00,1.570231e+00,4.666121e+00,1.455051e+00,1.649996e+00,1.507738e+00,3.486445e+00,1.465040e+00,1.353400e+00,3.589918e+00,2.454326e+00,2.548955e+00,1.562624e+00,3.568822e+00,1.678970e+00,1.773599e+00,1.518682e+00,1.550466e+00,1.755125e+00,1.412033e+00,4.441448e+00,1.633794e+00,2.977041e+00,1.474390e+00,1.417397e+00,1.644168e+00,2.174054e+00,2.345814e+00,1.390402e+00,1.555144e+00,2.061585e+00,4.485350e+00,1.786392e+00,1.966284e+00,1.399629e+00,1.690117e+00,1.409044e+00,2.819859e+00,4.873777e+00,8.236777e+00,2.691582e+00,1.708734e+00,3.832176e+00,4.233056e+00,1.422848e+00,9.470675e+00,2.250352e+00,1.629460e+00,2.756621e+00,1.548269e+00,3.916429e+00,1.540806e+00,1.816671e+00,1.000955e+01,1.642236e+00,1.703175e+00,1.396674e+00,1.840297e+00,1.526863e+00,4.118171e+00,4.391503e+00,3.586174e+00,2.242971e+00,1.479098e+00,1.912346e+00,1.975416e+00,1.451609e+00,4.771522e+00,1.587370e+00,3.771653e+00,2.502771e+00,3.126762e+00,2.083053e+00,1.419334e+00,2.233626e+00,1.355355e+00,1.589607e+00,1.537834e+00,1.638862e+00,1.703141e+00,1.566432e+00,3.260944e+00,1.715029e+00,1.460137e+00,1.342043e+00,1.486741e+00,1.411351e+00,1.488863e+00,1.453587e+00,1.500658e+00,1.661454e+00,1.504220e+00,1.580225e+00,1.608595e+00,1.619320e+00,1.361919e+00,1.512257e+00,1.364810e+00,1.317057e+00,1.502981e+00,1.793628e+00,3.660880e+00,1.733511e+00,1.351834e+00,1.467593e+00,1.415499e+00,2.901712e+00,1.422283e+00,1.367416e+00,1.488819e+00,1.536290e+00,1.482003e+00,1.446757e+00,1.710382e+00,1.398370e+00,1.513689e+00,1.329336e+00,1.494114e+00,1.577316e+00,1.358027e+00,1.497893e+00,1.655750e+00,1.331163e+00,1.449295e+00,1.446342e+00,1.433937e+00,1.593231e+00,1.398099e+00,1.413611e+00,1.702429e+00,1.458817e+00,1.609498e+00,1.322388e+00,1.462449e+00,1.559957e+00,1.443438e+00,1.440574e+00,1.509042e+00,1.657209e+00,1.531709e+00
1.550470e+00,1.431175e+00,1.339696e+00,1.540391e+00,1.589249e+00,1.460840e+00,1.501920e+00,1.557875e+00,1.251930e+00,1.382170e+00,1.377906e+00,1.572908e+00,1.401500e+00,1.438593e+00,1.347782e+00,1.486895e+00,1.679429e+00,1.384865e+00,1.338462e+00,1.426255e+00,1.379680e+00,1.340563e+00,1.489908e+00,1.436061e+00,1.314782e+00,1.301623e+00,1.362975e+00,1.333868e+00,1.402183e+00,1.474922e+00,1.585684e+00,1.396772e+00,1.380860e+00,1.352727e+00,1.511724e+00,1.568483e+00,1.580472e+00,1.719828e+00,1.682402e+00,1.377324e+00,1.481642e+00,3.005321e+00,2.098193e+00,4.677822e+00,1.878494e+00,1.987975e+00,1.530257e+00,1.431913e+00,1.571379e+00,1.529806e+00,1.458383e+00,1.450878e+00,1.414446e+00,1.429149e+00,1.464476e+00,1.403682e+00,1.386148e+00,1.640164e+00,1.724465e+00,1.540215e+00,1.670461e+00,1.401300e+00,1.470736e+00,3.074132e+00,1.583092e+00,1.373249e+00,2.583077e+00,3.994685e+00,2.039402e+00,1.423274e+00,2.906510e+00,1.721437e+00,1.630765e+00,1.531042e+00,1.465301e+00,1.448362e+00,1.582909e+00,1.550099e+00,1.418485e+00,1.678965e+00,1.518234e+00,3.966682e+00,1.481939e+00,1.721011e+00,5.058125e+00,1.595129e+00,2.748012e+00,1.429459e+00,1.377221e+00,1.527188e+00,1.506123e+00,1.289157e+00,1.351150e+00,1.380301e+00,1.491211e+00,1.452786e+00,2.087964e+00,4.677788e+00,2.883543e+00,2.196822e+00,1.366054e+00,1.915379e+00,2.716815e+00,2.372135e+00,4.066869e+00,2.429434e+00,1.353279e+00,2.944267e+00,1.018513e+01,1.729600e+00,3.952543e+00,1.598007e+00,1.571927e+00,1.363833e+00,1.431543e+00,nan,4.187787e+00,2.173209e+00,2.468578e+00,2.361076e+00,1.550771e+00,3.444599e+00,1.507792e+00,2.135697e+00,1.041866e+01,2.322446e+00,2.511847e+00,nan,3.285791e+00,2.217404e+00,7.545472e+00,2.663063e+00,1.516499e+00,1.908035e+00,3.818698e+00,1.686516e+00,nan,6.219952e+00,2.605950e+00,2.097256e+00,1.258418e+00,3.749724e+00,1.512549e+00,1.327633e+00,1.888492e+00,5.050556e+00,1.474497e+00,nan,1.541518e+00,1.358077e+00,1.329647e+00,1.334008e+00,1.464458e+00,1.386398e+00,1.294603e+00,1.437399e+00,1.268839e+00,1.544477e+00,1.388872e+00,1.522510e+00,1.463743e+00,1.615673e+00,1.532668e+00,1.439077e+00,1.339149e+00,1.478838e+00,1.887229e+00,1.369830e+00,1.507364e+00,1.365004e+00,1.358027e+00,1.519533e+00,1.639233e+00,4.570130e+00,1.520368e+00,2.623652e+00,3.621538e+00,2.210296e+00,2.115307e+00,1.405219e+00,4.520358e+00,2.445423e+00,1.450153e+00,1.517964e+00,1.470345e+00,1.421024e+00,1.483924e+00,1.442599e+00,1.392402e+00,3.618684e+00,1.430794e+00,1.310555e+00,1.593153e+00,1.764161e+00,1.399553e+00,1.518985e+00,1.322466e+00,1.393132e+00,1.440674e+00,1.674612e+00,1.293442e+00,1.358282e+00,1.276118e+00,1.336234e+00,1.270853e+00,1.420280e+00,1.327507e+00,1.494375e+00,1.451178e+00,1.429455e+00,1.352221e+00,1.428365e+00,1.535949e+00,1.458850e+00,1.486820e+00
1.358336e+00,1.307662e+00,1.367417e+00,1.381955e+00,1.322950e+00,1.338176e+00,1.418794e+00,1.556679e+00,1.781543e+00,1.351724e+00,1.355742e+00,1.584657e+00,1.282822e+00,1.399582e+00,1.362587e+00,1.243871e+00,1.492232e+00,1.389887e+00,1.333407e+00,1.335360e+00,1.447025e+00,1.349016e+00,1.347521e+00,1.323798e+00,1.448017e+00,1.373893e+00,1.352549e+00,1.348222e+00,1.431512e+00,1.498507e+00,1.331467e+00,1.485982e+00,1.393041e+00,1.497952e+00,1.326920e+00,1.457754e+00,1.405410e+00,1.386096e+00,1.339858e+00,1.733205e+00,2.447435e+00,4.133667e+00,4.325004e+00,1.421277e+00,1.718071e+00,2.173949e+00,1.392142e+00,1.355910e+00,1.674350e+00,1.411662e+00,1.427679e+00,1.290975e+00,1.366561e+00,1.402749e+00,1.340204e+00,1.370716e+00,1.347328e+00,1.350595e+00,1.410644e+00,1.923545e+00,1.744988e+00,1.582956e+00,4.356850e+00,1.180215e+00,1.664689e+00,1.915101e+00,1.548808e+00,1.348174e+00,2.362888e+00,2.659057e+00,1.316278e+00,1.293397e+00,1.393406e+00,2.727754e+00,2.452717e+00,1.366450e+00,1.350426e+00,1.275597e+00,1.266202e+00,1.335927e+00,1.476881e+00,1.459015e+00,2.497843e+00,2.708985e+00,1.354827e+00,1.423545e+00,1.709800e+00,3.369480e+00,3.117452e+00,2.187064e+00,5.501521e+00,1.469526e+00,3.780255e+00,1.330571e+00,1.348587e+00,4.586495e+00,2.995822e+00,1.440365e+00,3.516748e+00,1.963075e+00,1.415475e+00,1.435841e+00,1.473640e+00,1.383360e+00,1.462520e+00,4.259281e+00,2.003312e+00,1.428255e+00,3.611722e+00,2.115398e+00,1.899970e+00,1.344703e+00,2.765297e+00,2.915945e+00,1.737526e+00,2.950636e+00,3.444063e+00,2.438216e+00,1.655007e+00,1.816938e+00,1.449078e+00,9.573098e+00,2.189631e+00,2.155837e+00,1.323444e+00,2.142545e+00,2.039398e+00,1.835564e+00,3.504000e+00,1.454915e+00,1.506243e+00,2.776131e+00,1.884154e+00,1.644079e+00,1.324702e+00,3.191591e+00,4.823473e+00,4.049110e+00,1.488276e+00,1.478045e+00,3.774616e+00,1.538164e+00,1.484692e+00,1.606250e+00,3.968028e+00,nan,nan,1.559057e+00,1.857824e+00,1.585623e+00,1.503290e+00,1.395205e+00,1.450155e+00,1.255479e+00,1.411219e+00,1.441554e+00,1.339212e+00,1.440076e+00,1.403158e+00,1.610964e+00,1.435322e+00,1.332962e+00,1.466913e+00,1.304962e+00,1.438833e+00,4.015292e+00,1.450660e+00,1.325009e+00,1.548857e+00,1.524643e+00,1.288446e+00,1.737257e+00,1.516343e+00,1.487542e+00,1.453774e+00,4.119211e+00,1.536522e+00,1.971844e+00,2.012576e+00,1.391230e+00,6.865223e+00,3.150058e+00,1.513272e+00,2.020476e+00,1.543366e+00,1.576845e+00,1.407670e+00,1.481923e+00,1.498643e+00,2.621667e+00,1.444157e+00,1.578522e+00,1.442247e+00,1.579632e+00,1.475415e+00,1.370828e+00,1.359917e+00,1.440178e+00,1.463223e+00,1.525732e+00,1.317491e+00,1.359079e+00,1.365920e+00,1.382919e+00,1.382917e+00,1.415362e+00,1.415154e+00,1.515497e+00,1.285054e+00,1.436687e+00,1.371452e+00,1.233484e+00,1.442821e+00,1.387915e+00,1.432888e+00
1.359326e+00,1.266330e+00,1.418985e+00,1.257771e+00,1.527964e+00,1.657737e+00,1.245608e+00,1.462278e+00,1.278654e+00,1.386327e+00,1.422404e+00,1.481085e+00,1.302665e+00,1.371851e+00,1.269401e+00,1.326598e+00,1.333309e+00,1.275638e+00,1.321163e+00,1.723709e+00,1.354708e+00,1.413835e+00,1.517202e+00,1.315043e+00,1.309040e+00,1.363474e+00,1.336926e+00,1.319221e+00,1.222392e+00,1.293835e+00,1.419423e+00,1.373847e+00,1.286941e+00,1.159988e+00,1.425626e+00,1.371641e+00,4.771544e+00,1.535147e+00,1.348671e+00,1.565135e+00,1.677283e+00,3.235491e+00,2.196753e+00,2.069525e+00,1.324134e+00,1.394559e+00,1.302676e+00,1.278927e+00,1.374413e+00,1.291315e+00,1.922526e+00,1.439007e+00,1.483027e+00,1.399309e+00,1.276878e+00,1.320004e+00,1.332284e+00,1.250595e+00,1.369683e+00,1.745212e+00,1.440908e+00,1.293745e+00,1.866381e+00,1.252023e+00,1.814275e+00,1.985175e+00,2.076219e+00,1.328038e+00,1.376262e+00,1.466542e+00,1.449115e+00,3.079380e+00,1.501865e+00,2.456851e+00,2.327515e+00,1.370327e+00,1.920591e+00,1.819196e+00,1.550349e+00,1.604709e+00,1.480826e+00,2.215706e+00,1.893788e+00,4.441576e+00,1.414642e+00,1.356694e+00,1.350658e+00,1.541157e+00,1.557002e+00,1.387722e+00,1.347923e+00,3.126066e+00,1.435882e+00,1.544931e+00,1.437060e+00,1.373688e+00,3.351569e+00,nan,1.781194e+00,5.863860e+00,1.751238e+00,2.939024e+00,1.427381e+00,1.831847e+00,2.951314e+00,2.791400e+00,3.153687e+00,2.420856e+00,1.561107e+00,2.941156e+00,1.282287e+00,1.382636e+00,3.505463e+00,1.601550e+00,1.889290e+00,2.166595e+00,1.886647e+00,1.379703e+00,2.271312e+00,1.548165e+00,2.256351e+00,1.530384e+00,1.286229e+00,1.360356e+00,1.261266e+00,2.463845e+00,1.463752e+00,3.551790e+00,1.394215e+00,1.486124e+00,1.500151e+00,3.034986e+00,1.757608e+00,1.362303e+00,4.237762e+00,1.883986e+00,1.541009e+00,2.425870e+00,1.954123e+00,1.484022e+00,1.041866e+01,1.803997e+00,4.266721e+00,3.358163e+00,2.527268e+00,2.523133e+00,3.481499e+00,1.381127e+00,2.576614e+00,2.659122e+00,1.277046e+00,1.282931e+00,1.271022e+00,1.266893e+00,1.463685e+00,1.245200e+00,1.416636e+00,1.631154e+00,1.298084e+00,1.241001e+00,1.524652e+00,1.369833e+00,1.515956e+00,1.308907e+00,1.518233e+00,1.282660e+00,1.269581e+00,1.382365e+00,1.388324e+00,1.313608e+00,1.388420e+00,1.470775e+00,1.339132e+00,1.352577e+00,1.438080e+00,1.300828e+00,1.739190e+00,1.361591e+00,2.422763e+00,4.172589e+00,1.293996e+00,2.300206e+00,1.472747e+00,2.179348e+00,1.424493e+00,1.307536e+00,1.348215e+00,1.348735e+00,1.458969e+00,1.248492e+00,1.609932e+00,1.647450e+00,1.292025e+00,1.366166e+00,3.318946e+00,1.416383e+00,1.610602e+00,1.402156e+00,1.394860e+00,1.381520e+00,1.283087e+00,1.323888e+00,1.375151e+00,1.255313e+00,1.333877e+00,1.237943e+00,1.301832e+00,1.466446e+00,1.469470e+00,1.270485e+00,1.343352e+00,1.403793e+00,1.387179e+00,1.210750e+00,1.241511e+00
1.669433e+00,1.321110e+00,1.385223e+00,1.557892e+00,1.386749e+00,1.241045e+00,1.412034e+00,1.436673e+00,1.308860e+00,1.228712e+00,1.486785e+00,1.422564e+00,1.382758e+00,1.315984e+00,1.292628e+00,1.391836e+00,1.257478e+00,1.439736e+00,1.242726e+00,1.379074e+00,1.509176e+00,1.362031e+00,1.440808e+00,1.465425e+00,1.309414e+00,1.409919e+00,1.440183e+00,1.308819e+00,1.463742e+00,1.442330e+00,1.452615e+00,1.304659e+00,1.468451e+00,1.344660e+00,1.351121e+00,1.390685e+00,1.594362e+00,1.400697e+00,1.520222e+00,3.414571e+00,1.644817e+00,3.728732e+00,1.664150e+00,1.479209e+00,1.385041e+00,1.344793e+00,1.368340e+00,1.425714e+00,1.324590e+00,1.475127e+00,1.968222e+00,1.203791e+00,1.439571e+00,1.271424e+00,1.522341e+00,1.511405e+00,1.457243e+00,1.285190e+00,1.403276e+00,1.789722e+00,1.388530e+00,2.234687e+00,1.285859e+00,1.483046e+00,1.343181e+00,1.274369e+00,1.984660e+00,3.695240e+00,1.682383e+00,3.597887e+00,1.421862e+00,1.544207e+00,1.338021e+00,1.529167e+00,2.570964e+00,1.331450e+00,4.277742e+00,3.254062e+00,1.375651e+00,1.368378e+00,1.520393e+00,5.218576e+00,1.237531e+00,1.392740e+00,1.624406e+00,1.521887e+00,3.769091e+00,1.540390e+00,1.382766e+00,1.444383e+00,1.403946e+00,2.061530e+00,1.395017e+00,1.742040e+00,1.769537e+00,1.441351e+00,1.041569e+01,1.741861e+00,1.536680e+00,1.370416e+00,2.030481e+00,1.463954e+00,2.934692e+00,1.410746e+00,4.630923e+00,1.656879e+00,1.550659e+00,3.967231e+00,1.328327e+00,1.803882e+00,1.734860e+00,3.968081e+00,1.735071e+00,1.500221e+00,1.267362e+00,1.841513e+00,1.367465e+00,1.471519e+00,3.155873e+00,1.202546e+00,1.484721e+00,1.381796e+00,3.088212e+00,1.412561e+00,1.223925e+00,1.279795e+00,1.639188e+00,1.328171e+00,1.351744e+00,1.267422e+00,1.470806e+00,1.597226e+00,1.431899e+00,1.630039e+00,1.318589e+00,1.381335e+00,1.511655e+00,1.934073e+00,1.507852e+00,3.084721e+00,2.384364e+00,1.357289e+00,3.030151e+00,2.748439e+00,2.053379e+00,2.277814e+00,3.352242e+00,2.211630e+00,3.789902e+00,3.582681e+00,1.907387e+00,1.288221e+00,1.536567e+00,1.347997e+00,1.396565e+00,1.875354e+00,4.342154e+00,1.025704e+01,1.252248e+00,1.340617e+00,1.411164e+00,1.285746e+00,1.415814e+00,1.299705e+00,1.316239e+00,1.549378e+00,1.436420e+00,1.278774e+00,1.386342e+00,1.346431e+00,1.171776e+00,1.339112e+00,1.344234e+00,1.563228e+00,3.534125e+00,1.383594e+00,1.255920e+00,4.401226e+00,1.531662e+00,2.552725e+00,4.795964e+00,2.730816e+00,1.485563e+00,1.920001e+00,2.172185e+00,1.700620e+00,1.346616e+00,1.286356e+00,1.317509e+00,1.436495e+00,3.184639e+00,1.466465e+00,1.288013e+00,1.344220e+00,1.459284e+00,1.318303e+00,1.460021e+00,1.296102e+00,1.286163e+00,1.371860e+00,1.399234e+00,1.353855e+00,1.491961e+00,1.507928e+00,1.422158e+00,1.222418e+00,1.273536e+00,1.353443e+00,1.429730e+00,1.327587e+00,1.418457e+00,1.309893e+00,1.288223e+00,1.280490e+00,1.323572e+00
1.252117e+00,1.455479e+00,1.460872e+00,1.390851e+00,1.260774e+00,1.393969e+00,1.320376e+00,1.590215e+00,1.482311e+00,1.314658e+00,1.420361e+00,1.410921e+00,1.469848e+00,1.356492e+00,1.505589e+00,1.439913e+00,1.486846e+00,1.289753e+00,1.368804e+00,1.524712e+00,1.394144e+00,1.369145e+00,1.377735e+00,1.494385e+00,1.493615e+00,1.341284e+00,1.317831e+00,1.400626e+00,1.395621e+00,1.391303e+00,1.431557e+00,1.510320e+00,1.523752e+00,1.404674e+00,1.286229e+00,1.430001e+00,1.422190e+00,1.357983e+00,1.367051e+00,1.683626e+00,4.811374e+00,1.410862e+00,1.396196e+00,1.442389e+00,1.462095e+00,1.306444e+00,1.332671e+00,1.336002e+00,1.421216e+00,1.430346e+00,1.339819e+00,1.338814e+00,3.686583e+00,2.724750e+00,1.437782e+00,1.279976e+00,1.302350e+00,1.451968e+00,1.471967e+00,1.340177e+00,1.254828e+00,1.597735e+00,1.329543e+00,2.092136e+00,1.815061e+00,3.485208e+00,1.406713e+00,1.868972e+00,1.362881e+00,1.677790e+00,1.342680e+00,1.323211e+00,1.345100e+00,4.551937e+00,2.121429e+00,1.379262e+00,1.612420e+00,1.480843e+00,1.485337e+00,1.490425e+00,1.603751e+00,1.507694e+00,1.514818e+00,1.811442e+00,1.664035e+00,2.100516e+00,2.354219e+00,3.991572e+00,1.584826e+00,1.636527e+00,2.660580e+00,1.301171e+00,1.337978e+00,2.380653e+00,4.715186e+00,2.361229e+00,1.887486e+00,5.226671e+00,1.420345e+00,1.879593e+00,nan,4.520718e+00,1.979634e+00,1.470739e+00,1.343882e+00,1.518745e+00,4.704334e+00,4.887504e+00,3.663112e+00,1.379993e+00,1.368425e+00,1.683729e+00,2.297143e+00,1.630492e+00,1.424695e+00,1.543315e+00,1.440978e+00,1.358999e+00,1.475704e+00,1.514268e+00,1.446375e+00,1.333330e+00,1.430463e+00,1.673278e+00,1.534800e+00,1.352660e+00,1.497996e+00,1.335620e+00,1.308735e+00,1.529522e+00,1.381811e+00,3.359609e+00,1.413527e+00,1.444791e+00,1.453637e+00,1.553406e+00,1.948893e+00,1.915657e+00,2.690174e+00,nan,3.397251e+00,1.505890e+00,1.554900e+00,3.699966e+00,1.926374e+00,2.980364e+00,1.803832e+00,1.905958e+00,1.041866e+01,1.584154e+00,nan,3.895132e+00,1.478991e+00,1.355440e+00,1.339383e+00,1.408773e+00,1.262773e+00,1.357918e+00,1.503786e+00,1.317142e+00,1.565438e+00,1.503727e+00,1.497693e+00,1.285320e+00,1.422775e+00,1.446108e+00,1.419532e+00,1.450125e+00,1.371742e+00,1.189846e+00,1.229747e+00,1.367756e+00,4.751637e+00,1.456884e+00,2.800297e+00,1.289702e+00,4.869572e+00,5.580260e+00,1.422992e+00,2.450773e+00,1.595443e+00,1.335342e+00,2.015810e+00,1.640788e+00,1.707096e+00,1.467861e+00,1.716886e+00,1.218296e+00,1.340511e+00,1.276363e+00,1.433079e+00,1.334481e+00,1.475781e+00,1.377878e+00,1.610022e+00,1.460908e+00,1.470908e+00,1.241952e+00,1.437896e+00,1.475424e+00,1.377142e+00,1.460114e+00,1.359705e+00,1.281885e+00,1.393470e+00,1.441503e+00,1.446091e+00,1.485396e+00,1.422365e+00,1.281182e+00,1.371577e+00,1.340367e+00,1.346572e+00,1.403232e+00,1.448090e+00
1.383676e+00,1.286737e+00,1.118497e+00,1.403847e+00,1.394794e+00,1.454378e+00,1.316897e+00,1.345677e+00,1.391448e+00,1.455970e+00,1.364307e+00,1.494630e+00,1.414778e+00,1.357836e+00,1.333457e+00,1.296335e+00,1.270623e+00,1.277150e+00,1.373589e+00,1.232461e+00,1.361399e+00,1.289425e+00,1.430965e+00,1.287741e+00,1.435886e+00,1.251207e+00,1.391219e+00,1.315466e+00,1.256686e+00,1.391658e+00,1.437922e+00,1.317085e+00,1.442359e+00,1.548424e+00,1.366506e+00,1.498562e+00,1.291490e+00,1.688029e+00,1.332517e+00,3.625467e+00,2.095661e+00,1.804667e+00,1.233165e+00,1.227740e+00,1.333036e+00,1.341095e+00,1.473858e+00,1.365382e+00,1.499296e+00,1.434646e+00,1.344370e+00,1.334588e+00,2.524663e+00,1.468534e+00,1.192554e+00,1.640266e+00,1.185477e+00,1.478517e+00,1.189159e+00,1.179637e+00,1.473125e+00,1.412500e+00,1.291178e+00,1.484283e+00,1.843886e+00,3.708741e+00,1.293895e+00,1.338316e+00,1.535552e+00,1.487455e+00,1.645835e+00,1.655243e+00,1.285558e+00,2.687931e+00,1.041866e+01,1.627040e+00,1.351327e+00,1.500378e+00,1.362306e+00,1.702462e+00,1.710678e+00,1.317224e+00,1.481669e+00,1.289216e+00,1.306579e+00,1.313893e+00,3.054933e+00,1.476865e+00,1.331698e+00,1.502455e+00,1.348751e+00,1.519299e+00,1.494753e+00,1.222524e+00,2.505267e+00,1.461256e+00,1.353869e+00,3.082323e+00,2.769330e+00,2.247224e+00,1.449989e+00,1.612060e+00,2.636175e+00,1.926117e+00,1.463666e+00,1.670449e+00,1.354750e+00,1.274135e+00,1.399601e+00,1.214341e+00,1.494990e+00,1.351870e+00,1.283587e+00,1.530480e+00,1.380613e+00,1.529840e+00,1.477584e+00,1.250226e+00,1.501397e+00,1.293599e+00,1.339784e+00,1.440343e+00,1.332464e+00,1.388194e+00,1.335091e+00,1.240524e+00,1.354439e+00,1.386470e+00,1.365031e+00,1.398366e+00,1.276562e+00,1.233910e+00,1.289659e+00,1.353574e+00,1.375588e+00,2.217834e+00,1.443942e+00,1.772578e+00,2.060446e+00,4.917506e+00,4.970795e+00,4.558099e+00,2.942425e+00,2.218366e+00,1.458299e+00,2.007308e+00,1.699948e+00,2.161826e+00,1.443610e+00,1.599613e+00,4.171678e+00,1.669530e+00,2.051018e+00,3.487256e+00,1.372652e+00,3.530398e+00,1.962821e+00,2.653779e+00,1.651950e+00,2.215567e+00,4.164319e+00,2.186729e+00,1.380168e+00,1.327341e+00,1.454594e+00,1.375341e+00,2.726296e+00,1.353819e+00,1.302643e+00,1.447851e+00,1.412339e+00,1.385420e+00,1.228076e+00,1.639270e+00,2.389900e+00,1.547770e+00,2.730413e+00,2.834240e+00,1.312585e+00,3.559546e+00,2.128374e+00,1.209147e+00,1.729414e+00,2.506794e+00,1.408574e+00,1.569043e+00,1.272429e+00,1.451742e+00,1.375859e+00,1.357739e+00,1.413361e+00,1.521049e+00,1.473339e+00,1.422195e+00,1.283117e+00,1.249082e+00,1.472709e+00,1.478935e+00,1.419315e+00,1.380387e+00,1.491686e+00,1.481439e+00,1.447831e+00,1.341978e+00,1.646523e+00,1.352475e+00,1.264549e+00,1.395171e+00,1.520220e+00,1.233037e+00,1.432854e+00,1.495708e+00,1.458129e+00,1.769367e+00,1.379618e+00
1.499431e+00,1.479433e+00,1.249566e+00,1.348460e+00,1.275534e+00,1.389054e+00,1.506958e+00,1.351382e+00,1.221477e+00,1.325388e+00,1.580874e+00,1.351209e+00,1.249180e+00,1.428977e+00,1.299589e+00,1.379576e+00,1.413984e+00,1.384910e+00,1.242009e+00,1.139713e+00,1.428057e+00,1.323031e+00,1.209600e+00,1.284540e+00,1.296647e+00,1.359661e+00,1.412257e+00,1.371355e+00,1.214598e+00,1.439425e+00,1.368345e+00,1.177025e+00,1.553161e+00,1.239724e+00,1.293859e+00,1.436088e+00,1.786983e+00,1.273885e+00,1.500042e+00,1.459948e+00,2.049244e+00,1.423182e+00,1.218053e+00,1.305713e+00,1.298202e+00,1.304935e+00,1.221256e+00,1.425451e+00,1.667626e+00,2.706252e+00,1.487775e+00,1.323453e+00,1.741581e+00,1.353825e+00,1.355456e+00,1.346099e+00,1.503274e+00,1.239702e+00,1.386519e+00,1.495398e+00,1.305673e+00,1.271949e+00,1.413739e+00,1.412051e+00,1.381219e+00,1.624801e+00,1.420348e+00,1.519918e+00,1.562699e+00,1.477331e+00,1.803311e+00,3.078676e+00,1.618597e+00,2.872222e+00,3.776343e+00,3.989632e+00,1.239391e+00,1.408175e+00,1.425311e+00,1.406272e+00,1.356466e+00,2.201353e+00,1.349106e+00,1.598853e+00,1.467456e+00,1.969966e+00,1.867058e+00,1.337261e+00,1.384560e+00,1.476914e+00,1.531388e+00,1.342155e+00,1.334317e+00,1.555854e+00,3.956705e+00,1.492039e+00,1.730692e+00,1.409133e+00,1.583880e+00,1.496379e+00,1.443174e+00,1.253766e+00,2.018072e+00,8.241389e+00,3.463729e+00,2.045491e+00,1.240388e+00,1.394924e+00,1.495011e+00,1.554365e+00,1.544620e+00,1.375696e+00,1.340223e+00,1.427394e+00,1.303006e+00,1.254489e+00,1.444197e+00,1.276472e+00,1.382594e+00,1.371613e+00,1.410695e+00,1.384330e+00,1.330357e+00,1.388445e+00,1.366502e+00,1.435425e+00,1.307234e+00,1.266469e+00,1.359838e+00,1.236316e+00,1.241467e+00,1.273616e+00,1.282613e+00,1.219076e+00,1.174239e+00,1.639566e+00,1.243873e+00,1.451054e+00,1.384507e+00,3.453749e+00,3.148900e+00,2.092134e+00,1.412650e+00,5.024648e+00,1.260875e+00,4.358919e+00,1.544180e+00,3.107306e+00,1.463175e+00,2.512584e+00,5.251910e+00,1.490827e+00,3.164562e+00,4.028254e+00,7.808301e+00,6.533842e+00,4.861303e+00,2.130475e+00,1.565808e+00,4.285273e+00,1.331012e+00,1.289751e+00,1.469336e+00,1.336343e+00,1.311584e+00,1.444272e+00,1.347466e+00,1.300480e+00,1.239250e+00,1.433218e+00,1.729296e+00,3.861338e+00,1.419036e+00,2.019556e+00,1.353725e+00,4.164411e+00,4.798806e+00,1.924969e+00,2.186774e+00,2.392657e+00,3.766563e+00,1.536204e+00,2.003579e+00,4.897245e+00,2.727359e+00,2.059140e+00,1.403671e+00,1.191249e+00,1.352884e+00,1.442072e+00,1.410682e+00,1.352172e+00,1.644435e+00,1.446128e+00,1.219926e+00,1.358790e+00,1.358373e+00,1.209260e+00,1.267393e+00,1.373566e+00,1.261736e+00,1.140515e+00,1.214479e+00,1.354077e+00,1.407555e+00,1.330311e+00,1.336431e+00,1.283198e+00,1.294167e+00,1.428031e+00,1.433996e+00,1.318655e+00,1.270815e+00,1.302295e+00,1.323537e+00
1.514437e+00,1.270651e+00,1.314305e+00,1.286038e+00,1.377750e+00,1.561634e+00,1.326892e+00,1.490344e+00,1.399199e+00,1.276176e+00,1.393432e+00,1.477306e+00,1.474778e+00,1.424435e+00,1.376201e+00,1.279743e+00,1.278991e+00,1.309514e+00,1.386399e+00,1.316835e+00,1.449509e+00,1.319796e+00,1.407931e+00,1.306720e+00,1.400021e+00,1.132443e+00,1.394696e+00,1.478220e+00,1.222141e+00,1.451508e+00,1.298299e+00,1.573357e+00,1.373631e+00,1.279930e+00,1.668909e+00,1.419227e+00,1.545951e+00,2.782462e+00,2.395741e+00,2.836533e+00,1.327247e+00,1.525030e+00,1.260067e+00,1.295022e+00,1.438418e+00,1.584836e+00,1.194315e+00,1.367140e+00,1.347890e+00,1.472431e+00,1.458590e+00,1.338896e+00,1.373107e+00,1.626240e+00,1.302192e+00,1.621404e+00,1.262943e+00,1.565853e+00,1.342912e+00,1.348748e+00,1.619361e+00,1.272146e+00,1.628584e+00,1.408242e+00,1.366408e+00,1.369005e+00,2.108366e+00,1.267496e+00,1.795905e+00,1.243959e+00,1.537213e+00,1.303947e+00,1.357695e+00,1.833934e+00,3.107854e+00,1.427928e+00,1.521051e+00,1.348817e+00,1.443375e+00,1.368144e+00,1.303557e+00,1.247578e+00,4.741133e+00,1.546236e+00,2.324965e+00,4.102685e+00,1.302453e+00,3.405170e+00,1.586873e+00,2.317117e+00,1.388293e+00,4.912599e+00,1.359114e+00,1.434070e+00,1.686528e+00,3.819198e+00,1.303069e+00,2.454103e+00,1.592261e+00,1.451821e+00,1.492650e+00,1.519113e+00,3.742303e+00,1.378376e+00,1.481356e+00,2.030766e+00,1.277622e+00,1.361460e+00,1.562948e+00,1.511500e+00,1.563265e+00,1.367643e+00,1.222818e+00,1.424596e+00,1.335393e+00,1.296492e+00,1.263827e+00,1.212086e+00,1.391573e+00,1.478554e+00,1.265473e+00,1.363793e+00,1.431779e+00,1.451489e+00,1.239093e+00,1.387898e+00,1.207866e+00,1.225260e+00,1.305328e+00,1.281694e+00,1.371507e+00,1.381184e+00,1.352549e+00,1.453126e+00,1.204636e+00,1.505381e+00,1.305849e+00,1.350346e+00,1.613306e+00,1.423415e+00,1.380601e+00,1.214220e+00,1.862412e+00,1.342168e+00,1.565498e+00,1.911280e+00,1.040656e+01,3.235129e+00,3.939760e+00,1.490010e+00,4.029802e+00,3.679189e+00,1.749252e+00,1.552391e+00,2.742252e+00,4.063395e+00,nan,5.109314e+00,3.245447e+00,3.480103e+00,1.290823e+00,1.366032e+00,1.439642e+00,1.369192e+00,1.269820e+00,1.307271e+00,1.440157e+00,1.226306e+00,3.872261e+00,4.176491e+00,3.518640e+00,1.381628e+00,9.603360e+00,1.380718e+00,2.152069e+00,1.543045e+00,1.452843e+00,1.281975e+00,4.181302e+00,3.020453e+00,3.862524e+00,3.705496e+00,1.270490e+00,1.351963e+00,1.958984e+00,1.372950e+00,1.197352e+00,1.321991e+00,1.266883e+00,1.309714e+00,1.355106e+00,1.358301e+00,2.904157e+00,1.349355e+00,1.258337e+00,1.305030e+00,1.314519e+00,1.406721e+00,1.332065e+00,1.305478e+00,1.287665e+00,1.381150e+00,1.292435e+00,1.486725e+00,1.262308e+00,1.279892e+00,1.347433e+00,1.328565e+00,1.471068e+00,1.364463e+00,1.409683e+00,1.377333e+00,1.358918e+00,1.299874e+00,1.356466e+00
1.542461e+00,1.453447e+00,1.317477e+00,1.376392e+00,1.289496e+00,1.436169e+00,1.206565e+00,1.287725e+00,1.401867e+00,1.531878e+00,1.361862e+00,1.388660e+00,1.371488e+00,1.354247e+00,1.434374e+00,1.410035e+00,1.231189e+00,1.355614e+00,1.361781e+00,1.285168e+00,1.568577e+00,1.344602e+00,1.264502e+00,1.468726e+00,1.380921e+00,1.522774e+00,1.410310e+00,1.502191e+00,1.536249e+00,1.441149e+00,1.607338e+00,1.279909e+00,1.456472e+00,1.380294e+00,1.812470e+00,2.125961e+00,3.751085e+00,1.271421e+00,3.446757e+00,2.675685e+00,1.663675e+00,1.543292e+00,1.270806e+00,1.358504e+00,1.327531e+00,1.378978e+00,1.602803e+00,1.887172e+00,1.279536e+00,1.756488e+00,1.455080e+00,2.358161e+00,1.164033e+00,1.429481e+00,1.296983e+00,1.428447e+00,1.253028e+00,1.287396e+00,1.312534e+00,1.243590e+00,1.333784e+00,1.359939e+00,1.359439e+00,1.687447e+00,1.193505e+00,1.255776e+00,1.430460e+00,1.433278e+00,1.396287e+00,4.765622e+00,1.420425e+00,1.207762e+00,1.326623e+00,1.660775e+00,1.491470e+00,1.216419e+00,1.371062e+00,1.397760e+00,3.475010e+00,1.365170e+00,4.109418e+00,1.474738e+00,3.667680e+00,1.634323e+00,1.597833e+00,1.400165e+00,3.736383e+00,1.372983e+00,5.113488e+00,3.809801e+00,2.212158e+00,2.274972e+00,1.699601e+00,2.009949e+00,1.528103e+00,1.394113e+00,1.679377e+00,1.775629e+00,1.504842e+00,1.470556e+00,1.814453e+00,1.380620e+00,5.033129e+00,3.429372e+00,1.507400e+00,1.321315e+00,1.292910e+00,1.298368e+00,1.355156e+00,1.304111e+00,1.147176e+00,1.298037e+00,1.233874e+00,1.336483e+00,1.352767e+00,1.214036e+00,1.396145e+00,1.478467e+00,1.421427e+00,1.344636e+00,1.391512e+00,1.303779e+00,1.184255e+00,1.288947e+00,1.411994e+00,1.623328e+00,1.268363e+00,1.488562e+00,1.541860e+00,1.347964e+00,1.474552e+00,1.487049e+00,1.613233e+00,1.164740e+00,1.353879e+00,1.383408e+00,1.274988e+00,1.297640e+00,1.150930e+00,1.537332e+00,1.444966e+00,1.287943e+00,3.363381e+00,1.499828e+00,4.272668e+00,4.438106e+00,1.449154e+00,1.429683e+00,1.459064e+00,3.461679e+00,2.664343e+00,1.574830e+00,3.743445e+00,7.664932e+00,3.528547e+00,4.388798e+00,1.041866e+01,2.022167e+00,1.391074e+00,1.818025e+00,1.398134e+00,1.436454e+00,1.291901e+00,1.296031e+00,1.295650e+00,1.373595e+00,1.218696e+00,1.826158e+00,3.058375e+00,3.765971e+00,1.384541e+00,3.381745e+00,1.394856e+00,1.986540e+00,4.621459e+00,2.542344e+00,1.619166e+00,3.203015e+00,3.750364e+00,3.214691e+00,2.062510e+00,4.814989e+00,1.716958e+00,1.467717e+00,4.192996e+00,2.105674e+00,2.409868e+00,3.005790e+00,1.557941e+00,1.475066e+00,1.344563e+00,1.280016e+00,1.371892e+00,1.614498e+00,1.464698e+00,1.397530e+00,1.429973e+00,1.619773e+00,1.394374e+00,1.350414e+00,1.338326e+00,1.231097e+00,1.410263e+00,1.401532e+00,1.293606e+00,1.488005e+00,1.356588e+00,1.263547e+00,1.307749e+00,1.413766e+00,1.308458e+00,1.277677e+00,1.352273e+00,1.320986e+00,1.302218e+00
1.348169e+00,1.370830e+00,1.251182e+00,1.227534e+00,1.445057e+00,1.275196e+00,1.472565e+00,1.569989e+00,1.307065e+00,1.308775e+00,1.392647e+00,1.365212e+00,1.413018e+00,1.395973e+00,1.369388e+00,1.303471e+00,1.510549e+00,1.261082e+00,1.506931e+00,1.297008e+00,1.330559e+00,1.335660e+00,1.395019e+00,1.286511e+00,1.461084e+00,1.431876e+00,1.268562e+00,1.391818e+00,1.425719e+00,1.310336e+00,1.291646e+00,1.344596e+00,1.265317e+00,1.476341e+00,1.394793e+00,1.418371e+00,1.280588e+00,1.797950e+00,4.254529e+00,1.559877e+00,1.444623e+00,1.523690e+00,1.354938e+00,1.280809e+00,1.376486e+00,1.724709e+00,1.333035e+00,1.252404e+00,1.771221e+00,1.376187e+00,4.687792e+00,1.431973e+00,1.389182e+00,1.365254e+00,1.412582e+00,1.437742e+00,1.420223e+00,1.311261e+00,1.490027e+00,1.304350e+00,1.524817e+00,1.355025e+00,1.159496e+00,2.299736e+00,1.563505e+00,1.899292e+00,1.563089e+00,1.623355e+00,2.013642e+00,1.629400e+00,1.561919e+00,2.007441e+00,1.303880e+00,1.285198e+00,1.442056e+00,2.130897e+00,1.531747e+00,1.397627e+00,1.189267e+00,1.416467e+00,1.454837e+00,1.449526e+00,2.263887e+00,1.500884e+00,1.527729e+00,1.314514e+00,2.186468e+00,1.554302e+00,1.010927e+01,1.474797e+00,1.334550e+00,1.556785e+00,1.483350e+00,3.130257e+00,2.739260e+00,4.523486e+00,1.592350e+00,2.227248e+00,1.452670e+00,1.734819e+00,2.277056e+00,1.522065e+00,1.594378e+00,2.470139e+00,1.367650e+00,1.346797e+00,1.193112e+00,1.338353e+00,1.346399e+00,1.379365e+00,1.482949e+00,1.235474e+00,1.419306e+00,1.217268e+00,1.374672e+00,1.428505e+00,1.395781e+00,1.300324e+00,1.201254e+00,1.257540e+00,1.322945e+00,1.486742e+00,1.184838e+00,1.442867e+00,1.314723e+00,1.187144e+00,1.360639e+00,1.304467e+00,1.333264e+00,1.642057e+00,1.172949e+00,1.409448e+00,1.307894e+00,1.305683e+00,1.450954e+00,1.287451e+00,1.290978e+00,1.247318e+00,1.374731e+00,1.440814e+00,1.230636e+00,1.477198e+00,1.582436e+00,1.410333e+00,1.494837e+00,1.351753e+00,6.241424e+00,1.357556e+00,1.349398e+00,1.529795e+00,2.204780e+00,1.831098e+00,1.247530e+00,2.848312e+00,1.041866e+01,1.410305e+00,1.799294e+00,4.575086e+00,3.420739e+00,2.888121e+00,1.439698e+00,1.277240e+00,1.958410e+00,1.463538e+00,1.419374e+00,1.459567e+00,3.805100e+00,2.363322e+00,5.119769e+00,1.230115e+00,1.750387e+00,1.382159e+00,3.657385e+00,1.261860e+00,1.475623e+00,1.579188e+00,1.507582e+00,4.407881e+00,4.920363e+00,1.526861e+00,3.941606e+00,1.559433e+00,4.203257e+00,1.861062e+00,1.409514e+00,1.592074e+00,2.487941e+00,1.412126e+00,1.802270e+00,1.386716e+00,1.202166e+00,1.424156e+00,1.313013e+00,1.243789e+00,1.477323e+00,1.405511e+00,1.362277e+00,1.407772e+00,1.289272e+00,1.320028e+00,1.393606e+00,1.206736e+00,1.288182e+00,1.340898e+00,1.329397e+00,1.554386e+00,1.488048e+00,1.285124e+00,1.307565e+00,1.401295e+00,1.376265e+00,1.468678e+00,1.321323e+00,1.435458e+00,1.372624e+00
1.276712e+00,1.250539e+00,1.291570e+00,1.310564e+00,1.340846e+00,1.676512e+00,1.294999e+00,1.442817e+00,1.370113e+00,1.332094e+00,1.282082e+00,1.402867e+00,1.340118e+00,1.354116e+00,1.289072e+00,1.286634e+00,1.385837e+00,1.234770e+00,1.276730e+00,1.234300e+00,1.696655e+00,1.270370e+00,1.264444e+00,1.285060e+00,1.279170e+00,1.385196e+00,1.290515e+00,1.517109e+00,1.389063e+00,1.296543e+00,1.243105e+00,1.383400e+00,1.410524e+00,1.407261e+00,1.819697e+00,1.693665e+00,1.833894e+00,1.300707e+00,2.217926e+00,1.442543e+00,1.247260e+00,1.502840e+00,1.299829e+00,1.345929e+00,1.261609e+00,1.288521e+00,1.446493e+00,1.385226e+00,1.511320e+00,1.490544e+00,1.348001e+00,1.418368e+00,2.175243e+00,1.718634e+00,1.283903e+00,1.334965e+00,1.393463e+00,1.292217e+00,1.257864e+00,1.416209e+00,1.366725e+00,1.259377e+00,1.414650e+00,1.671422e+00,1.449057e+00,2.873394e+00,1.337202e+00,1.618064e+00,1.340159e+00,1.453476e+00,1.525945e+00,1.373900e+00,1.582164e+00,1.333884e+00,1.833225e+00,1.431793e+00,1.172166e+00,1.684625e+00,1.348477e+00,1.644016e+00,4.509654e+00,1.460946e+00,1.365776e+00,1.521764e+00,1.388351e+00,3.022944e+00,7.196926e+00,2.023627e+00,1.365486e+00,3.914985e+00,1.254219e+00,1.607488e+00,1.673943e+00,1.820165e+00,4.447482e+00,3.268791e+00,1.334231e+00,2.783506e+00,1.297091e+00,2.299319e+00,2.450924e+00,1.470480e+00,1.277811e+00,1.340526e+00,1.421660e+00,1.362425e+00,1.225351e+00,1.335375e+00,1.381684e+00,1.544563e+00,1.356347e+00,1.375761e+00,1.295340e+00,1.436235e+00,1.263940e+00,1.222131e+00,1.393580e+00,1.328148e+00,1.339792e+00,1.340342e+00,1.339651e+00,1.435353e+00,1.263747e+00,1.168611e+00,1.175882e+00,1.423488e+00,1.290164e+00,1.226383e+00,1.492067e+00,1.245470e+00,1.379664e+00,1.402384e+00,1.319831e+00,1.567374e+00,1.271897e+00,1.218455e+00,1.275581e+00,1.265273e+00,1.371569e+00,1.238019e+00,1.253741e+00,1.233284e+00,1.426671e+00,1.217250e+00,1.449068e+00,1.543711e+00,1.925688e+00,1.461349e+00,1.389642e+00,1.641051e+00,1.240277e+00,3.507547e+00,1.577264e+00,1.880632e+00,1.436010e+00,2.970065e+00,2.138993e+00,1.272174e+00,4.649378e+00,1.320124e+00,1.204087e+00,1.248209e+00,1.429613e+00,1.301486e+00,1.305766e+00,1.971508e+00,2.666350e+00,1.482130e+00,4.836011e+00,2.796771e+00,9.202404e+00,1.571266e+00,1.391736e+00,1.420292e+00,1.358139e+00,4.434099e+00,4.582213e+00,2.154753e+00,1.551298e+00,1.371621e+00,3.107160e+00,2.640716e+00,1.819087e+00,1.889857e+00,1.912612e+00,2.003087e+00,1.444515e+00,4.603577e+00,1.248788e+00,1.299398e+00,1.378470e+00,1.379525e+00,1.359990e+00,1.302711e+00,5.467269e+00,1.311047e+00,1.551557e+00,1.320944e+00,1.432701e+00,1.315124e+00,1.296316e+00,1.306569e+00,1.183071e+00,1.400259e+00,1.318660e+00,1.332722e+00,1.482661e+00,1.431911e+00,1.218912e+00,1.314432e+00,1.326409e+00,1.423204e+00,1.251314e+00,1.248293e+00,1.244800e+00
1.282944e+00,1.432404e+00,1.518267e+00,1.285876e+00,1.177080e+00,1.366446e+00,1.386586e+00,1.440435e+00,1.294106e+00,1.240588e+00,1.353775e+00,1.206212e+00,1.233085e+00,1.312135e+00,1.432651e+00,1.480851e+00,1.307666e+00,1.272090e+00,1.316131e+00,1.954826e+00,1.345936e+00,1.408023e+00,1.346905e+00,1.269883e+00,1.186825e+00,1.411130e+00,1.253668e+00,1.301461e+00,1.361751e+00,1.402133e+00,1.257937e+00,1.373065e+00,1.423446e+00,1.545810e+00,2.238337e+00,1.438359e+00,4.423254e+00,1.768149e+00,1.131176e+00,1.485497e+00,1.424477e+00,1.464451e+00,1.293443e+00,1.384905e+00,1.452463e+00,1.212201e+00,1.279032e+00,1.893552e+00,1.397555e+00,2.401100e+00,1.434384e+00,2.184279e+00,1.867584e+00,1.417395e+00,1.504940e+00,5.928615e+00,1.586880e+00,1.908086e+00,1.380623e+00,1.230741e+00,1.246250e+00,1.353008e+00,1.304841e+00,1.408239e+00,1.584723e+00,3.038626e+00,1.500132e+00,1.346669e+00,1.514488e+00,1.411385e+00,1.304384e+00,1.447687e+00,1.382780e+00,2.907722e+00,1.274485e+00,1.623552e+00,1.302790e+00,2.086744e+00,1.352062e+00,1.407011e+00,1.755990e+00,1.831184e+00,1.235826e+00,2.526457e+00,1.367780e+00,3.436830e+00,1.572827e+00,1.346301e+00,4.289356e+00,4.126844e+00,1.580643e+00,2.777615e+00,2.636642e+00,1.638571e+00,1.690989e+00,2.734567e+00,2.031164e+00,1.368821e+00,4.758012e+00,1.349598e+00,2.031934e+00,1.444747e+00,1.426027e+00,1.375361e+00,1.340485e+00,1.239756e+00,1.332054e+00,1.406998e+00,1.295083e+00,1.330658e+00,1.493749e+00,1.338966e+00,1.442659e+00,1.290963e+00,1.273239e+00,1.354665e+00,1.405604e+00,1.328273e+00,1.307083e+00,1.473215e+00,1.336704e+00,1.384202e+00,1.483439e+00,1.488117e+00,1.358117e+00,1.513797e+00,1.452799e+00,1.335701e+00,1.518628e+00,1.341391e+00,1.253080e+00,1.368941e+00,1.422213e+00,1.567338e+00,1.475943e+00,1.403066e+00,1.207615e+00,1.563896e+00,1.494252e+00,1.176495e+00,1.469060e+00,1.371222e+00,1.298247e+00,1.417038e+00,1.571278e+00,1.516958e+00,1.618167e+00,1.686409e+00,5.509401e+00,1.435516e+00,4.635307e+00,2.596353e+00,1.452089e+00,3.854550e+00,1.630394e+00,1.524315e+00,1.277122e+00,4.785836e+00,1.757677e+00,1.396594e+00,1.387697e+00,1.301345e+00,1.382821e+00,1.461526e+00,2.261982e+00,1.658364e+00,1.431321e+00,4.400522e+00,1.877109e+00,2.886073e+00,2.128322e+00,2.490156e+00,1.560825e+00,1.282007e+00,4.065610e+00,1.416231e+00,5.043894e+00,1.802194e+00,1.778325e+00,2.048298e+00,2.148426e+00,1.430964e+00,3.996746e+00,1.353707e+00,2.093371e+00,1.477210e+00,1.524320e+00,1.636842e+00,1.780694e+00,1.971652e+00,1.273560e+00,1.571861e+00,1.271028e+00,1.213922e+00,1.404554e+00,1.627660e+00,1.523264e+00,1.285446e+00,1.628563e+00,1.301606e+00,1.428649e+00,1.303531e+00,1.373010e+00,1.367272e+00,1.291439e+00,1.185356e+00,1.369867e+00,1.373119e+00,1.284082e+00,1.276470e+00,1.209402e+00,1.387835e+00,1.243860e+00,1.155729e+00,1.277367e+00
1.313539e+00,1.172914e+00,1.311387e+00,1.404989e+00,1.337643e+00,1.317877e+00,1.306612e+00,1.233147e+00,1.308332e+00,1.481273e+00,1.336229e+00,1.459888e+00,1.374272e+00,1.233167e+00,1.274953e+00,1.355296e+00,1.306909e+00,1.315032e+00,1.278647e+00,1.422148e+00,1.428530e+00,1.395091e+00,1.430079e+00,1.394572e+00,1.412568e+00,1.291879e+00,1.312025e+00,1.162746e+00,1.290171e+00,1.238298e+00,1.425840e+00,1.254114e+00,1.280158e+00,1.420170e+00,1.452684e+00,1.835268e+00,1.455363e+00,1.556067e+00,2.502072e+00,1.460125e+00,1.307268e+00,1.372878e+00,1.266027e+00,1.362224e+00,1.474929e+00,1.384608e+00,1.513783e+00,1.286236e+00,1.481451e+00,2.366007e+00,1.388315e+00,1.396804e+00,1.306272e+00,1.522273e+00,3.354905e+00,1.391806e+00,1.662440e+00,1.698382e+00,1.233737e+00,1.247132e+00,1.385513e+00,1.290647e+00,1.249611e+00,1.458039e+00,1.436417e+00,1.699705e+00,1.409315e+00,1.770628e+00,1.310650e+00,1.366555e+00,1.461858e+00,1.259600e+00,3.275068e+00,1.895453e+00,1.275003e+00,1.248956e+00,1.488299e+00,1.231400e+00,1.378498e+00,1.369202e+00,1.417301e+00,2.062740e+00,4.401901e+00,1.336603e+00,1.508676e+00,1.400848e+00,4.315436e+00,2.630980e+00,1.297507e+00,1.341041e+00,1.719567e+00,1.846636e+00,3.069745e+00,1.293734e+00,1.561667e+00,1.833671e+00,1.250206e+00,1.370161e+00,1.553415e+00,1.330694e+00,1.316270e+00,1.363326e+00,1.371968e+00,1.257255e+00,1.262004e+00,1.400722e+00,1.488846e+00,1.286031e+00,1.378739e+00,1.385046e+00,1.459037e+00,1.464256e+00,1.364012e+00,1.150594e+00,1.240834e+00,1.446697e+00,1.241932e+00,1.315649e+00,1.432071e+00,1.431422e+00,1.327477e+00,1.411177e+00,1.259855e+00,1.363658e+00,1.565105e+00,1.450816e+00,1.484952e+00,1.354004e+00,1.311687e+00,1.451914e+00,1.339131e+00,1.304827e+00,1.262663e+00,1.199274e+00,1.311090e+00,1.247938e+00,1.291753e+00,1.307877e+00,1.354817e+00,1.360277e+00,1.301455e+00,1.235873e+00,1.425165e+00,1.542654e+00,1.366452e+00,1.279584e+00,1.282836e+00,2.291458e+00,4.901945e+00,1.901396e+00,1.519202e+00,4.976237e+00,1.924882e+00,4.969187e+00,4.902419e+00,1.041866e+01,1.626770e+00,2.958479e+00,9.368263e+00,1.572134e+00,1.373833e+00,1.391813e+00,1.304505e+00,1.270103e+00,1.502794e+00,4.278403e+00,1.598602e+00,3.516333e+00,2.182339e+00,2.059266e+00,4.239898e+00,1.790840e+00,1.322583e+00,2.007974e+00,2.699232e+00,1.479599e+00,1.234120e+00,2.528441e+00,3.466690e+00,3.952881e+00,4.946775e+00,1.603667e+00,4.257289e+00,2.793394e+00,3.426777e+00,2.400765e+00,1.641958e+00,1.951147e+00,1.499270e+00,2.198839e+00,1.257014e+00,1.257864e+00,1.401732e+00,1.274824e+00,1.267877e+00,2.257935e+00,1.525721e+00,1.378375e+00,1.324989e+00,1.261465e+00,1.249761e+00,1.578098e+00,1.164905e+00,1.431717e+00,1.302123e+00,1.403186e+00,1.393012e+00,1.464673e+00,1.321825e+00,1.241074e+00,1.420086e+00,1.298477e+00,1.430942e+00,1.214617e+00,1.275356e+00
1.328866e+00,1.356407e+00,1.178673e+00,1.265771e+00,1.237278e+00,1.522893e+00,1.163641e+00,1.247105e+00,1.362314e+00,1.278938e+00,1.323587e+00,1.254164e+00,1.454731e+00,1.406719e+00,1.324681e+00,1.256954e+00,1.438686e+00,1.251519e+00,1.177234e+00,1.391235e+00,1.309352e+00,1.367750e+00,1.264998e+00,1.337287e+00,1.318046e+00,1.378836e+00,1.342318e+00,1.366369e+00,1.433068e+00,1.348208e+00,1.289046e+00,1.818450e+00,1.293910e+00,1.597123e+00,1.663823e+00,2.239732e+00,1.621321e+00,1.549349e+00,1.303563e+00,1.377960e+00,1.129642e+00,1.303319e+00,1.132754e+00,1.230470e+00,1.335097e+00,1.306330e+00,1.878676e+00,1.192089e+00,1.439849e+00,1.235820e+00,1.227469e+00,1.210410e+00,1.533830e+00,1.997946e+00,1.402256e+00,1.729465e+00,1.442070e+00,1.300135e+00,1.514551e+00,1.220418e+00,1.131883e+00,1.353869e+00,1.191889e+00,1.445884e+00,1.450119e+00,4.414198e+00,1.799903e+00,3.804303e+00,1.451041e+00,1.252953e+00,1.361627e+00,1.443844e+00,1.430174e+00,3.571548e+00,2.515267e+00,1.184491e+00,1.666205e+00,1.556780e+00,1.313765e+00,1.459015e+00,1.967130e+00,1.431501e+00,3.040868e+00,1.632207e+00,2.061496e+00,1.514738e+00,4.290564e+00,4.809201e+00,1.594243e+00,1.870371e+00,1.427365e+00,1.734329e+00,1.731330e+00,1.500433e+00,1.633226e+00,2.681525e+00,1.292358e+00,1.364753e+00,1.174898e+00,1.300810e+00,1.466770e+00,1.417064e+00,1.404159e+00,1.369902e+00,1.223396e+00,1.470152e+00,1.336950e+00,1.239624e+00,1.313101e+00,1.299209e+00,1.316220e+00,1.388285e+00,1.206260e+00,1.392557e+00,1.254497e+00,1.258460e+00,1.331018e+00,1.415408e+00,1.357890e+00,1.405339e+00,1.222770e+00,1.333532e+00,1.455029e+00,1.337749e+00,1.394706e+00,1.308098e+00,1.325604e+00,1.493996e+00,1.521621e+00,1.181784e+00,1.303819e+00,1.353681e+00,1.412128e+00,1.295829e+00,1.353084e+00,1.504628e+00,1.320232e+00,1.247823e+00,1.548808e+00,1.330711e+00,1.565621e+00,1.504052e+00,1.396089e+00,1.426395e+00,1.135465e+00,1.163562e+00,1.392760e+00,1.416132e+00,1.307518e+00,1.729627e+00,1.552767e+00,1.455345e+00,1.336614e+00,1.771344e+00,2.240260e+00,2.901984e+00,4.476792e+00,nan,4.913271e+00,1.298565e+00,1.408980e+00,1.387491e+00,1.419532e+00,1.793832e+00,3.082008e+00,1.456978e+00,1.574420e+00,1.450267e+00,1.327814e+00,9.049838e+00,1.568830e+00,1.528771e+00,1.229316e+00,1.327584e+00,1.267333e+00,1.250081e+00,1.518327e+00,4.307571e+00,1.363453e+00,3.803790e+00,1.454124e+00,2.145369e+00,2.366546e+00,1.380954e+00,2.980068e+00,1.668615e+00,1.545970e+00,2.575658e+00,1.387934e+00,1.286249e+00,1.364930e+00,1.438027e+00,1.366563e+00,1.239979e+00,1.252704e+00,1.869819e+00,1.646474e+00,1.232930e+00,1.263395e+00,2.860172e+00,1.331860e+00,1.174208e+00,1.335261e+00,1.352921e+00,1.282100e+00,1.325624e+00,1.321697e+00,1.255905e+00,1.371454e+00,1.332610e+00,1.351005e+00,1.249565e+00,1.359885e+00,1.324158e+00,1.409919e+00
1.210518e+00,1.309944e+00,1.378200e+00,1.437253e+00,1.206239e+00,1.271004e+00,1.611894e+00,1.399002e+00,1.373306e+00,1.351567e+00,1.388421e+00,1.275903e+00,1.348590e+00,1.335534e+00,1.310644e+00,1.305517e+00,1.334844e+00,1.259146e+00,1.339024e+00,1.415870e+00,1.376999e+00,1.392637e+00,1.262958e+00,1.304560e+00,1.180070e+00,1.263977e+00,1.338852e+00,1.417622e+00,1.506578e+00,1.448968e+00,1.333832e+00,1.421899e+00,1.201754e+00,1.268073e+00,1.709910e+00,2.400962e+00,4.437312e+00,1.433057e+00,1.374267e+00,1.299412e+00,1.364119e+00,1.231582e+00,1.406089e+00,1.452371e+00,1.399423e+00,1.252839e+00,1.507680e+00,1.384083e+00,1.204677e+00,1.554097e+00,1.187267e+00,1.676436e+00,1.480333e+00,1.455035e+00,1.595094e+00,1.304097e+00,1.566151e+00,1.391307e+00,1.207786e+00,1.354589e+00,1.288174e+00,1.336478e+00,1.411372e+00,1.305037e+00,1.389845e+00,1.318095e+00,1.399367e+00,1.321705e+00,1.474563e+00,1.409082e+00,1.251403e+00,1.272857e+00,1.464795e+00,1.287934e+00,1.342372e+00,1.284145e+00,1.984459e+00,1.258161e+00,2.023117e+00,1.633032e+00,1.432680e+00,1.602173e+00,1.331069e+00,1.363226e+00,1.747057e+00,1.366425e+00,1.248282e+00,1.453906e+00,4.296234e+00,1.763154e+00,9.748538e+00,2.785202e+00,1.740171e+00,1.375499e+00,1.957430e+00,1.452427e+00,1.336403e+00,1.520306e+00,1.328835e+00,1.312654e+00,1.296909e+00,1.319660e+00,1.322433e+00,1.496525e+00,1.285895e+00,1.554651e+00,1.428771e+00,1.376054e+00,1.243048e+00,1.456710e+00,1.277805e+00,1.378908e+00,1.259602e+00,1.449344e+00,1.191909e+00,1.317162e+00,1.324473e+00,1.410681e+00,1.537873e+00,1.355330e+00,1.253496e+00,1.275466e+00,1.312003e+00,1.379866e+00,1.337648e+00,1.432883e+00,1.465205e+00,1.366936e+00,1.413532e+00,1.358444e+00,1.337661e+00,1.185008e+00,1.525575e+00,1.558574e+00,1.320337e+00,1.351645e+00,1.297314e+00,1.334372e+00,1.405605e+00,1.239731e+00,1.391512e+00,1.387264e+00,1.393411e+00,1.311971e+00,1.383043e+00,1.304311e+00,1.308373e+00,1.253530e+00,1.410685e+00,2.079653e+00,1.400573e+00,1.425455e+00,4.813826e+00,1.521404e+00,nan,1.323602e+00,5.153379e+00,2.845260e+00,1.348760e+00,1.459297e+00,1.826337e+00,1.339195e+00,1.384000e+00,1.660443e+00,1.726727e+00,1.653040e+00,1.438351e+00,1.625621e+00,3.513817e+00,1.670984e+00,1.979022e+00,1.706595e+00,1.409147e+00,1.261475e+00,1.642235e+00,1.386937e+00,4.951382e+00,1.512240e+00,4.810815e+00,2.179817e+00,2.351436e+00,5.163957e+00,1.697177e+00,1.448875e+00,1.445990e+00,4.184855e+00,3.020388e+00,1.521426e+00,1.564143e+00,1.451140e+00,1.643228e+00,1.268785e+00,1.407909e+00,1.229077e+00,1.394451e+00,1.343920e+00,3.182683e+00,1.275937e+00,1.390209e+00,1.457527e+00,1.264954e+00,1.316563e+00,1.414708e+00,1.483441e+00,1.321636e+00,1.367594e+00,1.322810e+00,1.284090e+00,1.304428e+00,1.151090e+00,1.357452e+00,1.217634e+00,1.268697e+00,1.451321e+00,1.457399e+00
1.472586e+00,1.438192e+00,1.390660e+00,1.316570e+00,1.449647e+00,1.451520e+00,1.435443e+00,1.474579e+00,1.313078e+00,1.473061e+00,1.549959e+00,1.369241e+00,1.642231e+00,1.503503e+00,1.322245e+00,1.357827e+00,1.413224e+00,1.536622e+00,1.175819e+00,1.361460e+00,1.473736e+00,1.515188e+00,1.367725e+00,1.395782e+00,1.329845e+00,1.530466e+00,1.381245e+00,1.523442e+00,1.337249e+00,1.420068e+00,1.315013e+00,1.474471e+00,1.456710e+00,2.121912e+00,1.639619e+00,1.525792e+00,1.392972e+00,1.583246e+00,1.356298e+00,1.426095e+00,1.565667e+00,1.296567e+00,1.364540e+00,1.267120e+00,1.606904e+00,1.254333e+00,1.596040e+00,1.634838e+00,1.420086e+00,1.343338e+00,1.595298e+00,1.378066e+00,1.377690e+00,2.304839e+00,1.371107e+00,1.437089e+00,1.270220e+00,1.421349e+00,1.399221e+00,1.383760e+00,1.427845e+00,1.392923e+00,1.473589e+00,1.313516e+00,1.258494e+00,1.321428e+00,1.371202e+00,1.247875e+00,1.487289e+00,1.291022e+00,1.466082e+00,1.394084e+00,1.326916e+00,1.395254e+00,1.610804e+00,1.370253e+00,2.459328e+00,1.515780e+00,1.617161e+00,1.420236e+00,1.620667e+00,1.478522e+00,1.715137e+00,2.176977e+00,1.407181e+00,1.517065e+00,2.138101e+00,1.452703e+00,1.498332e+00,1.518445e+00,1.525160e+00,1.905999e+00,1.336977e+00,1.338266e+00,1.496406e+00,1.342218e+00,1.297638e+00,1.342420e+00,1.434471e+00,1.374731e+00,1.438770e+00,1.462005e+00,1.417143e+00,1.393686e+00,1.491634e+00,1.519639e+00,1.614570e+00,1.351952e+00,1.500504e+00,1.445829e+00,1.405321e+00,1.401082e+00,1.395327e+00,1.349565e+00,1.529816e+00,1.416576e+00,1.361675e+00,1.325526e+00,1.492553e+00,1.470625e+00,1.413277e+00,1.641098e+00,1.375937e+00,1.188451e+00,1.419244e+00,1.491581e+00,1.442802e+00,1.260344e+00,1.416019e+00,1.384536e+00,1.331888e+00,1.418728e+00,1.370752e+00,1.431656e+00,1.407291e+00,1.402809e+00,1.664000e+00,1.400376e+00,1.395435e+00,1.363676e+00,1.673367e+00,1.524927e+00,1.258991e+00,1.432193e+00,1.435334e+00,1.531309e+00,1.377830e+00,1.406681e+00,1.353053e+00,1.244580e+00,1.282774e+00,4.001756e+00,1.810188e+00,2.622978e+00,2.686844e+00,3.819660e+00,2.601095e+00,1.403475e+00,1.630797e+00,4.731093e+00,3.615200e+00,3.316836e+00,1.525492e+00,1.444206e+00,1.876172e+00,2.610707e+00,1.797524e+00,4.107936e+00,1.328666e+00,1.354951e+00,2.025578e+00,1.654282e+00,1.861272e+00,2.752905e+00,1.478481e+00,1.580902e+00,4.353780e+00,1.480139e+00,1.858319e+00,1.758526e+00,1.580644e+00,1.506739e+00,2.081653e+00,1.385198e+00,1.619451e+00,2.670610e+00,3.356479e+00,2.028944e+00,1.634881e+00,1.415968e+00,1.428359e+00,1.482450e+00,1.336878e+00,1.377891e+00,1.449010e+00,1.404796e+00,1.649645e+00,1.540338e+00,1.535149e+00,1.393612e+00,1.354028e+00,1.356347e+00,1.356045e+00,1.408405e+00,1.241499e+00,1.233538e+00,1.609926e+00,1.377880e+00,1.285145e+00,1.398920e+00,1.372586e+00,1.378329e+00,1.338180e+00,1.284143e+00,1.286405e+00
1.650728e+00,1.478705e+00,1.394960e+00,1.435144e+00,1.490143e+00,1.442829e+00,1.278761e+00,1.403340e+00,1.542400e+00,1.371825e+00,1.482071e+00,1.500489e+00,1.369695e+00,1.279704e+00,1.478070e+00,1.439238e+00,1.369395e+00,1.584383e+00,1.515205e+00,1.543321e+00,1.411010e+00,1.548492e+00,1.405066e+00,1.289260e+00,1.409828e+00,1.395571e+00,1.428405e+00,1.408638e+00,1.400740e+00,1.503058e+00,1.540095e+00,1.600209e+00,1.540711e+00,1.855119e+00,1.396327e+00,1.561117e+00,2.704926e+00,1.484503e+00,1.282186e+00,1.409399e+00,1.489871e+00,1.468203e+00,1.376855e+00,1.462557e+00,1.587167e+00,1.470670e+00,1.533379e+00,1.560378e+00,1.453878e+00,1.377581e+00,2.427951e+00,1.390553e+00,1.303813e+00,1.419356e+00,1.436637e+00,1.354581e+00,1.396939e+00,1.482161e+00,1.425419e+00,1.405850e+00,1.366945e+00,1.392998e+00,2.100836e+00,1.470930e+00,1.455211e+00,1.526447e+00,1.490137e+00,1.328708e+00,1.223809e+00,1.449635e+00,1.390549e+00,1.485290e+00,1.565405e+00,1.370788e+00,1.374592e+00,1.359629e+00,1.592356e+00,1.558298e+00,1.420639e+00,1.396086e+00,1.700308e+00,1.493320e+00,1.494869e+00,1.391816e+00,1.380753e+00,2.959509e+00,3.357658e+00,1.463365e+00,1.484832e+00,2.217113e+00,1.433604e+00,1.300739e+00,1.450037e+00,1.455890e+00,1.441467e+00,1.516143e+00,1.226194e+00,1.413709e+00,1.472402e+00,1.447909e+00,1.599075e+00,1.500739e+00,1.316104e+00,1.610802e+00,1.402700e+00,1.413800e+00,1.491912e+00,1.548811e+00,1.449090e+00,1.407495e+00,1.443966e+00,1.382791e+00,1.276957e+00,1.463723e+00,1.485131e+00,1.456884e+00,1.440805e+00,1.039886e+01,1.912689e+00,1.499563e+00,1.370591e+00,1.440164e+00,1.341803e+00,1.405310e+00,1.523157e+00,1.818334e+00,1.401114e+00,1.369445e+00,1.462771e+00,1.574670e+00,1.487692e+00,1.304436e+00,1.634506e+00,1.518840e+00,1.448425e+00,1.428955e+00,1.512066e+00,1.515090e+00,1.639186e+00,1.357461e+00,1.289595e+00,1.473874e+00,1.554394e+00,1.955395e+00,1.426093e+00,1.532165e+00,1.576033e+00,1.459775e+00,1.398843e+00,1.568431e+00,1.417615e+00,2.997537e+00,4.556029e+00,3.992362e+00,2.606792e+00,1.756578e+00,1.927976e+00,1.490839e+00,1.514855e+00,1.975880e+00,1.835356e+00,2.173890e+00,2.908529e+00,4.259456e+00,1.394325e+00,1.988378e+00,1.586959e+00,4.601481e+00,4.280416e+00,1.854074e+00,3.934256e+00,1.579502e+00,1.596762e+00,4.442709e+00,1.870173e+00,1.714340e+00,4.612733e+00,1.437561e+00,1.542123e+00,3.649192e+00,2.966717e+00,1.800212e+00,3.209451e+00,4.583135e+00,1.664721e+00,1.808788e+00,2.629946e+00,2.146593e+00,1.706028e+00,1.563371e+00,1.622401e+00,1.377794e+00,1.419685e+00,1.482791e+00,1.280640e+00,1.418909e+00,1.599707e+00,1.486162e+00,1.483282e+00,1.444927e+00,1.304136e+00,1.365200e+00,1.553420e+00,1.422692e+00,1.592781e+00,1.475200e+00,1.456704e+00,1.494697e+00,1.668046e+00,1.429277e+00,1.339444e+00,1.461844e+00,1.468264e+00,1.558827e+00,1.661948e+00
1.401752e+00,1.233962e+00,1.544664e+00,1.620528e+00,1.413095e+00,1.745327e+00,1.593053e+00,1.560814e+00,1.446244e+00,1.543728e+00,1.421303e+00,1.258449e+00,1.527074e+00,1.505393e+00,1.505466e+00,1.308151e+00,1.326199e+00,1.521364e+00,1.344479e+00,1.397769e+00,1.368844e+00,1.237466e+00,1.480242e+00,1.514013e+00,1.504705e+00,1.467499e+00,1.423029e+00,1.420008e+00,1.441379e+00,1.543646e+00,1.620579e+00,1.462052e+00,1.507812e+00,1.318694e+00,1.794661e+00,1.988648e+00,1.382244e+00,1.417803e+00,1.497881e+00,1.634549e+00,1.233420e+00,1.516919e+00,1.535888e+00,1.487475e+00,1.773891e+00,1.307098e+00,1.276204e+00,1.392620e+00,1.411173e+00,1.389787e+00,1.465356e+00,1.506990e+00,1.593557e+00,1.668088e+00,2.381031e+00,1.434451e+00,1.571818e+00,1.494712e+00,1.475229e+00,1.541564e+00,1.330610e+00,1.513472e+00,1.365687e+00,1.543691e+00,1.777749e+00,1.373090e+00,1.305466e+00,1.539780e+00,1.425114e+00,1.496122e+00,1.361278e+00,1.581044e+00,1.542574e+00,1.369164e+00,1.407949e+00,1.554906e+00,1.535105e+00,1.395715e+00,1.448335e+00,1.454686e+00,1.176785e+00,1.438785e+00,2.287634e+00,4.479585e+00,1.504781e+00,1.511845e+00,3.030824e+00,1.536661e+00,1.554040e+00,1.787298e+00,1.889943e+00,1.761089e+00,1.364749e+00,1.522839e+00,1.429009e+00,1.455828e+00,1.611659e+00,1.543141e+00,1.516258e+00,1.355768e+00,1.575728e+00,1.499000e+00,1.370321e+00,1.457079e+00,1.415010e+00,1.646501e+00,1.330792e+00,1.348763e+00,1.430617e+00,1.536205e+00,1.748163e+00,1.401955e+00,1.509432e+00,1.717043e+00,4.211533e+00,4.798958e+00,3.121844e+00,1.853034e+00,1.490186e+00,1.681805e+00,1.308576e+00,1.550307e+00,1.275558e+00,1.528934e+00,2.215769e+00,1.964096e+00,1.406758e+00,1.571631e+00,1.483068e+00,1.616314e+00,1.509906e+00,1.355244e+00,1.373908e+00,1.417107e+00,1.867678e+00,1.263790e+00,1.402306e+00,1.486291e+00,1.329102e+00,1.555720e+00,1.486335e+00,1.359565e+00,1.429264e+00,1.443379e+00,1.254065e+00,1.334201e+00,1.676673e+00,1.336557e+00,1.345989e+00,1.401014e+00,1.577981e+00,1.406000e+00,2.130689e+00,3.466299e+00,9.811362e+00,2.813915e+00,4.255581e+00,4.721907e+00,2.520991e+00,4.894621e+00,1.631149e+00,4.163598e+00,3.390149e+00,1.716031e+00,1.547387e+00,1.385447e+00,1.381435e+00,1.798567e+00,2.002877e+00,1.573299e+00,2.455029e+00,1.435653e+00,1.778740e+00,1.677645e+00,2.473345e+00,1.289976e+00,1.479816e+00,1.632475e+00,2.179671e+00,1.406050e+00,3.348429e+00,4.482050e+00,1.368013e+00,1.508729e+00,4.519709e+00,1.490779e+00,7.159401e+00,2.133850e+00,1.785833e+00,1.863371e+00,1.914896e+00,2.865397e+00,1.545260e+00,1.264281e+00,1.497216e+00,1.327347e+00,1.578223e+00,2.379759e+00,1.524739e+00,1.491326e+00,1.478272e+00,1.496839e+00,1.278407e+00,1.370197e+00,1.556599e+00,1.515764e+00,1.602023e+00,1.386382e+00,1.320373e+00,1.345215e+00,1.473069e+00,1.512975e+00,1.427541e+00,1.366912e+00,1.443084e+00
1.458406e+00,1.310134e+00,1.407100e+00,1.503855e+00,1.452176e+00,1.448789e+00,1.510768e+00,1.489177e+00,1.401950e+00,1.641826e+00,1.403908e+00,1.513874e+00,1.554222e+00,1.513862e+00,1.420481e+00,1.411822e+00,1.456136e+00,1.332240e+00,1.416569e+00,1.381853e+00,1.557378e+00,1.439415e+00,1.427434e+00,1.461966e+00,1.509879e+00,1.389478e+00,1.502593e+00,1.661509e+00,1.615359e+00,1.486096e+00,1.524579e+00,1.451670e+00,1.368535e+00,1.374447e+00,2.462767e+00,1.548285e+00,1.333816e+00,1.390307e+00,1.426526e+00,1.522930e+00,1.299242e+00,1.466809e+00,1.376670e+00,1.401419e+00,1.621581e+00,1.504184e+00,1.449776e+00,1.590308e+00,1.475559e+00,1.391158e+00,1.385374e+00,1.432475e+00,1.805104e+00,1.572648e+00,2.284197e+00,1.545800e+00,1.330480e+00,1.433710e+00,1.450105e+00,1.527387e+00,1.436477e+00,1.545243e+00,1.470309e+00,1.469199e+00,1.447176e+00,1.450072e+00,1.459439e+00,1.436660e+00,1.372800e+00,1.331829e+00,1.671889e+00,1.514803e+00,1.432435e+00,1.300729e+00,1.508319e+00,1.337829e+00,1.449551e+00,1.468777e+00,1.431243e+00,1.384770e+00,1.370430e+00,1.363006e+00,1.369229e+00,1.338910e+00,1.299872e+00,1.581411e+00,1.357397e+00,2.149903e+00,1.555965e+00,1.370803e+00,1.378302e+00,1.477738e+00,1.489067e+00,1.357958e+00,1.522506e+00,1.582005e+00,1.392943e+00,1.573371e+00,1.380239e+00,1.411285e+00,1.448186e+00,1.413162e+00,1.490015e+00,1.368795e+00,1.534381e+00,1.514362e+00,1.494727e+00,1.507575e+00,1.455921e+00,1.555438e+00,1.775991e+00,1.573516e+00,9.864844e+00,1.755711e+00,1.523868e+00,1.540336e+00,4.474345e+00,3.236682e+00,4.129117e+00,1.580588e+00,1.486201e+00,1.993433e+00,1.518544e+00,3.149635e+00,1.528281e+00,1.346507e+00,1.661623e+00,1.459953e+00,3.014948e+00,1.471271e+00,1.348588e+00,1.327758e+00,1.570549e+00,1.525315e+00,1.356994e+00,1.410368e+00,1.600571e+00,1.507000e+00,1.585003e+00,1.557427e+00,1.388049e+00,1.453343e+00,1.250864e+00,1.248211e+00,1.657928e+00,1.458016e+00,1.257213e+00,1.565259e+00,1.461883e+00,1.314741e+00,1.418799e+00,1.552944e+00,1.327086e+00,1.443947e+00,2.621880e+00,2.223360e+00,4.930182e+00,1.739830e+00,3.855473e+00,2.824818e+00,2.122682e+00,2.580639e+00,nan,3.520244e+00,3.777489e+00,1.603045e+00,1.370558e+00,2.098678e+00,2.800170e+00,3.080708e+00,1.485711e+00,4.610424e+00,1.439005e+00,1.616237e+00,1.621642e+00,1.378927e+00,3.292537e+00,1.496179e+00,1.437167e+00,1.747491e+00,1.808776e+00,1.484385e+00,1.530876e+00,1.449087e+00,2.049037e+00,1.474233e+00,1.377618e+00,1.228920e+00,1.436553e+00,3.506886e+00,1.551858e+00,1.278431e+00,1.767142e+00,1.427878e+00,1.492020e+00,1.340983e+00,1.343577e+00,8.682680e+00,1.455643e+00,1.195442e+00,1.406258e+00,1.432182e+00,1.456184e+00,1.341070e+00,1.557150e+00,1.314888e+00,1.545778e+00,1.366459e+00,1.640592e+00,1.404821e+00,1.549624e+00,1.609320e+00,1.433453e+00,1.215105e+00,1.283279e+00
1.334687e+00,1.382011e+00,1.410820e+00,1.364652e+00,1.488666e+00,1.515477e+00,1.435737e+00,1.556009e+00,1.405957e+00,1.347276e+00,1.504808e+00,1.398013e+00,1.448193e+00,1.503666e+00,1.537301e+00,1.350947e+00,1.669691e+00,1.416896e+00,1.438450e+00,1.344406e+00,1.476537e+00,1.514811e+00,1.379391e+00,1.411151e+00,1.271955e+00,1.288310e+00,1.603000e+00,1.440112e+00,1.478062e+00,1.551028e+00,1.377209e+00,1.450622e+00,1.650094e+00,1.447101e+00,1.374280e+00,1.647333e+00,1.572285e+00,1.400517e+00,1.563660e+00,1.413622e+00,1.392385e+00,1.243919e+00,1.459173e+00,1.484030e+00,1.427360e+00,1.517023e+00,1.430303e+00,1.611830e+00,1.440191e+00,1.339685e+00,1.449525e+00,1.497089e+00,1.547159e+00,1.343546e+00,1.337649e+00,1.371025e+00,1.356371e+00,1.628581e+00,1.625883e+00,1.470343e+00,1.479849e+00,1.861360e+00,1.463237e+00,1.572357e+00,1.451788e+00,1.529463e+00,1.487153e+00,1.433662e+00,1.587766e+00,1.349429e+00,1.417019e+00,1.690798e+00,1.467421e+00,1.423972e+00,1.342754e+00,1.407878e+00,1.371825e+00,1.333519e+00,1.569854e+00,1.438600e+00,1.473704e+00,1.534867e+00,1.531595e+00,1.469755e+00,1.354620e+00,1.424061e+00,1.423438e+00,1.652503e+00,1.604086e+00,1.395055e+00,1.540569e+00,1.664333e+00,1.398765e+00,1.462673e+00,1.362496e+00,1.417165e+00,1.499150e+00,1.367994e+00,1.508083e+00,1.435762e+00,1.463924e+00,1.476103e+00,1.572049e+00,1.531150e+00,1.425754e+00,1.391069e+00,1.396798e+00,1.806189e+00,1.458702e+00,2.092499e+00,2.612126e+00,1.041866e+01,1.507131e+00,2.622237e+00,4.135631e+00,1.593800e+00,1.545275e+00,1.557269e+00,1.376666e+00,2.616770e+00,1.615828e+00,2.293355e+00,1.533574e+00,5.532969e+00,2.031908e+00,4.664630e+00,1.849932e+00,1.480595e+00,1.487736e+00,1.504003e+00,1.554743e+00,1.833249e+00,1.567885e+00,1.412201e+00,1.409274e+00,1.499297e+00,1.388537e+00,1.555225e+00,1.854430e+00,1.876946e+00,1.426674e+00,1.337533e+00,1.326103e+00,1.432255e+00,1.537222e+00,1.570356e+00,1.366077e+00,1.244063e+00,1.440832e+00,1.375835e+00,1.522090e+00,1.702337e+00,1.382499e+00,1.504276e+00,1.440790e+00,1.550847e+00,2.660439e+00,nan,1.452153e+00,1.506577e+00,3.470914e+00,2.059180e+00,1.580513e+00,1.374246e+00,1.749099e+00,5.040202e+00,1.721298e+00,1.432169e+00,1.235058e+00,1.476360e+00,1.937985e+00,4.203098e+00,1.832238e+00,1.531956e+00,4.647481e+00,1.433371e+00,1.573089e+00,1.543066e+00,1.500220e+00,1.809927e+00,1.640698e+00,1.566428e+00,3.691567e+00,4.098659e+00,1.759904e+00,1.615556e+00,4.487005e+00,1.602696e+00,2.376953e+00,2.141714e+00,4.392877e+00,1.604474e+00,1.300113e+00,1.241114e+00,1.389395e+00,1.302045e+00,1.315987e+00,1.361544e+00,1.517303e+00,1.536511e+00,1.423607e+00,1.377752e+00,1.655657e+00,1.283105e+00,1.335228e+00,1.205661e+00,1.299959e+00,1.330398e+00,1.306285e+00,1.410774e+00,1.575080e+00,1.373394e+00,1.417254e+00,1.221897e+00,1.384734e+00
1.502076e+00,1.443361e+00,1.466758e+00,1.534709e+00,1.442087e+00,1.441338e+00,1.421899e+00,1.676701e+00,1.390367e+00,1.487669e+00,1.358427e+00,1.415586e+00,1.353437e+00,1.436707e+00,1.293653e+00,1.315717e+00,1.623327e+00,1.492307e+00,1.307135e+00,1.556328e+00,1.620595e+00,1.180321e+00,1.480198e+00,1.577371e+00,1.312814e+00,1.405821e+00,1.375231e+00,1.666284e+00,1.490958e+00,1.508185e+00,1.442896e+00,1.590666e+00,1.442058e+00,1.555128e+00,2.834927e+00,1.549178e+00,1.412146e+00,1.402330e+00,1.342964e+00,1.241461e+00,1.545132e+00,1.423628e+00,1.426225e+00,1.517676e+00,2.714523e+00,1.452229e+00,1.470695e+00,1.818647e+00,1.609069e+00,1.481043e+00,1.469125e+00,1.523293e+00,1.619660e+00,1.902088e+00,1.439066e+00,1.531577e+00,1.511076e+00,1.336550e+00,1.583263e+00,1.304447e+00,1.573091e+00,1.492204e+00,1.382441e+00,1.571538e+00,1.289144e+00,1.429255e+00,1.629077e+00,1.390887e+00,1.515205e+00,1.481597e+00,1.517152e+00,1.407542e+00,1.384062e+00,1.458793e+00,1.576470e+00,1.485180e+00,1.554553e+00,1.327736e+00,1.632488e+00,1.545737e+00,1.400746e+00,1.497502e+00,1.507744e+00,1.240385e+00,1.789481e+00,1.457019e+00,1.309183e+00,1.361282e+00,1.446467e+00,1.431257e+00,1.460048e+00,1.380510e+00,1.421564e+00,1.465288e+00,1.314373e+00,1.667567e+00,1.338042e+00,1.351730e+00,1.635359e+00,1.392426e+00,1.617665e+00,1.353309e+00,1.430696e+00,1.854136e+00,1.526480e+00,1.860316e+00,1.743432e+00,1.490803e+00,2.327744e+00,3.467371e+00,2.845299e+00,1.605564e+00,1.921448e+00,1.325516e+00,2.783441e+00,1.998061e+00,1.559552e+00,1.380996e+00,1.390952e+00,1.645258e+00,2.068406e+00,1.470684e+00,1.946230e+00,2.073225e+00,4.088792e+00,2.298727e+00,1.599098e+00,1.467214e+00,1.484089e+00,1.547635e+00,1.428625e+00,1.374027e+00,1.389988e+00,1.435443e+00,1.283459e+00,1.357500e+00,1.499639e+00,1.781946e+00,1.436304e+00,1.807300e+00,1.455505e+00,1.498157e+00,1.403319e+00,1.285766e+00,1.557532e+00,1.563144e+00,1.582764e+00,1.528595e+00,1.369050e+00,1.448057e+00,1.432446e+00,1.523506e+00,1.384308e+00,1.584155e+00,2.074925e+00,3.034269e+00,1.622941e+00,4.263092e+00,1.600091e+00,2.201416e+00,2.917998e+00,2.914067e+00,3.663385e+00,4.247935e+00,3.722117e+00,9.777150e+00,1.431434e+00,1.618601e+00,1.585596e+00,1.842519e+00,3.587952e+00,1.817722e+00,1.728162e+00,2.149907e+00,1.783234e+00,1.814829e+00,1.485334e+00,1.406608e+00,1.551917e+00,2.107061e+00,1.459716e+00,1.540698e+00,1.396758e+00,1.402738e+00,1.332066e+00,1.496902e+00,1.617962e+00,2.588054e+00,2.201357e+00,1.461325e+00,2.987595e+00,2.535170e+00,3.107609e+00,1.416937e+00,1.365029e+00,1.698516e+00,1.443646e+00,1.318544e+00,1.254726e+00,1.547656e+00,1.537569e+00,1.399707e+00,1.314697e+00,1.359368e+00,1.535805e+00,1.449062e+00,1.488265e+00,1.433201e+00,1.703588e+00,1.316610e+00,1.441668e+00,1.429117e+00,1.535260e+00,1.349307e+00,1.466611e+00
1.483882e+00,1.486591e+00,1.428035e+00,1.387245e+00,1.456774e+00,1.527367e+00,1.505799e+00,1.576438e+00,1.401862e+00,1.346809e+00,1.386987e+00,1.523233e+00,1.443858e+00,1.563140e+00,1.502142e+00,1.420053e+00,1.355498e+00,1.521330e+00,1.587721e+00,1.396494e+00,1.432268e+00,1.559091e+00,1.449241e+00,1.609826e+00,1.451398e+00,1.445069e+00,1.480004e+00,1.396599e+00,1.573460e+00,1.452667e+00,1.782302e+00,2.876275e+00,1.428409e+00,1.652224e+00,1.964730e+00,1.353275e+00,1.477087e+00,1.387344e+00,1.459061e+00,1.299625e+00,1.439545e+00,1.646133e+00,1.428722e+00,1.574993e+00,1.330450e+00,1.409129e+00,1.618280e+00,1.239909e+00,1.395427e+00,1.425607e+00,1.518026e+00,2.353415e+00,1.783739e+00,1.476613e+00,1.402018e+00,1.447206e+00,1.467627e+00,1.385914e+00,1.299632e+00,1.329349e+00,1.551129e+00,1.456845e+00,1.440937e+00,1.607118e+00,1.471629e+00,1.644136e+00,1.408516e+00,1.493090e+00,1.399109e+00,1.490186e+00,1.434993e+00,1.442750e+00,1.346256e+00,1.312188e+00,1.380673e+00,1.461915e+00,1.373711e+00,1.473884e+00,1.552976e+00,1.289565e+00,1.443445e+00,1.414855e+00,1.530928e+00,1.706330e+00,1.423300e+00,1.587381e+00,1.317405e+00,1.568873e+00,1.395156e+00,1.295279e+00,1.401696e+00,1.536601e+00,1.573831e+00,1.416319e+00,1.466948e+00,1.470561e+00,1.484968e+00,1.537822e+00,1.320488e+00,1.449821e+00,1.395245e+00,1.559461e+00,1.486818e+00,4.852269e+00,1.631557e+00,1.627809e+00,4.918840e+00,3.969870e+00,2.189154e+00,nan,1.007450e+01,1.351570e+00,3.901032e+00,nan,nan,3.696425e+00,3.376125e+00,1.590161e+00,1.856249e+00,1.570792e+00,2.065918e+00,2.223611e+00,2.959871e+00,1.403778e+00,2.149446e+00,1.396632e+00,1.526362e+00,1.293986e+00,1.600562e+00,1.503264e+00,1.416918e+00,1.468838e+00,1.476319e+00,3.984653e+00,1.476247e+00,1.429238e+00,1.597685e+00,1.337988e+00,1.348863e+00,1.519645e+00,1.602367e+00,1.546792e+00,1.356906e+00,1.412105e+00,1.321448e+00,1.542242e+00,1.344505e+00,1.455903e+00,1.506638e+00,1.533922e+00,1.312265e+00,1.585974e+00,1.460126e+00,1.606399e+00,2.134707e+00,6.778947e+00,5.481141e+00,1.534736e+00,1.466263e+00,4.213819e+00,2.021759e+00,2.397016e+00,1.517175e+00,3.663967e+00,3.046553e+00,2.942299e+00,1.837285e+00,2.514561e+00,1.980531e+00,4.355436e+00,1.562001e+00,1.392397e+00,1.463919e+00,1.366391e+00,1.548731e+00,1.436270e+00,2.698511e+00,1.760346e+00,1.446250e+00,1.421578e+00,1.480931e+00,1.378287e+00,1.253073e+00,1.240425e+00,1.351158e+00,1.345757e+00,1.394195e+00,1.498364e+00,1.434991e+00,1.433783e+00,2.723352e+00,1.469955e+00,1.705915e+00,1.528601e+00,1.508271e+00,1.456005e+00,1.470379e+00,1.388455e+00,4.728960e+00,1.568895e+00,1.345354e+00,1.523860e+00,1.318775e+00,1.332664e+00,1.512944e+00,1.410714e+00,1.392836e+00,1.350856e+00,1.268259e+00,1.509218e+00,1.269929e+00,1.472510e+00,1.615596e+00,1.334428e+00,1.430395e+00
1.569435e+00,1.755288e+00,1.427798e+00,1.429157e+00,1.610905e+00,1.561154e+00,1.616472e+00,1.325590e+00,1.429412e+00,1.584042e+00,1.480928e+00,1.409946e+00,1.478000e+00,1.496502e+00,1.511446e+00,1.415085e+00,1.579111e+00,1.437572e+00,1.632240e+00,1.556035e+00,1.386177e+00,1.589722e+00,1.470412e+00,1.352828e+00,1.374847e+00,1.397824e+00,1.493042e+00,1.420780e+00,1.381894e+00,1.352129e+00,1.692557e+00,3.354109e+00,1.516937e+00,1.457405e+00,1.540152e+00,1.395143e+00,1.426517e+00,1.559904e+00,1.632025e+00,1.455709e+00,1.362936e+00,1.477177e+00,1.462491e+00,1.622828e+00,1.446308e+00,2.582952e+00,1.384292e+00,1.719371e+00,1.606580e+00,2.999930e+00,1.549754e+00,1.340829e+00,1.529510e+00,1.478523e+00,1.622068e+00,1.555764e+00,1.667822e+00,1.440997e+00,1.394609e+00,1.590302e+00,1.445233e+00,1.384173e+00,1.368930e+00,1.374439e+00,1.481425e+00,1.485627e+00,1.532282e+00,1.532870e+00,1.612407e+00,1.466590e+00,1.632315e+00,1.752055e+00,1.526019e+00,1.534895e+00,1.470317e+00,1.435623e+00,1.315608e+00,1.485517e+00,1.526327e+00,1.419300e+00,1.476201e+00,1.388595e+00,1.359315e+00,1.387114e+00,1.471368e+00,1.492966e+00,1.598768e+00,1.503202e+00,1.508431e+00,1.334825e+00,1.408506e+00,1.394625e+00,1.512695e+00,1.533755e+00,1.352047e+00,1.397306e+00,1.511471e+00,1.280172e+00,1.548054e+00,1.505808e+00,1.618304e+00,1.368845e+00,1.851373e+00,1.326324e+00,1.448367e+00,nan,nan,1.602862e+00,1.802859e+00,1.616892e+00,1.483325e+00,1.281650e+00,1.555765e+00,1.397082e+00,1.862578e+00,1.506547e+00,3.777759e+00,4.624687e+00,2.804895e+00,1.741518e+00,1.535697e+00,1.537545e+00,1.481046e+00,2.870507e+00,1.986790e+00,2.057082e+00,2.161970e+00,2.274296e+00,2.346681e+00,1.703349e+00,1.554828e+00,2.325562e+00,1.519436e+00,1.579203e+00,1.575287e+00,1.442937e+00,1.909661e+00,1.494239e+00,1.790896e+00,1.540374e+00,1.524438e+00,1.453972e+00,1.422540e+00,1.564397e+00,1.377116e+00,1.529647e+00,1.602171e+00,1.376846e+00,1.478353e+00,1.443052e+00,1.428631e+00,1.515358e+00,1.323848e+00,1.434021e+00,1.521648e+00,4.662138e+00,3.592986e+00,5.568475e+00,1.609917e+00,1.582462e+00,2.457267e+00,1.477784e+00,4.723365e+00,1.611104e+00,1.543479e+00,1.776772e+00,1.520284e+00,1.311612e+00,1.409419e+00,1.578614e+00,1.513847e+00,1.297406e+00,2.187252e+00,1.445462e+00,1.844675e+00,1.514670e+00,1.677652e+00,1.540759e+00,1.554163e+00,1.244731e+00,1.371188e+00,1.550470e+00,1.536337e+00,1.550894e+00,1.470313e+00,1.659359e+00,1.288982e+00,1.444922e+00,1.872733e+00,2.669537e+00,1.727818e+00,1.904176e+00,1.569847e+00,1.498256e+00,1.521664e+00,1.525081e+00,1.530529e+00,1.563687e+00,3.783317e+00,1.556959e+00,1.423564e+00,1.482267e+00,1.963370e+00,1.703003e+00,1.367823e+00,1.478093e+00,1.351032e+00,1.472228e+00,1.439781e+00,1.420253e+00,1.469882e+00,1.425488e+00,1.481708e+00,1.471428e+00,1.560535e+00
1.391036e+00,1.348944e+00,1.449756e+00,1.356642e+00,1.406329e+00,1.353652e+00,1.370938e+00,1.475854e+00,1.309197e+00,1.259722e+00,1.437921e+00,1.330983e+00,1.487877e+00,1.366372e+00,1.513255e+00,1.402954e+00,1.380982e+00,1.551736e+00,1.371096e+00,1.379392e+00,1.239551e+00,1.303091e+00,1.294965e+00,1.228468e+00,1.340855e+00,1.429040e+00,1.391679e+00,1.440238e+00,1.679612e+00,1.480405e+00,1.851065e+00,1.757604e+00,1.428379e+00,2.689333e+00,1.499452e+00,1.442973e+00,1.349424e+00,1.542873e+00,1.428645e+00,1.597949e+00,1.348181e+00,1.453241e+00,1.481216e+00,1.404083e+00,1.453003e+00,1.307949e+00,1.533195e+00,1.415223e+00,1.296789e+00,1.335845e+00,1.475345e+00,1.442101e+00,1.423045e+00,1.206440e+00,1.275031e+00,1.413083e+00,1.410651e+00,1.371768e+00,1.553162e+00,1.457329e+00,1.501184e+00,1.308571e+00,1.556148e+00,1.629765e+00,1.501057e+00,1.455471e+00,1.585919e+00,1.358342e+00,1.606613e+00,1.370660e+00,1.517954e+00,1.526967e+00,1.539499e+00,1.577373e+00,1.477550e+00,1.473973e+00,1.450931e+00,1.332786e+00,1.521418e+00,1.430863e+00,1.697162e+00,1.296757e+00,1.314768e+00,1.338406e+00,1.334258e+00,1.243731e+00,1.417072e+00,1.281338e+00,1.245727e+00,1.497618e+00,1.579936e+00,1.432111e+00,1.407561e+00,1.296112e+00,1.559897e+00,1.448430e+00,1.251759e+00,1.643857e+00,1.658857e+00,1.531727e+00,1.441205e+00,1.291682e+00,2.051396e+00,nan,1.632740e+00,8.314649e+00,4.862239e+00,4.073141e+00,1.447432e+00,1.335543e+00,1.439383e+00,1.443744e+00,1.489049e+00,1.504939e+00,1.380366e+00,1.448694e+00,1.319113e+00,1.564596e+00,1.508286e+00,4.370356e+00,1.401584e+00,1.846553e+00,2.436989e+00,1.639637e+00,1.943671e+00,1.437759e+00,1.361458e+00,4.707850e+00,1.355444e+00,1.402245e+00,3.920131e+00,1.606494e+00,2.686358e+00,9.913856e+00,1.564691e+00,1.272103e+00,1.395951e+00,1.312976e+00,1.440105e+00,1.623846e+00,1.446390e+00,1.337064e+00,1.492037e+00,1.654528e+00,1.840375e+00,1.768930e+00,1.709504e+00,1.469454e+00,1.700136e+00,1.509057e+00,2.022175e+00,1.541598e+00,1.394144e+00,1.492778e+00,1.370879e+00,1.475108e+00,1.542689e+00,1.628487e+00,1.594904e+00,1.637062e+00,1.411273e+00,1.491996e+00,1.686146e+00,6.407558e+00,1.589669e+00,1.580979e+00,3.693032e+00,1.529768e+00,3.916121e+00,1.712676e+00,1.386376e+00,1.409365e+00,1.415528e+00,1.349584e+00,1.450187e+00,1.394666e+00,1.387207e+00,1.230783e+00,1.567518e+00,1.415641e+00,1.473183e+00,1.615320e+00,1.471947e+00,1.430343e+00,1.364270e+00,1.484609e+00,1.347243e+00,1.440572e+00,3.449416e+00,2.288336e+00,1.361693e+00,2.014617e+00,1.383238e+00,1.482591e+00,1.315757e+00,1.442780e+00,1.439266e+00,1.513049e+00,1.622149e+00,1.431586e+00,1.474312e+00,1.456208e+00,2.081352e+00,1.367498e+00,1.500031e+00,1.356158e+00,1.496951e+00,1.515334e+00,1.600837e+00,1.484069e+00,1.545522e+00,1.564649e+00,1.568842e+00,1.596546e+00,1.368608e+00
1.541710e+00,1.388276e+00,1.466178e+00,1.338230e+00,1.310043e+00,1.387701e+00,1.389289e+00,1.265045e+00,1.334564e+00,1.327014e+00,1.434620e+00,1.258305e+00,1.496368e+00,1.311685e+00,1.351169e+00,1.468857e+00,1.283003e+00,1.422918e+00,1.656549e+00,1.393121e+00,1.311431e+00,1.279590e+00,1.358242e+00,1.315457e+00,1.362795e+00,1.537721e+00,1.473115e+00,1.231697e+00,1.424122e+00,1.500630e+00,1.489315e+00,1.544287e+00,1.494041e+00,1.514527e+00,1.288223e+00,1.393635e+00,1.199514e+00,1.455822e+00,1.366041e+00,1.702188e+00,1.459110e+00,1.534039e+00,1.610147e+00,1.470361e+00,1.476002e+00,1.299760e+00,2.283951e+00,2.941146e+00,3.316085e+00,1.364091e+00,2.139448e+00,1.494695e+00,1.428655e+00,1.350604e+00,1.374930e+00,1.241746e+00,1.276388e+00,1.319476e+00,1.503193e+00,1.149410e+00,1.404252e+00,1.579496e+00,1.439160e+00,2.506304e+00,1.286416e+00,1.311745e+00,1.369540e+00,1.277428e+00,1.390711e+00,1.454450e+00,1.201776e+00,1.293550e+00,1.194236e+00,1.418653e+00,1.364419e+00,1.361485e+00,1.435415e+00,1.257234e+00,1.332493e+00,1.188655e+00,1.401778e+00,1.515936e+00,1.415344e+00,1.403724e+00,1.194696e+00,1.251488e+00,1.244653e+00,1.422695e+00,1.397122e+00,1.484203e+00,1.439979e+00,1.263217e+00,1.425021e+00,1.247722e+00,1.520595e+00,1.674265e+00,1.443548e+00,1.359194e+00,1.404175e+00,1.653707e+00,2.421852e+00,1.542964e+00,4.689595e+00,1.537668e+00,nan,1.900581e+00,1.497857e+00,1.235912e+00,1.382531e+00,1.410799e+00,1.327199e+00,1.443700e+00,1.366469e+00,1.823269e+00,1.551388e+00,2.007024e+00,1.271686e+00,1.388184e+00,1.367297e+00,1.315076e+00,2.259702e+00,2.004786e+00,1.330355e+00,1.812911e+00,1.416042e+00,1.434445e+00,1.507422e+00,4.645703e+00,1.760055e+00,4.192012e+00,1.408670e+00,1.335573e+00,1.322095e+00,1.429371e+00,1.336670e+00,1.293440e+00,1.423409e+00,1.909639e+00,1.409197e+00,1.552264e+00,1.373419e+00,3.657264e+00,1.274835e+00,1.243668e+00,1.446743e+00,1.509978e+00,1.447997e+00,1.918926e+00,1.393006e+00,1.257731e+00,1.385330e+00,1.372372e+00,1.355138e+00,1.361133e+00,1.320886e+00,1.197472e+00,2.595904e+00,3.032647e+00,2.584027e+00,3.109732e+00,1.713238e+00,4.567668e+00,1.303161e+00,1.499395e+00,1.431902e+00,1.452079e+00,1.561159e+00,1.398604e+00,1.479692e+00,1.324705e+00,1.341824e+00,1.526195e+00,1.444764e+00,1.312168e+00,1.358314e+00,1.170671e+00,1.263176e+00,1.466275e+00,1.326799e+00,1.423821e+00,1.320183e+00,1.294501e+00,1.335828e+00,1.287295e+00,1.273918e+00,1.280537e+00,1.176515e+00,1.960178e+00,1.497955e+00,1.409985e+00,1.583808e+00,3.348840e+00,1.348707e+00,1.336416e+00,1.516113e+00,1.269243e+00,1.403345e+00,1.261542e+00,1.654700e+00,2.015452e+00,1.329227e+00,1.225272e+00,2.247335e+00,1.376593e+00,1.394282e+00,1.383089e+00,1.386476e+00,1.189219e+00,1.418523e+00,1.333196e+00,1.395430e+00,1.453645e+00,1.290923e+00,1.299442e+00,1.504476e+00
1.340223e+00,1.265247e+00,1.279017e+00,1.173325e+00,1.232639e+00,1.310629e+00,1.472774e+00,1.487972e+00,1.376827e+00,1.243769e+00,1.210559e+00,1.381132e+00,1.301892e+00,1.286200e+00,1.344280e+00,1.332038e+00,1.425315e+00,1.261864e+00,1.350417e+00,1.263442e+00,1.306141e+00,1.239264e+00,1.342301e+00,1.343680e+00,1.308802e+00,1.303090e+00,1.365720e+00,1.391124e+00,1.269037e+00,1.609735e+00,1.306016e+00,1.762765e+00,1.452906e+00,1.283231e+00,1.375145e+00,1.432483e+00,1.342446e+00,1.200836e+00,1.298619e+00,1.375277e+00,1.529308e+00,1.320595e+00,1.192787e+00,1.397031e+00,1.355730e+00,1.258503e+00,1.370162e+00,1.382390e+00,1.768932e+00,1.327713e+00,1.745784e+00,1.376900e+00,1.234905e+00,1.271069e+00,1.189481e+00,1.355826e+00,1.394075e+00,1.313809e+00,1.476676e+00,1.236347e+00,1.407447e+00,1.294443e+00,1.234576e+00,1.355345e+00,1.338950e+00,1.266436e+00,1.205418e+00,1.234127e+00,1.645097e+00,1.352955e+00,1.339415e+00,1.384733e+00,1.409385e+00,1.753402e+00,1.289582e+00,1.292406e+00,1.406139e+00,1.313035e+00,1.407390e+00,1.186977e+00,1.260807e+00,1.190821e+00,1.235671e+00,1.401767e+00,1.415021e+00,1.367944e+00,1.281266e+00,1.427168e+00,1.313691e+00,1.285090e+00,1.151906e+00,1.324943e+00,1.319742e+00,1.127812e+00,1.340502e+00,1.430017e+00,2.809739e+00,1.489254e+00,2.351299e+00,1.445186e+00,2.141872e+00,4.253516e+00,1.730085e+00,1.041866e+01,1.715220e+00,1.281468e+00,1.331499e+00,1.569031e+00,1.326424e+00,1.670120e+00,1.261973e+00,1.395058e+00,1.483600e+00,1.526904e+00,1.113008e+00,1.314239e+00,1.252217e+00,3.680683e+00,1.460896e+00,1.289158e+00,1.361388e+00,1.223140e+00,1.370847e+00,1.492568e+00,1.312989e+00,1.181359e+00,1.436367e+00,1.510896e+00,1.485345e+00,2.010994e+00,1.333421e+00,1.315378e+00,1.421782e+00,1.519724e+00,1.491330e+00,1.208891e+00,1.320042e+00,1.208411e+00,1.421636e+00,1.194719e+00,1.378932e+00,1.374243e+00,1.249485e+00,1.354721e+00,1.511234e+00,1.403714e+00,1.376501e+00,1.406306e+00,1.441569e+00,1.260652e+00,1.534515e+00,1.468165e+00,1.233509e+00,1.356740e+00,1.446907e+00,1.324805e+00,3.135237e+00,2.943688e+00,3.526747e+00,2.497467e+00,2.358969e+00,1.646406e+00,1.565997e+00,2.379415e+00,1.250668e+00,3.889653e+00,1.163100e+00,1.395293e+00,1.355198e+00,1.311623e+00,1.336676e+00,1.220447e+00,1.184714e+00,1.382226e+00,1.413093e+00,1.341333e+00,1.319261e+00,1.283919e+00,1.315576e+00,1.619789e+00,1.426788e+00,1.302001e+00,1.148261e+00,1.283038e+00,1.576508e+00,1.242197e+00,1.290138e+00,3.443256e+00,2.918858e+00,1.305641e+00,1.445734e+00,1.553316e+00,1.247425e+00,1.367376e+00,1.267242e+00,1.148277e+00,1.466348e+00,1.217575e+00,1.469821e+00,1.417060e+00,1.247967e+00,1.192174e+00,1.178414e+00,1.347539e+00,1.218520e+00,1.362434e+00,1.306443e+00,1.271688e+00,1.310704e+00,1.275002e+00,1.447278e+00,1.281175e+00,1.249141e+00,1.337477e+00,1.457283e+00
1.326355e+00,1.453257e+00,1.529433e+00,1.369189e+00,1.299297e+00,1.420091e+00,1.280798e+00,1.393379e+00,1.418835e+00,1.308062e+00,1.262295e+00,1.221421e+00,1.393891e+00,1.393598e+00,1.208831e+00,1.371334e+00,1.352011e+00,1.305143e+00,1.418971e+00,1.313652e+00,1.319023e+00,1.369538e+00,1.345272e+00,1.280015e+00,1.301057e+00,1.346845e+00,1.268836e+00,1.234845e+00,1.170460e+00,1.390197e+00,1.232277e+00,1.331504e+00,1.340211e+00,1.298591e+00,1.216620e+00,1.408495e+00,1.278494e+00,1.338093e+00,1.478802e+00,1.522533e+00,1.377137e+00,1.437815e+00,1.367148e+00,2.203103e+00,1.271093e+00,5.100016e+00,1.594318e+00,2.456077e+00,1.722176e+00,1.238476e+00,1.334451e+00,1.241073e+00,1.233039e+00,1.428262e+00,1.348138e+00,1.353111e+00,1.408315e+00,1.296240e+00,1.207346e+00,1.335356e+00,1.307724e+00,1.285001e+00,2.150686e+00,1.266586e+00,1.224097e+00,1.486719e+00,1.210833e+00,1.485671e+00,1.288919e+00,1.288583e+00,1.415812e+00,1.354582e+00,1.223141e+00,4.618495e+00,1.430942e+00,1.281817e+00,1.257263e+00,1.477171e+00,1.533582e+00,1.301243e+00,1.326474e+00,1.342172e+00,1.288213e+00,1.355593e+00,1.472032e+00,1.374550e+00,1.358221e+00,1.438885e+00,1.271955e+00,1.401605e+00,1.488599e+00,1.355541e+00,1.370934e+00,2.366649e+00,1.578007e+00,1.517745e+00,2.968425e+00,2.656207e+00,1.248740e+00,2.232831e+00,1.302259e+00,3.578611e+00,4.517213e+00,1.435570e+00,1.264152e+00,1.268077e+00,1.157377e+00,1.371075e+00,1.266060e+00,1.316430e+00,1.621972e+00,1.339561e+00,1.958812e+00,2.435949e+00,1.435409e+00,1.389790e+00,1.448106e+00,1.316334e+00,1.513565e+00,1.346503e+00,1.234221e+00,1.341825e+00,1.704950e+00,1.338436e+00,1.166356e+00,1.565307e+00,1.848952e+00,1.761881e+00,1.476892e+00,1.411892e+00,1.516063e+00,1.215818e+00,1.253806e+00,1.562923e+00,1.247328e+00,1.270647e+00,1.263798e+00,1.085082e+00,2.546342e+00,1.557503e+00,1.537068e+00,1.317853e+00,1.823205e+00,1.387431e+00,1.318308e+00,1.280017e+00,1.269404e+00,1.365890e+00,1.435643e+00,1.488337e+00,1.235093e+00,1.320612e+00,1.117334e+00,1.476347e+00,1.224223e+00,1.531725e+00,1.278843e+00,1.472479e+00,1.326285e+00,2.058550e+00,8.424404e+00,1.940756e+00,2.307428e+00,3.778187e+00,1.483324e+00,1.961386e+00,1.600423e+00,1.320251e+00,1.417644e+00,1.403611e+00,1.488812e+00,1.350763e+00,1.326027e+00,1.361976e+00,1.273622e+00,1.315353e+00,1.426276e+00,1.409283e+00,1.274810e+00,1.252169e+00,1.301424e+00,1.553935e+00,1.343352e+00,1.450906e+00,1.291730e+00,1.462688e+00,1.428546e+00,1.146719e+00,4.754436e+00,2.375611e+00,1.593096e+00,2.080534e+00,1.265855e+00,1.401858e+00,1.587932e+00,1.311149e+00,1.262226e+00,1.312656e+00,1.566944e+00,2.794184e+00,1.325465e+00,1.168416e+00,1.253772e+00,1.530264e+00,1.392363e+00,1.159826e+00,1.341227e+00,1.173606e+00,1.364097e+00,1.189223e+00,1.411600e+00,1.323464e+00,1.261332e+00,1.252224e+00,1.324969e+00
1.327203e+00,1.170070e+00,1.330257e+00,1.213359e+00,1.289381e+00,1.356673e+00,1.247692e+00,1.380735e+00,1.304037e+00,1.352957e+00,1.395498e+00,1.253495e+00,1.209293e+00,1.179689e+00,1.305601e+00,1.474291e+00,1.322572e+00,1.388421e+00,1.400406e+00,1.231245e+00,1.371608e+00,1.226785e+00,1.326029e+00,1.352123e+00,1.250162e+00,1.334129e+00,1.596128e+00,1.456090e+00,1.396999e+00,1.285169e+00,1.198777e+00,2.058444e+00,2.237759e+00,1.315369e+00,1.513472e+00,1.379881e+00,1.307350e+00,1.212325e+00,1.301262e+00,1.383181e+00,1.315337e+00,1.259326e+00,1.324797e+00,1.269967e+00,1.461338e+00,4.202765e+00,1.587824e+00,2.551072e+00,1.248359e+00,1.379251e+00,1.304681e+00,1.182541e+00,1.152888e+00,1.328482e+00,1.382517e+00,1.394829e+00,1.435377e+00,1.370616e+00,1.269513e+00,1.208286e+00,1.363416e+00,1.923268e+00,1.368500e+00,1.765079e+00,1.286547e+00,1.224507e+00,1.163506e+00,1.460147e+00,1.264353e+00,1.330130e+00,1.187575e+00,1.400526e+00,1.515660e+00,1.426844e+00,1.389105e+00,1.435405e+00,1.331933e+00,1.270992e+00,1.369879e+00,1.275428e+00,1.244457e+00,1.268959e+00,1.443476e+00,1.230627e+00,1.224846e+00,1.422697e+00,1.277254e+00,1.310272e+00,1.425930e+00,1.209152e+00,1.298961e+00,1.370212e+00,1.721161e+00,1.372518e+00,2.343248e+00,2.255153e+00,1.569354e+00,3.812001e+00,1.377675e+00,1.449533e+00,1.285316e+00,4.019823e+00,1.260389e+00,1.215665e+00,1.382013e+00,9.507494e+00,1.232140e+00,1.221641e+00,1.790559e+00,1.518218e+00,1.307689e+00,1.196297e+00,1.362413e+00,1.315648e+00,1.395282e+00,1.451620e+00,1.664279e+00,1.566714e+00,1.340734e+00,1.385959e+00,1.396144e+00,1.310910e+00,1.370300e+00,1.387482e+00,1.482969e+00,1.404930e+00,3.790466e+00,2.086431e+00,1.724768e+00,1.380644e+00,1.485857e+00,1.433879e+00,1.300199e+00,1.457377e+00,1.195294e+00,1.164994e+00,1.450409e+00,1.391243e+00,1.477314e+00,1.235211e+00,1.441469e+00,2.362419e+00,1.504158e+00,1.299173e+00,1.406142e+00,1.418777e+00,1.521877e+00,1.416566e+00,1.454693e+00,1.758884e+00,1.659510e+00,1.312933e+00,1.308539e+00,1.323815e+00,1.289740e+00,1.315318e+00,1.282285e+00,1.682034e+00,4.925143e+00,3.241748e+00,4.489992e+00,4.023649e+00,5.107783e+00,1.431612e+00,2.194411e+00,1.765892e+00,3.444975e+00,1.491299e+00,1.352102e+00,1.479137e+00,1.276953e+00,1.269857e+00,1.311807e+00,1.256053e+00,1.307638e+00,1.389377e+00,1.369325e+00,1.456290e+00,1.305051e+00,1.244458e+00,1.231086e+00,1.292719e+00,1.215921e+00,1.240086e+00,1.232704e+00,1.219250e+00,1.325354e+00,1.288753e+00,1.292551e+00,3.319789e+00,2.035666e+00,2.751499e+00,1.252485e+00,1.373878e+00,1.198443e+00,1.292468e+00,1.274136e+00,1.221612e+00,1.411703e+00,1.208145e+00,1.342034e+00,1.355702e+00,1.373654e+00,4.748137e+00,1.235234e+00,1.275660e+00,1.379088e+00,1.426762e+00,1.245320e+00,1.406275e+00,1.092982e+00,1.460575e+00,1.216155e+00,1.192347e+00,1.346403e+00
1.366899e+00,1.409014e+00,1.423757e+00,1.398216e+00,1.238538e+00,1.304600e+00,1.163683e+00,1.217537e+00,1.299869e+00,1.197141e+00,1.236190e+00,1.322663e+00,1.288699e+00,1.206299e+00,1.403883e+00,1.352566e+00,1.371822e+00,1.276592e+00,1.232176e+00,1.206489e+00,1.450676e+00,1.294451e+00,1.247953e+00,1.173795e+00,1.300575e+00,1.212618e+00,1.238886e+00,1.465062e+00,1.256435e+00,1.258443e+00,1.304071e+00,2.833941e+00,1.437972e+00,1.234833e+00,1.285296e+00,1.316356e+00,1.137082e+00,1.109866e+00,1.314652e+00,4.806295e+00,1.038255e+00,nan,1.473265e+00,1.270031e+00,1.356929e+00,1.277634e+00,6.740068e+00,1.373190e+00,2.583963e+00,1.315925e+00,1.317550e+00,1.275672e+00,1.341138e+00,1.254821e+00,1.225442e+00,1.292846e+00,1.250387e+00,1.191371e+00,1.277279e+00,1.181510e+00,1.197241e+00,1.432806e+00,1.424708e+00,1.215518e+00,1.425312e+00,1.255384e+00,1.372590e+00,1.423207e+00,1.351129e+00,1.376418e+00,1.168949e+00,1.339827e+00,1.300676e+00,1.468936e+00,1.309241e+00,1.339558e+00,1.142989e+00,1.367332e+00,1.265248e+00,1.256280e+00,1.361908e+00,1.345237e+00,1.216385e+00,1.285783e+00,1.590512e+00,1.302342e+00,1.321999e+00,1.335373e+00,1.244988e+00,1.322125e+00,1.166057e+00,3.595809e+00,1.409672e+00,1.231781e+00,1.887694e+00,1.231069e+00,1.459227e+00,1.623100e+00,1.831350e+00,4.858832e+00,1.296259e+00,1.231422e+00,1.130373e+00,1.082390e+00,1.226086e+00,1.241089e+00,1.312070e+00,1.430917e+00,1.324410e+00,1.314485e+00,1.282642e+00,1.336106e+00,1.315307e+00,1.194849e+00,1.230299e+00,1.235765e+00,1.341718e+00,1.135369e+00,1.263009e+00,1.229769e+00,1.279357e+00,1.162479e+00,1.288158e+00,1.344774e+00,1.173131e+00,1.344367e+00,1.308821e+00,1.438420e+00,1.307033e+00,1.573206e+00,1.397773e+00,1.083883e+00,1.279592e+00,1.331348e+00,1.229993e+00,1.257636e+00,1.451713e+00,1.332009e+00,1.200927e+00,1.169064e+00,1.439830e+00,1.352702e+00,1.389019e+00,1.314625e+00,1.204436e+00,1.215574e+00,1.395767e+00,1.351453e+00,1.279646e+00,1.317451e+00,1.227885e+00,1.458879e+00,1.291034e+00,1.841943e+00,1.194986e+00,1.247926e+00,1.246613e+00,1.411011e+00,1.513727e+00,3.075304e+00,1.371107e+00,1.527729e+00,nan,2.383724e+00,1.840850e+00,1.379741e+00,1.373123e+00,1.838087e+00,1.343991e+00,1.255346e+00,1.289726e+00,1.147505e+00,1.198646e+00,1.153631e+00,1.252170e+00,1.407954e+00,2.648650e+00,1.577983e+00,1.355357e+00,1.264857e+00,1.258465e+00,1.236548e+00,1.209245e+00,1.263652e+00,1.349781e+00,1.395614e+00,1.261543e+00,1.374102e+00,3.134859e+00,2.050472e+00,1.349109e+00,2.408463e+00,4.613366e+00,1.582395e+00,1.352752e+00,1.351191e+00,1.151959e+00,1.375164e+00,1.356133e+00,1.219101e+00,2.460594e+00,1.157689e+00,1.269887e+00,1.308728e+00,1.283007e+00,1.314438e+00,1.508875e+00,1.218602e+00,1.265998e+00,1.298512e+00,1.194685e+00,1.094926e+00,1.195198e+00,1.432330e+00,1.276748e+00
1.408899e+00,1.222726e+00,1.236464e+00,1.254987e+00,1.262427e+00,1.272064e+00,1.361399e+00,1.303438e+00,1.085747e+00,1.130438e+00,1.337061e+00,1.359739e+00,1.223804e+00,1.273903e+00,1.374763e+00,1.233726e+00,1.139358e+00,1.309555e+00,1.161260e+00,1.278125e+00,1.259181e+00,1.327776e+00,1.439620e+00,1.395627e+00,1.284408e+00,1.433118e+00,1.323451e+00,1.417521e+00,1.169574e+00,1.604903e+00,1.153550e+00,1.779022e+00,1.335096e+00,1.362812e+00,1.114505e+00,1.287401e+00,1.306026e+00,1.734344e+00,1.302123e+00,1.338952e+00,1.249415e+00,1.278696e+00,5.773174e+00,1.792214e+00,4.382408e+00,1.659781e+00,1.549807e+00,1.828561e+00,3.755374e+00,1.398674e+00,1.356138e+00,1.294168e+00,1.121578e+00,1.201406e+00,1.287855e+00,1.509615e+00,1.296667e+00,1.109315e+00,1.251333e+00,1.184473e+00,1.337507e+00,1.342691e+00,1.252723e+00,1.431546e+00,1.469284e+00,1.201544e+00,1.162755e+00,1.897093e+00,1.403653e+00,1.392178e+00,1.282371e+00,1.424504e+00,1.435055e+00,1.454128e+00,1.404648e+00,1.061200e+00,1.344040e+00,1.430641e+00,1.178875e+00,1.265130e+00,1.342987e+00,1.140646e+00,1.273245e+00,1.223747e+00,1.243047e+00,1.317870e+00,1.302857e+00,1.298091e+00,1.451378e+00,1.307512e+00,1.276341e+00,1.281528e+00,1.239279e+00,2.785472e+00,1.346841e+00,1.400053e+00,1.350277e+00,1.357731e+00,1.346621e+00,1.214651e+00,1.345853e+00,1.416734e+00,1.302044e+00,1.327822e+00,1.549008e+00,1.335413e+00,1.413713e+00,1.097021e+00,1.302938e+00,1.257893e+00,1.315661e+00,1.355178e+00,1.179309e+00,1.207725e+00,1.303744e+00,1.425810e+00,1.463137e+00,1.329237e+00,1.348555e+00,1.242698e+00,1.424603e+00,1.439392e+00,1.193138e+00,1.413389e+00,1.427710e+00,1.384994e+00,1.225619e+00,1.329600e+00,1.365924e+00,1.256940e+00,1.226902e+00,1.287866e+00,1.432238e+00,1.168526e+00,1.448053e+00,1.522262e+00,1.256523e+00,1.360702e+00,1.281566e+00,1.493920e+00,1.342222e+00,1.514229e+00,1.263886e+00,1.345319e+00,1.439296e+00,1.346016e+00,1.200901e+00,1.324294e+00,1.292670e+00,1.334221e+00,1.317115e+00,1.516846e+00,1.392179e+00,1.297364e+00,1.323747e+00,1.380240e+00,1.491514e+00,1.421576e+00,1.839089e+00,1.190466e+00,2.545882e+00,1.268852e+00,3.182521e+00,1.344706e+00,4.109516e+00,2.281121e+00,1.305301e+00,1.525984e+00,1.363613e+00,1.079379e+00,1.179333e+00,1.028318e+00,1.258823e+00,1.231079e+00,1.222031e+00,1.166308e+00,1.204191e+00,1.222430e+00,1.264337e+00,1.333156e+00,1.292858e+00,1.281906e+00,1.231738e+00,1.301639e+00,1.263867e+00,1.332432e+00,1.361555e+00,3.011767e+00,4.675648e+00,1.745720e+00,4.597944e+00,2.392165e+00,1.403990e+00,1.350503e+00,1.411165e+00,1.257919e+00,1.277823e+00,1.340562e+00,1.377616e+00,1.174905e+00,1.196352e+00,1.308416e+00,1.384196e+00,1.221843e+00,1.269584e+00,1.240203e+00,1.294605e+00,1.239058e+00,1.280346e+00,1.672344e+00,1.184552e+00,1.293348e+00,1.222929e+00,1.241738e+00,1.147270e+00
1.180267e+00,1.195006e+00,1.400743e+00,1.268718e+00,1.320896e+00,1.282594e+00,1.247502e+00,1.317660e+00,1.336057e+00,1.329619e+00,1.214154e+00,1.542580e+00,1.229457e+00,1.295610e+00,1.238567e+00,1.319271e+00,1.359905e+00,1.286860e+00,1.155577e+00,1.208455e+00,1.300850e+00,1.434958e+00,1.308720e+00,1.318293e+00,1.280136e+00,1.381851e+00,1.362016e+00,1.336968e+00,1.261854e+00,1.363838e+00,1.280137e+00,1.650965e+00,1.230267e+00,1.312370e+00,1.291497e+00,1.433144e+00,1.423652e+00,1.731034e+00,1.556188e+00,1.681474e+00,3.525159e+00,1.665791e+00,2.042839e+00,1.625085e+00,5.082734e+00,1.671750e+00,2.514350e+00,1.688789e+00,3.802549e+00,1.417675e+00,1.553643e+00,1.130833e+00,1.195059e+00,1.357106e+00,1.195803e+00,1.238968e+00,1.292231e+00,1.373466e+00,1.405516e+00,2.794262e+00,1.446356e+00,1.381223e+00,1.249114e+00,1.250108e+00,1.291301e+00,1.518210e+00,1.370306e+00,1.362975e+00,1.684769e+00,1.531019e+00,1.428095e+00,1.424084e+00,1.213501e+00,1.166806e+00,1.244014e+00,1.247699e+00,1.376877e+00,1.476961e+00,1.351750e+00,1.524759e+00,3.053222e+00,1.531687e+00,1.294977e+00,1.293687e+00,1.400862e+00,1.263423e+00,1.353258e+00,1.296663e+00,1.409174e+00,1.504158e+00,1.210676e+00,1.538375e+00,1.375628e+00,1.885935e+00,1.390892e+00,1.384374e+00,1.256355e+00,1.301556e+00,1.410750e+00,1.449191e+00,1.215962e+00,1.203092e+00,1.326511e+00,1.425795e+00,1.278529e+00,1.405517e+00,3.549492e+00,1.798609e+00,1.444211e+00,1.300570e+00,1.207666e+00,1.217612e+00,1.214098e+00,1.254491e+00,1.322477e+00,1.474127e+00,1.316948e+00,1.319973e+00,1.503064e+00,1.387018e+00,1.460822e+00,1.341949e+00,1.481142e+00,1.290852e+00,1.231362e+00,1.324333e+00,1.462581e+00,1.372181e+00,1.273777e+00,1.471472e+00,1.664374e+00,1.364879e+00,1.255156e+00,1.359246e+00,1.509896e+00,1.314127e+00,1.341143e+00,1.181017e+00,1.382312e+00,1.245529e+00,1.297811e+00,1.433523e+00,1.267671e+00,1.431121e+00,1.324382e+00,1.247232e+00,1.950927e+00,1.327569e+00,1.408164e+00,1.331549e+00,1.296988e+00,1.448756e+00,1.407570e+00,1.370348e+00,2.287439e+00,1.315193e+00,1.323264e+00,1.152780e+00,1.363514e+00,1.590919e+00,2.407498e+00,2.401982e+00,4.983510e+00,1.352570e+00,1.988975e+00,3.021649e+00,1.661081e+00,1.423002e+00,1.174522e+00,1.255099e+00,1.579721e+00,1.333687e+00,1.122976e+00,1.515026e+00,1.301339e+00,1.329233e+00,4.486667e+00,1.775508e+00,1.569265e+00,1.264604e+00,1.244094e+00,1.530246e+00,1.387087e+00,1.300597e+00,1.349073e+00,1.287413e+00,1.310794e+00,1.431435e+00,1.305987e+00,2.867077e+00,1.377331e+00,1.254563e+00,1.787005e+00,1.467348e+00,1.374912e+00,1.194460e+00,1.269863e+00,1.386295e+00,1.362946e+00,1.388257e+00,2.308349e+00,1.246011e+00,1.220010e+00,1.272185e+00,1.287744e+00,1.304001e+00,1.620356e+00,1.403737e+00,1.153101e+00,1.305527e+00,1.258268e+00,1.347106e+00,1.227532e+00,1.407832e+00,1.155562e+00
1.398260e+00,1.311079e+00,1.190234e+00,1.362475e+00,1.403089e+00,1.421087e+00,1.364873e+00,1.322769e+00,1.115701e+00,1.242437e+00,1.208429e+00,1.246776e+00,1.341427e+00,1.402422e+00,1.321533e+00,1.297626e+00,1.405497e+00,1.376984e+00,1.214023e+00,1.526967e+00,1.370546e+00,1.383901e+00,1.400443e+00,1.874537e+00,1.367875e+00,1.284274e+00,1.231026e+00,1.533606e+00,1.372054e+00,1.522477e+00,2.096187e+00,2.530781e+00,1.182023e+00,1.355446e+00,1.271499e+00,1.457157e+00,1.377308e+00,1.507230e+00,1.487300e+00,1.358951e+00,1.537258e+00,1.450954e+00,1.417133e+00,1.456580e+00,2.143320e+00,5.202605e+00,3.898647e+00,1.394384e+00,1.662449e+00,3.384960e+00,1.347008e+00,1.345642e+00,1.376608e+00,1.269642e+00,2.181442e+00,1.297118e+00,1.276196e+00,1.373976e+00,1.394994e+00,1.335419e+00,1.384994e+00,1.269757e+00,1.258291e+00,1.282068e+00,1.369485e+00,1.350607e+00,1.658714e+00,1.349295e+00,1.464061e+00,1.905003e+00,1.473681e+00,2.179589e+00,1.840318e+00,1.538595e+00,1.375813e+00,1.187570e+00,1.469344e+00,1.366372e+00,4.002434e+00,2.326246e+00,2.005271e+00,1.444389e+00,1.362542e+00,1.402562e+00,1.381240e+00,2.117093e+00,1.481891e+00,1.268324e+00,1.365875e+00,1.388452e+00,1.359969e+00,1.355351e+00,1.694709e+00,1.635978e+00,1.185738e+00,2.230938e+00,1.479792e+00,2.766179e+00,1.303020e+00,1.447803e+00,1.405855e+00,1.490619e+00,1.381743e+00,1.437049e+00,1.313753e+00,2.575685e+00,1.464791e+00,1.362507e+00,1.292408e+00,1.310746e+00,1.405988e+00,1.304864e+00,1.268257e+00,1.307609e+00,1.299711e+00,1.236033e+00,1.399599e+00,1.408938e+00,1.270922e+00,1.380132e+00,1.418198e+00,1.905795e+00,1.424585e+00,1.346991e+00,1.357016e+00,1.212841e+00,1.333105e+00,1.341407e+00,1.239229e+00,1.139038e+00,1.198489e+00,1.208392e+00,1.269621e+00,1.168854e+00,1.427778e+00,1.375435e+00,1.233906e+00,1.317244e+00,1.389813e+00,1.249599e+00,1.259648e+00,1.410091e+00,1.314367e+00,1.415120e+00,1.243144e+00,1.308580e+00,1.214618e+00,1.676158e+00,1.272360e+00,1.247308e+00,1.390656e+00,1.165552e+00,1.409182e+00,1.268621e+00,1.273428e+00,1.192994e+00,1.375818e+00,1.399688e+00,1.435013e+00,1.386343e+00,1.378489e+00,1.190612e+00,2.768951e+00,1.507855e+00,1.766623e+00,1.939458e+00,1.640022e+00,1.523254e+00,1.478568e+00,1.311775e+00,1.760636e+00,1.259773e+00,1.221604e+00,1.350349e+00,1.964246e+00,1.372730e+00,1.384976e+00,1.465388e+00,1.449033e+00,1.182748e+00,1.410133e+00,1.465237e+00,1.325272e+00,1.294450e+00,2.986281e+00,1.256958e+00,1.514178e+00,1.332280e+00,1.454341e+00,2.042541e+00,3.478690e+00,1.291118e+00,1.314846e+00,2.329082e+00,3.370047e+00,1.569047e+00,1.454511e+00,1.275987e+00,1.387796e+00,1.368013e+00,1.388149e+00,1.694083e+00,1.454311e+00,1.210473e+00,1.413659e+00,1.408214e+00,1.496971e+00,1.303843e+00,1.364996e+00,1.364875e+00,1.229854e+00,1.368104e+00,1.158848e+00,1.381284e+00,1.254620e+00
1.243447e+00,1.334763e+00,1.275644e+00,1.254731e+00,1.220897e+00,1.438254e+00,1.333433e+00,1.418125e+00,1.277442e+00,1.429972e+00,1.213169e+00,1.227183e+00,1.207602e+00,1.328169e+00,1.402649e+00,1.381531e+00,1.372507e+00,1.410171e+00,1.314797e+00,1.287344e+00,1.253387e+00,1.312551e+00,1.376329e+00,1.288544e+00,1.307559e+00,1.388307e+00,1.385339e+00,1.484392e+00,1.465920e+00,1.308847e+00,1.358810e+00,1.329344e+00,1.403043e+00,1.294419e+00,1.327408e+00,1.197203e+00,2.430229e+00,2.751300e+00,1.368470e+00,1.543756e+00,4.417233e+00,5.044501e+00,2.396361e+00,1.374240e+00,1.022755e+01,2.406595e+00,4.689614e+00,2.204874e+00,1.430315e+00,1.213622e+00,1.335620e+00,1.383218e+00,1.478601e+00,1.235158e+00,1.462541e+00,1.431346e+00,1.315714e+00,1.536251e+00,1.415254e+00,1.487959e+00,1.480238e+00,2.359886e+00,1.116243e+00,1.323723e+00,1.513109e+00,1.493466e+00,1.269827e+00,3.837171e+00,1.485007e+00,1.348520e+00,1.350542e+00,1.308211e+00,1.437329e+00,1.340368e+00,1.282821e+00,1.308292e+00,1.355195e+00,1.463850e+00,1.760257e+00,1.281516e+00,1.403713e+00,1.354814e+00,1.653174e+00,1.449035e+00,1.359486e+00,1.549356e+00,1.502681e+00,1.401611e+00,3.219002e+00,2.449326e+00,1.416451e+00,1.460626e+00,1.343298e+00,1.184092e+00,1.663966e+00,1.305300e+00,1.469440e+00,1.171009e+00,1.377967e+00,1.241664e+00,1.326915e+00,1.270108e+00,1.346696e+00,1.277006e+00,1.324284e+00,1.457683e+00,3.304859e+00,1.295926e+00,1.364466e+00,1.397308e+00,1.412993e+00,1.316654e+00,1.383700e+00,1.511738e+00,1.421204e+00,1.842815e+00,2.120053e+00,1.645590e+00,1.339486e+00,1.353794e+00,1.171649e+00,1.662417e+00,1.317826e+00,1.448450e+00,1.637333e+00,1.417026e+00,1.426220e+00,1.478300e+00,1.369501e+00,1.383671e+00,1.359722e+00,1.339069e+00,1.322017e+00,1.317417e+00,1.481104e+00,1.240588e+00,1.357738e+00,1.456094e+00,1.448191e+00,1.139244e+00,1.654716e+00,1.352892e+00,1.382885e+00,1.451033e+00,1.241653e+00,1.419008e+00,1.569717e+00,1.594572e+00,1.582634e+00,1.458446e+00,1.507948e+00,1.423032e+00,1.413969e+00,1.354181e+00,1.503620e+00,2.052197e+00,1.559679e+00,1.319048e+00,1.199565e+00,1.371184e+00,4.121056e+00,2.655234e+00,1.248321e+00,2.756804e+00,1.527292e+00,3.258308e+00,1.816602e+00,1.369274e+00,1.930291e+00,1.334515e+00,1.387151e+00,1.421584e+00,1.463849e+00,3.569035e+00,1.382449e+00,2.881690e+00,1.416102e+00,1.418994e+00,1.176461e+00,1.301557e+00,1.375031e+00,1.344951e+00,1.343255e+00,1.234102e+00,1.378805e+00,1.388226e+00,1.237600e+00,1.312246e+00,1.493278e+00,4.554111e+00,1.289569e+00,1.512698e+00,2.939254e+00,2.429825e+00,1.483892e+00,2.067748e+00,1.271081e+00,1.278823e+00,1.475114e+00,1.276834e+00,1.143293e+00,1.593069e+00,1.220879e+00,1.348709e+00,1.673215e+00,1.281207e+00,1.457309e+00,1.348268e+00,1.316405e+00,1.439225e+00,1.305543e+00,1.389570e+00,1.477314e+00,1.303616e+00,1.388327e+00
1.352888e+00,1.325284e+00,1.367600e+00,1.171800e+00,1.388579e+00,1.363358e+00,1.559010e+00,1.352178e+00,1.305178e+00,1.336657e+00,1.478333e+00,1.336953e+00,1.500072e+00,1.421171e+00,1.449371e+00,1.228364e+00,1.221016e+00,1.395379e+00,1.563414e+00,1.412388e+00,1.242188e+00,1.271570e+00,1.380139e+00,1.441197e+00,1.301267e+00,1.313693e+00,1.425566e+00,1.275513e+00,1.370436e+00,1.567520e+00,2.603919e+00,2.240100e+00,1.366013e+00,1.416594e+00,1.368949e+00,1.568296e+00,1.369692e+00,1.691016e+00,4.502101e+00,1.451439e+00,3.099074e+00,3.545461e+00,2.174603e+00,2.583520e+00,1.407884e+00,1.276417e+00,1.337216e+00,3.359278e+00,1.449957e+00,1.410439e+00,1.239637e+00,1.368377e+00,1.309854e+00,1.299867e+00,1.276521e+00,1.338675e+00,1.482694e+00,1.390390e+00,1.263282e+00,1.424177e+00,1.500245e+00,1.202937e+00,1.451371e+00,1.425501e+00,1.512509e+00,1.373285e+00,1.606969e+00,1.283596e+00,2.136219e+00,1.522942e+00,1.332323e+00,1.263880e+00,1.417960e+00,1.326445e+00,2.969532e+00,1.370987e+00,1.202337e+00,1.462545e+00,4.406267e+00,1.449572e+00,1.810188e+00,1.264194e+00,1.401458e+00,1.272552e+00,1.285206e+00,1.221773e+00,1.484729e+00,1.468242e+00,1.265893e+00,1.516462e+00,1.344710e+00,1.391041e+00,1.483539e+00,1.392872e+00,1.595375e+00,1.277947e+00,1.453134e+00,1.299575e+00,1.407781e+00,1.378254e+00,1.317797e+00,1.235296e+00,1.324324e+00,1.480027e+00,3.510783e+00,2.914533e+00,2.850133e+00,1.324264e+00,1.253389e+00,1.387274e+00,2.641448e+00,1.333424e+00,1.197321e+00,1.235363e+00,1.649381e+00,1.264535e+00,1.275492e+00,1.401904e+00,1.363358e+00,1.406267e+00,1.395813e+00,1.444484e+00,1.243610e+00,1.445974e+00,1.458179e+00,1.265985e+00,1.252191e+00,1.370425e+00,1.362453e+00,1.405547e+00,1.451076e+00,1.485717e+00,1.344419e+00,1.440453e+00,1.382042e+00,1.343843e+00,1.393350e+00,2.007547e+00,1.268804e+00,1.309377e+00,1.339622e+00,1.353454e+00,1.456348e+00,1.450820e+00,1.378731e+00,1.503612e+00,1.525632e+00,1.482109e+00,1.481428e+00,1.475579e+00,1.235495e+00,1.426453e+00,1.650222e+00,1.323818e+00,1.352211e+00,1.292133e+00,1.424043e+00,1.292558e+00,1.285505e+00,1.782729e+00,2.028294e+00,1.915120e+00,2.369707e+00,4.896730e+00,1.660755e+00,1.529123e+00,1.518557e+00,1.401135e+00,1.382034e+00,1.284354e+00,1.409167e+00,1.286442e+00,1.370891e+00,1.466228e+00,1.357130e+00,1.323733e+00,1.288588e+00,1.321250e+00,1.686833e+00,1.415286e+00,1.389501e+00,1.240079e+00,1.336177e+00,1.387276e+00,1.316336e+00,1.203564e+00,1.222215e+00,2.059199e+00,1.557434e+00,2.258750e+00,1.491359e+00,1.883834e+00,1.368220e+00,1.574188e+00,1.344288e+00,1.689373e+00,1.473204e+00,1.405674e+00,1.386477e+00,1.357381e+00,2.440056e+00,2.016871e+00,1.501942e+00,1.449754e+00,1.494304e+00,1.343922e+00,1.394781e+00,1.293163e+00,1.146599e+00,1.256040e+00,1.268832e+00,1.359580e+00,1.255153e+00,1.270758e+00,1.347870e+00
1.299879e+00,1.510551e+00,1.455315e+00,1.345176e+00,1.384570e+00,1.408059e+00,1.537131e+00,1.512741e+00,1.335111e+00,1.383427e+00,1.374249e+00,1.488344e+00,1.449131e+00,1.965658e+00,1.517725e+00,1.383728e+00,1.347509e+00,1.317927e+00,1.548106e+00,1.253094e+00,1.424600e+00,1.393754e+00,1.301727e+00,1.367486e+00,1.490213e+00,1.488021e+00,1.409205e+00,1.372551e+00,1.465492e+00,1.622457e+00,1.553062e+00,1.464189e+00,1.464399e+00,1.509013e+00,1.275331e+00,1.418582e+00,1.638128e+00,1.513464e+00,1.380303e+00,1.421520e+00,1.991716e+00,1.299858e+00,1.707317e+00,2.152779e+00,2.031190e+00,4.276513e+00,1.349855e+00,1.546004e+00,1.483182e+00,1.441672e+00,1.388240e+00,1.417671e+00,3.780655e+00,1.458219e+00,1.411943e+00,1.402148e+00,1.279893e+00,1.581258e+00,1.461625e+00,1.348759e+00,1.262600e+00,1.241287e+00,1.250024e+00,1.434580e+00,1.484312e+00,1.544658e+00,1.542614e+00,2.326623e+00,1.628762e+00,1.280165e+00,1.351924e+00,1.366468e+00,1.432896e+00,1.686234e+00,1.628435e+00,1.422693e+00,1.475350e+00,1.427617e+00,1.481083e+00,1.548790e+00,4.160840e+00,1.386104e+00,1.426174e+00,1.516592e+00,1.518893e+00,1.345694e+00,1.500211e+00,1.357239e+00,1.487657e+00,1.405009e+00,1.444440e+00,1.378605e+00,1.323095e+00,1.471479e+00,1.436882e+00,1.374345e+00,1.195907e+00,1.411662e+00,1.303684e+00,1.475511e+00,1.309542e+00,1.332988e+00,1.400634e+00,1.247062e+00,1.365026e+00,1.341570e+00,1.888792e+00,1.412039e+00,1.366411e+00,1.244516e+00,2.095993e+00,1.505708e+00,1.381974e+00,1.414562e+00,1.972711e+00,1.442743e+00,1.213379e+00,1.286613e+00,1.194255e+00,1.253985e+00,1.221732e+00,1.425238e+00,1.409916e+00,1.577314e+00,1.312513e+00,1.443363e+00,1.440064e+00,1.425403e+00,1.279427e+00,1.452711e+00,1.469746e+00,1.939462e+00,1.224852e+00,1.322922e+00,1.568654e+00,1.535001e+00,1.390572e+00,1.487766e+00,1.395744e+00,1.469824e+00,1.336611e+00,1.376994e+00,1.353397e+00,1.387270e+00,1.323466e+00,1.365119e+00,1.409660e+00,1.641925e+00,1.581204e+00,1.370999e+00,1.784891e+00,1.349930e+00,1.409036e+00,1.319856e+00,1.338146e+00,1.467430e+00,1.645825e+00,1.333334e+00,1.414490e+00,1.486432e+00,1.613009e+00,1.284284e+00,8.590548e+00,1.450435e+00,3.871032e+00,2.514864e+00,2.342445e+00,1.272493e+00,1.545801e+00,1.345013e+00,1.391632e+00,1.307144e+00,4.567148e+00,1.302471e+00,1.390792e+00,1.470223e+00,1.448026e+00,1.288288e+00,1.454179e+00,1.415696e+00,1.440389e+00,1.479477e+00,1.511936e+00,1.358226e+00,1.253929e+00,1.470242e+00,3.345506e+00,4.554665e+00,1.714311e+00,1.763036e+00,3.086791e+00,1.551035e+00,1.311127e+00,1.220230e+00,1.350612e+00,1.525878e+00,1.444003e+00,1.250274e+00,1.271953e+00,1.458481e+00,1.336911e+00,2.182589e+00,1.352082e+00,1.237421e+00,1.284253e+00,1.302378e+00,1.310578e+00,1.323256e+00,1.179283e+00,1.351253e+00,1.264048e+00,1.243485e+00,1.293283e+00,1.465775e+00,1.371637e+00
1.491124e+00,1.546071e+00,1.437774e+00,1.364781e+00,1.372657e+00,1.614840e+00,1.613869e+00,1.395524e+00,1.369076e+00,1.309303e+00,1.459207e+00,1.239705e+00,1.252484e+00,1.521008e+00,1.377676e+00,1.278818e+00,1.533083e+00,1.339247e+00,1.405292e+00,1.480370e+00,1.313268e+00,1.395802e+00,1.304454e+00,1.341200e+00,1.458030e+00,1.391380e+00,1.257182e+00,1.179087e+00,1.274857e+00,1.680740e+00,1.471886e+00,1.438447e+00,1.519347e+00,1.361441e+00,1.451596e+00,1.252720e+00,1.353893e+00,1.465525e+00,2.844447e+00,3.827327e+00,3.898118e+00,4.339270e+00,1.394051e+00,5.190558e+00,1.765649e+00,1.425026e+00,1.244531e+00,1.569442e+00,1.425811e+00,1.420640e+00,1.342186e+00,1.478770e+00,1.544258e+00,1.349878e+00,1.398925e+00,1.444873e+00,1.279303e+00,1.425523e+00,1.456031e+00,1.489316e+00,1.452004e+00,1.349589e+00,1.446822e+00,1.269777e+00,1.294952e+00,1.331847e+00,1.289167e+00,1.651609e+00,2.152844e+00,1.491286e+00,1.302275e+00,1.213857e+00,1.276744e+00,1.216999e+00,1.267078e+00,1.340455e+00,1.280862e+00,1.510731e+00,1.580607e+00,1.427162e+00,1.435443e+00,1.308806e+00,1.298447e+00,1.321977e+00,1.396388e+00,1.503280e+00,1.137153e+00,1.538909e+00,1.256806e+00,1.258573e+00,1.333662e+00,1.222295e+00,1.455371e+00,1.409751e+00,1.256497e+00,1.324993e+00,1.490484e+00,1.526881e+00,1.180427e+00,1.331468e+00,1.476415e+00,1.200599e+00,1.383103e+00,1.296168e+00,2.718006e+00,1.724640e+00,2.190729e+00,1.908578e+00,1.394557e+00,1.304028e+00,1.464707e+00,1.322398e+00,1.430610e+00,1.316605e+00,1.223123e+00,1.517663e+00,1.414363e+00,1.485959e+00,1.174486e+00,1.362479e+00,1.221051e+00,1.196952e+00,1.382629e+00,1.495586e+00,1.252453e+00,1.310907e+00,1.467713e+00,1.281525e+00,1.446247e+00,1.328987e+00,1.488726e+00,1.226639e+00,1.168543e+00,1.246270e+00,1.420559e+00,1.921419e+00,1.216995e+00,1.277551e+00,1.321437e+00,1.212510e+00,1.500739e+00,1.457631e+00,1.297214e+00,1.208541e+00,1.443889e+00,1.337345e+00,1.354246e+00,1.295526e+00,1.316279e+00,1.373060e+00,1.842416e+00,1.319825e+00,1.388593e+00,1.523194e+00,1.202681e+00,1.485941e+00,1.443080e+00,1.527647e+00,1.413813e+00,1.307132e+00,1.372442e+00,2.476744e+00,1.655691e+00,4.538023e+00,3.712915e+00,4.351779e+00,1.710909e+00,1.625375e+00,1.447501e+00,1.260225e+00,1.477195e+00,1.275993e+00,1.201372e+00,1.278786e+00,1.375291e+00,1.554455e+00,1.320118e+00,1.379312e+00,1.335688e+00,1.206282e+00,1.292352e+00,1.239286e+00,1.625793e+00,1.119016e+00,1.340225e+00,1.299365e+00,1.426534e+00,2.967720e+00,1.442582e+00,4.718653e+00,1.371482e+00,1.738344e+00,1.542652e+00,1.320548e+00,1.363729e+00,1.507674e+00,1.272766e+00,1.323398e+00,1.304943e+00,1.223484e+00,3.447374e+00,1.385112e+00,1.416615e+00,1.230125e+00,1.314062e+00,1.273243e+00,1.388364e+00,1.285074e+00,1.230575e+00,1.263599e+00,1.323048e+00,1.273814e+00,1.181120e+00,1.123531e+00,1.385627e+00
1.364412e+00,1.367380e+00,1.419615e+00,1.281647e+00,1.265240e+00,1.299932e+00,1.523800e+00,1.306226e+00,1.295329e+00,1.289248e+00,1.402280e+00,1.350578e+00,1.470327e+00,1.336815e+00,1.425641e+00,1.459446e+00,1.391495e+00,1.392970e+00,1.512710e+00,1.452968e+00,1.353051e+00,1.413496e+00,1.395619e+00,1.259147e+00,1.404003e+00,1.268517e+00,1.308369e+00,1.411492e+00,1.268513e+00,1.954951e+00,1.462929e+00,1.377385e+00,1.496703e+00,1.347137e+00,1.482246e+00,1.329333e+00,1.314774e+00,1.427403e+00,2.121037e+00,2.376377e+00,1.629637e+00,1.591478e+00,1.925237e+00,1.666430e+00,1.643647e+00,1.501739e+00,1.338646e+00,1.524246e+00,1.520070e+00,1.331156e+00,1.334962e+00,1.978450e+00,1.313712e+00,1.364572e+00,1.411754e+00,1.501751e+00,1.988611e+00,4.806826e+00,1.612374e+00,1.462143e+00,1.440635e+00,1.096836e+00,1.595864e+00,2.071645e+00,1.608257e+00,2.486238e+00,1.653701e+00,1.313104e+00,1.320926e+00,1.373535e+00,1.535820e+00,1.351562e+00,1.633932e+00,1.437534e+00,1.287990e+00,1.326268e+00,1.478225e+00,1.259867e+00,1.462146e+00,1.430156e+00,1.190605e+00,1.432125e+00,1.419863e+00,1.308508e+00,1.427677e+00,1.367225e+00,1.434220e+00,1.383642e+00,1.327037e+00,1.436045e+00,1.307476e+00,1.355971e+00,1.377146e+00,1.289578e+00,1.340558e+00,1.619934e+00,1.481769e+00,1.338326e+00,1.548414e+00,1.320983e+00,1.306022e+00,1.440768e+00,1.312394e+00,1.362801e+00,1.765829e+00,1.348486e+00,1.935814e+00,1.295828e+00,1.342439e+00,1.597935e+00,1.303217e+00,1.640728e+00,1.303211e+00,1.566505e+00,1.247506e+00,1.565424e+00,1.463343e+00,1.387922e+00,1.326609e+00,1.365862e+00,1.523896e+00,1.271312e+00,1.463422e+00,1.351733e+00,1.328642e+00,1.419560e+00,1.462893e+00,1.431519e+00,1.507875e+00,1.334145e+00,1.376946e+00,1.326636e+00,1.861702e+00,1.764744e+00,1.375717e+00,1.389268e+00,1.336020e+00,1.437905e+00,1.559595e+00,1.327636e+00,2.105126e+00,1.465457e+00,1.488869e+00,1.498394e+00,1.390350e+00,1.266646e+00,1.363679e+00,1.347335e+00,1.299548e+00,1.456139e+00,2.637146e+00,1.197937e+00,1.338549e+00,1.272250e+00,1.981511e+00,1.328051e+00,1.380811e+00,2.078360e+00,1.371540e+00,1.263761e+00,1.750937e+00,3.973876e+00,1.881064e+00,1.372114e+00,3.699874e+00,1.473789e+00,1.230946e+00,1.536562e+00,1.370184e+00,1.433711e+00,1.314590e+00,1.297807e+00,1.486908e+00,1.282620e+00,1.327386e+00,1.296460e+00,1.148261e+00,1.398747e+00,1.534622e+00,1.422311e+00,1.275555e+00,1.485034e+00,1.297171e+00,1.315040e+00,1.416251e+00,1.231118e+00,1.555886e+00,3.855208e+00,1.491608e+00,1.600172e+00,2.532728e+00,2.549079e+00,2.832492e+00,1.509229e+00,1.620305e+00,2.623231e+00,1.359507e+00,1.338136e+00,1.389667e+00,1.274160e+00,1.431066e+00,1.419255e+00,1.319979e+00,1.242317e+00,1.327280e+00,1.259327e+00,1.312349e+00,1.330246e+00,1.457901e+00,1.390947e+00,1.334861e+00,1.639580e+00,1.355000e+00,1.385756e+00,1.453590e+00
1.246351e+00,1.485913e+00,1.281513e+00,1.329593e+00,1.302593e+00,1.308891e+00,1.289221e+00,1.288019e+00,1.224377e+00,1.349510e+00,1.657014e+00,1.350797e+00,1.331794e+00,1.330070e+00,1.310788e+00,1.257442e+00,1.341608e+00,1.464999e+00,1.288078e+00,1.163767e+00,1.229152e+00,1.305209e+00,1.232820e+00,1.361060e+00,1.400323e+00,1.393574e+00,1.578256e+00,1.635738e+00,1.429067e+00,1.515233e+00,1.714063e+00,1.261312e+00,1.378058e+00,1.370853e+00,1.548496e+00,1.397084e+00,1.477886e+00,1.182649e+00,1.367217e+00,1.819470e+00,1.794816e+00,1.472075e+00,2.890255e+00,1.627937e+00,1.341583e+00,1.451715e+00,1.350088e+00,1.384961e+00,1.378249e+00,1.314064e+00,2.392609e+00,1.431783e+00,1.379186e+00,1.312559e+00,1.325281e+00,1.366207e+00,2.509903e+00,1.689419e+00,1.477975e+00,1.449148e+00,1.403902e+00,1.553202e+00,1.471290e+00,1.422017e+00,3.146936e+00,1.414401e+00,1.298865e+00,1.345491e+00,1.257986e+00,1.361796e+00,1.340116e+00,1.525022e+00,1.349774e+00,1.537053e+00,1.357951e+00,1.986638e+00,1.331992e+00,1.240448e+00,1.455382e+00,1.600791e+00,1.671863e+00,1.321473e+00,1.322504e+00,1.357807e+00,1.501342e+00,1.399292e+00,1.401561e+00,1.561056e+00,2.525582e+00,1.571441e+00,1.303888e+00,1.272366e+00,1.645265e+00,1.385154e+00,1.393104e+00,1.355419e+00,1.362472e+00,1.518027e+00,1.453642e+00,1.319980e+00,1.592937e+00,1.220361e+00,1.455707e+00,1.357634e+00,1.358669e+00,1.623376e+00,1.428982e+00,1.327513e+00,1.430887e+00,1.550106e+00,1.279642e+00,1.422575e+00,1.406756e+00,1.418919e+00,1.256321e+00,1.352576e+00,1.231500e+00,1.314119e+00,1.461283e+00,1.297306e+00,1.359109e+00,1.387324e+00,1.484550e+00,1.318973e+00,1.415265e+00,1.546978e+00,1.383221e+00,1.400380e+00,1.329655e+00,1.323039e+00,2.378708e+00,1.368441e+00,1.386376e+00,1.319681e+00,2.243402e+00,1.153133e+00,1.460780e+00,1.290982e+00,1.457870e+00,1.416102e+00,2.859157e+00,1.398656e+00,1.549660e+00,1.481429e+00,1.409181e+00,1.541684e+00,1.325653e+00,1.484384e+00,1.300083e+00,1.162749e+00,1.534291e+00,1.319191e+00,1.312084e+00,1.184831e+00,1.350030e+00,1.237142e+00,1.417001e+00,1.707620e+00,1.236089e+00,1.276774e+00,1.501687e+00,2.088215e+00,1.467688e+00,1.392451e+00,1.405824e+00,2.657648e+00,1.367504e+00,2.772685e+00,1.404213e+00,1.258601e+00,1.229885e+00,1.422826e+00,1.313332e+00,1.369343e+00,1.289670e+00,1.231170e+00,1.291582e+00,1.439591e+00,1.389311e+00,1.386719e+00,4.165100e+00,1.380680e+00,1.292028e+00,1.367070e+00,1.393126e+00,1.161868e+00,4.443512e+00,2.794595e+00,3.289888e+00,2.045152e+00,4.490423e+00,1.786324e+00,2.173915e+00,3.215410e+00,1.397594e+00,1.393647e+00,1.187791e+00,1.207130e+00,1.250254e+00,1.460141e+00,1.406513e+00,1.343915e+00,1.325934e+00,1.193253e+00,1.224794e+00,1.241111e+00,1.425173e+00,1.306444e+00,1.263152e+00,1.412039e+00,1.431699e+00,1.483524e+00,1.341520e+00,1.299124e+00,1.417130e+00
1.212414e+00,1.480741e+00,1.479979e+00,1.420257e+00,1.248468e+00,1.273801e+00,1.278221e+00,1.298328e+00,1.463575e+00,1.390004e+00,1.366705e+00,1.279379e+00,1.448456e+00,1.310905e+00,1.389325e+00,1.480256e+00,1.429318e+00,1.579206e+00,1.362799e+00,1.360095e+00,1.328559e+00,1.343301e+00,1.361338e+00,1.450418e+00,1.368109e+00,1.377453e+00,1.294761e+00,1.540145e+00,1.364280e+00,1.322474e+00,1.464519e+00,1.365144e+00,1.226027e+00,1.460045e+00,1.913286e+00,1.750960e+00,1.295750e+00,1.313588e+00,1.388326e+00,1.304482e+00,1.742743e+00,1.429357e+00,3.057374e+00,2.577437e+00,1.421295e+00,3.579258e+00,1.251178e+00,1.428445e+00,1.311182e+00,1.366230e+00,1.296152e+00,1.327109e+00,1.561594e+00,1.260598e+00,1.891356e+00,1.379845e+00,1.213448e+00,1.843916e+00,1.181977e+00,1.498218e+00,2.985781e+00,1.776983e+00,2.360769e+00,3.598885e+00,1.363928e+00,1.342343e+00,1.218315e+00,1.530117e+00,1.346911e+00,1.303544e+00,1.319260e+00,3.328105e+00,1.438116e+00,1.275291e+00,1.358730e+00,1.387640e+00,1.239525e+00,1.235185e+00,1.410056e+00,1.388728e+00,1.409512e+00,1.501245e+00,1.529013e+00,1.340275e+00,1.462235e+00,1.210046e+00,1.400363e+00,1.390747e+00,1.461522e+00,1.410003e+00,1.629184e+00,1.247701e+00,1.318709e+00,1.326725e+00,1.362646e+00,1.355013e+00,1.281469e+00,2.668544e+00,1.428666e+00,1.461148e+00,1.574838e+00,1.497077e+00,1.230774e+00,1.549969e+00,1.253935e+00,1.383193e+00,1.289466e+00,1.454560e+00,1.419515e+00,1.446776e+00,1.302235e+00,1.450694e+00,1.502272e+00,1.302323e+00,1.277836e+00,1.301246e+00,1.287082e+00,1.365614e+00,1.312954e+00,1.290020e+00,1.427976e+00,1.419348e+00,1.389756e+00,1.383106e+00,1.489317e+00,1.338648e+00,1.403557e+00,1.318294e+00,1.449545e+00,1.622978e+00,1.245271e+00,1.357196e+00,1.614235e+00,1.257177e+00,1.403133e+00,1.338823e+00,1.348635e+00,1.788881e+00,1.299314e+00,1.377457e+00,1.526013e+00,1.288802e+00,1.473465e+00,2.176167e+00,1.446719e+00,1.314001e+00,1.348404e+00,1.304454e+00,1.286130e+00,1.385649e+00,1.574740e+00,1.186013e+00,1.549827e+00,1.445463e+00,1.309602e+00,1.367190e+00,1.324953e+00,1.432767e+00,1.440194e+00,1.483024e+00,2.136556e+00,5.034805e+00,1.826322e+00,1.447071e+00,1.415760e+00,1.605551e+00,1.487443e+00,1.512439e+00,1.409068e+00,1.333112e+00,1.270305e+00,1.378904e+00,1.278709e+00,1.553676e+00,1.306917e+00,1.398997e+00,1.193848e+00,1.333895e+00,1.586594e+00,1.416951e+00,1.358660e+00,1.293386e+00,1.395401e+00,1.391510e+00,1.207813e+00,4.518506e+00,2.479811e+00,1.694670e+00,2.239349e+00,1.493141e+00,1.466116e+00,2.957817e+00,1.412457e+00,1.669528e+00,1.469293e+00,1.439788e+00,1.362334e+00,1.300698e+00,1.360894e+00,1.363866e+00,1.341069e+00,1.261291e+00,1.267801e+00,1.390889e+00,1.200793e+00,1.302427e+00,1.455206e+00,1.448904e+00,1.361954e+00,1.265241e+00,1.290258e+00,1.437786e+00,1.276188e+00,1.381798e+00,1.293228e+00
1.223196e+00,1.412090e+00,1.265096e+00,1.352796e+00,1.299511e+00,1.259759e+00,1.416480e+00,1.342756e+00,1.328176e+00,1.409893e+00,1.403744e+00,1.150761e+00,1.349229e+00,1.567895e+00,1.365097e+00,1.395001e+00,1.356682e+00,1.209324e+00,1.270594e+00,1.160754e+00,1.347274e+00,1.465597e+00,1.391373e+00,1.283572e+00,1.443978e+00,1.290881e+00,1.341193e+00,1.375771e+00,1.318733e+00,1.393927e+00,1.360231e+00,1.356981e+00,1.407698e+00,1.300052e+00,1.547661e+00,1.538175e+00,1.614558e+00,1.197683e+00,1.436523e+00,1.400872e+00,3.634420e+00,1.586662e+00,3.219667e+00,1.680060e+00,1.345307e+00,1.275858e+00,1.450119e+00,1.231481e+00,1.289605e+00,2.520763e+00,1.153807e+00,1.350968e+00,1.370748e+00,1.239279e+00,3.165107e+00,1.473186e+00,1.479246e+00,1.166696e+00,1.727017e+00,1.260539e+00,1.415925e+00,2.933196e+00,1.638013e+00,1.651505e+00,1.271439e+00,1.948289e+00,1.440874e+00,1.358425e+00,1.260009e+00,1.366137e+00,1.364043e+00,1.313309e+00,1.417113e+00,1.334847e+00,1.274850e+00,1.374667e+00,1.272642e+00,1.436855e+00,1.442908e+00,1.348268e+00,1.272185e+00,1.245813e+00,1.262190e+00,1.311733e+00,1.264749e+00,1.391887e+00,1.401520e+00,1.251602e+00,1.199942e+00,2.186742e+00,2.544982e+00,1.318651e+00,1.040126e+01,1.381710e+00,1.335557e+00,1.283066e+00,1.452959e+00,1.298561e+00,1.364727e+00,1.331608e+00,1.203980e+00,1.310813e+00,1.238018e+00,1.447497e+00,1.317181e+00,1.313557e+00,1.247758e+00,1.171113e+00,1.179059e+00,1.237979e+00,1.283933e+00,1.234833e+00,1.439866e+00,1.261536e+00,1.237701e+00,1.282377e+00,1.315210e+00,9.453416e+00,1.302408e+00,1.306007e+00,1.381418e+00,1.305223e+00,1.513523e+00,1.274538e+00,1.407030e+00,1.254699e+00,1.515012e+00,3.056994e+00,1.329472e+00,1.874493e+00,1.856453e+00,1.463090e+00,1.435800e+00,1.251189e+00,1.262684e+00,1.265685e+00,1.176897e+00,1.883825e+00,1.502523e+00,1.300294e+00,1.446832e+00,1.430636e+00,2.357367e+00,1.315878e+00,1.332441e+00,1.283287e+00,1.231879e+00,1.236919e+00,1.255902e+00,1.435622e+00,1.218133e+00,1.252077e+00,1.581725e+00,1.177850e+00,1.270928e+00,1.343310e+00,1.446102e+00,1.392289e+00,1.230339e+00,1.213027e+00,1.366711e+00,2.303339e+00,4.034395e+00,1.673517e+00,2.048592e+00,3.499232e+00,1.320052e+00,1.351192e+00,1.423538e+00,1.402511e+00,1.255285e+00,3.517100e+00,1.250899e+00,1.379675e+00,1.417323e+00,1.152101e+00,1.320978e+00,1.357237e+00,1.380337e+00,1.430271e+00,4.687474e+00,3.425953e+00,1.662341e+00,4.396095e+00,2.001155e+00,1.041866e+01,1.693557e+00,1.380483e+00,1.556772e+00,1.524354e+00,1.741847e+00,1.333151e+00,1.317314e+00,5.116342e+00,1.946676e+00,1.505379e+00,1.342928e+00,1.354088e+00,1.516518e+00,1.383336e+00,1.323440e+00,1.302766e+00,1.346776e+00,1.239388e+00,1.304861e+00,1.303901e+00,1.452426e+00,1.364286e+00,1.284097e+00,1.197779e+00,1.501036e+00,1.299111e+00,1.354772e+00,1.175826e+00,1.321986e+00
1.483762e+00,1.477158e+00,1.283279e+00,1.524276e+00,1.339340e+00,1.331511e+00,1.424805e+00,1.492561e+00,1.345720e+00,1.454714e+00,1.415276e+00,1.237107e+00,1.394973e+00,1.351141e+00,1.386910e+00,1.334329e+00,1.227454e+00,1.396075e+00,1.397107e+00,1.488013e+00,1.287799e+00,1.343930e+00,1.372465e+00,1.167744e+00,1.320741e+00,1.332283e+00,1.291226e+00,1.287969e+00,1.446415e+00,1.368311e+00,1.490027e+00,1.341597e+00,1.255500e+00,1.368428e+00,1.179198e+00,1.291727e+00,1.409378e+00,1.243967e+00,1.253223e+00,1.214667e+00,4.720425e+00,1.320447e+00,1.369556e+00,4.699386e+00,1.248210e+00,1.384055e+00,1.290068e+00,1.243917e+00,3.419206e+00,1.434240e+00,1.271058e+00,1.400103e+00,1.737031e+00,1.398669e+00,1.533412e+00,2.035843e+00,1.613716e+00,1.294434e+00,1.435919e+00,1.240714e+00,1.323438e+00,1.405982e+00,1.794401e+00,1.625391e+00,1.477686e+00,1.286233e+00,1.634339e+00,1.426220e+00,1.338303e+00,1.230899e+00,9.689215e+00,1.474434e+00,1.476237e+00,1.894570e+00,1.267775e+00,1.510753e+00,1.315756e+00,1.498240e+00,1.229282e+00,1.295243e+00,1.333936e+00,1.179432e+00,2.041808e+00,1.556612e+00,1.501638e+00,1.790215e+00,1.767497e+00,2.495937e+00,2.020345e+00,9.206492e+00,1.333671e+00,1.812766e+00,1.198748e+00,1.441661e+00,1.330052e+00,1.411116e+00,1.225536e+00,1.292174e+00,1.311629e+00,1.308660e+00,1.914581e+00,1.302147e+00,1.354860e+00,1.326775e+00,1.332987e+00,1.329431e+00,1.237467e+00,1.331913e+00,1.275652e+00,1.467776e+00,2.334425e+00,1.695352e+00,1.284509e+00,1.385135e+00,1.337830e+00,1.296318e+00,1.384896e+00,2.418905e+00,1.318562e+00,1.344137e+00,1.243332e+00,1.390352e+00,1.353324e+00,1.258884e+00,1.385219e+00,1.395536e+00,1.253706e+00,1.326145e+00,1.519497e+00,1.467904e+00,1.525793e+00,1.465312e+00,1.759910e+00,1.442722e+00,1.366924e+00,1.674671e+00,1.978166e+00,1.356179e+00,1.313357e+00,1.287987e+00,1.299882e+00,1.512531e+00,1.285455e+00,1.349190e+00,1.405340e+00,1.328917e+00,1.785311e+00,1.347283e+00,1.525850e+00,1.591813e+00,1.302324e+00,1.279305e+00,1.632019e+00,1.460008e+00,1.632442e+00,1.422365e+00,1.391566e+00,1.584937e+00,1.484843e+00,1.263137e+00,3.519978e+00,1.570825e+00,nan,1.633272e+00,4.533283e+00,2.312501e+00,3.770918e+00,3.937833e+00,2.716647e+00,4.315035e+00,1.529755e+00,1.403030e+00,1.456409e+00,1.954620e+00,1.611517e+00,2.668379e+00,1.784438e+00,2.235542e+00,nan,2.363488e+00,5.069572e+00,3.983150e+00,2.689606e+00,3.447340e+00,4.515613e+00,2.144409e+00,1.898395e+00,1.465195e+00,4.297948e+00,3.310337e+00,2.571663e+00,1.360616e+00,1.275455e+00,1.436493e+00,1.190482e+00,1.526962e+00,1.398154e+00,1.453090e+00,1.249447e+00,1.267386e+00,2.515419e+00,1.272759e+00,1.213201e+00,1.372109e+00,1.226105e+00,1.442694e+00,1.354751e+00,1.409893e+00,1.281611e+00,1.369253e+00,1.348704e+00,1.236564e+00,1.329142e+00,1.217291e+00,1.277134e+00
1.242746e+00,1.462018e+00,1.298710e+00,1.296012e+00,1.378629e+00,1.370782e+00,1.458438e+00,1.224806e+00,1.313311e+00,1.402546e+00,1.461019e+00,1.224416e+00,1.449137e+00,1.415946e+00,1.400461e+00,1.479633e+00,1.467081e+00,1.612928e+00,1.320418e+00,1.319823e+00,1.256747e+00,1.348913e+00,1.569383e+00,1.295629e+00,1.394606e+00,2.208443e+00,1.293642e+00,1.202049e+00,1.424802e+00,1.589708e+00,1.519975e+00,1.346930e+00,1.378056e+00,1.447449e+00,1.780241e+00,1.613200e+00,4.570800e+00,3.374790e+00,1.436971e+00,1.862730e+00,9.056786e+00,1.483364e+00,1.541872e+00,1.432810e+00,1.390223e+00,1.331074e+00,1.409319e+00,1.318964e+00,1.167164e+00,1.203581e+00,1.309650e+00,1.839536e+00,1.432976e+00,1.244560e+00,1.372229e+00,1.330283e+00,1.766264e+00,2.710428e+00,1.854183e+00,1.728892e+00,1.580590e+00,1.842386e+00,1.408731e+00,1.326210e+00,1.286799e+00,2.789799e+00,1.267089e+00,1.322556e+00,1.490822e+00,1.544719e+00,1.238804e+00,1.228143e+00,1.424046e+00,1.220978e+00,1.307721e+00,1.431858e+00,1.362633e+00,1.230278e+00,1.373248e+00,1.571786e+00,1.250093e+00,1.682704e+00,1.372069e+00,1.463508e+00,3.236227e+00,2.226337e+00,3.429960e+00,5.191494e+00,1.604520e+00,1.516219e+00,2.899702e+00,1.447920e+00,1.384199e+00,1.233733e+00,1.446258e+00,1.414965e+00,1.298499e+00,1.699712e+00,1.444149e+00,1.145647e+00,1.540325e+00,1.381694e+00,1.375936e+00,1.384075e+00,4.766069e+00,1.899252e+00,2.611632e+00,1.607382e+00,2.117994e+00,4.868260e+00,1.433229e+00,1.379940e+00,1.435948e+00,1.285326e+00,1.431298e+00,1.259854e+00,1.279579e+00,1.396612e+00,1.976027e+00,1.620239e+00,1.334567e+00,1.221027e+00,1.467835e+00,1.369347e+00,1.486093e+00,1.284414e+00,1.339974e+00,1.328832e+00,1.308015e+00,1.264759e+00,1.267261e+00,1.398351e+00,1.381559e+00,1.234892e+00,1.424563e+00,1.290320e+00,1.390496e+00,1.349329e+00,2.144659e+00,1.912244e+00,1.607702e+00,1.537827e+00,1.328261e+00,1.267737e+00,1.571944e+00,3.397224e+00,1.315537e+00,1.602643e+00,1.453957e+00,1.655039e+00,1.661517e+00,1.281120e+00,1.208267e+00,1.387315e+00,1.354549e+00,1.394784e+00,1.311986e+00,1.536494e+00,1.354571e+00,1.425575e+00,2.754746e+00,2.205795e+00,4.152981e+00,1.510257e+00,3.082646e+00,1.992920e+00,1.432182e+00,3.525924e+00,1.566100e+00,1.481201e+00,3.584352e+00,1.551180e+00,1.321341e+00,1.591719e+00,1.375904e+00,2.076144e+00,2.221888e+00,5.333476e+00,1.800191e+00,1.393703e+00,1.793261e+00,1.369578e+00,1.801034e+00,2.986172e+00,2.801258e+00,1.579834e+00,2.764329e+00,1.750067e+00,3.014296e+00,2.825825e+00,1.458637e+00,1.329206e+00,1.490680e+00,1.501565e+00,1.378395e+00,1.554951e+00,1.430293e+00,1.320912e+00,1.371324e+00,1.415480e+00,1.570408e+00,1.386687e+00,1.374617e+00,1.377767e+00,1.266893e+00,1.340174e+00,1.331926e+00,1.306137e+00,1.492475e+00,1.294927e+00,1.312809e+00,1.278489e+00,1.264100e+00,1.268995e+00,1.379978e+00
1.407984e+00,1.593977e+00,1.252144e+00,1.372163e+00,1.327971e+00,1.367740e+00,1.306097e+00,1.234007e+00,1.297914e+00,1.664456e+00,1.462754e+00,1.297061e+00,1.337989e+00,1.454170e+00,1.359705e+00,1.292711e+00,1.297668e+00,1.254023e+00,1.321830e+00,1.350073e+00,1.248659e+00,1.206406e+00,1.294086e+00,1.437681e+00,1.419621e+00,1.317026e+00,1.166640e+00,1.385858e+00,1.209025e+00,1.472919e+00,1.321869e+00,1.348176e+00,1.186661e+00,1.281058e+00,4.794882e+00,2.765439e+00,3.959945e+00,1.784767e+00,1.929267e+00,1.684458e+00,1.353695e+00,1.386292e+00,1.277972e+00,1.302025e+00,1.372316e+00,1.377828e+00,1.349122e+00,1.406394e+00,1.294070e+00,1.164007e+00,1.415728e+00,2.150791e+00,4.540997e+00,5.039057e+00,1.722873e+00,3.606897e+00,1.325579e+00,3.540565e+00,1.484094e+00,1.452884e+00,3.076571e+00,1.380969e+00,1.339772e+00,1.400344e+00,1.261453e+00,1.355017e+00,1.285759e+00,1.438057e+00,1.276665e+00,1.254774e+00,1.264319e+00,1.254249e+00,1.571815e+00,1.315827e+00,1.473478e+00,1.390861e+00,3.034981e+00,1.359359e+00,1.366491e+00,1.351448e+00,1.264749e+00,1.392679e+00,1.359921e+00,5.038806e+00,1.753635e+00,1.996799e+00,3.725181e+00,3.351838e+00,1.612657e+00,1.503460e+00,1.203408e+00,1.212116e+00,1.416970e+00,1.509210e+00,1.394305e+00,1.623157e+00,1.312603e+00,1.326759e+00,1.333845e+00,1.461810e+00,1.193652e+00,1.253264e+00,1.361104e+00,4.954588e+00,1.499826e+00,1.668737e+00,1.487700e+00,3.029480e+00,1.233550e+00,1.479577e+00,3.563227e+00,1.656036e+00,1.376238e+00,1.666102e+00,1.239457e+00,1.403024e+00,1.881439e+00,1.338229e+00,1.297332e+00,1.488140e+00,1.333612e+00,1.162734e+00,1.364325e+00,1.349640e+00,1.388618e+00,1.400618e+00,1.402855e+00,1.487791e+00,1.442800e+00,1.401688e+00,1.354365e+00,1.490610e+00,1.391778e+00,1.380424e+00,1.379000e+00,1.363939e+00,1.469815e+00,2.002551e+00,1.372226e+00,3.321539e+00,1.468849e+00,1.346794e+00,1.397373e+00,1.239634e+00,1.259948e+00,1.534506e+00,1.392297e+00,1.209754e+00,1.287467e+00,1.257452e+00,1.428093e+00,1.557525e+00,1.375974e+00,1.357225e+00,1.397627e+00,1.406636e+00,1.253045e+00,1.580906e+00,1.453617e+00,1.354843e+00,1.218346e+00,3.927778e+00,1.405210e+00,1.466810e+00,1.338437e+00,1.470561e+00,1.543518e+00,1.814614e+00,1.372466e+00,3.387694e+00,2.688025e+00,1.399198e+00,1.401048e+00,1.468222e+00,1.499562e+00,1.901251e+00,2.832838e+00,1.362731e+00,1.943521e+00,4.461787e+00,1.537572e+00,3.462921e+00,3.479743e+00,2.072666e+00,3.063368e+00,2.181314e+00,1.752350e+00,1.302031e+00,2.219910e+00,1.263553e+00,1.472434e+00,4.642290e+00,1.285253e+00,1.811723e+00,1.852693e+00,1.374594e+00,2.575601e+00,1.425333e+00,1.546797e+00,1.314936e+00,1.514646e+00,1.924828e+00,1.389669e+00,1.517732e+00,1.268346e+00,1.330456e+00,1.322625e+00,1.739182e+00,1.279545e+00,1.326062e+00,1.281106e+00,1.330516e+00,1.321228e+00,1.408962e+00,1.344797e+00
1.330067e+00,1.552503e+00,1.528399e+00,1.439149e+00,1.307992e+00,1.578267e+00,1.334072e+00,1.303085e+00,1.378792e+00,1.468446e+00,1.495311e+00,1.324482e+00,1.447795e+00,1.200086e+00,1.214762e+00,1.316812e+00,1.342777e+00,1.301429e+00,1.234030e+00,1.642926e+00,1.468249e+00,1.398426e+00,1.534797e+00,1.284531e+00,1.458787e+00,1.486035e+00,1.462947e+00,1.283966e+00,1.456812e+00,1.308746e+00,1.297314e+00,1.435807e+00,1.289857e+00,1.344916e+00,2.321895e+00,1.041866e+01,1.570671e+00,5.094522e+00,1.521200e+00,8.136339e+00,1.492515e+00,1.493502e+00,1.631795e+00,1.525814e+00,1.411767e+00,1.349271e+00,1.581660e+00,1.370137e+00,1.258550e+00,1.364472e+00,1.356235e+00,1.570076e+00,5.254825e+00,1.299194e+00,1.758903e+00,1.219467e+00,1.322334e+00,2.139160e+00,2.312524e+00,3.140347e+00,1.723878e+00,1.698834e+00,1.542378e+00,1.376429e+00,1.477409e+00,1.438428e+00,1.391338e+00,1.370306e+00,1.453746e+00,2.080041e+00,1.463383e+00,4.885776e+00,3.341252e+00,1.608517e+00,1.708303e+00,1.450985e+00,1.400631e+00,1.288842e+00,4.179895e+00,3.191059e+00,4.121876e+00,1.636951e+00,1.536446e+00,1.370713e+00,4.600104e+00,1.327354e+00,1.577635e+00,1.457675e+00,1.380134e+00,1.585200e+00,1.322902e+00,1.330835e+00,1.450487e+00,1.328783e+00,1.396316e+00,1.251999e+00,1.281900e+00,1.335161e+00,1.304722e+00,1.427056e+00,1.532005e+00,2.152218e+00,4.222705e+00,1.478724e+00,1.316105e+00,4.136663e+00,3.628448e+00,1.644233e+00,1.484597e+00,1.397244e+00,1.438472e+00,1.334697e+00,1.335828e+00,1.348688e+00,1.329709e+00,1.518678e+00,1.508760e+00,1.368423e+00,5.010772e+00,1.353786e+00,1.223587e+00,1.460781e+00,1.306282e+00,1.379165e+00,1.445172e+00,1.450408e+00,1.475967e+00,1.455733e+00,1.386333e+00,1.353315e+00,1.486675e+00,1.460414e+00,1.369359e+00,1.475213e+00,1.451933e+00,1.302663e+00,1.405066e+00,1.343738e+00,1.731577e+00,1.350150e+00,1.426292e+00,1.316308e+00,1.364495e+00,1.347764e+00,1.469298e+00,1.519195e+00,1.366457e+00,1.251485e+00,1.257719e+00,1.382212e+00,1.418205e+00,1.454390e+00,1.338456e+00,1.363292e+00,1.704264e+00,1.309746e+00,2.468714e+00,1.497615e+00,1.403281e+00,1.263721e+00,1.586215e+00,1.731043e+00,1.297071e+00,1.563617e+00,1.967453e+00,2.674874e+00,1.858715e+00,1.264051e+00,1.443350e+00,1.579226e+00,2.722321e+00,1.613841e+00,1.490768e+00,2.315123e+00,1.351265e+00,4.772462e+00,2.580398e+00,4.016616e+00,4.023199e+00,3.964000e+00,1.364751e+00,4.416571e+00,2.754216e+00,1.869736e+00,5.520501e+00,4.756435e+00,1.416519e+00,1.750048e+00,1.530251e+00,1.219101e+00,3.424883e+00,1.477599e+00,1.408641e+00,1.426501e+00,2.774311e+00,1.333418e+00,1.489395e+00,1.449330e+00,1.432804e+00,1.506475e+00,1.167409e+00,1.572131e+00,1.390482e+00,1.339886e+00,1.402997e+00,1.257780e+00,1.463536e+00,1.337514e+00,1.451411e+00,1.403370e+00,1.474470e+00,1.200116e+00,1.258845e+00,1.298235e+00,1.468586e+00
1.246044e+00,1.385923e+00,1.605003e+00,1.482341e+00,1.383342e+00,1.333754e+00,1.314105e+00,1.359678e+00,1.347626e+00,1.388976e+00,1.488615e+00,1.343355e+00,1.266915e+00,1.296917e+00,1.432297e+00,1.186862e+00,1.325487e+00,1.386369e+00,1.465138e+00,1.448594e+00,1.296306e+00,1.550261e+00,1.287198e+00,1.407719e+00,1.430802e+00,1.309343e+00,1.497082e+00,1.482801e+00,1.539474e+00,1.424350e+00,1.279328e+00,1.494186e+00,1.436193e+00,1.444425e+00,2.323753e+00,1.486300e+00,1.744110e+00,1.758506e+00,3.728244e+00,5.437236e+00,1.605003e+00,1.385769e+00,1.875704e+00,1.274868e+00,1.349542e+00,1.317352e+00,1.502588e+00,1.469307e+00,1.408540e+00,1.677179e+00,1.535325e+00,1.535558e+00,2.743185e+00,2.074035e+00,1.338614e+00,1.439641e+00,1.652257e+00,1.431480e+00,1.300815e+00,1.761224e+00,1.312692e+00,1.370209e+00,1.528490e+00,1.356214e+00,1.459623e+00,1.331173e+00,1.354450e+00,1.560457e+00,2.933712e+00,1.538715e+00,1.584019e+00,1.039416e+01,2.900343e+00,2.143980e+00,2.259274e+00,2.339799e+00,1.819482e+00,3.143218e+00,1.869516e+00,2.690934e+00,5.475826e+00,1.500936e+00,1.422567e+00,1.493077e+00,1.338612e+00,1.681977e+00,1.536230e+00,1.539372e+00,1.419287e+00,1.324312e+00,1.363550e+00,1.384706e+00,1.362187e+00,1.393651e+00,1.407156e+00,1.419983e+00,9.339421e+00,2.264045e+00,1.615924e+00,3.381091e+00,2.059865e+00,2.256617e+00,2.729734e+00,1.404923e+00,1.582133e+00,1.453754e+00,1.520867e+00,1.449268e+00,1.380309e+00,1.484893e+00,1.518188e+00,1.454105e+00,1.346772e+00,1.396549e+00,1.398025e+00,1.294780e+00,1.481662e+00,1.678683e+00,1.462545e+00,1.547951e+00,1.440579e+00,1.295203e+00,1.428325e+00,1.367763e+00,1.480168e+00,1.163760e+00,1.474688e+00,1.464853e+00,1.353869e+00,1.943905e+00,1.362434e+00,1.360600e+00,1.382275e+00,1.462346e+00,1.530004e+00,1.254125e+00,1.338709e+00,1.379752e+00,1.378227e+00,1.897337e+00,1.359740e+00,1.211627e+00,1.453130e+00,1.345424e+00,1.371576e+00,1.179163e+00,2.054672e+00,1.495760e+00,1.325238e+00,1.451612e+00,1.566838e+00,1.113205e+00,1.568246e+00,1.338494e+00,1.389949e+00,1.387882e+00,1.600284e+00,1.350377e+00,1.369470e+00,1.385921e+00,1.643672e+00,1.235675e+00,1.457207e+00,1.734744e+00,2.397532e+00,1.616412e+00,1.548901e+00,2.145697e+00,1.442103e+00,2.152521e+00,1.658249e+00,1.956951e+00,1.767798e+00,4.152433e+00,1.538527e+00,2.016256e+00,3.172326e+00,3.439070e+00,1.499174e+00,2.151648e+00,nan,3.148456e+00,4.477342e+00,1.498475e+00,2.606208e+00,1.525539e+00,3.604378e+00,3.578103e+00,1.461330e+00,1.041866e+01,1.669594e+00,3.314858e+00,1.591694e+00,1.389897e+00,1.412884e+00,1.327927e+00,1.515052e+00,1.391545e+00,1.404654e+00,1.510375e+00,1.316469e+00,1.485769e+00,1.618524e+00,1.481200e+00,1.379537e+00,1.511146e+00,1.304245e+00,1.216142e+00,1.348582e+00,1.709201e+00,1.486508e+00,1.170980e+00,1.305602e+00,1.426085e+00,1.336285e+00
1.455838e+00,1.421945e+00,1.402836e+00,1.568534e+00,1.414753e+00,1.404691e+00,1.394254e+00,1.645419e+00,1.574544e+00,1.631539e+00,1.439988e+00,1.560367e+00,1.532047e+00,1.575150e+00,1.421223e+00,1.599697e+00,1.483431e+00,1.476020e+00,1.379397e+00,1.599397e+00,1.495939e+00,1.377674e+00,1.506931e+00,1.569298e+00,1.475118e+00,1.534950e+00,1.643663e+00,1.636895e+00,1.493217e+00,1.482071e+00,1.550540e+00,1.492820e+00,1.495835e+00,1.356881e+00,1.468950e+00,1.734236e+00,5.333125e+00,6.804812e+00,2.011332e+00,2.457669e+00,2.139181e+00,1.331069e+00,1.424436e+00,1.388570e+00,1.340336e+00,3.541553e+00,1.526107e+00,1.244568e+00,1.540024e+00,1.634507e+00,1.442503e+00,4.796785e+00,1.523581e+00,1.386800e+00,1.351519e+00,1.524825e+00,1.471508e+00,1.645489e+00,1.512712e+00,1.830877e+00,1.448595e+00,1.707397e+00,1.388609e+00,1.719851e+00,1.504328e+00,1.399903e+00,1.270280e+00,1.822505e+00,1.316227e+00,1.547082e+00,4.339195e+00,2.067135e+00,4.262866e+00,2.241224e+00,1.008485e+01,1.535945e+00,2.394647e+00,5.380418e+00,2.239354e+00,1.485197e+00,3.820192e+00,1.369944e+00,1.424971e+00,1.328543e+00,1.528429e+00,1.352993e+00,1.493792e+00,1.328038e+00,1.430878e+00,1.646445e+00,1.484815e+00,1.252008e+00,1.514487e+00,1.479712e+00,1.431813e+00,4.738238e+00,nan,1.617976e+00,1.737876e+00,2.014771e+00,2.131759e+00,1.501988e+00,2.056274e+00,1.430819e+00,1.495810e+00,1.457068e+00,1.161962e+00,1.289462e+00,1.422860e+00,1.496298e+00,1.203192e+00,1.450649e+00,1.375113e+00,1.575077e+00,1.361840e+00,1.369566e+00,1.482943e+00,1.483097e+00,1.478681e+00,1.525729e+00,1.479320e+00,1.402736e+00,1.487866e+00,1.594008e+00,1.257286e+00,1.460404e+00,1.374325e+00,1.475542e+00,1.412882e+00,1.686691e+00,1.478087e+00,1.455210e+00,1.491143e+00,1.265763e+00,1.338616e+00,1.465472e+00,1.401008e+00,1.467020e+00,1.566414e+00,4.446766e+00,1.541327e+00,1.585426e+00,1.542926e+00,1.318517e+00,1.375462e+00,1.285102e+00,1.520817e+00,1.497104e+00,1.311007e+00,1.396049e+00,1.442417e+00,1.405025e+00,1.480911e+00,1.592246e+00,1.544778e+00,1.454066e+00,1.251626e+00,1.736434e+00,1.632983e+00,1.207537e+00,1.385580e+00,2.281623e+00,4.382093e+00,2.406520e+00,1.934295e+00,8.204644e+00,1.393295e+00,2.855804e+00,7.792531e+00,1.921378e+00,1.564018e+00,2.297240e+00,1.574057e+00,1.530057e+00,2.688629e+00,4.643703e+00,1.537253e+00,1.734845e+00,1.389304e+00,4.704192e+00,1.749101e+00,1.555375e+00,1.501270e+00,1.550070e+00,2.448544e+00,2.768834e+00,1.608525e+00,4.751124e+00,7.826470e+00,3.872813e+00,1.862652e+00,1.962210e+00,1.682116e+00,1.730112e+00,2.226184e+00,1.635318e+00,1.580275e+00,1.436029e+00,1.594758e+00,1.595193e+00,1.513646e+00,4.367832e+00,1.493796e+00,1.541830e+00,1.584099e+00,2.002644e+00,1.311932e+00,1.464564e+00,1.399868e+00,1.376351e+00,1.364282e+00,1.415838e+00,1.279613e+00,1.520833e+00,1.447585e+00
1.483478e+00,1.500462e+00,1.396393e+00,1.478193e+00,1.425935e+00,1.546633e+00,1.547091e+00,1.320244e+00,1.445163e+00,1.472649e+00,1.458747e+00,1.458983e+00,1.405417e+00,1.476065e+00,1.287774e+00,1.409464e+00,1.389392e+00,1.471868e+00,1.414988e+00,1.458874e+00,1.455420e+00,1.480831e+00,1.482581e+00,1.396948e+00,1.450119e+00,1.564543e+00,1.550955e+00,1.439702e+00,1.495128e+00,1.539113e+00,2.275908e+00,1.484052e+00,1.455329e+00,1.526649e+00,1.644542e+00,1.773063e+00,1.431949e+00,1.637514e+00,1.493926e+00,2.520450e+00,1.381466e+00,1.507288e+00,1.558330e+00,1.343056e+00,1.335919e+00,1.320539e+00,1.436510e+00,1.525677e+00,1.492448e+00,1.772912e+00,2.303958e+00,1.808713e+00,1.393997e+00,4.796609e+00,1.630274e+00,1.447349e+00,1.716864e+00,1.344670e+00,1.503150e+00,1.505399e+00,1.287847e+00,1.400213e+00,1.422537e+00,1.471737e+00,1.357396e+00,1.457270e+00,1.482252e+00,1.351997e+00,1.437623e+00,1.238348e+00,1.512862e+00,1.771989e+00,1.758694e+00,3.336128e+00,2.502370e+00,1.582503e+00,3.855651e+00,1.483742e+00,1.404905e+00,2.254240e+00,1.606756e+00,2.654350e+00,1.348984e+00,1.473559e+00,1.337044e+00,1.210278e+00,1.412426e+00,1.423287e+00,1.546456e+00,1.490219e+00,1.419664e+00,1.408149e+00,1.356600e+00,1.981793e+00,1.334224e+00,1.387611e+00,1.640295e+00,1.423323e+00,1.488513e+00,1.843221e+00,1.456792e+00,1.404009e+00,1.453566e+00,1.377205e+00,1.299199e+00,1.524191e+00,2.027678e+00,1.412393e+00,1.506421e+00,1.375893e+00,1.466713e+00,1.350153e+00,1.310952e+00,1.387305e+00,1.523484e+00,1.380583e+00,1.469638e+00,2.856232e+00,1.532803e+00,1.341627e+00,1.354586e+00,1.518306e+00,1.448354e+00,1.604016e+00,1.502734e+00,1.433430e+00,1.664806e+00,1.365586e+00,1.512344e+00,1.325349e+00,1.468568e+00,1.389150e+00,1.476701e+00,1.932928e+00,1.414011e+00,1.296664e+00,1.551566e+00,2.695083e+00,2.689490e+00,1.389474e+00,1.393957e+00,1.737954e+00,1.580341e+00,1.491523e+00,3.099541e+00,1.382437e+00,1.458496e+00,1.461979e+00,1.551054e+00,1.327394e+00,1.485642e+00,1.385583e+00,1.569804e+00,1.470262e+00,1.443828e+00,1.466746e+00,1.559531e+00,1.546832e+00,1.581580e+00,1.484177e+00,1.405281e+00,1.784576e+00,1.520999e+00,1.499632e+00,1.441936e+00,1.690752e+00,1.895214e+00,3.895545e+00,3.475251e+00,1.636194e+00,1.877679e+00,2.153988e+00,2.458404e+00,4.142292e+00,3.480964e+00,9.990118e+00,2.419972e+00,2.606686e+00,4.310271e+00,4.662916e+00,2.381840e+00,2.516803e+00,2.103803e+00,1.793558e+00,1.448864e+00,1.919429e+00,1.356290e+00,1.041202e+01,2.950794e+00,1.704896e+00,1.779332e+00,1.589781e+00,1.689889e+00,1.612367e+00,1.421503e+00,1.670982e+00,1.417047e+00,1.427618e+00,1.605818e+00,1.382209e+00,1.356312e+00,1.433943e+00,1.975453e+00,1.761908e+00,1.408748e+00,1.255426e+00,1.441214e+00,1.405652e+00,1.475072e+00,1.388484e+00,1.386797e+00,1.452670e+00,1.545095e+00,1.414650e+00,1.519117e+00
1.480607e+00,1.407941e+00,1.485401e+00,1.318545e+00,1.501231e+00,1.622130e+00,1.514027e+00,1.288676e+00,1.384185e+00,1.333973e+00,2.135183e+00,1.471700e+00,1.573377e+00,1.428149e+00,1.420998e+00,1.500149e+00,1.424129e+00,1.430668e+00,1.396744e+00,1.504441e+00,1.438880e+00,1.349667e+00,1.396818e+00,1.435827e+00,1.362517e+00,1.436859e+00,1.477110e+00,1.440861e+00,1.478829e+00,1.820249e+00,1.481356e+00,1.460950e+00,1.196041e+00,1.430248e+00,5.062507e+00,5.375249e+00,3.931370e+00,4.373891e+00,1.800584e+00,1.563189e+00,1.570220e+00,1.515633e+00,1.510486e+00,1.539535e+00,1.840289e+00,1.373528e+00,1.364544e+00,1.721614e+00,1.414923e+00,1.959429e+00,1.345222e+00,1.993461e+00,1.665882e+00,2.516189e+00,1.404161e+00,1.603172e+00,2.504901e+00,1.477727e+00,1.530705e+00,1.245826e+00,1.424591e+00,1.400880e+00,1.408422e+00,1.608292e+00,1.443155e+00,1.538852e+00,3.689688e+00,1.570106e+00,1.463173e+00,3.926916e+00,2.134423e+00,1.634054e+00,1.983433e+00,5.077227e+00,3.355585e+00,1.747589e+00,3.331977e+00,1.735600e+00,3.076965e+00,1.412382e+00,1.290512e+00,1.521790e+00,1.459640e+00,1.333770e+00,1.467990e+00,1.409204e+00,1.363924e+00,1.543481e+00,1.525210e+00,1.466501e+00,1.468477e+00,1.549661e+00,1.537972e+00,1.531003e+00,1.259992e+00,1.360858e+00,3.107178e+00,1.444306e+00,1.377306e+00,1.394984e+00,1.335428e+00,1.591377e+00,1.371059e+00,1.347546e+00,1.329401e+00,1.369761e+00,1.383373e+00,1.521841e+00,1.398454e+00,1.329390e+00,1.359725e+00,1.547202e+00,1.547042e+00,1.334695e+00,1.295355e+00,1.242803e+00,1.501514e+00,4.041803e+00,1.333201e+00,1.461615e+00,1.476972e+00,1.420540e+00,1.414783e+00,1.557162e+00,1.495825e+00,1.403983e+00,1.594830e+00,1.409093e+00,1.407581e+00,1.574063e+00,1.534297e+00,1.490831e+00,1.908229e+00,1.447243e+00,1.519090e+00,1.673098e+00,1.515144e+00,1.600249e+00,1.327021e+00,1.347849e+00,1.626930e+00,1.418279e+00,1.480336e+00,1.449639e+00,1.513398e+00,2.714290e+00,1.424083e+00,1.411328e+00,1.898205e+00,1.748029e+00,1.452332e+00,1.522037e+00,1.693829e+00,1.560273e+00,1.830429e+00,1.558534e+00,1.356386e+00,1.447121e+00,1.438934e+00,1.283213e+00,1.363025e+00,2.766919e+00,1.602829e+00,2.205107e+00,1.487967e+00,1.476177e+00,1.402485e+00,1.830130e+00,2.046503e+00,4.143286e+00,1.442022e+00,2.001030e+00,4.424213e+00,5.105085e+00,1.534797e+00,1.650621e+00,4.221135e+00,1.374809e+00,2.527288e+00,1.567665e+00,4.618890e+00,3.522379e+00,1.642407e+00,1.483872e+00,2.471507e+00,1.466405e+00,1.841729e+00,1.861791e+00,2.579283e+00,1.302463e+00,1.374917e+00,1.448833e+00,3.897730e+00,1.294042e+00,1.524112e+00,1.853266e+00,1.377645e+00,1.245339e+00,1.652458e+00,1.443987e+00,1.245932e+00,1.473940e+00,1.935410e+00,1.356817e+00,1.423120e+00,1.450107e+00,1.539761e+00,1.341443e+00,1.662657e+00,1.534837e+00,1.366330e+00,1.375671e+00,1.439577e+00,1.484443e+00,1.341510e+00
1.404371e+00,1.321870e+00,1.206653e+00,1.440467e+00,1.563362e+00,1.311527e+00,1.337348e+00,1.377987e+00,1.326386e+00,1.425805e+00,1.467460e+00,1.452713e+00,1.582104e+00,1.535195e+00,1.414764e+00,1.396187e+00,1.445017e+00,1.375408e+00,1.396024e+00,1.477795e+00,1.551043e+00,1.311731e+00,1.348075e+00,1.569518e+00,1.459365e+00,1.325319e+00,1.354003e+00,1.760308e+00,1.288316e+00,2.513942e+00,2.311344e+00,1.396216e+00,1.565563e+00,1.385644e+00,1.478858e+00,3.413757e+00,1.412430e+00,1.559453e+00,1.452560e+00,1.402437e+00,1.385952e+00,1.366844e+00,1.204245e+00,1.465103e+00,1.453610e+00,1.399726e+00,1.353644e+00,1.529614e+00,2.784637e+00,3.922040e+00,1.400912e+00,3.767378e+00,1.343397e+00,1.361400e+00,1.232942e+00,1.476039e+00,1.756383e+00,4.037477e+00,1.406304e+00,1.231167e+00,1.795405e+00,1.429297e+00,1.252841e+00,1.501989e+00,1.488255e+00,2.634878e+00,1.439575e+00,1.472621e+00,1.408249e+00,2.249597e+00,4.257649e+00,1.243099e+00,1.041866e+01,1.529072e+00,2.133432e+00,1.512442e+00,1.476496e+00,1.412182e+00,2.940173e+00,1.394491e+00,1.926694e+00,1.718151e+00,1.411301e+00,1.341660e+00,1.359754e+00,1.449774e+00,1.224853e+00,1.216685e+00,1.557867e+00,1.327913e+00,1.313336e+00,1.612023e+00,3.715128e+00,1.433270e+00,1.385619e+00,1.396420e+00,1.634015e+00,2.076972e+00,1.406079e+00,1.794775e+00,1.422003e+00,1.445275e+00,1.250025e+00,1.524373e+00,1.177954e+00,1.366958e+00,1.396278e+00,1.377075e+00,1.673897e+00,1.224678e+00,1.612314e+00,1.421117e+00,1.430119e+00,1.338935e+00,1.195921e+00,1.436153e+00,1.537140e+00,1.473722e+00,1.457653e+00,1.371138e+00,1.406560e+00,1.387637e+00,1.460906e+00,1.652646e+00,1.546518e+00,1.564765e+00,1.732199e+00,1.410376e+00,1.402924e+00,1.259525e+00,1.298202e+00,2.205729e+00,1.455543e+00,2.064037e+00,2.041510e+00,1.325916e+00,1.610713e+00,1.437041e+00,1.306915e+00,1.711025e+00,1.643346e+00,1.403764e+00,1.488070e+00,1.411656e+00,1.375760e+00,2.826688e+00,1.561310e+00,1.471114e+00,1.530261e+00,1.279277e+00,1.524123e+00,1.286444e+00,1.349563e+00,1.389890e+00,1.405398e+00,1.524362e+00,2.489184e+00,1.491921e+00,1.372970e+00,1.234642e+00,1.546342e+00,1.477177e+00,4.023438e+00,2.569704e+00,2.816941e+00,4.096302e+00,4.179064e+00,1.545556e+00,4.817895e+00,1.336626e+00,1.989515e+00,8.286581e+00,3.951906e+00,4.138283e+00,1.303475e+00,5.086153e+00,3.126989e+00,1.679040e+00,4.722150e+00,1.531033e+00,1.466635e+00,1.342810e+00,2.305753e+00,3.321850e+00,1.817139e+00,3.008560e+00,1.447990e+00,3.709106e+00,1.319228e+00,1.382147e+00,1.705024e+00,1.305260e+00,1.576172e+00,1.536052e+00,1.427403e+00,1.457655e+00,1.233498e+00,1.322877e+00,1.272666e+00,1.278220e+00,1.341212e+00,2.341929e+00,2.000844e+00,1.347741e+00,1.297376e+00,1.456089e+00,1.401120e+00,1.438074e+00,1.197788e+00,1.288557e+00,1.456466e+00,1.436370e+00,1.457129e+00,1.279054e+00,1.349132e+00
1.362723e+00,1.406273e+00,1.419864e+00,1.248382e+00,1.338188e+00,1.470030e+00,1.432975e+00,1.299929e+00,1.213751e+00,1.596497e+00,1.599828e+00,1.336363e+00,1.422111e+00,1.542182e+00,1.503093e+00,1.520019e+00,1.250303e+00,1.250269e+00,1.281965e+00,1.413705e+00,1.339298e+00,1.482384e+00,1.475316e+00,1.365240e+00,1.793456e+00,1.382950e+00,1.352028e+00,1.367374e+00,1.379875e+00,1.526132e+00,1.420881e+00,1.391071e+00,1.503479e+00,1.551124e+00,4.281860e+00,5.084530e+00,1.552349e+00,nan,1.643492e+00,1.436421e+00,2.078178e+00,1.525307e+00,3.504765e+00,1.572932e+00,1.462253e+00,1.381094e+00,1.324544e+00,1.937268e+00,2.624154e+00,2.727643e+00,1.784797e+00,1.394770e+00,1.765459e+00,1.344720e+00,1.504208e+00,2.160141e+00,2.251804e+00,1.350437e+00,1.400339e+00,1.362480e+00,1.312014e+00,1.353393e+00,1.460761e+00,1.879269e+00,1.446594e+00,1.899475e+00,1.315720e+00,1.471784e+00,3.888055e+00,4.959361e+00,1.435613e+00,1.801813e+00,1.348525e+00,1.749699e+00,1.496725e+00,2.342293e+00,1.778296e+00,3.125810e+00,4.402491e+00,1.955346e+00,2.028172e+00,1.447838e+00,1.259523e+00,1.327812e+00,1.597510e+00,1.519772e+00,1.346799e+00,1.470508e+00,1.272896e+00,1.364742e+00,1.346185e+00,1.460193e+00,1.273724e+00,1.488193e+00,1.391314e+00,1.393105e+00,1.421307e+00,1.355645e+00,1.375921e+00,1.371981e+00,1.458048e+00,1.528622e+00,1.335785e+00,1.540596e+00,1.434703e+00,1.418608e+00,1.445044e+00,1.304506e+00,1.482368e+00,1.392869e+00,1.407702e+00,1.195098e+00,1.438319e+00,1.546158e+00,1.294679e+00,1.435106e+00,1.403982e+00,1.365411e+00,1.461485e+00,1.466678e+00,1.692559e+00,1.418624e+00,1.402226e+00,1.398350e+00,1.413725e+00,1.294374e+00,1.395596e+00,1.353817e+00,1.371498e+00,1.506684e+00,1.527329e+00,1.390468e+00,1.288132e+00,1.717905e+00,1.391326e+00,1.402474e+00,1.392744e+00,1.927522e+00,1.479438e+00,1.646015e+00,1.332943e+00,1.863294e+00,1.309339e+00,1.440141e+00,1.437656e+00,1.471458e+00,1.577774e+00,1.407154e+00,1.300642e+00,1.602992e+00,1.497594e+00,1.291757e+00,1.229719e+00,1.532409e+00,1.387215e+00,1.296394e+00,1.412238e+00,1.620125e+00,1.352497e+00,1.408069e+00,1.461250e+00,2.334910e+00,3.495048e+00,2.153920e+00,1.709885e+00,1.284536e+00,2.753765e+00,8.135980e+00,2.757350e+00,4.268357e+00,1.729633e+00,3.622842e+00,2.087663e+00,4.689088e+00,4.095700e+00,1.516483e+00,1.813496e+00,2.759959e+00,3.515571e+00,4.814922e+00,2.540631e+00,2.848523e+00,2.731862e+00,1.813783e+00,1.640292e+00,2.986977e+00,1.594187e+00,1.567558e+00,1.372603e+00,2.264253e+00,3.703297e+00,2.077075e+00,4.870945e+00,1.282584e+00,1.512558e+00,1.366128e+00,1.183077e+00,1.398859e+00,1.296467e+00,1.332974e+00,1.433442e+00,1.345784e+00,1.403258e+00,1.524985e+00,1.321303e+00,1.309614e+00,1.308296e+00,1.347823e+00,1.559769e+00,1.360592e+00,1.404188e+00,1.348919e+00,1.379427e+00,1.347831e+00,1.219215e+00
1.426747e+00,1.501387e+00,1.565295e+00,1.393611e+00,1.376478e+00,1.506135e+00,1.534993e+00,1.512653e+00,1.427706e+00,1.501908e+00,1.487951e+00,1.438652e+00,1.328260e+00,1.457582e+00,1.515882e+00,1.314214e+00,1.440668e+00,1.548504e+00,1.419496e+00,1.440541e+00,1.374812e+00,1.607518e+00,1.448085e+00,1.189417e+00,1.563896e+00,1.440463e+00,1.379479e+00,1.276581e+00,1.650481e+00,2.214740e+00,2.118531e+00,1.363382e+00,1.298314e+00,1.655320e+00,5.285721e+00,1.041866e+01,1.798172e+00,1.967573e+00,1.383113e+00,1.524928e+00,2.427228e+00,1.336969e+00,1.773408e+00,1.339769e+00,1.450317e+00,1.590993e+00,2.411276e+00,2.013405e+00,1.346805e+00,1.438328e+00,1.957164e+00,1.902604e+00,1.329448e+00,2.006354e+00,1.918461e+00,2.158918e+00,1.780310e+00,1.331433e+00,1.411307e+00,1.211837e+00,1.528651e+00,1.560804e+00,1.394300e+00,1.357673e+00,2.281325e+00,1.316660e+00,1.223998e+00,1.416534e+00,2.186717e+00,1.852465e+00,1.407654e+00,1.589337e+00,1.422734e+00,1.975707e+00,2.191861e+00,1.672533e+00,1.476872e+00,2.043801e+00,5.038330e+00,2.211250e+00,1.641474e+00,1.421430e+00,1.304974e+00,1.378136e+00,1.444185e+00,1.325932e+00,1.311240e+00,1.376767e+00,1.290808e+00,2.124657e+00,1.505366e+00,1.383976e+00,1.373832e+00,1.482644e+00,1.514548e+00,1.895343e+00,1.449822e+00,2.131187e+00,1.537656e+00,1.291004e+00,1.246365e+00,1.519090e+00,1.378473e+00,1.400888e+00,1.428948e+00,1.320461e+00,1.609815e+00,1.336029e+00,1.435395e+00,1.549621e+00,1.351845e+00,1.287532e+00,1.297652e+00,1.318094e+00,1.169005e+00,1.427732e+00,1.557963e+00,1.279885e+00,1.474474e+00,1.457568e+00,1.236941e+00,1.292128e+00,1.451265e+00,1.357630e+00,1.354134e+00,1.488528e+00,1.509802e+00,1.661828e+00,1.386353e+00,1.391695e+00,1.602543e+00,1.917462e+00,1.433470e+00,1.401128e+00,1.353513e+00,1.485905e+00,1.800829e+00,1.401053e+00,1.543039e+00,1.379367e+00,1.983409e+00,1.494244e+00,1.311000e+00,1.549743e+00,1.956071e+00,1.378706e+00,1.343808e+00,1.376311e+00,1.449150e+00,1.301064e+00,1.569708e+00,1.431082e+00,1.415873e+00,1.371366e+00,1.398850e+00,1.594540e+00,1.867667e+00,1.380322e+00,1.548264e+00,1.498794e+00,1.413345e+00,2.795474e+00,1.447085e+00,1.558037e+00,8.031824e+00,1.946098e+00,1.532621e+00,1.656410e+00,2.053759e+00,3.618771e+00,3.322351e+00,2.044076e+00,1.390249e+00,4.390714e+00,2.660348e+00,2.490358e+00,2.853225e+00,nan,1.655649e+00,1.478158e+00,1.568236e+00,5.211364e+00,2.257198e+00,1.349723e+00,4.740168e+00,3.581827e+00,1.861693e+00,1.254920e+00,1.930921e+00,1.516083e+00,1.493756e+00,2.620707e+00,2.762223e+00,1.257105e+00,1.322622e+00,1.456307e+00,1.453980e+00,1.261596e+00,1.264609e+00,1.283537e+00,1.409018e+00,1.442653e+00,2.628243e+00,1.599057e+00,1.204744e+00,1.510730e+00,1.261462e+00,1.220779e+00,1.205642e+00,1.442412e+00,1.306354e+00,1.363293e+00,1.446954e+00,1.178048e+00,1.318346e+00
1.284670e+00,1.140959e+00,1.303895e+00,1.257022e+00,1.186184e+00,1.419323e+00,1.502330e+00,1.347307e+00,1.165720e+00,1.235913e+00,1.276770e+00,1.162616e+00,1.359297e+00,1.156322e+00,1.425822e+00,1.378214e+00,1.276206e+00,1.226119e+00,1.336421e+00,1.259340e+00,1.320066e+00,1.182365e+00,1.354134e+00,1.194891e+00,1.405284e+00,1.361942e+00,1.349013e+00,1.295988e+00,1.303703e+00,1.158752e+00,1.353330e+00,1.227703e+00,1.245418e+00,1.609990e+00,4.009556e+00,2.261157e+00,2.293034e+00,1.479412e+00,1.363088e+00,1.341241e+00,1.493083e+00,2.590516e+00,1.407185e+00,1.277217e+00,1.349074e+00,1.445613e+00,1.214558e+00,1.521294e+00,1.831252e+00,1.431966e+00,1.415639e+00,1.299873e+00,1.209260e+00,1.622318e+00,2.806095e+00,2.220414e+00,1.388139e+00,1.312844e+00,1.387146e+00,1.472391e+00,1.499799e+00,1.746762e+00,1.950463e+00,1.305354e+00,1.447108e+00,1.430559e+00,1.579884e+00,1.996361e+00,1.471516e+00,1.433432e+00,1.157756e+00,1.328247e+00,1.167826e+00,3.059622e+00,3.453338e+00,3.281560e+00,3.904326e+00,1.736116e+00,3.966047e+00,1.356126e+00,1.702582e+00,1.370877e+00,1.284199e+00,1.339578e+00,1.446567e+00,1.486597e+00,1.404388e+00,1.656788e+00,1.160396e+00,1.385129e+00,2.233662e+00,1.471345e+00,1.458984e+00,1.207471e+00,1.285782e+00,1.567808e+00,1.197309e+00,1.729974e+00,1.505883e+00,1.389998e+00,1.380762e+00,1.353908e+00,1.427217e+00,1.408086e+00,1.405963e+00,1.204790e+00,1.362349e+00,1.299768e+00,1.220914e+00,1.254528e+00,1.456236e+00,1.323673e+00,1.250512e+00,1.348340e+00,1.371442e+00,1.411412e+00,1.246573e+00,1.284194e+00,1.263991e+00,1.456396e+00,1.677655e+00,1.451593e+00,1.288153e+00,1.310844e+00,2.371313e+00,1.740902e+00,1.436144e+00,1.928586e+00,1.423345e+00,1.247475e+00,1.288653e+00,1.616634e+00,1.520379e+00,1.528985e+00,1.295574e+00,1.286621e+00,1.429207e+00,1.667883e+00,1.630816e+00,1.444981e+00,1.300124e+00,1.367997e+00,2.615995e+00,1.413550e+00,1.302516e+00,1.464565e+00,1.645442e+00,1.546888e+00,1.493953e+00,1.415255e+00,1.656142e+00,1.178718e+00,1.250045e+00,1.445950e+00,1.275168e+00,1.297989e+00,1.211641e+00,1.429332e+00,1.307433e+00,1.347108e+00,1.556404e+00,1.809267e+00,2.354934e+00,1.449095e+00,1.379293e+00,1.313749e+00,1.247837e+00,3.363616e+00,1.343869e+00,1.224285e+00,1.682509e+00,2.143565e+00,4.713538e+00,3.454144e+00,4.114259e+00,8.407954e+00,3.543205e+00,5.478554e+00,1.343484e+00,1.411048e+00,1.317528e+00,1.834215e+00,1.537697e+00,1.987973e+00,1.533643e+00,1.475412e+00,1.405173e+00,1.352167e+00,1.910471e+00,2.021098e+00,2.571810e+00,1.900218e+00,1.395908e+00,1.319775e+00,1.259541e+00,1.238125e+00,1.328411e+00,1.370034e+00,1.180647e+00,1.267463e+00,1.482235e+00,4.440300e+00,1.343568e+00,1.548667e+00,1.449116e+00,1.375517e+00,1.353204e+00,1.587346e+00,1.276455e+00,1.415423e+00,1.392035e+00,1.430071e+00,1.249814e+00,1.396893e+00,1.220286e+00
1.330572e+00,1.405586e+00,1.456763e+00,1.388347e+00,1.305640e+00,1.270212e+00,1.342222e+00,1.693241e+00,1.230954e+00,1.301887e+00,1.367630e+00,1.286355e+00,1.237567e+00,1.372123e+00,1.284621e+00,1.347486e+00,1.259159e+00,1.358433e+00,1.188558e+00,1.379229e+00,1.275936e+00,1.450801e+00,1.465541e+00,1.313050e+00,1.413422e+00,1.259463e+00,1.333436e+00,1.424364e+00,1.289015e+00,1.263043e+00,1.308157e+00,1.305879e+00,1.321323e+00,1.980700e+00,5.166667e+00,4.532669e+00,1.451650e+00,1.250066e+00,1.460975e+00,1.336169e+00,1.376911e+00,1.168875e+00,1.396407e+00,1.251628e+00,1.380497e+00,1.483476e+00,1.275362e+00,2.292382e+00,1.453325e+00,1.347239e+00,1.235320e+00,1.526928e+00,1.442816e+00,1.325146e+00,3.223893e+00,1.803371e+00,1.537005e+00,1.435862e+00,1.274908e+00,1.346279e+00,1.201058e+00,1.818510e+00,1.594058e+00,1.040205e+01,1.297111e+00,1.346503e+00,1.761042e+00,2.923688e+00,1.505116e+00,1.703285e+00,1.341043e+00,1.320527e+00,1.388586e+00,1.939738e+00,1.361102e+00,4.168002e+00,1.553364e+00,4.296455e+00,4.613826e+00,1.750368e+00,1.251943e+00,1.437386e+00,1.343905e+00,1.296080e+00,1.393658e+00,1.295025e+00,1.522831e+00,1.373748e+00,1.233737e+00,1.343828e+00,1.520950e+00,1.749281e+00,1.375755e+00,1.804112e+00,1.374508e+00,1.284422e+00,1.418313e+00,1.193909e+00,1.330797e+00,1.467325e+00,1.274447e+00,1.462866e+00,1.591977e+00,1.319611e+00,1.293604e+00,1.456993e+00,1.386223e+00,1.306975e+00,1.431442e+00,1.358200e+00,1.388630e+00,1.382876e+00,1.200900e+00,1.604780e+00,1.353864e+00,1.374351e+00,1.402523e+00,2.218193e+00,1.425895e+00,1.514011e+00,1.755858e+00,4.231350e+00,1.316869e+00,1.302642e+00,1.595396e+00,1.471776e+00,1.505483e+00,1.422605e+00,1.469740e+00,1.614320e+00,1.256482e+00,1.335734e+00,2.313399e+00,1.422443e+00,2.622426e+00,1.344691e+00,1.254363e+00,1.576880e+00,1.566880e+00,1.574544e+00,1.289853e+00,2.117812e+00,2.000364e+00,1.522381e+00,1.430503e+00,1.297207e+00,1.317925e+00,2.196671e+00,1.795386e+00,1.358467e+00,1.444712e+00,1.350945e+00,1.327125e+00,4.518286e+00,1.481351e+00,1.486901e+00,1.623596e+00,4.585766e+00,1.412262e+00,1.534850e+00,1.359987e+00,4.330033e+00,1.576793e+00,3.652687e+00,4.571932e+00,1.357374e+00,1.714829e+00,1.473168e+00,1.691936e+00,3.604176e+00,1.566501e+00,6.659039e+00,1.946870e+00,3.730433e+00,2.998274e+00,1.494316e+00,1.527110e+00,3.704960e+00,1.445351e+00,1.601104e+00,1.435799e+00,2.941328e+00,2.701263e+00,2.751202e+00,1.359209e+00,3.562609e+00,4.773841e+00,3.252915e+00,1.385479e+00,1.829803e+00,1.377551e+00,1.596549e+00,1.677545e+00,1.565565e+00,1.309291e+00,1.167491e+00,1.227187e+00,1.282214e+00,1.123287e+00,1.270296e+00,1.448198e+00,1.586356e+00,1.288755e+00,1.401173e+00,1.248187e+00,1.424954e+00,1.222124e+00,1.371494e+00,1.447374e+00,1.383942e+00,1.298901e+00,1.510073e+00,1.233199e+00,1.340042e+00,1.302499e+00
1.320111e+00,1.281413e+00,1.286843e+00,1.337485e+00,1.318845e+00,1.521183e+00,1.345560e+00,1.236313e+00,1.227825e+00,1.154259e+00,1.413166e+00,1.228144e+00,1.184552e+00,1.302965e+00,1.336552e+00,1.313940e+00,1.260401e+00,1.291286e+00,1.338945e+00,1.270801e+00,1.338989e+00,1.281112e+00,1.294040e+00,1.267322e+00,1.334821e+00,1.257670e+00,1.282757e+00,1.146926e+00,1.163250e+00,1.372463e+00,2.216285e+00,1.322182e+00,1.320220e+00,1.280821e+00,1.862453e+00,1.386255e+00,1.274974e+00,1.768457e+00,1.320896e+00,1.179317e+00,2.239218e+00,1.213342e+00,1.434010e+00,1.358240e+00,1.157648e+00,2.434048e+00,1.327050e+00,1.504591e+00,1.658123e+00,3.190582e+00,2.942422e+00,1.293343e+00,1.137842e+00,2.153199e+00,1.256099e+00,1.340213e+00,1.280981e+00,1.647980e+00,1.376038e+00,1.338323e+00,1.789565e+00,1.351308e+00,1.337119e+00,1.406509e+00,1.303324e+00,1.242114e+00,1.397907e+00,1.453572e+00,1.486870e+00,1.353110e+00,1.580294e+00,1.921801e+00,3.694360e+00,1.431454e+00,1.482318e+00,2.054890e+00,4.102776e+00,1.255823e+00,2.874339e+00,1.270850e+00,1.404701e+00,1.437229e+00,1.196693e+00,1.454383e+00,1.317214e+00,1.392270e+00,1.273081e+00,1.390125e+00,1.335213e+00,1.217871e+00,1.349727e+00,1.516984e+00,1.278553e+00,1.409963e+00,1.276618e+00,1.243575e+00,1.403460e+00,1.581678e+00,1.473981e+00,1.593615e+00,1.213273e+00,1.264912e+00,1.717917e+00,1.612682e+00,1.380714e+00,1.389728e+00,1.419821e+00,1.362600e+00,1.229272e+00,1.379990e+00,1.315657e+00,2.010767e+00,1.980015e+00,1.316022e+00,1.314474e+00,1.571099e+00,2.316828e+00,1.623207e+00,1.466661e+00,1.429460e+00,1.932973e+00,1.389506e+00,1.165353e+00,1.335902e+00,1.518699e+00,1.292723e+00,1.652832e+00,1.255317e+00,1.955241e+00,1.412265e+00,1.375687e+00,1.575533e+00,1.469953e+00,1.334992e+00,1.305591e+00,1.585641e+00,1.359908e+00,1.227920e+00,2.547779e+00,1.423897e+00,1.424530e+00,1.362615e+00,1.417528e+00,1.427642e+00,1.235000e+00,1.302624e+00,1.323853e+00,1.232917e+00,1.326868e+00,1.507398e+00,1.343654e+00,3.092403e+00,1.342034e+00,1.418515e+00,1.324440e+00,2.044873e+00,2.684750e+00,1.478086e+00,1.316743e+00,1.359669e+00,2.687225e+00,4.836044e+00,3.464266e+00,1.169237e+00,2.542122e+00,nan,1.343115e+00,3.617610e+00,1.404964e+00,2.025244e+00,2.617596e+00,1.260752e+00,2.843718e+00,1.258809e+00,1.626725e+00,1.561537e+00,2.065983e+00,1.277867e+00,1.333609e+00,1.379250e+00,1.342795e+00,2.149979e+00,1.373006e+00,2.644223e+00,1.313111e+00,1.785417e+00,1.433267e+00,1.431912e+00,1.321504e+00,nan,1.431211e+00,2.408294e+00,1.715620e+00,1.507158e+00,1.465581e+00,1.395784e+00,1.313561e+00,1.369348e+00,1.302335e+00,1.266487e+00,1.472144e+00,1.456608e+00,1.542793e+00,1.427520e+00,1.295270e+00,1.390650e+00,1.418244e+00,1.512735e+00,1.410066e+00,1.405046e+00,1.337519e+00,1.274843e+00,1.235618e+00,1.408170e+00,1.263552e+00
1.249929e+00,1.228973e+00,1.364962e+00,1.363109e+00,1.206722e+00,1.328573e+00,1.264739e+00,1.284796e+00,1.413066e+00,1.352963e+00,1.117375e+00,1.415198e+00,1.314034e+00,1.287506e+00,1.448977e+00,1.201697e+00,1.470270e+00,1.354110e+00,1.306773e+00,1.483325e+00,1.531180e+00,1.340325e+00,1.284294e+00,1.188403e+00,1.204642e+00,1.208019e+00,1.444624e+00,1.315175e+00,1.345304e+00,1.210964e+00,1.880205e+00,1.258158e+00,1.474896e+00,1.360331e+00,5.060659e+00,3.035026e+00,1.362554e+00,1.743277e+00,1.242747e+00,1.551961e+00,1.276616e+00,1.248513e+00,1.346635e+00,1.292882e+00,1.312018e+00,1.183661e+00,1.327204e+00,1.250664e+00,1.495106e+00,1.462232e+00,1.145960e+00,1.249974e+00,2.230399e+00,1.390536e+00,1.123761e+00,1.732950e+00,1.297585e+00,1.932048e+00,1.166791e+00,1.441149e+00,1.445267e+00,1.412962e+00,1.699431e+00,1.244108e+00,1.263117e+00,1.340770e+00,4.319449e+00,1.840924e+00,1.509046e+00,1.361561e+00,1.987989e+00,3.639588e+00,4.739171e+00,1.287438e+00,2.091748e+00,2.388659e+00,1.662767e+00,1.439892e+00,1.487221e+00,1.258333e+00,1.434479e+00,1.374749e+00,1.376948e+00,1.305808e+00,1.330866e+00,1.369853e+00,1.434357e+00,1.327285e+00,1.424256e+00,1.246518e+00,1.331846e+00,1.366907e+00,1.235486e+00,1.329283e+00,1.309969e+00,1.256812e+00,1.623732e+00,1.268112e+00,1.425734e+00,1.245578e+00,1.217513e+00,1.253509e+00,1.305593e+00,1.281883e+00,1.400830e+00,1.404587e+00,1.194155e+00,2.164120e+00,1.329115e+00,1.190711e+00,1.344184e+00,1.349976e+00,1.310309e+00,1.606633e+00,1.304257e+00,1.402147e+00,2.285125e+00,1.289806e+00,2.759163e+00,1.376035e+00,4.459651e+00,1.771586e+00,1.196824e+00,1.245507e+00,1.723464e+00,1.513848e+00,2.788025e+00,1.966434e+00,1.358008e+00,1.477367e+00,1.225793e+00,2.639779e+00,1.294152e+00,1.511738e+00,1.041866e+01,1.229909e+00,1.253619e+00,3.832843e+00,1.290714e+00,2.306132e+00,2.196307e+00,1.357806e+00,1.427870e+00,1.582358e+00,1.477633e+00,1.067994e+00,1.377733e+00,1.189147e+00,1.370580e+00,1.315647e+00,1.461446e+00,1.441219e+00,1.365261e+00,1.177775e+00,1.412409e+00,1.283651e+00,1.183752e+00,1.340123e+00,1.238362e+00,1.271496e+00,1.146145e+00,1.696734e+00,4.345817e+00,4.019263e+00,1.570456e+00,3.111710e+00,2.679954e+00,3.340761e+00,1.346237e+00,1.842475e+00,1.344321e+00,3.748318e+00,1.276355e+00,1.426054e+00,1.437494e+00,4.347407e+00,1.465570e+00,1.393524e+00,1.241050e+00,1.204777e+00,1.409918e+00,1.889491e+00,1.230481e+00,2.272836e+00,1.636098e+00,3.571692e+00,1.548456e+00,1.081278e+00,1.415416e+00,2.629414e+00,2.047839e+00,1.364188e+00,2.494559e+00,1.350233e+00,1.684495e+00,1.229139e+00,1.471329e+00,1.294407e+00,1.217516e+00,1.381603e+00,1.247203e+00,2.783014e+00,1.359093e+00,1.299080e+00,1.256132e+00,1.224559e+00,1.210962e+00,1.126945e+00,1.171162e+00,1.168313e+00,1.420095e+00,1.351581e+00,1.120050e+00,1.303388e+00,1.285849e+00
1.613819e+00,1.225705e+00,1.183843e+00,1.321778e+00,1.243451e+00,1.159861e+00,1.163888e+00,1.189470e+00,1.263112e+00,1.279765e+00,1.392761e+00,1.235820e+00,1.168363e+00,1.291310e+00,1.254294e+00,1.260955e+00,1.191792e+00,1.111388e+00,1.193749e+00,1.317857e+00,1.149500e+00,1.143524e+00,1.188037e+00,1.186062e+00,1.307266e+00,1.187322e+00,1.234800e+00,1.260824e+00,1.109417e+00,1.348705e+00,1.451184e+00,1.244427e+00,1.285737e+00,1.409178e+00,1.511865e+00,3.226376e+00,1.350254e+00,1.340951e+00,1.479856e+00,1.217702e+00,1.237784e+00,1.237717e+00,1.346948e+00,1.612983e+00,1.247242e+00,4.313847e+00,1.199319e+00,1.939856e+00,1.066598e+00,1.430559e+00,1.320379e+00,1.948823e+00,4.886977e+00,1.500568e+00,1.344882e+00,1.463408e+00,1.671273e+00,1.155493e+00,1.273690e+00,1.300165e+00,1.441709e+00,5.266740e+00,1.077345e+00,1.218071e+00,1.273492e+00,1.172043e+00,1.343518e+00,1.287357e+00,1.220429e+00,1.852458e+00,8.662565e+00,6.266058e+00,1.250049e+00,1.207333e+00,1.690616e+00,2.367735e+00,2.858618e+00,1.250508e+00,1.242543e+00,1.199816e+00,1.180787e+00,1.087263e+00,1.149605e+00,1.296550e+00,1.295549e+00,1.423393e+00,1.434472e+00,1.157699e+00,1.248355e+00,1.165792e+00,1.214914e+00,1.151897e+00,1.189621e+00,1.215163e+00,1.316507e+00,1.231714e+00,1.297858e+00,1.294937e+00,1.399104e+00,1.197979e+00,1.219394e+00,1.094384e+00,1.320510e+00,1.192272e+00,1.284402e+00,1.172674e+00,1.201603e+00,1.185507e+00,1.310188e+00,1.210860e+00,1.120859e+00,1.213809e+00,1.145429e+00,1.249905e+00,1.241799e+00,1.138592e+00,1.114570e+00,1.313157e+00,4.772347e+00,1.381716e+00,1.675653e+00,1.310208e+00,1.907325e+00,1.488171e+00,1.385577e+00,1.219490e+00,1.249901e+00,1.419457e+00,1.540988e+00,1.125641e+00,1.259996e+00,1.601955e+00,1.188695e+00,1.217172e+00,1.344801e+00,1.328633e+00,1.461688e+00,2.127990e+00,5.185344e+00,1.367980e+00,2.169551e+00,1.502820e+00,1.240104e+00,1.100245e+00,1.541070e+00,1.132420e+00,1.310385e+00,1.144750e+00,1.177311e+00,1.826332e+00,1.087108e+00,1.227896e+00,1.248058e+00,1.194658e+00,1.615007e+00,1.203806e+00,1.359331e+00,1.262600e+00,1.194865e+00,1.264848e+00,2.079662e+00,1.397380e+00,1.527359e+00,1.292207e+00,3.468532e+00,1.407669e+00,1.528011e+00,4.976476e+00,1.308488e+00,5.739791e+00,1.377469e+00,2.834658e+00,1.407049e+00,4.617659e+00,4.689916e+00,1.559705e+00,1.510674e+00,1.324372e+00,1.154341e+00,1.367359e+00,1.253373e+00,1.546532e+00,2.346267e+00,1.451780e+00,4.215920e+00,1.450738e+00,2.023380e+00,1.691267e+00,1.403335e+00,1.580848e+00,1.167856e+00,1.653928e+00,1.351878e+00,3.310917e+00,1.265502e+00,1.139515e+00,1.179203e+00,1.231543e+00,1.453020e+00,1.170565e+00,1.345458e+00,2.362808e+00,3.775481e+00,1.248324e+00,1.196961e+00,1.144944e+00,1.162360e+00,1.276787e+00,1.242778e+00,1.460519e+00,1.403237e+00,1.253112e+00,1.211849e+00,1.298325e+00,1.227202e+00
1.155910e+00,1.301904e+00,1.203266e+00,1.297024e+00,1.184770e+00,1.262384e+00,1.240163e+00,1.361697e+00,1.333155e+00,1.442985e+00,1.265042e+00,1.381885e+00,1.252597e+00,1.257209e+00,1.440265e+00,1.511708e+00,1.241118e+00,1.309121e+00,1.316549e+00,1.445759e+00,1.375065e+00,1.058434e+00,1.340227e+00,1.194135e+00,1.335756e+00,1.178557e+00,1.276198e+00,1.442665e+00,1.139983e+00,1.651818e+00,1.334846e+00,1.231077e+00,1.114804e+00,1.285145e+00,9.496495e+00,1.411606e+00,1.068867e+00,1.177716e+00,1.187975e+00,1.229773e+00,1.317079e+00,1.073975e+00,1.297260e+00,1.317870e+00,1.227362e+00,1.165664e+00,1.793744e+00,1.184106e+00,2.315957e+00,1.280696e+00,1.248440e+00,1.413902e+00,1.310930e+00,2.940887e+00,1.545113e+00,1.387987e+00,1.648008e+00,1.626586e+00,1.159490e+00,1.195667e+00,1.752688e+00,1.411121e+00,1.300557e+00,1.253686e+00,1.353423e+00,3.907183e+00,1.969355e+00,2.235126e+00,1.774077e+00,1.371099e+00,1.862756e+00,4.481630e+00,1.315409e+00,1.818369e+00,3.741380e+00,1.278804e+00,1.281005e+00,3.070138e+00,1.375957e+00,1.234367e+00,1.310104e+00,1.265301e+00,1.244190e+00,1.225659e+00,1.326578e+00,1.113798e+00,1.272092e+00,1.127498e+00,1.434709e+00,1.376119e+00,1.256110e+00,1.291824e+00,1.096554e+00,1.110788e+00,1.349663e+00,1.384796e+00,1.420840e+00,1.122327e+00,1.264783e+00,1.226366e+00,1.261019e+00,1.113542e+00,1.267610e+00,1.244106e+00,1.170785e+00,1.193998e+00,1.244746e+00,1.356611e+00,1.348861e+00,1.402139e+00,1.150522e+00,1.217834e+00,1.314893e+00,1.311227e+00,1.284515e+00,2.307318e+00,1.396260e+00,1.812288e+00,4.722896e+00,1.336192e+00,4.726613e+00,1.432942e+00,2.802722e+00,1.322953e+00,1.349077e+00,1.368570e+00,1.301226e+00,1.420957e+00,1.295700e+00,1.360480e+00,1.608712e+00,1.317430e+00,2.231532e+00,1.479835e+00,1.264270e+00,1.408102e+00,4.425032e+00,1.937261e+00,1.423603e+00,2.443693e+00,1.288950e+00,1.281594e+00,3.388279e+00,1.161787e+00,1.322633e+00,1.494168e+00,1.705330e+00,1.467679e+00,1.204071e+00,1.327535e+00,1.205527e+00,1.232589e+00,1.231485e+00,1.190265e+00,1.253582e+00,1.313110e+00,1.290352e+00,1.327753e+00,1.192660e+00,1.417346e+00,3.930827e+00,1.415286e+00,3.073905e+00,1.190445e+00,1.503248e+00,5.604578e+00,nan,6.769461e+00,6.443024e+00,2.715142e+00,4.158067e+00,1.489608e+00,3.453216e+00,3.356609e+00,1.454196e+00,1.439380e+00,1.951863e+00,1.122246e+00,1.166016e+00,1.258361e+00,1.214548e+00,2.726749e+00,2.780954e+00,1.325050e+00,1.275977e+00,2.539121e+00,1.438847e+00,1.588511e+00,1.400975e+00,1.248590e+00,1.835195e+00,1.735951e+00,1.400244e+00,1.515040e+00,2.852043e+00,1.251886e+00,1.225502e+00,1.269408e+00,1.318315e+00,1.321240e+00,1.387031e+00,1.563990e+00,1.401211e+00,1.383851e+00,1.201968e+00,1.275786e+00,1.343183e+00,1.093052e+00,1.325933e+00,1.193284e+00,1.170314e+00,1.269508e+00,1.375094e+00,1.361660e+00,1.271052e+00
1.191175e+00,1.215873e+00,1.262740e+00,1.208611e+00,1.246761e+00,1.294668e+00,1.262874e+00,1.263036e+00,1.427744e+00,1.305995e+00,1.251030e+00,1.222193e+00,1.319932e+00,1.272689e+00,1.176268e+00,1.319850e+00,1.302645e+00,1.325356e+00,1.242756e+00,1.178390e+00,1.237993e+00,1.584559e+00,1.314507e+00,1.264656e+00,1.213800e+00,1.170864e+00,1.259140e+00,1.297439e+00,1.228609e+00,1.459454e+00,1.433905e+00,1.386180e+00,1.240856e+00,1.289677e+00,1.989567e+00,1.437830e+00,1.360731e+00,1.215741e+00,1.366992e+00,1.363361e+00,1.364903e+00,4.344799e+00,1.756313e+00,1.257745e+00,1.466524e+00,2.862807e+00,1.405330e+00,4.236599e+00,1.660718e+00,1.423260e+00,1.874494e+00,1.399247e+00,1.531349e+00,2.457734e+00,1.503651e+00,1.346241e+00,1.418067e+00,1.239879e+00,1.446228e+00,2.180724e+00,1.153708e+00,1.327106e+00,1.187973e+00,1.273101e+00,2.211871e+00,1.522998e+00,1.636584e+00,1.445406e+00,4.803092e+00,1.349485e+00,1.786507e+00,1.590865e+00,1.256659e+00,1.287143e+00,1.173305e+00,2.181998e+00,4.689466e+00,1.251913e+00,1.414675e+00,1.354736e+00,1.209253e+00,1.384252e+00,1.241480e+00,1.335723e+00,1.426914e+00,1.492847e+00,1.269238e+00,1.391497e+00,1.222155e+00,1.376796e+00,1.230417e+00,1.288517e+00,1.262862e+00,1.309953e+00,1.271027e+00,1.373305e+00,1.191096e+00,1.235352e+00,1.441441e+00,1.250055e+00,1.336757e+00,1.353983e+00,1.388381e+00,1.313156e+00,1.252454e+00,1.313166e+00,1.202443e+00,1.270254e+00,1.380278e+00,1.750052e+00,1.305374e+00,1.463361e+00,1.424988e+00,1.261687e+00,1.678063e+00,1.336018e+00,3.198956e+00,8.749842e+00,5.242177e+00,1.458762e+00,3.647776e+00,1.296001e+00,1.848132e+00,4.779241e+00,4.307195e+00,1.544002e+00,1.180340e+00,1.504478e+00,1.482953e+00,1.723514e+00,1.917190e+00,1.088678e+00,4.634065e+00,1.849463e+00,1.481240e+00,1.472383e+00,1.260500e+00,1.205170e+00,1.238878e+00,1.152314e+00,1.277475e+00,2.110842e+00,1.172098e+00,2.101018e+00,1.262315e+00,1.271160e+00,1.251314e+00,1.661792e+00,1.325984e+00,1.303570e+00,1.204941e+00,1.344163e+00,1.360454e+00,1.158221e+00,1.202071e+00,1.307856e+00,1.347383e+00,1.490781e+00,1.283261e+00,1.284443e+00,1.358557e+00,1.793916e+00,1.658547e+00,1.683195e+00,1.080125e+00,1.479713e+00,1.885044e+00,1.369799e+00,1.808031e+00,1.791262e+00,1.575284e+00,1.365892e+00,2.314113e+00,1.040957e+01,3.284860e+00,1.292321e+00,1.232938e+00,1.318038e+00,1.178639e+00,1.218709e+00,4.816958e+00,1.148661e+00,1.213137e+00,1.318648e+00,1.838518e+00,1.252979e+00,3.296578e+00,1.273644e+00,1.954216e+00,3.637419e+00,1.406214e+00,1.400463e+00,1.436935e+00,1.185042e+00,1.210611e+00,1.235807e+00,1.367098e+00,1.158577e+00,1.134266e+00,1.238268e+00,1.243433e+00,1.268150e+00,4.073983e+00,1.332027e+00,1.380630e+00,1.206927e+00,1.186351e+00,1.256071e+00,1.277838e+00,1.282597e+00,1.119442e+00,1.231437e+00,1.186500e+00,1.286792e+00,1.327857e+00
1.255346e+00,1.104863e+00,1.303966e+00,1.199661e+00,1.245657e+00,1.373709e+00,1.240584e+00,1.260968e+00,1.304028e+00,1.299392e+00,1.285666e+00,1.391278e+00,1.160823e+00,1.289558e+00,1.233936e+00,1.249372e+00,1.120464e+00,1.177775e+00,1.580443e+00,1.396177e+00,1.137969e+00,1.298490e+00,1.337603e+00,1.210119e+00,1.261762e+00,1.144325e+00,1.172245e+00,1.318491e+00,1.326537e+00,1.121952e+00,1.775400e+00,1.323628e+00,1.284576e+00,1.238702e+00,1.033187e+01,2.088834e+00,1.227751e+00,2.322120e+00,1.165202e+00,1.163679e+00,1.229149e+00,1.472522e+00,1.340319e+00,1.390577e+00,1.568578e+00,1.242080e+00,1.430185e+00,3.404947e+00,2.358483e+00,1.602862e+00,1.239410e+00,1.526698e+00,1.282924e+00,1.284373e+00,2.652127e+00,4.125109e+00,1.471262e+00,1.321051e+00,1.318179e+00,1.153858e+00,1.272170e+00,1.259441e+00,1.241682e+00,1.886994e+00,2.008327e+00,2.338152e+00,2.853349e+00,4.984202e+00,2.515189e+00,1.561663e+00,1.311287e+00,1.288556e+00,1.436762e+00,1.202537e+00,1.273715e+00,1.260613e+00,3.192615e+00,1.215915e+00,1.309813e+00,1.506390e+00,1.242269e+00,1.320645e+00,1.340047e+00,3.198029e+00,1.253100e+00,1.221276e+00,1.451427e+00,1.540513e+00,1.182070e+00,1.338093e+00,1.422461e+00,1.263905e+00,1.579157e+00,1.272609e+00,1.251265e+00,1.173825e+00,1.403035e+00,1.331500e+00,1.322250e+00,1.331204e+00,1.254718e+00,1.304311e+00,1.499768e+00,1.212530e+00,2.143439e+00,1.179357e+00,1.555929e+00,1.302493e+00,1.317597e+00,1.310686e+00,1.202111e+00,1.253717e+00,1.586278e+00,1.395700e+00,1.891496e+00,2.757881e+00,3.288743e+00,1.386121e+00,4.369228e+00,1.893048e+00,1.224858e+00,1.379290e+00,2.047988e+00,1.830329e+00,2.800151e+00,3.726758e+00,1.199557e+00,1.466985e+00,2.080231e+00,2.425649e+00,1.618202e+00,3.780582e+00,2.691332e+00,1.968650e+00,1.252658e+00,3.380050e+00,1.325513e+00,1.376363e+00,1.241685e+00,2.858669e+00,2.038108e+00,1.494211e+00,1.315256e+00,2.105124e+00,2.657507e+00,1.201432e+00,1.225409e+00,1.484039e+00,1.412414e+00,1.162901e+00,1.925326e+00,1.442419e+00,1.180146e+00,1.198344e+00,1.239982e+00,1.360934e+00,1.386998e+00,1.318152e+00,1.241895e+00,1.422807e+00,4.690763e+00,3.933819e+00,4.914972e+00,2.605187e+00,1.490779e+00,1.528166e+00,3.664291e+00,2.377014e+00,1.474643e+00,1.252362e+00,4.629561e+00,3.346926e+00,1.277997e+00,4.774648e+00,1.431909e+00,1.467765e+00,1.613546e+00,1.318843e+00,1.313783e+00,1.356587e+00,3.159888e+00,4.434619e+00,3.455374e+00,2.278158e+00,2.598161e+00,1.947194e+00,2.582327e+00,1.445270e+00,1.331278e+00,1.414689e+00,1.235227e+00,2.930527e+00,2.850021e+00,1.440876e+00,1.420586e+00,1.380223e+00,1.529875e+00,1.127381e+00,1.246823e+00,1.406776e+00,1.544065e+00,1.293690e+00,2.197251e+00,1.266050e+00,1.414084e+00,1.248681e+00,1.391469e+00,1.438973e+00,1.331038e+00,1.238410e+00,1.349969e+00,1.404311e+00,1.396828e+00,1.237170e+00,1.193492e+00
1.332861e+00,1.293054e+00,1.306697e+00,1.284778e+00,1.259904e+00,1.408951e+00,1.324042e+00,1.440350e+00,1.221482e+00,1.230522e+00,1.214972e+00,1.286799e+00,1.274291e+00,1.289193e+00,1.236740e+00,1.343071e+00,1.184231e+00,1.270998e+00,1.387920e+00,1.159686e+00,1.323228e+00,1.177610e+00,1.287109e+00,1.333862e+00,1.548568e+00,1.309875e+00,1.420761e+00,1.123384e+00,1.441569e+00,2.208985e+00,4.507274e+00,1.726537e+00,1.240501e+00,1.231124e+00,4.834461e+00,5.807822e+00,5.387267e+00,1.342841e+00,1.322153e+00,1.160265e+00,1.418336e+00,1.269790e+00,1.287363e+00,2.882506e+00,1.903209e+00,3.484809e+00,2.148027e+00,1.455178e+00,1.530311e+00,1.556541e+00,1.719040e+00,3.402235e+00,1.413158e+00,1.340960e+00,1.466857e+00,1.214916e+00,1.314354e+00,1.554438e+00,1.296407e+00,1.793502e+00,1.384756e+00,1.290548e+00,1.970699e+00,1.460239e+00,1.878482e+00,2.373117e+00,2.009996e+00,2.090391e+00,1.263625e+00,1.464837e+00,1.406908e+00,2.636663e+00,2.619242e+00,1.621322e+00,1.276331e+00,1.322732e+00,2.300454e+00,1.235887e+00,1.399862e+00,1.299423e+00,1.306642e+00,1.364712e+00,1.212130e+00,1.431927e+00,1.377927e+00,1.161257e+00,1.510058e+00,1.424355e+00,1.333160e+00,1.363253e+00,1.580571e+00,1.209718e+00,1.459006e+00,1.338563e+00,1.322275e+00,1.308260e+00,1.365896e+00,1.365949e+00,1.260988e+00,1.311194e+00,1.133534e+00,1.147080e+00,1.312185e+00,1.373194e+00,1.306775e+00,1.222434e+00,1.547296e+00,1.425564e+00,1.305132e+00,1.189074e+00,1.176793e+00,1.415369e+00,1.413591e+00,1.481196e+00,1.423840e+00,1.252307e+00,1.454289e+00,1.218185e+00,1.873921e+00,1.556477e+00,1.328584e+00,1.468021e+00,1.211231e+00,1.869498e+00,1.447749e+00,2.439880e+00,1.376998e+00,1.362154e+00,1.357447e+00,1.253302e+00,1.567636e+00,1.415720e+00,2.781864e+00,1.751458e+00,3.773029e+00,1.695232e+00,1.273446e+00,1.345090e+00,2.450825e+00,1.335010e+00,1.243728e+00,3.560741e+00,3.344959e+00,3.740224e+00,1.253848e+00,1.289936e+00,1.318325e+00,1.185654e+00,1.379512e+00,1.435172e+00,1.452366e+00,1.396518e+00,1.279145e+00,1.353211e+00,1.400317e+00,2.363649e+00,1.381551e+00,1.264820e+00,1.368163e+00,1.432841e+00,1.632680e+00,1.957778e+00,2.231631e+00,5.130914e+00,4.892745e+00,3.407410e+00,4.514921e+00,1.352830e+00,3.153576e+00,5.676157e+00,1.372458e+00,nan,1.689915e+00,1.343920e+00,3.872040e+00,1.267553e+00,1.209527e+00,1.337324e+00,1.263618e+00,1.373023e+00,2.036500e+00,3.275866e+00,1.887824e+00,2.472695e+00,1.731386e+00,1.648956e+00,1.344697e+00,1.491335e+00,1.309649e+00,1.393405e+00,1.370866e+00,1.463572e+00,1.470601e+00,1.490717e+00,1.365736e+00,1.187008e+00,1.299701e+00,1.357484e+00,1.317193e+00,1.153551e+00,1.362974e+00,3.096088e+00,1.540186e+00,1.141607e+00,1.280146e+00,1.398543e+00,1.396369e+00,1.320756e+00,1.475289e+00,1.355508e+00,1.316114e+00,1.291998e+00,1.131067e+00,1.259652e+00,1.250183e+00
1.159299e+00,1.360030e+00,1.390272e+00,1.387128e+00,1.214489e+00,1.258656e+00,1.431761e+00,1.419745e+00,1.263107e+00,1.394502e+00,1.257619e+00,1.397883e+00,1.323400e+00,1.250099e+00,1.310948e+00,1.302384e+00,1.324268e+00,1.307956e+00,1.282179e+00,1.368699e+00,1.418630e+00,1.443665e+00,1.386679e+00,1.425730e+00,1.350875e+00,1.266014e+00,1.382299e+00,1.268191e+00,1.285497e+00,1.408471e+00,1.624235e+00,1.627339e+00,1.381625e+00,1.198556e+00,5.423729e+00,1.423902e+00,1.482186e+00,1.489787e+00,1.299517e+00,1.305072e+00,1.481225e+00,1.819514e+00,2.324286e+00,2.217508e+00,1.675814e+00,1.405933e+00,1.765702e+00,2.147426e+00,1.638036e+00,4.971122e+00,1.351573e+00,1.384826e+00,2.440553e+00,1.865427e+00,1.313720e+00,4.581093e+00,4.139158e+00,1.571264e+00,2.819450e+00,1.351422e+00,1.389033e+00,1.151521e+00,1.347348e+00,1.782853e+00,1.471106e+00,1.514966e+00,1.041866e+01,1.878534e+00,1.464213e+00,1.485721e+00,1.250543e+00,1.515367e+00,2.849267e+00,2.412758e+00,1.702983e+00,1.482585e+00,1.429370e+00,1.327710e+00,1.137978e+00,1.411964e+00,1.602225e+00,1.301921e+00,1.223719e+00,1.368961e+00,1.553808e+00,1.369026e+00,1.373793e+00,1.240286e+00,1.396512e+00,1.395475e+00,2.743075e+00,1.335696e+00,1.444560e+00,1.217980e+00,1.134969e+00,1.201267e+00,1.466631e+00,1.448372e+00,1.323885e+00,1.401158e+00,1.315089e+00,1.298154e+00,1.339097e+00,1.398716e+00,1.243629e+00,1.331178e+00,1.340010e+00,1.472949e+00,1.401360e+00,1.351799e+00,1.342746e+00,1.210460e+00,3.003683e+00,1.349979e+00,1.397330e+00,1.406765e+00,1.438637e+00,1.385500e+00,1.841638e+00,2.628747e+00,1.330933e+00,3.741995e+00,1.267380e+00,1.348235e+00,1.245134e+00,1.209182e+00,1.243921e+00,1.564937e+00,1.562287e+00,2.398953e+00,1.246617e+00,2.302344e+00,1.256295e+00,3.909894e+00,1.534175e+00,1.924614e+00,3.484111e+00,4.741952e+00,1.255016e+00,1.981770e+00,2.826696e+00,1.376149e+00,1.435125e+00,1.195577e+00,1.424541e+00,2.269181e+00,1.620662e+00,1.229428e+00,1.381984e+00,1.563580e+00,1.299050e+00,1.349402e+00,1.310247e+00,1.386239e+00,1.307493e+00,1.203861e+00,1.351328e+00,1.336346e+00,1.317466e+00,2.103540e+00,1.745207e+00,1.377472e+00,1.554631e+00,2.311591e+00,1.469236e+00,1.961560e+00,2.970908e+00,1.407685e+00,2.170372e+00,3.300541e+00,3.677916e+00,1.463048e+00,2.858466e+00,3.532320e+00,1.280402e+00,1.750534e+00,1.170436e+00,1.188079e+00,1.216424e+00,1.318017e+00,1.912804e+00,1.370983e+00,4.113310e+00,2.708582e+00,3.181017e+00,1.444661e+00,1.240056e+00,1.578220e+00,1.438001e+00,2.064073e+00,2.239104e+00,1.323640e+00,1.260636e+00,2.245584e+00,1.377594e+00,1.220374e+00,1.362906e+00,1.235092e+00,1.212556e+00,1.413605e+00,1.220408e+00,1.384480e+00,1.191944e+00,1.166475e+00,1.109915e+00,1.244405e+00,1.441817e+00,1.230779e+00,1.165103e+00,1.259402e+00,1.240018e+00,1.280695e+00,1.366903e+00,1.341369e+00,1.255975e+00
1.471135e+00,1.275232e+00,1.325410e+00,1.386907e+00,1.367422e+00,1.454613e+00,1.396529e+00,1.278181e+00,1.620085e+00,1.453070e+00,1.351330e+00,1.290352e+00,1.242489e+00,1.335721e+00,1.289735e+00,1.378676e+00,1.559217e+00,1.266571e+00,1.510775e+00,1.302186e+00,1.400748e+00,1.166833e+00,1.280695e+00,1.322776e+00,1.471599e+00,1.288717e+00,1.229831e+00,1.275700e+00,1.383897e+00,1.274673e+00,1.425024e+00,1.557425e+00,1.267308e+00,1.295970e+00,2.262516e+00,1.353669e+00,1.438354e+00,1.276790e+00,1.350576e+00,1.322475e+00,1.390893e+00,1.320672e+00,1.162500e+00,1.356898e+00,1.338865e+00,2.201943e+00,1.471155e+00,1.342293e+00,1.747692e+00,1.401356e+00,1.567529e+00,1.511794e+00,1.589276e+00,4.395123e+00,1.611538e+00,1.258135e+00,1.376607e+00,2.908547e+00,1.516094e+00,1.365610e+00,1.354076e+00,2.528181e+00,4.342054e+00,3.939716e+00,2.237087e+00,2.543611e+00,2.509280e+00,1.465252e+00,3.179009e+00,1.313894e+00,1.616006e+00,1.402032e+00,2.564695e+00,1.316019e+00,2.575486e+00,1.369990e+00,1.402840e+00,1.346456e+00,1.303810e+00,1.318963e+00,1.326208e+00,1.411531e+00,1.325961e+00,1.361052e+00,1.297501e+00,1.250097e+00,1.712380e+00,3.488107e+00,1.298642e+00,1.325361e+00,1.190575e+00,1.444505e+00,1.350862e+00,1.478148e+00,1.324476e+00,1.220984e+00,1.375865e+00,1.263970e+00,1.143514e+00,1.291085e+00,1.265251e+00,1.301695e+00,1.186714e+00,1.268886e+00,1.452303e+00,1.251149e+00,1.195857e+00,1.316104e+00,1.347145e+00,1.172731e+00,1.373822e+00,1.288966e+00,1.178937e+00,1.325864e+00,1.341552e+00,1.322656e+00,1.578674e+00,1.165788e+00,4.226822e+00,1.415402e+00,2.444540e+00,1.140408e+00,1.176006e+00,1.379165e+00,1.359554e+00,1.223958e+00,1.401050e+00,1.283608e+00,1.310010e+00,1.190157e+00,1.304194e+00,1.359844e+00,1.283644e+00,1.325200e+00,1.308606e+00,1.258823e+00,1.407606e+00,1.218164e+00,2.310388e+00,1.415517e+00,1.332276e+00,1.232684e+00,1.379066e+00,1.329979e+00,1.456564e+00,1.298830e+00,1.184965e+00,1.290477e+00,1.312050e+00,1.193609e+00,1.394814e+00,1.349986e+00,1.415859e+00,1.312654e+00,1.220616e+00,1.288487e+00,1.196297e+00,1.281981e+00,1.275341e+00,1.845191e+00,1.372651e+00,2.102182e+00,5.304706e+00,2.828371e+00,2.092500e+00,4.598130e+00,3.972948e+00,4.050258e+00,4.496762e+00,2.875637e+00,1.289538e+00,3.270256e+00,1.409098e+00,1.739977e+00,1.518566e+00,1.408738e+00,1.302780e+00,1.245739e+00,1.293824e+00,2.074843e+00,3.630050e+00,1.403486e+00,1.620476e+00,3.246745e+00,1.486487e+00,4.490553e+00,4.546901e+00,1.526757e+00,1.192432e+00,1.275809e+00,1.589345e+00,1.293176e+00,1.432970e+00,1.445057e+00,1.351493e+00,1.263275e+00,1.256816e+00,1.250933e+00,1.223150e+00,1.315495e+00,1.160248e+00,2.806689e+00,1.306961e+00,1.322597e+00,1.336761e+00,1.377163e+00,1.459087e+00,1.294306e+00,1.201972e+00,1.261455e+00,1.227527e+00,1.269507e+00,1.292049e+00,1.166067e+00,1.287930e+00
1.351846e+00,1.348693e+00,1.369632e+00,1.319042e+00,1.373510e+00,1.402466e+00,1.484802e+00,1.327439e+00,1.213348e+00,1.284828e+00,1.239618e+00,1.414141e+00,1.374290e+00,1.351185e+00,1.451390e+00,1.515244e+00,1.545412e+00,1.238572e+00,1.373741e+00,1.290347e+00,1.263231e+00,1.375968e+00,1.254840e+00,1.334537e+00,1.256703e+00,1.418912e+00,1.468902e+00,1.550958e+00,1.470635e+00,1.364353e+00,1.820484e+00,1.763679e+00,1.400025e+00,1.291604e+00,1.681981e+00,1.322866e+00,1.368119e+00,1.176138e+00,1.284745e+00,1.418567e+00,1.647166e+00,1.356903e+00,1.666688e+00,1.321988e+00,1.473785e+00,1.486668e+00,1.479707e+00,1.425040e+00,1.616647e+00,1.139238e+00,3.760560e+00,2.312894e+00,1.412013e+00,1.376233e+00,1.515165e+00,1.406697e+00,3.242919e+00,1.408557e+00,1.456877e+00,1.376271e+00,1.220412e+00,5.033588e+00,2.966263e+00,4.708710e+00,9.949812e+00,1.567036e+00,2.976834e+00,1.405804e+00,1.674778e+00,1.401259e+00,1.747775e+00,1.303960e+00,2.055050e+00,1.467606e+00,1.421750e+00,1.633376e+00,1.308747e+00,1.566328e+00,1.352456e+00,1.375609e+00,1.536739e+00,1.317017e+00,1.343480e+00,1.400276e+00,1.436040e+00,1.286081e+00,1.359241e+00,1.471217e+00,1.393290e+00,1.515715e+00,1.379311e+00,1.288855e+00,1.448476e+00,1.524229e+00,1.306783e+00,1.653236e+00,1.499303e+00,1.395590e+00,1.382944e+00,2.535700e+00,1.764385e+00,1.369664e+00,1.266190e+00,1.356193e+00,1.405376e+00,1.422128e+00,1.276947e+00,1.208113e+00,1.455873e+00,1.429668e+00,1.234774e+00,1.400364e+00,1.424310e+00,1.295102e+00,1.374727e+00,1.437736e+00,1.286015e+00,1.187106e+00,1.701036e+00,4.116668e+00,1.580547e+00,1.369075e+00,1.344517e+00,1.422726e+00,1.532120e+00,1.439871e+00,1.321574e+00,1.264186e+00,1.334461e+00,1.404799e+00,1.525385e+00,1.331845e+00,1.421307e+00,1.582974e+00,1.371804e+00,1.209403e+00,1.152502e+00,1.925217e+00,1.303168e+00,2.173566e+00,1.285048e+00,1.221989e+00,2.635504e+00,1.315912e+00,1.568902e+00,1.639824e+00,1.743675e+00,1.389898e+00,1.373378e+00,1.293871e+00,1.214804e+00,1.589723e+00,1.341893e+00,1.388819e+00,2.050020e+00,1.408418e+00,1.273901e+00,1.413921e+00,1.907096e+00,3.298564e+00,1.625388e+00,1.350655e+00,2.204089e+00,2.332929e+00,2.320038e+00,1.172010e+00,1.619714e+00,1.332823e+00,1.381732e+00,2.067258e+00,3.266547e+00,1.404658e+00,1.506881e+00,1.394883e+00,1.389541e+00,1.367373e+00,1.482313e+00,1.363841e+00,1.353514e+00,1.618724e+00,1.928059e+00,1.688300e+00,1.487674e+00,1.547432e+00,4.791246e+00,2.294344e+00,2.511724e+00,1.492899e+00,1.418170e+00,1.360716e+00,1.634303e+00,2.359775e+00,1.436146e+00,1.211038e+00,1.367418e+00,1.251936e+00,1.305555e+00,1.385868e+00,1.342582e+00,1.214739e+00,1.592012e+00,4.450618e+00,1.229182e+00,1.288396e+00,1.298337e+00,1.264840e+00,1.294093e+00,1.405461e+00,1.210499e+00,1.312886e+00,1.480335e+00,1.438668e+00,1.364000e+00,1.282225e+00,1.370300e+00
1.433182e+00,1.531145e+00,1.430749e+00,1.505668e+00,1.568981e+00,1.529584e+00,1.306886e+00,1.421450e+00,1.448318e+00,1.345271e+00,1.396703e+00,1.486458e+00,1.412666e+00,1.401839e+00,1.365522e+00,1.611822e+00,1.526235e+00,1.348587e+00,1.422191e+00,1.556532e+00,1.310515e+00,1.375940e+00,1.415683e+00,1.304406e+00,1.424664e+00,1.317630e+00,1.307532e+00,1.385615e+00,1.324070e+00,1.555831e+00,2.927582e+00,1.633066e+00,1.441527e+00,1.408689e+00,3.857374e+00,1.486015e+00,1.612841e+00,1.534264e+00,1.449645e+00,1.471173e+00,1.368205e+00,1.337859e+00,1.393325e+00,1.489406e+00,1.429720e+00,2.162099e+00,1.776968e+00,1.406471e+00,1.937651e+00,2.016717e+00,nan,1.460624e+00,1.458691e+00,2.302840e+00,1.269023e+00,1.608207e+00,1.675148e+00,1.468659e+00,1.366068e+00,1.498682e+00,2.301876e+00,2.466283e+00,3.826267e+00,1.423380e+00,4.175294e+00,4.326630e+00,4.105786e+00,1.185002e+00,1.477043e+00,1.411006e+00,1.346611e+00,1.402689e+00,1.353884e+00,2.288781e+00,1.585891e+00,1.405775e+00,1.476089e+00,1.276882e+00,1.262315e+00,1.343635e+00,1.466464e+00,1.355591e+00,1.419202e+00,1.412109e+00,1.292953e+00,1.320501e+00,1.660142e+00,1.487733e+00,1.645726e+00,1.502735e+00,1.543225e+00,1.525102e+00,1.537787e+00,1.594070e+00,1.453737e+00,3.420892e+00,1.393695e+00,1.378453e+00,1.968902e+00,1.446686e+00,1.339564e+00,1.419275e+00,1.277857e+00,1.534941e+00,1.177622e+00,1.635775e+00,1.418284e+00,2.083424e+00,1.361200e+00,1.404744e+00,1.371064e+00,1.281220e+00,1.495396e+00,1.308833e+00,1.393173e+00,1.366608e+00,1.368612e+00,1.363862e+00,1.332910e+00,1.615766e+00,1.793942e+00,1.429659e+00,1.299759e+00,1.372655e+00,1.339090e+00,1.395869e+00,1.362922e+00,1.223006e+00,1.461129e+00,1.357602e+00,1.412638e+00,1.371459e+00,1.280883e+00,1.359251e+00,1.588449e+00,1.378562e+00,1.504539e+00,3.288187e+00,2.146823e+00,2.190524e+00,1.501184e+00,1.499978e+00,1.698555e+00,2.036350e+00,1.360080e+00,1.408094e+00,1.668118e+00,1.303386e+00,1.449820e+00,1.305369e+00,1.819995e+00,1.250339e+00,1.260255e+00,1.302821e+00,1.619612e+00,1.264794e+00,1.590236e+00,1.463452e+00,1.362681e+00,1.322127e+00,1.538326e+00,2.326286e+00,4.430444e+00,1.750444e+00,3.581464e+00,1.492455e+00,1.543271e+00,2.647848e+00,1.429904e+00,2.007105e+00,1.721760e+00,1.402013e+00,2.076335e+00,1.673060e+00,1.365075e+00,1.381851e+00,1.341808e+00,1.426018e+00,1.313801e+00,1.389674e+00,1.542852e+00,1.741685e+00,3.915365e+00,1.696707e+00,3.037865e+00,1.683982e+00,1.468351e+00,1.402376e+00,3.156629e+00,1.391680e+00,1.525404e+00,4.879169e+00,1.155508e+00,1.367939e+00,1.176250e+00,1.424668e+00,1.342605e+00,1.339134e+00,1.429509e+00,1.400747e+00,1.836360e+00,2.363410e+00,1.462838e+00,1.406218e+00,1.193585e+00,1.308325e+00,1.371125e+00,1.462423e+00,1.398676e+00,1.302252e+00,1.332450e+00,1.513273e+00,1.398046e+00,1.454646e+00,1.403645e+00
1.354543e+00,1.466208e+00,1.484258e+00,1.394444e+00,1.433957e+00,1.421939e+00,1.359246e+00,1.395691e+00,1.405231e+00,1.655757e+00,1.343545e+00,1.358922e+00,1.447713e+00,1.499164e+00,1.550054e+00,1.353904e+00,1.289331e+00,1.631614e+00,1.435897e+00,1.437468e+00,1.514460e+00,1.275852e+00,1.583584e+00,1.532903e+00,1.357698e+00,1.322478e+00,1.422122e+00,1.440319e+00,2.250380e+00,1.479055e+00,1.385539e+00,1.416612e+00,1.534111e+00,1.350198e+00,1.402455e+00,1.309381e+00,1.237732e+00,1.472611e+00,2.349158e+00,1.376782e+00,1.256525e+00,1.390857e+00,1.220690e+00,1.800012e+00,1.451946e+00,1.558010e+00,1.314712e+00,1.692682e+00,1.507343e+00,4.655408e+00,2.282982e+00,2.259273e+00,1.294608e+00,1.689669e+00,1.407529e+00,1.351959e+00,2.131373e+00,1.249375e+00,1.224371e+00,1.804569e+00,2.486805e+00,1.512088e+00,1.976429e+00,3.470682e+00,1.457159e+00,3.357154e+00,3.860420e+00,1.944921e+00,1.449393e+00,1.346562e+00,1.147898e+00,1.331865e+00,1.421914e+00,1.865395e+00,1.634140e+00,1.267969e+00,1.259826e+00,1.233349e+00,1.404343e+00,1.236879e+00,1.439551e+00,1.377879e+00,1.326016e+00,1.262016e+00,1.351719e+00,1.762002e+00,1.418143e+00,2.969022e+00,3.568124e+00,1.321267e+00,2.799873e+00,1.419939e+00,1.194015e+00,1.544197e+00,1.913701e+00,1.514625e+00,1.365752e+00,3.190982e+00,2.011153e+00,1.224572e+00,1.365903e+00,1.805500e+00,1.391109e+00,1.594922e+00,1.369577e+00,1.391974e+00,1.388216e+00,1.399612e+00,1.340067e+00,1.227200e+00,1.172887e+00,1.345508e+00,1.534801e+00,1.287669e+00,1.390303e+00,1.575573e+00,1.315608e+00,1.426626e+00,1.812638e+00,1.405499e+00,1.346839e+00,1.387634e+00,1.342320e+00,1.330665e+00,1.308994e+00,1.274847e+00,1.902188e+00,1.409559e+00,1.737466e+00,1.616980e+00,1.450437e+00,1.237601e+00,1.320108e+00,1.500994e+00,1.317474e+00,1.471191e+00,2.487075e+00,1.381385e+00,2.568241e+00,3.620787e+00,1.671353e+00,1.497036e+00,1.851511e+00,1.514245e+00,1.396585e+00,1.283926e+00,1.410254e+00,1.461132e+00,1.392508e+00,1.345208e+00,1.511594e+00,1.365110e+00,1.368383e+00,1.292672e+00,1.250859e+00,1.430835e+00,1.530742e+00,1.371379e+00,4.219835e+00,1.602324e+00,1.234230e+00,2.257507e+00,1.569729e+00,2.048280e+00,1.498128e+00,3.876037e+00,1.680576e+00,1.454585e+00,1.607727e+00,1.793867e+00,2.286691e+00,1.777815e+00,1.377713e+00,1.803830e+00,1.388891e+00,1.386487e+00,1.595211e+00,1.793686e+00,1.420115e+00,1.786221e+00,2.155402e+00,2.727170e+00,1.433123e+00,2.269396e+00,1.491465e+00,1.608876e+00,1.463727e+00,1.340877e+00,1.660612e+00,2.813407e+00,1.421991e+00,1.262747e+00,1.511059e+00,1.404453e+00,1.401591e+00,1.302921e+00,1.306591e+00,1.412348e+00,1.226858e+00,1.385784e+00,4.077220e+00,1.535514e+00,1.341896e+00,1.367767e+00,1.454238e+00,1.421771e+00,1.700963e+00,1.245480e+00,1.330603e+00,1.369242e+00,1.371571e+00,1.363815e+00,1.375206e+00,1.348958e+00,1.325602e+00
1.536978e+00,1.660654e+00,1.427826e+00,1.283154e+00,1.668898e+00,1.488455e+00,1.593436e+00,1.410275e+00,1.620057e+00,1.420598e+00,1.448091e+00,1.518939e+00,1.505183e+00,1.436876e+00,1.596450e+00,1.446608e+00,1.646940e+00,1.538765e+00,1.591684e+00,1.539297e+00,1.487737e+00,1.572122e+00,1.554717e+00,1.451370e+00,1.368171e+00,1.403337e+00,1.452680e+00,1.528747e+00,1.680227e+00,1.386862e+00,3.471202e+00,1.532365e+00,1.588665e+00,1.426212e+00,1.574465e+00,1.384598e+00,1.423953e+00,1.555797e+00,1.585380e+00,1.384576e+00,1.748536e+00,1.491194e+00,1.406917e+00,2.390410e+00,1.871606e+00,1.492932e+00,3.203145e+00,1.374939e+00,1.712707e+00,4.638720e+00,1.419559e+00,3.687870e+00,1.649005e+00,1.814746e+00,1.555796e+00,1.590414e+00,1.516913e+00,1.452138e+00,1.553422e+00,2.157779e+00,1.384300e+00,1.426853e+00,3.693597e+00,2.189264e+00,3.093827e+00,4.521834e+00,3.574907e+00,1.486308e+00,1.440525e+00,1.526744e+00,1.488534e+00,1.545439e+00,1.399826e+00,1.240778e+00,1.668134e+00,1.510046e+00,1.558931e+00,1.469967e+00,1.564820e+00,1.356544e+00,1.488299e+00,1.579442e+00,1.502381e+00,1.354098e+00,1.501771e+00,3.511775e+00,5.124491e+00,2.872793e+00,1.453090e+00,4.923301e+00,1.350523e+00,2.576650e+00,2.695653e+00,2.081392e+00,1.560419e+00,5.389960e+00,2.857874e+00,1.507971e+00,2.522514e+00,1.851278e+00,1.536349e+00,1.395319e+00,6.445856e+00,2.836569e+00,2.319637e+00,1.595996e+00,1.305096e+00,1.250326e+00,1.588953e+00,1.338629e+00,1.274858e+00,1.430821e+00,1.328118e+00,1.551717e+00,1.491489e+00,1.319947e+00,1.590131e+00,1.513158e+00,2.964387e+00,1.685840e+00,1.705399e+00,1.321973e+00,1.375659e+00,1.596221e+00,1.476472e+00,1.339160e+00,1.202435e+00,1.331432e+00,1.449522e+00,1.428963e+00,1.586600e+00,1.516587e+00,1.358635e+00,1.490832e+00,1.229561e+00,1.427932e+00,1.253359e+00,1.555958e+00,1.843094e+00,1.431857e+00,1.478427e+00,1.419171e+00,1.571521e+00,1.638111e+00,1.356265e+00,1.408699e+00,1.332219e+00,1.412201e+00,1.405511e+00,1.370216e+00,1.490002e+00,1.605546e+00,1.478959e+00,1.434966e+00,1.455975e+00,3.392380e+00,3.854867e+00,1.503578e+00,1.401841e+00,1.447724e+00,3.144008e+00,1.413922e+00,1.409489e+00,4.720317e+00,5.095284e+00,1.851146e+00,2.340245e+00,2.147551e+00,1.429391e+00,1.547635e+00,2.615064e+00,5.282190e+00,1.663750e+00,1.754148e+00,1.474528e+00,1.246537e+00,1.410954e+00,1.349913e+00,1.617946e+00,2.947273e+00,1.306879e+00,1.513527e+00,1.461124e+00,1.358730e+00,4.219788e+00,1.350183e+00,1.368749e+00,1.601854e+00,1.505476e+00,2.024906e+00,3.123350e+00,1.702171e+00,1.447972e+00,1.471534e+00,1.415287e+00,1.343341e+00,1.303217e+00,1.458417e+00,1.392381e+00,1.389447e+00,2.392723e+00,1.768857e+00,1.452640e+00,1.409705e+00,1.408325e+00,1.577296e+00,1.298806e+00,1.544336e+00,1.500766e+00,1.365140e+00,1.399787e+00,1.312892e+00,1.563828e+00,1.423845e+00,1.474261e+00
1.437109e+00,1.422775e+00,1.469284e+00,1.561575e+00,1.420318e+00,1.724667e+00,1.588503e+00,1.512893e+00,1.305691e+00,1.350455e+00,1.416433e+00,1.460215e+00,1.451206e+00,1.438139e+00,1.337110e+00,1.446005e+00,1.407870e+00,1.414041e+00,1.324557e+00,1.546093e+00,1.566390e+00,1.421479e+00,1.314945e+00,1.476618e+00,1.392438e+00,1.348560e+00,1.461297e+00,1.519139e+00,1.513448e+00,1.424368e+00,1.538651e+00,1.443956e+00,1.479903e+00,1.394530e+00,1.351053e+00,1.502051e+00,1.375843e+00,1.718723e+00,1.565979e+00,1.650026e+00,1.605482e+00,2.225771e+00,1.370548e+00,2.627471e+00,2.300710e+00,2.524963e+00,1.612641e+00,1.616563e+00,1.981663e+00,1.471704e+00,1.326920e+00,1.437105e+00,1.671051e+00,1.525312e+00,3.886251e+00,2.103170e+00,1.283049e+00,1.354411e+00,1.404280e+00,1.641235e+00,4.630688e+00,1.471544e+00,1.842043e+00,1.552598e+00,1.705276e+00,3.048840e+00,1.672424e+00,1.530004e+00,1.454957e+00,1.522928e+00,1.539816e+00,1.735191e+00,3.482985e+00,1.705176e+00,1.439958e+00,1.523313e+00,1.546311e+00,1.389467e+00,1.552996e+00,1.461431e+00,1.359773e+00,2.797226e+00,1.438111e+00,1.666744e+00,1.653770e+00,3.068831e+00,1.453539e+00,1.447638e+00,4.563337e+00,3.840104e+00,1.370353e+00,3.112083e+00,3.240112e+00,1.955818e+00,1.393887e+00,2.537691e+00,4.051873e+00,1.568875e+00,3.177642e+00,4.690699e+00,1.881266e+00,2.272622e+00,1.424959e+00,1.409921e+00,1.320970e+00,1.386071e+00,1.419921e+00,1.507931e+00,1.512313e+00,1.444007e+00,1.334843e+00,1.499106e+00,1.594383e+00,1.366181e+00,1.526754e+00,1.290928e+00,1.458084e+00,1.780055e+00,1.521544e+00,1.656981e+00,1.391116e+00,1.372283e+00,1.473753e+00,1.455338e+00,1.259939e+00,1.333402e+00,1.688952e+00,1.402562e+00,1.271565e+00,1.205542e+00,1.359202e+00,1.452624e+00,1.360097e+00,1.550850e+00,1.341090e+00,1.706973e+00,1.295963e+00,1.457350e+00,1.367007e+00,3.759376e+00,1.545492e+00,1.340012e+00,1.376410e+00,nan,1.349891e+00,1.378377e+00,1.198570e+00,1.342476e+00,1.796554e+00,1.373498e+00,1.527454e+00,1.323312e+00,1.324736e+00,1.392755e+00,1.360051e+00,1.360262e+00,3.056039e+00,3.098549e+00,2.258013e+00,1.287851e+00,4.238560e+00,1.797270e+00,1.438442e+00,2.275710e+00,2.539118e+00,1.371263e+00,4.041106e+00,2.542905e+00,1.890632e+00,1.826444e+00,3.574146e+00,1.463044e+00,1.347649e+00,2.227027e+00,1.290015e+00,1.430906e+00,1.351908e+00,1.287057e+00,1.558945e+00,1.260757e+00,1.413409e+00,2.256841e+00,1.532803e+00,2.331309e+00,1.967136e+00,1.442356e+00,4.705818e+00,1.444782e+00,3.832723e+00,4.715672e+00,1.865124e+00,1.390318e+00,1.510111e+00,1.326885e+00,1.261114e+00,1.369722e+00,1.245350e+00,1.439883e+00,1.547957e+00,1.539150e+00,1.934635e+00,2.504336e+00,1.387115e+00,2.435586e+00,1.232124e+00,1.212031e+00,1.358143e+00,1.343881e+00,1.547087e+00,1.366394e+00,1.436544e+00,1.410631e+00,1.617721e+00,1.264583e+00,1.475768e+00
1.420295e+00,1.372286e+00,1.321036e+00,1.282124e+00,1.401016e+00,1.302154e+00,1.718823e+00,1.406211e+00,1.451817e+00,1.235706e+00,1.479622e+00,1.417280e+00,1.406645e+00,1.229717e+00,1.524544e+00,1.452655e+00,1.508302e+00,1.335753e+00,1.449320e+00,1.447478e+00,1.380701e+00,1.470020e+00,1.415791e+00,1.299281e+00,1.505193e+00,1.465382e+00,1.355776e+00,1.360312e+00,1.401356e+00,1.269174e+00,1.452104e+00,1.792660e+00,1.610957e+00,1.622101e+00,1.562719e+00,1.189495e+00,1.482383e+00,1.383936e+00,1.289423e+00,4.481617e+00,1.353857e+00,1.344354e+00,1.289517e+00,1.221839e+00,1.548719e+00,1.481206e+00,1.488118e+00,2.246411e+00,1.567933e+00,2.363603e+00,1.453612e+00,2.041269e+00,1.743942e+00,1.330578e+00,1.689344e+00,1.892791e+00,1.516320e+00,1.365040e+00,1.652457e+00,2.619213e+00,3.819560e+00,1.037526e+01,3.335052e+00,4.860111e+00,1.369448e+00,2.313557e+00,4.541503e+00,1.340364e+00,1.493609e+00,1.464080e+00,1.491091e+00,1.781031e+00,1.469213e+00,1.569954e+00,1.300549e+00,1.510224e+00,1.421651e+00,1.388721e+00,1.548602e+00,2.742672e+00,1.337071e+00,1.438144e+00,1.355694e+00,1.879197e+00,1.454166e+00,1.908778e+00,3.505856e+00,1.440176e+00,3.997227e+00,1.351768e+00,1.525946e+00,4.925732e+00,1.307616e+00,2.063956e+00,nan,1.236300e+00,1.432427e+00,1.357297e+00,4.891357e+00,3.198018e+00,3.448806e+00,2.491762e+00,1.439400e+00,1.443423e+00,1.666239e+00,1.460391e+00,1.319592e+00,1.373479e+00,1.473508e+00,1.549391e+00,3.946107e+00,1.310037e+00,1.514309e+00,1.223866e+00,1.464340e+00,1.464832e+00,1.564191e+00,1.415389e+00,2.597506e+00,1.541254e+00,1.621245e+00,1.377587e+00,1.193559e+00,1.488752e+00,1.410384e+00,1.484220e+00,4.009677e+00,1.545014e+00,1.598654e+00,1.354825e+00,1.435612e+00,1.522556e+00,1.568756e+00,1.441534e+00,1.528021e+00,1.495494e+00,1.476117e+00,1.370146e+00,1.532575e+00,1.409248e+00,1.325598e+00,2.882000e+00,1.551699e+00,1.289356e+00,1.523714e+00,1.447381e+00,1.616261e+00,1.431260e+00,1.412384e+00,1.775565e+00,1.461650e+00,1.515381e+00,2.334237e+00,1.415770e+00,1.402072e+00,3.994682e+00,3.395191e+00,3.223051e+00,1.548901e+00,1.564020e+00,2.198318e+00,3.719164e+00,1.481590e+00,1.496928e+00,1.864592e+00,3.481373e+00,4.526388e+00,4.156208e+00,1.756643e+00,3.050380e+00,1.555853e+00,3.594148e+00,2.935578e+00,1.920812e+00,1.284630e+00,1.464318e+00,1.396893e+00,1.297968e+00,1.864114e+00,1.499437e+00,1.419068e+00,1.927483e+00,1.533886e+00,1.326538e+00,1.642449e+00,2.204730e+00,2.297008e+00,2.056977e+00,1.522290e+00,1.507919e+00,1.478831e+00,1.667973e+00,1.413796e+00,1.760401e+00,1.462286e+00,1.445250e+00,1.704912e+00,1.567491e+00,1.550736e+00,3.408460e+00,1.615182e+00,1.381118e+00,1.657977e+00,1.529258e+00,1.493981e+00,1.373284e+00,1.463464e+00,1.475812e+00,1.391697e+00,1.507205e+00,1.350879e+00,1.291051e+00,1.408864e+00,1.473543e+00,1.521891e+00
1.357876e+00,1.492601e+00,1.410519e+00,1.377933e+00,1.521011e+00,1.375457e+00,1.358579e+00,1.392427e+00,1.185655e+00,1.331642e+00,1.376298e+00,1.346817e+00,1.262500e+00,1.522373e+00,1.397764e+00,1.397061e+00,1.459357e+00,1.269139e+00,1.383376e+00,1.411338e+00,1.315425e+00,1.489840e+00,1.338504e+00,1.310936e+00,1.381432e+00,1.320284e+00,1.323700e+00,1.451802e+00,1.268760e+00,1.359922e+00,1.434933e+00,1.442834e+00,1.267016e+00,1.332815e+00,1.350389e+00,1.283292e+00,1.405858e+00,2.399032e+00,1.455997e+00,1.415875e+00,1.878856e+00,1.520624e+00,1.413390e+00,1.594061e+00,1.141176e+00,1.465652e+00,1.379216e+00,1.685405e+00,1.347692e+00,1.305188e+00,1.385744e+00,2.040970e+00,1.536154e+00,1.434782e+00,1.453817e+00,1.453296e+00,1.300499e+00,1.554425e+00,3.833867e+00,3.237498e+00,3.384261e+00,1.434931e+00,1.647275e+00,2.561164e+00,1.454849e+00,2.828080e+00,7.049164e+00,1.620444e+00,1.449675e+00,1.341187e+00,1.815743e+00,1.378612e+00,2.865267e+00,1.448281e+00,1.460583e+00,1.396247e+00,1.513132e+00,1.354783e+00,1.316491e+00,1.476925e+00,1.587170e+00,1.470057e+00,4.419953e+00,2.147095e+00,1.432338e+00,1.238809e+00,1.639232e+00,1.362318e+00,1.750972e+00,1.496640e+00,1.378975e+00,3.201281e+00,4.798496e+00,1.324440e+00,1.694837e+00,2.188343e+00,2.688853e+00,1.793064e+00,1.574698e+00,2.309604e+00,4.327951e+00,2.107751e+00,1.383150e+00,1.368928e+00,1.335031e+00,2.156025e+00,1.379351e+00,1.352762e+00,1.361148e+00,4.811889e+00,2.118811e+00,1.449332e+00,1.273495e+00,1.415620e+00,1.158314e+00,1.266539e+00,1.411324e+00,1.493015e+00,2.595310e+00,1.340230e+00,1.364381e+00,1.313158e+00,1.560958e+00,1.448548e+00,1.364485e+00,1.561496e+00,1.286435e+00,1.503969e+00,1.386623e+00,1.349696e+00,1.304174e+00,1.365526e+00,1.308627e+00,3.352960e+00,1.469847e+00,1.389139e+00,1.392076e+00,1.461821e+00,1.508067e+00,1.548376e+00,1.516788e+00,2.835605e+00,2.514684e+00,1.461175e+00,1.417156e+00,1.656718e+00,1.486784e+00,1.469465e+00,1.419294e+00,1.479284e+00,1.416858e+00,1.475131e+00,1.467454e+00,1.275189e+00,1.652200e+00,1.597504e+00,3.292006e+00,1.874637e+00,3.938555e+00,1.588777e+00,1.483277e+00,1.860664e+00,2.218023e+00,1.334325e+00,1.947636e+00,5.507530e+00,1.571138e+00,2.472050e+00,1.924650e+00,1.661839e+00,3.456880e+00,2.550572e+00,2.490557e+00,1.496018e+00,1.454617e+00,1.590135e+00,1.619530e+00,1.515491e+00,1.498347e+00,2.088032e+00,1.936447e+00,1.390700e+00,1.534364e+00,3.751575e+00,1.300029e+00,1.481333e+00,1.502361e+00,2.213271e+00,1.453006e+00,1.473875e+00,1.389579e+00,1.471468e+00,1.351742e+00,1.280026e+00,1.715730e+00,1.270531e+00,1.412028e+00,1.676741e+00,1.712112e+00,1.413488e+00,1.612863e+00,1.471435e+00,1.343467e+00,1.455067e+00,1.465781e+00,1.481966e+00,1.540452e+00,1.374929e+00,1.519165e+00,1.478161e+00,1.420444e+00,1.546230e+00,1.588693e+00,1.438377e+00,1.448488e+00
1.386769e+00,1.474698e+00,1.375536e+00,1.425561e+00,1.674325e+00,1.573873e+00,1.569611e+00,1.537059e+00,1.635736e+00,1.498654e+00,1.421037e+00,1.582865e+00,1.559892e+00,1.481449e+00,1.510478e+00,1.575188e+00,1.728368e+00,1.564040e+00,1.439640e+00,1.276257e+00,1.506998e+00,1.424110e+00,1.518051e+00,1.478173e+00,1.447118e+00,1.569477e+00,1.524555e+00,1.625392e+00,1.742070e+00,1.581475e+00,1.608922e+00,1.751270e+00,1.441622e+00,1.669599e+00,1.539917e+00,1.562072e+00,1.636874e+00,2.153743e+00,1.505443e+00,1.995667e+00,1.625378e+00,1.552899e+00,1.542026e+00,1.516196e+00,1.492158e+00,1.313352e+00,1.579907e+00,1.949521e+00,1.658531e+00,1.735745e+00,1.524831e+00,1.477049e+00,1.262683e+00,1.418429e+00,1.443195e+00,1.489022e+00,1.409756e+00,1.466039e+00,1.471659e+00,1.519776e+00,1.461224e+00,1.517263e+00,1.504213e+00,1.559154e+00,1.630189e+00,2.907145e+00,2.234975e+00,1.520304e+00,1.582242e+00,1.394794e+00,1.420892e+00,2.021382e+00,1.594437e+00,1.544537e+00,1.399423e+00,1.722448e+00,1.668863e+00,1.759967e+00,1.574760e+00,1.460838e+00,2.538991e+00,1.585009e+00,1.621792e+00,1.621720e+00,1.561586e+00,2.188504e+00,2.910434e+00,2.166411e+00,4.343553e+00,1.041866e+01,1.276095e+00,1.511533e+00,2.382410e+00,1.434181e+00,1.837855e+00,3.320449e+00,1.808991e+00,1.949907e+00,4.175361e+00,nan,4.596503e+00,2.802291e+00,1.539887e+00,1.544064e+00,1.739986e+00,1.380592e+00,2.580812e+00,1.829840e+00,2.942726e+00,1.476769e+00,2.570872e+00,1.901971e+00,1.525851e+00,1.377853e+00,1.581828e+00,1.564636e+00,1.315531e+00,1.374827e+00,1.795273e+00,1.345053e+00,1.512453e+00,1.513240e+00,1.435903e+00,1.359909e+00,1.894540e+00,1.591280e+00,1.563454e+00,1.398583e+00,1.544258e+00,4.867114e+00,2.421642e+00,1.434713e+00,1.374394e+00,1.459455e+00,1.429064e+00,1.489226e+00,1.438424e+00,1.464757e+00,1.522999e+00,1.492318e+00,1.807646e+00,1.456009e+00,1.657925e+00,1.485435e+00,1.381074e+00,1.391036e+00,1.612950e+00,1.477366e+00,1.426630e+00,1.502801e+00,1.582585e+00,1.436321e+00,1.462199e+00,1.546804e+00,1.356901e+00,3.952139e+00,2.070403e+00,1.890035e+00,3.856451e+00,2.075064e+00,1.541758e+00,2.527629e+00,1.547415e+00,3.900936e+00,1.910956e+00,1.792864e+00,1.405580e+00,1.820884e+00,1.549695e+00,1.821326e+00,4.740567e+00,1.648063e+00,4.065024e+00,1.531090e+00,1.511692e+00,1.577598e+00,1.389451e+00,1.644752e+00,1.372308e+00,3.047164e+00,1.756216e+00,1.456053e+00,2.437367e+00,2.102480e+00,1.690536e+00,2.414951e+00,1.498512e+00,1.453871e+00,1.614765e+00,1.581617e+00,1.361016e+00,1.535453e+00,2.459998e+00,1.426311e+00,1.556528e+00,1.450880e+00,1.568356e+00,1.435072e+00,1.408886e+00,2.859878e+00,1.486170e+00,1.390768e+00,1.529166e+00,1.603778e+00,1.557589e+00,1.502712e+00,1.439715e+00,1.410967e+00,1.554025e+00,1.515313e+00,1.452922e+00,1.489705e+00,1.539092e+00,1.555206e+00,1.533688e+00
1.626578e+00,1.650415e+00,1.656684e+00,1.430799e+00,1.581971e+00,1.621611e+00,1.704687e+00,1.364419e+00,1.537530e+00,1.617665e+00,1.505272e+00,1.726125e+00,1.564181e+00,1.494880e+00,1.354832e+00,1.470686e+00,1.572985e+00,1.662582e+00,1.644487e+00,1.477376e+00,1.475639e+00,1.658519e+00,1.567426e+00,1.515379e+00,1.406875e+00,1.511553e+00,1.596823e+00,1.551229e+00,1.424872e+00,1.434121e+00,1.297098e+00,2.980009e+00,1.788875e+00,2.104756e+00,1.648580e+00,1.610514e+00,1.498184e+00,1.970196e+00,4.334358e+00,1.868488e+00,4.441856e+00,1.603710e+00,2.091711e+00,1.752895e+00,1.501482e+00,1.722447e+00,1.334470e+00,1.669072e+00,1.565777e+00,1.530948e+00,1.527430e+00,1.502251e+00,1.384009e+00,1.493725e+00,1.286070e+00,1.418208e+00,1.305018e+00,1.998276e+00,2.501926e+00,1.519190e+00,3.789333e+00,1.393441e+00,3.024627e+00,1.850834e+00,1.562634e+00,1.339744e+00,1.518975e+00,1.408454e+00,1.362259e+00,1.679894e+00,1.603487e+00,2.269494e+00,1.580937e+00,1.621896e+00,1.491876e+00,1.501217e+00,1.395137e+00,1.437273e+00,1.510140e+00,1.547001e+00,1.604817e+00,1.509639e+00,1.794162e+00,1.610119e+00,1.587044e+00,1.958348e+00,1.591060e+00,1.536453e+00,2.176095e+00,2.395925e+00,4.954720e+00,1.546947e+00,1.816720e+00,1.434848e+00,1.814539e+00,3.931969e+00,1.564601e+00,2.284662e+00,1.498317e+00,1.488914e+00,1.700513e+00,1.956395e+00,4.855257e+00,1.453330e+00,1.436826e+00,1.776228e+00,1.524611e+00,2.012851e+00,1.628418e+00,3.237090e+00,1.507664e+00,1.614296e+00,1.455052e+00,1.435485e+00,1.504685e+00,1.539267e+00,1.566496e+00,1.578690e+00,1.282115e+00,1.658147e+00,1.470476e+00,1.394678e+00,1.513523e+00,1.400954e+00,1.532231e+00,1.501772e+00,1.548337e+00,1.215595e+00,1.450075e+00,1.511637e+00,3.155418e+00,1.494071e+00,1.455430e+00,1.657830e+00,1.348874e+00,1.486934e+00,1.341991e+00,1.481515e+00,1.428197e+00,1.396997e+00,1.531700e+00,1.554334e+00,2.044111e+00,1.420483e+00,1.437015e+00,1.588577e+00,1.479436e+00,1.852032e+00,1.626563e+00,1.279558e+00,1.716655e+00,1.641665e+00,1.440499e+00,1.781698e+00,4.394822e+00,2.275784e+00,2.743771e+00,1.565251e+00,4.756975e+00,1.465429e+00,2.511986e+00,4.149313e+00,1.628913e+00,1.753125e+00,4.360410e+00,1.459593e+00,4.433040e+00,2.055670e+00,1.404678e+00,1.309011e+00,1.364277e+00,2.621251e+00,2.146805e+00,1.336716e+00,1.393068e+00,1.536349e+00,1.305519e+00,3.118091e+00,1.702597e+00,1.505163e+00,1.485913e+00,1.545990e+00,1.311483e+00,1.504205e+00,4.919739e+00,1.512044e+00,1.426312e+00,1.250499e+00,1.879513e+00,1.611179e+00,3.543476e+00,3.149909e+00,1.491280e+00,1.271232e+00,1.356126e+00,1.571000e+00,1.327536e+00,1.369087e+00,1.470293e+00,2.300213e+00,1.415473e+00,1.398587e+00,1.385011e+00,1.405604e+00,1.514168e+00,1.364812e+00,1.283309e+00,1.280419e+00,1.476856e+00,1.419650e+00,1.359407e+00,1.409711e+00,1.463650e+00,1.508151e+00,1.419690e+00
1.394046e+00,1.482995e+00,1.474630e+00,1.630747e+00,1.540518e+00,1.714161e+00,1.581520e+00,1.348664e+00,1.407798e+00,1.330707e+00,1.628240e+00,1.597910e+00,1.468209e+00,1.523863e+00,1.681720e+00,1.643071e+00,1.360942e+00,1.424867e+00,1.306211e+00,1.403730e+00,1.554685e+00,1.409491e+00,1.580492e+00,1.365249e+00,1.428320e+00,1.522691e+00,1.384209e+00,1.540231e+00,1.462574e+00,1.787562e+00,1.355539e+00,1.537116e+00,1.336311e+00,1.363491e+00,1.466132e+00,1.243652e+00,1.490445e+00,1.508023e+00,2.880726e+00,1.336181e+00,2.023491e+00,1.635181e+00,1.892034e+00,3.505327e+00,2.516096e+00,1.389971e+00,1.369034e+00,2.053639e+00,3.118872e+00,1.405180e+00,2.470640e+00,1.451035e+00,2.315985e+00,1.309040e+00,1.314242e+00,1.465838e+00,1.578313e+00,1.476013e+00,1.287299e+00,1.440600e+00,8.185565e+00,7.554720e+00,2.033600e+00,3.645364e+00,3.721690e+00,1.408944e+00,1.453464e+00,1.348124e+00,1.464986e+00,1.352632e+00,1.353441e+00,1.500540e+00,1.375319e+00,1.412337e+00,1.317508e+00,1.537922e+00,1.398447e+00,1.330515e+00,1.514315e+00,1.469928e+00,3.534837e+00,1.524940e+00,1.638444e+00,1.414025e+00,1.395280e+00,1.519244e+00,1.564802e+00,5.324529e+00,4.118554e+00,2.548396e+00,3.853712e+00,4.335889e+00,1.558712e+00,1.790660e+00,5.024018e+00,1.285149e+00,3.038718e+00,1.508592e+00,2.462565e+00,2.083418e+00,3.969190e+00,2.368670e+00,1.627335e+00,1.468776e+00,3.223371e+00,1.780838e+00,1.417101e+00,1.423252e+00,1.531198e+00,1.495359e+00,1.515178e+00,2.372934e+00,1.254979e+00,1.398944e+00,1.388672e+00,1.491561e+00,1.427165e+00,1.341635e+00,1.531533e+00,1.369057e+00,1.330300e+00,1.325121e+00,1.601122e+00,1.490106e+00,1.414523e+00,1.664458e+00,1.574576e+00,1.466317e+00,1.652973e+00,1.485700e+00,2.492545e+00,3.325251e+00,1.275966e+00,1.279196e+00,1.488536e+00,1.483437e+00,1.347100e+00,1.417589e+00,1.600577e+00,1.747818e+00,1.506357e+00,1.660516e+00,1.496839e+00,1.542352e+00,1.660118e+00,1.602804e+00,1.502038e+00,1.480040e+00,1.344446e+00,1.628965e+00,1.494402e+00,1.492946e+00,2.372217e+00,9.093997e+00,3.683867e+00,1.465408e+00,1.774838e+00,2.718073e+00,2.258910e+00,1.458091e+00,1.505640e+00,1.310732e+00,1.768137e+00,1.330415e+00,1.331248e+00,1.757515e+00,1.493323e+00,1.328382e+00,1.364671e+00,1.968395e+00,1.940877e+00,1.761921e+00,1.858765e+00,1.396001e+00,1.386586e+00,1.440153e+00,1.536724e+00,2.536589e+00,3.137218e+00,2.900883e+00,2.428400e+00,2.844881e+00,1.858400e+00,3.329130e+00,4.650663e+00,1.513816e+00,1.602796e+00,1.773402e+00,1.282341e+00,1.306882e+00,1.576089e+00,1.328058e+00,1.449528e+00,1.454136e+00,1.426822e+00,1.400706e+00,1.440137e+00,1.329980e+00,2.108173e+00,1.297108e+00,1.334408e+00,1.267918e+00,1.382070e+00,1.362699e+00,1.421253e+00,1.464571e+00,1.417666e+00,1.451430e+00,1.392065e+00,1.423283e+00,1.479040e+00,1.440292e+00,1.408602e+00,1.245873e+00,1.382816e+00
1.488592e+00,1.547654e+00,1.441620e+00,1.545694e+00,1.371692e+00,1.411272e+00,1.605027e+00,1.459555e+00,1.352386e+00,1.582984e+00,1.406435e+00,1.501233e+00,1.331189e+00,1.485914e+00,1.473919e+00,1.672113e+00,1.505260e+00,1.382288e+00,1.605664e+00,1.520695e+00,1.346896e+00,1.472002e+00,1.339216e+00,1.510603e+00,1.333031e+00,1.501529e+00,1.420697e+00,1.449362e+00,1.544875e+00,1.470150e+00,2.061969e+00,1.474158e+00,1.591839e+00,2.572940e+00,1.503824e+00,1.587445e+00,1.268718e+00,1.776230e+00,1.514590e+00,2.908571e+00,1.407448e+00,3.710001e+00,1.445783e+00,1.520025e+00,4.815604e+00,1.447073e+00,2.256838e+00,1.429204e+00,1.484140e+00,1.885004e+00,1.671199e+00,1.622532e+00,1.420260e+00,1.411906e+00,1.548834e+00,1.439956e+00,1.425243e+00,1.456743e+00,1.470678e+00,1.421789e+00,3.251235e+00,2.478182e+00,1.519202e+00,1.797631e+00,2.244302e+00,1.039502e+01,2.463995e+00,1.602377e+00,1.605483e+00,1.607823e+00,1.347224e+00,2.735140e+00,1.533954e+00,1.588970e+00,1.670151e+00,1.437223e+00,1.350944e+00,1.732679e+00,1.699274e+00,1.692514e+00,3.128618e+00,2.952504e+00,1.326333e+00,1.414636e+00,1.549212e+00,1.326833e+00,1.813565e+00,1.443495e+00,6.933748e+00,2.267867e+00,9.456054e+00,1.645821e+00,1.521523e+00,1.552162e+00,2.270268e+00,2.929581e+00,3.049100e+00,4.022497e+00,nan,nan,2.702082e+00,1.821759e+00,4.490793e+00,1.559714e+00,2.468423e+00,1.394599e+00,1.474263e+00,1.539347e+00,1.525395e+00,1.544530e+00,1.514653e+00,1.429829e+00,1.576063e+00,1.941731e+00,1.534759e+00,1.352919e+00,1.386434e+00,1.616079e+00,1.677319e+00,1.434404e+00,1.401071e+00,1.502222e+00,1.516902e+00,1.564658e+00,1.372085e+00,1.701238e+00,2.168521e+00,1.412558e+00,1.262125e+00,1.390200e+00,1.658125e+00,1.462579e+00,1.559908e+00,1.470636e+00,1.281234e+00,1.412714e+00,1.344056e+00,1.349924e+00,1.468588e+00,1.484958e+00,1.332314e+00,2.015442e+00,1.930270e+00,1.431570e+00,1.351942e+00,1.554894e+00,1.446637e+00,1.537786e+00,1.539313e+00,1.521785e+00,1.706078e+00,1.236249e+00,1.533173e+00,2.420460e+00,1.782143e+00,5.192188e+00,5.671875e+00,1.518096e+00,1.842622e+00,2.213516e+00,1.487990e+00,1.592962e+00,4.063646e+00,2.685805e+00,1.428404e+00,1.639998e+00,4.603374e+00,3.036254e+00,2.538213e+00,1.347321e+00,2.263762e+00,2.159641e+00,1.878427e+00,3.574713e+00,1.537370e+00,1.432837e+00,1.643545e+00,1.859547e+00,3.206329e+00,2.644607e+00,3.515179e+00,1.494760e+00,1.841291e+00,1.387625e+00,3.456419e+00,1.467410e+00,2.635578e+00,1.645838e+00,1.914371e+00,1.380677e+00,1.718057e+00,1.586413e+00,1.538385e+00,1.601587e+00,1.523259e+00,1.450093e+00,1.420171e+00,1.448944e+00,1.970111e+00,1.597508e+00,1.337818e+00,1.377737e+00,1.427841e+00,1.434598e+00,1.622939e+00,1.119373e+00,1.437095e+00,1.394742e+00,1.391539e+00,1.414987e+00,1.350993e+00,1.467435e+00,1.433386e+00,1.533320e+00,1.479242e+00
1.503890e+00,1.465767e+00,1.390277e+00,1.579110e+00,1.418940e+00,1.501246e+00,1.561218e+00,1.399010e+00,1.393678e+00,1.378741e+00,1.434461e+00,1.403905e+00,1.591167e+00,1.394925e+00,1.306130e+00,1.493896e+00,1.475022e+00,1.577860e+00,1.505130e+00,1.404059e+00,1.466689e+00,1.393871e+00,1.500539e+00,1.459385e+00,1.264399e+00,1.426245e+00,1.580799e+00,1.497415e+00,1.568650e+00,1.328956e+00,1.328277e+00,1.429724e+00,1.330010e+00,1.643078e+00,1.485063e+00,1.517469e+00,1.519079e+00,1.690273e+00,1.439868e+00,1.613269e+00,1.271307e+00,1.602886e+00,1.412093e+00,1.442589e+00,1.452901e+00,1.460529e+00,1.354239e+00,1.448278e+00,1.653147e+00,1.378370e+00,1.335967e+00,1.341040e+00,1.414428e+00,1.351721e+00,1.445421e+00,1.480413e+00,1.404426e+00,1.292473e+00,1.502134e+00,4.850663e+00,1.478627e+00,1.842350e+00,1.338689e+00,3.124341e+00,1.433878e+00,1.487417e+00,1.329948e+00,1.440410e+00,1.445648e+00,1.573516e+00,1.639335e+00,1.389498e+00,1.416850e+00,1.581673e+00,1.571318e+00,1.318647e+00,1.334084e+00,1.882495e+00,4.399961e+00,1.478345e+00,1.375610e+00,1.776647e+00,1.400078e+00,1.636932e+00,1.389900e+00,1.408615e+00,1.558105e+00,3.590743e+00,3.392405e+00,2.100214e+00,1.856031e+00,1.473124e+00,1.910776e+00,1.458560e+00,2.273917e+00,3.367507e+00,8.924019e+00,3.994489e+00,3.992392e+00,4.843268e+00,2.424457e+00,3.900068e+00,1.482525e+00,1.757388e+00,1.403134e+00,1.352846e+00,1.421469e+00,1.570751e+00,1.474361e+00,1.500740e+00,1.402824e+00,1.434850e+00,1.461794e+00,1.547168e+00,1.405157e+00,1.634797e+00,4.599550e+00,1.452026e+00,1.556943e+00,2.431874e+00,1.447207e+00,1.414188e+00,1.380530e+00,1.508937e+00,1.380385e+00,1.323555e+00,1.549191e+00,1.260300e+00,1.198463e+00,1.237038e+00,1.481797e+00,1.442236e+00,1.492332e+00,1.666983e+00,1.379259e+00,1.509935e+00,1.185315e+00,1.259110e+00,1.503350e+00,1.399736e+00,1.356871e+00,1.392069e+00,1.330535e+00,1.488272e+00,1.500684e+00,1.528224e+00,1.562229e+00,1.681735e+00,1.449044e+00,1.391731e+00,1.419376e+00,4.807890e+00,1.758555e+00,1.727365e+00,1.636626e+00,3.010123e+00,4.482700e+00,1.377743e+00,3.642753e+00,1.484550e+00,2.148702e+00,2.064609e+00,5.033696e+00,4.482746e+00,2.713764e+00,1.421150e+00,1.823877e+00,2.128635e+00,1.478705e+00,1.334819e+00,1.531391e+00,1.457401e+00,4.057673e+00,1.749496e+00,2.164139e+00,2.411328e+00,1.351521e+00,4.686586e+00,1.715532e+00,1.655299e+00,1.509301e+00,1.368907e+00,1.499589e+00,1.431700e+00,4.008142e+00,1.446803e+00,1.469598e+00,2.066683e+00,1.525173e+00,1.371720e+00,1.409450e+00,1.493596e+00,1.515416e+00,1.477924e+00,1.286611e+00,1.420226e+00,1.414937e+00,1.513267e+00,2.046428e+00,2.092130e+00,1.206801e+00,1.502870e+00,1.439808e+00,1.280538e+00,1.408713e+00,1.417345e+00,1.301863e+00,1.561668e+00,1.533088e+00,1.420500e+00,1.451550e+00,1.286635e+00,1.528439e+00,1.379918e+00,1.512393e+00
1.324466e+00,1.449896e+00,1.477784e+00,1.595096e+00,1.598966e+00,1.380981e+00,1.477846e+00,1.536607e+00,1.330768e+00,1.316445e+00,1.406988e+00,1.331302e+00,1.498880e+00,1.603955e+00,1.392767e+00,1.479051e+00,1.402820e+00,1.352656e+00,1.329942e+00,1.466681e+00,1.373212e+00,1.398213e+00,1.384284e+00,1.410966e+00,1.288090e+00,1.233786e+00,1.367346e+00,1.323025e+00,1.342295e+00,1.401311e+00,1.553922e+00,1.526328e+00,1.614361e+00,1.491873e+00,1.416070e+00,1.718643e+00,1.542317e+00,1.450833e+00,1.538868e+00,1.422445e+00,1.544827e+00,1.526969e+00,1.455742e+00,1.679335e+00,1.404036e+00,1.262543e+00,1.408906e+00,1.838760e+00,2.264084e+00,1.413059e+00,1.555559e+00,1.412731e+00,1.641324e+00,1.573682e+00,1.577209e+00,1.499041e+00,1.657718e+00,1.375646e+00,4.554109e+00,1.459646e+00,1.476104e+00,1.474075e+00,2.193779e+00,4.357524e+00,1.516152e+00,1.939109e+00,1.535643e+00,1.861662e+00,1.547792e+00,1.702160e+00,1.326957e+00,1.462451e+00,1.557436e+00,1.460730e+00,1.446378e+00,1.300911e+00,1.472544e+00,1.533768e+00,4.270303e+00,3.024808e+00,5.421329e+00,2.183718e+00,3.169335e+00,1.432938e+00,1.436333e+00,3.778483e+00,1.406037e+00,2.257048e+00,1.489923e+00,1.264721e+00,1.453780e+00,1.488804e+00,2.770930e+00,1.552333e+00,4.149445e+00,4.506006e+00,1.577356e+00,4.129196e+00,4.622593e+00,3.187166e+00,1.751291e+00,5.334136e+00,1.420841e+00,2.025702e+00,1.595002e+00,1.485765e+00,1.410968e+00,1.514797e+00,1.402897e+00,1.439266e+00,1.446896e+00,1.433139e+00,1.496089e+00,1.445256e+00,1.423278e+00,1.463944e+00,1.389900e+00,1.454788e+00,1.369414e+00,1.438309e+00,1.532096e+00,1.582497e+00,1.707453e+00,1.555674e+00,1.495133e+00,1.414863e+00,1.571165e+00,1.632448e+00,1.586076e+00,1.581658e+00,1.538638e+00,1.461804e+00,1.456026e+00,1.428602e+00,1.481996e+00,1.465818e+00,1.464613e+00,1.306699e+00,1.431434e+00,1.413400e+00,1.612391e+00,2.059564e+00,1.728837e+00,1.338078e+00,1.367067e+00,1.388722e+00,1.644225e+00,1.581481e+00,1.550383e+00,1.508392e+00,1.532055e+00,1.565085e+00,4.388218e+00,2.768197e+00,3.010116e+00,1.641153e+00,1.625510e+00,1.481607e+00,1.761397e+00,3.712221e+00,4.444200e+00,1.855756e+00,1.569896e+00,4.056715e+00,2.036921e+00,1.650240e+00,1.634820e+00,1.450542e+00,1.825344e+00,2.539600e+00,2.214243e+00,1.423762e+00,4.616278e+00,2.331865e+00,2.446525e+00,1.614924e+00,1.370477e+00,1.572879e+00,6.206207e+00,1.534052e+00,1.913023e+00,1.504563e+00,1.601906e+00,1.537089e+00,1.978083e+00,1.634094e+00,1.809892e+00,1.430675e+00,1.486120e+00,1.556775e+00,1.371757e+00,1.624113e+00,1.477138e+00,1.327983e+00,1.453397e+00,1.402413e+00,1.439793e+00,1.756162e+00,1.736769e+00,1.663578e+00,1.330719e+00,1.397440e+00,1.396045e+00,1.512042e+00,1.339002e+00,1.392326e+00,1.443503e+00,1.409975e+00,1.536318e+00,1.456691e+00,1.526823e+00,1.298793e+00,1.515605e+00,1.602302e+00,1.358079e+00
1.411678e+00,1.219464e+00,1.454902e+00,1.594635e+00,1.371337e+00,1.446742e+00,1.455501e+00,1.478051e+00,1.257673e+00,1.505108e+00,1.493583e+00,1.402210e+00,1.334164e+00,1.456667e+00,1.589116e+00,1.415461e+00,1.363459e+00,1.443815e+00,1.339117e+00,1.409741e+00,1.428577e+00,1.389286e+00,1.449765e+00,1.473573e+00,1.402904e+00,1.475649e+00,1.474346e+00,1.471880e+00,1.219989e+00,1.697149e+00,1.730272e+00,1.623227e+00,1.407765e+00,1.420749e+00,1.471336e+00,1.427776e+00,1.240852e+00,1.465271e+00,1.397924e+00,1.698211e+00,1.824289e+00,1.497720e+00,1.642684e+00,4.540170e+00,2.123649e+00,1.462639e+00,1.422823e+00,1.531273e+00,4.567312e+00,1.477269e+00,1.599102e+00,1.302084e+00,1.459435e+00,1.542462e+00,1.385362e+00,1.830473e+00,3.751050e+00,2.912873e+00,2.752011e+00,1.478635e+00,3.176415e+00,1.683431e+00,1.954395e+00,1.870271e+00,3.140325e+00,3.950590e+00,4.295105e+00,1.670664e+00,1.361001e+00,1.421619e+00,1.554011e+00,1.502500e+00,1.357303e+00,1.361628e+00,1.459313e+00,1.419545e+00,1.397222e+00,1.469596e+00,1.999324e+00,1.688637e+00,1.618697e+00,2.131739e+00,1.346015e+00,1.342258e+00,2.995656e+00,1.420306e+00,1.541261e+00,1.456781e+00,1.391904e+00,1.293046e+00,1.475329e+00,1.475898e+00,2.580305e+00,2.092358e+00,1.298463e+00,3.071253e+00,1.618884e+00,2.903602e+00,1.230401e+00,1.040234e+01,1.412971e+00,1.623315e+00,1.386984e+00,1.653149e+00,1.764414e+00,1.480933e+00,1.480301e+00,1.501697e+00,1.290179e+00,1.384784e+00,1.323161e+00,1.339624e+00,1.567270e+00,1.493259e+00,1.364216e+00,1.372461e+00,1.356295e+00,1.404704e+00,1.342331e+00,1.355934e+00,1.421214e+00,1.571161e+00,1.284559e+00,1.315423e+00,1.469513e+00,1.483080e+00,1.422532e+00,1.537094e+00,1.365178e+00,1.446682e+00,1.286997e+00,1.521927e+00,1.438986e+00,1.412461e+00,1.342070e+00,1.520436e+00,1.387454e+00,1.276441e+00,1.385497e+00,1.468988e+00,1.314856e+00,1.355405e+00,1.426891e+00,1.430522e+00,1.321787e+00,1.422188e+00,1.358994e+00,1.263924e+00,1.417380e+00,2.349037e+00,1.335606e+00,3.437580e+00,4.196558e+00,2.841222e+00,1.520924e+00,1.501762e+00,1.620513e+00,4.071217e+00,4.373281e+00,3.134178e+00,1.712957e+00,1.894709e+00,2.067309e+00,1.482104e+00,1.547503e+00,1.876253e+00,1.508140e+00,1.419314e+00,1.995315e+00,1.442370e+00,1.435389e+00,3.372518e+00,1.601859e+00,2.600663e+00,1.973143e+00,3.625806e+00,4.536373e+00,2.053413e+00,1.427547e+00,1.568329e+00,1.441158e+00,1.284708e+00,1.596809e+00,1.539000e+00,1.314118e+00,1.450604e+00,1.535388e+00,1.628701e+00,1.452433e+00,1.362846e+00,1.406702e+00,1.398281e+00,1.535695e+00,1.362880e+00,1.313185e+00,1.453886e+00,3.156830e+00,2.996437e+00,1.920512e+00,1.468739e+00,1.490938e+00,1.628979e+00,1.547809e+00,1.325110e+00,1.303440e+00,1.569850e+00,1.539138e+00,1.375321e+00,1.366480e+00,1.470903e+00,1.443156e+00,1.512601e+00,1.401374e+00,1.461183e+00,1.372277e+00
1.448078e+00,1.550502e+00,1.291084e+00,1.302963e+00,1.288738e+00,1.554056e+00,1.440341e+00,1.689296e+00,1.444559e+00,1.435408e+00,1.362196e+00,1.407955e+00,1.524290e+00,1.354869e+00,1.395889e+00,1.555312e+00,1.391146e+00,1.314194e+00,1.455440e+00,1.398889e+00,1.353497e+00,1.279235e+00,1.587190e+00,1.408678e+00,1.461632e+00,1.395014e+00,1.674821e+00,1.549226e+00,1.413567e+00,1.556956e+00,1.365209e+00,1.507035e+00,1.414539e+00,1.291262e+00,2.094465e+00,1.418508e+00,1.403363e+00,1.439920e+00,1.519329e+00,1.568759e+00,1.430122e+00,1.467968e+00,1.463054e+00,1.454977e+00,5.401745e+00,2.697342e+00,1.378023e+00,1.457833e+00,1.293675e+00,3.446156e+00,2.137803e+00,2.550007e+00,2.770373e+00,4.298558e+00,1.337351e+00,2.028145e+00,1.739853e+00,1.339085e+00,4.623720e+00,1.408228e+00,1.908224e+00,2.262519e+00,1.462562e+00,2.946262e+00,1.398431e+00,1.451557e+00,1.889060e+00,1.317007e+00,1.314604e+00,1.404722e+00,1.424837e+00,1.554645e+00,1.436211e+00,1.470825e+00,1.432074e+00,1.603842e+00,1.570844e+00,1.608255e+00,1.498635e+00,1.772422e+00,3.523376e+00,1.893807e+00,4.567033e+00,1.425069e+00,2.977609e+00,1.433354e+00,1.701383e+00,1.370927e+00,1.452830e+00,1.506861e+00,1.446980e+00,1.438891e+00,1.492737e+00,1.803915e+00,1.445848e+00,1.470272e+00,1.375475e+00,1.352932e+00,1.511775e+00,2.151398e+00,1.340940e+00,1.387464e+00,1.539068e+00,1.368020e+00,1.564016e+00,1.491628e+00,1.386924e+00,1.417910e+00,1.317785e+00,1.420535e+00,1.449878e+00,1.516533e+00,1.531725e+00,1.763811e+00,1.417912e+00,1.363901e+00,1.308947e+00,1.325842e+00,1.561765e+00,1.548221e+00,1.501527e+00,1.700258e+00,1.196122e+00,1.463695e+00,1.271297e+00,1.268967e+00,1.496010e+00,1.293388e+00,1.416166e+00,1.273940e+00,1.436060e+00,1.443205e+00,1.332664e+00,1.399725e+00,1.267312e+00,1.331532e+00,1.401200e+00,1.443918e+00,1.360866e+00,1.448199e+00,1.425899e+00,1.402290e+00,1.426050e+00,1.525869e+00,1.319865e+00,1.308818e+00,1.291528e+00,1.340304e+00,2.855192e+00,1.987190e+00,1.483637e+00,2.864360e+00,6.671439e+00,1.385514e+00,1.548855e+00,1.580917e+00,1.425514e+00,1.770447e+00,1.381059e+00,2.262418e+00,1.440088e+00,4.589894e+00,1.566373e+00,1.584744e+00,1.464073e+00,1.554540e+00,1.462692e+00,4.301384e+00,2.554360e+00,1.686186e+00,1.705007e+00,1.903162e+00,1.465015e+00,1.543125e+00,1.382761e+00,1.981328e+00,2.022020e+00,1.655528e+00,1.382057e+00,1.305409e+00,1.884312e+00,3.066014e+00,1.509587e+00,1.470266e+00,1.658413e+00,1.392721e+00,2.209014e+00,1.360077e+00,2.525864e+00,1.411076e+00,1.369255e+00,1.325372e+00,1.772091e+00,1.511514e+00,1.465297e+00,1.328469e+00,1.607284e+00,1.353014e+00,1.300671e+00,1.367534e+00,1.505204e+00,1.414294e+00,1.382961e+00,1.321800e+00,1.514871e+00,1.450612e+00,1.277735e+00,1.354526e+00,1.400500e+00,1.591891e+00,1.343000e+00,1.282063e+00,1.259675e+00,1.187597e+00,1.343338e+00
1.345399e+00,1.413899e+00,1.467001e+00,1.351453e+00,1.341755e+00,1.418573e+00,1.562854e+00,1.263827e+00,1.358299e+00,1.295609e+00,1.305495e+00,1.353947e+00,1.363955e+00,1.437466e+00,1.343238e+00,1.372292e+00,1.297624e+00,1.329794e+00,1.314149e+00,1.274673e+00,1.588355e+00,1.182936e+00,1.268188e+00,1.365087e+00,1.353895e+00,1.288547e+00,1.298571e+00,1.876212e+00,1.441928e+00,1.503544e+00,1.256076e+00,1.309589e+00,1.482195e+00,1.269496e+00,1.350064e+00,1.348736e+00,1.427896e+00,1.427307e+00,1.469916e+00,3.003495e+00,1.976030e+00,1.176852e+00,2.480156e+00,1.402467e+00,1.342257e+00,2.686703e+00,1.436149e+00,4.377757e+00,5.039700e+00,4.251931e+00,4.405719e+00,5.433665e+00,1.728007e+00,2.467687e+00,2.626154e+00,2.995913e+00,1.735439e+00,1.582878e+00,1.600897e+00,4.066779e+00,2.205418e+00,1.310833e+00,5.107781e+00,1.313364e+00,1.429472e+00,1.828126e+00,1.575173e+00,1.508073e+00,4.023902e+00,1.331056e+00,1.458107e+00,1.284945e+00,1.163234e+00,1.360584e+00,1.260369e+00,1.321824e+00,1.305150e+00,4.113948e+00,1.299764e+00,2.025205e+00,1.299575e+00,5.430412e+00,1.471450e+00,1.347339e+00,1.769181e+00,1.602712e+00,1.553878e+00,1.426481e+00,1.456004e+00,1.434816e+00,1.495671e+00,1.359571e+00,1.446041e+00,1.527216e+00,1.477760e+00,1.411788e+00,1.393189e+00,1.626804e+00,1.448358e+00,1.385396e+00,1.441352e+00,1.316382e+00,1.394542e+00,1.424061e+00,1.252291e+00,1.627492e+00,1.221252e+00,1.425394e+00,1.290768e+00,1.303878e+00,1.202549e+00,1.272135e+00,1.413778e+00,1.299143e+00,1.394830e+00,1.523862e+00,1.436252e+00,1.463835e+00,1.212079e+00,1.314418e+00,1.269613e+00,2.157094e+00,2.670989e+00,1.215819e+00,1.407865e+00,1.436523e+00,1.351692e+00,1.237503e+00,1.245084e+00,1.394314e+00,1.422870e+00,1.417336e+00,1.267511e+00,1.276985e+00,1.368733e+00,1.168062e+00,1.345297e+00,1.284793e+00,1.380234e+00,1.531762e+00,1.700138e+00,1.633539e+00,1.434196e+00,1.412569e+00,1.467339e+00,1.573104e+00,1.423329e+00,2.283276e+00,1.430892e+00,4.787178e+00,1.338018e+00,1.401782e+00,1.331316e+00,2.838824e+00,1.328622e+00,2.520552e+00,1.379472e+00,1.415099e+00,1.471951e+00,2.309921e+00,1.794040e+00,1.728524e+00,2.098363e+00,2.635868e+00,2.423105e+00,1.645307e+00,2.885152e+00,1.523023e+00,1.436180e+00,1.738744e+00,1.322839e+00,2.090792e+00,1.535423e+00,3.799669e+00,2.895400e+00,1.311210e+00,1.570742e+00,4.205352e+00,2.099194e+00,1.621839e+00,3.238827e+00,2.293064e+00,1.385235e+00,2.372163e+00,1.613922e+00,1.339267e+00,2.059002e+00,1.555221e+00,1.543476e+00,1.343994e+00,1.306048e+00,1.503167e+00,1.414122e+00,1.266214e+00,1.361153e+00,1.383593e+00,1.315337e+00,1.507820e+00,1.341033e+00,1.396238e+00,1.976730e+00,1.255580e+00,1.426972e+00,1.295419e+00,1.437655e+00,1.355586e+00,1.404597e+00,1.412773e+00,1.442272e+00,1.379392e+00,1.473682e+00,1.275144e+00,1.290777e+00,1.389640e+00,1.330019e+00
1.329081e+00,1.284380e+00,1.529949e+00,1.424802e+00,1.346431e+00,1.513707e+00,1.704839e+00,1.371490e+00,1.385255e+00,1.250541e+00,1.417889e+00,1.519457e+00,1.317750e+00,1.289140e+00,1.399255e+00,1.338098e+00,1.318500e+00,1.528519e+00,1.284302e+00,1.288403e+00,1.389575e+00,1.372854e+00,1.388679e+00,1.474807e+00,1.333034e+00,1.258453e+00,1.216703e+00,1.358841e+00,1.297259e+00,1.298966e+00,1.355385e+00,1.470002e+00,1.455387e+00,1.139315e+00,1.369172e+00,1.441540e+00,1.380314e+00,5.065301e+00,3.278969e+00,2.759150e+00,2.440453e+00,1.607692e+00,1.219892e+00,2.263782e+00,2.198682e+00,5.197685e+00,3.296393e+00,1.254339e+00,2.196926e+00,2.069459e+00,1.184260e+00,1.812315e+00,4.539936e+00,1.192670e+00,3.214326e+00,2.128573e+00,1.537596e+00,1.413470e+00,1.305896e+00,1.602495e+00,1.470193e+00,1.886255e+00,1.420843e+00,2.596739e+00,1.328145e+00,1.601209e+00,1.235029e+00,1.577971e+00,1.307234e+00,1.637790e+00,1.386495e+00,1.298582e+00,1.286582e+00,1.373669e+00,1.360226e+00,1.207607e+00,1.377083e+00,1.464904e+00,1.434096e+00,1.312703e+00,6.985653e+00,1.379568e+00,1.419459e+00,1.226870e+00,1.209636e+00,1.311857e+00,1.356281e+00,1.359007e+00,1.266812e+00,1.238529e+00,1.275415e+00,1.105592e+00,1.364491e+00,1.333733e+00,1.219251e+00,1.218777e+00,1.194437e+00,1.459835e+00,1.258229e+00,1.358352e+00,1.490582e+00,1.204823e+00,1.178961e+00,1.374363e+00,1.257205e+00,1.229396e+00,1.339156e+00,1.266709e+00,1.302940e+00,1.173685e+00,1.189016e+00,1.348975e+00,1.225724e+00,1.269421e+00,1.250174e+00,1.339408e+00,1.426301e+00,1.331161e+00,1.297706e+00,1.300450e+00,2.044885e+00,4.339599e+00,1.775589e+00,2.529945e+00,1.866882e+00,1.300626e+00,1.331102e+00,1.542111e+00,1.295886e+00,1.235882e+00,1.248517e+00,1.288570e+00,1.288307e+00,1.297280e+00,1.287443e+00,1.340742e+00,1.227451e+00,1.398471e+00,1.426811e+00,1.395900e+00,1.267621e+00,1.417498e+00,1.307966e+00,1.368560e+00,1.250305e+00,1.291649e+00,nan,3.606582e+00,1.874350e+00,8.625435e+00,3.527974e+00,1.362319e+00,1.489213e+00,1.261256e+00,1.917521e+00,1.201447e+00,1.353236e+00,1.308685e+00,1.455819e+00,1.294373e+00,1.339319e+00,1.645540e+00,1.434526e+00,1.187986e+00,1.449520e+00,1.616769e+00,1.238609e+00,1.757486e+00,2.239467e+00,1.375146e+00,1.279207e+00,2.643540e+00,4.265336e+00,3.712176e+00,1.337189e+00,1.256845e+00,1.768646e+00,1.240205e+00,2.112410e+00,1.262385e+00,1.460002e+00,1.224948e+00,1.316964e+00,2.371347e+00,1.298871e+00,1.522771e+00,1.247221e+00,1.395912e+00,1.312906e+00,1.557049e+00,1.334284e+00,1.315364e+00,1.237559e+00,1.264903e+00,1.167005e+00,1.315682e+00,1.656955e+00,2.698743e+00,1.237966e+00,1.251400e+00,1.334905e+00,1.286316e+00,1.293431e+00,1.293335e+00,1.313936e+00,1.313168e+00,1.342894e+00,1.358264e+00,1.339987e+00,1.329164e+00,1.293679e+00,1.148846e+00,1.317398e+00,1.246429e+00,1.274479e+00
1.456559e+00,1.340481e+00,1.192626e+00,1.340797e+00,1.226366e+00,1.347311e+00,1.174293e+00,1.254240e+00,1.254750e+00,1.178279e+00,1.188960e+00,1.193169e+00,1.252553e+00,1.485763e+00,1.311916e+00,1.328995e+00,1.297381e+00,1.495790e+00,1.273818e+00,1.299919e+00,1.241127e+00,1.370776e+00,1.364137e+00,1.221588e+00,1.250934e+00,1.213003e+00,1.268951e+00,1.317011e+00,1.332789e+00,1.263177e+00,1.425460e+00,1.341554e+00,1.176928e+00,1.333053e+00,1.594798e+00,2.247689e+00,1.303100e+00,2.484649e+00,1.473152e+00,1.682558e+00,4.188119e+00,1.978377e+00,2.066575e+00,1.534464e+00,3.581069e+00,3.941988e+00,5.287778e+00,3.470124e+00,5.068986e+00,3.534230e+00,4.065030e+00,9.349451e+00,2.692000e+00,1.281850e+00,1.346764e+00,1.728305e+00,1.297671e+00,1.198951e+00,2.850246e+00,4.492455e+00,1.459959e+00,1.863419e+00,1.790824e+00,1.255606e+00,1.431501e+00,1.211489e+00,1.283346e+00,1.436825e+00,3.497651e+00,1.339708e+00,1.328691e+00,1.256984e+00,1.133630e+00,1.210602e+00,1.408506e+00,1.303710e+00,3.080265e+00,1.406863e+00,1.252843e+00,2.531038e+00,2.220240e+00,2.431650e+00,3.066121e+00,1.427827e+00,1.414515e+00,1.284218e+00,2.372256e+00,1.539161e+00,1.333356e+00,1.486221e+00,1.306590e+00,1.194004e+00,1.163913e+00,1.306744e+00,1.334568e+00,1.171043e+00,1.327872e+00,1.324001e+00,1.311053e+00,1.625105e+00,1.173817e+00,1.530861e+00,1.272741e+00,1.383570e+00,1.179585e+00,1.399765e+00,1.434500e+00,1.151149e+00,1.317352e+00,1.226633e+00,1.235578e+00,1.175874e+00,1.174896e+00,1.325575e+00,1.248146e+00,1.343731e+00,1.547399e+00,1.362426e+00,4.137441e+00,4.362154e+00,1.249993e+00,1.471082e+00,1.364789e+00,1.491835e+00,2.261764e+00,1.217888e+00,1.688616e+00,1.231432e+00,1.225263e+00,1.220985e+00,1.188381e+00,1.454639e+00,1.278726e+00,1.315484e+00,1.211957e+00,1.223299e+00,1.399020e+00,1.113882e+00,1.213750e+00,1.292531e+00,1.324561e+00,1.404555e+00,1.378680e+00,1.137709e+00,3.418519e+00,2.820551e+00,2.354828e+00,2.086297e+00,1.191646e+00,1.261282e+00,1.498997e+00,1.215421e+00,3.909378e+00,1.409746e+00,1.720371e+00,1.372027e+00,1.494243e+00,1.480945e+00,1.290878e+00,1.362997e+00,1.503285e+00,2.109817e+00,1.674314e+00,1.262511e+00,1.537390e+00,1.465906e+00,1.295080e+00,1.541349e+00,1.523310e+00,1.373358e+00,2.547844e+00,1.237493e+00,1.191729e+00,2.841195e+00,1.318308e+00,1.379624e+00,1.391633e+00,1.355840e+00,2.117862e+00,1.369702e+00,2.265840e+00,1.245877e+00,1.327508e+00,1.215939e+00,1.293370e+00,1.403163e+00,1.315592e+00,1.210622e+00,1.406427e+00,1.288443e+00,1.339555e+00,1.283215e+00,1.420604e+00,1.293473e+00,1.402725e+00,1.400401e+00,2.363575e+00,2.313381e+00,1.173439e+00,1.376573e+00,1.220435e+00,1.359360e+00,1.263675e+00,1.295077e+00,1.345241e+00,1.226652e+00,1.304800e+00,1.353095e+00,1.385221e+00,1.402564e+00,1.302242e+00,1.277483e+00,1.466233e+00,1.420315e+00,1.155674e+00
1.111817e+00,1.189613e+00,1.278242e+00,1.191351e+00,1.349974e+00,1.213787e+00,1.147209e+00,1.148441e+00,1.174685e+00,1.333827e+00,1.228809e+00,1.197104e+00,1.436508e+00,1.179623e+00,1.167280e+00,1.226544e+00,1.296961e+00,1.280608e+00,1.532019e+00,1.246005e+00,1.262938e+00,1.251764e+00,1.186762e+00,1.218563e+00,1.238696e+00,1.219110e+00,1.357968e+00,1.203016e+00,1.201219e+00,1.370406e+00,1.087727e+00,1.336525e+00,1.195094e+00,1.232265e+00,3.469879e+00,1.290680e+00,1.407513e+00,1.392151e+00,1.208290e+00,1.272346e+00,1.307286e+00,1.379352e+00,5.014771e+00,1.554321e+00,2.740176e+00,2.200949e+00,1.165163e+00,2.497699e+00,2.525195e+00,3.665590e+00,2.421477e+00,2.126256e+00,1.762866e+00,1.347506e+00,2.744524e+00,1.607209e+00,1.890066e+00,1.489446e+00,1.194609e+00,4.764566e+00,3.740470e+00,1.198113e+00,1.326085e+00,1.619278e+00,1.243828e+00,1.406767e+00,1.155987e+00,3.220857e+00,1.239812e+00,1.586466e+00,1.237208e+00,1.173415e+00,1.234914e+00,1.334879e+00,1.233869e+00,1.163209e+00,1.202568e+00,3.489200e+00,4.817048e+00,2.881862e+00,2.272902e+00,3.094696e+00,1.552740e+00,2.335355e+00,1.602927e+00,1.747309e+00,1.723190e+00,8.731051e+00,3.515080e+00,1.437960e+00,2.973016e+00,2.457015e+00,1.243159e+00,1.184426e+00,1.412564e+00,1.334475e+00,1.220286e+00,1.449890e+00,1.194929e+00,1.283977e+00,1.283366e+00,1.189011e+00,1.223855e+00,1.281140e+00,3.203459e+00,1.283286e+00,1.315590e+00,1.621000e+00,1.170987e+00,1.340776e+00,1.192710e+00,1.279814e+00,1.212490e+00,1.364347e+00,1.420637e+00,2.638884e+00,2.278682e+00,4.043820e+00,1.509345e+00,1.267655e+00,1.466375e+00,1.315223e+00,1.277243e+00,1.146287e+00,1.268707e+00,3.306928e+00,1.680391e+00,1.249032e+00,1.119260e+00,1.136564e+00,1.169927e+00,1.186861e+00,1.232121e+00,1.192948e+00,1.316671e+00,1.165455e+00,1.125421e+00,1.284252e+00,1.323508e+00,1.311022e+00,1.388205e+00,1.371736e+00,1.019332e+01,1.023567e+01,3.577311e+00,1.233209e+00,2.067690e+00,1.291721e+00,4.003902e+00,1.857175e+00,1.464182e+00,1.253721e+00,1.664626e+00,1.341065e+00,1.302254e+00,1.309064e+00,1.301950e+00,1.237985e+00,1.352006e+00,3.043313e+00,1.445945e+00,1.286137e+00,1.346633e+00,1.776761e+00,1.835150e+00,1.651535e+00,1.678463e+00,1.379005e+00,4.332096e+00,1.735147e+00,7.689192e+00,1.203378e+00,1.618683e+00,1.347680e+00,2.384542e+00,1.139811e+00,1.686905e+00,1.656390e+00,3.842110e+00,1.557827e+00,1.154504e+00,1.492607e+00,1.090639e+00,1.672059e+00,1.476372e+00,1.546201e+00,1.716583e+00,1.210078e+00,2.107371e+00,1.319951e+00,1.261097e+00,1.352938e+00,1.346936e+00,1.278893e+00,1.435739e+00,1.200636e+00,3.114419e+00,1.848888e+00,1.316840e+00,1.291966e+00,1.223166e+00,1.160886e+00,1.204392e+00,1.238896e+00,1.263359e+00,1.275722e+00,1.491546e+00,1.265411e+00,1.309127e+00,1.140059e+00,1.278310e+00,1.240930e+00,1.250594e+00,1.254039e+00,1.284117e+00
1.296524e+00,1.234497e+00,1.215822e+00,1.077778e+00,1.063967e+00,1.241940e+00,1.250849e+00,1.192916e+00,1.236441e+00,1.430826e+00,1.124049e+00,1.137279e+00,1.185902e+00,1.516310e+00,1.229836e+00,1.188466e+00,1.200210e+00,1.119997e+00,1.234078e+00,1.108979e+00,1.086885e+00,1.428999e+00,1.435370e+00,1.315077e+00,1.163144e+00,1.199349e+00,1.267795e+00,1.221843e+00,1.298859e+00,1.173022e+00,1.240708e+00,1.329209e+00,1.463583e+00,1.576021e+00,2.443830e+00,1.351799e+00,1.236934e+00,1.170860e+00,2.416052e+00,1.180576e+00,1.727283e+00,1.440559e+00,1.292942e+00,1.399940e+00,1.267083e+00,1.687899e+00,1.241158e+00,1.308627e+00,1.297407e+00,4.470311e+00,1.524109e+00,5.146438e+00,2.385221e+00,1.872069e+00,2.309394e+00,1.223314e+00,1.225399e+00,1.303603e+00,1.248281e+00,1.694577e+00,1.313237e+00,2.543142e+00,1.680622e+00,1.709966e+00,2.156796e+00,2.398051e+00,1.319105e+00,1.468208e+00,1.488104e+00,2.602592e+00,2.060073e+00,1.156526e+00,1.179618e+00,1.142875e+00,1.310194e+00,1.383296e+00,1.267977e+00,1.436367e+00,1.157129e+00,1.278767e+00,1.302835e+00,1.285557e+00,3.033976e+00,1.244813e+00,1.078215e+00,1.403202e+00,4.553637e+00,1.950351e+00,4.844666e+00,1.370721e+00,1.217355e+00,1.555045e+00,9.919641e-01,1.500484e+00,2.093810e+00,1.461315e+00,2.131059e+00,1.651093e+00,1.251750e+00,1.605979e+00,1.193986e+00,1.341683e+00,1.404804e+00,1.329280e+00,1.115356e+00,1.228233e+00,1.631443e+00,1.575742e+00,1.187650e+00,1.107670e+00,1.441815e+00,2.062481e+00,1.391908e+00,1.213265e+00,1.961622e+00,1.356305e+00,1.264644e+00,1.503182e+00,1.209182e+00,1.368578e+00,1.397840e+00,1.260300e+00,1.305528e+00,1.257247e+00,1.261135e+00,1.286390e+00,1.158453e+00,1.240584e+00,1.352461e+00,1.398541e+00,1.156169e+00,1.210528e+00,1.209486e+00,1.462597e+00,1.292057e+00,1.317882e+00,1.282313e+00,1.255068e+00,1.284743e+00,1.221080e+00,3.250169e+00,nan,nan,2.688379e+00,4.072391e+00,1.562372e+00,2.686333e+00,1.451174e+00,3.074150e+00,4.185370e+00,1.254478e+00,2.418146e+00,1.364642e+00,3.949736e+00,1.240178e+00,1.338833e+00,1.360297e+00,1.799320e+00,1.378442e+00,1.826710e+00,1.286226e+00,1.857428e+00,1.689255e+00,1.330399e+00,2.610251e+00,3.269269e+00,1.437151e+00,2.318282e+00,1.221937e+00,1.221504e+00,1.313423e+00,1.540159e+00,1.343651e+00,1.203204e+00,1.470367e+00,1.325187e+00,4.734237e+00,2.223423e+00,1.203326e+00,1.576019e+00,1.407198e+00,1.548724e+00,1.134230e+00,1.596807e+00,2.273136e+00,1.378997e+00,1.419187e+00,1.393622e+00,1.202784e+00,1.157616e+00,1.164467e+00,1.201049e+00,1.222863e+00,1.302129e+00,2.569320e+00,4.440605e+00,1.706899e+00,1.377926e+00,1.278575e+00,1.254844e+00,1.289166e+00,1.230481e+00,1.157984e+00,1.324281e+00,1.161254e+00,1.206085e+00,1.217047e+00,1.292136e+00,1.325166e+00,1.190155e+00,1.252720e+00,1.340345e+00,1.358725e+00,1.347180e+00,1.508451e+00
1.238362e+00,1.308095e+00,1.180385e+00,1.316456e+00,1.269612e+00,1.236192e+00,1.272414e+00,1.200931e+00,1.182898e+00,1.255583e+00,1.153611e+00,1.208770e+00,1.300511e+00,1.239262e+00,1.078487e+00,1.274796e+00,1.225614e+00,1.235981e+00,1.105038e+00,1.371354e+00,1.191550e+00,1.262511e+00,1.241420e+00,1.121082e+00,1.252252e+00,1.358737e+00,1.305240e+00,1.226227e+00,1.167498e+00,1.089722e+00,1.307155e+00,1.221570e+00,1.401399e+00,1.220363e+00,1.315731e+00,1.387748e+00,1.285798e+00,1.309293e+00,1.611728e+00,1.633200e+00,1.251802e+00,2.761668e+00,2.491881e+00,1.111837e+00,1.421084e+00,1.249204e+00,1.202972e+00,1.214270e+00,2.680075e+00,1.441865e+00,2.349027e+00,1.634101e+00,1.285195e+00,1.447895e+00,4.175920e+00,1.602737e+00,1.148439e+00,1.195139e+00,1.230141e+00,1.327530e+00,1.440183e+00,1.309492e+00,1.380169e+00,1.655547e+00,1.294206e+00,1.405359e+00,2.374564e+00,1.372770e+00,1.455008e+00,1.295902e+00,1.469583e+00,1.318112e+00,1.228065e+00,1.206836e+00,1.160499e+00,1.212737e+00,1.121282e+00,1.434741e+00,5.953388e+00,3.949753e+00,1.499991e+00,1.255666e+00,1.455069e+00,1.140743e+00,1.270673e+00,1.293462e+00,2.511854e+00,5.341828e+00,1.327991e+00,1.362448e+00,1.261422e+00,1.314409e+00,1.036638e+00,1.164348e+00,1.043623e+00,1.084897e+00,1.202197e+00,3.199040e+00,1.777394e+00,1.371151e+00,1.115703e+00,1.625101e+00,1.350901e+00,1.205261e+00,1.196651e+00,1.147159e+00,1.273146e+00,1.172891e+00,1.218011e+00,1.019820e+01,1.425429e+00,3.528867e+00,1.280830e+00,1.212753e+00,3.125085e+00,1.507406e+00,1.387005e+00,1.590233e+00,1.282963e+00,2.169282e+00,2.820314e+00,3.541760e+00,2.770094e+00,3.734631e+00,4.811864e+00,1.572647e+00,1.155593e+00,1.386377e+00,1.634627e+00,1.181358e+00,1.290529e+00,1.114199e+00,1.308509e+00,1.166284e+00,1.241574e+00,1.157684e+00,1.063894e+00,1.539175e+00,1.860418e+00,7.900693e+00,3.761003e+00,3.603479e+00,4.624463e+00,1.481745e+00,3.101637e+00,1.854798e+00,1.398119e+00,1.347746e+00,2.174737e+00,1.587957e+00,1.404626e+00,1.748125e+00,1.370880e+00,1.792986e+00,1.178343e+00,3.125601e+00,1.154858e+00,1.458048e+00,1.465489e+00,3.497677e+00,3.898966e+00,1.817402e+00,2.283765e+00,1.184737e+00,1.401308e+00,2.121213e+00,1.367295e+00,1.258910e+00,1.152669e+00,1.304603e+00,1.109871e+00,2.360194e+00,1.823392e+00,1.167403e+00,1.762536e+00,1.299449e+00,1.972060e+00,1.711838e+00,1.290679e+00,2.599734e+00,1.959594e+00,1.347991e+00,1.312837e+00,1.198889e+00,1.534471e+00,1.212578e+00,1.223199e+00,1.139470e+00,1.299311e+00,1.111037e+00,1.262962e+00,1.349547e+00,1.386278e+00,1.245531e+00,1.299595e+00,5.220010e+00,4.331822e+00,1.284475e+00,1.131601e+00,1.118815e+00,1.195929e+00,1.175985e+00,1.152730e+00,1.075330e+00,1.072990e+00,1.201940e+00,1.246781e+00,1.046585e+00,1.337861e+00,1.140454e+00,1.157241e+00,1.149527e+00,1.150572e+00,1.408801e+00,1.234387e+00
1.484932e+00,1.165620e+00,1.312119e+00,1.346373e+00,1.246031e+00,1.060419e+00,1.316387e+00,1.251792e+00,1.185526e+00,1.190169e+00,1.391158e+00,1.215300e+00,1.330411e+00,1.144003e+00,1.366508e+00,1.300166e+00,1.231871e+00,1.153630e+00,1.376968e+00,1.239551e+00,1.313438e+00,1.263425e+00,1.270377e+00,1.094182e+00,1.226578e+00,1.159198e+00,1.190530e+00,1.350690e+00,1.228382e+00,1.044050e+00,1.223626e+00,1.043263e+00,1.167489e+00,1.800979e+00,1.329175e+00,1.421975e+00,1.117414e+00,1.157288e+00,1.258946e+00,1.958695e+00,1.190335e+00,1.280904e+00,1.339813e+00,5.193764e+00,1.283455e+00,2.406687e+00,2.617887e+00,2.260756e+00,1.500307e+00,1.176403e+00,1.434542e+00,3.892795e+00,1.774984e+00,1.319597e+00,1.243572e+00,1.588487e+00,1.206644e+00,2.116305e+00,2.799790e+00,1.112990e+00,1.126246e+00,1.328009e+00,1.249886e+00,2.739400e+00,1.150481e+00,1.217415e+00,3.061607e+00,1.414027e+00,1.279443e+00,1.657124e+00,1.858558e+00,1.156442e+00,1.475631e+00,1.226831e+00,1.235207e+00,1.207667e+00,1.215006e+00,1.289605e+00,1.374108e+00,1.511604e+00,1.613062e+00,1.294914e+00,2.008626e+00,2.843786e+00,4.458529e+00,1.222265e+00,5.501091e+00,1.770176e+00,1.557974e+00,1.256409e+00,1.195482e+00,1.245706e+00,1.417470e+00,1.136594e+00,1.134899e+00,1.169147e+00,1.092787e+00,1.288090e+00,1.681771e+00,1.540883e+00,3.786557e+00,1.245000e+00,1.293518e+00,2.069790e+00,1.303575e+00,1.498845e+00,1.336458e+00,1.301140e+00,1.175414e+00,4.077189e+00,4.114315e+00,3.149674e+00,2.958138e+00,1.392706e+00,1.116429e+00,3.515787e+00,2.308853e+00,3.176174e+00,1.848169e+00,1.313112e+00,1.309049e+00,1.306803e+00,1.283858e+00,1.176109e+00,1.255056e+00,1.255716e+00,1.211993e+00,1.557824e+00,1.645653e+00,4.609862e+00,2.267223e+00,1.208993e+00,1.229034e+00,1.253531e+00,1.082596e+00,1.171617e+00,3.619779e+00,1.037510e+01,2.161653e+00,1.246573e+00,1.498867e+00,1.477113e+00,3.352007e+00,2.651828e+00,4.858726e+00,2.184738e+00,2.017515e+00,3.157242e+00,1.421323e+00,4.655316e+00,1.499365e+00,2.240603e+00,1.284313e+00,1.858489e+00,1.463084e+00,1.712745e+00,1.314992e+00,5.287880e+00,1.282145e+00,1.217286e+00,1.793711e+00,1.455341e+00,1.752947e+00,1.178604e+00,1.246273e+00,1.325916e+00,1.135037e+00,1.240898e+00,1.121519e+00,1.429701e+00,1.252530e+00,1.079448e+00,1.454232e+00,2.223360e+00,1.424879e+00,2.217990e+00,1.773407e+00,1.246947e+00,1.252273e+00,1.268646e+00,1.082148e+00,1.877169e+00,1.889426e+00,1.562582e+00,1.314546e+00,2.136415e+00,1.243404e+00,1.386542e+00,1.520552e+00,1.262149e+00,1.355151e+00,1.128239e+00,1.204096e+00,1.125270e+00,1.190626e+00,1.560262e+00,1.436841e+00,1.173980e+00,1.470542e+00,1.270166e+00,1.403851e+00,1.143523e+00,1.304926e+00,1.238546e+00,1.278539e+00,1.483453e+00,1.145188e+00,1.177899e+00,1.153697e+00,1.184336e+00,1.325360e+00,1.138885e+00,1.157075e+00,1.316424e+00,1.284692e+00
1.273105e+00,1.123171e+00,1.309056e+00,1.258644e+00,1.301432e+00,1.146128e+00,1.260690e+00,1.233200e+00,1.410588e+00,1.233646e+00,1.321468e+00,1.295760e+00,1.290862e+00,1.323301e+00,1.222221e+00,1.233357e+00,1.350418e+00,1.252059e+00,1.362202e+00,1.249303e+00,1.304679e+00,1.263951e+00,1.283434e+00,1.212114e+00,1.224624e+00,1.198659e+00,1.436109e+00,1.284965e+00,1.162633e+00,1.295971e+00,1.251965e+00,1.418105e+00,1.195799e+00,1.257456e+00,1.147332e+00,1.420464e+00,1.260916e+00,1.315373e+00,1.318396e+00,1.353764e+00,2.011059e+00,1.188135e+00,2.094861e+00,2.414855e+00,1.912634e+00,1.255504e+00,2.055303e+00,1.348927e+00,1.573596e+00,1.439637e+00,1.403470e+00,1.366634e+00,3.040133e+00,1.824974e+00,1.417224e+00,1.367764e+00,1.580864e+00,1.218983e+00,1.342556e+00,1.763540e+00,1.484964e+00,2.446365e+00,1.210818e+00,1.422526e+00,1.719518e+00,3.164266e+00,1.696669e+00,2.348776e+00,1.315283e+00,4.875818e+00,1.748486e+00,1.436155e+00,1.202371e+00,1.211192e+00,1.217885e+00,1.218175e+00,1.208056e+00,1.328739e+00,3.151880e+00,9.451101e+00,3.895152e+00,5.014939e+00,4.519309e+00,1.202338e+00,1.304372e+00,1.804540e+00,1.429526e+00,2.218591e+00,1.277386e+00,1.228240e+00,1.385170e+00,1.329929e+00,1.324041e+00,1.131924e+00,1.238100e+00,1.240734e+00,1.257000e+00,1.397615e+00,1.180120e+00,1.250968e+00,1.510612e+00,3.219208e+00,1.327707e+00,1.338493e+00,2.719147e+00,1.161344e+00,1.249483e+00,1.296771e+00,1.293265e+00,1.163150e+00,1.821569e+00,1.582139e+00,1.264132e+00,2.346930e+00,1.232050e+00,2.892950e+00,5.045337e+00,1.565846e+00,1.185070e+00,1.399250e+00,1.909661e+00,1.635609e+00,3.033801e+00,1.188706e+00,1.174507e+00,1.403880e+00,1.446408e+00,1.204172e+00,1.371464e+00,1.239575e+00,1.223755e+00,1.284074e+00,1.231843e+00,1.270407e+00,4.415065e+00,nan,2.279113e+00,1.663840e+00,2.379817e+00,4.616986e+00,1.303509e+00,1.520792e+00,1.260507e+00,3.533846e+00,1.696408e+00,2.698325e+00,1.641281e+00,1.148930e+00,1.655677e+00,1.236970e+00,1.226998e+00,1.734530e+00,1.488475e+00,1.418805e+00,2.803796e+00,2.507571e+00,1.909230e+00,1.409337e+00,1.787881e+00,1.820799e+00,1.861532e+00,1.347850e+00,1.261389e+00,1.398585e+00,1.253563e+00,1.132672e+00,1.282619e+00,1.289192e+00,1.306905e+00,1.222836e+00,1.202139e+00,2.280879e+00,1.323680e+00,1.283671e+00,1.826903e+00,1.243498e+00,2.455854e+00,1.565552e+00,1.185512e+00,3.746535e+00,1.263755e+00,1.148192e+00,1.259626e+00,1.696313e+00,1.603397e+00,1.543918e+00,1.287331e+00,1.140707e+00,1.392636e+00,1.213443e+00,1.228432e+00,1.458671e+00,1.178994e+00,1.258323e+00,1.834826e+00,1.455068e+00,1.749068e+00,1.266208e+00,1.269012e+00,1.089528e+00,1.232318e+00,1.246900e+00,1.235053e+00,1.221814e+00,1.228285e+00,1.136652e+00,1.306285e+00,1.168228e+00,1.253612e+00,1.189461e+00,1.199342e+00,1.331813e+00,1.232421e+00,1.218503e+00,1.198874e+00
1.168073e+00,1.217064e+00,1.221837e+00,1.285571e+00,1.339368e+00,1.213681e+00,1.263552e+00,1.328722e+00,1.203362e+00,1.139619e+00,1.276690e+00,1.268780e+00,1.283801e+00,1.181825e+00,1.256824e+00,1.416589e+00,1.420658e+00,1.237294e+00,1.124698e+00,1.142506e+00,1.246208e+00,1.157805e+00,1.249009e+00,1.217890e+00,1.153840e+00,1.344519e+00,1.169392e+00,1.250831e+00,1.196814e+00,1.290897e+00,1.349179e+00,1.238588e+00,1.210889e+00,1.294109e+00,1.259595e+00,1.305319e+00,1.494667e+00,1.284500e+00,1.309879e+00,1.288163e+00,1.481053e+00,1.150009e+00,1.142393e+00,1.352967e+00,1.846921e+00,1.363492e+00,1.431958e+00,1.496701e+00,1.290193e+00,1.285658e+00,1.287608e+00,1.249529e+00,1.109218e+00,1.550858e+00,1.699747e+00,1.570842e+00,1.263265e+00,1.184144e+00,2.796803e+00,1.349460e+00,2.103807e+00,2.050527e+00,1.926838e+00,1.997742e+00,1.960263e+00,1.195444e+00,1.079189e+00,1.345640e+00,1.413874e+00,1.192301e+00,1.243248e+00,2.817587e+00,2.936343e+00,1.180087e+00,1.189518e+00,1.211051e+00,1.250035e+00,1.377682e+00,9.763080e+00,4.658093e+00,1.740020e+00,1.143047e+00,4.398506e+00,3.579848e+00,3.509601e+00,7.672073e+00,2.532693e+00,2.162357e+00,1.198309e+00,1.320288e+00,1.115972e+00,1.202372e+00,2.407823e+00,1.182350e+00,1.128774e+00,1.156828e+00,1.412854e+00,1.218169e+00,1.070571e+00,1.315978e+00,2.208009e+00,2.489633e+00,1.215202e+00,1.151252e+00,3.635943e+00,1.439845e+00,1.622664e+00,1.269501e+00,1.799296e+00,1.827308e+00,2.008505e+00,1.537288e+00,1.708904e+00,1.404308e+00,3.405823e+00,1.145898e+00,1.280012e+00,1.176135e+00,1.255686e+00,2.867922e+00,1.919701e+00,1.273503e+00,2.339380e+00,1.427877e+00,7.430922e+00,5.075419e+00,4.501514e+00,1.933080e+00,1.323078e+00,1.413664e+00,1.265449e+00,1.244676e+00,2.388656e+00,2.941542e+00,1.023695e+01,1.898394e+00,1.104163e+00,1.966479e+00,1.953523e+00,2.751609e+00,1.516946e+00,1.428604e+00,1.246662e+00,1.161615e+00,2.318806e+00,1.264693e+00,1.992885e+00,4.915942e+00,3.583082e+00,1.521246e+00,1.419921e+00,1.232136e+00,1.425391e+00,1.299457e+00,2.634134e+00,1.350204e+00,2.465268e+00,1.263070e+00,1.095694e+00,1.287660e+00,1.296809e+00,1.867898e+00,1.728346e+00,1.328671e+00,2.315673e+00,1.186139e+00,1.327296e+00,1.091090e+00,1.238907e+00,1.319749e+00,1.670737e+00,1.241160e+00,1.240734e+00,1.246422e+00,1.330721e+00,3.548752e+00,1.204141e+00,1.277817e+00,3.740068e+00,1.361924e+00,1.628910e+00,3.186909e+00,1.366339e+00,1.242762e+00,2.077534e+00,1.187711e+00,1.209967e+00,1.597799e+00,1.188556e+00,1.305966e+00,1.214662e+00,1.191539e+00,1.198513e+00,1.231643e+00,4.132555e+00,1.213094e+00,1.291100e+00,1.396999e+00,1.136557e+00,1.470840e+00,1.290662e+00,1.181057e+00,1.152109e+00,1.342810e+00,1.256272e+00,1.148929e+00,1.292228e+00,1.145048e+00,1.149940e+00,1.252921e+00,1.143874e+00,1.198317e+00,1.232368e+00,1.272772e+00,1.223436e+00
1.324181e+00,1.319132e+00,1.206816e+00,1.193674e+00,1.242664e+00,1.396233e+00,1.348843e+00,1.207596e+00,1.387435e+00,1.570723e+00,1.193171e+00,1.290025e+00,1.334983e+00,1.125625e+00,1.307171e+00,1.186170e+00,1.215979e+00,1.164459e+00,1.295632e+00,1.198660e+00,1.454259e+00,1.219422e+00,1.265598e+00,1.203333e+00,1.293515e+00,1.314907e+00,1.204755e+00,1.269660e+00,1.168766e+00,1.355847e+00,1.493343e+00,1.341878e+00,1.209868e+00,1.229539e+00,1.426287e+00,1.489427e+00,1.551487e+00,1.366832e+00,1.484012e+00,1.533510e+00,1.163483e+00,1.514113e+00,1.346499e+00,1.445639e+00,1.700472e+00,2.282365e+00,2.077055e+00,1.750609e+00,3.492417e+00,1.393854e+00,1.535540e+00,2.618716e+00,1.261158e+00,2.958618e+00,1.340586e+00,1.302870e+00,1.400592e+00,1.338716e+00,1.584920e+00,1.407039e+00,1.619699e+00,1.302375e+00,3.624877e+00,1.323644e+00,1.265887e+00,2.241901e+00,1.720219e+00,2.165141e+00,1.545514e+00,1.549384e+00,1.333332e+00,1.222104e+00,1.595891e+00,1.227175e+00,1.357575e+00,1.346536e+00,1.367168e+00,1.290632e+00,2.473358e+00,4.443762e+00,1.604470e+00,1.798815e+00,1.431834e+00,3.061614e+00,4.835556e+00,1.941193e+00,4.693736e+00,1.475497e+00,1.094292e+00,2.051360e+00,1.378405e+00,1.350378e+00,2.664973e+00,1.370058e+00,1.176458e+00,1.397673e+00,1.383578e+00,1.300355e+00,1.267961e+00,1.464818e+00,3.535112e+00,1.448415e+00,1.694907e+00,1.152488e+00,2.132018e+00,1.263933e+00,1.123147e+00,1.309945e+00,1.241102e+00,1.332089e+00,1.303256e+00,1.157570e+00,1.679551e+00,1.399567e+00,1.243894e+00,1.266751e+00,1.228750e+00,3.424860e+00,3.623616e+00,1.625097e+00,1.211650e+00,1.639271e+00,2.254420e+00,1.961588e+00,1.241523e+00,2.380470e+00,1.356541e+00,2.314417e+00,1.951683e+00,2.196997e+00,1.974252e+00,1.040220e+01,nan,5.647169e+00,1.974622e+00,1.621691e+00,2.919625e+00,2.074039e+00,1.502851e+00,1.426476e+00,1.384674e+00,1.173554e+00,1.372322e+00,1.415348e+00,3.211743e+00,1.724403e+00,1.469390e+00,2.458378e+00,1.463507e+00,1.314965e+00,1.258677e+00,1.296703e+00,1.106792e+00,1.185904e+00,1.333462e+00,1.458717e+00,2.172579e+00,1.287189e+00,1.499866e+00,1.778391e+00,1.581727e+00,1.584911e+00,1.193069e+00,5.324247e+00,1.883144e+00,1.257129e+00,1.226460e+00,1.407101e+00,1.357573e+00,1.300751e+00,2.254462e+00,1.415874e+00,1.852408e+00,1.348651e+00,1.254573e+00,2.402164e+00,3.148043e+00,1.752526e+00,1.321771e+00,1.408582e+00,1.727049e+00,1.433409e+00,1.304463e+00,1.282675e+00,1.360215e+00,1.304051e+00,1.359960e+00,1.331403e+00,1.391447e+00,1.200684e+00,1.335185e+00,1.327503e+00,1.459952e+00,3.964253e+00,1.193647e+00,1.204597e+00,1.034355e+00,1.188063e+00,1.150937e+00,1.095866e+00,1.321809e+00,1.129584e+00,1.217961e+00,1.149700e+00,1.184330e+00,1.364647e+00,1.187974e+00,1.185244e+00,1.074994e+00,1.224170e+00,1.296889e+00,1.175754e+00,1.183080e+00,1.161165e+00,1.234270e+00
1.217917e+00,1.172692e+00,1.212173e+00,1.288466e+00,1.053160e+00,1.340927e+00,1.140844e+00,1.142668e+00,1.190985e+00,1.150362e+00,1.192417e+00,1.216971e+00,1.201600e+00,1.151450e+00,1.303473e+00,1.208495e+00,1.248571e+00,1.144518e+00,1.238505e+00,1.191159e+00,1.285250e+00,1.204868e+00,1.162763e+00,1.125382e+00,1.266950e+00,1.224264e+00,1.243380e+00,1.352313e+00,1.487720e+00,1.425473e+00,1.227750e+00,1.155938e+00,1.299702e+00,1.386696e+00,1.477247e+00,1.338124e+00,1.345164e+00,1.498859e+00,1.319671e+00,1.794017e+00,1.234929e+00,1.383579e+00,1.632520e+00,1.408123e+00,1.592004e+00,1.388197e+00,1.255753e+00,1.234916e+00,3.304973e+00,1.186329e+00,3.243417e+00,1.719524e+00,1.377711e+00,1.276366e+00,1.677935e+00,1.279463e+00,1.554074e+00,1.215518e+00,1.218358e+00,1.827799e+00,2.372343e+00,1.414035e+00,1.333161e+00,1.746853e+00,1.254857e+00,1.215383e+00,1.318244e+00,1.220411e+00,1.180685e+00,1.375376e+00,1.360422e+00,1.192831e+00,1.279892e+00,1.453572e+00,1.255312e+00,1.232400e+00,1.132649e+00,1.274240e+00,1.261979e+00,1.258358e+00,4.239033e+00,1.299432e+00,1.233235e+00,1.246091e+00,1.983397e+00,1.499904e+00,1.869682e+00,1.085995e+00,1.265882e+00,1.249520e+00,1.604208e+00,1.141431e+00,1.277411e+00,1.160008e+00,1.306820e+00,1.314255e+00,1.368322e+00,1.222886e+00,1.272595e+00,1.302032e+00,1.303956e+00,1.935630e+00,5.117166e+00,1.156751e+00,1.105760e+00,1.270099e+00,1.452371e+00,1.224178e+00,1.492045e+00,2.265799e+00,2.008725e+00,1.286391e+00,1.301323e+00,1.161143e+00,1.331734e+00,2.633160e+00,1.500353e+00,2.228906e+00,1.265927e+00,1.542837e+00,1.214258e+00,2.770194e+00,1.252168e+00,1.307352e+00,2.007484e+00,1.315855e+00,1.457966e+00,1.465627e+00,3.286114e+00,1.360194e+00,1.346267e+00,1.537741e+00,2.532586e+00,1.329051e+00,1.313963e+00,1.540651e+00,1.229894e+00,1.437269e+00,1.253022e+00,1.771174e+00,1.355955e+00,1.151224e+00,1.239153e+00,1.276684e+00,1.338689e+00,1.210719e+00,1.086584e+00,1.389946e+00,1.241041e+00,1.284526e+00,1.279342e+00,1.305964e+00,1.224236e+00,1.230271e+00,3.589934e+00,2.127802e+00,1.735355e+00,1.239336e+00,1.131800e+00,1.984573e+00,1.374317e+00,1.272382e+00,1.439505e+00,1.281776e+00,1.239857e+00,1.420744e+00,1.149114e+00,1.526939e+00,1.705499e+00,1.377984e+00,1.205016e+00,1.603638e+00,1.279331e+00,1.296397e+00,1.335797e+00,2.098835e+00,1.344535e+00,1.321688e+00,1.491506e+00,2.750069e+00,1.368332e+00,2.634735e+00,1.235970e+00,1.300026e+00,1.270836e+00,1.287106e+00,1.392508e+00,1.583194e+00,1.232668e+00,1.412647e+00,1.265271e+00,1.306760e+00,1.281401e+00,1.531619e+00,3.499027e+00,1.205224e+00,1.151948e+00,1.319870e+00,1.167667e+00,1.237091e+00,1.221299e+00,1.171676e+00,1.197986e+00,1.234888e+00,1.110995e+00,1.169991e+00,1.161995e+00,1.207206e+00,1.599525e+00,1.411116e+00,1.080381e+00,1.244968e+00,1.262941e+00,1.115641e+00,1.123085e+00
1.130432e+00,1.230842e+00,1.115961e+00,1.204859e+00,1.237063e+00,1.322102e+00,1.311679e+00,1.335454e+00,1.141769e+00,1.201838e+00,1.309838e+00,1.263071e+00,1.106236e+00,1.212566e+00,1.198826e+00,1.242801e+00,1.226715e+00,1.193574e+00,1.358268e+00,1.303671e+00,1.068811e+00,1.210876e+00,1.264947e+00,1.142954e+00,1.190677e+00,1.243244e+00,1.184069e+00,1.231175e+00,1.156448e+00,1.261124e+00,1.342481e+00,1.225704e+00,1.377445e+00,1.180234e+00,1.083295e+00,1.325704e+00,1.210293e+00,1.291574e+00,1.313931e+00,2.280375e+00,1.192080e+00,3.401260e+00,1.171527e+00,1.295339e+00,3.286441e+00,1.292483e+00,1.256391e+00,1.486844e+00,1.294333e+00,1.369909e+00,1.254124e+00,2.357615e+00,1.393824e+00,1.480379e+00,1.538632e+00,1.259303e+00,1.359839e+00,1.998004e+00,1.387319e+00,1.305256e+00,3.054923e+00,1.926988e+00,1.281490e+00,1.357025e+00,1.137332e+00,1.173600e+00,1.261388e+00,1.190664e+00,1.436042e+00,1.352607e+00,1.669178e+00,1.176239e+00,1.465718e+00,1.162037e+00,1.376358e+00,1.102277e+00,1.078965e+00,1.140975e+00,1.235668e+00,1.221422e+00,1.121779e+00,1.333113e+00,1.329324e+00,1.553672e+00,1.232152e+00,1.146275e+00,1.416568e+00,1.249478e+00,1.274505e+00,1.229588e+00,1.185910e+00,1.100870e+00,1.201170e+00,1.269597e+00,1.138675e+00,1.181980e+00,1.199641e+00,2.098005e+00,1.164240e+00,1.201563e+00,1.246468e+00,1.222266e+00,1.103441e+00,1.134869e+00,1.995019e+00,1.391766e+00,1.212687e+00,1.167527e+00,1.330703e+00,1.434683e+00,1.436692e+00,1.092085e+00,1.212058e+00,1.662863e+00,1.139158e+00,1.209288e+00,1.118118e+00,1.615671e+00,1.250288e+00,1.238199e+00,1.217795e+00,1.235749e+00,1.200988e+00,2.205044e+00,1.877092e+00,1.314725e+00,1.283103e+00,1.249051e+00,1.471004e+00,1.919905e+00,1.348437e+00,1.266754e+00,1.322797e+00,2.140679e+00,2.524193e+00,1.315224e+00,1.161338e+00,1.901329e+00,1.297736e+00,1.331414e+00,1.210924e+00,1.294657e+00,1.390995e+00,1.193188e+00,4.911058e+00,1.407117e+00,1.270375e+00,2.517071e+00,2.144921e+00,3.889166e+00,4.836726e+00,1.378437e+00,1.041344e+00,1.436968e+00,1.825016e+00,1.244255e+00,1.894288e+00,1.299296e+00,1.187392e+00,1.231466e+00,1.162974e+00,1.223105e+00,1.135246e+00,1.193286e+00,1.137850e+00,4.887061e+00,1.095314e+00,1.403213e+00,1.472543e+00,1.406214e+00,1.222000e+00,2.241341e+00,1.340759e+00,1.188827e+00,1.105869e+00,1.586207e+00,1.103784e+00,1.234325e+00,1.185738e+00,1.222353e+00,1.217151e+00,1.328400e+00,1.317905e+00,1.421478e+00,1.195399e+00,1.248748e+00,1.262588e+00,1.291309e+00,1.122427e+00,1.228220e+00,1.329144e+00,1.202996e+00,2.073543e+00,1.444679e+00,1.326919e+00,1.297262e+00,1.456598e+00,1.308982e+00,1.256859e+00,1.352002e+00,1.114713e+00,1.223678e+00,1.162463e+00,1.298489e+00,1.106032e+00,1.261040e+00,1.082525e+00,1.266012e+00,1.140829e+00,1.258054e+00,1.288844e+00,1.270783e+00,1.142672e+00,1.260528e+00,1.208445e+00
1.187069e+00,1.220120e+00,1.180393e+00,1.211005e+00,1.243943e+00,1.121306e+00,1.423638e+00,1.222619e+00,1.226828e+00,1.126243e+00,1.035684e+00,1.217443e+00,1.287465e+00,1.193604e+00,1.225193e+00,1.541866e+00,1.259730e+00,1.295308e+00,1.413266e+00,1.197212e+00,1.260787e+00,1.261170e+00,1.144296e+00,1.090037e+00,1.263825e+00,1.280896e+00,1.238973e+00,1.078775e+00,1.161072e+00,1.436908e+00,1.209969e+00,1.336810e+00,1.377011e+00,1.340465e+00,1.274904e+00,1.271020e+00,1.300560e+00,1.277904e+00,1.368764e+00,1.157634e+00,1.407756e+00,1.338813e+00,1.359904e+00,1.286375e+00,1.173958e+00,1.231912e+00,1.236033e+00,1.156778e+00,1.240164e+00,1.548616e+00,1.439314e+00,4.783678e+00,1.262347e+00,4.166448e+00,2.069180e+00,1.282025e+00,2.557607e+00,1.337975e+00,2.136076e+00,1.297278e+00,1.294036e+00,1.750640e+00,1.260846e+00,1.362865e+00,1.159352e+00,1.258090e+00,1.195042e+00,2.536974e+00,1.231291e+00,1.541860e+00,1.195169e+00,1.845158e+00,2.247465e+00,1.340822e+00,4.331034e+00,1.105485e+00,1.219304e+00,1.246809e+00,1.127695e+00,1.229983e+00,1.106331e+00,1.207342e+00,1.200202e+00,1.349805e+00,1.169525e+00,1.288164e+00,1.306682e+00,1.188553e+00,1.248828e+00,1.143294e+00,1.308501e+00,1.339958e+00,1.216718e+00,1.339276e+00,1.090844e+00,1.207601e+00,1.215133e+00,1.313834e+00,1.059798e+00,1.476915e+00,1.272180e+00,1.358311e+00,1.309563e+00,1.079548e+00,1.348835e+00,1.176569e+00,1.566190e+00,1.209665e+00,1.264450e+00,1.287486e+00,1.149127e+00,1.288800e+00,2.021780e+00,2.435075e+00,1.384239e+00,3.112981e+00,1.263953e+00,2.035468e+00,2.361722e+00,1.525135e+00,1.761893e+00,1.195409e+00,1.896548e+00,1.123239e+00,1.557526e+00,1.384305e+00,1.204458e+00,1.375421e+00,1.491562e+00,1.215109e+00,1.301406e+00,1.455739e+00,1.249116e+00,3.833554e+00,1.078830e+00,1.343306e+00,3.041564e+00,1.244176e+00,1.105368e+00,1.363133e+00,1.209756e+00,1.313989e+00,1.215781e+00,1.186405e+00,1.132994e+00,1.209763e+00,2.366596e+00,1.392661e+00,1.158439e+00,1.221103e+00,1.257205e+00,1.198312e+00,1.392117e+00,2.304374e+00,2.719145e+00,1.259672e+00,1.350727e+00,1.391919e+00,2.514649e+00,2.561554e+00,1.941629e+00,3.026739e+00,1.172128e+00,1.188805e+00,1.290451e+00,1.230806e+00,1.432805e+00,3.189332e+00,4.205102e+00,1.374781e+00,1.187279e+00,1.585962e+00,1.126619e+00,1.213644e+00,1.307868e+00,3.308874e+00,1.355977e+00,1.629120e+00,1.254666e+00,1.871444e+00,1.288622e+00,1.757292e+00,2.243675e+00,1.258691e+00,1.240700e+00,1.198157e+00,1.308084e+00,1.221827e+00,1.112804e+00,1.350765e+00,1.183329e+00,1.107244e+00,3.211487e+00,1.614231e+00,1.408875e+00,1.142987e+00,1.432448e+00,1.319613e+00,1.214759e+00,1.237024e+00,1.433267e+00,1.213294e+00,1.200672e+00,1.203204e+00,1.145122e+00,1.239746e+00,1.232948e+00,1.288879e+00,1.234523e+00,1.135927e+00,1.188741e+00,1.123102e+00,1.157533e+00,1.311312e+00,1.301072e+00
1.384608e+00,1.339399e+00,1.125975e+00,1.191086e+00,1.149846e+00,1.471814e+00,1.393368e+00,1.130539e+00,1.230270e+00,1.205700e+00,1.189571e+00,1.245240e+00,1.164043e+00,1.298852e+00,1.296770e+00,1.280432e+00,1.181112e+00,1.227494e+00,1.230481e+00,1.278621e+00,1.460591e+00,1.229277e+00,1.247947e+00,1.141390e+00,1.308839e+00,1.279724e+00,1.268049e+00,1.526978e+00,1.310136e+00,1.319407e+00,1.246424e+00,1.390548e+00,1.119059e+00,1.361461e+00,1.177316e+00,1.397954e+00,1.201951e+00,1.195678e+00,2.923113e+00,1.247605e+00,1.300106e+00,1.258514e+00,1.522333e+00,1.442485e+00,1.241576e+00,1.572645e+00,2.193594e+00,1.285184e+00,1.262587e+00,2.218324e+00,1.295736e+00,1.462310e+00,1.443069e+00,2.473372e+00,1.456037e+00,3.113140e+00,2.494786e+00,2.400820e+00,1.188024e+00,1.584707e+00,1.615707e+00,2.474024e+00,1.174987e+00,1.102662e+00,1.450526e+00,1.918509e+00,1.281010e+00,1.252328e+00,3.022490e+00,1.396350e+00,3.438941e+00,1.678853e+00,1.288437e+00,1.272090e+00,1.274583e+00,1.969811e+00,1.195511e+00,1.364835e+00,1.242976e+00,1.337037e+00,1.081424e+00,1.094251e+00,1.167994e+00,1.284595e+00,4.996356e+00,1.458068e+00,7.438705e+00,1.174275e+00,1.307367e+00,1.323931e+00,1.183463e+00,1.215697e+00,1.303152e+00,2.761188e+00,2.403550e+00,1.098922e+00,1.062985e+00,1.189278e+00,1.195494e+00,5.490249e+00,4.642593e+00,1.334657e+00,1.194378e+00,1.213064e+00,1.301934e+00,1.127953e+00,1.174834e+00,2.472342e+00,1.361799e+00,1.158260e+00,1.299842e+00,1.353072e+00,1.707056e+00,1.362716e+00,1.723830e+00,1.373846e+00,2.778923e+00,1.534020e+00,1.360037e+00,1.357994e+00,2.134559e+00,1.347765e+00,1.256969e+00,1.433487e+00,1.170765e+00,1.365420e+00,1.314259e+00,1.188373e+00,1.228079e+00,1.571755e+00,1.812170e+00,1.546275e+00,1.265787e+00,1.286875e+00,1.976668e+00,1.105691e+00,2.826568e+00,1.084908e+00,1.342479e+00,1.322214e+00,1.496484e+00,1.190096e+00,1.226944e+00,1.303303e+00,1.362449e+00,1.417086e+00,1.541479e+00,1.275393e+00,1.242988e+00,1.581409e+00,1.749126e+00,1.180750e+00,3.522029e+00,1.128260e+00,1.275674e+00,1.245712e+00,4.390603e+00,1.506909e+00,1.179157e+00,2.317819e+00,3.502867e+00,1.459679e+00,1.289835e+00,1.320746e+00,1.190426e+00,1.299934e+00,2.054791e+00,1.875399e+00,1.622355e+00,1.703359e+00,1.296355e+00,1.327772e+00,1.366786e+00,1.331593e+00,1.367835e+00,1.600020e+00,1.384953e+00,2.086515e+00,1.293816e+00,1.334698e+00,1.291972e+00,1.402685e+00,1.214956e+00,1.194377e+00,1.257108e+00,1.457599e+00,1.365276e+00,1.328507e+00,1.087883e+00,1.112721e+00,1.370162e+00,1.914129e+00,4.983266e+00,4.662762e+00,1.266118e+00,1.309151e+00,1.093726e+00,1.310097e+00,1.266620e+00,1.255185e+00,1.359026e+00,1.325936e+00,1.229238e+00,1.226003e+00,1.147182e+00,1.321034e+00,1.211610e+00,1.159562e+00,1.404759e+00,1.165746e+00,1.293298e+00,1.161365e+00,1.203681e+00,1.324919e+00,1.138826e+00
1.331775e+00,1.425737e+00,1.349854e+00,1.298427e+00,1.298042e+00,1.365013e+00,1.340954e+00,1.222660e+00,1.235325e+00,1.390524e+00,1.416997e+00,1.191709e+00,1.263981e+00,1.168526e+00,1.414868e+00,1.213428e+00,1.374757e+00,1.306843e+00,1.339053e+00,1.247018e+00,1.351192e+00,1.436546e+00,1.300076e+00,1.456096e+00,1.235874e+00,1.334312e+00,1.480775e+00,1.253204e+00,1.579964e+00,1.334236e+00,1.212229e+00,1.358893e+00,1.444154e+00,1.329282e+00,1.478931e+00,1.324787e+00,1.302410e+00,1.352049e+00,1.310232e+00,1.480636e+00,1.983853e+00,1.272378e+00,1.319285e+00,1.383122e+00,2.087493e+00,1.281421e+00,1.186230e+00,1.244717e+00,1.739000e+00,1.438517e+00,1.728420e+00,1.233938e+00,1.383977e+00,1.216663e+00,1.580712e+00,2.070520e+00,1.181642e+00,2.320436e+00,2.087595e+00,1.289309e+00,1.301298e+00,1.801253e+00,1.419760e+00,3.998049e+00,1.723220e+00,1.135774e+00,1.266561e+00,1.261360e+00,1.281434e+00,3.697222e+00,1.902670e+00,2.046326e+00,1.277409e+00,1.562266e+00,1.350631e+00,2.024431e+00,1.373963e+00,1.184902e+00,1.392338e+00,1.454828e+00,2.475299e+00,1.428343e+00,1.216925e+00,1.714501e+00,5.284794e+00,7.955185e+00,2.365519e+00,9.218247e+00,3.364419e+00,1.856536e+00,1.440454e+00,1.292917e+00,3.038115e+00,1.344610e+00,1.491771e+00,2.191492e+00,2.150729e+00,6.509129e+00,5.570885e+00,1.327049e+00,2.002890e+00,1.148166e+00,1.624430e+00,1.293667e+00,1.335192e+00,1.390304e+00,1.221148e+00,1.215531e+00,1.206676e+00,1.271934e+00,3.400218e+00,2.501930e+00,1.434745e+00,1.102802e+00,1.227371e+00,1.315173e+00,1.530886e+00,1.432697e+00,1.262975e+00,2.119380e+00,1.223254e+00,1.456271e+00,1.392372e+00,1.283431e+00,1.878829e+00,3.117507e+00,1.453903e+00,1.404512e+00,1.191100e+00,1.583832e+00,1.314862e+00,1.384012e+00,1.322744e+00,1.421207e+00,1.835876e+00,1.370464e+00,1.350570e+00,1.190308e+00,1.477657e+00,1.130121e+00,1.640751e+00,1.368970e+00,3.011480e+00,1.291870e+00,1.399994e+00,1.437519e+00,5.058981e+00,1.242134e+00,3.260952e+00,2.795531e+00,1.335428e+00,1.931322e+00,1.318013e+00,1.806952e+00,1.666196e+00,1.323181e+00,1.167840e+00,1.979359e+00,3.984336e+00,2.870439e+00,1.435729e+00,1.362808e+00,1.231658e+00,1.286814e+00,1.313755e+00,1.802990e+00,2.333788e+00,1.244865e+00,1.649954e+00,4.556891e+00,2.094581e+00,1.327841e+00,1.506800e+00,1.557250e+00,1.417842e+00,1.355453e+00,2.234363e+00,1.414316e+00,1.291493e+00,1.195805e+00,1.549830e+00,1.421300e+00,1.268681e+00,1.373828e+00,1.172561e+00,1.121941e+00,1.335907e+00,1.231258e+00,1.246629e+00,1.239120e+00,1.136445e+00,1.393669e+00,1.856265e+00,1.210662e+00,1.227683e+00,1.323807e+00,1.252948e+00,1.163758e+00,1.186278e+00,1.232858e+00,1.369597e+00,1.329105e+00,1.214620e+00,1.183656e+00,1.447954e+00,1.295710e+00,1.255897e+00,1.121067e+00,1.275524e+00,1.150029e+00,1.229093e+00,1.244194e+00,1.129717e+00,1.226579e+00,1.188241e+00
1.289868e+00,1.237029e+00,1.227683e+00,1.340765e+00,1.314007e+00,1.394065e+00,1.259239e+00,1.252086e+00,1.338654e+00,1.367321e+00,1.265082e+00,1.303320e+00,1.466820e+00,1.320642e+00,1.315387e+00,1.358259e+00,1.234771e+00,1.319960e+00,1.303970e+00,1.189531e+00,1.243986e+00,1.325050e+00,1.484973e+00,1.330413e+00,1.310993e+00,1.435104e+00,1.431541e+00,1.273721e+00,1.353804e+00,1.349229e+00,1.287505e+00,1.330608e+00,1.298567e+00,1.339526e+00,1.289770e+00,1.245258e+00,1.377650e+00,1.286567e+00,1.400955e+00,1.312999e+00,2.961742e+00,1.641771e+00,1.602914e+00,1.391650e+00,1.322033e+00,1.283451e+00,1.281548e+00,1.371529e+00,1.439005e+00,1.359489e+00,1.730808e+00,1.229275e+00,1.343855e+00,1.416121e+00,1.302312e+00,1.335094e+00,3.120533e+00,1.126670e+00,2.057508e+00,1.466772e+00,1.280506e+00,1.185037e+00,1.252364e+00,1.616154e+00,1.234608e+00,1.470541e+00,2.814540e+00,1.434382e+00,1.659522e+00,1.431477e+00,1.232629e+00,2.463760e+00,1.627299e+00,1.260995e+00,1.589012e+00,1.690448e+00,1.510336e+00,1.607813e+00,1.640505e+00,3.581897e+00,1.361069e+00,2.009852e+00,1.437144e+00,1.341355e+00,1.273789e+00,4.930378e+00,1.833254e+00,2.034262e+00,1.406375e+00,2.086319e+00,1.967927e+00,1.472433e+00,1.606100e+00,1.389543e+00,1.540719e+00,1.261028e+00,1.357042e+00,1.650504e+00,2.516778e+00,1.476848e+00,1.253768e+00,1.547880e+00,2.260339e+00,1.854002e+00,1.362675e+00,1.282758e+00,1.387462e+00,1.292716e+00,3.028611e+00,1.518852e+00,1.333667e+00,1.508314e+00,1.676105e+00,1.223378e+00,1.672836e+00,1.829520e+00,3.223914e+00,2.196840e+00,2.005878e+00,1.154270e+00,1.701140e+00,1.414964e+00,1.334108e+00,2.382482e+00,2.543870e+00,1.283159e+00,1.306882e+00,1.297485e+00,1.281934e+00,1.255790e+00,1.467888e+00,1.401594e+00,2.281724e+00,1.273285e+00,1.494821e+00,1.294072e+00,1.451108e+00,1.577981e+00,1.310092e+00,3.751077e+00,1.464858e+00,1.416031e+00,1.386594e+00,1.748675e+00,3.002274e+00,1.496043e+00,3.117788e+00,1.343766e+00,1.535201e+00,1.418518e+00,2.178486e+00,1.255808e+00,3.772653e+00,1.833212e+00,1.541614e+00,1.267566e+00,2.621676e+00,1.309557e+00,1.695217e+00,1.778250e+00,1.237142e+00,1.135501e+00,1.294053e+00,1.294502e+00,1.722808e+00,2.873731e+00,2.848512e+00,1.278125e+00,1.199208e+00,1.360980e+00,3.383747e+00,1.329905e+00,1.326009e+00,1.436269e+00,1.273139e+00,1.296060e+00,1.292182e+00,1.668005e+00,1.233534e+00,1.299434e+00,1.155329e+00,1.388007e+00,1.395261e+00,1.589725e+00,1.397014e+00,1.238578e+00,1.304166e+00,1.224491e+00,1.187893e+00,1.242018e+00,1.173424e+00,1.522754e+00,1.366878e+00,1.201094e+00,1.504638e+00,1.263348e+00,1.162930e+00,1.290378e+00,1.248503e+00,1.337075e+00,1.231159e+00,1.293906e+00,1.325346e+00,1.245261e+00,1.248124e+00,1.420443e+00,1.310008e+00,1.319823e+00,1.247477e+00,1.150576e+00,1.242163e+00,1.194516e+00,1.116385e+00,1.379034e+00,1.207791e+00
1.234779e+00,1.206003e+00,1.432688e+00,1.376861e+00,1.229008e+00,1.279413e+00,1.373964e+00,1.295144e+00,1.425169e+00,1.243818e+00,1.337809e+00,1.259594e+00,1.276156e+00,1.332928e+00,1.264612e+00,1.221196e+00,1.216981e+00,1.384818e+00,1.449134e+00,1.449889e+00,1.329369e+00,1.156500e+00,1.413709e+00,1.271201e+00,1.281233e+00,1.179653e+00,1.280173e+00,1.263228e+00,1.335132e+00,1.287331e+00,1.295868e+00,1.358463e+00,1.226223e+00,1.171279e+00,1.329177e+00,1.310044e+00,1.269233e+00,1.418986e+00,1.301798e+00,1.310952e+00,1.398690e+00,1.332120e+00,1.360001e+00,1.256485e+00,1.481190e+00,1.908042e+00,1.532196e+00,1.526351e+00,1.295028e+00,3.063459e+00,1.343606e+00,1.388382e+00,2.643025e+00,3.110504e+00,1.312163e+00,4.477980e+00,2.459948e+00,1.711000e+00,1.526620e+00,1.878472e+00,2.054282e+00,1.280702e+00,1.239026e+00,1.222697e+00,3.158347e+00,1.411092e+00,2.045307e+00,1.289180e+00,1.387377e+00,1.263053e+00,2.968113e+00,1.301838e+00,1.475002e+00,1.240340e+00,1.785810e+00,3.840060e+00,1.217206e+00,1.338414e+00,1.331706e+00,1.832449e+00,1.294857e+00,1.834081e+00,1.699991e+00,1.641752e+00,1.631665e+00,2.098220e+00,1.423698e+00,1.300663e+00,1.630279e+00,1.610609e+00,2.041525e+00,1.483468e+00,1.400116e+00,1.576086e+00,1.232275e+00,1.211912e+00,1.212706e+00,2.790430e+00,2.193287e+00,1.595836e+00,1.480697e+00,1.208128e+00,1.378397e+00,1.199877e+00,1.189216e+00,3.821776e+00,1.932799e+00,2.835558e+00,2.676060e+00,1.422027e+00,1.471177e+00,1.217714e+00,1.683509e+00,1.256066e+00,1.336910e+00,3.889354e+00,1.409035e+00,1.335671e+00,1.315557e+00,1.462735e+00,1.213541e+00,1.318054e+00,1.284679e+00,5.464730e+00,1.584407e+00,1.422100e+00,1.292801e+00,1.287975e+00,1.173074e+00,1.199668e+00,1.332975e+00,1.373469e+00,1.233640e+00,1.585871e+00,1.466399e+00,1.269029e+00,1.664493e+00,1.481493e+00,1.268163e+00,1.537929e+00,1.343853e+00,1.453579e+00,2.809475e+00,1.507176e+00,1.316358e+00,1.335286e+00,1.185525e+00,1.367231e+00,1.272978e+00,1.251399e+00,4.163304e+00,1.358901e+00,1.418259e+00,1.459331e+00,1.321325e+00,3.051232e+00,1.954410e+00,1.431103e+00,1.548319e+00,1.252937e+00,1.178523e+00,2.363242e+00,1.258139e+00,2.017092e+00,2.016362e+00,5.276715e+00,3.133770e+00,2.029989e+00,1.404234e+00,1.459005e+00,1.562919e+00,1.992192e+00,2.707238e+00,1.540975e+00,1.505437e+00,1.311026e+00,1.413287e+00,1.366572e+00,1.207793e+00,1.142297e+00,1.387466e+00,1.331859e+00,1.350905e+00,1.293906e+00,1.350362e+00,1.238199e+00,1.138255e+00,1.295659e+00,1.253395e+00,1.329568e+00,1.299775e+00,1.625912e+00,1.263977e+00,1.467159e+00,1.465887e+00,1.304363e+00,1.242405e+00,1.383163e+00,1.527206e+00,1.313511e+00,1.362075e+00,1.275699e+00,1.501479e+00,1.315713e+00,1.229511e+00,1.175976e+00,1.402452e+00,1.120540e+00,1.141579e+00,1.268034e+00,1.259210e+00,1.450317e+00,1.261369e+00,1.141689e+00,1.254840e+00
1.226700e+00,1.262534e+00,1.452047e+00,1.290512e+00,1.328243e+00,1.428269e+00,1.433295e+00,1.252647e+00,1.325914e+00,1.315711e+00,1.270638e+00,1.486050e+00,1.374188e+00,1.254981e+00,1.227115e+00,1.263366e+00,1.410494e+00,1.278663e+00,1.154599e+00,1.110444e+00,1.338227e+00,1.397261e+00,1.324095e+00,1.180746e+00,1.240576e+00,1.238381e+00,1.373749e+00,1.278229e+00,1.261401e+00,1.334312e+00,1.256320e+00,1.359315e+00,1.215629e+00,1.254452e+00,1.176785e+00,1.288248e+00,1.290113e+00,2.246658e+00,1.314489e+00,1.260742e+00,1.418759e+00,1.448750e+00,1.791810e+00,1.306775e+00,1.334557e+00,1.386433e+00,1.197003e+00,1.506922e+00,2.150110e+00,1.354156e+00,1.973706e+00,1.336823e+00,1.511844e+00,3.701975e+00,1.376752e+00,1.362738e+00,1.270576e+00,1.413920e+00,1.558168e+00,1.163439e+00,1.942723e+00,1.337052e+00,4.328363e+00,1.647693e+00,1.399361e+00,1.242146e+00,1.221560e+00,1.175759e+00,1.378463e+00,1.301514e+00,1.256678e+00,1.731169e+00,1.453158e+00,1.268061e+00,2.289726e+00,1.523252e+00,1.742562e+00,1.286226e+00,1.351570e+00,1.313410e+00,1.386329e+00,1.152851e+00,1.374898e+00,1.225789e+00,1.249944e+00,1.402428e+00,1.690779e+00,1.445462e+00,1.280961e+00,1.246307e+00,2.885790e+00,1.191259e+00,1.278784e+00,1.624397e+00,1.395629e+00,1.295662e+00,1.830726e+00,1.273180e+00,1.260049e+00,1.249049e+00,1.832583e+00,1.243135e+00,1.605920e+00,1.409155e+00,1.174553e+00,1.206283e+00,2.053782e+00,1.385456e+00,2.460306e+00,2.370581e+00,1.532686e+00,1.352150e+00,1.702037e+00,1.735032e+00,1.684688e+00,1.344837e+00,1.769211e+00,1.287020e+00,1.365023e+00,1.462677e+00,1.364103e+00,1.279951e+00,1.398826e+00,1.404033e+00,1.356048e+00,1.273031e+00,1.375751e+00,1.488700e+00,1.510442e+00,1.365231e+00,1.844011e+00,1.360269e+00,1.394768e+00,1.668171e+00,1.321232e+00,1.366135e+00,1.575986e+00,1.403141e+00,1.718064e+00,1.370864e+00,2.185850e+00,1.530287e+00,1.460232e+00,2.689148e+00,1.327965e+00,2.465665e+00,2.265738e+00,2.659969e+00,1.949679e+00,6.478121e+00,1.624856e+00,1.483189e+00,1.681339e+00,2.594625e+00,1.665032e+00,1.411177e+00,1.993877e+00,4.432261e+00,1.456331e+00,1.426286e+00,1.306769e+00,1.269534e+00,1.351082e+00,1.861527e+00,4.092434e+00,5.026858e+00,1.662467e+00,1.312832e+00,2.175940e+00,1.288423e+00,1.589097e+00,1.639350e+00,1.847529e+00,1.312897e+00,1.942833e+00,1.635047e+00,1.375687e+00,1.896428e+00,1.330359e+00,1.379142e+00,1.431194e+00,1.627064e+00,1.250437e+00,1.292688e+00,1.118775e+00,1.322226e+00,1.258323e+00,1.319639e+00,1.329613e+00,1.257423e+00,1.398974e+00,1.288752e+00,1.210992e+00,1.376457e+00,1.238738e+00,1.463322e+00,1.459361e+00,1.202442e+00,1.521447e+00,1.349327e+00,1.324374e+00,1.317842e+00,1.378177e+00,1.228447e+00,1.479017e+00,1.428687e+00,1.270277e+00,1.294303e+00,1.284549e+00,1.423743e+00,1.386610e+00,1.221267e+00,1.386463e+00,1.444564e+00,1.352294e+00
1.407750e+00,1.275875e+00,1.100382e+00,1.364365e+00,1.576611e+00,1.313767e+00,1.288265e+00,1.235718e+00,1.332748e+00,1.354184e+00,1.397851e+00,1.175276e+00,1.217882e+00,1.520821e+00,1.161543e+00,1.150615e+00,1.429544e+00,1.195730e+00,1.317223e+00,1.262832e+00,1.180161e+00,1.277837e+00,1.458569e+00,1.169591e+00,1.186708e+00,1.235626e+00,1.124942e+00,1.310289e+00,1.337405e+00,1.272300e+00,1.268580e+00,1.201501e+00,1.378748e+00,1.268603e+00,1.276919e+00,1.195542e+00,1.083867e+00,1.302673e+00,1.278305e+00,1.217793e+00,1.705453e+00,1.298270e+00,1.395506e+00,1.183074e+00,1.307176e+00,1.236695e+00,1.234434e+00,1.694411e+00,1.272241e+00,1.213660e+00,1.898119e+00,1.038654e+00,1.774878e+00,1.104129e+00,1.321520e+00,1.737314e+00,1.683168e+00,1.254134e+00,2.366620e+00,1.134713e+00,1.963416e+00,1.653696e+00,1.697567e+00,1.485556e+00,1.393435e+00,1.421251e+00,1.959493e+00,1.342888e+00,1.262375e+00,1.325249e+00,1.555980e+00,1.144157e+00,1.487572e+00,1.400999e+00,1.303132e+00,1.206851e+00,1.259912e+00,1.191234e+00,1.398156e+00,1.264482e+00,1.434235e+00,1.322485e+00,1.037927e+00,1.286378e+00,1.418706e+00,2.655024e+00,1.257396e+00,1.528444e+00,1.213742e+00,1.967606e+00,1.230152e+00,1.461415e+00,1.420937e+00,2.432669e+00,1.343600e+00,1.333356e+00,1.647583e+00,1.573767e+00,2.767437e+00,4.503277e+00,1.416657e+00,1.330360e+00,1.259606e+00,1.409675e+00,1.200281e+00,1.306411e+00,1.238845e+00,1.776306e+00,1.376917e+00,1.512062e+00,1.340410e+00,1.257549e+00,1.269382e+00,1.455906e+00,1.582922e+00,1.199978e+00,1.299334e+00,1.780481e+00,1.702394e+00,3.202131e+00,1.583527e+00,1.292678e+00,1.541502e+00,1.340545e+00,1.819081e+00,1.348374e+00,1.465273e+00,3.279867e+00,2.041433e+00,1.508240e+00,1.366557e+00,1.304022e+00,1.344510e+00,1.411892e+00,1.687017e+00,1.490608e+00,1.377142e+00,1.657454e+00,1.360309e+00,1.287506e+00,1.511985e+00,1.681466e+00,1.282474e+00,4.231096e+00,2.629326e+00,1.459013e+00,1.713256e+00,1.307231e+00,2.540853e+00,1.560346e+00,1.292838e+00,2.043588e+00,1.261089e+00,1.286390e+00,1.218645e+00,3.313669e+00,1.403609e+00,1.393446e+00,1.183340e+00,1.190126e+00,1.314491e+00,1.292886e+00,1.364803e+00,1.330015e+00,3.724669e+00,1.139574e+00,3.647877e+00,1.259193e+00,1.438932e+00,1.234559e+00,2.197555e+00,1.293342e+00,3.935401e+00,1.639561e+00,1.387642e+00,1.320569e+00,1.236876e+00,1.306262e+00,3.167760e+00,1.560337e+00,1.418903e+00,1.344700e+00,1.435728e+00,1.372143e+00,1.239398e+00,1.172935e+00,1.307580e+00,1.328722e+00,1.420662e+00,2.320247e+00,2.039406e+00,1.249774e+00,1.526243e+00,1.299385e+00,1.269278e+00,1.287219e+00,1.340515e+00,1.267854e+00,1.315509e+00,1.399569e+00,1.157995e+00,1.162489e+00,1.327125e+00,1.261706e+00,1.385584e+00,1.307253e+00,1.419867e+00,1.211618e+00,1.283696e+00,1.297810e+00,1.234688e+00,1.252611e+00,1.235282e+00,1.189856e+00,1.304818e+00
1.290174e+00,1.365111e+00,1.319816e+00,1.352150e+00,1.301023e+00,1.284150e+00,1.310701e+00,1.384460e+00,1.175295e+00,1.636026e+00,1.346434e+00,1.205760e+00,1.241212e+00,1.358474e+00,1.236507e+00,1.189716e+00,1.270364e+00,1.436930e+00,1.310632e+00,1.361403e+00,1.197117e+00,1.302094e+00,1.229390e+00,1.216276e+00,1.296987e+00,1.278458e+00,1.233335e+00,1.368141e+00,1.298816e+00,1.248805e+00,1.482095e+00,1.271039e+00,1.212442e+00,1.304620e+00,1.348286e+00,1.397331e+00,1.398751e+00,1.236223e+00,1.423679e+00,1.429980e+00,1.413418e+00,1.229673e+00,1.242309e+00,1.367730e+00,1.284095e+00,1.206566e+00,1.259331e+00,1.686249e+00,1.783647e+00,1.263619e+00,1.436234e+00,1.143326e+00,1.415514e+00,2.174179e+00,2.539449e+00,1.501534e+00,1.324788e+00,1.422479e+00,1.227230e+00,1.269312e+00,1.291560e+00,1.425878e+00,1.207262e+00,1.561613e+00,2.027753e+00,1.218023e+00,1.274350e+00,1.304745e+00,1.509467e+00,1.272869e+00,1.247906e+00,1.464619e+00,1.328061e+00,1.399117e+00,1.718490e+00,1.182858e+00,1.648984e+00,1.315263e+00,1.263901e+00,1.277655e+00,1.333599e+00,1.382208e+00,1.324029e+00,1.483546e+00,1.214148e+00,1.707300e+00,1.498697e+00,1.450272e+00,1.541740e+00,4.278509e+00,1.320959e+00,1.338639e+00,1.263830e+00,1.300829e+00,1.244631e+00,1.337625e+00,1.314288e+00,1.333402e+00,1.367156e+00,1.209415e+00,1.638491e+00,1.238763e+00,1.439582e+00,1.361556e+00,1.819386e+00,2.048101e+00,1.290902e+00,1.344597e+00,2.420731e+00,1.437219e+00,3.262827e+00,1.935399e+00,1.657627e+00,1.316321e+00,1.509611e+00,3.469646e+00,1.400104e+00,1.305009e+00,1.771231e+00,1.432405e+00,1.146036e+00,1.350981e+00,1.235916e+00,1.314633e+00,1.298548e+00,1.663925e+00,1.229024e+00,1.773315e+00,1.231924e+00,1.348011e+00,1.283046e+00,1.159153e+00,1.227996e+00,1.252544e+00,3.426521e+00,1.304263e+00,1.274820e+00,1.139292e+00,1.366687e+00,1.560558e+00,1.360087e+00,2.180930e+00,1.538607e+00,2.424208e+00,1.357219e+00,1.498200e+00,1.196225e+00,1.358386e+00,1.195670e+00,1.311585e+00,4.481212e+00,1.711480e+00,2.006922e+00,2.950526e+00,1.529723e+00,1.549623e+00,1.354032e+00,1.263808e+00,1.188150e+00,1.199240e+00,1.392695e+00,1.451554e+00,1.537210e+00,2.657383e+00,1.272379e+00,1.473405e+00,2.150896e+00,1.592239e+00,1.280967e+00,1.450696e+00,1.400570e+00,2.237376e+00,1.263680e+00,1.502783e+00,2.112509e+00,1.406999e+00,1.457647e+00,1.259106e+00,1.423389e+00,1.333663e+00,2.456798e+00,1.364406e+00,1.297818e+00,1.233616e+00,1.227103e+00,1.231324e+00,1.260408e+00,1.252555e+00,3.238488e+00,1.250529e+00,1.307463e+00,1.408353e+00,1.279760e+00,1.019025e+00,1.314637e+00,1.106964e+00,1.201654e+00,1.156000e+00,1.253695e+00,1.326357e+00,1.247197e+00,1.366785e+00,1.352709e+00,1.222858e+00,1.429411e+00,1.225597e+00,1.294568e+00,1.288942e+00,1.286483e+00,1.207057e+00,1.204864e+00,1.261153e+00,1.402995e+00,1.222276e+00,1.226684e+00
1.260935e+00,1.304364e+00,1.356968e+00,1.262392e+00,1.175834e+00,1.174468e+00,1.290191e+00,1.243178e+00,1.225615e+00,1.314735e+00,1.466412e+00,1.281822e+00,1.232614e+00,1.185311e+00,1.450668e+00,1.179101e+00,1.225625e+00,1.274370e+00,1.329424e+00,1.204341e+00,1.180437e+00,1.244023e+00,1.205494e+00,1.414917e+00,1.222773e+00,1.238241e+00,1.204762e+00,2.497825e+00,1.233701e+00,1.323131e+00,1.275062e+00,1.287355e+00,1.188274e+00,1.205726e+00,1.180653e+00,1.295674e+00,1.202846e+00,1.259838e+00,1.207441e+00,1.342299e+00,1.263585e+00,1.201318e+00,1.235693e+00,1.157511e+00,1.136662e+00,1.209310e+00,1.333566e+00,1.202667e+00,1.207817e+00,1.682670e+00,1.232984e+00,1.455015e+00,3.005958e+00,1.149250e+00,1.257121e+00,1.091652e+00,1.669142e+00,1.178684e+00,1.347237e+00,1.150988e+00,1.155877e+00,1.182287e+00,1.369662e+00,1.312597e+00,1.517551e+00,1.660337e+00,2.883399e+00,1.329002e+00,1.524359e+00,1.234608e+00,1.913505e+00,1.642484e+00,2.254404e+00,1.259630e+00,1.303340e+00,1.197202e+00,1.372112e+00,1.062739e+00,1.200311e+00,2.442477e+00,1.278178e+00,1.190749e+00,1.695551e+00,3.350872e+00,1.204685e+00,1.327719e+00,1.237597e+00,1.212744e+00,1.365895e+00,1.280064e+00,1.622729e+00,1.149507e+00,1.403885e+00,1.709602e+00,1.412557e+00,1.222066e+00,1.177718e+00,1.447879e+00,1.175157e+00,1.344849e+00,1.234887e+00,1.537982e+00,1.496884e+00,1.291271e+00,1.157155e+00,1.180101e+00,2.988014e+00,1.262304e+00,1.395942e+00,1.256416e+00,1.207891e+00,1.469803e+00,1.354777e+00,1.175829e+00,1.877459e+00,1.420917e+00,1.260128e+00,5.687843e+00,1.247267e+00,1.219751e+00,2.328860e+00,1.603523e+00,1.199186e+00,1.529190e+00,3.142501e+00,1.275911e+00,1.221480e+00,1.308846e+00,1.413271e+00,1.316712e+00,4.884356e+00,1.411753e+00,1.390042e+00,1.209005e+00,1.210290e+00,1.214079e+00,1.307180e+00,2.709207e+00,1.254336e+00,1.159305e+00,1.334476e+00,1.195388e+00,1.620029e+00,1.798947e+00,1.397464e+00,1.342406e+00,1.669274e+00,1.291133e+00,3.403585e+00,3.012057e+00,1.151438e+00,1.153527e+00,1.792770e+00,1.469008e+00,1.562897e+00,1.326040e+00,1.359198e+00,1.298506e+00,1.222107e+00,1.195124e+00,2.559583e+00,4.536867e+00,1.745061e+00,1.270846e+00,1.682456e+00,1.714367e+00,1.255551e+00,1.500980e+00,1.264661e+00,2.352017e+00,1.662876e+00,1.322119e+00,1.288951e+00,1.312994e+00,1.131700e+00,1.358779e+00,1.484047e+00,1.292830e+00,1.072160e+00,1.394944e+00,1.511491e+00,1.133015e+00,1.476902e+00,1.322879e+00,1.215915e+00,1.167753e+00,1.071027e+00,1.621631e+00,2.268603e+00,2.377177e+00,1.262914e+00,1.317627e+00,1.119513e+00,1.134411e+00,1.497941e+00,1.138752e+00,1.204718e+00,1.244166e+00,1.285498e+00,1.253746e+00,1.221601e+00,1.342990e+00,1.279873e+00,1.206326e+00,1.280243e+00,1.370611e+00,1.109344e+00,1.355456e+00,1.241758e+00,1.116422e+00,1.197996e+00,1.406334e+00,1.121955e+00,1.280711e+00,1.303198e+00
1.283391e+00,1.205037e+00,1.347774e+00,1.304592e+00,1.165583e+00,1.373413e+00,1.265703e+00,1.312568e+00,1.270138e+00,1.224493e+00,1.252389e+00,1.283772e+00,1.143446e+00,1.151007e+00,1.195689e+00,1.176687e+00,1.144856e+00,1.268995e+00,1.316470e+00,1.164101e+00,1.121909e+00,1.125315e+00,1.126529e+00,1.162463e+00,1.124791e+00,1.211386e+00,1.232848e+00,1.274182e+00,1.362119e+00,1.205513e+00,1.293183e+00,1.291564e+00,1.237989e+00,1.227583e+00,1.378058e+00,1.157547e+00,1.136693e+00,1.445130e+00,1.135384e+00,1.296883e+00,1.103398e+00,1.331815e+00,1.235379e+00,1.269975e+00,1.237081e+00,1.293406e+00,1.263964e+00,2.652799e+00,2.201342e+00,1.409376e+00,1.153627e+00,1.382921e+00,1.296280e+00,1.520632e+00,2.189381e+00,1.406868e+00,1.219875e+00,1.329042e+00,1.117334e+00,1.285606e+00,1.568032e+00,1.545794e+00,1.512063e+00,1.284390e+00,1.142093e+00,1.236045e+00,1.230629e+00,1.336259e+00,1.471190e+00,1.203964e+00,1.981997e+00,1.859627e+00,1.276570e+00,1.454134e+00,2.201305e+00,1.009373e+00,1.286170e+00,1.139499e+00,1.243198e+00,7.060461e+00,1.585541e+00,1.182552e+00,1.111659e+00,1.365464e+00,2.009233e+00,1.304443e+00,1.366199e+00,4.302006e+00,1.648758e+00,1.317890e+00,1.261820e+00,1.311577e+00,4.622254e+00,1.192063e+00,1.638988e+00,1.351183e+00,1.505092e+00,1.374939e+00,1.593081e+00,1.537555e+00,1.583110e+00,1.185256e+00,1.240480e+00,1.213313e+00,1.248434e+00,1.705509e+00,1.797517e+00,1.163801e+00,1.443561e+00,1.109511e+00,1.259930e+00,1.221923e+00,1.204308e+00,1.183843e+00,1.103595e+00,1.243739e+00,1.141622e+00,1.301906e+00,1.272562e+00,1.226983e+00,1.245048e+00,1.182003e+00,1.125508e+00,1.251143e+00,1.446670e+00,1.155472e+00,1.122209e+00,1.397533e+00,1.221032e+00,1.429382e+00,1.396182e+00,1.237205e+00,1.416883e+00,1.434367e+00,1.151630e+00,1.489680e+00,1.286114e+00,2.109178e+00,2.389903e+00,1.572305e+00,1.334031e+00,1.354795e+00,1.312821e+00,2.484484e+00,1.326678e+00,1.845714e+00,1.296911e+00,1.442486e+00,2.038491e+00,2.118606e+00,1.378103e+00,1.235986e+00,1.305294e+00,4.314834e+00,4.536694e+00,1.145274e+00,1.165365e+00,1.174372e+00,1.181378e+00,1.291416e+00,4.789594e+00,1.599165e+00,1.097025e+00,1.888646e+00,1.168637e+00,1.576167e+00,1.170615e+00,1.114573e+00,1.201347e+00,4.214683e+00,1.334398e+00,1.366438e+00,2.038089e+00,1.397480e+00,1.640869e+00,1.240477e+00,1.250207e+00,1.253173e+00,1.256900e+00,1.178265e+00,1.347038e+00,1.187940e+00,1.109434e+00,1.135411e+00,1.244788e+00,1.227516e+00,1.689771e+00,1.672823e+00,1.743029e+00,1.161849e+00,1.411881e+00,1.234146e+00,1.164767e+00,1.329980e+00,1.374614e+00,1.123122e+00,1.324817e+00,1.228327e+00,1.253140e+00,1.390116e+00,1.103526e+00,1.225685e+00,1.223029e+00,1.123242e+00,1.134841e+00,1.074345e+00,1.224905e+00,1.240114e+00,1.228183e+00,1.187123e+00,1.221432e+00,1.171414e+00,1.240101e+00,1.273561e+00,1.199694e+00
1.250403e+00,1.207467e+00,1.106661e+00,1.141743e+00,1.372383e+00,1.093708e+00,1.074523e+00,1.232009e+00,1.281868e+00,1.127517e+00,1.073877e+00,1.343249e+00,1.160978e+00,1.161026e+00,1.292123e+00,1.086373e+00,1.214887e+00,1.313644e+00,1.106507e+00,1.037069e+00,1.135833e+00,1.289593e+00,1.078632e+00,1.254588e+00,1.191710e+00,1.341496e+00,1.211678e+00,1.227550e+00,1.233229e+00,1.062166e+00,1.250043e+00,1.093024e+00,1.219033e+00,1.163622e+00,1.290368e+00,1.204431e+00,1.168741e+00,1.197613e+00,1.123822e+00,1.096400e+00,1.176076e+00,1.186349e+00,1.313539e+00,1.207049e+00,1.181210e+00,1.197499e+00,1.122905e+00,1.332707e+00,1.288252e+00,1.396668e+00,1.148319e+00,1.335077e+00,1.644486e+00,1.317858e+00,1.230963e+00,1.308520e+00,1.340566e+00,1.205045e+00,1.470541e+00,1.427623e+00,1.477737e+00,1.250140e+00,1.089191e+00,1.156389e+00,1.497392e+00,1.658998e+00,1.258026e+00,1.210670e+00,1.936572e+00,2.803662e+00,1.279712e+00,1.032164e+00,1.202058e+00,1.214296e+00,1.411222e+00,1.245571e+00,1.220145e+00,1.210143e+00,1.301456e+00,1.264160e+00,1.402755e+00,1.356107e+00,1.480882e+00,1.169680e+00,2.633070e+00,1.241640e+00,1.642624e+00,1.473363e+00,1.335135e+00,1.116872e+00,2.362171e+00,1.302450e+00,1.394844e+00,1.138904e+00,1.191005e+00,1.067476e+00,1.560828e+00,1.200400e+00,1.067350e+00,1.183119e+00,1.189816e+00,1.274141e+00,1.570843e+00,1.209970e+00,1.275049e+00,1.254881e+00,1.317220e+00,1.293719e+00,1.273830e+00,1.159783e+00,1.308435e+00,1.350249e+00,1.179077e+00,1.060977e+00,1.248128e+00,1.332225e+00,2.081949e+00,1.186962e+00,1.234119e+00,2.612417e+00,1.261058e+00,1.288587e+00,1.148840e+00,3.330772e+00,1.260065e+00,1.268959e+00,1.270627e+00,1.848623e+00,1.351619e+00,1.344638e+00,1.218791e+00,1.506181e+00,1.234956e+00,1.379538e+00,3.966557e+00,2.322276e+00,3.129795e+00,2.052608e+00,1.211982e+00,1.184422e+00,3.542899e+00,1.653094e+00,1.171304e+00,3.459551e+00,1.179054e+00,1.139026e+00,1.404650e+00,4.552686e+00,1.351459e+00,1.680333e+00,1.250159e+00,2.954391e+00,9.952935e-01,1.443207e+00,2.259885e+00,2.092558e+00,1.207499e+00,1.380950e+00,1.550502e+00,1.196727e+00,1.330110e+00,3.547955e+00,1.971039e+00,1.822413e+00,3.834718e+00,1.323098e+00,1.398078e+00,1.277430e+00,1.394699e+00,1.373185e+00,1.157023e+00,1.214264e+00,1.248068e+00,1.454636e+00,1.700873e+00,1.160981e+00,1.209980e+00,1.397361e+00,1.164247e+00,1.227492e+00,1.261420e+00,1.132190e+00,1.176813e+00,1.236126e+00,1.248403e+00,2.316449e+00,2.852474e+00,1.212200e+00,1.279823e+00,1.229702e+00,1.296000e+00,1.229052e+00,1.254264e+00,1.193992e+00,1.180810e+00,1.471614e+00,1.203449e+00,1.081716e+00,1.181171e+00,1.219837e+00,1.159617e+00,1.044209e+00,1.251599e+00,1.290546e+00,1.311807e+00,1.210637e+00,1.315811e+00,1.235036e+00,1.176299e+00,1.289763e+00,1.253091e+00,1.204402e+00,1.236450e+00,1.251794e+00,1.134220e+00
1.156353e+00,1.259075e+00,1.167402e+00,1.327386e+00,1.150341e+00,1.195589e+00,1.151440e+00,1.214593e+00,1.092109e+00,1.163403e+00,1.144197e+00,1.140175e+00,1.409946e+00,1.147297e+00,1.214197e+00,1.185665e+00,1.298166e+00,1.301656e+00,1.089902e+00,1.203098e+00,1.091837e+00,1.113448e+00,1.193133e+00,1.149988e+00,1.183123e+00,1.177461e+00,1.086501e+00,1.237216e+00,1.142796e+00,1.224101e+00,1.292138e+00,1.237617e+00,1.133697e+00,1.195908e+00,1.128016e+00,1.246313e+00,1.211526e+00,1.258952e+00,1.219748e+00,1.238039e+00,1.283621e+00,1.394811e+00,1.310453e+00,1.159465e+00,1.270092e+00,1.217636e+00,1.261344e+00,1.264378e+00,1.160296e+00,1.315004e+00,1.190860e+00,1.196702e+00,2.051717e+00,1.222431e+00,1.601022e+00,1.313268e+00,1.257632e+00,1.332111e+00,1.171782e+00,1.336332e+00,1.281774e+00,2.697760e+00,1.352504e+00,2.100220e+00,1.128748e+00,1.229817e+00,1.209825e+00,3.409818e+00,2.326869e+00,1.649284e+00,1.257669e+00,1.266331e+00,1.139383e+00,1.106165e+00,1.205178e+00,1.269213e+00,1.163488e+00,1.067824e+00,1.293957e+00,1.228537e+00,1.427928e+00,1.406504e+00,1.317713e+00,1.101682e+00,1.265758e+00,1.505956e+00,1.494448e+00,1.517498e+00,1.403344e+00,1.237745e+00,1.162834e+00,1.191519e+00,1.409608e+00,1.343343e+00,1.251800e+00,1.258786e+00,1.408315e+00,1.262074e+00,1.205749e+00,1.682525e+00,1.074613e+00,1.127441e+00,1.368482e+00,1.109062e+00,1.190720e+00,1.131196e+00,1.146846e+00,1.388614e+00,1.089865e+00,4.609426e+00,1.608033e+00,1.037660e+00,1.166379e+00,1.172125e+00,1.258647e+00,1.402033e+00,1.752572e+00,2.316126e+00,1.194789e+00,1.748567e+00,1.152105e+00,1.280732e+00,1.204818e+00,1.349073e+00,1.416249e+00,1.240641e+00,1.801208e+00,1.219566e+00,1.240189e+00,1.510507e+00,1.269818e+00,1.191726e+00,1.323632e+00,1.166004e+00,2.510586e+00,2.306062e+00,2.572521e+00,1.311163e+00,1.795521e+00,1.371193e+00,3.295253e+00,2.632954e+00,3.168472e+00,3.974705e+00,1.141895e+00,1.118071e+00,1.286368e+00,1.772187e+00,1.074504e+00,1.789151e+00,1.394845e+00,1.539812e+00,1.178820e+00,1.583400e+00,1.853556e+00,1.457638e+00,1.454077e+00,1.283510e+00,2.603419e+00,1.525937e+00,3.271777e+00,1.441819e+00,1.282413e+00,1.491097e+00,1.608431e+00,1.045482e+00,3.890483e+00,1.236051e+00,1.279124e+00,1.370359e+00,2.257677e+00,1.544155e+00,1.418580e+00,1.418927e+00,1.123998e+00,1.359487e+00,1.228861e+00,1.182405e+00,1.249119e+00,1.199261e+00,1.283222e+00,1.182557e+00,1.189866e+00,1.277068e+00,1.154609e+00,1.145211e+00,3.845203e+00,1.169424e+00,1.139074e+00,1.173962e+00,1.297336e+00,1.143695e+00,1.204340e+00,1.209905e+00,1.176001e+00,1.116745e+00,1.068674e+00,1.158439e+00,1.173307e+00,1.208660e+00,1.203586e+00,1.162753e+00,1.056504e+00,1.169112e+00,1.090820e+00,1.218495e+00,1.182219e+00,1.113230e+00,1.245603e+00,1.183741e+00,1.134292e+00,1.304661e+00,1.033953e+00,1.137817e+00,1.150678e+00
1.272934e+00,1.137294e+00,1.161991e+00,1.393682e+00,1.076425e+00,1.143866e+00,1.149351e+00,1.254918e+00,1.316115e+00,1.235345e+00,1.251372e+00,1.161719e+00,1.138198e+00,1.156316e+00,1.220057e+00,1.251541e+00,1.193282e+00,1.184724e+00,1.197703e+00,1.192903e+00,1.124428e+00,1.482388e+00,1.232863e+00,1.398851e+00,1.154676e+00,1.364429e+00,1.173780e+00,1.172032e+00,1.234293e+00,1.143594e+00,1.419640e+00,1.329555e+00,1.197699e+00,1.237813e+00,1.147993e+00,1.150410e+00,1.223988e+00,1.085319e+00,1.208240e+00,1.183501e+00,1.146894e+00,1.462025e+00,1.285596e+00,1.217562e+00,1.129717e+00,1.228352e+00,1.470144e+00,1.438216e+00,1.200670e+00,1.240091e+00,2.197228e+00,1.199683e+00,1.292309e+00,1.151450e+00,1.127765e+00,1.080762e+00,1.301427e+00,1.256881e+00,1.355535e+00,1.904324e+00,1.271150e+00,1.180367e+00,1.237968e+00,1.593588e+00,1.669075e+00,1.923579e+00,2.174935e+00,1.031231e+00,1.555379e+00,1.086637e+00,1.449265e+00,1.152459e+00,1.264100e+00,1.147609e+00,1.120901e+00,1.273747e+00,1.256746e+00,1.150614e+00,1.184634e+00,1.352841e+00,2.067364e+00,1.276335e+00,1.180857e+00,1.264715e+00,1.094398e+00,1.274854e+00,1.255219e+00,1.174497e+00,1.951648e+00,1.296650e+00,1.888906e+00,1.309610e+00,1.403369e+00,1.300718e+00,2.433606e+00,2.000051e+00,1.523277e+00,1.590332e+00,1.833706e+00,1.217702e+00,1.543414e+00,1.199836e+00,1.164138e+00,1.336177e+00,1.243249e+00,1.140355e+00,1.250499e+00,1.091715e+00,1.122436e+00,1.243185e+00,1.426069e+00,1.122441e+00,1.149653e+00,1.172671e+00,1.419973e+00,1.139326e+00,1.137878e+00,1.346135e+00,1.134967e+00,2.187591e+00,1.118516e+00,1.277022e+00,1.244637e+00,1.243658e+00,1.121571e+00,1.311577e+00,1.118118e+00,1.128068e+00,1.141895e+00,1.315563e+00,1.209738e+00,1.456044e+00,1.236207e+00,1.064329e+00,1.754165e+00,1.153351e+00,2.553384e+00,3.844600e+00,1.238471e+00,1.242564e+00,1.151125e+00,1.339405e+00,1.326333e+00,1.229254e+00,1.550602e+00,1.527519e+00,3.474105e+00,1.191589e+00,1.813705e+00,1.432291e+00,1.208087e+00,1.470073e+00,1.441348e+00,1.292768e+00,1.381683e+00,2.153051e+00,1.914000e+00,1.200299e+00,1.240569e+00,1.306478e+00,2.895257e+00,1.464317e+00,3.888369e+00,3.300791e+00,1.101616e+00,1.471115e+00,1.329700e+00,1.554542e+00,1.651358e+00,1.143256e+00,1.436455e+00,1.140168e+00,1.115401e+00,2.073233e+00,1.228210e+00,1.223360e+00,1.116152e+00,1.387409e+00,1.078798e+00,1.140306e+00,1.214296e+00,1.135665e+00,1.196685e+00,1.255346e+00,1.913204e+00,1.262853e+00,2.529440e+00,1.093979e+00,1.130934e+00,1.185760e+00,1.090002e+00,1.224844e+00,1.272667e+00,1.114488e+00,1.112802e+00,1.165084e+00,1.159101e+00,1.104454e+00,1.261786e+00,1.154205e+00,1.202432e+00,1.137662e+00,1.211319e+00,1.115414e+00,1.274493e+00,1.178582e+00,1.141558e+00,9.963149e-01,1.155582e+00,1.251988e+00,1.171533e+00,1.111736e+00,1.196463e+00,1.164594e+00,1.029253e+00
1.228115e+00,1.208343e+00,1.375989e+00,1.179469e+00,1.305665e+00,1.108364e+00,1.106555e+00,1.106464e+00,1.131588e+00,1.160548e+00,1.249214e+00,1.093635e+00,1.225522e+00,1.334682e+00,1.271304e+00,1.169238e+00,1.346976e+00,1.138298e+00,1.158698e+00,1.234207e+00,1.162518e+00,1.214034e+00,1.745156e+00,1.087877e+00,1.150859e+00,1.173096e+00,1.221653e+00,1.070607e+00,1.140849e+00,1.297521e+00,1.274753e+00,1.299496e+00,1.292374e+00,1.165916e+00,1.128098e+00,1.052375e+00,1.164949e+00,1.116298e+00,1.233261e+00,1.158533e+00,1.180651e+00,1.080681e+00,1.385738e+00,1.335314e+00,1.261388e+00,1.168195e+00,1.426264e+00,2.315117e+00,1.263151e+00,1.175613e+00,1.374618e+00,1.494617e+00,1.659737e+00,1.500172e+00,1.266917e+00,1.139425e+00,1.430809e+00,1.213205e+00,1.026207e+00,1.062834e+00,1.119158e+00,1.349419e+00,1.783587e+00,1.088122e+00,1.149194e+00,1.178468e+00,1.285979e+00,2.211011e+00,1.168057e+00,1.069635e+00,1.132734e+00,1.418020e+00,1.151169e+00,2.737456e+00,1.064478e+00,1.308316e+00,1.204178e+00,1.276658e+00,1.146137e+00,1.069076e+00,1.232327e+00,1.212331e+00,1.120970e+00,1.371591e+00,1.356826e+00,1.095096e+00,1.180212e+00,1.401278e+00,2.065447e+00,1.283172e+00,1.124375e+00,2.304099e+00,1.300376e+00,1.115306e+00,1.139543e+00,1.095156e+00,1.405599e+00,1.321564e+00,1.094127e+00,1.203944e+00,1.230277e+00,1.277364e+00,1.234202e+00,1.035598e+00,1.122538e+00,1.389768e+00,1.210124e+00,1.341854e+00,1.235967e+00,1.338651e+00,1.185856e+00,1.076205e+00,1.218025e+00,1.882624e+00,1.218494e+00,1.268464e+00,1.207356e+00,1.057326e+00,1.298768e+00,1.510149e+00,1.450650e+00,1.169235e+00,1.267880e+00,1.332855e+00,1.243854e+00,1.241376e+00,1.146213e+00,1.264718e+00,1.326359e+00,1.528437e+00,1.183576e+00,1.229268e+00,1.900130e+00,2.351999e+00,1.258856e+00,1.405181e+00,1.195665e+00,4.288528e+00,1.709210e+00,1.560575e+00,1.318693e+00,1.844083e+00,1.316314e+00,2.860780e+00,1.926357e+00,1.627870e+00,1.206600e+00,1.067731e+00,3.864232e+00,1.202781e+00,1.117504e+00,1.265211e+00,1.580353e+00,2.541556e+00,2.658780e+00,1.084003e+00,1.560894e+00,1.457403e+00,1.642298e+00,1.120961e+00,3.185204e+00,1.182652e+00,1.240228e+00,1.442719e+00,1.169222e+00,2.379691e+00,1.290061e+00,3.024621e+00,1.392952e+00,1.135049e+00,2.581431e+00,1.132527e+00,2.378365e+00,1.277429e+00,1.246585e+00,1.286328e+00,1.174954e+00,1.234747e+00,1.125230e+00,1.221129e+00,1.140799e+00,1.123872e+00,1.204202e+00,3.711596e+00,1.909532e+00,4.376567e+00,1.306871e+00,1.109831e+00,3.843034e+00,1.140430e+00,1.310545e+00,1.218287e+00,1.142650e+00,1.053003e+00,1.197170e+00,1.249583e+00,1.113796e+00,1.177677e+00,1.207619e+00,1.259239e+00,1.138819e+00,1.214335e+00,1.078794e+00,9.834810e-01,1.095671e+00,1.176524e+00,1.101630e+00,1.029955e+00,1.283868e+00,1.084559e+00,1.091129e+00,1.189514e+00,1.106043e+00,1.186190e+00,1.180762e+00
1.219387e+00,1.301895e+00,1.272655e+00,1.215359e+00,1.228656e+00,1.124996e+00,1.050654e+00,1.119987e+00,1.164291e+00,1.068298e+00,1.154990e+00,1.185780e+00,1.239617e+00,1.281389e+00,1.167459e+00,1.015008e+00,1.181693e+00,1.198792e+00,1.052947e+00,1.229045e+00,1.303623e+00,1.275534e+00,1.294246e+00,1.080195e+00,1.067195e+00,1.153246e+00,1.145463e+00,1.068048e+00,1.156068e+00,1.241012e+00,1.095149e+00,1.075353e+00,9.837787e-01,1.156399e+00,1.053083e+00,1.086503e+00,1.041705e+00,1.035909e+00,1.389527e+00,1.032554e+00,1.102327e+00,1.135736e+00,1.158295e+00,2.638929e+00,1.222843e+00,1.310913e+00,1.146409e+00,1.133055e+00,1.126183e+00,1.268886e+00,1.083890e+00,1.873547e+00,1.510360e+00,1.182901e+00,1.055289e+00,5.491098e+00,1.465108e+00,1.182801e+00,1.322317e+00,3.531963e+00,2.020242e+00,2.013539e+00,1.639726e+00,1.194625e+00,1.077198e+00,1.782620e+00,1.181217e+00,1.289411e+00,2.130956e+00,1.118664e+00,1.203499e+00,1.170621e+00,1.566181e+00,1.247657e+00,1.533208e+00,1.165800e+00,3.996825e+00,1.293838e+00,1.078633e+00,1.212722e+00,1.159984e+00,4.072239e+00,1.156882e+00,1.180038e+00,1.093476e+00,4.083814e+00,1.271988e+00,1.391239e+00,1.102904e+00,1.192729e+00,4.440654e+00,1.193259e+00,1.107329e+00,1.737497e+00,1.093951e+00,1.203229e+00,1.213561e+00,1.041099e+00,1.171685e+00,1.265361e+00,1.020699e+00,1.228142e+00,1.596232e+00,1.217470e+00,1.311537e+00,1.092147e+00,1.190278e+00,1.155812e+00,1.200246e+00,1.193280e+00,1.701886e+00,1.148399e+00,1.074131e+00,2.083987e+00,1.155760e+00,1.568474e+00,1.239421e+00,1.183119e+00,3.395792e+00,1.242646e+00,1.119498e+00,1.191397e+00,1.045706e+00,1.362876e+00,2.054197e+00,1.172397e+00,1.094520e+00,1.097366e+00,1.879464e+00,1.154021e+00,3.865382e+00,2.888380e+00,1.308945e+00,1.191931e+00,1.363369e+00,2.331296e+00,1.838387e+00,1.295345e+00,1.652940e+00,1.272253e+00,1.205353e+00,2.155763e+00,1.168980e+00,2.546664e+00,1.439826e+00,1.123995e+00,nan,1.944968e+00,1.265029e+00,1.800213e+00,3.619228e+00,1.170845e+00,1.846594e+00,1.416313e+00,4.883300e+00,2.894098e+00,2.524617e+00,1.229850e+00,4.163142e+00,1.174125e+00,1.531143e+00,1.127190e+00,2.968525e+00,1.325323e+00,1.365049e+00,1.232087e+00,1.421792e+00,1.233915e+00,1.078119e+00,2.645054e+00,1.957624e+00,1.366056e+00,2.869452e+00,2.376646e+00,1.127804e+00,1.199924e+00,1.337081e+00,1.234014e+00,1.404176e+00,1.139862e+00,1.151871e+00,1.166369e+00,1.403711e+00,4.095834e+00,9.615722e+00,1.216889e+00,1.185936e+00,1.179981e+00,1.186470e+00,1.153534e+00,1.192007e+00,1.216068e+00,1.100168e+00,1.108421e+00,1.157845e+00,1.205907e+00,1.073827e+00,1.051380e+00,1.159233e+00,1.070664e+00,1.159512e+00,1.133146e+00,1.236180e+00,1.182673e+00,1.192823e+00,1.130783e+00,1.253214e+00,1.151963e+00,1.286646e+00,1.095648e+00,1.162378e+00,1.242925e+00,1.219908e+00,1.157123e+00,1.023748e+00
1.088892e+00,1.051663e+00,1.206399e+00,1.114659e+00,1.133772e+00,1.271728e+00,1.104454e+00,1.100879e+00,1.076717e+00,1.004265e+00,1.268645e+00,1.113265e+00,1.110556e+00,1.182002e+00,1.127830e+00,1.147650e+00,1.117100e+00,1.142349e+00,1.164724e+00,1.251476e+00,1.319214e+00,1.280657e+00,1.068146e+00,1.196086e+00,1.013590e+00,1.207742e+00,1.208282e+00,1.273899e+00,1.195566e+00,1.135989e+00,1.227108e+00,1.194561e+00,1.091856e+00,1.113089e+00,1.213269e+00,1.192886e+00,1.133162e+00,1.036318e+00,1.375120e+00,1.172257e+00,1.245747e+00,1.221604e+00,1.112841e+00,1.228291e+00,1.140954e+00,1.221522e+00,1.308324e+00,1.214080e+00,1.517379e+00,1.061416e+00,1.267251e+00,1.201503e+00,1.219275e+00,1.164663e+00,1.142342e+00,1.080505e+00,1.189663e+00,1.157783e+00,1.287444e+00,1.157141e+00,1.094375e+00,1.155153e+00,1.117191e+00,2.147104e+00,1.382137e+00,2.802986e+00,1.452696e+00,1.084106e+00,1.280620e+00,1.155991e+00,1.224189e+00,1.213007e+00,1.254001e+00,1.249138e+00,1.346931e+00,1.329679e+00,3.912217e+00,1.042165e+00,1.187012e+00,1.058584e+00,1.687707e+00,1.100026e+00,1.293555e+00,1.196951e+00,1.114521e+00,1.146212e+00,1.153901e+00,1.166327e+00,2.114416e+00,1.093450e+00,1.042789e+00,1.263986e+00,1.157541e+00,1.721276e+00,1.155604e+00,1.245095e+00,1.244779e+00,1.154185e+00,1.075401e+00,1.376085e+00,1.111798e+00,1.611177e+00,1.303378e+00,1.139072e+00,1.160458e+00,1.049619e+00,1.299112e+00,1.206126e+00,1.264176e+00,1.320462e+00,1.111334e+00,1.199333e+00,2.628699e+00,1.470507e+00,1.195298e+00,1.244976e+00,1.151946e+00,1.209234e+00,1.163952e+00,1.392027e+00,1.270125e+00,1.168926e+00,1.387240e+00,1.320851e+00,1.474477e+00,1.617846e+00,2.234834e+00,1.127081e+00,1.207597e+00,1.070058e+00,1.230888e+00,1.176208e+00,1.275301e+00,1.314530e+00,2.501514e+00,9.710512e-01,1.415103e+00,1.262092e+00,1.506083e+00,1.492885e+00,3.771532e+00,1.418301e+00,1.455505e+00,1.155608e+00,1.178525e+00,1.295202e+00,1.194714e+00,1.209593e+00,1.050010e+00,1.355348e+00,1.095493e+00,1.195895e+00,1.616487e+00,3.468364e+00,1.367145e+00,2.083766e+00,9.869220e-01,1.355890e+00,1.835819e+00,5.200994e+00,1.032669e+00,1.085081e+00,1.437334e+00,1.715646e+00,1.122429e+00,2.188668e+00,1.819047e+00,1.218763e+00,2.956667e+00,1.234094e+00,1.290134e+00,1.169783e+00,1.380377e+00,1.179559e+00,1.379295e+00,1.084768e+00,1.096047e+00,1.136143e+00,1.169150e+00,1.171456e+00,1.076164e+00,3.000303e+00,1.605847e+00,1.639949e+00,3.795410e+00,1.064170e+00,1.173385e+00,1.008843e+00,1.153006e+00,1.024003e+00,1.073976e+00,1.177660e+00,1.056319e+00,1.149617e+00,1.060399e+00,1.088131e+00,9.954053e-01,1.093630e+00,1.056540e+00,1.102840e+00,1.015707e+00,1.050985e+00,1.073955e+00,1.169033e+00,1.134316e+00,1.195025e+00,1.201831e+00,1.043246e+00,1.232866e+00,1.189272e+00,1.180015e+00,1.029772e+00,1.166030e+00,1.014923e+00,1.099856e+00
1.220971e+00,1.292935e+00,1.181207e+00,1.096761e+00,9.708584e-01,1.053620e+00,1.218232e+00,1.083990e+00,1.017084e+00,1.063895e+00,1.192190e+00,9.879600e-01,1.346596e+00,9.954180e-01,1.029416e+00,1.064873e+00,1.064222e+00,1.022226e+00,1.038813e+00,9.784353e-01,1.129246e+00,1.079274e+00,1.447982e+00,1.157768e+00,1.049036e+00,1.151224e+00,1.314739e+00,9.201223e-01,1.035935e+00,1.073202e+00,1.122652e+00,1.124993e+00,1.398591e+00,9.868482e-01,1.031801e+00,1.119091e+00,9.807172e-01,1.119053e+00,1.112798e+00,1.036875e+00,1.130289e+00,1.089442e+00,1.078062e+00,9.896026e-01,1.051184e+00,1.074900e+00,1.231862e+00,1.109567e+00,1.326862e+00,1.284903e+00,1.318551e+00,1.126997e+00,1.034069e+00,1.171986e+00,1.932689e+00,1.004452e+00,1.129182e+00,1.260836e+00,1.475240e+00,1.016336e+00,9.944026e-01,1.092693e+00,2.586203e+00,1.739997e+00,9.646338e-01,1.486185e+00,1.260168e+00,1.045444e+00,1.731879e+00,1.268585e+00,1.157318e+00,1.493390e+00,1.199986e+00,2.614066e+00,1.043796e+00,1.525176e+00,1.150001e+00,1.042949e+00,1.091784e+00,2.661023e+00,1.293500e+00,1.485298e+00,1.505529e+00,1.164761e+00,1.010084e+00,1.156632e+00,1.207310e+00,1.328606e+00,1.365181e+00,1.279566e+00,1.103828e+00,1.073486e+00,1.024605e+00,1.138546e+00,1.196555e+00,1.073117e+00,1.175498e+00,1.281203e+00,1.142856e+00,1.104900e+00,1.145121e+00,1.014749e+00,1.153703e+00,1.072971e+00,1.226671e+00,1.147183e+00,9.468412e-01,1.076090e+00,9.782444e-01,1.219965e+00,1.093974e+00,1.161732e+00,1.107874e+00,1.367958e+00,1.355015e+00,1.045698e+00,1.035117e+00,1.033467e+00,1.567430e+00,1.272365e+00,1.701398e+00,1.387307e+00,1.203777e+00,1.147056e+00,1.202129e+00,2.051591e+00,1.073943e+00,1.161360e+00,1.121935e+00,1.114265e+00,1.187193e+00,1.339083e+00,1.077475e+00,1.102136e+00,1.692991e+00,1.231494e+00,1.234072e+00,1.442919e+00,2.198129e+00,1.207035e+00,2.452244e+00,1.248932e+00,5.080272e+00,4.592281e+00,1.673289e+00,1.159731e+00,1.060292e+00,1.074334e+00,1.077843e+00,1.211285e+00,2.927856e+00,2.079913e+00,1.412994e+00,1.132629e+00,1.484553e+00,1.658448e+00,1.046380e+00,9.899566e-01,1.910593e+00,1.589529e+00,2.155655e+00,1.240418e+00,2.176865e+00,2.131946e+00,1.942046e+00,1.256408e+00,1.158544e+00,1.189365e+00,1.436337e+00,1.513922e+00,1.033853e+00,1.325387e+00,1.076656e+00,1.108203e+00,1.167723e+00,1.100820e+00,1.187701e+00,1.128029e+00,1.117219e+00,1.229750e+00,1.110567e+00,1.773607e+00,3.550518e+00,1.157027e+00,1.450203e+00,1.086617e+00,1.273967e+00,1.200461e+00,1.177700e+00,1.069583e+00,1.047989e+00,1.020935e+00,1.066648e+00,1.130834e+00,1.191923e+00,1.096073e+00,1.111074e+00,1.122089e+00,1.034669e+00,1.149094e+00,1.144797e+00,1.074192e+00,1.070823e+00,1.000794e+00,1.072678e+00,1.242680e+00,1.096024e+00,1.089094e+00,1.195026e+00,9.772085e-01,1.318439e+00,1.240254e+00,1.145551e+00,1.069593e+00,1.255344e+00
1.021423e+00,1.073960e+00,1.111465e+00,1.088801e+00,1.028477e+00,1.114641e+00,1.171673e+00,1.068249e+00,1.028539e+00,1.007491e+00,1.009988e+00,1.306824e+00,1.050447e+00,1.109944e+00,1.135641e+00,1.138457e+00,1.002697e+00,1.116821e+00,1.058393e+00,1.034649e+00,1.079591e+00,1.070345e+00,1.016132e+00,1.064686e+00,1.181622e+00,1.001419e+00,1.481240e+00,1.062252e+00,1.175444e+00,1.075539e+00,1.085561e+00,1.048381e+00,1.103276e+00,1.130454e+00,1.068233e+00,1.011976e+00,1.047707e+00,1.090166e+00,1.041449e+00,1.028209e+00,1.047773e+00,1.062369e+00,9.572044e-01,1.148465e+00,1.308799e+00,1.048371e+00,1.750918e+00,1.274776e+00,1.024061e+00,1.172311e+00,1.085337e+00,9.852785e-01,1.031248e+00,1.165959e+00,1.119353e+00,1.323579e+00,1.235305e+00,1.282451e+00,1.142640e+00,1.081624e+00,1.235108e+00,2.096773e+00,1.319031e+00,2.145574e+00,1.427856e+00,1.188022e+00,1.347240e+00,1.153975e+00,1.246596e+00,2.638438e+00,1.683071e+00,1.124760e+00,1.320548e+00,1.123345e+00,1.021831e+00,1.174206e+00,1.133446e+00,1.066064e+00,1.127790e+00,1.360990e+00,1.342283e+00,1.034795e+00,1.353044e+00,1.082018e+00,2.439357e+00,1.058161e+00,1.561412e+00,1.835120e+00,1.180258e+00,1.325768e+00,1.602419e+00,1.011338e+00,1.582455e+00,1.049396e+00,1.119778e+00,1.054975e+00,1.121815e+00,1.129442e+00,1.132409e+00,1.988718e+00,1.064382e+00,1.076162e+00,1.081463e+00,1.165062e+00,1.107132e+00,1.014311e+00,1.280022e+00,1.819354e+00,1.811681e+00,1.134724e+00,1.090056e+00,1.272771e+00,1.128419e+00,1.063666e+00,1.147455e+00,1.219349e+00,1.265075e+00,1.571397e+00,1.569294e+00,1.276702e+00,1.138112e+00,1.509992e+00,1.082360e+00,1.114159e+00,1.310491e+00,1.115650e+00,1.076039e+00,1.669578e+00,2.821552e+00,1.238843e+00,1.235727e+00,1.194346e+00,2.211044e+00,1.259037e+00,3.265656e+00,2.198762e+00,2.194676e+00,3.655247e+00,1.093167e+00,1.174966e+00,2.460299e+00,2.808155e+00,1.572823e+00,9.940316e-01,1.143393e+00,1.049830e+00,1.068085e+00,1.098648e+00,1.104995e+00,9.663489e-01,1.164092e+00,1.761383e+00,2.122692e+00,1.155903e+00,1.782349e+00,1.484150e+00,1.078938e+00,1.076397e+00,1.233889e+00,1.120632e+00,2.349217e+00,1.100176e+00,1.069694e+00,1.588741e+00,1.931886e+00,1.654311e+00,1.196429e+00,1.076481e+00,1.151071e+00,1.228909e+00,1.156229e+00,1.056902e+00,1.042308e+00,1.044359e+00,1.082431e+00,1.021822e+00,1.177821e+00,1.062352e+00,1.109318e+00,1.001792e+00,9.854162e-01,2.147191e+00,1.062488e+00,3.775403e+00,1.098195e+00,1.356127e+00,9.823171e-01,1.066575e+00,9.635950e-01,1.010249e+00,1.046134e+00,1.050629e+00,1.029870e+00,1.170399e+00,1.079429e+00,1.000911e+00,1.037229e+00,1.047960e+00,1.065881e+00,1.043536e+00,1.125331e+00,1.164066e+00,1.107427e+00,1.015938e+00,1.025854e+00,1.179752e+00,1.035139e+00,9.560516e-01,1.016541e+00,9.934365e-01,1.133969e+00,1.116674e+00,1.187248e+00,9.716897e-01,9.983717e-01
1.080230e+00,1.032362e+00,1.100271e+00,1.070327e+00,1.101824e+00,1.203118e+00,1.061382e+00,1.209132e+00,1.102110e+00,1.065756e+00,1.083697e+00,9.271567e-01,1.078175e+00,1.155208e+00,1.028731e+00,1.042794e+00,1.122028e+00,1.126130e+00,1.148182e+00,1.110796e+00,1.019661e+00,1.232593e+00,1.145377e+00,1.062130e+00,1.090101e+00,1.114052e+00,1.144107e+00,1.261396e+00,1.075830e+00,1.149051e+00,1.123404e+00,1.242424e+00,1.157928e+00,1.378972e+00,1.027144e+00,1.181822e+00,1.134611e+00,1.085080e+00,1.101122e+00,1.130805e+00,9.955231e-01,1.042756e+00,1.137676e+00,1.099134e+00,1.437987e+00,9.862021e-01,1.059685e+00,1.190442e+00,1.127333e+00,1.004704e+00,1.266623e+00,9.819528e-01,1.290022e+00,1.055758e+00,1.071990e+00,1.498515e+00,1.112619e+00,1.277193e+00,1.056451e+00,1.067037e+00,1.964539e+00,1.298112e+00,2.281167e+00,3.111127e+00,1.249113e+00,1.055563e+00,1.157870e+00,1.183211e+00,1.218011e+00,1.235128e+00,1.035899e+00,1.163673e+00,1.558948e+00,2.334032e+00,1.073605e+00,1.108754e+00,1.145722e+00,1.153332e+00,1.132249e+00,1.673505e+00,1.165232e+00,1.819131e+00,1.109718e+00,1.115856e+00,1.082408e+00,1.021727e+00,1.057160e+00,1.244101e+00,1.138785e+00,1.092371e+00,9.290887e-01,1.540957e+00,1.051739e+00,1.119909e+00,1.080534e+00,2.465400e+00,1.060274e+00,3.364567e+00,1.120539e+00,1.131979e+00,1.724350e+00,1.153766e+00,1.094310e+00,1.118112e+00,1.290918e+00,1.539424e+00,1.014978e+00,1.051108e+00,1.512991e+00,1.120472e+00,1.061625e+00,1.174810e+00,1.159175e+00,1.308188e+00,1.163284e+00,1.280907e+00,1.080645e+00,1.154836e+00,1.157323e+00,1.341475e+00,1.171856e+00,4.554582e+00,1.306832e+00,1.133289e+00,1.166380e+00,1.124069e+00,1.970541e+00,1.659621e+00,1.263896e+00,1.185558e+00,1.486488e+00,1.335681e+00,2.219341e+00,1.081763e+00,1.380705e+00,1.181952e+00,1.751335e+00,1.043323e+00,1.095962e+00,1.641666e+00,1.673136e+00,1.220679e+00,1.094252e+00,1.055812e+00,1.210459e+00,1.087082e+00,1.070089e+00,1.010059e+00,1.087819e+00,1.373624e+00,1.091145e+00,1.101679e+00,1.224688e+00,1.930501e+00,1.193722e+00,2.422845e+00,9.274207e-01,1.068071e+00,1.552835e+00,1.237834e+00,1.089441e+00,1.159490e+00,4.093341e+00,1.223222e+00,1.132400e+00,1.104823e+00,1.167014e+00,1.071306e+00,1.200173e+00,2.795539e+00,1.066361e+00,1.055013e+00,1.108018e+00,1.079870e+00,1.141405e+00,1.192817e+00,1.227897e+00,1.113029e+00,1.082652e+00,1.136685e+00,1.818431e+00,3.133381e+00,2.046680e+00,1.161448e+00,1.063733e+00,1.007060e+00,1.020659e+00,1.006004e+00,1.074781e+00,1.065154e+00,1.075137e+00,1.106766e+00,9.980189e-01,1.097355e+00,1.115627e+00,1.127585e+00,1.077231e+00,1.183682e+00,1.001062e+00,1.080768e+00,1.147957e+00,1.024306e+00,1.196154e+00,1.050360e+00,1.041922e+00,9.402781e-01,1.171444e+00,1.183621e+00,1.043427e+00,1.062953e+00,1.076548e+00,1.203831e+00,1.004506e+00,1.050087e+00,1.201128e+00
1.024334e+00,1.125640e+00,9.850919e-01,1.097215e+00,1.049824e+00,1.024043e+00,1.137344e+00,1.063989e+00,1.189519e+00,1.017527e+00,1.092935e+00,1.078735e+00,1.113867e+00,1.143121e+00,1.003007e+00,1.168867e+00,9.775646e-01,1.098912e+00,1.010422e+00,1.277278e+00,1.164961e+00,1.100576e+00,1.032216e+00,1.002358e+00,9.661738e-01,1.034877e+00,1.023362e+00,1.086733e+00,1.011461e+00,1.003349e+00,1.274386e+00,9.714705e-01,1.053147e+00,1.140845e+00,1.556812e+00,1.158861e+00,1.057011e+00,1.004550e+00,1.034494e+00,9.584028e-01,1.072810e+00,1.113112e+00,1.175515e+00,1.112580e+00,1.046161e+00,1.244394e+00,1.131647e+00,1.117134e+00,1.216915e+00,1.048991e+00,1.032329e+00,1.574028e+00,1.069759e+00,1.031679e+00,1.165329e+00,1.191572e+00,1.233004e+00,1.201991e+00,1.230759e+00,2.280066e+00,1.079186e+00,1.146815e+00,1.325153e+00,1.037245e+00,1.114699e+00,1.311384e+00,2.365164e+00,1.392411e+00,1.049739e+00,1.100861e+00,1.490437e+00,1.119897e+00,1.167631e+00,2.893358e+00,1.241627e+00,1.323488e+00,1.059603e+00,1.291675e+00,4.174439e+00,1.092449e+00,4.556847e+00,1.005591e+00,3.363669e+00,9.463691e-01,1.135592e+00,1.049392e+00,1.375910e+00,1.195388e+00,1.627086e+00,1.067466e+00,1.165713e+00,1.110761e+00,1.683343e+00,1.107875e+00,9.783704e-01,2.682717e+00,1.136880e+00,1.099695e+00,1.200416e+00,1.044673e+00,1.279848e+00,1.094290e+00,3.853469e+00,1.045282e+00,1.101799e+00,1.296728e+00,1.268266e+00,1.111349e+00,1.043566e+00,1.109306e+00,1.134795e+00,1.069157e+00,1.155241e+00,1.133007e+00,1.243196e+00,1.058630e+00,1.018132e+00,1.095875e+00,1.375080e+00,1.248009e+00,1.193771e+00,2.296828e+00,1.376957e+00,1.211398e+00,1.070032e+00,2.164279e+00,1.033280e+00,1.094704e+00,1.387695e+00,1.179899e+00,1.252716e+00,9.880725e-01,2.254143e+00,4.393323e+00,1.395966e+00,4.207616e+00,5.213857e+00,1.155435e+00,3.149309e+00,1.496107e+00,1.058542e+00,1.087204e+00,1.083311e+00,1.006193e+00,2.618592e+00,1.113833e+00,1.154825e+00,1.135795e+00,4.603028e+00,3.037883e+00,4.008122e+00,1.102528e+00,1.843439e+00,1.126729e+00,3.533204e+00,1.097686e+00,1.630983e+00,1.550645e+00,1.517323e+00,1.140097e+00,1.417910e+00,1.001869e+00,1.112713e+00,3.720070e+00,1.249759e+00,1.087478e+00,1.349773e+00,1.084739e+00,1.111988e+00,1.196149e+00,1.068605e+00,1.189098e+00,1.043609e+00,1.173999e+00,1.100258e+00,1.047099e+00,1.120694e+00,1.037819e+00,1.157034e+00,1.143663e+00,1.101637e+00,1.194756e+00,9.675144e-01,1.111696e+00,1.035357e+00,1.102738e+00,1.130747e+00,1.033513e+00,1.004691e+00,9.875791e-01,1.157210e+00,1.097844e+00,1.117485e+00,1.077407e+00,1.227656e+00,1.128636e+00,1.058721e+00,1.165318e+00,1.135018e+00,9.986757e-01,1.073758e+00,1.147611e+00,1.133707e+00,1.083753e+00,1.052684e+00,1.023796e+00,1.108106e+00,1.146231e+00,1.041465e+00,1.016049e+00,9.977006e-01,1.088596e+00,1.024346e+00,1.102289e+00,1.010731e+00
1.092615e+00,1.140958e+00,1.077509e+00,1.044989e+00,1.184512e+00,1.147590e+00,1.017362e+00,1.070503e+00,1.032807e+00,1.054604e+00,1.087163e+00,9.207882e-01,9.340500e-01,1.092908e+00,9.877589e-01,9.625879e-01,1.005189e+00,1.097677e+00,1.026421e+00,9.948380e-01,1.088455e+00,1.153205e+00,1.013465e+00,1.038069e+00,1.027271e+00,1.112689e+00,1.073846e+00,1.048402e+00,1.159031e+00,1.060420e+00,1.068802e+00,9.997275e-01,1.073304e+00,1.237333e+00,1.024869e+00,9.789515e-01,1.011992e+00,1.019596e+00,1.074652e+00,1.206395e+00,1.029147e+00,9.946126e-01,1.155184e+00,1.042667e+00,1.149764e+00,1.197929e+00,9.993287e-01,9.671489e-01,1.201649e+00,1.110938e+00,1.059195e+00,1.106163e+00,1.163203e+00,1.048830e+00,1.094120e+00,1.417379e+00,9.903890e-01,1.110881e+00,1.114618e+00,1.339994e+00,1.823338e+00,1.651804e+00,1.332542e+00,1.192203e+00,1.600576e+00,1.186451e+00,5.487797e+00,1.043734e+00,1.295227e+00,1.124563e+00,1.103933e+00,1.106590e+00,2.174293e+00,9.747746e-01,2.877052e+00,1.225001e+00,1.380337e+00,1.041159e+00,1.105647e+00,1.368291e+00,1.020921e+00,1.978248e+00,1.166494e+00,1.033798e+00,1.048902e+00,1.947262e+00,1.299795e+00,1.058771e+00,1.148405e+00,1.130442e+00,2.345425e+00,1.703642e+00,1.045079e+00,1.072591e+00,1.402842e+00,1.103625e+00,1.075392e+00,2.110200e+00,2.242827e+00,1.282227e+00,1.039945e+00,1.101619e+00,1.320009e+00,1.004384e+00,1.056208e+00,1.208761e+00,1.273313e+00,1.016437e+00,1.050301e+00,1.108072e+00,1.162360e+00,1.051114e+00,1.064315e+00,1.168707e+00,1.077660e+00,1.222429e+00,1.148784e+00,1.815714e+00,1.135100e+00,1.961642e+00,1.048901e+00,1.888226e+00,1.138695e+00,1.062677e+00,1.376331e+00,1.125586e+00,2.099537e+00,1.099550e+00,1.144260e+00,1.250114e+00,1.218881e+00,1.367332e+00,5.012824e+00,1.049482e+00,1.125860e+00,3.883972e+00,1.058804e+00,1.107652e+00,1.038358e+00,1.134213e+00,1.143330e+00,1.045764e+00,1.108036e+00,1.102791e+00,1.243300e+00,2.659549e+00,2.747225e+00,4.411253e+00,4.279074e+00,2.580147e+00,1.243827e+00,1.422963e+00,1.020708e+00,1.232574e+00,1.073567e+00,1.267532e+00,1.240501e+00,1.232703e+00,1.089473e+00,9.915798e-01,2.046112e+00,1.076923e+00,1.229503e+00,1.135964e+00,1.150605e+00,1.226836e+00,1.298901e+00,1.126289e+00,1.182854e+00,1.012298e+00,1.112262e+00,1.250513e+00,1.089073e+00,1.120376e+00,9.785731e-01,1.088140e+00,1.039714e+00,1.071750e+00,1.630020e+00,2.694556e+00,1.506829e+00,1.236194e+00,1.102488e+00,1.134729e+00,1.090228e+00,1.038680e+00,1.212930e+00,1.168429e+00,1.067568e+00,1.125547e+00,1.033657e+00,1.016305e+00,1.139792e+00,1.068293e+00,1.081382e+00,1.281258e+00,1.120348e+00,1.108118e+00,1.050862e+00,1.200535e+00,1.311473e+00,1.087660e+00,1.108360e+00,1.070436e+00,1.116597e+00,1.251778e+00,1.189773e+00,1.068957e+00,1.000294e+00,1.073080e+00,1.047793e+00,1.009697e+00,1.094669e+00,1.058351e+00,9.576808e-01
9.987714e-01,1.026019e+00,1.017542e+00,1.023096e+00,1.085426e+00,1.059519e+00,1.091167e+00,1.043020e+00,1.093845e+00,9.848867e-01,1.079821e+00,1.018959e+00,9.372355e-01,9.430180e-01,1.025305e+00,9.909638e-01,1.194486e+00,1.146236e+00,1.098739e+00,9.474020e-01,9.647920e-01,1.207233e+00,1.099849e+00,1.112317e+00,1.273344e+00,1.048359e+00,1.107795e+00,1.071578e+00,1.150591e+00,1.190566e+00,1.045498e+00,1.023382e+00,9.700904e-01,1.176263e+00,1.016206e+00,9.778417e-01,1.020239e+00,1.127210e+00,1.053522e+00,1.013232e+00,1.050382e+00,1.087280e+00,1.100206e+00,1.124296e+00,1.216599e+00,1.147891e+00,1.161087e+00,1.035721e+00,1.504523e+00,1.044888e+00,1.140804e+00,1.185137e+00,1.493842e+00,1.141184e+00,1.068134e+00,1.193629e+00,1.180163e+00,1.006121e+00,1.049697e+00,2.448911e+00,1.008172e+00,9.777850e-01,1.402703e+00,1.011982e+00,1.051796e+00,1.255513e+00,1.047785e+00,3.153231e+00,1.200879e+00,1.028804e+00,1.100176e+00,1.275846e+00,1.075668e+00,1.163554e+00,1.297263e+00,1.034003e+00,1.203366e+00,1.017582e+00,1.135266e+00,1.085219e+00,1.664049e+00,1.151838e+00,1.081056e+00,1.313734e+00,1.063780e+00,1.215648e+00,2.506157e+00,1.066728e+00,9.631379e-01,2.498386e+00,1.240295e+00,1.134702e+00,1.032429e+00,1.565362e+00,1.274364e+00,1.738219e+00,1.271995e+00,1.514640e+00,1.133769e+00,1.211182e+00,1.035009e+00,1.105329e+00,1.176329e+00,1.058974e+00,1.267829e+00,9.868980e-01,1.150420e+00,1.143341e+00,1.204878e+00,1.066782e+00,1.039719e+00,2.480391e+00,1.055062e+00,1.903314e+00,1.071878e+00,1.125003e+00,2.780194e+00,1.182717e+00,1.248106e+00,1.141558e+00,1.059826e+00,5.316374e+00,2.002901e+00,1.330512e+00,1.181582e+00,1.074353e+00,1.848874e+00,1.035838e+00,1.052794e+00,1.149668e+00,1.077265e+00,1.532471e+00,3.599186e+00,1.983120e+00,3.282821e+00,1.197506e+00,1.128317e+00,9.679216e-01,9.776355e-01,1.095169e+00,1.023938e+00,1.090788e+00,1.080976e+00,1.432293e+00,1.609968e+00,4.360490e+00,3.544100e+00,1.360734e+00,1.132080e+00,1.116284e+00,1.506404e+00,9.740574e-01,1.243009e+00,1.719419e+00,1.129845e+00,1.171586e+00,2.257423e+00,2.005215e+00,1.157128e+00,1.095233e+00,1.084971e+00,1.000490e+00,1.027247e+00,1.078462e+00,1.072039e+00,1.356120e+00,1.041687e+00,1.103502e+00,1.199901e+00,1.065800e+00,1.147597e+00,1.028966e+00,1.123988e+00,9.585248e-01,9.898338e-01,1.038581e+00,1.297997e+00,1.599311e+00,2.721915e+00,1.031990e+00,1.012236e+00,1.014965e+00,1.058054e+00,9.595572e-01,9.931507e-01,1.300107e+00,1.004923e+00,1.068816e+00,1.194747e+00,1.070841e+00,1.031944e+00,1.109217e+00,1.042257e+00,1.045272e+00,9.744702e-01,1.042768e+00,1.029268e+00,1.051414e+00,9.526325e-01,1.151087e+00,1.063124e+00,9.338977e-01,1.038437e+00,1.106576e+00,1.071885e+00,9.692213e-01,1.025950e+00,9.585835e-01,1.094126e+00,1.004222e+00,1.005239e+00,1.102371e+00,9.889549e-01,1.091422e+00,9.494961e-01
1.032027e+00,1.070434e+00,9.952998e-01,1.124112e+00,1.341242e+00,1.046723e+00,1.127542e+00,1.108111e+00,1.001436e+00,1.074012e+00,1.005489e+00,1.121390e+00,1.124108e+00,1.029329e+00,1.083833e+00,1.076965e+00,9.357112e-01,1.136318e+00,9.682305e-01,1.038795e+00,1.053949e+00,1.043982e+00,1.139726e+00,9.207769e-01,1.164950e+00,1.065102e+00,1.007843e+00,1.043680e+00,1.060466e+00,1.314560e+00,1.078332e+00,1.140191e+00,1.059904e+00,1.145508e+00,1.226512e+00,1.417303e+00,1.095804e+00,1.075004e+00,1.096568e+00,1.046822e+00,1.118552e+00,9.473010e-01,1.084470e+00,9.662497e-01,1.069712e+00,1.078117e+00,1.068079e+00,1.038778e+00,1.054012e+00,1.082579e+00,1.123195e+00,1.047590e+00,1.124059e+00,1.078881e+00,1.148262e+00,1.014917e+00,1.093894e+00,1.732400e+00,9.961828e-01,1.126930e+00,1.081449e+00,1.088700e+00,1.148909e+00,1.037765e+00,1.092820e+00,1.281511e+00,1.013131e+00,1.210752e+00,1.002669e+00,1.172829e+00,9.960292e-01,1.115343e+00,2.280821e+00,1.160020e+00,1.124817e+00,1.113259e+00,1.248684e+00,1.151008e+00,1.735652e+00,3.562122e+00,1.675599e+00,1.068948e+00,1.027773e+00,1.156302e+00,1.087530e+00,1.122363e+00,1.330530e+00,1.030702e+00,1.293958e+00,1.620535e+00,1.170281e+00,1.245495e+00,1.349988e+00,1.146978e+00,1.136181e+00,1.480202e+00,1.236931e+00,1.132034e+00,1.362131e+00,1.242701e+00,1.458108e+00,1.112227e+00,3.431719e+00,1.604234e+00,1.093949e+00,1.163759e+00,2.466968e+00,9.968933e-01,1.129967e+00,1.119775e+00,1.024769e+00,1.110080e+00,1.116869e+00,1.285396e+00,1.178554e+00,1.168318e+00,2.413783e+00,1.086985e+00,1.569603e+00,2.220973e+00,1.204231e+00,1.276524e+00,1.178608e+00,1.256960e+00,1.083458e+00,1.296559e+00,1.238196e+00,3.724961e+00,2.421261e+00,1.536716e+00,4.261644e+00,1.837239e+00,1.040930e+00,1.060182e+00,1.094870e+00,1.247167e+00,1.127027e+00,1.060493e+00,1.070984e+00,1.203960e+00,1.101153e+00,1.179344e+00,5.324821e+00,1.065734e+00,2.073428e+00,1.115578e+00,1.240662e+00,1.647853e+00,1.661380e+00,1.333752e+00,2.515610e+00,1.166519e+00,4.172906e+00,1.009720e+00,1.146701e+00,1.117654e+00,1.334328e+00,1.405064e+00,1.428875e+00,1.193090e+00,1.065259e+00,1.206604e+00,1.021009e+00,1.103846e+00,1.312774e+00,1.154261e+00,2.357281e+00,1.075810e+00,1.146563e+00,1.057938e+00,1.026343e+00,1.032501e+00,1.126613e+00,9.904940e-01,9.802477e-01,9.517120e-01,1.131828e+00,2.222828e+00,1.706349e+00,1.521981e+00,1.103727e+00,1.414273e+00,1.147481e+00,1.095355e+00,1.038911e+00,1.094133e+00,9.795560e-01,1.056138e+00,1.093770e+00,1.071668e+00,1.011790e+00,1.002158e+00,1.089462e+00,1.047157e+00,1.094642e+00,1.075705e+00,1.067787e+00,1.126428e+00,1.061139e+00,9.603427e-01,1.223408e+00,1.183675e+00,1.086377e+00,9.928593e-01,1.090544e+00,1.008386e+00,9.971902e-01,1.151790e+00,1.074840e+00,1.016207e+00,1.108430e+00,9.860517e-01,1.061082e+00,1.030410e+00,1.004577e+00
1.103515e+00,1.125685e+00,1.050312e+00,1.021122e+00,1.123435e+00,9.896630e-01,1.077155e+00,1.098045e+00,1.143747e+00,9.855875e-01,1.162825e+00,1.187013e+00,1.149744e+00,1.136973e+00,1.111425e+00,1.036262e+00,1.148221e+00,1.015805e+00,1.100670e+00,1.109248e+00,1.060540e+00,1.123700e+00,1.083292e+00,1.124267e+00,1.173956e+00,1.204374e+00,1.037087e+00,1.045795e+00,1.149997e+00,1.056952e+00,1.137432e+00,1.251365e+00,1.093526e+00,1.039724e+00,1.271236e+00,1.131836e+00,1.096316e+00,1.170401e+00,1.080935e+00,1.057800e+00,1.010840e+00,1.097649e+00,1.174364e+00,1.078076e+00,1.236576e+00,1.027633e+00,1.047852e+00,1.036177e+00,1.087368e+00,1.113798e+00,1.114426e+00,1.158396e+00,1.071889e+00,1.486878e+00,1.272243e+00,1.067864e+00,1.069738e+00,1.089243e+00,1.170886e+00,1.116091e+00,1.010091e+00,1.103395e+00,1.196781e+00,1.184758e+00,1.275233e+00,1.104527e+00,1.018993e+00,1.126633e+00,1.099763e+00,1.409677e+00,1.155904e+00,1.143019e+00,2.183822e+00,1.411860e+00,9.876264e-01,1.486698e+00,1.064711e+00,1.583387e+00,5.515801e+00,1.140871e+00,1.020278e+00,1.065411e+00,1.351443e+00,1.070969e+00,1.240078e+00,9.523845e-01,1.022164e+00,1.014481e+00,1.013194e+00,1.158384e+00,1.137866e+00,1.051761e+00,1.097241e+00,1.261582e+00,1.106668e+00,1.862403e+00,1.311872e+00,1.072140e+00,9.659927e-01,1.000242e+00,1.141694e+00,1.099097e+00,9.932180e-01,1.134724e+00,1.125174e+00,1.071460e+00,2.029852e+00,9.593148e-01,1.184400e+00,1.163895e+00,1.005008e+00,1.086215e+00,9.639585e-01,1.376033e+00,1.316992e+00,1.369111e+00,1.182824e+00,1.114192e+00,9.596911e-01,1.908703e+00,1.105384e+00,1.203255e+00,1.592937e+00,1.203931e+00,1.079976e+00,1.239246e+00,1.687407e+00,1.831315e+00,1.595026e+00,1.104062e+00,2.486111e+00,1.233278e+00,1.014501e+00,1.066132e+00,1.084283e+00,1.099026e+00,9.878368e-01,1.058634e+00,1.002526e+00,1.147627e+00,1.573793e+00,2.467791e+00,1.276589e+00,1.310531e+00,1.254938e+00,1.647401e+00,2.864797e+00,1.073423e+00,1.273851e+00,1.049163e+00,9.999076e-01,1.085454e+00,1.113756e+00,1.079061e+00,1.180233e+00,1.735877e+00,1.197060e+00,1.103655e+00,1.056614e+00,1.380599e+00,1.419692e+00,1.101345e+00,1.177152e+00,1.185802e+00,1.225079e+00,1.062554e+00,1.163540e+00,1.071786e+00,1.084638e+00,1.140309e+00,1.123922e+00,1.023480e+00,1.011905e+00,1.101284e+00,1.108272e+00,1.150514e+00,nan,1.193922e+00,1.344365e+00,1.101816e+00,1.215707e+00,9.692264e-01,1.098003e+00,1.064871e+00,1.021090e+00,1.080496e+00,1.122844e+00,1.027282e+00,1.068807e+00,1.014812e+00,1.075237e+00,1.018153e+00,1.130902e+00,1.046122e+00,1.020886e+00,1.055709e+00,1.158096e+00,1.059083e+00,1.159484e+00,1.141049e+00,1.015430e+00,1.061443e+00,1.087741e+00,1.024498e+00,1.058423e+00,1.084174e+00,1.096198e+00,1.054903e+00,1.134827e+00,1.262943e+00,1.003976e+00,1.079839e+00,1.242253e+00,1.169570e+00,1.022381e+00
1.081469e+00,1.028229e+00,1.154974e+00,1.068012e+00,1.015715e+00,1.092825e+00,1.020799e+00,1.039404e+00,1.081356e+00,1.080871e+00,1.104828e+00,1.191950e+00,1.021047e+00,9.880159e-01,1.053940e+00,1.064683e+00,1.086045e+00,1.081693e+00,1.013032e+00,1.094811e+00,1.103446e+00,1.044790e+00,1.430915e+00,1.014623e+00,1.017313e+00,1.088790e+00,1.143072e+00,1.125823e+00,1.172662e+00,9.340157e-01,1.111497e+00,1.151428e+00,9.986031e-01,1.034568e+00,1.132582e+00,1.035071e+00,1.014121e+00,1.097024e+00,1.178620e+00,1.092178e+00,1.325334e+00,1.012986e+00,1.097057e+00,1.095806e+00,1.072858e+00,1.181401e+00,9.504156e-01,1.049054e+00,1.032388e+00,1.127374e+00,1.073615e+00,1.064770e+00,1.131438e+00,1.187364e+00,1.050107e+00,1.064453e+00,1.166156e+00,1.105862e+00,1.090905e+00,9.742577e-01,1.000287e+00,9.181546e-01,1.150012e+00,1.055746e+00,1.093840e+00,1.065396e+00,1.211194e+00,1.351351e+00,1.150977e+00,1.110305e+00,1.031199e+00,1.065236e+00,1.039516e+00,1.068708e+00,1.442009e+00,1.081190e+00,1.149548e+00,1.113586e+00,1.393705e+00,1.214630e+00,1.349560e+00,1.096078e+00,1.022387e+00,1.073085e+00,1.056457e+00,1.061866e+00,1.013081e+00,1.053239e+00,1.770884e+00,1.203296e+00,1.129924e+00,1.137052e+00,2.519162e+00,1.154793e+00,1.602410e+00,1.328726e+00,1.187410e+00,1.082269e+00,1.006454e+00,1.219557e+00,1.403663e+00,1.019683e+00,1.109325e+00,1.341756e+00,1.068094e+00,1.088365e+00,1.088212e+00,1.011729e+00,1.058250e+00,1.144034e+00,1.037611e+00,1.129011e+00,1.038278e+00,1.147573e+00,1.071572e+00,1.191837e+00,1.072988e+00,1.556301e+00,1.024731e+00,1.050604e+00,1.148769e+00,1.381587e+00,1.430626e+00,1.206430e+00,1.587833e+00,4.986413e+00,1.504050e+00,1.223034e+00,1.188553e+00,1.616222e+00,1.079424e+00,1.012255e+00,1.023300e+00,1.122189e+00,1.109953e+00,9.933615e-01,1.036119e+00,1.222662e+00,1.499427e+00,4.030109e+00,1.593518e+00,1.760520e+00,5.610888e+00,1.184020e+00,1.409544e+00,1.170586e+00,1.408040e+00,1.516468e+00,1.272911e+00,3.511990e+00,1.314246e+00,1.068360e+00,1.241020e+00,1.043823e+00,1.024186e+00,1.590197e+00,1.145371e+00,1.066204e+00,1.077471e+00,1.561173e+00,1.437414e+00,1.318854e+00,1.105072e+00,1.157080e+00,1.372688e+00,1.086906e+00,1.102192e+00,1.135053e+00,1.096910e+00,1.278339e+00,1.044028e+00,1.159541e+00,1.081068e+00,1.174315e+00,3.372021e+00,2.612653e+00,1.040974e+00,1.823250e+00,9.891259e-01,1.072235e+00,1.068160e+00,9.915802e-01,1.066999e+00,1.028083e+00,1.201582e+00,9.078073e-01,1.066123e+00,1.006602e+00,1.104385e+00,1.056225e+00,1.052470e+00,1.137209e+00,1.036909e+00,9.981358e-01,1.075395e+00,9.989682e-01,1.121267e+00,1.064504e+00,1.010742e+00,1.123368e+00,1.000386e+00,1.006467e+00,1.128010e+00,1.052040e+00,1.051890e+00,1.039314e+00,9.506764e-01,1.146310e+00,1.067529e+00,1.076523e+00,1.069044e+00,1.043273e+00,1.222128e+00,1.099302e+00,1.285457e+00
9.747688e-01,1.152999e+00,9.807313e-01,1.030994e+00,1.070057e+00,9.077063e-01,1.120733e+00,9.975089e-01,1.135576e+00,1.031807e+00,1.090253e+00,1.117173e+00,1.037098e+00,1.047943e+00,1.190454e+00,1.026436e+00,1.101098e+00,1.152995e+00,1.079510e+00,1.064513e+00,1.007044e+00,9.953541e-01,1.090121e+00,9.535783e-01,1.018519e+00,1.142923e+00,1.121010e+00,1.129696e+00,1.007686e+00,1.257560e+00,1.067784e+00,1.073306e+00,1.118477e+00,1.051441e+00,9.642511e-01,1.203338e+00,1.038015e+00,1.103436e+00,1.012758e+00,1.036450e+00,1.014328e+00,1.117450e+00,9.718450e-01,1.006511e+00,1.057422e+00,1.106068e+00,1.189888e+00,9.629044e-01,1.011277e+00,1.036916e+00,1.180923e+00,1.071967e+00,1.089402e+00,1.019666e+00,1.066097e+00,1.143796e+00,1.052771e+00,1.041275e+00,1.107368e+00,1.137279e+00,1.043169e+00,1.051169e+00,1.733324e+00,1.102420e+00,1.126621e+00,1.115268e+00,1.071684e+00,1.050146e+00,1.102215e+00,1.015524e+00,1.124151e+00,1.523771e+00,1.025926e+00,1.234394e+00,1.048412e+00,1.293604e+00,1.365764e+00,1.048242e+00,1.569709e+00,2.313638e+00,1.182082e+00,1.178631e+00,1.142693e+00,1.089862e+00,1.273804e+00,2.442533e+00,3.133663e+00,2.138717e+00,1.143407e+00,1.436025e+00,1.129032e+00,1.311133e+00,1.023008e+00,9.877637e-01,9.554635e-01,3.963776e+00,1.271672e+00,1.131389e+00,1.065815e+00,1.005337e+00,1.078818e+00,1.051801e+00,1.112978e+00,1.135027e+00,1.121306e+00,1.054348e+00,1.015361e+00,1.060067e+00,9.962485e-01,1.194689e+00,1.071017e+00,9.874758e-01,1.062970e+00,1.245020e+00,1.212972e+00,1.157065e+00,2.702973e+00,1.014138e+00,1.120713e+00,1.172201e+00,1.085125e+00,1.040272e+00,1.553701e+00,1.029546e+00,1.242381e+00,1.821658e+00,1.052937e+00,2.245486e+00,1.464076e+00,1.008806e+00,1.022844e+00,1.041462e+00,1.095159e+00,1.185213e+00,1.029913e+00,9.925976e-01,1.335709e+00,2.518698e+00,1.283586e+00,1.526155e+00,1.866940e+00,1.015441e+00,2.028195e+00,1.072465e+00,3.608491e+00,1.163740e+00,2.032362e+00,1.118252e+00,2.977441e+00,1.377104e+00,2.688911e+00,1.194483e+00,1.142511e+00,9.603666e-01,1.324739e+00,1.590461e+00,1.073480e+00,1.226359e+00,1.149898e+00,1.238891e+00,1.081334e+00,1.182930e+00,1.181437e+00,1.073687e+00,1.176154e+00,1.096190e+00,1.155450e+00,1.074036e+00,1.034345e+00,1.050135e+00,1.016758e+00,1.066520e+00,1.044460e+00,4.273943e+00,2.127520e+00,4.887764e+00,1.167087e+00,1.123958e+00,1.001057e+00,1.141630e+00,1.064731e+00,1.102664e+00,1.185820e+00,1.264104e+00,1.070988e+00,1.054263e+00,1.107946e+00,1.110654e+00,1.078120e+00,1.107533e+00,1.218011e+00,1.217863e+00,1.200304e+00,1.095245e+00,1.159509e+00,1.083836e+00,1.166465e+00,1.061003e+00,1.159142e+00,1.157467e+00,9.759376e-01,1.215146e+00,1.083114e+00,1.185997e+00,1.091355e+00,1.037397e+00,1.065378e+00,1.090841e+00,1.103740e+00,1.008010e+00,1.088290e+00,1.051185e+00,1.069449e+00,1.096094e+00,1.066416e+00
1.106358e+00,1.011812e+00,1.005025e+00,1.285692e+00,1.031581e+00,1.002635e+00,1.112891e+00,1.088606e+00,1.052165e+00,8.917666e-01,1.036185e+00,1.134419e+00,1.041362e+00,1.100206e+00,1.046639e+00,1.005014e+00,1.046480e+00,1.010760e+00,1.022430e+00,1.023945e+00,1.062616e+00,1.119463e+00,1.085712e+00,9.539483e-01,1.083838e+00,9.582950e-01,9.990920e-01,1.035261e+00,1.115081e+00,1.109015e+00,1.177712e+00,1.056099e+00,1.023124e+00,1.316376e+00,1.099217e+00,1.005017e+00,1.067117e+00,9.740800e-01,1.082799e+00,1.166015e+00,1.108153e+00,1.090555e+00,1.070592e+00,1.003579e+00,1.100313e+00,1.091478e+00,1.058330e+00,1.127184e+00,1.015033e+00,1.113101e+00,1.034743e+00,1.076467e+00,1.142400e+00,1.159916e+00,1.053868e+00,1.189743e+00,1.092256e+00,1.007711e+00,1.133975e+00,1.077567e+00,1.113551e+00,1.125545e+00,9.631553e-01,2.309129e+00,1.102955e+00,9.893600e-01,1.013061e+00,1.216611e+00,1.149679e+00,1.076187e+00,1.056229e+00,1.065838e+00,1.123526e+00,1.912436e+00,1.409472e+00,9.888660e-01,1.972136e+00,1.143420e+00,1.038528e+00,1.656765e+00,1.207218e+00,1.096965e+00,1.217541e+00,1.087209e+00,1.189336e+00,1.060458e+00,1.870085e+00,1.155229e+00,1.098885e+00,1.129542e+00,9.555658e-01,1.191312e+00,1.144616e+00,1.289560e+00,1.021936e+00,1.050746e+00,9.210377e-01,1.244925e+00,9.495990e-01,1.130706e+00,1.065939e+00,1.064276e+00,9.882040e-01,1.102861e+00,1.037597e+00,1.060170e+00,1.060085e+00,9.499338e-01,1.246451e+00,1.113839e+00,1.131203e+00,1.042303e+00,1.586715e+00,1.175698e+00,1.113740e+00,1.053988e+00,1.545556e+00,1.217755e+00,1.166171e+00,2.417415e+00,1.077476e+00,2.465284e+00,1.342334e+00,2.647833e+00,1.130604e+00,1.511597e+00,1.075688e+00,5.242747e+00,1.108592e+00,1.070862e+00,9.788867e-01,1.166405e+00,1.011918e+00,1.127181e+00,2.302058e+00,1.251945e+00,1.500916e+00,1.189333e+00,2.026639e+00,1.125933e+00,1.253059e+00,1.290090e+00,1.872454e+00,3.496065e+00,1.084137e+00,1.140078e+00,1.089423e+00,1.267645e+00,1.596757e+00,2.306047e+00,1.532959e+00,1.530853e+00,1.523303e+00,1.104108e+00,1.021607e+00,1.388386e+00,1.060276e+00,1.146383e+00,1.009688e+00,1.047538e+00,1.374095e+00,1.229877e+00,1.077600e+00,1.204687e+00,1.084688e+00,1.152504e+00,9.938727e-01,1.078229e+00,1.031026e+00,1.139370e+00,1.163636e+00,1.008078e+00,1.137021e+00,1.180609e+00,3.485721e+00,1.211054e+00,1.092620e+00,1.352306e+00,1.046942e+00,1.232700e+00,1.111045e+00,1.067843e+00,1.053393e+00,1.113377e+00,1.140624e+00,1.030866e+00,1.299040e+00,1.158509e+00,1.124176e+00,1.047529e+00,1.148930e+00,1.262344e+00,1.364546e+00,1.033272e+00,1.175876e+00,1.180534e+00,1.052189e+00,1.149730e+00,1.129013e+00,9.299072e-01,1.031657e+00,1.064493e+00,1.172410e+00,1.111802e+00,1.023842e+00,1.024297e+00,1.015415e+00,1.097754e+00,1.406730e+00,1.075609e+00,1.071250e+00,1.124545e+00,1.041349e+00,1.028736e+00,1.168928e+00
1.047707e+00,1.092350e+00,1.241143e+00,9.989653e-01,1.168014e+00,9.937772e-01,1.255905e+00,1.154119e+00,1.120721e+00,1.091045e+00,1.014692e+00,1.154380e+00,1.023651e+00,1.100630e+00,9.491105e-01,1.081887e+00,1.051630e+00,1.059029e+00,1.176816e+00,1.041478e+00,1.054835e+00,9.817512e-01,1.000688e+00,1.060386e+00,1.170157e+00,1.022989e+00,1.100425e+00,1.255827e+00,1.063308e+00,1.102170e+00,1.016789e+00,1.065279e+00,1.169573e+00,1.027383e+00,1.283338e+00,1.121453e+00,9.673219e-01,1.124390e+00,1.040936e+00,1.017449e+00,1.056874e+00,9.982057e-01,1.232848e+00,9.935543e-01,1.043794e+00,1.133734e+00,1.112493e+00,1.226341e+00,1.223042e+00,9.832156e-01,1.075750e+00,1.184231e+00,1.182928e+00,1.006424e+00,1.142405e+00,1.044810e+00,1.000186e+00,1.335720e+00,1.440792e+00,1.121394e+00,1.028571e+00,1.140954e+00,1.196645e+00,1.038362e+00,9.965148e-01,1.091079e+00,1.091945e+00,1.005985e+00,1.126802e+00,1.148125e+00,1.198553e+00,1.066612e+00,1.072304e+00,1.120728e+00,9.817906e-01,1.039345e+00,1.143705e+00,1.092632e+00,1.088562e+00,1.427731e+00,1.124713e+00,1.133401e+00,1.134271e+00,1.130644e+00,1.159501e+00,1.103128e+00,1.149586e+00,1.156184e+00,1.076944e+00,1.125207e+00,1.141260e+00,9.944601e-01,3.561322e+00,1.656117e+00,1.377323e+00,1.383109e+00,1.200994e+00,1.087120e+00,9.750294e-01,1.018734e+00,1.113511e+00,1.087397e+00,1.049632e+00,9.770069e-01,1.173173e+00,1.018502e+00,1.171729e+00,1.078680e+00,1.082529e+00,1.184190e+00,1.160261e+00,1.008242e+00,1.062212e+00,1.110169e+00,9.158379e-01,1.002872e+00,1.120591e+00,1.350613e+00,1.174475e+00,1.064054e+00,1.115257e+00,2.210762e+00,1.830585e+00,1.351657e+00,1.313381e+00,1.122642e+00,1.856421e+00,1.052727e+00,1.127895e+00,1.328847e+00,1.199001e+00,1.149982e+00,1.200802e+00,3.538927e+00,1.130513e+00,1.105143e+00,3.866691e+00,1.143282e+00,1.369317e+00,1.320936e+00,4.603435e+00,2.310414e+00,1.176210e+00,1.351160e+00,1.169220e+00,1.016779e+00,1.419699e+00,1.026712e+00,1.092622e+00,1.108746e+00,1.277358e+00,1.166826e+00,1.273482e+00,1.219353e+00,1.448594e+00,1.091824e+00,1.101216e+00,1.204522e+00,1.067149e+00,1.119958e+00,1.069309e+00,1.137756e+00,1.045056e+00,1.034299e+00,9.631951e-01,1.166468e+00,1.161084e+00,1.038717e+00,1.074666e+00,1.127673e+00,1.097711e+00,1.212305e+00,2.457239e+00,1.997459e+00,1.067179e+00,9.912427e-01,1.087127e+00,1.057451e+00,1.027246e+00,1.140373e+00,1.098387e+00,1.103742e+00,1.164537e+00,9.580278e-01,1.060617e+00,1.249507e+00,1.013447e+00,1.142552e+00,1.227135e+00,1.084316e+00,9.997900e-01,1.074885e+00,1.196026e+00,1.111694e+00,1.048720e+00,9.650897e-01,1.107364e+00,1.270488e+00,1.170552e+00,1.040450e+00,9.798040e-01,1.029209e+00,1.072185e+00,9.760861e-01,1.007399e+00,1.069635e+00,1.095696e+00,1.109615e+00,1.052642e+00,1.149083e+00,1.021467e+00,1.053366e+00,1.087789e+00,1.086886e+00,1.149186e+00
1.027269e+00,1.077448e+00,1.083711e+00,1.126869e+00,1.130180e+00,9.712587e-01,1.099750e+00,1.023246e+00,1.153028e+00,1.015282e+00,1.094679e+00,1.055836e+00,1.113200e+00,1.179992e+00,1.154703e+00,1.132969e+00,1.142964e+00,1.314501e+00,1.112490e+00,1.122293e+00,1.110837e+00,1.113137e+00,1.050221e+00,1.062947e+00,1.268803e+00,1.194313e+00,1.152264e+00,1.125612e+00,1.040667e+00,1.095802e+00,9.686719e-01,1.028637e+00,1.040667e+00,1.166018e+00,1.020247e+00,1.122925e+00,1.098967e+00,1.150123e+00,1.048775e+00,1.070590e+00,1.046643e+00,1.030250e+00,1.161077e+00,1.150030e+00,1.190816e+00,1.113859e+00,1.092495e+00,1.195057e+00,9.989058e-01,1.021854e+00,1.063506e+00,1.170682e+00,9.915975e-01,1.132873e+00,1.179118e+00,9.457775e-01,1.052122e+00,1.128975e+00,1.027861e+00,9.944959e-01,1.130854e+00,1.114040e+00,1.000995e+00,1.131771e+00,1.065269e+00,9.516652e-01,1.417015e+00,1.027006e+00,1.119039e+00,1.019036e+00,1.018901e+00,1.130877e+00,1.106757e+00,1.254213e+00,1.421345e+00,1.256154e+00,1.410956e+00,1.111656e+00,1.013361e+00,1.080775e+00,1.138344e+00,1.085873e+00,1.174371e+00,1.348154e+00,2.230806e+00,1.092845e+00,1.493941e+00,1.089625e+00,1.278451e+00,1.094881e+00,1.030654e+00,1.083455e+00,1.181746e+00,1.108409e+00,1.338198e+00,1.133576e+00,1.167025e+00,4.887812e+00,1.148353e+00,1.100258e+00,1.538315e+00,9.905818e-01,1.171548e+00,1.303858e+00,1.051450e+00,1.062051e+00,9.985663e-01,1.097192e+00,1.065308e+00,1.079992e+00,9.819597e-01,1.114503e+00,1.038443e+00,1.036598e+00,1.136751e+00,1.080063e+00,1.072812e+00,9.703416e-01,1.057047e+00,1.043060e+00,3.741948e+00,1.086179e+00,1.568942e+00,1.161092e+00,1.148551e+00,1.042448e+00,1.227420e+00,1.147548e+00,1.616043e+00,1.134089e+00,1.462872e+00,1.821021e+00,1.794682e+00,1.116940e+00,1.316056e+00,1.196738e+00,2.358883e+00,9.945033e-01,1.091343e+00,1.412531e+00,4.341649e+00,1.243755e+00,1.109580e+00,1.289976e+00,1.168353e+00,1.286044e+00,2.219514e+00,1.260436e+00,1.114294e+00,1.248907e+00,1.499944e+00,1.256925e+00,1.229497e+00,1.281081e+00,1.385336e+00,1.314623e+00,1.227520e+00,9.980109e-01,9.745586e-01,1.075761e+00,1.077030e+00,1.143273e+00,1.047965e+00,1.136948e+00,1.166153e+00,1.107652e+00,1.045048e+00,1.086030e+00,1.104739e+00,1.157921e+00,1.044360e+00,1.391623e+00,1.053883e+00,1.217193e+00,9.470707e-01,1.216424e+00,9.257449e-01,1.067230e+00,1.190224e+00,1.011713e+00,1.058053e+00,1.119870e+00,1.143262e+00,1.221672e+00,1.117421e+00,1.087843e+00,1.233205e+00,1.115934e+00,1.100147e+00,1.299415e+00,1.242342e+00,1.029058e+00,1.063258e+00,1.083011e+00,1.137986e+00,9.901452e-01,1.081572e+00,1.145251e+00,1.135197e+00,1.130774e+00,1.140279e+00,1.102434e+00,1.116688e+00,1.307798e+00,1.074316e+00,1.097250e+00,1.199945e+00,1.269816e+00,1.105314e+00,1.054484e+00,1.038118e+00,1.089611e+00,1.025695e+00,1.111192e+00,1.111965e+00
1.123783e+00,1.051773e+00,1.009478e+00,1.041692e+00,1.095775e+00,1.034424e+00,1.135478e+00,1.220293e+00,1.048912e+00,1.214367e+00,1.101385e+00,1.199709e+00,1.151164e+00,1.004401e+00,1.328247e+00,1.048289e+00,1.033345e+00,1.058642e+00,1.087993e+00,1.207903e+00,1.103736e+00,1.174875e+00,1.151936e+00,1.009970e+00,1.099635e+00,1.179945e+00,1.223732e+00,1.167819e+00,1.103594e+00,1.081115e+00,1.072684e+00,1.032786e+00,1.041715e+00,1.171095e+00,1.046852e+00,1.028134e+00,1.111384e+00,9.835292e-01,1.059174e+00,1.019249e+00,1.112548e+00,1.310137e+00,1.057913e+00,1.091284e+00,1.169541e+00,1.328108e+00,1.081500e+00,1.053200e+00,1.135095e+00,1.034885e+00,1.016370e+00,1.021293e+00,1.043826e+00,1.000028e+00,1.195106e+00,1.076383e+00,1.072336e+00,1.108513e+00,1.096853e+00,9.959492e-01,1.001836e+00,1.165378e+00,1.204018e+00,1.117624e+00,1.075939e+00,1.189101e+00,1.042042e+00,1.119732e+00,1.086133e+00,1.129393e+00,1.137646e+00,1.074559e+00,1.088980e+00,1.056494e+00,1.016979e+00,1.170039e+00,1.953556e+00,1.184049e+00,1.012222e+00,1.136341e+00,1.432932e+00,9.338579e-01,1.277491e+00,1.103102e+00,1.635556e+00,1.269177e+00,1.126605e+00,1.034401e+00,1.080271e+00,1.038027e+00,2.933867e+00,1.385112e+00,1.311242e+00,1.095860e+00,2.118347e+00,1.717321e+00,1.073245e+00,1.269803e+00,1.772734e+00,1.262776e+00,2.560481e+00,3.295288e+00,9.898351e-01,9.561146e-01,1.484581e+00,1.063472e+00,1.102004e+00,1.102082e+00,1.153070e+00,1.047590e+00,1.143167e+00,1.192265e+00,1.028282e+00,1.116175e+00,1.011882e+00,1.105460e+00,1.130519e+00,1.253558e+00,9.886305e-01,2.854139e+00,1.061360e+00,3.221700e+00,4.377071e+00,1.683141e+00,9.954368e-01,1.930989e+00,4.763357e+00,1.257724e+00,1.094900e+00,1.226698e+00,1.214283e+00,1.306995e+00,1.084338e+00,1.090167e+00,1.299020e+00,1.108290e+00,1.240731e+00,1.146419e+00,1.336823e+00,1.311403e+00,1.206835e+00,1.257657e+00,1.406040e+00,1.387555e+00,1.361612e+00,1.120454e+00,1.122854e+00,1.446756e+00,1.322731e+00,1.674366e+00,1.051132e+00,1.081099e+00,1.268190e+00,1.946553e+00,1.165897e+00,1.167731e+00,1.098134e+00,1.469242e+00,1.131238e+00,1.052092e+00,1.051280e+00,1.002966e+00,1.030937e+00,1.206790e+00,1.109018e+00,1.016870e+00,1.043109e+00,1.085471e+00,1.203159e+00,1.067216e+00,1.732897e+00,9.889891e-01,8.362373e+00,1.296991e+00,1.138916e+00,1.176556e+00,1.116039e+00,1.132192e+00,1.097210e+00,1.233597e+00,1.073158e+00,1.048995e+00,1.056503e+00,1.021059e+00,1.037576e+00,1.145135e+00,1.015554e+00,1.135805e+00,1.038783e+00,1.069203e+00,1.195955e+00,1.262205e+00,1.161851e+00,1.091006e+00,1.101715e+00,1.004955e+00,1.080579e+00,1.091354e+00,1.111014e+00,1.106379e+00,1.019988e+00,1.068704e+00,1.152033e+00,1.138421e+00,1.092706e+00,1.078405e+00,1.140339e+00,1.051906e+00,1.106510e+00,1.020639e+00,1.131767e+00,1.074525e+00,1.107300e+00,1.034552e+00,1.050495e+00
1.041743e+00,1.047886e+00,1.139573e+00,1.029164e+00,1.018057e+00,1.117328e+00,1.121968e+00,1.114835e+00,1.070411e+00,1.101991e+00,1.023338e+00,1.032625e+00,1.122755e+00,1.104466e+00,1.023912e+00,1.032031e+00,1.074205e+00,1.098937e+00,1.492621e+00,9.520189e-01,1.146709e+00,9.796564e-01,1.059677e+00,1.138727e+00,1.023053e+00,1.076350e+00,1.131528e+00,1.100823e+00,1.164440e+00,1.058226e+00,1.151427e+00,1.219584e+00,1.110080e+00,1.160970e+00,1.095988e+00,1.196089e+00,1.106984e+00,1.123265e+00,1.108772e+00,1.018404e+00,1.025601e+00,1.108549e+00,1.159103e+00,9.980361e-01,1.025519e+00,1.260421e+00,1.266516e+00,1.073991e+00,1.129463e+00,1.164074e+00,1.033317e+00,1.218736e+00,1.095422e+00,1.142475e+00,1.132752e+00,1.088523e+00,1.150746e+00,1.031996e+00,1.093060e+00,1.195001e+00,1.090760e+00,1.174417e+00,1.236193e+00,1.083941e+00,1.127019e+00,1.173563e+00,1.000220e+00,1.094763e+00,1.138088e+00,1.338222e+00,1.088939e+00,1.154455e+00,1.195086e+00,1.119297e+00,1.158749e+00,1.135300e+00,1.191157e+00,1.274627e+00,1.093457e+00,1.002850e+00,1.148345e+00,1.381343e+00,1.140926e+00,1.397256e+00,1.298547e+00,1.129838e+00,2.017425e+00,1.150456e+00,1.326806e+00,2.309334e+00,1.584739e+00,1.423232e+00,1.459212e+00,1.318044e+00,1.456300e+00,4.431367e+00,1.821584e+00,1.156033e+00,1.052824e+00,1.625415e+00,1.067843e+00,3.709666e+00,1.122427e+00,1.074699e+00,1.152775e+00,1.173310e+00,1.325214e+00,1.069421e+00,1.212399e+00,1.044143e+00,1.008399e+00,1.012022e+00,1.146756e+00,1.123174e+00,1.066550e+00,1.085806e+00,1.120684e+00,1.042016e+00,1.012020e+00,9.871563e-01,1.088596e+00,1.183866e+00,3.275210e+00,1.171362e+00,1.197629e+00,1.267162e+00,2.177347e+00,1.935098e+00,2.076842e+00,4.422715e+00,1.245082e+00,1.141073e+00,1.583858e+00,1.578922e+00,1.179062e+00,1.225661e+00,1.167049e+00,3.358063e+00,2.144812e+00,1.191372e+00,1.533934e+00,1.799270e+00,1.043540e+00,1.192670e+00,1.388298e+00,2.978874e+00,1.328080e+00,1.039648e+00,9.754951e-01,1.020046e+00,1.154178e+00,1.207049e+00,1.076318e+00,1.075666e+00,9.559965e-01,1.098320e+00,1.084322e+00,1.008500e+00,1.265352e+00,1.023017e+00,1.077815e+00,1.022909e+00,1.164330e+00,1.027477e+00,1.110488e+00,1.000388e+00,1.213964e+00,1.383730e+00,1.214311e+00,1.185414e+00,1.414946e+00,1.169643e+00,1.170343e+00,1.128803e+00,1.073397e+00,1.087912e+00,1.230124e+00,1.098142e+00,1.059207e+00,1.077663e+00,1.098763e+00,1.095389e+00,1.067583e+00,1.114401e+00,1.218253e+00,1.037681e+00,1.154379e+00,9.968822e-01,1.115242e+00,9.664204e-01,1.155310e+00,1.195946e+00,1.006836e+00,1.119121e+00,9.902199e-01,1.112356e+00,1.324845e+00,1.125813e+00,1.056289e+00,1.062170e+00,1.072303e+00,1.095376e+00,1.127599e+00,1.022104e+00,1.059563e+00,9.562728e-01,9.858784e-01,1.125155e+00,1.052174e+00,1.142390e+00,1.104107e+00,1.261527e+00,1.090110e+00,1.102502e+00,1.043813e+00
1.210670e+00,1.334203e+00,1.066613e+00,1.046646e+00,1.215240e+00,1.014227e+00,1.134448e+00,1.210153e+00,1.190803e+00,1.254210e+00,1.165025e+00,1.196017e+00,1.013577e+00,1.101570e+00,1.051221e+00,1.117473e+00,1.143970e+00,1.184478e+00,1.080193e+00,1.213749e+00,1.220685e+00,1.110346e+00,1.166306e+00,1.014596e+00,1.161283e+00,1.116351e+00,1.141094e+00,1.520632e+00,1.162682e+00,1.024357e+00,1.183701e+00,9.904620e-01,1.189666e+00,1.187274e+00,1.046629e+00,1.041636e+00,1.170208e+00,1.090741e+00,1.000780e+00,1.168712e+00,1.138108e+00,1.045796e+00,1.089312e+00,1.093022e+00,1.132195e+00,1.064669e+00,1.077914e+00,1.050711e+00,1.041074e+00,1.045250e+00,1.099195e+00,1.009980e+00,1.131787e+00,1.026624e+00,1.055842e+00,1.144702e+00,1.116113e+00,1.195540e+00,1.104252e+00,1.103816e+00,1.082880e+00,9.789832e-01,1.138365e+00,1.041772e+00,1.108834e+00,1.112917e+00,1.261036e+00,1.126194e+00,1.754236e+00,1.181341e+00,1.202112e+00,1.083013e+00,1.071963e+00,1.204339e+00,5.314321e+00,1.148318e+00,1.287320e+00,1.316583e+00,1.050471e+00,1.176283e+00,1.202838e+00,1.348140e+00,3.622557e+00,1.125231e+00,1.319382e+00,1.441216e+00,1.759708e+00,1.230726e+00,1.183454e+00,1.996170e+00,1.411479e+00,1.099506e+00,1.116048e+00,1.092840e+00,1.174330e+00,1.278692e+00,1.195120e+00,1.086095e+00,1.168785e+00,2.008594e+00,1.290436e+00,2.556316e+00,1.396849e+00,1.241935e+00,1.517196e+00,1.212137e+00,1.126077e+00,1.207702e+00,1.189015e+00,1.194585e+00,1.139645e+00,1.211577e+00,1.691528e+00,1.748892e+00,1.367214e+00,2.809388e+00,1.192933e+00,1.119516e+00,1.221771e+00,1.179226e+00,1.585781e+00,1.102453e+00,1.323247e+00,1.088918e+00,1.180084e+00,1.035425e+00,3.514121e+00,2.034591e+00,1.163395e+00,1.245836e+00,1.141989e+00,1.082996e+00,1.279996e+00,1.139976e+00,1.266263e+00,1.110624e+00,1.342119e+00,1.158530e+00,1.056539e+00,1.217337e+00,1.148311e+00,1.364594e+00,1.144866e+00,1.122622e+00,1.313769e+00,1.776213e+00,1.106763e+00,1.351563e+00,1.519676e+00,1.168678e+00,1.247952e+00,1.143475e+00,1.803518e+00,1.182652e+00,1.225106e+00,1.207531e+00,1.169996e+00,1.151466e+00,1.149139e+00,1.185398e+00,1.026463e+00,1.050048e+00,1.083927e+00,1.107304e+00,1.047097e+00,1.263450e+00,1.595746e+00,3.687693e+00,1.776843e+00,1.269629e+00,1.199511e+00,1.107475e+00,1.222118e+00,1.059980e+00,1.054146e+00,1.201800e+00,1.285281e+00,1.160777e+00,1.150380e+00,1.071564e+00,1.105938e+00,1.002415e+00,1.019921e+00,1.161842e+00,1.110811e+00,1.105458e+00,1.083503e+00,9.941347e-01,1.291657e+00,1.204226e+00,1.077604e+00,1.109328e+00,1.008672e+00,1.089752e+00,1.154421e+00,1.100438e+00,1.297584e+00,1.063103e+00,1.107295e+00,1.081843e+00,1.171363e+00,9.895179e-01,1.018509e+00,1.031710e+00,1.026816e+00,1.057839e+00,1.015417e+00,1.042945e+00,1.089688e+00,1.061106e+00,1.134118e+00,1.163504e+00,1.126741e+00,1.107190e+00,1.042964e+00
1.145839e+00,1.056055e+00,1.201340e+00,1.107967e+00,1.042281e+00,1.035237e+00,1.019979e+00,1.026968e+00,1.047927e+00,1.096023e+00,1.071218e+00,1.102269e+00,1.080255e+00,1.104662e+00,1.211776e+00,1.031137e+00,1.131522e+00,1.085049e+00,1.089950e+00,1.177808e+00,1.257368e+00,1.006982e+00,1.086587e+00,1.213599e+00,1.395765e+00,1.056165e+00,1.127023e+00,1.046426e+00,1.068149e+00,1.173969e+00,1.199458e+00,1.056626e+00,1.098136e+00,1.201627e+00,1.075910e+00,1.130656e+00,1.244435e+00,1.171260e+00,1.191149e+00,1.247498e+00,1.234424e+00,1.024329e+00,1.065102e+00,9.860943e-01,1.056062e+00,1.137815e+00,1.160933e+00,1.237584e+00,1.256879e+00,1.423312e+00,1.111897e+00,1.223779e+00,1.156167e+00,1.067972e+00,1.073621e+00,1.024306e+00,1.150933e+00,1.051728e+00,1.095038e+00,1.101846e+00,1.266803e+00,1.116319e+00,1.162972e+00,1.092352e+00,1.295880e+00,1.282573e+00,1.120296e+00,1.212232e+00,1.143526e+00,1.266327e+00,1.151086e+00,2.034947e+00,1.363036e+00,1.354362e+00,1.075265e+00,1.196018e+00,1.128061e+00,1.023040e+00,3.127646e+00,1.247351e+00,1.213702e+00,1.125235e+00,1.936881e+00,1.542730e+00,9.972532e-01,1.123393e+00,1.279626e+00,1.117085e+00,1.113850e+00,1.146445e+00,1.088384e+00,1.597401e+00,1.082667e+00,1.393673e+00,1.186541e+00,2.006510e+00,1.106043e+00,1.872101e+00,1.350776e+00,2.066294e+00,1.586118e+00,1.557490e+00,1.263206e+00,1.128505e+00,1.141516e+00,1.051172e+00,1.160760e+00,1.106251e+00,1.154210e+00,1.017835e+00,9.869708e-01,1.021553e+00,1.091003e+00,1.910302e+00,1.367392e+00,2.224902e+00,1.670180e+00,3.958051e+00,1.229620e+00,1.149464e+00,3.644744e+00,3.307557e+00,1.515232e+00,1.249922e+00,1.128210e+00,1.190174e+00,1.288446e+00,1.189806e+00,1.083761e+00,1.143635e+00,2.293123e+00,1.150583e+00,1.127479e+00,1.201549e+00,1.156946e+00,1.103042e+00,1.314042e+00,4.832103e+00,1.245477e+00,1.243765e+00,1.392719e+00,1.243257e+00,1.327512e+00,1.039017e+00,1.047481e+00,1.143389e+00,1.115003e+00,1.311548e+00,1.114406e+00,1.185486e+00,1.228930e+00,1.194505e+00,1.395228e+00,1.092913e+00,1.074888e+00,1.190618e+00,1.120644e+00,1.062794e+00,1.108146e+00,1.086341e+00,1.198700e+00,1.207266e+00,1.082801e+00,1.109056e+00,1.027204e+00,1.072266e+00,1.312559e+00,1.170246e+00,3.143077e+00,1.151350e+00,1.158059e+00,1.183532e+00,1.016324e+00,1.181698e+00,1.071554e+00,1.025002e+00,1.179233e+00,1.003205e+00,1.082151e+00,1.122452e+00,1.280605e+00,1.055529e+00,1.219945e+00,1.443299e+00,1.096218e+00,9.883428e-01,1.150871e+00,1.045981e+00,1.073424e+00,1.065185e+00,1.185555e+00,1.159384e+00,1.181990e+00,1.025686e+00,1.369450e+00,1.084343e+00,1.141730e+00,1.125607e+00,1.321814e+00,1.175914e+00,1.116813e+00,1.017251e+00,1.190790e+00,1.103939e+00,9.973110e-01,1.024625e+00,1.058855e+00,1.099280e+00,1.064400e+00,1.128329e+00,1.127642e+00,9.114462e-01,1.042651e+00,1.061852e+00,1.196875e+00
1.272442e+00,1.163038e+00,1.205069e+00,1.176862e+00,1.038965e+00,1.170323e+00,1.122671e+00,1.164313e+00,1.104358e+00,1.082891e+00,1.125817e+00,1.050022e+00,1.234538e+00,1.092907e+00,1.114173e+00,1.060552e+00,1.144515e+00,1.106794e+00,1.080392e+00,1.204671e+00,1.090370e+00,1.194025e+00,1.154890e+00,1.240341e+00,1.049452e+00,1.225756e+00,1.113134e+00,1.363573e+00,9.911027e-01,1.306120e+00,1.547785e+00,1.162617e+00,1.079110e+00,1.190338e+00,1.131686e+00,1.066006e+00,1.069282e+00,1.118454e+00,1.150133e+00,1.042800e+00,1.107652e+00,1.174000e+00,1.139974e+00,1.125683e+00,1.196674e+00,1.175815e+00,1.262731e+00,1.161711e+00,1.079005e+00,1.290420e+00,1.112605e+00,1.135870e+00,1.138869e+00,1.055196e+00,1.156343e+00,1.189139e+00,1.150276e+00,1.172982e+00,1.222641e+00,1.041179e+00,1.201379e+00,1.095268e+00,1.094091e+00,1.187282e+00,1.032684e+00,1.024332e+00,1.118280e+00,1.123034e+00,1.034460e+00,1.292680e+00,1.059605e+00,1.067613e+00,1.306604e+00,1.108490e+00,1.055144e+00,1.136826e+00,1.088388e+00,1.148366e+00,1.203255e+00,1.233132e+00,1.041601e+00,1.039986e+00,1.261577e+00,1.286166e+00,1.177288e+00,3.596828e+00,4.391265e+00,1.146662e+00,1.136335e+00,2.775757e+00,1.147701e+00,1.308165e+00,1.117033e+00,1.279887e+00,2.328606e+00,1.072232e+00,1.386168e+00,1.137986e+00,1.074766e+00,1.045183e+00,1.140551e+00,1.189819e+00,1.093908e+00,1.230750e+00,1.185458e+00,1.021636e+00,1.207998e+00,1.104652e+00,1.083706e+00,1.381815e+00,1.091259e+00,1.034810e+00,1.082450e+00,1.067329e+00,1.621124e+00,1.470366e+00,1.232409e+00,1.571342e+00,1.144204e+00,1.348878e+00,1.050060e+00,1.926584e+00,1.109466e+00,2.625352e+00,1.411958e+00,1.131708e+00,1.032254e+00,1.647314e+00,1.251713e+00,1.103006e+00,1.200906e+00,1.712117e+00,1.149498e+00,1.206354e+00,2.332163e+00,1.508870e+00,1.103630e+00,1.143515e+00,1.198729e+00,1.181093e+00,1.101077e+00,1.110446e+00,1.341727e+00,2.406566e+00,9.694323e-01,1.165172e+00,1.025237e+00,1.168126e+00,1.079645e+00,1.115819e+00,1.106732e+00,1.099921e+00,1.352117e+00,1.155134e+00,1.087133e+00,1.158575e+00,1.197816e+00,1.199987e+00,1.080532e+00,1.020497e+00,1.065685e+00,1.066224e+00,1.019788e+00,1.122784e+00,1.412571e+00,9.546923e+00,1.205962e+00,1.146909e+00,1.054892e+00,1.126053e+00,1.178806e+00,1.071223e+00,1.229520e+00,1.047517e+00,1.041495e+00,1.050469e+00,9.952209e-01,1.055020e+00,1.223496e+00,1.050089e+00,1.011914e+00,1.097559e+00,1.137867e+00,1.042552e+00,1.113161e+00,1.274712e+00,1.194417e+00,1.074291e+00,1.017837e+00,1.036258e+00,1.199561e+00,1.104152e+00,1.227361e+00,1.181039e+00,1.314713e+00,1.173963e+00,1.069860e+00,9.681123e-01,1.098051e+00,9.569703e-01,1.294978e+00,1.128695e+00,1.083032e+00,1.193017e+00,1.087143e+00,1.122582e+00,1.135053e+00,1.232594e+00,1.045033e+00,1.185510e+00,1.173573e+00,1.275799e+00,1.191124e+00,1.037464e+00,1.056228e+00
1.137493e+00,1.124135e+00,1.084511e+00,1.048597e+00,1.087743e+00,1.134314e+00,1.166475e+00,1.077529e+00,1.110286e+00,1.073077e+00,1.032325e+00,1.150334e+00,1.215595e+00,1.050901e+00,1.186624e+00,1.095447e+00,1.087007e+00,1.241535e+00,1.057545e+00,1.121648e+00,1.054830e+00,1.133556e+00,1.068224e+00,1.121862e+00,1.100671e+00,1.098238e+00,1.183673e+00,1.110496e+00,1.134035e+00,1.090287e+00,1.116137e+00,1.107939e+00,1.131784e+00,1.078365e+00,1.135873e+00,1.103599e+00,1.070192e+00,1.018734e+00,9.923501e-01,1.067550e+00,1.063407e+00,1.020453e+00,1.266095e+00,1.089714e+00,1.047589e+00,1.212002e+00,1.097176e+00,1.116292e+00,1.344406e+00,1.173324e+00,1.162541e+00,1.164163e+00,1.132828e+00,1.176955e+00,1.193211e+00,1.363387e+00,1.228290e+00,1.102588e+00,1.228066e+00,1.284347e+00,9.688628e-01,1.152417e+00,1.212229e+00,1.263399e+00,1.438247e+00,1.225043e+00,1.056373e+00,1.281816e+00,1.028221e+00,1.053936e+00,1.035015e+00,1.219961e+00,1.073828e+00,1.264176e+00,1.114733e+00,1.170207e+00,1.298630e+00,1.126859e+00,1.097811e+00,1.065880e+00,1.155828e+00,9.492329e-01,1.553344e+00,2.228042e+00,1.163104e+00,1.329251e+00,1.233087e+00,1.059047e+00,1.201987e+00,1.563277e+00,1.283295e+00,1.230549e+00,2.147682e+00,1.065821e+00,1.628689e+00,1.170638e+00,1.260404e+00,1.130980e+00,1.313444e+00,1.486042e+00,1.070715e+00,1.062839e+00,1.311341e+00,1.296119e+00,3.428083e+00,1.352373e+00,1.084915e+00,1.179334e+00,1.505521e+00,1.279352e+00,1.055378e+00,1.153086e+00,1.090245e+00,1.032270e+00,1.423941e+00,5.621169e+00,1.982451e+00,1.071603e+00,1.289366e+00,1.179084e+00,1.805188e+00,1.170246e+00,1.105945e+00,1.083289e+00,1.179260e+00,1.516905e+00,1.133690e+00,1.705354e+00,1.244561e+00,1.075873e+00,1.252196e+00,2.379940e+00,1.093527e+00,1.335005e+00,1.134682e+00,1.140344e+00,1.133677e+00,1.042116e+00,2.183883e+00,1.196139e+00,1.117738e+00,2.856314e+00,1.125787e+00,1.232051e+00,1.122865e+00,1.100234e+00,1.140751e+00,1.208155e+00,1.319231e+00,1.118013e+00,1.215890e+00,1.036385e+00,1.181021e+00,1.144945e+00,1.128864e+00,1.115435e+00,1.216950e+00,1.542602e+00,1.085414e+00,1.224179e+00,9.881443e-01,1.270334e+00,1.092485e+00,1.361015e+00,2.226439e+00,1.292810e+00,4.472466e+00,1.075707e+00,1.684512e+00,1.020008e+00,1.189729e+00,1.249833e+00,1.155639e+00,1.092893e+00,1.176954e+00,1.079950e+00,1.081830e+00,1.159583e+00,1.163747e+00,1.144992e+00,1.318724e+00,1.093747e+00,1.194636e+00,1.305244e+00,1.214940e+00,1.228712e+00,1.133915e+00,1.100686e+00,1.100221e+00,1.125119e+00,1.115130e+00,1.014793e+00,1.115326e+00,1.036916e+00,1.223405e+00,1.137766e+00,9.746269e-01,1.132368e+00,1.115466e+00,1.135779e+00,1.110133e+00,1.111295e+00,1.111547e+00,1.188511e+00,1.217538e+00,1.083817e+00,1.014062e+00,1.182149e+00,1.050479e+00,1.100586e+00,1.092386e+00,1.101946e+00,1.128942e+00,1.148913e+00,1.151014e+00
1.072600e+00,1.089691e+00,1.126703e+00,1.122085e+00,1.082814e+00,1.192621e+00,1.040929e+00,1.163890e+00,1.053504e+00,1.016585e+00,1.036287e+00,1.109937e+00,1.117996e+00,1.074577e+00,1.032765e+00,1.013103e+00,1.042456e+00,1.173084e+00,1.341665e+00,1.021015e+00,1.233656e+00,1.021437e+00,1.106856e+00,1.032589e+00,1.250619e+00,1.051198e+00,1.033998e+00,1.422124e+00,1.129404e+00,1.103971e+00,1.188664e+00,1.028942e+00,1.151210e+00,1.225979e+00,1.074889e+00,1.015522e+00,1.082656e+00,9.874636e-01,1.216202e+00,1.068835e+00,9.961723e-01,1.213344e+00,1.356599e+00,1.034534e+00,1.190692e+00,1.071319e+00,1.114443e+00,1.183888e+00,1.018481e+00,1.076234e+00,1.136263e+00,1.009418e+00,1.131686e+00,1.085146e+00,9.720787e-01,1.131099e+00,1.053015e+00,1.042869e+00,1.063089e+00,1.157523e+00,1.082515e+00,1.049275e+00,1.087662e+00,1.143526e+00,1.191947e+00,1.055500e+00,1.116290e+00,1.104498e+00,1.050917e+00,1.266647e+00,1.149271e+00,1.101968e+00,1.352891e+00,1.048140e+00,9.961911e-01,1.104082e+00,1.200802e+00,1.007791e+00,1.158703e+00,1.240801e+00,1.247073e+00,1.196877e+00,1.014096e+00,1.382053e+00,1.051951e+00,1.295077e+00,1.262024e+00,1.135376e+00,1.154675e+00,1.161682e+00,1.010983e+00,1.441972e+00,1.403842e+00,1.151165e+00,1.126016e+00,9.838562e-01,1.593760e+00,1.082798e+00,1.196727e+00,3.465437e+00,1.568426e+00,1.200543e+00,1.136451e+00,1.016288e+00,1.165182e+00,2.861225e+00,1.442065e+00,1.032093e+00,1.183753e+00,1.036515e+00,1.158344e+00,4.041562e+00,1.105940e+00,2.572702e+00,2.192214e+00,1.125876e+00,1.298033e+00,1.340020e+00,1.007629e+00,2.279198e+00,1.447139e+00,1.250468e+00,1.126973e+00,3.625089e+00,1.347079e+00,1.056211e+00,1.172993e+00,1.238582e+00,1.826696e+00,1.255580e+00,1.147684e+00,1.289030e+00,1.042146e+00,1.374018e+00,1.564887e+00,1.132876e+00,1.130725e+00,1.213735e+00,1.274660e+00,1.249563e+00,1.299413e+00,1.126114e+00,3.692641e+00,1.036525e+00,1.208083e+00,1.109924e+00,1.398136e+00,1.191869e+00,1.080105e+00,1.055348e+00,1.081806e+00,1.138090e+00,1.143362e+00,1.049597e+00,1.061172e+00,9.542638e-01,1.005168e+00,1.065546e+00,1.056917e+00,1.193071e+00,1.135546e+00,1.087331e+00,1.118044e+00,1.393964e+00,1.065100e+00,1.994332e+00,1.083735e+00,1.167963e+00,1.143992e+00,1.149541e+00,9.675038e-01,1.086753e+00,9.908945e-01,1.159568e+00,1.065452e+00,1.148453e+00,1.105557e+00,1.037898e+00,1.054579e+00,1.006299e+00,1.140616e+00,1.048701e+00,1.111587e+00,1.052895e+00,1.018025e+00,1.454593e+00,1.118471e+00,1.050640e+00,1.129334e+00,1.269620e+00,1.004511e+00,1.014376e+00,1.076664e+00,9.335854e-01,1.076761e+00,1.095359e+00,1.024871e+00,1.049077e+00,1.054313e+00,1.088063e+00,1.068933e+00,1.057049e+00,1.235204e+00,1.043024e+00,1.024536e+00,1.023755e+00,1.116488e+00,1.131632e+00,1.024298e+00,1.125438e+00,1.045400e+00,1.178024e+00,1.065186e+00,1.106644e+00,1.159624e+00
1.102835e+00,1.243840e+00,1.388813e+00,1.152040e+00,1.318553e+00,1.072475e+00,1.174550e+00,1.130844e+00,1.120406e+00,1.143480e+00,1.110146e+00,1.057727e+00,1.080666e+00,1.100495e+00,9.813113e-01,1.122551e+00,1.193193e+00,1.096081e+00,1.096145e+00,1.158170e+00,1.107230e+00,1.180584e+00,1.109827e+00,1.101313e+00,1.219248e+00,1.018305e+00,1.058364e+00,1.095302e+00,1.227459e+00,1.070727e+00,1.261411e+00,1.175054e+00,1.171482e+00,1.128045e+00,1.114030e+00,1.074728e+00,1.037747e+00,1.013786e+00,1.078546e+00,9.960980e-01,1.080940e+00,1.105065e+00,1.095942e+00,9.825967e-01,1.102104e+00,1.043825e+00,1.139160e+00,1.051423e+00,1.098997e+00,1.089724e+00,1.213806e+00,1.278544e+00,1.062503e+00,1.196867e+00,1.153649e+00,1.141705e+00,1.104441e+00,1.183395e+00,1.190256e+00,1.094790e+00,1.076082e+00,1.146862e+00,1.120428e+00,1.227495e+00,1.023656e+00,1.184141e+00,1.141125e+00,1.117671e+00,1.043758e+00,1.115244e+00,1.168838e+00,1.151633e+00,1.093319e+00,1.020438e+00,1.170182e+00,1.119420e+00,1.577294e+00,1.200403e+00,1.237594e+00,1.476180e+00,1.094513e+00,9.888607e-01,1.198758e+00,1.505169e+00,1.243833e+00,4.396608e+00,1.216151e+00,1.313893e+00,2.039635e+00,1.257864e+00,2.339579e+00,1.259514e+00,1.179935e+00,1.129717e+00,1.141548e+00,1.082906e+00,1.227895e+00,1.135217e+00,1.172572e+00,1.510626e+00,1.097184e+00,1.345712e+00,1.101054e+00,1.030990e+00,1.026547e+00,1.037719e+00,9.709448e-01,1.023290e+00,1.092085e+00,9.865460e-01,1.139832e+00,1.113431e+00,4.940448e+00,1.028869e+00,1.516641e+00,1.233340e+00,2.550143e+00,1.171795e+00,1.492814e+00,1.095561e+00,1.073995e+00,1.207126e+00,1.135737e+00,1.395474e+00,2.474408e+00,2.655425e+00,1.420227e+00,1.734968e+00,1.004538e+00,2.102836e+00,1.658226e+00,1.185882e+00,1.007796e+00,1.087170e+00,1.176379e+00,1.106861e+00,1.137547e+00,1.015098e+00,1.234436e+00,1.305103e+00,1.120978e+00,1.066725e+00,1.069025e+00,1.195976e+00,1.013334e+00,1.083927e+00,1.082978e+00,1.190493e+00,1.059650e+00,1.012333e+00,1.106591e+00,1.055290e+00,9.937740e-01,1.064522e+00,1.054353e+00,1.061834e+00,1.050840e+00,1.153449e+00,1.029541e+00,1.110585e+00,1.765995e+00,1.210224e+00,1.220421e+00,1.086269e+00,1.702553e+00,1.136543e+00,1.231648e+00,1.092798e+00,1.041048e+00,1.266241e+00,1.208625e+00,1.064181e+00,1.170579e+00,1.097120e+00,1.085299e+00,1.133408e+00,1.160725e+00,1.102614e+00,1.055201e+00,1.011384e+00,1.203502e+00,1.033685e+00,1.043819e+00,1.187741e+00,1.064553e+00,9.930740e-01,1.109982e+00,9.995011e-01,9.941844e-01,1.118441e+00,1.054275e+00,9.709690e-01,1.058200e+00,1.022845e+00,1.034806e+00,1.093804e+00,1.065673e+00,1.013362e+00,9.372258e-01,9.808145e-01,9.284365e-01,1.073898e+00,9.590720e-01,1.005522e+00,1.030664e+00,9.709503e-01,1.032580e+00,1.108256e+00,1.089494e+00,1.017603e+00,1.001388e+00,1.088371e+00,1.082602e+00,1.070079e+00,9.731018e-01
9.951025e-01,1.133266e+00,1.103858e+00,1.369596e+00,1.126581e+00,1.133445e+00,1.083297e+00,1.152407e+00,1.146449e+00,1.041579e+00,1.017335e+00,1.008175e+00,1.072621e+00,1.017967e+00,1.122053e+00,1.135313e+00,1.118465e+00,1.177425e+00,1.075059e+00,1.100643e+00,1.122123e+00,1.054330e+00,1.022683e+00,1.163664e+00,1.177792e+00,1.222431e+00,1.262377e+00,1.185999e+00,1.251114e+00,1.153733e+00,1.066960e+00,1.125133e+00,1.198440e+00,1.238410e+00,1.047699e+00,1.124722e+00,1.632030e+00,1.122245e+00,1.100934e+00,1.154185e+00,1.146528e+00,9.929023e-01,1.200188e+00,1.030440e+00,1.061062e+00,1.079170e+00,1.170530e+00,1.059584e+00,1.083240e+00,1.126402e+00,1.334655e+00,1.028029e+00,1.222847e+00,1.155842e+00,2.617045e+00,1.735287e+00,1.018308e+00,9.712469e-01,1.470784e+00,1.232553e+00,1.269583e+00,9.921161e-01,1.059444e+00,1.105354e+00,1.125204e+00,1.181038e+00,1.055430e+00,1.190343e+00,1.153208e+00,1.319927e+00,1.171023e+00,1.122756e+00,1.014958e+00,1.174388e+00,1.085826e+00,1.228283e+00,1.024629e+00,1.146448e+00,1.128122e+00,1.422135e+00,1.086811e+00,1.194591e+00,1.336563e+00,1.167175e+00,1.072695e+00,3.575561e+00,1.070399e+00,1.089612e+00,5.348435e+00,2.027328e+00,1.213741e+00,1.189734e+00,1.175623e+00,1.253876e+00,9.687294e-01,1.161315e+00,1.664733e+00,1.456167e+00,9.838759e-01,2.430498e+00,1.658718e+00,4.457908e+00,2.915806e+00,1.060200e+00,1.215790e+00,1.062701e+00,1.053308e+00,1.058048e+00,1.521900e+00,1.210745e+00,1.156505e+00,1.174043e+00,1.149847e+00,1.247938e+00,1.457257e+00,1.901955e+00,1.286116e+00,2.255963e+00,2.445518e+00,1.087863e+00,2.058828e+00,1.406473e+00,3.375361e+00,1.133340e+00,1.177433e+00,1.499797e+00,1.247530e+00,1.099187e+00,1.061766e+00,1.421818e+00,3.181176e+00,9.547805e-01,2.976472e+00,1.081481e+00,1.375292e+00,1.780951e+00,1.244992e+00,9.905329e-01,1.397636e+00,1.227223e+00,1.345480e+00,1.031369e+00,1.045300e+00,1.138878e+00,1.091584e+00,1.162871e+00,1.164235e+00,1.234886e+00,1.008404e+00,1.059908e+00,1.054949e+00,9.910715e-01,1.131595e+00,1.171041e+00,1.047990e+00,1.126840e+00,1.068712e+00,1.093281e+00,1.020761e+00,1.099859e+00,1.008874e+00,1.059359e+00,1.123115e+00,9.942841e-01,1.106261e+00,1.080198e+00,1.034759e+00,1.036018e+00,1.031432e+00,1.027907e+00,1.130585e+00,1.104321e+00,1.178155e+00,1.067288e+00,1.096487e+00,1.062439e+00,9.678180e-01,1.176554e+00,1.096619e+00,1.075521e+00,1.056500e+00,1.159046e+00,1.070279e+00,1.059145e+00,1.069826e+00,1.143197e+00,1.268107e+00,1.065160e+00,9.651029e-01,1.104954e+00,1.049963e+00,1.083257e+00,1.076344e+00,1.100734e+00,1.181855e+00,1.085578e+00,1.075483e+00,1.084903e+00,1.048516e+00,1.014684e+00,1.032947e+00,1.146094e+00,1.061691e+00,1.050871e+00,1.105310e+00,9.216582e-01,9.754212e-01,1.047672e+00,9.418464e-01,1.013275e+00,1.002250e+00,1.047637e+00,1.100999e+00,1.082463e+00,1.095795e+00
1.140078e+00,1.126774e+00,1.090999e+00,1.041625e+00,1.050297e+00,1.050971e+00,9.839029e-01,1.065223e+00,1.077448e+00,1.084584e+00,1.107713e+00,9.852437e-01,1.108509e+00,1.119770e+00,1.023707e+00,1.087131e+00,1.122076e+00,1.112971e+00,1.028696e+00,1.055457e+00,1.152088e+00,9.804169e-01,1.128226e+00,1.155568e+00,1.082204e+00,1.063438e+00,1.048119e+00,1.043352e+00,1.087150e+00,1.113525e+00,1.153719e+00,1.077616e+00,9.954056e-01,1.004282e+00,1.037337e+00,9.937552e-01,1.141257e+00,1.054891e+00,1.071618e+00,9.936873e-01,1.093982e+00,1.016822e+00,1.049293e+00,1.094856e+00,9.909773e-01,1.076643e+00,2.634521e+00,1.076162e+00,1.053899e+00,1.307895e+00,9.785077e-01,1.102878e+00,1.023738e+00,1.158935e+00,1.075080e+00,1.128075e+00,9.057137e-01,9.686637e-01,1.150128e+00,1.113141e+00,1.109704e+00,1.019805e+00,1.041690e+00,1.017275e+00,1.164337e+00,1.112307e+00,1.175326e+00,1.204824e+00,1.097823e+00,1.164470e+00,9.765652e-01,1.059479e+00,1.038846e+00,1.026487e+00,1.010343e+00,1.115759e+00,1.034160e+00,1.143201e+00,1.035336e+00,1.018616e+00,9.974061e-01,1.249213e+00,1.204822e+00,1.120780e+00,1.119332e+00,1.183914e+00,1.033734e+00,1.086252e+00,1.027240e+00,1.321412e+00,1.082842e+00,1.266541e+00,1.213945e+00,1.013123e+00,1.079422e+00,1.041377e+00,1.570005e+00,2.317259e+00,1.007495e+00,1.230121e+00,1.241869e+00,3.448876e+00,1.596371e+00,1.047957e+00,1.262663e+00,1.000831e+00,1.070559e+00,1.102136e+00,1.125757e+00,1.087376e+00,1.069500e+00,9.935718e-01,1.080214e+00,1.192188e+00,2.662295e+00,1.038098e+00,1.222924e+00,1.056808e+00,1.071362e+00,1.308909e+00,1.078992e+00,1.914118e+00,1.225881e+00,1.114027e+00,2.777515e+00,1.104529e+00,1.379236e+00,1.365917e+00,1.511285e+00,1.174872e+00,1.117476e+00,1.056225e+00,1.339857e+00,1.226985e+00,1.128801e+00,1.136953e+00,1.078978e+00,9.434942e-01,1.131642e+00,1.162510e+00,1.090236e+00,1.168179e+00,1.060391e+00,1.091398e+00,1.101818e+00,1.113093e+00,1.113581e+00,1.138549e+00,1.147441e+00,1.124239e+00,1.066467e+00,1.051814e+00,1.110494e+00,9.991992e-01,1.084747e+00,1.034971e+00,1.062880e+00,1.161736e+00,1.104905e+00,1.133996e+00,1.169349e+00,1.835629e+00,1.008598e+00,1.057440e+00,1.005783e+00,1.057513e+00,1.052950e+00,1.062369e+00,1.049943e+00,1.171427e+00,1.264010e+00,1.221816e+00,9.721502e-01,1.057533e+00,1.079667e+00,1.070132e+00,9.789637e-01,9.834757e-01,1.091073e+00,1.082004e+00,1.062622e+00,1.257030e+00,1.099771e+00,1.059591e+00,9.698180e-01,1.134457e+00,1.003228e+00,1.041240e+00,1.055507e+00,9.862487e-01,1.043932e+00,1.033021e+00,1.020793e+00,1.086719e+00,1.042629e+00,1.016118e+00,1.056310e+00,1.044481e+00,1.066660e+00,1.056195e+00,1.160279e+00,1.100956e+00,1.053337e+00,1.025526e+00,1.053589e+00,1.099118e+00,1.044021e+00,1.100770e+00,1.011461e+00,1.234793e+00,1.032252e+00,1.153560e+00,1.073348e+00,1.036145e+00,1.036430e+00
1.062124e+00,1.096681e+00,1.153279e+00,9.607139e-01,9.938774e-01,9.627992e-01,1.007896e+00,1.037503e+00,1.032132e+00,1.069904e+00,1.083988e+00,1.047691e+00,9.552512e-01,9.804453e-01,1.295258e+00,9.426337e-01,1.052580e+00,1.109103e+00,1.014655e+00,1.119165e+00,9.997318e-01,1.068410e+00,1.182582e+00,1.051939e+00,1.010560e+00,1.020971e+00,1.064173e+00,1.024501e+00,1.118027e+00,1.094900e+00,1.138442e+00,1.151896e+00,1.245974e+00,1.005794e+00,1.215020e+00,1.078596e+00,9.991010e-01,1.034792e+00,1.039410e+00,1.106973e+00,1.040856e+00,1.148107e+00,1.023702e+00,1.044724e+00,1.184415e+00,1.060909e+00,1.377648e+00,1.043298e+00,1.023291e+00,1.031646e+00,1.142696e+00,1.016264e+00,1.133697e+00,1.114279e+00,9.633683e-01,1.079128e+00,1.215108e+00,1.105474e+00,9.934675e-01,1.251521e+00,1.156228e+00,1.094139e+00,9.964825e-01,1.003600e+00,9.982185e-01,1.096146e+00,1.073817e+00,1.146832e+00,1.128875e+00,1.153773e+00,1.085539e+00,1.011119e+00,1.176215e+00,1.145912e+00,1.032830e+00,1.101532e+00,1.061637e+00,1.146253e+00,1.084243e+00,9.883254e-01,1.037953e+00,1.156893e+00,1.303988e+00,1.071670e+00,9.803048e-01,1.152834e+00,1.032588e+00,4.577402e+00,1.358324e+00,1.231880e+00,1.036831e+00,1.081323e+00,1.266362e+00,1.853328e+00,4.306558e+00,1.070070e+00,1.197114e+00,2.704312e+00,1.486428e+00,1.145237e+00,1.361333e+00,1.369760e+00,1.863502e+00,2.009119e+00,1.048217e+00,1.115247e+00,9.597973e-01,1.206832e+00,1.412738e+00,1.109630e+00,1.063327e+00,1.200425e+00,1.339023e+00,5.157147e+00,1.367186e+00,1.334016e+00,1.102452e+00,1.056914e+00,1.490195e+00,1.084175e+00,1.099213e+00,1.518557e+00,1.056436e+00,1.734674e+00,2.847957e+00,1.126271e+00,1.090135e+00,1.256879e+00,1.294574e+00,1.191475e+00,1.147967e+00,1.450600e+00,1.147471e+00,1.398384e+00,1.144369e+00,1.114666e+00,1.110133e+00,1.339890e+00,1.128018e+00,1.127015e+00,1.029996e+00,1.234928e+00,1.079936e+00,1.019511e+00,1.060254e+00,1.108684e+00,1.042586e+00,1.041472e+00,1.027655e+00,1.072664e+00,9.535011e-01,1.013544e+00,1.127276e+00,1.117317e+00,9.731855e-01,1.111792e+00,1.169145e+00,1.337161e+00,1.318942e+00,1.419959e+00,1.333030e+00,1.038461e+00,2.323128e+00,1.023187e+00,1.068160e+00,1.000806e+00,1.096679e+00,1.026359e+00,1.001968e+00,9.971781e-01,1.174967e+00,1.101907e+00,1.110091e+00,1.147617e+00,1.223143e+00,1.225123e+00,1.017195e+00,1.115290e+00,9.895526e-01,1.126162e+00,1.135986e+00,1.052319e+00,1.113803e+00,9.972655e-01,1.145456e+00,9.411597e-01,1.036290e+00,1.204785e+00,9.705237e-01,1.160616e+00,1.098689e+00,1.071853e+00,1.146520e+00,1.048086e+00,1.149309e+00,1.127357e+00,1.095046e+00,1.035234e+00,1.090338e+00,1.058255e+00,1.032624e+00,1.009790e+00,1.061522e+00,1.088040e+00,1.036089e+00,1.054641e+00,1.041171e+00,9.875351e-01,1.080408e+00,9.981613e-01,1.143151e+00,1.030492e+00,1.018632e+00,1.208693e+00,1.257838e+00
1.087405e+00,1.028246e+00,1.005594e+00,1.048581e+00,1.010968e+00,1.060259e+00,9.604712e-01,1.023195e+00,1.076401e+00,9.557666e-01,9.652855e-01,1.120026e+00,1.226278e+00,9.903735e-01,1.061482e+00,1.102492e+00,9.585409e-01,1.056360e+00,9.684064e-01,1.058909e+00,9.542500e-01,1.072199e+00,1.190631e+00,1.067743e+00,1.070421e+00,1.013994e+00,1.139309e+00,1.080561e+00,1.036017e+00,1.024806e+00,1.099926e+00,1.023855e+00,1.055871e+00,1.044775e+00,1.232336e+00,1.179419e+00,1.050709e+00,1.013568e+00,1.040122e+00,9.783652e-01,1.017431e+00,1.011671e+00,9.760077e-01,9.939200e-01,1.036618e+00,1.017540e+00,1.185095e+00,1.182547e+00,1.365686e+00,1.165524e+00,1.079644e+00,1.002387e+00,1.041035e+00,1.080369e+00,1.020840e+00,1.041387e+00,9.860434e-01,1.033639e+00,1.001779e+00,1.299356e+00,1.049020e+00,1.074926e+00,1.117743e+00,1.152868e+00,1.133744e+00,1.134322e+00,1.057325e+00,1.044956e+00,1.016889e+00,1.013604e+00,9.617683e-01,1.006593e+00,9.991057e-01,1.023723e+00,1.152880e+00,1.025417e+00,1.033006e+00,1.128449e+00,2.071034e+00,1.045920e+00,1.055573e+00,1.074964e+00,9.942145e-01,9.918895e-01,1.083791e+00,1.094783e+00,2.216883e+00,1.066562e+00,1.049903e+00,1.277186e+00,1.320604e+00,1.087951e+00,1.035713e+00,1.270312e+00,1.080090e+00,1.152577e+00,1.232323e+00,2.571439e+00,3.402663e+00,1.293424e+00,2.052900e+00,1.043670e+00,1.291920e+00,2.951381e+00,1.383714e+00,1.544192e+00,1.075630e+00,2.204136e+00,3.930328e+00,2.339354e+00,1.060996e+00,9.646042e-01,2.260772e+00,1.218731e+00,1.233820e+00,1.359540e+00,1.189152e+00,1.272420e+00,1.037895e+00,1.079336e+00,1.047314e+00,1.077967e+00,1.052934e+00,1.194892e+00,1.063170e+00,1.100284e+00,1.186423e+00,1.157634e+00,9.974340e-01,1.013516e+00,1.004160e+00,1.019142e+00,1.241651e+00,1.067069e+00,1.085297e+00,1.300869e+00,1.384844e+00,1.025897e+00,1.017881e+00,1.145236e+00,9.693592e-01,9.642765e-01,1.088758e+00,1.463887e+00,1.042266e+00,1.002196e+00,1.101500e+00,9.914366e-01,1.014775e+00,1.034707e+00,1.126225e+00,1.026006e+00,9.525922e-01,1.035448e+00,1.036044e+00,1.106218e+00,1.087989e+00,1.183017e+00,2.486769e+00,1.211657e+00,4.822065e+00,1.084831e+00,1.279122e+00,1.085700e+00,1.038984e+00,1.016970e+00,1.099158e+00,1.075902e+00,1.092275e+00,1.104267e+00,1.054307e+00,1.133412e+00,1.133976e+00,1.130773e+00,9.731900e-01,1.159656e+00,1.015220e+00,1.047170e+00,1.126375e+00,1.050092e+00,1.088254e+00,1.146339e+00,9.908543e-01,1.162555e+00,9.773388e-01,1.039842e+00,1.026292e+00,1.051272e+00,1.048407e+00,9.212149e-01,1.029852e+00,1.065864e+00,9.887071e-01,9.525328e-01,9.829368e-01,1.104043e+00,1.006382e+00,1.078630e+00,1.106079e+00,1.110207e+00,9.900998e-01,1.042908e+00,1.007184e+00,9.910046e-01,9.825261e-01,1.115829e+00,9.386960e-01,1.188770e+00,1.133519e+00,1.030100e+00,9.827374e-01,1.085883e+00,1.088416e+00,1.075068e+00,1.191664e+00
1.071472e+00,1.088731e+00,1.188759e+00,1.183754e+00,9.546004e-01,1.004216e+00,1.099673e+00,1.210718e+00,1.116422e+00,1.076322e+00,1.020168e+00,1.184984e+00,9.989091e-01,1.081448e+00,1.064827e+00,9.039678e-01,1.153768e+00,1.033922e+00,1.151198e+00,1.025331e+00,1.046596e+00,1.002789e+00,1.168541e+00,1.084064e+00,1.070496e+00,1.120541e+00,1.096463e+00,9.260577e-01,1.038894e+00,1.130413e+00,9.871258e-01,1.063696e+00,1.015087e+00,1.067064e+00,9.745881e-01,1.059937e+00,9.438616e-01,1.263991e+00,1.068590e+00,1.084162e+00,9.950457e-01,9.266461e-01,9.678659e-01,1.234185e+00,1.154444e+00,1.046803e+00,1.019106e+00,1.132789e+00,9.861401e-01,1.039424e+00,9.590674e-01,9.189479e-01,1.210076e+00,1.078951e+00,1.019817e+00,1.009078e+00,9.984500e-01,1.038067e+00,1.046645e+00,1.049869e+00,4.124524e+00,9.515385e-01,1.038882e+00,1.080709e+00,1.036810e+00,1.026558e+00,1.024288e+00,1.068848e+00,1.017869e+00,9.815174e-01,1.085826e+00,1.058818e+00,1.057639e+00,1.142291e+00,9.895728e-01,1.039892e+00,9.459752e-01,1.087171e+00,1.136160e+00,1.042093e+00,1.169322e+00,1.193543e+00,1.058882e+00,1.091926e+00,1.197899e+00,1.134380e+00,1.033288e+00,1.012837e+00,1.275366e+00,1.095218e+00,1.101227e+00,1.123103e+00,1.080818e+00,1.073206e+00,1.236791e+00,1.414360e+00,1.441504e+00,1.116347e+00,9.802508e-01,1.117182e+00,1.620492e+00,1.091361e+00,1.085390e+00,1.633344e+00,1.039416e+00,1.096401e+00,1.081044e+00,1.061215e+00,1.168505e+00,1.336500e+00,1.613095e+00,1.064134e+00,1.483280e+00,1.592693e+00,1.867354e+00,1.035398e+00,1.164198e+00,1.019593e+00,2.361876e+00,1.195240e+00,1.581063e+00,1.173990e+00,1.173695e+00,1.161700e+00,1.194549e+00,1.277756e+00,1.369990e+00,1.007101e+00,1.013218e+00,9.853804e-01,9.865764e-01,9.938982e-01,1.176990e+00,1.149346e+00,9.856226e-01,1.001386e+00,1.321719e+00,1.009378e+00,1.198071e+00,1.071641e+00,1.037253e+00,9.785695e-01,1.045066e+00,1.034881e+00,9.804146e-01,1.017962e+00,1.024956e+00,9.392854e-01,8.946312e-01,1.094497e+00,9.532944e-01,1.034799e+00,1.019519e+00,1.159630e+00,1.059721e+00,1.044688e+00,1.441345e+00,1.010948e+00,1.150948e+00,1.178294e+00,1.041812e+00,1.160315e+00,1.142213e+00,1.035706e+00,1.062417e+00,9.793776e-01,1.024669e+00,9.743479e-01,1.026516e+00,9.980937e-01,1.053752e+00,1.146160e+00,1.048170e+00,1.066326e+00,1.059177e+00,1.053397e+00,1.082647e+00,1.188034e+00,9.895448e-01,1.129944e+00,9.588513e-01,9.780614e-01,1.060950e+00,1.013321e+00,9.691577e-01,1.058271e+00,9.566712e-01,1.024491e+00,9.898222e-01,1.067887e+00,9.138510e-01,1.028585e+00,1.049726e+00,9.675656e-01,9.399831e-01,1.139918e+00,1.135258e+00,1.116699e+00,1.045190e+00,9.892102e-01,9.971367e-01,1.016681e+00,9.856292e-01,1.071430e+00,1.046948e+00,9.288630e-01,1.029732e+00,1.110386e+00,1.115206e+00,9.730717e-01,1.060037e+00,9.861329e-01,1.073155e+00,1.012800e+00,9.435888e-01
1.067674e+00,1.056226e+00,1.045164e+00,1.032719e+00,1.129819e+00,1.073777e+00,1.365279e+00,9.902928e-01,9.829084e-01,1.122099e+00,9.379660e-01,9.665529e-01,1.003291e+00,1.061501e+00,1.039383e+00,9.849982e-01,1.253831e+00,1.017456e+00,1.057703e+00,1.083996e+00,9.944528e-01,1.051379e+00,9.654347e-01,1.017088e+00,1.014030e+00,9.327152e-01,1.031857e+00,1.016457e+00,1.082433e+00,1.098681e+00,1.056065e+00,9.362946e-01,9.742385e-01,1.079242e+00,1.060624e+00,1.030845e+00,1.062825e+00,9.624998e-01,1.034145e+00,1.072833e+00,1.037805e+00,1.060556e+00,9.126919e-01,1.098304e+00,1.137229e+00,1.203939e+00,9.691817e-01,1.104215e+00,1.017700e+00,1.009452e+00,1.056267e+00,1.158182e+00,1.066873e+00,9.292501e-01,1.042148e+00,1.014447e+00,1.086368e+00,1.093449e+00,1.074190e+00,1.017255e+00,1.107213e+00,1.120953e+00,1.006858e+00,1.061520e+00,1.104566e+00,1.038172e+00,9.817697e-01,1.052374e+00,1.026678e+00,1.050269e+00,1.009129e+00,9.878700e-01,1.046914e+00,1.028662e+00,1.053591e+00,1.125847e+00,9.938696e-01,1.087030e+00,1.017504e+00,1.015511e+00,1.073440e+00,1.057854e+00,1.057981e+00,1.059480e+00,1.033640e+00,1.080044e+00,1.014053e+00,9.881834e-01,1.061089e+00,1.323622e+00,1.089948e+00,1.183889e+00,1.036209e+00,9.818144e-01,1.095464e+00,9.569271e-01,1.495267e+00,1.433715e+00,1.059653e+00,9.644117e-01,1.108110e+00,1.126867e+00,1.182784e+00,1.606005e+00,9.356885e-01,1.041338e+00,1.154587e+00,1.063778e+00,1.039014e+00,1.154745e+00,1.243472e+00,1.199276e+00,1.662006e+00,1.082170e+00,1.057269e+00,1.051178e+00,1.010791e+00,1.000376e+00,1.430535e+00,1.021259e+00,1.107381e+00,1.098530e+00,1.274102e+00,1.022328e+00,1.234844e+00,1.086321e+00,9.786634e-01,1.245615e+00,1.162653e+00,1.047035e+00,1.032313e+00,1.183609e+00,1.164299e+00,9.890968e-01,1.018288e+00,1.040510e+00,1.013422e+00,1.051599e+00,9.644915e-01,1.097632e+00,1.081270e+00,9.860258e-01,1.131117e+00,1.026508e+00,1.266085e+00,9.324058e-01,1.075409e+00,1.022695e+00,9.806303e-01,1.110945e+00,1.253294e+00,1.785193e+00,1.111819e+00,1.645116e+00,3.146293e+00,9.950206e-01,1.136373e+00,1.522937e+00,9.818775e-01,1.049449e+00,1.081167e+00,1.255241e+00,1.137098e+00,1.133037e+00,1.242772e+00,9.683458e-01,1.000097e+00,1.143031e+00,9.760291e-01,1.002676e+00,1.148950e+00,1.023443e+00,9.916078e-01,8.929609e-01,9.554258e-01,1.033065e+00,1.156817e+00,1.099290e+00,1.006601e+00,1.097668e+00,9.655298e-01,1.073175e+00,1.047213e+00,9.820970e-01,1.171231e+00,1.118716e+00,9.567825e-01,1.060990e+00,1.117076e+00,9.321552e-01,1.136433e+00,9.944975e-01,1.158370e+00,1.009320e+00,9.701022e-01,1.150815e+00,1.068080e+00,9.928212e-01,1.136782e+00,1.037503e+00,1.026001e+00,1.243776e+00,1.089104e+00,1.092012e+00,1.042966e+00,1.102093e+00,1.131492e+00,1.016130e+00,9.927764e-01,1.004997e+00,1.130839e+00,9.730058e-01,1.019942e+00,9.833736e-01,9.492919e-01
9.559862e-01,1.062455e+00,1.077746e+00,1.090318e+00,1.098109e+00,1.184450e+00,9.541508e-01,9.609180e-01,1.035555e+00,1.033979e+00,1.042584e+00,1.071656e+00,9.939366e-01,1.030289e+00,1.033792e+00,1.028339e+00,1.040516e+00,9.625725e-01,9.575281e-01,1.124528e+00,1.230263e+00,1.101598e+00,9.996019e-01,1.047968e+00,1.009491e+00,1.101182e+00,1.053157e+00,1.095722e+00,9.919456e-01,1.024094e+00,1.105098e+00,1.052297e+00,1.128254e+00,1.216876e+00,1.035243e+00,1.034626e+00,1.003756e+00,1.054830e+00,1.043059e+00,9.432628e-01,1.072994e+00,1.000546e+00,1.037915e+00,1.181088e+00,1.006927e+00,9.726509e-01,1.048121e+00,1.116518e+00,9.936363e-01,1.027217e+00,9.520829e-01,1.009729e+00,1.071678e+00,1.001029e+00,1.055926e+00,9.671210e-01,1.039617e+00,1.086804e+00,1.035900e+00,1.171781e+00,9.721827e-01,1.185112e+00,1.192482e+00,9.777077e-01,1.031872e+00,1.044083e+00,9.846369e-01,1.070406e+00,1.029971e+00,1.011007e+00,9.949766e-01,1.020153e+00,1.127424e+00,9.405396e-01,1.003493e+00,1.096398e+00,9.927212e-01,1.043505e+00,1.000968e+00,1.004038e+00,1.065008e+00,1.068318e+00,1.019011e+00,1.148444e+00,1.021006e+00,1.031848e+00,1.209801e+00,1.156104e+00,1.099146e+00,1.161283e+00,1.005071e+00,1.164540e+00,1.660640e+00,1.099734e+00,1.076401e+00,1.187007e+00,1.231806e+00,9.371329e-01,1.169678e+00,1.923812e+00,1.079171e+00,9.978407e-01,1.103197e+00,1.048536e+00,1.070477e+00,1.892026e+00,1.080331e+00,1.300407e+00,1.201737e+00,9.493508e-01,1.455269e+00,1.160267e+00,1.980491e+00,1.955373e+00,1.017646e+00,1.426677e+00,1.000839e+00,1.163038e+00,1.341097e+00,1.262210e+00,1.348325e+00,1.013040e+00,1.065940e+00,1.054516e+00,1.001607e+00,1.287492e+00,1.076519e+00,1.089734e+00,1.401390e+00,1.105180e+00,1.074964e+00,1.100802e+00,1.076804e+00,1.015974e+00,1.374801e+00,1.054025e+00,1.083864e+00,1.076736e+00,1.058593e+00,1.018900e+00,1.008733e+00,1.067749e+00,1.191810e+00,1.048807e+00,1.084217e+00,9.454373e-01,1.061476e+00,9.367618e-01,3.213696e+00,1.380882e+00,4.856721e+00,1.380724e+00,2.033010e+00,1.071009e+00,9.755642e-01,2.203442e+00,1.041105e+00,1.015120e+00,1.179861e+00,1.054488e+00,9.024436e-01,1.027246e+00,1.039459e+00,1.025129e+00,1.026857e+00,1.064204e+00,1.096455e+00,1.029080e+00,1.055373e+00,1.137097e+00,1.010426e+00,9.906180e-01,9.757824e-01,1.061031e+00,1.188875e+00,9.919229e-01,1.006048e+00,1.129712e+00,1.073866e+00,1.023395e+00,1.013721e+00,9.736965e-01,1.059062e+00,1.090159e+00,1.000911e+00,9.756484e-01,9.446495e-01,1.021505e+00,1.174574e+00,1.183166e+00,9.900875e-01,1.156437e+00,1.209629e+00,1.081586e+00,1.123175e+00,1.000598e+00,1.019000e+00,1.078788e+00,1.023156e+00,1.027371e+00,1.002869e+00,1.034915e+00,1.081395e+00,9.654794e-01,9.972264e-01,1.097982e+00,9.757183e-01,1.034881e+00,1.084929e+00,1.068889e+00,1.018317e+00,9.593835e-01,1.124662e+00,1.024992e+00,1.035400e+00
1.062327e+00,1.026682e+00,9.412494e-01,1.194752e+00,1.051765e+00,9.851938e-01,1.077633e+00,1.004463e+00,1.034787e+00,1.198001e+00,9.583792e-01,1.055065e+00,1.106822e+00,1.061044e+00,1.046723e+00,1.046139e+00,1.019089e+00,1.028197e+00,1.060401e+00,1.131637e+00,1.048950e+00,9.822978e-01,9.546767e-01,9.292639e-01,1.007769e+00,1.204805e+00,1.063390e+00,1.095874e+00,1.016944e+00,9.767163e-01,1.025432e+00,1.014243e+00,9.449603e-01,9.601061e-01,9.840113e-01,1.133358e+00,9.636162e-01,1.008941e+00,1.058753e+00,1.089633e+00,1.023251e+00,9.890326e-01,1.103731e+00,1.079824e+00,1.008451e+00,9.872328e-01,9.934540e-01,1.021863e+00,9.957396e-01,9.990178e-01,1.031311e+00,9.180629e-01,1.102706e+00,9.714137e-01,9.541421e-01,1.005225e+00,1.018908e+00,9.447054e-01,1.106368e+00,1.055226e+00,1.012422e+00,1.004059e+00,1.048390e+00,1.144137e+00,1.067594e+00,4.469597e+00,3.587272e+00,3.275400e+00,1.051084e+00,1.016478e+00,1.082932e+00,1.080614e+00,1.013847e+00,1.145252e+00,1.131928e+00,1.061252e+00,1.091435e+00,9.928938e-01,1.025677e+00,1.091505e+00,1.047329e+00,9.393107e-01,1.022498e+00,9.553366e-01,1.024254e+00,1.229069e+00,1.205940e+00,1.050128e+00,1.095185e+00,1.006902e+00,1.109674e+00,1.051870e+00,1.046213e+00,1.014015e+00,1.042813e+00,1.033824e+00,1.018854e+00,1.065086e+00,1.035325e+00,1.299260e+00,1.110937e+00,1.116724e+00,1.075386e+00,1.087664e+00,1.086183e+00,1.062921e+00,1.130728e+00,1.064173e+00,1.266433e+00,1.125108e+00,1.150762e+00,1.044153e+00,1.055047e+00,1.074746e+00,1.208927e+00,1.161935e+00,1.016415e+00,1.228608e+00,1.194962e+00,1.040270e+00,1.085391e+00,1.116881e+00,1.015395e+00,1.065028e+00,1.148872e+00,1.064341e+00,1.274818e+00,1.094474e+00,1.029382e+00,1.087009e+00,1.049936e+00,1.019524e+00,1.140120e+00,9.671739e-01,9.864474e-01,1.038991e+00,1.057202e+00,1.074891e+00,1.052304e+00,1.052102e+00,1.104070e+00,1.005371e+00,1.120861e+00,9.773280e-01,1.071768e+00,1.085480e+00,1.257873e+00,2.536986e+00,2.012745e+00,1.525838e+00,1.779643e+00,1.150969e+00,1.023810e+00,9.957077e-01,1.033293e+00,1.125813e+00,1.102765e+00,1.041208e+00,1.023862e+00,1.066966e+00,1.068504e+00,1.099700e+00,1.060143e+00,1.155411e+00,9.808602e-01,1.068304e+00,1.037053e+00,1.023791e+00,1.076604e+00,1.046723e+00,1.129564e+00,1.053834e+00,1.131128e+00,1.023946e+00,1.113491e+00,9.982493e-01,1.089273e+00,1.094564e+00,9.964936e-01,9.879316e-01,1.008841e+00,1.064838e+00,8.967576e-01,9.816119e-01,9.834068e-01,1.086099e+00,1.041682e+00,1.037954e+00,1.110281e+00,9.702818e-01,1.075943e+00,1.031681e+00,1.158216e+00,9.965644e-01,9.920082e-01,1.055259e+00,9.617623e-01,1.137650e+00,9.935463e-01,1.061201e+00,9.761562e-01,1.094187e+00,1.159030e+00,1.207605e+00,1.003703e+00,9.872713e-01,1.086276e+00,1.184814e+00,1.057810e+00,1.044007e+00,1.122522e+00,1.006042e+00,1.027926e+00,1.001061e+00,1.057013e+00
9.846858e-01,1.234724e+00,1.104701e+00,1.026391e+00,1.147761e+00,1.132805e+00,1.026029e+00,1.120840e+00,9.990272e-01,1.033047e+00,1.084051e+00,1.032527e+00,9.133574e-01,1.026317e+00,1.038434e+00,1.077853e+00,9.904167e-01,9.794074e-01,1.014120e+00,1.059546e+00,1.097275e+00,9.362745e-01,1.141439e+00,1.006876e+00,9.789779e-01,9.712142e-01,1.030178e+00,1.015582e+00,1.071423e+00,9.150835e-01,1.053718e+00,9.572136e-01,1.123724e+00,9.713877e-01,1.010105e+00,9.946156e-01,1.024368e+00,1.026885e+00,9.208678e-01,9.663431e-01,1.070599e+00,9.952032e-01,9.944345e-01,1.040020e+00,1.096809e+00,1.030408e+00,9.776767e-01,1.144337e+00,1.233477e+00,1.036273e+00,1.030197e+00,1.085160e+00,1.161470e+00,1.168765e+00,1.065139e+00,9.840996e-01,1.018221e+00,1.082862e+00,9.501498e-01,1.158718e+00,9.778037e-01,1.006887e+00,1.058894e+00,1.010225e+00,1.108938e+00,1.088620e+00,1.155794e+00,1.161138e+00,1.122126e+00,1.042972e+00,1.141367e+00,1.025254e+00,9.750331e-01,1.102332e+00,1.158636e+00,9.652202e-01,9.610406e-01,1.092831e+00,9.475669e-01,1.077386e+00,1.034478e+00,1.032595e+00,1.102861e+00,1.020735e+00,1.074669e+00,1.040099e+00,1.100173e+00,1.095803e+00,1.062360e+00,1.063813e+00,9.885140e-01,1.052572e+00,1.116444e+00,1.102204e+00,1.059612e+00,1.124791e+00,1.097829e+00,1.020447e+00,9.867635e-01,1.059613e+00,1.079786e+00,1.038941e+00,1.412341e+00,1.000167e+00,1.084578e+00,1.092422e+00,1.113691e+00,1.091156e+00,1.135535e+00,1.109437e+00,1.186176e+00,1.191908e+00,1.026137e+00,9.728328e-01,1.134028e+00,1.035317e+00,9.946389e-01,1.030773e+00,1.022896e+00,1.011216e+00,1.089061e+00,1.220940e+00,1.229092e+00,1.055740e+00,1.109579e+00,1.015506e+00,9.947578e-01,1.044693e+00,1.045549e+00,9.378055e-01,1.128348e+00,1.073079e+00,1.085395e+00,9.173989e-01,1.093518e+00,1.114593e+00,1.152187e+00,9.672707e-01,9.658622e-01,1.091275e+00,1.005857e+00,9.487700e-01,1.219476e+00,1.028463e+00,1.005906e+00,1.946596e+00,3.705615e+00,9.861129e-01,1.082031e+00,1.285160e+00,1.012253e+00,1.047560e+00,1.043735e+00,1.074014e+00,1.041091e+00,1.182384e+00,1.123732e+00,1.017854e+00,9.706524e-01,9.795161e-01,1.100478e+00,9.574148e-01,9.918152e-01,9.266912e-01,9.997667e-01,1.005048e+00,1.192517e+00,1.095886e+00,1.100428e+00,1.017529e+00,9.867275e-01,9.167344e-01,9.948712e-01,9.557183e-01,1.107927e+00,1.141371e+00,1.110855e+00,1.114225e+00,1.062025e+00,1.049328e+00,9.868319e-01,9.794315e-01,1.009689e+00,1.054427e+00,1.389629e+00,1.041295e+00,1.118769e+00,1.104110e+00,1.081725e+00,1.046694e+00,1.038484e+00,9.312870e-01,1.043802e+00,9.775046e-01,1.074851e+00,9.585112e-01,1.013555e+00,1.033259e+00,1.154150e+00,1.005262e+00,1.038030e+00,1.047649e+00,1.068766e+00,9.466718e-01,1.027639e+00,1.078394e+00,9.360807e-01,1.106863e+00,9.758835e-01,1.067977e+00,1.033518e+00,1.167834e+00,9.785186e-01,1.072918e+00,1.016988e+00
1.067839e+00,1.076831e+00,1.025559e+00,9.728867e-01,1.044868e+00,1.086466e+00,1.033015e+00,1.039931e+00,1.194859e+00,1.076744e+00,9.389050e-01,9.596944e-01,1.074119e+00,9.282886e-01,9.426485e-01,1.068291e+00,1.048840e+00,1.060179e+00,9.851253e-01,1.097217e+00,1.278519e+00,9.866959e-01,8.797068e-01,1.090446e+00,1.033017e+00,9.784700e-01,1.114019e+00,1.020279e+00,1.042129e+00,1.044244e+00,1.003339e+00,1.128726e+00,9.236875e-01,9.473986e-01,1.073883e+00,1.052685e+00,9.739762e-01,1.044184e+00,1.128055e+00,1.074241e+00,9.555036e-01,1.064542e+00,9.848327e-01,9.891482e-01,1.180936e+00,1.092402e+00,1.072384e+00,1.109653e+00,1.068284e+00,1.030491e+00,1.214946e+00,1.120231e+00,1.007018e+00,1.119139e+00,1.034956e+00,1.106061e+00,1.074880e+00,1.177379e+00,1.024546e+00,1.026853e+00,9.696460e-01,1.040834e+00,1.054342e+00,1.006724e+00,1.039275e+00,9.653078e-01,1.081471e+00,9.422523e-01,9.971587e-01,9.598343e-01,9.898587e-01,1.110607e+00,1.390409e+00,1.070798e+00,1.008399e+00,1.137564e+00,1.009533e+00,1.158035e+00,9.470532e-01,1.041274e+00,1.142446e+00,1.061180e+00,1.071129e+00,1.011410e+00,1.004735e+00,1.007268e+00,1.070571e+00,1.067094e+00,1.054863e+00,1.050823e+00,1.129283e+00,9.789734e-01,1.048557e+00,1.128446e+00,1.016192e+00,9.647101e-01,1.026131e+00,1.109740e+00,1.033217e+00,9.329070e-01,1.014121e+00,1.015806e+00,1.195230e+00,9.559081e-01,9.278845e-01,9.714924e-01,1.066098e+00,1.350788e+00,1.061813e+00,1.107836e+00,9.979066e-01,1.208748e+00,9.965103e-01,1.034827e+00,1.130973e+00,1.054515e+00,9.256613e-01,1.030947e+00,1.073999e+00,1.069767e+00,1.053553e+00,9.871467e-01,9.996336e-01,1.004084e+00,1.187935e+00,9.806138e-01,1.031639e+00,1.093822e+00,1.063993e+00,1.146490e+00,1.038153e+00,9.794324e-01,1.055260e+00,1.237066e+00,1.065061e+00,9.649181e-01,1.049861e+00,1.012371e+00,9.992475e-01,9.357732e-01,1.081114e+00,1.039952e+00,1.463531e+00,1.370276e+00,1.688204e+00,2.266383e+00,1.005602e+00,1.035509e+00,1.033990e+00,9.962611e-01,1.012458e+00,1.090589e+00,1.073428e+00,1.093965e+00,9.389252e-01,1.109931e+00,1.013288e+00,1.099944e+00,1.015942e+00,1.103218e+00,1.052666e+00,1.020681e+00,9.828851e-01,1.108511e+00,1.007917e+00,1.052983e+00,1.011847e+00,1.094304e+00,1.007821e+00,1.108975e+00,9.629438e-01,9.748931e-01,9.985732e-01,1.129087e+00,1.032928e+00,1.235427e+00,9.072204e-01,1.107490e+00,1.024893e+00,1.048560e+00,9.860523e-01,1.160209e+00,1.112584e+00,9.709260e-01,1.104641e+00,1.001325e+00,1.174396e+00,1.041086e+00,1.229745e+00,9.600456e-01,1.044092e+00,1.032098e+00,1.094498e+00,1.040428e+00,1.009782e+00,1.028193e+00,1.110452e+00,1.033439e+00,9.442505e-01,1.059981e+00,1.014815e+00,1.042004e+00,1.027034e+00,9.234102e-01,1.048818e+00,9.180520e-01,9.881774e-01,1.068202e+00,9.508225e-01,1.056966e+00,1.088413e+00,1.056788e+00,1.068606e+00,1.040208e+00,1.061961e+00
1.089067e+00,1.000093e+00,9.050473e-01,1.061109e+00,1.071905e+00,1.079189e+00,1.054790e+00,1.106170e+00,1.041716e+00,1.053156e+00,9.704578e-01,1.084267e+00,1.005045e+00,9.065395e-01,9.306920e-01,9.881694e-01,9.151537e-01,1.075683e+00,1.019593e+00,9.555916e-01,1.015966e+00,1.114862e+00,1.018341e+00,9.350642e-01,1.031291e+00,1.171430e+00,8.785440e-01,1.078918e+00,1.059135e+00,9.910140e-01,1.069910e+00,1.003438e+00,1.146711e+00,9.938826e-01,1.051620e+00,9.397023e-01,1.126549e+00,1.199025e+00,1.066990e+00,9.462811e-01,1.035424e+00,1.107290e+00,1.059841e+00,1.045816e+00,1.073313e+00,1.127631e+00,1.194215e+00,1.133974e+00,9.387204e-01,1.108415e+00,9.834652e-01,9.190399e-01,1.029111e+00,1.077009e+00,9.612297e-01,1.062460e+00,1.064555e+00,1.042268e+00,1.071410e+00,1.098099e+00,1.100403e+00,1.067788e+00,1.004995e+00,9.846743e-01,1.117484e+00,1.106813e+00,9.844236e-01,1.062532e+00,1.027398e+00,1.020935e+00,1.003522e+00,1.033354e+00,1.035506e+00,1.216330e+00,1.185101e+00,1.105933e+00,1.044255e+00,1.028870e+00,1.152904e+00,1.112149e+00,1.101487e+00,9.657616e-01,1.240218e+00,9.531955e-01,1.290121e+00,1.010808e+00,1.149242e+00,1.054756e+00,1.149759e+00,1.106432e+00,1.039888e+00,1.100153e+00,9.783538e-01,1.051516e+00,1.065885e+00,1.081481e+00,1.105514e+00,1.007504e+00,1.023048e+00,9.422528e-01,9.448247e-01,1.058118e+00,1.059218e+00,1.043681e+00,1.083135e+00,1.027720e+00,1.096733e+00,1.096177e+00,1.207214e+00,1.138440e+00,1.065523e+00,1.078053e+00,1.023698e+00,1.032473e+00,1.106206e+00,1.011119e+00,1.090073e+00,1.137689e+00,1.052993e+00,1.134363e+00,1.103975e+00,1.002974e+00,1.293667e+00,9.932341e-01,9.828763e-01,9.613533e-01,9.875878e-01,1.241720e+00,1.097152e+00,1.081399e+00,1.039260e+00,1.213764e+00,1.193666e+00,9.496206e-01,1.026719e+00,9.411974e-01,1.183344e+00,1.051616e+00,9.799165e-01,1.290314e+00,8.826253e-01,2.679854e+00,5.099511e+00,4.447953e+00,1.033400e+00,1.032717e+00,1.057664e+00,1.704057e+00,9.154578e-01,1.049707e+00,8.866817e-01,9.682543e-01,9.495406e-01,9.533511e-01,1.008247e+00,1.100146e+00,1.069055e+00,9.840754e-01,1.185706e+00,1.065353e+00,1.075963e+00,1.137584e+00,1.204807e+00,1.038426e+00,9.982341e-01,1.074757e+00,1.000734e+00,9.297716e-01,1.152421e+00,1.009115e+00,1.009481e+00,1.120612e+00,1.081174e+00,1.077036e+00,1.136781e+00,1.171626e+00,1.095490e+00,1.209387e+00,1.048649e+00,1.013185e+00,1.083711e+00,1.050646e+00,1.124092e+00,1.070247e+00,1.004674e+00,1.016690e+00,1.064118e+00,1.026221e+00,1.113043e+00,1.053794e+00,1.169341e+00,1.072134e+00,1.133656e+00,1.091611e+00,1.039064e+00,1.333580e+00,1.023350e+00,1.085659e+00,9.563951e-01,1.134334e+00,9.776884e-01,1.019166e+00,1.209639e+00,1.025682e+00,1.054689e+00,1.031467e+00,1.038995e+00,1.197463e+00,9.687967e-01,1.088950e+00,1.165316e+00,1.064398e+00,1.129925e+00,9.907952e-01,1.152814e+00
1.049730e+00,9.497624e-01,1.065865e+00,1.164078e+00,9.835502e-01,1.099622e+00,9.048741e-01,9.615940e-01,1.025182e+00,1.117435e+00,1.077652e+00,1.136418e+00,1.009485e+00,1.088794e+00,9.546561e-01,1.232021e+00,1.064521e+00,9.978426e-01,9.792904e-01,1.025522e+00,1.016533e+00,9.862100e-01,1.360843e+00,1.174667e+00,1.036505e+00,1.085795e+00,1.051013e+00,9.300607e-01,1.156363e+00,1.168636e+00,1.088547e+00,1.008059e+00,1.125126e+00,1.069041e+00,1.080346e+00,1.236570e+00,1.096209e+00,9.507841e-01,9.980866e-01,9.778144e-01,1.054825e+00,9.617982e-01,1.126931e+00,1.110570e+00,1.040552e+00,1.069731e+00,1.012058e+00,1.097206e+00,1.065406e+00,1.088331e+00,1.088867e+00,1.254668e+00,1.069462e+00,9.933329e-01,1.025850e+00,1.093753e+00,1.074282e+00,1.171731e+00,9.617060e-01,1.037312e+00,9.871117e-01,9.833928e-01,9.975534e-01,1.001902e+00,1.024348e+00,1.013483e+00,1.380427e+00,1.055812e+00,1.102866e+00,1.230016e+00,1.695078e+00,1.147076e+00,1.087838e+00,1.080835e+00,1.008194e+00,1.111757e+00,1.126349e+00,1.108672e+00,1.315054e+00,1.108100e+00,1.150857e+00,1.037954e+00,1.027949e+00,9.910913e-01,9.365690e-01,1.146437e+00,9.400433e-01,9.966357e-01,1.102277e+00,1.241077e+00,1.150336e+00,9.838691e-01,1.071413e+00,1.019520e+00,1.012819e+00,1.070075e+00,1.019703e+00,1.032404e+00,1.074912e+00,1.094024e+00,1.090029e+00,1.072095e+00,1.098489e+00,1.084237e+00,9.985506e-01,1.027990e+00,1.039078e+00,9.050389e-01,1.101777e+00,9.167607e-01,1.018536e+00,1.044394e+00,1.045355e+00,9.533414e-01,9.856607e-01,1.160989e+00,9.565428e-01,1.205619e+00,1.112701e+00,9.838588e-01,1.087396e+00,1.057967e+00,1.032264e+00,1.097859e+00,1.032520e+00,9.953683e-01,1.044805e+00,9.804325e-01,1.003011e+00,1.012655e+00,9.741908e-01,1.110454e+00,1.026838e+00,9.816144e-01,1.214943e+00,1.096473e+00,1.561953e+00,1.191870e+00,2.203453e+00,1.134506e+00,1.879614e+00,1.500807e+00,1.038106e+00,1.031950e+00,1.057907e+00,1.290842e+00,1.018036e+00,1.002762e+00,1.135486e+00,1.052616e+00,9.369593e-01,9.615045e-01,1.073790e+00,1.079509e+00,1.039128e+00,1.038268e+00,1.123694e+00,1.051022e+00,1.096344e+00,1.132260e+00,1.054550e+00,1.090250e+00,1.188253e+00,1.201954e+00,1.063221e+00,9.830517e-01,1.042073e+00,1.030154e+00,1.125757e+00,1.053326e+00,1.017658e+00,1.021779e+00,1.108213e+00,9.649748e-01,1.067424e+00,1.000638e+00,9.757646e-01,9.596414e-01,9.982226e-01,1.187334e+00,1.048382e+00,1.063008e+00,1.147697e+00,1.045762e+00,1.021488e+00,1.027848e+00,1.021171e+00,1.204067e+00,1.108967e+00,1.159737e+00,1.013476e+00,1.045665e+00,1.066425e+00,9.989553e-01,1.028550e+00,1.034865e+00,9.773168e-01,1.107841e+00,1.172755e+00,1.007961e+00,1.120197e+00,1.198303e+00,1.182140e+00,1.069594e+00,1.064070e+00,1.092390e+00,1.003428e+00,1.037769e+00,9.460193e-01,1.276620e+00,1.148226e+00,1.164414e+00,1.106391e+00,1.084345e+00,1.005013e+00
1.071267e+00,9.479925e-01,1.138577e+00,1.034664e+00,1.171443e+00,1.154382e+00,1.094406e+00,1.081012e+00,1.064125e+00,1.033527e+00,1.015758e+00,1.172049e+00,1.016284e+00,1.035621e+00,9.755566e-01,1.064045e+00,1.004145e+00,8.977821e-01,1.112063e+00,1.082122e+00,1.041567e+00,1.061220e+00,1.046642e+00,1.149871e+00,1.074832e+00,1.003437e+00,1.083800e+00,1.065462e+00,1.090991e+00,1.122064e+00,1.108122e+00,1.027899e+00,1.064236e+00,1.106645e+00,1.021290e+00,1.126467e+00,9.950584e-01,1.032567e+00,1.048759e+00,9.062329e-01,1.002103e+00,9.972858e-01,1.108383e+00,1.054913e+00,1.087914e+00,1.286591e+00,1.161457e+00,9.743317e-01,1.002122e+00,1.127761e+00,1.049131e+00,1.358976e+00,1.150873e+00,1.002441e+00,9.916465e-01,1.067731e+00,1.006507e+00,9.856322e-01,1.121644e+00,1.002012e+00,1.064692e+00,1.093463e+00,1.030161e+00,1.040854e+00,1.080253e+00,1.010656e+00,1.120238e+00,1.084408e+00,1.138830e+00,9.897655e-01,9.906425e-01,9.582548e-01,1.177768e+00,1.041984e+00,1.178460e+00,9.585325e-01,1.090827e+00,1.114845e+00,1.407853e+00,1.153377e+00,3.973875e+00,1.140190e+00,1.119004e+00,1.166995e+00,9.652586e-01,1.127284e+00,1.051420e+00,9.407099e-01,9.295893e-01,1.247944e+00,1.151793e+00,1.094588e+00,1.015334e+00,9.882344e-01,9.737931e-01,1.019442e+00,9.766154e-01,1.031838e+00,9.747518e-01,1.034381e+00,9.026858e-01,1.031618e+00,9.988162e-01,1.198007e+00,1.152783e+00,1.097260e+00,9.829601e-01,9.961316e-01,1.082640e+00,1.145633e+00,1.028752e+00,1.107203e+00,1.011170e+00,9.620460e-01,1.089626e+00,1.039292e+00,1.008531e+00,9.442454e-01,1.037717e+00,9.755561e-01,1.035459e+00,9.632567e-01,1.093912e+00,1.082209e+00,9.683625e-01,1.060451e+00,1.016178e+00,1.031892e+00,1.027610e+00,1.120742e+00,9.869903e-01,9.736993e-01,1.003952e+00,1.028462e+00,1.121047e+00,nan,1.251571e+00,6.282821e+00,1.063062e+00,1.352397e+00,1.559474e+00,1.190110e+00,1.198247e+00,1.101897e+00,1.155536e+00,1.005378e+00,1.042928e+00,1.081392e+00,1.027643e+00,9.870877e-01,1.228298e+00,1.077962e+00,1.129019e+00,1.100720e+00,9.762605e-01,9.892998e-01,1.072684e+00,1.036935e+00,1.022972e+00,1.072742e+00,1.090846e+00,1.142451e+00,1.140986e+00,9.780335e-01,1.162337e+00,1.040078e+00,1.073483e+00,1.243936e+00,1.015230e+00,1.131395e+00,1.008985e+00,1.093301e+00,1.022417e+00,9.665633e-01,1.261360e+00,1.043329e+00,1.072705e+00,1.085906e+00,1.002806e+00,1.077093e+00,1.115431e+00,1.090341e+00,9.506490e-01,1.031521e+00,1.039015e+00,9.686454e-01,1.021276e+00,1.018188e+00,1.017146e+00,1.023475e+00,1.027111e+00,1.101480e+00,1.010148e+00,9.803265e-01,1.050409e+00,1.086870e+00,1.119967e+00,1.041210e+00,1.153042e+00,1.159484e+00,1.141840e+00,1.069018e+00,9.907376e-01,1.055356e+00,1.187239e+00,1.196668e+00,1.080298e+00,1.045791e+00,1.007437e+00,1.098479e+00,1.074689e+00,1.052490e+00,1.015275e+00,1.117632e+00,1.227051e+00
1.060961e+00,1.103395e+00,1.131074e+00,1.152117e+00,1.014009e+00,1.200655e+00,1.175878e+00,1.235595e+00,1.047142e+00,1.130671e+00,1.246383e+00,9.788218e-01,1.199126e+00,1.084762e+00,1.138939e+00,1.059837e+00,1.060591e+00,1.039440e+00,1.306686e+00,1.061635e+00,1.191876e+00,1.201038e+00,1.173997e+00,1.063710e+00,1.134220e+00,1.151372e+00,1.117360e+00,1.069006e+00,1.188830e+00,1.145726e+00,1.358181e+00,1.179627e+00,9.637981e-01,1.406982e+00,1.075027e+00,1.261094e+00,1.164835e+00,1.220054e+00,1.245263e+00,1.138453e+00,1.434792e+00,1.584636e+00,1.049321e+00,1.066594e+00,1.139147e+00,1.089471e+00,1.253843e+00,1.149065e+00,1.369465e+00,1.183627e+00,1.305264e+00,1.170489e+00,9.836960e-01,1.067090e+00,1.202237e+00,1.200706e+00,1.033488e+00,1.045423e+00,1.081400e+00,1.137060e+00,1.015566e+00,1.169512e+00,9.953691e-01,1.234055e+00,1.095457e+00,1.132104e+00,1.080998e+00,1.106589e+00,1.144524e+00,1.044440e+00,1.154393e+00,1.155584e+00,1.156383e+00,1.098589e+00,1.059154e+00,1.223415e+00,1.699621e+00,1.098595e+00,1.070774e+00,1.015325e+00,1.130840e+00,1.287186e+00,1.329153e+00,1.161278e+00,1.400205e+00,1.145714e+00,1.066829e+00,1.089082e+00,1.088623e+00,1.222840e+00,1.098662e+00,1.135049e+00,1.109465e+00,1.114774e+00,1.167930e+00,1.137545e+00,1.106583e+00,1.050248e+00,1.181734e+00,1.183079e+00,1.146847e+00,1.037076e+00,1.012221e+00,1.238913e+00,1.095450e+00,1.127712e+00,1.054988e+00,1.245908e+00,1.050884e+00,9.886180e-01,1.060404e+00,1.082137e+00,9.872907e-01,1.061884e+00,1.118373e+00,1.042020e+00,1.217820e+00,1.093615e+00,1.104386e+00,1.064788e+00,1.123850e+00,1.044410e+00,1.036169e+00,1.037911e+00,1.031238e+00,1.107499e+00,1.137533e+00,1.074799e+00,1.012946e+00,1.112185e+00,1.073032e+00,3.302492e+00,1.014409e+00,2.098440e+00,1.156642e+00,3.444672e+00,1.126468e+00,1.315896e+00,1.669934e+00,1.001219e+00,4.135794e+00,1.104572e+00,1.191063e+00,1.064296e+00,1.147785e+00,1.143091e+00,1.030046e+00,1.047060e+00,1.015503e+00,9.546343e-01,1.021803e+00,1.157158e+00,1.010922e+00,1.065359e+00,1.063966e+00,1.053455e+00,1.147575e+00,1.283184e+00,1.167988e+00,1.093672e+00,1.145395e+00,9.688066e-01,1.085461e+00,1.129681e+00,1.151140e+00,1.005770e+00,1.087602e+00,9.512005e-01,1.126010e+00,1.041174e+00,1.064281e+00,1.063457e+00,9.973726e-01,1.225115e+00,1.237000e+00,1.143779e+00,9.712844e-01,1.061954e+00,1.025741e+00,1.221577e+00,9.808676e-01,1.069012e+00,1.128888e+00,1.198616e+00,1.205871e+00,1.082503e+00,1.072059e+00,1.101653e+00,1.072083e+00,1.190467e+00,1.047165e+00,1.119848e+00,1.101005e+00,1.006233e+00,1.142951e+00,9.861332e-01,1.062409e+00,1.212871e+00,1.096650e+00,1.179932e+00,1.092531e+00,1.022447e+00,1.139813e+00,1.066273e+00,1.134463e+00,1.096260e+00,1.133143e+00,1.188072e+00,1.088553e+00,1.196451e+00,9.555982e-01,1.046266e+00,9.876215e-01,1.129891e+00,1.045125e+00
9.982930e-01,1.163241e+00,1.310746e+00,1.164678e+00,1.021480e+00,1.043772e+00,1.137616e+00,1.000511e+00,1.094669e+00,1.118517e+00,1.035639e+00,1.040712e+00,1.236375e+00,1.029630e+00,1.066083e+00,1.009565e+00,1.001559e+00,1.028247e+00,1.173294e+00,1.111337e+00,9.964461e-01,1.088651e+00,1.236511e+00,1.003282e+00,1.075316e+00,1.061268e+00,1.080412e+00,1.120242e+00,1.202637e+00,1.139897e+00,1.043744e+00,1.032177e+00,9.973124e-01,1.025429e+00,1.046401e+00,1.141405e+00,1.060795e+00,1.080709e+00,1.031644e+00,1.159639e+00,1.006299e+00,1.082138e+00,1.100464e+00,1.129877e+00,9.938949e-01,1.150848e+00,1.134806e+00,1.054696e+00,1.060954e+00,1.030659e+00,1.086802e+00,1.065918e+00,1.046794e+00,1.084815e+00,1.191087e+00,1.187607e+00,1.081349e+00,1.021136e+00,1.077021e+00,1.008375e+00,1.170526e+00,1.146987e+00,1.040416e+00,1.249210e+00,1.051803e+00,1.101957e+00,1.050235e+00,9.998793e-01,1.028532e+00,1.001795e+00,1.043468e+00,1.168899e+00,1.073708e+00,9.645651e-01,1.053820e+00,9.968852e-01,1.039657e+00,1.069552e+00,1.111815e+00,1.333345e+00,1.114534e+00,1.177552e+00,1.379305e+00,1.171827e+00,1.153304e+00,1.041788e+00,2.706138e+00,2.400543e+00,1.225579e+00,1.280001e+00,1.346725e+00,9.783195e-01,1.017017e+00,1.169665e+00,1.073637e+00,1.171460e+00,1.018635e+00,1.186457e+00,1.157670e+00,9.456597e-01,1.130728e+00,1.161321e+00,1.133468e+00,1.150845e+00,1.053680e+00,1.058773e+00,1.391617e+00,1.121591e+00,1.153533e+00,1.092722e+00,1.101234e+00,1.051007e+00,1.059556e+00,1.065220e+00,1.031065e+00,1.198706e+00,1.062979e+00,1.066348e+00,1.164792e+00,1.150659e+00,1.237530e+00,1.035110e+00,1.247947e+00,1.075625e+00,1.066883e+00,1.166741e+00,1.062848e+00,1.361712e+00,1.027573e+00,1.960161e+00,1.530879e+00,3.326584e+00,1.123393e+00,1.088938e+00,1.053678e+00,1.306733e+00,1.022908e+00,1.087103e+00,1.159565e+00,9.465609e-01,1.144737e+00,1.141702e+00,1.148229e+00,1.365811e+00,1.031252e+00,9.970363e-01,9.568800e-01,1.193891e+00,9.699099e-01,1.084296e+00,1.149482e+00,1.112681e+00,1.621713e+00,1.033001e+00,1.103544e+00,1.232613e+00,1.028938e+00,9.948274e-01,1.043337e+00,9.761504e-01,1.107925e+00,1.208075e+00,1.076534e+00,1.088261e+00,1.221454e+00,1.040431e+00,1.000367e+00,9.529548e-01,1.075747e+00,1.122684e+00,1.077268e+00,1.028310e+00,1.270362e+00,1.045283e+00,1.208591e+00,1.111329e+00,1.075262e+00,1.073292e+00,1.029247e+00,1.096022e+00,9.818824e-01,9.959986e-01,1.027975e+00,1.147821e+00,1.098638e+00,1.097178e+00,1.054171e+00,1.002748e+00,1.237453e+00,1.164309e+00,1.090642e+00,1.134531e+00,1.121156e+00,1.001163e+00,1.002642e+00,1.034799e+00,1.092155e+00,1.194703e+00,1.164370e+00,9.864451e-01,1.018036e+00,1.114036e+00,1.120804e+00,1.049569e+00,1.094919e+00,1.195072e+00,1.191249e+00,1.118987e+00,1.181001e+00,1.030975e+00,1.094257e+00,1.093981e+00,1.078045e+00,1.048935e+00,1.114642e+00
1.242021e+00,1.154509e+00,1.175938e+00,1.064085e+00,9.895128e-01,1.117281e+00,1.235311e+00,1.137173e+00,1.037565e+00,1.077132e+00,1.113462e+00,1.236169e+00,1.126820e+00,1.172577e+00,1.278210e+00,1.001180e+00,1.095562e+00,1.301504e+00,1.134766e+00,1.082476e+00,1.055354e+00,1.021323e+00,1.082177e+00,1.134747e+00,1.100832e+00,1.233965e+00,1.156611e+00,1.121167e+00,1.149005e+00,1.069491e+00,1.125689e+00,1.110980e+00,1.070504e+00,1.129830e+00,1.243958e+00,1.149185e+00,1.344272e+00,1.195225e+00,1.237369e+00,1.305565e+00,1.189788e+00,1.081634e+00,1.183505e+00,1.315929e+00,1.083831e+00,1.116342e+00,1.205935e+00,1.089374e+00,1.119340e+00,1.262400e+00,1.079745e+00,1.259719e+00,1.095139e+00,1.314318e+00,1.007696e+00,1.183794e+00,1.159577e+00,1.065833e+00,1.026273e+00,1.103727e+00,1.184620e+00,1.113832e+00,1.186297e+00,1.119220e+00,1.154579e+00,1.089286e+00,1.110597e+00,1.058851e+00,1.001755e+00,1.150070e+00,1.325088e+00,9.766971e-01,1.079678e+00,1.058492e+00,1.054587e+00,1.167177e+00,1.110290e+00,9.686341e-01,1.076822e+00,1.154583e+00,1.104531e+00,1.081576e+00,1.314729e+00,1.134618e+00,1.052187e+00,1.118684e+00,1.239846e+00,1.299994e+00,1.095984e+00,1.607899e+00,1.707461e+00,2.240531e+00,1.071685e+00,1.283833e+00,1.233063e+00,1.135545e+00,1.362856e+00,1.079385e+00,1.077908e+00,1.040009e+00,1.151399e+00,1.122474e+00,1.128865e+00,1.086936e+00,1.117304e+00,1.056495e+00,1.011128e+00,9.514642e-01,1.038543e+00,1.432831e+00,1.168442e+00,1.138419e+00,1.176820e+00,1.076700e+00,9.927903e-01,9.587486e-01,1.137020e+00,1.048153e+00,1.104345e+00,1.208448e+00,1.094000e+00,1.082469e+00,1.068509e+00,1.031947e+00,2.305489e+00,1.239000e+00,1.051597e+00,1.153637e+00,1.328795e+00,1.254860e+00,1.079727e+00,1.113430e+00,1.028325e+00,1.114291e+00,1.666312e+00,1.137967e+00,1.049421e+00,1.050697e+00,1.075166e+00,1.100275e+00,1.165008e+00,1.243064e+00,1.162358e+00,1.108304e+00,1.123075e+00,1.083837e+00,1.248455e+00,1.100010e+00,1.006154e+00,1.072150e+00,1.054203e+00,1.243405e+00,1.082886e+00,1.664238e+00,1.326874e+00,1.039155e+00,1.011751e+00,1.091077e+00,1.124841e+00,1.074448e+00,1.116231e+00,1.202886e+00,1.113605e+00,9.830398e-01,1.074994e+00,1.063248e+00,9.975423e-01,9.689256e-01,1.138914e+00,9.788271e-01,9.924846e-01,1.085456e+00,1.129597e+00,1.103121e+00,1.151010e+00,1.026163e+00,1.003139e+00,1.235755e+00,1.168016e+00,1.043879e+00,1.027659e+00,9.751331e-01,1.020989e+00,1.108966e+00,1.049684e+00,1.129164e+00,9.832476e-01,1.175908e+00,1.089249e+00,1.074593e+00,1.121811e+00,1.105759e+00,1.121620e+00,1.025897e+00,1.072131e+00,1.040379e+00,1.156981e+00,1.173562e+00,1.049180e+00,1.129952e+00,9.670732e-01,1.018644e+00,1.134590e+00,1.146363e+00,1.094639e+00,1.039628e+00,1.250872e+00,1.171671e+00,1.076423e+00,1.137521e+00,1.084612e+00,9.944365e-01,1.194863e+00,1.028888e+00,9.761340e-01
1.057939e+00,1.059812e+00,1.089735e+00,1.187966e+00,1.261281e+00,1.160262e+00,1.086214e+00,1.303419e+00,1.133493e+00,1.109951e+00,1.179132e+00,1.230763e+00,1.196617e+00,1.060986e+00,1.144398e+00,1.145462e+00,1.093594e+00,1.150222e+00,1.086153e+00,1.077961e+00,1.075398e+00,1.144774e+00,1.117954e+00,1.148525e+00,1.231880e+00,1.212947e+00,1.057350e+00,1.153558e+00,1.166709e+00,1.064512e+00,1.127792e+00,1.132117e+00,1.018618e+00,1.088350e+00,1.105081e+00,1.327142e+00,1.318859e+00,1.035699e+00,1.094581e+00,1.197297e+00,1.192111e+00,1.166803e+00,1.132407e+00,1.047207e+00,1.217652e+00,1.153209e+00,1.050593e+00,1.281906e+00,1.108513e+00,1.231335e+00,1.004914e+00,1.109838e+00,1.136339e+00,1.204365e+00,1.265312e+00,1.114870e+00,1.132995e+00,1.360078e+00,1.283482e+00,1.229281e+00,1.124112e+00,1.111569e+00,1.148215e+00,1.240028e+00,1.114780e+00,1.237627e+00,1.353618e+00,1.179135e+00,1.153393e+00,1.014026e+00,1.099941e+00,1.082668e+00,1.031688e+00,1.120172e+00,1.341168e+00,1.174413e+00,1.105556e+00,1.195471e+00,1.168146e+00,1.195654e+00,1.167217e+00,1.324754e+00,1.068315e+00,1.349177e+00,1.230934e+00,1.059239e+00,1.217159e+00,1.171850e+00,1.102804e+00,1.197759e+00,1.101258e+00,1.161097e+00,1.079787e+00,1.092836e+00,1.167610e+00,3.147197e+00,1.046745e+00,1.145864e+00,1.390764e+00,1.107379e+00,1.153934e+00,1.477351e+00,4.001288e+00,1.581609e+00,1.333573e+00,2.102882e+00,1.199289e+00,1.911149e+00,1.663115e+00,1.230474e+00,1.273187e+00,1.236378e+00,1.331546e+00,1.610687e+00,1.374694e+00,9.973776e-01,2.925145e+00,1.642051e+00,1.257118e+00,1.020378e+00,1.540087e+00,1.274423e+00,1.141476e+00,2.218211e+00,1.708479e+00,1.264446e+00,1.162675e+00,1.077643e+00,1.129424e+00,1.047135e+00,1.115934e+00,1.838566e+00,1.093496e+00,1.062504e+00,1.221132e+00,1.355192e+00,1.178471e+00,1.187048e+00,1.173972e+00,1.194552e+00,1.090162e+00,1.123971e+00,1.145191e+00,1.119955e+00,1.029398e+00,1.171045e+00,1.074455e+00,1.239014e+00,1.107919e+00,1.156976e+00,1.073553e+00,1.082164e+00,1.160072e+00,1.147995e+00,1.045629e+00,1.108007e+00,1.060287e+00,1.272141e+00,1.096388e+00,1.178433e+00,1.097222e+00,1.090774e+00,1.027232e+00,1.079459e+00,1.171411e+00,1.099409e+00,1.074723e+00,1.068318e+00,1.325932e+00,1.094651e+00,1.103445e+00,1.113442e+00,1.101999e+00,1.212586e+00,1.224705e+00,1.084635e+00,1.159436e+00,1.113848e+00,1.069126e+00,1.125984e+00,1.162589e+00,1.274023e+00,1.245916e+00,1.152637e+00,1.202261e+00,1.176247e+00,1.121134e+00,1.170847e+00,1.115419e+00,1.161911e+00,1.157140e+00,1.150975e+00,1.091221e+00,1.178677e+00,1.134257e+00,1.240994e+00,1.128332e+00,1.086440e+00,1.029169e+00,1.197075e+00,1.238885e+00,1.172964e+00,1.061356e+00,1.151166e+00,1.271996e+00,1.360614e+00,1.055335e+00,1.181143e+00,1.187971e+00,1.111996e+00,9.933416e-01,1.102289e+00,1.199783e+00,1.164861e+00,1.249478e+00
1.100459e+00,1.421337e+00,1.078767e+00,1.196291e+00,1.163258e+00,1.117106e+00,1.138882e+00,1.136107e+00,1.104168e+00,1.199968e+00,1.303639e+00,1.097993e+00,1.023598e+00,1.168245e+00,1.215256e+00,1.269903e+00,1.186334e+00,1.257605e+00,1.300516e+00,1.153732e+00,1.118080e+00,1.088125e+00,1.194491e+00,1.191748e+00,1.002829e+00,1.232169e+00,1.176584e+00,1.135885e+00,9.968893e-01,1.259329e+00,1.149712e+00,1.088374e+00,1.183654e+00,1.480520e+00,1.158707e+00,1.207491e+00,1.211141e+00,1.178902e+00,1.084323e+00,1.218450e+00,1.078315e+00,1.166682e+00,1.126337e+00,1.257866e+00,1.252368e+00,1.212987e+00,1.144891e+00,1.170455e+00,1.064873e+00,1.226166e+00,1.068484e+00,1.172240e+00,1.139682e+00,1.118309e+00,1.162756e+00,1.080225e+00,1.129449e+00,1.226735e+00,1.126245e+00,1.283964e+00,1.095901e+00,1.246292e+00,1.181143e+00,1.199433e+00,1.122279e+00,1.094770e+00,1.231563e+00,1.137440e+00,1.101947e+00,1.189936e+00,1.305807e+00,1.182069e+00,1.131989e+00,1.107630e+00,1.245611e+00,1.203238e+00,1.080442e+00,1.199798e+00,1.153939e+00,1.245842e+00,1.162839e+00,1.267502e+00,1.169786e+00,1.101552e+00,1.389804e+00,1.163228e+00,1.161035e+00,1.211158e+00,1.086517e+00,1.177879e+00,1.147654e+00,1.078437e+00,1.926759e+00,1.132485e+00,1.134563e+00,1.062415e+00,1.238561e+00,1.115201e+00,1.397602e+00,1.281333e+00,1.278743e+00,1.096774e+00,1.342769e+00,1.142449e+00,2.312255e+00,1.127416e+00,1.141402e+00,1.135039e+00,1.092567e+00,1.335158e+00,1.106686e+00,1.094470e+00,1.337845e+00,1.119891e+00,1.532837e+00,1.698238e+00,1.137925e+00,1.058711e+00,1.022997e+00,1.309113e+00,1.131224e+00,1.306985e+00,1.212887e+00,1.920404e+00,1.020378e+00,1.161318e+00,1.159575e+00,1.023207e+00,1.008982e+00,1.163343e+00,1.170747e+00,1.165209e+00,1.280532e+00,1.191723e+00,1.180900e+00,1.235926e+00,1.137594e+00,1.226717e+00,1.123557e+00,1.210601e+00,1.290872e+00,1.333651e+00,1.064217e+00,1.086880e+00,1.010388e+00,1.081138e+00,1.141733e+00,1.187381e+00,1.064618e+00,1.051500e+00,1.086210e+00,1.138507e+00,1.045638e+00,1.077364e+00,1.008344e+00,1.152237e+00,1.060423e+00,1.116946e+00,1.011913e+00,1.195025e+00,1.098928e+00,1.086144e+00,1.044246e+00,1.091089e+00,1.143203e+00,1.079375e+00,1.070653e+00,1.092281e+00,1.197096e+00,1.028620e+00,1.124032e+00,1.033121e+00,1.209029e+00,1.122660e+00,1.180176e+00,1.138915e+00,1.160971e+00,1.148037e+00,1.107516e+00,1.283212e+00,1.099030e+00,1.147117e+00,1.068447e+00,1.162017e+00,1.233730e+00,1.205320e+00,1.370444e+00,1.086967e+00,1.195715e+00,1.226753e+00,1.038702e+00,1.092130e+00,1.112452e+00,1.121974e+00,1.222501e+00,1.014132e+00,1.260402e+00,1.068916e+00,1.139496e+00,1.186657e+00,1.219870e+00,1.097813e+00,1.113352e+00,1.108157e+00,1.211075e+00,1.197054e+00,1.111079e+00,1.011270e+00,1.120466e+00,1.149871e+00,1.196590e+00,1.131952e+00,1.040203e+00,1.159967e+00,1.175699e+00
1.135170e+00,1.228118e+00,1.057134e+00,1.302815e+00,1.254006e+00,1.143841e+00,1.163492e+00,1.380097e+00,1.187977e+00,1.310190e+00,1.356568e+00,1.237287e+00,1.246565e+00,1.143571e+00,1.226106e+00,1.055483e+00,1.211484e+00,1.266020e+00,1.323457e+00,1.053186e+00,1.294344e+00,1.020498e+00,1.250963e+00,1.151586e+00,1.204870e+00,1.371020e+00,1.178091e+00,1.155720e+00,1.211846e+00,1.229954e+00,1.271698e+00,1.156297e+00,1.296306e+00,1.230043e+00,1.189669e+00,1.167499e+00,1.166430e+00,1.249361e+00,1.175126e+00,1.079652e+00,1.315272e+00,1.260136e+00,1.217585e+00,1.138932e+00,1.174405e+00,1.203423e+00,1.226714e+00,1.115294e+00,1.200689e+00,1.211736e+00,1.246543e+00,1.191453e+00,1.185706e+00,1.190963e+00,1.208144e+00,1.240802e+00,1.065650e+00,1.268397e+00,1.234879e+00,1.095213e+00,1.174414e+00,1.469349e+00,1.087367e+00,1.288896e+00,1.485095e+00,1.229676e+00,1.218491e+00,1.308433e+00,1.231132e+00,1.197815e+00,1.207529e+00,1.080979e+00,1.094190e+00,1.170656e+00,1.152360e+00,1.059633e+00,1.111633e+00,1.180718e+00,1.186675e+00,1.159004e+00,1.191184e+00,1.083716e+00,1.303311e+00,1.264416e+00,1.325611e+00,1.187420e+00,1.363211e+00,1.197674e+00,1.308114e+00,1.227263e+00,1.187441e+00,1.253044e+00,1.340437e+00,1.184089e+00,1.322444e+00,1.118737e+00,1.208265e+00,1.218533e+00,1.211442e+00,1.279001e+00,1.350765e+00,1.365113e+00,1.305605e+00,1.242475e+00,1.313511e+00,1.180128e+00,1.181715e+00,1.346397e+00,1.393575e+00,1.196994e+00,1.257939e+00,1.042340e+00,1.245977e+00,1.197976e+00,1.462999e+00,1.265457e+00,1.350772e+00,1.357932e+00,1.175501e+00,1.128025e+00,1.041535e+00,1.354672e+00,1.229962e+00,1.327078e+00,1.103175e+00,1.089981e+00,1.261496e+00,1.214514e+00,1.209823e+00,1.076901e+00,1.155778e+00,1.281822e+00,1.253543e+00,1.332248e+00,1.351595e+00,1.216293e+00,1.231362e+00,1.194817e+00,1.104233e+00,1.270917e+00,1.094099e+00,1.177751e+00,9.782806e-01,1.123964e+00,1.355559e+00,1.179261e+00,1.145945e+00,1.191075e+00,1.081832e+00,1.295093e+00,1.168792e+00,1.136252e+00,1.086119e+00,1.070326e+00,1.189756e+00,1.173661e+00,1.269830e+00,1.253037e+00,1.207555e+00,1.193571e+00,1.214907e+00,1.177683e+00,1.085441e+00,9.955623e-01,1.170535e+00,1.106809e+00,1.303603e+00,1.312526e+00,1.396273e+00,1.263493e+00,1.055820e+00,1.167216e+00,1.369405e+00,1.135449e+00,1.265941e+00,1.231864e+00,1.105124e+00,1.206917e+00,1.214757e+00,1.194081e+00,1.249013e+00,1.302571e+00,1.198947e+00,1.327939e+00,1.271944e+00,1.227449e+00,1.308049e+00,1.296361e+00,1.202124e+00,1.093351e+00,1.222263e+00,1.362266e+00,1.456784e+00,1.279502e+00,1.209077e+00,1.268827e+00,1.211198e+00,1.188418e+00,1.243889e+00,1.028348e+00,1.173449e+00,1.300034e+00,1.241265e+00,1.191484e+00,1.160721e+00,1.223781e+00,1.072937e+00,1.125160e+00,1.193087e+00,1.279060e+00,1.165905e+00,1.250112e+00,1.303738e+00,1.070456e+00,1.098284e+00
1.201681e+00,1.198948e+00,1.260718e+00,1.161417e+00,1.226286e+00,1.227884e+00,1.079983e+00,1.078270e+00,1.336404e+00,1.256756e+00,1.251858e+00,1.399164e+00,1.115146e+00,1.253065e+00,1.140698e+00,1.375495e+00,1.245620e+00,1.139649e+00,1.198590e+00,1.182224e+00,1.242671e+00,1.277938e+00,1.207534e+00,1.175212e+00,1.279882e+00,1.204478e+00,1.321207e+00,1.168610e+00,1.250294e+00,1.187797e+00,1.164824e+00,1.160261e+00,1.225998e+00,1.196232e+00,1.269733e+00,1.281680e+00,1.278737e+00,1.224676e+00,1.212845e+00,1.384651e+00,1.277904e+00,1.223317e+00,1.314407e+00,1.299084e+00,1.177631e+00,1.388226e+00,1.035197e+00,1.167083e+00,1.087508e+00,1.194832e+00,1.198124e+00,1.273649e+00,1.294902e+00,1.192801e+00,1.412525e+00,1.224236e+00,1.236883e+00,1.263742e+00,1.195705e+00,1.164060e+00,1.200597e+00,1.299831e+00,1.145721e+00,1.154173e+00,1.076926e+00,1.145822e+00,1.131511e+00,1.213094e+00,1.294238e+00,1.183768e+00,1.176579e+00,1.344541e+00,1.175690e+00,1.094157e+00,1.140445e+00,1.170789e+00,1.164354e+00,1.114298e+00,1.176071e+00,1.292184e+00,1.436321e+00,1.256282e+00,1.193095e+00,1.126458e+00,1.140949e+00,1.113764e+00,1.167601e+00,1.190624e+00,1.160716e+00,1.127555e+00,1.198652e+00,1.119544e+00,1.143620e+00,1.330784e+00,1.202798e+00,1.086836e+00,1.266933e+00,1.238686e+00,1.208278e+00,1.215766e+00,1.049445e+00,1.292886e+00,1.214663e+00,1.163790e+00,1.227137e+00,1.115147e+00,1.165018e+00,1.040899e+00,1.079653e+00,1.184519e+00,1.250672e+00,1.264801e+00,1.109448e+00,1.138911e+00,1.236335e+00,1.249961e+00,1.203601e+00,1.251337e+00,1.206819e+00,1.264070e+00,1.423889e+00,1.219316e+00,1.280166e+00,1.380315e+00,1.181754e+00,1.274346e+00,1.146372e+00,1.136083e+00,1.215323e+00,1.206153e+00,1.217194e+00,1.259463e+00,1.238174e+00,1.405123e+00,1.344400e+00,1.366266e+00,1.216215e+00,1.149477e+00,1.117093e+00,1.257295e+00,1.211715e+00,1.359513e+00,1.334946e+00,1.099427e+00,1.201695e+00,1.240810e+00,1.184296e+00,1.451717e+00,1.167026e+00,1.169865e+00,1.390090e+00,1.124032e+00,1.210076e+00,1.529112e+00,1.290827e+00,1.152600e+00,1.079201e+00,1.093343e+00,1.198207e+00,1.303162e+00,1.204996e+00,1.039243e+00,1.172681e+00,1.172414e+00,1.231181e+00,1.175014e+00,1.078430e+00,1.195435e+00,1.244606e+00,1.243633e+00,1.316373e+00,1.177125e+00,1.092436e+00,1.255783e+00,1.153225e+00,1.192098e+00,1.212242e+00,1.071835e+00,1.228848e+00,1.135154e+00,1.365634e+00,1.382583e+00,1.247793e+00,1.200957e+00,1.154763e+00,1.358567e+00,1.227506e+00,1.374876e+00,1.199153e+00,1.169484e+00,1.157828e+00,1.404955e+00,1.332630e+00,1.147399e+00,1.308915e+00,1.221719e+00,1.298754e+00,1.134515e+00,1.219625e+00,1.162934e+00,1.203280e+00,1.206816e+00,1.198158e+00,1.180676e+00,1.223087e+00,1.051652e+00,1.318025e+00,1.154328e+00,1.238990e+00,1.236592e+00,1.185830e+00,1.136021e+00,1.113871e+00,1.138898e+00,1.274719e+00
1.263211e+00,1.124007e+00,1.203480e+00,1.227770e+00,1.256179e+00,1.128974e+00,1.208638e+00,1.138956e+00,1.204945e+00,1.330651e+00,1.092553e+00,1.539983e+00,1.310998e+00,1.275711e+00,1.212349e+00,1.345562e+00,1.168555e+00,1.096023e+00,1.028453e+00,1.487724e+00,1.297977e+00,1.234524e+00,1.136177e+00,1.177379e+00,1.107519e+00,1.150215e+00,1.267682e+00,1.283314e+00,1.146660e+00,1.073506e+00,1.332267e+00,1.246243e+00,1.171492e+00,1.129934e+00,1.167663e+00,1.148062e+00,1.217905e+00,1.255135e+00,1.028381e+00,1.216380e+00,1.127774e+00,1.032407e+00,1.038175e+00,1.026993e+00,1.432142e+00,1.234764e+00,1.174217e+00,1.170682e+00,1.227213e+00,1.328992e+00,1.114611e+00,1.198038e+00,1.228570e+00,1.047980e+00,1.118701e+00,1.221123e+00,1.074218e+00,1.134320e+00,1.255855e+00,1.228472e+00,1.182209e+00,1.149391e+00,1.102375e+00,1.127003e+00,1.164340e+00,1.192306e+00,1.060042e+00,1.184261e+00,1.145751e+00,1.131516e+00,1.170214e+00,1.217176e+00,1.176931e+00,1.242751e+00,1.392789e+00,1.187182e+00,1.097775e+00,1.215394e+00,1.042952e+00,1.271652e+00,1.078391e+00,1.248830e+00,1.228724e+00,1.374104e+00,1.276662e+00,1.026255e+00,1.079605e+00,1.129635e+00,1.229484e+00,1.205077e+00,1.320851e+00,1.146086e+00,1.127267e+00,1.126710e+00,1.331456e+00,1.078274e+00,1.178864e+00,1.112077e+00,1.272140e+00,1.115860e+00,1.411113e+00,1.213120e+00,1.218111e+00,1.124313e+00,1.266035e+00,1.193333e+00,1.298203e+00,1.183859e+00,1.249341e+00,1.208542e+00,1.233956e+00,1.199256e+00,1.134054e+00,1.129110e+00,1.161852e+00,1.257490e+00,1.203772e+00,1.180991e+00,1.192244e+00,1.206100e+00,1.273956e+00,1.275848e+00,1.263458e+00,1.122930e+00,1.400180e+00,1.332682e+00,1.185101e+00,1.149675e+00,1.334811e+00,1.108932e+00,1.147177e+00,1.313387e+00,1.193106e+00,1.272121e+00,1.222953e+00,1.093807e+00,1.088263e+00,1.221527e+00,1.037398e+00,1.111309e+00,1.314780e+00,1.285345e+00,1.194776e+00,1.255264e+00,1.173719e+00,1.303181e+00,1.111581e+00,1.226818e+00,1.250173e+00,1.335317e+00,1.170848e+00,1.355692e+00,1.333204e+00,1.090510e+00,1.194099e+00,1.207549e+00,1.310230e+00,1.170128e+00,1.108076e+00,1.277039e+00,1.221985e+00,1.287694e+00,1.211262e+00,1.170492e+00,1.212343e+00,1.226715e+00,1.141698e+00,1.239015e+00,1.111728e+00,1.191971e+00,1.402562e+00,1.365086e+00,1.242059e+00,1.127121e+00,1.135709e+00,1.125314e+00,1.342235e+00,1.197886e+00,1.149768e+00,1.244882e+00,1.331546e+00,1.174828e+00,1.230910e+00,1.186013e+00,1.086349e+00,1.278007e+00,1.450933e+00,1.180954e+00,1.268068e+00,1.250021e+00,1.414259e+00,1.316054e+00,1.225711e+00,1.281859e+00,1.214374e+00,1.240163e+00,1.197578e+00,1.384645e+00,1.113601e+00,1.260185e+00,1.265741e+00,1.313601e+00,1.233825e+00,1.289388e+00,1.438707e+00,1.268214e+00,1.261481e+00,1.149405e+00,1.158784e+00,1.171078e+00,1.256462e+00,1.372310e+00,1.273201e+00,1.116274e+00,1.089192e+00
1.195966e+00,1.077831e+00,1.309633e+00,1.231272e+00,1.121904e+00,1.160299e+00,1.107206e+00,1.310838e+00,1.186476e+00,1.227920e+00,1.192116e+00,1.171370e+00,1.245656e+00,1.208292e+00,1.167378e+00,1.401385e+00,1.137775e+00,1.366888e+00,1.115894e+00,1.132258e+00,1.162061e+00,1.185818e+00,1.284778e+00,1.088429e+00,1.101471e+00,1.289752e+00,1.177949e+00,1.154186e+00,1.197652e+00,1.275114e+00,1.114923e+00,1.149410e+00,1.169269e+00,1.191186e+00,1.182951e+00,1.167217e+00,1.374234e+00,1.173281e+00,1.197220e+00,1.206221e+00,1.218457e+00,1.289366e+00,1.161545e+00,1.227951e+00,1.156886e+00,1.177682e+00,1.220700e+00,1.133652e+00,1.091761e+00,1.223373e+00,1.266505e+00,1.188829e+00,1.183992e+00,1.112277e+00,1.205184e+00,1.301918e+00,1.031875e+00,1.074890e+00,1.255386e+00,1.225006e+00,1.222789e+00,9.856445e-01,1.291398e+00,1.294298e+00,1.167391e+00,1.105811e+00,1.214979e+00,1.204972e+00,1.186917e+00,1.199026e+00,1.117801e+00,1.129455e+00,1.092596e+00,1.033588e+00,1.080220e+00,1.163664e+00,1.144687e+00,1.312134e+00,1.248039e+00,1.170151e+00,1.028029e+00,1.110340e+00,1.157219e+00,1.102982e+00,1.144435e+00,1.220313e+00,1.127879e+00,1.197490e+00,1.079020e+00,1.019467e+00,1.124648e+00,1.272666e+00,1.169424e+00,1.180073e+00,1.120794e+00,1.104666e+00,1.157564e+00,1.275471e+00,1.253426e+00,1.222564e+00,1.148843e+00,1.155754e+00,1.141054e+00,1.113209e+00,1.021247e+00,1.210614e+00,1.192205e+00,1.206051e+00,1.149343e+00,1.186988e+00,1.172770e+00,1.199758e+00,1.109328e+00,1.230176e+00,1.072868e+00,1.127163e+00,1.137718e+00,1.133924e+00,1.064147e+00,1.120392e+00,1.217761e+00,1.456601e+00,1.207407e+00,1.138961e+00,1.130192e+00,1.290930e+00,1.320302e+00,1.144428e+00,1.094736e+00,1.303798e+00,1.492716e+00,9.941346e-01,1.082719e+00,1.155329e+00,1.208242e+00,1.098492e+00,1.040042e+00,1.220152e+00,1.151490e+00,1.144714e+00,1.242372e+00,1.218661e+00,1.054558e+00,1.105508e+00,1.236338e+00,1.009046e+00,1.149977e+00,1.080768e+00,1.165055e+00,1.124810e+00,1.182615e+00,1.226433e+00,1.130475e+00,1.148441e+00,1.170240e+00,1.226410e+00,1.195416e+00,1.206706e+00,1.166314e+00,1.114231e+00,1.070688e+00,1.037732e+00,1.181208e+00,1.278263e+00,1.131686e+00,1.283412e+00,1.472851e+00,1.131159e+00,1.119642e+00,1.056965e+00,1.120464e+00,1.076753e+00,1.395771e+00,1.088532e+00,1.215678e+00,1.175779e+00,1.022257e+00,1.163396e+00,1.122880e+00,1.110744e+00,1.338977e+00,1.126554e+00,1.154107e+00,1.080977e+00,1.152881e+00,1.223850e+00,1.222467e+00,1.139467e+00,1.370007e+00,1.227831e+00,1.244511e+00,1.147532e+00,1.525858e+00,1.233860e+00,1.152277e+00,1.180515e+00,1.206306e+00,1.393673e+00,1.278209e+00,1.272100e+00,1.299002e+00,1.304334e+00,1.281408e+00,1.186443e+00,1.240279e+00,1.265070e+00,1.155671e+00,1.183861e+00,1.331141e+00,1.227151e+00,1.241542e+00,1.154864e+00,1.212644e+00,1.265527e+00,1.232469e+00
1.281099e+00,1.205988e+00,1.311523e+00,1.146113e+00,1.304244e+00,1.216229e+00,1.145795e+00,1.132346e+00,1.289233e+00,1.336864e+00,1.264153e+00,1.142090e+00,1.272623e+00,1.145334e+00,1.226419e+00,1.252129e+00,1.300171e+00,1.230614e+00,1.129966e+00,1.124728e+00,1.174011e+00,1.180640e+00,1.137516e+00,1.290264e+00,1.233250e+00,1.085299e+00,1.033919e+00,1.287827e+00,1.177771e+00,1.385742e+00,1.131008e+00,1.188701e+00,1.132675e+00,1.216581e+00,1.170835e+00,1.254007e+00,1.268822e+00,1.105517e+00,1.367837e+00,1.209894e+00,1.284958e+00,1.064476e+00,1.112751e+00,1.107373e+00,1.131646e+00,1.100611e+00,1.324333e+00,1.174519e+00,1.104564e+00,1.199662e+00,1.097028e+00,1.192411e+00,1.075888e+00,1.053615e+00,1.265024e+00,1.215734e+00,1.233136e+00,1.076843e+00,1.218367e+00,1.139990e+00,1.416632e+00,1.065240e+00,1.194851e+00,1.149280e+00,1.146538e+00,1.048726e+00,1.293810e+00,1.169454e+00,1.089390e+00,1.205043e+00,1.144625e+00,1.180300e+00,1.344326e+00,1.316542e+00,1.249480e+00,1.332202e+00,1.200282e+00,1.117529e+00,1.222600e+00,1.294415e+00,1.276151e+00,1.090992e+00,1.051352e+00,1.063668e+00,1.205835e+00,1.194313e+00,1.034917e+00,1.278142e+00,1.133117e+00,1.053940e+00,1.121409e+00,1.167355e+00,1.195231e+00,1.147500e+00,1.163443e+00,1.047035e+00,1.007695e+00,1.134731e+00,9.865289e-01,1.095595e+00,1.225508e+00,1.178382e+00,1.123633e+00,1.138640e+00,1.271624e+00,1.118497e+00,1.352263e+00,1.121818e+00,1.073360e+00,1.051522e+00,1.076345e+00,1.300667e+00,1.030235e+00,1.225349e+00,1.124805e+00,1.088576e+00,1.284610e+00,1.095205e+00,1.193590e+00,1.121588e+00,1.116919e+00,1.105329e+00,1.026363e+00,1.211608e+00,1.155270e+00,1.191465e+00,1.031430e+00,1.102403e+00,1.204581e+00,1.256506e+00,1.054679e+00,1.249611e+00,1.056315e+00,1.123459e+00,1.156717e+00,1.225118e+00,1.228795e+00,1.141868e+00,1.090240e+00,1.057499e+00,9.906263e-01,1.185743e+00,1.153799e+00,1.113421e+00,1.121941e+00,1.074338e+00,1.285682e+00,1.088035e+00,1.143894e+00,1.068367e+00,1.078349e+00,1.293893e+00,1.115428e+00,1.250383e+00,1.107336e+00,1.182588e+00,1.068609e+00,1.084267e+00,1.211653e+00,1.079866e+00,1.131066e+00,1.191880e+00,1.087219e+00,1.032520e+00,1.083520e+00,1.232018e+00,1.069612e+00,1.090648e+00,1.095931e+00,1.149411e+00,1.088439e+00,1.195642e+00,1.091900e+00,1.067437e+00,1.156556e+00,1.078407e+00,1.037861e+00,1.143372e+00,1.136944e+00,1.001124e+00,1.152411e+00,1.050902e+00,1.084537e+00,1.153335e+00,1.144895e+00,1.170478e+00,1.070568e+00,1.247448e+00,1.041154e+00,1.045312e+00,1.097526e+00,1.003852e+00,1.002987e+00,1.126361e+00,1.124388e+00,1.060385e+00,1.103277e+00,1.057043e+00,1.150311e+00,1.118635e+00,1.010508e+00,1.137253e+00,1.127047e+00,1.158309e+00,1.014955e+00,1.107258e+00,1.036166e+00,1.011539e+00,1.209714e+00,1.064984e+00,1.075338e+00,1.030273e+00,1.051520e+00,1.159759e+00,1.209465e+00
1.192321e+00,1.178647e+00,1.110352e+00,1.174803e+00,1.115222e+00,1.040724e+00,1.075065e+00,1.125158e+00,1.033356e+00,1.134539e+00,1.112233e+00,1.074011e+00,1.072255e+00,1.272848e+00,1.085632e+00,1.148973e+00,1.102837e+00,1.175881e+00,1.166260e+00,1.224354e+00,1.043008e+00,1.130495e+00,1.085663e+00,1.153112e+00,1.141465e+00,1.134738e+00,1.031043e+00,1.158459e+00,1.182426e+00,1.048997e+00,1.104167e+00,1.175268e+00,1.185634e+00,1.019825e+00,1.087608e+00,1.177179e+00,1.010633e+00,1.105326e+00,1.206695e+00,1.128496e+00,1.074259e+00,1.166718e+00,1.085961e+00,1.088182e+00,9.853621e-01,1.077471e+00,1.015597e+00,1.067615e+00,1.099018e+00,1.085359e+00,1.084441e+00,1.142688e+00,1.043522e+00,1.063981e+00,1.089688e+00,1.121655e+00,1.201757e+00,1.235774e+00,1.108307e+00,1.072388e+00,1.087665e+00,1.197957e+00,1.106346e+00,1.117935e+00,1.064766e+00,1.109671e+00,1.181403e+00,1.065384e+00,1.057343e+00,1.184944e+00,1.116833e+00,1.124803e+00,1.123794e+00,1.050109e+00,1.085992e+00,1.053960e+00,1.050595e+00,1.224424e+00,1.113044e+00,1.215881e+00,1.265926e+00,1.272630e+00,1.081866e+00,1.069792e+00,1.076879e+00,1.246178e+00,1.114961e+00,1.152034e+00,1.110754e+00,1.120782e+00,9.740391e-01,1.175572e+00,1.060572e+00,1.349213e+00,1.041849e+00,1.176087e+00,1.119935e+00,1.081273e+00,1.168193e+00,1.143423e+00,1.140545e+00,1.259031e+00,1.262152e+00,1.142936e+00,1.351749e+00,1.097860e+00,1.011303e+00,1.156826e+00,1.044420e+00,1.167689e+00,1.170017e+00,1.148766e+00,1.111338e+00,1.404834e+00,1.044950e+00,1.096513e+00,1.154424e+00,1.085176e+00,1.060742e+00,1.076656e+00,1.144312e+00,1.074019e+00,1.082267e+00,1.138101e+00,1.283630e+00,1.109037e+00,1.070095e+00,1.049779e+00,1.051513e+00,1.198062e+00,1.031083e+00,1.096447e+00,1.098513e+00,1.029593e+00,1.051823e+00,1.193132e+00,1.022011e+00,1.042956e+00,1.121699e+00,1.035414e+00,1.101392e+00,1.111039e+00,1.107153e+00,1.134226e+00,1.093484e+00,1.048013e+00,1.090383e+00,1.176061e+00,1.074686e+00,1.239428e+00,1.126249e+00,1.027540e+00,1.146347e+00,1.063134e+00,1.183387e+00,1.121920e+00,1.164711e+00,1.203140e+00,1.102596e+00,1.154226e+00,1.276645e+00,1.224044e+00,1.288036e+00,1.285897e+00,1.171407e+00,1.144490e+00,1.120237e+00,1.083334e+00,1.080942e+00,1.186746e+00,1.251173e+00,1.014923e+00,1.447477e+00,1.192163e+00,1.082575e+00,1.111386e+00,1.007862e+00,1.144968e+00,1.088576e+00,1.194033e+00,1.163562e+00,1.103588e+00,1.204599e+00,1.084061e+00,1.184981e+00,1.028382e+00,1.106477e+00,1.025490e+00,1.104713e+00,1.085857e+00,1.206860e+00,1.072840e+00,1.065004e+00,1.232634e+00,1.101855e+00,1.179131e+00,1.078130e+00,1.094304e+00,1.129507e+00,1.048522e+00,1.051452e+00,1.083671e+00,1.058111e+00,1.098869e+00,1.052957e+00,1.089317e+00,1.034108e+00,1.180241e+00,1.056764e+00,1.061704e+00,1.130898e+00,1.048589e+00,1.132413e+00,1.141825e+00,1.058693e+00
1.182313e+00,1.207447e+00,1.152549e+00,1.183591e+00,1.136688e+00,1.085042e+00,1.068795e+00,1.147465e+00,1.114914e+00,1.038370e+00,1.136473e+00,1.073906e+00,1.117595e+00,1.088126e+00,1.059378e+00,1.192748e+00,1.069495e+00,1.054910e+00,1.282429e+00,1.127718e+00,1.044433e+00,1.126701e+00,1.116556e+00,9.706725e-01,1.064218e+00,1.118743e+00,1.070735e+00,1.067601e+00,1.205205e+00,1.165254e+00,1.048468e+00,1.115858e+00,1.069615e+00,1.208343e+00,1.131042e+00,1.237752e+00,1.137452e+00,1.136860e+00,1.218428e+00,1.083214e+00,1.098410e+00,1.187365e+00,1.090310e+00,1.082845e+00,1.047596e+00,1.097406e+00,1.143609e+00,1.122869e+00,1.097836e+00,1.084685e+00,1.081565e+00,1.096883e+00,1.043423e+00,1.092732e+00,1.212525e+00,1.152690e+00,1.135830e+00,1.025986e+00,1.262965e+00,1.051787e+00,1.170688e+00,1.184151e+00,9.992780e-01,1.237955e+00,1.176170e+00,1.081477e+00,1.178218e+00,1.156618e+00,1.012944e+00,1.105721e+00,1.009138e+00,1.065978e+00,1.027208e+00,1.185411e+00,1.077666e+00,1.255794e+00,1.136208e+00,1.067681e+00,1.119160e+00,1.116893e+00,1.066158e+00,1.129915e+00,1.023499e+00,1.026628e+00,1.266193e+00,1.238877e+00,1.166892e+00,1.485349e+00,1.056021e+00,1.111762e+00,1.029597e+00,1.066931e+00,1.463414e+00,1.073643e+00,1.015703e+00,1.190381e+00,1.005601e+00,1.037783e+00,1.031435e+00,1.202533e+00,9.591768e-01,1.005313e+00,1.063054e+00,1.103597e+00,9.829448e-01,1.146427e+00,1.204141e+00,1.168616e+00,1.308622e+00,1.097105e+00,1.112577e+00,1.038932e+00,1.144479e+00,1.176092e+00,1.197196e+00,1.204735e+00,1.115907e+00,1.152790e+00,1.243573e+00,1.147319e+00,1.081721e+00,1.119123e+00,1.152575e+00,1.110871e+00,1.092591e+00,1.086369e+00,1.154097e+00,1.385035e+00,1.310908e+00,1.131810e+00,1.016301e+00,1.118983e+00,1.400122e+00,1.068457e+00,1.169800e+00,1.046037e+00,1.080085e+00,1.153845e+00,1.219202e+00,1.059914e+00,1.171210e+00,1.105927e+00,1.139583e+00,1.121707e+00,1.203273e+00,1.152839e+00,1.160131e+00,1.217701e+00,1.098936e+00,1.299944e+00,1.167902e+00,1.200860e+00,1.187344e+00,1.114846e+00,1.198993e+00,1.247424e+00,1.185460e+00,1.118060e+00,1.092890e+00,1.162023e+00,1.063952e+00,1.117056e+00,1.210952e+00,1.154834e+00,1.199894e+00,1.190675e+00,1.097706e+00,1.294518e+00,1.156545e+00,1.066665e+00,1.120765e+00,1.254771e+00,1.169603e+00,1.283783e+00,1.111881e+00,1.185335e+00,1.102318e+00,1.107110e+00,1.227168e+00,1.037543e+00,1.200308e+00,1.132660e+00,1.297882e+00,1.149461e+00,1.069468e+00,1.133150e+00,1.175066e+00,1.020078e+00,1.087221e+00,1.007749e+00,1.155146e+00,1.212812e+00,1.056022e+00,1.384952e+00,1.220102e+00,1.291680e+00,1.165679e+00,1.158608e+00,1.116915e+00,1.162752e+00,1.142480e+00,1.322516e+00,1.319105e+00,1.120306e+00,1.114288e+00,1.181510e+00,1.202342e+00,1.172908e+00,1.097730e+00,1.249491e+00,1.205150e+00,1.076052e+00,1.160843e+00,1.096195e+00,1.050902e+00
1.220650e+00,1.144783e+00,1.114646e+00,1.194719e+00,1.087170e+00,1.136092e+00,1.188274e+00,1.072679e+00,1.149430e+00,1.080259e+00,1.110848e+00,1.228014e+00,1.147178e+00,1.053529e+00,1.169245e+00,1.152576e+00,1.173208e+00,1.202820e+00,1.086460e+00,1.179916e+00,1.018825e+00,1.093544e+00,1.256013e+00,1.248280e+00,1.176922e+00,1.223952e+00,1.233996e+00,1.114782e+00,1.139848e+00,1.098912e+00,1.143381e+00,1.170166e+00,1.133893e+00,1.028339e+00,1.179454e+00,1.173146e+00,1.161624e+00,1.154852e+00,1.148415e+00,1.030450e+00,1.057926e+00,1.101409e+00,1.185507e+00,1.210968e+00,1.108898e+00,1.197616e+00,1.049771e+00,1.227866e+00,1.150095e+00,1.157058e+00,1.120965e+00,1.068643e+00,1.172899e+00,1.023703e+00,1.041490e+00,1.147263e+00,1.147870e+00,1.187574e+00,1.162459e+00,1.197493e+00,1.278823e+00,1.069975e+00,1.136238e+00,1.150075e+00,1.064680e+00,1.160358e+00,1.198777e+00,1.155896e+00,1.166458e+00,1.009530e+00,1.233534e+00,1.095908e+00,1.195934e+00,1.146229e+00,1.123269e+00,1.201122e+00,1.159588e+00,1.219025e+00,1.226838e+00,1.345302e+00,1.192993e+00,1.190558e+00,1.263640e+00,1.111507e+00,1.100204e+00,1.215284e+00,1.028806e+00,1.198936e+00,1.178146e+00,1.163421e+00,1.149478e+00,1.139534e+00,1.241862e+00,1.236056e+00,1.192968e+00,1.247172e+00,1.169239e+00,1.257410e+00,1.185410e+00,1.136714e+00,1.100948e+00,1.254827e+00,1.156155e+00,1.135947e+00,1.147406e+00,1.007526e+00,1.165995e+00,1.098792e+00,1.119458e+00,1.208594e+00,1.127655e+00,1.238456e+00,1.131011e+00,1.093813e+00,1.165777e+00,1.048170e+00,1.103312e+00,1.171938e+00,1.153265e+00,1.166397e+00,1.119556e+00,1.109227e+00,1.129287e+00,1.119312e+00,1.198766e+00,1.196641e+00,1.159249e+00,9.749418e-01,1.233680e+00,1.078478e+00,1.127973e+00,1.044883e+00,1.365248e+00,1.094614e+00,1.137485e+00,1.216169e+00,1.318395e+00,1.237172e+00,1.091058e+00,1.137977e+00,1.095504e+00,1.263561e+00,1.052947e+00,1.166652e+00,1.084957e+00,1.359698e+00,1.297434e+00,1.060024e+00,1.187305e+00,1.307243e+00,1.277413e+00,1.097860e+00,1.059220e+00,1.251036e+00,1.220522e+00,1.155534e+00,1.135971e+00,1.094207e+00,1.184830e+00,1.145311e+00,1.034803e+00,1.203845e+00,1.128619e+00,1.204802e+00,1.221445e+00,1.257665e+00,1.092257e+00,1.135193e+00,1.077653e+00,1.027682e+00,1.135759e+00,1.197715e+00,1.532896e+00,1.097481e+00,1.168205e+00,1.115839e+00,1.207446e+00,1.196584e+00,1.131699e+00,1.209319e+00,1.124493e+00,1.151877e+00,1.218651e+00,1.077710e+00,1.125879e+00,9.858490e-01,1.273837e+00,1.115772e+00,1.235262e+00,1.294808e+00,1.231472e+00,1.052581e+00,1.066328e+00,1.098055e+00,1.102400e+00,1.076220e+00,1.111121e+00,1.140366e+00,1.153953e+00,1.123522e+00,1.165018e+00,1.069776e+00,1.141333e+00,1.129482e+00,1.273886e+00,1.130340e+00,1.123773e+00,1.189795e+00,1.170111e+00,1.134155e+00,1.212764e+00,1.081932e+00,1.270710e+00,1.207305e+00,1.069854e+00
1.158299e+00,1.123758e+00,1.226697e+00,1.147929e+00,1.037314e+00,1.060930e+00,1.096371e+00,1.169180e+00,1.188161e+00,1.215620e+00,1.180016e+00,1.213344e+00,1.155441e+00,1.102473e+00,1.063409e+00,1.135797e+00,1.162912e+00,1.256810e+00,1.218132e+00,1.117262e+00,1.143698e+00,1.191188e+00,1.180766e+00,1.443456e+00,1.321981e+00,1.097237e+00,1.287783e+00,1.101800e+00,1.282744e+00,1.062721e+00,1.046353e+00,1.131943e+00,1.066816e+00,1.111729e+00,1.148497e+00,1.133461e+00,1.250594e+00,1.220691e+00,1.156901e+00,1.166197e+00,1.151025e+00,1.069112e+00,1.161208e+00,1.121580e+00,1.036111e+00,1.158792e+00,1.073107e+00,1.147642e+00,1.221722e+00,1.268091e+00,1.249247e+00,1.102290e+00,1.255422e+00,1.177265e+00,9.635213e-01,1.366437e+00,1.188069e+00,1.057316e+00,1.136251e+00,1.328423e+00,1.185605e+00,1.151192e+00,1.207689e+00,1.293383e+00,1.119565e+00,1.185383e+00,1.067823e+00,1.239892e+00,1.085961e+00,1.042575e+00,1.159837e+00,1.115164e+00,1.112662e+00,1.119058e+00,1.177383e+00,1.027093e+00,1.150859e+00,1.104014e+00,1.021218e+00,1.101610e+00,1.084897e+00,1.128777e+00,1.173130e+00,1.103761e+00,1.044319e+00,1.260805e+00,1.131761e+00,1.151249e+00,1.385341e+00,1.025903e+00,1.145193e+00,1.129244e+00,1.182524e+00,1.061315e+00,1.210910e+00,1.183668e+00,1.113681e+00,1.080226e+00,1.132035e+00,9.918832e-01,9.984844e-01,1.127001e+00,1.009204e+00,1.095155e+00,1.182914e+00,1.203581e+00,1.175729e+00,1.137264e+00,1.171353e+00,1.220592e+00,1.150809e+00,1.090607e+00,1.078988e+00,1.094134e+00,9.971396e-01,1.170471e+00,1.034712e+00,1.076773e+00,1.185350e+00,1.047483e+00,1.181139e+00,1.116944e+00,1.137764e+00,1.171171e+00,1.130927e+00,1.060751e+00,1.140909e+00,1.187095e+00,1.121629e+00,1.168856e+00,1.215901e+00,1.169091e+00,1.257935e+00,1.260321e+00,1.045217e+00,1.108637e+00,1.167489e+00,1.077432e+00,1.161377e+00,1.031356e+00,1.034144e+00,1.050129e+00,1.116478e+00,1.021736e+00,1.208925e+00,1.152841e+00,1.112906e+00,1.124633e+00,1.130999e+00,9.937404e-01,1.094338e+00,1.246256e+00,1.192636e+00,1.133305e+00,1.026630e+00,1.256908e+00,1.062434e+00,1.195328e+00,1.137456e+00,1.385815e+00,1.133882e+00,1.217518e+00,1.168236e+00,1.160007e+00,1.152164e+00,1.108648e+00,1.116993e+00,1.251688e+00,1.100876e+00,1.059071e+00,1.125032e+00,1.137862e+00,1.065788e+00,1.082709e+00,1.138759e+00,1.092194e+00,1.289366e+00,1.091676e+00,1.140628e+00,1.108557e+00,1.164014e+00,1.093362e+00,1.077723e+00,1.001606e+00,1.107557e+00,1.187604e+00,1.048310e+00,1.184622e+00,1.172468e+00,1.259164e+00,1.131448e+00,1.169961e+00,1.199203e+00,1.090693e+00,1.160327e+00,1.095254e+00,1.097340e+00,1.242205e+00,1.194859e+00,1.203353e+00,1.068406e+00,1.064375e+00,1.162894e+00,1.135840e+00,1.034658e+00,1.040634e+00,1.112639e+00,1.046292e+00,1.117145e+00,1.074182e+00,1.224434e+00,1.083680e+00,1.049972e+00,1.274124e+00,1.139927e+00
1.031912e+00,1.068692e+00,1.036572e+00,1.159936e+00,1.009555e+00,1.072858e+00,1.060559e+00,1.059873e+00,1.093618e+00,1.241967e+00,1.054482e+00,9.349957e-01,1.143842e+00,9.485339e-01,1.064436e+00,1.114032e+00,9.988118e-01,1.032740e+00,1.052391e+00,1.002542e+00,1.088796e+00,1.051027e+00,9.797928e-01,1.004542e+00,1.099547e+00,1.086700e+00,1.180438e+00,1.005176e+00,1.074644e+00,1.054385e+00,1.217778e+00,1.206412e+00,9.656245e-01,9.744797e-01,1.158997e+00,1.113790e+00,1.048834e+00,1.037400e+00,1.113828e+00,1.081576e+00,1.020228e+00,1.071688e+00,1.054171e+00,9.975591e-01,1.137238e+00,1.032888e+00,1.091106e+00,1.126479e+00,1.097631e+00,1.039088e+00,1.019536e+00,1.100053e+00,1.108789e+00,1.146567e+00,1.146835e+00,1.009554e+00,1.175658e+00,1.076338e+00,1.075455e+00,1.025624e+00,1.130220e+00,1.142836e+00,1.180362e+00,1.168616e+00,1.104181e+00,9.800880e-01,1.061878e+00,1.146908e+00,1.022962e+00,9.645964e-01,1.012277e+00,1.085642e+00,1.045214e+00,1.104204e+00,9.918950e-01,1.043601e+00,1.051409e+00,1.191589e+00,1.033695e+00,1.022518e+00,1.164483e+00,1.031524e+00,1.227140e+00,1.162454e+00,1.096332e+00,9.919102e-01,1.066745e+00,1.167150e+00,1.125211e+00,1.315763e+00,1.076348e+00,1.112054e+00,1.275442e+00,1.089734e+00,1.074066e+00,1.032356e+00,1.000586e+00,1.242253e+00,1.035282e+00,1.071189e+00,1.044692e+00,1.004325e+00,1.047872e+00,1.001165e+00,1.168548e+00,1.078128e+00,1.049256e+00,1.248963e+00,1.177259e+00,1.047368e+00,1.066285e+00,1.082855e+00,1.336660e+00,1.065260e+00,1.188625e+00,1.027306e+00,1.213811e+00,1.142096e+00,1.106368e+00,1.157335e+00,1.109653e+00,1.008910e+00,9.890342e-01,1.095711e+00,1.115311e+00,1.208263e+00,1.076063e+00,1.031515e+00,1.016439e+00,1.147967e+00,1.140953e+00,1.132736e+00,1.071283e+00,1.197965e+00,1.105316e+00,1.074350e+00,1.110628e+00,1.274248e+00,1.099465e+00,1.107975e+00,1.123184e+00,9.919696e-01,1.035350e+00,1.097993e+00,1.272110e+00,1.292284e+00,1.004792e+00,1.081915e+00,1.143429e+00,1.064249e+00,1.035189e+00,1.147316e+00,1.107582e+00,1.146772e+00,1.079522e+00,1.070623e+00,1.140929e+00,1.132642e+00,1.025230e+00,1.076993e+00,1.017473e+00,1.054596e+00,1.116215e+00,1.026840e+00,1.058039e+00,1.082657e+00,1.036287e+00,1.012489e+00,1.172394e+00,1.124135e+00,1.069692e+00,1.132621e+00,1.003126e+00,1.000213e+00,1.101302e+00,1.112740e+00,1.039982e+00,1.266784e+00,1.112366e+00,1.229587e+00,1.016432e+00,1.037773e+00,1.144800e+00,1.071144e+00,1.070843e+00,1.104320e+00,1.200104e+00,1.107418e+00,9.977622e-01,1.058353e+00,1.058352e+00,1.052505e+00,1.281924e+00,1.056212e+00,1.228783e+00,1.039583e+00,1.032067e+00,1.079647e+00,1.138871e+00,1.040654e+00,1.191557e+00,1.054266e+00,1.122029e+00,1.131821e+00,1.060966e+00,1.038381e+00,1.361162e+00,1.050713e+00,1.116482e+00,1.035460e+00,1.093391e+00,1.075276e+00,1.226475e+00,1.053713e+00,1.154025e+00
1.123786e+00,1.111488e+00,1.045327e+00,1.048537e+00,1.138095e+00,1.150619e+00,1.043987e+00,1.099211e+00,1.091366e+00,1.013222e+00,1.103510e+00,1.046041e+00,9.418702e-01,9.877732e-01,1.024669e+00,1.031070e+00,1.125770e+00,1.062369e+00,1.095050e+00,1.112489e+00,9.744987e-01,1.005688e+00,1.053804e+00,1.088337e+00,1.183884e+00,1.044401e+00,1.097102e+00,1.043954e+00,1.286112e+00,1.092068e+00,1.038233e+00,1.030505e+00,1.087217e+00,9.048257e-01,1.060736e+00,1.074678e+00,1.220238e+00,1.022598e+00,1.110314e+00,1.064505e+00,1.086404e+00,1.146130e+00,1.042406e+00,1.027690e+00,1.240987e+00,1.128765e+00,1.063399e+00,1.141650e+00,1.054656e+00,1.049473e+00,1.028628e+00,1.070459e+00,1.072373e+00,1.079771e+00,1.053874e+00,1.125840e+00,1.086652e+00,1.159010e+00,1.106115e+00,9.884714e-01,1.083888e+00,1.103809e+00,1.184816e+00,1.058006e+00,1.025699e+00,1.082671e+00,9.734400e-01,1.030179e+00,1.096029e+00,1.039359e+00,9.558441e-01,1.030823e+00,1.138383e+00,1.047259e+00,1.041858e+00,1.010829e+00,1.049587e+00,9.811828e-01,1.075798e+00,1.147138e+00,1.090250e+00,1.118085e+00,1.035038e+00,9.920538e-01,1.262050e+00,9.847215e-01,1.188849e+00,1.036729e+00,1.251381e+00,1.139923e+00,1.050389e+00,1.138634e+00,1.045335e+00,1.030459e+00,1.109258e+00,1.181967e+00,1.141424e+00,1.060126e+00,1.048824e+00,1.052081e+00,1.117264e+00,1.074318e+00,1.060829e+00,9.870635e-01,9.730365e-01,9.637453e-01,1.113691e+00,1.064899e+00,1.514874e+00,1.033718e+00,1.026024e+00,1.080447e+00,9.917048e-01,1.096972e+00,1.093398e+00,1.149760e+00,1.018023e+00,1.109878e+00,1.082805e+00,1.049958e+00,1.076600e+00,1.141537e+00,1.143695e+00,1.149155e+00,1.021804e+00,1.113744e+00,1.141542e+00,1.174884e+00,1.221248e+00,1.187390e+00,1.141012e+00,1.080530e+00,1.197625e+00,1.066933e+00,1.148710e+00,1.180364e+00,1.149798e+00,1.097835e+00,1.124106e+00,9.232562e-01,1.124265e+00,1.013613e+00,1.119750e+00,1.066340e+00,1.078134e+00,1.107051e+00,1.085839e+00,1.131046e+00,1.154192e+00,1.097165e+00,1.002455e+00,9.684252e-01,1.071853e+00,1.021822e+00,1.112967e+00,1.151841e+00,1.034020e+00,1.062456e+00,1.072586e+00,1.084698e+00,1.118851e+00,1.226010e+00,1.038567e+00,9.933649e-01,1.088144e+00,1.064182e+00,1.121134e+00,9.842936e-01,9.410703e-01,1.102350e+00,1.016424e+00,1.013191e+00,1.190909e+00,1.016880e+00,9.960794e-01,9.610630e-01,1.050014e+00,1.048458e+00,1.123296e+00,9.804152e-01,1.091629e+00,1.051087e+00,9.872756e-01,1.049409e+00,1.058348e+00,1.087654e+00,1.036367e+00,1.001663e+00,1.019255e+00,1.118382e+00,1.025660e+00,1.068611e+00,1.022031e+00,1.141458e+00,1.099076e+00,1.022032e+00,1.091977e+00,1.064931e+00,1.082983e+00,9.715730e-01,1.100154e+00,1.060811e+00,1.088244e+00,1.119288e+00,9.878695e-01,1.115679e+00,1.086183e+00,1.052606e+00,1.039827e+00,9.995810e-01,9.649294e-01,9.645235e-01,1.013552e+00,1.049793e+00,1.056297e+00
1.092727e+00,1.066162e+00,1.040701e+00,1.061797e+00,1.317781e+00,1.063596e+00,1.096009e+00,1.136864e+00,9.939002e-01,1.090377e+00,1.161173e+00,1.081537e+00,1.068850e+00,1.111706e+00,1.054569e+00,9.800615e-01,1.077804e+00,1.027646e+00,1.089043e+00,1.146096e+00,9.983476e-01,1.065998e+00,1.013434e+00,1.114407e+00,1.051969e+00,1.061508e+00,1.062844e+00,1.203302e+00,1.132748e+00,1.191315e+00,1.030989e+00,1.079764e+00,1.079083e+00,1.016447e+00,1.002458e+00,9.849787e-01,9.623285e-01,1.260307e+00,1.110194e+00,1.243155e+00,1.049832e+00,1.050288e+00,9.425890e-01,1.135178e+00,1.135594e+00,1.102637e+00,1.047941e+00,1.025302e+00,1.133354e+00,1.083427e+00,1.093977e+00,9.639614e-01,1.132045e+00,1.009932e+00,1.025094e+00,1.031478e+00,1.042517e+00,1.071196e+00,1.085824e+00,1.017320e+00,1.232287e+00,1.080744e+00,1.001020e+00,1.025044e+00,1.146015e+00,1.016118e+00,1.093487e+00,9.722585e-01,1.075024e+00,1.056530e+00,9.948416e-01,1.015360e+00,1.012106e+00,1.110886e+00,1.118615e+00,1.037716e+00,1.074851e+00,1.018642e+00,1.112977e+00,9.876071e-01,1.156412e+00,1.158425e+00,1.114264e+00,9.757437e-01,1.049888e+00,1.184755e+00,1.038279e+00,1.065902e+00,1.071028e+00,1.115801e+00,1.086015e+00,1.095680e+00,1.098734e+00,1.391175e+00,9.959365e-01,1.049205e+00,1.239305e+00,1.294294e+00,1.356055e+00,1.073782e+00,1.136102e+00,1.012590e+00,1.040213e+00,1.027023e+00,1.022120e+00,1.016303e+00,1.044450e+00,1.128872e+00,1.063607e+00,9.864580e-01,1.069532e+00,1.008936e+00,1.031624e+00,9.481105e-01,1.084917e+00,1.023933e+00,1.020288e+00,1.065390e+00,1.136854e+00,1.121532e+00,1.059103e+00,1.321661e+00,1.226014e+00,1.084129e+00,1.101975e+00,1.076947e+00,1.055513e+00,1.042146e+00,1.039616e+00,1.044604e+00,1.037146e+00,1.111756e+00,9.945407e-01,9.575497e-01,1.155263e+00,1.109715e+00,1.490004e+00,1.132515e+00,1.157820e+00,1.238706e+00,1.125817e+00,1.094477e+00,1.049811e+00,1.165649e+00,9.942386e-01,1.134592e+00,1.054704e+00,1.008811e+00,9.886373e-01,1.042141e+00,1.154065e+00,1.068194e+00,1.203374e+00,1.032820e+00,1.071521e+00,1.012327e+00,1.117349e+00,1.157374e+00,1.230928e+00,1.069133e+00,1.024825e+00,1.051787e+00,1.030528e+00,9.761506e-01,9.690011e-01,1.029718e+00,1.026096e+00,9.864704e-01,1.106889e+00,1.018220e+00,1.049786e+00,9.587765e-01,9.926051e-01,1.053108e+00,1.182447e+00,1.104093e+00,1.070085e+00,1.165928e+00,1.082858e+00,1.179976e+00,1.100211e+00,1.056386e+00,1.056297e+00,1.102573e+00,1.024281e+00,1.021901e+00,9.229149e-01,1.167308e+00,1.006295e+00,1.159055e+00,1.098534e+00,1.050174e+00,1.166457e+00,1.183635e+00,1.080718e+00,9.733627e-01,1.125661e+00,1.056160e+00,1.052665e+00,9.988957e-01,1.134218e+00,1.108260e+00,1.064958e+00,1.064510e+00,9.542784e-01,1.088055e+00,1.046809e+00,1.132198e+00,9.568720e-01,1.106671e+00,1.198349e+00,1.008516e+00,1.106615e+00,1.057992e+00,1.185972e+00
1.108430e+00,1.058732e+00,1.073331e+00,1.022794e+00,9.988133e-01,1.100593e+00,9.562603e-01,1.048383e+00,1.075228e+00,1.169177e+00,1.034850e+00,1.152557e+00,1.269745e+00,1.005020e+00,1.168235e+00,1.102114e+00,1.125456e+00,1.080049e+00,1.164390e+00,1.083329e+00,9.400032e-01,1.096346e+00,1.054936e+00,1.080159e+00,1.107290e+00,9.770712e-01,1.040472e+00,1.046611e+00,1.122263e+00,1.125580e+00,1.058353e+00,1.249825e+00,1.169662e+00,1.023098e+00,1.144605e+00,1.039745e+00,1.117196e+00,1.073031e+00,1.231356e+00,1.076487e+00,1.084360e+00,1.064744e+00,1.172881e+00,1.169531e+00,1.108282e+00,1.112802e+00,1.052685e+00,1.073814e+00,1.206795e+00,1.024069e+00,1.189614e+00,1.087477e+00,1.095108e+00,1.093924e+00,1.200526e+00,1.007797e+00,1.129889e+00,1.030975e+00,1.036829e+00,1.224568e+00,1.104683e+00,1.165856e+00,9.752339e-01,1.077848e+00,1.114278e+00,1.141733e+00,1.081932e+00,1.093990e+00,1.087316e+00,1.148958e+00,9.816541e-01,1.083089e+00,1.195661e+00,1.186203e+00,1.052377e+00,1.072423e+00,1.101280e+00,1.095143e+00,1.060001e+00,1.032053e+00,1.040646e+00,9.351923e-01,1.009963e+00,1.087321e+00,1.093436e+00,9.255514e-01,1.110451e+00,1.153321e+00,1.019361e+00,1.029003e+00,1.123649e+00,1.175720e+00,9.972652e-01,1.135585e+00,1.026100e+00,1.062363e+00,1.167337e+00,1.146859e+00,1.082461e+00,1.027553e+00,1.173442e+00,1.140981e+00,1.116866e+00,1.245418e+00,1.501515e+00,1.066759e+00,9.232838e-01,9.608135e-01,1.157647e+00,1.115791e+00,1.036417e+00,1.045334e+00,1.702517e+00,1.074402e+00,1.116154e+00,1.048302e+00,1.118437e+00,1.095223e+00,1.074962e+00,1.115379e+00,1.050972e+00,1.224857e+00,1.095417e+00,9.796760e-01,1.039611e+00,1.040471e+00,9.837485e-01,1.095480e+00,9.760619e-01,1.056894e+00,1.089373e+00,1.088914e+00,1.210800e+00,9.891178e-01,9.452115e-01,1.019550e+00,1.169097e+00,1.056486e+00,1.085250e+00,1.053176e+00,1.090217e+00,9.549482e-01,1.006138e+00,1.072935e+00,1.071808e+00,1.040607e+00,1.030524e+00,1.009455e+00,1.080359e+00,1.164252e+00,1.029170e+00,1.062331e+00,1.010508e+00,1.137319e+00,1.055765e+00,9.908362e-01,9.597623e-01,1.082097e+00,1.008152e+00,9.652325e-01,1.022347e+00,1.036189e+00,1.029339e+00,1.113126e+00,1.131346e+00,1.100814e+00,1.074073e+00,1.050764e+00,1.045105e+00,1.039007e+00,1.078552e+00,9.935324e-01,1.028352e+00,1.036459e+00,1.065255e+00,1.082151e+00,9.386115e-01,1.083716e+00,9.904857e-01,1.107661e+00,1.056523e+00,9.949613e-01,1.021298e+00,1.153784e+00,1.004713e+00,1.315703e+00,1.131958e+00,1.061699e+00,1.149388e+00,1.119584e+00,9.840597e-01,1.198432e+00,9.910464e-01,1.062832e+00,1.009930e+00,1.099973e+00,9.756325e-01,1.354182e+00,1.069484e+00,1.057768e+00,1.166104e+00,1.063802e+00,9.309827e-01,1.034536e+00,1.036394e+00,1.080888e+00,9.948166e-01,1.203991e+00,1.077847e+00,1.016931e+00,1.319259e+00,1.021858e+00,1.201864e+00,1.123876e+00,1.135041e+00
1.055694e+00,1.379702e+00,1.165142e+00,1.114700e+00,1.097346e+00,1.061929e+00,1.150485e+00,9.973530e-01,1.152263e+00,1.013580e+00,1.062729e+00,1.044589e+00,1.117999e+00,1.039760e+00,1.032585e+00,1.125460e+00,1.032419e+00,9.287692e-01,1.030848e+00,1.071277e+00,1.123580e+00,1.087922e+00,1.028213e+00,1.250330e+00,9.592735e-01,1.079320e+00,1.177444e+00,1.145786e+00,1.084989e+00,1.154089e+00,1.175648e+00,1.149022e+00,1.248945e+00,1.152065e+00,1.114691e+00,1.122178e+00,1.067572e+00,1.178118e+00,1.069220e+00,1.032001e+00,1.043131e+00,1.305383e+00,1.019645e+00,1.033329e+00,1.094667e+00,1.079630e+00,1.106438e+00,1.124508e+00,1.094087e+00,1.118482e+00,1.042306e+00,1.024408e+00,1.064775e+00,1.155707e+00,1.144755e+00,1.144570e+00,1.037413e+00,1.080766e+00,1.073591e+00,1.232244e+00,1.123148e+00,1.081914e+00,1.029478e+00,1.127671e+00,1.006748e+00,1.024051e+00,1.018899e+00,1.029944e+00,1.121931e+00,1.097965e+00,1.136784e+00,1.003671e+00,1.021008e+00,1.076547e+00,1.115366e+00,1.011012e+00,1.033529e+00,1.004978e+00,1.044871e+00,1.106701e+00,1.024145e+00,1.004298e+00,1.055234e+00,9.870064e-01,1.075468e+00,1.088105e+00,1.188104e+00,1.016442e+00,1.060461e+00,1.004040e+00,1.050299e+00,9.581502e-01,9.744844e-01,1.009572e+00,1.023916e+00,1.053946e+00,1.100183e+00,1.075105e+00,1.040551e+00,1.015574e+00,1.111008e+00,1.099667e+00,1.024676e+00,1.092861e+00,1.013926e+00,9.676394e-01,9.544618e-01,1.135679e+00,1.117590e+00,1.184016e+00,1.093702e+00,1.068108e+00,1.194092e+00,1.043339e+00,1.107778e+00,1.029227e+00,1.040202e+00,9.663289e-01,1.139420e+00,9.750127e-01,1.142530e+00,1.095571e+00,1.103837e+00,1.003875e+00,9.774683e-01,1.040253e+00,1.117141e+00,1.012880e+00,1.088617e+00,1.044677e+00,1.108655e+00,1.053577e+00,9.768416e-01,1.151490e+00,1.056877e+00,1.028056e+00,1.024878e+00,1.095865e+00,1.212265e+00,1.058664e+00,1.032947e+00,1.057988e+00,1.073306e+00,9.616582e-01,1.063524e+00,1.010835e+00,9.724718e-01,1.079458e+00,9.940199e-01,1.056701e+00,1.065993e+00,1.021013e+00,1.047091e+00,1.126348e+00,1.068437e+00,1.100003e+00,1.066493e+00,1.116868e+00,1.159661e+00,1.067600e+00,1.047318e+00,9.768030e-01,9.867703e-01,1.061069e+00,1.011674e+00,1.156443e+00,1.080077e+00,1.227560e+00,9.905192e-01,8.968138e-01,1.068469e+00,9.916509e-01,1.000937e+00,1.130720e+00,9.487631e-01,1.084875e+00,1.120328e+00,1.046864e+00,1.060190e+00,1.119159e+00,1.076202e+00,1.017074e+00,9.687596e-01,1.091168e+00,1.092469e+00,1.185203e+00,1.061161e+00,1.128973e+00,1.088268e+00,9.432199e-01,9.950255e-01,1.098779e+00,1.022963e+00,1.058757e+00,1.016614e+00,1.063921e+00,1.101850e+00,1.005789e+00,1.041847e+00,9.884455e-01,1.148127e+00,1.072307e+00,9.590152e-01,1.008175e+00,1.185738e+00,1.148747e+00,9.831144e-01,1.191651e+00,9.522972e-01,1.072957e+00,1.015291e+00,1.006016e+00,1.185957e+00,9.941148e-01,9.935577e-01
1.194498e+00,1.372251e+00,1.125792e+00,1.139145e+00,1.101920e+00,1.058856e+00,1.130095e+00,1.065934e+00,1.108969e+00,9.735866e-01,9.668110e-01,1.078918e+00,1.052517e+00,1.114175e+00,9.926371e-01,1.148786e+00,1.088307e+00,1.177783e+00,1.346084e+00,1.210007e+00,1.077786e+00,1.035370e+00,1.225282e+00,1.202072e+00,1.125242e+00,1.170656e+00,1.050795e+00,1.023473e+00,1.077937e+00,1.111314e+00,1.092813e+00,1.070232e+00,1.241757e+00,1.126154e+00,1.134984e+00,1.062900e+00,1.154908e+00,1.181864e+00,1.086763e+00,1.036958e+00,1.093075e+00,1.014887e+00,1.105296e+00,1.100836e+00,1.095197e+00,1.082145e+00,1.019611e+00,9.157157e-01,1.211119e+00,1.148458e+00,1.101726e+00,1.023011e+00,9.991365e-01,1.088332e+00,1.012247e+00,1.076599e+00,1.066461e+00,1.149400e+00,1.033769e+00,1.102352e+00,1.188850e+00,9.872304e-01,1.039008e+00,1.061449e+00,1.130897e+00,9.923275e-01,1.096466e+00,1.112320e+00,9.446613e-01,1.119292e+00,1.146994e+00,1.155470e+00,9.969347e-01,9.365329e-01,1.142510e+00,1.099205e+00,1.058164e+00,1.100870e+00,1.144352e+00,1.111312e+00,1.185023e+00,1.261878e+00,9.735555e-01,1.041240e+00,1.078891e+00,1.053221e+00,1.148805e+00,1.097071e+00,1.048203e+00,1.088841e+00,1.050968e+00,1.026392e+00,1.072722e+00,1.188043e+00,1.142104e+00,1.047611e+00,1.067021e+00,1.042231e+00,1.060801e+00,1.085009e+00,1.128786e+00,1.028363e+00,1.101682e+00,1.048022e+00,1.103959e+00,1.042770e+00,1.277152e+00,1.052352e+00,1.009625e+00,1.101319e+00,1.156457e+00,1.093287e+00,1.057870e+00,9.887518e-01,1.135074e+00,1.074229e+00,1.081787e+00,9.971801e-01,1.010170e+00,1.296508e+00,1.106425e+00,1.078985e+00,1.029352e+00,1.102829e+00,1.043276e+00,1.125851e+00,1.010180e+00,1.282712e+00,1.005680e+00,1.077293e+00,1.203422e+00,1.044470e+00,1.060365e+00,1.119655e+00,1.048518e+00,1.025720e+00,1.059820e+00,1.086634e+00,1.076462e+00,1.059573e+00,1.088235e+00,1.159302e+00,1.101665e+00,1.042464e+00,1.153677e+00,1.049514e+00,9.483240e-01,1.034737e+00,1.040421e+00,1.046931e+00,1.181882e+00,1.069653e+00,1.075964e+00,1.014788e+00,1.084857e+00,1.026357e+00,1.009692e+00,1.063979e+00,1.049090e+00,1.018908e+00,1.080547e+00,1.104344e+00,1.123858e+00,1.105665e+00,1.159505e+00,1.011921e+00,1.250969e+00,1.053271e+00,1.041034e+00,1.045643e+00,1.106933e+00,1.081846e+00,1.008483e+00,9.847645e-01,1.125498e+00,1.041343e+00,9.936659e-01,1.117514e+00,1.132300e+00,1.029173e+00,1.115140e+00,1.070692e+00,1.066778e+00,1.146570e+00,1.108278e+00,1.014130e+00,1.028136e+00,1.049422e+00,1.182971e+00,1.036394e+00,1.063481e+00,9.922939e-01,9.823557e-01,1.068859e+00,1.132832e+00,1.116177e+00,1.063326e+00,1.034293e+00,1.039442e+00,1.173262e+00,1.193666e+00,1.073169e+00,1.149690e+00,1.007155e+00,1.028865e+00,1.087039e+00,1.136337e+00,1.020444e+00,1.209644e+00,1.090217e+00,1.013966e+00,9.764694e-01,1.025785e+00,1.084488e+00,1.017376e+00
1.057365e+00,1.090061e+00,1.004211e+00,1.074618e+00,1.060135e+00,1.146347e+00,1.082821e+00,1.189070e+00,1.058057e+00,1.029235e+00,1.031866e+00,1.087199e+00,9.771005e-01,1.213728e+00,1.089958e+00,1.011756e+00,1.127904e+00,1.060283e+00,9.966841e-01,1.025835e+00,1.121430e+00,1.026942e+00,1.052751e+00,1.073591e+00,1.068420e+00,1.171894e+00,9.769861e-01,1.132643e+00,1.041868e+00,1.043558e+00,1.081204e+00,1.021734e+00,1.134061e+00,1.093543e+00,1.122842e+00,1.089420e+00,9.118221e-01,1.110832e+00,1.187077e+00,1.195885e+00,1.163933e+00,1.035128e+00,1.031698e+00,1.118738e+00,1.073359e+00,1.115416e+00,1.114891e+00,1.060550e+00,1.014383e+00,9.831774e-01,1.232606e+00,1.115586e+00,1.192062e+00,1.038862e+00,1.211521e+00,1.051332e+00,1.075732e+00,1.013336e+00,1.152908e+00,1.003264e+00,1.112092e+00,9.916701e-01,9.515400e-01,1.130057e+00,1.047744e+00,1.115015e+00,1.008329e+00,1.032415e+00,1.085645e+00,1.098739e+00,1.060812e+00,1.145430e+00,1.183199e+00,1.059077e+00,1.107771e+00,1.145232e+00,1.108807e+00,1.104082e+00,1.171360e+00,1.026966e+00,1.137708e+00,1.023461e+00,1.062541e+00,1.133966e+00,1.139978e+00,1.035031e+00,9.808020e-01,1.092754e+00,1.090278e+00,1.065765e+00,1.073108e+00,1.070413e+00,1.073602e+00,1.114356e+00,1.046465e+00,9.966817e-01,1.106392e+00,1.159061e+00,1.006336e+00,9.797612e-01,1.119921e+00,1.077801e+00,1.032574e+00,1.108645e+00,1.056839e+00,1.111872e+00,1.030122e+00,1.043275e+00,1.054915e+00,1.041929e+00,1.134109e+00,1.150630e+00,1.161781e+00,1.059909e+00,1.268602e+00,1.133695e+00,1.078427e+00,1.230797e+00,1.066353e+00,1.055545e+00,1.049527e+00,1.049068e+00,1.109148e+00,1.130783e+00,1.122793e+00,1.121021e+00,1.045253e+00,1.154648e+00,1.097372e+00,1.084326e+00,1.128015e+00,1.136190e+00,1.111318e+00,1.173079e+00,1.046807e+00,9.469775e-01,1.068456e+00,1.037957e+00,1.097875e+00,1.072346e+00,1.180767e+00,1.186731e+00,1.176620e+00,1.213987e+00,1.052082e+00,1.104910e+00,1.298647e+00,1.048129e+00,1.042427e+00,1.182396e+00,1.050117e+00,1.081795e+00,1.253890e+00,1.378303e+00,1.118070e+00,1.065097e+00,9.642040e-01,1.387921e+00,9.481264e-01,1.037335e+00,1.103708e+00,1.143220e+00,1.042757e+00,9.915668e-01,1.059063e+00,1.060297e+00,1.009246e+00,1.090556e+00,1.168455e+00,1.043099e+00,1.239115e+00,1.059547e+00,1.097016e+00,1.085130e+00,1.071388e+00,1.227546e+00,1.117845e+00,1.136514e+00,1.072226e+00,1.068005e+00,1.142052e+00,1.011332e+00,1.106436e+00,1.118132e+00,1.215445e+00,1.072791e+00,1.147310e+00,1.020691e+00,1.085435e+00,1.032787e+00,9.892521e-01,1.008368e+00,1.041627e+00,1.060819e+00,1.075003e+00,1.125512e+00,1.083512e+00,1.025033e+00,1.014363e+00,1.050457e+00,1.157745e+00,1.057256e+00,1.044863e+00,1.049349e+00,1.125328e+00,1.039321e+00,9.946691e-01,1.133367e+00,1.071651e+00,1.042594e+00,9.858278e-01,1.130250e+00,1.047182e+00,1.260764e+00,1.094540e+00
