4.533021e+00,4.739537e+00,4.519378e+00,4.728818e+00,4.764668e+00,4.597661e+00,4.591465e+00,4.485974e+00,4.696663e+00,4.433946e+00,4.618981e+00,4.693238e+00,4.425718e+00,5.011348e+00,4.739213e+00,4.775881e+00,4.630880e+00,4.772551e+00,4.733704e+00,4.757596e+00,4.788738e+00,4.981636e+00,4.524090e+00,4.484930e+00,4.760839e+00,4.490005e+00,4.839052e+00,4.741182e+00,4.944809e+00,4.687270e+00,4.640637e+00,4.579788e+00,4.567261e+00,4.840076e+00,4.713149e+00,4.796248e+00,4.719953e+00,4.911015e+00,4.603256e+00,4.612016e+00,4.279695e+00,4.645155e+00,4.657119e+00,4.745743e+00,4.593211e+00,4.610112e+00,4.776035e+00,4.525943e+00,4.750489e+00,4.327467e+00,4.669791e+00,4.513200e+00,4.802864e+00,4.458902e+00,4.400779e+00,4.348023e+00,4.768126e+00,4.801330e+00,4.752600e+00,4.454126e+00,4.651247e+00,4.756135e+00,4.782927e+00,4.791153e+00,4.779999e+00,4.680557e+00,4.718008e+00,4.705199e+00,4.915555e+00,4.751265e+00,4.773879e+00,4.654087e+00,4.402736e+00,4.854738e+00,4.759964e+00,4.510280e+00,4.554636e+00,4.901605e+00,4.767570e+00,4.837342e+00,4.597534e+00,4.657482e+00,4.470725e+00,4.373604e+00,4.822672e+00,4.785636e+00,4.667000e+00,4.589800e+00,4.628753e+00,4.526340e+00,4.669469e+00,4.593304e+00,4.694481e+00,4.720542e+00,4.714224e+00,4.639382e+00,4.538308e+00,4.480104e+00,4.542566e+00,4.612341e+00,4.676443e+00,4.691430e+00,4.874443e+00,4.782990e+00,4.551051e+00,4.822669e+00,4.720729e+00,4.810954e+00,4.773579e+00,4.842275e+00,4.854948e+00,4.949121e+00,4.930503e+00,4.562784e+00
4.923421e+00,5.002054e+00,4.827442e+00,4.866469e+00,4.726639e+00,4.997143e+00,4.979177e+00,4.622818e+00,4.793094e+00,4.930630e+00,5.027036e+00,5.103463e+00,4.705039e+00,4.981568e+00,4.832217e+00,5.021849e+00,4.549326e+00,5.000434e+00,4.905894e+00,4.530328e+00,4.993642e+00,4.684212e+00,4.867408e+00,4.775738e+00,4.901380e+00,4.831633e+00,4.844652e+00,4.458156e+00,4.844979e+00,4.920637e+00,4.913449e+00,4.752325e+00,5.000059e+00,4.722612e+00,5.126086e+00,4.621267e+00,4.994602e+00,4.902095e+00,5.043886e+00,5.057387e+00,4.878393e+00,4.672651e+00,4.786499e+00,4.790548e+00,4.725067e+00,4.930465e+00,5.025367e+00,4.797457e+00,4.921089e+00,5.056743e+00,4.754426e+00,5.067006e+00,4.726387e+00,4.901131e+00,4.837366e+00,4.854452e+00,5.286010e+00,4.893525e+00,5.012759e+00,5.086312e+00,5.019343e+00,5.076091e+00,5.136985e+00,4.691655e+00,4.559729e+00,5.130548e+00,4.867285e+00,4.968252e+00,4.377579e+00,4.916150e+00,4.904490e+00,4.869461e+00,4.868513e+00,4.650459e+00,5.014282e+00,4.899510e+00,4.752434e+00,4.876348e+00,5.064789e+00,4.710651e+00,4.935281e+00,5.045129e+00,4.688306e+00,4.650843e+00,5.163595e+00,4.928991e+00,4.748421e+00,5.011841e+00,4.868645e+00,4.802690e+00,4.877716e+00,5.046343e+00,4.947922e+00,4.953899e+00,4.914536e+00,4.850409e+00,4.873378e+00,4.860581e+00,4.870994e+00,4.785156e+00,4.842338e+00,4.917911e+00,5.126229e+00,4.618138e+00,4.769533e+00,4.523333e+00,4.964705e+00,4.895374e+00,4.814100e+00,4.993990e+00,4.939352e+00,4.804920e+00,4.923593e+00,4.620062e+00
5.097532e+00,4.898385e+00,4.729680e+00,5.035807e+00,5.036586e+00,4.405095e+00,4.965501e+00,4.633026e+00,5.048276e+00,4.869973e+00,4.839003e+00,4.564855e+00,4.929876e+00,4.883279e+00,4.948687e+00,4.906153e+00,4.833145e+00,4.857144e+00,5.015607e+00,5.034653e+00,4.787147e+00,4.788963e+00,4.616265e+00,4.736816e+00,4.506778e+00,4.675264e+00,4.573269e+00,4.927784e+00,4.997474e+00,4.681325e+00,4.847613e+00,4.980347e+00,4.863113e+00,4.275086e+00,4.760186e+00,4.671554e+00,4.829648e+00,4.921223e+00,4.772806e+00,4.667061e+00,4.299591e+00,4.517332e+00,4.711407e+00,4.968565e+00,4.917550e+00,4.743789e+00,4.991118e+00,4.737702e+00,4.792698e+00,4.788496e+00,4.959128e+00,4.718268e+00,4.891021e+00,4.919592e+00,4.927765e+00,4.827602e+00,5.199283e+00,4.820225e+00,4.830297e+00,4.844316e+00,4.725352e+00,5.060107e+00,4.897934e+00,4.449695e+00,4.306087e+00,4.448994e+00,4.914893e+00,4.940931e+00,5.015883e+00,4.755173e+00,5.063579e+00,4.803084e+00,4.764505e+00,4.745227e+00,4.603406e+00,4.662366e+00,4.860912e+00,4.794037e+00,4.889135e+00,4.757383e+00,4.614957e+00,4.607244e+00,4.637194e+00,4.726602e+00,4.733380e+00,4.809571e+00,4.854225e+00,4.618823e+00,4.746245e+00,4.912183e+00,4.759856e+00,4.716398e+00,4.646309e+00,4.683587e+00,4.611999e+00,4.797078e+00,4.710016e+00,4.669763e+00,4.651580e+00,4.888181e+00,4.810563e+00,4.721737e+00,4.797208e+00,4.890429e+00,4.640800e+00,4.852831e+00,4.801075e+00,4.564686e+00,4.626756e+00,4.900097e+00,4.596874e+00,4.890248e+00,4.714215e+00,4.815691e+00
4.824711e+00,4.575662e+00,4.845901e+00,4.784709e+00,4.489659e+00,4.668337e+00,4.657373e+00,4.821938e+00,4.609278e+00,4.672713e+00,4.763825e+00,4.541890e+00,4.780822e+00,4.635316e+00,4.806835e+00,4.830112e+00,4.777244e+00,4.488723e+00,4.752601e+00,4.840089e+00,4.675060e+00,4.588751e+00,4.740154e+00,4.754836e+00,4.713786e+00,4.811858e+00,4.740548e+00,4.943605e+00,4.769637e+00,4.855289e+00,4.845694e+00,4.748080e+00,4.334125e+00,4.838868e+00,4.758128e+00,4.682520e+00,4.747854e+00,4.860073e+00,4.761736e+00,4.843503e+00,4.504464e+00,4.878566e+00,4.807358e+00,4.890836e+00,4.484970e+00,4.921670e+00,4.586340e+00,4.664128e+00,5.105795e+00,4.444843e+00,5.107846e+00,4.806728e+00,4.795175e+00,4.940218e+00,4.572112e+00,4.733617e+00,4.758597e+00,4.556547e+00,4.842980e+00,4.517503e+00,4.924696e+00,4.578957e+00,4.795891e+00,4.746168e+00,4.721032e+00,4.864007e+00,4.718051e+00,5.044332e+00,5.002871e+00,5.113971e+00,4.649946e+00,4.805041e+00,4.363153e+00,4.647534e+00,4.797328e+00,4.921886e+00,4.843683e+00,4.722842e+00,4.627343e+00,5.139379e+00,4.930512e+00,4.784913e+00,4.866469e+00,4.982147e+00,5.013435e+00,4.738324e+00,4.850410e+00,4.717612e+00,4.569860e+00,4.837064e+00,4.864721e+00,4.885550e+00,4.793296e+00,4.788206e+00,4.795436e+00,4.748989e+00,4.745730e+00,4.499332e+00,4.500729e+00,4.879092e+00,4.688084e+00,4.739463e+00,4.625451e+00,4.890276e+00,4.672492e+00,4.812693e+00,4.915800e+00,4.413183e+00,4.600862e+00,4.630622e+00,4.915824e+00,4.313447e+00,4.725252e+00,4.470329e+00
4.726766e+00,4.637244e+00,4.660383e+00,4.822714e+00,4.744699e+00,4.314576e+00,4.761214e+00,4.772035e+00,4.603100e+00,4.840635e+00,4.641705e+00,4.817935e+00,4.337328e+00,4.686837e+00,4.872479e+00,4.845452e+00,4.566366e+00,4.766810e+00,4.760206e+00,4.858597e+00,4.802378e+00,4.748651e+00,4.670029e+00,4.829194e+00,4.617229e+00,4.508472e+00,4.830193e+00,4.797896e+00,4.582414e+00,4.694806e+00,4.610365e+00,4.855512e+00,4.955821e+00,4.585696e+00,4.663709e+00,4.617378e+00,4.784421e+00,4.711656e+00,4.695282e+00,4.612980e+00,4.604750e+00,4.693724e+00,4.782242e+00,4.695764e+00,4.726950e+00,4.565880e+00,4.705584e+00,4.836752e+00,4.835849e+00,4.672822e+00,4.567534e+00,4.825321e+00,4.943571e+00,4.788078e+00,4.738664e+00,4.493874e+00,4.575535e+00,4.702207e+00,4.729332e+00,2.537289e+00,4.536106e+00,4.708047e+00,4.734660e+00,4.456497e+00,4.782470e+00,4.606581e+00,5.111320e+00,5.054206e+00,4.926122e+00,4.849860e+00,4.573761e+00,3.907228e+00,4.892489e+00,3.470963e+00,4.555689e+00,4.824831e+00,4.547513e+00,4.861585e+00,5.110600e+00,4.645335e+00,4.795523e+00,4.582830e+00,4.635673e+00,4.785542e+00,5.178188e+00,4.832793e+00,4.827695e+00,4.896117e+00,4.869004e+00,4.742532e+00,4.731469e+00,4.643481e+00,4.739681e+00,4.679891e+00,4.684318e+00,4.716480e+00,4.756791e+00,4.645445e+00,4.952816e+00,4.887019e+00,4.924439e+00,4.691794e+00,4.619819e+00,4.550318e+00,4.777436e+00,4.949609e+00,4.781785e+00,4.906318e+00,4.858167e+00,4.811129e+00,4.810125e+00,4.586264e+00,4.738927e+00,4.555390e+00
4.775019e+00,4.728144e+00,4.683998e+00,4.571434e+00,4.564667e+00,4.536264e+00,4.728957e+00,4.662069e+00,4.716822e+00,4.737037e+00,4.836419e+00,4.846504e+00,4.691261e+00,4.668976e+00,4.762247e+00,4.817680e+00,4.439066e+00,4.686338e+00,4.692038e+00,4.903702e+00,4.580326e+00,4.644226e+00,4.680178e+00,4.638771e+00,4.786079e+00,4.969634e+00,4.749675e+00,4.744438e+00,4.752120e+00,4.818515e+00,4.553699e+00,4.741515e+00,4.670952e+00,4.703652e+00,4.770573e+00,4.631315e+00,4.614961e+00,4.532830e+00,4.757460e+00,4.759902e+00,5.011666e+00,4.437734e+00,4.913653e+00,4.709445e+00,4.719650e+00,4.792471e+00,4.603362e+00,4.458209e+00,4.497084e+00,5.005651e+00,4.290448e+00,4.646391e+00,4.469410e+00,4.867654e+00,4.637403e+00,4.561662e+00,4.717958e+00,4.585288e+00,4.273314e+00,4.923024e+00,4.712976e+00,4.932064e+00,4.513778e+00,4.806081e+00,4.641938e+00,4.685107e+00,4.561099e+00,4.827592e+00,4.990508e+00,4.738703e+00,4.627444e+00,4.794523e+00,4.516363e+00,4.283322e+00,4.679737e+00,4.591923e+00,4.887005e+00,4.673776e+00,5.017023e+00,4.915555e+00,4.876841e+00,4.986745e+00,4.919279e+00,4.799327e+00,4.667890e+00,4.584214e+00,4.708172e+00,4.788766e+00,4.545383e+00,4.834569e+00,4.500877e+00,4.833469e+00,4.565916e+00,4.698469e+00,4.373431e+00,4.645137e+00,4.689791e+00,4.642439e+00,4.621400e+00,4.627502e+00,4.636765e+00,4.493046e+00,4.669929e+00,4.643329e+00,4.884516e+00,4.415489e+00,4.510026e+00,4.641429e+00,4.756293e+00,4.835854e+00,4.763361e+00,4.759275e+00,4.701708e+00,4.532999e+00
4.661335e+00,4.721308e+00,4.673945e+00,4.508192e+00,4.443396e+00,4.627428e+00,4.640983e+00,4.582002e+00,4.522970e+00,4.635089e+00,4.815570e+00,4.763853e+00,4.859126e+00,4.547981e+00,4.696432e+00,4.737036e+00,4.500633e+00,4.441278e+00,4.523988e+00,4.846780e+00,4.727865e+00,4.661565e+00,4.844850e+00,4.424657e+00,4.548931e+00,4.683813e+00,4.685052e+00,4.836790e+00,4.694352e+00,4.773775e+00,4.526062e+00,4.776821e+00,4.835381e+00,4.787106e+00,4.663835e+00,4.760134e+00,4.677268e+00,4.500497e+00,4.495807e+00,4.674934e+00,4.663559e+00,4.605924e+00,4.279022e+00,4.780617e+00,4.856183e+00,4.767913e+00,4.929284e+00,4.978848e+00,4.587217e+00,4.764254e+00,4.772740e+00,4.343078e+00,4.848549e+00,4.610592e+00,4.235074e+00,4.781200e+00,4.167893e+00,4.682143e+00,4.463565e+00,4.365184e+00,4.501602e+00,4.759586e+00,4.715787e+00,4.649824e+00,4.678894e+00,4.855535e+00,3.755560e+00,4.553172e+00,4.669427e+00,4.512355e+00,4.620601e+00,4.434417e+00,4.713675e+00,4.775418e+00,4.625456e+00,4.770469e+00,4.740197e+00,4.607051e+00,3.798467e+00,4.584764e+00,4.675750e+00,4.795411e+00,4.881407e+00,4.610807e+00,4.360469e+00,4.657608e+00,4.963544e+00,4.629635e+00,4.651762e+00,4.705985e+00,4.655546e+00,4.673646e+00,4.765341e+00,4.886876e+00,4.686613e+00,4.744459e+00,4.771945e+00,4.808941e+00,4.694816e+00,4.897668e+00,4.681987e+00,4.395992e+00,4.554415e+00,4.773487e+00,4.799574e+00,4.686591e+00,4.818134e+00,4.618987e+00,4.485007e+00,4.708454e+00,4.389425e+00,4.717476e+00,4.949992e+00,4.929156e+00
4.369063e+00,4.636137e+00,4.723878e+00,4.681449e+00,4.463110e+00,4.660955e+00,4.821707e+00,4.484830e+00,4.807135e+00,4.528478e+00,4.714982e+00,4.603826e+00,4.452286e+00,4.733582e+00,4.518676e+00,4.773171e+00,4.634559e+00,4.606606e+00,4.744974e+00,4.719584e+00,4.707211e+00,4.377280e+00,4.788475e+00,4.514413e+00,4.618792e+00,4.675115e+00,4.643576e+00,4.649633e+00,4.492105e+00,4.676330e+00,4.819306e+00,4.520735e+00,4.628822e+00,4.634107e+00,4.754964e+00,4.534243e+00,4.542137e+00,4.757045e+00,4.359447e+00,4.455270e+00,4.436795e+00,4.602766e+00,4.572625e+00,4.623873e+00,4.608818e+00,4.693280e+00,4.842315e+00,4.832475e+00,4.551785e+00,4.364679e+00,4.455540e+00,4.546440e+00,4.714176e+00,4.673058e+00,4.856334e+00,4.729115e+00,4.787033e+00,4.856561e+00,4.755668e+00,4.585746e+00,4.717780e+00,4.894090e+00,4.521147e+00,4.809803e+00,4.714344e+00,4.595737e+00,4.861737e+00,4.735752e+00,4.918591e+00,4.846232e+00,4.579707e+00,4.624006e+00,4.347330e+00,4.515786e+00,4.680499e+00,4.760176e+00,4.625972e+00,4.859333e+00,4.717864e+00,4.561561e+00,4.771338e+00,4.538473e+00,4.830579e+00,4.490623e+00,4.647909e+00,4.742724e+00,4.418201e+00,4.471722e+00,4.758969e+00,4.821365e+00,4.462780e+00,4.884588e+00,4.648935e+00,4.539935e+00,4.733923e+00,4.626308e+00,4.668897e+00,4.645601e+00,4.755624e+00,4.474750e+00,4.663730e+00,4.597306e+00,4.522358e+00,4.572451e+00,4.524897e+00,4.515231e+00,4.350274e+00,4.658684e+00,4.906463e+00,4.685656e+00,4.506974e+00,4.790758e+00,4.763779e+00,4.765779e+00
4.690580e+00,4.680534e+00,4.630641e+00,4.805537e+00,4.743350e+00,4.520104e+00,4.799242e+00,4.553621e+00,4.646668e+00,4.756394e+00,4.446267e+00,4.734542e+00,4.657133e+00,4.496989e+00,4.574683e+00,4.205171e+00,4.480880e+00,4.629005e+00,4.800099e+00,4.505240e+00,4.716185e+00,4.647488e+00,4.276665e+00,4.568840e+00,4.820955e+00,4.521467e+00,4.572383e+00,4.539836e+00,4.470936e+00,4.702748e+00,4.878794e+00,4.781065e+00,4.480167e+00,4.795483e+00,4.698086e+00,4.602157e+00,5.055472e+00,4.660895e+00,4.450059e+00,4.707316e+00,4.698520e+00,4.564969e+00,4.674063e+00,4.613215e+00,4.588317e+00,4.438981e+00,4.576805e+00,4.680486e+00,4.552658e+00,4.715098e+00,4.586430e+00,4.440806e+00,4.816786e+00,4.546708e+00,4.739433e+00,5.140125e+00,4.743047e+00,4.841777e+00,4.237301e+00,4.541492e+00,4.710618e+00,3.997817e+00,4.658767e+00,4.670400e+00,4.823188e+00,4.714010e+00,4.741880e+00,4.682857e+00,4.823690e+00,4.112223e+00,4.424667e+00,4.649076e+00,4.505806e+00,4.736243e+00,5.052027e+00,4.783998e+00,4.896007e+00,4.781905e+00,4.906246e+00,4.819794e+00,4.680511e+00,4.516338e+00,4.688261e+00,4.536566e+00,4.804770e+00,4.497842e+00,4.531613e+00,4.593685e+00,4.603030e+00,4.985652e+00,4.717085e+00,4.598506e+00,4.569443e+00,4.672181e+00,4.917742e+00,4.176843e+00,4.719456e+00,4.874230e+00,4.654930e+00,4.567723e+00,4.767485e+00,4.321408e+00,4.750630e+00,4.597403e+00,4.593355e+00,4.786826e+00,4.854256e+00,4.741880e+00,4.791837e+00,5.051170e+00,4.576082e+00,4.696878e+00,4.616198e+00,4.573538e+00
4.770395e+00,4.538937e+00,4.789420e+00,4.535356e+00,4.522694e+00,4.655485e+00,4.527466e+00,4.832811e+00,4.560701e+00,4.913544e+00,4.574483e+00,4.799086e+00,4.785908e+00,4.394151e+00,4.492784e+00,4.557280e+00,4.701007e+00,4.707369e+00,4.627731e+00,4.732649e+00,4.404911e+00,4.631793e+00,4.748015e+00,4.606730e+00,4.727563e+00,4.756493e+00,4.824913e+00,4.757699e+00,4.562364e+00,4.858167e+00,4.702534e+00,4.761949e+00,4.666301e+00,4.576944e+00,4.601856e+00,4.590891e+00,4.547174e+00,4.875675e+00,4.840053e+00,4.542588e+00,4.964741e+00,4.596178e+00,4.744742e+00,4.594971e+00,4.755411e+00,4.781325e+00,4.897632e+00,4.538593e+00,4.505653e+00,4.475260e+00,4.638172e+00,4.487658e+00,4.958261e+00,4.547308e+00,4.624505e+00,3.937068e+00,4.466714e+00,4.840982e+00,4.878085e+00,5.045432e+00,4.615387e+00,4.462401e+00,4.685268e+00,4.634324e+00,4.723768e+00,4.443529e+00,4.876929e+00,4.765059e+00,4.510609e+00,3.461931e+00,4.400445e+00,4.894563e+00,4.718251e+00,4.656547e+00,4.783229e+00,4.174309e+00,4.668457e+00,4.736435e+00,4.752069e+00,4.771794e+00,4.858415e+00,4.814146e+00,4.611017e+00,4.447671e+00,4.537073e+00,4.711721e+00,4.941195e+00,4.607529e+00,4.721271e+00,4.708535e+00,4.742106e+00,4.819696e+00,4.622217e+00,4.400075e+00,4.537676e+00,4.617131e+00,4.813694e+00,4.594860e+00,4.757367e+00,4.601040e+00,4.725636e+00,4.332063e+00,4.590987e+00,4.452620e+00,4.893168e+00,4.601722e+00,4.474504e+00,4.737899e+00,4.494597e+00,4.547466e+00,4.623213e+00,4.962290e+00,4.642033e+00,4.714988e+00
4.738576e+00,4.806776e+00,4.562403e+00,4.315832e+00,4.699552e+00,4.569552e+00,4.507910e+00,4.660398e+00,4.741909e+00,4.639753e+00,4.461734e+00,4.486227e+00,4.754202e+00,4.660482e+00,4.612016e+00,4.688245e+00,4.709192e+00,4.615798e+00,4.904045e+00,4.794572e+00,4.939423e+00,4.825047e+00,4.914808e+00,4.411839e+00,4.746762e+00,4.677930e+00,4.530872e+00,4.819784e+00,4.731791e+00,4.626136e+00,4.777161e+00,4.646080e+00,4.562765e+00,4.543404e+00,4.681460e+00,4.783911e+00,4.637381e+00,4.202289e+00,4.652713e+00,4.703645e+00,4.462858e+00,4.597844e+00,4.787205e+00,4.658628e+00,4.884245e+00,4.732698e+00,4.989135e+00,4.970370e+00,4.702230e+00,4.799407e+00,4.324304e+00,4.874988e+00,4.770938e+00,4.663649e+00,4.603274e+00,4.608392e+00,4.602544e+00,4.718335e+00,4.822815e+00,4.522047e+00,4.662808e+00,4.686641e+00,4.530331e+00,4.627158e+00,4.603512e+00,4.597387e+00,4.571356e+00,4.618489e+00,5.011361e+00,4.901897e+00,4.829959e+00,4.759141e+00,4.486861e+00,4.794659e+00,4.679509e+00,4.326409e+00,4.688822e+00,4.838167e+00,4.442963e+00,4.484163e+00,4.598040e+00,4.863988e+00,4.838447e+00,4.704543e+00,4.572148e+00,4.784593e+00,4.870477e+00,4.661148e+00,4.685720e+00,4.604513e+00,4.747732e+00,4.773008e+00,4.465325e+00,4.565528e+00,4.823769e+00,4.771931e+00,4.516954e+00,4.699056e+00,4.734061e+00,4.472914e+00,4.448817e+00,4.701753e+00,4.706536e+00,4.482956e+00,4.610053e+00,4.683728e+00,4.643303e+00,4.375643e+00,4.459399e+00,4.637478e+00,4.740103e+00,4.932157e+00,4.596079e+00,4.637134e+00
5.033683e+00,5.270750e+00,4.835778e+00,4.804489e+00,4.671594e+00,4.737262e+00,4.688933e+00,4.683126e+00,4.805118e+00,4.860038e+00,4.994092e+00,5.001043e+00,5.055956e+00,4.518008e+00,4.618477e+00,4.885499e+00,4.869385e+00,5.018126e+00,4.699730e+00,4.698052e+00,5.102967e+00,4.925028e+00,4.815359e+00,5.033811e+00,4.629058e+00,4.923301e+00,4.893493e+00,4.545987e+00,4.819433e+00,4.852795e+00,5.046735e+00,4.900104e+00,4.013671e+00,4.861226e+00,4.876474e+00,4.775261e+00,5.007014e+00,4.857940e+00,4.522363e+00,4.791453e+00,5.084171e+00,4.798665e+00,4.934214e+00,4.868378e+00,4.998587e+00,4.608812e+00,4.867476e+00,4.828686e+00,5.054839e+00,4.833073e+00,5.053964e+00,5.006644e+00,5.142889e+00,4.558966e+00,4.760051e+00,5.029762e+00,4.682103e+00,4.749451e+00,4.903755e+00,4.812986e+00,4.755005e+00,4.696297e+00,4.685513e+00,4.642816e+00,4.917518e+00,4.806329e+00,5.026724e+00,4.919720e+00,4.244197e+00,4.829464e+00,4.797928e+00,4.859788e+00,5.166337e+00,4.804595e+00,4.824321e+00,4.164630e+00,4.915424e+00,4.477170e+00,4.979331e+00,5.093643e+00,4.687908e+00,4.483561e+00,4.733369e+00,4.794509e+00,4.776337e+00,4.629480e+00,4.737523e+00,4.942839e+00,4.997426e+00,4.866628e+00,4.502177e+00,4.525217e+00,4.269208e+00,4.873456e+00,4.837446e+00,4.700476e+00,4.611238e+00,4.602668e+00,4.763216e+00,4.704744e+00,4.564699e+00,4.415073e+00,4.635836e+00,4.494413e+00,4.854103e+00,4.459222e+00,4.621409e+00,4.642716e+00,4.440100e+00,4.440636e+00,4.572849e+00,4.656872e+00,4.692723e+00,4.652857e+00
4.831220e+00,4.900058e+00,4.929831e+00,4.866191e+00,4.641009e+00,4.805251e+00,4.953449e+00,4.867752e+00,5.095543e+00,5.012809e+00,4.386355e+00,4.935968e+00,4.961566e+00,4.659498e+00,4.998640e+00,4.880955e+00,4.777628e+00,4.777841e+00,4.921558e+00,5.012615e+00,4.984068e+00,4.487014e+00,5.137789e+00,4.941219e+00,4.940963e+00,4.791730e+00,4.776069e+00,4.683157e+00,4.931233e+00,4.792799e+00,4.937541e+00,4.819294e+00,4.729693e+00,4.974404e+00,4.368066e+00,4.547795e+00,5.012327e+00,5.200561e+00,5.186546e+00,4.982677e+00,4.867399e+00,4.989531e+00,4.859086e+00,4.896008e+00,4.198365e+00,4.583271e+00,5.116190e+00,4.882122e+00,4.970755e+00,4.700717e+00,4.783191e+00,4.960468e+00,4.815507e+00,5.006371e+00,4.245047e+00,4.953153e+00,4.510100e+00,4.602832e+00,4.915544e+00,4.776565e+00,4.927176e+00,4.821494e+00,5.247518e+00,4.603324e+00,5.093799e+00,4.995980e+00,4.764688e+00,4.985736e+00,4.934498e+00,4.785622e+00,4.851506e+00,4.919815e+00,4.749501e+00,4.519562e+00,4.944804e+00,4.932268e+00,5.005100e+00,4.958687e+00,3.351416e+00,4.551454e+00,4.554033e+00,4.926170e+00,4.949338e+00,4.728215e+00,4.924936e+00,5.116483e+00,4.949169e+00,5.045404e+00,4.862784e+00,4.739560e+00,4.302638e+00,4.742146e+00,4.727674e+00,4.630255e+00,4.965153e+00,4.958391e+00,5.019839e+00,4.365985e+00,4.651230e+00,4.858484e+00,4.752553e+00,5.076872e+00,4.572686e+00,4.973258e+00,4.930858e+00,4.923680e+00,4.990638e+00,5.005404e+00,4.882380e+00,4.920045e+00,4.471263e+00,4.817815e+00,4.803436e+00,4.807710e+00
4.005699e+00,4.834505e+00,4.706843e+00,4.900196e+00,4.882355e+00,4.909680e+00,4.977147e+00,4.940485e+00,4.816633e+00,4.812772e+00,4.905499e+00,4.892222e+00,4.711362e+00,4.885073e+00,4.794546e+00,4.713606e+00,4.843013e+00,4.906406e+00,4.517697e+00,4.721861e+00,4.751346e+00,4.578374e+00,4.921789e+00,4.836320e+00,4.922979e+00,4.540415e+00,5.126562e+00,4.801394e+00,4.406773e+00,4.829981e+00,4.867039e+00,4.684248e+00,4.602753e+00,5.181874e+00,5.011522e+00,5.116816e+00,4.993385e+00,5.058282e+00,4.560303e+00,4.955757e+00,4.518192e+00,4.792036e+00,4.848240e+00,4.832625e+00,4.880679e+00,4.977658e+00,5.060612e+00,5.034778e+00,4.171217e+00,4.993744e+00,4.821154e+00,4.802759e+00,4.783978e+00,4.666822e+00,4.864819e+00,4.892053e+00,4.719956e+00,4.914022e+00,5.120209e+00,4.728638e+00,4.559130e+00,4.615400e+00,4.573229e+00,2.992478e+00,4.679506e+00,4.438785e+00,4.342883e+00,4.880647e+00,4.711683e+00,4.427759e+00,5.351077e+00,5.077494e+00,4.783265e+00,3.848982e+00,4.775115e+00,4.626165e+00,4.801716e+00,4.899219e+00,4.660724e+00,4.653594e+00,3.525909e+00,4.939817e+00,4.705943e+00,4.609908e+00,4.756052e+00,4.806467e+00,4.836893e+00,4.844028e+00,4.740402e+00,4.974840e+00,4.735533e+00,4.826353e+00,4.693484e+00,4.940032e+00,4.808416e+00,4.555454e+00,4.573609e+00,4.889010e+00,4.959883e+00,4.673955e+00,4.770637e+00,4.955295e+00,4.908942e+00,5.001252e+00,4.870312e+00,4.787937e+00,4.968911e+00,4.850112e+00,5.095951e+00,4.935242e+00,4.870787e+00,4.958282e+00,4.693666e+00,5.009524e+00
4.848393e+00,4.849120e+00,4.803129e+00,4.774963e+00,4.996179e+00,4.744596e+00,4.748670e+00,4.342984e+00,4.196663e+00,4.918922e+00,4.712560e+00,4.875161e+00,4.463040e+00,4.870036e+00,4.604960e+00,4.665572e+00,4.671381e+00,5.142295e+00,4.807066e+00,4.776815e+00,4.897226e+00,4.961933e+00,4.827627e+00,4.943502e+00,4.897849e+00,5.027091e+00,4.862144e+00,4.786941e+00,5.168422e+00,5.076847e+00,4.587463e+00,4.780933e+00,4.888215e+00,4.776555e+00,4.797985e+00,4.718623e+00,4.594227e+00,4.762831e+00,4.949836e+00,4.511415e+00,4.621611e+00,4.800992e+00,4.719393e+00,4.917852e+00,4.884759e+00,4.822030e+00,5.024374e+00,5.032519e+00,4.675288e+00,4.731376e+00,4.968705e+00,4.477623e+00,4.905241e+00,4.780590e+00,4.533042e+00,3.887537e+00,3.314984e+00,4.292752e+00,2.716182e+00,2.150928e+00,2.294234e+00,2.675225e+00,4.819967e+00,5.114510e+00,4.960656e+00,4.654815e+00,3.857791e+00,4.337655e+00,3.050078e+00,3.767213e+00,4.596532e+00,3.388688e+00,4.354619e+00,4.761185e+00,4.992023e+00,5.066072e+00,4.782626e+00,2.984249e+00,4.752400e+00,4.671438e+00,5.140930e+00,4.811663e+00,4.933513e+00,5.121932e+00,4.869178e+00,4.813707e+00,4.861041e+00,4.827051e+00,4.392958e+00,4.726066e+00,4.952513e+00,4.992826e+00,4.840994e+00,5.158035e+00,4.893904e+00,4.902850e+00,4.820711e+00,4.755151e+00,4.886848e+00,4.862816e+00,4.877345e+00,5.003941e+00,4.744753e+00,4.791937e+00,4.900965e+00,4.850241e+00,4.740680e+00,4.953224e+00,4.786556e+00,4.640172e+00,4.931502e+00,4.512284e+00,4.836398e+00,4.866253e+00
4.866693e+00,4.864292e+00,4.911567e+00,4.714935e+00,4.943357e+00,4.920999e+00,4.783819e+00,4.768523e+00,4.912070e+00,4.969887e+00,4.596152e+00,4.609014e+00,4.919323e+00,4.524610e+00,5.019590e+00,4.978734e+00,4.858650e+00,4.809511e+00,4.851423e+00,5.130461e+00,4.832591e+00,4.743881e+00,4.772853e+00,4.761185e+00,4.910236e+00,4.812684e+00,4.979193e+00,4.807865e+00,4.550734e+00,4.949528e+00,4.588812e+00,4.978468e+00,4.872256e+00,4.886762e+00,5.021742e+00,4.707915e+00,2.972596e+00,4.685581e+00,4.968781e+00,5.026727e+00,5.007672e+00,4.836227e+00,4.847532e+00,4.881271e+00,4.948358e+00,4.915233e+00,4.612811e+00,4.852183e+00,4.364372e+00,4.914392e+00,4.922445e+00,3.974094e+00,5.254195e+00,4.241183e+00,3.784799e+00,4.857335e+00,4.802800e+00,4.936513e+00,4.228955e+00,4.771411e+00,4.895954e+00,4.872782e+00,4.969119e+00,4.574968e+00,4.760028e+00,4.949241e+00,4.980119e+00,4.792519e+00,4.739540e+00,4.941567e+00,4.928639e+00,5.223008e+00,5.035731e+00,4.139396e+00,2.339043e+00,4.314066e+00,3.673441e+00,4.524492e+00,4.899597e+00,4.513040e+00,3.268236e+00,4.780401e+00,4.808694e+00,4.412967e+00,4.881789e+00,4.885509e+00,4.812905e+00,4.809939e+00,4.824543e+00,4.641858e+00,4.931820e+00,4.792658e+00,5.058540e+00,4.628887e+00,4.899683e+00,5.082107e+00,4.920152e+00,4.713557e+00,4.664257e+00,4.712133e+00,4.730228e+00,4.827389e+00,4.759015e+00,4.893951e+00,5.055147e+00,4.963568e+00,4.829749e+00,4.736135e+00,4.985596e+00,4.933909e+00,4.963986e+00,4.915742e+00,4.607266e+00,4.814662e+00
4.748762e+00,4.832955e+00,4.797797e+00,4.720947e+00,4.545847e+00,4.799808e+00,4.818131e+00,4.758058e+00,5.021190e+00,4.833993e+00,4.853617e+00,4.629066e+00,4.774557e+00,4.843586e+00,4.938296e+00,4.894555e+00,4.861243e+00,4.134892e+00,4.751782e+00,4.859651e+00,4.770219e+00,4.890069e+00,4.738784e+00,4.797781e+00,4.879988e+00,4.941696e+00,4.685947e+00,4.931737e+00,4.664018e+00,4.996791e+00,4.998518e+00,4.680438e+00,4.438625e+00,4.801828e+00,4.694874e+00,5.006894e+00,4.415240e+00,4.903798e+00,4.905492e+00,4.991309e+00,4.786372e+00,4.802034e+00,4.754956e+00,5.033215e+00,4.946923e+00,4.993915e+00,5.067799e+00,4.944085e+00,4.651636e+00,4.508298e+00,4.546887e+00,5.005725e+00,4.887044e+00,4.466544e+00,4.777711e+00,4.816151e+00,5.160220e+00,4.791829e+00,5.100166e+00,4.814157e+00,4.380084e+00,4.999264e+00,4.909098e+00,4.334378e+00,4.619850e+00,4.899916e+00,4.862113e+00,4.649061e+00,4.871892e+00,5.119105e+00,4.817399e+00,4.660701e+00,5.007348e+00,4.885855e+00,5.044630e+00,4.805984e+00,5.127998e+00,5.075585e+00,3.534489e+00,2.714798e+00,4.276852e+00,4.936108e+00,5.165838e+00,4.017164e+00,4.895378e+00,4.719768e+00,4.824335e+00,4.966445e+00,5.030937e+00,4.776314e+00,4.793633e+00,4.902858e+00,4.805520e+00,5.022356e+00,4.766236e+00,4.476067e+00,4.934490e+00,4.816201e+00,4.808625e+00,4.779863e+00,4.903896e+00,4.905323e+00,4.878823e+00,4.710422e+00,4.921178e+00,4.939069e+00,4.846033e+00,4.656511e+00,4.788902e+00,4.586575e+00,4.857819e+00,4.959504e+00,5.084979e+00,4.898694e+00
5.005876e+00,4.994220e+00,4.731435e+00,5.037894e+00,4.955114e+00,4.753414e+00,4.678907e+00,4.997906e+00,4.774290e+00,4.884119e+00,5.217777e+00,4.996340e+00,4.961816e+00,4.877680e+00,5.030288e+00,4.807345e+00,4.540153e+00,5.071007e+00,4.848238e+00,4.658001e+00,5.043682e+00,4.942799e+00,4.819373e+00,4.488785e+00,4.858397e+00,4.629686e+00,4.765237e+00,4.853962e+00,5.015273e+00,4.668475e+00,5.163403e+00,4.602222e+00,4.336702e+00,4.759084e+00,4.654423e+00,4.770113e+00,4.710037e+00,4.905947e+00,4.894029e+00,4.570148e+00,4.697009e+00,5.042881e+00,4.674729e+00,4.154134e+00,4.797630e+00,4.863238e+00,2.996184e+00,4.545731e+00,4.719177e+00,4.976434e+00,4.902985e+00,4.554227e+00,4.865149e+00,4.617768e+00,4.826312e+00,4.284098e+00,3.586583e+00,4.399109e+00,4.365175e+00,3.286838e+00,3.349619e+00,4.701770e+00,2.785269e+00,3.797958e+00,4.020317e+00,3.181147e+00,2.526191e+00,2.566942e+00,3.310140e+00,3.573614e+00,4.068564e+00,4.521728e+00,4.213626e+00,4.121045e+00,4.873034e+00,4.896337e+00,5.015917e+00,4.805257e+00,4.696955e+00,4.791878e+00,4.932301e+00,4.671291e+00,2.746183e+00,4.550491e+00,5.026746e+00,4.748919e+00,4.550271e+00,4.766959e+00,4.771318e+00,4.864599e+00,4.545591e+00,5.038777e+00,4.665048e+00,4.853684e+00,4.662976e+00,4.624301e+00,4.701479e+00,4.797625e+00,4.764939e+00,4.668018e+00,4.972975e+00,4.977250e+00,5.111178e+00,4.856500e+00,4.938291e+00,4.799349e+00,4.971465e+00,4.932461e+00,4.665614e+00,4.836917e+00,4.797707e+00,4.698035e+00,4.183357e+00,4.915744e+00
4.724160e+00,4.802371e+00,4.848651e+00,4.645229e+00,5.032274e+00,4.864779e+00,4.751461e+00,5.057231e+00,4.936829e+00,4.714635e+00,4.842275e+00,5.002500e+00,4.720661e+00,4.356696e+00,4.720307e+00,4.953208e+00,5.020383e+00,4.826119e+00,4.690539e+00,4.891523e+00,4.902899e+00,4.897764e+00,4.582004e+00,4.803176e+00,5.022785e+00,3.947301e+00,5.254375e+00,4.693456e+00,4.928636e+00,4.820454e+00,4.923730e+00,5.009469e+00,4.818386e+00,3.315854e+00,4.640255e+00,5.214493e+00,5.160324e+00,4.787164e+00,4.657352e+00,4.887728e+00,4.855814e+00,4.905902e+00,4.986130e+00,4.474637e+00,4.833562e+00,4.581844e+00,4.783715e+00,4.677670e+00,4.554565e+00,4.996424e+00,4.777198e+00,4.812618e+00,4.547953e+00,4.766803e+00,3.373553e+00,3.069623e+00,3.022265e+00,4.120332e+00,2.287851e+00,2.947574e+00,2.999533e+00,3.924478e+00,4.081166e+00,4.182057e+00,3.681420e+00,4.224076e+00,4.436718e+00,3.818330e+00,4.501550e+00,4.276405e+00,4.267413e+00,3.336378e+00,2.814501e+00,4.704464e+00,4.329720e+00,3.696681e+00,3.549508e+00,4.506246e+00,4.714211e+00,4.635177e+00,4.924639e+00,4.757348e+00,4.782326e+00,4.078073e+00,5.076595e+00,4.065654e+00,4.895234e+00,4.420975e+00,4.847366e+00,4.767257e+00,4.928564e+00,4.920828e+00,4.961242e+00,5.115772e+00,4.715838e+00,4.590855e+00,4.627586e+00,4.701773e+00,4.877122e+00,4.655990e+00,4.766102e+00,4.970081e+00,4.593245e+00,4.612327e+00,4.517111e+00,4.393452e+00,4.828252e+00,4.587672e+00,4.815318e+00,4.976809e+00,4.780829e+00,4.695011e+00,4.972102e+00,4.736022e+00
4.772966e+00,4.694850e+00,4.710906e+00,4.681559e+00,4.535837e+00,4.787802e+00,4.779875e+00,5.046442e+00,4.524084e+00,4.762566e+00,4.876176e+00,4.904544e+00,4.691058e+00,4.800579e+00,5.054540e+00,4.631760e+00,4.672065e+00,4.842052e+00,4.881062e+00,4.798079e+00,4.820797e+00,4.981234e+00,4.920923e+00,4.876804e+00,5.190383e+00,4.840912e+00,4.862860e+00,4.621811e+00,4.883474e+00,4.891661e+00,5.109404e+00,4.713145e+00,4.598458e+00,5.006245e+00,4.567108e+00,4.781181e+00,4.790075e+00,4.790981e+00,4.937202e+00,4.828681e+00,4.701572e+00,4.675279e+00,4.661426e+00,4.837870e+00,4.400022e+00,4.794402e+00,4.813948e+00,4.850874e+00,4.923923e+00,4.431786e+00,3.258304e+00,3.681123e+00,4.473732e+00,3.605629e+00,3.594634e+00,3.405445e+00,4.576146e+00,4.537482e+00,2.671207e+00,2.489645e+00,4.459957e+00,4.042210e+00,4.234082e+00,5.052520e+00,3.303302e+00,3.773820e+00,3.797147e+00,3.656386e+00,2.398193e+00,3.896276e+00,3.206190e+00,2.681555e+00,4.611248e+00,4.231835e+00,3.229063e+00,2.492777e+00,2.823943e+00,4.685716e+00,3.393892e+00,4.489665e+00,3.687844e+00,5.087775e+00,4.904892e+00,5.093190e+00,4.975423e+00,3.967422e+00,3.487118e+00,5.004181e+00,4.629990e+00,5.037048e+00,4.629566e+00,5.004555e+00,4.849689e+00,5.032398e+00,4.995024e+00,4.657086e+00,4.969886e+00,4.780851e+00,4.616513e+00,4.854914e+00,4.957984e+00,4.745083e+00,4.931012e+00,4.662479e+00,4.980803e+00,4.813299e+00,4.660780e+00,4.595903e+00,5.078710e+00,4.836808e+00,4.745500e+00,4.578560e+00,4.757637e+00,4.892425e+00
4.955513e+00,4.677008e+00,4.840649e+00,4.884818e+00,5.048901e+00,4.536118e+00,4.866105e+00,4.732536e+00,4.887509e+00,4.616602e+00,4.658248e+00,4.886848e+00,4.778271e+00,5.040475e+00,4.716493e+00,4.851185e+00,4.643745e+00,4.735677e+00,4.985659e+00,4.933788e+00,4.700378e+00,4.739026e+00,4.757242e+00,4.699061e+00,4.816909e+00,4.672887e+00,4.774372e+00,4.753409e+00,5.103727e+00,5.129537e+00,4.857800e+00,4.968977e+00,4.937560e+00,5.046887e+00,4.838852e+00,4.848940e+00,4.680538e+00,4.906784e+00,3.364086e+00,4.842963e+00,4.484843e+00,4.755650e+00,4.736503e+00,4.761445e+00,5.036921e+00,4.999059e+00,4.670583e+00,4.703432e+00,4.903379e+00,2.708567e+00,2.807841e+00,4.192639e+00,3.376739e+00,3.502895e+00,4.287476e+00,2.714098e+00,4.494082e+00,3.048182e+00,4.847876e+00,3.336692e+00,5.226781e+00,2.408658e+00,3.831913e+00,3.425863e+00,4.571337e+00,5.038622e+00,4.190963e+00,2.874595e+00,2.322360e+00,4.637050e+00,4.704230e+00,3.920661e+00,3.133234e+00,2.284796e+00,4.407138e+00,2.843251e+00,3.082900e+00,4.321319e+00,2.828897e+00,3.672922e+00,3.527912e+00,4.785740e+00,4.657202e+00,5.117000e+00,4.495271e+00,4.955286e+00,4.989947e+00,3.214955e+00,3.092042e+00,4.939095e+00,4.588238e+00,4.945891e+00,4.964682e+00,4.752662e+00,4.842348e+00,5.028973e+00,4.956731e+00,4.954063e+00,5.092027e+00,4.844971e+00,4.601286e+00,4.859097e+00,4.826259e+00,4.975737e+00,4.835369e+00,4.786661e+00,4.684417e+00,4.927182e+00,4.800809e+00,4.892743e+00,4.757196e+00,4.815338e+00,4.781049e+00,4.851545e+00
4.731731e+00,4.802285e+00,4.700589e+00,4.605488e+00,4.932879e+00,4.542095e+00,4.634976e+00,4.886296e+00,4.669943e+00,5.194840e+00,4.960624e+00,4.691639e+00,4.933274e+00,4.924891e+00,4.957446e+00,4.800775e+00,4.802936e+00,4.506631e+00,5.032947e+00,4.595863e+00,5.038190e+00,4.581747e+00,4.827907e+00,4.772103e+00,4.606880e+00,4.833173e+00,5.049877e+00,5.007456e+00,4.862104e+00,4.867857e+00,4.851672e+00,4.822014e+00,4.900570e+00,4.736428e+00,4.897399e+00,5.003264e+00,4.662113e+00,4.866796e+00,4.576118e+00,2.342050e+00,4.830405e+00,4.625694e+00,5.029779e+00,4.806103e+00,4.754283e+00,4.371424e+00,3.431409e+00,4.020653e+00,4.729340e+00,4.599667e+00,2.401187e+00,4.424632e+00,3.355427e+00,3.886645e+00,4.450513e+00,2.520183e+00,4.244026e+00,2.779026e+00,4.018635e+00,3.497734e+00,2.407214e+00,3.882912e+00,2.606075e+00,5.134019e+00,5.049609e+00,4.773575e+00,4.596937e+00,4.213768e+00,2.289013e+00,3.915514e+00,4.158277e+00,4.248648e+00,3.376757e+00,2.675021e+00,4.501172e+00,3.393935e+00,3.219390e+00,2.873049e+00,4.217901e+00,4.259526e+00,4.426873e+00,4.455345e+00,4.192606e+00,4.727695e+00,4.645087e+00,4.425067e+00,4.954966e+00,4.443024e+00,2.513661e+00,2.737001e+00,4.558972e+00,4.934929e+00,4.451224e+00,4.753159e+00,4.702657e+00,4.423929e+00,4.803489e+00,4.862189e+00,4.830276e+00,4.516463e+00,5.102819e+00,4.771589e+00,4.787188e+00,4.942726e+00,4.842676e+00,4.754330e+00,4.882381e+00,4.775916e+00,5.021862e+00,4.936908e+00,4.870270e+00,4.446891e+00,4.521059e+00,4.812588e+00
4.662294e+00,4.729085e+00,4.688473e+00,4.589525e+00,4.811319e+00,4.787461e+00,4.808501e+00,4.482389e+00,4.913307e+00,4.810215e+00,4.835466e+00,4.853881e+00,4.715364e+00,4.979479e+00,4.819412e+00,4.696464e+00,4.654044e+00,4.907377e+00,4.843731e+00,4.932550e+00,5.107633e+00,4.792319e+00,4.713592e+00,4.709165e+00,4.749296e+00,5.089558e+00,4.773039e+00,4.721116e+00,5.064131e+00,4.726783e+00,5.045267e+00,5.055509e+00,4.815151e+00,4.850675e+00,4.941064e+00,4.455257e+00,5.052250e+00,4.388782e+00,4.607657e+00,4.774474e+00,4.994908e+00,5.012088e+00,4.884322e+00,4.357077e+00,3.444928e+00,3.075790e+00,4.534396e+00,4.323209e+00,3.645629e+00,3.257670e+00,4.163042e+00,3.428903e+00,3.037193e+00,3.169571e+00,3.358093e+00,5.075126e+00,4.685700e+00,4.184587e+00,4.369017e+00,4.149099e+00,2.634452e+00,4.730402e+00,4.893269e+00,4.732538e+00,4.793506e+00,3.714083e+00,2.926996e+00,3.762949e+00,2.613528e+00,2.489814e+00,3.527277e+00,4.840272e+00,4.451996e+00,3.966920e+00,3.160104e+00,2.548824e+00,3.195478e+00,3.738391e+00,3.317632e+00,2.467895e+00,4.296201e+00,4.285341e+00,4.386106e+00,4.443207e+00,3.201730e+00,2.668978e+00,4.642476e+00,4.743810e+00,4.714213e+00,4.693743e+00,3.170689e+00,4.321228e+00,4.882662e+00,4.925915e+00,4.581482e+00,4.610192e+00,4.681918e+00,4.857756e+00,4.836961e+00,4.792668e+00,4.740996e+00,4.857661e+00,4.730715e+00,4.803035e+00,4.535293e+00,4.934962e+00,4.734582e+00,4.549973e+00,4.866578e+00,4.727137e+00,4.936151e+00,4.923299e+00,4.882427e+00,4.825053e+00
4.781096e+00,4.690161e+00,4.746937e+00,5.051797e+00,4.676921e+00,4.477790e+00,4.697436e+00,4.848430e+00,4.570930e+00,4.651826e+00,4.768481e+00,4.927830e+00,4.477177e+00,4.712785e+00,4.893315e+00,4.768597e+00,4.628495e+00,4.669523e+00,4.812397e+00,4.662077e+00,4.858242e+00,4.536126e+00,4.819955e+00,4.829549e+00,4.807435e+00,5.080961e+00,4.756176e+00,4.961659e+00,4.761318e+00,4.687770e+00,4.550023e+00,4.954557e+00,5.027161e+00,4.287646e+00,4.903505e+00,4.707546e+00,4.971671e+00,4.800742e+00,4.708617e+00,4.771008e+00,4.638528e+00,4.917317e+00,2.538364e+00,2.713571e+00,3.437932e+00,3.343036e+00,3.921606e+00,3.082340e+00,3.588600e+00,2.817967e+00,3.836011e+00,3.410200e+00,2.639574e+00,4.785779e+00,5.036922e+00,3.477925e+00,5.215799e+00,8.916838e+00,4.615156e+00,2.891027e+00,4.640941e+00,2.944399e+00,4.890365e+00,4.870657e+00,3.490972e+00,4.901965e+00,4.764439e+00,2.635934e+00,2.599319e+00,4.635178e+00,3.937327e+00,2.785976e+00,3.179129e+00,2.380243e+00,4.515312e+00,4.551461e+00,4.264672e+00,2.585276e+00,5.006599e+00,4.842246e+00,5.013223e+00,4.426685e+00,3.732466e+00,3.544970e+00,3.310388e+00,4.344154e+00,4.090217e+00,4.832716e+00,4.857095e+00,4.657836e+00,4.922204e+00,4.183267e+00,4.661130e+00,4.595564e+00,4.717954e+00,4.831179e+00,4.568608e+00,4.845608e+00,4.814120e+00,4.736537e+00,4.666204e+00,4.824049e+00,4.469576e+00,5.124074e+00,4.652535e+00,4.823348e+00,4.911722e+00,4.831828e+00,4.928870e+00,4.841623e+00,4.610987e+00,4.893263e+00,4.994782e+00,4.974034e+00
4.590925e+00,4.814842e+00,4.889620e+00,4.798665e+00,4.646613e+00,4.791261e+00,4.954293e+00,4.821352e+00,4.576874e+00,4.578950e+00,4.955258e+00,4.732438e+00,4.707485e+00,4.654309e+00,4.665001e+00,4.845787e+00,4.984416e+00,5.102626e+00,4.808168e+00,4.862782e+00,5.126308e+00,4.916145e+00,4.519304e+00,4.865696e+00,4.813689e+00,4.828996e+00,5.048526e+00,4.834068e+00,4.824592e+00,4.846821e+00,5.010692e+00,4.774894e+00,4.549102e+00,4.635909e+00,4.646636e+00,4.954635e+00,4.841857e+00,4.915995e+00,4.771553e+00,4.867519e+00,4.415907e+00,2.850565e+00,4.408302e+00,3.303277e+00,4.374765e+00,3.873633e+00,4.464546e+00,3.407488e+00,2.560297e+00,2.924846e+00,2.467708e+00,4.186526e+00,2.667630e+00,3.547722e+00,6.428920e+00,4.144179e+00,3.697500e+00,4.401539e+00,3.540621e+00,2.402424e+00,4.644304e+00,4.940669e+00,4.896345e+00,3.078227e+00,3.774990e+00,4.864767e+00,4.988023e+00,4.816591e+00,4.297024e+00,5.089076e+00,4.843984e+00,6.151615e+00,8.923620e+00,4.768029e+00,3.032031e+00,3.588595e+00,3.598382e+00,3.162245e+00,2.720518e+00,4.684443e+00,5.034735e+00,5.034145e+00,3.329312e+00,2.459030e+00,4.096363e+00,4.300456e+00,3.773447e+00,3.833159e+00,2.938225e+00,4.541683e+00,5.150680e+00,4.794192e+00,4.824547e+00,3.993083e+00,3.933404e+00,4.754259e+00,4.933194e+00,4.964713e+00,4.832818e+00,4.783053e+00,4.767763e+00,4.779989e+00,4.739219e+00,5.053241e+00,4.959781e+00,4.796220e+00,4.564405e+00,4.618543e+00,4.984187e+00,4.987590e+00,4.529357e+00,4.447668e+00,4.561396e+00,4.822332e+00
4.847119e+00,5.141337e+00,4.914147e+00,4.995115e+00,4.885026e+00,4.900253e+00,4.685103e+00,4.800218e+00,4.624827e+00,4.790654e+00,4.788270e+00,4.711116e+00,4.672700e+00,4.584057e+00,4.829536e+00,4.683242e+00,4.777239e+00,4.714287e+00,4.931940e+00,4.944034e+00,4.780029e+00,4.447475e+00,4.995446e+00,4.904980e+00,4.627438e+00,4.913326e+00,4.800780e+00,5.072687e+00,4.623954e+00,4.774784e+00,4.780125e+00,5.010294e+00,4.843853e+00,2.419272e+00,4.795304e+00,4.877088e+00,4.864057e+00,5.070229e+00,4.997386e+00,5.061380e+00,3.972510e+00,3.659834e+00,2.575610e+00,4.845305e+00,2.241201e+00,4.613410e+00,4.182538e+00,2.615777e+00,2.814044e+00,4.222736e+00,4.457619e+00,4.601322e+00,3.687903e+00,4.269960e+00,3.113873e+00,4.193532e+00,9.468993e+00,4.564926e+00,4.511835e+00,4.580400e+00,4.809539e+00,4.852477e+00,4.311639e+00,4.618981e+00,5.115096e+00,4.297603e+00,4.691776e+00,4.117654e+00,2.917310e+00,4.590667e+00,5.480021e+00,5.890101e+00,3.926585e+00,2.556200e+00,3.926799e+00,3.641942e+00,3.495511e+00,2.514188e+00,2.822029e+00,4.611632e+00,5.103043e+00,4.718883e+00,4.594293e+00,4.682604e+00,4.521416e+00,4.587500e+00,4.213886e+00,2.458534e+00,4.052063e+00,4.296973e+00,4.051582e+00,4.861603e+00,4.615938e+00,4.736406e+00,4.973960e+00,4.700122e+00,4.753953e+00,5.031785e+00,4.659645e+00,4.787456e+00,4.629606e+00,4.746370e+00,4.764324e+00,5.061914e+00,4.763643e+00,4.962171e+00,4.677419e+00,4.924951e+00,4.932538e+00,4.733235e+00,5.110188e+00,4.718094e+00,4.877636e+00,4.860842e+00
5.046259e+00,4.887914e+00,4.688739e+00,4.961784e+00,4.861162e+00,5.259031e+00,5.042147e+00,4.805536e+00,4.665526e+00,4.790132e+00,5.051188e+00,4.594113e+00,4.472036e+00,4.767719e+00,4.549963e+00,4.678961e+00,4.919167e+00,5.010259e+00,4.404511e+00,4.745662e+00,4.812351e+00,4.916940e+00,4.701813e+00,4.927205e+00,5.081408e+00,4.743830e+00,4.857875e+00,4.376007e+00,5.001778e+00,4.790277e+00,4.605664e+00,4.672810e+00,4.546419e+00,4.934813e+00,5.078493e+00,4.829414e+00,4.866174e+00,5.058288e+00,4.248417e+00,4.642679e+00,2.920311e+00,4.375148e+00,4.374301e+00,2.757530e+00,3.761056e+00,3.545897e+00,2.303556e+00,4.995074e+00,2.155837e+00,3.901069e+00,4.316671e+00,3.053351e+00,2.705768e+00,2.740515e+00,4.155372e+00,5.205521e+00,2.794697e+00,5.276374e+00,3.021759e+00,4.431472e+00,4.249882e+00,3.034484e+00,4.948201e+00,4.653781e+00,4.947952e+00,4.953768e+00,4.795173e+00,4.567763e+00,3.111528e+00,4.347578e+00,4.227812e+00,2.170782e+00,4.617361e+00,7.598600e+00,5.413933e+00,2.398537e+00,4.425046e+00,4.708126e+00,4.789630e+00,4.812744e+00,4.658693e+00,3.041152e+00,4.714949e+00,5.133137e+00,3.201909e+00,4.243864e+00,4.256345e+00,4.182551e+00,3.499807e+00,3.053520e+00,3.378269e+00,4.927429e+00,4.835899e+00,4.821270e+00,4.827851e+00,3.825795e+00,3.445769e+00,3.936842e+00,4.181043e+00,4.583317e+00,4.978517e+00,4.972325e+00,4.865469e+00,4.869029e+00,4.695771e+00,5.091690e+00,4.993190e+00,4.989056e+00,4.862350e+00,4.798393e+00,5.034130e+00,5.077641e+00,5.159349e+00,4.785349e+00
4.763590e+00,4.909736e+00,4.865292e+00,4.842269e+00,4.594958e+00,4.935678e+00,4.664369e+00,4.939347e+00,4.672494e+00,4.951633e+00,4.729919e+00,4.201723e+00,4.970745e+00,4.385752e+00,4.921694e+00,4.992222e+00,4.957844e+00,4.964982e+00,4.756013e+00,4.930279e+00,4.900368e+00,4.731400e+00,4.949328e+00,4.748734e+00,4.972566e+00,4.819985e+00,4.982694e+00,5.008252e+00,4.926940e+00,4.096192e+00,4.791410e+00,2.982374e+00,4.769594e+00,4.781282e+00,4.806979e+00,5.017808e+00,4.850185e+00,2.770646e+00,2.749797e+00,3.283547e+00,4.262260e+00,2.957727e+00,4.367525e+00,4.116529e+00,3.305702e+00,3.617689e+00,3.690288e+00,4.216534e+00,4.095475e+00,3.429544e+00,4.083868e+00,5.044773e+00,2.607894e+00,3.071020e+00,3.679636e+00,3.334669e+00,3.594458e+00,4.897309e+00,3.004429e+00,2.987640e+00,4.177972e+00,4.135580e+00,4.394883e+00,3.549654e+00,4.888098e+00,4.654262e+00,3.719093e+00,3.375316e+00,3.566092e+00,3.190310e+00,2.770106e+00,4.908807e+00,3.850272e+00,3.428199e+00,4.228345e+00,2.580113e+00,2.543237e+00,4.943387e+00,4.344865e+00,5.071214e+00,4.439599e+00,4.656554e+00,4.759650e+00,4.834764e+00,4.256973e+00,2.706205e+00,4.168465e+00,3.938677e+00,4.951493e+00,3.584594e+00,2.573449e+00,2.915746e+00,3.245651e+00,4.835731e+00,5.036316e+00,5.072445e+00,2.892385e+00,2.469762e+00,4.809936e+00,4.708202e+00,4.909597e+00,4.828026e+00,4.924605e+00,4.553439e+00,4.206766e+00,4.817914e+00,4.716563e+00,5.011639e+00,4.886481e+00,4.695379e+00,4.953037e+00,4.494741e+00,4.808723e+00,4.957883e+00
4.706402e+00,4.702179e+00,4.986259e+00,4.593238e+00,4.909306e+00,4.776620e+00,4.793047e+00,4.512026e+00,4.959856e+00,4.748002e+00,4.806291e+00,4.771512e+00,4.996011e+00,4.736345e+00,4.828939e+00,4.904214e+00,4.812627e+00,4.202680e+00,4.976193e+00,4.630827e+00,5.073799e+00,4.846103e+00,5.010925e+00,4.652784e+00,5.021838e+00,5.075614e+00,4.675161e+00,4.913603e+00,5.018172e+00,4.658806e+00,5.100661e+00,4.773917e+00,4.762846e+00,4.909817e+00,4.704934e+00,5.303292e+00,4.505227e+00,4.341208e+00,2.772021e+00,5.039692e+00,3.334495e+00,3.426513e+00,2.418439e+00,2.860030e+00,2.560884e+00,3.341122e+00,4.195018e+00,4.652520e+00,3.914518e+00,2.888507e+00,4.311866e+00,2.769667e+00,8.276259e+00,4.501021e+00,4.783518e+00,5.258425e+00,2.902082e+00,3.608112e+00,4.871296e+00,4.165856e+00,3.421835e+00,4.022223e+00,4.525858e+00,4.933475e+00,2.617028e+00,4.128152e+00,2.963729e+00,4.578786e+00,4.505063e+00,3.958013e+00,5.728972e+00,3.005509e+00,3.153920e+00,4.148838e+00,2.294417e+00,4.165149e+00,4.867560e+00,5.112474e+00,4.471035e+00,4.907433e+00,4.579277e+00,4.543293e+00,4.015560e+00,3.322660e+00,4.036167e+00,3.629983e+00,9.245131e+00,4.692289e+00,3.926705e+00,6.401296e+00,2.413120e+00,3.450367e+00,4.575097e+00,2.796964e+00,3.374323e+00,4.857987e+00,4.735327e+00,3.866898e+00,3.257138e+00,4.407236e+00,4.951584e+00,4.839388e+00,4.946058e+00,4.773096e+00,4.923042e+00,4.655114e+00,4.830122e+00,4.728108e+00,4.790076e+00,4.840037e+00,4.867851e+00,4.651349e+00,4.580765e+00,4.748817e+00
4.685927e+00,4.858243e+00,4.719319e+00,4.676992e+00,4.591814e+00,5.064271e+00,4.748593e+00,4.467593e+00,4.940097e+00,4.950643e+00,4.529497e+00,4.625357e+00,4.974061e+00,4.733351e+00,4.723520e+00,4.706935e+00,4.608383e+00,4.829355e+00,5.082340e+00,4.694908e+00,4.982648e+00,4.729098e+00,4.608187e+00,4.757620e+00,5.033321e+00,4.733392e+00,4.786199e+00,4.810122e+00,4.655855e+00,4.708230e+00,4.832835e+00,4.877394e+00,5.165935e+00,5.012377e+00,3.042095e+00,3.894697e+00,5.156239e+00,2.442235e+00,2.463975e+00,2.563578e+00,2.363434e+00,3.970078e+00,4.594229e+00,3.864804e+00,3.874581e+00,4.994661e+00,2.841888e+00,3.095959e+00,5.447652e+00,4.314144e+00,2.708368e+00,4.893186e+00,3.286352e+00,4.909969e+00,2.326044e+00,4.718263e+00,6.293731e+00,3.560125e+00,5.295317e+00,3.666936e+00,4.475377e+00,2.778795e+00,2.739815e+00,4.528295e+00,3.117784e+00,2.667546e+00,3.205207e+00,3.192379e+00,3.202413e+00,5.723165e+00,3.927392e+00,4.574970e+00,4.068781e+00,3.180261e+00,2.525001e+00,3.897733e+00,4.844714e+00,4.693877e+00,4.496386e+00,3.464561e+00,4.850083e+00,4.575815e+00,4.670669e+00,4.380708e+00,2.864125e+00,2.734078e+00,4.120952e+00,3.804667e+00,4.090224e+00,4.038600e+00,4.255174e+00,4.462493e+00,3.607421e+00,3.476305e+00,4.382786e+00,2.682357e+00,4.772062e+00,5.055338e+00,3.934900e+00,4.316003e+00,4.579572e+00,4.779207e+00,4.648483e+00,4.738403e+00,4.687010e+00,4.823774e+00,4.921575e+00,4.789916e+00,4.710607e+00,5.034554e+00,4.769836e+00,4.630172e+00,4.929719e+00,5.059248e+00
4.663272e+00,4.793598e+00,4.794574e+00,4.848773e+00,4.992980e+00,4.524859e+00,4.904306e+00,4.789277e+00,4.697101e+00,4.964055e+00,4.762552e+00,4.462817e+00,4.627713e+00,4.912760e+00,5.064852e+00,4.619984e+00,4.854456e+00,5.020275e+00,4.666200e+00,4.787015e+00,4.701952e+00,4.762188e+00,4.720709e+00,4.499089e+00,4.997695e+00,4.833993e+00,4.841738e+00,4.809733e+00,4.186561e+00,4.737807e+00,4.629189e+00,5.099844e+00,5.089365e+00,3.808655e+00,3.573607e+00,4.234586e+00,4.003010e+00,2.540136e+00,4.782332e+00,2.723266e+00,5.273632e+00,3.188685e+00,4.462143e+00,5.146372e+00,3.445323e+00,3.190574e+00,2.699239e+00,5.995770e+00,3.913598e+00,3.569192e+00,4.052137e+00,4.818276e+00,2.975239e+00,3.711877e+00,4.922198e+00,4.089440e+00,5.337514e+00,3.412164e+00,4.797146e+00,6.114487e+00,3.071522e+00,3.032958e+00,7.443424e+00,5.051995e+00,4.838632e+00,4.479843e+00,4.555424e+00,5.768837e+00,3.991465e+00,3.495335e+00,4.142368e+00,3.391592e+00,3.954180e+00,3.041873e+00,3.873475e+00,3.440778e+00,4.633062e+00,4.930705e+00,4.919404e+00,4.597936e+00,4.721210e+00,5.026969e+00,5.327253e+00,4.729121e+00,2.753959e+00,7.054711e+00,3.973145e+00,3.976064e+00,3.481287e+00,2.966429e+00,2.496156e+00,3.956371e+00,3.696402e+00,3.678298e+00,4.920677e+00,2.597655e+00,4.931651e+00,4.906623e+00,4.367689e+00,4.764228e+00,4.372840e+00,4.823041e+00,4.938787e+00,4.760174e+00,4.712152e+00,4.798259e+00,4.922745e+00,4.869752e+00,5.004678e+00,4.678108e+00,5.012617e+00,4.633825e+00,4.632784e+00,4.914527e+00
4.657282e+00,4.910094e+00,4.938588e+00,4.643574e+00,4.773042e+00,4.853603e+00,4.887976e+00,4.820896e+00,4.952706e+00,4.952946e+00,4.701677e+00,4.984060e+00,4.722779e+00,4.953742e+00,5.028176e+00,4.953019e+00,4.926227e+00,4.985962e+00,4.899199e+00,4.654570e+00,4.956362e+00,4.883479e+00,4.814582e+00,5.118535e+00,4.542427e+00,4.730292e+00,5.112579e+00,5.011636e+00,5.049082e+00,4.869832e+00,4.818635e+00,4.907710e+00,4.461314e+00,4.868854e+00,4.298867e+00,3.439863e+00,3.028040e+00,4.261790e+00,4.104584e+00,4.163750e+00,5.351442e+00,2.443246e+00,5.184113e+00,4.320029e+00,4.671735e+00,7.281689e+00,2.504261e+00,4.319898e+00,5.598414e+00,2.801266e+00,5.702180e+00,3.421518e+00,2.963042e+00,2.625367e+00,2.628202e+00,4.006006e+00,3.207177e+00,4.729590e+00,3.512149e+00,4.191676e+00,4.543189e+00,3.874352e+00,4.596513e+00,3.574289e+00,5.041086e+00,9.231565e+00,3.885299e+00,2.609330e+00,6.130094e+00,3.460323e+00,3.023807e+00,4.505395e+00,5.886473e+00,3.308612e+00,3.197858e+00,3.981908e+00,3.546606e+00,4.718605e+00,4.894255e+00,4.864598e+00,4.874050e+00,4.950008e+00,4.953753e+00,4.304979e+00,3.640028e+00,4.585297e+00,2.790206e+00,4.655142e+00,5.082553e+00,3.566751e+00,4.252103e+00,4.162245e+00,2.813498e+00,3.762877e+00,4.239222e+00,2.756809e+00,4.729014e+00,4.627568e+00,4.880516e+00,4.308536e+00,4.976878e+00,4.849529e+00,4.442359e+00,4.732847e+00,4.585516e+00,4.921324e+00,4.913096e+00,4.706577e+00,4.796017e+00,4.974524e+00,4.642851e+00,5.019407e+00,5.022194e+00,4.803174e+00
4.642140e+00,4.836472e+00,4.653883e+00,5.046169e+00,4.422574e+00,4.908783e+00,4.858634e+00,4.632597e+00,5.108263e+00,4.837081e+00,4.731864e+00,4.780696e+00,4.736099e+00,4.971377e+00,4.860755e+00,4.781559e+00,4.992196e+00,4.838368e+00,4.707232e+00,4.963826e+00,4.846314e+00,4.789830e+00,5.196797e+00,5.098598e+00,4.820293e+00,4.739636e+00,4.734125e+00,4.481365e+00,4.959967e+00,4.718512e+00,4.828444e+00,3.937147e+00,3.937839e+00,4.136286e+00,2.913011e+00,4.693581e+00,4.629268e+00,3.757844e+00,3.579856e+00,4.902609e+00,9.460913e+00,3.791441e+00,2.628998e+00,3.852257e+00,2.639814e+00,3.079592e+00,4.418336e+00,3.062736e+00,4.729017e+00,4.527454e+00,4.377060e+00,7.141201e+00,4.290692e+00,2.715382e+00,3.837607e+00,2.681954e+00,4.698580e+00,5.945258e+00,6.820359e+00,5.519826e+00,3.805900e+00,4.643229e+00,2.441320e+00,4.683640e+00,3.291570e+00,5.026403e+00,9.541284e+00,6.826870e+00,4.817041e+00,2.566630e+00,2.780883e+00,3.718010e+00,3.072876e+00,3.967216e+00,3.361611e+00,3.910192e+00,3.784292e+00,4.910442e+00,4.992614e+00,5.002427e+00,4.862014e+00,4.606281e+00,4.370764e+00,4.535362e+00,5.541692e+00,6.241754e+00,4.339687e+00,2.956720e+00,3.239835e+00,2.621761e+00,4.436180e+00,4.393691e+00,3.968860e+00,3.239897e+00,4.711920e+00,3.538087e+00,2.908006e+00,4.531289e+00,4.979446e+00,4.821303e+00,4.954512e+00,3.690295e+00,4.392218e+00,4.101014e+00,4.716604e+00,4.721229e+00,4.928733e+00,4.855538e+00,4.962119e+00,4.742360e+00,4.610546e+00,4.676676e+00,4.872742e+00,4.776910e+00
4.591045e+00,4.799328e+00,4.559748e+00,4.661261e+00,4.762044e+00,4.727526e+00,4.788408e+00,4.802979e+00,4.707389e+00,4.886929e+00,4.602253e+00,4.929552e+00,4.448342e+00,4.982373e+00,4.880495e+00,4.800017e+00,5.034536e+00,4.780603e+00,4.851076e+00,5.135410e+00,4.946317e+00,4.265397e+00,4.568289e+00,4.644168e+00,4.812785e+00,5.125682e+00,4.906222e+00,4.799807e+00,4.664076e+00,4.909548e+00,5.051433e+00,4.987989e+00,4.188647e+00,4.482684e+00,2.332789e+00,2.764101e+00,4.794185e+00,5.110848e+00,3.631384e+00,4.486309e+00,3.468185e+00,2.970629e+00,5.162392e+00,7.690754e+00,3.065692e+00,4.587395e+00,4.022809e+00,4.630331e+00,2.750813e+00,2.556654e+00,2.642774e+00,2.387546e+00,5.642389e+00,3.124467e+00,3.253776e+00,4.636069e+00,8.260838e+00,4.743327e+00,5.296990e+00,4.850498e+00,8.984435e+00,2.698081e+00,3.712350e+00,5.190870e+00,5.490838e+00,3.779518e+00,3.561467e+00,2.432810e+00,7.919125e+00,4.812168e+00,4.485174e+00,2.789315e+00,3.574687e+00,4.123732e+00,6.843832e+00,4.173807e+00,3.603142e+00,5.033683e+00,4.899919e+00,4.050852e+00,3.378564e+00,3.055433e+00,3.996584e+00,4.691880e+00,2.744830e+00,5.317759e+00,4.597805e+00,3.616706e+00,3.249092e+00,6.232674e+00,3.737749e+00,2.249327e+00,3.866177e+00,2.795753e+00,4.791660e+00,4.103656e+00,4.449618e+00,3.417366e+00,4.125459e+00,5.000840e+00,4.694184e+00,4.552094e+00,4.005202e+00,4.546013e+00,4.806552e+00,4.915299e+00,4.881388e+00,4.862055e+00,4.659714e+00,4.690224e+00,4.964630e+00,4.673739e+00,4.782986e+00,4.950692e+00
4.661228e+00,4.793329e+00,4.688470e+00,4.794718e+00,4.526989e+00,4.782758e+00,4.697767e+00,4.348673e+00,4.811418e+00,4.736228e+00,4.813132e+00,4.846422e+00,4.802225e+00,4.712270e+00,4.776865e+00,4.996436e+00,4.924612e+00,4.755665e+00,4.811331e+00,5.142424e+00,4.775352e+00,4.623350e+00,4.535940e+00,4.908272e+00,4.273174e+00,4.444451e+00,4.877830e+00,4.683065e+00,4.746795e+00,4.924845e+00,5.276707e+00,2.331448e+00,2.835232e+00,3.018262e+00,4.194926e+00,2.938269e+00,3.803621e+00,4.781714e+00,2.653024e+00,4.364371e+00,3.266398e+00,4.744814e+00,2.910530e+00,2.702300e+00,2.174039e+00,3.047373e+00,3.436606e+00,5.996265e+00,2.781706e+00,4.900262e+00,4.479153e+00,2.547542e+00,4.190194e+00,4.324182e+00,5.246982e+00,5.974125e+00,7.066009e+00,7.922384e+00,9.728097e+00,9.819990e+00,5.378823e+00,2.785528e+00,4.479894e+00,3.760635e+00,7.244072e+00,5.099516e+00,3.198331e+00,2.807009e+00,9.117557e+00,3.616075e+00,5.168526e+00,5.180546e+00,4.242730e+00,3.955102e+00,5.053691e+00,5.219281e+00,3.189266e+00,4.729458e+00,2.888353e+00,3.093092e+00,5.044787e+00,2.572890e+00,2.687321e+00,5.224651e+00,2.146288e+00,3.873507e+00,4.771638e+00,4.686264e+00,3.583818e+00,3.996905e+00,3.606307e+00,4.054266e+00,2.661366e+00,4.961760e+00,4.852860e+00,4.297618e+00,3.274671e+00,4.472965e+00,4.340913e+00,4.327003e+00,4.829538e+00,4.870029e+00,4.445701e+00,3.056160e+00,4.974882e+00,4.638478e+00,4.711723e+00,4.727763e+00,4.563076e+00,4.711172e+00,4.856393e+00,4.550840e+00,4.902815e+00,4.678556e+00
4.449462e+00,4.561273e+00,4.876270e+00,4.578063e+00,4.769787e+00,4.586555e+00,4.739716e+00,4.650908e+00,4.583176e+00,4.677701e+00,4.727847e+00,4.811656e+00,4.929309e+00,4.819732e+00,4.921532e+00,4.643834e+00,4.460356e+00,5.006317e+00,4.907646e+00,4.670030e+00,4.930895e+00,4.866441e+00,4.825439e+00,4.917444e+00,4.309661e+00,5.114980e+00,4.686449e+00,4.811703e+00,4.613003e+00,4.016412e+00,3.688837e+00,4.414195e+00,4.545106e+00,2.338483e+00,2.800724e+00,4.366002e+00,4.610755e+00,2.761290e+00,4.160002e+00,4.588216e+00,5.097245e+00,4.809625e+00,4.392116e+00,4.472442e+00,5.029821e+00,2.794072e+00,5.545663e+00,4.117940e+00,4.110166e+00,4.763838e+00,2.962624e+00,4.510175e+00,3.989266e+00,6.694096e+00,9.096514e+00,5.132681e+00,2.587180e+00,2.962292e+00,4.121018e+00,4.527012e+00,3.499658e+00,4.182329e+00,5.430326e+00,2.092608e+00,5.907306e+00,9.126104e+00,9.436393e+00,4.369268e+00,9.407383e+00,3.225381e+00,2.689612e+00,3.409763e+00,9.376414e+00,5.081909e+00,2.899478e+00,6.345325e+00,3.566957e+00,2.697900e+00,4.485541e+00,5.021206e+00,4.461865e+00,4.370795e+00,4.948123e+00,3.051661e+00,5.215185e+00,4.566549e+00,4.335529e+00,4.282542e+00,3.922957e+00,3.033186e+00,3.419163e+00,4.215279e+00,3.623408e+00,4.967469e+00,4.806142e+00,4.627041e+00,3.711044e+00,3.345198e+00,4.774014e+00,3.177640e+00,4.035609e+00,4.451597e+00,4.920132e+00,4.256393e+00,4.283238e+00,4.265605e+00,4.930107e+00,4.282254e+00,4.808383e+00,4.698378e+00,4.817644e+00,4.743664e+00,4.779338e+00,4.918574e+00
4.632136e+00,4.695315e+00,4.690278e+00,4.456555e+00,4.600881e+00,4.671353e+00,4.864936e+00,4.398077e+00,4.843315e+00,4.836119e+00,4.664367e+00,4.583108e+00,4.857308e+00,4.945733e+00,4.666966e+00,4.853231e+00,4.740246e+00,4.847093e+00,4.926817e+00,4.823494e+00,4.739516e+00,4.957862e+00,4.714570e+00,4.893640e+00,4.874825e+00,4.798294e+00,5.051500e+00,4.618835e+00,4.605532e+00,4.582635e+00,4.305785e+00,4.348900e+00,4.120721e+00,4.542139e+00,3.401363e+00,4.847449e+00,4.383480e+00,4.819148e+00,4.891031e+00,3.996755e+00,4.291667e+00,4.475906e+00,3.318307e+00,2.139647e+00,3.608594e+00,3.488712e+00,2.490490e+00,4.228980e+00,4.444346e+00,2.989559e+00,4.081395e+00,2.684180e+00,5.525686e+00,6.052989e+00,4.647361e+00,3.480414e+00,3.337622e+00,2.767183e+00,2.568677e+00,4.474236e+00,4.071208e+00,3.797604e+00,4.077553e+00,6.389685e+00,5.174050e+00,3.885628e+00,9.172303e+00,9.685881e+00,3.126134e+00,3.892479e+00,3.926877e+00,8.447786e+00,4.530096e+00,5.467976e+00,4.633251e+00,3.913564e+00,3.134765e+00,2.242697e+00,2.529936e+00,3.941151e+00,3.533695e+00,4.703691e+00,3.242636e+00,3.730231e+00,6.116658e+00,3.831540e+00,5.073354e+00,2.678959e+00,3.768789e+00,3.745801e+00,4.504167e+00,3.710427e+00,4.944182e+00,4.873016e+00,4.032421e+00,4.887547e+00,4.885222e+00,2.354677e+00,2.075752e+00,2.634022e+00,4.891556e+00,4.668301e+00,4.814927e+00,4.868458e+00,4.285840e+00,4.719888e+00,4.816818e+00,4.730696e+00,4.872485e+00,4.568761e+00,4.781652e+00,5.035930e+00,4.813664e+00,4.817766e+00
4.927563e+00,4.652333e+00,5.111565e+00,4.894242e+00,4.621075e+00,4.664689e+00,4.939080e+00,4.831246e+00,4.807275e+00,4.974758e+00,4.840855e+00,4.756390e+00,4.814591e+00,4.432579e+00,4.831731e+00,4.787983e+00,4.746337e+00,4.936610e+00,4.918531e+00,4.870774e+00,4.650285e+00,4.806443e+00,4.929609e+00,3.961134e+00,4.635092e+00,4.953020e+00,4.936289e+00,4.751183e+00,3.968542e+00,2.876334e+00,4.821964e+00,3.974168e+00,2.813236e+00,5.157651e+00,4.874603e+00,4.906508e+00,4.030088e+00,5.166894e+00,4.836545e+00,3.812381e+00,3.347070e+00,2.724317e+00,4.621824e+00,3.668826e+00,3.359484e+00,3.260265e+00,4.310011e+00,3.210414e+00,4.228144e+00,4.578167e+00,2.503942e+00,3.221840e+00,3.432379e+00,3.400862e+00,4.069907e+00,2.824507e+00,5.107540e+00,2.283464e+00,2.401289e+00,9.714355e+00,9.265612e+00,4.174228e+00,4.612733e+00,3.280160e+00,4.987536e+00,5.491847e+00,5.803421e+00,3.271086e+00,4.772616e+00,3.382171e+00,3.421925e+00,9.357343e+00,3.975737e+00,3.319050e+00,3.030673e+00,9.504625e+00,3.506473e+00,9.406724e+00,4.731114e+00,5.847851e+00,5.116471e+00,3.516664e+00,2.961367e+00,5.894526e+00,3.732590e+00,2.621854e+00,4.889822e+00,4.925191e+00,3.875966e+00,3.868357e+00,4.844724e+00,4.916723e+00,4.846226e+00,4.714163e+00,4.920956e+00,4.628402e+00,4.640028e+00,2.790728e+00,3.381475e+00,3.916397e+00,2.814691e+00,4.490492e+00,4.928227e+00,4.475906e+00,3.145398e+00,4.307007e+00,4.584527e+00,4.618205e+00,4.996291e+00,4.820387e+00,4.871519e+00,4.857711e+00,4.984095e+00,4.543420e+00
4.538538e+00,4.870999e+00,4.766695e+00,4.869399e+00,4.564006e+00,4.741490e+00,4.923830e+00,4.777484e+00,4.705227e+00,4.903801e+00,4.944693e+00,4.684385e+00,4.620763e+00,4.729106e+00,4.898756e+00,4.702165e+00,4.753496e+00,4.637869e+00,5.059813e+00,4.910718e+00,4.753976e+00,4.668288e+00,4.879471e+00,5.006373e+00,4.757225e+00,4.900493e+00,4.912855e+00,4.670349e+00,3.642141e+00,3.404922e+00,4.569700e+00,2.418108e+00,4.785633e+00,4.662778e+00,4.862811e+00,2.574521e+00,4.439411e+00,2.878885e+00,4.648236e+00,2.490415e+00,4.803029e+00,4.849455e+00,2.915614e+00,3.789129e+00,4.760814e+00,2.664623e+00,4.026630e+00,3.513191e+00,2.747445e+00,4.042205e+00,4.227895e+00,3.162410e+00,3.617732e+00,3.074574e+00,7.312404e+00,5.029230e+00,4.593724e+00,3.249849e+00,4.232452e+00,4.763345e+00,4.158583e+00,3.457901e+00,4.448725e+00,5.653476e+00,5.370370e+00,3.037041e+00,4.168299e+00,8.035913e+00,4.673557e+00,3.409342e+00,5.040090e+00,5.031003e+00,4.143273e+00,3.831200e+00,4.024750e+00,4.091187e+00,6.715285e+00,5.877819e+00,3.938297e+00,2.756220e+00,3.494455e+00,2.529766e+00,2.605654e+00,5.098565e+00,3.959468e+00,4.807119e+00,4.885925e+00,4.849786e+00,4.942420e+00,4.951204e+00,4.816477e+00,4.987699e+00,4.770325e+00,4.398425e+00,4.906132e+00,4.816467e+00,4.909336e+00,3.809706e+00,3.529280e+00,4.280603e+00,3.883444e+00,4.556729e+00,4.895581e+00,4.908452e+00,4.785013e+00,4.196835e+00,5.123131e+00,4.135736e+00,4.719587e+00,4.463302e+00,4.671933e+00,4.835284e+00,4.843391e+00,5.000728e+00
4.427782e+00,4.966754e+00,5.020116e+00,4.795843e+00,4.672987e+00,4.907438e+00,4.653371e+00,4.873304e+00,4.880285e+00,4.686903e+00,4.902334e+00,4.739191e+00,4.928117e+00,4.962779e+00,4.805343e+00,4.758979e+00,4.860792e+00,4.724307e+00,5.024241e+00,4.764604e+00,4.644120e+00,4.630620e+00,4.743464e+00,4.866589e+00,4.952950e+00,4.878841e+00,4.655825e+00,4.225279e+00,4.102873e+00,4.231477e+00,2.544832e+00,3.254709e+00,3.241493e+00,4.812419e+00,3.293805e+00,4.516445e+00,4.090704e+00,4.238173e+00,3.499612e+00,4.854831e+00,3.849397e+00,4.353661e+00,2.665815e+00,2.495361e+00,2.818320e+00,3.119951e+00,5.290260e+00,2.349729e+00,2.586340e+00,3.673575e+00,3.710097e+00,5.666863e+00,4.410935e+00,4.614333e+00,4.118004e+00,3.943908e+00,3.930609e+00,2.484544e+00,3.711962e+00,2.766534e+00,4.616320e+00,3.454584e+00,3.585408e+00,3.163915e+00,9.412099e+00,5.177503e+00,6.883962e+00,3.234480e+00,3.496042e+00,2.443490e+00,3.502361e+00,2.773990e+00,5.454225e+00,3.538525e+00,4.828674e+00,3.301605e+00,5.336592e+00,2.832391e+00,4.481993e+00,2.575080e+00,3.571448e+00,3.046275e+00,4.549426e+00,3.828554e+00,3.293476e+00,4.876805e+00,5.186633e+00,4.674572e+00,3.157262e+00,4.948689e+00,4.497425e+00,4.841600e+00,4.727186e+00,4.858207e+00,5.208359e+00,4.958269e+00,4.549569e+00,4.582351e+00,3.678469e+00,2.440064e+00,2.643870e+00,3.567513e+00,4.264412e+00,4.624777e+00,4.555807e+00,2.392576e+00,4.126447e+00,4.399726e+00,4.901132e+00,4.710164e+00,4.820079e+00,4.690228e+00,4.851517e+00,4.641179e+00
4.765546e+00,4.962091e+00,4.816390e+00,4.086155e+00,4.883946e+00,4.829440e+00,4.721698e+00,4.683570e+00,4.856974e+00,4.642610e+00,4.703451e+00,4.956061e+00,4.900946e+00,4.786168e+00,4.660189e+00,4.540517e+00,4.678062e+00,5.021814e+00,4.776157e+00,4.841061e+00,4.089885e+00,4.523621e+00,5.012295e+00,4.776249e+00,5.064484e+00,4.920774e+00,3.940483e+00,4.476827e+00,4.645156e+00,3.471985e+00,4.430699e+00,4.845003e+00,4.803061e+00,5.066004e+00,2.390204e+00,2.745894e+00,3.875000e+00,3.649475e+00,3.894031e+00,5.008453e+00,4.902714e+00,2.717685e+00,2.572602e+00,3.978874e+00,4.057417e+00,3.944923e+00,3.193393e+00,2.366383e+00,3.928050e+00,3.619900e+00,5.779915e+00,4.607171e+00,3.838418e+00,4.319072e+00,3.834471e+00,3.783886e+00,3.527707e+00,3.666959e+00,3.319377e+00,4.449803e+00,4.056470e+00,2.933785e+00,3.700149e+00,2.736821e+00,3.239641e+00,4.024249e+00,2.450092e+00,2.767912e+00,4.701058e+00,4.917602e+00,4.765880e+00,5.042736e+00,4.861422e+00,5.111470e+00,4.838001e+00,4.829874e+00,4.502349e+00,3.769683e+00,6.127933e+00,3.157656e+00,5.041566e+00,4.208501e+00,3.465102e+00,3.414407e+00,2.269633e+00,3.653190e+00,3.802381e+00,3.687001e+00,4.156863e+00,3.590096e+00,2.648656e+00,3.007857e+00,4.985431e+00,3.719365e+00,4.481669e+00,4.363851e+00,5.063688e+00,3.127774e+00,3.324766e+00,4.614213e+00,2.809299e+00,3.904799e+00,3.641660e+00,5.071285e+00,5.001657e+00,4.978285e+00,2.799319e+00,4.922476e+00,3.221413e+00,4.811504e+00,4.799084e+00,4.611140e+00,5.017342e+00,4.618592e+00
4.864609e+00,4.874804e+00,4.860857e+00,4.777627e+00,4.764814e+00,4.815835e+00,4.797268e+00,4.910825e+00,4.588205e+00,4.775637e+00,4.688011e+00,4.910180e+00,4.701015e+00,4.634435e+00,4.935874e+00,4.789358e+00,4.904165e+00,4.671300e+00,4.883112e+00,4.586743e+00,5.115188e+00,4.938944e+00,4.745242e+00,4.657719e+00,5.035336e+00,4.788122e+00,3.669240e+00,4.591542e+00,3.347018e+00,2.860907e+00,4.097709e+00,3.662163e+00,4.676263e+00,3.530392e+00,4.482897e+00,4.164982e+00,4.620724e+00,3.307202e+00,4.322614e+00,4.660827e+00,4.817548e+00,4.295145e+00,4.713988e+00,3.311842e+00,2.780998e+00,2.542258e+00,4.969066e+00,3.564858e+00,2.621058e+00,5.001121e+00,2.089691e+00,7.759131e+00,5.424568e+00,5.752874e+00,5.914095e+00,4.725352e+00,3.119005e+00,4.771333e+00,4.582523e+00,2.626382e+00,4.310909e+00,8.715921e+00,5.676808e+00,4.011712e+00,2.087454e+00,5.041902e+00,4.854771e+00,4.965011e+00,4.958589e+00,4.628086e+00,5.011999e+00,4.734242e+00,5.049011e+00,4.484730e+00,5.185078e+00,4.951094e+00,4.685576e+00,4.911047e+00,4.914514e+00,4.803633e+00,3.653087e+00,3.449247e+00,5.515370e+00,2.706576e+00,2.518610e+00,4.028577e+00,4.310266e+00,2.541435e+00,3.445571e+00,3.404430e+00,4.990519e+00,4.831991e+00,3.077425e+00,4.437156e+00,3.608802e+00,4.514945e+00,2.301972e+00,3.212513e+00,3.993072e+00,3.306963e+00,4.598166e+00,3.305455e+00,3.170520e+00,4.638067e+00,5.190483e+00,4.718197e+00,4.390865e+00,4.417081e+00,4.513044e+00,4.853387e+00,4.968356e+00,4.666653e+00,4.696078e+00,4.988486e+00
4.685321e+00,4.844178e+00,4.379596e+00,4.761038e+00,5.040650e+00,4.730300e+00,4.875289e+00,4.824626e+00,4.820741e+00,4.761036e+00,4.797172e+00,4.446364e+00,4.653542e+00,4.869437e+00,4.662339e+00,4.925754e+00,4.735155e+00,4.725719e+00,4.654504e+00,4.927805e+00,2.778277e+00,4.704741e+00,4.873357e+00,4.526947e+00,4.491706e+00,4.400330e+00,4.802611e+00,4.483798e+00,4.043069e+00,3.551275e+00,2.495906e+00,4.668097e+00,4.961716e+00,2.797678e+00,2.684018e+00,2.525506e+00,3.817929e+00,3.835302e+00,3.099609e+00,3.004120e+00,4.467526e+00,5.213392e+00,3.819179e+00,2.842469e+00,3.010216e+00,4.446109e+00,3.412625e+00,3.885622e+00,3.240332e+00,3.611309e+00,3.354016e+00,3.772254e+00,3.113904e+00,2.276923e+00,2.712858e+00,5.857116e+00,2.946632e+00,3.543636e+00,9.100811e+00,2.399865e+00,3.610230e+00,4.494567e+00,2.287559e+00,4.645476e+00,5.020604e+00,4.941391e+00,4.867332e+00,4.548376e+00,4.805346e+00,4.994381e+00,4.890647e+00,4.743803e+00,3.413420e+00,4.508822e+00,4.369359e+00,4.849627e+00,4.596237e+00,4.845674e+00,4.928950e+00,5.185801e+00,4.816387e+00,2.828650e+00,4.630957e+00,2.771312e+00,4.707305e+00,2.666280e+00,4.090881e+00,2.750674e+00,3.161107e+00,3.280657e+00,4.824288e+00,2.991727e+00,4.770308e+00,3.182344e+00,3.558754e+00,3.447610e+00,2.992828e+00,2.612472e+00,2.589539e+00,3.452029e+00,3.963756e+00,3.283596e+00,4.177861e+00,4.043355e+00,3.786833e+00,4.851155e+00,4.831956e+00,4.780646e+00,4.679851e+00,4.579002e+00,5.023498e+00,4.915722e+00,4.788526e+00,4.765975e+00
4.789438e+00,4.542950e+00,4.766486e+00,4.725940e+00,4.625269e+00,5.027569e+00,4.187444e+00,4.697960e+00,4.693909e+00,4.929429e+00,4.768751e+00,4.151636e+00,4.506875e+00,4.786381e+00,4.741611e+00,4.748351e+00,4.837550e+00,4.620443e+00,4.993705e+00,4.285169e+00,3.360190e+00,4.527123e+00,4.891289e+00,5.024518e+00,3.938069e+00,4.186700e+00,3.688080e+00,3.333152e+00,4.037993e+00,3.848372e+00,4.744586e+00,4.785772e+00,2.421200e+00,2.799724e+00,2.154951e+00,4.208399e+00,3.670086e+00,4.913906e+00,3.216020e+00,3.172860e+00,4.913001e+00,5.190734e+00,4.412104e+00,2.984194e+00,3.420368e+00,4.646385e+00,3.739502e+00,4.598316e+00,4.146540e+00,2.304033e+00,6.201699e+00,3.530057e+00,9.911657e+00,4.222041e+00,5.197912e+00,4.865391e+00,6.821894e+00,3.682443e+00,3.018711e+00,3.510757e+00,3.684660e+00,4.813494e+00,4.922655e+00,4.723221e+00,4.554214e+00,4.873216e+00,4.292985e+00,4.422404e+00,4.773647e+00,4.653001e+00,4.258563e+00,4.735677e+00,3.323247e+00,4.484262e+00,4.905430e+00,4.838508e+00,4.826820e+00,4.670342e+00,4.540104e+00,4.846723e+00,4.672378e+00,4.680115e+00,4.535904e+00,3.140625e+00,0.000000e+00,2.838449e+00,4.033983e+00,2.372083e+00,3.380979e+00,3.631423e+00,4.772033e+00,4.949157e+00,4.616283e+00,3.941766e+00,2.558254e+00,3.709299e+00,3.328383e+00,4.040122e+00,3.248470e+00,3.674534e+00,3.851254e+00,4.023861e+00,3.555031e+00,4.065684e+00,4.993130e+00,4.724580e+00,4.645148e+00,3.877973e+00,4.198711e+00,2.526163e+00,4.998922e+00,4.978673e+00,4.761466e+00,4.812247e+00
4.907338e+00,4.776427e+00,4.780362e+00,4.770709e+00,4.741070e+00,4.744107e+00,4.367682e+00,4.731170e+00,4.710149e+00,4.646406e+00,4.679448e+00,4.550017e+00,4.801829e+00,4.500378e+00,4.609404e+00,4.800614e+00,4.711669e+00,4.529870e+00,4.774820e+00,4.798429e+00,4.679544e+00,4.791323e+00,4.896719e+00,4.706395e+00,4.391230e+00,4.184157e+00,3.164065e+00,2.939433e+00,2.479877e+00,2.861125e+00,4.725149e+00,4.700435e+00,3.972741e+00,4.293380e+00,3.329187e+00,3.605173e+00,3.790781e+00,2.232516e+00,3.760229e+00,4.442987e+00,3.917446e+00,4.469188e+00,4.700056e+00,4.411371e+00,3.356128e+00,4.150725e+00,2.771366e+00,3.926801e+00,4.344187e+00,4.649098e+00,2.839206e+00,2.486721e+00,3.802916e+00,4.725726e+00,2.910643e+00,3.550741e+00,3.231031e+00,4.232469e+00,2.912786e+00,4.166417e+00,4.554184e+00,5.043938e+00,2.979532e+00,5.226159e+00,4.755993e+00,5.017329e+00,4.329942e+00,4.637864e+00,4.525218e+00,4.617658e+00,4.334177e+00,4.769904e+00,3.978589e+00,3.805563e+00,4.547991e+00,4.570738e+00,4.225427e+00,5.018493e+00,4.397029e+00,4.998188e+00,4.544696e+00,4.764767e+00,4.830374e+00,4.570590e+00,2.235546e+00,4.467991e+00,2.695538e+00,3.493721e+00,2.694375e+00,5.329046e+00,4.848374e+00,4.984517e+00,5.518807e+00,2.796617e+00,4.278516e+00,4.057169e+00,3.591322e+00,2.740684e+00,4.539026e+00,3.204563e+00,3.194605e+00,4.206407e+00,2.534352e+00,2.578684e+00,4.778039e+00,3.886597e+00,4.876233e+00,4.827760e+00,3.904272e+00,4.792167e+00,4.861697e+00,4.856243e+00,4.246891e+00,4.851730e+00
4.826096e+00,4.525011e+00,4.819215e+00,4.863642e+00,4.894103e+00,4.742633e+00,4.534949e+00,4.920773e+00,4.880199e+00,4.699221e+00,4.631997e+00,4.669504e+00,4.811870e+00,4.574999e+00,4.913059e+00,4.703710e+00,4.671583e+00,4.834866e+00,4.468825e+00,3.543971e+00,4.939656e+00,4.905040e+00,5.040455e+00,4.747218e+00,4.276969e+00,3.563409e+00,3.173356e+00,2.609917e+00,4.350282e+00,4.795123e+00,4.861161e+00,4.106947e+00,2.813450e+00,3.877284e+00,4.727123e+00,2.607561e+00,4.267180e+00,3.203364e+00,4.152618e+00,3.627932e+00,4.942101e+00,4.515821e+00,3.646900e+00,4.550558e+00,4.767835e+00,4.809647e+00,4.533585e+00,3.882272e+00,3.529584e+00,3.449146e+00,2.122798e+00,4.313284e+00,2.811535e+00,4.682010e+00,3.299026e+00,4.531087e+00,3.562442e+00,2.583722e+00,5.212352e+00,4.786739e+00,4.624762e+00,4.637086e+00,4.788630e+00,4.812871e+00,3.926435e+00,4.749242e+00,5.038408e+00,4.470076e+00,4.864282e+00,4.188055e+00,3.799810e+00,4.775865e+00,4.831830e+00,4.527258e+00,4.848322e+00,4.537646e+00,2.459740e+00,3.911098e+00,4.083623e+00,4.545321e+00,4.308308e+00,4.638108e+00,4.644958e+00,5.090351e+00,4.880675e+00,3.300307e+00,3.743812e+00,3.769331e+00,4.166382e+00,4.596824e+00,2.553839e+00,3.026625e+00,2.366240e+00,2.741295e+00,2.896161e+00,2.801998e+00,4.485980e+00,2.789759e+00,2.618208e+00,6.632734e+00,6.615184e+00,2.571301e+00,2.924005e+00,3.175442e+00,3.711037e+00,4.411228e+00,4.358348e+00,4.616251e+00,3.149219e+00,4.606114e+00,4.788820e+00,4.727628e+00,4.644467e+00,4.653815e+00
4.834411e+00,4.400698e+00,4.849997e+00,4.747680e+00,4.722894e+00,4.673696e+00,4.729701e+00,4.618106e+00,4.483748e+00,4.689147e+00,4.484729e+00,4.494552e+00,4.776091e+00,4.720319e+00,4.931668e+00,4.641258e+00,4.689900e+00,4.819930e+00,4.595108e+00,4.474882e+00,4.587991e+00,4.692380e+00,4.807397e+00,4.379430e+00,4.113648e+00,4.130769e+00,2.667759e+00,3.668971e+00,3.025295e+00,4.819772e+00,4.784805e+00,4.166971e+00,3.763859e+00,2.870657e+00,3.960324e+00,3.025467e+00,3.003326e+00,3.812047e+00,4.106110e+00,4.966934e+00,5.132162e+00,4.350044e+00,4.730797e+00,4.327752e+00,4.678885e+00,3.126121e+00,4.254015e+00,4.726719e+00,4.683980e+00,4.746135e+00,4.717412e+00,3.364446e+00,2.643597e+00,4.064173e+00,2.821001e+00,3.948529e+00,5.092258e+00,4.645954e+00,4.971496e+00,4.654541e+00,4.803499e+00,5.035122e+00,4.747736e+00,4.271144e+00,3.735621e+00,3.095584e+00,4.691665e+00,4.013733e+00,3.102431e+00,4.428567e+00,2.582924e+00,2.423356e+00,2.569049e+00,3.328743e+00,2.869529e+00,4.195148e+00,4.567224e+00,3.089657e+00,3.284942e+00,4.861403e+00,4.770323e+00,3.850808e+00,4.856379e+00,4.617829e+00,4.994300e+00,4.414766e+00,3.963352e+00,3.106570e+00,3.499408e+00,5.019982e+00,3.310740e+00,2.685064e+00,2.684003e+00,3.077611e+00,3.819083e+00,3.452647e+00,2.569236e+00,3.108875e+00,2.724579e+00,2.579789e+00,3.456972e+00,4.562455e+00,2.317197e+00,2.596433e+00,2.744978e+00,4.590540e+00,4.493815e+00,4.993988e+00,4.691718e+00,3.513734e+00,4.821312e+00,4.445634e+00,4.814387e+00,4.717751e+00
4.858403e+00,4.579518e+00,4.755707e+00,4.906503e+00,4.903443e+00,4.769426e+00,4.453880e+00,4.760192e+00,4.757249e+00,4.564606e+00,4.875914e+00,4.683501e+00,4.798987e+00,4.600310e+00,4.815642e+00,4.870989e+00,4.604720e+00,4.868999e+00,4.634070e+00,4.659422e+00,4.878880e+00,4.739549e+00,4.766249e+00,4.400149e+00,3.453508e+00,4.432584e+00,2.362618e+00,3.526692e+00,4.828128e+00,4.744462e+00,4.157002e+00,4.537794e+00,2.618153e+00,3.226322e+00,3.261468e+00,3.816569e+00,4.950430e+00,2.351357e+00,4.747476e+00,4.987876e+00,4.489578e+00,4.930477e+00,3.722157e+00,2.952206e+00,3.417381e+00,3.248667e+00,2.111998e+00,2.804042e+00,3.467552e+00,4.568456e+00,2.657293e+00,4.328454e+00,4.654188e+00,3.831368e+00,4.894538e+00,4.855400e+00,5.192264e+00,4.550295e+00,4.609645e+00,4.908703e+00,4.468703e+00,4.691971e+00,4.213327e+00,2.625465e+00,2.999382e+00,3.530306e+00,3.240142e+00,2.682038e+00,3.671343e+00,2.994984e+00,3.533220e+00,2.496226e+00,3.063421e+00,2.381294e+00,2.973551e+00,3.013380e+00,2.387251e+00,2.602495e+00,2.591327e+00,3.023240e+00,4.736690e+00,4.594844e+00,3.894593e+00,4.917940e+00,4.522467e+00,5.037572e+00,4.439178e+00,3.300089e+00,3.830133e+00,2.335642e+00,3.725115e+00,2.498870e+00,3.441703e+00,2.688893e+00,3.354967e+00,3.403884e+00,2.799807e+00,3.003063e+00,3.862998e+00,3.936218e+00,3.311796e+00,3.767708e+00,2.800491e+00,3.098504e+00,3.553241e+00,2.823575e+00,4.694959e+00,4.591042e+00,4.512429e+00,2.710712e+00,4.981948e+00,4.872084e+00,4.739158e+00,4.610298e+00
4.948904e+00,4.865517e+00,4.811128e+00,4.360559e+00,4.742745e+00,4.786846e+00,4.610321e+00,4.425544e+00,4.869688e+00,4.674381e+00,4.732727e+00,4.691096e+00,4.801691e+00,4.707436e+00,4.864222e+00,4.516311e+00,4.243052e+00,4.401303e+00,4.187694e+00,4.880111e+00,4.620624e+00,4.698228e+00,4.870051e+00,4.655180e+00,4.547556e+00,4.495825e+00,2.642987e+00,4.268420e+00,4.687771e+00,5.063566e+00,2.727589e+00,3.408643e+00,3.262172e+00,3.201023e+00,3.727542e+00,4.013125e+00,4.108464e+00,4.725153e+00,4.935571e+00,4.693184e+00,4.971579e+00,4.552500e+00,2.894780e+00,2.580681e+00,3.234184e+00,2.968667e+00,4.620585e+00,3.860292e+00,4.581518e+00,2.302979e+00,3.990463e+00,4.786532e+00,4.496655e+00,4.941222e+00,4.412328e+00,3.730605e+00,2.419784e+00,4.713175e+00,4.333361e+00,4.800490e+00,4.497785e+00,4.215857e+00,2.049540e+00,3.081732e+00,3.212416e+00,4.364308e+00,3.139880e+00,2.923939e+00,3.898372e+00,4.301030e+00,3.231904e+00,2.538043e+00,2.872738e+00,2.245473e+00,4.489381e+00,3.442101e+00,2.853560e+00,2.199676e+00,2.937395e+00,4.684226e+00,4.737253e+00,4.449899e+00,4.509681e+00,4.082623e+00,4.986723e+00,2.358832e+00,4.450554e+00,2.511843e+00,4.403212e+00,3.998119e+00,2.267590e+00,2.948573e+00,5.733367e+00,3.257534e+00,4.350353e+00,2.398285e+00,2.868360e+00,2.867179e+00,3.084017e+00,4.286196e+00,4.867607e+00,4.718418e+00,4.184301e+00,5.033897e+00,2.441220e+00,3.061093e+00,4.701872e+00,4.923679e+00,4.787204e+00,3.098841e+00,4.540764e+00,4.820145e+00,4.644960e+00,4.738989e+00
4.508403e+00,4.807449e+00,4.803810e+00,4.828995e+00,4.848081e+00,4.369187e+00,4.743922e+00,4.857753e+00,4.710797e+00,4.805040e+00,4.758316e+00,4.407507e+00,4.534894e+00,4.813347e+00,4.830784e+00,4.815810e+00,4.669666e+00,4.864731e+00,2.583080e+00,4.667668e+00,4.855556e+00,5.047358e+00,5.010940e+00,2.713347e+00,4.494551e+00,3.421043e+00,3.728301e+00,3.304719e+00,4.745644e+00,4.806105e+00,2.572927e+00,2.789913e+00,3.981103e+00,2.580409e+00,3.666806e+00,2.318556e+00,4.119072e+00,4.737247e+00,4.862803e+00,4.909944e+00,4.750277e+00,3.236323e+00,2.415778e+00,4.212458e+00,3.088461e+00,4.658406e+00,4.733181e+00,2.495123e+00,3.953916e+00,4.031027e+00,2.876569e+00,4.621944e+00,4.170050e+00,4.050572e+00,3.082088e+00,4.225176e+00,3.828880e+00,4.483112e+00,4.366761e+00,3.085530e+00,3.259975e+00,2.706490e+00,3.562635e+00,2.541154e+00,3.984476e+00,4.807322e+00,4.793674e+00,4.869733e+00,4.773405e+00,3.003323e+00,4.566867e+00,2.808531e+00,2.963844e+00,2.927527e+00,9.090131e+00,4.728829e+00,3.276445e+00,3.071088e+00,3.132858e+00,2.137449e+00,3.069482e+00,4.501956e+00,3.793379e+00,3.852010e+00,4.479831e+00,4.590342e+00,4.965014e+00,4.831329e+00,5.162661e+00,3.431873e+00,3.107516e+00,3.060359e+00,3.178113e+00,2.492314e+00,2.285654e+00,2.794892e+00,2.661955e+00,4.765740e+00,4.900371e+00,4.730724e+00,3.114743e+00,4.465188e+00,4.623580e+00,4.198360e+00,2.686880e+00,2.466470e+00,3.749634e+00,4.919919e+00,4.536801e+00,2.570474e+00,2.182886e+00,2.892789e+00,4.716483e+00,4.572871e+00
4.656729e+00,4.618339e+00,4.938527e+00,4.777795e+00,4.669197e+00,4.553673e+00,4.765666e+00,4.514473e+00,4.908128e+00,4.650243e+00,4.707466e+00,4.850150e+00,4.682410e+00,4.577510e+00,4.704214e+00,4.880135e+00,4.539140e+00,4.974983e+00,4.631089e+00,4.589872e+00,4.612689e+00,4.957405e+00,4.623876e+00,4.847025e+00,2.554178e+00,3.708371e+00,3.467236e+00,4.300802e+00,4.700209e+00,2.367821e+00,3.570499e+00,3.735707e+00,2.287461e+00,3.638297e+00,2.787351e+00,3.635265e+00,4.667712e+00,4.430120e+00,4.863569e+00,3.946762e+00,4.797538e+00,3.412922e+00,2.517749e+00,2.923528e+00,4.384295e+00,2.751434e+00,3.315402e+00,2.409118e+00,4.235719e+00,2.607685e+00,4.811773e+00,2.391336e+00,3.899066e+00,2.527092e+00,4.693725e+00,5.022155e+00,4.422832e+00,2.900178e+00,2.373241e+00,4.464392e+00,2.680034e+00,4.468290e+00,3.924922e+00,4.766825e+00,4.587726e+00,4.600885e+00,5.070083e+00,4.709466e+00,4.756817e+00,3.338431e+00,4.984218e+00,2.669343e+00,2.590067e+00,2.598583e+00,3.192081e+00,2.513864e+00,3.261485e+00,2.603805e+00,3.017193e+00,2.792923e+00,2.700774e+00,4.520083e+00,3.693746e+00,3.129307e+00,3.961691e+00,3.024710e+00,4.754700e+00,4.857048e+00,4.842463e+00,3.719576e+00,4.136398e+00,3.263338e+00,2.058806e+00,4.587347e+00,5.069033e+00,4.671556e+00,4.749238e+00,4.938467e+00,4.882769e+00,4.655330e+00,5.040270e+00,4.710918e+00,4.844623e+00,4.632729e+00,4.169839e+00,4.105198e+00,2.666981e+00,4.929022e+00,4.730716e+00,3.127612e+00,3.118494e+00,4.613392e+00,4.884115e+00,4.416742e+00
4.660173e+00,4.904107e+00,4.557576e+00,4.574633e+00,4.782498e+00,4.913575e+00,4.637233e+00,4.773343e+00,4.739905e+00,4.676582e+00,4.858025e+00,4.758098e+00,4.689979e+00,4.852097e+00,4.597408e+00,4.814568e+00,4.837520e+00,4.996451e+00,4.872861e+00,4.706981e+00,4.827588e+00,4.603405e+00,4.385756e+00,4.876373e+00,4.304289e+00,4.382119e+00,3.145809e+00,4.652753e+00,4.652195e+00,2.822197e+00,2.965959e+00,3.226929e+00,2.528155e+00,2.444072e+00,2.998967e+00,3.630252e+00,4.360505e+00,4.738374e+00,4.970114e+00,4.438933e+00,2.585099e+00,2.470374e+00,3.172626e+00,2.697751e+00,3.201705e+00,3.906943e+00,2.674340e+00,3.769602e+00,2.345517e+00,4.924946e+00,4.512538e+00,4.616096e+00,4.308590e+00,4.734577e+00,2.802762e+00,3.339995e+00,4.271880e+00,2.721907e+00,7.232252e+00,2.622361e+00,2.704966e+00,4.279981e+00,4.912084e+00,4.855705e+00,3.716152e+00,3.951685e+00,4.556285e+00,2.621067e+00,4.456989e+00,4.609145e+00,3.187196e+00,3.390022e+00,4.448127e+00,3.579527e+00,3.837355e+00,3.254357e+00,2.723406e+00,4.567215e+00,2.785225e+00,3.393252e+00,2.418680e+00,3.965886e+00,2.332525e+00,3.889882e+00,4.464469e+00,4.830666e+00,5.007233e+00,3.681429e+00,4.879914e+00,2.712345e+00,4.374914e+00,3.051163e+00,2.052505e+00,4.724290e+00,4.519689e+00,4.735873e+00,5.017247e+00,4.711469e+00,4.553342e+00,4.814913e+00,4.026229e+00,4.897666e+00,4.675473e+00,4.470447e+00,3.345439e+00,4.680748e+00,5.034925e+00,4.627085e+00,4.712672e+00,4.858741e+00,4.621732e+00,4.525668e+00,4.792359e+00,4.953096e+00
4.811406e+00,4.697775e+00,4.949538e+00,4.839039e+00,4.876423e+00,4.709678e+00,4.806486e+00,4.731126e+00,4.883409e+00,4.849627e+00,4.633860e+00,4.802340e+00,4.545902e+00,4.575421e+00,4.721330e+00,4.885195e+00,4.773942e+00,4.310608e+00,4.758576e+00,4.711348e+00,4.994353e+00,4.588421e+00,4.581303e+00,4.616148e+00,4.749852e+00,3.083523e+00,3.568653e+00,4.528046e+00,2.638108e+00,3.273875e+00,4.395653e+00,3.997351e+00,3.985291e+00,2.847597e+00,4.311958e+00,3.784538e+00,3.386670e+00,4.842617e+00,2.262657e+00,4.009985e+00,2.312301e+00,2.960119e+00,3.356094e+00,3.635794e+00,2.716087e+00,2.945866e+00,2.734843e+00,4.248934e+00,4.366969e+00,5.025318e+00,2.511122e+00,2.873132e+00,4.699981e+00,3.666476e+00,2.850320e+00,3.055365e+00,3.142031e+00,4.935835e+00,3.064344e+00,3.108697e+00,4.729719e+00,4.683411e+00,4.697973e+00,2.425237e+00,4.862561e+00,4.536343e+00,4.899555e+00,3.940690e+00,3.929423e+00,4.749626e+00,4.367021e+00,4.929226e+00,3.975709e+00,3.092911e+00,4.355823e+00,4.188065e+00,3.469733e+00,2.749897e+00,3.507630e+00,5.174061e+00,4.845095e+00,3.115026e+00,4.624476e+00,2.947590e+00,2.922373e+00,4.793731e+00,4.039166e+00,4.228171e+00,5.002529e+00,3.454554e+00,3.476155e+00,2.603337e+00,3.145072e+00,2.085854e+00,4.766234e+00,4.746422e+00,4.522610e+00,4.772473e+00,4.756722e+00,4.667788e+00,4.741206e+00,4.670965e+00,4.540129e+00,4.858085e+00,3.985939e+00,2.729294e+00,2.165752e+00,4.738525e+00,4.885955e+00,4.905851e+00,3.298440e+00,4.928203e+00,4.898520e+00,4.809481e+00
4.673291e+00,4.796901e+00,4.723052e+00,4.660800e+00,4.881418e+00,5.004119e+00,4.753168e+00,5.160217e+00,4.823610e+00,5.079945e+00,4.755663e+00,4.575717e+00,5.005817e+00,4.882295e+00,4.309443e+00,4.856684e+00,3.940176e+00,4.691989e+00,4.576840e+00,4.425661e+00,4.511287e+00,4.983311e+00,4.786629e+00,3.510635e+00,3.168296e+00,3.675819e+00,2.404368e+00,4.923303e+00,3.807708e+00,2.669582e+00,2.839027e+00,3.027644e+00,3.537690e+00,3.205347e+00,4.051532e+00,4.317682e+00,4.868207e+00,2.813913e+00,4.630419e+00,2.499525e+00,2.427716e+00,3.006444e+00,4.110339e+00,2.542745e+00,4.535783e+00,4.320460e+00,4.270769e+00,4.493695e+00,3.619892e+00,3.958978e+00,2.297860e+00,3.754014e+00,3.119854e+00,3.752942e+00,3.105096e+00,2.154628e+00,2.744223e+00,3.364186e+00,4.246259e+00,4.467779e+00,4.139844e+00,2.307669e+00,2.906520e+00,4.156465e+00,4.362680e+00,5.159928e+00,4.807049e+00,4.766600e+00,4.847979e+00,4.813399e+00,4.518789e+00,3.263497e+00,3.736561e+00,2.700545e+00,2.448206e+00,4.420060e+00,2.876088e+00,3.389077e+00,3.720294e+00,4.446378e+00,4.710091e+00,4.318216e+00,3.829721e+00,2.926246e+00,3.938779e+00,4.551904e+00,4.565942e+00,3.376678e+00,4.159829e+00,4.858023e+00,4.420952e+00,4.191913e+00,4.711193e+00,3.612396e+00,4.080508e+00,4.439676e+00,3.682187e+00,4.693719e+00,4.833386e+00,4.688482e+00,4.450179e+00,4.482372e+00,4.534938e+00,4.595760e+00,4.098091e+00,2.435091e+00,2.836902e+00,4.018771e+00,4.476375e+00,4.717564e+00,2.875234e+00,4.761430e+00,4.579209e+00,4.630884e+00
4.967216e+00,4.492955e+00,4.955078e+00,4.646337e+00,4.824458e+00,4.505113e+00,4.946294e+00,4.763407e+00,4.838099e+00,4.835481e+00,4.661751e+00,4.768349e+00,4.878062e+00,5.045484e+00,4.624807e+00,5.261249e+00,4.848512e+00,4.033100e+00,4.679591e+00,4.898554e+00,4.610940e+00,4.470839e+00,4.222594e+00,3.268434e+00,4.717690e+00,3.799429e+00,4.526420e+00,4.790668e+00,2.780464e+00,3.257533e+00,3.707173e+00,3.117439e+00,3.679540e+00,3.112739e+00,2.994004e+00,4.852106e+00,4.933494e+00,4.597290e+00,4.290788e+00,3.947554e+00,2.481002e+00,2.600495e+00,3.564457e+00,2.639375e+00,3.438543e+00,4.267370e+00,4.588940e+00,4.525456e+00,4.730235e+00,3.014852e+00,3.067163e+00,3.989465e+00,2.485023e+00,2.775365e+00,2.333566e+00,3.837020e+00,3.996545e+00,4.361844e+00,4.061241e+00,4.930796e+00,4.592336e+00,4.883670e+00,4.763344e+00,4.440226e+00,4.075330e+00,2.824760e+00,4.783749e+00,3.502369e+00,3.533082e+00,4.856144e+00,4.558810e+00,4.487637e+00,3.172738e+00,3.934010e+00,2.684029e+00,2.583772e+00,1.959240e+00,4.258688e+00,2.995007e+00,3.256727e+00,3.243003e+00,3.048253e+00,4.514984e+00,4.540651e+00,3.227961e+00,3.768149e+00,4.984550e+00,4.875317e+00,4.136204e+00,4.589408e+00,2.926418e+00,3.031616e+00,9.466848e+00,2.833909e+00,3.248020e+00,4.849037e+00,2.765766e+00,3.980600e+00,4.806824e+00,4.727539e+00,2.826005e+00,2.161001e+00,4.957789e+00,4.753798e+00,3.251042e+00,3.410717e+00,3.109015e+00,3.502810e+00,4.776104e+00,4.707131e+00,2.465527e+00,4.625133e+00,4.572795e+00,4.710045e+00
4.577895e+00,4.923907e+00,4.866359e+00,4.739129e+00,4.873684e+00,4.856141e+00,4.756205e+00,4.699153e+00,5.067833e+00,4.830553e+00,4.881049e+00,4.815082e+00,4.827249e+00,4.750511e+00,4.800116e+00,4.979055e+00,3.793207e+00,4.552760e+00,4.797925e+00,4.969691e+00,4.241113e+00,4.577580e+00,3.918450e+00,4.448047e+00,4.555609e+00,3.133361e+00,4.739481e+00,4.597268e+00,2.666272e+00,2.439031e+00,2.790247e+00,4.240062e+00,2.947644e+00,3.779060e+00,4.627371e+00,4.990509e+00,2.940448e+00,2.793526e+00,2.934819e+00,3.808093e+00,3.040581e+00,4.230147e+00,2.166578e+00,3.392606e+00,2.774933e+00,2.236468e+00,5.031789e+00,4.988105e+00,2.183779e+00,4.454278e+00,2.343465e+00,3.027199e+00,4.724561e+00,3.083462e+00,4.880339e+00,3.636840e+00,2.847399e+00,4.810927e+00,4.640731e+00,4.714481e+00,4.617577e+00,5.003319e+00,3.223701e+00,3.905497e+00,2.962489e+00,4.758931e+00,4.825753e+00,4.963581e+00,4.789488e+00,4.767866e+00,4.684892e+00,4.889964e+00,3.065484e+00,4.394074e+00,4.864675e+00,3.374153e+00,2.247658e+00,4.938768e+00,2.285805e+00,3.159850e+00,2.987878e+00,4.370842e+00,4.215077e+00,4.223880e+00,3.894740e+00,3.073244e+00,4.829177e+00,3.290664e+00,4.944548e+00,4.740296e+00,2.936948e+00,3.061517e+00,2.600963e+00,3.081017e+00,4.807313e+00,4.989684e+00,3.809525e+00,4.802913e+00,4.869769e+00,4.603473e+00,4.744412e+00,3.601403e+00,5.050740e+00,3.275990e+00,4.496558e+00,2.623085e+00,4.001459e+00,3.966165e+00,4.512726e+00,4.911043e+00,4.484225e+00,4.635148e+00,3.446894e+00,4.861830e+00
4.891826e+00,4.696940e+00,4.760048e+00,4.757152e+00,4.676633e+00,4.966628e+00,4.649166e+00,4.734154e+00,4.868833e+00,4.722519e+00,4.658749e+00,4.337328e+00,4.794390e+00,4.757833e+00,5.058831e+00,4.668388e+00,4.898517e+00,5.033961e+00,4.885972e+00,4.945176e+00,4.953117e+00,4.944558e+00,4.705300e+00,2.478638e+00,4.301649e+00,4.675210e+00,5.050776e+00,4.638950e+00,4.350814e+00,3.087349e+00,2.579848e+00,2.887929e+00,3.679069e+00,4.734832e+00,5.028189e+00,5.048344e+00,4.926854e+00,2.938416e+00,3.721546e+00,2.668889e+00,3.383881e+00,3.168481e+00,3.309560e+00,2.857059e+00,2.126815e+00,4.736313e+00,3.529673e+00,4.858525e+00,3.341276e+00,4.224047e+00,5.091477e+00,4.561362e+00,4.833042e+00,3.875728e+00,3.855492e+00,2.192061e+00,2.413813e+00,4.070613e+00,4.879295e+00,4.103916e+00,4.140301e+00,4.813612e+00,4.189041e+00,2.635372e+00,4.542752e+00,4.910267e+00,4.738636e+00,4.503999e+00,4.920110e+00,3.440975e+00,4.320905e+00,3.706586e+00,4.621139e+00,3.139787e+00,2.550712e+00,4.307515e+00,2.710856e+00,2.905947e+00,2.227256e+00,4.098475e+00,2.557372e+00,2.670177e+00,2.377656e+00,4.077781e+00,4.732596e+00,4.216859e+00,2.106863e+00,2.497050e+00,2.559866e+00,4.604936e+00,2.962383e+00,2.534463e+00,3.443224e+00,3.302160e+00,2.977845e+00,4.697723e+00,4.622874e+00,4.635364e+00,5.009369e+00,4.813040e+00,2.773489e+00,4.826522e+00,5.022662e+00,2.913495e+00,2.372329e+00,3.887407e+00,2.685294e+00,2.658968e+00,4.853270e+00,4.940435e+00,4.834518e+00,4.526345e+00,4.698859e+00,4.750018e+00
4.677890e+00,4.595307e+00,4.756735e+00,4.797390e+00,4.555344e+00,4.874333e+00,4.829555e+00,5.043108e+00,4.743775e+00,4.650551e+00,4.873677e+00,4.182830e+00,4.799181e+00,4.752011e+00,4.735294e+00,4.749655e+00,4.677736e+00,4.757001e+00,4.761485e+00,4.721843e+00,4.731193e+00,4.648989e+00,2.737250e+00,3.830667e+00,4.205139e+00,3.025877e+00,4.754642e+00,2.672818e+00,3.463678e+00,4.887885e+00,3.518445e+00,3.207826e+00,2.736871e+00,4.565461e+00,4.866577e+00,4.606314e+00,2.184739e+00,6.672409e+00,4.113542e+00,2.567403e+00,5.791921e+00,2.343056e+00,2.337986e+00,2.443251e+00,2.469341e+00,2.872615e+00,4.702342e+00,3.789938e+00,3.767642e+00,4.780377e+00,4.804251e+00,4.791952e+00,2.231232e+00,2.750479e+00,4.711747e+00,2.869230e+00,5.070644e+00,4.742366e+00,2.743361e+00,4.752721e+00,4.939215e+00,4.586985e+00,4.870272e+00,4.808874e+00,5.062320e+00,4.372564e+00,4.194307e+00,4.415563e+00,2.368523e+00,2.951686e+00,4.685419e+00,3.296566e+00,4.050673e+00,3.645585e+00,3.734146e+00,2.801198e+00,2.453866e+00,4.039821e+00,2.232191e+00,4.723784e+00,2.918901e+00,2.559628e+00,4.495743e+00,2.746237e+00,4.005862e+00,2.988664e+00,4.502921e+00,4.649637e+00,2.991214e+00,4.894318e+00,4.780491e+00,3.384761e+00,2.424493e+00,4.430230e+00,2.222105e+00,4.137662e+00,4.847126e+00,4.607878e+00,4.988625e+00,4.401437e+00,3.171435e+00,4.404805e+00,2.812760e+00,2.593724e+00,4.487511e+00,4.474701e+00,2.815841e+00,2.435368e+00,4.591211e+00,4.625832e+00,4.313544e+00,4.940634e+00,4.565587e+00,4.947094e+00
4.486314e+00,4.517312e+00,4.508871e+00,4.737163e+00,4.831074e+00,4.688202e+00,4.400160e+00,4.742695e+00,4.754139e+00,4.996432e+00,4.349144e+00,4.981826e+00,4.916504e+00,4.501885e+00,4.866417e+00,4.758476e+00,4.780797e+00,4.678410e+00,4.705804e+00,4.886855e+00,4.831905e+00,4.407369e+00,4.799504e+00,4.912644e+00,2.552650e+00,2.625341e+00,5.032223e+00,2.621755e+00,2.629925e+00,4.619708e+00,3.221427e+00,2.924275e+00,4.350418e+00,4.963693e+00,3.154010e+00,4.417142e+00,3.073556e+00,2.423688e+00,2.484545e+00,4.682353e+00,2.604540e+00,4.297115e+00,3.079143e+00,3.494641e+00,4.315389e+00,3.172130e+00,4.586419e+00,2.598492e+00,2.866459e+00,4.250244e+00,2.648343e+00,2.609780e+00,5.651120e+00,2.927829e+00,2.697354e+00,2.524468e+00,3.009376e+00,4.648131e+00,3.052939e+00,4.509436e+00,2.472747e+00,4.769911e+00,4.524654e+00,3.347967e+00,6.532332e+00,9.143497e+00,2.520989e+00,3.421726e+00,4.614195e+00,4.436782e+00,4.691665e+00,2.464717e+00,3.385694e+00,3.384705e+00,4.394097e+00,2.475428e+00,4.167463e+00,4.346807e+00,2.275607e+00,2.595434e+00,2.692130e+00,3.681007e+00,4.387443e+00,3.231548e+00,4.423169e+00,3.252033e+00,3.207486e+00,2.564140e+00,3.835148e+00,4.672700e+00,4.779259e+00,2.997551e+00,4.960050e+00,3.162427e+00,2.524542e+00,1.855208e+00,2.775058e+00,2.974420e+00,2.600768e+00,3.077713e+00,2.842172e+00,2.689284e+00,3.605666e+00,4.608523e+00,2.459140e+00,2.453128e+00,3.369572e+00,4.312072e+00,4.944480e+00,4.707458e+00,4.888434e+00,3.858920e+00,4.622362e+00,4.723134e+00
4.810182e+00,4.750266e+00,4.561746e+00,4.931885e+00,4.793356e+00,4.735127e+00,4.840061e+00,4.436042e+00,4.703451e+00,5.019019e+00,4.878312e+00,4.716403e+00,5.020641e+00,4.925890e+00,4.862679e+00,4.582384e+00,4.862179e+00,4.719153e+00,4.780185e+00,4.733077e+00,4.829854e+00,4.402451e+00,4.781615e+00,4.059219e+00,3.413552e+00,3.122225e+00,4.684136e+00,3.156289e+00,2.710222e+00,2.460445e+00,3.275407e+00,4.085021e+00,4.626362e+00,4.690266e+00,4.344580e+00,2.608746e+00,5.356945e+00,2.491744e+00,4.049167e+00,7.760819e+00,2.748843e+00,3.352609e+00,4.261196e+00,2.039392e+00,4.162743e+00,4.789287e+00,2.826949e+00,3.823047e+00,2.554685e+00,2.433634e+00,2.657907e+00,3.904878e+00,2.313990e+00,2.625835e+00,2.739311e+00,2.977473e+00,4.320068e+00,4.737469e+00,5.059464e+00,4.282108e+00,2.476543e+00,2.789347e+00,3.825986e+00,2.681063e+00,2.916428e+00,6.752256e+00,2.342774e+00,3.809253e+00,4.865308e+00,4.374472e+00,4.746677e+00,3.183438e+00,4.309218e+00,2.642607e+00,2.666823e+00,2.697390e+00,5.055800e+00,2.491094e+00,2.563230e+00,2.442717e+00,3.487732e+00,3.670492e+00,4.327247e+00,2.747501e+00,4.616481e+00,4.570576e+00,4.579338e+00,4.841134e+00,4.465319e+00,4.640613e+00,5.021063e+00,2.524749e+00,2.512575e+00,4.389733e+00,2.697110e+00,2.555012e+00,3.958577e+00,2.442225e+00,2.452101e+00,2.668623e+00,4.439230e+00,3.687617e+00,2.973367e+00,4.435481e+00,2.529314e+00,2.478227e+00,2.467281e+00,2.456297e+00,3.505004e+00,4.928081e+00,4.617475e+00,4.068394e+00,4.759118e+00,4.884108e+00
4.715128e+00,4.861821e+00,4.717721e+00,4.891758e+00,4.678002e+00,4.881780e+00,4.938173e+00,4.659273e+00,4.348830e+00,4.889399e+00,4.254850e+00,4.653900e+00,4.719182e+00,4.099855e+00,4.820764e+00,4.661278e+00,2.680571e+00,4.602671e+00,4.660656e+00,4.800139e+00,4.788665e+00,3.500695e+00,4.740063e+00,4.884411e+00,2.532179e+00,3.950163e+00,4.835630e+00,3.652989e+00,2.586027e+00,4.095964e+00,4.206030e+00,3.760808e+00,4.816606e+00,2.471176e+00,2.391857e+00,2.393282e+00,4.739961e+00,2.714311e+00,1.973941e+00,5.350019e+00,4.220640e+00,4.170560e+00,2.749641e+00,4.179928e+00,2.693100e+00,2.834933e+00,2.553342e+00,2.267688e+00,2.394113e+00,2.787971e+00,3.196220e+00,2.250354e+00,2.767929e+00,4.959177e+00,4.764190e+00,4.328383e+00,4.370531e+00,4.188930e+00,3.669675e+00,3.090607e+00,2.718228e+00,2.906297e+00,2.377437e+00,3.438778e+00,4.165378e+00,4.634876e+00,2.997611e+00,4.840241e+00,4.226350e+00,3.649341e+00,4.239910e+00,4.381016e+00,4.962491e+00,2.908490e+00,2.701574e+00,2.583596e+00,2.474511e+00,2.167216e+00,2.494535e+00,3.041453e+00,3.222610e+00,4.697313e+00,2.636814e+00,4.577896e+00,3.010904e+00,4.377515e+00,4.637241e+00,4.860033e+00,3.781885e+00,4.804817e+00,4.737597e+00,2.293272e+00,2.766468e+00,4.045631e+00,3.235425e+00,2.536834e+00,2.575840e+00,2.663165e+00,7.573308e+00,2.912094e+00,3.145099e+00,2.608484e+00,2.604435e+00,2.242740e+00,2.542033e+00,2.605767e+00,3.178252e+00,3.885747e+00,5.095387e+00,4.865404e+00,4.658048e+00,2.720771e+00,4.718264e+00,4.617519e+00
4.859646e+00,4.610842e+00,4.935313e+00,4.659686e+00,4.670389e+00,4.784227e+00,4.814979e+00,4.371807e+00,4.795365e+00,4.787419e+00,5.040494e+00,4.500552e+00,4.701217e+00,4.877115e+00,4.565186e+00,4.688834e+00,4.873744e+00,4.575178e+00,4.571523e+00,4.760158e+00,4.834832e+00,3.581271e+00,3.751523e+00,4.651715e+00,4.252920e+00,2.730053e+00,4.742296e+00,3.360212e+00,3.910585e+00,2.851963e+00,3.274079e+00,4.156951e+00,4.276932e+00,4.819149e+00,2.931405e+00,2.854841e+00,3.842313e+00,2.638984e+00,2.498565e+00,2.660989e+00,2.728640e+00,3.405351e+00,3.299179e+00,7.287939e+00,4.722031e+00,4.214733e+00,2.867438e+00,2.646608e+00,2.889164e+00,2.404862e+00,2.323163e+00,3.712002e+00,4.187915e+00,4.666280e+00,4.722430e+00,3.511268e+00,2.373087e+00,3.561896e+00,3.260446e+00,3.123566e+00,4.516466e+00,4.097336e+00,2.940547e+00,4.146589e+00,4.722670e+00,4.456828e+00,4.924721e+00,4.646687e+00,2.560989e+00,2.969654e+00,3.607956e+00,4.710107e+00,4.142678e+00,3.978168e+00,4.344213e+00,3.985856e+00,2.878388e+00,4.031041e+00,2.683155e+00,2.531165e+00,2.523884e+00,3.660843e+00,4.474134e+00,3.296413e+00,4.670755e+00,3.353162e+00,3.248837e+00,2.716198e+00,4.683522e+00,4.125223e+00,4.837396e+00,2.425569e+00,4.875598e+00,2.475781e+00,2.506912e+00,2.461183e+00,4.322395e+00,2.486791e+00,2.470232e+00,3.078981e+00,5.466031e+00,2.481456e+00,2.592334e+00,2.617081e+00,3.031988e+00,2.827038e+00,2.632304e+00,3.569058e+00,4.289251e+00,4.780120e+00,4.432062e+00,3.991137e+00,4.877843e+00,4.749650e+00
4.521559e+00,4.586216e+00,4.744475e+00,4.921023e+00,4.731135e+00,4.584338e+00,4.476493e+00,4.779323e+00,4.364036e+00,4.680869e+00,4.850418e+00,4.664930e+00,4.573952e+00,4.776819e+00,4.718694e+00,4.922522e+00,2.980247e+00,4.679856e+00,4.510203e+00,4.993730e+00,4.934181e+00,4.640986e+00,4.714064e+00,4.464253e+00,3.884966e+00,3.956521e+00,4.762897e+00,2.408227e+00,2.599142e+00,3.989217e+00,3.814122e+00,2.934642e+00,4.602861e+00,3.238789e+00,2.482171e+00,7.097964e+00,4.660741e+00,2.814512e+00,4.862299e+00,2.550566e+00,4.588789e+00,3.868045e+00,3.265563e+00,3.634117e+00,4.689842e+00,2.914715e+00,3.151265e+00,4.859225e+00,5.127168e+00,5.215717e+00,2.487704e+00,2.455754e+00,4.521884e+00,4.782695e+00,2.389133e+00,2.915664e+00,2.711274e+00,2.205506e+00,2.497732e+00,4.618515e+00,2.447958e+00,2.680629e+00,4.897208e+00,4.389769e+00,4.702442e+00,3.597142e+00,4.708203e+00,2.585626e+00,2.369354e+00,3.107797e+00,4.567017e+00,3.239403e+00,3.769836e+00,3.789824e+00,3.646054e+00,2.751398e+00,4.534724e+00,2.669077e+00,3.911994e+00,3.656255e+00,4.432913e+00,3.768271e+00,2.351991e+00,4.322171e+00,3.620711e+00,4.646171e+00,4.502101e+00,4.112769e+00,4.051580e+00,4.178302e+00,4.658018e+00,2.707323e+00,2.495438e+00,4.180825e+00,2.562862e+00,2.202742e+00,3.303802e+00,2.626253e+00,2.659772e+00,2.187763e+00,4.160315e+00,3.009472e+00,2.178957e+00,4.742637e+00,2.268763e+00,2.885695e+00,3.943966e+00,4.343948e+00,5.001568e+00,4.905806e+00,4.737861e+00,3.204100e+00,4.726396e+00,4.376699e+00
4.363668e+00,4.846281e+00,4.568036e+00,5.093981e+00,4.755556e+00,4.719717e+00,5.138260e+00,4.478012e+00,4.899038e+00,4.826381e+00,4.706822e+00,4.672528e+00,4.872745e+00,4.698620e+00,4.613457e+00,4.595262e+00,4.583156e+00,4.905721e+00,4.616676e+00,5.112304e+00,2.539168e+00,5.137593e+00,4.535907e+00,4.699419e+00,2.555293e+00,4.048211e+00,5.075554e+00,3.300045e+00,4.247503e+00,4.299921e+00,3.955648e+00,4.225693e+00,4.793473e+00,2.490958e+00,6.872941e+00,3.848845e+00,5.217034e+00,3.824099e+00,2.526496e+00,2.583977e+00,2.601879e+00,2.494658e+00,5.339641e+00,5.006757e+00,2.677949e+00,4.234388e+00,2.494740e+00,7.966944e+00,9.699909e+00,2.868130e+00,2.803919e+00,4.439606e+00,4.419016e+00,2.808891e+00,3.922734e+00,2.877328e+00,3.907789e+00,4.081430e+00,2.856083e+00,2.782523e+00,2.993648e+00,3.090944e+00,4.024917e+00,4.131312e+00,3.184239e+00,5.040756e+00,4.621527e+00,2.557852e+00,3.125048e+00,2.194814e+00,4.019030e+00,4.010641e+00,2.361986e+00,3.050798e+00,2.158545e+00,2.871110e+00,2.387159e+00,3.552443e+00,2.476502e+00,2.683924e+00,3.951636e+00,2.163523e+00,2.714221e+00,3.909247e+00,4.002066e+00,3.957568e+00,4.936658e+00,4.760364e+00,4.843193e+00,5.073559e+00,4.088021e+00,2.245626e+00,2.581229e+00,2.357060e+00,2.333466e+00,2.320211e+00,2.225150e+00,2.689022e+00,2.895929e+00,4.923681e+00,4.680479e+00,2.477190e+00,4.854450e+00,4.420346e+00,3.284072e+00,2.611606e+00,3.389194e+00,3.672432e+00,4.765329e+00,4.750642e+00,4.659776e+00,2.889585e+00,3.059817e+00,4.498572e+00
4.559337e+00,4.742216e+00,4.341307e+00,4.335881e+00,4.831155e+00,4.704618e+00,4.869636e+00,4.820753e+00,4.573893e+00,4.978365e+00,4.376099e+00,4.820094e+00,4.794805e+00,4.721665e+00,4.489425e+00,4.888964e+00,4.854669e+00,5.058203e+00,4.901642e+00,4.920043e+00,4.364261e+00,4.911769e+00,4.019420e+00,4.670541e+00,4.834333e+00,3.617250e+00,4.818404e+00,2.356638e+00,2.782417e+00,3.551553e+00,3.291712e+00,4.407947e+00,2.820313e+00,2.809939e+00,2.627939e+00,2.856074e+00,2.602631e+00,3.032563e+00,2.225330e+00,2.705911e+00,3.919875e+00,2.561702e+00,4.898515e+00,4.072201e+00,2.458414e+00,2.364928e+00,2.746530e+00,7.240424e+00,2.208237e+00,4.974367e+00,4.557083e+00,4.744531e+00,4.716680e+00,3.536282e+00,2.490667e+00,2.319977e+00,2.538618e+00,4.511137e+00,2.335244e+00,2.743343e+00,2.145451e+00,2.268991e+00,4.379248e+00,3.166614e+00,2.418292e+00,2.762607e+00,3.965866e+00,3.286714e+00,2.578929e+00,2.288050e+00,2.517433e+00,4.045108e+00,2.944457e+00,2.311966e+00,2.819421e+00,2.329867e+00,2.782125e+00,2.428481e+00,2.091758e+00,2.222574e+00,3.885461e+00,3.631409e+00,4.771608e+00,3.808371e+00,4.919934e+00,3.132648e+00,4.612879e+00,3.559553e+00,3.672556e+00,4.748855e+00,4.457812e+00,2.147703e+00,2.943955e+00,2.518929e+00,2.649544e+00,3.098476e+00,2.673814e+00,3.332105e+00,2.789874e+00,4.844014e+00,4.887528e+00,2.588211e+00,2.131673e+00,2.213793e+00,4.034381e+00,2.453565e+00,2.456356e+00,4.680801e+00,4.658372e+00,4.856716e+00,4.539174e+00,2.538391e+00,4.750426e+00,4.731451e+00
4.731824e+00,4.791233e+00,4.495363e+00,4.856972e+00,4.557975e+00,4.731477e+00,4.820426e+00,4.775451e+00,4.871063e+00,4.663796e+00,4.864867e+00,4.808898e+00,4.630754e+00,4.716969e+00,4.332244e+00,4.694885e+00,4.889025e+00,4.836749e+00,4.611319e+00,4.878625e+00,4.066729e+00,4.759686e+00,3.947708e+00,4.615032e+00,1.902218e+00,4.100168e+00,4.520902e+00,4.399703e+00,4.229223e+00,3.394086e+00,4.448483e+00,4.491200e+00,2.286594e+00,2.629698e+00,2.690569e+00,3.028420e+00,2.564994e+00,9.627846e+00,2.973729e+00,3.431222e+00,2.473737e+00,4.451299e+00,4.593437e+00,2.235963e+00,2.403436e+00,2.735308e+00,2.771887e+00,5.058169e+00,2.636472e+00,2.315137e+00,4.677211e+00,4.532651e+00,4.472867e+00,4.110013e+00,3.072248e+00,3.690832e+00,2.223908e+00,4.511952e+00,4.187652e+00,4.061810e+00,2.535100e+00,4.339745e+00,2.989831e+00,4.680288e+00,4.637114e+00,3.754094e+00,3.992107e+00,2.448335e+00,4.249515e+00,6.686423e+00,8.525587e+00,4.478023e+00,2.691124e+00,2.600750e+00,3.181759e+00,2.658871e+00,3.680544e+00,4.019194e+00,2.783205e+00,2.836527e+00,2.789811e+00,2.614246e+00,3.509583e+00,3.459586e+00,4.727438e+00,4.593225e+00,3.956884e+00,4.623880e+00,5.109713e+00,4.350414e+00,2.736030e+00,8.983848e+00,2.618806e+00,2.255249e+00,2.516130e+00,2.201702e+00,2.584434e+00,2.466349e+00,3.034281e+00,4.779672e+00,4.835093e+00,2.367668e+00,4.546952e+00,2.504760e+00,2.303006e+00,2.811194e+00,3.794909e+00,2.555320e+00,4.686539e+00,4.968605e+00,4.387025e+00,4.606086e+00,4.931265e+00,4.656372e+00
4.723975e+00,4.721048e+00,4.785310e+00,4.832613e+00,4.965548e+00,4.750199e+00,5.031948e+00,4.409551e+00,4.880983e+00,4.943596e+00,4.811427e+00,4.969538e+00,4.942391e+00,4.948229e+00,4.786157e+00,4.559179e+00,4.629112e+00,4.786487e+00,4.770960e+00,4.636818e+00,4.993669e+00,4.432836e+00,3.799399e+00,4.167450e+00,2.934700e+00,3.704539e+00,4.767029e+00,2.238490e+00,3.982489e+00,3.824937e+00,4.826376e+00,2.814253e+00,2.615310e+00,4.855682e+00,2.330306e+00,2.293650e+00,5.143719e+00,2.206832e+00,5.638427e+00,3.258099e+00,2.757069e+00,4.771762e+00,3.092785e+00,4.261920e+00,4.265475e+00,2.558558e+00,3.719837e+00,4.785907e+00,2.064013e+00,4.816583e+00,4.794246e+00,4.755912e+00,4.789873e+00,4.406055e+00,4.067183e+00,4.111315e+00,2.304481e+00,4.090587e+00,4.402566e+00,2.956870e+00,4.667799e+00,2.396744e+00,3.876019e+00,4.632664e+00,2.714796e+00,2.778422e+00,2.688529e+00,2.650676e+00,3.569914e+00,2.459794e+00,4.584520e+00,2.324219e+00,7.029580e+00,3.102428e+00,3.371080e+00,2.615162e+00,2.525678e+00,2.184001e+00,4.024976e+00,2.765181e+00,4.404036e+00,3.056435e+00,2.723632e+00,3.794616e+00,4.486107e+00,4.931952e+00,3.398409e+00,4.687338e+00,4.553776e+00,4.793083e+00,3.760243e+00,8.932694e+00,2.321553e+00,5.603348e+00,3.108030e+00,2.512326e+00,2.563924e+00,2.727884e+00,4.407691e+00,3.999589e+00,2.477008e+00,3.267586e+00,2.785269e+00,3.482302e+00,2.496692e+00,4.140626e+00,2.481401e+00,3.463244e+00,4.746937e+00,4.651159e+00,4.438209e+00,2.964143e+00,4.740822e+00,4.877121e+00
4.907226e+00,4.888946e+00,4.838991e+00,4.940908e+00,4.524491e+00,4.629492e+00,4.541015e+00,5.015132e+00,4.965202e+00,4.899342e+00,4.830470e+00,4.983933e+00,4.678156e+00,4.738612e+00,4.801892e+00,4.484242e+00,4.629144e+00,4.585996e+00,4.673238e+00,4.971705e+00,4.269882e+00,4.811414e+00,4.090626e+00,4.714376e+00,3.696514e+00,3.715722e+00,4.548889e+00,3.110539e+00,3.342371e+00,5.026016e+00,4.361397e+00,4.017851e+00,9.219255e+00,2.511731e+00,2.184318e+00,3.540528e+00,2.483112e+00,3.055952e+00,2.458578e+00,2.731505e+00,2.725812e+00,4.248525e+00,3.038534e+00,4.470978e+00,3.480338e+00,3.270833e+00,2.888443e+00,2.921654e+00,2.891329e+00,4.962917e+00,4.989455e+00,4.970048e+00,2.413273e+00,3.466667e+00,4.302947e+00,2.894432e+00,3.602692e+00,4.187085e+00,3.975191e+00,2.588206e+00,4.501191e+00,3.625755e+00,2.217482e+00,4.554190e+00,4.087103e+00,3.093866e+00,4.396133e+00,3.104241e+00,2.649296e+00,2.739466e+00,3.551477e+00,2.887924e+00,3.656505e+00,2.525964e+00,2.663718e+00,2.490696e+00,4.245068e+00,3.290012e+00,3.634233e+00,3.646955e+00,3.920923e+00,4.284518e+00,4.193292e+00,4.863546e+00,4.924846e+00,4.902252e+00,4.789144e+00,4.329578e+00,4.714930e+00,5.063211e+00,2.620975e+00,3.438715e+00,6.491226e+00,2.738520e+00,6.070916e+00,2.958897e+00,4.494475e+00,4.998023e+00,5.158297e+00,4.754847e+00,2.128637e+00,3.168930e+00,2.722892e+00,3.989434e+00,2.006418e+00,2.689181e+00,3.497233e+00,3.716941e+00,4.926610e+00,4.784355e+00,2.465746e+00,3.014624e+00,4.545108e+00,4.881988e+00
4.718855e+00,4.827090e+00,4.709318e+00,4.734484e+00,4.418913e+00,4.800216e+00,5.027939e+00,4.625644e+00,4.848346e+00,4.596215e+00,4.640950e+00,4.900455e+00,4.777335e+00,4.835110e+00,4.754793e+00,4.822802e+00,4.747516e+00,4.357272e+00,5.071990e+00,4.682700e+00,4.759280e+00,4.528512e+00,4.572652e+00,4.513740e+00,2.979374e+00,4.170435e+00,2.625986e+00,4.694912e+00,4.363714e+00,4.895181e+00,3.670846e+00,3.168541e+00,3.596434e+00,3.418581e+00,4.686208e+00,3.307136e+00,2.678615e+00,2.756806e+00,2.561903e+00,3.246548e+00,4.863369e+00,2.474537e+00,9.447857e+00,2.753742e+00,4.124274e+00,4.894357e+00,4.629344e+00,3.160280e+00,3.918642e+00,4.939850e+00,4.764002e+00,5.186065e+00,4.644433e+00,2.451143e+00,2.472778e+00,2.261218e+00,4.096247e+00,2.725458e+00,3.531750e+00,3.444764e+00,3.760067e+00,4.136902e+00,4.099343e+00,4.499053e+00,2.429312e+00,3.974896e+00,4.239868e+00,4.055893e+00,4.699008e+00,4.913960e+00,3.440032e+00,2.306391e+00,2.792154e+00,3.499307e+00,4.576467e+00,2.440602e+00,2.829863e+00,3.089948e+00,3.561739e+00,3.442700e+00,2.590606e+00,4.380340e+00,3.327375e+00,4.334412e+00,4.227237e+00,4.782429e+00,4.783771e+00,4.496551e+00,4.849751e+00,4.810973e+00,2.241211e+00,2.223803e+00,2.685041e+00,4.418261e+00,3.852110e+00,2.585712e+00,2.972593e+00,4.608032e+00,4.697145e+00,4.746426e+00,3.147322e+00,2.408074e+00,2.460305e+00,3.538841e+00,3.241765e+00,2.997707e+00,2.975500e+00,3.774488e+00,4.804351e+00,4.491680e+00,3.214078e+00,2.422835e+00,2.717745e+00,4.685247e+00
4.872598e+00,4.630898e+00,4.506272e+00,4.869221e+00,4.974830e+00,4.764661e+00,4.257293e+00,4.642132e+00,4.913973e+00,4.798033e+00,4.964475e+00,4.840783e+00,4.831363e+00,4.991629e+00,4.825613e+00,4.795443e+00,4.933930e+00,3.775077e+00,4.741334e+00,4.913037e+00,4.144145e+00,4.997825e+00,3.129362e+00,4.124113e+00,2.743075e+00,2.732045e+00,2.298320e+00,4.767826e+00,4.778504e+00,2.381772e+00,2.344653e+00,3.201079e+00,4.737585e+00,4.544490e+00,2.700108e+00,2.522784e+00,2.517710e+00,3.952785e+00,3.674747e+00,4.613539e+00,3.159236e+00,6.366379e+00,2.691800e+00,4.921653e+00,4.542582e+00,4.215992e+00,3.135678e+00,2.520944e+00,5.014244e+00,4.872679e+00,4.711964e+00,4.012058e+00,2.590031e+00,4.490036e+00,3.941421e+00,8.784664e+00,2.594525e+00,3.321049e+00,5.726178e+00,4.794460e+00,2.191573e+00,2.556084e+00,3.889602e+00,4.201695e+00,4.625024e+00,4.979354e+00,4.676441e+00,5.017996e+00,4.713132e+00,3.800642e+00,3.288641e+00,4.848004e+00,4.859236e+00,4.532657e+00,4.022823e+00,2.908949e+00,3.387688e+00,3.454748e+00,4.292558e+00,3.005464e+00,3.947963e+00,4.652541e+00,4.708841e+00,4.465917e+00,4.948050e+00,4.329342e+00,4.784932e+00,4.899820e+00,5.073106e+00,4.708093e+00,2.479222e+00,2.383811e+00,2.463357e+00,2.580672e+00,9.466434e+00,3.648583e+00,4.549712e+00,3.070029e+00,4.796002e+00,4.624786e+00,2.722321e+00,2.440705e+00,1.999835e+00,4.165564e+00,2.281737e+00,2.834556e+00,4.066175e+00,4.033704e+00,5.102873e+00,4.805117e+00,2.416023e+00,2.636273e+00,4.806229e+00,4.708861e+00
4.920348e+00,4.666678e+00,4.860498e+00,4.485413e+00,4.877051e+00,4.641983e+00,4.337340e+00,4.834314e+00,4.768730e+00,4.692283e+00,4.993979e+00,4.835710e+00,4.789519e+00,4.818697e+00,4.837997e+00,4.763009e+00,4.782542e+00,3.383904e+00,4.477794e+00,4.772293e+00,4.718021e+00,3.273366e+00,3.410944e+00,3.681149e+00,3.070848e+00,4.026323e+00,1.939628e+00,4.004206e+00,4.772341e+00,5.420765e+00,9.176034e+00,3.585416e+00,3.842757e+00,2.172636e+00,3.221140e+00,2.441730e+00,8.825762e+00,2.608047e+00,2.429126e+00,4.967426e+00,4.237526e+00,2.914943e+00,2.516833e+00,6.527861e+00,4.747029e+00,2.526300e+00,3.075716e+00,2.289128e+00,5.071313e+00,4.428614e+00,2.572408e+00,4.183772e+00,2.310873e+00,2.749983e+00,3.152683e+00,2.769456e+00,3.350792e+00,2.584850e+00,3.054820e+00,0.000000e+00,3.523821e+00,2.549630e+00,2.174214e+00,4.367068e+00,2.508037e+00,2.565293e+00,2.840047e+00,4.885314e+00,4.809344e+00,3.409963e+00,4.414594e+00,4.519783e+00,5.034643e+00,2.628791e+00,4.165690e+00,4.905690e+00,4.598471e+00,3.914905e+00,3.391246e+00,2.717013e+00,2.479167e+00,2.556398e+00,4.673319e+00,3.753087e+00,4.465449e+00,4.664513e+00,4.603820e+00,4.902030e+00,4.651116e+00,2.505955e+00,2.733477e+00,2.561902e+00,2.598230e+00,4.108964e+00,2.722252e+00,2.482098e+00,2.636832e+00,3.008363e+00,4.546655e+00,3.564610e+00,2.303717e+00,2.495039e+00,2.126901e+00,2.305603e+00,2.428605e+00,2.336936e+00,4.812220e+00,4.529637e+00,5.056202e+00,4.856402e+00,3.799889e+00,4.857132e+00,4.717550e+00,4.799322e+00
4.853570e+00,4.710273e+00,5.003756e+00,4.666964e+00,4.817997e+00,4.668212e+00,4.647319e+00,4.660702e+00,4.735916e+00,4.923696e+00,4.397010e+00,4.899874e+00,4.653829e+00,4.687960e+00,4.611741e+00,4.610848e+00,4.592182e+00,4.912218e+00,4.549932e+00,4.776640e+00,4.833105e+00,4.609462e+00,4.812067e+00,4.701987e+00,4.528270e+00,3.571257e+00,3.351347e+00,4.949197e+00,4.366832e+00,2.258587e+00,3.353947e+00,3.727361e+00,3.799836e+00,3.889758e+00,3.049765e+00,3.191450e+00,2.067264e+00,2.187794e+00,3.039549e+00,2.702847e+00,3.802370e+00,7.316742e+00,3.088755e+00,4.718177e+00,3.285279e+00,3.339945e+00,2.454883e+00,5.078717e+00,5.003027e+00,4.469460e+00,2.889941e+00,2.125441e+00,2.714627e+00,2.870126e+00,2.308490e+00,2.540591e+00,7.231624e+00,3.666442e+00,2.770275e+00,5.829952e+00,3.196670e+00,2.567744e+00,2.051313e+00,3.949926e+00,2.602556e+00,4.061396e+00,3.180649e+00,4.670559e+00,4.725915e+00,2.149600e+00,4.002030e+00,4.685071e+00,4.051373e+00,4.520028e+00,4.092743e+00,4.438715e+00,4.893512e+00,4.756310e+00,4.816983e+00,4.268031e+00,3.360178e+00,4.209838e+00,4.704420e+00,4.670143e+00,4.808314e+00,4.914868e+00,4.688438e+00,5.211134e+00,3.022405e+00,2.145043e+00,2.578336e+00,2.347421e+00,2.831181e+00,2.068579e+00,2.882561e+00,3.811502e+00,4.397012e+00,4.491954e+00,4.989278e+00,2.506902e+00,2.436906e+00,4.328944e+00,3.387819e+00,3.198930e+00,4.105470e+00,4.388892e+00,3.658442e+00,3.728545e+00,4.924223e+00,4.740407e+00,2.949016e+00,4.835112e+00,4.898721e+00,4.612472e+00
4.806593e+00,4.667683e+00,4.665636e+00,5.012079e+00,4.556460e+00,5.006375e+00,4.864298e+00,4.893580e+00,4.629263e+00,4.826940e+00,4.783176e+00,4.552562e+00,4.917380e+00,4.503517e+00,4.797570e+00,4.785712e+00,4.796982e+00,2.942489e+00,2.758715e+00,4.785540e+00,5.066951e+00,4.931049e+00,4.321762e+00,4.160915e+00,4.668188e+00,2.252161e+00,4.589143e+00,2.638641e+00,4.792625e+00,5.600903e+00,2.558198e+00,4.603331e+00,2.780719e+00,2.997142e+00,2.792746e+00,2.730700e+00,3.713471e+00,2.738890e+00,4.839608e+00,4.363618e+00,3.671677e+00,4.847819e+00,4.902268e+00,3.734619e+00,4.658940e+00,2.472283e+00,2.518147e+00,4.464997e+00,4.825007e+00,4.489836e+00,2.487208e+00,2.815228e+00,3.325349e+00,2.326508e+00,3.500217e+00,2.657842e+00,5.351011e+00,4.305707e+00,4.964280e+00,2.634391e+00,3.489874e+00,4.680631e+00,2.915007e+00,2.569350e+00,3.251263e+00,2.974229e+00,4.358385e+00,5.053645e+00,5.005480e+00,2.349398e+00,4.770261e+00,4.965930e+00,2.764445e+00,4.811592e+00,3.706182e+00,4.797633e+00,4.580268e+00,5.015148e+00,4.467649e+00,4.577213e+00,2.928100e+00,4.279072e+00,4.687915e+00,4.870530e+00,4.651087e+00,4.759174e+00,4.294472e+00,3.083965e+00,3.138651e+00,3.633254e+00,2.742813e+00,2.552662e+00,3.058234e+00,3.515252e+00,2.307630e+00,2.861003e+00,2.417409e+00,4.886486e+00,4.775928e+00,4.125606e+00,2.105001e+00,2.406573e+00,2.678332e+00,4.254015e+00,4.097426e+00,3.910628e+00,3.241375e+00,4.879609e+00,4.670564e+00,4.407914e+00,3.227943e+00,4.771531e+00,4.805779e+00,4.749143e+00
4.725906e+00,4.751480e+00,4.838609e+00,4.895703e+00,4.724395e+00,4.797391e+00,4.653863e+00,4.836737e+00,4.935587e+00,4.895408e+00,4.880330e+00,4.557881e+00,4.963542e+00,4.823794e+00,4.800272e+00,4.510699e+00,4.628681e+00,4.416608e+00,4.941959e+00,4.924119e+00,4.480963e+00,4.775910e+00,4.619221e+00,4.586021e+00,2.985607e+00,2.264267e+00,4.651544e+00,3.915135e+00,4.732084e+00,2.452818e+00,3.578741e+00,4.150850e+00,7.838919e+00,2.684786e+00,4.679522e+00,4.461192e+00,2.887209e+00,4.981069e+00,4.947632e+00,2.591033e+00,2.699066e+00,4.948491e+00,4.223669e+00,5.012411e+00,4.972433e+00,2.795199e+00,3.110447e+00,4.800447e+00,4.730894e+00,3.694687e+00,2.518420e+00,4.374355e+00,3.687061e+00,2.947382e+00,2.586436e+00,5.892188e+00,5.276443e+00,3.603068e+00,5.058440e+00,5.118606e+00,3.012283e+00,3.140899e+00,3.940599e+00,4.262360e+00,4.436906e+00,4.384270e+00,4.740069e+00,4.160865e+00,2.998023e+00,2.998009e+00,2.307591e+00,4.178121e+00,4.563808e+00,3.862808e+00,4.808322e+00,2.870467e+00,4.668241e+00,4.924274e+00,4.835896e+00,4.594406e+00,4.722029e+00,4.659678e+00,4.845931e+00,4.810671e+00,4.749547e+00,4.432523e+00,4.623949e+00,3.725369e+00,3.551473e+00,2.397006e+00,2.643441e+00,2.455195e+00,2.489501e+00,2.252195e+00,3.791450e+00,2.919188e+00,3.405818e+00,4.966794e+00,4.819607e+00,2.298242e+00,3.409041e+00,3.308836e+00,4.205115e+00,2.472082e+00,2.253407e+00,4.792726e+00,4.980965e+00,5.101352e+00,4.271459e+00,2.554580e+00,4.706996e+00,4.842574e+00,4.749158e+00,5.027919e+00
4.560181e+00,4.471581e+00,4.747090e+00,4.778794e+00,4.736443e+00,4.747523e+00,4.834714e+00,4.785676e+00,4.608662e+00,4.659057e+00,4.688756e+00,4.514268e+00,4.836068e+00,4.810492e+00,4.363680e+00,4.592503e+00,4.608956e+00,4.609845e+00,4.743757e+00,4.878848e+00,4.390896e+00,4.966928e+00,4.686808e+00,4.679901e+00,3.678747e+00,2.693847e+00,2.817144e+00,2.484517e+00,4.608488e+00,4.385374e+00,4.083780e+00,4.938111e+00,4.502862e+00,4.778615e+00,4.640743e+00,4.730109e+00,4.528436e+00,4.724266e+00,4.506063e+00,2.952871e+00,2.503254e+00,3.529897e+00,4.252404e+00,5.190202e+00,4.782119e+00,2.455169e+00,4.458063e+00,4.800576e+00,4.191191e+00,2.364656e+00,4.405118e+00,2.993757e+00,4.438816e+00,4.206384e+00,3.491845e+00,3.426463e+00,2.664805e+00,3.470060e+00,2.497795e+00,3.060307e+00,3.489373e+00,4.851332e+00,4.429052e+00,4.096758e+00,4.650533e+00,4.860395e+00,4.584338e+00,4.807415e+00,4.346278e+00,3.023733e+00,4.547342e+00,4.678028e+00,4.790204e+00,5.015908e+00,4.813102e+00,4.768561e+00,4.208003e+00,4.749718e+00,4.275362e+00,4.905240e+00,4.893516e+00,4.580838e+00,4.658711e+00,4.860602e+00,4.864246e+00,4.821105e+00,3.464315e+00,4.119056e+00,2.418449e+00,3.086635e+00,2.119417e+00,2.703062e+00,2.639676e+00,2.282873e+00,4.054512e+00,2.610266e+00,3.608113e+00,2.426064e+00,2.875586e+00,2.592069e+00,3.764179e+00,2.430402e+00,2.962196e+00,4.215609e+00,3.789412e+00,3.393854e+00,4.879923e+00,4.888382e+00,4.749538e+00,2.836592e+00,4.011729e+00,5.007499e+00,4.851551e+00,4.962277e+00
4.649714e+00,4.886125e+00,4.713109e+00,4.667268e+00,4.575439e+00,4.830259e+00,4.753966e+00,4.837689e+00,5.027434e+00,4.207402e+00,4.826740e+00,4.690060e+00,4.533099e+00,4.993351e+00,4.818669e+00,4.967752e+00,4.976285e+00,4.564921e+00,2.738041e+00,4.762705e+00,4.582900e+00,4.967454e+00,3.299886e+00,4.514838e+00,2.581133e+00,2.956597e+00,4.278743e+00,2.461772e+00,4.635316e+00,4.758104e+00,4.998810e+00,4.448354e+00,2.919261e+00,3.549014e+00,4.062331e+00,4.135987e+00,4.856929e+00,3.703927e+00,2.726201e+00,4.660881e+00,3.476011e+00,2.460094e+00,4.078785e+00,4.597454e+00,4.069508e+00,4.529793e+00,4.813231e+00,4.607219e+00,4.776908e+00,2.611285e+00,4.436036e+00,2.113178e+00,2.375841e+00,3.284088e+00,4.802577e+00,5.070869e+00,4.434343e+00,4.404565e+00,2.713514e+00,3.502868e+00,2.365857e+00,4.496930e+00,4.059424e+00,4.182629e+00,4.947965e+00,4.462749e+00,5.052176e+00,4.708128e+00,5.089126e+00,4.466416e+00,4.694914e+00,4.839164e+00,4.875646e+00,4.870669e+00,4.724261e+00,4.397778e+00,4.554508e+00,4.487198e+00,4.771998e+00,5.035857e+00,4.705422e+00,4.740717e+00,4.930894e+00,4.481276e+00,4.685270e+00,2.630746e+00,3.143233e+00,4.332744e+00,2.510637e+00,2.638863e+00,2.497568e+00,3.349446e+00,2.190912e+00,2.249750e+00,2.587225e+00,2.815756e+00,3.168762e+00,3.300881e+00,2.803707e+00,2.722494e+00,4.286839e+00,2.540403e+00,3.085650e+00,2.459114e+00,4.603325e+00,4.431525e+00,4.864059e+00,4.362104e+00,3.420735e+00,4.879783e+00,4.700564e+00,4.585689e+00,4.844870e+00,4.632123e+00
4.693023e+00,4.577938e+00,4.707915e+00,4.837668e+00,4.676439e+00,4.576657e+00,4.730129e+00,4.259094e+00,4.888595e+00,4.422208e+00,4.862309e+00,4.739445e+00,4.860682e+00,4.456231e+00,4.635694e+00,4.686841e+00,4.746537e+00,4.485047e+00,4.635649e+00,4.801589e+00,4.963894e+00,4.732817e+00,4.850070e+00,4.856861e+00,3.996018e+00,2.943189e+00,3.560750e+00,3.204121e+00,2.676958e+00,2.528947e+00,7.459512e+00,3.820709e+00,4.533829e+00,2.832674e+00,2.808842e+00,4.124944e+00,2.326995e+00,2.460980e+00,2.789617e+00,2.505789e+00,2.756631e+00,2.580078e+00,3.049235e+00,2.428094e+00,2.168975e+00,4.837881e+00,5.025847e+00,4.909499e+00,4.250885e+00,2.866229e+00,3.208352e+00,3.961872e+00,4.142332e+00,4.801756e+00,4.981462e+00,4.703712e+00,4.958128e+00,3.972638e+00,4.799805e+00,4.439313e+00,4.115700e+00,5.027153e+00,4.149456e+00,4.630317e+00,4.762908e+00,4.624359e+00,4.730951e+00,4.838745e+00,4.885210e+00,4.631070e+00,4.835837e+00,2.791293e+00,4.971995e+00,4.827377e+00,4.732625e+00,4.981170e+00,4.754948e+00,4.673940e+00,4.935698e+00,4.832649e+00,4.553040e+00,4.771501e+00,4.780443e+00,4.757679e+00,3.028049e+00,3.562820e+00,2.685832e+00,3.221163e+00,3.763515e+00,3.718202e+00,2.303649e+00,2.450219e+00,2.182802e+00,3.827375e+00,2.599054e+00,2.962017e+00,4.739037e+00,2.923088e+00,3.790254e+00,2.475876e+00,3.705905e+00,3.885580e+00,2.674187e+00,2.490402e+00,3.212906e+00,3.931478e+00,4.864600e+00,4.513642e+00,4.321734e+00,3.947473e+00,4.633291e+00,4.484356e+00,4.841585e+00,4.432712e+00
4.919595e+00,4.624181e+00,4.768459e+00,4.932697e+00,4.936191e+00,4.671736e+00,4.615834e+00,4.775518e+00,4.848115e+00,4.300998e+00,4.979166e+00,4.591980e+00,4.730882e+00,4.625634e+00,4.812318e+00,4.827253e+00,4.685336e+00,4.652356e+00,4.007626e+00,3.879094e+00,4.713076e+00,4.782165e+00,4.713980e+00,4.741654e+00,4.505798e+00,2.938114e+00,4.204806e+00,4.069370e+00,5.267372e+00,2.705902e+00,3.761227e+00,2.839205e+00,2.629084e+00,2.894001e+00,2.551580e+00,4.890196e+00,2.681378e+00,2.518433e+00,2.712183e+00,2.428334e+00,2.755410e+00,2.713737e+00,2.587354e+00,3.181894e+00,2.312115e+00,3.679978e+00,4.768892e+00,4.498731e+00,4.018164e+00,2.313508e+00,4.274051e+00,3.250631e+00,3.641018e+00,4.082469e+00,4.365229e+00,4.854855e+00,4.663540e+00,5.076872e+00,4.794248e+00,4.700958e+00,4.312870e+00,4.718128e+00,4.775857e+00,4.863488e+00,4.456728e+00,4.717401e+00,4.640582e+00,4.925389e+00,3.637197e+00,2.511588e+00,3.859991e+00,3.092665e+00,4.382288e+00,4.645636e+00,4.768877e+00,2.598395e+00,4.758466e+00,4.780123e+00,4.587874e+00,4.989684e+00,4.928870e+00,4.763482e+00,3.520955e+00,2.781804e+00,2.401959e+00,3.363155e+00,2.792565e+00,2.523379e+00,2.785378e+00,2.594063e+00,2.737885e+00,3.464731e+00,2.016500e+00,2.781274e+00,2.401238e+00,2.510720e+00,3.017805e+00,4.582355e+00,2.643808e+00,4.085789e+00,4.301020e+00,4.274786e+00,3.242000e+00,3.627264e+00,4.868250e+00,4.221889e+00,4.899807e+00,4.888723e+00,4.126518e+00,4.906438e+00,4.911373e+00,4.719953e+00,4.942979e+00,4.775655e+00
4.628550e+00,4.971285e+00,4.882890e+00,4.723587e+00,4.755747e+00,4.847303e+00,4.894954e+00,5.009885e+00,4.927960e+00,4.706253e+00,5.070843e+00,4.882580e+00,4.704228e+00,4.606416e+00,4.896433e+00,4.814665e+00,4.937495e+00,4.779168e+00,4.789731e+00,4.569854e+00,4.793403e+00,4.843341e+00,4.697696e+00,4.697854e+00,4.440560e+00,4.589968e+00,2.146313e+00,3.791911e+00,2.751002e+00,2.470108e+00,2.398198e+00,3.558860e+00,2.590084e+00,2.299389e+00,2.494198e+00,3.984622e+00,2.315971e+00,3.901381e+00,2.593224e+00,2.623252e+00,3.096274e+00,3.425950e+00,2.688112e+00,2.165127e+00,3.739856e+00,2.279494e+00,4.988312e+00,4.735211e+00,4.822005e+00,2.457826e+00,2.373738e+00,2.783061e+00,4.610517e+00,3.613314e+00,3.531922e+00,4.294393e+00,3.105459e+00,4.842977e+00,3.623013e+00,4.373792e+00,4.619931e+00,3.582291e+00,3.349230e+00,4.482115e+00,4.384788e+00,4.368919e+00,4.592037e+00,3.809513e+00,3.987084e+00,2.517228e+00,3.480147e+00,2.191810e+00,2.509184e+00,2.579487e+00,3.808724e+00,4.649924e+00,5.006970e+00,4.789551e+00,4.828000e+00,4.866908e+00,4.478013e+00,3.571162e+00,5.353884e+00,4.707233e+00,2.811007e+00,2.153093e+00,2.494544e+00,2.475708e+00,2.158986e+00,3.982598e+00,3.414715e+00,2.067647e+00,2.456169e+00,2.848874e+00,4.550347e+00,4.974899e+00,2.260871e+00,2.633421e+00,2.508479e+00,2.323430e+00,4.554040e+00,5.143270e+00,3.895743e+00,2.262641e+00,4.353735e+00,4.907519e+00,5.032162e+00,3.627629e+00,2.218344e+00,4.700320e+00,4.876611e+00,4.757427e+00,4.690985e+00,4.498081e+00
4.970376e+00,4.746320e+00,4.778371e+00,4.616242e+00,4.581313e+00,4.580532e+00,4.852147e+00,4.882221e+00,5.060410e+00,4.911290e+00,4.752027e+00,4.867245e+00,4.801187e+00,4.715068e+00,4.610175e+00,4.672689e+00,4.750350e+00,5.001113e+00,4.798232e+00,4.796198e+00,2.671116e+00,4.924823e+00,4.850774e+00,4.681727e+00,4.696456e+00,2.593116e+00,2.575701e+00,2.176441e+00,3.353722e+00,2.358878e+00,2.195259e+00,2.125155e+00,2.667283e+00,4.015272e+00,2.615517e+00,2.305276e+00,3.487237e+00,3.665478e+00,4.947661e+00,2.545726e+00,2.493879e+00,2.446503e+00,2.555840e+00,2.357910e+00,3.032912e+00,4.380316e+00,4.824504e+00,4.778871e+00,4.219044e+00,2.915878e+00,4.668618e+00,3.832466e+00,2.705512e+00,2.688584e+00,2.458806e+00,4.071220e+00,2.332676e+00,2.490271e+00,4.812728e+00,2.728056e+00,2.343417e+00,4.874181e+00,2.420218e+00,4.848337e+00,4.429497e+00,2.685595e+00,2.840457e+00,3.361496e+00,2.489926e+00,2.549804e+00,4.806102e+00,4.532806e+00,2.704240e+00,4.941740e+00,4.851064e+00,4.659986e+00,4.965019e+00,4.737531e+00,4.241646e+00,2.261883e+00,9.931872e+00,5.511607e+00,2.897937e+00,4.168376e+00,2.709883e+00,2.515500e+00,3.065167e+00,2.453758e+00,2.338373e+00,2.310349e+00,2.129176e+00,2.420901e+00,3.040652e+00,4.986083e+00,4.629514e+00,4.667119e+00,4.305750e+00,4.703570e+00,3.525246e+00,2.536338e+00,2.236576e+00,4.507370e+00,3.868782e+00,3.752613e+00,4.344345e+00,4.954286e+00,4.405300e+00,4.124199e+00,2.724397e+00,4.767306e+00,4.934528e+00,4.302337e+00,4.830051e+00,4.882628e+00
4.874253e+00,4.611878e+00,4.704916e+00,4.621371e+00,4.821352e+00,4.518297e+00,4.910569e+00,4.639235e+00,4.865686e+00,4.920918e+00,5.048414e+00,4.882619e+00,4.615883e+00,4.849542e+00,4.663534e+00,4.803539e+00,4.879056e+00,4.806750e+00,5.114409e+00,4.754715e+00,4.931686e+00,4.484561e+00,4.514686e+00,4.740289e+00,4.447211e+00,4.316997e+00,3.297631e+00,4.122775e+00,2.807918e+00,3.971456e+00,2.314712e+00,2.716375e+00,2.564916e+00,3.081388e+00,3.632816e+00,2.763140e+00,2.744067e+00,2.388904e+00,4.430919e+00,3.750981e+00,2.540743e+00,3.082333e+00,2.934971e+00,2.651645e+00,3.814546e+00,3.200828e+00,2.685079e+00,4.604578e+00,4.657097e+00,3.909826e+00,2.870026e+00,3.803617e+00,2.994842e+00,3.462308e+00,3.076619e+00,3.804718e+00,3.111442e+00,4.691789e+00,4.629887e+00,3.355836e+00,3.209181e+00,4.608748e+00,2.558686e+00,4.443833e+00,4.728637e+00,2.863977e+00,3.300116e+00,4.452387e+00,4.789650e+00,4.716168e+00,2.658386e+00,2.835005e+00,4.451201e+00,2.736850e+00,4.653469e+00,4.696827e+00,4.758237e+00,2.831317e+00,3.049324e+00,2.752556e+00,2.454861e+00,2.711858e+00,2.577589e+00,5.221503e+00,2.499657e+00,2.307426e+00,2.593872e+00,4.260833e+00,2.666715e+00,2.933454e+00,2.326992e+00,2.341015e+00,4.321798e+00,4.929938e+00,4.888576e+00,2.824436e+00,3.990249e+00,3.314665e+00,2.508258e+00,2.665334e+00,2.549689e+00,4.048325e+00,4.537552e+00,4.430011e+00,4.761883e+00,4.844577e+00,5.019580e+00,2.569492e+00,4.480680e+00,4.518684e+00,4.913537e+00,4.763132e+00,4.838988e+00,4.514649e+00
4.836131e+00,4.838164e+00,4.836876e+00,4.827488e+00,4.570355e+00,4.689054e+00,4.867639e+00,4.775413e+00,4.782112e+00,4.726719e+00,4.485924e+00,5.157672e+00,4.903413e+00,4.546111e+00,4.850337e+00,4.920661e+00,4.779714e+00,4.926392e+00,5.008066e+00,4.600570e+00,4.761607e+00,2.300315e+00,4.667994e+00,4.761877e+00,4.626869e+00,3.690998e+00,4.670884e+00,4.697863e+00,2.470166e+00,2.848979e+00,2.605997e+00,4.605976e+00,2.655061e+00,2.525113e+00,2.668685e+00,2.780992e+00,3.453287e+00,3.045545e+00,2.623285e+00,3.847162e+00,3.060757e+00,3.079951e+00,2.319676e+00,2.347274e+00,3.441177e+00,3.036374e+00,2.902294e+00,4.790794e+00,4.786677e+00,4.488918e+00,4.735456e+00,4.513271e+00,3.268960e+00,4.008897e+00,4.856352e+00,4.083161e+00,4.812715e+00,4.687139e+00,4.858827e+00,4.602791e+00,4.991285e+00,2.271188e+00,4.833872e+00,4.003770e+00,4.080843e+00,2.572657e+00,3.932546e+00,4.960287e+00,2.631553e+00,3.265772e+00,3.745867e+00,3.015425e+00,2.811826e+00,2.554127e+00,2.629104e+00,2.808233e+00,2.804114e+00,2.861830e+00,4.270169e+00,2.550184e+00,4.171236e+00,2.480717e+00,3.129699e+00,7.991578e+00,3.793390e+00,2.806721e+00,2.794633e+00,2.936053e+00,2.487741e+00,2.530622e+00,2.765949e+00,2.784916e+00,4.750190e+00,4.637737e+00,4.261189e+00,3.974406e+00,2.261899e+00,4.115261e+00,2.695667e+00,2.243079e+00,3.988829e+00,2.662649e+00,3.760464e+00,4.742659e+00,4.676796e+00,4.915464e+00,4.530813e+00,3.993462e+00,4.727977e+00,4.762764e+00,4.722808e+00,4.900591e+00,4.721684e+00,5.046056e+00
4.963870e+00,4.550790e+00,4.482740e+00,4.715243e+00,4.486571e+00,4.945530e+00,4.621707e+00,4.438780e+00,4.847140e+00,4.751497e+00,4.597528e+00,4.465654e+00,4.886970e+00,4.928958e+00,4.792112e+00,4.907290e+00,4.572109e+00,4.876192e+00,4.868546e+00,4.927646e+00,4.732193e+00,2.607136e+00,4.732875e+00,4.823285e+00,4.779797e+00,4.891968e+00,4.782326e+00,4.858087e+00,4.236283e+00,2.521470e+00,2.759627e+00,2.363024e+00,2.634515e+00,4.330165e+00,2.929697e+00,2.478182e+00,1.938138e+00,2.772260e+00,3.904561e+00,2.601723e+00,4.259377e+00,3.493639e+00,2.652782e+00,3.212369e+00,2.629625e+00,2.736488e+00,4.630249e+00,4.165401e+00,5.046939e+00,4.862187e+00,4.794417e+00,4.746054e+00,4.154183e+00,4.760292e+00,4.865490e+00,4.967066e+00,4.603685e+00,4.876388e+00,4.402439e+00,4.914851e+00,4.883908e+00,4.623154e+00,4.868389e+00,4.622429e+00,4.917217e+00,4.547954e+00,4.704398e+00,4.256436e+00,3.751618e+00,2.570716e+00,2.759006e+00,2.480128e+00,2.713103e+00,2.378120e+00,2.093078e+00,2.702224e+00,7.261862e+00,3.610124e+00,2.411204e+00,2.727606e+00,2.474607e+00,4.115431e+00,4.612590e+00,2.868971e+00,2.632823e+00,2.929658e+00,2.692376e+00,2.422129e+00,2.408147e+00,2.679239e+00,2.438319e+00,2.722191e+00,4.973365e+00,4.711295e+00,5.982458e+00,2.243768e+00,2.532578e+00,3.494353e+00,3.898370e+00,4.209655e+00,2.689267e+00,4.763458e+00,4.902823e+00,4.675273e+00,4.462372e+00,4.875861e+00,2.305846e+00,4.425040e+00,4.759951e+00,4.697663e+00,4.852732e+00,4.979526e+00,4.876059e+00,4.770791e+00
4.343812e+00,4.894392e+00,4.739158e+00,4.879609e+00,4.641395e+00,4.231030e+00,4.708243e+00,4.525332e+00,4.874806e+00,4.539306e+00,4.674894e+00,4.832804e+00,4.797604e+00,5.074574e+00,4.727665e+00,5.006100e+00,4.775170e+00,4.837340e+00,4.830718e+00,4.765403e+00,4.748210e+00,3.901034e+00,2.465708e+00,4.869577e+00,4.728640e+00,4.662589e+00,3.607808e+00,3.847211e+00,4.068937e+00,4.258295e+00,2.638432e+00,2.664434e+00,3.016862e+00,3.112309e+00,3.157187e+00,4.418982e+00,3.983379e+00,3.044995e+00,3.859720e+00,3.105553e+00,4.757017e+00,2.233900e+00,2.164275e+00,3.349487e+00,3.198075e+00,2.615021e+00,3.970758e+00,2.696516e+00,2.579143e+00,2.475860e+00,2.988222e+00,2.323516e+00,2.613638e+00,2.288237e+00,2.780379e+00,4.698255e+00,2.765910e+00,5.065242e+00,2.325808e+00,2.603767e+00,5.122825e+00,3.955329e+00,4.642452e+00,5.029330e+00,4.952000e+00,4.642885e+00,2.680921e+00,2.505725e+00,3.072918e+00,3.840454e+00,3.201630e+00,3.715948e+00,2.584456e+00,2.864858e+00,4.077716e+00,2.554735e+00,3.029006e+00,2.522774e+00,3.482531e+00,2.548886e+00,2.454935e+00,3.443835e+00,3.326414e+00,2.539073e+00,5.074582e+00,4.374125e+00,4.209736e+00,2.510651e+00,2.711831e+00,2.215044e+00,2.495285e+00,4.955799e+00,4.848977e+00,2.472109e+00,4.142526e+00,4.551936e+00,2.729743e+00,2.639295e+00,2.790459e+00,2.382063e+00,2.511582e+00,4.875682e+00,4.794198e+00,5.041474e+00,4.446830e+00,2.127958e+00,2.445079e+00,4.789054e+00,4.734465e+00,4.811903e+00,4.769809e+00,4.848152e+00,4.508781e+00,4.872746e+00
4.781719e+00,4.772359e+00,4.937722e+00,4.813489e+00,4.557911e+00,4.789041e+00,4.695895e+00,4.990593e+00,4.991004e+00,4.762832e+00,4.416756e+00,4.600915e+00,4.936527e+00,4.725427e+00,4.693523e+00,5.023980e+00,4.894249e+00,4.750509e+00,4.860938e+00,4.895141e+00,4.334739e+00,5.076073e+00,4.452326e+00,4.609378e+00,4.769526e+00,4.877949e+00,4.920927e+00,4.577340e+00,3.833701e+00,3.354377e+00,2.848357e+00,2.432378e+00,3.688859e+00,3.722163e+00,2.397876e+00,2.830834e+00,2.919852e+00,2.703795e+00,3.483987e+00,2.616451e+00,2.232897e+00,4.998465e+00,4.919971e+00,2.212831e+00,2.676340e+00,2.780432e+00,4.032886e+00,2.750888e+00,3.813724e+00,2.304463e+00,2.596763e+00,2.291098e+00,3.091716e+00,3.075541e+00,3.756996e+00,4.013313e+00,9.586109e+00,3.280205e+00,2.335777e+00,3.058024e+00,3.303777e+00,2.773916e+00,2.503184e+00,2.487528e+00,3.093024e+00,7.232504e+00,2.940203e+00,2.155802e+00,2.482278e+00,4.660934e+00,2.706216e+00,2.569772e+00,8.407837e+00,3.479664e+00,2.989245e+00,2.452945e+00,2.824538e+00,2.701339e+00,3.287685e+00,2.315888e+00,2.453840e+00,3.278102e+00,4.644608e+00,4.880839e+00,2.304584e+00,3.795446e+00,2.787981e+00,3.136306e+00,3.996738e+00,2.519698e+00,4.871658e+00,4.903638e+00,3.822630e+00,2.641545e+00,4.584166e+00,4.712879e+00,4.308004e+00,2.339619e+00,4.224612e+00,3.519649e+00,3.211988e+00,4.039008e+00,4.721259e+00,4.889358e+00,4.304959e+00,2.558738e+00,4.202882e+00,4.836259e+00,4.948462e+00,4.703245e+00,4.941359e+00,4.880936e+00,4.498930e+00,4.812406e+00
4.674595e+00,4.725868e+00,4.912515e+00,4.716866e+00,4.773768e+00,4.718110e+00,4.597032e+00,4.563689e+00,4.821865e+00,4.779392e+00,4.958605e+00,4.881376e+00,4.727999e+00,4.904597e+00,4.792020e+00,4.372637e+00,5.096448e+00,4.688608e+00,4.897535e+00,4.620619e+00,4.456200e+00,4.879951e+00,4.799689e+00,2.612683e+00,4.729152e+00,4.962153e+00,4.793105e+00,4.058331e+00,4.836321e+00,5.046418e+00,4.449490e+00,2.364418e+00,4.310662e+00,2.808352e+00,2.906599e+00,2.510474e+00,4.686371e+00,3.803148e+00,3.826715e+00,4.272334e+00,3.211260e+00,2.267310e+00,2.186880e+00,2.699240e+00,2.683989e+00,2.280194e+00,4.668537e+00,2.520062e+00,2.683133e+00,2.796125e+00,3.591872e+00,4.088555e+00,4.294926e+00,2.400385e+00,3.243442e+00,2.509785e+00,2.565551e+00,2.689957e+00,2.346557e+00,4.613126e+00,2.303520e+00,2.580336e+00,2.212557e+00,2.232946e+00,2.381158e+00,2.685343e+00,2.590709e+00,2.376870e+00,4.250374e+00,3.183855e+00,2.480039e+00,2.725060e+00,3.066072e+00,2.631540e+00,3.785191e+00,2.418975e+00,2.955286e+00,2.556425e+00,2.560585e+00,2.536868e+00,3.934216e+00,6.170856e+00,2.984184e+00,2.502833e+00,2.461454e+00,4.779476e+00,2.277892e+00,2.205201e+00,2.655811e+00,4.686321e+00,4.861989e+00,4.985009e+00,4.661277e+00,4.258767e+00,2.298316e+00,2.790334e+00,1.983374e+00,2.152821e+00,2.964574e+00,3.000423e+00,3.846149e+00,4.973745e+00,4.832572e+00,4.966645e+00,2.415495e+00,2.787421e+00,4.651292e+00,4.532113e+00,4.518098e+00,4.353854e+00,4.859431e+00,4.905176e+00,4.544987e+00,5.004907e+00
4.749507e+00,4.686833e+00,4.792985e+00,4.822224e+00,4.810041e+00,4.382682e+00,4.477766e+00,4.601245e+00,4.580186e+00,4.705718e+00,4.563014e+00,4.795246e+00,4.893239e+00,4.960039e+00,4.859817e+00,4.759357e+00,4.551745e+00,4.632511e+00,4.954014e+00,5.010053e+00,4.527088e+00,4.752020e+00,4.772812e+00,4.001846e+00,4.596223e+00,4.653343e+00,4.776092e+00,4.765427e+00,4.965771e+00,4.432522e+00,4.962517e+00,2.331947e+00,3.774154e+00,2.916356e+00,4.201355e+00,2.501036e+00,2.412153e+00,3.838847e+00,2.930453e+00,2.579389e+00,4.755641e+00,3.365906e+00,2.348195e+00,2.945648e+00,2.989065e+00,2.418084e+00,3.022317e+00,2.101750e+00,2.477199e+00,2.483513e+00,2.261587e+00,2.502107e+00,4.627120e+00,4.141439e+00,2.728053e+00,2.586374e+00,2.819926e+00,6.647967e+00,2.692275e+00,2.317715e+00,2.606880e+00,2.445685e+00,2.894989e+00,2.773580e+00,4.338061e+00,2.302830e+00,2.542767e+00,2.082397e+00,4.949031e+00,2.937232e+00,3.141373e+00,2.973332e+00,2.134697e+00,2.965843e+00,4.258343e+00,2.187234e+00,9.546797e+00,2.290414e+00,4.776373e+00,3.568277e+00,3.848322e+00,2.094319e+00,2.534071e+00,7.360902e+00,2.790967e+00,2.488019e+00,2.486183e+00,2.411648e+00,4.647386e+00,3.619379e+00,5.000441e+00,2.096710e+00,2.318093e+00,2.887370e+00,3.287157e+00,2.462880e+00,2.778382e+00,2.407558e+00,3.013173e+00,4.717349e+00,4.701176e+00,4.952236e+00,4.898267e+00,2.700887e+00,2.957397e+00,3.977888e+00,4.491706e+00,5.006041e+00,4.817594e+00,4.898974e+00,4.826394e+00,4.980961e+00,4.606876e+00,4.672804e+00
4.828402e+00,4.302923e+00,5.024410e+00,4.470588e+00,4.501470e+00,4.709265e+00,4.690032e+00,4.855960e+00,4.738451e+00,4.731557e+00,4.620105e+00,4.973047e+00,4.885146e+00,4.742714e+00,4.634205e+00,4.928925e+00,4.996165e+00,4.560293e+00,5.012863e+00,4.795072e+00,4.804584e+00,4.749697e+00,4.889893e+00,4.830127e+00,4.895533e+00,4.738468e+00,4.591053e+00,4.740219e+00,4.400775e+00,4.364288e+00,4.174577e+00,2.711666e+00,2.473629e+00,3.288483e+00,3.991423e+00,3.175338e+00,3.735097e+00,4.736920e+00,2.646747e+00,2.945345e+00,2.895697e+00,3.065062e+00,2.519196e+00,4.422250e+00,2.560120e+00,2.494107e+00,2.284205e+00,2.933973e+00,3.762955e+00,2.392092e+00,2.868062e+00,2.371556e+00,2.420354e+00,3.606291e+00,2.431575e+00,2.174454e+00,2.615278e+00,2.757798e+00,3.474472e+00,3.426278e+00,2.613888e+00,3.387686e+00,2.169843e+00,2.612560e+00,2.706614e+00,4.375913e+00,2.646125e+00,3.933432e+00,3.973063e+00,2.096688e+00,3.229312e+00,2.234367e+00,2.593274e+00,2.390283e+00,2.652353e+00,3.068722e+00,2.842939e+00,3.228445e+00,4.005647e+00,2.860178e+00,4.234143e+00,2.694930e+00,2.991261e+00,5.673247e+00,2.277404e+00,3.198066e+00,2.850289e+00,4.204875e+00,4.836355e+00,4.907409e+00,2.196459e+00,2.495954e+00,3.433913e+00,3.782439e+00,4.260053e+00,4.633494e+00,2.647725e+00,3.899045e+00,4.263842e+00,4.030521e+00,4.736865e+00,4.872566e+00,4.617049e+00,2.709695e+00,4.779892e+00,4.370927e+00,4.669970e+00,4.817335e+00,4.529137e+00,4.828294e+00,4.753671e+00,4.692894e+00,4.840286e+00,4.780232e+00
4.677396e+00,4.997978e+00,4.445206e+00,4.674146e+00,4.675249e+00,4.726460e+00,4.050791e+00,4.902587e+00,4.671597e+00,4.682530e+00,4.705228e+00,4.389239e+00,4.747295e+00,4.844247e+00,4.942594e+00,4.866079e+00,4.606927e+00,4.839048e+00,4.706439e+00,4.587140e+00,4.848956e+00,4.504128e+00,4.482213e+00,4.558007e+00,4.212311e+00,4.732841e+00,4.870056e+00,4.769181e+00,3.017473e+00,4.164774e+00,4.338733e+00,3.861167e+00,2.899492e+00,3.533030e+00,3.651596e+00,2.729047e+00,2.821379e+00,2.466991e+00,2.684232e+00,2.413162e+00,3.065880e+00,2.393461e+00,2.535840e+00,2.786002e+00,2.796174e+00,3.010202e+00,2.602148e+00,4.497931e+00,2.758537e+00,3.114697e+00,4.944623e+00,9.825774e+00,2.507455e+00,2.073207e+00,3.121094e+00,4.610665e+00,2.774343e+00,4.058056e+00,2.636407e+00,3.095191e+00,2.572118e+00,2.780476e+00,4.100941e+00,3.112381e+00,3.119019e+00,4.851123e+00,4.694038e+00,4.092021e+00,2.329048e+00,2.766158e+00,3.052638e+00,3.728957e+00,2.842561e+00,2.791150e+00,2.704966e+00,2.797561e+00,2.425860e+00,4.171568e+00,8.162461e+00,2.810935e+00,4.575792e+00,2.652381e+00,2.664988e+00,2.350081e+00,2.885270e+00,2.426147e+00,2.305811e+00,3.176127e+00,2.557698e+00,2.531190e+00,2.188005e+00,2.664704e+00,4.028739e+00,3.067107e+00,3.956602e+00,4.626006e+00,2.565479e+00,3.760595e+00,3.932971e+00,4.822787e+00,4.875080e+00,4.584181e+00,2.534964e+00,2.910735e+00,4.862927e+00,4.764075e+00,4.758865e+00,4.557635e+00,4.638978e+00,4.648214e+00,5.025902e+00,5.030512e+00,4.649056e+00,4.394889e+00
4.715216e+00,4.234725e+00,4.804432e+00,4.861513e+00,4.705952e+00,4.332146e+00,4.693387e+00,4.315767e+00,4.867294e+00,4.781512e+00,4.585535e+00,4.844969e+00,4.719527e+00,4.893703e+00,4.540556e+00,4.753111e+00,4.264432e+00,4.866630e+00,4.720997e+00,4.640041e+00,5.016131e+00,4.419722e+00,4.551114e+00,5.053219e+00,5.015570e+00,4.609719e+00,4.642100e+00,4.818091e+00,4.532262e+00,4.640107e+00,4.717876e+00,3.875639e+00,4.584368e+00,3.571448e+00,2.598862e+00,2.724682e+00,2.632459e+00,2.715914e+00,4.479612e+00,2.888831e+00,3.756483e+00,2.168043e+00,2.817761e+00,4.783017e+00,2.602402e+00,9.085286e+00,2.507460e+00,2.817696e+00,2.400933e+00,2.741086e+00,4.808154e+00,3.067920e+00,3.188406e+00,2.922366e+00,3.698292e+00,5.195973e+00,2.494116e+00,2.313426e+00,2.665954e+00,4.805000e+00,2.660787e+00,2.315103e+00,2.549278e+00,3.149168e+00,3.151876e+00,9.462115e+00,3.447873e+00,2.670148e+00,2.394762e+00,2.448625e+00,4.537153e+00,2.452225e+00,2.429597e+00,3.607445e+00,2.094300e+00,3.672394e+00,2.605230e+00,2.707375e+00,2.941966e+00,2.947864e+00,2.796103e+00,3.937724e+00,2.629486e+00,2.525795e+00,2.654369e+00,4.193592e+00,1.900809e+00,3.127245e+00,2.656179e+00,2.636354e+00,2.922148e+00,3.445104e+00,2.628668e+00,2.948926e+00,2.495617e+00,4.487225e+00,2.632233e+00,4.700424e+00,4.968451e+00,4.907564e+00,4.787701e+00,3.593123e+00,2.453121e+00,4.820407e+00,4.813095e+00,4.429621e+00,4.706996e+00,4.396221e+00,4.809536e+00,4.809772e+00,4.754380e+00,4.760455e+00,4.745313e+00,4.647048e+00
4.890859e+00,4.170314e+00,4.757838e+00,4.658571e+00,4.590139e+00,4.660577e+00,4.871786e+00,4.147260e+00,4.819131e+00,4.621762e+00,4.774678e+00,4.865990e+00,4.602181e+00,4.250261e+00,4.726084e+00,4.814297e+00,4.798653e+00,4.647076e+00,4.812185e+00,4.692840e+00,4.353729e+00,4.777220e+00,4.716407e+00,4.401223e+00,4.797416e+00,4.665317e+00,3.251413e+00,4.768840e+00,4.842872e+00,5.012903e+00,4.165056e+00,4.515387e+00,4.423695e+00,4.401135e+00,2.325979e+00,3.626318e+00,2.439580e+00,3.654611e+00,2.994129e+00,2.594596e+00,2.715805e+00,2.595698e+00,2.206777e+00,2.196839e+00,4.698749e+00,4.710073e+00,4.249276e+00,2.535441e+00,2.877945e+00,3.382023e+00,2.238060e+00,2.356344e+00,6.527733e+00,2.292618e+00,4.788072e+00,3.921805e+00,2.062916e+00,3.568957e+00,2.544637e+00,3.071296e+00,2.519782e+00,2.930769e+00,2.629443e+00,4.033568e+00,2.448034e+00,2.521771e+00,2.948779e+00,2.731635e+00,4.493494e+00,2.116929e+00,4.579164e+00,3.234149e+00,3.145408e+00,3.063440e+00,2.418988e+00,3.963958e+00,3.780847e+00,5.892794e+00,4.506392e+00,5.409472e+00,3.635935e+00,2.831055e+00,4.538639e+00,4.521851e+00,4.888582e+00,4.103002e+00,4.404484e+00,3.885326e+00,2.346891e+00,4.070753e+00,2.361336e+00,5.167576e+00,9.800195e+00,4.616650e+00,2.309924e+00,2.675693e+00,3.941720e+00,3.972773e+00,4.812441e+00,4.764981e+00,4.947021e+00,2.575222e+00,4.720451e+00,3.235787e+00,4.762482e+00,4.764578e+00,4.864460e+00,4.577630e+00,4.573742e+00,4.692754e+00,4.712046e+00,4.838343e+00,4.822600e+00,4.551610e+00
4.675692e+00,4.891676e+00,4.536739e+00,4.704344e+00,4.731537e+00,4.813245e+00,4.957253e+00,4.732299e+00,4.854482e+00,4.632509e+00,4.780525e+00,4.738939e+00,4.930089e+00,4.890200e+00,4.859094e+00,4.985789e+00,4.743756e+00,4.644846e+00,4.892181e+00,4.707632e+00,4.615240e+00,4.769901e+00,4.969645e+00,4.691109e+00,4.952180e+00,4.615728e+00,4.473372e+00,4.814333e+00,4.712984e+00,4.715173e+00,4.301652e+00,4.613300e+00,4.526760e+00,3.541804e+00,2.329923e+00,2.426347e+00,2.955817e+00,2.339387e+00,2.612070e+00,2.693096e+00,2.658001e+00,2.253375e+00,2.541830e+00,2.599071e+00,2.791257e+00,2.768429e+00,2.520706e+00,2.210978e+00,2.757529e+00,8.552193e+00,2.169045e+00,2.547190e+00,4.055717e+00,4.724065e+00,2.565953e+00,3.679286e+00,2.447337e+00,3.026088e+00,2.459300e+00,2.094404e+00,3.181177e+00,3.611689e+00,2.840144e+00,2.663454e+00,2.370775e+00,2.544358e+00,2.305544e+00,2.436813e+00,2.627584e+00,2.181603e+00,2.107597e+00,2.713085e+00,5.295843e+00,2.858151e+00,3.036873e+00,2.382037e+00,2.559216e+00,4.216262e+00,2.941776e+00,3.622638e+00,4.312875e+00,4.653060e+00,4.943980e+00,4.567704e+00,4.543605e+00,4.449192e+00,3.880261e+00,2.719140e+00,4.369578e+00,2.633056e+00,2.446715e+00,2.580269e+00,2.475097e+00,3.459395e+00,4.538912e+00,4.679708e+00,4.192157e+00,4.816239e+00,5.155862e+00,4.735515e+00,4.249764e+00,4.345711e+00,4.774479e+00,4.654809e+00,4.930720e+00,4.812715e+00,4.599856e+00,4.775656e+00,4.949582e+00,4.752477e+00,4.754073e+00,4.811140e+00,4.539058e+00,4.754519e+00
4.395137e+00,4.967547e+00,4.662176e+00,4.942292e+00,4.782259e+00,4.656914e+00,4.675908e+00,4.540476e+00,4.755074e+00,4.782965e+00,4.685941e+00,4.699294e+00,4.693908e+00,4.651654e+00,5.155802e+00,4.784938e+00,4.877856e+00,4.819928e+00,4.577684e+00,4.505534e+00,4.716228e+00,4.969923e+00,4.722848e+00,4.469689e+00,4.758050e+00,4.873934e+00,4.676760e+00,4.836727e+00,3.583468e+00,4.728778e+00,4.870567e+00,4.914981e+00,4.592521e+00,4.470385e+00,2.384918e+00,2.579499e+00,3.087873e+00,3.575448e+00,2.832807e+00,4.637573e+00,2.398335e+00,3.429565e+00,2.414754e+00,4.099941e+00,2.412404e+00,2.925673e+00,2.490385e+00,3.505599e+00,2.811740e+00,2.718060e+00,2.611826e+00,2.768265e+00,3.496920e+00,2.830592e+00,2.390556e+00,2.677880e+00,4.008444e+00,2.445941e+00,2.489925e+00,2.382851e+00,2.381427e+00,2.885966e+00,2.940166e+00,2.734005e+00,4.700672e+00,4.862047e+00,2.889175e+00,5.514309e+00,3.087270e+00,2.788547e+00,2.742047e+00,3.408351e+00,4.004843e+00,3.356707e+00,4.543292e+00,4.664307e+00,7.960871e+00,5.889425e+00,2.366168e+00,3.904748e+00,4.706702e+00,3.461786e+00,4.760329e+00,2.554716e+00,2.472328e+00,2.461394e+00,2.312752e+00,7.663873e+00,2.390849e+00,3.644942e+00,2.135967e+00,5.135689e+00,2.496123e+00,4.243741e+00,2.292520e+00,3.729477e+00,4.782565e+00,4.564066e+00,4.842539e+00,2.718978e+00,2.834968e+00,4.652265e+00,4.672947e+00,4.718299e+00,4.700753e+00,4.753889e+00,4.557286e+00,4.729611e+00,4.593365e+00,4.655593e+00,4.681063e+00,4.616377e+00,4.780658e+00,4.714676e+00
4.536368e+00,4.861528e+00,4.631869e+00,4.625880e+00,4.721618e+00,4.665582e+00,4.751926e+00,4.693713e+00,4.608866e+00,4.828237e+00,4.618961e+00,4.608756e+00,4.895496e+00,4.565062e+00,4.507995e+00,4.903868e+00,4.835930e+00,4.593126e+00,4.780924e+00,4.537171e+00,4.989823e+00,4.772223e+00,4.674915e+00,4.608377e+00,5.040972e+00,4.906821e+00,4.619141e+00,4.292637e+00,3.181329e+00,3.492791e+00,4.846409e+00,4.530698e+00,4.824667e+00,5.055532e+00,4.079289e+00,4.990353e+00,4.746657e+00,2.736870e+00,2.275033e+00,3.813992e+00,2.184282e+00,2.419972e+00,5.362784e+00,2.612309e+00,3.278592e+00,2.643553e+00,2.371136e+00,4.468697e+00,2.973946e+00,4.282628e+00,2.903036e+00,3.253415e+00,4.538344e+00,2.469754e+00,4.229411e+00,4.748381e+00,3.591839e+00,2.976666e+00,2.571059e+00,4.568517e+00,2.791344e+00,2.626269e+00,2.825779e+00,4.138871e+00,4.850066e+00,4.664651e+00,2.614750e+00,4.050559e+00,2.589244e+00,2.531507e+00,3.609189e+00,2.005718e+00,4.471323e+00,2.422766e+00,3.159926e+00,4.100476e+00,3.500832e+00,4.010634e+00,4.778501e+00,4.595622e+00,4.664884e+00,2.810610e+00,2.461098e+00,3.607521e+00,3.042684e+00,2.376225e+00,3.206269e+00,2.490110e+00,3.029097e+00,5.891090e+00,4.469097e+00,3.054597e+00,4.366127e+00,2.998980e+00,4.858847e+00,4.596905e+00,4.727287e+00,4.811209e+00,4.509795e+00,2.273949e+00,4.813088e+00,4.617658e+00,4.665860e+00,4.829473e+00,4.872662e+00,4.707383e+00,4.626964e+00,4.513884e+00,4.688074e+00,4.726576e+00,4.644130e+00,4.554667e+00,4.902153e+00,4.688319e+00
4.655065e+00,4.652968e+00,5.040473e+00,4.747530e+00,4.918858e+00,4.479555e+00,4.760439e+00,4.885071e+00,4.813941e+00,4.882617e+00,4.568973e+00,4.697233e+00,4.848028e+00,4.733386e+00,4.921530e+00,4.512620e+00,4.615489e+00,4.555720e+00,4.689724e+00,4.861488e+00,4.738054e+00,4.667179e+00,4.886766e+00,4.938786e+00,4.973633e+00,4.608865e+00,4.968769e+00,4.721946e+00,4.430161e+00,3.512569e+00,2.823515e+00,4.800683e+00,4.718461e+00,4.522118e+00,5.020342e+00,3.600466e+00,4.233391e+00,4.106508e+00,2.798351e+00,3.804526e+00,4.430754e+00,3.788860e+00,3.072228e+00,2.391455e+00,3.930665e+00,3.599429e+00,2.509000e+00,4.199554e+00,2.767241e+00,2.515135e+00,6.360247e+00,2.710097e+00,3.744294e+00,2.555022e+00,2.571401e+00,3.011175e+00,2.627547e+00,2.712968e+00,2.550868e+00,2.707196e+00,2.355517e+00,2.568912e+00,3.916053e+00,3.868728e+00,4.690262e+00,4.885804e+00,4.028126e+00,2.956286e+00,2.901357e+00,3.335404e+00,3.222476e+00,3.130185e+00,3.744915e+00,3.126679e+00,2.476640e+00,4.527156e+00,4.763154e+00,4.903360e+00,4.538771e+00,3.830374e+00,2.517837e+00,2.410371e+00,2.527259e+00,3.070703e+00,4.238246e+00,2.700292e+00,3.612330e+00,4.394087e+00,2.603950e+00,4.526952e+00,2.317500e+00,2.985691e+00,4.190777e+00,4.865313e+00,4.650787e+00,4.670880e+00,4.041314e+00,4.211976e+00,2.572830e+00,4.576401e+00,4.898774e+00,4.425989e+00,4.921695e+00,4.848434e+00,4.700558e+00,4.662458e+00,4.644616e+00,4.516285e+00,4.426629e+00,4.824295e+00,4.721552e+00,4.738848e+00,4.777735e+00,4.733631e+00
4.783984e+00,4.550621e+00,4.769047e+00,5.002560e+00,4.597515e+00,4.884077e+00,4.760309e+00,4.468580e+00,4.861529e+00,4.697555e+00,4.743110e+00,4.780242e+00,4.594943e+00,4.806442e+00,4.389961e+00,5.000461e+00,4.728927e+00,4.653687e+00,4.842538e+00,4.552843e+00,4.666147e+00,4.717833e+00,4.830316e+00,4.610678e+00,4.827717e+00,4.918541e+00,4.689030e+00,4.715812e+00,4.812261e+00,4.399281e+00,4.446730e+00,4.569024e+00,4.663331e+00,4.654144e+00,4.514314e+00,4.704517e+00,4.475924e+00,3.978525e+00,3.769865e+00,2.547631e+00,4.722896e+00,2.328052e+00,2.854805e+00,3.238873e+00,2.597803e+00,2.418728e+00,2.711096e+00,2.720145e+00,2.758677e+00,2.279455e+00,2.477804e+00,2.502132e+00,2.826428e+00,4.349167e+00,5.096936e+00,2.570272e+00,3.957312e+00,2.472951e+00,4.092500e+00,4.533388e+00,4.691255e+00,4.646171e+00,4.736791e+00,4.688212e+00,4.553917e+00,4.753805e+00,3.230386e+00,3.190632e+00,4.347563e+00,3.252313e+00,3.271261e+00,8.146597e+00,3.012888e+00,3.280894e+00,2.701465e+00,4.785452e+00,5.004297e+00,2.588597e+00,2.889828e+00,2.776660e+00,4.631961e+00,3.407012e+00,3.373419e+00,2.783309e+00,2.262007e+00,4.439141e+00,2.513134e+00,2.656589e+00,2.298958e+00,4.496478e+00,2.895573e+00,4.490878e+00,4.961341e+00,4.700393e+00,4.824940e+00,4.806384e+00,3.991890e+00,3.037316e+00,4.837341e+00,4.762532e+00,4.824479e+00,4.656652e+00,4.853139e+00,4.756794e+00,4.362487e+00,4.846141e+00,4.488131e+00,4.623948e+00,4.744599e+00,4.500442e+00,4.953790e+00,5.010494e+00,4.514687e+00,4.768296e+00
4.655598e+00,4.583116e+00,4.781082e+00,5.052105e+00,4.979114e+00,4.934318e+00,4.879156e+00,4.908139e+00,4.709726e+00,4.608088e+00,4.826031e+00,4.607236e+00,4.727777e+00,4.271827e+00,4.995694e+00,4.933850e+00,5.081144e+00,4.996434e+00,5.051338e+00,4.795410e+00,4.423394e+00,4.891829e+00,4.852975e+00,4.739345e+00,4.796278e+00,4.752383e+00,4.828966e+00,4.734450e+00,5.027054e+00,4.578318e+00,4.977609e+00,4.609695e+00,4.104357e+00,4.777878e+00,5.048507e+00,4.909322e+00,4.518645e+00,4.584970e+00,3.950611e+00,3.697914e+00,3.645756e+00,3.235361e+00,2.850028e+00,3.471577e+00,2.169797e+00,3.455389e+00,3.900723e+00,2.878192e+00,5.123861e+00,4.249177e+00,2.464333e+00,3.535714e+00,3.973949e+00,4.893599e+00,3.161290e+00,2.973202e+00,4.019670e+00,2.714404e+00,2.493837e+00,3.605318e+00,2.868816e+00,4.834919e+00,4.571476e+00,4.612118e+00,4.554148e+00,4.902356e+00,4.700769e+00,4.565421e+00,4.934851e+00,4.700718e+00,2.712059e+00,2.358646e+00,3.145409e+00,3.376911e+00,4.003921e+00,3.371916e+00,2.725058e+00,3.181543e+00,2.555643e+00,2.316654e+00,2.888606e+00,2.957477e+00,2.674551e+00,2.907109e+00,4.858813e+00,3.516745e+00,3.672357e+00,4.671178e+00,3.321381e+00,4.675986e+00,4.719197e+00,4.748980e+00,4.702373e+00,4.442152e+00,4.632524e+00,2.691414e+00,2.990973e+00,4.806523e+00,4.928134e+00,4.748498e+00,4.934110e+00,4.607378e+00,4.687876e+00,4.478130e+00,4.644318e+00,4.853485e+00,4.525759e+00,4.463077e+00,4.695344e+00,4.648131e+00,4.959526e+00,4.602022e+00,4.562645e+00,4.909929e+00
4.644518e+00,4.627523e+00,4.693374e+00,4.673137e+00,5.020077e+00,4.644935e+00,4.622684e+00,4.870629e+00,4.678453e+00,4.970433e+00,4.610304e+00,4.725863e+00,4.471265e+00,4.881599e+00,4.789987e+00,4.820043e+00,4.519125e+00,4.803782e+00,4.450615e+00,4.697213e+00,4.911332e+00,4.301361e+00,4.813883e+00,4.723112e+00,4.559598e+00,4.863072e+00,4.757668e+00,4.713594e+00,4.886637e+00,4.805177e+00,4.629613e+00,4.197471e+00,4.844940e+00,2.937735e+00,4.784422e+00,4.725765e+00,4.802080e+00,4.894464e+00,4.985846e+00,3.401338e+00,4.557159e+00,4.371152e+00,3.715402e+00,3.640285e+00,2.417017e+00,2.386823e+00,4.074931e+00,2.670271e+00,2.398080e+00,2.504976e+00,2.698024e+00,2.320662e+00,2.521724e+00,3.284126e+00,2.519236e+00,4.505102e+00,3.177301e+00,3.006509e+00,2.950959e+00,2.468875e+00,2.226761e+00,2.630262e+00,4.582070e+00,4.401697e+00,4.542515e+00,4.889513e+00,4.878132e+00,4.702680e+00,4.812261e+00,4.301589e+00,2.985447e+00,3.487413e+00,2.648805e+00,2.201143e+00,2.628478e+00,2.489623e+00,2.106633e+00,4.585157e+00,4.160509e+00,3.058905e+00,4.218810e+00,2.438486e+00,3.016297e+00,3.921757e+00,2.933877e+00,3.525023e+00,4.529619e+00,2.722537e+00,4.897799e+00,4.511601e+00,4.224115e+00,4.489472e+00,4.742870e+00,4.710625e+00,2.447726e+00,3.957123e+00,4.577649e+00,4.613190e+00,4.905688e+00,4.543288e+00,4.707273e+00,4.852751e+00,4.742342e+00,4.937590e+00,4.810364e+00,4.743804e+00,4.693421e+00,4.812690e+00,4.952340e+00,4.717083e+00,4.578568e+00,4.625081e+00,4.919851e+00,4.538737e+00
4.891872e+00,4.752768e+00,4.853999e+00,4.642523e+00,4.880809e+00,4.724029e+00,5.081550e+00,4.799514e+00,4.640091e+00,4.799796e+00,4.545413e+00,4.812100e+00,4.885315e+00,4.798998e+00,4.726278e+00,4.646199e+00,4.787770e+00,4.773624e+00,4.812444e+00,4.946100e+00,4.923518e+00,4.658463e+00,4.552380e+00,4.795311e+00,4.786818e+00,4.718174e+00,4.747507e+00,4.971753e+00,4.893268e+00,4.647767e+00,4.660267e+00,4.774991e+00,4.784506e+00,4.697413e+00,2.780631e+00,4.907588e+00,4.960054e+00,4.835094e+00,4.774079e+00,4.731320e+00,5.075179e+00,3.690939e+00,3.706888e+00,3.495063e+00,3.816285e+00,2.828397e+00,3.061796e+00,2.233433e+00,4.105994e+00,2.616045e+00,2.679384e+00,3.729316e+00,5.315110e+00,2.572943e+00,2.517076e+00,3.536923e+00,2.966858e+00,4.281203e+00,2.752096e+00,2.516943e+00,4.612524e+00,4.091017e+00,4.714260e+00,4.777621e+00,4.916820e+00,4.666773e+00,3.719993e+00,2.656228e+00,4.303952e+00,3.108556e+00,3.973971e+00,3.693543e+00,7.276497e+00,2.973502e+00,4.433111e+00,2.574426e+00,2.788028e+00,2.826218e+00,4.712215e+00,2.425799e+00,2.591900e+00,4.554903e+00,2.700014e+00,2.946598e+00,2.302020e+00,3.665438e+00,3.974361e+00,4.609056e+00,4.855724e+00,4.600986e+00,4.752985e+00,4.715031e+00,4.791591e+00,3.095027e+00,4.464899e+00,4.555848e+00,4.650160e+00,4.660108e+00,4.979450e+00,4.862129e+00,4.646484e+00,4.650938e+00,5.021927e+00,4.673233e+00,4.500461e+00,4.959011e+00,4.703457e+00,4.674693e+00,4.681415e+00,4.698345e+00,4.791639e+00,4.905851e+00,4.731147e+00,4.698491e+00
4.972035e+00,5.006675e+00,4.209045e+00,4.845792e+00,4.780785e+00,4.722430e+00,4.651912e+00,4.709194e+00,4.886854e+00,4.875862e+00,4.556701e+00,4.779595e+00,4.776868e+00,4.873467e+00,4.836698e+00,4.652224e+00,4.784639e+00,4.951524e+00,4.876675e+00,4.960608e+00,4.353864e+00,4.790321e+00,4.737994e+00,4.688358e+00,4.336107e+00,3.817436e+00,5.028075e+00,4.894924e+00,4.870151e+00,4.582434e+00,4.087654e+00,4.750367e+00,4.729171e+00,4.612381e+00,3.898145e+00,2.641109e+00,5.004712e+00,4.825063e+00,5.017825e+00,4.748985e+00,4.448790e+00,4.733343e+00,3.387797e+00,3.909390e+00,2.861467e+00,3.328091e+00,2.774773e+00,3.097237e+00,3.011646e+00,4.202569e+00,4.510829e+00,3.071364e+00,2.385750e+00,2.309528e+00,4.131677e+00,2.588470e+00,3.884000e+00,3.746549e+00,4.702420e+00,2.931007e+00,2.592323e+00,4.665093e+00,2.991818e+00,4.929712e+00,4.648409e+00,4.200555e+00,4.795925e+00,4.345943e+00,2.897030e+00,2.744648e+00,4.729290e+00,3.132397e+00,2.543666e+00,2.977396e+00,4.911921e+00,2.893671e+00,2.478420e+00,3.405691e+00,4.373027e+00,2.157104e+00,2.730434e+00,4.035668e+00,4.490683e+00,3.593534e+00,4.640083e+00,4.693745e+00,4.159662e+00,4.458603e+00,4.810794e+00,4.729655e+00,4.845459e+00,2.783222e+00,2.727283e+00,4.026450e+00,2.519785e+00,4.733889e+00,4.505825e+00,4.490707e+00,4.635097e+00,4.544572e+00,4.619586e+00,4.708472e+00,4.832512e+00,4.917157e+00,4.311461e+00,4.810101e+00,4.763769e+00,4.771728e+00,4.775352e+00,4.624497e+00,4.708420e+00,4.816911e+00,4.587945e+00,4.990843e+00
4.928424e+00,4.902829e+00,4.750012e+00,4.762124e+00,4.569308e+00,4.874800e+00,4.824314e+00,4.958103e+00,4.778356e+00,4.434006e+00,4.822475e+00,4.850305e+00,4.812568e+00,4.852186e+00,4.752760e+00,4.471856e+00,4.919727e+00,4.690327e+00,4.927666e+00,4.725872e+00,4.827913e+00,4.542626e+00,5.031089e+00,4.877126e+00,4.983549e+00,4.295446e+00,4.711770e+00,4.891140e+00,4.266639e+00,4.781581e+00,4.708403e+00,4.740901e+00,4.955581e+00,4.880188e+00,4.858203e+00,4.761885e+00,4.460324e+00,4.703625e+00,4.603293e+00,4.845659e+00,4.679373e+00,4.767426e+00,4.404341e+00,4.719027e+00,4.358865e+00,3.138543e+00,3.763910e+00,2.369575e+00,2.374173e+00,4.269914e+00,2.677360e+00,2.450061e+00,2.177508e+00,3.070761e+00,2.159336e+00,2.606125e+00,3.956408e+00,2.859465e+00,2.621983e+00,3.497113e+00,4.759690e+00,3.122207e+00,4.812039e+00,5.056262e+00,4.949471e+00,4.854660e+00,2.749531e+00,3.137137e+00,2.338040e+00,4.423463e+00,3.095400e+00,2.364961e+00,4.538601e+00,2.849244e+00,3.303817e+00,2.533788e+00,2.959359e+00,3.633634e+00,3.004381e+00,2.633992e+00,2.873566e+00,4.197678e+00,2.828651e+00,4.994700e+00,4.171563e+00,3.741455e+00,4.784787e+00,4.767541e+00,4.361576e+00,4.637193e+00,3.181737e+00,3.423149e+00,4.695812e+00,4.945271e+00,4.565683e+00,4.550733e+00,4.811632e+00,4.752864e+00,4.818382e+00,4.700416e+00,4.904884e+00,4.772257e+00,4.918456e+00,4.750655e+00,4.235104e+00,4.916412e+00,4.816049e+00,5.011381e+00,4.843702e+00,4.568547e+00,5.011089e+00,4.213027e+00,4.998382e+00,4.428488e+00
4.667474e+00,4.963184e+00,4.785122e+00,4.950323e+00,4.981298e+00,4.970514e+00,4.932465e+00,4.880361e+00,4.835683e+00,4.802841e+00,4.916582e+00,4.542740e+00,4.868943e+00,4.837633e+00,5.059203e+00,4.829298e+00,4.916440e+00,4.975847e+00,4.781626e+00,4.797555e+00,4.678615e+00,4.879876e+00,4.730056e+00,4.943372e+00,4.988253e+00,4.467178e+00,4.867955e+00,4.276233e+00,4.710734e+00,4.794799e+00,4.804478e+00,4.944587e+00,4.651567e+00,4.892017e+00,4.922351e+00,5.032112e+00,4.556503e+00,4.740216e+00,2.470476e+00,4.749666e+00,4.948852e+00,5.014832e+00,4.717597e+00,4.905502e+00,4.481873e+00,4.688318e+00,4.216860e+00,4.587740e+00,4.272955e+00,4.594503e+00,2.723313e+00,3.831067e+00,3.252822e+00,3.989133e+00,3.261222e+00,2.550166e+00,4.564248e+00,2.656653e+00,4.232117e+00,3.168863e+00,3.191808e+00,2.580466e+00,4.936836e+00,4.807318e+00,4.910667e+00,4.801406e+00,4.749120e+00,2.597118e+00,2.396955e+00,3.603324e+00,2.362340e+00,2.512828e+00,2.241931e+00,2.626110e+00,2.404824e+00,2.513721e+00,4.361978e+00,3.078429e+00,3.105336e+00,4.672099e+00,4.078457e+00,4.669776e+00,4.928049e+00,4.355542e+00,4.607030e+00,4.834469e+00,4.982090e+00,4.858739e+00,4.505385e+00,2.251812e+00,4.919117e+00,4.928152e+00,4.866252e+00,4.907255e+00,4.984406e+00,4.811810e+00,4.968730e+00,4.898980e+00,4.864040e+00,4.816294e+00,4.933328e+00,4.954731e+00,4.742932e+00,4.572933e+00,4.965807e+00,4.896283e+00,4.886246e+00,4.871992e+00,4.747770e+00,4.897877e+00,4.805109e+00,5.012578e+00,5.163684e+00,4.834401e+00
4.810356e+00,4.457886e+00,4.811662e+00,4.748624e+00,4.802595e+00,4.761372e+00,4.693057e+00,4.879881e+00,4.791293e+00,4.829049e+00,4.978573e+00,4.930276e+00,4.622880e+00,4.794582e+00,4.740481e+00,4.882444e+00,4.421302e+00,4.661244e+00,4.455743e+00,4.750382e+00,5.045131e+00,4.757886e+00,4.719852e+00,4.872827e+00,4.881316e+00,4.520085e+00,4.625900e+00,4.710326e+00,4.873214e+00,4.886619e+00,4.985459e+00,5.016076e+00,4.881843e+00,4.476168e+00,4.887166e+00,4.726781e+00,4.993694e+00,4.750427e+00,4.820233e+00,4.208252e+00,4.252980e+00,4.923415e+00,5.098079e+00,4.558968e+00,5.044224e+00,4.678964e+00,4.279431e+00,4.541025e+00,4.358435e+00,2.566660e+00,3.824514e+00,2.846574e+00,4.261907e+00,2.884103e+00,2.628683e+00,3.149696e+00,4.624598e+00,3.848146e+00,2.738021e+00,3.156876e+00,2.744500e+00,2.728293e+00,4.475826e+00,4.500163e+00,3.197842e+00,4.228998e+00,4.466956e+00,3.027189e+00,2.471567e+00,2.209485e+00,2.349955e+00,3.582106e+00,2.877749e+00,3.740138e+00,2.537029e+00,4.342570e+00,4.721901e+00,4.214291e+00,4.130348e+00,2.956774e+00,3.721340e+00,4.427523e+00,5.091989e+00,4.944788e+00,4.939860e+00,4.647965e+00,4.738763e+00,3.050927e+00,4.615290e+00,3.918400e+00,3.830721e+00,4.377381e+00,4.991412e+00,4.772240e+00,4.840853e+00,4.989456e+00,4.896248e+00,4.503421e+00,4.993609e+00,4.809530e+00,4.737362e+00,4.979868e+00,5.004275e+00,4.952104e+00,4.729402e+00,4.869069e+00,4.709461e+00,4.677745e+00,4.587764e+00,4.971603e+00,4.734031e+00,5.037492e+00,4.823650e+00,4.607862e+00
5.039846e+00,4.803541e+00,4.791155e+00,4.647334e+00,4.921709e+00,4.611469e+00,4.734281e+00,4.608951e+00,4.842187e+00,5.019381e+00,4.998811e+00,4.908192e+00,4.625835e+00,4.772827e+00,5.035585e+00,4.734631e+00,4.793764e+00,5.045888e+00,4.931386e+00,4.870821e+00,5.014130e+00,5.076813e+00,4.734519e+00,4.590393e+00,4.870121e+00,4.732169e+00,4.528268e+00,4.835019e+00,4.677687e+00,4.983513e+00,5.121361e+00,4.728713e+00,4.669196e+00,4.786864e+00,4.912846e+00,4.809229e+00,5.008122e+00,4.831719e+00,4.545292e+00,4.410813e+00,3.477732e+00,3.552732e+00,4.782906e+00,4.783578e+00,4.849900e+00,4.916746e+00,4.870924e+00,4.502222e+00,4.711212e+00,4.655808e+00,3.677970e+00,3.755520e+00,4.276871e+00,3.062891e+00,2.924696e+00,2.922971e+00,4.123752e+00,3.699029e+00,2.662619e+00,4.092128e+00,2.216713e+00,2.346575e+00,4.123447e+00,3.897871e+00,2.970380e+00,3.718900e+00,4.305431e+00,3.182606e+00,2.174240e+00,2.791395e+00,2.172045e+00,3.366101e+00,2.680927e+00,2.604410e+00,4.738058e+00,4.632222e+00,3.717795e+00,4.422300e+00,4.060908e+00,5.020907e+00,4.695229e+00,4.604161e+00,4.642492e+00,4.867783e+00,4.758558e+00,4.086787e+00,3.774741e+00,4.681919e+00,4.832203e+00,4.998606e+00,4.523111e+00,4.898143e+00,4.915566e+00,4.985642e+00,4.741578e+00,4.827916e+00,4.880778e+00,4.643168e+00,4.703488e+00,4.880033e+00,4.719925e+00,4.950246e+00,4.599950e+00,4.731229e+00,4.900500e+00,5.113842e+00,4.768687e+00,5.034732e+00,4.631368e+00,4.925121e+00,5.029416e+00,4.848107e+00,4.779782e+00,4.802541e+00
4.745886e+00,4.791768e+00,4.558196e+00,4.837299e+00,4.843217e+00,4.591544e+00,4.513492e+00,5.049470e+00,4.835884e+00,4.842297e+00,4.830302e+00,4.911822e+00,4.961183e+00,4.945902e+00,4.726388e+00,4.784775e+00,4.620893e+00,4.673041e+00,4.780488e+00,4.858587e+00,4.611178e+00,4.940168e+00,4.751492e+00,4.517229e+00,5.008522e+00,4.120167e+00,4.614578e+00,4.948834e+00,4.577555e+00,4.557608e+00,4.467920e+00,4.987825e+00,4.467822e+00,4.732133e+00,4.884654e+00,4.995014e+00,4.939666e+00,4.692919e+00,4.888657e+00,4.840360e+00,4.829851e+00,2.696010e+00,4.610607e+00,3.312809e+00,4.782207e+00,5.066804e+00,4.469984e+00,5.070992e+00,4.723757e+00,4.776096e+00,5.002317e+00,5.023528e+00,4.574016e+00,4.257716e+00,3.386955e+00,4.592314e+00,3.838497e+00,4.386648e+00,4.290056e+00,3.218924e+00,3.166065e+00,3.455290e+00,4.075127e+00,2.980287e+00,3.150879e+00,2.766372e+00,3.435677e+00,2.499876e+00,2.701871e+00,4.258756e+00,2.638421e+00,4.441721e+00,2.943974e+00,3.933507e+00,4.820189e+00,4.784436e+00,4.903120e+00,4.757354e+00,4.831285e+00,5.005274e+00,4.547326e+00,4.740834e+00,4.761824e+00,3.743572e+00,2.744574e+00,4.644551e+00,4.923203e+00,4.646465e+00,4.613934e+00,4.604255e+00,4.659512e+00,4.916942e+00,4.830900e+00,4.954202e+00,4.722672e+00,4.499388e+00,4.711731e+00,4.712211e+00,4.794276e+00,4.926393e+00,4.738505e+00,4.781595e+00,4.736980e+00,4.919410e+00,4.807603e+00,4.797725e+00,4.837420e+00,5.011608e+00,4.809422e+00,4.751864e+00,4.824488e+00,4.426743e+00,4.891578e+00,4.770019e+00
4.816401e+00,4.882603e+00,4.734243e+00,4.716297e+00,4.697027e+00,4.665325e+00,4.755582e+00,4.684900e+00,4.972447e+00,4.889422e+00,4.683753e+00,4.809723e+00,4.528543e+00,4.749980e+00,4.889106e+00,4.652539e+00,4.838735e+00,4.840680e+00,4.396359e+00,4.837913e+00,4.643376e+00,4.928543e+00,4.980906e+00,4.950504e+00,4.706510e+00,4.942512e+00,4.695458e+00,4.823384e+00,4.479697e+00,4.713782e+00,4.116584e+00,5.108085e+00,4.450761e+00,4.712031e+00,4.837074e+00,4.903579e+00,4.687252e+00,4.947883e+00,4.331448e+00,4.656214e+00,4.832637e+00,4.799727e+00,4.754921e+00,5.022669e+00,4.787233e+00,3.792585e+00,4.799743e+00,4.721059e+00,4.692892e+00,4.612919e+00,4.713388e+00,4.765504e+00,4.903114e+00,4.875509e+00,4.327250e+00,4.487427e+00,3.315295e+00,4.704714e+00,3.911326e+00,4.639309e+00,4.159096e+00,3.347617e+00,4.584180e+00,4.366425e+00,4.623990e+00,2.955287e+00,4.054354e+00,3.530925e+00,3.997697e+00,4.954593e+00,4.846655e+00,4.356909e+00,4.760181e+00,4.934676e+00,4.834681e+00,4.803279e+00,4.976026e+00,4.703054e+00,4.565759e+00,4.513843e+00,4.903930e+00,3.955143e+00,2.912274e+00,4.211830e+00,4.620007e+00,4.841984e+00,4.383823e+00,5.045084e+00,4.724575e+00,4.530966e+00,4.631589e+00,4.818431e+00,4.926943e+00,4.695258e+00,4.764380e+00,4.935985e+00,4.815091e+00,4.844676e+00,4.709450e+00,4.820950e+00,4.808947e+00,4.734949e+00,4.804863e+00,4.541297e+00,4.672162e+00,4.776200e+00,4.925016e+00,4.837434e+00,4.726501e+00,4.465303e+00,4.775599e+00,4.901707e+00,4.331825e+00,4.743886e+00
4.763888e+00,4.644243e+00,4.855984e+00,4.713600e+00,4.444487e+00,4.913201e+00,4.824152e+00,4.812201e+00,4.849398e+00,4.617321e+00,4.905720e+00,4.891889e+00,4.774622e+00,4.741533e+00,4.825020e+00,4.727310e+00,4.943247e+00,4.895861e+00,4.781906e+00,4.968239e+00,4.813981e+00,4.710915e+00,4.375130e+00,4.834276e+00,4.912834e+00,4.772482e+00,5.096153e+00,4.730000e+00,4.732561e+00,4.500947e+00,4.989008e+00,4.810954e+00,4.853099e+00,4.526818e+00,4.859155e+00,4.994741e+00,4.870165e+00,4.925714e+00,4.765888e+00,3.906011e+00,4.695267e+00,4.645538e+00,5.018877e+00,4.854321e+00,4.761891e+00,2.910561e+00,4.613696e+00,4.627922e+00,4.106453e+00,4.506353e+00,4.947490e+00,4.731757e+00,4.627452e+00,4.805544e+00,4.619038e+00,4.840989e+00,4.683708e+00,4.868521e+00,5.048916e+00,4.151671e+00,4.836163e+00,5.004218e+00,5.061552e+00,4.391947e+00,4.890634e+00,4.973567e+00,4.801936e+00,4.918183e+00,5.039500e+00,4.683990e+00,4.918432e+00,5.030442e+00,4.839222e+00,5.110117e+00,4.749910e+00,4.765841e+00,4.837269e+00,4.789257e+00,2.851526e+00,2.602157e+00,2.727425e+00,4.928617e+00,2.666147e+00,4.769695e+00,4.735757e+00,4.741725e+00,4.973336e+00,4.872293e+00,4.906360e+00,4.861712e+00,4.782371e+00,4.678218e+00,5.054613e+00,5.035537e+00,4.720728e+00,4.729874e+00,4.943996e+00,4.759803e+00,4.888927e+00,4.781696e+00,4.275931e+00,4.800202e+00,4.715418e+00,4.663963e+00,4.959405e+00,4.990212e+00,4.717296e+00,4.746944e+00,4.870878e+00,4.616652e+00,4.827394e+00,4.817351e+00,5.041224e+00,4.529389e+00
4.833263e+00,4.872963e+00,4.707376e+00,4.934518e+00,4.891515e+00,4.943495e+00,4.866108e+00,4.770790e+00,4.428433e+00,4.773581e+00,4.929340e+00,4.989335e+00,5.111828e+00,4.888422e+00,4.794288e+00,4.648599e+00,4.907291e+00,4.856223e+00,4.620610e+00,4.889644e+00,4.637185e+00,4.518874e+00,4.066582e+00,4.707831e+00,4.856016e+00,4.980210e+00,4.483565e+00,4.914412e+00,4.650636e+00,4.791666e+00,4.609041e+00,4.668523e+00,4.811829e+00,4.952112e+00,4.693513e+00,4.818030e+00,4.782896e+00,4.956044e+00,4.947911e+00,4.771178e+00,4.869009e+00,4.866068e+00,4.832984e+00,4.637643e+00,5.030652e+00,4.952163e+00,4.560924e+00,4.685338e+00,3.496602e+00,4.228330e+00,3.941516e+00,4.207932e+00,3.194589e+00,4.538053e+00,4.884824e+00,4.644640e+00,4.861618e+00,4.908753e+00,4.818848e+00,4.630847e+00,5.032470e+00,5.082439e+00,4.602716e+00,4.848883e+00,5.008217e+00,4.514736e+00,4.867882e+00,4.554692e+00,4.663558e+00,4.804122e+00,4.908025e+00,4.907208e+00,4.941132e+00,4.962864e+00,4.583500e+00,4.617160e+00,4.594889e+00,3.997485e+00,4.709535e+00,4.309180e+00,3.182531e+00,4.801760e+00,4.872940e+00,4.950711e+00,4.141634e+00,4.786891e+00,4.740707e+00,4.646323e+00,4.703974e+00,4.438687e+00,4.751856e+00,4.194020e+00,4.682362e+00,4.796060e+00,4.789984e+00,4.953333e+00,4.689913e+00,4.717706e+00,4.463977e+00,4.910197e+00,4.615427e+00,4.713514e+00,4.632867e+00,4.920192e+00,4.886723e+00,4.534544e+00,4.581028e+00,4.737795e+00,4.938877e+00,4.914963e+00,4.796125e+00,4.795656e+00,4.659249e+00,4.881575e+00
4.870670e+00,4.797723e+00,4.711851e+00,4.848097e+00,4.735820e+00,4.700311e+00,4.895806e+00,4.571585e+00,4.477021e+00,4.725582e+00,5.103022e+00,4.911420e+00,4.392117e+00,4.924470e+00,4.916297e+00,4.797988e+00,5.068000e+00,4.735079e+00,4.765916e+00,5.022002e+00,4.808689e+00,4.852785e+00,5.115449e+00,4.779390e+00,4.945759e+00,4.636117e+00,4.823144e+00,4.651127e+00,4.628376e+00,4.624830e+00,4.929229e+00,4.884689e+00,4.612032e+00,4.934061e+00,4.713735e+00,4.653773e+00,4.964977e+00,4.569242e+00,4.963933e+00,4.575906e+00,4.686650e+00,4.467866e+00,4.951471e+00,4.773872e+00,4.770208e+00,4.979463e+00,4.731884e+00,4.886958e+00,4.788460e+00,4.578105e+00,4.913020e+00,2.538363e+00,4.541881e+00,4.950647e+00,3.263717e+00,3.781775e+00,3.340940e+00,3.938495e+00,4.259980e+00,4.667233e+00,4.760496e+00,4.756148e+00,4.991993e+00,4.863891e+00,4.736135e+00,4.718370e+00,4.687681e+00,4.841907e+00,4.776181e+00,4.737556e+00,4.622538e+00,4.327544e+00,4.033251e+00,4.538143e+00,3.882939e+00,4.909538e+00,4.439112e+00,4.671420e+00,5.042195e+00,5.005646e+00,4.588158e+00,4.884708e+00,4.953699e+00,4.589882e+00,5.029646e+00,4.463208e+00,4.578837e+00,4.818417e+00,4.986884e+00,4.831167e+00,4.636955e+00,4.793986e+00,4.567643e+00,4.668549e+00,4.763684e+00,4.938774e+00,4.970568e+00,4.862200e+00,4.782542e+00,4.928714e+00,4.722541e+00,4.823851e+00,4.938974e+00,4.646424e+00,5.061585e+00,4.696448e+00,4.837672e+00,4.846118e+00,4.791338e+00,4.858822e+00,4.603445e+00,4.778327e+00,4.642366e+00,4.821298e+00
4.814614e+00,4.804670e+00,4.615745e+00,4.916328e+00,4.959212e+00,4.626458e+00,4.837197e+00,4.596060e+00,4.897025e+00,4.800687e+00,4.668026e+00,4.348956e+00,4.921499e+00,4.593159e+00,4.800405e+00,4.860971e+00,4.919198e+00,4.851294e+00,4.891590e+00,4.646989e+00,4.735188e+00,4.779786e+00,4.791419e+00,4.854588e+00,4.845790e+00,4.949596e+00,4.202500e+00,4.686254e+00,4.674688e+00,4.827925e+00,4.964374e+00,5.011423e+00,4.981746e+00,4.876995e+00,4.857759e+00,5.084437e+00,4.849192e+00,4.491243e+00,4.931028e+00,4.666011e+00,4.607625e+00,4.646808e+00,4.574837e+00,4.650505e+00,4.657490e+00,4.904444e+00,4.862582e+00,4.692852e+00,4.753112e+00,4.867954e+00,4.768829e+00,4.780762e+00,4.743164e+00,4.915719e+00,4.887285e+00,3.045080e+00,4.580346e+00,4.767851e+00,4.472816e+00,3.059735e+00,4.251616e+00,3.777858e+00,3.611954e+00,3.743162e+00,4.130231e+00,4.639381e+00,4.230100e+00,3.795032e+00,4.675286e+00,4.679926e+00,4.755160e+00,4.721948e+00,5.004503e+00,2.480937e+00,4.652315e+00,4.909974e+00,5.001938e+00,4.568348e+00,4.759128e+00,4.865578e+00,4.699871e+00,4.921144e+00,4.941665e+00,4.643438e+00,4.936312e+00,4.964187e+00,4.631924e+00,4.750873e+00,4.600969e+00,4.715769e+00,5.002322e+00,4.696494e+00,4.770663e+00,4.891055e+00,4.612312e+00,4.644289e+00,4.850485e+00,4.969757e+00,4.997847e+00,4.883155e+00,4.848178e+00,4.764741e+00,4.769252e+00,4.467404e+00,5.004184e+00,5.031385e+00,4.627100e+00,4.897564e+00,4.905802e+00,4.909218e+00,4.359662e+00,4.872959e+00,4.818961e+00,4.720412e+00
4.895641e+00,4.635743e+00,5.013765e+00,4.762157e+00,4.756641e+00,4.895768e+00,4.871087e+00,4.708719e+00,5.000515e+00,4.344615e+00,4.782823e+00,4.950727e+00,4.820729e+00,4.640312e+00,4.850964e+00,4.702815e+00,4.653489e+00,4.755578e+00,4.940846e+00,4.808363e+00,4.889416e+00,4.984356e+00,4.634713e+00,5.010078e+00,4.679328e+00,5.038531e+00,4.653494e+00,4.721502e+00,4.830356e+00,4.821501e+00,4.439769e+00,4.848899e+00,4.900627e+00,4.331629e+00,4.927636e+00,4.850374e+00,4.864695e+00,4.786191e+00,4.729698e+00,4.847814e+00,4.441248e+00,4.941956e+00,4.849186e+00,5.012896e+00,4.773616e+00,4.885565e+00,4.764495e+00,4.736837e+00,4.932632e+00,4.569362e+00,4.748088e+00,4.571499e+00,4.957820e+00,4.365153e+00,4.796480e+00,4.728939e+00,4.866866e+00,4.619612e+00,5.031111e+00,4.769955e+00,4.744025e+00,4.792660e+00,5.042096e+00,4.939862e+00,4.833070e+00,4.805434e+00,5.065699e+00,4.601127e+00,4.870153e+00,4.954596e+00,4.672264e+00,4.983951e+00,4.876110e+00,4.625542e+00,4.750349e+00,4.217242e+00,5.189721e+00,4.816247e+00,4.665413e+00,4.470198e+00,4.791620e+00,4.765711e+00,4.632823e+00,4.931786e+00,4.950388e+00,5.138856e+00,4.695656e+00,4.830559e+00,4.725726e+00,5.030882e+00,4.706896e+00,4.139378e+00,4.929886e+00,4.837241e+00,4.630861e+00,4.570447e+00,4.821917e+00,4.943791e+00,4.699410e+00,4.904690e+00,4.827363e+00,4.855256e+00,4.563681e+00,4.896268e+00,4.678731e+00,4.627781e+00,4.797801e+00,4.825400e+00,4.854985e+00,4.426548e+00,4.851955e+00,4.675625e+00,5.004366e+00,4.874391e+00
4.804559e+00,4.859840e+00,4.823917e+00,4.442138e+00,4.792331e+00,4.874851e+00,4.829562e+00,4.992477e+00,4.939611e+00,4.925055e+00,4.818998e+00,4.824834e+00,4.905701e+00,4.828925e+00,4.780025e+00,4.898074e+00,4.936445e+00,4.833302e+00,4.900539e+00,4.730968e+00,4.685686e+00,4.606262e+00,4.960001e+00,4.538766e+00,5.106132e+00,4.826312e+00,4.678744e+00,4.706428e+00,4.789947e+00,4.929039e+00,5.036768e+00,4.900072e+00,4.766987e+00,4.746465e+00,4.985075e+00,4.731580e+00,4.796624e+00,4.785897e+00,4.659849e+00,4.871653e+00,5.000489e+00,4.692321e+00,4.951065e+00,4.797269e+00,4.937950e+00,4.869730e+00,4.806039e+00,4.792261e+00,4.914903e+00,4.856228e+00,4.728141e+00,4.557914e+00,4.919501e+00,4.819081e+00,4.860772e+00,4.587086e+00,4.651784e+00,4.669666e+00,4.847482e+00,4.613827e+00,4.932766e+00,4.730384e+00,4.848910e+00,4.659908e+00,4.739662e+00,4.852900e+00,4.760319e+00,4.553440e+00,4.893301e+00,4.750754e+00,4.848334e+00,4.769655e+00,4.737794e+00,4.963008e+00,4.862266e+00,4.916202e+00,4.863594e+00,4.551542e+00,4.834919e+00,4.861576e+00,4.793153e+00,4.572259e+00,4.771265e+00,4.926099e+00,4.834937e+00,4.594564e+00,4.785798e+00,4.908439e+00,4.725110e+00,4.621334e+00,4.707018e+00,4.821218e+00,4.886701e+00,4.525956e+00,4.685952e+00,4.476291e+00,4.772331e+00,4.882304e+00,4.812554e+00,4.925534e+00,4.952312e+00,4.822130e+00,4.825287e+00,4.611170e+00,4.668836e+00,4.722559e+00,4.813942e+00,4.832612e+00,4.833071e+00,4.843970e+00,4.744011e+00,4.651496e+00,4.678191e+00,4.621010e+00
4.809433e+00,4.940172e+00,4.806454e+00,4.702158e+00,4.852725e+00,4.965604e+00,4.980090e+00,4.424350e+00,4.664023e+00,4.700080e+00,4.813580e+00,4.437962e+00,4.589466e+00,4.636621e+00,4.773898e+00,4.240468e+00,4.943233e+00,4.834840e+00,5.013443e+00,4.913634e+00,4.843486e+00,4.893765e+00,4.740610e+00,4.752001e+00,4.408593e+00,4.618985e+00,4.682997e+00,4.452099e+00,4.216178e+00,4.682954e+00,4.969042e+00,4.803528e+00,4.531290e+00,4.621848e+00,4.894917e+00,4.745688e+00,4.742337e+00,4.411547e+00,4.965766e+00,4.595615e+00,4.531736e+00,4.884303e+00,4.783955e+00,4.620778e+00,4.458926e+00,4.496578e+00,4.722975e+00,4.709872e+00,4.583701e+00,4.664140e+00,4.942428e+00,4.491991e+00,4.634045e+00,4.721487e+00,4.765980e+00,4.917236e+00,4.710310e+00,4.565858e+00,4.958955e+00,4.885128e+00,4.661752e+00,4.782184e+00,4.707972e+00,4.694927e+00,4.797799e+00,4.899168e+00,4.350228e+00,4.890214e+00,4.817660e+00,4.356172e+00,4.895256e+00,4.935177e+00,4.741905e+00,4.769824e+00,4.945200e+00,4.735824e+00,4.679744e+00,4.624104e+00,4.897868e+00,4.566411e+00,4.655127e+00,4.992972e+00,4.805178e+00,4.609622e+00,4.560500e+00,4.550584e+00,4.865847e+00,4.575353e+00,4.797976e+00,4.733925e+00,4.898093e+00,4.845180e+00,5.027480e+00,4.512241e+00,4.744282e+00,4.768156e+00,4.544611e+00,4.646819e+00,4.818209e+00,4.755131e+00,4.722339e+00,4.393311e+00,4.641621e+00,4.791838e+00,4.792906e+00,4.678043e+00,4.098916e+00,4.704812e+00,4.897768e+00,4.765599e+00,4.716018e+00,4.892332e+00,4.639272e+00,4.885155e+00
4.828280e+00,4.679024e+00,4.912619e+00,4.907817e+00,4.684817e+00,4.624066e+00,4.829094e+00,4.431054e+00,4.905507e+00,4.350955e+00,4.851341e+00,4.744633e+00,4.955882e+00,4.699597e+00,4.244304e+00,4.638247e+00,4.771060e+00,5.075536e+00,4.626410e+00,4.888930e+00,4.810530e+00,4.828259e+00,4.753548e+00,4.911497e+00,4.866397e+00,4.499082e+00,4.704242e+00,4.744450e+00,4.133020e+00,4.887480e+00,4.863702e+00,4.821475e+00,4.522195e+00,4.657539e+00,4.678328e+00,4.885860e+00,4.680753e+00,4.608935e+00,4.904384e+00,4.552352e+00,4.677702e+00,4.770493e+00,4.943745e+00,4.457143e+00,4.655868e+00,4.753504e+00,4.634593e+00,4.657932e+00,4.589318e+00,4.709612e+00,4.587184e+00,4.889485e+00,4.279555e+00,4.746989e+00,4.707061e+00,4.774069e+00,4.256497e+00,4.615828e+00,4.956724e+00,4.602235e+00,4.642291e+00,4.839476e+00,4.792845e+00,4.642021e+00,4.884933e+00,4.987015e+00,4.842006e+00,4.673991e+00,4.910682e+00,5.003846e+00,4.900774e+00,4.748706e+00,4.741595e+00,4.857390e+00,4.610359e+00,4.336395e+00,4.598496e+00,4.974893e+00,4.639978e+00,4.474545e+00,4.677697e+00,4.796194e+00,4.808959e+00,4.762092e+00,4.981560e+00,4.516315e+00,4.785001e+00,4.826239e+00,4.780394e+00,4.761228e+00,4.697551e+00,4.713171e+00,4.985102e+00,4.777510e+00,4.981935e+00,4.771061e+00,4.353453e+00,4.195289e+00,4.634522e+00,4.692352e+00,4.826568e+00,4.783385e+00,4.741441e+00,4.856596e+00,4.547982e+00,4.741931e+00,4.954916e+00,4.575192e+00,4.844132e+00,4.635650e+00,4.834363e+00,5.045321e+00,4.828283e+00,4.878027e+00
4.688707e+00,4.722801e+00,4.852634e+00,4.541399e+00,4.256960e+00,4.643419e+00,4.916430e+00,4.742420e+00,4.794085e+00,4.839386e+00,4.632584e+00,4.620765e+00,4.414507e+00,4.688191e+00,4.900903e+00,4.904437e+00,4.811627e+00,4.735669e+00,4.870664e+00,4.529810e+00,4.849880e+00,5.000385e+00,4.570271e+00,4.594494e+00,4.731414e+00,4.706261e+00,4.694930e+00,4.795809e+00,4.696285e+00,4.393913e+00,4.953522e+00,4.852395e+00,4.447085e+00,4.862993e+00,4.609571e+00,4.825794e+00,4.915031e+00,4.748530e+00,4.729293e+00,4.803631e+00,4.838833e+00,4.299274e+00,4.705846e+00,4.398441e+00,4.896708e+00,4.639619e+00,4.653087e+00,4.685997e+00,4.603588e+00,4.678981e+00,4.601993e+00,4.955655e+00,4.724969e+00,4.888443e+00,4.899744e+00,4.712664e+00,4.673851e+00,4.454838e+00,4.397726e+00,4.779498e+00,4.802041e+00,4.855036e+00,4.592839e+00,4.820144e+00,4.588260e+00,4.742915e+00,4.853120e+00,4.580811e+00,4.662866e+00,4.656527e+00,4.677150e+00,4.547323e+00,4.616684e+00,4.792739e+00,4.797148e+00,4.859880e+00,4.609065e+00,4.866275e+00,4.930258e+00,4.434290e+00,4.657961e+00,4.871898e+00,4.492507e+00,4.733431e+00,5.065919e+00,4.373553e+00,4.642909e+00,4.866265e+00,4.883331e+00,4.717447e+00,4.500458e+00,4.726545e+00,4.785816e+00,4.459775e+00,4.405339e+00,4.804849e+00,4.677989e+00,4.667271e+00,4.793965e+00,4.758685e+00,4.559401e+00,4.479505e+00,4.338591e+00,4.875362e+00,4.721893e+00,4.794789e+00,4.664588e+00,4.965428e+00,4.927938e+00,4.700954e+00,4.714116e+00,4.722890e+00,4.629144e+00,4.643646e+00
4.403955e+00,4.777164e+00,4.791454e+00,4.765692e+00,4.851453e+00,4.819396e+00,4.535810e+00,4.618346e+00,4.863132e+00,4.566894e+00,4.717336e+00,4.692469e+00,4.713142e+00,4.717090e+00,4.659677e+00,4.830845e+00,4.575807e+00,4.740948e+00,4.650659e+00,4.530928e+00,4.795285e+00,4.704107e+00,4.877522e+00,4.815659e+00,4.949502e+00,4.674452e+00,4.776382e+00,4.944218e+00,4.772834e+00,4.821283e+00,4.680276e+00,4.694747e+00,4.445345e+00,4.795207e+00,4.880008e+00,4.956221e+00,4.742774e+00,4.853933e+00,4.848611e+00,4.798607e+00,4.506631e+00,4.807931e+00,4.276641e+00,4.704794e+00,4.782872e+00,4.841842e+00,4.445744e+00,4.729577e+00,4.874262e+00,4.170849e+00,4.691519e+00,4.920191e+00,4.766419e+00,4.752724e+00,4.917404e+00,4.766348e+00,4.507470e+00,4.442349e+00,4.776898e+00,4.651004e+00,4.601543e+00,4.941415e+00,4.851505e+00,4.897599e+00,4.764961e+00,4.554597e+00,4.575187e+00,4.866074e+00,4.674845e+00,4.999273e+00,4.736725e+00,4.718406e+00,4.782367e+00,4.853981e+00,4.894165e+00,4.844561e+00,4.960444e+00,4.872396e+00,4.896847e+00,4.495305e+00,4.438120e+00,4.783797e+00,4.663944e+00,4.748908e+00,4.586504e+00,4.580072e+00,5.071983e+00,4.806343e+00,4.707824e+00,4.690367e+00,4.675323e+00,4.717724e+00,4.419450e+00,4.779604e+00,4.287028e+00,4.807931e+00,4.726477e+00,4.442852e+00,4.568937e+00,4.695721e+00,4.634986e+00,4.755863e+00,4.864061e+00,4.138443e+00,4.736440e+00,4.641922e+00,4.673651e+00,4.792973e+00,4.838826e+00,4.848171e+00,4.306471e+00,4.773169e+00,4.837509e+00,4.838266e+00
5.007230e+00,4.702470e+00,4.817816e+00,4.834484e+00,4.559443e+00,4.537384e+00,4.853589e+00,4.738788e+00,4.794433e+00,4.837844e+00,4.790203e+00,4.654227e+00,4.502486e+00,4.739235e+00,4.673909e+00,4.781068e+00,4.660706e+00,4.922719e+00,4.599190e+00,4.866316e+00,4.641226e+00,4.691544e+00,4.767090e+00,4.446073e+00,4.661974e+00,4.665466e+00,4.391699e+00,4.508080e+00,4.814674e+00,4.692960e+00,4.480976e+00,4.684851e+00,4.646488e+00,4.504034e+00,4.883624e+00,4.675547e+00,4.686955e+00,4.573959e+00,4.889814e+00,4.525010e+00,4.671760e+00,4.780507e+00,4.332456e+00,4.827748e+00,4.901426e+00,4.961292e+00,4.832019e+00,4.655542e+00,4.708176e+00,4.624482e+00,4.406728e+00,4.703515e+00,4.868612e+00,4.742180e+00,4.486874e+00,4.661335e+00,4.810277e+00,4.854775e+00,4.866921e+00,4.780424e+00,4.524890e+00,4.861911e+00,4.651471e+00,4.718999e+00,4.762448e+00,4.655991e+00,4.658532e+00,4.785098e+00,4.631778e+00,4.689003e+00,4.508784e+00,4.678363e+00,4.800634e+00,4.855407e+00,4.683967e+00,4.866395e+00,4.654625e+00,4.863959e+00,4.913466e+00,4.790655e+00,4.943507e+00,4.511037e+00,4.793561e+00,4.720878e+00,4.661176e+00,4.674733e+00,4.829439e+00,4.472976e+00,4.693614e+00,4.803550e+00,4.628244e+00,5.013536e+00,4.767775e+00,4.913797e+00,4.791349e+00,4.734097e+00,4.840050e+00,4.597335e+00,4.893456e+00,4.541952e+00,4.808439e+00,4.929671e+00,4.829688e+00,4.785056e+00,4.678603e+00,4.902819e+00,4.808063e+00,4.777292e+00,4.416475e+00,4.795442e+00,4.790401e+00,4.830893e+00,4.748926e+00,4.801246e+00
4.824596e+00,4.845120e+00,5.057838e+00,4.670406e+00,4.802463e+00,5.014972e+00,4.796547e+00,4.913332e+00,4.765528e+00,4.399669e+00,4.566345e+00,4.917143e+00,4.940813e+00,4.632415e+00,4.898925e+00,4.863631e+00,4.549052e+00,4.925379e+00,4.707474e+00,4.648736e+00,4.865098e+00,4.866580e+00,4.509926e+00,4.666604e+00,4.691141e+00,4.881409e+00,4.825232e+00,4.724419e+00,4.644240e+00,4.340933e+00,4.827616e+00,4.650582e+00,4.764550e+00,4.835356e+00,4.786071e+00,4.812506e+00,4.704634e+00,4.718068e+00,4.537197e+00,4.903110e+00,4.863380e+00,4.842185e+00,4.772207e+00,4.634001e+00,4.904631e+00,4.969537e+00,4.916552e+00,4.536505e+00,4.693663e+00,4.629591e+00,5.072239e+00,4.761932e+00,5.035538e+00,4.679479e+00,4.765706e+00,4.799329e+00,4.562876e+00,4.636054e+00,4.411409e+00,4.838781e+00,4.805754e+00,5.000716e+00,4.735825e+00,4.966272e+00,4.802833e+00,4.171964e+00,4.726207e+00,4.515447e+00,4.738272e+00,4.868406e+00,4.653668e+00,4.668297e+00,4.745420e+00,4.715330e+00,4.868175e+00,4.446450e+00,4.823195e+00,4.713869e+00,4.783255e+00,4.764298e+00,4.924034e+00,4.834274e+00,4.625350e+00,4.575242e+00,4.668787e+00,4.127127e+00,4.741284e+00,4.548990e+00,4.770677e+00,4.884535e+00,4.658521e+00,4.836252e+00,4.732449e+00,4.974902e+00,3.856696e+00,4.806769e+00,4.934592e+00,4.732410e+00,4.607597e+00,4.849676e+00,4.791795e+00,4.519253e+00,4.750396e+00,4.516048e+00,3.970983e+00,4.905547e+00,5.009144e+00,4.734433e+00,4.724203e+00,4.776922e+00,4.798308e+00,4.780973e+00,4.836400e+00,4.610095e+00
4.620917e+00,4.929645e+00,4.604472e+00,4.679289e+00,4.804719e+00,4.703035e+00,4.860319e+00,4.702685e+00,4.866324e+00,4.890333e+00,4.374974e+00,4.808182e+00,4.891093e+00,4.762654e+00,4.919949e+00,4.209785e+00,4.385750e+00,4.720112e+00,4.794169e+00,4.575052e+00,4.805215e+00,4.530039e+00,4.618746e+00,4.770537e+00,4.671576e+00,4.917073e+00,4.816787e+00,4.886729e+00,4.519838e+00,4.800434e+00,4.891382e+00,4.801386e+00,4.988878e+00,4.888053e+00,4.237733e+00,4.869256e+00,4.805288e+00,4.864522e+00,4.821021e+00,4.763727e+00,4.824526e+00,4.883361e+00,4.641852e+00,4.794053e+00,4.789299e+00,4.762676e+00,4.992098e+00,5.058674e+00,4.925066e+00,4.836576e+00,5.123355e+00,4.704370e+00,4.800859e+00,4.729796e+00,4.573162e+00,4.468159e+00,5.084900e+00,4.687941e+00,4.630356e+00,4.583407e+00,4.627074e+00,4.487051e+00,4.845966e+00,4.893597e+00,4.582222e+00,4.771141e+00,4.869390e+00,3.982976e+00,4.545249e+00,4.977182e+00,4.809725e+00,4.871412e+00,4.666075e+00,4.766491e+00,4.857424e+00,4.831444e+00,4.587355e+00,4.811432e+00,4.841481e+00,4.672336e+00,4.788737e+00,4.435111e+00,4.609659e+00,4.993665e+00,4.604586e+00,4.802240e+00,4.757150e+00,4.730844e+00,4.949274e+00,4.907702e+00,4.928461e+00,4.757848e+00,4.993406e+00,4.901145e+00,4.796880e+00,4.600958e+00,4.965531e+00,4.620659e+00,4.824713e+00,4.833104e+00,4.403695e+00,4.802009e+00,5.045867e+00,4.521589e+00,4.585163e+00,4.532109e+00,4.776171e+00,4.531353e+00,4.876226e+00,5.073274e+00,4.671595e+00,4.007668e+00,4.886562e+00,5.138948e+00
4.747873e+00,4.804275e+00,4.299024e+00,4.753320e+00,4.708340e+00,4.608732e+00,4.815169e+00,4.786182e+00,4.810280e+00,4.539378e+00,4.492407e+00,4.473073e+00,4.844140e+00,4.894190e+00,4.910306e+00,4.862479e+00,4.737622e+00,4.407485e+00,4.701487e+00,4.875976e+00,4.852074e+00,4.898117e+00,4.827016e+00,4.934034e+00,4.411836e+00,4.657517e+00,4.650407e+00,4.841043e+00,4.666011e+00,4.506440e+00,4.614223e+00,4.754724e+00,5.020809e+00,4.523058e+00,4.753203e+00,4.676175e+00,4.785666e+00,4.759908e+00,4.673225e+00,4.915409e+00,4.492667e+00,4.890246e+00,4.627562e+00,4.963292e+00,4.765691e+00,4.939675e+00,4.153035e+00,4.717449e+00,4.696387e+00,4.901622e+00,4.572107e+00,4.668086e+00,4.732522e+00,4.963089e+00,4.692401e+00,4.786424e+00,4.804320e+00,4.606270e+00,4.810509e+00,4.469768e+00,4.714857e+00,4.880395e+00,4.598082e+00,4.888458e+00,4.822620e+00,4.757559e+00,5.076222e+00,4.601547e+00,4.838865e+00,4.674706e+00,4.943887e+00,4.570847e+00,4.790390e+00,4.852485e+00,4.617916e+00,4.876525e+00,4.773222e+00,4.509149e+00,4.657571e+00,4.897705e+00,4.823062e+00,4.926614e+00,4.592775e+00,4.922253e+00,4.574759e+00,4.589095e+00,4.452821e+00,4.866061e+00,4.737189e+00,4.704305e+00,4.621062e+00,4.659706e+00,4.624369e+00,4.576541e+00,4.492328e+00,4.683284e+00,4.912772e+00,4.669109e+00,4.911983e+00,4.739304e+00,4.648631e+00,4.657184e+00,4.667707e+00,4.837265e+00,4.595617e+00,4.480056e+00,4.824318e+00,4.538710e+00,4.797972e+00,4.876860e+00,4.368648e+00,4.516543e+00,4.606195e+00,4.774521e+00
4.799791e+00,4.259995e+00,4.810296e+00,4.818708e+00,4.675090e+00,4.873979e+00,4.870732e+00,4.695644e+00,4.730177e+00,4.931416e+00,4.710829e+00,4.891971e+00,4.799594e+00,4.644242e+00,4.849954e+00,4.781160e+00,4.954859e+00,5.077444e+00,4.274104e+00,4.615882e+00,4.896453e+00,4.654887e+00,4.321375e+00,4.609419e+00,5.036356e+00,4.914841e+00,4.801800e+00,4.341628e+00,4.623144e+00,5.018372e+00,4.931259e+00,4.880263e+00,4.812330e+00,4.605445e+00,4.534178e+00,4.640411e+00,4.794110e+00,4.757018e+00,4.646332e+00,4.572137e+00,4.834693e+00,4.728176e+00,4.689830e+00,4.816782e+00,4.769776e+00,4.854924e+00,4.502457e+00,4.732235e+00,4.924090e+00,4.664326e+00,4.498777e+00,4.819090e+00,4.628009e+00,4.644946e+00,5.019335e+00,4.817575e+00,4.642919e+00,4.940694e+00,4.936206e+00,4.872026e+00,4.720712e+00,4.240016e+00,4.574714e+00,4.589758e+00,4.515491e+00,4.855174e+00,4.677605e+00,4.664339e+00,4.546404e+00,4.757763e+00,4.728323e+00,4.712153e+00,4.811777e+00,4.763739e+00,4.682910e+00,4.520941e+00,4.568784e+00,4.799693e+00,4.737564e+00,4.951939e+00,4.912646e+00,4.922813e+00,4.862704e+00,4.835237e+00,4.678923e+00,4.812584e+00,4.654672e+00,4.719456e+00,4.753812e+00,4.703824e+00,4.678235e+00,4.603278e+00,4.791039e+00,4.858690e+00,4.704556e+00,4.839694e+00,4.317133e+00,4.990164e+00,4.577782e+00,4.664130e+00,4.613989e+00,4.919208e+00,4.676518e+00,4.671896e+00,4.488989e+00,4.909572e+00,4.855225e+00,4.804936e+00,4.986158e+00,4.297189e+00,4.807366e+00,4.933255e+00,4.817219e+00,4.889574e+00
5.042117e+00,4.587383e+00,4.674872e+00,4.666123e+00,4.822569e+00,4.727697e+00,4.542647e+00,4.705032e+00,4.680854e+00,4.873969e+00,4.652527e+00,4.837144e+00,4.747858e+00,4.851552e+00,4.633041e+00,4.794254e+00,4.722640e+00,4.961485e+00,4.849248e+00,4.781905e+00,4.869968e+00,4.933557e+00,5.066339e+00,4.803604e+00,4.721603e+00,4.865824e+00,4.492053e+00,4.774983e+00,4.679591e+00,4.460896e+00,4.733492e+00,4.740249e+00,4.731801e+00,5.103670e+00,4.751178e+00,4.898946e+00,4.771413e+00,4.764951e+00,4.750880e+00,4.606896e+00,4.612530e+00,4.637269e+00,4.683212e+00,4.785147e+00,4.700839e+00,4.662710e+00,4.551515e+00,4.847478e+00,4.517320e+00,4.454699e+00,4.965348e+00,4.966578e+00,4.853301e+00,4.885816e+00,4.721171e+00,4.878615e+00,4.675346e+00,4.633059e+00,4.934649e+00,4.712737e+00,4.486812e+00,4.804617e+00,4.797723e+00,4.802038e+00,4.572543e+00,4.641477e+00,4.911601e+00,4.810798e+00,4.857077e+00,4.776529e+00,4.786903e+00,4.691840e+00,4.592157e+00,4.822432e+00,4.631951e+00,4.968747e+00,4.869919e+00,4.729429e+00,4.737394e+00,4.849706e+00,4.702918e+00,4.613579e+00,4.983699e+00,4.742501e+00,4.779198e+00,4.685632e+00,4.772056e+00,4.705502e+00,4.654702e+00,4.755555e+00,5.008873e+00,4.894108e+00,4.669312e+00,4.845739e+00,4.747445e+00,4.831221e+00,4.669860e+00,4.472613e+00,4.831345e+00,4.601316e+00,4.385515e+00,4.926142e+00,4.855178e+00,4.648194e+00,4.874918e+00,4.676559e+00,4.716566e+00,4.959597e+00,4.216408e+00,4.820835e+00,4.610357e+00,4.843624e+00,4.974764e+00,4.659177e+00
4.955526e+00,4.910137e+00,5.025600e+00,4.781445e+00,4.441665e+00,4.789054e+00,4.938716e+00,4.710728e+00,4.691924e+00,4.416379e+00,4.949566e+00,4.880228e+00,4.969326e+00,4.523837e+00,4.694888e+00,4.810216e+00,4.784350e+00,4.647103e+00,4.770326e+00,4.913875e+00,4.755941e+00,4.884028e+00,4.715680e+00,4.676446e+00,4.923505e+00,4.673640e+00,4.807826e+00,4.753203e+00,4.692289e+00,4.771703e+00,4.905487e+00,4.328805e+00,4.757350e+00,4.562713e+00,4.860104e+00,4.891297e+00,4.778701e+00,4.502106e+00,4.960171e+00,4.631231e+00,4.651919e+00,4.640374e+00,5.011925e+00,4.524078e+00,4.828856e+00,4.592812e+00,4.735471e+00,4.714567e+00,4.746939e+00,4.182515e+00,4.737342e+00,4.815365e+00,5.026509e+00,4.917772e+00,4.572802e+00,4.843953e+00,4.833444e+00,4.754504e+00,4.620605e+00,4.670509e+00,4.910788e+00,4.610576e+00,4.616940e+00,4.754452e+00,4.644224e+00,4.858660e+00,4.830511e+00,4.369960e+00,4.616997e+00,4.996609e+00,4.600433e+00,4.936983e+00,4.475774e+00,4.478211e+00,4.759535e+00,4.802540e+00,4.828823e+00,4.925499e+00,4.768259e+00,4.753507e+00,4.863701e+00,4.778766e+00,4.631765e+00,4.696281e+00,4.959602e+00,4.844359e+00,4.643640e+00,4.296943e+00,4.808568e+00,4.499912e+00,4.502448e+00,4.513741e+00,4.753238e+00,4.717150e+00,4.869440e+00,4.880801e+00,4.577884e+00,5.102230e+00,4.836593e+00,4.751464e+00,4.840866e+00,4.784232e+00,4.821500e+00,4.879095e+00,5.050806e+00,4.786646e+00,4.886634e+00,4.223675e+00,4.765706e+00,4.802851e+00,4.890462e+00,4.726366e+00,4.729871e+00,4.716146e+00
4.835381e+00,4.745713e+00,4.647303e+00,4.967794e+00,4.589289e+00,4.857654e+00,4.769868e+00,4.658747e+00,4.979053e+00,5.013892e+00,4.449675e+00,4.879129e+00,4.787108e+00,4.678353e+00,4.888686e+00,4.958052e+00,4.741872e+00,4.737153e+00,4.958500e+00,4.314900e+00,4.838561e+00,4.397346e+00,4.932207e+00,4.797381e+00,4.820609e+00,4.655795e+00,4.592673e+00,4.372733e+00,4.949541e+00,4.946613e+00,4.689205e+00,4.662815e+00,4.619928e+00,4.755921e+00,4.839398e+00,4.856589e+00,4.590369e+00,4.925104e+00,4.620817e+00,4.748840e+00,4.631195e+00,4.876165e+00,4.746893e+00,4.519285e+00,4.781803e+00,4.727278e+00,4.921198e+00,4.898159e+00,4.486295e+00,4.837123e+00,4.947064e+00,4.856050e+00,4.767657e+00,4.493035e+00,4.930369e+00,4.775130e+00,4.732597e+00,4.578111e+00,4.677183e+00,4.907532e+00,4.709445e+00,4.720355e+00,4.838027e+00,4.533007e+00,4.811008e+00,4.903459e+00,4.691459e+00,4.572828e+00,5.041624e+00,4.897823e+00,4.667101e+00,4.564103e+00,4.803438e+00,4.649642e+00,4.527576e+00,5.006716e+00,4.679510e+00,4.877855e+00,4.740115e+00,4.842063e+00,4.640083e+00,4.292513e+00,4.529879e+00,4.671684e+00,4.606240e+00,4.927076e+00,4.509913e+00,4.814263e+00,4.510796e+00,4.594358e+00,4.654708e+00,4.820885e+00,4.824857e+00,4.789267e+00,4.624467e+00,5.038954e+00,4.678139e+00,4.668103e+00,4.745385e+00,4.711990e+00,4.776981e+00,4.848213e+00,4.550943e+00,4.929345e+00,4.771409e+00,4.869117e+00,4.798358e+00,4.796574e+00,4.295279e+00,4.773664e+00,4.764202e+00,4.538364e+00,4.785792e+00,4.650799e+00
4.973191e+00,4.680414e+00,4.875635e+00,4.923950e+00,4.842827e+00,4.546554e+00,4.884112e+00,5.058134e+00,4.447141e+00,4.861315e+00,4.814593e+00,4.612626e+00,4.912349e+00,5.057833e+00,4.876910e+00,4.886290e+00,4.735002e+00,4.960350e+00,4.885071e+00,4.590036e+00,4.796856e+00,4.963091e+00,4.760175e+00,4.449282e+00,4.966758e+00,4.916821e+00,4.947706e+00,5.002843e+00,4.585159e+00,4.418089e+00,4.949683e+00,4.805621e+00,4.533042e+00,4.814451e+00,4.456453e+00,4.643136e+00,4.930589e+00,4.866145e+00,4.825756e+00,4.835557e+00,4.438175e+00,5.012669e+00,4.595301e+00,4.751999e+00,4.635409e+00,4.958217e+00,4.486696e+00,4.698921e+00,4.756033e+00,4.866388e+00,4.712516e+00,4.433607e+00,4.723253e+00,4.362608e+00,4.605062e+00,4.799003e+00,4.759117e+00,4.659972e+00,4.869105e+00,4.595841e+00,4.809462e+00,4.634618e+00,4.881971e+00,4.976390e+00,4.751072e+00,4.747234e+00,4.634355e+00,4.803577e+00,4.282928e+00,4.520691e+00,4.701158e+00,4.437296e+00,4.738927e+00,4.549066e+00,4.516218e+00,4.109798e+00,4.640993e+00,4.790497e+00,4.820944e+00,4.509753e+00,4.908518e+00,4.971294e+00,4.907547e+00,4.867537e+00,4.533940e+00,5.004754e+00,4.986328e+00,4.328093e+00,5.058725e+00,4.164338e+00,5.153931e+00,4.769323e+00,4.719195e+00,4.728200e+00,4.575537e+00,4.671570e+00,4.786001e+00,4.654481e+00,4.596898e+00,4.776872e+00,4.608871e+00,4.697462e+00,4.680582e+00,4.708921e+00,4.519168e+00,4.966121e+00,4.588002e+00,4.750536e+00,4.778905e+00,5.211339e+00,4.630331e+00,4.185221e+00,4.800516e+00,4.749417e+00
4.571492e+00,4.791765e+00,4.236427e+00,4.766513e+00,4.660071e+00,4.861947e+00,4.840257e+00,4.763542e+00,4.748289e+00,4.732306e+00,4.742336e+00,4.955820e+00,4.878989e+00,4.638964e+00,5.122343e+00,4.411722e+00,4.692911e+00,4.718357e+00,4.938593e+00,4.489192e+00,4.837116e+00,4.864648e+00,5.046725e+00,4.835624e+00,4.905833e+00,4.923969e+00,4.372097e+00,4.552642e+00,4.260782e+00,4.753584e+00,4.668341e+00,4.405887e+00,4.660550e+00,4.622413e+00,4.340000e+00,4.734845e+00,4.869658e+00,4.847793e+00,4.836945e+00,4.954977e+00,4.299798e+00,4.539755e+00,4.836289e+00,4.643949e+00,4.810708e+00,4.914778e+00,4.770137e+00,4.908454e+00,4.582367e+00,4.684202e+00,4.636271e+00,4.570376e+00,4.846740e+00,4.648206e+00,5.046158e+00,4.793054e+00,4.844464e+00,4.921706e+00,4.305693e+00,4.723733e+00,4.316589e+00,5.020308e+00,4.566599e+00,4.882351e+00,4.828411e+00,4.711238e+00,4.527812e+00,4.685418e+00,4.870992e+00,4.805414e+00,4.610643e+00,4.620297e+00,4.730577e+00,4.898107e+00,4.966260e+00,5.019113e+00,4.523772e+00,4.436693e+00,4.651907e+00,4.812367e+00,4.777046e+00,4.734905e+00,4.823601e+00,4.713070e+00,4.849083e+00,4.944358e+00,4.926203e+00,4.707060e+00,4.863542e+00,4.807766e+00,4.996889e+00,4.823418e+00,4.562885e+00,5.017148e+00,4.793738e+00,4.769047e+00,4.800240e+00,4.506435e+00,4.569692e+00,4.922866e+00,4.441396e+00,4.677267e+00,4.704828e+00,4.488649e+00,4.655695e+00,4.796335e+00,4.657493e+00,4.421560e+00,4.524950e+00,4.373718e+00,4.805314e+00,4.856148e+00,4.851938e+00,4.500901e+00
4.441487e+00,4.744458e+00,4.815273e+00,4.494552e+00,4.926594e+00,4.900740e+00,4.816914e+00,4.590506e+00,4.634930e+00,4.670025e+00,4.610683e+00,4.763536e+00,4.650646e+00,4.777915e+00,4.862152e+00,4.745794e+00,4.970439e+00,4.893618e+00,4.856500e+00,5.132215e+00,4.824026e+00,4.189266e+00,4.675546e+00,4.825507e+00,4.681813e+00,4.667384e+00,4.864972e+00,5.004679e+00,4.914822e+00,4.474167e+00,4.451158e+00,4.605900e+00,4.877642e+00,4.586077e+00,4.982585e+00,4.834969e+00,4.889338e+00,4.961661e+00,4.777672e+00,4.934807e+00,4.782825e+00,4.772695e+00,4.767295e+00,4.637435e+00,4.924488e+00,4.475963e+00,4.839649e+00,5.153218e+00,4.920241e+00,4.649331e+00,4.501100e+00,4.917741e+00,4.533858e+00,4.954040e+00,4.617155e+00,5.024557e+00,4.764708e+00,4.883966e+00,4.943403e+00,4.511568e+00,4.998547e+00,4.953387e+00,4.856255e+00,4.989871e+00,5.058012e+00,4.483694e+00,4.725711e+00,4.702491e+00,4.577413e+00,4.928551e+00,4.753525e+00,4.675965e+00,4.754013e+00,4.825464e+00,4.528041e+00,4.589461e+00,4.869853e+00,4.808154e+00,4.699416e+00,4.730870e+00,4.777815e+00,4.858381e+00,4.562853e+00,4.943653e+00,4.829037e+00,4.228158e+00,4.932526e+00,4.515583e+00,4.672843e+00,4.237558e+00,4.903120e+00,4.460304e+00,4.450030e+00,4.992456e+00,4.819658e+00,4.600178e+00,4.546189e+00,4.647143e+00,4.584706e+00,4.758051e+00,4.359357e+00,4.849433e+00,4.717350e+00,4.781281e+00,4.453511e+00,4.809477e+00,4.941194e+00,4.653771e+00,4.710475e+00,4.666100e+00,4.825356e+00,4.755337e+00,4.675819e+00,4.946209e+00
4.907318e+00,4.080570e+00,4.747449e+00,4.833772e+00,4.697344e+00,4.313500e+00,4.810382e+00,4.712432e+00,4.769849e+00,4.623796e+00,4.399233e+00,4.936616e+00,4.717558e+00,4.752498e+00,4.602657e+00,4.769635e+00,4.871673e+00,4.506921e+00,4.823973e+00,4.689827e+00,4.834300e+00,4.891624e+00,4.612698e+00,4.699415e+00,4.757726e+00,4.936476e+00,4.728150e+00,4.430734e+00,4.879998e+00,4.918559e+00,4.703166e+00,4.550429e+00,4.679915e+00,4.927912e+00,4.626305e+00,4.334256e+00,4.728923e+00,4.918873e+00,4.910070e+00,4.787384e+00,4.767215e+00,4.455803e+00,4.730372e+00,4.628313e+00,4.936188e+00,4.897416e+00,4.685660e+00,4.795606e+00,4.619162e+00,5.040425e+00,4.707710e+00,4.945943e+00,4.285882e+00,4.693216e+00,4.992732e+00,4.735587e+00,4.766263e+00,4.876796e+00,4.637914e+00,4.534970e+00,4.879106e+00,4.859016e+00,4.366482e+00,4.669875e+00,4.655391e+00,4.081132e+00,4.880295e+00,4.852719e+00,4.711573e+00,4.764190e+00,4.729561e+00,4.611748e+00,4.599439e+00,4.476569e+00,4.944372e+00,4.665967e+00,4.822195e+00,4.904949e+00,4.822374e+00,4.770727e+00,4.910207e+00,5.008829e+00,4.988358e+00,4.323241e+00,4.821233e+00,4.771738e+00,4.370585e+00,4.905780e+00,4.485340e+00,4.815671e+00,4.367799e+00,4.460594e+00,4.792069e+00,4.901302e+00,4.835643e+00,4.661713e+00,4.572404e+00,4.679595e+00,4.861845e+00,4.345686e+00,4.894338e+00,4.525793e+00,4.626069e+00,4.999476e+00,4.834131e+00,4.749466e+00,4.745269e+00,4.784124e+00,4.625280e+00,4.840034e+00,4.774077e+00,5.079450e+00,4.726757e+00,4.718473e+00
