4.423655e+00,4.608387e+00,4.436476e+00,4.741277e+00,4.772595e+00,5.040286e+00,4.935883e+00,4.794566e+00,4.769510e+00,4.801349e+00,4.936887e+00,4.873987e+00,4.727640e+00,4.819340e+00,4.935477e+00,4.922252e+00,4.946079e+00,4.928282e+00,4.566212e+00,4.604365e+00,4.705331e+00,4.872883e+00,4.772604e+00,4.902970e+00,4.778559e+00,5.009168e+00,4.059370e+00,4.955267e+00,4.911142e+00,4.591300e+00,4.844454e+00,4.869706e+00,4.832373e+00,4.760369e+00,4.683587e+00,4.687159e+00,4.788603e+00,4.981407e+00,4.707485e+00,4.739622e+00,4.594522e+00,4.754103e+00,4.801236e+00,4.851273e+00,4.947534e+00,4.834577e+00,4.893260e+00,5.090682e+00,5.086511e+00,4.990878e+00,4.778216e+00,4.986719e+00,4.934797e+00,4.703025e+00,4.454255e+00,4.734951e+00,5.080400e+00,4.883868e+00,4.848151e+00,4.833874e+00,4.723522e+00,4.962568e+00,5.095270e+00,4.620760e+00,4.968246e+00,4.530893e+00,4.267236e+00,4.946424e+00,4.887912e+00,4.922528e+00,4.940784e+00,4.852247e+00,5.059037e+00,4.832219e+00,4.967894e+00,4.955374e+00,5.001234e+00,4.908688e+00,4.710501e+00,4.959187e+00,4.471400e+00,4.889019e+00,4.723427e+00,4.727122e+00,4.501083e+00,5.037219e+00,5.010975e+00,4.821631e+00,5.199201e+00,4.934034e+00,4.937429e+00,4.799809e+00,4.092300e+00,4.802315e+00,4.669980e+00,4.766882e+00,5.032043e+00,4.876591e+00,4.697028e+00,4.828464e+00,4.691475e+00,4.264415e+00,5.116779e+00,4.193597e+00,4.875524e+00,4.612228e+00,5.131555e+00,4.888544e+00,4.476887e+00,4.897218e+00,4.523857e+00,4.981824e+00,4.841090e+00,4.774081e+00,4.306852e+00,4.935534e+00,4.907942e+00,4.750679e+00,5.153685e+00,4.540059e+00,4.586700e+00,4.273213e+00,5.082085e+00,4.465569e+00,4.725421e+00,4.927243e+00,4.558166e+00,4.579629e+00,4.583864e+00,4.880238e+00,4.884546e+00,5.085007e+00,4.675123e+00,4.919962e+00,5.112099e+00,4.749177e+00,4.984511e+00,4.438489e+00,4.777119e+00,4.513740e+00,4.700850e+00,4.947529e+00,4.637050e+00,5.037907e+00,4.753511e+00,4.880813e+00,4.689447e+00,5.010540e+00,4.509094e+00,4.443651e+00,4.926156e+00,4.945765e+00,4.672448e+00,4.934829e+00,4.932796e+00,4.365307e+00,4.977688e+00,4.803595e+00,4.176243e+00,4.500333e+00,4.989089e+00,5.021040e+00,4.872364e+00,4.880963e+00,4.958277e+00,4.860153e+00,4.943326e+00,4.907211e+00,4.752204e+00,4.557994e+00,4.795584e+00,4.901939e+00,4.969924e+00,4.907151e+00,4.840088e+00,4.105250e+00,4.436732e+00,4.839736e+00,4.788828e+00,4.387365e+00,4.868052e+00,4.558648e+00,4.834682e+00,4.553847e+00,4.884309e+00,4.979474e+00,4.817324e+00,4.916418e+00,5.003254e+00,4.690640e+00,4.850648e+00,4.351882e+00,5.024083e+00,4.768409e+00,4.783057e+00,4.877696e+00,4.968264e+00,4.899169e+00,4.655521e+00,4.805962e+00,5.022977e+00,4.463567e+00,4.618800e+00,4.546802e+00,4.877465e+00,4.876722e+00,4.848173e+00,4.717656e+00,4.941741e+00,4.726822e+00,4.806845e+00,4.802650e+00,4.772502e+00,4.982235e+00,4.684276e+00
4.777095e+00,4.735897e+00,4.652385e+00,4.893538e+00,4.761597e+00,4.392221e+00,4.928544e+00,4.707965e+00,4.939815e+00,4.972892e+00,4.717470e+00,4.974912e+00,4.418948e+00,4.720035e+00,4.265345e+00,4.679045e+00,4.731857e+00,4.740223e+00,4.702616e+00,4.948214e+00,4.669257e+00,4.681035e+00,4.445696e+00,4.797054e+00,4.677196e+00,5.028568e+00,4.761287e+00,4.600677e+00,4.751877e+00,4.626908e+00,4.860068e+00,4.886824e+00,4.940543e+00,4.634201e+00,4.965776e+00,4.967698e+00,4.985227e+00,4.812321e+00,4.734128e+00,4.933559e+00,4.926424e+00,4.823010e+00,4.615224e+00,4.645416e+00,4.799273e+00,4.809739e+00,4.907218e+00,4.799249e+00,4.686838e+00,5.123278e+00,4.409443e+00,5.097153e+00,4.907773e+00,4.724091e+00,4.974981e+00,5.026308e+00,5.111515e+00,4.972593e+00,4.879148e+00,4.970411e+00,4.998432e+00,4.898517e+00,4.963414e+00,5.214217e+00,4.697966e+00,4.693626e+00,4.815538e+00,4.874596e+00,4.545342e+00,4.842894e+00,4.988582e+00,4.840687e+00,4.788698e+00,4.577396e+00,4.861056e+00,4.798542e+00,4.668613e+00,5.134680e+00,4.633654e+00,4.850340e+00,4.914776e+00,4.723981e+00,5.087412e+00,4.807567e+00,4.801850e+00,4.517116e+00,4.901098e+00,4.827185e+00,4.956259e+00,4.829228e+00,4.872666e+00,4.975559e+00,5.069724e+00,4.659155e+00,4.905537e+00,4.999929e+00,4.488180e+00,4.950608e+00,4.753003e+00,4.736267e+00,4.831896e+00,4.163874e+00,4.581199e+00,4.961117e+00,4.835103e+00,5.117874e+00,4.926601e+00,4.920882e+00,4.820306e+00,4.528919e+00,4.854962e+00,5.103037e+00,4.939157e+00,4.849148e+00,4.741973e+00,4.675108e+00,4.656121e+00,4.668962e+00,4.699852e+00,4.988261e+00,4.697630e+00,5.120051e+00,4.821930e+00,4.516610e+00,4.359849e+00,4.465975e+00,4.772639e+00,4.963813e+00,4.855350e+00,4.830269e+00,4.735974e+00,4.947741e+00,4.510346e+00,4.741284e+00,5.182568e+00,4.855746e+00,5.007734e+00,4.863090e+00,4.753355e+00,4.844903e+00,4.688126e+00,4.260988e+00,4.998253e+00,4.565867e+00,4.365229e+00,4.862063e+00,4.819895e+00,5.098014e+00,4.912015e+00,4.854793e+00,4.656550e+00,4.766525e+00,4.971982e+00,5.068513e+00,4.939333e+00,4.740672e+00,4.745987e+00,4.858975e+00,4.920042e+00,4.819077e+00,4.920684e+00,4.475664e+00,4.975500e+00,4.946843e+00,4.788987e+00,4.802552e+00,4.853106e+00,4.805258e+00,4.527147e+00,4.881243e+00,4.705804e+00,5.022647e+00,4.916930e+00,4.726108e+00,4.948904e+00,4.763654e+00,4.887802e+00,4.817873e+00,4.820181e+00,4.887181e+00,4.705529e+00,4.984803e+00,4.676551e+00,4.593503e+00,4.814421e+00,4.933509e+00,4.922654e+00,4.894010e+00,4.724070e+00,4.776017e+00,4.974480e+00,4.937831e+00,5.039251e+00,4.760171e+00,4.726234e+00,4.771937e+00,4.866532e+00,5.026413e+00,4.925339e+00,4.879361e+00,4.623867e+00,4.857690e+00,4.853891e+00,4.734855e+00,4.650565e+00,4.733722e+00,4.639089e+00,4.537670e+00,4.964602e+00,4.754759e+00,4.980376e+00,4.696986e+00,4.733472e+00,4.935715e+00,4.868388e+00
4.791495e+00,4.963421e+00,4.932148e+00,4.850265e+00,5.021322e+00,4.660158e+00,4.756315e+00,4.906893e+00,5.011293e+00,4.987061e+00,5.051748e+00,4.509545e+00,4.616566e+00,4.916409e+00,4.885527e+00,4.719149e+00,4.759982e+00,5.029174e+00,4.910553e+00,4.994537e+00,4.684028e+00,4.821854e+00,4.891329e+00,4.394865e+00,5.051744e+00,4.870202e+00,4.871955e+00,4.634046e+00,4.826588e+00,4.993269e+00,4.873342e+00,4.495334e+00,4.702744e+00,4.992871e+00,4.802008e+00,4.872192e+00,4.876333e+00,4.659276e+00,4.867991e+00,4.742667e+00,4.842312e+00,4.654055e+00,4.833057e+00,4.821360e+00,4.848224e+00,4.941085e+00,4.858708e+00,5.034011e+00,4.967403e+00,4.799979e+00,5.025358e+00,4.667675e+00,4.715403e+00,4.817348e+00,5.015358e+00,4.889551e+00,4.931878e+00,4.511738e+00,4.495132e+00,4.648130e+00,4.874951e+00,4.777295e+00,4.764988e+00,4.725314e+00,5.030093e+00,4.724466e+00,4.597970e+00,4.825138e+00,4.862725e+00,5.067621e+00,4.870888e+00,5.115955e+00,4.748284e+00,4.589135e+00,4.610588e+00,4.609599e+00,4.872912e+00,4.871870e+00,4.548185e+00,4.729443e+00,4.717819e+00,4.886423e+00,4.917811e+00,5.075322e+00,4.955504e+00,4.843245e+00,4.883334e+00,5.027959e+00,4.635363e+00,4.665634e+00,4.700246e+00,4.404463e+00,4.713562e+00,4.729359e+00,4.746801e+00,4.871305e+00,4.608774e+00,4.949624e+00,4.944688e+00,4.884021e+00,3.211964e+00,4.925088e+00,4.831777e+00,4.959979e+00,4.822021e+00,5.021328e+00,4.802058e+00,5.081220e+00,4.890326e+00,4.612523e+00,4.651758e+00,4.794955e+00,4.736819e+00,4.888752e+00,4.804493e+00,4.906390e+00,5.048209e+00,4.976984e+00,5.023873e+00,4.870449e+00,4.314905e+00,5.114953e+00,4.902923e+00,5.140519e+00,4.880904e+00,4.972253e+00,4.923571e+00,4.680191e+00,4.728510e+00,4.882094e+00,4.830787e+00,4.901509e+00,4.614518e+00,4.906828e+00,4.942778e+00,4.970504e+00,4.924734e+00,4.699579e+00,4.905999e+00,4.842117e+00,4.586585e+00,4.864080e+00,4.984676e+00,4.955837e+00,4.978345e+00,4.440587e+00,4.872334e+00,5.055597e+00,4.406036e+00,4.654000e+00,4.970389e+00,4.927277e+00,5.042114e+00,4.497100e+00,4.913565e+00,4.432617e+00,4.880183e+00,4.695729e+00,4.991101e+00,5.004976e+00,4.784406e+00,4.896995e+00,4.967048e+00,4.686987e+00,4.844554e+00,4.702758e+00,4.422008e+00,4.978062e+00,4.738459e+00,4.849947e+00,4.569483e+00,4.807022e+00,4.658252e+00,4.739450e+00,4.945912e+00,4.920963e+00,4.819618e+00,4.698276e+00,4.809532e+00,4.860669e+00,4.983846e+00,4.760418e+00,4.973048e+00,4.882645e+00,4.874856e+00,4.745309e+00,4.801856e+00,4.854976e+00,4.842937e+00,4.852496e+00,4.810650e+00,4.879162e+00,4.555980e+00,5.002280e+00,4.698189e+00,4.723268e+00,4.964663e+00,4.985567e+00,4.904430e+00,5.132939e+00,4.847999e+00,4.712179e+00,4.816304e+00,4.922438e+00,4.590857e+00,4.896598e+00,4.794044e+00,4.993318e+00,4.895007e+00,4.904528e+00,4.655579e+00,4.942230e+00,4.683140e+00,4.840310e+00,4.531835e+00
4.755476e+00,5.026110e+00,4.886789e+00,4.597372e+00,4.935447e+00,4.965210e+00,4.960803e+00,4.661874e+00,4.970064e+00,4.663024e+00,4.904929e+00,4.619250e+00,5.062879e+00,4.970958e+00,4.690148e+00,4.624470e+00,4.873630e+00,4.984419e+00,4.453722e+00,4.900058e+00,4.775881e+00,4.827707e+00,4.554503e+00,4.767851e+00,4.825394e+00,4.568082e+00,4.640424e+00,4.992840e+00,4.842247e+00,4.767059e+00,4.634873e+00,4.897040e+00,4.855355e+00,4.712047e+00,4.667481e+00,4.962078e+00,4.685394e+00,4.970067e+00,4.666086e+00,4.872530e+00,4.601130e+00,5.048600e+00,4.885842e+00,5.002293e+00,4.956178e+00,4.760442e+00,4.912591e+00,4.964819e+00,4.903549e+00,4.368418e+00,5.024610e+00,4.901585e+00,4.543252e+00,5.197084e+00,5.137482e+00,4.738404e+00,4.946163e+00,4.980735e+00,4.497934e+00,4.903395e+00,4.666101e+00,4.838539e+00,4.826270e+00,4.889805e+00,4.747350e+00,4.982956e+00,4.973596e+00,4.953843e+00,4.930331e+00,4.951632e+00,4.968036e+00,4.858464e+00,4.788546e+00,4.605937e+00,4.549491e+00,5.036213e+00,4.687940e+00,4.848917e+00,4.951844e+00,4.720803e+00,4.586241e+00,4.794096e+00,4.834000e+00,4.949542e+00,4.587682e+00,4.863136e+00,4.900491e+00,4.557998e+00,4.725060e+00,4.742031e+00,5.113160e+00,4.879604e+00,4.975503e+00,4.865827e+00,4.742344e+00,4.999868e+00,5.009942e+00,5.010646e+00,4.898998e+00,4.442209e+00,5.000055e+00,4.802825e+00,4.680975e+00,4.758458e+00,4.958035e+00,4.823265e+00,4.838828e+00,4.719128e+00,4.938298e+00,4.669661e+00,5.070493e+00,4.982040e+00,4.712479e+00,4.718525e+00,4.879596e+00,4.769204e+00,4.653881e+00,4.914313e+00,5.021912e+00,4.987482e+00,4.628985e+00,4.738897e+00,4.803645e+00,4.735901e+00,4.810957e+00,4.932468e+00,4.919003e+00,4.536757e+00,4.997104e+00,4.292072e+00,5.102304e+00,4.759326e+00,4.900067e+00,4.877122e+00,4.744071e+00,4.682329e+00,4.700035e+00,4.884637e+00,4.801524e+00,4.341373e+00,4.821352e+00,4.813496e+00,4.716437e+00,4.887548e+00,4.840110e+00,5.001282e+00,4.731494e+00,5.097733e+00,5.009129e+00,4.723380e+00,4.856223e+00,4.830476e+00,4.907853e+00,4.916223e+00,4.412870e+00,4.646296e+00,4.882459e+00,4.852334e+00,4.511512e+00,4.998633e+00,5.032578e+00,4.789216e+00,4.730139e+00,4.519570e+00,4.531453e+00,5.105958e+00,4.578065e+00,4.565265e+00,4.725001e+00,4.703155e+00,4.921328e+00,4.612029e+00,4.925124e+00,4.963315e+00,4.708275e+00,4.901328e+00,4.919495e+00,4.667302e+00,4.807295e+00,4.941428e+00,4.772958e+00,4.821055e+00,5.064176e+00,4.559320e+00,4.841049e+00,4.843882e+00,4.694110e+00,4.236362e+00,4.958589e+00,4.876218e+00,4.740834e+00,4.729242e+00,5.059281e+00,4.910222e+00,4.945238e+00,4.874360e+00,4.827808e+00,4.350276e+00,4.763632e+00,4.376814e+00,4.805357e+00,5.030916e+00,4.908772e+00,4.832611e+00,4.774240e+00,4.527313e+00,4.960074e+00,4.576897e+00,4.837675e+00,4.735722e+00,4.777530e+00,4.961743e+00,4.789755e+00,4.951970e+00,4.834429e+00
5.006869e+00,4.653027e+00,4.795677e+00,4.939634e+00,4.484578e+00,4.912913e+00,4.934007e+00,4.633196e+00,4.902950e+00,4.993203e+00,4.917499e+00,4.864638e+00,4.749193e+00,4.829993e+00,4.840378e+00,4.768277e+00,4.890793e+00,4.808120e+00,4.839697e+00,4.666643e+00,4.771499e+00,4.847800e+00,4.567121e+00,4.591805e+00,4.929981e+00,4.783162e+00,4.168103e+00,4.874772e+00,4.894444e+00,4.770014e+00,4.692518e+00,4.357410e+00,4.946842e+00,4.912223e+00,4.289753e+00,5.076457e+00,4.393926e+00,4.884098e+00,4.546206e+00,4.570529e+00,4.948491e+00,4.952875e+00,4.427961e+00,4.734414e+00,5.045533e+00,4.731903e+00,4.840769e+00,4.966192e+00,4.926174e+00,4.881715e+00,4.481889e+00,4.752046e+00,4.824393e+00,5.146473e+00,4.837219e+00,4.997210e+00,4.536011e+00,4.195329e+00,4.539596e+00,4.844921e+00,4.762991e+00,4.957084e+00,5.038920e+00,4.720041e+00,4.526929e+00,4.882767e+00,4.664853e+00,4.640327e+00,5.036961e+00,4.849502e+00,4.694954e+00,5.120007e+00,4.090830e+00,4.626366e+00,4.286887e+00,4.525277e+00,4.743407e+00,4.749373e+00,5.119825e+00,4.438469e+00,4.871807e+00,4.888299e+00,4.662487e+00,4.909749e+00,4.839305e+00,4.901235e+00,4.824857e+00,4.877663e+00,4.981309e+00,4.407048e+00,4.678082e+00,5.029046e+00,4.926819e+00,4.960156e+00,4.794773e+00,4.773127e+00,4.528982e+00,4.614482e+00,4.917995e+00,4.659508e+00,4.509677e+00,4.446457e+00,4.749892e+00,5.180711e+00,4.982129e+00,4.748195e+00,4.926807e+00,4.834918e+00,4.653840e+00,5.010534e+00,4.396367e+00,4.815590e+00,5.010552e+00,4.980566e+00,5.091542e+00,4.753075e+00,4.369403e+00,4.719362e+00,4.839136e+00,5.014276e+00,5.048176e+00,4.905783e+00,4.828495e+00,4.949117e+00,4.870636e+00,4.946435e+00,4.572484e+00,4.654269e+00,5.126829e+00,5.207244e+00,4.873323e+00,4.791031e+00,4.722451e+00,5.031701e+00,4.787437e+00,5.009847e+00,4.857486e+00,4.777075e+00,4.906224e+00,4.961664e+00,4.833040e+00,5.156468e+00,4.274944e+00,4.916793e+00,4.545682e+00,5.020661e+00,4.756420e+00,4.432888e+00,4.992241e+00,4.590641e+00,4.964685e+00,4.920758e+00,4.264785e+00,4.945323e+00,4.901958e+00,4.828242e+00,4.840715e+00,4.794604e+00,4.952930e+00,4.844740e+00,4.377182e+00,4.971807e+00,4.619300e+00,4.995796e+00,4.852801e+00,4.628755e+00,4.748849e+00,4.990353e+00,4.847383e+00,4.991664e+00,4.719108e+00,4.587526e+00,4.877210e+00,4.778504e+00,4.670310e+00,4.896564e+00,4.831713e+00,4.954435e+00,4.589883e+00,4.812343e+00,4.654772e+00,4.979662e+00,4.917304e+00,4.887374e+00,4.739933e+00,4.899987e+00,4.942379e+00,4.925635e+00,4.903947e+00,4.176831e+00,4.817489e+00,4.849683e+00,4.854376e+00,4.908827e+00,5.005013e+00,4.684730e+00,4.698403e+00,4.963977e+00,4.745265e+00,4.599824e+00,4.532189e+00,4.920110e+00,4.927355e+00,4.656166e+00,4.677031e+00,4.300155e+00,4.950569e+00,4.582958e+00,4.967615e+00,4.954954e+00,5.002379e+00,4.898571e+00,5.062119e+00,5.060764e+00,4.338846e+00
4.843607e+00,4.956736e+00,4.974032e+00,4.736906e+00,4.804055e+00,4.729573e+00,4.588102e+00,4.441305e+00,4.748177e+00,4.912965e+00,5.035510e+00,4.835415e+00,4.991109e+00,4.826807e+00,4.715967e+00,4.147772e+00,4.565429e+00,4.562067e+00,4.790410e+00,3.888648e+00,4.899824e+00,4.866583e+00,4.974270e+00,4.638306e+00,4.954928e+00,4.695484e+00,4.706407e+00,4.547560e+00,4.919664e+00,4.807272e+00,4.357224e+00,4.829423e+00,4.749919e+00,4.713073e+00,5.127963e+00,4.792416e+00,4.327312e+00,4.947602e+00,4.664578e+00,4.818500e+00,4.975864e+00,5.018738e+00,4.953272e+00,4.879185e+00,4.841821e+00,4.295848e+00,4.478317e+00,4.782046e+00,4.895807e+00,4.972837e+00,4.624287e+00,5.058385e+00,4.938800e+00,4.916900e+00,4.893628e+00,4.655502e+00,5.013417e+00,5.105639e+00,4.372347e+00,4.896454e+00,4.533770e+00,4.925828e+00,4.713419e+00,5.110162e+00,4.726774e+00,4.924626e+00,4.919827e+00,4.673873e+00,5.131699e+00,4.660092e+00,4.795361e+00,4.843719e+00,5.242376e+00,4.164533e+00,4.827803e+00,4.949549e+00,4.878446e+00,5.145419e+00,4.850684e+00,4.776591e+00,4.981703e+00,4.449301e+00,4.906233e+00,4.997642e+00,4.917517e+00,4.661359e+00,4.903642e+00,4.833614e+00,5.123468e+00,4.881089e+00,4.946913e+00,4.631896e+00,4.655818e+00,4.337313e+00,4.956872e+00,4.831885e+00,4.856201e+00,4.559698e+00,5.102940e+00,4.348553e+00,4.324060e+00,4.760029e+00,5.009096e+00,4.906683e+00,4.780564e+00,4.855405e+00,4.724607e+00,4.621768e+00,4.986841e+00,4.930312e+00,4.701160e+00,4.790197e+00,4.880171e+00,4.209928e+00,4.874104e+00,4.876467e+00,4.441145e+00,5.051030e+00,4.915526e+00,4.476954e+00,4.829411e+00,5.039198e+00,4.912126e+00,5.074673e+00,4.795738e+00,4.714262e+00,4.905603e+00,5.103450e+00,5.041635e+00,4.878301e+00,4.761415e+00,4.728536e+00,4.953967e+00,4.927630e+00,4.967787e+00,4.410037e+00,4.832778e+00,4.274293e+00,4.767947e+00,4.973112e+00,4.650461e+00,4.864968e+00,5.060597e+00,4.803988e+00,4.844633e+00,4.863511e+00,4.974688e+00,4.212656e+00,4.876261e+00,4.879658e+00,4.537524e+00,4.959405e+00,4.746737e+00,4.992044e+00,4.898876e+00,4.668840e+00,4.592262e+00,4.873786e+00,4.842883e+00,4.738332e+00,4.532017e+00,5.076587e+00,4.844474e+00,4.858199e+00,4.739669e+00,5.101995e+00,4.715299e+00,4.866110e+00,4.697026e+00,4.874770e+00,4.757179e+00,4.864307e+00,4.692102e+00,4.847818e+00,4.623260e+00,4.911081e+00,4.796533e+00,4.748152e+00,4.917214e+00,4.792457e+00,4.939074e+00,4.669867e+00,4.652286e+00,4.926335e+00,4.773349e+00,4.891570e+00,4.667038e+00,4.870961e+00,4.853368e+00,4.676636e+00,5.009093e+00,5.037754e+00,4.810858e+00,5.045439e+00,4.816186e+00,4.934268e+00,4.796228e+00,4.928831e+00,4.736235e+00,4.658566e+00,4.780949e+00,4.839955e+00,5.048041e+00,4.518659e+00,4.861806e+00,4.658446e+00,4.848056e+00,4.901642e+00,4.402126e+00,4.786802e+00,4.886752e+00,4.940167e+00,4.515940e+00,4.386003e+00,4.806305e+00
4.731547e+00,4.592298e+00,5.097211e+00,4.701528e+00,4.940318e+00,4.866366e+00,4.987489e+00,4.864288e+00,5.004207e+00,4.994077e+00,4.910070e+00,4.336957e+00,4.946897e+00,4.787890e+00,4.810112e+00,4.911163e+00,4.682325e+00,4.584762e+00,4.741393e+00,4.978354e+00,4.250687e+00,4.883931e+00,4.924950e+00,4.939232e+00,5.007144e+00,4.793835e+00,4.686461e+00,4.965297e+00,4.896174e+00,4.375721e+00,4.259840e+00,4.687525e+00,4.890503e+00,4.599123e+00,4.884085e+00,4.931135e+00,5.038183e+00,4.438095e+00,4.797525e+00,4.869720e+00,4.994065e+00,4.533454e+00,4.948841e+00,4.682654e+00,4.932762e+00,4.921385e+00,4.690167e+00,4.985996e+00,4.681510e+00,4.922068e+00,4.844003e+00,5.076220e+00,4.914439e+00,4.505017e+00,4.978690e+00,4.225687e+00,4.305066e+00,4.901939e+00,5.037979e+00,4.925470e+00,4.892617e+00,4.423427e+00,4.714436e+00,4.798763e+00,4.768141e+00,4.560049e+00,4.983728e+00,5.030755e+00,4.975388e+00,4.821696e+00,5.127397e+00,4.830296e+00,4.935847e+00,4.506674e+00,4.529262e+00,4.847209e+00,4.580972e+00,4.675359e+00,5.013117e+00,4.763140e+00,4.873413e+00,4.754338e+00,4.479470e+00,4.900835e+00,4.931904e+00,4.733715e+00,4.712117e+00,5.087717e+00,4.191413e+00,4.259034e+00,5.001757e+00,5.000783e+00,4.866048e+00,4.898642e+00,4.668364e+00,4.898311e+00,4.794376e+00,4.540217e+00,4.802768e+00,5.061703e+00,4.295933e+00,5.043450e+00,4.695578e+00,4.904535e+00,4.851429e+00,4.627960e+00,4.680784e+00,4.789718e+00,5.178939e+00,4.934233e+00,4.828511e+00,4.690494e+00,4.759290e+00,5.020290e+00,4.528699e+00,5.036413e+00,4.830173e+00,5.034411e+00,4.458938e+00,4.984595e+00,4.461250e+00,5.136837e+00,4.962954e+00,4.962734e+00,5.146592e+00,4.710557e+00,4.772366e+00,4.620355e+00,4.817976e+00,4.835146e+00,4.948996e+00,4.919671e+00,5.048660e+00,4.560232e+00,4.988936e+00,4.797138e+00,4.778340e+00,4.674936e+00,5.210527e+00,4.859234e+00,4.093107e+00,5.103542e+00,4.869449e+00,4.750714e+00,4.594437e+00,4.877976e+00,4.876354e+00,4.722772e+00,4.364538e+00,5.059401e+00,4.856945e+00,4.587321e+00,4.905993e+00,4.839909e+00,4.916261e+00,4.878344e+00,4.634033e+00,4.774285e+00,5.010063e+00,4.645422e+00,4.597609e+00,5.043813e+00,4.945073e+00,4.948563e+00,4.925855e+00,4.478329e+00,4.836413e+00,4.244520e+00,4.564431e+00,4.678539e+00,4.657309e+00,4.917257e+00,4.803865e+00,4.926365e+00,4.573367e+00,4.747229e+00,4.696618e+00,4.905311e+00,4.328685e+00,4.613156e+00,5.055362e+00,4.496593e+00,4.693704e+00,4.804049e+00,4.620475e+00,4.811489e+00,4.783488e+00,4.677997e+00,4.887584e+00,4.848084e+00,4.840661e+00,4.741861e+00,4.909189e+00,4.783867e+00,4.943943e+00,4.499278e+00,4.930800e+00,4.942278e+00,4.872689e+00,5.026822e+00,4.978112e+00,4.816221e+00,4.722382e+00,4.770555e+00,4.567194e+00,4.640708e+00,4.684301e+00,4.920551e+00,4.980175e+00,4.891743e+00,4.889431e+00,4.773483e+00,4.915211e+00,4.945841e+00,4.909235e+00
4.852854e+00,4.823911e+00,4.691436e+00,4.456023e+00,4.771027e+00,4.880230e+00,4.776713e+00,4.865553e+00,4.661972e+00,4.796017e+00,4.911083e+00,4.932732e+00,5.098019e+00,4.846222e+00,4.974167e+00,4.916000e+00,4.169812e+00,4.861026e+00,4.970000e+00,4.807681e+00,4.304029e+00,4.686958e+00,5.044440e+00,4.933722e+00,4.704141e+00,4.550331e+00,4.658203e+00,4.363948e+00,4.786026e+00,4.942021e+00,4.693486e+00,4.825310e+00,5.085766e+00,4.751708e+00,4.886616e+00,4.406952e+00,4.792757e+00,4.999056e+00,4.735991e+00,4.692438e+00,4.845602e+00,4.968741e+00,4.817945e+00,4.774148e+00,4.808762e+00,4.844787e+00,4.850486e+00,4.724069e+00,4.760135e+00,5.116847e+00,4.781135e+00,4.817268e+00,5.145184e+00,4.760817e+00,4.460072e+00,4.973123e+00,4.670109e+00,4.987290e+00,4.834767e+00,4.720128e+00,4.886652e+00,4.795848e+00,4.998582e+00,4.824829e+00,4.506613e+00,5.011137e+00,4.718671e+00,4.680065e+00,5.038296e+00,4.501908e+00,4.512743e+00,4.773184e+00,4.960380e+00,4.520118e+00,4.482378e+00,4.884095e+00,4.763432e+00,4.391750e+00,5.020411e+00,4.685400e+00,4.966720e+00,4.934516e+00,4.675318e+00,4.951781e+00,4.587688e+00,4.852805e+00,4.543060e+00,4.691559e+00,4.730138e+00,4.787336e+00,4.964109e+00,4.988750e+00,4.949781e+00,4.388080e+00,4.645539e+00,4.727276e+00,4.652362e+00,4.943690e+00,4.765804e+00,4.886575e+00,4.909059e+00,4.802872e+00,4.801046e+00,4.995230e+00,4.832233e+00,4.695241e+00,4.496738e+00,4.997867e+00,4.716440e+00,4.904766e+00,5.058782e+00,4.972706e+00,4.751739e+00,4.744463e+00,5.041334e+00,4.863452e+00,4.634516e+00,4.769979e+00,4.500785e+00,4.486036e+00,5.116418e+00,4.875080e+00,5.036741e+00,4.371511e+00,4.826325e+00,4.779690e+00,4.333757e+00,4.911629e+00,4.820667e+00,4.746985e+00,5.019311e+00,4.638062e+00,4.906200e+00,4.811217e+00,4.609048e+00,5.034800e+00,4.575911e+00,4.972815e+00,5.051417e+00,4.422420e+00,4.724106e+00,4.552157e+00,5.009823e+00,4.752781e+00,4.827205e+00,4.775114e+00,4.779040e+00,5.066046e+00,4.747400e+00,4.704926e+00,4.776443e+00,4.773252e+00,4.940743e+00,4.608995e+00,4.904392e+00,4.760871e+00,4.927331e+00,4.875498e+00,4.554737e+00,4.516341e+00,5.014500e+00,4.905005e+00,4.984586e+00,4.591652e+00,5.016985e+00,4.724953e+00,4.680246e+00,5.000560e+00,4.906813e+00,4.667364e+00,4.766315e+00,4.844938e+00,4.841502e+00,4.897197e+00,5.080729e+00,4.952560e+00,4.930927e+00,4.864714e+00,4.836086e+00,5.005870e+00,4.924670e+00,4.893072e+00,4.431963e+00,4.301302e+00,4.408607e+00,4.893550e+00,4.516582e+00,5.024806e+00,4.709341e+00,4.337239e+00,5.024923e+00,4.934138e+00,4.903752e+00,4.963953e+00,4.755592e+00,4.791827e+00,4.872456e+00,4.951344e+00,4.697223e+00,4.929645e+00,5.037604e+00,4.884205e+00,4.940988e+00,4.895916e+00,4.690240e+00,5.004031e+00,4.982005e+00,4.940795e+00,4.897835e+00,4.115674e+00,4.869185e+00,4.679863e+00,5.056544e+00,4.924307e+00,4.435294e+00
4.844618e+00,4.825939e+00,4.785943e+00,4.761297e+00,4.706843e+00,4.989415e+00,4.939792e+00,5.007087e+00,4.942991e+00,4.545544e+00,4.393328e+00,4.914661e+00,4.731829e+00,4.807320e+00,4.873826e+00,4.800951e+00,4.805237e+00,4.852800e+00,4.616380e+00,4.510082e+00,4.858192e+00,4.968388e+00,4.657372e+00,4.876315e+00,4.741501e+00,4.665523e+00,4.855375e+00,4.899597e+00,4.680487e+00,4.799736e+00,4.679265e+00,4.710990e+00,4.811718e+00,4.836557e+00,4.857562e+00,4.710357e+00,4.666192e+00,4.936492e+00,4.861097e+00,4.499694e+00,4.948330e+00,4.519893e+00,4.859292e+00,4.822855e+00,4.920198e+00,4.518404e+00,4.698228e+00,5.054082e+00,4.885530e+00,4.317557e+00,4.756514e+00,4.774495e+00,5.087555e+00,5.008134e+00,4.806399e+00,4.954869e+00,4.778472e+00,5.001391e+00,4.990158e+00,4.943117e+00,4.614467e+00,4.582583e+00,4.972179e+00,4.767356e+00,4.844743e+00,5.096560e+00,5.168228e+00,4.791581e+00,4.956743e+00,4.880564e+00,4.726902e+00,4.669037e+00,4.794016e+00,4.607766e+00,5.174107e+00,5.007554e+00,4.529742e+00,4.685739e+00,4.844483e+00,4.971513e+00,4.967486e+00,4.702692e+00,4.829121e+00,4.768960e+00,4.914809e+00,4.770551e+00,4.697814e+00,4.827677e+00,5.112355e+00,5.079371e+00,4.543652e+00,5.079969e+00,4.849858e+00,4.911020e+00,5.057675e+00,4.596668e+00,4.382851e+00,4.975002e+00,4.836748e+00,4.707867e+00,4.894313e+00,4.608141e+00,4.859287e+00,4.500995e+00,4.900527e+00,4.747919e+00,4.916164e+00,4.877408e+00,4.688614e+00,4.892102e+00,4.588382e+00,4.884961e+00,4.850514e+00,4.592266e+00,4.856108e+00,4.649778e+00,4.971802e+00,5.036662e+00,4.736668e+00,4.942342e+00,4.880187e+00,5.018819e+00,4.856868e+00,5.151237e+00,4.208854e+00,5.088872e+00,4.953373e+00,4.946767e+00,4.876396e+00,4.688651e+00,4.701662e+00,4.575596e+00,4.788272e+00,4.909518e+00,5.117204e+00,4.972579e+00,4.805429e+00,4.842748e+00,4.473300e+00,4.581176e+00,4.906043e+00,4.959600e+00,5.078050e+00,4.941733e+00,4.798121e+00,4.744613e+00,4.676649e+00,5.028141e+00,4.890664e+00,4.974854e+00,4.649474e+00,5.011966e+00,4.602386e+00,4.750164e+00,4.830759e+00,4.488642e+00,4.867034e+00,4.702688e+00,4.438189e+00,4.968210e+00,4.090097e+00,5.059141e+00,4.968944e+00,4.767016e+00,4.035445e+00,4.939103e+00,4.823883e+00,4.834089e+00,4.754405e+00,4.779232e+00,4.920823e+00,4.999126e+00,4.851969e+00,4.784624e+00,4.899941e+00,4.708902e+00,4.899012e+00,4.792876e+00,4.906781e+00,4.567087e+00,4.910032e+00,4.723079e+00,4.925016e+00,4.796013e+00,4.950172e+00,4.964200e+00,4.866283e+00,4.816495e+00,4.851525e+00,4.954966e+00,4.958030e+00,4.950474e+00,4.871204e+00,4.870659e+00,4.706311e+00,4.854619e+00,4.490826e+00,4.012231e+00,4.251952e+00,4.770254e+00,5.013640e+00,4.913146e+00,4.712629e+00,4.722077e+00,4.493371e+00,4.989761e+00,4.895973e+00,4.569474e+00,4.904899e+00,4.661015e+00,4.966647e+00,4.741037e+00,4.858931e+00,4.871845e+00,4.940457e+00
4.742316e+00,4.646361e+00,4.916301e+00,4.927218e+00,4.774544e+00,4.828729e+00,4.728943e+00,4.908375e+00,4.686447e+00,4.965668e+00,4.869238e+00,4.719363e+00,4.647290e+00,4.969013e+00,4.832496e+00,4.594311e+00,4.776917e+00,4.880773e+00,4.984931e+00,4.769525e+00,4.728049e+00,4.900336e+00,4.949049e+00,4.926516e+00,5.011289e+00,4.612234e+00,4.591345e+00,4.727723e+00,4.843562e+00,4.895171e+00,4.724003e+00,4.905818e+00,4.648208e+00,4.944819e+00,4.527397e+00,4.949797e+00,4.754292e+00,4.356859e+00,5.034396e+00,4.868058e+00,4.969805e+00,5.051844e+00,4.515778e+00,4.858451e+00,4.995420e+00,4.650370e+00,4.948487e+00,4.939967e+00,4.904946e+00,4.800887e+00,4.676828e+00,4.990606e+00,4.843617e+00,4.855196e+00,4.449672e+00,4.977523e+00,4.675968e+00,4.963971e+00,5.185677e+00,4.656562e+00,4.504476e+00,4.733535e+00,4.964749e+00,4.923411e+00,4.914941e+00,4.898039e+00,4.771134e+00,4.999480e+00,4.908998e+00,4.694394e+00,4.820625e+00,4.809172e+00,4.717496e+00,4.861003e+00,4.755721e+00,4.838720e+00,4.961986e+00,4.815792e+00,4.955644e+00,4.597179e+00,4.789068e+00,4.938487e+00,4.826960e+00,4.823784e+00,4.621566e+00,4.514815e+00,5.068955e+00,4.776749e+00,4.787336e+00,4.721439e+00,4.992001e+00,4.714017e+00,4.940449e+00,4.847713e+00,4.589583e+00,5.050672e+00,5.021080e+00,4.951804e+00,4.887112e+00,4.273028e+00,4.610512e+00,4.710369e+00,4.942267e+00,4.826594e+00,5.169220e+00,4.871231e+00,4.910744e+00,4.665971e+00,4.713052e+00,4.512848e+00,5.027635e+00,4.753446e+00,4.808743e+00,4.729393e+00,4.741823e+00,4.537602e+00,4.816200e+00,4.966217e+00,4.820608e+00,4.845749e+00,4.835008e+00,4.933529e+00,4.821409e+00,4.864529e+00,4.913731e+00,4.671510e+00,4.880438e+00,5.150606e+00,5.071041e+00,4.988982e+00,4.841602e+00,4.893826e+00,5.011676e+00,4.976010e+00,5.150624e+00,4.631876e+00,5.033165e+00,4.829702e+00,4.941555e+00,4.796593e+00,4.698613e+00,4.951670e+00,4.723727e+00,5.000087e+00,4.655859e+00,4.831388e+00,4.798596e+00,4.799266e+00,4.736498e+00,4.924424e+00,4.961339e+00,4.769179e+00,4.968965e+00,4.746424e+00,4.716058e+00,4.892988e+00,4.774977e+00,4.449803e+00,4.894477e+00,4.847800e+00,4.992716e+00,4.925136e+00,4.618033e+00,4.636416e+00,4.729594e+00,4.805707e+00,4.625733e+00,4.826606e+00,4.803087e+00,4.909302e+00,4.982102e+00,4.978301e+00,4.064386e+00,4.800718e+00,4.943628e+00,4.653621e+00,4.788238e+00,4.881648e+00,4.807117e+00,4.919080e+00,4.143115e+00,4.884097e+00,4.935125e+00,4.968920e+00,5.002006e+00,4.562388e+00,4.911167e+00,4.920317e+00,4.869539e+00,4.661760e+00,4.697943e+00,4.379954e+00,4.950619e+00,4.554878e+00,5.035508e+00,4.614474e+00,4.882016e+00,4.446643e+00,4.872454e+00,4.713293e+00,4.298224e+00,4.850707e+00,4.960718e+00,4.590202e+00,4.842933e+00,4.885144e+00,4.691424e+00,4.942609e+00,4.997220e+00,4.649597e+00,5.146065e+00,4.590084e+00,4.765703e+00,4.784719e+00,4.852914e+00
4.798551e+00,4.991172e+00,4.666309e+00,4.859479e+00,4.713116e+00,4.950313e+00,4.519998e+00,4.839758e+00,4.867506e+00,4.933382e+00,4.912028e+00,4.195313e+00,4.992827e+00,4.937267e+00,4.930375e+00,4.715601e+00,4.817413e+00,4.907264e+00,4.851621e+00,4.841697e+00,4.850390e+00,4.812995e+00,4.607463e+00,4.907060e+00,4.500446e+00,4.829757e+00,4.790024e+00,4.954129e+00,4.864387e+00,4.653400e+00,4.809239e+00,4.902335e+00,4.506819e+00,4.954440e+00,4.609093e+00,5.017225e+00,5.081027e+00,4.474307e+00,4.787072e+00,4.855853e+00,5.109866e+00,4.570684e+00,4.874773e+00,4.729776e+00,4.843936e+00,4.969586e+00,4.484355e+00,4.921451e+00,4.893714e+00,5.095915e+00,4.889996e+00,4.787903e+00,4.595872e+00,4.864882e+00,4.813209e+00,5.172749e+00,4.936197e+00,4.662405e+00,4.865599e+00,4.544606e+00,5.063275e+00,4.151296e+00,4.629637e+00,4.614615e+00,4.892251e+00,4.947297e+00,5.083216e+00,4.543016e+00,5.083229e+00,4.960878e+00,4.655318e+00,4.492555e+00,4.832502e+00,4.976503e+00,4.962448e+00,4.758212e+00,4.459982e+00,4.525372e+00,4.710064e+00,5.078945e+00,4.822670e+00,4.474654e+00,4.958885e+00,4.844331e+00,4.597622e+00,4.785857e+00,4.977549e+00,4.870580e+00,4.856866e+00,4.971248e+00,4.906714e+00,4.404036e+00,4.258084e+00,4.828577e+00,4.881113e+00,4.892928e+00,4.976408e+00,4.866667e+00,4.989079e+00,4.935033e+00,4.826516e+00,4.949040e+00,5.086568e+00,4.906210e+00,4.848461e+00,4.969803e+00,4.636110e+00,4.697832e+00,5.146034e+00,4.650612e+00,4.792348e+00,4.895644e+00,4.744133e+00,4.897914e+00,4.475218e+00,5.091667e+00,5.093062e+00,4.829797e+00,4.881265e+00,4.791603e+00,4.727294e+00,4.810473e+00,4.869880e+00,4.772540e+00,4.911388e+00,4.714776e+00,4.547083e+00,4.981135e+00,4.665312e+00,4.839787e+00,4.394053e+00,4.863203e+00,4.815174e+00,4.814337e+00,4.795595e+00,4.929417e+00,4.786109e+00,5.143239e+00,4.912809e+00,4.961560e+00,4.909862e+00,4.845980e+00,4.830872e+00,4.809766e+00,4.815045e+00,4.561627e+00,5.109459e+00,3.896140e+00,5.046960e+00,4.882665e+00,4.910587e+00,4.324640e+00,4.899965e+00,4.642043e+00,4.633242e+00,4.979779e+00,4.864702e+00,4.725765e+00,5.069976e+00,4.381904e+00,4.941494e+00,5.095045e+00,5.076153e+00,4.974399e+00,4.594844e+00,4.953583e+00,4.649504e+00,4.862644e+00,4.353590e+00,4.962595e+00,4.870854e+00,4.553483e+00,4.818843e+00,4.835538e+00,4.977916e+00,4.897624e+00,4.899488e+00,4.855418e+00,4.860863e+00,4.662571e+00,4.589788e+00,4.929807e+00,4.411277e+00,4.929215e+00,4.821513e+00,4.984279e+00,4.530038e+00,4.678083e+00,4.735070e+00,4.586361e+00,4.969226e+00,4.942707e+00,4.943966e+00,4.606771e+00,4.965805e+00,4.809019e+00,4.836966e+00,4.989754e+00,4.661711e+00,4.775471e+00,4.687563e+00,4.740211e+00,4.861736e+00,4.801765e+00,4.990336e+00,4.855608e+00,4.721350e+00,4.475232e+00,4.476655e+00,4.789079e+00,4.868681e+00,4.921691e+00,4.585467e+00,4.880531e+00,4.974825e+00
5.030300e+00,4.869702e+00,5.014452e+00,4.959164e+00,4.614413e+00,4.823725e+00,4.806480e+00,4.704295e+00,4.895226e+00,5.034538e+00,4.908273e+00,4.686949e+00,4.765777e+00,5.030307e+00,4.391765e+00,4.944627e+00,4.680972e+00,4.891742e+00,4.198026e+00,4.735782e+00,4.753413e+00,4.770154e+00,4.885612e+00,4.982389e+00,4.908070e+00,4.684554e+00,4.541079e+00,5.023140e+00,4.907383e+00,4.972502e+00,5.011623e+00,4.766313e+00,4.826394e+00,4.947894e+00,4.992085e+00,4.911694e+00,4.909590e+00,4.738941e+00,4.664704e+00,4.931835e+00,5.114074e+00,5.028640e+00,4.921254e+00,5.100239e+00,4.680829e+00,4.793425e+00,4.428000e+00,4.508876e+00,4.930706e+00,4.645872e+00,4.823134e+00,5.040742e+00,5.115653e+00,4.828702e+00,4.942607e+00,4.653876e+00,5.091506e+00,4.664176e+00,4.423579e+00,4.870540e+00,4.989914e+00,4.719368e+00,4.153534e+00,4.765515e+00,5.087701e+00,4.874280e+00,4.877519e+00,4.934397e+00,4.949626e+00,4.881218e+00,4.716683e+00,4.688671e+00,4.918209e+00,4.875143e+00,4.902080e+00,4.923011e+00,4.804492e+00,5.146791e+00,4.382448e+00,4.965820e+00,4.744690e+00,4.935727e+00,4.755780e+00,5.005346e+00,4.849416e+00,4.929599e+00,4.997937e+00,4.437635e+00,4.748422e+00,4.593533e+00,5.043382e+00,4.624441e+00,5.002047e+00,4.985449e+00,4.953950e+00,4.970559e+00,4.722270e+00,4.796268e+00,4.807158e+00,4.455765e+00,4.954331e+00,4.831073e+00,3.917482e+00,3.265623e+00,4.665099e+00,4.675914e+00,4.315449e+00,2.835383e+00,4.811229e+00,4.814110e+00,4.668803e+00,4.643186e+00,5.088916e+00,4.743222e+00,4.416219e+00,5.118099e+00,4.673274e+00,4.999184e+00,4.675221e+00,4.852247e+00,4.641977e+00,4.907807e+00,5.147277e+00,4.810806e+00,3.867719e+00,4.967935e+00,4.923075e+00,4.462998e+00,4.951169e+00,4.922006e+00,4.889741e+00,5.021575e+00,5.000621e+00,5.020083e+00,4.937247e+00,4.919925e+00,4.690438e+00,5.067389e+00,4.903064e+00,4.803599e+00,4.687819e+00,4.868475e+00,5.027756e+00,4.868500e+00,4.873024e+00,4.721791e+00,4.998842e+00,4.782231e+00,4.783396e+00,4.877338e+00,4.946096e+00,4.815105e+00,4.894418e+00,4.769399e+00,4.469050e+00,4.713479e+00,4.811169e+00,4.580388e+00,4.907991e+00,4.989408e+00,4.938528e+00,4.794137e+00,4.252097e+00,4.775685e+00,4.891378e+00,4.918642e+00,4.230239e+00,4.753297e+00,4.784040e+00,5.010811e+00,4.845759e+00,4.929897e+00,4.667670e+00,4.912392e+00,4.925386e+00,4.747568e+00,4.996065e+00,4.392887e+00,4.742636e+00,4.705941e+00,4.984039e+00,4.956291e+00,4.854144e+00,4.866493e+00,4.674876e+00,5.046819e+00,4.708271e+00,4.641562e+00,4.520043e+00,4.660296e+00,4.916311e+00,4.957460e+00,4.968109e+00,4.868461e+00,4.725343e+00,5.059812e+00,4.909247e+00,5.000177e+00,4.593146e+00,4.628023e+00,4.624753e+00,4.640084e+00,4.811662e+00,4.857619e+00,4.680042e+00,5.007720e+00,4.762332e+00,4.850359e+00,4.619718e+00,4.703449e+00,4.096682e+00,4.713571e+00,4.926282e+00,4.908466e+00,4.188267e+00
4.951679e+00,4.975940e+00,4.969692e+00,4.709000e+00,4.917932e+00,4.710082e+00,4.823429e+00,4.931039e+00,4.655264e+00,4.920966e+00,4.974721e+00,4.881149e+00,4.576231e+00,4.917443e+00,4.972314e+00,4.698659e+00,4.653128e+00,4.862249e+00,4.600329e+00,4.874537e+00,4.907778e+00,4.762465e+00,4.680028e+00,4.888751e+00,4.940408e+00,4.935768e+00,4.942380e+00,4.762374e+00,4.717716e+00,4.776473e+00,5.042085e+00,4.240790e+00,4.854603e+00,5.033682e+00,4.915986e+00,4.412525e+00,5.018710e+00,4.795394e+00,4.901245e+00,4.928813e+00,4.999570e+00,4.711817e+00,4.743453e+00,4.472113e+00,4.825689e+00,4.924924e+00,4.996589e+00,4.869350e+00,4.792491e+00,4.360028e+00,4.758198e+00,4.873372e+00,4.981648e+00,4.644816e+00,4.344038e+00,5.014712e+00,5.083789e+00,5.014482e+00,4.838631e+00,4.761843e+00,4.868192e+00,4.788912e+00,5.010187e+00,4.815389e+00,4.829933e+00,4.483877e+00,4.849264e+00,4.832065e+00,5.019286e+00,4.998024e+00,4.903977e+00,4.729560e+00,4.788323e+00,4.487655e+00,4.915110e+00,3.654373e+00,4.766733e+00,4.810756e+00,4.785126e+00,4.737476e+00,4.913221e+00,4.686076e+00,4.190830e+00,5.020625e+00,4.568913e+00,4.806414e+00,4.755916e+00,5.028556e+00,4.389829e+00,5.096901e+00,4.857554e+00,4.528799e+00,4.743238e+00,4.602228e+00,4.368884e+00,4.746360e+00,4.544326e+00,4.323187e+00,4.754722e+00,4.244725e+00,5.033658e+00,4.644785e+00,4.138183e+00,4.660974e+00,4.581928e+00,4.377022e+00,4.646915e+00,2.573360e+00,4.166339e+00,2.902381e+00,4.417990e+00,3.943440e+00,4.511176e+00,4.593716e+00,2.965864e+00,4.361501e+00,4.234970e+00,4.487315e+00,4.632621e+00,4.233512e+00,5.061885e+00,4.980790e+00,4.726351e+00,4.922999e+00,4.950691e+00,4.883163e+00,4.095048e+00,4.454618e+00,4.793200e+00,4.871901e+00,4.965758e+00,4.932740e+00,4.688040e+00,4.522017e+00,4.899968e+00,4.771548e+00,5.043888e+00,4.244279e+00,5.051933e+00,4.729231e+00,4.896835e+00,4.801292e+00,4.794411e+00,4.495189e+00,4.912832e+00,4.775201e+00,4.704008e+00,4.876416e+00,4.883804e+00,4.814041e+00,4.981775e+00,4.902822e+00,4.989880e+00,4.511239e+00,4.806720e+00,5.013850e+00,4.777238e+00,4.887959e+00,4.770873e+00,4.544550e+00,4.482329e+00,5.041491e+00,4.927214e+00,4.966383e+00,4.599542e+00,4.866199e+00,4.871757e+00,4.832916e+00,4.829149e+00,4.804597e+00,4.941034e+00,4.134706e+00,4.918420e+00,4.696555e+00,4.855206e+00,5.017418e+00,4.847773e+00,4.976108e+00,4.873084e+00,4.838989e+00,5.047065e+00,5.018270e+00,4.698356e+00,4.893759e+00,4.409132e+00,4.995744e+00,4.904922e+00,4.975793e+00,4.802257e+00,4.904253e+00,4.640489e+00,4.804295e+00,4.318825e+00,4.497063e+00,4.938180e+00,4.928453e+00,5.011881e+00,4.993958e+00,4.904648e+00,4.785706e+00,4.802751e+00,4.594794e+00,4.446400e+00,4.935752e+00,4.840121e+00,4.942439e+00,4.987380e+00,4.893114e+00,4.950208e+00,4.757194e+00,4.748624e+00,4.884648e+00,4.768814e+00,4.844134e+00,4.466216e+00
4.806817e+00,4.833108e+00,4.939913e+00,4.788101e+00,4.744145e+00,4.804496e+00,5.097998e+00,4.720390e+00,4.844064e+00,4.908673e+00,4.644726e+00,4.717073e+00,4.821110e+00,4.486736e+00,4.318962e+00,4.648768e+00,4.657749e+00,5.091620e+00,4.320804e+00,4.928386e+00,4.549443e+00,4.880675e+00,4.908142e+00,4.808198e+00,4.941741e+00,4.763959e+00,4.715893e+00,4.590182e+00,4.868689e+00,4.589982e+00,4.622647e+00,4.869969e+00,4.696650e+00,4.983213e+00,4.704447e+00,4.972353e+00,4.702771e+00,4.497977e+00,4.948373e+00,4.787338e+00,5.008678e+00,4.081331e+00,4.711848e+00,4.655451e+00,4.808532e+00,4.072811e+00,4.936048e+00,5.030027e+00,5.040109e+00,4.548482e+00,4.719849e+00,4.900333e+00,4.874587e+00,4.846714e+00,4.495192e+00,4.983628e+00,4.976021e+00,4.955042e+00,4.734633e+00,4.839914e+00,4.880561e+00,4.925464e+00,4.974779e+00,5.013435e+00,4.682772e+00,4.767499e+00,4.908177e+00,4.646990e+00,4.593454e+00,5.072914e+00,4.699551e+00,4.959169e+00,4.811706e+00,4.795188e+00,4.993342e+00,4.916704e+00,4.955560e+00,4.511671e+00,4.938635e+00,5.049719e+00,4.953975e+00,4.827171e+00,4.795361e+00,4.928330e+00,4.355345e+00,4.564743e+00,5.113373e+00,3.402599e+00,4.792720e+00,4.809171e+00,4.622095e+00,3.613555e+00,2.713599e+00,4.115138e+00,4.763761e+00,4.830562e+00,4.783606e+00,4.368726e+00,4.502417e+00,4.351992e+00,3.957653e+00,4.687962e+00,4.906268e+00,5.045666e+00,4.848784e+00,4.731470e+00,4.950451e+00,4.664726e+00,4.899560e+00,4.909851e+00,2.825605e+00,3.798546e+00,4.631735e+00,2.909314e+00,4.451447e+00,3.418808e+00,2.851469e+00,3.720464e+00,3.705014e+00,4.644906e+00,3.926506e+00,3.041649e+00,5.008417e+00,4.754066e+00,4.826930e+00,4.712984e+00,4.306278e+00,4.377511e+00,4.938434e+00,4.706092e+00,4.814095e+00,4.833741e+00,3.724424e+00,4.864097e+00,4.919372e+00,4.788600e+00,4.591261e+00,4.638755e+00,5.010781e+00,5.036069e+00,4.628052e+00,4.743136e+00,4.995879e+00,4.913904e+00,4.974775e+00,4.424311e+00,4.854429e+00,4.788083e+00,4.793425e+00,4.467041e+00,4.790258e+00,4.877985e+00,4.649240e+00,4.514227e+00,4.664484e+00,4.583167e+00,4.827866e+00,4.805086e+00,4.844015e+00,4.811913e+00,4.801854e+00,5.155757e+00,4.794563e+00,4.721700e+00,5.034523e+00,4.727354e+00,4.845395e+00,5.059704e+00,4.645770e+00,4.869502e+00,4.979094e+00,4.886612e+00,4.767327e+00,4.906289e+00,4.920452e+00,4.595799e+00,4.713510e+00,4.473963e+00,4.951529e+00,4.208429e+00,4.513455e+00,4.687619e+00,4.927433e+00,4.837574e+00,5.081981e+00,5.054060e+00,4.733629e+00,4.668285e+00,4.725880e+00,4.869808e+00,4.860266e+00,4.650885e+00,4.906657e+00,4.514347e+00,4.521169e+00,4.856457e+00,4.887858e+00,4.586177e+00,4.958447e+00,4.866501e+00,5.000274e+00,4.939045e+00,4.906462e+00,4.617394e+00,4.542221e+00,4.786033e+00,4.510996e+00,4.471471e+00,4.847524e+00,4.342829e+00,4.549096e+00,4.801295e+00,4.937713e+00,4.977867e+00,4.853901e+00
4.922017e+00,4.981767e+00,4.662650e+00,4.995964e+00,4.703697e+00,4.778365e+00,4.901523e+00,4.714833e+00,4.956066e+00,4.985606e+00,4.745311e+00,4.853907e+00,4.576554e+00,4.919405e+00,5.054909e+00,4.965334e+00,4.671840e+00,4.956018e+00,4.607490e+00,4.874890e+00,4.762469e+00,4.547584e+00,4.747054e+00,4.803523e+00,4.985025e+00,4.386925e+00,4.880412e+00,4.300006e+00,4.849718e+00,4.851279e+00,4.993036e+00,4.853463e+00,4.694786e+00,4.733818e+00,4.818900e+00,4.964259e+00,4.935223e+00,5.043536e+00,4.803964e+00,4.642942e+00,5.023453e+00,5.122890e+00,4.931183e+00,4.695587e+00,4.789873e+00,4.790541e+00,4.933220e+00,4.841244e+00,4.424986e+00,4.503199e+00,4.846872e+00,4.945997e+00,4.728948e+00,4.938254e+00,4.823795e+00,5.009597e+00,4.869180e+00,4.826961e+00,4.804916e+00,4.795139e+00,4.692090e+00,4.809449e+00,4.658232e+00,4.807501e+00,4.919697e+00,4.846028e+00,5.003146e+00,4.938204e+00,4.773710e+00,4.950867e+00,4.711964e+00,4.550041e+00,4.966064e+00,4.922291e+00,4.793959e+00,5.015260e+00,4.727468e+00,4.892610e+00,4.755039e+00,4.907790e+00,4.695283e+00,4.121554e+00,3.672412e+00,4.587783e+00,4.538021e+00,3.091023e+00,4.000467e+00,4.777968e+00,4.729447e+00,4.249809e+00,4.869861e+00,4.996212e+00,4.842280e+00,4.860155e+00,4.574169e+00,4.965116e+00,4.199298e+00,4.823132e+00,4.940869e+00,4.815149e+00,4.928803e+00,4.887540e+00,4.727222e+00,4.967515e+00,5.009529e+00,4.960087e+00,4.909223e+00,4.822351e+00,4.956350e+00,4.689237e+00,4.665505e+00,4.893539e+00,4.735187e+00,4.713368e+00,4.860515e+00,4.717998e+00,4.559291e+00,4.937357e+00,4.678288e+00,4.410801e+00,4.642139e+00,4.924371e+00,4.439601e+00,4.336588e+00,2.792936e+00,3.904915e+00,4.486167e+00,4.273853e+00,4.427046e+00,4.861735e+00,4.856121e+00,5.053599e+00,4.795968e+00,5.070503e+00,4.924985e+00,4.443280e+00,4.944343e+00,4.177075e+00,4.888755e+00,4.947196e+00,4.958563e+00,4.950325e+00,4.750282e+00,4.689569e+00,4.628439e+00,4.989459e+00,4.929304e+00,4.839731e+00,4.986911e+00,5.145951e+00,4.854737e+00,4.574869e+00,4.996168e+00,4.651274e+00,4.813699e+00,4.696279e+00,4.830580e+00,4.909506e+00,4.901191e+00,4.834132e+00,4.795431e+00,4.679292e+00,4.686246e+00,4.559841e+00,4.142876e+00,4.716403e+00,4.667384e+00,5.103944e+00,4.804485e+00,4.855164e+00,4.585942e+00,4.816247e+00,4.945545e+00,4.911029e+00,4.811971e+00,4.992994e+00,4.686060e+00,4.568475e+00,4.676656e+00,5.069901e+00,4.694978e+00,4.273121e+00,4.998449e+00,4.899515e+00,4.714863e+00,5.006010e+00,4.500156e+00,4.926458e+00,4.830896e+00,4.730849e+00,4.691426e+00,4.859140e+00,4.408708e+00,4.466537e+00,4.813786e+00,4.977089e+00,4.774371e+00,4.813614e+00,4.862267e+00,5.021123e+00,5.003955e+00,4.702952e+00,4.829803e+00,4.797547e+00,4.826600e+00,4.768677e+00,4.626034e+00,4.950439e+00,5.139321e+00,4.657626e+00,4.711880e+00,5.020999e+00,4.994157e+00,4.871848e+00,4.771410e+00
4.561094e+00,4.953575e+00,5.031188e+00,4.890705e+00,5.065852e+00,4.810285e+00,4.524690e+00,4.908161e+00,4.693726e+00,4.817519e+00,4.642606e+00,4.938205e+00,4.763011e+00,4.970984e+00,4.818988e+00,4.902106e+00,4.900071e+00,4.938495e+00,4.549171e+00,4.755636e+00,4.469448e+00,4.752884e+00,4.778165e+00,4.926665e+00,4.773562e+00,4.944478e+00,4.749246e+00,4.917094e+00,4.464139e+00,4.889627e+00,4.566680e+00,4.402665e+00,4.882171e+00,4.736399e+00,4.812118e+00,4.712376e+00,4.993601e+00,4.955587e+00,4.579047e+00,4.904742e+00,4.944926e+00,5.026665e+00,4.791237e+00,4.397065e+00,4.627304e+00,4.388178e+00,4.784705e+00,4.661152e+00,4.734090e+00,5.001987e+00,4.732927e+00,4.461437e+00,4.806533e+00,4.893295e+00,4.749058e+00,4.881858e+00,5.121707e+00,4.769161e+00,4.663980e+00,4.695834e+00,4.613376e+00,4.860464e+00,4.846777e+00,4.727970e+00,4.595195e+00,5.007147e+00,4.995455e+00,4.746778e+00,4.701883e+00,4.640990e+00,4.918593e+00,4.931390e+00,3.906768e+00,3.924689e+00,4.237775e+00,4.570463e+00,4.768321e+00,4.676768e+00,4.666615e+00,4.654483e+00,4.029880e+00,4.374820e+00,3.259555e+00,4.503950e+00,4.979238e+00,4.911345e+00,4.535156e+00,4.713967e+00,4.941139e+00,4.753297e+00,4.635370e+00,4.867244e+00,4.984484e+00,4.891452e+00,4.800105e+00,4.780979e+00,4.679829e+00,4.543662e+00,4.940162e+00,4.968230e+00,4.846397e+00,4.830312e+00,4.866120e+00,4.594221e+00,4.860892e+00,4.718082e+00,4.935405e+00,4.887033e+00,4.842558e+00,4.700330e+00,4.782977e+00,5.082534e+00,4.883309e+00,4.862726e+00,4.937147e+00,4.947656e+00,4.978113e+00,4.810062e+00,4.949568e+00,4.920148e+00,4.728180e+00,4.591676e+00,4.945139e+00,4.891577e+00,4.929673e+00,4.362458e+00,2.647015e+00,4.110883e+00,3.240411e+00,4.555271e+00,4.429680e+00,4.481562e+00,4.959441e+00,4.597705e+00,3.865476e+00,4.950243e+00,4.837676e+00,4.928748e+00,4.540019e+00,5.022912e+00,4.848379e+00,4.937977e+00,4.857980e+00,5.032442e+00,5.062720e+00,4.923399e+00,4.901555e+00,4.654380e+00,4.588022e+00,4.869395e+00,5.087413e+00,4.842563e+00,4.719775e+00,4.812144e+00,4.884338e+00,4.880863e+00,4.674893e+00,4.720331e+00,4.788497e+00,4.746244e+00,4.851488e+00,4.915009e+00,4.997912e+00,4.525784e+00,4.927308e+00,4.711728e+00,4.901796e+00,4.989909e+00,4.771540e+00,4.805578e+00,4.919145e+00,4.957075e+00,4.887097e+00,4.715748e+00,4.848239e+00,4.691458e+00,4.717507e+00,4.988827e+00,4.909414e+00,4.947650e+00,4.678017e+00,4.891583e+00,5.001061e+00,4.139802e+00,4.918368e+00,5.025318e+00,4.931568e+00,4.923746e+00,4.536736e+00,4.899810e+00,4.226750e+00,4.926463e+00,5.066290e+00,4.874000e+00,4.873648e+00,4.904976e+00,4.774295e+00,4.931755e+00,4.616292e+00,4.412547e+00,4.737472e+00,4.925773e+00,4.614134e+00,4.816385e+00,4.706896e+00,4.969023e+00,4.851333e+00,4.722672e+00,4.755738e+00,4.762155e+00,4.839615e+00,4.861845e+00,4.831494e+00,4.863860e+00,4.711706e+00
4.902305e+00,4.787932e+00,4.549818e+00,4.741326e+00,4.987396e+00,4.903669e+00,4.906081e+00,4.759224e+00,4.656850e+00,4.915489e+00,4.647829e+00,4.667167e+00,4.880083e+00,4.357952e+00,5.008742e+00,4.931717e+00,4.737468e+00,4.625180e+00,4.628389e+00,4.860173e+00,4.879687e+00,4.624765e+00,4.717958e+00,4.566198e+00,4.841857e+00,4.893849e+00,4.722203e+00,4.851669e+00,4.164930e+00,4.772866e+00,4.947192e+00,4.863631e+00,4.937328e+00,4.822401e+00,4.586679e+00,4.894651e+00,4.911673e+00,4.986004e+00,4.797145e+00,4.847693e+00,4.779529e+00,4.927562e+00,4.862464e+00,4.951974e+00,4.627773e+00,4.928407e+00,4.892666e+00,4.982253e+00,4.423922e+00,4.889573e+00,5.024815e+00,4.892612e+00,4.607562e+00,4.787723e+00,4.803431e+00,4.979611e+00,4.908147e+00,4.819053e+00,5.112068e+00,4.702161e+00,4.808242e+00,4.623005e+00,4.955734e+00,4.922715e+00,4.780397e+00,4.495634e+00,4.399729e+00,4.858390e+00,4.922622e+00,4.741560e+00,4.733152e+00,5.055897e+00,4.634126e+00,4.904432e+00,4.927751e+00,4.964999e+00,4.065699e+00,2.999697e+00,2.910060e+00,3.628236e+00,4.538430e+00,4.862501e+00,4.542644e+00,5.116263e+00,4.854937e+00,4.748080e+00,4.541690e+00,4.886924e+00,4.988617e+00,4.862785e+00,4.585497e+00,4.667217e+00,4.851617e+00,4.491592e+00,4.928429e+00,5.213787e+00,4.849806e+00,5.023105e+00,4.870309e+00,4.940443e+00,4.513481e+00,4.936434e+00,4.742044e+00,4.588228e+00,5.079297e+00,5.166792e+00,4.282900e+00,4.946282e+00,4.998995e+00,4.781946e+00,5.062600e+00,4.685009e+00,4.763129e+00,4.930236e+00,5.053372e+00,5.094109e+00,5.028716e+00,4.605366e+00,4.787021e+00,4.658068e+00,4.845584e+00,4.907193e+00,4.958419e+00,4.604952e+00,5.009654e+00,4.803474e+00,4.957660e+00,4.962031e+00,4.873570e+00,2.804996e+00,3.625919e+00,2.698891e+00,4.093796e+00,3.112078e+00,4.924434e+00,4.585523e+00,4.444402e+00,4.848939e+00,4.861102e+00,4.686594e+00,4.898700e+00,2.636677e+00,4.426506e+00,5.030032e+00,4.835654e+00,5.032116e+00,4.820915e+00,4.685706e+00,4.799278e+00,4.461521e+00,4.965135e+00,4.900239e+00,4.722513e+00,4.837718e+00,4.769125e+00,4.811457e+00,4.638340e+00,4.864003e+00,4.657446e+00,5.010729e+00,4.621942e+00,5.049559e+00,4.825805e+00,4.608201e+00,4.792768e+00,4.747509e+00,4.481969e+00,5.051810e+00,4.958835e+00,5.056779e+00,4.647914e+00,5.088252e+00,4.377720e+00,4.598922e+00,4.984146e+00,4.657626e+00,4.972077e+00,4.708242e+00,4.784167e+00,4.725517e+00,4.693939e+00,4.214384e+00,4.864238e+00,4.503064e+00,4.931305e+00,4.805311e+00,4.670023e+00,4.643914e+00,5.050738e+00,4.826008e+00,4.914901e+00,4.928713e+00,4.780425e+00,4.809118e+00,4.813306e+00,4.778686e+00,4.817090e+00,4.786581e+00,4.535689e+00,4.788406e+00,4.656024e+00,4.574279e+00,4.595200e+00,4.394829e+00,4.823936e+00,4.648958e+00,4.394157e+00,4.317088e+00,4.872203e+00,4.531666e+00,4.932802e+00,5.020001e+00,5.057970e+00,4.877598e+00,4.762221e+00
4.774129e+00,4.995260e+00,4.942589e+00,4.881884e+00,4.786741e+00,4.382300e+00,4.656270e+00,4.710401e+00,4.927230e+00,4.527205e+00,4.858412e+00,4.830926e+00,5.096439e+00,4.936572e+00,4.984446e+00,4.694444e+00,4.967522e+00,4.683904e+00,4.825024e+00,4.763728e+00,4.794596e+00,4.965718e+00,4.908146e+00,4.403208e+00,4.953549e+00,4.684564e+00,4.884454e+00,4.967367e+00,4.826177e+00,4.898174e+00,5.072628e+00,4.964195e+00,4.787087e+00,4.888588e+00,4.996382e+00,4.992816e+00,4.701624e+00,4.678153e+00,4.656263e+00,5.015733e+00,4.670125e+00,4.907660e+00,4.734377e+00,4.728303e+00,4.674387e+00,5.172208e+00,4.976438e+00,4.868811e+00,4.782687e+00,4.901577e+00,5.240977e+00,4.654792e+00,4.897828e+00,4.797230e+00,4.733348e+00,4.954591e+00,4.847104e+00,5.027714e+00,4.239669e+00,4.967573e+00,4.818577e+00,4.912941e+00,4.909555e+00,4.909315e+00,4.899457e+00,4.610199e+00,4.891491e+00,4.784662e+00,4.856752e+00,4.972885e+00,4.931122e+00,5.083063e+00,4.815794e+00,3.806075e+00,3.601583e+00,4.457841e+00,4.665882e+00,4.901953e+00,5.020562e+00,4.713172e+00,4.667940e+00,4.517046e+00,4.901801e+00,4.756476e+00,4.676458e+00,5.013803e+00,4.820504e+00,4.961908e+00,4.720969e+00,4.765277e+00,4.750413e+00,4.740729e+00,4.573152e+00,4.821688e+00,5.122416e+00,4.352668e+00,5.025031e+00,4.748631e+00,4.845602e+00,4.901311e+00,4.634082e+00,4.807645e+00,4.811327e+00,3.934168e+00,5.084494e+00,4.607434e+00,4.970039e+00,4.936835e+00,4.971024e+00,4.686811e+00,4.666192e+00,4.434588e+00,4.747640e+00,4.780003e+00,4.842111e+00,5.041030e+00,4.814108e+00,4.513169e+00,4.975177e+00,4.946709e+00,4.612612e+00,4.890428e+00,4.802918e+00,4.825742e+00,5.013690e+00,4.888306e+00,4.848210e+00,4.817303e+00,4.875975e+00,4.732719e+00,5.002303e+00,4.934615e+00,3.875679e+00,3.395993e+00,4.283656e+00,3.486863e+00,4.276963e+00,4.618860e+00,5.132918e+00,4.195001e+00,4.655485e+00,5.067236e+00,4.183321e+00,4.612414e+00,5.048937e+00,4.660260e+00,4.933287e+00,4.931732e+00,5.019468e+00,4.919611e+00,4.466432e+00,5.001551e+00,4.656669e+00,4.443738e+00,4.847980e+00,4.882286e+00,4.810530e+00,4.743371e+00,4.699660e+00,4.415514e+00,5.003189e+00,4.655621e+00,4.440959e+00,4.759452e+00,4.849485e+00,4.828122e+00,4.818004e+00,4.855645e+00,4.734544e+00,4.849967e+00,4.804783e+00,4.939444e+00,5.112699e+00,4.985165e+00,4.922469e+00,4.876442e+00,4.868402e+00,4.865380e+00,4.587897e+00,4.755755e+00,4.295460e+00,5.004771e+00,4.854424e+00,4.668749e+00,4.910313e+00,4.787014e+00,4.928215e+00,4.846438e+00,4.947114e+00,4.783171e+00,4.753932e+00,5.096846e+00,4.917048e+00,4.656202e+00,4.724907e+00,4.933836e+00,4.554167e+00,4.573779e+00,4.938877e+00,4.915258e+00,4.854846e+00,4.618059e+00,4.969091e+00,4.857155e+00,4.936430e+00,4.817285e+00,4.880052e+00,4.911093e+00,4.905391e+00,4.545534e+00,4.875375e+00,4.851610e+00,4.661126e+00,4.938958e+00,4.940186e+00
4.984663e+00,4.598516e+00,4.917513e+00,4.341156e+00,4.969845e+00,4.431625e+00,4.568153e+00,4.877316e+00,5.011175e+00,4.349225e+00,4.909789e+00,4.751265e+00,4.673321e+00,4.675470e+00,4.581008e+00,5.051220e+00,4.871406e+00,5.010562e+00,4.893288e+00,4.977480e+00,4.824675e+00,4.846643e+00,4.680496e+00,4.916018e+00,4.200512e+00,4.899900e+00,4.649718e+00,4.781011e+00,4.650525e+00,4.987647e+00,4.653764e+00,4.845442e+00,4.841327e+00,4.727020e+00,4.719880e+00,4.404575e+00,4.655680e+00,5.031002e+00,4.684104e+00,4.642964e+00,4.674521e+00,5.090279e+00,4.851444e+00,4.955232e+00,4.804455e+00,4.847587e+00,4.945262e+00,4.868960e+00,4.893309e+00,4.577569e+00,4.898521e+00,4.249601e+00,4.835070e+00,5.002493e+00,4.897085e+00,4.521507e+00,4.702391e+00,5.048809e+00,5.074391e+00,4.701169e+00,4.842642e+00,4.710525e+00,4.950402e+00,4.859042e+00,5.061226e+00,4.777462e+00,4.670324e+00,4.759835e+00,4.655088e+00,4.873945e+00,4.269676e+00,4.660111e+00,4.528620e+00,4.123869e+00,4.690368e+00,5.026370e+00,4.985917e+00,4.861716e+00,4.733590e+00,5.010965e+00,4.916686e+00,4.203519e+00,4.917817e+00,4.722890e+00,4.529159e+00,4.149975e+00,4.900486e+00,5.009619e+00,4.791142e+00,4.960592e+00,4.913054e+00,4.847631e+00,4.978531e+00,4.778918e+00,4.986453e+00,4.456549e+00,4.180799e+00,4.569816e+00,4.830164e+00,4.405237e+00,4.635723e+00,4.033386e+00,4.353648e+00,4.401482e+00,4.797400e+00,4.198799e+00,3.473500e+00,4.227462e+00,4.476726e+00,4.735768e+00,4.161616e+00,4.792069e+00,4.836859e+00,4.910448e+00,4.672810e+00,4.863862e+00,4.786197e+00,4.310930e+00,4.959653e+00,4.693443e+00,4.955392e+00,5.353193e+00,4.934467e+00,4.991287e+00,4.777927e+00,4.556372e+00,4.518734e+00,4.819788e+00,5.029987e+00,4.855746e+00,4.634527e+00,4.913396e+00,4.796365e+00,4.462904e+00,4.668363e+00,4.675736e+00,4.515230e+00,3.553300e+00,3.783578e+00,3.889367e+00,4.495461e+00,4.228863e+00,4.412083e+00,4.668684e+00,4.857484e+00,4.956050e+00,4.833437e+00,4.851839e+00,4.939780e+00,4.873050e+00,4.930236e+00,4.424961e+00,4.684196e+00,5.091737e+00,4.723489e+00,4.881674e+00,5.039322e+00,4.747031e+00,4.888941e+00,4.673585e+00,5.200359e+00,4.795049e+00,4.948165e+00,4.830573e+00,4.946499e+00,4.461937e+00,5.054429e+00,4.964492e+00,4.683525e+00,4.922711e+00,4.957822e+00,4.716877e+00,4.771989e+00,4.876802e+00,4.965457e+00,4.906697e+00,4.681133e+00,4.746953e+00,4.874543e+00,4.643951e+00,4.650524e+00,4.993288e+00,4.924912e+00,4.658416e+00,4.966374e+00,4.955122e+00,4.819290e+00,4.562241e+00,5.050104e+00,5.025414e+00,4.501133e+00,4.892814e+00,5.033155e+00,4.990272e+00,4.875405e+00,4.652503e+00,4.875215e+00,4.622115e+00,4.900062e+00,4.796810e+00,4.884355e+00,4.904435e+00,4.873949e+00,4.747387e+00,4.022540e+00,4.218171e+00,4.994684e+00,4.809550e+00,4.799764e+00,5.009501e+00,4.512056e+00,4.919775e+00,4.704505e+00,5.056528e+00,5.014879e+00
4.313727e+00,4.959920e+00,4.756474e+00,4.937122e+00,4.782329e+00,4.752722e+00,4.907631e+00,4.879951e+00,5.006765e+00,4.741378e+00,4.746943e+00,4.474250e+00,4.862672e+00,4.712157e+00,4.712522e+00,4.757244e+00,4.901238e+00,4.543597e+00,4.650308e+00,4.529286e+00,5.059886e+00,4.967890e+00,4.284347e+00,4.850287e+00,4.941598e+00,4.844965e+00,4.274450e+00,4.853684e+00,4.933386e+00,4.721001e+00,4.851474e+00,4.832539e+00,4.708000e+00,4.773350e+00,4.892270e+00,4.364573e+00,4.874960e+00,4.886362e+00,4.669813e+00,4.852298e+00,4.889804e+00,4.974939e+00,4.483814e+00,4.576395e+00,4.480061e+00,4.440325e+00,4.932341e+00,4.702233e+00,5.017187e+00,4.916740e+00,4.674998e+00,5.069005e+00,4.717358e+00,5.123111e+00,4.948974e+00,4.609961e+00,4.891359e+00,4.730626e+00,4.565109e+00,5.097906e+00,4.915677e+00,4.642337e+00,4.876424e+00,4.881256e+00,4.829961e+00,4.520111e+00,5.019555e+00,4.931218e+00,4.730017e+00,4.615622e+00,4.762253e+00,4.802157e+00,4.697393e+00,4.636379e+00,5.033275e+00,4.876520e+00,4.897477e+00,5.011681e+00,5.076605e+00,4.977865e+00,4.671664e+00,4.891344e+00,4.777476e+00,5.064734e+00,4.896484e+00,4.634270e+00,4.799962e+00,4.463756e+00,4.156710e+00,4.590543e+00,3.980530e+00,4.494314e+00,2.839926e+00,2.809587e+00,4.590652e+00,5.026759e+00,4.611082e+00,3.094840e+00,4.175772e+00,3.581545e+00,4.705698e+00,4.615789e+00,3.764142e+00,4.020061e+00,4.094361e+00,4.248941e+00,3.922147e+00,4.436028e+00,4.141028e+00,3.052642e+00,4.976401e+00,4.066513e+00,4.726574e+00,3.405909e+00,4.548453e+00,4.477642e+00,4.694838e+00,4.525878e+00,4.387698e+00,3.990794e+00,4.720894e+00,4.249451e+00,4.968198e+00,4.934241e+00,5.012827e+00,4.784569e+00,4.762789e+00,4.689094e+00,4.778979e+00,4.596816e+00,4.855955e+00,4.978863e+00,4.840360e+00,4.857894e+00,4.828936e+00,4.948286e+00,4.858739e+00,4.862415e+00,5.047864e+00,4.350533e+00,4.189546e+00,2.398394e+00,3.733558e+00,3.847564e+00,4.824968e+00,4.801859e+00,4.532190e+00,4.881480e+00,4.782300e+00,4.736380e+00,4.936062e+00,4.836379e+00,4.941879e+00,4.620263e+00,4.907294e+00,4.914169e+00,4.843536e+00,4.879442e+00,4.832244e+00,4.901588e+00,4.598737e+00,4.830784e+00,4.814326e+00,4.659740e+00,4.839885e+00,4.686394e+00,4.758457e+00,4.745577e+00,4.772721e+00,4.641336e+00,4.953247e+00,4.922018e+00,4.783681e+00,4.905481e+00,4.670091e+00,4.929543e+00,4.759516e+00,4.771261e+00,4.676025e+00,4.887937e+00,4.881936e+00,4.707273e+00,4.959161e+00,4.953305e+00,4.957814e+00,4.870163e+00,4.989988e+00,4.503816e+00,4.853147e+00,5.127612e+00,4.653947e+00,4.923558e+00,4.943461e+00,4.726162e+00,4.534669e+00,4.693945e+00,4.894728e+00,4.525187e+00,4.708390e+00,4.642631e+00,4.572546e+00,4.687369e+00,5.089496e+00,4.896239e+00,4.618377e+00,4.966186e+00,4.757248e+00,4.913968e+00,4.833201e+00,4.932135e+00,4.744254e+00,4.556115e+00,4.486921e+00,4.944443e+00,5.022587e+00
4.775449e+00,4.984926e+00,4.744637e+00,4.805827e+00,4.952537e+00,4.997132e+00,4.978079e+00,5.033795e+00,4.742646e+00,4.655746e+00,4.709045e+00,4.909395e+00,4.888961e+00,4.968317e+00,4.871380e+00,4.882599e+00,4.698443e+00,4.538573e+00,5.045851e+00,4.726422e+00,4.881427e+00,4.849056e+00,4.737189e+00,4.989245e+00,3.716595e+00,4.486115e+00,5.257841e+00,4.200863e+00,4.942125e+00,5.037971e+00,4.974634e+00,4.590374e+00,4.689855e+00,4.854419e+00,4.774777e+00,4.861796e+00,5.044170e+00,4.848360e+00,5.013147e+00,4.860280e+00,4.888987e+00,4.676707e+00,4.957585e+00,5.066800e+00,4.755383e+00,4.541745e+00,4.700161e+00,5.055236e+00,4.862681e+00,4.881789e+00,4.812639e+00,4.570210e+00,4.699526e+00,4.532178e+00,4.937148e+00,4.703400e+00,4.832480e+00,4.927793e+00,4.838305e+00,4.546387e+00,4.811154e+00,5.003300e+00,5.123552e+00,4.848056e+00,4.949215e+00,4.905020e+00,4.630981e+00,4.556410e+00,4.513514e+00,4.804107e+00,4.979449e+00,4.993539e+00,4.474463e+00,4.789438e+00,4.963452e+00,4.945221e+00,4.994097e+00,4.768252e+00,4.803462e+00,4.985616e+00,4.996749e+00,4.964897e+00,4.964688e+00,4.018377e+00,4.079411e+00,4.874570e+00,2.998800e+00,3.291830e+00,4.340538e+00,3.372037e+00,2.446656e+00,4.420708e+00,3.720955e+00,4.735068e+00,4.205938e+00,4.958333e+00,4.469283e+00,3.374668e+00,2.570704e+00,3.551768e+00,3.071581e+00,4.979634e+00,3.215074e+00,2.553348e+00,3.201379e+00,3.199923e+00,3.998492e+00,2.895119e+00,4.704887e+00,4.652011e+00,4.670775e+00,3.353002e+00,3.317448e+00,3.437814e+00,4.588155e+00,4.733079e+00,4.115933e+00,4.453107e+00,2.989515e+00,4.097228e+00,4.861003e+00,3.775412e+00,4.601132e+00,3.920363e+00,3.966437e+00,4.514616e+00,4.950113e+00,3.809075e+00,5.047169e+00,4.988053e+00,4.682889e+00,4.409127e+00,4.523100e+00,4.959629e+00,4.958792e+00,5.043037e+00,4.934798e+00,4.423052e+00,4.991910e+00,4.649369e+00,4.659634e+00,4.833655e+00,4.132246e+00,3.421840e+00,3.109762e+00,4.227795e+00,3.878843e+00,5.032623e+00,5.157762e+00,4.771412e+00,4.574316e+00,4.883436e+00,5.107686e+00,4.643046e+00,5.001683e+00,4.970800e+00,5.015718e+00,4.940924e+00,4.773572e+00,4.734466e+00,4.961043e+00,4.687007e+00,5.059474e+00,4.297863e+00,4.837234e+00,5.048861e+00,5.049398e+00,4.672805e+00,4.872268e+00,4.578606e+00,4.705289e+00,4.846938e+00,4.963818e+00,4.951384e+00,4.849024e+00,4.877961e+00,3.829603e+00,5.044080e+00,4.762576e+00,4.999670e+00,4.769763e+00,4.754039e+00,4.887771e+00,4.764077e+00,5.042231e+00,4.710213e+00,4.725653e+00,4.748848e+00,4.948213e+00,4.724912e+00,4.806177e+00,4.894473e+00,4.990095e+00,4.815685e+00,4.814107e+00,4.724390e+00,4.904455e+00,5.008363e+00,4.658067e+00,4.557799e+00,4.696094e+00,4.434628e+00,5.063723e+00,4.704416e+00,4.689562e+00,4.830045e+00,4.933587e+00,4.744699e+00,4.914729e+00,4.789542e+00,4.917085e+00,4.696346e+00,4.910365e+00,4.650790e+00,4.410727e+00
4.820658e+00,4.823099e+00,4.901696e+00,4.720937e+00,4.874223e+00,4.818799e+00,4.969498e+00,4.771269e+00,4.921350e+00,4.880607e+00,4.813923e+00,4.454286e+00,4.858364e+00,4.579421e+00,4.650608e+00,4.692316e+00,4.760853e+00,4.966949e+00,4.751748e+00,4.984668e+00,4.785602e+00,4.947050e+00,4.704563e+00,4.573452e+00,4.559708e+00,4.971912e+00,4.728519e+00,4.137504e+00,4.824390e+00,4.770059e+00,4.782953e+00,4.909681e+00,4.865928e+00,4.748110e+00,4.831418e+00,4.825499e+00,4.915033e+00,5.002012e+00,4.751070e+00,4.926233e+00,5.117792e+00,4.719088e+00,4.868033e+00,5.012245e+00,4.433976e+00,4.897264e+00,4.670627e+00,4.130154e+00,5.008159e+00,4.923666e+00,4.882600e+00,4.971074e+00,4.878415e+00,4.748490e+00,4.287055e+00,4.977170e+00,4.892810e+00,4.880905e+00,4.826141e+00,4.513052e+00,4.307337e+00,4.790837e+00,4.815484e+00,3.958261e+00,2.517208e+00,5.004495e+00,4.018314e+00,4.932527e+00,4.777943e+00,4.619666e+00,4.956371e+00,4.528942e+00,4.712251e+00,4.749186e+00,4.838867e+00,5.221853e+00,5.016530e+00,5.089030e+00,4.926124e+00,5.019005e+00,4.705099e+00,4.629256e+00,4.885165e+00,4.461506e+00,3.210546e+00,3.086610e+00,3.057429e+00,3.890196e+00,3.738913e+00,4.770404e+00,3.176817e+00,4.916338e+00,4.155591e+00,4.287772e+00,4.491709e+00,4.092124e+00,4.023340e+00,4.198340e+00,4.311627e+00,4.118348e+00,4.182548e+00,3.981430e+00,3.221449e+00,4.455276e+00,4.788900e+00,3.687246e+00,3.849758e+00,3.750250e+00,5.107590e+00,3.625047e+00,3.523578e+00,3.809913e+00,2.992416e+00,3.790726e+00,3.642303e+00,3.724990e+00,5.100759e+00,4.841147e+00,3.664384e+00,4.810083e+00,4.156648e+00,4.539474e+00,3.814182e+00,3.598503e+00,4.661900e+00,4.732825e+00,4.025568e+00,4.941323e+00,4.340076e+00,4.678705e+00,4.611645e+00,4.226003e+00,4.700649e+00,4.970344e+00,4.894694e+00,4.662108e+00,4.937273e+00,4.907188e+00,4.906068e+00,4.507495e+00,4.661153e+00,5.089299e+00,4.851623e+00,4.708022e+00,4.144872e+00,2.896438e+00,4.080338e+00,4.261606e+00,4.842392e+00,3.626532e+00,4.884626e+00,4.723965e+00,4.047382e+00,5.069144e+00,4.875106e+00,4.762791e+00,4.855715e+00,4.884677e+00,4.667185e+00,5.046195e+00,4.911271e+00,4.774522e+00,4.922611e+00,4.642437e+00,4.850449e+00,4.912940e+00,4.920837e+00,4.646966e+00,4.685828e+00,4.782673e+00,4.720186e+00,4.859970e+00,4.901988e+00,4.869024e+00,4.392312e+00,4.933242e+00,4.851995e+00,4.836420e+00,4.734630e+00,4.883611e+00,4.920446e+00,4.903315e+00,4.897545e+00,4.898844e+00,4.758589e+00,4.837516e+00,4.737952e+00,4.613580e+00,4.883785e+00,4.835253e+00,4.711124e+00,5.038520e+00,4.799126e+00,4.677969e+00,4.805703e+00,4.906850e+00,4.522842e+00,4.982196e+00,4.951279e+00,4.605467e+00,4.576153e+00,4.861575e+00,4.879999e+00,4.507299e+00,4.904500e+00,4.949407e+00,4.535847e+00,4.514084e+00,4.708193e+00,4.882135e+00,4.663431e+00,4.774308e+00,4.929780e+00,4.756608e+00,4.912529e+00
4.941027e+00,5.046103e+00,4.859396e+00,5.064379e+00,4.627511e+00,4.881739e+00,5.035336e+00,4.478052e+00,4.893047e+00,4.910723e+00,4.711368e+00,4.991532e+00,4.707181e+00,4.679864e+00,4.844341e+00,4.876671e+00,4.932470e+00,4.828636e+00,5.102999e+00,5.024998e+00,4.644021e+00,5.097299e+00,4.982195e+00,4.364272e+00,4.928128e+00,4.895546e+00,4.768009e+00,4.689650e+00,4.992935e+00,4.591688e+00,4.953144e+00,4.690065e+00,4.961527e+00,4.917377e+00,4.555786e+00,4.769908e+00,4.833457e+00,4.978858e+00,4.815009e+00,4.772548e+00,4.690996e+00,4.644274e+00,4.930808e+00,4.957481e+00,4.763579e+00,4.027860e+00,4.892369e+00,5.071511e+00,4.812740e+00,5.182559e+00,4.952614e+00,4.930347e+00,4.794714e+00,4.958623e+00,4.623217e+00,4.846067e+00,4.333156e+00,4.221301e+00,4.613872e+00,4.631269e+00,4.945008e+00,4.661111e+00,4.841315e+00,4.700499e+00,4.627225e+00,4.432948e+00,5.032867e+00,4.803070e+00,4.927899e+00,4.875037e+00,4.862996e+00,4.904420e+00,4.629279e+00,5.015415e+00,4.938501e+00,4.524373e+00,4.622754e+00,4.693029e+00,4.197123e+00,4.352021e+00,4.268562e+00,4.478393e+00,4.797851e+00,3.523846e+00,2.798810e+00,3.271623e+00,3.447173e+00,4.083421e+00,3.357007e+00,3.641897e+00,3.474244e+00,3.564871e+00,4.404766e+00,4.048889e+00,3.260815e+00,2.906270e+00,4.380798e+00,4.131700e+00,2.963944e+00,3.576004e+00,2.607008e+00,3.222170e+00,4.841909e+00,4.585522e+00,2.598330e+00,3.061237e+00,3.702939e+00,2.825187e+00,4.118586e+00,4.524844e+00,3.917985e+00,4.544766e+00,3.212472e+00,3.581997e+00,3.059381e+00,3.051189e+00,3.703576e+00,3.721535e+00,4.466368e+00,4.309366e+00,3.434555e+00,3.371031e+00,4.089129e+00,4.203208e+00,3.558039e+00,3.555017e+00,4.387095e+00,3.291402e+00,3.351395e+00,4.725172e+00,4.714874e+00,4.506046e+00,4.768081e+00,4.897651e+00,4.830796e+00,4.941525e+00,4.838932e+00,5.096897e+00,4.537253e+00,4.772429e+00,4.756155e+00,5.051518e+00,4.852752e+00,4.784558e+00,4.935250e+00,4.964680e+00,4.589414e+00,2.902887e+00,4.616174e+00,4.808639e+00,4.164001e+00,5.063394e+00,4.859490e+00,3.660291e+00,3.319404e+00,4.736095e+00,4.933765e+00,4.776753e+00,5.013366e+00,4.453730e+00,5.015488e+00,4.493535e+00,4.995467e+00,4.642180e+00,4.889021e+00,5.059087e+00,4.983786e+00,4.365448e+00,4.865357e+00,4.633561e+00,4.931558e+00,4.707551e+00,4.343200e+00,4.868536e+00,4.712251e+00,4.890104e+00,4.923546e+00,4.900451e+00,4.849981e+00,4.779018e+00,4.799069e+00,5.054644e+00,4.472027e+00,4.988225e+00,5.082366e+00,4.804598e+00,5.043987e+00,4.741839e+00,4.903396e+00,4.888654e+00,4.986326e+00,4.973767e+00,4.579347e+00,5.067895e+00,4.882966e+00,4.760584e+00,4.748350e+00,4.750472e+00,4.775900e+00,4.843523e+00,4.307873e+00,4.746654e+00,4.759078e+00,4.612588e+00,4.898338e+00,5.069873e+00,4.725663e+00,4.622473e+00,4.659356e+00,5.029201e+00,4.565530e+00,4.894076e+00,4.696892e+00,4.763831e+00,5.056822e+00
4.818608e+00,4.592430e+00,4.745389e+00,4.887865e+00,4.823945e+00,4.861330e+00,4.643822e+00,4.635937e+00,4.870758e+00,4.664349e+00,4.125293e+00,5.023129e+00,4.894769e+00,4.492654e+00,4.636344e+00,4.833025e+00,4.672268e+00,4.588514e+00,4.555680e+00,4.969274e+00,4.445143e+00,4.771041e+00,4.759910e+00,5.022751e+00,4.231325e+00,4.626313e+00,5.005533e+00,5.000279e+00,4.883234e+00,4.591592e+00,4.389728e+00,4.402787e+00,4.857817e+00,4.354106e+00,4.654894e+00,4.857183e+00,4.833232e+00,4.715251e+00,4.921266e+00,4.958414e+00,4.907197e+00,4.601424e+00,4.476980e+00,4.739451e+00,4.650668e+00,4.891578e+00,4.740215e+00,4.577088e+00,5.030236e+00,4.910332e+00,4.815663e+00,4.883258e+00,4.744382e+00,4.923383e+00,4.806015e+00,4.733234e+00,4.561721e+00,4.820806e+00,4.891910e+00,4.893060e+00,4.327970e+00,3.888236e+00,4.967163e+00,4.840873e+00,4.891884e+00,4.610660e+00,4.916330e+00,4.985929e+00,4.553380e+00,4.814394e+00,5.008333e+00,5.119720e+00,4.842990e+00,4.507790e+00,3.792325e+00,4.881056e+00,4.284232e+00,3.903193e+00,2.887562e+00,3.861150e+00,3.880713e+00,4.889005e+00,4.102591e+00,3.364313e+00,3.961664e+00,3.532245e+00,4.209413e+00,3.536693e+00,3.748777e+00,4.125048e+00,3.011990e+00,4.673667e+00,3.401546e+00,2.943428e+00,3.123563e+00,3.069694e+00,3.240094e+00,3.530148e+00,3.865739e+00,2.856476e+00,4.671027e+00,4.222780e+00,4.508400e+00,3.613268e+00,3.839600e+00,3.665770e+00,3.569949e+00,4.856921e+00,4.537876e+00,4.367499e+00,3.099247e+00,4.539295e+00,3.984724e+00,2.773806e+00,2.667719e+00,3.615771e+00,3.369909e+00,3.545684e+00,3.938423e+00,4.783036e+00,3.013524e+00,4.002974e+00,4.190143e+00,4.743815e+00,3.423014e+00,3.663877e+00,3.402709e+00,4.683265e+00,3.292432e+00,3.479200e+00,2.910445e+00,4.835933e+00,4.729659e+00,3.886776e+00,4.414362e+00,4.128493e+00,4.535156e+00,4.782306e+00,4.370833e+00,4.978875e+00,4.806766e+00,4.973765e+00,4.633886e+00,4.841571e+00,4.413456e+00,5.010943e+00,4.756700e+00,3.800483e+00,2.908933e+00,4.428895e+00,5.114728e+00,4.887023e+00,4.157212e+00,5.016544e+00,4.785999e+00,3.105405e+00,4.398886e+00,4.694491e+00,4.711362e+00,4.966160e+00,4.678050e+00,4.682453e+00,5.032567e+00,5.033824e+00,4.915641e+00,4.600397e+00,4.536492e+00,4.856932e+00,4.889852e+00,4.643693e+00,4.890515e+00,4.319085e+00,4.949607e+00,4.735172e+00,4.959843e+00,4.655618e+00,4.880042e+00,5.030981e+00,4.689976e+00,4.933146e+00,4.952800e+00,4.855201e+00,4.989395e+00,4.677842e+00,5.007373e+00,4.838848e+00,4.804727e+00,5.089087e+00,4.620492e+00,4.994242e+00,4.974108e+00,4.831530e+00,4.597803e+00,4.884885e+00,4.570687e+00,4.638050e+00,4.782333e+00,4.769287e+00,4.955039e+00,4.651324e+00,4.647638e+00,4.806266e+00,4.934311e+00,4.680771e+00,4.865015e+00,4.708211e+00,4.845998e+00,4.512302e+00,4.706676e+00,4.716399e+00,4.742007e+00,4.722890e+00,4.893655e+00,4.486080e+00,4.630842e+00
5.012704e+00,4.827681e+00,4.837678e+00,4.842690e+00,4.879882e+00,4.885530e+00,4.880894e+00,4.564013e+00,4.936304e+00,4.435269e+00,4.664046e+00,4.948506e+00,4.866466e+00,4.747321e+00,4.739109e+00,4.811954e+00,4.723191e+00,4.720064e+00,4.938964e+00,4.706665e+00,4.827679e+00,4.859677e+00,4.991925e+00,4.874465e+00,4.956903e+00,4.828116e+00,4.926100e+00,4.978851e+00,4.921969e+00,4.288968e+00,4.594698e+00,4.845161e+00,4.689691e+00,4.898440e+00,4.592505e+00,4.862342e+00,4.863884e+00,4.563725e+00,4.550361e+00,5.006053e+00,4.865371e+00,4.699745e+00,4.905722e+00,4.713376e+00,4.616744e+00,4.735131e+00,4.595495e+00,4.715359e+00,4.901357e+00,4.545870e+00,5.004210e+00,4.822708e+00,4.833918e+00,4.938861e+00,3.128481e+00,3.993369e+00,4.822682e+00,5.061531e+00,4.774932e+00,4.688137e+00,4.414984e+00,4.904940e+00,4.786884e+00,4.534422e+00,4.669458e+00,4.761283e+00,5.076430e+00,4.780488e+00,5.079028e+00,5.001479e+00,4.421696e+00,3.649378e+00,4.751601e+00,4.088352e+00,4.243510e+00,3.872698e+00,4.608879e+00,4.648142e+00,2.925840e+00,4.880819e+00,3.399863e+00,3.631261e+00,3.718121e+00,3.416343e+00,4.557982e+00,4.189817e+00,3.720255e+00,3.530145e+00,3.103146e+00,3.945261e+00,3.022096e+00,5.148106e+00,4.113578e+00,2.642457e+00,3.743492e+00,4.423209e+00,3.383769e+00,4.459998e+00,3.274337e+00,2.476166e+00,3.958514e+00,2.880496e+00,4.369277e+00,2.567441e+00,4.790217e+00,3.468078e+00,3.455141e+00,3.960608e+00,4.055017e+00,4.315480e+00,3.996059e+00,3.763736e+00,4.712244e+00,4.115066e+00,4.074680e+00,3.280719e+00,3.072905e+00,2.762596e+00,3.548908e+00,4.304075e+00,4.380246e+00,4.679015e+00,4.200199e+00,4.056397e+00,4.256164e+00,4.191915e+00,4.824245e+00,3.669106e+00,4.355617e+00,3.823046e+00,4.346630e+00,4.817753e+00,4.659111e+00,3.919895e+00,3.944767e+00,3.023392e+00,2.503477e+00,3.820036e+00,3.875526e+00,4.232134e+00,4.860497e+00,4.811656e+00,4.956420e+00,4.989150e+00,4.420712e+00,4.510125e+00,4.976913e+00,4.970091e+00,5.022096e+00,4.338597e+00,4.454316e+00,4.044179e+00,4.318060e+00,3.737323e+00,4.848586e+00,4.844030e+00,4.877845e+00,4.646977e+00,4.761027e+00,4.720039e+00,5.006055e+00,4.812220e+00,4.674889e+00,4.809038e+00,4.582136e+00,4.806165e+00,4.939212e+00,5.001380e+00,4.884809e+00,5.017430e+00,4.861480e+00,4.930929e+00,4.781243e+00,4.884520e+00,4.912708e+00,4.646819e+00,4.983091e+00,4.824099e+00,4.802855e+00,4.692071e+00,4.683847e+00,4.761746e+00,4.747661e+00,4.541349e+00,4.819598e+00,4.650845e+00,4.850917e+00,4.537053e+00,4.894235e+00,4.760668e+00,4.685615e+00,5.108578e+00,4.605904e+00,4.860070e+00,4.930212e+00,4.840111e+00,4.936434e+00,4.459871e+00,4.929222e+00,4.609871e+00,4.774655e+00,4.741720e+00,5.000184e+00,4.847677e+00,4.816769e+00,4.965916e+00,4.815376e+00,4.842907e+00,5.023088e+00,4.991961e+00,4.892347e+00,4.680794e+00,4.789639e+00,4.661889e+00,4.865191e+00
4.448528e+00,4.652202e+00,4.602735e+00,4.948978e+00,4.929460e+00,4.781742e+00,4.491749e+00,4.864791e+00,4.401399e+00,4.814181e+00,4.849716e+00,4.933937e+00,4.786423e+00,4.792492e+00,4.865945e+00,4.719919e+00,4.944831e+00,4.966818e+00,5.052918e+00,4.557798e+00,4.901249e+00,4.730738e+00,4.950219e+00,4.678782e+00,5.123971e+00,4.842978e+00,4.878094e+00,4.734977e+00,4.605797e+00,4.773629e+00,4.897868e+00,4.904569e+00,4.773163e+00,4.875409e+00,4.770590e+00,4.811893e+00,5.015089e+00,4.693536e+00,4.315937e+00,5.101221e+00,4.994621e+00,4.763970e+00,4.622236e+00,4.913645e+00,4.920067e+00,4.897452e+00,4.674082e+00,4.803640e+00,4.887342e+00,4.641102e+00,5.061121e+00,4.621627e+00,4.221577e+00,4.138324e+00,4.514684e+00,4.839361e+00,3.591562e+00,4.798500e+00,4.864749e+00,4.945542e+00,4.760939e+00,4.984813e+00,4.727204e+00,4.867278e+00,4.748168e+00,4.829345e+00,4.764287e+00,4.903672e+00,4.963568e+00,4.620045e+00,3.605187e+00,4.134183e+00,3.827545e+00,2.801412e+00,3.400360e+00,3.470891e+00,4.606094e+00,3.900952e+00,3.010807e+00,4.125068e+00,4.444764e+00,4.281410e+00,2.857371e+00,4.043883e+00,4.550478e+00,3.816405e+00,3.619384e+00,5.524941e+00,2.411838e+00,3.581660e+00,3.943171e+00,4.298870e+00,3.600036e+00,3.541257e+00,3.894536e+00,4.637838e+00,3.717238e+00,4.800554e+00,2.952529e+00,4.551456e+00,4.310419e+00,3.090329e+00,3.792854e+00,3.833159e+00,3.870415e+00,4.823763e+00,4.895078e+00,2.622934e+00,3.474222e+00,4.002112e+00,3.857006e+00,3.799915e+00,2.613723e+00,6.353908e+00,3.175027e+00,4.739478e+00,3.963668e+00,2.674638e+00,4.466596e+00,3.368027e+00,3.172525e+00,3.769839e+00,3.042201e+00,3.932675e+00,3.702487e+00,4.070923e+00,3.269078e+00,3.271323e+00,3.508605e+00,2.534518e+00,3.559111e+00,4.186373e+00,3.415782e+00,2.769056e+00,3.708057e+00,4.236829e+00,4.276333e+00,3.692581e+00,3.360868e+00,4.377025e+00,3.388048e+00,4.838592e+00,4.705227e+00,5.121305e+00,4.874480e+00,4.706493e+00,5.005557e+00,4.839729e+00,4.971987e+00,4.995515e+00,4.406873e+00,4.542191e+00,3.688926e+00,4.757897e+00,4.322882e+00,5.038751e+00,4.721658e+00,4.539265e+00,4.948155e+00,4.710943e+00,4.920910e+00,4.524929e+00,4.980327e+00,4.932665e+00,4.606427e+00,3.542742e+00,5.058281e+00,4.615806e+00,4.925707e+00,4.996901e+00,4.869739e+00,4.956677e+00,4.904723e+00,4.688010e+00,5.181303e+00,4.747537e+00,4.621138e+00,4.794504e+00,4.909026e+00,4.818909e+00,4.792764e+00,4.730620e+00,4.802637e+00,4.598165e+00,4.768961e+00,4.734993e+00,4.697400e+00,4.897001e+00,4.844247e+00,4.784666e+00,4.891210e+00,5.049462e+00,4.976505e+00,4.803024e+00,4.902220e+00,4.614125e+00,4.858053e+00,4.786310e+00,4.952294e+00,5.010288e+00,4.864134e+00,4.650441e+00,4.759287e+00,4.937036e+00,4.806178e+00,4.401705e+00,4.668649e+00,4.918733e+00,4.955413e+00,4.852418e+00,4.904237e+00,4.808704e+00,4.901631e+00,4.068132e+00,4.740680e+00
4.634875e+00,4.897319e+00,4.259292e+00,4.372531e+00,4.816597e+00,4.663335e+00,4.877152e+00,4.404289e+00,4.982871e+00,4.732605e+00,4.464322e+00,4.939820e+00,4.715110e+00,4.823044e+00,4.857478e+00,3.915908e+00,4.976409e+00,4.344741e+00,4.885064e+00,4.373180e+00,4.815187e+00,4.778304e+00,4.431283e+00,4.815307e+00,3.377767e+00,5.024194e+00,4.480556e+00,4.911551e+00,4.861759e+00,4.861820e+00,4.887234e+00,4.959184e+00,4.673506e+00,4.866816e+00,4.749819e+00,4.827394e+00,4.942621e+00,4.383189e+00,4.732987e+00,4.541932e+00,4.604883e+00,4.785871e+00,4.836687e+00,4.712166e+00,4.876392e+00,4.421635e+00,4.847255e+00,4.493131e+00,4.677819e+00,4.622421e+00,4.943164e+00,2.643294e+00,4.838050e+00,4.806981e+00,4.870367e+00,2.900616e+00,5.040247e+00,3.933698e+00,5.146857e+00,4.798791e+00,4.976655e+00,4.947011e+00,4.769301e+00,4.797672e+00,4.946417e+00,4.911762e+00,4.746069e+00,4.859506e+00,3.263730e+00,3.205438e+00,2.684738e+00,2.680896e+00,4.046197e+00,4.527030e+00,2.938725e+00,3.481547e+00,3.148711e+00,4.182511e+00,4.652573e+00,3.475792e+00,4.485435e+00,3.306148e+00,3.676899e+00,3.988903e+00,4.561027e+00,6.438096e+00,3.597125e+00,4.583431e+00,3.172466e+00,4.560508e+00,4.277554e+00,3.412393e+00,4.169202e+00,4.386587e+00,4.176856e+00,3.652705e+00,4.195754e+00,3.137644e+00,3.958360e+00,2.978924e+00,4.083489e+00,5.013987e+00,4.155601e+00,2.379699e+00,4.326399e+00,5.000142e+00,4.975547e+00,4.663747e+00,4.737710e+00,3.966135e+00,3.522017e+00,2.803264e+00,3.997566e+00,3.975871e+00,4.182532e+00,3.869367e+00,3.141433e+00,2.585793e+00,3.797107e+00,3.158351e+00,3.140244e+00,4.263767e+00,3.258800e+00,3.042372e+00,2.669446e+00,4.161522e+00,3.163276e+00,3.093792e+00,3.707398e+00,4.398034e+00,3.979685e+00,2.945136e+00,3.295762e+00,2.760932e+00,4.015955e+00,4.717935e+00,3.456329e+00,4.285115e+00,2.753987e+00,4.539728e+00,4.786165e+00,4.679257e+00,4.406633e+00,4.566705e+00,5.151138e+00,4.185823e+00,4.979895e+00,4.447654e+00,4.870535e+00,4.920166e+00,5.004016e+00,4.899919e+00,4.895660e+00,2.637398e+00,3.430776e+00,4.659834e+00,2.893546e+00,4.453737e+00,4.988559e+00,4.837825e+00,4.686040e+00,4.940481e+00,4.503869e+00,4.949338e+00,4.804896e+00,4.509737e+00,4.809822e+00,4.931895e+00,4.892661e+00,4.832393e+00,4.815344e+00,4.696504e+00,4.551404e+00,5.031403e+00,4.649043e+00,4.673384e+00,4.969319e+00,4.237309e+00,5.006854e+00,4.460869e+00,4.806957e+00,4.525524e+00,4.639283e+00,4.830568e+00,4.968033e+00,4.728315e+00,4.891809e+00,4.860723e+00,4.564667e+00,4.666478e+00,4.714045e+00,4.484925e+00,4.680504e+00,4.146529e+00,4.975041e+00,4.360875e+00,4.676157e+00,4.531864e+00,5.079071e+00,4.459795e+00,4.978280e+00,4.815802e+00,5.058012e+00,4.958299e+00,4.911084e+00,4.602938e+00,4.573117e+00,4.844370e+00,4.835774e+00,5.011192e+00,4.821067e+00,4.631170e+00,4.726516e+00,4.773290e+00,4.695180e+00
4.737431e+00,4.704593e+00,4.858223e+00,4.945273e+00,4.627934e+00,5.001199e+00,4.916388e+00,4.909482e+00,4.837071e+00,4.626145e+00,4.843990e+00,4.950433e+00,4.849316e+00,4.858534e+00,4.860391e+00,4.751418e+00,4.918552e+00,4.659940e+00,5.010521e+00,4.569895e+00,4.581502e+00,4.604804e+00,5.044031e+00,4.875592e+00,4.671836e+00,4.922527e+00,4.925198e+00,4.621277e+00,4.770311e+00,4.742602e+00,4.962014e+00,4.435301e+00,4.890790e+00,4.830134e+00,4.859805e+00,4.898216e+00,4.918640e+00,4.788385e+00,4.824917e+00,5.044174e+00,4.653534e+00,4.616237e+00,4.921416e+00,4.826467e+00,4.893804e+00,4.848086e+00,4.735874e+00,4.697594e+00,4.999509e+00,4.398770e+00,4.780248e+00,4.898739e+00,4.959183e+00,4.556056e+00,3.932095e+00,3.608448e+00,4.857619e+00,4.329642e+00,4.948846e+00,4.904333e+00,4.691653e+00,5.094613e+00,5.131361e+00,4.856129e+00,5.014003e+00,4.729885e+00,4.325345e+00,4.798364e+00,4.674428e+00,4.761399e+00,4.270951e+00,2.915930e+00,3.977516e+00,3.581693e+00,3.070476e+00,3.413854e+00,4.318406e+00,3.633886e+00,4.209579e+00,4.074754e+00,2.861598e+00,3.345109e+00,3.623063e+00,4.904952e+00,4.449725e+00,3.578633e+00,3.434861e+00,4.822937e+00,2.857722e+00,3.488347e+00,4.555470e+00,3.076819e+00,3.540693e+00,4.380786e+00,4.706541e+00,4.368359e+00,2.371360e+00,2.854870e+00,4.630841e+00,4.866981e+00,4.645113e+00,3.568692e+00,3.066558e+00,4.379780e+00,4.935786e+00,4.541835e+00,4.871622e+00,4.938916e+00,3.419846e+00,3.562544e+00,3.940044e+00,4.593390e+00,4.356830e+00,4.281135e+00,4.733230e+00,4.274783e+00,4.450521e+00,3.860438e+00,3.827995e+00,4.697826e+00,4.027463e+00,3.912832e+00,4.532574e+00,3.940367e+00,4.603625e+00,3.768210e+00,4.207820e+00,3.566193e+00,3.560611e+00,3.992831e+00,3.949968e+00,2.760242e+00,4.296039e+00,4.993696e+00,4.488024e+00,4.414338e+00,3.066745e+00,3.188365e+00,3.442804e+00,4.610350e+00,4.661108e+00,4.914857e+00,4.543594e+00,4.718012e+00,4.845302e+00,3.910477e+00,4.812915e+00,4.775311e+00,4.922002e+00,4.970202e+00,4.988565e+00,4.725534e+00,4.884998e+00,5.033600e+00,3.963960e+00,5.186627e+00,3.399674e+00,4.229736e+00,4.678771e+00,4.932583e+00,4.793944e+00,4.166678e+00,5.042307e+00,4.676103e+00,4.822211e+00,4.900907e+00,4.976293e+00,4.869029e+00,4.954050e+00,4.615614e+00,4.444716e+00,4.948302e+00,4.940091e+00,4.776492e+00,5.032184e+00,4.801092e+00,4.791546e+00,4.635771e+00,4.437950e+00,4.951708e+00,4.580305e+00,4.657349e+00,4.908120e+00,4.807019e+00,4.880895e+00,4.535017e+00,4.908237e+00,4.795493e+00,4.769890e+00,4.945184e+00,4.786793e+00,4.808403e+00,4.887795e+00,4.817220e+00,4.726667e+00,4.827443e+00,4.972210e+00,4.517146e+00,4.812912e+00,4.920505e+00,4.409703e+00,5.027313e+00,4.223425e+00,4.965075e+00,4.501876e+00,4.848222e+00,4.792178e+00,4.622138e+00,5.091082e+00,4.834379e+00,4.756117e+00,4.974782e+00,4.764186e+00,4.848627e+00,4.860755e+00
4.845903e+00,4.902616e+00,4.850288e+00,4.486936e+00,4.702257e+00,4.831419e+00,4.225223e+00,4.958632e+00,4.649405e+00,4.911959e+00,4.901151e+00,4.692579e+00,4.371861e+00,4.746138e+00,4.636346e+00,4.956393e+00,4.701618e+00,4.949806e+00,4.885989e+00,4.879106e+00,4.662474e+00,5.038185e+00,4.838910e+00,4.990121e+00,4.957856e+00,5.010266e+00,4.853961e+00,4.787162e+00,4.935471e+00,4.611178e+00,4.629746e+00,4.760664e+00,4.929935e+00,4.872501e+00,4.568999e+00,4.630592e+00,4.649414e+00,4.813271e+00,4.974096e+00,4.913914e+00,4.787854e+00,5.009792e+00,4.989792e+00,4.922815e+00,4.742872e+00,4.542009e+00,4.788020e+00,4.736257e+00,4.861551e+00,4.912985e+00,4.895350e+00,4.716038e+00,4.442668e+00,3.775956e+00,4.735322e+00,4.994936e+00,4.814127e+00,4.907136e+00,4.624248e+00,4.805466e+00,4.874182e+00,4.878630e+00,4.940481e+00,2.954732e+00,4.995006e+00,4.385358e+00,4.249982e+00,4.830835e+00,3.180421e+00,3.162589e+00,4.648615e+00,4.604797e+00,3.061164e+00,3.772104e+00,3.422154e+00,2.381005e+00,4.356256e+00,4.315786e+00,3.760775e+00,4.215632e+00,3.267216e+00,3.171948e+00,3.785625e+00,3.759264e+00,3.835652e+00,3.314512e+00,4.228893e+00,4.688887e+00,3.011122e+00,3.331707e+00,2.516187e+00,4.804386e+00,3.499579e+00,3.752361e+00,3.483921e+00,2.589293e+00,2.616428e+00,3.347413e+00,3.900511e+00,4.562166e+00,4.753401e+00,4.305828e+00,4.913610e+00,3.760809e+00,4.996405e+00,4.765138e+00,4.799624e+00,4.908858e+00,3.465932e+00,3.089120e+00,4.526033e+00,3.248845e+00,5.025388e+00,4.851944e+00,4.065146e+00,4.401218e+00,4.314466e+00,3.622617e+00,4.614585e+00,4.862168e+00,3.764063e+00,3.848451e+00,3.590303e+00,4.603556e+00,2.958644e+00,4.375353e+00,3.661236e+00,4.049390e+00,4.170222e+00,3.328950e+00,3.906059e+00,4.565891e+00,2.696840e+00,3.095071e+00,2.987701e+00,4.621803e+00,3.465048e+00,2.612337e+00,2.824904e+00,2.617143e+00,3.117785e+00,3.700760e+00,5.022285e+00,4.702642e+00,3.237508e+00,3.226226e+00,4.921327e+00,4.651805e+00,4.858757e+00,4.944750e+00,5.016613e+00,4.859510e+00,4.508199e+00,4.904632e+00,4.972916e+00,4.367408e+00,2.860904e+00,3.004117e+00,2.496791e+00,4.096146e+00,4.808640e+00,5.079107e+00,4.960231e+00,4.773688e+00,4.487740e+00,4.811384e+00,4.992509e+00,5.044264e+00,4.910757e+00,4.829017e+00,4.906373e+00,4.779844e+00,4.679735e+00,4.794626e+00,4.857422e+00,4.501063e+00,4.541880e+00,4.946995e+00,4.709479e+00,4.764687e+00,4.918809e+00,4.773373e+00,4.824756e+00,4.762545e+00,4.845095e+00,4.896178e+00,4.774118e+00,4.811013e+00,4.727184e+00,4.918034e+00,4.670853e+00,4.121822e+00,4.966862e+00,4.914878e+00,4.824104e+00,5.023256e+00,5.039434e+00,4.642561e+00,4.905690e+00,4.894000e+00,4.988538e+00,4.998838e+00,4.864958e+00,4.512932e+00,4.755816e+00,4.743134e+00,4.921366e+00,4.649823e+00,4.699500e+00,4.951264e+00,4.826702e+00,4.743977e+00,4.707517e+00,4.772883e+00,4.813615e+00
4.695892e+00,4.859744e+00,4.686051e+00,4.943425e+00,4.867032e+00,4.714487e+00,4.816745e+00,4.711142e+00,4.935128e+00,4.853031e+00,4.883483e+00,5.028099e+00,4.959358e+00,5.039482e+00,4.986974e+00,4.784677e+00,4.628804e+00,4.603888e+00,4.536524e+00,5.020096e+00,4.638237e+00,4.494893e+00,4.905317e+00,4.980312e+00,4.720159e+00,5.012343e+00,4.828770e+00,4.610859e+00,4.782765e+00,4.538434e+00,4.818640e+00,4.524486e+00,4.679889e+00,4.579684e+00,4.834933e+00,4.864833e+00,4.700829e+00,4.925650e+00,4.884149e+00,5.000042e+00,4.922637e+00,4.710308e+00,4.822723e+00,4.803959e+00,4.451645e+00,4.936193e+00,4.866612e+00,5.098408e+00,4.858307e+00,4.408325e+00,2.669767e+00,4.706135e+00,4.655225e+00,4.742318e+00,4.842788e+00,4.948883e+00,4.726977e+00,4.757830e+00,4.862743e+00,4.896744e+00,4.984186e+00,4.945985e+00,4.910560e+00,4.722647e+00,4.613981e+00,3.154740e+00,4.014796e+00,4.094210e+00,3.086555e+00,3.268013e+00,3.783926e+00,4.456555e+00,3.641819e+00,4.796282e+00,4.582743e+00,3.096189e+00,3.097852e+00,2.964567e+00,3.103929e+00,3.810586e+00,3.709254e+00,2.934320e+00,2.458808e+00,4.307025e+00,5.247676e+00,4.202995e+00,4.392879e+00,4.363783e+00,4.809096e+00,9.302122e+00,2.532709e+00,5.064193e+00,4.139034e+00,3.543292e+00,5.083695e+00,4.056830e+00,3.298775e+00,2.603528e+00,4.817830e+00,4.603098e+00,4.827436e+00,4.460253e+00,4.856784e+00,4.421076e+00,4.830966e+00,5.008130e+00,4.734002e+00,4.423852e+00,3.667640e+00,2.772327e+00,4.955437e+00,4.086683e+00,4.084192e+00,2.731710e+00,2.896379e+00,3.493644e+00,3.865711e+00,4.282001e+00,4.090243e+00,2.982814e+00,4.704863e+00,3.479422e+00,4.676696e+00,4.224843e+00,3.870940e+00,3.475195e+00,3.663793e+00,3.058553e+00,4.142935e+00,4.539356e+00,3.841848e+00,4.800521e+00,3.776081e+00,4.255121e+00,3.233746e+00,3.508509e+00,5.065244e+00,4.880778e+00,4.898327e+00,4.501230e+00,3.760728e+00,3.566951e+00,2.836916e+00,4.257980e+00,2.818213e+00,4.225769e+00,3.328934e+00,4.580155e+00,4.844942e+00,4.544206e+00,4.052509e+00,4.970418e+00,5.133204e+00,4.853471e+00,4.383611e+00,4.691270e+00,4.845081e+00,3.323233e+00,4.755532e+00,2.534777e+00,3.981521e+00,4.379619e+00,4.618062e+00,5.107678e+00,4.611267e+00,4.585188e+00,4.500061e+00,4.742235e+00,4.600572e+00,4.856378e+00,5.059532e+00,4.606740e+00,4.956509e+00,4.718766e+00,4.728977e+00,5.091953e+00,4.931076e+00,4.969528e+00,4.932639e+00,5.017603e+00,4.821942e+00,4.669798e+00,4.993881e+00,4.070631e+00,4.975140e+00,4.736352e+00,4.818251e+00,4.991510e+00,4.879880e+00,4.757533e+00,4.735422e+00,5.018264e+00,4.835470e+00,4.701583e+00,4.876889e+00,4.451773e+00,4.960683e+00,4.873037e+00,4.973909e+00,4.757626e+00,4.894385e+00,4.726011e+00,4.954587e+00,4.752806e+00,4.977116e+00,4.916047e+00,4.685812e+00,4.866812e+00,4.831196e+00,4.734132e+00,4.423731e+00,4.959002e+00,4.733500e+00,4.960434e+00,4.919440e+00
4.709476e+00,4.665571e+00,4.979709e+00,4.759627e+00,5.009628e+00,4.528005e+00,4.939940e+00,4.919294e+00,4.765002e+00,4.875469e+00,4.847187e+00,4.851596e+00,4.823691e+00,4.754723e+00,4.825742e+00,4.930205e+00,4.857216e+00,4.824698e+00,4.698799e+00,5.024528e+00,4.295537e+00,4.773935e+00,4.865217e+00,4.303993e+00,4.692727e+00,4.909436e+00,4.993761e+00,4.826218e+00,4.919871e+00,4.963127e+00,4.717387e+00,4.756290e+00,4.900120e+00,4.945385e+00,4.631929e+00,4.916459e+00,5.066041e+00,4.963631e+00,4.742002e+00,4.991539e+00,5.026930e+00,4.786544e+00,4.819549e+00,4.972372e+00,4.977139e+00,4.409497e+00,4.600530e+00,4.849501e+00,4.018154e+00,4.176029e+00,4.635361e+00,4.643499e+00,4.779324e+00,5.050281e+00,4.610432e+00,4.945889e+00,4.975682e+00,4.566589e+00,4.683566e+00,4.405228e+00,4.555037e+00,3.344313e+00,3.391536e+00,3.366096e+00,4.699859e+00,4.620292e+00,5.421970e+00,4.106805e+00,4.515053e+00,3.518854e+00,3.973448e+00,4.378623e+00,4.128558e+00,3.193067e+00,4.148296e+00,3.301486e+00,3.689836e+00,4.558997e+00,3.376030e+00,5.743866e+00,4.864976e+00,2.548484e+00,5.720491e+00,4.342091e+00,5.327560e+00,4.376791e+00,5.180141e+00,4.383219e+00,4.970496e+00,4.711082e+00,4.223237e+00,4.572276e+00,3.391190e+00,3.700718e+00,3.787688e+00,4.458680e+00,3.766447e+00,4.793437e+00,4.987393e+00,4.900843e+00,4.886945e+00,4.718982e+00,4.732396e+00,4.749655e+00,4.774359e+00,4.124604e+00,4.927418e+00,4.887565e+00,4.390790e+00,4.746015e+00,4.334907e+00,3.254545e+00,3.520890e+00,4.495351e+00,4.548389e+00,2.988276e+00,3.761905e+00,3.650036e+00,4.245086e+00,3.945586e+00,3.210110e+00,3.897046e+00,3.804296e+00,4.610738e+00,3.346164e+00,4.283899e+00,4.637104e+00,4.228191e+00,2.710745e+00,3.994071e+00,4.196843e+00,3.311079e+00,8.222147e+00,4.821154e+00,3.497615e+00,2.935567e+00,4.966070e+00,4.860697e+00,4.569471e+00,4.654597e+00,4.475743e+00,4.365854e+00,4.423899e+00,3.392136e+00,2.963084e+00,3.671459e+00,3.865009e+00,3.774422e+00,4.415289e+00,4.676788e+00,4.363532e+00,4.612122e+00,4.925523e+00,4.970534e+00,4.738377e+00,4.739140e+00,4.926056e+00,4.370427e+00,5.047600e+00,3.226844e+00,3.481031e+00,3.832992e+00,4.618842e+00,4.928290e+00,4.753717e+00,2.884052e+00,4.329430e+00,4.934547e+00,4.895981e+00,4.613958e+00,4.516091e+00,4.950300e+00,4.727094e+00,4.980425e+00,4.953606e+00,4.746349e+00,4.945807e+00,4.503067e+00,4.798368e+00,4.417880e+00,4.906367e+00,4.987139e+00,4.984688e+00,4.830602e+00,4.726100e+00,4.850183e+00,4.442827e+00,4.505218e+00,4.797960e+00,4.623062e+00,4.878941e+00,4.733728e+00,4.664813e+00,4.808872e+00,4.513928e+00,4.897876e+00,4.511747e+00,4.875952e+00,4.967323e+00,4.947031e+00,4.967523e+00,4.971098e+00,4.759797e+00,4.888211e+00,4.530342e+00,4.258342e+00,4.953431e+00,4.728289e+00,4.456773e+00,4.168164e+00,4.877009e+00,4.965192e+00,4.408547e+00,4.661953e+00,4.856300e+00
4.882080e+00,4.741742e+00,4.790670e+00,4.914123e+00,4.664544e+00,4.829480e+00,4.852166e+00,4.903597e+00,4.952406e+00,4.656322e+00,4.370086e+00,4.620842e+00,4.947855e+00,4.849065e+00,4.838003e+00,4.737408e+00,4.769451e+00,4.542818e+00,4.937507e+00,4.781160e+00,4.914309e+00,4.981991e+00,5.020082e+00,4.775631e+00,4.624886e+00,4.901190e+00,5.019477e+00,4.872343e+00,4.590242e+00,4.734369e+00,4.925369e+00,4.752161e+00,4.870511e+00,4.990346e+00,4.982164e+00,4.743475e+00,4.863982e+00,4.956157e+00,4.745650e+00,4.636720e+00,4.904204e+00,4.939424e+00,5.035477e+00,4.736803e+00,3.471833e+00,4.825248e+00,4.288066e+00,4.378603e+00,4.020827e+00,4.999700e+00,4.760909e+00,4.692108e+00,4.911519e+00,4.473697e+00,4.896519e+00,4.715865e+00,4.845807e+00,4.544136e+00,4.450003e+00,4.882832e+00,4.542942e+00,4.573938e+00,3.856963e+00,3.082201e+00,3.603010e+00,4.009882e+00,3.307931e+00,3.733844e+00,2.630392e+00,3.666567e+00,4.114250e+00,3.656972e+00,2.616187e+00,3.801192e+00,4.472739e+00,2.929021e+00,3.094520e+00,3.545777e+00,3.040535e+00,4.008837e+00,4.276960e+00,3.419001e+00,3.696976e+00,3.394177e+00,2.903069e+00,4.077774e+00,3.018203e+00,3.860203e+00,4.457688e+00,3.393589e+00,3.944727e+00,3.638609e+00,4.161333e+00,3.028060e+00,3.289236e+00,3.529821e+00,5.003305e+00,4.853407e+00,4.717043e+00,4.551075e+00,3.108415e+00,4.843165e+00,4.986379e+00,4.960836e+00,5.000464e+00,4.305130e+00,5.053163e+00,4.981030e+00,4.819713e+00,4.610475e+00,3.892738e+00,4.335353e+00,3.773586e+00,4.225589e+00,3.698878e+00,3.893142e+00,2.926581e+00,4.754856e+00,4.120447e+00,3.553952e+00,3.652114e+00,4.713837e+00,3.277413e+00,6.721200e+00,3.856865e+00,4.915197e+00,4.870991e+00,3.981413e+00,4.956966e+00,2.316606e+00,3.444726e+00,3.250889e+00,3.265143e+00,3.428726e+00,4.940430e+00,4.831692e+00,4.829969e+00,4.853630e+00,3.802360e+00,4.859810e+00,4.086588e+00,4.384341e+00,4.165616e+00,4.412505e+00,4.202768e+00,4.916973e+00,3.701572e+00,4.024757e+00,3.464706e+00,4.443795e+00,4.878314e+00,4.988495e+00,4.322553e+00,4.697917e+00,4.726177e+00,4.884954e+00,4.582606e+00,4.951846e+00,5.074331e+00,4.412419e+00,4.172205e+00,4.466702e+00,3.794518e+00,3.332741e+00,4.886053e+00,4.569879e+00,2.634339e+00,4.939322e+00,4.691140e+00,4.791464e+00,4.753642e+00,4.943853e+00,4.871022e+00,5.084177e+00,4.814868e+00,4.331011e+00,5.156454e+00,4.647494e+00,4.788378e+00,4.280246e+00,4.479652e+00,4.616466e+00,4.908973e+00,4.902231e+00,4.693099e+00,4.481777e+00,4.827549e+00,4.774309e+00,4.796487e+00,4.820774e+00,4.830786e+00,4.620209e+00,5.140926e+00,4.779642e+00,4.932627e+00,4.986299e+00,4.651684e+00,4.959770e+00,4.430528e+00,4.620483e+00,4.881112e+00,4.589422e+00,4.510698e+00,4.990547e+00,4.973610e+00,4.982663e+00,4.746330e+00,4.849729e+00,4.993892e+00,4.755839e+00,4.824381e+00,4.952554e+00,4.585163e+00,4.986387e+00,4.871859e+00
4.872311e+00,4.811789e+00,4.551930e+00,4.987580e+00,5.015064e+00,4.581893e+00,4.884008e+00,4.857945e+00,4.966896e+00,4.963210e+00,4.705273e+00,4.953265e+00,4.480588e+00,4.997870e+00,4.734683e+00,4.833979e+00,4.862493e+00,4.852460e+00,4.791308e+00,4.805970e+00,4.941047e+00,4.609227e+00,4.759535e+00,4.877512e+00,5.198559e+00,4.863214e+00,5.165679e+00,4.999469e+00,4.854958e+00,4.748124e+00,5.024799e+00,5.034350e+00,5.039856e+00,5.116743e+00,4.883732e+00,4.525088e+00,4.920573e+00,4.983174e+00,4.871670e+00,5.072441e+00,4.794157e+00,4.934002e+00,4.981558e+00,4.966503e+00,4.955157e+00,4.792826e+00,5.047248e+00,2.413051e+00,4.786573e+00,4.991015e+00,4.831291e+00,4.743055e+00,4.775497e+00,4.383856e+00,4.933488e+00,4.673087e+00,4.593910e+00,3.710968e+00,4.398310e+00,4.654579e+00,4.042226e+00,4.312333e+00,3.051259e+00,4.189242e+00,3.330688e+00,3.758432e+00,3.794694e+00,3.063951e+00,4.310647e+00,3.989489e+00,3.341820e+00,4.323399e+00,2.648767e+00,2.714760e+00,4.658655e+00,3.801162e+00,3.034419e+00,3.664681e+00,4.496577e+00,4.518575e+00,2.572314e+00,4.652089e+00,3.802041e+00,3.645596e+00,2.527712e+00,3.889822e+00,4.193222e+00,8.272630e+00,4.344107e+00,3.630210e+00,4.788534e+00,4.400839e+00,2.869640e+00,5.204334e+00,2.863642e+00,4.171448e+00,3.686839e+00,4.471369e+00,4.766654e+00,5.085102e+00,4.702689e+00,4.940977e+00,4.729458e+00,4.803351e+00,4.840302e+00,4.862890e+00,4.630711e+00,4.942546e+00,4.920113e+00,5.018385e+00,5.056659e+00,4.477455e+00,4.645879e+00,4.375647e+00,3.524041e+00,3.471099e+00,4.837844e+00,2.696077e+00,5.027990e+00,4.465384e+00,2.839747e+00,4.531545e+00,4.678132e+00,4.207334e+00,4.007888e+00,4.012951e+00,3.119884e+00,4.440565e+00,3.594898e+00,3.912148e+00,5.101424e+00,4.673183e+00,3.084379e+00,3.325486e+00,4.809389e+00,4.776452e+00,5.016555e+00,4.894097e+00,3.223843e+00,4.724718e+00,3.385479e+00,3.443212e+00,4.138737e+00,4.545698e+00,4.335431e+00,4.404702e+00,4.434024e+00,2.702219e+00,3.459865e+00,3.770865e+00,3.924358e+00,4.508819e+00,3.877141e+00,4.744327e+00,4.747204e+00,4.707079e+00,4.913381e+00,4.674484e+00,4.938546e+00,4.691179e+00,4.076337e+00,5.022780e+00,4.683728e+00,3.823706e+00,2.937887e+00,4.137997e+00,4.713910e+00,4.728259e+00,4.876223e+00,4.909608e+00,4.994548e+00,4.855896e+00,4.779479e+00,4.916419e+00,4.722389e+00,4.768109e+00,4.871362e+00,4.927778e+00,4.903617e+00,4.989522e+00,4.890024e+00,4.611040e+00,4.915057e+00,4.722691e+00,4.836976e+00,4.783025e+00,4.594576e+00,4.484045e+00,4.856910e+00,4.747957e+00,4.900678e+00,4.903220e+00,4.464035e+00,4.957860e+00,5.032593e+00,4.653113e+00,4.805287e+00,4.978793e+00,4.649986e+00,4.811119e+00,4.893439e+00,5.038622e+00,4.734995e+00,4.657636e+00,5.167326e+00,4.943657e+00,4.885583e+00,4.414672e+00,4.882853e+00,4.519158e+00,4.865842e+00,4.970815e+00,4.907110e+00,4.829773e+00,4.891887e+00
4.664302e+00,4.922724e+00,4.936149e+00,4.907779e+00,4.831443e+00,4.103279e+00,4.856897e+00,4.870497e+00,4.809394e+00,4.910502e+00,4.560144e+00,4.745931e+00,4.645687e+00,4.997172e+00,4.297196e+00,4.790981e+00,4.800878e+00,4.912623e+00,4.868356e+00,4.802859e+00,4.940677e+00,4.811598e+00,4.904777e+00,4.909705e+00,4.835695e+00,5.018415e+00,5.063282e+00,4.979501e+00,4.780800e+00,5.014725e+00,4.584828e+00,4.716258e+00,4.892846e+00,4.812656e+00,4.850711e+00,4.919526e+00,4.850435e+00,4.871199e+00,4.648493e+00,5.088208e+00,4.836124e+00,4.482252e+00,4.656478e+00,4.683740e+00,4.318887e+00,5.061121e+00,4.543530e+00,4.785247e+00,4.812523e+00,4.754983e+00,4.884904e+00,4.951980e+00,4.970258e+00,4.895054e+00,4.459855e+00,4.636925e+00,4.152303e+00,4.670088e+00,3.676535e+00,4.160386e+00,4.437083e+00,2.724446e+00,4.910274e+00,4.005101e+00,5.081555e+00,3.234330e+00,3.222168e+00,2.505435e+00,2.759840e+00,3.711863e+00,4.470673e+00,4.266560e+00,4.859335e+00,2.965811e+00,2.477852e+00,2.906444e+00,3.841071e+00,2.682342e+00,2.916459e+00,3.721019e+00,3.288419e+00,3.124608e+00,3.502230e+00,3.244414e+00,3.080307e+00,4.246872e+00,5.172823e+00,3.454205e+00,4.454923e+00,3.593876e+00,2.562385e+00,6.454741e+00,9.487821e+00,2.936090e+00,4.023903e+00,3.749495e+00,4.248629e+00,4.850626e+00,4.873638e+00,4.433499e+00,5.154005e+00,4.933472e+00,4.235011e+00,3.605800e+00,4.969852e+00,4.653182e+00,4.944182e+00,4.673729e+00,5.003273e+00,4.963123e+00,4.479155e+00,4.945552e+00,4.875247e+00,4.126176e+00,2.286495e+00,4.259711e+00,8.939482e+00,3.001011e+00,4.283366e+00,4.905526e+00,6.644475e+00,3.738877e+00,4.648697e+00,2.980226e+00,2.933036e+00,2.868012e+00,3.234576e+00,4.520429e+00,3.052778e+00,4.787768e+00,4.122429e+00,4.255938e+00,4.503029e+00,3.088004e+00,4.874854e+00,4.748024e+00,4.953141e+00,4.992727e+00,4.999914e+00,5.167729e+00,4.669200e+00,3.297271e+00,3.696687e+00,4.556855e+00,3.593221e+00,3.557368e+00,4.922472e+00,4.729354e+00,3.689306e+00,3.110137e+00,4.561189e+00,4.364751e+00,4.881767e+00,4.279686e+00,4.919421e+00,4.588080e+00,4.680652e+00,5.090994e+00,4.825546e+00,5.019648e+00,4.991770e+00,4.924068e+00,4.846917e+00,4.443988e+00,4.417165e+00,4.100547e+00,4.396581e+00,4.685455e+00,4.550946e+00,4.710953e+00,4.950993e+00,4.870802e+00,4.932331e+00,4.818315e+00,4.975930e+00,4.801314e+00,4.822295e+00,4.492606e+00,4.802470e+00,4.955187e+00,4.861254e+00,4.964179e+00,4.700633e+00,4.914286e+00,4.224065e+00,4.817736e+00,4.897767e+00,4.917888e+00,4.726360e+00,4.912762e+00,4.482071e+00,4.660735e+00,4.906898e+00,4.926439e+00,4.915300e+00,4.728430e+00,4.514557e+00,4.973856e+00,4.785279e+00,4.729729e+00,4.853374e+00,4.876857e+00,4.916180e+00,4.649463e+00,4.867331e+00,4.724277e+00,4.943049e+00,4.846292e+00,4.468156e+00,4.962507e+00,4.987227e+00,4.784844e+00,4.805737e+00,4.933235e+00,5.046333e+00
4.528789e+00,4.923536e+00,4.695367e+00,4.993442e+00,4.897467e+00,4.809177e+00,4.543619e+00,4.923763e+00,4.818882e+00,5.012325e+00,5.004282e+00,4.908370e+00,4.902489e+00,4.915957e+00,4.877298e+00,4.977164e+00,4.865319e+00,4.818265e+00,4.760252e+00,4.956713e+00,4.923877e+00,4.723574e+00,5.112212e+00,4.814283e+00,4.357845e+00,4.999587e+00,4.864664e+00,4.974075e+00,4.794536e+00,4.918669e+00,4.646906e+00,4.544968e+00,4.768006e+00,4.895284e+00,4.963814e+00,4.821353e+00,5.023085e+00,4.634585e+00,4.930325e+00,4.831605e+00,4.595894e+00,4.921805e+00,4.980114e+00,4.980012e+00,4.628241e+00,4.670046e+00,4.637801e+00,4.957580e+00,4.453419e+00,4.864895e+00,4.949172e+00,4.752379e+00,4.547661e+00,4.408571e+00,3.567741e+00,4.323210e+00,4.814885e+00,2.459725e+00,3.369494e+00,3.347757e+00,3.159828e+00,4.025723e+00,3.180159e+00,3.790475e+00,4.158334e+00,3.250097e+00,2.601654e+00,2.565191e+00,2.981332e+00,3.283593e+00,3.716533e+00,2.970919e+00,4.593493e+00,4.748647e+00,4.142041e+00,3.401438e+00,4.411190e+00,3.165575e+00,3.589223e+00,4.234791e+00,3.227552e+00,4.463072e+00,4.405804e+00,4.900338e+00,4.220318e+00,3.623174e+00,3.622939e+00,2.514495e+00,2.756825e+00,4.393409e+00,3.310271e+00,4.119962e+00,3.414120e+00,4.036599e+00,3.865397e+00,4.421138e+00,2.361893e+00,3.956505e+00,2.736448e+00,4.812262e+00,4.782348e+00,4.547916e+00,4.925187e+00,4.607200e+00,4.841033e+00,4.631937e+00,4.620724e+00,4.930845e+00,3.807855e+00,3.348667e+00,4.622481e+00,4.370543e+00,4.569468e+00,4.815766e+00,3.003046e+00,2.935035e+00,3.908539e+00,3.375542e+00,2.701548e+00,3.336771e+00,4.657858e+00,4.462880e+00,3.275984e+00,3.070053e+00,4.034556e+00,3.937578e+00,4.413782e+00,3.198441e+00,4.895108e+00,3.046418e+00,3.517290e+00,3.665563e+00,3.282208e+00,3.128665e+00,4.162178e+00,3.529159e+00,4.970736e+00,5.096009e+00,4.837136e+00,4.969022e+00,4.884215e+00,3.853490e+00,4.114759e+00,2.758233e+00,4.565191e+00,3.229268e+00,3.143667e+00,3.704511e+00,4.408984e+00,4.013657e+00,4.535209e+00,4.251632e+00,4.820723e+00,4.078679e+00,3.596029e+00,4.895523e+00,4.571045e+00,4.624673e+00,4.704987e+00,4.659409e+00,4.946336e+00,5.021121e+00,4.259255e+00,5.054295e+00,2.370603e+00,4.024422e+00,3.632912e+00,3.081308e+00,4.863537e+00,4.977389e+00,4.364381e+00,4.819876e+00,4.960921e+00,4.866993e+00,4.381344e+00,4.987020e+00,4.974976e+00,4.924981e+00,5.075421e+00,4.785285e+00,4.574269e+00,4.953695e+00,4.595392e+00,5.055432e+00,4.815246e+00,4.825009e+00,4.791001e+00,4.889583e+00,4.563799e+00,4.917049e+00,4.919968e+00,4.985151e+00,4.539817e+00,4.704914e+00,4.960238e+00,4.662137e+00,4.917131e+00,4.519073e+00,4.630651e+00,4.647051e+00,4.990310e+00,4.843230e+00,5.196251e+00,4.452482e+00,4.948975e+00,4.919413e+00,4.772776e+00,4.937128e+00,5.013537e+00,4.803589e+00,5.064295e+00,4.836318e+00,4.819587e+00,4.631757e+00,4.984288e+00
4.580326e+00,4.376292e+00,4.580622e+00,4.637551e+00,4.503562e+00,4.896557e+00,5.011981e+00,4.829591e+00,4.956685e+00,4.627846e+00,4.872421e+00,4.689133e+00,5.013533e+00,4.753610e+00,4.892604e+00,4.839896e+00,4.986831e+00,4.703486e+00,4.796937e+00,4.438885e+00,4.748584e+00,4.762170e+00,4.672740e+00,4.722917e+00,5.102928e+00,4.506953e+00,4.924908e+00,4.436271e+00,4.879926e+00,5.026162e+00,4.893966e+00,4.855123e+00,4.967279e+00,4.865176e+00,4.784420e+00,4.835897e+00,4.851493e+00,4.864932e+00,4.938289e+00,4.476159e+00,2.606859e+00,4.822824e+00,4.539696e+00,2.407612e+00,4.663095e+00,4.982857e+00,4.891429e+00,4.868316e+00,4.993283e+00,4.882494e+00,4.764589e+00,4.212902e+00,4.539706e+00,4.965206e+00,4.747582e+00,3.498384e+00,3.245036e+00,2.669338e+00,2.608035e+00,4.333727e+00,4.629605e+00,2.859931e+00,4.649102e+00,4.536800e+00,2.672078e+00,4.784927e+00,3.097019e+00,4.742114e+00,4.140151e+00,3.404370e+00,7.218639e+00,3.015204e+00,3.193181e+00,4.414047e+00,4.141896e+00,4.343966e+00,4.244352e+00,4.021387e+00,2.695224e+00,3.329805e+00,3.114864e+00,3.506575e+00,4.143957e+00,3.642666e+00,5.411650e+00,4.026983e+00,3.293578e+00,4.901522e+00,4.270416e+00,2.540277e+00,3.881653e+00,5.195852e+00,4.134824e+00,4.677264e+00,3.820306e+00,4.128349e+00,3.747495e+00,2.729924e+00,2.869370e+00,5.068837e+00,4.820111e+00,4.128173e+00,2.969855e+00,4.671454e+00,4.598870e+00,3.068529e+00,5.072187e+00,4.180260e+00,2.785645e+00,3.467544e+00,4.645037e+00,4.023156e+00,4.945839e+00,4.714228e+00,4.520839e+00,6.493233e+00,3.793452e+00,2.624160e+00,3.514849e+00,3.226228e+00,3.006501e+00,3.316059e+00,4.047118e+00,3.539177e+00,2.843697e+00,3.653623e+00,3.592322e+00,4.040403e+00,4.535270e+00,3.512120e+00,2.726886e+00,2.970288e+00,4.532364e+00,5.119532e+00,4.667784e+00,4.310902e+00,4.824909e+00,3.472337e+00,4.888434e+00,4.322227e+00,3.996048e+00,4.119159e+00,4.648198e+00,4.865285e+00,4.807910e+00,4.927755e+00,4.864635e+00,4.541953e+00,4.304098e+00,3.501368e+00,4.572415e+00,3.505453e+00,4.473002e+00,4.277647e+00,4.662846e+00,4.836795e+00,4.719492e+00,4.752052e+00,4.927080e+00,4.856014e+00,4.717847e+00,4.938188e+00,4.792686e+00,4.739661e+00,4.788393e+00,4.828446e+00,7.160637e+00,3.169986e+00,3.704174e+00,4.239347e+00,4.819447e+00,4.116087e+00,4.774672e+00,4.668423e+00,4.852069e+00,4.924297e+00,4.951399e+00,4.663356e+00,5.022684e+00,4.735718e+00,4.775789e+00,4.972126e+00,4.526522e+00,4.681650e+00,4.885743e+00,4.950922e+00,4.858328e+00,4.580782e+00,4.894663e+00,4.992542e+00,4.775581e+00,4.907785e+00,4.362633e+00,4.506827e+00,4.889072e+00,4.909579e+00,4.896840e+00,4.752141e+00,4.687388e+00,4.794290e+00,4.787336e+00,4.818845e+00,4.678355e+00,5.077680e+00,4.622664e+00,4.854193e+00,4.909933e+00,4.902033e+00,4.820396e+00,4.709166e+00,4.878752e+00,4.996850e+00,4.985632e+00,4.755842e+00,4.776831e+00
4.796649e+00,4.771456e+00,4.768746e+00,4.887700e+00,4.770128e+00,4.945811e+00,4.899022e+00,4.878247e+00,4.803150e+00,5.062653e+00,4.928605e+00,4.902417e+00,4.864566e+00,4.834862e+00,4.857780e+00,4.944324e+00,5.201727e+00,4.930615e+00,4.842652e+00,4.829318e+00,4.623997e+00,4.912923e+00,4.742047e+00,4.821596e+00,4.983166e+00,4.959163e+00,5.045939e+00,4.968008e+00,4.849030e+00,4.938669e+00,4.952182e+00,4.688121e+00,4.835228e+00,5.023591e+00,5.007721e+00,4.942935e+00,4.891203e+00,4.855839e+00,4.741987e+00,4.953229e+00,4.818542e+00,4.599832e+00,4.768392e+00,5.079665e+00,4.858301e+00,4.891806e+00,4.645878e+00,4.761201e+00,4.711158e+00,5.068449e+00,4.828500e+00,4.672826e+00,4.498217e+00,4.094514e+00,3.742996e+00,3.211735e+00,4.412484e+00,2.839674e+00,3.847833e+00,3.784825e+00,2.912871e+00,4.607082e+00,4.077721e+00,2.353781e+00,4.903671e+00,4.800571e+00,4.546867e+00,5.470561e+00,5.031570e+00,9.122070e+00,4.428746e+00,3.365408e+00,3.098438e+00,6.239370e+00,3.200019e+00,2.888938e+00,8.239546e+00,3.269005e+00,3.994241e+00,3.514808e+00,3.676929e+00,2.894977e+00,4.871657e+00,3.458369e+00,2.870876e+00,4.172265e+00,4.098164e+00,3.929995e+00,7.579063e+00,3.115291e+00,3.628781e+00,4.083729e+00,5.140871e+00,4.510891e+00,3.077924e+00,3.494845e+00,2.999550e+00,4.701218e+00,2.806276e+00,4.695982e+00,4.929118e+00,4.992890e+00,4.738854e+00,5.143290e+00,4.549634e+00,3.456344e+00,4.802617e+00,4.747142e+00,4.938462e+00,4.722191e+00,4.450515e+00,4.679107e+00,4.833907e+00,3.293569e+00,4.869974e+00,4.617651e+00,3.878840e+00,4.418033e+00,4.861160e+00,4.030981e+00,3.860932e+00,4.243964e+00,4.597637e+00,3.159248e+00,3.798299e+00,2.770612e+00,4.044254e+00,3.281524e+00,3.324490e+00,3.039772e+00,8.914486e+00,4.157457e+00,3.863615e+00,5.149793e+00,4.985278e+00,4.962958e+00,4.853533e+00,4.651352e+00,4.741464e+00,3.381743e+00,4.555739e+00,5.140748e+00,4.466307e+00,4.629079e+00,4.808090e+00,5.007192e+00,4.716196e+00,3.354149e+00,3.272805e+00,4.063387e+00,2.423078e+00,3.407997e+00,3.255387e+00,4.465582e+00,2.801605e+00,4.646735e+00,4.700454e+00,4.394418e+00,3.990109e+00,4.582219e+00,4.997197e+00,4.823256e+00,4.896942e+00,4.683169e+00,4.575167e+00,5.058180e+00,4.874687e+00,4.135588e+00,3.811387e+00,3.263084e+00,4.884442e+00,4.373191e+00,4.062837e+00,4.887588e+00,4.736374e+00,4.894658e+00,4.670101e+00,4.724714e+00,4.632296e+00,4.952863e+00,4.875101e+00,4.329708e+00,5.012475e+00,4.567902e+00,4.738660e+00,4.957238e+00,4.872674e+00,5.066512e+00,4.817219e+00,4.743747e+00,4.805735e+00,5.050366e+00,4.835250e+00,4.902400e+00,4.638342e+00,4.720933e+00,4.688392e+00,5.005628e+00,4.838720e+00,4.876590e+00,4.949509e+00,4.899427e+00,4.804307e+00,4.919873e+00,4.848746e+00,4.884378e+00,4.426751e+00,4.607383e+00,4.905293e+00,4.907121e+00,4.949005e+00,4.832493e+00,4.801449e+00,4.815440e+00,4.862298e+00
4.812325e+00,4.531596e+00,4.601463e+00,4.717576e+00,5.020605e+00,4.772513e+00,4.737312e+00,5.065237e+00,4.807036e+00,4.908239e+00,4.882274e+00,4.946599e+00,4.785074e+00,4.546878e+00,4.778467e+00,4.852656e+00,4.722536e+00,5.148738e+00,4.863549e+00,4.871734e+00,4.885187e+00,4.646890e+00,4.941543e+00,4.466011e+00,4.864897e+00,4.998473e+00,4.881768e+00,4.481436e+00,4.896071e+00,4.850250e+00,4.939993e+00,4.197352e+00,4.872828e+00,5.049491e+00,4.973755e+00,4.845009e+00,4.851940e+00,4.817878e+00,4.624083e+00,4.741612e+00,4.492787e+00,4.241323e+00,4.984414e+00,4.731101e+00,4.912857e+00,4.833653e+00,5.140206e+00,4.885459e+00,4.841169e+00,4.474445e+00,4.863737e+00,3.768179e+00,3.708520e+00,4.639249e+00,3.578940e+00,3.257104e+00,3.451019e+00,2.584807e+00,4.987607e+00,3.791122e+00,4.221912e+00,4.696315e+00,6.302160e+00,4.071380e+00,4.470839e+00,3.042496e+00,2.668238e+00,4.367191e+00,3.735068e+00,3.399293e+00,3.064934e+00,2.799362e+00,3.155438e+00,4.063323e+00,3.892709e+00,2.844604e+00,4.597640e+00,4.268600e+00,7.623488e+00,2.753584e+00,4.512577e+00,6.916366e+00,4.390087e+00,2.535792e+00,2.769498e+00,3.169127e+00,3.859026e+00,4.205776e+00,9.274854e+00,3.765597e+00,4.966922e+00,3.251396e+00,2.926676e+00,4.676228e+00,4.050614e+00,3.510294e+00,3.287560e+00,3.727294e+00,2.533027e+00,4.947245e+00,4.570815e+00,5.013877e+00,4.774394e+00,4.825909e+00,4.724883e+00,4.755416e+00,4.913098e+00,5.091267e+00,4.522442e+00,5.080136e+00,4.391515e+00,5.011586e+00,4.701819e+00,4.406416e+00,4.017316e+00,4.027029e+00,4.386845e+00,4.322065e+00,3.968863e+00,4.486794e+00,3.871943e+00,4.241788e+00,4.172881e+00,3.589341e+00,4.078143e+00,3.186151e+00,3.422309e+00,2.418204e+00,3.227042e+00,4.810580e+00,4.920153e+00,4.731071e+00,4.942119e+00,5.067858e+00,4.495699e+00,4.862950e+00,4.864255e+00,4.937702e+00,4.243719e+00,3.173129e+00,4.866709e+00,4.812046e+00,4.845274e+00,4.718795e+00,4.215131e+00,4.414484e+00,4.309342e+00,3.056470e+00,5.383704e+00,3.232366e+00,3.946857e+00,4.648213e+00,3.358526e+00,2.688694e+00,4.299583e+00,4.477527e+00,4.397276e+00,2.814751e+00,4.685717e+00,4.727870e+00,4.490348e+00,4.748474e+00,4.841431e+00,5.048167e+00,4.903324e+00,4.898557e+00,4.989985e+00,3.547222e+00,3.952221e+00,3.649650e+00,4.961035e+00,4.963146e+00,5.005331e+00,3.211064e+00,4.745093e+00,4.716361e+00,4.727785e+00,4.893838e+00,4.856625e+00,5.009228e+00,4.393962e+00,4.781215e+00,4.728794e+00,4.914193e+00,4.963517e+00,4.876500e+00,4.661441e+00,4.850181e+00,4.890147e+00,4.994744e+00,4.976314e+00,4.945124e+00,4.841812e+00,4.889632e+00,4.736024e+00,4.541075e+00,4.828726e+00,4.988505e+00,4.792195e+00,4.843917e+00,4.685399e+00,4.794064e+00,5.009303e+00,4.475942e+00,4.761982e+00,4.939145e+00,4.887037e+00,4.828058e+00,4.946565e+00,4.932222e+00,5.051406e+00,4.747823e+00,4.643541e+00,4.704144e+00,4.780417e+00
4.920886e+00,4.815915e+00,4.915010e+00,4.667979e+00,4.852952e+00,4.810996e+00,4.433608e+00,4.799248e+00,4.976176e+00,4.922670e+00,4.514828e+00,4.887496e+00,4.843136e+00,4.563442e+00,5.039811e+00,4.837342e+00,4.847970e+00,4.941212e+00,4.625029e+00,4.861662e+00,4.303992e+00,4.935733e+00,5.078544e+00,4.821615e+00,4.800881e+00,4.716520e+00,4.684925e+00,4.856210e+00,4.793721e+00,5.062995e+00,4.755043e+00,5.005500e+00,4.940053e+00,4.651247e+00,4.799390e+00,4.856268e+00,5.125073e+00,4.303078e+00,4.932077e+00,4.667107e+00,3.104491e+00,4.551668e+00,5.093380e+00,4.625728e+00,4.845393e+00,4.995361e+00,4.637724e+00,4.989810e+00,4.793893e+00,4.101125e+00,4.518689e+00,4.712510e+00,4.167156e+00,4.536180e+00,3.794864e+00,4.450356e+00,4.386521e+00,4.345366e+00,4.720340e+00,3.339374e+00,4.151474e+00,4.416995e+00,4.537407e+00,4.483424e+00,3.366397e+00,3.037433e+00,5.646750e+00,4.261831e+00,2.255615e+00,3.236046e+00,3.310082e+00,3.623175e+00,3.624355e+00,3.312614e+00,4.691617e+00,2.890793e+00,3.762805e+00,5.150852e+00,4.923065e+00,4.279489e+00,4.488118e+00,5.198200e+00,3.837840e+00,3.425489e+00,4.128461e+00,8.892115e+00,4.511752e+00,3.230144e+00,3.774503e+00,3.010817e+00,3.407937e+00,3.562284e+00,3.777822e+00,3.304339e+00,2.977192e+00,4.362749e+00,2.912916e+00,3.900396e+00,2.913450e+00,4.650302e+00,5.167841e+00,4.050846e+00,4.846201e+00,4.916548e+00,4.975866e+00,4.850684e+00,4.874227e+00,4.985793e+00,5.011326e+00,4.424985e+00,4.922676e+00,5.171036e+00,3.693724e+00,3.515142e+00,3.289320e+00,3.094052e+00,5.224188e+00,5.020864e+00,4.610910e+00,3.806705e+00,8.461978e+00,5.280172e+00,3.567046e+00,4.847797e+00,4.084845e+00,3.262321e+00,2.570777e+00,3.092635e+00,3.005958e+00,3.794146e+00,4.922269e+00,4.486680e+00,4.606304e+00,4.777167e+00,4.787453e+00,4.167464e+00,4.590845e+00,4.765459e+00,4.826395e+00,4.778169e+00,4.882225e+00,4.746996e+00,4.802532e+00,4.942720e+00,4.888200e+00,3.522757e+00,2.322164e+00,2.924472e+00,3.627059e+00,2.904560e+00,4.707058e+00,2.736117e+00,4.263142e+00,3.266631e+00,3.188676e+00,3.516989e+00,3.231803e+00,4.353879e+00,4.727115e+00,4.717375e+00,4.674688e+00,4.823339e+00,4.870491e+00,4.739582e+00,4.908089e+00,4.900635e+00,4.992679e+00,4.931328e+00,5.019144e+00,3.139333e+00,2.893642e+00,3.418936e+00,4.964225e+00,5.043153e+00,3.596543e+00,4.822233e+00,4.885374e+00,5.185979e+00,4.896946e+00,4.842696e+00,4.582841e+00,4.861264e+00,4.888329e+00,4.967144e+00,4.830757e+00,4.739081e+00,4.698824e+00,4.657021e+00,4.800384e+00,4.887051e+00,4.812530e+00,4.874215e+00,4.924186e+00,5.012723e+00,5.082483e+00,5.081777e+00,4.946589e+00,4.854778e+00,5.086378e+00,4.785342e+00,4.796617e+00,4.854551e+00,4.889857e+00,5.092894e+00,4.989886e+00,4.631874e+00,4.982259e+00,4.670593e+00,4.759639e+00,4.950726e+00,4.980743e+00,4.898562e+00,4.652501e+00,4.930985e+00,5.030853e+00
4.739073e+00,4.860400e+00,4.751821e+00,4.552404e+00,5.048135e+00,4.902763e+00,4.832574e+00,4.517601e+00,4.907081e+00,4.605667e+00,4.953104e+00,5.040244e+00,4.850581e+00,4.970842e+00,4.631641e+00,4.952416e+00,4.967891e+00,4.908046e+00,4.982935e+00,4.876352e+00,4.651699e+00,4.948863e+00,4.889913e+00,4.977255e+00,4.953925e+00,4.946775e+00,4.713149e+00,4.889825e+00,4.894170e+00,4.794025e+00,4.773798e+00,4.958948e+00,4.857202e+00,4.892695e+00,4.535599e+00,4.626225e+00,5.019746e+00,5.043350e+00,4.465371e+00,4.816636e+00,4.576171e+00,4.967289e+00,4.837741e+00,4.681116e+00,4.944861e+00,5.000447e+00,4.729657e+00,4.659624e+00,4.371597e+00,2.867580e+00,2.881559e+00,3.207267e+00,4.990218e+00,4.744794e+00,4.091664e+00,4.206528e+00,4.030515e+00,6.790215e+00,2.950985e+00,5.036474e+00,4.539582e+00,3.889714e+00,2.838662e+00,2.991085e+00,3.291923e+00,4.070437e+00,3.985797e+00,3.111380e+00,3.648815e+00,7.692944e+00,3.093512e+00,3.613094e+00,4.208353e+00,4.165740e+00,4.084653e+00,4.014207e+00,4.828576e+00,2.270366e+00,2.763205e+00,7.030878e+00,4.599158e+00,4.655794e+00,3.235457e+00,4.822899e+00,3.142917e+00,3.322712e+00,3.395997e+00,3.259050e+00,2.940129e+00,4.106722e+00,3.985777e+00,4.533337e+00,9.618455e+00,7.573422e+00,4.924115e+00,3.414745e+00,3.837673e+00,3.666196e+00,4.237474e+00,5.046021e+00,4.470941e+00,3.793470e+00,2.349691e+00,3.276190e+00,4.985503e+00,4.966383e+00,4.782822e+00,3.725115e+00,3.726495e+00,2.380851e+00,3.898141e+00,3.583053e+00,3.059557e+00,4.006379e+00,3.172177e+00,4.782085e+00,4.852437e+00,3.874115e+00,2.997627e+00,6.020117e+00,5.390151e+00,5.884162e+00,3.208924e+00,4.054305e+00,4.358978e+00,3.663927e+00,4.577803e+00,4.164577e+00,4.864199e+00,4.982103e+00,4.413698e+00,5.026212e+00,4.998835e+00,4.217407e+00,5.022097e+00,5.002640e+00,4.938995e+00,4.496964e+00,4.604654e+00,4.161752e+00,4.761836e+00,4.861464e+00,4.825836e+00,4.930131e+00,4.774841e+00,6.641467e+00,4.003598e+00,3.543004e+00,3.968614e+00,4.990569e+00,3.170181e+00,2.888681e+00,3.172311e+00,3.591260e+00,3.046210e+00,2.626692e+00,3.316428e+00,4.406958e+00,4.317381e+00,3.146831e+00,4.711720e+00,4.256668e+00,4.639323e+00,4.722352e+00,5.021648e+00,4.857429e+00,4.824329e+00,4.796672e+00,4.576747e+00,4.655994e+00,4.807676e+00,3.715380e+00,5.072426e+00,4.749819e+00,4.612015e+00,3.107343e+00,4.792455e+00,4.960357e+00,4.839059e+00,4.742558e+00,4.901860e+00,4.732026e+00,4.221257e+00,4.767598e+00,5.049630e+00,4.738554e+00,4.707141e+00,4.847637e+00,4.931590e+00,4.855871e+00,5.005916e+00,4.849538e+00,4.648921e+00,4.876110e+00,4.755661e+00,4.973126e+00,5.049834e+00,4.832229e+00,4.758407e+00,4.800058e+00,4.915542e+00,4.845264e+00,4.841834e+00,4.601255e+00,4.549765e+00,4.922364e+00,4.926575e+00,4.863466e+00,4.798829e+00,4.881001e+00,4.955282e+00,4.729736e+00,4.737547e+00,4.738751e+00,4.674055e+00
4.543015e+00,5.034717e+00,4.761896e+00,4.920183e+00,4.890410e+00,4.598028e+00,4.944843e+00,4.985450e+00,4.893709e+00,4.670107e+00,5.046199e+00,4.969071e+00,4.773183e+00,4.775959e+00,5.027921e+00,4.928508e+00,4.791017e+00,4.936192e+00,4.933693e+00,4.814006e+00,4.759604e+00,5.046419e+00,4.883457e+00,4.747046e+00,5.097201e+00,4.846208e+00,4.364981e+00,4.848175e+00,4.753450e+00,4.863063e+00,4.864663e+00,4.738662e+00,5.025022e+00,4.669546e+00,2.978236e+00,4.678596e+00,4.760908e+00,4.792431e+00,3.295855e+00,4.460054e+00,4.611029e+00,4.614706e+00,4.460666e+00,5.048653e+00,4.777207e+00,4.715702e+00,4.840890e+00,4.709683e+00,3.962660e+00,3.756592e+00,3.774940e+00,3.705479e+00,3.308313e+00,4.049679e+00,4.459979e+00,5.260518e+00,2.961449e+00,3.944692e+00,4.933824e+00,4.733756e+00,2.972827e+00,2.688267e+00,4.449380e+00,3.703280e+00,4.590864e+00,4.223107e+00,2.983560e+00,6.710922e+00,5.809864e+00,3.689943e+00,4.367465e+00,3.217845e+00,3.508489e+00,9.241501e+00,3.165922e+00,3.450984e+00,5.359964e+00,2.735650e+00,3.091084e+00,9.834732e+00,5.227317e+00,4.524112e+00,5.869443e+00,9.807643e+00,9.472408e+00,8.163787e+00,3.179069e+00,3.274165e+00,2.853106e+00,4.189370e+00,4.456683e+00,3.741227e+00,4.366132e+00,2.872650e+00,2.824768e+00,4.576351e+00,4.522065e+00,3.599724e+00,3.609689e+00,3.885545e+00,4.320240e+00,2.809618e+00,4.107540e+00,2.970266e+00,4.729331e+00,5.077267e+00,4.888393e+00,3.312529e+00,3.921207e+00,4.422377e+00,4.512297e+00,3.589878e+00,4.587364e+00,4.731679e+00,2.878526e+00,3.552557e+00,4.591669e+00,9.164836e+00,4.736003e+00,4.592484e+00,3.511394e+00,4.657849e+00,7.226742e+00,4.272085e+00,3.353851e+00,4.171250e+00,6.937687e+00,4.258821e+00,4.695342e+00,4.814323e+00,4.931647e+00,5.036372e+00,4.940586e+00,5.033642e+00,4.940214e+00,4.721593e+00,5.060165e+00,3.135273e+00,4.811781e+00,4.791012e+00,4.985863e+00,4.807188e+00,4.470398e+00,4.757385e+00,4.706024e+00,3.168975e+00,4.027988e+00,4.021785e+00,4.060767e+00,4.066871e+00,3.542195e+00,4.901357e+00,4.179143e+00,2.860023e+00,3.162941e+00,3.720164e+00,3.699415e+00,3.281632e+00,4.440160e+00,3.356405e+00,4.519725e+00,4.752371e+00,4.490612e+00,4.350895e+00,4.751832e+00,4.989077e+00,5.098724e+00,4.962959e+00,4.621034e+00,4.838443e+00,4.801254e+00,3.406000e+00,4.944617e+00,2.642607e+00,4.237439e+00,4.864259e+00,3.339160e+00,4.531367e+00,4.942402e+00,4.766525e+00,4.841883e+00,4.822521e+00,4.991283e+00,4.821074e+00,4.695895e+00,4.847047e+00,4.884168e+00,4.811377e+00,4.795731e+00,4.754876e+00,4.714451e+00,4.935059e+00,4.810921e+00,4.997243e+00,4.415713e+00,4.764655e+00,4.807182e+00,4.993156e+00,4.694882e+00,4.771485e+00,4.438663e+00,4.950698e+00,4.502135e+00,4.950716e+00,4.764701e+00,4.910218e+00,4.996987e+00,4.886339e+00,4.729376e+00,4.788788e+00,4.867994e+00,4.878409e+00,4.597350e+00,4.834460e+00,4.690146e+00
4.839455e+00,5.011014e+00,4.807697e+00,4.638985e+00,4.730302e+00,4.887726e+00,4.881432e+00,5.011122e+00,4.826166e+00,4.828497e+00,4.409183e+00,4.681778e+00,5.034932e+00,4.941991e+00,4.938070e+00,5.101404e+00,4.893431e+00,5.039130e+00,4.641754e+00,4.694526e+00,4.854518e+00,4.851355e+00,5.008016e+00,4.884520e+00,4.921029e+00,4.671042e+00,4.844063e+00,4.836397e+00,5.154010e+00,4.943522e+00,4.887404e+00,4.782257e+00,4.689438e+00,5.101668e+00,4.723504e+00,4.935974e+00,4.661451e+00,4.637264e+00,4.868332e+00,4.817481e+00,4.828531e+00,4.892147e+00,4.723810e+00,5.020915e+00,4.946743e+00,4.602886e+00,4.317973e+00,4.663739e+00,3.693821e+00,2.403518e+00,4.082882e+00,3.525363e+00,3.592397e+00,2.861376e+00,3.637864e+00,3.635906e+00,2.623406e+00,4.266214e+00,4.159022e+00,4.017922e+00,2.975899e+00,4.370980e+00,4.604497e+00,9.638902e+00,8.368198e+00,3.236139e+00,3.008507e+00,4.074172e+00,3.381189e+00,3.924531e+00,2.753690e+00,3.336387e+00,2.583531e+00,3.884792e+00,3.383990e+00,4.239940e+00,4.399913e+00,3.231432e+00,4.892716e+00,4.411952e+00,4.401649e+00,9.043963e+00,4.507300e+00,4.724214e+00,3.424787e+00,2.977048e+00,4.960412e+00,3.208007e+00,4.339605e+00,4.762384e+00,2.848577e+00,3.513166e+00,4.820600e+00,4.774055e+00,5.246648e+00,6.543724e+00,2.373087e+00,3.849954e+00,1.041866e+01,4.702633e+00,4.550263e+00,3.802777e+00,4.213172e+00,3.937631e+00,4.770432e+00,4.892085e+00,5.141944e+00,3.956700e+00,6.988864e+00,4.296874e+00,3.370481e+00,3.798529e+00,4.412259e+00,4.474658e+00,8.337626e+00,2.695173e+00,4.172622e+00,4.788725e+00,3.547443e+00,3.522746e+00,4.608476e+00,4.435905e+00,4.058589e+00,8.605233e+00,4.190627e+00,3.478164e+00,3.686128e+00,3.978248e+00,5.020356e+00,4.888356e+00,4.978829e+00,4.787685e+00,4.866440e+00,4.721260e+00,4.917091e+00,4.615473e+00,4.767148e+00,4.985540e+00,5.018986e+00,3.880433e+00,4.918923e+00,4.611890e+00,2.992570e+00,2.904838e+00,4.691151e+00,3.523191e+00,3.028966e+00,4.233648e+00,4.788669e+00,3.888686e+00,2.746814e+00,2.681434e+00,4.234315e+00,3.125244e+00,3.928426e+00,4.839611e+00,3.966718e+00,3.990967e+00,3.412796e+00,3.912211e+00,4.137476e+00,3.790647e+00,3.820183e+00,4.501746e+00,4.750479e+00,4.077717e+00,4.878585e+00,4.658983e+00,4.817970e+00,5.032370e+00,5.093982e+00,4.022980e+00,2.424180e+00,2.588614e+00,2.871951e+00,4.913778e+00,4.928707e+00,4.341654e+00,4.604739e+00,4.772637e+00,4.895024e+00,4.756623e+00,4.933488e+00,4.651358e+00,5.095628e+00,4.826518e+00,4.787042e+00,4.923914e+00,4.345856e+00,4.793236e+00,4.840269e+00,4.763910e+00,4.443465e+00,4.857132e+00,4.754787e+00,4.538097e+00,4.939820e+00,4.741949e+00,4.961070e+00,4.949519e+00,4.570342e+00,4.900618e+00,4.779144e+00,5.029063e+00,5.088822e+00,5.041229e+00,4.728456e+00,4.810770e+00,4.723627e+00,4.870207e+00,5.006831e+00,4.704036e+00,4.822074e+00,4.673523e+00,5.005146e+00
4.855132e+00,4.459914e+00,4.900552e+00,4.930335e+00,4.668108e+00,4.934173e+00,4.855830e+00,4.865186e+00,5.074053e+00,4.672196e+00,4.482860e+00,4.512226e+00,4.802898e+00,4.938493e+00,4.689027e+00,4.854245e+00,4.969694e+00,4.878730e+00,4.916305e+00,4.781344e+00,4.967096e+00,4.767663e+00,4.807231e+00,4.745182e+00,4.900919e+00,4.870697e+00,4.660696e+00,4.931345e+00,4.779179e+00,4.956691e+00,5.053978e+00,4.917116e+00,4.892392e+00,4.961699e+00,4.755806e+00,4.915381e+00,4.689377e+00,4.890310e+00,4.730041e+00,4.841506e+00,4.687614e+00,4.802811e+00,5.102890e+00,4.854257e+00,4.834712e+00,4.002038e+00,4.245048e+00,4.495310e+00,2.799444e+00,3.292661e+00,4.241306e+00,2.974520e+00,4.774538e+00,3.515519e+00,2.901172e+00,6.349549e+00,4.574987e+00,4.758036e+00,4.206782e+00,4.621352e+00,3.828915e+00,5.240689e+00,3.558239e+00,2.551879e+00,3.120033e+00,4.522502e+00,2.777971e+00,4.621446e+00,4.142308e+00,3.169425e+00,5.515104e+00,4.940635e+00,3.257891e+00,4.619941e+00,3.697815e+00,3.376243e+00,4.970171e+00,3.261146e+00,2.980376e+00,4.061627e+00,4.902624e+00,4.477599e+00,7.282684e+00,3.935751e+00,3.740849e+00,4.538333e+00,3.681598e+00,4.560652e+00,8.717913e+00,4.014693e+00,8.279845e+00,6.414332e+00,4.032482e+00,4.608456e+00,4.848664e+00,5.648043e+00,4.617317e+00,4.555132e+00,3.978748e+00,3.180986e+00,4.450070e+00,3.895486e+00,3.517214e+00,3.688955e+00,4.536885e+00,4.481950e+00,5.014406e+00,8.407661e+00,4.697219e+00,8.065168e+00,3.225558e+00,2.608920e+00,4.198239e+00,5.381396e+00,4.085780e+00,4.048013e+00,8.864506e+00,4.209488e+00,3.001868e+00,9.560301e+00,3.380407e+00,8.503090e+00,3.306561e+00,4.026142e+00,3.191722e+00,3.408031e+00,4.521685e+00,2.660981e+00,2.851816e+00,4.522247e+00,4.899958e+00,4.562504e+00,5.010819e+00,4.854733e+00,4.941443e+00,4.865950e+00,3.826468e+00,4.344545e+00,5.088772e+00,4.760940e+00,5.063859e+00,4.854814e+00,4.445164e+00,9.905498e+00,3.618708e+00,2.841354e+00,3.431502e+00,4.704391e+00,6.613965e+00,6.771781e+00,5.359051e+00,2.784038e+00,2.549691e+00,3.948058e+00,2.937863e+00,5.118373e+00,2.754694e+00,3.320790e+00,4.778311e+00,4.383131e+00,2.740873e+00,4.669106e+00,3.909325e+00,3.922545e+00,4.456496e+00,4.691752e+00,4.931657e+00,4.683586e+00,4.957837e+00,4.844145e+00,4.859089e+00,4.886762e+00,4.651702e+00,4.253847e+00,2.768654e+00,4.226527e+00,4.592527e+00,5.108405e+00,3.097439e+00,4.526854e+00,4.882925e+00,4.927308e+00,4.928806e+00,4.889007e+00,4.513267e+00,4.691277e+00,4.968293e+00,4.735620e+00,4.528033e+00,4.266953e+00,4.815814e+00,4.822318e+00,5.008440e+00,4.929465e+00,5.183674e+00,4.993732e+00,4.779392e+00,4.974764e+00,4.500920e+00,4.774642e+00,5.077536e+00,4.845357e+00,4.798958e+00,4.812317e+00,4.974172e+00,4.999949e+00,4.772176e+00,4.872237e+00,4.802295e+00,4.735377e+00,4.785479e+00,4.638033e+00,5.015692e+00,4.839377e+00,4.802210e+00
4.861937e+00,5.036678e+00,4.641183e+00,4.868493e+00,4.953050e+00,5.012524e+00,5.046186e+00,4.944149e+00,4.912054e+00,4.979017e+00,4.927168e+00,4.764478e+00,5.039236e+00,4.686334e+00,4.849209e+00,4.835915e+00,4.840690e+00,5.000093e+00,5.029685e+00,4.883398e+00,4.886060e+00,4.906704e+00,4.760360e+00,4.718003e+00,4.995487e+00,4.985090e+00,4.849567e+00,4.785981e+00,4.579613e+00,4.900807e+00,4.744526e+00,4.509134e+00,4.962653e+00,4.565744e+00,2.871584e+00,4.749768e+00,5.080847e+00,4.587508e+00,4.935988e+00,4.655888e+00,4.880013e+00,5.043135e+00,4.557544e+00,4.713621e+00,3.048800e+00,4.706218e+00,3.211899e+00,3.710818e+00,4.550861e+00,4.289365e+00,3.562710e+00,4.757221e+00,2.604010e+00,4.782038e+00,3.524249e+00,4.005430e+00,5.052690e+00,3.899175e+00,4.617971e+00,1.023754e+01,4.394593e+00,2.963127e+00,2.747993e+00,9.119041e+00,5.574923e+00,3.875990e+00,8.182159e+00,3.962039e+00,2.351176e+00,2.467658e+00,4.238222e+00,9.531980e+00,4.241329e+00,5.795222e+00,4.387419e+00,2.586623e+00,2.634510e+00,4.463135e+00,4.205628e+00,2.784601e+00,4.675929e+00,1.030170e+01,5.420839e+00,4.470819e+00,2.510620e+00,4.341157e+00,3.846525e+00,3.541486e+00,4.846885e+00,8.795918e+00,1.041866e+01,5.007725e+00,4.387917e+00,4.223218e+00,5.409050e+00,4.674796e+00,2.835352e+00,2.679505e+00,4.566063e+00,3.833774e+00,7.596967e+00,4.053303e+00,4.420045e+00,2.811879e+00,4.987347e+00,4.911128e+00,4.292592e+00,3.222897e+00,5.284226e+00,5.249154e+00,4.108555e+00,3.805122e+00,4.080737e+00,9.128827e+00,4.480760e+00,4.608727e+00,6.515789e+00,4.812213e+00,3.311331e+00,4.489808e+00,2.993293e+00,2.322011e+00,4.349453e+00,4.056019e+00,4.269319e+00,3.918706e+00,3.601158e+00,3.244624e+00,3.140626e+00,3.480434e+00,4.915703e+00,4.857888e+00,5.092755e+00,4.959891e+00,4.931202e+00,4.714637e+00,5.083434e+00,4.799281e+00,4.871785e+00,4.933442e+00,4.804041e+00,5.094622e+00,4.365343e+00,4.542480e+00,4.316293e+00,4.340818e+00,4.116492e+00,3.068747e+00,4.907408e+00,4.483346e+00,3.595255e+00,3.534215e+00,4.332381e+00,4.452313e+00,4.340449e+00,3.568358e+00,3.119925e+00,3.831216e+00,4.264831e+00,3.305563e+00,4.601694e+00,3.111686e+00,4.886328e+00,3.691190e+00,4.874729e+00,4.555833e+00,4.450282e+00,4.482220e+00,4.843203e+00,4.831753e+00,5.041093e+00,4.452427e+00,4.978411e+00,4.151591e+00,6.453566e+00,4.676666e+00,4.951306e+00,4.601117e+00,4.896924e+00,3.727211e+00,4.966253e+00,4.738043e+00,5.008000e+00,4.320410e+00,4.950148e+00,5.051677e+00,4.427801e+00,5.013844e+00,4.935995e+00,4.735803e+00,5.157990e+00,4.921290e+00,4.990151e+00,4.501566e+00,4.987809e+00,4.764078e+00,4.851712e+00,5.056843e+00,4.943978e+00,4.650815e+00,4.940988e+00,4.706754e+00,4.919068e+00,4.798125e+00,4.789735e+00,4.759460e+00,4.866780e+00,4.630801e+00,5.114355e+00,5.074817e+00,4.685088e+00,4.818710e+00,4.682041e+00,4.683415e+00,4.909227e+00
4.753811e+00,4.908266e+00,4.796892e+00,4.977869e+00,4.603845e+00,4.855813e+00,4.870509e+00,4.892205e+00,4.447979e+00,4.856554e+00,4.998900e+00,4.923487e+00,4.526555e+00,4.910670e+00,4.848463e+00,4.721742e+00,4.636047e+00,4.990500e+00,5.024365e+00,4.851784e+00,4.951722e+00,4.753469e+00,4.678664e+00,4.758505e+00,4.984464e+00,4.343601e+00,4.714367e+00,4.992155e+00,4.744889e+00,4.724176e+00,5.040818e+00,4.945141e+00,4.466247e+00,4.745957e+00,5.016242e+00,4.775868e+00,4.971908e+00,4.930450e+00,4.829209e+00,4.914007e+00,4.731476e+00,4.739239e+00,4.169407e+00,4.748454e+00,4.122911e+00,3.790004e+00,3.839095e+00,3.962338e+00,3.949383e+00,3.548666e+00,3.397139e+00,2.619200e+00,3.303406e+00,4.905941e+00,3.722729e+00,3.851163e+00,3.271733e+00,4.699479e+00,3.445527e+00,4.917397e+00,4.381367e+00,5.151159e+00,3.066870e+00,2.988951e+00,4.239934e+00,4.372741e+00,9.465142e+00,3.093684e+00,3.686177e+00,5.231541e+00,4.282165e+00,3.616330e+00,2.905446e+00,3.412682e+00,6.418216e+00,9.058013e+00,3.798296e+00,4.594118e+00,4.279100e+00,4.315115e+00,4.263817e+00,4.954619e+00,3.143678e+00,6.864951e+00,9.396613e+00,6.187994e+00,7.896519e+00,4.607070e+00,6.337335e+00,6.107705e+00,4.249356e+00,2.683215e+00,3.873124e+00,2.966441e+00,6.859384e+00,3.718320e+00,4.597517e+00,8.922546e+00,3.201103e+00,4.162604e+00,4.136836e+00,4.281820e+00,4.375628e+00,3.784538e+00,4.463359e+00,4.335154e+00,4.802373e+00,5.025690e+00,2.746198e+00,9.980741e+00,3.459964e+00,4.837429e+00,8.699283e+00,3.938018e+00,3.601955e+00,4.294415e+00,4.900879e+00,6.116073e+00,3.804430e+00,3.740834e+00,4.949826e+00,5.111017e+00,3.208361e+00,3.150786e+00,5.091238e+00,2.524245e+00,5.343022e+00,2.970476e+00,4.727808e+00,5.003386e+00,4.916003e+00,4.917554e+00,4.138858e+00,4.586113e+00,4.861846e+00,3.989511e+00,4.489919e+00,5.155110e+00,4.723239e+00,4.438120e+00,5.013884e+00,4.834686e+00,4.513539e+00,7.007209e+00,5.238644e+00,3.778140e+00,2.794786e+00,4.934759e+00,4.963371e+00,4.245393e+00,3.676941e+00,4.317837e+00,3.699686e+00,3.482712e+00,4.506208e+00,2.662043e+00,4.025823e+00,4.217278e+00,3.870211e+00,3.366667e+00,2.536564e+00,4.173505e+00,4.243069e+00,3.482352e+00,4.672469e+00,4.066263e+00,4.317132e+00,4.943052e+00,4.584557e+00,4.613242e+00,4.821843e+00,4.779581e+00,4.922715e+00,4.713113e+00,5.120936e+00,4.589817e+00,4.053195e+00,4.615084e+00,4.657523e+00,5.120111e+00,4.569296e+00,4.705816e+00,4.408506e+00,5.009484e+00,5.051834e+00,4.639488e+00,4.858866e+00,4.377121e+00,4.684613e+00,4.405362e+00,4.887121e+00,4.963035e+00,4.849689e+00,4.618359e+00,4.661310e+00,4.899347e+00,4.586766e+00,5.123214e+00,4.933662e+00,4.948296e+00,5.052320e+00,4.643860e+00,4.994795e+00,4.870434e+00,5.047714e+00,4.813115e+00,4.985569e+00,4.605968e+00,4.985597e+00,4.077037e+00,5.014480e+00,4.924354e+00,4.905665e+00,4.783289e+00,4.855882e+00
4.704815e+00,4.847497e+00,5.045129e+00,4.841732e+00,4.683895e+00,4.963311e+00,4.946494e+00,4.488726e+00,4.600985e+00,5.037357e+00,4.942234e+00,5.074970e+00,4.901471e+00,4.867702e+00,4.976658e+00,5.023195e+00,4.657488e+00,5.000571e+00,4.930193e+00,4.852716e+00,4.889822e+00,4.985036e+00,4.523081e+00,5.055147e+00,4.883371e+00,4.932500e+00,5.020898e+00,4.602122e+00,4.938650e+00,4.495438e+00,4.492792e+00,4.679700e+00,4.996992e+00,4.414478e+00,4.391703e+00,4.977647e+00,4.627988e+00,4.995422e+00,5.001771e+00,4.895109e+00,4.765386e+00,4.731930e+00,4.188573e+00,3.154014e+00,5.028582e+00,3.161699e+00,2.927154e+00,4.480184e+00,3.539258e+00,2.428548e+00,3.882243e+00,7.010522e+00,9.427570e+00,4.140939e+00,3.969782e+00,3.053244e+00,6.883583e+00,3.968150e+00,1.041866e+01,2.858601e+00,4.763617e+00,4.002907e+00,8.142460e+00,5.223123e+00,3.915695e+00,2.878088e+00,4.062288e+00,3.522389e+00,4.513771e+00,3.334428e+00,8.788173e+00,4.688187e+00,4.823573e+00,3.493447e+00,2.469533e+00,3.105979e+00,3.943493e+00,3.250156e+00,5.815597e+00,3.736360e+00,4.299772e+00,9.710981e+00,3.625957e+00,3.985091e+00,3.663303e+00,3.614073e+00,7.630095e+00,4.211836e+00,2.416237e+00,3.752779e+00,4.451412e+00,3.562981e+00,3.515543e+00,7.061212e+00,4.408267e+00,3.731359e+00,2.944632e+00,4.815741e+00,3.044867e+00,3.132161e+00,7.936155e+00,3.663622e+00,5.144167e+00,4.035184e+00,4.502632e+00,4.944276e+00,4.389746e+00,4.151330e+00,1.032698e+01,4.501618e+00,4.516474e+00,2.604632e+00,3.779356e+00,2.783540e+00,5.407540e+00,3.864541e+00,9.112317e+00,4.345296e+00,4.119267e+00,3.542750e+00,3.314387e+00,4.332272e+00,9.764262e+00,3.349683e+00,3.822116e+00,2.609671e+00,4.486439e+00,4.659012e+00,2.926692e+00,4.545000e+00,4.942702e+00,5.095138e+00,5.116455e+00,4.834986e+00,3.073378e+00,4.927970e+00,4.630283e+00,4.532480e+00,4.552912e+00,5.050766e+00,5.127334e+00,4.748299e+00,4.452071e+00,4.837300e+00,4.048207e+00,3.484866e+00,2.913984e+00,3.125521e+00,4.136350e+00,4.133314e+00,3.521087e+00,3.451558e+00,3.346350e+00,4.874397e+00,4.223971e+00,3.071829e+00,4.315219e+00,3.456274e+00,3.175363e+00,4.006409e+00,3.867896e+00,4.580894e+00,3.970410e+00,3.187259e+00,3.963415e+00,3.152400e+00,3.202934e+00,4.488402e+00,3.380980e+00,4.803958e+00,4.935300e+00,4.921142e+00,4.953301e+00,5.067436e+00,4.604275e+00,3.332231e+00,4.363258e+00,4.215303e+00,5.081906e+00,5.062542e+00,5.088876e+00,4.217140e+00,4.820606e+00,4.760516e+00,4.674778e+00,4.927269e+00,4.749234e+00,4.979792e+00,4.627737e+00,5.106015e+00,4.947965e+00,4.811903e+00,4.832178e+00,4.312356e+00,4.910924e+00,5.043590e+00,4.901487e+00,4.720216e+00,4.750155e+00,5.029925e+00,5.077085e+00,5.034132e+00,4.977001e+00,4.926770e+00,4.962384e+00,4.981120e+00,5.069499e+00,4.664629e+00,4.990025e+00,4.719633e+00,4.794741e+00,4.990078e+00,4.587984e+00,5.090685e+00,4.884748e+00
4.958573e+00,4.973890e+00,4.644897e+00,5.020410e+00,5.003255e+00,4.999625e+00,4.935791e+00,4.948171e+00,5.103482e+00,5.084576e+00,4.884580e+00,4.896413e+00,4.920858e+00,5.140775e+00,4.991909e+00,4.907829e+00,4.555080e+00,4.758700e+00,4.794135e+00,4.873565e+00,4.976152e+00,4.743858e+00,4.552887e+00,5.011454e+00,4.903506e+00,5.248367e+00,4.825855e+00,4.913940e+00,4.833780e+00,4.759223e+00,4.814951e+00,2.485198e+00,4.402835e+00,4.869540e+00,5.047136e+00,5.056821e+00,4.712709e+00,4.851807e+00,5.142852e+00,4.691023e+00,4.642210e+00,4.443597e+00,3.835851e+00,3.410446e+00,3.685047e+00,4.945618e+00,3.744513e+00,4.069177e+00,4.092264e+00,4.564771e+00,2.813347e+00,9.052580e+00,4.742837e+00,3.960993e+00,3.858577e+00,3.394740e+00,6.556560e+00,3.499494e+00,3.441582e+00,2.785927e+00,2.587841e+00,4.891189e+00,3.914378e+00,3.832476e+00,4.601231e+00,3.082717e+00,5.314510e+00,3.039227e+00,3.617824e+00,3.214642e+00,4.590466e+00,4.706772e+00,4.421452e+00,4.412723e+00,3.504578e+00,9.138776e+00,7.260768e+00,3.428178e+00,3.627629e+00,3.395801e+00,6.609657e+00,4.647017e+00,3.719299e+00,nan,1.000722e+01,4.120989e+00,4.191271e+00,6.873395e+00,5.614311e+00,3.086468e+00,4.689926e+00,9.396119e+00,8.984556e+00,5.088445e+00,6.193364e+00,3.937406e+00,4.034147e+00,3.976636e+00,3.009043e+00,2.618745e+00,6.090576e+00,8.638206e+00,7.379380e+00,3.024369e+00,4.841570e+00,4.690366e+00,5.009230e+00,4.802078e+00,9.081833e+00,4.745425e+00,3.815226e+00,4.223528e+00,1.027373e+01,3.708095e+00,7.761882e+00,4.545524e+00,3.338123e+00,7.261688e+00,4.142895e+00,3.285837e+00,5.938552e+00,5.780127e+00,7.373691e+00,4.006204e+00,4.362540e+00,9.180102e+00,4.809188e+00,4.461245e+00,4.100219e+00,3.619742e+00,4.808652e+00,4.737581e+00,4.451822e+00,3.392285e+00,4.400797e+00,4.724698e+00,4.895620e+00,4.950194e+00,3.702423e+00,5.110025e+00,4.571690e+00,5.023848e+00,4.757467e+00,4.931285e+00,4.701871e+00,4.299382e+00,3.163572e+00,3.288165e+00,2.781995e+00,3.396921e+00,4.037924e+00,2.687734e+00,5.325878e+00,4.163562e+00,2.924347e+00,3.623665e+00,3.704299e+00,3.017287e+00,3.198500e+00,3.152343e+00,3.995458e+00,4.164812e+00,3.016761e+00,3.796176e+00,2.728348e+00,2.620840e+00,3.969221e+00,4.087797e+00,4.440976e+00,4.532216e+00,4.150485e+00,5.099147e+00,4.896510e+00,4.805962e+00,4.891285e+00,4.867655e+00,3.374322e+00,3.963551e+00,2.652573e+00,3.648901e+00,4.683355e+00,4.787961e+00,5.100136e+00,4.951726e+00,4.684169e+00,4.811196e+00,4.705635e+00,4.988739e+00,5.088376e+00,4.608947e+00,4.816339e+00,5.125179e+00,5.016651e+00,4.863391e+00,4.597481e+00,5.025576e+00,4.887569e+00,5.050580e+00,5.159400e+00,4.873944e+00,4.543157e+00,4.876559e+00,4.679372e+00,4.937716e+00,4.750689e+00,4.809845e+00,4.937398e+00,4.624096e+00,5.013062e+00,4.753744e+00,4.936377e+00,4.559879e+00,4.647149e+00,4.906865e+00,4.914752e+00
5.004914e+00,4.688079e+00,4.954063e+00,4.933978e+00,4.876412e+00,5.038523e+00,4.747358e+00,4.965694e+00,5.062262e+00,4.896312e+00,4.773907e+00,4.799597e+00,5.048563e+00,4.862945e+00,5.043513e+00,4.992990e+00,4.933227e+00,4.696002e+00,4.604020e+00,4.857245e+00,4.990890e+00,5.066206e+00,4.783453e+00,4.942236e+00,4.899876e+00,4.648413e+00,4.961799e+00,4.742153e+00,4.187737e+00,4.623355e+00,4.829852e+00,4.576653e+00,4.806251e+00,4.735428e+00,5.043473e+00,5.030882e+00,4.840344e+00,4.936051e+00,4.572970e+00,4.583848e+00,4.985921e+00,3.991309e+00,4.441526e+00,3.332899e+00,3.688401e+00,4.499391e+00,3.047162e+00,4.217932e+00,5.104475e+00,3.205996e+00,2.406335e+00,3.632718e+00,2.581516e+00,3.894616e+00,9.144307e+00,4.414717e+00,3.943464e+00,3.014436e+00,3.425557e+00,4.846175e+00,3.148588e+00,4.372091e+00,6.188128e+00,3.898178e+00,3.579608e+00,4.318154e+00,2.858106e+00,3.843600e+00,4.154583e+00,4.699796e+00,4.408456e+00,3.990636e+00,2.501721e+00,4.418889e+00,3.753681e+00,7.761281e+00,3.662362e+00,3.436549e+00,8.941811e+00,6.665513e+00,3.303059e+00,3.754165e+00,4.418092e+00,3.284269e+00,5.012736e+00,5.407433e+00,4.546875e+00,4.369794e+00,2.986161e+00,3.867633e+00,3.088563e+00,4.261233e+00,4.994183e+00,8.537485e+00,2.545501e+00,4.893823e+00,6.578973e+00,3.845122e+00,4.043884e+00,7.784088e+00,3.676443e+00,3.712884e+00,3.269379e+00,3.244156e+00,3.276716e+00,4.930646e+00,4.187651e+00,4.045686e+00,7.708985e+00,2.661941e+00,9.498926e+00,6.591795e+00,5.156473e+00,4.858151e+00,4.569201e+00,3.261797e+00,3.893235e+00,3.479809e+00,4.257386e+00,3.679911e+00,4.736372e+00,4.357506e+00,5.896448e+00,4.970584e+00,3.239930e+00,4.675086e+00,2.838217e+00,4.490564e+00,3.405070e+00,4.220120e+00,3.183353e+00,4.820292e+00,4.498854e+00,4.899201e+00,2.847838e+00,4.871206e+00,4.938498e+00,4.588169e+00,5.158932e+00,7.074420e+00,5.042092e+00,4.988840e+00,4.957326e+00,3.269221e+00,4.583713e+00,3.379441e+00,3.855015e+00,3.908886e+00,4.747137e+00,4.009749e+00,3.590624e+00,3.994935e+00,2.301463e+00,2.390288e+00,3.882727e+00,3.167510e+00,4.141210e+00,2.731671e+00,3.647318e+00,3.050306e+00,3.361012e+00,4.352085e+00,2.776400e+00,3.510962e+00,4.475930e+00,4.592072e+00,4.379544e+00,3.025596e+00,3.825122e+00,4.586189e+00,4.681777e+00,4.565125e+00,5.060388e+00,4.987567e+00,4.937024e+00,4.897651e+00,3.910882e+00,3.497766e+00,2.628560e+00,4.537136e+00,4.823308e+00,4.584934e+00,3.204460e+00,4.866601e+00,4.568718e+00,4.845686e+00,4.835560e+00,4.940391e+00,4.800871e+00,4.820199e+00,4.778734e+00,5.074116e+00,4.672985e+00,4.792970e+00,4.686893e+00,4.971877e+00,5.040734e+00,4.723735e+00,4.904906e+00,4.792802e+00,4.975411e+00,4.701719e+00,4.886779e+00,4.634854e+00,4.585633e+00,5.006874e+00,4.378874e+00,4.960557e+00,4.601986e+00,4.918291e+00,4.478594e+00,4.988271e+00,4.958683e+00,4.822033e+00,4.720897e+00
4.968468e+00,4.743794e+00,4.654931e+00,4.860569e+00,5.193224e+00,5.202101e+00,4.908289e+00,4.805430e+00,4.889693e+00,5.202338e+00,4.661346e+00,4.420521e+00,4.731051e+00,4.958884e+00,4.796072e+00,4.846902e+00,4.953997e+00,4.863797e+00,4.757926e+00,4.845124e+00,4.556337e+00,4.954349e+00,5.116916e+00,4.904692e+00,4.794913e+00,5.013619e+00,5.007885e+00,4.978517e+00,5.084452e+00,4.915700e+00,3.904674e+00,4.807002e+00,4.407838e+00,5.107839e+00,4.941387e+00,5.124332e+00,4.910729e+00,4.904007e+00,4.985388e+00,4.545023e+00,4.016396e+00,3.982224e+00,3.104242e+00,4.107858e+00,3.808483e+00,3.739978e+00,3.999477e+00,3.915329e+00,2.615993e+00,4.414743e+00,2.338870e+00,3.710425e+00,3.314160e+00,3.336889e+00,4.822669e+00,3.760879e+00,4.510337e+00,2.616557e+00,7.478173e+00,1.041866e+01,3.167096e+00,4.469912e+00,5.391154e+00,4.209516e+00,9.329351e+00,3.993351e+00,7.811583e+00,3.620645e+00,9.567408e+00,4.008479e+00,3.086482e+00,4.610433e+00,1.012118e+01,4.061908e+00,2.934767e+00,6.561266e+00,4.151399e+00,3.732367e+00,3.770492e+00,4.547808e+00,4.772974e+00,4.453116e+00,4.566068e+00,5.438803e+00,6.183260e+00,1.025054e+01,2.894150e+00,9.153189e+00,6.111636e+00,7.691353e+00,3.435293e+00,5.543575e+00,4.592535e+00,5.161944e+00,4.712385e+00,7.964762e+00,4.119945e+00,3.662888e+00,5.879960e+00,2.764165e+00,9.313737e+00,5.211250e+00,5.239741e+00,3.524049e+00,4.528302e+00,3.453809e+00,4.205254e+00,3.767873e+00,5.029373e+00,2.802501e+00,9.695451e+00,4.055161e+00,2.751116e+00,3.806986e+00,5.833694e+00,4.572987e+00,4.907301e+00,3.150700e+00,4.030061e+00,4.672783e+00,6.662297e+00,3.461256e+00,6.446283e+00,4.773200e+00,4.435478e+00,2.969172e+00,4.474075e+00,2.580745e+00,2.843883e+00,4.800494e+00,3.174773e+00,4.901747e+00,4.747404e+00,4.899236e+00,4.900833e+00,4.792757e+00,4.964585e+00,4.781702e+00,4.861456e+00,4.724270e+00,4.970387e+00,4.683440e+00,4.696529e+00,4.998951e+00,3.070947e+00,3.437145e+00,2.828946e+00,3.827645e+00,3.791359e+00,4.301744e+00,3.021141e+00,3.408949e+00,3.939149e+00,3.290335e+00,3.207234e+00,2.765855e+00,2.941729e+00,4.320230e+00,3.847642e+00,3.340216e+00,4.041609e+00,3.896877e+00,4.289795e+00,2.703321e+00,3.131453e+00,4.197049e+00,2.466404e+00,2.607186e+00,3.958529e+00,4.977379e+00,4.786684e+00,4.889295e+00,4.920579e+00,4.703337e+00,4.854196e+00,4.808436e+00,5.105437e+00,4.808914e+00,4.535136e+00,2.778494e+00,2.728982e+00,4.986438e+00,5.013095e+00,4.967617e+00,5.000476e+00,4.650364e+00,4.815377e+00,4.704265e+00,4.995528e+00,4.919111e+00,4.897275e+00,4.934395e+00,4.950365e+00,4.741143e+00,4.900085e+00,4.850503e+00,4.928838e+00,4.984784e+00,4.874774e+00,5.055612e+00,4.879124e+00,4.481222e+00,4.882309e+00,4.876726e+00,5.012357e+00,4.773649e+00,4.815674e+00,4.779940e+00,4.693741e+00,4.937947e+00,5.036127e+00,4.822784e+00,4.807136e+00,4.662736e+00,4.881520e+00
4.839396e+00,5.149833e+00,3.912208e+00,5.033201e+00,4.833786e+00,4.973902e+00,4.887896e+00,4.942370e+00,4.990054e+00,4.965998e+00,5.039106e+00,4.866365e+00,4.906525e+00,4.907529e+00,4.919159e+00,4.800817e+00,5.090607e+00,4.974449e+00,4.637526e+00,4.655330e+00,4.720078e+00,4.958395e+00,4.846240e+00,4.941685e+00,4.701512e+00,4.734341e+00,4.814224e+00,4.889800e+00,4.878662e+00,4.732261e+00,4.300461e+00,5.131189e+00,4.924728e+00,4.915161e+00,4.908876e+00,5.075984e+00,4.942926e+00,4.853231e+00,4.581944e+00,3.483133e+00,3.837047e+00,4.208401e+00,4.883002e+00,6.674558e+00,3.467809e+00,4.219402e+00,6.998929e+00,5.204708e+00,8.860919e+00,5.362349e+00,4.497439e+00,6.241862e+00,7.049761e+00,5.053628e+00,5.297107e+00,5.337233e+00,1.005851e+01,7.010833e+00,4.201035e+00,5.132742e+00,3.168033e+00,5.960971e+00,4.355868e+00,2.970489e+00,4.843407e+00,3.360543e+00,4.295784e+00,8.054964e+00,5.462467e+00,2.875381e+00,4.536322e+00,8.921755e+00,3.062315e+00,3.440192e+00,4.020671e+00,4.134035e+00,3.612658e+00,2.947124e+00,4.093761e+00,9.517739e+00,3.944920e+00,5.327139e+00,3.940752e+00,7.810118e+00,3.434618e+00,4.277363e+00,3.185431e+00,6.048646e+00,8.130530e+00,9.389569e+00,4.190851e+00,4.868446e+00,3.375556e+00,2.996203e+00,8.279883e+00,5.507287e+00,3.041975e+00,9.059150e+00,9.252601e+00,5.936099e+00,8.053957e+00,2.747655e+00,2.655710e+00,2.501990e+00,3.533527e+00,4.572310e+00,3.428018e+00,3.498319e+00,4.005300e+00,3.020444e+00,4.216266e+00,3.864734e+00,9.537018e+00,3.451345e+00,5.555639e+00,3.901356e+00,6.370778e+00,2.808747e+00,3.215079e+00,2.548235e+00,3.349007e+00,4.257229e+00,3.219363e+00,2.587775e+00,3.283239e+00,4.431301e+00,4.216059e+00,3.769857e+00,4.956113e+00,4.276595e+00,3.204251e+00,4.588497e+00,4.848521e+00,4.933024e+00,4.751084e+00,5.206262e+00,4.477823e+00,4.536101e+00,3.112281e+00,4.872151e+00,4.934394e+00,4.542307e+00,4.039619e+00,2.549709e+00,4.539941e+00,9.287566e+00,8.738379e+00,5.111372e+00,4.803979e+00,4.494490e+00,2.679046e+00,3.856652e+00,4.263593e+00,4.865512e+00,4.636795e+00,2.755519e+00,4.195016e+00,3.574136e+00,3.910247e+00,3.589891e+00,3.376246e+00,3.541252e+00,4.433334e+00,3.920331e+00,4.574767e+00,4.061422e+00,4.426685e+00,3.026098e+00,2.925163e+00,2.947060e+00,3.820687e+00,4.862607e+00,4.681888e+00,4.694448e+00,4.852019e+00,5.152686e+00,5.011966e+00,4.923786e+00,4.640961e+00,3.222065e+00,3.393738e+00,3.930242e+00,4.444050e+00,4.353932e+00,4.818175e+00,4.955745e+00,4.920597e+00,4.304837e+00,4.974269e+00,4.991367e+00,4.703780e+00,4.859834e+00,4.782836e+00,4.793348e+00,4.970081e+00,4.590143e+00,4.466951e+00,4.735978e+00,4.808102e+00,4.698773e+00,4.827290e+00,4.929636e+00,4.809851e+00,4.960789e+00,4.956735e+00,4.297262e+00,4.726332e+00,4.948055e+00,4.834997e+00,4.840936e+00,4.803808e+00,4.767407e+00,5.106441e+00,5.090542e+00,4.681517e+00
4.805214e+00,4.988038e+00,4.903788e+00,4.516354e+00,4.571290e+00,4.851998e+00,4.850153e+00,4.977492e+00,4.897292e+00,4.510886e+00,5.025670e+00,4.890700e+00,4.908068e+00,4.996707e+00,5.053123e+00,4.261235e+00,4.870885e+00,4.929742e+00,4.358377e+00,4.773739e+00,4.837417e+00,4.999758e+00,4.797251e+00,4.582339e+00,4.952196e+00,5.091730e+00,4.789818e+00,4.450990e+00,4.707392e+00,4.855675e+00,5.035470e+00,5.003869e+00,4.932804e+00,4.787730e+00,4.953201e+00,4.772143e+00,4.958417e+00,4.492793e+00,4.918882e+00,3.750326e+00,3.230850e+00,3.409507e+00,4.671307e+00,4.012702e+00,5.978635e+00,4.050223e+00,4.738595e+00,3.314838e+00,7.422747e+00,3.882998e+00,3.129311e+00,3.106921e+00,3.661055e+00,4.483974e+00,4.306135e+00,2.894415e+00,1.030066e+01,6.459674e+00,2.808877e+00,5.077547e+00,2.952257e+00,4.032976e+00,6.715262e+00,6.124226e+00,2.824511e+00,2.874945e+00,3.722028e+00,4.218004e+00,9.063856e+00,3.220715e+00,3.802853e+00,8.748002e+00,6.393524e+00,3.830416e+00,2.733103e+00,4.304038e+00,5.055549e+00,8.199022e+00,5.032707e+00,4.038932e+00,4.913823e+00,2.815802e+00,5.981542e+00,4.864737e+00,3.191977e+00,2.639414e+00,2.783506e+00,8.158436e+00,9.028017e+00,5.719559e+00,5.210399e+00,3.777797e+00,3.122208e+00,4.009164e+00,2.622614e+00,3.508347e+00,4.541299e+00,4.154732e+00,3.346253e+00,4.595233e+00,2.864947e+00,4.218494e+00,4.005427e+00,4.236458e+00,4.451343e+00,4.448898e+00,4.442606e+00,4.414406e+00,3.543030e+00,8.313907e+00,4.642259e+00,3.265883e+00,4.593090e+00,4.716839e+00,3.346972e+00,3.153961e+00,4.107789e+00,3.493676e+00,2.877824e+00,3.235314e+00,3.635130e+00,4.183831e+00,3.526474e+00,4.964854e+00,6.334895e+00,4.935483e+00,5.437343e+00,3.781234e+00,5.103046e+00,3.225577e+00,4.068334e+00,5.028418e+00,3.030532e+00,4.966872e+00,4.917458e+00,4.931481e+00,4.931618e+00,4.443839e+00,4.341559e+00,4.858586e+00,4.564519e+00,4.706862e+00,2.892488e+00,3.129907e+00,4.106670e+00,4.409919e+00,3.266664e+00,4.632075e+00,3.353191e+00,3.661654e+00,4.180100e+00,2.351302e+00,3.398127e+00,4.440640e+00,2.386942e+00,4.156534e+00,3.143361e+00,3.059837e+00,3.080162e+00,3.196196e+00,3.258888e+00,4.450731e+00,3.516841e+00,3.775759e+00,4.492812e+00,4.285941e+00,2.542535e+00,4.340759e+00,4.006191e+00,4.573526e+00,4.671479e+00,4.695549e+00,4.616456e+00,4.803703e+00,4.636446e+00,4.987439e+00,4.724207e+00,4.665307e+00,5.001454e+00,4.387238e+00,3.574483e+00,4.010097e+00,3.984619e+00,4.903534e+00,4.474269e+00,4.539763e+00,4.969680e+00,4.712877e+00,4.932692e+00,4.926314e+00,4.637411e+00,4.893613e+00,4.843160e+00,4.948501e+00,4.968940e+00,4.880892e+00,4.267594e+00,4.946898e+00,4.890286e+00,5.098921e+00,4.838966e+00,4.614835e+00,4.978671e+00,4.790536e+00,5.025619e+00,4.608150e+00,4.216890e+00,4.414337e+00,5.018030e+00,4.948666e+00,5.070852e+00,4.918002e+00,4.412188e+00,4.993344e+00,4.572644e+00
4.965095e+00,4.929999e+00,4.942227e+00,4.644967e+00,4.565690e+00,5.010294e+00,4.617876e+00,4.925239e+00,4.480499e+00,4.952892e+00,4.883229e+00,4.775933e+00,4.756463e+00,4.650716e+00,4.565359e+00,4.961330e+00,4.661605e+00,4.886436e+00,4.770467e+00,4.771146e+00,4.935860e+00,4.957995e+00,4.765617e+00,4.916228e+00,4.963975e+00,4.941817e+00,4.860104e+00,4.075732e+00,4.269333e+00,5.099288e+00,4.747951e+00,4.726116e+00,4.602249e+00,4.938172e+00,4.919984e+00,5.109672e+00,4.544798e+00,4.326562e+00,3.496761e+00,4.771166e+00,4.340636e+00,4.353863e+00,4.625106e+00,4.360156e+00,3.129594e+00,3.997826e+00,4.407054e+00,3.446434e+00,3.000695e+00,4.424761e+00,8.352076e+00,3.321608e+00,3.189943e+00,2.808646e+00,4.246244e+00,4.809433e+00,6.171684e+00,4.316117e+00,4.753645e+00,3.183006e+00,2.131089e+00,4.984103e+00,3.797384e+00,4.351600e+00,9.031246e+00,6.086212e+00,9.578025e+00,3.235192e+00,3.884797e+00,3.350525e+00,4.297591e+00,3.795852e+00,4.719608e+00,3.643849e+00,5.200952e+00,2.905615e+00,4.153380e+00,3.316115e+00,3.916213e+00,4.002839e+00,3.235898e+00,3.251577e+00,4.882254e+00,4.256372e+00,4.857855e+00,6.695942e+00,2.872469e+00,4.642290e+00,3.768568e+00,9.308853e+00,3.258903e+00,4.327203e+00,4.324525e+00,4.179538e+00,2.986925e+00,7.663308e+00,3.053896e+00,4.885771e+00,4.785879e+00,3.313695e+00,4.212456e+00,3.399313e+00,4.037206e+00,4.550430e+00,nan,7.565236e+00,4.862268e+00,7.902395e+00,4.769427e+00,4.204028e+00,2.702358e+00,5.540485e+00,9.842385e+00,3.309198e+00,8.822645e+00,4.936761e+00,3.525163e+00,4.646847e+00,6.199596e+00,6.122702e+00,3.156904e+00,3.540128e+00,8.760567e+00,3.891490e+00,3.429777e+00,4.872020e+00,4.394446e+00,2.495259e+00,3.747141e+00,4.193450e+00,4.825968e+00,5.063480e+00,5.084682e+00,5.004706e+00,4.322434e+00,4.624086e+00,4.559995e+00,4.467292e+00,4.113695e+00,4.678961e+00,4.283834e+00,4.211301e+00,3.442576e+00,4.837302e+00,7.433086e+00,3.375909e+00,4.876295e+00,3.989921e+00,4.393793e+00,5.084635e+00,4.741247e+00,2.544410e+00,3.564886e+00,3.527838e+00,3.786696e+00,2.628735e+00,2.603143e+00,4.299823e+00,4.231255e+00,2.964161e+00,2.938425e+00,2.703880e+00,4.523366e+00,4.385825e+00,4.709408e+00,2.709922e+00,3.140788e+00,3.334694e+00,3.418497e+00,4.518102e+00,4.482307e+00,3.228837e+00,4.705100e+00,4.649324e+00,4.835794e+00,4.439359e+00,4.893461e+00,4.958955e+00,4.770497e+00,4.952936e+00,4.234920e+00,4.186050e+00,4.537000e+00,4.147106e+00,4.249706e+00,4.892500e+00,4.541937e+00,4.928799e+00,4.697003e+00,4.634916e+00,4.967893e+00,4.988202e+00,4.758493e+00,4.635346e+00,4.879594e+00,4.909036e+00,3.708123e+00,4.800998e+00,4.817983e+00,4.877623e+00,4.932286e+00,4.838791e+00,4.820530e+00,4.734393e+00,4.762678e+00,4.786828e+00,4.902671e+00,4.845663e+00,4.838244e+00,4.825274e+00,4.234314e+00,4.990776e+00,4.982361e+00,4.998005e+00,4.782671e+00
4.983083e+00,4.738882e+00,4.842669e+00,4.613879e+00,4.728482e+00,4.567960e+00,4.997019e+00,4.939349e+00,4.883680e+00,4.849130e+00,4.956909e+00,4.677002e+00,4.759335e+00,4.883897e+00,4.478975e+00,4.819866e+00,4.440585e+00,4.931133e+00,4.982043e+00,4.987328e+00,4.676166e+00,4.936045e+00,4.866246e+00,4.826229e+00,4.739986e+00,4.862953e+00,3.938536e+00,4.619660e+00,4.846478e+00,4.876366e+00,5.007150e+00,4.482888e+00,4.770672e+00,4.822628e+00,4.767721e+00,4.799905e+00,4.938793e+00,3.933201e+00,4.493502e+00,3.689803e+00,2.982086e+00,4.317653e+00,4.090438e+00,3.864987e+00,4.999815e+00,3.027077e+00,4.385056e+00,4.854378e+00,3.417995e+00,3.204663e+00,4.362166e+00,3.753731e+00,3.487775e+00,3.361920e+00,4.269734e+00,3.539052e+00,3.258004e+00,3.027290e+00,4.529707e+00,3.363373e+00,4.595302e+00,3.950960e+00,8.715961e+00,6.004382e+00,9.227865e+00,7.497737e+00,4.587173e+00,1.041323e+01,4.545795e+00,4.504401e+00,3.001626e+00,4.766790e+00,3.421998e+00,3.086872e+00,3.243583e+00,3.277582e+00,8.923496e+00,4.351430e+00,3.283943e+00,2.658721e+00,9.004162e+00,3.251080e+00,5.050779e+00,8.236713e+00,5.193420e+00,3.396900e+00,4.068659e+00,3.523250e+00,2.862525e+00,3.221958e+00,9.342341e+00,7.182586e+00,4.274771e+00,4.115628e+00,3.376163e+00,8.373240e+00,9.163061e+00,nan,7.634365e+00,6.412135e+00,3.623187e+00,2.755696e+00,3.266321e+00,3.669053e+00,4.710943e+00,4.265484e+00,8.489157e+00,3.042627e+00,1.006425e+01,9.447800e+00,9.225448e+00,4.091711e+00,5.634064e+00,3.370286e+00,8.681783e+00,1.007092e+01,4.406381e+00,3.890919e+00,9.261602e+00,nan,4.228093e+00,3.654849e+00,3.077037e+00,3.020248e+00,7.516266e+00,4.636679e+00,4.291031e+00,2.815555e+00,3.448185e+00,3.189833e+00,4.369503e+00,5.168260e+00,4.832791e+00,4.946137e+00,3.727501e+00,4.297276e+00,3.583169e+00,4.396719e+00,2.840710e+00,4.189799e+00,4.081724e+00,3.584991e+00,3.874658e+00,4.413489e+00,4.405637e+00,3.575989e+00,4.036621e+00,3.739457e+00,6.847206e+00,4.647039e+00,3.252590e+00,3.869267e+00,3.656242e+00,3.116564e+00,4.226440e+00,3.938835e+00,3.227086e+00,3.959476e+00,3.270899e+00,4.568362e+00,4.281818e+00,3.480496e+00,4.060473e+00,5.048732e+00,5.090047e+00,4.846527e+00,4.785013e+00,3.161830e+00,4.588263e+00,3.477847e+00,4.677407e+00,4.106181e+00,2.971567e+00,4.452791e+00,5.086875e+00,5.143225e+00,5.010410e+00,4.852543e+00,4.814973e+00,5.023769e+00,5.006516e+00,4.660816e+00,4.553147e+00,4.017040e+00,4.135985e+00,4.750688e+00,4.970957e+00,4.832598e+00,4.709678e+00,5.002156e+00,4.594198e+00,4.834041e+00,4.595163e+00,4.832992e+00,4.628281e+00,4.905255e+00,5.036973e+00,4.819325e+00,5.186160e+00,4.642454e+00,4.541715e+00,4.581745e+00,4.790108e+00,4.870915e+00,4.844747e+00,4.960348e+00,4.911347e+00,4.635915e+00,4.965907e+00,4.377150e+00,5.051006e+00,5.109533e+00,4.772665e+00,5.058961e+00,4.530806e+00
4.928280e+00,4.775162e+00,4.670236e+00,4.546337e+00,4.675559e+00,4.347506e+00,4.932013e+00,4.932231e+00,4.949878e+00,4.956068e+00,4.798288e+00,4.951059e+00,4.650361e+00,4.819508e+00,4.514552e+00,4.845513e+00,4.753978e+00,4.809494e+00,4.986941e+00,4.698472e+00,4.561714e+00,4.868099e+00,4.937295e+00,4.918333e+00,4.929243e+00,4.695050e+00,4.828156e+00,4.487049e+00,4.952393e+00,4.886083e+00,4.896674e+00,4.018504e+00,4.911586e+00,4.741050e+00,4.729458e+00,4.942207e+00,4.701006e+00,3.783896e+00,3.521979e+00,3.359982e+00,3.266400e+00,4.244545e+00,5.398363e+00,3.045786e+00,3.283657e+00,4.874731e+00,2.683309e+00,4.441158e+00,2.411126e+00,3.883306e+00,4.801263e+00,4.690466e+00,3.212825e+00,3.851017e+00,2.899366e+00,5.187504e+00,4.130257e+00,3.615730e+00,4.801703e+00,6.664403e+00,4.322791e+00,2.972541e+00,3.505757e+00,9.428063e+00,3.925697e+00,6.501250e+00,3.069121e+00,3.809328e+00,5.192375e+00,5.395552e+00,4.620726e+00,3.217430e+00,4.403984e+00,4.377678e+00,3.795220e+00,1.041280e+01,2.707646e+00,4.941400e+00,8.941773e+00,6.008394e+00,3.759584e+00,4.925143e+00,3.457803e+00,2.478220e+00,2.205004e+00,4.682577e+00,4.309532e+00,3.729710e+00,8.960291e+00,8.842516e+00,3.646692e+00,3.507203e+00,6.362746e+00,9.211547e+00,4.015394e+00,9.289835e+00,4.230834e+00,3.022788e+00,7.521058e+00,4.581045e+00,3.726182e+00,8.699454e+00,4.254386e+00,2.982430e+00,1.041866e+01,3.474929e+00,4.250662e+00,3.255704e+00,5.028637e+00,3.635196e+00,2.497142e+00,5.453009e+00,2.524726e+00,2.379014e+00,3.414966e+00,4.410850e+00,9.282671e+00,2.829833e+00,5.185072e+00,9.318556e+00,4.305501e+00,5.040432e+00,9.309061e+00,4.228589e+00,4.034194e+00,5.027404e+00,3.351756e+00,4.112465e+00,2.725003e+00,3.829229e+00,4.666079e+00,5.035266e+00,4.954097e+00,4.637618e+00,4.641022e+00,4.299149e+00,3.258395e+00,3.529674e+00,3.011518e+00,3.603962e+00,2.894772e+00,3.180982e+00,2.613131e+00,4.432161e+00,4.107626e+00,2.911478e+00,3.107706e+00,7.663836e+00,3.342399e+00,3.910717e+00,4.511327e+00,8.575457e+00,2.591985e+00,2.164127e+00,4.563936e+00,2.973689e+00,2.519703e+00,2.939253e+00,2.457793e+00,2.748316e+00,3.848563e+00,3.602385e+00,3.299421e+00,4.606455e+00,5.026997e+00,4.842637e+00,4.858800e+00,4.428970e+00,3.699225e+00,4.470285e+00,4.202932e+00,3.900954e+00,4.932120e+00,4.609493e+00,4.876913e+00,4.523439e+00,4.876581e+00,4.736190e+00,4.822059e+00,4.940519e+00,4.645160e+00,2.504549e+00,3.716342e+00,3.056827e+00,4.703017e+00,4.941472e+00,4.815212e+00,4.936689e+00,5.087393e+00,4.978770e+00,4.796154e+00,4.932904e+00,4.582281e+00,4.835101e+00,4.813655e+00,4.763583e+00,5.213353e+00,4.847371e+00,4.948569e+00,4.563524e+00,4.786581e+00,5.048185e+00,5.022033e+00,4.786195e+00,4.943513e+00,5.039223e+00,4.090023e+00,4.982426e+00,4.860506e+00,4.991459e+00,4.771822e+00,5.031225e+00,4.830238e+00,4.944218e+00,4.752491e+00
5.018561e+00,4.246013e+00,4.791320e+00,4.913060e+00,5.037191e+00,4.952590e+00,4.863988e+00,4.864543e+00,4.788329e+00,5.038242e+00,4.741283e+00,4.722818e+00,4.840918e+00,5.099499e+00,4.977228e+00,5.012683e+00,4.907129e+00,4.563338e+00,4.718486e+00,4.788059e+00,5.038753e+00,4.872388e+00,4.994035e+00,3.681439e+00,5.081723e+00,4.771065e+00,2.720383e+00,4.961961e+00,4.644546e+00,4.795207e+00,4.507196e+00,4.917438e+00,4.755803e+00,4.870342e+00,4.782922e+00,3.557801e+00,4.396335e+00,2.447620e+00,4.516397e+00,4.168654e+00,4.225005e+00,3.433295e+00,3.414346e+00,3.473282e+00,3.733286e+00,3.434516e+00,3.852987e+00,3.823786e+00,4.712514e+00,4.942314e+00,4.836051e+00,5.071348e+00,3.490785e+00,2.976954e+00,4.896017e+00,3.351145e+00,4.789292e+00,3.749524e+00,4.883126e+00,4.467643e+00,5.118462e+00,3.575706e+00,4.091596e+00,3.092446e+00,4.645694e+00,6.399311e+00,4.764828e+00,9.363597e+00,3.640280e+00,5.558501e+00,3.881574e+00,3.391108e+00,3.015262e+00,4.562958e+00,2.643155e+00,9.919666e+00,4.239871e+00,2.999139e+00,3.551519e+00,9.275530e+00,3.516818e+00,3.315335e+00,4.050957e+00,4.041589e+00,3.768112e+00,4.667158e+00,2.882827e+00,7.600569e+00,3.404474e+00,6.847703e+00,4.073513e+00,2.954566e+00,3.908330e+00,3.631667e+00,8.979416e+00,3.109017e+00,4.575883e+00,3.792211e+00,4.731158e+00,9.539866e+00,3.529524e+00,9.685683e+00,3.612374e+00,9.662499e+00,3.900682e+00,4.220529e+00,3.769681e+00,4.574931e+00,7.868127e+00,1.009415e+01,5.034870e+00,4.205252e+00,4.961754e+00,3.914268e+00,4.698700e+00,4.277740e+00,5.274784e+00,3.129705e+00,7.404466e+00,4.724198e+00,3.003683e+00,nan,4.466343e+00,4.063711e+00,6.059887e+00,4.188724e+00,3.819338e+00,2.680053e+00,2.506257e+00,3.799635e+00,3.160263e+00,3.682762e+00,2.763793e+00,5.773081e+00,5.162053e+00,4.603825e+00,4.238947e+00,5.158004e+00,3.375859e+00,3.993761e+00,4.146908e+00,3.942912e+00,4.884946e+00,3.475564e+00,3.481680e+00,3.812884e+00,3.478826e+00,4.831617e+00,3.582721e+00,3.499500e+00,4.633455e+00,4.415951e+00,3.082784e+00,4.621193e+00,3.642175e+00,2.721154e+00,4.753022e+00,3.092944e+00,3.455297e+00,4.840069e+00,4.162669e+00,3.664136e+00,4.866987e+00,4.884602e+00,4.961736e+00,4.450097e+00,4.690946e+00,5.006570e+00,5.912711e+00,4.244694e+00,3.053361e+00,4.071089e+00,4.447798e+00,4.690223e+00,4.628183e+00,4.340474e+00,4.598936e+00,3.424541e+00,4.887307e+00,4.982186e+00,4.775400e+00,4.974299e+00,5.153810e+00,3.204336e+00,4.333226e+00,3.137301e+00,4.922665e+00,4.180648e+00,4.794559e+00,4.698777e+00,4.862653e+00,4.723742e+00,4.969029e+00,4.493841e+00,4.812577e+00,4.789380e+00,4.585382e+00,4.946238e+00,4.836835e+00,4.994442e+00,4.980397e+00,4.865229e+00,4.899318e+00,4.438735e+00,4.450558e+00,4.851452e+00,5.058245e+00,4.862261e+00,4.904304e+00,5.066263e+00,5.017497e+00,4.384297e+00,4.872442e+00,4.791264e+00,4.684796e+00
4.992941e+00,4.616692e+00,4.376351e+00,4.721636e+00,4.966015e+00,4.561710e+00,4.852649e+00,4.892509e+00,4.688580e+00,4.951657e+00,4.802170e+00,4.766130e+00,5.016285e+00,4.704213e+00,4.756991e+00,4.842198e+00,4.914831e+00,5.004473e+00,4.822144e+00,4.999837e+00,4.418874e+00,4.832496e+00,5.051865e+00,4.967690e+00,4.726208e+00,4.524942e+00,4.894450e+00,4.992920e+00,4.876825e+00,4.929463e+00,4.685446e+00,4.414132e+00,4.600160e+00,4.571854e+00,3.333190e+00,4.381858e+00,4.834529e+00,3.269741e+00,3.385098e+00,3.379002e+00,3.345401e+00,3.289566e+00,4.754835e+00,3.192195e+00,4.308595e+00,3.596996e+00,3.571932e+00,4.006369e+00,4.760567e+00,4.728500e+00,4.444965e+00,3.933578e+00,4.868255e+00,4.513588e+00,4.727653e+00,4.015005e+00,4.388317e+00,3.700261e+00,3.400175e+00,3.832646e+00,4.758564e+00,2.943065e+00,3.213177e+00,3.090576e+00,9.536437e+00,5.220865e+00,1.030455e+01,4.251087e+00,2.715729e+00,4.252760e+00,1.000795e+01,3.787214e+00,3.434004e+00,4.330688e+00,4.885930e+00,3.084564e+00,3.322345e+00,2.664070e+00,2.376510e+00,3.498675e+00,8.965646e+00,4.656356e+00,2.710817e+00,5.531333e+00,3.674777e+00,1.002847e+01,5.476999e+00,4.826238e+00,2.956756e+00,4.684503e+00,5.167284e+00,4.266020e+00,6.872266e+00,8.327214e+00,4.088913e+00,4.650667e+00,4.410735e+00,6.023367e+00,4.899779e+00,3.001389e+00,3.099665e+00,4.926760e+00,8.833271e+00,3.170112e+00,8.653688e+00,3.026814e+00,9.442373e+00,5.716049e+00,4.884585e+00,6.567058e+00,4.595745e+00,4.014676e+00,4.237976e+00,4.947489e+00,9.279624e+00,4.210812e+00,4.295593e+00,4.647097e+00,7.615859e+00,3.054303e+00,9.073889e+00,2.700708e+00,2.999848e+00,2.938041e+00,3.040219e+00,5.423749e+00,4.053817e+00,3.294250e+00,5.864849e+00,3.024294e+00,3.300430e+00,4.497562e+00,4.480101e+00,5.071660e+00,7.972454e+00,2.753455e+00,3.116511e+00,3.129913e+00,3.791010e+00,3.623420e+00,4.455635e+00,4.216893e+00,4.278173e+00,4.571802e+00,4.554589e+00,4.338745e+00,4.241255e+00,2.993261e+00,3.591590e+00,2.556427e+00,4.625913e+00,2.983022e+00,4.445775e+00,3.405302e+00,3.208772e+00,2.824792e+00,3.189698e+00,4.219984e+00,3.614773e+00,2.950080e+00,4.803100e+00,4.697712e+00,5.004514e+00,4.718108e+00,4.493859e+00,4.987737e+00,4.691394e+00,4.503256e+00,4.640574e+00,3.453141e+00,4.272364e+00,4.059670e+00,4.421864e+00,3.376638e+00,4.819486e+00,4.830284e+00,4.791581e+00,4.693999e+00,5.000812e+00,4.854300e+00,4.878337e+00,4.353684e+00,4.678929e+00,3.858166e+00,3.544817e+00,2.693766e+00,4.896994e+00,4.657887e+00,4.867130e+00,4.694798e+00,4.544950e+00,4.950534e+00,5.026140e+00,4.855941e+00,4.789992e+00,4.750969e+00,4.628955e+00,5.201185e+00,4.917636e+00,4.842928e+00,4.967776e+00,4.895277e+00,4.595639e+00,4.563132e+00,4.935709e+00,4.865925e+00,4.849866e+00,4.737590e+00,4.987673e+00,4.530524e+00,4.575584e+00,4.668730e+00,4.905544e+00,5.026349e+00,4.777384e+00
4.896728e+00,4.831742e+00,4.867914e+00,4.878052e+00,4.841135e+00,4.623622e+00,4.790587e+00,4.854964e+00,4.815142e+00,4.071132e+00,4.934057e+00,4.946364e+00,4.805727e+00,4.855039e+00,4.947721e+00,4.971107e+00,4.847915e+00,4.739735e+00,5.018645e+00,4.698156e+00,4.848129e+00,4.794474e+00,4.614104e+00,4.890747e+00,5.068711e+00,2.930405e+00,4.600317e+00,4.976457e+00,4.820801e+00,4.745610e+00,4.887638e+00,4.757439e+00,4.770670e+00,4.537604e+00,4.862329e+00,4.673442e+00,3.726772e+00,3.138504e+00,2.765039e+00,4.127597e+00,4.637720e+00,4.863903e+00,3.205758e+00,5.191336e+00,4.863448e+00,3.217210e+00,3.353239e+00,4.768241e+00,4.942797e+00,4.949024e+00,4.945820e+00,4.347662e+00,4.860351e+00,4.519793e+00,5.030803e+00,4.524714e+00,4.768102e+00,4.918048e+00,3.182611e+00,4.165462e+00,2.829650e+00,5.309149e+00,9.254638e+00,4.876379e+00,3.593723e+00,3.965543e+00,5.319284e+00,4.956944e+00,1.041806e+01,4.611146e+00,4.473457e+00,8.992949e+00,1.041271e+01,5.427979e+00,3.883436e+00,3.529415e+00,2.113830e+00,5.285991e+00,4.388052e+00,3.350769e+00,1.035269e+01,3.688146e+00,5.046777e+00,5.921087e+00,4.627060e+00,7.126864e+00,9.475773e+00,3.597332e+00,9.154341e+00,3.995289e+00,3.539892e+00,4.601345e+00,2.825024e+00,4.989053e+00,4.596372e+00,5.268712e+00,8.584640e+00,3.961054e+00,4.826014e+00,7.732976e+00,3.711177e+00,3.573665e+00,3.218439e+00,4.116879e+00,5.806828e+00,4.809612e+00,5.720187e+00,3.128441e+00,2.893201e+00,3.950080e+00,5.252887e+00,9.788849e+00,3.313139e+00,8.931340e+00,9.652918e+00,4.869076e+00,nan,7.139021e+00,4.738372e+00,2.646438e+00,2.567440e+00,2.249507e+00,4.291674e+00,4.450798e+00,3.292323e+00,3.453099e+00,6.143011e+00,4.764680e+00,3.433029e+00,3.865731e+00,3.536745e+00,4.210204e+00,4.078433e+00,5.026704e+00,8.324917e+00,3.603810e+00,3.782499e+00,3.312369e+00,4.625472e+00,3.742071e+00,3.652569e+00,4.023046e+00,4.695673e+00,4.541040e+00,4.271347e+00,4.318831e+00,3.244375e+00,3.392584e+00,3.166257e+00,4.401208e+00,2.962080e+00,5.132740e+00,4.879442e+00,4.781202e+00,3.678185e+00,4.580587e+00,2.705185e+00,3.278972e+00,3.451458e+00,2.794242e+00,3.578458e+00,3.924075e+00,4.862509e+00,4.782832e+00,5.077552e+00,4.661027e+00,4.724981e+00,4.898994e+00,4.614549e+00,2.796402e+00,9.359321e+00,4.817468e+00,4.148897e+00,2.926831e+00,4.359837e+00,4.354974e+00,4.620883e+00,4.993608e+00,4.706417e+00,4.970586e+00,5.019451e+00,4.731023e+00,4.985630e+00,2.482366e+00,4.813549e+00,3.597311e+00,3.803381e+00,4.811888e+00,3.919063e+00,4.789934e+00,4.797753e+00,4.306545e+00,5.072393e+00,5.129156e+00,4.581164e+00,4.741144e+00,4.929667e+00,4.763116e+00,4.882748e+00,4.824102e+00,4.910554e+00,4.602143e+00,5.040954e+00,4.957150e+00,4.809293e+00,4.833161e+00,4.739446e+00,4.970298e+00,4.960300e+00,4.886331e+00,4.801916e+00,4.829810e+00,4.948377e+00,4.766743e+00,5.004354e+00
4.710350e+00,4.847740e+00,5.078126e+00,4.886355e+00,4.624498e+00,4.904035e+00,5.063750e+00,4.504839e+00,4.767616e+00,4.805224e+00,4.778918e+00,4.760436e+00,4.694072e+00,4.807568e+00,4.896908e+00,4.911044e+00,4.927071e+00,4.853089e+00,4.618337e+00,4.158787e+00,4.972032e+00,4.941086e+00,4.798169e+00,4.823177e+00,2.495173e+00,5.003570e+00,5.005973e+00,4.666430e+00,4.741367e+00,4.968726e+00,4.970627e+00,4.475539e+00,4.129954e+00,4.510875e+00,5.155339e+00,4.673045e+00,3.525536e+00,5.204513e+00,3.298732e+00,4.164539e+00,3.219613e+00,2.744689e+00,4.026195e+00,2.704916e+00,4.030380e+00,3.110164e+00,4.987245e+00,5.094214e+00,4.796270e+00,4.716045e+00,4.174053e+00,4.898479e+00,4.587268e+00,4.933708e+00,4.845274e+00,4.442553e+00,4.619006e+00,3.677848e+00,2.618600e+00,4.920661e+00,5.192302e+00,6.097789e+00,4.020889e+00,3.260316e+00,8.808785e+00,6.805663e+00,3.767417e+00,4.807622e+00,nan,1.041649e+01,1.041866e+01,4.810299e+00,7.276401e+00,4.890264e+00,7.596580e+00,3.698455e+00,4.391016e+00,3.273035e+00,4.591822e+00,3.889794e+00,5.029526e+00,4.248925e+00,3.944819e+00,5.116554e+00,9.106879e+00,5.442496e+00,9.008716e+00,4.160126e+00,3.491998e+00,4.547312e+00,4.037632e+00,2.215158e+00,4.092081e+00,3.473551e+00,4.718563e+00,4.984112e+00,5.287683e+00,4.614393e+00,4.456994e+00,4.428947e+00,3.654509e+00,2.907281e+00,3.275914e+00,4.130408e+00,nan,5.916981e+00,5.274656e+00,3.707766e+00,4.379158e+00,8.965189e+00,4.058571e+00,2.969179e+00,4.288756e+00,4.503528e+00,nan,3.671671e+00,4.789705e+00,4.058589e+00,6.814101e+00,3.290970e+00,4.291480e+00,4.716134e+00,5.009599e+00,4.012115e+00,6.029477e+00,5.138167e+00,3.321086e+00,4.975920e+00,3.459827e+00,3.987636e+00,3.015210e+00,3.303603e+00,3.824712e+00,3.869944e+00,3.041070e+00,4.262225e+00,9.279962e+00,3.625016e+00,4.186954e+00,4.244715e+00,3.087478e+00,2.975394e+00,2.790810e+00,3.552000e+00,1.033008e+01,nan,2.821933e+00,3.434776e+00,4.409600e+00,7.243373e+00,3.854814e+00,4.317050e+00,4.243675e+00,4.153685e+00,2.719392e+00,2.870322e+00,3.303831e+00,4.254625e+00,3.857571e+00,4.112887e+00,3.493275e+00,4.970240e+00,4.894197e+00,4.851267e+00,4.344837e+00,2.811086e+00,4.951333e+00,3.987251e+00,3.466050e+00,5.008110e+00,4.535610e+00,3.856819e+00,3.812709e+00,3.767953e+00,2.421657e+00,4.913386e+00,3.275289e+00,4.865406e+00,4.981038e+00,4.618866e+00,5.011004e+00,4.652729e+00,5.017230e+00,4.831246e+00,3.281749e+00,3.237717e+00,3.022534e+00,4.917673e+00,4.674065e+00,4.850874e+00,4.704075e+00,4.589236e+00,4.949149e+00,4.633887e+00,4.758815e+00,4.543904e+00,4.821709e+00,4.992355e+00,5.101471e+00,5.039173e+00,4.909599e+00,4.856282e+00,4.918257e+00,4.812895e+00,4.642665e+00,4.635337e+00,4.980451e+00,4.964212e+00,4.900464e+00,4.787550e+00,4.883210e+00,4.731936e+00,4.199256e+00,4.836853e+00,4.939562e+00
5.066933e+00,4.888259e+00,4.774789e+00,4.809808e+00,4.894678e+00,4.930573e+00,4.866994e+00,4.913007e+00,4.761696e+00,4.581240e+00,4.450483e+00,4.685888e+00,4.870024e+00,4.869149e+00,4.781181e+00,4.896114e+00,4.973517e+00,4.645182e+00,4.668342e+00,4.735065e+00,4.956253e+00,4.218192e+00,4.968186e+00,4.837646e+00,5.124259e+00,4.911914e+00,4.497518e+00,4.644816e+00,4.804879e+00,4.955801e+00,4.370240e+00,5.045360e+00,4.865983e+00,4.852310e+00,4.050492e+00,3.426306e+00,4.023294e+00,3.248416e+00,4.066889e+00,4.157774e+00,4.011352e+00,3.225983e+00,4.029868e+00,3.448829e+00,5.316387e+00,4.698226e+00,4.982273e+00,5.024117e+00,4.727040e+00,4.790367e+00,4.445356e+00,4.704726e+00,4.841268e+00,4.707165e+00,4.480574e+00,4.076938e+00,4.393769e+00,3.164178e+00,3.876080e+00,2.967832e+00,4.005883e+00,3.634032e+00,2.552555e+00,3.644165e+00,2.885056e+00,3.317313e+00,4.148600e+00,4.472893e+00,8.920107e+00,9.945075e+00,3.900755e+00,9.265085e+00,4.409606e+00,9.038387e+00,3.091810e+00,2.796004e+00,4.089988e+00,3.846476e+00,3.772240e+00,3.311455e+00,3.668665e+00,3.122397e+00,3.221885e+00,4.572309e+00,4.761181e+00,6.813500e+00,5.092282e+00,4.793014e+00,3.602340e+00,3.546547e+00,3.020482e+00,2.951199e+00,4.376260e+00,nan,4.291363e+00,3.717425e+00,2.904657e+00,2.664467e+00,9.035632e+00,3.559951e+00,3.964666e+00,3.675763e+00,7.490057e+00,4.227635e+00,4.600964e+00,2.974867e+00,3.675594e+00,8.882363e+00,2.569393e+00,2.730243e+00,4.173242e+00,4.768453e+00,4.593236e+00,2.509630e+00,3.005896e+00,3.811706e+00,8.613735e+00,3.778040e+00,3.381875e+00,4.822180e+00,3.523726e+00,4.780920e+00,3.279637e+00,1.020537e+01,4.184182e+00,6.356642e+00,4.387803e+00,3.018141e+00,4.653008e+00,3.882568e+00,3.842571e+00,4.256672e+00,3.738117e+00,4.295533e+00,2.988937e+00,2.894798e+00,3.003749e+00,4.200974e+00,3.729962e+00,4.472934e+00,4.646174e+00,3.240496e+00,8.076201e+00,3.871014e+00,4.551265e+00,3.042546e+00,4.412034e+00,4.222814e+00,3.874884e+00,4.031372e+00,3.471057e+00,4.131328e+00,3.987821e+00,3.892395e+00,3.846820e+00,4.603495e+00,5.006118e+00,4.706552e+00,4.678074e+00,4.907996e+00,4.885307e+00,5.022592e+00,4.774057e+00,4.434987e+00,4.958027e+00,4.690315e+00,4.447387e+00,4.420520e+00,4.870452e+00,5.111966e+00,4.839307e+00,4.232771e+00,3.417171e+00,4.209180e+00,3.125988e+00,3.749449e+00,4.340591e+00,4.163346e+00,3.906054e+00,4.181474e+00,5.010359e+00,4.941987e+00,4.181767e+00,4.907380e+00,5.053901e+00,4.712327e+00,4.126321e+00,3.936047e+00,3.000760e+00,4.803085e+00,4.956492e+00,4.717556e+00,4.486685e+00,4.402879e+00,4.288603e+00,4.930970e+00,4.771139e+00,4.686075e+00,4.876264e+00,4.861738e+00,4.941962e+00,4.792148e+00,4.567430e+00,4.869225e+00,4.992282e+00,4.839875e+00,5.026590e+00,4.168040e+00,4.379402e+00,4.987055e+00,4.943392e+00,4.744264e+00,4.852333e+00,4.587951e+00,4.840809e+00
5.005258e+00,5.017154e+00,4.515617e+00,5.110921e+00,5.052894e+00,4.868854e+00,4.307171e+00,4.819390e+00,4.949909e+00,4.758104e+00,5.010211e+00,5.100878e+00,5.046588e+00,4.952908e+00,4.657603e+00,4.619565e+00,4.363558e+00,4.917595e+00,4.880797e+00,4.848540e+00,3.688837e+00,5.063053e+00,4.544271e+00,3.142539e+00,4.368884e+00,4.931289e+00,4.771147e+00,4.926888e+00,4.833254e+00,4.561444e+00,4.447982e+00,4.989673e+00,4.989424e+00,4.299655e+00,4.028027e+00,4.597182e+00,4.509132e+00,3.631985e+00,4.008815e+00,3.490150e+00,3.011283e+00,4.294716e+00,4.373929e+00,5.320917e+00,3.039131e+00,4.615622e+00,4.975895e+00,4.946138e+00,4.270804e+00,4.804373e+00,4.501531e+00,4.665799e+00,4.699185e+00,4.824452e+00,4.253247e+00,2.879689e+00,3.954078e+00,3.552889e+00,3.200756e+00,3.218153e+00,3.654762e+00,4.201435e+00,4.925899e+00,4.701311e+00,nan,5.353710e+00,8.491606e+00,6.156100e+00,2.369809e+00,2.822084e+00,4.054185e+00,1.041578e+01,4.443037e+00,3.764088e+00,4.306403e+00,4.494725e+00,4.696589e+00,3.818466e+00,3.888811e+00,3.088646e+00,2.508998e+00,5.014358e+00,5.243795e+00,4.772001e+00,3.703297e+00,3.794888e+00,4.085702e+00,3.857075e+00,6.013252e+00,5.364073e+00,3.756532e+00,4.379288e+00,8.088502e+00,4.420124e+00,4.309130e+00,5.018757e+00,4.555954e+00,4.520237e+00,8.449683e+00,4.534427e+00,3.008854e+00,2.821736e+00,2.988008e+00,3.788416e+00,4.750358e+00,4.380170e+00,3.158815e+00,3.747849e+00,4.848159e+00,4.957000e+00,3.560476e+00,3.015238e+00,9.178017e+00,nan,4.227028e+00,3.948477e+00,4.429900e+00,2.986666e+00,7.515118e+00,3.506618e+00,3.797495e+00,3.389049e+00,8.857210e+00,4.448211e+00,4.686198e+00,4.185291e+00,2.655031e+00,7.506078e+00,3.758848e+00,4.828344e+00,9.316602e+00,5.633987e+00,3.437206e+00,4.650479e+00,6.329863e+00,4.746923e+00,4.770023e+00,4.992814e+00,4.714825e+00,3.482244e+00,3.221618e+00,4.235364e+00,3.717153e+00,3.230245e+00,4.381677e+00,2.873196e+00,3.784171e+00,2.935775e+00,3.174683e+00,4.780599e+00,5.010915e+00,4.785288e+00,3.829590e+00,3.167949e+00,2.738168e+00,4.068848e+00,3.406635e+00,4.960765e+00,4.893318e+00,4.575003e+00,4.776170e+00,4.652117e+00,4.791843e+00,3.453784e+00,4.551323e+00,4.679948e+00,4.891644e+00,4.566574e+00,4.745333e+00,4.872287e+00,4.677614e+00,4.008640e+00,3.221972e+00,4.880956e+00,3.470964e+00,4.614375e+00,4.317130e+00,4.948313e+00,4.087576e+00,4.099394e+00,4.866927e+00,4.819658e+00,4.942444e+00,4.835775e+00,4.931558e+00,4.128634e+00,3.249554e+00,4.371658e+00,4.617199e+00,4.807844e+00,4.390413e+00,4.899139e+00,5.069179e+00,4.713444e+00,4.527232e+00,4.947099e+00,4.403250e+00,5.046192e+00,5.025776e+00,4.908770e+00,5.008677e+00,4.992594e+00,5.026548e+00,4.821949e+00,4.844956e+00,4.647379e+00,5.005130e+00,4.650393e+00,5.134760e+00,4.782614e+00,5.081009e+00,5.002876e+00,5.004470e+00,4.969529e+00,4.359121e+00
4.776503e+00,4.694004e+00,5.020806e+00,4.732855e+00,4.971251e+00,4.804410e+00,5.091197e+00,4.811587e+00,4.812765e+00,4.677587e+00,4.361403e+00,4.829111e+00,4.976104e+00,4.742777e+00,4.628215e+00,4.738373e+00,4.789701e+00,4.904369e+00,4.810915e+00,4.827277e+00,4.892727e+00,4.980711e+00,4.716766e+00,5.005049e+00,4.973597e+00,4.835624e+00,4.787764e+00,4.688811e+00,4.963957e+00,4.221105e+00,4.633271e+00,4.649314e+00,3.521380e+00,3.875540e+00,5.134843e+00,3.769000e+00,4.318397e+00,4.736260e+00,2.843694e+00,3.109408e+00,5.183855e+00,3.423773e+00,4.398343e+00,3.202583e+00,4.855307e+00,5.163773e+00,4.868347e+00,4.950149e+00,3.244189e+00,2.351150e+00,3.648251e+00,4.463141e+00,4.633309e+00,4.724971e+00,4.672916e+00,4.842553e+00,3.042144e+00,3.485573e+00,4.228379e+00,4.658236e+00,3.307233e+00,1.041866e+01,4.267141e+00,2.906040e+00,6.413189e+00,3.781088e+00,4.023420e+00,9.199701e+00,4.944153e+00,3.578507e+00,9.333757e+00,5.007080e+00,4.466108e+00,3.452177e+00,6.701303e+00,4.223209e+00,3.881269e+00,4.584814e+00,6.767185e+00,4.807067e+00,5.285748e+00,9.200477e+00,5.164350e+00,7.768022e+00,6.044484e+00,4.820978e+00,5.119761e+00,9.344129e+00,9.468324e+00,3.185737e+00,4.395259e+00,5.648959e+00,2.875328e+00,5.221495e+00,2.796998e+00,3.836568e+00,6.659581e+00,7.990076e+00,6.630588e+00,3.950295e+00,4.708910e+00,3.817473e+00,4.911859e+00,3.641518e+00,3.649285e+00,3.321100e+00,4.490432e+00,2.721516e+00,4.372703e+00,3.687138e+00,4.107437e+00,2.666915e+00,8.239482e+00,4.848089e+00,3.286531e+00,6.092788e+00,3.849245e+00,3.936551e+00,9.425235e+00,3.955255e+00,5.253513e+00,4.755092e+00,3.473728e+00,3.676504e+00,3.573579e+00,4.472602e+00,8.281168e+00,4.244793e+00,2.928266e+00,4.535486e+00,3.964381e+00,4.323498e+00,2.775446e+00,3.588237e+00,5.267042e+00,4.111014e+00,3.080062e+00,4.284018e+00,4.585923e+00,2.845862e+00,3.641428e+00,4.137606e+00,5.282799e+00,4.431347e+00,3.984934e+00,3.298573e+00,4.706998e+00,3.915421e+00,5.072411e+00,5.132253e+00,4.909948e+00,4.699071e+00,4.318295e+00,3.185778e+00,4.494182e+00,3.418115e+00,4.382815e+00,4.907179e+00,4.551623e+00,4.849067e+00,5.065511e+00,4.913933e+00,4.555393e+00,2.658806e+00,4.635653e+00,3.254230e+00,4.757292e+00,4.724835e+00,3.742852e+00,3.187442e+00,4.383118e+00,4.796750e+00,3.945278e+00,3.471679e+00,3.483125e+00,4.408799e+00,3.787612e+00,4.566608e+00,4.704155e+00,4.680317e+00,4.519017e+00,4.820011e+00,4.957262e+00,5.022565e+00,5.097221e+00,4.822598e+00,4.691645e+00,3.855578e+00,4.340434e+00,4.860089e+00,5.035594e+00,4.738656e+00,4.881387e+00,4.878416e+00,4.493868e+00,4.903761e+00,4.888768e+00,4.575756e+00,4.879388e+00,4.919241e+00,4.888998e+00,4.720164e+00,4.984743e+00,5.008527e+00,4.852537e+00,4.809724e+00,4.970922e+00,4.985042e+00,4.669854e+00,4.993875e+00,4.894845e+00,4.852274e+00,4.889785e+00,4.833803e+00,4.809518e+00
4.397312e+00,4.661940e+00,4.798949e+00,4.689613e+00,4.772925e+00,4.814007e+00,5.001297e+00,4.591923e+00,4.956268e+00,4.629804e+00,4.882529e+00,4.663597e+00,4.884731e+00,4.889028e+00,4.964494e+00,4.700408e+00,4.693541e+00,4.969420e+00,4.501149e+00,4.625378e+00,4.826836e+00,5.056865e+00,4.797838e+00,4.797954e+00,4.661330e+00,4.674424e+00,4.982166e+00,4.897454e+00,4.936237e+00,4.595449e+00,3.558120e+00,4.398874e+00,2.989258e+00,4.898520e+00,4.340421e+00,3.386773e+00,4.655981e+00,4.587006e+00,3.831415e+00,4.273081e+00,4.327397e+00,3.182653e+00,3.320807e+00,5.116772e+00,4.832520e+00,4.122605e+00,4.924324e+00,3.150076e+00,4.831314e+00,3.468163e+00,4.190296e+00,4.459567e+00,4.527838e+00,4.413710e+00,4.812990e+00,3.142655e+00,3.165487e+00,9.287943e+00,4.684289e+00,4.305225e+00,8.496268e+00,4.020507e+00,3.900655e+00,4.070956e+00,4.209403e+00,4.820157e+00,9.926035e+00,8.971793e+00,4.044549e+00,3.627985e+00,9.478585e+00,7.082671e+00,3.543343e+00,8.620903e+00,2.566147e+00,4.206333e+00,9.298061e+00,2.732338e+00,5.238846e+00,4.487783e+00,4.587924e+00,4.710373e+00,4.329998e+00,3.436679e+00,3.756068e+00,4.034533e+00,3.773281e+00,3.834266e+00,4.378161e+00,4.341955e+00,5.261927e+00,3.408974e+00,2.278763e+00,4.073732e+00,3.681281e+00,9.353484e+00,5.141193e+00,3.098529e+00,5.163458e+00,4.990191e+00,8.523485e+00,8.100493e+00,5.353818e+00,9.687938e+00,8.902165e+00,2.843941e+00,6.400085e+00,3.801311e+00,9.284489e+00,3.803530e+00,9.474529e+00,8.717857e+00,4.696882e+00,2.825863e+00,9.110958e+00,3.560008e+00,5.564694e+00,8.099904e+00,2.532490e+00,4.386452e+00,6.084643e+00,8.976552e+00,3.975789e+00,3.017364e+00,3.259937e+00,2.500292e+00,3.959172e+00,3.969642e+00,3.850349e+00,4.884159e+00,3.571422e+00,4.591960e+00,9.076082e+00,8.162632e+00,7.443556e+00,9.515146e+00,3.295077e+00,3.044464e+00,4.471949e+00,3.478489e+00,3.722637e+00,4.547626e+00,3.240726e+00,3.346970e+00,3.179968e+00,3.265018e+00,4.650286e+00,5.005268e+00,4.940239e+00,4.701342e+00,5.186260e+00,4.225017e+00,4.787143e+00,4.803968e+00,4.975448e+00,4.846847e+00,4.807350e+00,4.725696e+00,4.970765e+00,4.440763e+00,4.051862e+00,4.737030e+00,4.088021e+00,4.849322e+00,4.539143e+00,4.926270e+00,4.921727e+00,4.943447e+00,5.104006e+00,4.917913e+00,4.418677e+00,2.655002e+00,2.685742e+00,3.495952e+00,2.903469e+00,4.257644e+00,4.428010e+00,4.486246e+00,3.844910e+00,4.400872e+00,4.949594e+00,4.529968e+00,4.879693e+00,5.006643e+00,5.070120e+00,4.303121e+00,3.251647e+00,2.587099e+00,3.394311e+00,4.435923e+00,4.909450e+00,3.372801e+00,4.829477e+00,4.861615e+00,4.646579e+00,4.950314e+00,4.776442e+00,5.003119e+00,4.701749e+00,4.855430e+00,4.824011e+00,4.782591e+00,4.928742e+00,4.636486e+00,4.922685e+00,4.809043e+00,4.926522e+00,4.914271e+00,4.605800e+00,4.927856e+00,4.675716e+00,4.530664e+00,4.787938e+00,5.000462e+00,4.806971e+00
4.899436e+00,4.659456e+00,4.740417e+00,4.608129e+00,4.929818e+00,4.547353e+00,4.931134e+00,4.735900e+00,4.778469e+00,4.692236e+00,4.675197e+00,4.548820e+00,5.033649e+00,4.863520e+00,4.772909e+00,4.852703e+00,4.939260e+00,4.826075e+00,4.781789e+00,4.654078e+00,4.638257e+00,4.579575e+00,4.428046e+00,5.019061e+00,4.543866e+00,4.886293e+00,4.734046e+00,4.697795e+00,4.916870e+00,4.271522e+00,3.657391e+00,4.214972e+00,2.748845e+00,3.899285e+00,3.744375e+00,3.042580e+00,2.651442e+00,3.530978e+00,5.000464e+00,3.535099e+00,4.010490e+00,4.305643e+00,2.372718e+00,4.935473e+00,4.760333e+00,4.905907e+00,5.749515e+00,2.934594e+00,2.928495e+00,3.265964e+00,4.083468e+00,3.243230e+00,3.979251e+00,3.877075e+00,4.940190e+00,5.023736e+00,4.691019e+00,3.327402e+00,4.013824e+00,3.467080e+00,6.027775e+00,5.542512e+00,4.802033e+00,1.038924e+01,6.461914e+00,9.304951e+00,1.008515e+01,5.582713e+00,8.876634e+00,8.868416e+00,3.336697e+00,8.289105e+00,3.037327e+00,5.611234e+00,nan,3.090571e+00,4.271604e+00,2.939433e+00,2.348999e+00,9.491533e+00,6.088781e+00,5.200398e+00,3.491698e+00,4.876218e+00,4.590117e+00,3.728387e+00,3.528302e+00,4.775890e+00,4.734937e+00,3.751384e+00,7.484938e+00,5.352916e+00,4.334654e+00,4.711574e+00,6.255357e+00,4.366644e+00,3.719028e+00,3.154240e+00,4.534231e+00,4.041303e+00,nan,3.226541e+00,6.297019e+00,4.777344e+00,4.400318e+00,8.641303e+00,2.990609e+00,9.446387e+00,3.372590e+00,8.763552e+00,2.914178e+00,3.787765e+00,6.111962e+00,5.210740e+00,8.997168e+00,7.806421e+00,5.563750e+00,4.554627e+00,4.434374e+00,6.714236e+00,3.780451e+00,4.725848e+00,3.288316e+00,3.168564e+00,3.389958e+00,8.731445e+00,4.433976e+00,2.680936e+00,4.513936e+00,8.533200e+00,3.608713e+00,2.861542e+00,3.348703e+00,4.538037e+00,3.060785e+00,3.018081e+00,3.452852e+00,2.524130e+00,4.010402e+00,3.911807e+00,3.503271e+00,3.243535e+00,2.896452e+00,3.751807e+00,2.918605e+00,3.307295e+00,4.851086e+00,4.331193e+00,4.973931e+00,4.936169e+00,4.635471e+00,4.541695e+00,5.015297e+00,4.721576e+00,5.018386e+00,4.810720e+00,4.145327e+00,4.580469e+00,4.971956e+00,4.631464e+00,4.937303e+00,4.652729e+00,4.348882e+00,4.927855e+00,4.223021e+00,4.966267e+00,4.796998e+00,4.385883e+00,4.535326e+00,4.767586e+00,4.650710e+00,3.671076e+00,4.835081e+00,3.305142e+00,4.908099e+00,4.528132e+00,2.860430e+00,3.504133e+00,4.608006e+00,4.927898e+00,4.233830e+00,4.975420e+00,4.592623e+00,5.025447e+00,4.795526e+00,4.916582e+00,4.900987e+00,4.831817e+00,4.306028e+00,2.870297e+00,4.891261e+00,4.848829e+00,4.735524e+00,5.029086e+00,4.917632e+00,5.016679e+00,4.683265e+00,4.859821e+00,4.645519e+00,4.789670e+00,4.591852e+00,4.829569e+00,4.821682e+00,4.691114e+00,4.714169e+00,5.127335e+00,5.054847e+00,4.544398e+00,4.791540e+00,4.974778e+00,4.863359e+00,4.922212e+00,4.888746e+00,4.789907e+00,4.845233e+00
4.860622e+00,4.641726e+00,4.692941e+00,4.808732e+00,5.038878e+00,4.850798e+00,4.801246e+00,4.532687e+00,4.849177e+00,4.470217e+00,4.655729e+00,4.689467e+00,4.729325e+00,4.978159e+00,4.698764e+00,4.819917e+00,4.942244e+00,4.602044e+00,4.465982e+00,5.013142e+00,4.404311e+00,4.571740e+00,4.610705e+00,4.771469e+00,4.876773e+00,4.992783e+00,4.881844e+00,4.908864e+00,4.264169e+00,4.233370e+00,3.859141e+00,4.677944e+00,3.642607e+00,3.800261e+00,2.569079e+00,3.320340e+00,3.741523e+00,3.099628e+00,4.318630e+00,3.043066e+00,3.387015e+00,5.085383e+00,4.609253e+00,4.829238e+00,4.656441e+00,4.667433e+00,2.599011e+00,3.110424e+00,4.612686e+00,8.763928e+00,3.060451e+00,3.922027e+00,5.020195e+00,4.896320e+00,5.024666e+00,5.044377e+00,4.686949e+00,3.193100e+00,4.135338e+00,3.438473e+00,4.248538e+00,3.515611e+00,3.254822e+00,8.806034e+00,7.995772e+00,4.598576e+00,4.577739e+00,2.981292e+00,5.372332e+00,3.400806e+00,2.697796e+00,5.154785e+00,4.610392e+00,3.532543e+00,3.257115e+00,9.909852e+00,3.483804e+00,3.588749e+00,4.860925e+00,4.129158e+00,3.388918e+00,6.381335e+00,5.634769e+00,4.850893e+00,2.868055e+00,3.879526e+00,3.032367e+00,3.919197e+00,3.881759e+00,3.507429e+00,4.340997e+00,3.944421e+00,4.107508e+00,7.888688e+00,4.944134e+00,3.394865e+00,3.752351e+00,3.519374e+00,6.960823e+00,3.277762e+00,8.606750e+00,4.281859e+00,1.041866e+01,3.861385e+00,9.849097e+00,1.006814e+01,4.426790e+00,2.657262e+00,7.451460e+00,3.282428e+00,8.799953e+00,3.137945e+00,1.006585e+01,9.463483e+00,4.269735e+00,4.334426e+00,4.275500e+00,3.857897e+00,4.512054e+00,4.404151e+00,2.428980e+00,3.675655e+00,6.123616e+00,4.395656e+00,4.522734e+00,4.261398e+00,4.325009e+00,8.105924e+00,3.455045e+00,4.163583e+00,5.072893e+00,4.047653e+00,4.161362e+00,2.814534e+00,4.455148e+00,4.547209e+00,4.034411e+00,4.501292e+00,3.390410e+00,4.581486e+00,3.978069e+00,4.054815e+00,4.250398e+00,2.920011e+00,3.019091e+00,3.269584e+00,3.042349e+00,4.365114e+00,4.774535e+00,5.004070e+00,4.904640e+00,4.682327e+00,4.353063e+00,4.683490e+00,3.141377e+00,4.702493e+00,5.042509e+00,4.910821e+00,4.557606e+00,4.805941e+00,4.975676e+00,4.681063e+00,4.006623e+00,4.609627e+00,4.873314e+00,4.813692e+00,4.762254e+00,4.931716e+00,5.159089e+00,4.959975e+00,5.007149e+00,3.968509e+00,4.444012e+00,3.946605e+00,2.975091e+00,4.549946e+00,4.822686e+00,4.411878e+00,4.000082e+00,3.223765e+00,4.646762e+00,4.428951e+00,4.901255e+00,4.759222e+00,4.616229e+00,4.953293e+00,4.899842e+00,4.853988e+00,4.982732e+00,4.347630e+00,4.675650e+00,5.040063e+00,4.875301e+00,4.879163e+00,4.839902e+00,4.969402e+00,4.595881e+00,4.923838e+00,4.834972e+00,5.021962e+00,4.859637e+00,4.535003e+00,4.901955e+00,4.972763e+00,4.676981e+00,4.675122e+00,5.016564e+00,4.808021e+00,4.928056e+00,4.683150e+00,4.768900e+00,4.870841e+00,4.775594e+00,4.701696e+00,4.794043e+00
4.920972e+00,4.772851e+00,4.636868e+00,4.327143e+00,4.734135e+00,4.911746e+00,4.903488e+00,4.250646e+00,5.002534e+00,4.897555e+00,4.486121e+00,5.023539e+00,4.690983e+00,4.722346e+00,4.345534e+00,5.223924e+00,4.963387e+00,4.892526e+00,4.360074e+00,4.749091e+00,2.576837e+00,4.583439e+00,4.909113e+00,4.811500e+00,4.696150e+00,4.959355e+00,4.715591e+00,4.931434e+00,4.596891e+00,4.547074e+00,4.293234e+00,4.631295e+00,3.723766e+00,3.194274e+00,2.926171e+00,4.714944e+00,3.052431e+00,4.037145e+00,2.831550e+00,3.545313e+00,4.325084e+00,4.871340e+00,5.126375e+00,5.089797e+00,4.986229e+00,4.241010e+00,3.824594e+00,3.960002e+00,3.826182e+00,9.897180e+00,5.192217e+00,9.273908e+00,1.041866e+01,3.583823e+00,3.502239e+00,4.328474e+00,4.774742e+00,4.115574e+00,4.837827e+00,2.653391e+00,3.343117e+00,3.555428e+00,8.634990e+00,3.473089e+00,6.396876e+00,3.361640e+00,3.946096e+00,2.435943e+00,5.932398e+00,7.788109e+00,7.615989e+00,3.895459e+00,4.312510e+00,4.098389e+00,4.417002e+00,3.291123e+00,3.979310e+00,2.147835e+00,7.529829e+00,4.386682e+00,2.821228e+00,3.927191e+00,4.223356e+00,3.852420e+00,2.900557e+00,2.556484e+00,3.248430e+00,4.087702e+00,2.772096e+00,5.172975e+00,4.337719e+00,5.136357e+00,4.624735e+00,9.424645e+00,4.208130e+00,3.648893e+00,9.969054e+00,3.437604e+00,3.671264e+00,5.298087e+00,5.165202e+00,1.039102e+01,4.345247e+00,5.365118e+00,7.508813e+00,4.468639e+00,8.638391e+00,8.268098e+00,3.012535e+00,4.005796e+00,3.375587e+00,2.631517e+00,4.073296e+00,3.125471e+00,3.372260e+00,2.551936e+00,3.980002e+00,4.427101e+00,3.832262e+00,3.019040e+00,2.677941e+00,4.338702e+00,3.579367e+00,2.497002e+00,3.259514e+00,4.497493e+00,4.180722e+00,3.889389e+00,3.949384e+00,3.247315e+00,3.134769e+00,4.204912e+00,2.574987e+00,4.697067e+00,4.058260e+00,4.100494e+00,4.411212e+00,3.925943e+00,3.231907e+00,3.659663e+00,3.014127e+00,3.280443e+00,4.780681e+00,3.938629e+00,4.546524e+00,3.358079e+00,4.526515e+00,3.596593e+00,3.910581e+00,4.916158e+00,4.960626e+00,4.536134e+00,4.843137e+00,5.137317e+00,5.006891e+00,4.796650e+00,4.606796e+00,4.636430e+00,5.018490e+00,4.983297e+00,4.762131e+00,5.009449e+00,4.784349e+00,5.238018e+00,4.202146e+00,4.748562e+00,4.880116e+00,4.869866e+00,4.684051e+00,4.712765e+00,3.769662e+00,4.542166e+00,2.788818e+00,4.856910e+00,2.695409e+00,3.049162e+00,4.598731e+00,2.618084e+00,4.679799e+00,4.376211e+00,3.965774e+00,5.061182e+00,4.966147e+00,4.851980e+00,4.729533e+00,5.116335e+00,4.839400e+00,4.593724e+00,2.897118e+00,4.139951e+00,4.553046e+00,4.937442e+00,4.953290e+00,4.659189e+00,4.851375e+00,4.792056e+00,4.780182e+00,4.599135e+00,4.759775e+00,4.902463e+00,4.644404e+00,4.990981e+00,4.533919e+00,4.726994e+00,4.695914e+00,4.990399e+00,4.405215e+00,4.934488e+00,4.916179e+00,4.674980e+00,4.700139e+00,4.951550e+00,4.719479e+00,4.996157e+00,5.041404e+00
4.892364e+00,4.809906e+00,4.808865e+00,4.746497e+00,4.711497e+00,4.734654e+00,4.862025e+00,4.997805e+00,4.710823e+00,4.815770e+00,4.799622e+00,4.931110e+00,4.815171e+00,5.140822e+00,4.550397e+00,4.869608e+00,4.919805e+00,4.650690e+00,5.019367e+00,4.647211e+00,4.826877e+00,5.162927e+00,4.717202e+00,4.871414e+00,4.810536e+00,4.832750e+00,4.951266e+00,5.047116e+00,4.350087e+00,3.291191e+00,4.799731e+00,4.198569e+00,2.880148e+00,4.818169e+00,3.651871e+00,3.203100e+00,4.065023e+00,3.402428e+00,3.262103e+00,2.972520e+00,2.653620e+00,4.969897e+00,4.754719e+00,4.935475e+00,2.548610e+00,4.040092e+00,4.381968e+00,3.798317e+00,4.332172e+00,2.520559e+00,4.136167e+00,2.999094e+00,3.917173e+00,2.913855e+00,4.437345e+00,4.611611e+00,4.992731e+00,4.241538e+00,3.627920e+00,3.613398e+00,4.038237e+00,9.030117e+00,8.347563e+00,4.856834e+00,8.224592e+00,4.120287e+00,3.914359e+00,5.005917e+00,8.921631e+00,3.072926e+00,4.643396e+00,3.036676e+00,3.255732e+00,2.783580e+00,6.283724e+00,4.957840e+00,4.721496e+00,8.704167e+00,2.691701e+00,4.600939e+00,4.402616e+00,9.205588e+00,4.521264e+00,4.867475e+00,3.609386e+00,3.321286e+00,3.150489e+00,4.122583e+00,3.006192e+00,4.620045e+00,8.909360e+00,4.927551e+00,3.483287e+00,7.544255e+00,4.192719e+00,4.475420e+00,7.103642e+00,4.185395e+00,3.093394e+00,4.595943e+00,5.065684e+00,9.051786e+00,4.455480e+00,4.117801e+00,4.401147e+00,4.450561e+00,3.320596e+00,3.940299e+00,4.771464e+00,3.934577e+00,2.760061e+00,4.263001e+00,3.307041e+00,3.576372e+00,5.087996e+00,4.604330e+00,4.532704e+00,4.986977e+00,4.887799e+00,4.855025e+00,5.047447e+00,4.787333e+00,5.100154e+00,4.032740e+00,4.903821e+00,4.894157e+00,4.850586e+00,5.037339e+00,4.822036e+00,2.730215e+00,2.833975e+00,4.791596e+00,3.245127e+00,4.015159e+00,3.009721e+00,2.872823e+00,4.027652e+00,4.121431e+00,4.873984e+00,3.478451e+00,2.783025e+00,3.810454e+00,3.657761e+00,2.853314e+00,4.139128e+00,4.528844e+00,4.204375e+00,3.300308e+00,4.012683e+00,4.184747e+00,5.006791e+00,3.275698e+00,2.677040e+00,3.844365e+00,4.052524e+00,4.810742e+00,4.529431e+00,3.450833e+00,2.995725e+00,4.133389e+00,4.580803e+00,4.739712e+00,4.731201e+00,5.057314e+00,4.578402e+00,4.952971e+00,5.071378e+00,4.892787e+00,4.572488e+00,4.567881e+00,4.038114e+00,4.059006e+00,4.171546e+00,4.279727e+00,4.571688e+00,3.410373e+00,4.693294e+00,3.881519e+00,2.611616e+00,4.798204e+00,3.821809e+00,4.981609e+00,4.269378e+00,4.746001e+00,4.888924e+00,4.923513e+00,5.005908e+00,4.783925e+00,4.454700e+00,3.792210e+00,3.277454e+00,3.741278e+00,3.988429e+00,3.568977e+00,4.587145e+00,4.955874e+00,4.918523e+00,4.694552e+00,4.749226e+00,4.424652e+00,4.774497e+00,4.772580e+00,4.841422e+00,4.979914e+00,4.975451e+00,5.010635e+00,4.020866e+00,4.742451e+00,4.793086e+00,4.927473e+00,5.053919e+00,4.933290e+00,4.882327e+00,5.019227e+00,5.012821e+00
4.465907e+00,4.893275e+00,4.737964e+00,5.066224e+00,4.690393e+00,4.987630e+00,4.939034e+00,4.814089e+00,5.018441e+00,4.868198e+00,4.877076e+00,4.756464e+00,4.464229e+00,4.981070e+00,4.947813e+00,5.052341e+00,4.753511e+00,4.737671e+00,4.782572e+00,3.247853e+00,4.661007e+00,5.145708e+00,4.940645e+00,4.591451e+00,4.757563e+00,5.030187e+00,4.644177e+00,4.480461e+00,3.542695e+00,3.772737e+00,3.556303e+00,4.796917e+00,3.109862e+00,4.069828e+00,3.012340e+00,4.210551e+00,3.595641e+00,4.504615e+00,7.455218e+00,2.983624e+00,4.429628e+00,4.758207e+00,4.831123e+00,4.616827e+00,2.932142e+00,3.089151e+00,4.456457e+00,3.490779e+00,3.352214e+00,9.997381e+00,2.525389e+00,3.509206e+00,3.469502e+00,9.481869e+00,3.577442e+00,2.195369e+00,3.883656e+00,4.619650e+00,2.868738e+00,3.039153e+00,4.100734e+00,9.271254e+00,4.580296e+00,4.177384e+00,3.800831e+00,9.008176e+00,9.498153e+00,9.290181e+00,4.183319e+00,2.476684e+00,9.819774e+00,3.859073e+00,4.247976e+00,9.489369e+00,6.477540e+00,3.047454e+00,3.462458e+00,3.447527e+00,2.857247e+00,5.321457e+00,8.240925e+00,3.693080e+00,4.250742e+00,4.621967e+00,3.914581e+00,4.206582e+00,8.040574e+00,4.118413e+00,3.568262e+00,9.241126e+00,9.110421e+00,5.710094e+00,3.566101e+00,3.902298e+00,4.468104e+00,3.436948e+00,1.015744e+01,3.286010e+00,2.669244e+00,4.006826e+00,8.722816e+00,4.818322e+00,4.351621e+00,4.167590e+00,3.615525e+00,2.768144e+00,8.426084e+00,3.923019e+00,3.943932e+00,4.379074e+00,4.796866e+00,4.867401e+00,4.854463e+00,4.931721e+00,4.855118e+00,4.905632e+00,4.868240e+00,4.448928e+00,5.027109e+00,5.030025e+00,5.055809e+00,4.659904e+00,4.965831e+00,4.799380e+00,4.896674e+00,4.930028e+00,4.754973e+00,4.721644e+00,4.745951e+00,4.892148e+00,4.665708e+00,4.691785e+00,4.907831e+00,4.388455e+00,5.168053e+00,4.757681e+00,3.187996e+00,3.287919e+00,3.570424e+00,3.401751e+00,3.475299e+00,3.562308e+00,4.202487e+00,3.810688e+00,3.760003e+00,3.486574e+00,3.228616e+00,4.673091e+00,3.173384e+00,3.682607e+00,2.853144e+00,2.392523e+00,4.482977e+00,4.530757e+00,3.203700e+00,4.077084e+00,4.092650e+00,4.268166e+00,4.965628e+00,4.727790e+00,4.604944e+00,4.680453e+00,5.025624e+00,4.845167e+00,5.029478e+00,4.987709e+00,4.892323e+00,3.258192e+00,2.705859e+00,4.594687e+00,3.850935e+00,4.274763e+00,2.526701e+00,3.327653e+00,3.314800e+00,3.817468e+00,4.255616e+00,3.431302e+00,3.220578e+00,4.376150e+00,3.385522e+00,3.160931e+00,4.651330e+00,4.135673e+00,4.957530e+00,4.665029e+00,5.065692e+00,4.628595e+00,5.064111e+00,4.533268e+00,2.335854e+00,4.214613e+00,4.895342e+00,4.877778e+00,4.392267e+00,4.929128e+00,4.988707e+00,4.722629e+00,4.883557e+00,4.787140e+00,4.588942e+00,4.807748e+00,4.975490e+00,4.825066e+00,4.939889e+00,4.982255e+00,4.632121e+00,4.773579e+00,4.853031e+00,4.336536e+00,4.795150e+00,4.781327e+00,4.997316e+00,4.919480e+00,4.808137e+00
4.754146e+00,4.700119e+00,4.878487e+00,4.482486e+00,4.857722e+00,4.868619e+00,4.652031e+00,4.963781e+00,4.841383e+00,4.838331e+00,4.867292e+00,4.858294e+00,4.898653e+00,4.705965e+00,4.376762e+00,4.803659e+00,4.448509e+00,4.586930e+00,4.224005e+00,4.690357e+00,4.259234e+00,4.926312e+00,4.823892e+00,4.938624e+00,5.101211e+00,5.049297e+00,3.973340e+00,4.823723e+00,4.382231e+00,4.084421e+00,4.141759e+00,4.655785e+00,5.100758e+00,3.008729e+00,3.799974e+00,4.329943e+00,3.178579e+00,4.278422e+00,4.749209e+00,4.610995e+00,4.726884e+00,4.792788e+00,4.803490e+00,4.128708e+00,4.432300e+00,3.699901e+00,4.318209e+00,4.211825e+00,5.116352e+00,8.529080e+00,9.062547e+00,3.572546e+00,3.276855e+00,6.392686e+00,5.345708e+00,4.426623e+00,4.797046e+00,4.913745e+00,4.456128e+00,4.021845e+00,3.987708e+00,3.030845e+00,3.500297e+00,4.134121e+00,4.797856e+00,2.906431e+00,4.006198e+00,8.792682e+00,9.179651e+00,2.450455e+00,4.622617e+00,8.218222e+00,3.939631e+00,3.015772e+00,4.227180e+00,3.170305e+00,3.794156e+00,5.778854e+00,4.541305e+00,4.011064e+00,2.873716e+00,4.458849e+00,3.088521e+00,2.873906e+00,4.329872e+00,4.533973e+00,2.618346e+00,4.065843e+00,8.307531e+00,3.499281e+00,2.468257e+00,3.810899e+00,4.208738e+00,7.831932e+00,9.300586e+00,3.387964e+00,3.382797e+00,3.263936e+00,3.360323e+00,4.455985e+00,4.172908e+00,4.436966e+00,5.705725e+00,2.823531e+00,4.335512e+00,2.692487e+00,4.231623e+00,4.680254e+00,4.831323e+00,4.977634e+00,4.796090e+00,4.844208e+00,4.966379e+00,4.984395e+00,4.923013e+00,4.818753e+00,4.587025e+00,4.611559e+00,4.990432e+00,4.497170e+00,4.757092e+00,4.910371e+00,4.656291e+00,4.766449e+00,4.767495e+00,4.960944e+00,4.881164e+00,4.882742e+00,5.067687e+00,5.117925e+00,4.821983e+00,5.165448e+00,4.988958e+00,4.933838e+00,4.624538e+00,4.319992e+00,3.247050e+00,4.518230e+00,2.779671e+00,3.068924e+00,3.111841e+00,3.658008e+00,2.431992e+00,2.925179e+00,2.481917e+00,4.686347e+00,3.415472e+00,3.155705e+00,3.046733e+00,2.782358e+00,4.212526e+00,3.185904e+00,4.136479e+00,3.004433e+00,3.802073e+00,4.707009e+00,3.745983e+00,3.281622e+00,4.799018e+00,4.500585e+00,4.780794e+00,5.006760e+00,4.859533e+00,4.709614e+00,4.749960e+00,3.467719e+00,3.395477e+00,3.103821e+00,5.730070e+00,3.121205e+00,2.959238e+00,3.606102e+00,4.845004e+00,4.192245e+00,4.483619e+00,3.023492e+00,3.211442e+00,4.082867e+00,4.772034e+00,4.637228e+00,4.712030e+00,4.713331e+00,4.607857e+00,5.045631e+00,4.710415e+00,4.279090e+00,4.868875e+00,4.802894e+00,4.220854e+00,3.483326e+00,3.354756e+00,nan,4.654576e+00,5.019231e+00,7.803507e+00,4.741843e+00,4.648462e+00,4.752328e+00,4.647599e+00,4.911224e+00,4.906772e+00,4.690625e+00,4.797088e+00,4.986844e+00,4.501752e+00,4.460095e+00,4.941628e+00,4.793912e+00,4.772538e+00,4.432087e+00,4.881422e+00,4.897059e+00,4.793274e+00,4.828411e+00,4.874427e+00
4.942645e+00,4.900182e+00,4.992373e+00,4.664711e+00,4.784474e+00,4.816965e+00,4.965285e+00,4.841158e+00,4.640765e+00,4.973339e+00,4.786845e+00,4.915644e+00,4.669248e+00,4.902551e+00,4.163221e+00,4.806981e+00,4.809960e+00,4.726718e+00,3.992711e+00,4.889246e+00,5.041543e+00,5.046309e+00,4.824260e+00,4.870559e+00,4.687369e+00,5.105007e+00,4.429013e+00,3.169645e+00,4.861262e+00,3.449998e+00,4.904197e+00,3.518752e+00,4.619971e+00,3.602496e+00,3.106767e+00,2.936942e+00,3.976435e+00,2.781035e+00,4.353094e+00,4.905786e+00,4.939350e+00,4.588568e+00,2.799674e+00,3.747846e+00,3.407310e+00,3.728173e+00,2.734463e+00,3.322361e+00,6.104395e+00,5.534658e+00,2.511916e+00,9.705598e+00,3.208930e+00,2.519416e+00,2.422227e+00,3.708120e+00,4.395927e+00,4.781192e+00,4.777368e+00,4.800551e+00,5.000895e+00,8.813486e+00,4.320083e+00,3.019357e+00,3.977877e+00,4.502835e+00,9.440385e+00,4.369522e+00,7.766507e+00,3.473035e+00,5.270617e+00,4.073858e+00,4.717718e+00,3.873977e+00,4.305327e+00,3.938252e+00,9.214904e+00,5.027474e+00,4.076249e+00,4.475116e+00,2.936232e+00,1.010823e+01,4.285859e+00,4.905546e+00,6.157375e+00,4.936416e+00,4.022575e+00,3.059133e+00,2.678204e+00,4.016237e+00,3.755671e+00,4.461516e+00,3.702912e+00,4.855755e+00,3.937880e+00,4.756508e+00,4.182892e+00,3.644315e+00,4.179158e+00,6.981248e+00,3.506826e+00,2.930220e+00,3.336049e+00,3.586887e+00,4.385855e+00,4.808022e+00,4.890058e+00,4.934146e+00,4.841666e+00,4.818033e+00,4.966351e+00,4.902964e+00,4.717682e+00,4.991288e+00,4.702090e+00,4.906385e+00,4.830296e+00,4.716253e+00,4.780186e+00,4.919470e+00,4.895398e+00,4.765063e+00,4.568914e+00,4.012613e+00,4.001907e+00,4.807229e+00,2.945284e+00,3.853479e+00,5.136767e+00,4.910356e+00,4.782307e+00,4.778025e+00,4.766999e+00,4.946229e+00,4.951013e+00,4.977065e+00,4.834313e+00,4.582085e+00,3.939005e+00,7.114168e+00,9.060898e+00,3.941249e+00,3.751151e+00,4.637070e+00,3.463172e+00,4.450443e+00,3.007947e+00,4.831231e+00,2.788452e+00,4.375315e+00,4.313364e+00,4.123902e+00,3.739535e+00,4.049745e+00,3.682166e+00,3.905395e+00,3.919530e+00,4.555736e+00,4.808211e+00,3.661275e+00,4.153556e+00,4.779501e+00,4.807360e+00,4.981865e+00,3.263360e+00,3.961680e+00,3.469876e+00,3.897346e+00,2.703865e+00,4.635054e+00,3.458383e+00,3.274673e+00,3.268232e+00,4.714191e+00,3.816302e+00,3.592372e+00,4.142682e+00,4.490600e+00,4.014664e+00,3.531338e+00,4.827961e+00,3.824308e+00,4.883753e+00,2.946811e+00,4.295097e+00,4.822102e+00,5.124508e+00,4.728002e+00,4.533143e+00,4.393115e+00,4.925650e+00,3.699555e+00,3.773905e+00,4.103524e+00,4.735346e+00,4.374072e+00,5.019461e+00,4.646896e+00,4.893537e+00,4.874441e+00,5.053551e+00,4.610273e+00,4.747835e+00,5.016172e+00,4.736508e+00,4.693524e+00,4.466969e+00,4.714297e+00,4.923110e+00,4.894392e+00,5.003141e+00,4.956289e+00,4.835486e+00,4.519547e+00,4.814408e+00
4.611236e+00,4.534274e+00,4.800884e+00,5.026516e+00,4.977547e+00,4.923762e+00,4.994913e+00,4.732970e+00,4.529642e+00,4.885406e+00,4.869725e+00,4.896208e+00,4.954611e+00,4.491818e+00,4.696101e+00,4.868094e+00,4.720028e+00,4.688384e+00,4.735718e+00,4.433018e+00,4.553590e+00,4.676247e+00,4.847390e+00,5.031674e+00,5.059887e+00,4.450505e+00,4.392888e+00,3.850479e+00,4.915676e+00,3.118816e+00,4.380732e+00,3.684388e+00,2.867729e+00,4.307167e+00,4.074568e+00,4.219132e+00,4.586168e+00,3.749155e+00,4.809755e+00,4.921872e+00,4.731389e+00,4.577815e+00,4.652904e+00,5.032177e+00,2.713841e+00,2.996052e+00,3.361323e+00,9.233653e+00,4.161649e+00,4.033771e+00,3.378239e+00,4.523301e+00,2.646132e+00,4.801170e+00,2.719358e+00,3.869301e+00,4.849813e+00,4.691572e+00,4.792565e+00,4.703562e+00,4.449023e+00,4.230091e+00,3.107670e+00,5.696891e+00,2.955275e+00,1.040422e+01,3.338743e+00,2.916150e+00,5.023238e+00,4.385872e+00,1.996635e+00,4.682132e+00,3.581636e+00,3.061386e+00,7.058139e+00,3.882436e+00,5.211113e+00,4.860213e+00,2.700178e+00,4.924096e+00,3.417263e+00,4.994475e+00,7.419082e+00,4.008225e+00,5.510641e+00,9.942491e+00,4.286145e+00,5.784086e+00,8.831026e+00,3.528949e+00,1.037836e+01,4.975693e+00,4.746496e+00,5.727519e+00,3.484448e+00,2.385916e+00,3.324047e+00,5.054764e+00,3.152142e+00,1.041634e+01,3.065241e+00,4.576390e+00,4.568555e+00,5.007576e+00,4.899542e+00,4.954988e+00,4.843770e+00,4.923028e+00,4.515709e+00,4.818294e+00,4.699909e+00,4.709150e+00,4.679875e+00,4.860699e+00,4.899566e+00,4.895001e+00,5.087261e+00,4.824255e+00,4.618918e+00,4.738396e+00,3.140234e+00,4.279654e+00,4.335740e+00,3.141097e+00,4.874967e+00,4.674164e+00,4.661468e+00,4.798892e+00,4.975002e+00,4.481570e+00,4.997044e+00,4.869910e+00,4.453693e+00,5.038081e+00,4.997818e+00,4.995868e+00,4.725273e+00,4.769571e+00,5.166458e+00,3.507609e+00,3.071842e+00,3.135974e+00,4.796732e+00,4.239263e+00,4.155393e+00,4.956114e+00,4.546144e+00,3.622225e+00,3.189911e+00,4.263985e+00,3.362437e+00,3.984500e+00,2.882948e+00,3.749993e+00,4.309134e+00,4.099475e+00,3.133745e+00,5.046081e+00,4.154455e+00,4.306449e+00,4.940118e+00,4.922480e+00,3.883667e+00,3.460179e+00,2.469485e+00,4.195414e+00,2.246833e+00,4.422826e+00,3.818324e+00,3.058359e+00,3.004407e+00,3.189346e+00,3.289130e+00,4.811090e+00,3.030640e+00,2.904105e+00,4.307673e+00,3.185650e+00,3.865515e+00,3.966015e+00,3.235774e+00,2.657782e+00,3.841700e+00,4.210315e+00,4.468735e+00,4.883002e+00,4.700606e+00,4.871058e+00,4.883040e+00,5.080897e+00,4.697749e+00,2.294826e+00,4.215110e+00,5.052036e+00,4.817559e+00,3.150446e+00,4.723078e+00,4.480425e+00,4.665080e+00,4.649506e+00,4.819638e+00,4.851535e+00,4.759181e+00,4.912349e+00,4.929382e+00,4.862266e+00,4.909704e+00,4.905327e+00,4.892075e+00,4.738817e+00,4.712641e+00,4.874724e+00,4.817490e+00,4.561203e+00,4.891426e+00
4.300200e+00,4.742818e+00,4.946773e+00,4.847448e+00,4.565303e+00,4.851331e+00,4.974521e+00,4.632316e+00,4.342050e+00,4.921683e+00,4.725095e+00,4.701792e+00,4.674117e+00,4.677801e+00,4.671633e+00,4.756701e+00,4.557623e+00,2.766899e+00,4.537617e+00,4.950743e+00,4.951694e+00,4.883641e+00,4.972591e+00,4.771890e+00,4.424398e+00,4.731056e+00,4.737505e+00,4.647944e+00,4.085371e+00,3.514178e+00,4.465707e+00,3.532875e+00,4.128931e+00,4.583732e+00,3.914281e+00,3.492461e+00,3.750080e+00,2.639851e+00,4.663878e+00,4.680779e+00,4.819984e+00,4.807106e+00,4.198095e+00,5.134558e+00,6.646937e+00,5.068031e+00,2.649247e+00,2.918925e+00,3.180822e+00,4.034399e+00,2.475224e+00,2.897581e+00,5.343390e+00,4.938554e+00,4.275669e+00,3.498296e+00,3.161032e+00,4.724116e+00,4.607541e+00,4.751437e+00,4.970866e+00,5.248907e+00,4.955205e+00,3.987042e+00,4.272386e+00,4.500933e+00,9.571681e+00,4.455754e+00,3.735688e+00,3.591205e+00,2.359239e+00,3.906527e+00,4.274112e+00,3.760675e+00,2.841172e+00,3.487149e+00,3.877743e+00,9.657378e+00,4.549126e+00,6.646172e+00,4.217112e+00,3.917408e+00,7.790305e+00,9.178835e+00,6.990695e+00,2.699236e+00,2.742795e+00,4.881803e+00,4.076359e+00,5.892540e+00,5.415346e+00,4.540489e+00,2.444678e+00,5.458034e+00,4.250075e+00,4.282948e+00,2.759971e+00,5.746868e+00,5.787141e+00,3.221218e+00,4.599701e+00,4.959991e+00,4.944688e+00,4.634003e+00,4.966771e+00,4.959759e+00,4.988154e+00,4.969163e+00,4.934349e+00,4.992491e+00,4.697416e+00,4.786694e+00,4.429918e+00,4.786552e+00,4.763407e+00,4.910522e+00,4.863029e+00,4.745254e+00,4.820741e+00,4.755376e+00,4.782972e+00,4.502755e+00,5.067483e+00,4.253169e+00,4.362505e+00,3.977972e+00,4.546582e+00,4.560219e+00,4.605697e+00,5.006869e+00,3.747397e+00,4.659991e+00,4.704725e+00,5.238852e+00,4.978693e+00,4.669564e+00,5.075115e+00,4.705507e+00,4.791154e+00,4.813519e+00,4.450162e+00,3.521610e+00,3.242634e+00,3.326047e+00,3.017129e+00,2.967811e+00,3.791250e+00,3.333314e+00,5.017314e+00,4.030187e+00,4.380114e+00,3.701882e+00,3.050296e+00,3.591563e+00,2.718734e+00,4.326463e+00,4.647316e+00,4.879741e+00,4.704088e+00,2.679965e+00,4.659061e+00,3.350125e+00,3.561123e+00,4.152933e+00,4.365160e+00,4.508148e+00,4.176178e+00,4.871247e+00,3.012072e+00,2.983570e+00,2.618105e+00,3.879635e+00,2.841559e+00,3.568395e+00,4.356485e+00,2.459816e+00,4.121429e+00,3.065933e+00,3.172011e+00,3.597273e+00,3.611125e+00,4.810234e+00,4.492593e+00,3.476396e+00,4.862423e+00,5.070136e+00,4.840075e+00,5.001821e+00,4.765295e+00,4.964249e+00,4.907578e+00,4.385954e+00,4.833325e+00,3.026308e+00,4.585645e+00,3.674988e+00,4.699184e+00,5.081546e+00,4.920492e+00,4.841961e+00,4.200362e+00,4.940742e+00,4.815723e+00,4.705737e+00,4.803450e+00,4.895143e+00,5.053452e+00,4.876754e+00,4.816845e+00,4.946199e+00,4.708841e+00,4.909415e+00,4.713468e+00,4.959125e+00,4.940602e+00
4.949972e+00,4.744523e+00,4.976882e+00,4.735003e+00,4.800734e+00,4.895359e+00,4.925614e+00,5.025034e+00,4.751642e+00,4.761881e+00,4.954638e+00,4.861989e+00,4.972098e+00,4.600616e+00,5.148238e+00,4.795108e+00,4.649898e+00,4.093937e+00,4.859350e+00,4.972608e+00,4.964341e+00,4.987183e+00,4.595436e+00,4.761421e+00,4.563551e+00,4.734305e+00,4.956032e+00,4.848867e+00,4.134552e+00,4.484153e+00,3.413426e+00,3.000329e+00,3.742047e+00,4.150155e+00,4.149612e+00,5.007811e+00,4.534885e+00,4.773426e+00,5.029928e+00,4.574143e+00,4.552757e+00,2.946385e+00,2.551526e+00,3.811596e+00,3.369811e+00,4.464912e+00,4.036946e+00,3.470445e+00,4.819108e+00,5.069998e+00,7.131660e+00,3.526559e+00,1.020898e+01,5.198666e+00,9.007431e+00,3.745150e+00,4.362496e+00,4.594979e+00,4.665936e+00,4.793116e+00,4.922266e+00,3.920240e+00,4.895429e+00,3.791893e+00,7.139880e+00,3.347880e+00,3.222139e+00,4.063706e+00,3.013667e+00,4.069692e+00,3.541059e+00,2.860107e+00,3.324798e+00,5.549140e+00,4.509353e+00,5.495830e+00,4.615915e+00,4.151907e+00,5.733581e+00,4.894497e+00,3.545935e+00,3.552782e+00,9.112465e+00,4.258302e+00,3.477667e+00,nan,2.767743e+00,5.429980e+00,4.177736e+00,3.161978e+00,3.540236e+00,4.301433e+00,2.739102e+00,5.020335e+00,1.000254e+01,2.858879e+00,3.728885e+00,7.430592e+00,4.581607e+00,5.074643e+00,4.749976e+00,4.650477e+00,4.849045e+00,4.463518e+00,4.468348e+00,4.998657e+00,5.012751e+00,4.762168e+00,4.913566e+00,4.630742e+00,4.670801e+00,4.372795e+00,4.749852e+00,5.003296e+00,4.945954e+00,4.386927e+00,4.856119e+00,4.893209e+00,4.490812e+00,4.899761e+00,4.236320e+00,4.662460e+00,4.603818e+00,4.444014e+00,3.810510e+00,3.048609e+00,4.942326e+00,4.786245e+00,4.520275e+00,4.841512e+00,4.821883e+00,4.862161e+00,4.858238e+00,4.635561e+00,4.344896e+00,4.798053e+00,4.773826e+00,4.817334e+00,4.556183e+00,5.123485e+00,4.887799e+00,4.781312e+00,5.314567e+00,3.511634e+00,3.575113e+00,4.156250e+00,2.507183e+00,4.047261e+00,2.778399e+00,4.012006e+00,3.888046e+00,4.832376e+00,4.424920e+00,2.781969e+00,3.611675e+00,4.465626e+00,5.013907e+00,4.790920e+00,4.891121e+00,4.922272e+00,4.398368e+00,4.146359e+00,4.160085e+00,4.459361e+00,3.328947e+00,3.621195e+00,2.931390e+00,4.698168e+00,4.096715e+00,2.385877e+00,3.337908e+00,4.259635e+00,4.755098e+00,2.703431e+00,4.589277e+00,4.998177e+00,2.542020e+00,3.545194e+00,4.243405e+00,3.715107e+00,5.398063e+00,3.070714e+00,4.500834e+00,5.263379e+00,3.277459e+00,4.605905e+00,4.834833e+00,4.757281e+00,4.810655e+00,4.906601e+00,4.511795e+00,3.528242e+00,4.567053e+00,4.618737e+00,4.912039e+00,4.803126e+00,4.638817e+00,4.755218e+00,4.699349e+00,4.626236e+00,4.900204e+00,4.953131e+00,4.828036e+00,4.595137e+00,4.768017e+00,5.035366e+00,4.888192e+00,4.822084e+00,4.937281e+00,4.824723e+00,4.827924e+00,4.483502e+00,4.775833e+00,4.935376e+00,4.799863e+00
4.653731e+00,4.760451e+00,4.936916e+00,4.982711e+00,4.739738e+00,4.602934e+00,4.904767e+00,5.054836e+00,4.582056e+00,4.916174e+00,4.899277e+00,4.719968e+00,4.817588e+00,4.754397e+00,3.427550e+00,4.474913e+00,4.228204e+00,3.222078e+00,4.709349e+00,4.929340e+00,5.136760e+00,5.124095e+00,4.839124e+00,4.755518e+00,5.073080e+00,4.898765e+00,4.717034e+00,3.868140e+00,3.413146e+00,3.876561e+00,4.076179e+00,2.582258e+00,4.830131e+00,3.666014e+00,5.253384e+00,9.182791e+00,4.282608e+00,4.979288e+00,4.887960e+00,4.489666e+00,5.343938e+00,3.012209e+00,2.722962e+00,2.900122e+00,4.333640e+00,4.709888e+00,4.371594e+00,4.243789e+00,4.496902e+00,4.439374e+00,4.467858e+00,1.006294e+01,9.080461e+00,5.015622e+00,3.026774e+00,3.292867e+00,4.620684e+00,3.464216e+00,4.585255e+00,4.897663e+00,4.888802e+00,5.094776e+00,8.240045e+00,9.685687e+00,2.958401e+00,2.357516e+00,2.651962e+00,2.139330e+00,4.220468e+00,5.245348e+00,4.912283e+00,3.246616e+00,3.352328e+00,4.297641e+00,4.557741e+00,4.949387e+00,4.473316e+00,4.948047e+00,3.578566e+00,3.309299e+00,nan,4.305352e+00,2.631713e+00,3.038347e+00,3.043323e+00,2.770632e+00,3.581753e+00,3.248402e+00,3.344941e+00,3.948181e+00,3.453372e+00,5.476734e+00,3.698036e+00,5.713588e+00,6.135747e+00,3.644921e+00,3.745609e+00,3.762680e+00,4.540332e+00,4.615361e+00,4.718200e+00,4.859539e+00,4.497855e+00,4.290438e+00,4.981392e+00,4.951222e+00,3.914087e+00,4.911441e+00,4.784598e+00,4.473250e+00,5.136909e+00,4.709010e+00,4.894468e+00,3.705819e+00,4.578268e+00,4.570159e+00,3.146968e+00,4.050460e+00,4.214652e+00,4.326254e+00,3.940255e+00,4.765753e+00,4.566259e+00,4.453121e+00,4.379765e+00,4.976877e+00,4.105424e+00,5.081673e+00,4.826053e+00,4.812230e+00,4.569783e+00,4.654501e+00,4.166690e+00,4.447211e+00,3.596460e+00,4.455964e+00,3.999233e+00,3.299707e+00,4.797538e+00,4.552265e+00,4.603783e+00,4.867720e+00,4.816143e+00,4.468752e+00,4.058093e+00,5.839213e+00,4.469592e+00,3.692016e+00,3.298507e+00,4.172603e+00,4.142669e+00,4.672057e+00,2.562205e+00,5.007377e+00,4.402611e+00,4.680550e+00,4.686247e+00,4.698187e+00,5.078125e+00,4.802672e+00,4.913807e+00,3.534577e+00,3.582299e+00,3.991932e+00,2.722366e+00,2.733235e+00,3.655034e+00,4.034360e+00,3.248485e+00,2.956436e+00,4.694683e+00,4.512636e+00,2.929491e+00,4.481411e+00,3.177096e+00,3.065849e+00,2.663935e+00,3.642407e+00,2.933994e+00,4.843027e+00,4.410618e+00,3.774225e+00,4.030790e+00,4.351318e+00,4.540544e+00,4.126321e+00,3.958940e+00,4.701246e+00,4.952723e+00,4.850538e+00,4.704919e+00,4.858595e+00,3.161690e+00,3.896655e+00,3.253804e+00,4.831388e+00,4.083239e+00,4.849228e+00,4.704432e+00,4.871230e+00,4.950672e+00,4.817049e+00,4.740105e+00,4.700611e+00,4.751420e+00,4.670117e+00,4.553304e+00,4.967456e+00,4.735868e+00,4.844667e+00,4.283787e+00,4.837182e+00,4.828231e+00,4.835977e+00,4.755630e+00
4.831490e+00,4.749395e+00,4.786015e+00,4.744749e+00,4.786276e+00,4.589987e+00,4.985031e+00,4.917681e+00,4.947878e+00,4.565199e+00,4.903896e+00,4.729685e+00,4.878142e+00,4.939282e+00,4.829227e+00,5.000864e+00,5.007903e+00,4.996283e+00,4.771498e+00,4.842404e+00,5.054291e+00,5.029458e+00,4.785906e+00,4.535790e+00,4.506161e+00,4.674038e+00,2.819999e+00,4.403082e+00,4.644676e+00,4.088588e+00,4.363573e+00,4.613769e+00,2.938087e+00,2.842865e+00,3.213709e+00,2.716170e+00,4.839606e+00,4.879261e+00,4.955925e+00,4.657771e+00,4.443811e+00,2.930487e+00,4.531314e+00,2.889571e+00,2.994365e+00,4.361623e+00,4.897745e+00,3.334372e+00,4.029917e+00,3.544989e+00,3.221250e+00,4.831263e+00,3.655089e+00,1.003427e+01,3.594176e+00,4.079566e+00,4.494553e+00,4.566129e+00,4.429286e+00,4.302674e+00,4.709799e+00,4.625318e+00,3.314044e+00,3.680174e+00,5.201581e+00,3.032440e+00,3.980555e+00,3.110882e+00,4.835411e+00,3.574820e+00,5.638996e+00,4.262843e+00,4.224124e+00,9.652457e+00,9.344698e+00,8.900482e+00,9.859496e+00,4.144994e+00,nan,3.774800e+00,5.441438e+00,3.729450e+00,4.638093e+00,9.344730e+00,4.605123e+00,4.825834e+00,4.474615e+00,5.111118e+00,4.434519e+00,3.335140e+00,4.987411e+00,3.147819e+00,3.346665e+00,4.307293e+00,4.100827e+00,4.062303e+00,5.061399e+00,4.847316e+00,5.058495e+00,4.947088e+00,4.530602e+00,3.799532e+00,4.494933e+00,3.703327e+00,4.808208e+00,4.590333e+00,4.252831e+00,4.878791e+00,3.875152e+00,4.648060e+00,3.763132e+00,3.631752e+00,4.944928e+00,4.764905e+00,4.663336e+00,5.025416e+00,4.136107e+00,4.729517e+00,4.620831e+00,4.601433e+00,4.803217e+00,4.445660e+00,4.649954e+00,2.711799e+00,4.254872e+00,4.094327e+00,4.664638e+00,4.919925e+00,3.291403e+00,3.793210e+00,3.106072e+00,4.657172e+00,4.212530e+00,4.264101e+00,4.508428e+00,4.272427e+00,4.658184e+00,4.194465e+00,2.859027e+00,3.318073e+00,3.070207e+00,4.908366e+00,4.782673e+00,4.858282e+00,5.087194e+00,4.645345e+00,4.396625e+00,2.633122e+00,4.983477e+00,4.813914e+00,3.213961e+00,4.605018e+00,2.758721e+00,2.800566e+00,3.651314e+00,4.635971e+00,4.593748e+00,4.636158e+00,4.911300e+00,4.910672e+00,4.528037e+00,6.316059e+00,4.123019e+00,4.406572e+00,3.347996e+00,4.587219e+00,4.015546e+00,4.344696e+00,3.104739e+00,3.720686e+00,4.684231e+00,6.090286e+00,4.226187e+00,4.268382e+00,2.383270e+00,4.969498e+00,2.612234e+00,4.341584e+00,4.906705e+00,4.803634e+00,4.013031e+00,4.761046e+00,4.622116e+00,4.044994e+00,4.708729e+00,4.467772e+00,4.972778e+00,4.752687e+00,4.929677e+00,4.906738e+00,4.853258e+00,4.758019e+00,4.376432e+00,4.629221e+00,4.457189e+00,5.071410e+00,4.964748e+00,4.472608e+00,4.646174e+00,4.847793e+00,4.854285e+00,4.366322e+00,5.010426e+00,4.912188e+00,4.967457e+00,4.738316e+00,4.616539e+00,4.881880e+00,4.661675e+00,4.857741e+00,4.797826e+00,4.391389e+00,4.746696e+00,4.956836e+00,4.798459e+00
4.417121e+00,4.940774e+00,4.749610e+00,4.890056e+00,4.832761e+00,4.802137e+00,4.913854e+00,4.648497e+00,4.824769e+00,4.486480e+00,4.852044e+00,4.635986e+00,4.822394e+00,4.898578e+00,4.845434e+00,5.024342e+00,3.006943e+00,4.309148e+00,4.399659e+00,4.974217e+00,5.081799e+00,4.921988e+00,4.756901e+00,4.033435e+00,3.254779e+00,4.275672e+00,4.590821e+00,3.694324e+00,2.992666e+00,3.582271e+00,3.101080e+00,3.927600e+00,3.336212e+00,4.325660e+00,3.980588e+00,4.397522e+00,4.782391e+00,5.065877e+00,4.315145e+00,3.617250e+00,4.466987e+00,3.828266e+00,3.710667e+00,3.907336e+00,4.127154e+00,3.443283e+00,5.300311e+00,4.543127e+00,3.649203e+00,5.079026e+00,3.358686e+00,3.435077e+00,5.305987e+00,4.878402e+00,4.242138e+00,4.627062e+00,4.056730e+00,4.671934e+00,4.538662e+00,4.661919e+00,4.621782e+00,4.516316e+00,4.802119e+00,3.471302e+00,2.390143e+00,3.813045e+00,4.306583e+00,4.788467e+00,3.866925e+00,4.801924e+00,3.530612e+00,2.988193e+00,5.258678e+00,9.696169e+00,8.959039e+00,9.154528e+00,4.732777e+00,4.996091e+00,4.489514e+00,3.165534e+00,3.921906e+00,4.606903e+00,4.684589e+00,6.535298e+00,4.537960e+00,4.978113e+00,4.720545e+00,5.730774e+00,8.606640e+00,3.659378e+00,2.941042e+00,9.784365e+00,3.510486e+00,3.639715e+00,3.945802e+00,4.679354e+00,4.729779e+00,5.113408e+00,5.007040e+00,4.837542e+00,4.495796e+00,4.827133e+00,4.539295e+00,3.943844e+00,4.423195e+00,4.688175e+00,4.838556e+00,4.859488e+00,4.749900e+00,3.381956e+00,4.013373e+00,4.305973e+00,4.663838e+00,4.716579e+00,3.598760e+00,4.431681e+00,4.724829e+00,4.167048e+00,3.796504e+00,4.620221e+00,4.026712e+00,4.699208e+00,4.765152e+00,4.208558e+00,4.602953e+00,4.292721e+00,4.696878e+00,4.503383e+00,4.662610e+00,4.615383e+00,3.886804e+00,4.390070e+00,3.810129e+00,2.644051e+00,4.426532e+00,4.524662e+00,4.211354e+00,4.562666e+00,3.065663e+00,4.571466e+00,4.531845e+00,4.667320e+00,4.002732e+00,3.649563e+00,4.690450e+00,4.880250e+00,2.861415e+00,3.443131e+00,3.518869e+00,2.862017e+00,4.511312e+00,4.483413e+00,4.071733e+00,4.345918e+00,4.072974e+00,3.551677e+00,2.978157e+00,4.657261e+00,4.984732e+00,4.742301e+00,3.240702e+00,3.605494e+00,4.672867e+00,2.593981e+00,5.244125e+00,4.284429e+00,3.899390e+00,3.779721e+00,3.312194e+00,4.792888e+00,4.190992e+00,2.977238e+00,4.690269e+00,2.888661e+00,3.795761e+00,3.290272e+00,4.181560e+00,4.810359e+00,3.242851e+00,3.332927e+00,4.284402e+00,4.480850e+00,4.918994e+00,3.371560e+00,3.451666e+00,3.666711e+00,3.721509e+00,4.099935e+00,4.915850e+00,5.004124e+00,4.874512e+00,4.873523e+00,4.456755e+00,4.916038e+00,2.946256e+00,4.742719e+00,4.641295e+00,4.861946e+00,4.896018e+00,4.945796e+00,4.537576e+00,4.947520e+00,4.227440e+00,4.536623e+00,4.948896e+00,4.940806e+00,4.861032e+00,4.154890e+00,4.704324e+00,4.916789e+00,4.914476e+00,4.559944e+00,4.698371e+00,4.839729e+00,4.896919e+00
4.380564e+00,4.973832e+00,5.013596e+00,4.450112e+00,4.994451e+00,4.781906e+00,4.863546e+00,4.616840e+00,4.676227e+00,4.957647e+00,4.724734e+00,4.847672e+00,5.057400e+00,4.566042e+00,4.875874e+00,4.800844e+00,5.004762e+00,4.945960e+00,4.839096e+00,4.662017e+00,4.989899e+00,4.877913e+00,4.943455e+00,3.508073e+00,3.008398e+00,3.755767e+00,4.434001e+00,2.728262e+00,4.228984e+00,4.697202e+00,3.197010e+00,4.206411e+00,3.045221e+00,3.137161e+00,3.277780e+00,5.002786e+00,4.944559e+00,4.708459e+00,4.494658e+00,4.625847e+00,4.232354e+00,4.260205e+00,3.593443e+00,2.760802e+00,2.721061e+00,3.549997e+00,3.169721e+00,4.126973e+00,5.228076e+00,5.164114e+00,7.425047e+00,2.580949e+00,2.962586e+00,4.255578e+00,4.530186e+00,2.551395e+00,5.073459e+00,4.730420e+00,4.946873e+00,4.832614e+00,4.701549e+00,4.444451e+00,4.880842e+00,5.103802e+00,5.124288e+00,4.821675e+00,4.297207e+00,4.652580e+00,4.579553e+00,4.684469e+00,3.037197e+00,4.294300e+00,3.252932e+00,2.856606e+00,5.285156e+00,3.095014e+00,2.186184e+00,4.260038e+00,4.177302e+00,9.043681e+00,3.268284e+00,4.439285e+00,3.033854e+00,4.417315e+00,4.957353e+00,4.875363e+00,5.756844e+00,6.161004e+00,3.091694e+00,5.157344e+00,4.940570e+00,3.444505e+00,4.890744e+00,4.948850e+00,5.027571e+00,4.734956e+00,4.439107e+00,4.642952e+00,4.790025e+00,4.496864e+00,4.022322e+00,4.986673e+00,4.957581e+00,4.389282e+00,4.369830e+00,3.619398e+00,4.451816e+00,4.008498e+00,4.867647e+00,5.030453e+00,2.696023e+00,4.283928e+00,3.966915e+00,4.348136e+00,3.331408e+00,3.810803e+00,4.691898e+00,2.346012e+00,5.025826e+00,4.416815e+00,4.713162e+00,4.526423e+00,4.352372e+00,4.528174e+00,4.190056e+00,4.416273e+00,4.838487e+00,4.383195e+00,3.539768e+00,4.043519e+00,4.589778e+00,5.088009e+00,4.398439e+00,4.207815e+00,2.926980e+00,3.965722e+00,3.072617e+00,4.986348e+00,4.528286e+00,4.430630e+00,4.424400e+00,4.524133e+00,4.063465e+00,3.458469e+00,4.977052e+00,4.976801e+00,4.041182e+00,3.311208e+00,4.535760e+00,3.763439e+00,4.655267e+00,3.179864e+00,4.790720e+00,3.560612e+00,4.347074e+00,3.549437e+00,3.334500e+00,5.215814e+00,4.698312e+00,2.334285e+00,4.947621e+00,4.057094e+00,2.590595e+00,4.266449e+00,4.569862e+00,4.726096e+00,4.500173e+00,3.283852e+00,4.369763e+00,2.979299e+00,3.600000e+00,4.870279e+00,3.523793e+00,4.541199e+00,5.020041e+00,4.490476e+00,2.731173e+00,4.008124e+00,4.350122e+00,3.731987e+00,4.789650e+00,4.330001e+00,4.309670e+00,3.777081e+00,2.919407e+00,4.936602e+00,4.622828e+00,4.128606e+00,4.791543e+00,4.894259e+00,4.738138e+00,4.840127e+00,4.536899e+00,3.171969e+00,2.932793e+00,4.684510e+00,4.598172e+00,4.527799e+00,5.035737e+00,4.578113e+00,4.885933e+00,4.825440e+00,4.219854e+00,4.872767e+00,4.912318e+00,4.783974e+00,4.862811e+00,4.637987e+00,4.913333e+00,5.006798e+00,4.689769e+00,4.836099e+00,4.848855e+00,4.815740e+00,4.877317e+00
4.853483e+00,4.954229e+00,4.930931e+00,4.979916e+00,4.685106e+00,4.743774e+00,4.985622e+00,4.977931e+00,4.661560e+00,4.988238e+00,4.787764e+00,4.688042e+00,4.719654e+00,4.887125e+00,4.578133e+00,4.307465e+00,4.757076e+00,4.712197e+00,4.637753e+00,4.824760e+00,4.747822e+00,4.690483e+00,4.811645e+00,4.686936e+00,4.810447e+00,4.739434e+00,3.475055e+00,3.266582e+00,4.408064e+00,2.905619e+00,3.964304e+00,4.015791e+00,4.178178e+00,6.567161e+00,4.996933e+00,4.939054e+00,4.677438e+00,4.906947e+00,4.794736e+00,4.748469e+00,3.320800e+00,3.710837e+00,3.176685e+00,3.038235e+00,4.358844e+00,2.986780e+00,2.588665e+00,4.160126e+00,2.555304e+00,4.295829e+00,4.902421e+00,6.951886e+00,2.966568e+00,3.673823e+00,4.345023e+00,2.758372e+00,4.846681e+00,4.652349e+00,4.663594e+00,4.925991e+00,4.585979e+00,4.598555e+00,4.543681e+00,4.283645e+00,3.006744e+00,5.005670e+00,4.571919e+00,5.104736e+00,4.831519e+00,4.905234e+00,4.942375e+00,4.898779e+00,4.787596e+00,4.634009e+00,4.581115e+00,3.787222e+00,2.768287e+00,4.732356e+00,3.050826e+00,3.299640e+00,4.071588e+00,4.035367e+00,3.660640e+00,9.916487e+00,5.179023e+00,3.302004e+00,4.059255e+00,3.618128e+00,3.463474e+00,3.211495e+00,3.623847e+00,4.937017e+00,5.118193e+00,5.103182e+00,4.803691e+00,5.037707e+00,3.904071e+00,4.621766e+00,4.822331e+00,4.637231e+00,4.742774e+00,4.895791e+00,3.907704e+00,4.406485e+00,4.799059e+00,4.674706e+00,4.544475e+00,4.436797e+00,4.700603e+00,4.792225e+00,3.212838e+00,3.677158e+00,4.270896e+00,3.586107e+00,2.977383e+00,4.562424e+00,3.703664e+00,4.263419e+00,3.673417e+00,3.936621e+00,4.806259e+00,3.034435e+00,5.180171e+00,5.197554e+00,4.517515e+00,4.294274e+00,9.537136e+00,4.837616e+00,6.126648e+00,4.004892e+00,3.843482e+00,4.468440e+00,1.036563e+01,3.436157e+00,4.177782e+00,4.862826e+00,4.400353e+00,3.468429e+00,4.263220e+00,4.067635e+00,4.764088e+00,4.480522e+00,4.749345e+00,4.776518e+00,4.474772e+00,4.988158e+00,4.904135e+00,4.945817e+00,5.262320e+00,4.751828e+00,4.947977e+00,3.137707e+00,5.627496e+00,4.531789e+00,3.866878e+00,4.336787e+00,4.240745e+00,3.597517e+00,4.724469e+00,3.428585e+00,4.686482e+00,3.825665e+00,3.840742e+00,3.093427e+00,4.330142e+00,5.929519e+00,4.901203e+00,3.832747e+00,3.321702e+00,8.583555e+00,4.768297e+00,4.586767e+00,3.646944e+00,3.731363e+00,4.371604e+00,4.093427e+00,4.079305e+00,4.287846e+00,4.926812e+00,4.706937e+00,4.545216e+00,4.583227e+00,3.576395e+00,4.807340e+00,4.067051e+00,4.567470e+00,4.516304e+00,4.590811e+00,4.627205e+00,4.747033e+00,4.856087e+00,4.942184e+00,4.523080e+00,4.115678e+00,3.287028e+00,4.925272e+00,4.504882e+00,4.820376e+00,4.980951e+00,4.751348e+00,4.878528e+00,4.930179e+00,4.827199e+00,4.820158e+00,4.810137e+00,4.821880e+00,4.766951e+00,4.260815e+00,4.895983e+00,4.948262e+00,4.846572e+00,4.644757e+00,4.426046e+00,4.696182e+00,5.025775e+00
4.811643e+00,4.767935e+00,4.992648e+00,4.717516e+00,4.847442e+00,4.817079e+00,4.839448e+00,4.651083e+00,4.455666e+00,4.892339e+00,4.796533e+00,4.586202e+00,5.007986e+00,4.984826e+00,4.786620e+00,4.987970e+00,4.705030e+00,4.744347e+00,4.609700e+00,4.542166e+00,4.962692e+00,4.873577e+00,4.961615e+00,4.327003e+00,4.997972e+00,3.945073e+00,3.617276e+00,3.891024e+00,4.460861e+00,3.851701e+00,2.790424e+00,2.962751e+00,4.654672e+00,4.257140e+00,4.604786e+00,4.799523e+00,5.005816e+00,4.350843e+00,4.189523e+00,3.989586e+00,3.331954e+00,4.324351e+00,1.002400e+01,4.613792e+00,3.149653e+00,3.837033e+00,4.402219e+00,3.868416e+00,4.288232e+00,3.546401e+00,4.567789e+00,4.017201e+00,8.648323e+00,3.543709e+00,4.610559e+00,4.778521e+00,4.575798e+00,4.850132e+00,4.411420e+00,4.055058e+00,4.771007e+00,4.820825e+00,2.772350e+00,3.844013e+00,3.900700e+00,4.461326e+00,4.377793e+00,4.759506e+00,4.943505e+00,2.834685e+00,2.767653e+00,5.009123e+00,4.513237e+00,4.647092e+00,4.956337e+00,4.839411e+00,4.689035e+00,4.098372e+00,3.015389e+00,4.257323e+00,4.256087e+00,4.255988e+00,4.544953e+00,4.835169e+00,4.698399e+00,4.061076e+00,4.548333e+00,4.410317e+00,3.987903e+00,4.807622e+00,4.694754e+00,4.297696e+00,4.357065e+00,4.967658e+00,4.562341e+00,4.649321e+00,4.794945e+00,5.076569e+00,4.945625e+00,4.767563e+00,4.637916e+00,4.925983e+00,4.584413e+00,4.194684e+00,3.783041e+00,4.189232e+00,3.124943e+00,4.528565e+00,3.361080e+00,4.020358e+00,3.895838e+00,4.149491e+00,3.040724e+00,3.403669e+00,4.753265e+00,2.615360e+00,3.977735e+00,2.881280e+00,4.124067e+00,2.983649e+00,4.348090e+00,2.668841e+00,4.537497e+00,1.002740e+01,2.894770e+00,2.984389e+00,2.702254e+00,3.843405e+00,4.645604e+00,4.354148e+00,2.708400e+00,8.966729e+00,3.093307e+00,4.196843e+00,3.218850e+00,3.615966e+00,4.383876e+00,3.918276e+00,4.111077e+00,3.696469e+00,4.508377e+00,3.199500e+00,4.340896e+00,3.694559e+00,4.839212e+00,4.976516e+00,4.890920e+00,4.939737e+00,4.662036e+00,3.603762e+00,4.567277e+00,3.753625e+00,4.730290e+00,3.623210e+00,2.466797e+00,5.067269e+00,5.354159e+00,3.749741e+00,3.587906e+00,3.918429e+00,2.673687e+00,4.162286e+00,3.189678e+00,3.557418e+00,2.705938e+00,5.466595e+00,3.853470e+00,4.694829e+00,2.655273e+00,3.099255e+00,3.012334e+00,4.654625e+00,3.067376e+00,3.467705e+00,4.461072e+00,3.797910e+00,3.203469e+00,3.778421e+00,2.886189e+00,4.224707e+00,3.133456e+00,3.960161e+00,4.554176e+00,4.296253e+00,4.221913e+00,4.264705e+00,2.747985e+00,4.308178e+00,4.901971e+00,4.811385e+00,4.987494e+00,4.871240e+00,4.895700e+00,4.626216e+00,3.327329e+00,5.299405e+00,3.224895e+00,4.966621e+00,4.606619e+00,4.945822e+00,4.809711e+00,4.889571e+00,4.948074e+00,4.766102e+00,4.991039e+00,4.810436e+00,4.731093e+00,4.664512e+00,4.883311e+00,4.565745e+00,4.740946e+00,4.872379e+00,4.913401e+00,4.726888e+00,4.847236e+00
4.914981e+00,4.050650e+00,4.618214e+00,4.666816e+00,4.799349e+00,4.367070e+00,4.846097e+00,4.919253e+00,4.802149e+00,4.832804e+00,4.826137e+00,4.959984e+00,4.290785e+00,3.430545e+00,4.496734e+00,4.797730e+00,4.987339e+00,4.957012e+00,4.937855e+00,4.836685e+00,4.952878e+00,4.976325e+00,4.784146e+00,4.706961e+00,3.019295e+00,4.155330e+00,4.663136e+00,3.142503e+00,4.210114e+00,4.301807e+00,3.033729e+00,4.521683e+00,3.399806e+00,3.712740e+00,4.731767e+00,5.005648e+00,4.924016e+00,4.362325e+00,4.797375e+00,4.232991e+00,4.521332e+00,3.308099e+00,4.261046e+00,3.885333e+00,3.033482e+00,3.127317e+00,4.025629e+00,3.708315e+00,2.686359e+00,7.291505e+00,5.009812e+00,4.627472e+00,5.611685e+00,3.748659e+00,4.516029e+00,5.063803e+00,4.875347e+00,5.001033e+00,4.979734e+00,4.476213e+00,4.478949e+00,4.582269e+00,3.488042e+00,2.924249e+00,4.188401e+00,3.280067e+00,4.177590e+00,3.789159e+00,4.073396e+00,3.943671e+00,4.673894e+00,3.604506e+00,4.842940e+00,2.947998e+00,2.775772e+00,4.747346e+00,4.755693e+00,4.649968e+00,4.856403e+00,4.813401e+00,5.024642e+00,4.530174e+00,4.099687e+00,3.256447e+00,3.967189e+00,3.252700e+00,4.372684e+00,4.895866e+00,4.815740e+00,4.846311e+00,5.068045e+00,4.709493e+00,4.816491e+00,4.771678e+00,3.318035e+00,4.659171e+00,4.672567e+00,5.015686e+00,5.005733e+00,4.793835e+00,4.699510e+00,4.730889e+00,4.415567e+00,2.975264e+00,3.535099e+00,3.026611e+00,3.492697e+00,4.014656e+00,3.841609e+00,4.566648e+00,4.508746e+00,4.074149e+00,4.491200e+00,3.084192e+00,4.748787e+00,2.961978e+00,2.349873e+00,3.873357e+00,5.176367e+00,3.553259e+00,4.104196e+00,4.779516e+00,2.579105e+00,9.011406e+00,4.490105e+00,8.655802e+00,4.390881e+00,2.830722e+00,4.359407e+00,3.283741e+00,3.098843e+00,4.609259e+00,3.537271e+00,3.253610e+00,2.937059e+00,3.155188e+00,3.308204e+00,4.620772e+00,3.057183e+00,4.461066e+00,4.165458e+00,4.457327e+00,4.682190e+00,2.664705e+00,4.494293e+00,4.661709e+00,4.753712e+00,4.460355e+00,4.700618e+00,4.081276e+00,2.713051e+00,4.680727e+00,4.401563e+00,3.206652e+00,4.287619e+00,3.343286e+00,3.940181e+00,3.940720e+00,3.454490e+00,3.773428e+00,3.894969e+00,4.052191e+00,2.794923e+00,4.523560e+00,4.047573e+00,4.655183e+00,4.181312e+00,3.464090e+00,3.858838e+00,1.034721e+01,4.835010e+00,3.196490e+00,3.200169e+00,4.846635e+00,3.909979e+00,4.318117e+00,3.668924e+00,4.714350e+00,3.052139e+00,4.724066e+00,4.628529e+00,3.696148e+00,3.762547e+00,3.465403e+00,3.795180e+00,4.471098e+00,4.541780e+00,4.300878e+00,4.658137e+00,4.476318e+00,4.933318e+00,4.537585e+00,4.976263e+00,4.191534e+00,3.168754e+00,2.877211e+00,3.812630e+00,4.665108e+00,4.562815e+00,4.857766e+00,4.762618e+00,4.809146e+00,4.859702e+00,4.743320e+00,4.596877e+00,4.514142e+00,4.762776e+00,4.904445e+00,4.873338e+00,4.792012e+00,4.914552e+00,4.862309e+00,4.947299e+00,4.833448e+00,4.996424e+00
4.854200e+00,4.473518e+00,5.015691e+00,4.844242e+00,4.821461e+00,4.768671e+00,4.482844e+00,4.908787e+00,4.918090e+00,4.778786e+00,4.899608e+00,4.837544e+00,4.584290e+00,4.732402e+00,3.520417e+00,4.769119e+00,4.270959e+00,4.821745e+00,5.012486e+00,4.871683e+00,5.156021e+00,4.422015e+00,4.028508e+00,3.400290e+00,4.243520e+00,3.247628e+00,4.896442e+00,4.166237e+00,3.367467e+00,4.878127e+00,3.048155e+00,4.198015e+00,4.324774e+00,4.630259e+00,4.434412e+00,4.920151e+00,4.735561e+00,4.120787e+00,4.815470e+00,4.933103e+00,6.666009e+00,4.668709e+00,2.761416e+00,3.300094e+00,3.264238e+00,4.466144e+00,5.484816e+00,3.116748e+00,3.710454e+00,6.829819e+00,3.675268e+00,3.037780e+00,3.662614e+00,5.081464e+00,4.630694e+00,4.791218e+00,4.589214e+00,4.864255e+00,4.328334e+00,4.932416e+00,5.010243e+00,3.355827e+00,4.476463e+00,4.365240e+00,2.494904e+00,3.658161e+00,4.392109e+00,4.458024e+00,4.409046e+00,4.362726e+00,3.612561e+00,3.230160e+00,3.018592e+00,2.378848e+00,4.051305e+00,3.333325e+00,4.245761e+00,4.883465e+00,5.074769e+00,4.938082e+00,4.794248e+00,4.703970e+00,4.872384e+00,5.021532e+00,4.975264e+00,4.718921e+00,4.979412e+00,4.416965e+00,4.548194e+00,4.842080e+00,4.681050e+00,4.898832e+00,4.951415e+00,5.089817e+00,4.830292e+00,4.704152e+00,4.523041e+00,4.933743e+00,3.968416e+00,4.451536e+00,3.950915e+00,4.032399e+00,2.503466e+00,4.021354e+00,7.661358e+00,3.778234e+00,4.194813e+00,6.856575e+00,3.239241e+00,2.835574e+00,2.494161e+00,4.275763e+00,4.456920e+00,3.069734e+00,3.071669e+00,2.888815e+00,4.113745e+00,4.871416e+00,4.287138e+00,4.631339e+00,3.936671e+00,3.291483e+00,4.472550e+00,3.881338e+00,4.203099e+00,3.034999e+00,4.400143e+00,4.188451e+00,4.611905e+00,3.873091e+00,4.970626e+00,2.999913e+00,3.108867e+00,3.393355e+00,2.825654e+00,3.979298e+00,3.086157e+00,3.862677e+00,3.649165e+00,4.461385e+00,4.802364e+00,4.701343e+00,3.001851e+00,2.901923e+00,4.308448e+00,3.508667e+00,4.934500e+00,4.917848e+00,4.751679e+00,5.035771e+00,3.523743e+00,2.863359e+00,3.001947e+00,3.112193e+00,4.174883e+00,3.475793e+00,4.415325e+00,4.230395e+00,3.356079e+00,2.870465e+00,4.399969e+00,3.989376e+00,3.602844e+00,3.209531e+00,3.592733e+00,3.972907e+00,4.334630e+00,2.494196e+00,3.898619e+00,4.443862e+00,4.680426e+00,3.792705e+00,3.600472e+00,4.002321e+00,3.142668e+00,2.826738e+00,4.293821e+00,2.790154e+00,3.569657e+00,2.896507e+00,2.562227e+00,4.804784e+00,3.756532e+00,4.166932e+00,4.219029e+00,3.442195e+00,4.562385e+00,4.619300e+00,4.457138e+00,4.759616e+00,4.745606e+00,4.677904e+00,4.471813e+00,5.026204e+00,3.122867e+00,4.838382e+00,4.145904e+00,4.681661e+00,5.090077e+00,4.879054e+00,4.897490e+00,4.943150e+00,4.919274e+00,4.911419e+00,5.024449e+00,4.924438e+00,4.830205e+00,4.768248e+00,4.783769e+00,4.947275e+00,4.915368e+00,4.885275e+00,4.583911e+00,4.403265e+00,4.678467e+00
4.820828e+00,4.410015e+00,4.832231e+00,4.441791e+00,4.937798e+00,4.356307e+00,4.708316e+00,4.649548e+00,4.877437e+00,4.858765e+00,4.670083e+00,4.954581e+00,5.093750e+00,4.631043e+00,4.689700e+00,4.647062e+00,4.977412e+00,4.950218e+00,4.732807e+00,5.057329e+00,4.841396e+00,4.896148e+00,3.970447e+00,4.237009e+00,3.948917e+00,4.469709e+00,3.876059e+00,3.606945e+00,3.061772e+00,3.827939e+00,3.664719e+00,3.193749e+00,3.775190e+00,4.780400e+00,4.887551e+00,5.096557e+00,4.798765e+00,4.700281e+00,4.511968e+00,4.248301e+00,4.144364e+00,4.749098e+00,4.175509e+00,4.108607e+00,3.233761e+00,3.222224e+00,2.963214e+00,4.650052e+00,5.095614e+00,6.927247e+00,3.795612e+00,4.605147e+00,4.219726e+00,4.525692e+00,4.217199e+00,4.524223e+00,4.654169e+00,4.842546e+00,5.066931e+00,4.699830e+00,4.822857e+00,4.782813e+00,3.167964e+00,4.722593e+00,3.034192e+00,2.313147e+00,3.218416e+00,4.585007e+00,5.491813e+00,4.809941e+00,3.264246e+00,4.028529e+00,4.598447e+00,3.467711e+00,4.042599e+00,3.562810e+00,4.011012e+00,4.354820e+00,4.888907e+00,4.351884e+00,4.419250e+00,3.947473e+00,4.302700e+00,4.982853e+00,5.008488e+00,4.529677e+00,4.783762e+00,4.949096e+00,4.389465e+00,4.803624e+00,4.775087e+00,4.053251e+00,4.962812e+00,4.122937e+00,4.745287e+00,3.977951e+00,4.357336e+00,4.469665e+00,3.979471e+00,2.562027e+00,3.621768e+00,4.573391e+00,2.894999e+00,8.916226e+00,3.517095e+00,3.837775e+00,4.254277e+00,3.397909e+00,7.825262e+00,4.545143e+00,4.438444e+00,3.238050e+00,2.965872e+00,4.367091e+00,4.301443e+00,4.941966e+00,4.608087e+00,4.898319e+00,4.694621e+00,3.307571e+00,2.887242e+00,2.854252e+00,2.702991e+00,3.225169e+00,4.450111e+00,3.623737e+00,3.523432e+00,2.743782e+00,2.826501e+00,3.243609e+00,4.774749e+00,3.174372e+00,4.645113e+00,3.220765e+00,3.129373e+00,5.090232e+00,3.187932e+00,3.428380e+00,3.268409e+00,4.498891e+00,4.618611e+00,3.764107e+00,3.378087e+00,5.276455e+00,4.432764e+00,4.199568e+00,4.693562e+00,4.191083e+00,4.763329e+00,4.692251e+00,4.936500e+00,4.038336e+00,3.463843e+00,4.020890e+00,3.195586e+00,3.714219e+00,2.818780e+00,2.983719e+00,4.181845e+00,4.402301e+00,3.167037e+00,3.316349e+00,3.522361e+00,4.828756e+00,4.097709e+00,3.266416e+00,4.676414e+00,4.466869e+00,2.887737e+00,4.756129e+00,2.524522e+00,3.904695e+00,2.576965e+00,3.476439e+00,4.441541e+00,2.512902e+00,4.850132e+00,4.562640e+00,4.433491e+00,3.573671e+00,4.518381e+00,4.710033e+00,4.796589e+00,4.094077e+00,2.964654e+00,4.036302e+00,3.747979e+00,4.779255e+00,4.883958e+00,4.356405e+00,4.666630e+00,4.445103e+00,4.998648e+00,4.900997e+00,2.866465e+00,4.363379e+00,4.519062e+00,4.185388e+00,4.685297e+00,5.003409e+00,4.836532e+00,4.591332e+00,4.993538e+00,4.866365e+00,4.563798e+00,4.773640e+00,4.645563e+00,4.972617e+00,4.852996e+00,4.379924e+00,4.823982e+00,4.752536e+00,4.437268e+00,4.977131e+00,4.911291e+00
4.571048e+00,4.376243e+00,4.690421e+00,4.709993e+00,5.044521e+00,4.900299e+00,4.791621e+00,5.110023e+00,4.716746e+00,5.065995e+00,4.761991e+00,4.471230e+00,4.256411e+00,4.842152e+00,4.580136e+00,5.110978e+00,5.001851e+00,5.068815e+00,4.713892e+00,4.981669e+00,4.343463e+00,4.921028e+00,4.714566e+00,3.389387e+00,2.980022e+00,3.020890e+00,3.806854e+00,4.637384e+00,3.618489e+00,3.696028e+00,4.422447e+00,4.661409e+00,4.142462e+00,4.818055e+00,4.838565e+00,4.516528e+00,4.027040e+00,3.235573e+00,3.880953e+00,4.412405e+00,4.406720e+00,4.480901e+00,4.414293e+00,3.766463e+00,3.576610e+00,2.478221e+00,4.298596e+00,4.885803e+00,5.036072e+00,3.623277e+00,3.935123e+00,3.300969e+00,4.492278e+00,4.830681e+00,4.501471e+00,5.130291e+00,4.408082e+00,5.373601e+00,4.924847e+00,4.927492e+00,4.426659e+00,2.724371e+00,2.901433e+00,3.126983e+00,2.729541e+00,3.175983e+00,3.048536e+00,3.338261e+00,3.035723e+00,4.279769e+00,3.598759e+00,4.498781e+00,3.954618e+00,3.862721e+00,3.383930e+00,3.824741e+00,3.176352e+00,4.571016e+00,2.894495e+00,3.330689e+00,4.555983e+00,4.962234e+00,4.917904e+00,4.686180e+00,4.715132e+00,4.197220e+00,4.999722e+00,4.847583e+00,4.177731e+00,3.456897e+00,4.435678e+00,4.452631e+00,4.944079e+00,4.144286e+00,4.813357e+00,4.711142e+00,3.042635e+00,4.406121e+00,3.722210e+00,4.901195e+00,5.115742e+00,2.413479e+00,5.072263e+00,5.356427e+00,8.898268e+00,4.559236e+00,4.323018e+00,3.674183e+00,2.787139e+00,3.143509e+00,2.971593e+00,2.871694e+00,3.266029e+00,3.144804e+00,5.131005e+00,4.660517e+00,3.334519e+00,4.082413e+00,3.210956e+00,4.757633e+00,3.549307e+00,3.846284e+00,4.939703e+00,3.272150e+00,2.970006e+00,3.058890e+00,4.390172e+00,3.493416e+00,5.481517e+00,4.130006e+00,5.086754e+00,5.568909e+00,4.983874e+00,4.200729e+00,2.877607e+00,2.948374e+00,4.600306e+00,3.644395e+00,2.740836e+00,3.856897e+00,7.094345e+00,6.824915e+00,3.922490e+00,2.888298e+00,3.896954e+00,4.318814e+00,3.498261e+00,4.576911e+00,4.928595e+00,4.869846e+00,5.023864e+00,4.217164e+00,3.604836e+00,4.097819e+00,4.895261e+00,3.516080e+00,4.153120e+00,4.619267e+00,4.203493e+00,3.669597e+00,4.403690e+00,3.566801e+00,4.068628e+00,4.253611e+00,2.937494e+00,4.065792e+00,4.383300e+00,3.191003e+00,4.425519e+00,3.556304e+00,4.161440e+00,2.459284e+00,4.105834e+00,3.592345e+00,3.796267e+00,4.575306e+00,4.406784e+00,2.929368e+00,4.790750e+00,4.893619e+00,4.645653e+00,4.878871e+00,4.946662e+00,5.063712e+00,4.811528e+00,4.531035e+00,3.749265e+00,3.772295e+00,3.706689e+00,4.777858e+00,5.014108e+00,4.960520e+00,4.962296e+00,4.759394e+00,4.197925e+00,4.533809e+00,4.048498e+00,4.062278e+00,4.841012e+00,2.812644e+00,4.714049e+00,4.732781e+00,4.872001e+00,4.818248e+00,4.984184e+00,4.876224e+00,4.837577e+00,4.830088e+00,4.539880e+00,4.773595e+00,4.897466e+00,4.971836e+00,4.765979e+00,4.923254e+00,4.419336e+00
4.991331e+00,4.691030e+00,4.649726e+00,4.892836e+00,4.977021e+00,4.675297e+00,4.591455e+00,4.620358e+00,4.564778e+00,4.507244e+00,4.483333e+00,4.571540e+00,4.665978e+00,5.055694e+00,4.799950e+00,4.500536e+00,4.896051e+00,4.614652e+00,4.620399e+00,4.756010e+00,4.508781e+00,4.403983e+00,4.572551e+00,4.852622e+00,3.857808e+00,5.469401e+00,3.716105e+00,3.098030e+00,4.590659e+00,4.539286e+00,3.540834e+00,3.736321e+00,4.869138e+00,4.627291e+00,4.966884e+00,4.875446e+00,4.757782e+00,3.543256e+00,4.231813e+00,3.314440e+00,3.338066e+00,4.285334e+00,4.244591e+00,4.583420e+00,3.360707e+00,3.165080e+00,3.171976e+00,3.200301e+00,4.793011e+00,4.367724e+00,4.221631e+00,2.866824e+00,4.434044e+00,5.164430e+00,4.689867e+00,4.881960e+00,4.563096e+00,4.315884e+00,4.804914e+00,3.938009e+00,4.440483e+00,7.083912e+00,5.036276e+00,3.832752e+00,2.885572e+00,3.217974e+00,4.491493e+00,5.420494e+00,4.019064e+00,2.821978e+00,3.071385e+00,2.965637e+00,4.459617e+00,2.540343e+00,3.848558e+00,3.090311e+00,4.506164e+00,3.101992e+00,4.720522e+00,4.732081e+00,4.872961e+00,4.822077e+00,4.861698e+00,4.322209e+00,4.529324e+00,3.278931e+00,4.741379e+00,4.733641e+00,4.821485e+00,4.698408e+00,4.981018e+00,4.682598e+00,4.403842e+00,4.603769e+00,5.144387e+00,4.518540e+00,4.841766e+00,2.489578e+00,4.268425e+00,3.318075e+00,5.595826e+00,4.721217e+00,4.724437e+00,3.898182e+00,4.093585e+00,4.715856e+00,4.479754e+00,4.428104e+00,2.962476e+00,2.935213e+00,5.019418e+00,5.393782e+00,3.351542e+00,2.850378e+00,3.520268e+00,3.080864e+00,4.430561e+00,4.462535e+00,3.833244e+00,4.094729e+00,3.051037e+00,3.979907e+00,3.674397e+00,4.753800e+00,4.758753e+00,3.604491e+00,8.344531e+00,3.349920e+00,3.218916e+00,8.317556e+00,9.904345e+00,3.638876e+00,3.406413e+00,3.618772e+00,3.335755e+00,4.435491e+00,4.674782e+00,2.803188e+00,4.058205e+00,4.632295e+00,4.591054e+00,3.556221e+00,3.460028e+00,4.381269e+00,3.302326e+00,3.258638e+00,3.139978e+00,2.932860e+00,3.143448e+00,4.887577e+00,5.220016e+00,4.951868e+00,2.810432e+00,5.223383e+00,2.384381e+00,4.573263e+00,2.699714e+00,4.848766e+00,4.209777e+00,2.894451e+00,3.341932e+00,3.105630e+00,4.876673e+00,4.478924e+00,4.099979e+00,3.898408e+00,4.100099e+00,4.397887e+00,2.585115e+00,4.008674e+00,3.705453e+00,3.087372e+00,4.396381e+00,4.685960e+00,4.988072e+00,4.712455e+00,5.019955e+00,4.905055e+00,4.879335e+00,5.109140e+00,4.917488e+00,4.128686e+00,4.872519e+00,4.835982e+00,3.732938e+00,4.721020e+00,4.012331e+00,4.792062e+00,4.035888e+00,4.051856e+00,4.731377e+00,5.133206e+00,5.103184e+00,4.986452e+00,4.829940e+00,3.033163e+00,3.947612e+00,4.113580e+00,4.454171e+00,4.625430e+00,5.024036e+00,4.944048e+00,4.710773e+00,4.746902e+00,4.933811e+00,4.707446e+00,4.845342e+00,4.933262e+00,4.725778e+00,4.696043e+00,4.659296e+00,4.870815e+00,5.022445e+00,4.747187e+00,4.780976e+00
4.395096e+00,5.023184e+00,4.639866e+00,4.376921e+00,4.853177e+00,4.860660e+00,4.567789e+00,4.919597e+00,4.807271e+00,4.889593e+00,4.910098e+00,4.854358e+00,4.764421e+00,4.822537e+00,4.857004e+00,4.830113e+00,4.747927e+00,5.008459e+00,5.006970e+00,5.082115e+00,4.423503e+00,4.945215e+00,4.564520e+00,4.354085e+00,4.871649e+00,4.238813e+00,3.906493e+00,3.595450e+00,3.790024e+00,3.008090e+00,4.144152e+00,4.219010e+00,4.965850e+00,4.758002e+00,5.108508e+00,4.923087e+00,4.617247e+00,3.453254e+00,5.888466e+00,4.702519e+00,3.099755e+00,4.308035e+00,3.896460e+00,3.790993e+00,3.383113e+00,2.757755e+00,3.604887e+00,4.400946e+00,3.383854e+00,3.696259e+00,4.273537e+00,4.655766e+00,4.402763e+00,3.353286e+00,4.809069e+00,4.813125e+00,2.631010e+00,4.820876e+00,5.029715e+00,3.288768e+00,4.385832e+00,3.777125e+00,5.178067e+00,4.256314e+00,4.555608e+00,4.687644e+00,3.815736e+00,2.873960e+00,2.882383e+00,4.328839e+00,4.112336e+00,4.425846e+00,3.070750e+00,4.328138e+00,5.075098e+00,4.573889e+00,3.147856e+00,5.482842e+00,4.801663e+00,4.335871e+00,4.953964e+00,4.247672e+00,4.419294e+00,3.438031e+00,5.140173e+00,3.800700e+00,4.690819e+00,4.670620e+00,3.440277e+00,4.356994e+00,3.435463e+00,4.876992e+00,5.029854e+00,3.523841e+00,3.405873e+00,4.466777e+00,2.699513e+00,5.125011e+00,2.485244e+00,4.298607e+00,3.198549e+00,4.414215e+00,4.893856e+00,3.222653e+00,4.509550e+00,3.285824e+00,4.974127e+00,4.884424e+00,4.506181e+00,4.791820e+00,4.812172e+00,4.745454e+00,4.640299e+00,5.186406e+00,4.256262e+00,4.636568e+00,4.173417e+00,4.379673e+00,4.015954e+00,4.611418e+00,3.855708e+00,4.210537e+00,3.368539e+00,3.350324e+00,3.832821e+00,3.637460e+00,3.802090e+00,2.765907e+00,5.241774e+00,3.938083e+00,9.731778e+00,9.849334e+00,1.012796e+01,3.674338e+00,4.350699e+00,2.528570e+00,2.988763e+00,3.581274e+00,2.251940e+00,4.051757e+00,3.259976e+00,4.808588e+00,4.931386e+00,3.238422e+00,3.391420e+00,3.323501e+00,4.418996e+00,4.696666e+00,3.053128e+00,4.574185e+00,4.837852e+00,4.930023e+00,5.008313e+00,2.764039e+00,2.693839e+00,3.969110e+00,4.833208e+00,4.625274e+00,4.406979e+00,4.726190e+00,3.273164e+00,4.875267e+00,4.109299e+00,4.619032e+00,3.195530e+00,4.296325e+00,4.145152e+00,4.648211e+00,3.247048e+00,4.820525e+00,4.768634e+00,4.621765e+00,5.109494e+00,4.935796e+00,4.747647e+00,4.635938e+00,4.921137e+00,4.476115e+00,4.116511e+00,5.086789e+00,4.728592e+00,4.826469e+00,4.666895e+00,4.850393e+00,4.226862e+00,4.412109e+00,3.154647e+00,4.389335e+00,4.001221e+00,4.331538e+00,4.919927e+00,4.528666e+00,4.741844e+00,4.886327e+00,4.665777e+00,3.866468e+00,4.869428e+00,2.685947e+00,4.859226e+00,3.319421e+00,4.878825e+00,4.702013e+00,4.502419e+00,4.847560e+00,4.810661e+00,4.656047e+00,4.892090e+00,5.058255e+00,4.970949e+00,5.084085e+00,4.740741e+00,5.018084e+00,4.897154e+00,4.979945e+00,4.438946e+00
4.872521e+00,4.789086e+00,4.901389e+00,4.718510e+00,4.949720e+00,4.489133e+00,4.963930e+00,4.600807e+00,4.956558e+00,4.613304e+00,4.798479e+00,4.263936e+00,4.660186e+00,4.889271e+00,4.901646e+00,4.584624e+00,4.903208e+00,4.858791e+00,5.004078e+00,4.717420e+00,5.037343e+00,4.578527e+00,5.664926e+00,2.613996e+00,4.216159e+00,3.423170e+00,4.414798e+00,3.782182e+00,4.001018e+00,4.148118e+00,4.741832e+00,4.147679e+00,4.965040e+00,5.017051e+00,4.858876e+00,4.959674e+00,4.054181e+00,3.949311e+00,2.703037e+00,3.404462e+00,3.864917e+00,2.995987e+00,4.820933e+00,3.191878e+00,2.664349e+00,8.726749e+00,3.725371e+00,3.357828e+00,4.120957e+00,3.998982e+00,4.038940e+00,4.702145e+00,4.862997e+00,5.026816e+00,4.957031e+00,2.999565e+00,4.378299e+00,5.111574e+00,4.651966e+00,3.148054e+00,4.345284e+00,3.384575e+00,3.613091e+00,5.536276e+00,3.565811e+00,4.036622e+00,2.330620e+00,2.930394e+00,5.021936e+00,3.277232e+00,4.202683e+00,4.406012e+00,3.727992e+00,4.746134e+00,4.061615e+00,4.798141e+00,5.109129e+00,4.687641e+00,4.725204e+00,4.140204e+00,4.368991e+00,3.909990e+00,4.484722e+00,5.052014e+00,4.653348e+00,4.558968e+00,4.263155e+00,4.897255e+00,4.130251e+00,4.754241e+00,3.028928e+00,4.779947e+00,4.055643e+00,3.739142e+00,3.716998e+00,4.169683e+00,4.543628e+00,5.449251e+00,4.335126e+00,8.334685e+00,2.846589e+00,4.071273e+00,3.522145e+00,3.448113e+00,4.896920e+00,4.500516e+00,4.852189e+00,5.077672e+00,4.738825e+00,4.525215e+00,4.776091e+00,4.258935e+00,5.089429e+00,4.846151e+00,5.047842e+00,4.920091e+00,4.749926e+00,4.974918e+00,3.749315e+00,4.868051e+00,4.693845e+00,4.985636e+00,4.895362e+00,4.479220e+00,2.305342e+00,2.606660e+00,2.798777e+00,5.487495e+00,3.839639e+00,4.622792e+00,4.614646e+00,4.590600e+00,4.317346e+00,3.434600e+00,2.984520e+00,3.402981e+00,3.770942e+00,4.747142e+00,2.855501e+00,2.652399e+00,3.059267e+00,4.804654e+00,3.332568e+00,3.742673e+00,3.121906e+00,4.216907e+00,3.034494e+00,4.630777e+00,4.721069e+00,4.742761e+00,4.293701e+00,5.007848e+00,4.971734e+00,2.834984e+00,3.994036e+00,4.481809e+00,2.836024e+00,3.738574e+00,2.539284e+00,3.957479e+00,3.571858e+00,3.305760e+00,2.934281e+00,2.764838e+00,3.595758e+00,3.492935e+00,4.664040e+00,4.949355e+00,4.905130e+00,4.898647e+00,5.054421e+00,4.851801e+00,4.592935e+00,3.821376e+00,4.166554e+00,4.664326e+00,5.028685e+00,4.596017e+00,5.209953e+00,4.325786e+00,4.967713e+00,4.901600e+00,4.993484e+00,4.851948e+00,6.662819e+00,4.377687e+00,3.528139e+00,3.769149e+00,4.927603e+00,4.765022e+00,4.637819e+00,5.007932e+00,4.807242e+00,4.901679e+00,4.941879e+00,4.888724e+00,4.182898e+00,5.287002e+00,3.450558e+00,4.922054e+00,4.958178e+00,4.928355e+00,4.385593e+00,4.922780e+00,4.581321e+00,4.989517e+00,4.246816e+00,4.745481e+00,4.580414e+00,4.936553e+00,4.940842e+00,4.779735e+00,4.657916e+00,4.857761e+00,4.872336e+00
4.504508e+00,4.978626e+00,4.890290e+00,4.791701e+00,4.767606e+00,4.849435e+00,4.880813e+00,4.680343e+00,4.488049e+00,4.800424e+00,4.769600e+00,4.783197e+00,4.812502e+00,4.369589e+00,4.527383e+00,4.969526e+00,4.496131e+00,4.898530e+00,5.035553e+00,4.816126e+00,4.403968e+00,4.922676e+00,4.457939e+00,3.273114e+00,3.385182e+00,3.262944e+00,4.294199e+00,3.723391e+00,4.649057e+00,4.866269e+00,4.412025e+00,5.164857e+00,4.897522e+00,4.831162e+00,3.336497e+00,3.129062e+00,4.079253e+00,2.681688e+00,5.423802e+00,4.241513e+00,4.250926e+00,4.263724e+00,4.544841e+00,3.432229e+00,3.881101e+00,9.961777e+00,7.215882e+00,3.048068e+00,5.050769e+00,4.397482e+00,3.653413e+00,4.396098e+00,4.958514e+00,4.940754e+00,4.868404e+00,2.786648e+00,4.719664e+00,3.763659e+00,4.581285e+00,4.542235e+00,4.566375e+00,3.925861e+00,3.762014e+00,3.137553e+00,2.541168e+00,2.905978e+00,3.723326e+00,3.429171e+00,4.468668e+00,4.667226e+00,3.070541e+00,4.342892e+00,4.277235e+00,3.501094e+00,4.031706e+00,4.460032e+00,2.925070e+00,4.593488e+00,4.781671e+00,3.192676e+00,4.694541e+00,4.230779e+00,4.450029e+00,3.156561e+00,4.891083e+00,4.092640e+00,3.958281e+00,5.067573e+00,4.471771e+00,3.788620e+00,2.816454e+00,3.928074e+00,2.919093e+00,4.504586e+00,2.732896e+00,4.369155e+00,3.501174e+00,4.618774e+00,3.059501e+00,5.129514e+00,3.191764e+00,4.008514e+00,2.635980e+00,4.935862e+00,4.535088e+00,4.970804e+00,3.906872e+00,4.983713e+00,5.110096e+00,5.174923e+00,4.592538e+00,4.690913e+00,4.639716e+00,5.058421e+00,4.141495e+00,4.666215e+00,4.859587e+00,4.708443e+00,3.011628e+00,4.247600e+00,4.191672e+00,4.840582e+00,4.664544e+00,4.697418e+00,3.515325e+00,4.097137e+00,3.738358e+00,3.918719e+00,3.575149e+00,4.556357e+00,2.750173e+00,3.225315e+00,4.747141e+00,5.922756e+00,3.417649e+00,4.231727e+00,4.240685e+00,3.401207e+00,4.589827e+00,4.268171e+00,3.808843e+00,3.271900e+00,3.627883e+00,2.299278e+00,4.034503e+00,7.928070e+00,4.272559e+00,4.040808e+00,3.605008e+00,4.669366e+00,4.458031e+00,4.622188e+00,4.926164e+00,3.130333e+00,3.758402e+00,5.756182e+00,4.858559e+00,3.468142e+00,2.821397e+00,2.735526e+00,4.019167e+00,4.655358e+00,3.744069e+00,5.017304e+00,5.031799e+00,4.381234e+00,4.853019e+00,4.344681e+00,4.033350e+00,4.074637e+00,4.347600e+00,4.560986e+00,4.913434e+00,4.883047e+00,4.895424e+00,4.764364e+00,4.764193e+00,4.906056e+00,4.654176e+00,5.017891e+00,4.649273e+00,3.404024e+00,4.971018e+00,4.581709e+00,4.438079e+00,4.652124e+00,4.102652e+00,4.688757e+00,4.525708e+00,4.902516e+00,4.575171e+00,4.625550e+00,4.997872e+00,4.820290e+00,4.889387e+00,4.936074e+00,4.222288e+00,2.862183e+00,5.301246e+00,4.834381e+00,3.895812e+00,4.852289e+00,4.675947e+00,4.802486e+00,4.884678e+00,4.734804e+00,4.828248e+00,4.626713e+00,4.786098e+00,4.942413e+00,4.695842e+00,4.804042e+00,4.885509e+00,4.316318e+00,4.784519e+00
4.941630e+00,4.621489e+00,4.761616e+00,4.672818e+00,4.860507e+00,4.781577e+00,4.810442e+00,4.930553e+00,4.847593e+00,4.847758e+00,4.971516e+00,4.575726e+00,4.695296e+00,4.529087e+00,4.361592e+00,4.900958e+00,4.911660e+00,4.937272e+00,4.644141e+00,4.655935e+00,4.691375e+00,4.469353e+00,4.736304e+00,4.296500e+00,4.703218e+00,4.754232e+00,4.461731e+00,4.039957e+00,3.751310e+00,4.416275e+00,2.765703e+00,4.903110e+00,4.885395e+00,4.864546e+00,4.146819e+00,4.833827e+00,3.452438e+00,2.493133e+00,3.326639e+00,3.106421e+00,5.260173e+00,5.726483e+00,3.730255e+00,4.292608e+00,3.858959e+00,3.135040e+00,4.802272e+00,4.819537e+00,3.852043e+00,3.571990e+00,3.159097e+00,4.188755e+00,4.856782e+00,4.780663e+00,3.842047e+00,4.419834e+00,4.872172e+00,4.867127e+00,4.788896e+00,4.413740e+00,4.416511e+00,4.272878e+00,3.463461e+00,2.893884e+00,4.118562e+00,3.723168e+00,3.387500e+00,4.640742e+00,3.954798e+00,3.585247e+00,5.209050e+00,4.407268e+00,3.688440e+00,3.491288e+00,4.125993e+00,4.565430e+00,4.263982e+00,4.075073e+00,3.116853e+00,4.742664e+00,3.879282e+00,4.554733e+00,4.196049e+00,4.823279e+00,4.215923e+00,4.823293e+00,3.396785e+00,4.785442e+00,3.842897e+00,4.702789e+00,2.687207e+00,4.050672e+00,4.874261e+00,3.778435e+00,3.457913e+00,4.485622e+00,3.195245e+00,3.435656e+00,4.420799e+00,3.615056e+00,3.186938e+00,4.506579e+00,4.963763e+00,4.749268e+00,4.449278e+00,4.611756e+00,4.888952e+00,4.355789e+00,4.166261e+00,3.772611e+00,4.544939e+00,4.415083e+00,4.785437e+00,4.818936e+00,4.339694e+00,4.762784e+00,5.362261e+00,4.332622e+00,4.709125e+00,3.253837e+00,2.779464e+00,4.291920e+00,4.717944e+00,3.253916e+00,3.087778e+00,3.004198e+00,3.395275e+00,4.373102e+00,2.815273e+00,3.471498e+00,3.026667e+00,3.847033e+00,3.240704e+00,3.219147e+00,3.649520e+00,4.762489e+00,5.094773e+00,3.435721e+00,3.472394e+00,2.998492e+00,3.369662e+00,3.217713e+00,3.546292e+00,3.215910e+00,3.031778e+00,3.568319e+00,3.279659e+00,4.459336e+00,4.169578e+00,3.050004e+00,3.770394e+00,4.065169e+00,5.000781e+00,4.832752e+00,4.784335e+00,3.676178e+00,2.975355e+00,4.111657e+00,4.366646e+00,4.678519e+00,4.086268e+00,3.665040e+00,3.501576e+00,4.790060e+00,4.804175e+00,4.896667e+00,4.867388e+00,3.571958e+00,3.867584e+00,4.802538e+00,4.754834e+00,4.873931e+00,4.750301e+00,3.087731e+00,4.874142e+00,4.992401e+00,4.913232e+00,4.809819e+00,4.871108e+00,4.920385e+00,5.002273e+00,4.731795e+00,4.804647e+00,4.899822e+00,4.809410e+00,3.089404e+00,4.016802e+00,4.193695e+00,3.408412e+00,4.753073e+00,4.923956e+00,4.745634e+00,4.571427e+00,4.684631e+00,4.767976e+00,5.050192e+00,3.212685e+00,4.171925e+00,2.429977e+00,4.927439e+00,4.781395e+00,4.765728e+00,4.717579e+00,5.013881e+00,4.825741e+00,4.485191e+00,4.765305e+00,5.031202e+00,4.929968e+00,4.630083e+00,5.065681e+00,4.579443e+00,4.955649e+00,4.882155e+00,4.606611e+00
4.882218e+00,4.911647e+00,4.858132e+00,4.664522e+00,4.947608e+00,4.992380e+00,4.923191e+00,4.958799e+00,4.816753e+00,5.010919e+00,4.653865e+00,4.405144e+00,4.594182e+00,5.094248e+00,4.890448e+00,4.739425e+00,4.967651e+00,4.683219e+00,4.882218e+00,4.382192e+00,3.282345e+00,3.086330e+00,3.118684e+00,4.955815e+00,4.761270e+00,4.251447e+00,3.028462e+00,3.162789e+00,3.335435e+00,3.222799e+00,3.944253e+00,4.517254e+00,4.925398e+00,4.806763e+00,4.082701e+00,3.005355e+00,3.849733e+00,3.972913e+00,4.755316e+00,4.031494e+00,5.681853e+00,3.611461e+00,4.076483e+00,2.673262e+00,4.446336e+00,4.709149e+00,3.302385e+00,3.499981e+00,4.542614e+00,4.485022e+00,4.715314e+00,5.002085e+00,4.952011e+00,4.413776e+00,4.776818e+00,4.692711e+00,4.228935e+00,4.725089e+00,3.961908e+00,2.489989e+00,4.311227e+00,3.694891e+00,4.058417e+00,2.803304e+00,4.602388e+00,3.742119e+00,3.793183e+00,4.812264e+00,4.019330e+00,4.210828e+00,3.342430e+00,3.079203e+00,4.539881e+00,3.775393e+00,4.570036e+00,2.952754e+00,4.908606e+00,2.656932e+00,4.476870e+00,4.363861e+00,3.068836e+00,4.628506e+00,4.370481e+00,3.749244e+00,4.602462e+00,3.023991e+00,3.876600e+00,3.049672e+00,4.477773e+00,4.056112e+00,4.028918e+00,3.691297e+00,4.572859e+00,3.051676e+00,3.008152e+00,4.118868e+00,2.758911e+00,4.648793e+00,4.355773e+00,4.757403e+00,4.616191e+00,4.629752e+00,4.579389e+00,4.709249e+00,5.004639e+00,4.967623e+00,5.286681e+00,4.776531e+00,4.019806e+00,4.416068e+00,4.904148e+00,4.756536e+00,4.205078e+00,4.086672e+00,5.144912e+00,4.925662e+00,4.965051e+00,3.868683e+00,4.830481e+00,4.757856e+00,4.398810e+00,4.867815e+00,5.026464e+00,4.865902e+00,4.832947e+00,4.155674e+00,4.157280e+00,3.605692e+00,2.937727e+00,2.726296e+00,4.117731e+00,3.858740e+00,3.823398e+00,3.214663e+00,3.665190e+00,3.362700e+00,4.267490e+00,4.107287e+00,3.079726e+00,4.701664e+00,3.322156e+00,4.465226e+00,3.084445e+00,4.125423e+00,3.982291e+00,3.581858e+00,4.734567e+00,4.503926e+00,4.704699e+00,4.375022e+00,4.313643e+00,4.934708e+00,4.884811e+00,4.740467e+00,4.098989e+00,4.967005e+00,2.303384e+00,3.401016e+00,3.629150e+00,4.452917e+00,3.865628e+00,3.911204e+00,4.647394e+00,4.484215e+00,4.192253e+00,4.927454e+00,4.723508e+00,4.913527e+00,4.008101e+00,4.810693e+00,5.149321e+00,4.835563e+00,4.865835e+00,4.734867e+00,4.875346e+00,4.441595e+00,4.589765e+00,4.020044e+00,4.688210e+00,5.040405e+00,4.961742e+00,4.465502e+00,4.820810e+00,4.933842e+00,4.141425e+00,2.224391e+00,2.976655e+00,3.985995e+00,3.892487e+00,4.543079e+00,4.832327e+00,4.762124e+00,4.885122e+00,4.944762e+00,5.149546e+00,4.942848e+00,2.645349e+00,4.084183e+00,5.546484e+00,4.608386e+00,3.820662e+00,4.852382e+00,4.759345e+00,4.912218e+00,4.792258e+00,4.779423e+00,4.736528e+00,4.627729e+00,4.992566e+00,4.792741e+00,4.943685e+00,4.744234e+00,4.791676e+00,4.884087e+00,4.646403e+00
4.704353e+00,4.894350e+00,4.697451e+00,4.833823e+00,4.758906e+00,4.860354e+00,4.363279e+00,4.910161e+00,4.958599e+00,4.493664e+00,4.942545e+00,4.782633e+00,5.008865e+00,4.661823e+00,4.785933e+00,4.648103e+00,4.783003e+00,4.436736e+00,4.325301e+00,3.715263e+00,4.628837e+00,4.587918e+00,4.690996e+00,2.716441e+00,3.407765e+00,3.799145e+00,2.556457e+00,4.429682e+00,3.985896e+00,9.664268e+00,4.807589e+00,4.834355e+00,4.881590e+00,4.705723e+00,3.572935e+00,5.005524e+00,3.998189e+00,4.400738e+00,3.885517e+00,4.449603e+00,3.975602e+00,9.755483e+00,3.821721e+00,6.770795e+00,4.168472e+00,3.729587e+00,4.597881e+00,3.289066e+00,3.781971e+00,4.919254e+00,4.940365e+00,5.038697e+00,4.937588e+00,4.354359e+00,4.721740e+00,5.032850e+00,4.607498e+00,3.459053e+00,2.374292e+00,2.813155e+00,3.022568e+00,4.441910e+00,2.807824e+00,3.138595e+00,4.121256e+00,3.200912e+00,3.194515e+00,5.143070e+00,3.735029e+00,2.891923e+00,3.367010e+00,4.996811e+00,4.481726e+00,4.664745e+00,5.308162e+00,3.640074e+00,4.588615e+00,7.734657e+00,4.368741e+00,4.288171e+00,4.801355e+00,3.562427e+00,4.663947e+00,3.698567e+00,4.689772e+00,4.818407e+00,3.456843e+00,4.148780e+00,3.453412e+00,4.656881e+00,4.472961e+00,4.210193e+00,4.752144e+00,9.253458e+00,4.940524e+00,4.301603e+00,3.248800e+00,4.163472e+00,4.344584e+00,4.668743e+00,4.579324e+00,3.297912e+00,4.779876e+00,4.451005e+00,4.791228e+00,4.643517e+00,4.856918e+00,4.885892e+00,5.019210e+00,4.543281e+00,4.838157e+00,4.914794e+00,5.085877e+00,4.825331e+00,4.741859e+00,4.759777e+00,4.196019e+00,4.632964e+00,4.834661e+00,4.676301e+00,4.760493e+00,3.565515e+00,4.459728e+00,3.009660e+00,3.883436e+00,3.967310e+00,4.485234e+00,3.436665e+00,3.715208e+00,3.827168e+00,4.680332e+00,4.513108e+00,3.150173e+00,4.612566e+00,4.035702e+00,4.959084e+00,4.334374e+00,2.772117e+00,2.749199e+00,3.120606e+00,3.259378e+00,3.915593e+00,2.797783e+00,2.943309e+00,4.843952e+00,3.185531e+00,4.194488e+00,4.194088e+00,4.444434e+00,4.088426e+00,7.602298e+00,2.619323e+00,3.230457e+00,4.792120e+00,4.671835e+00,3.403569e+00,3.119747e+00,3.902641e+00,3.568929e+00,3.300219e+00,2.917292e+00,3.232054e+00,3.062560e+00,4.591062e+00,4.808633e+00,4.549157e+00,4.818709e+00,4.826761e+00,4.965105e+00,4.703312e+00,3.289095e+00,4.748522e+00,3.029873e+00,4.690071e+00,3.937933e+00,3.993717e+00,4.626931e+00,4.595803e+00,4.447959e+00,4.945686e+00,4.248933e+00,4.660755e+00,4.997577e+00,4.297664e+00,4.576534e+00,3.751032e+00,2.867409e+00,3.461359e+00,3.653522e+00,4.787512e+00,4.631460e+00,4.770173e+00,4.976611e+00,4.701875e+00,4.867156e+00,4.609329e+00,4.487528e+00,3.117203e+00,4.228248e+00,4.785972e+00,4.778350e+00,4.660726e+00,4.945781e+00,4.994348e+00,4.873703e+00,4.850573e+00,4.672789e+00,4.921233e+00,4.777254e+00,4.847181e+00,4.725646e+00,4.933492e+00,4.832568e+00,4.520234e+00,4.838201e+00
4.757469e+00,4.724472e+00,4.491988e+00,4.745328e+00,4.714354e+00,4.800812e+00,4.801353e+00,4.864752e+00,4.478170e+00,4.792181e+00,4.778781e+00,4.288640e+00,4.075727e+00,4.921126e+00,4.774629e+00,4.857955e+00,4.779367e+00,4.940140e+00,4.325392e+00,4.045979e+00,4.147661e+00,3.445367e+00,3.863033e+00,4.295548e+00,4.065932e+00,3.058540e+00,2.792809e+00,3.189220e+00,6.178298e+00,5.132681e+00,3.660522e+00,4.846728e+00,5.010289e+00,4.795343e+00,4.081982e+00,3.761652e+00,4.585646e+00,3.328328e+00,3.523699e+00,4.023375e+00,9.218249e+00,3.904848e+00,3.891760e+00,4.416084e+00,4.743828e+00,3.692700e+00,2.751931e+00,3.159936e+00,6.478184e+00,4.463861e+00,4.815629e+00,4.988437e+00,4.589468e+00,4.850971e+00,4.687013e+00,4.713004e+00,3.987491e+00,3.432686e+00,3.522453e+00,3.063805e+00,9.445156e+00,2.562190e+00,4.278358e+00,3.156362e+00,5.625795e+00,4.035819e+00,2.622514e+00,2.622193e+00,4.291470e+00,4.956860e+00,4.379467e+00,4.052183e+00,4.525372e+00,4.268513e+00,4.897959e+00,4.945636e+00,4.310507e+00,3.366354e+00,3.867424e+00,4.358075e+00,4.630214e+00,4.857564e+00,2.925929e+00,3.992949e+00,2.583472e+00,2.648062e+00,4.182619e+00,4.473819e+00,3.428839e+00,3.128212e+00,5.450605e+00,4.852678e+00,4.352467e+00,4.051371e+00,3.738995e+00,3.376048e+00,2.907986e+00,4.863665e+00,4.773726e+00,4.262223e+00,3.700486e+00,4.812326e+00,4.573519e+00,4.076680e+00,4.897903e+00,5.058980e+00,4.877871e+00,4.684869e+00,4.630768e+00,4.742768e+00,4.999585e+00,3.946563e+00,3.661667e+00,3.193634e+00,4.219222e+00,4.940542e+00,4.275676e+00,4.349893e+00,4.715057e+00,4.789762e+00,4.474899e+00,4.220187e+00,4.769285e+00,4.832988e+00,4.374136e+00,4.177393e+00,4.443951e+00,4.832318e+00,6.537471e+00,4.110798e+00,2.784154e+00,4.372998e+00,5.034100e+00,3.507383e+00,5.017928e+00,3.096629e+00,3.801686e+00,2.959635e+00,3.639343e+00,3.222710e+00,4.137697e+00,3.849397e+00,4.931963e+00,3.909777e+00,3.597002e+00,4.913832e+00,3.238406e+00,2.329828e+00,3.340761e+00,3.146929e+00,4.210661e+00,4.767749e+00,4.463942e+00,4.825057e+00,4.918733e+00,2.985335e+00,4.231663e+00,3.163753e+00,4.759889e+00,2.410633e+00,3.831852e+00,3.725651e+00,3.659237e+00,3.910572e+00,4.461498e+00,4.969323e+00,4.758338e+00,4.713489e+00,4.722663e+00,4.773437e+00,4.982338e+00,4.896619e+00,4.257428e+00,4.779088e+00,4.759601e+00,4.847418e+00,4.526296e+00,4.982710e+00,4.509300e+00,4.874190e+00,4.801867e+00,4.957649e+00,4.526482e+00,4.752401e+00,4.976353e+00,9.848619e+00,4.027246e+00,3.316345e+00,3.806990e+00,4.442700e+00,4.456962e+00,3.760865e+00,4.844097e+00,4.872005e+00,4.947137e+00,4.851504e+00,5.025992e+00,5.122740e+00,4.420151e+00,4.726812e+00,3.973353e+00,5.004325e+00,5.066419e+00,4.649428e+00,4.800333e+00,4.739486e+00,4.931692e+00,4.487360e+00,4.717357e+00,4.576373e+00,4.944739e+00,4.826445e+00,4.894414e+00,4.837582e+00,4.851263e+00
4.649982e+00,4.893106e+00,4.943516e+00,4.473980e+00,4.779911e+00,4.822058e+00,4.597120e+00,3.925302e+00,4.571903e+00,5.086846e+00,4.516681e+00,4.711654e+00,4.690453e+00,4.606556e+00,4.626475e+00,4.893114e+00,4.966100e+00,4.846875e+00,4.875250e+00,4.561652e+00,3.792936e+00,4.029538e+00,4.412850e+00,5.046405e+00,4.390425e+00,4.884210e+00,4.168925e+00,3.911183e+00,4.629112e+00,4.173572e+00,4.656653e+00,5.205692e+00,4.811003e+00,4.621040e+00,2.997543e+00,4.652562e+00,4.325144e+00,4.093373e+00,3.383843e+00,4.322216e+00,3.725981e+00,5.149324e+00,3.866249e+00,2.498384e+00,3.226627e+00,6.027111e+00,3.499780e+00,4.032261e+00,4.212795e+00,5.047427e+00,4.893230e+00,4.665356e+00,2.842974e+00,4.373286e+00,4.963670e+00,3.494854e+00,2.617733e+00,3.480157e+00,2.499756e+00,6.216152e+00,9.881384e+00,2.937248e+00,2.614567e+00,2.514243e+00,2.977786e+00,3.948935e+00,3.109982e+00,4.336693e+00,4.935470e+00,2.911867e+00,4.624802e+00,4.627506e+00,4.995042e+00,4.342445e+00,4.673703e+00,4.791841e+00,6.365686e+00,4.649496e+00,4.247358e+00,4.712346e+00,4.030573e+00,3.610728e+00,4.252512e+00,2.871237e+00,4.929764e+00,3.230991e+00,4.441991e+00,4.733737e+00,3.352295e+00,3.945038e+00,7.877824e+00,4.768103e+00,4.269172e+00,4.159282e+00,2.978256e+00,6.797534e+00,5.051041e+00,4.961045e+00,4.701332e+00,4.266688e+00,2.958213e+00,3.405712e+00,4.591873e+00,4.244464e+00,2.598471e+00,4.227287e+00,4.758634e+00,4.993141e+00,4.880038e+00,4.215272e+00,3.873947e+00,4.837690e+00,4.885499e+00,5.165406e+00,3.992769e+00,3.694950e+00,2.795789e+00,3.678559e+00,4.623646e+00,4.517870e+00,4.692256e+00,3.874674e+00,2.988936e+00,3.241402e+00,4.487537e+00,4.673033e+00,4.658615e+00,3.431861e+00,4.715167e+00,3.764346e+00,2.547878e+00,3.637155e+00,3.282119e+00,4.344400e+00,4.330635e+00,3.777480e+00,4.227022e+00,2.767089e+00,3.460745e+00,4.251213e+00,3.009706e+00,4.067374e+00,2.344842e+00,3.936282e+00,3.643841e+00,4.446126e+00,4.647755e+00,3.361339e+00,2.998595e+00,4.694468e+00,4.720303e+00,4.575296e+00,5.872860e+00,4.769414e+00,4.895466e+00,4.294186e+00,4.681076e+00,4.305866e+00,3.400420e+00,4.806976e+00,3.182391e+00,2.748753e+00,4.131491e+00,3.389133e+00,4.410884e+00,4.858787e+00,4.606039e+00,4.522322e+00,4.622571e+00,3.304425e+00,4.791725e+00,4.652363e+00,4.671372e+00,4.433305e+00,4.149617e+00,5.092947e+00,4.960835e+00,4.752239e+00,4.911770e+00,4.724872e+00,2.527357e+00,4.408880e+00,5.139286e+00,4.616910e+00,4.538297e+00,3.658246e+00,4.577048e+00,3.616588e+00,4.254000e+00,4.558279e+00,3.468512e+00,4.569615e+00,4.578611e+00,5.061529e+00,4.540467e+00,4.260843e+00,4.995837e+00,4.471211e+00,4.123358e+00,4.283458e+00,5.107798e+00,4.127776e+00,4.530339e+00,4.890779e+00,4.334988e+00,4.891885e+00,4.902846e+00,4.849706e+00,4.960531e+00,4.862836e+00,4.554802e+00,4.683258e+00,4.739865e+00,4.427681e+00,5.050381e+00
4.887128e+00,4.753547e+00,4.972474e+00,4.968173e+00,4.596298e+00,4.686470e+00,4.496377e+00,4.843666e+00,4.826003e+00,5.036901e+00,4.956240e+00,4.745616e+00,4.826439e+00,4.861262e+00,4.729707e+00,5.029774e+00,4.744409e+00,4.471739e+00,4.807865e+00,4.821867e+00,4.480889e+00,4.671285e+00,4.748043e+00,4.832760e+00,3.931277e+00,3.434498e+00,4.218493e+00,4.579490e+00,3.006570e+00,4.746840e+00,5.093487e+00,4.994115e+00,4.826041e+00,3.571188e+00,4.709529e+00,3.249454e+00,4.164103e+00,4.547086e+00,4.285509e+00,3.877896e+00,6.699597e+00,3.954981e+00,5.562462e+00,4.075123e+00,4.076912e+00,2.747854e+00,4.070490e+00,4.461560e+00,4.757473e+00,4.930960e+00,4.465049e+00,4.278682e+00,4.359057e+00,4.957733e+00,4.630149e+00,3.639392e+00,3.886218e+00,4.586502e+00,2.778099e+00,4.466995e+00,4.420725e+00,3.120325e+00,4.129852e+00,5.532799e+00,4.841860e+00,2.605374e+00,3.841178e+00,4.603310e+00,4.945853e+00,3.010554e+00,3.836321e+00,4.544832e+00,4.952021e+00,4.768087e+00,4.761483e+00,4.377281e+00,4.160415e+00,2.589206e+00,4.000922e+00,3.149255e+00,4.097713e+00,4.111832e+00,3.791903e+00,2.839382e+00,3.424826e+00,3.733445e+00,2.619409e+00,5.168843e+00,1.010985e+01,5.407067e+00,5.375936e+00,3.973134e+00,3.060200e+00,3.840424e+00,4.208014e+00,5.151603e+00,4.890606e+00,4.905998e+00,3.232829e+00,2.936033e+00,4.776445e+00,9.157752e+00,3.024003e+00,3.827030e+00,4.836893e+00,5.052599e+00,4.724420e+00,4.835568e+00,4.914510e+00,4.781870e+00,4.278392e+00,3.878682e+00,4.900285e+00,4.849446e+00,4.879831e+00,5.008889e+00,4.997530e+00,4.919823e+00,4.617804e+00,3.581704e+00,4.641523e+00,2.952556e+00,4.275216e+00,4.956067e+00,4.737093e+00,4.398208e+00,2.450911e+00,4.561296e+00,4.738876e+00,3.929724e+00,2.502557e+00,4.239961e+00,2.643225e+00,3.803803e+00,3.368753e+00,3.959213e+00,4.460435e+00,4.265851e+00,3.387127e+00,2.978361e+00,4.162025e+00,4.156786e+00,2.938011e+00,2.634390e+00,4.069825e+00,4.973724e+00,4.658039e+00,4.361095e+00,5.144055e+00,4.785214e+00,3.987264e+00,4.727071e+00,5.196593e+00,5.139303e+00,4.576499e+00,4.704972e+00,3.682888e+00,3.026228e+00,3.676078e+00,4.607308e+00,3.864843e+00,3.648407e+00,3.176340e+00,2.756000e+00,4.846703e+00,4.761643e+00,5.011371e+00,4.845161e+00,4.749759e+00,4.207490e+00,4.727248e+00,4.796307e+00,3.458644e+00,4.758079e+00,4.600770e+00,5.044777e+00,4.881340e+00,4.813697e+00,4.755460e+00,4.988053e+00,5.002200e+00,4.129121e+00,4.313610e+00,4.844800e+00,4.644962e+00,4.277393e+00,4.568011e+00,4.067871e+00,4.535657e+00,4.612189e+00,4.732735e+00,4.309610e+00,4.619612e+00,4.833960e+00,4.627827e+00,4.884507e+00,4.923492e+00,4.034323e+00,4.382866e+00,4.168954e+00,3.819389e+00,4.865763e+00,4.932484e+00,4.811138e+00,4.958318e+00,5.028032e+00,4.645259e+00,4.610453e+00,4.744070e+00,4.752989e+00,4.865994e+00,4.785897e+00,4.481671e+00,4.865899e+00,4.876014e+00
4.602307e+00,5.036720e+00,4.606993e+00,4.935582e+00,4.688626e+00,4.818460e+00,4.745108e+00,4.980598e+00,4.682339e+00,4.759286e+00,4.523734e+00,4.907220e+00,4.517709e+00,4.975716e+00,4.877371e+00,4.789036e+00,4.864811e+00,4.721340e+00,4.478196e+00,4.767516e+00,4.147047e+00,3.358759e+00,4.566853e+00,3.971400e+00,4.078511e+00,2.965614e+00,3.794624e+00,3.597157e+00,3.380506e+00,4.037045e+00,4.991961e+00,4.973499e+00,4.949668e+00,2.982492e+00,3.131717e+00,4.256503e+00,4.545008e+00,4.867168e+00,4.437769e+00,4.932202e+00,8.985519e+00,5.619513e+00,4.137263e+00,4.650201e+00,4.049702e+00,3.280756e+00,3.019390e+00,4.347201e+00,4.824591e+00,4.696313e+00,4.514012e+00,5.543819e+00,4.995837e+00,3.809311e+00,4.050433e+00,3.649952e+00,4.289998e+00,3.939978e+00,3.328909e+00,3.125909e+00,9.959762e+00,3.689593e+00,3.428771e+00,3.718577e+00,3.788498e+00,4.521860e+00,3.465881e+00,3.767942e+00,4.357825e+00,4.744214e+00,2.731994e+00,3.104729e+00,2.988366e+00,4.614523e+00,5.156534e+00,4.365110e+00,6.767928e+00,3.845585e+00,2.857969e+00,4.647032e+00,4.227960e+00,4.120758e+00,2.837895e+00,4.770840e+00,3.914919e+00,4.216509e+00,3.148439e+00,3.071569e+00,3.902983e+00,3.938950e+00,4.274932e+00,3.386524e+00,4.564498e+00,3.783782e+00,2.793759e+00,4.774403e+00,5.006786e+00,4.749532e+00,4.780987e+00,4.417838e+00,3.815646e+00,4.496058e+00,3.900148e+00,4.623310e+00,3.135615e+00,4.578859e+00,4.567583e+00,4.831649e+00,4.465625e+00,4.789227e+00,4.692497e+00,4.450372e+00,4.336549e+00,3.658057e+00,4.486006e+00,5.037118e+00,4.723664e+00,4.719584e+00,4.919877e+00,4.359192e+00,4.745980e+00,2.706037e+00,4.429393e+00,4.737234e+00,4.246204e+00,5.003997e+00,4.440274e+00,4.589011e+00,4.427974e+00,3.421173e+00,3.045366e+00,4.806747e+00,3.506083e+00,3.951854e+00,4.440211e+00,2.893498e+00,6.550531e+00,3.087462e+00,4.727842e+00,5.232131e+00,4.539091e+00,3.259906e+00,3.551020e+00,4.500216e+00,4.795922e+00,4.106118e+00,3.166307e+00,3.149283e+00,4.595852e+00,4.827831e+00,3.429314e+00,4.082621e+00,5.237447e+00,4.058450e+00,4.050632e+00,5.095776e+00,4.723142e+00,3.504267e+00,3.745052e+00,4.657434e+00,4.319661e+00,4.423965e+00,4.716298e+00,5.012269e+00,2.856301e+00,4.361983e+00,4.973414e+00,4.992008e+00,4.450517e+00,4.264560e+00,5.003809e+00,4.642602e+00,4.776251e+00,4.805595e+00,4.745175e+00,4.974361e+00,4.946479e+00,4.872922e+00,4.586728e+00,5.001717e+00,5.016981e+00,4.842400e+00,2.971601e+00,4.626236e+00,4.686724e+00,4.684922e+00,2.696140e+00,3.277054e+00,3.621709e+00,3.076138e+00,4.559566e+00,3.295947e+00,4.914188e+00,4.968853e+00,4.094917e+00,4.915703e+00,4.887545e+00,3.059150e+00,4.621535e+00,4.790938e+00,3.796238e+00,4.909144e+00,4.958682e+00,4.563948e+00,4.550668e+00,4.777167e+00,4.852281e+00,4.741697e+00,4.740171e+00,4.704498e+00,4.854658e+00,4.578946e+00,4.721005e+00,4.897335e+00,4.556454e+00
4.418969e+00,4.837080e+00,4.701221e+00,4.759413e+00,4.756675e+00,4.858173e+00,4.940347e+00,4.731703e+00,4.815818e+00,4.716167e+00,3.819755e+00,3.247354e+00,5.049921e+00,4.977083e+00,5.009753e+00,4.824612e+00,4.740068e+00,5.023699e+00,4.944324e+00,4.456903e+00,4.506714e+00,3.810953e+00,4.724501e+00,4.826122e+00,3.437497e+00,3.884469e+00,4.319642e+00,3.287310e+00,2.918632e+00,5.092232e+00,4.426614e+00,4.680729e+00,4.505661e+00,4.564301e+00,4.764074e+00,3.770695e+00,2.883522e+00,3.599825e+00,4.045628e+00,4.034797e+00,4.002945e+00,4.827400e+00,3.339404e+00,4.925379e+00,3.866224e+00,2.972702e+00,4.152784e+00,4.660118e+00,4.384857e+00,4.607149e+00,4.633952e+00,4.611526e+00,5.055056e+00,4.583176e+00,4.691298e+00,2.686715e+00,3.763978e+00,4.794528e+00,2.641523e+00,4.357185e+00,3.759387e+00,2.633758e+00,3.108586e+00,3.408973e+00,4.457361e+00,4.266200e+00,4.221767e+00,2.524049e+00,4.433739e+00,4.569427e+00,4.703227e+00,4.966278e+00,4.925769e+00,4.745196e+00,3.870729e+00,3.843011e+00,6.522870e+00,4.835434e+00,4.518138e+00,4.213483e+00,4.789825e+00,3.641022e+00,3.692140e+00,3.313008e+00,3.081620e+00,4.212379e+00,3.364110e+00,3.467404e+00,4.381274e+00,4.762291e+00,4.504546e+00,2.920295e+00,3.715813e+00,4.635841e+00,4.844110e+00,4.493011e+00,5.004753e+00,4.293435e+00,4.814833e+00,4.768373e+00,4.752586e+00,4.107668e+00,4.360774e+00,3.735143e+00,4.898727e+00,4.062506e+00,3.205895e+00,5.553846e+00,3.595343e+00,4.894254e+00,5.046777e+00,4.132428e+00,4.558672e+00,3.433966e+00,3.585997e+00,4.912964e+00,4.948643e+00,4.476540e+00,4.343966e+00,5.003772e+00,4.283289e+00,3.312171e+00,3.067433e+00,4.893837e+00,4.730181e+00,4.239255e+00,3.879889e+00,4.700739e+00,3.135498e+00,3.289401e+00,4.233858e+00,2.804810e+00,4.335335e+00,2.793965e+00,4.581074e+00,8.117553e+00,4.323758e+00,4.525369e+00,3.075593e+00,4.571174e+00,3.292152e+00,4.784927e+00,3.510129e+00,3.636657e+00,4.013721e+00,3.588218e+00,2.514459e+00,3.381162e+00,2.542160e+00,3.093060e+00,4.841670e+00,4.466428e+00,4.502856e+00,3.087485e+00,4.994133e+00,4.657572e+00,4.102139e+00,3.977696e+00,3.365635e+00,3.163789e+00,4.616366e+00,4.455260e+00,2.740051e+00,4.096386e+00,4.005684e+00,4.635719e+00,4.766623e+00,4.614885e+00,4.441063e+00,4.153237e+00,4.628651e+00,4.723564e+00,4.780512e+00,4.613055e+00,3.714471e+00,4.646589e+00,4.847395e+00,4.921940e+00,4.679807e+00,4.250497e+00,4.769064e+00,4.831268e+00,3.914514e+00,4.650151e+00,4.510591e+00,4.858143e+00,3.115115e+00,3.922255e+00,3.454475e+00,3.963962e+00,4.503012e+00,4.767300e+00,4.585372e+00,5.069831e+00,4.915400e+00,4.733111e+00,4.582757e+00,4.529444e+00,4.523476e+00,4.657494e+00,4.760114e+00,4.772816e+00,4.717220e+00,4.617574e+00,4.730756e+00,4.918108e+00,4.529909e+00,4.915026e+00,4.930486e+00,4.569319e+00,4.927162e+00,4.730940e+00,4.609799e+00,4.987318e+00,4.916749e+00
4.565403e+00,5.061058e+00,4.741034e+00,4.954790e+00,4.999917e+00,4.793355e+00,4.965152e+00,4.865515e+00,4.943329e+00,4.808814e+00,3.645479e+00,4.532558e+00,4.835789e+00,4.978734e+00,4.969667e+00,4.865436e+00,4.942667e+00,4.561673e+00,5.060427e+00,4.720408e+00,4.947950e+00,4.138749e+00,2.696674e+00,2.948061e+00,2.652549e+00,4.240815e+00,3.123457e+00,4.674882e+00,4.449088e+00,4.516903e+00,4.866218e+00,4.164666e+00,4.346878e+00,4.304293e+00,2.894465e+00,4.334485e+00,4.690114e+00,2.795215e+00,3.296740e+00,3.262856e+00,7.137159e+00,4.287149e+00,3.432957e+00,3.742000e+00,4.857161e+00,4.108342e+00,3.930576e+00,4.838975e+00,4.853398e+00,4.701019e+00,4.888925e+00,5.026123e+00,3.204550e+00,3.037593e+00,4.330051e+00,5.124990e+00,3.242682e+00,4.582955e+00,3.193464e+00,4.547973e+00,2.990088e+00,3.535043e+00,3.141183e+00,3.722250e+00,4.727804e+00,3.342421e+00,4.204477e+00,4.469273e+00,5.124129e+00,4.928852e+00,4.662752e+00,3.752328e+00,4.394266e+00,4.903125e+00,7.576304e+00,3.892045e+00,4.585283e+00,2.929532e+00,4.388834e+00,4.585544e+00,4.619083e+00,4.548661e+00,2.844227e+00,3.569021e+00,4.575231e+00,4.828605e+00,3.935837e+00,4.296156e+00,4.292953e+00,4.202451e+00,3.027165e+00,3.100553e+00,4.180371e+00,4.069368e+00,4.792489e+00,4.941572e+00,4.852368e+00,4.911421e+00,4.928067e+00,4.941150e+00,4.677650e+00,4.369361e+00,4.277743e+00,3.681810e+00,3.833743e+00,3.177620e+00,4.805210e+00,3.830530e+00,3.259557e+00,3.642396e+00,2.489911e+00,4.835398e+00,3.550987e+00,3.241335e+00,4.823648e+00,4.680075e+00,4.975337e+00,4.662105e+00,3.348969e+00,4.136626e+00,4.411304e+00,3.887062e+00,4.821012e+00,4.515677e+00,4.651873e+00,4.328778e+00,3.748267e+00,3.023221e+00,4.202154e+00,3.409355e+00,4.284203e+00,4.350167e+00,2.667066e+00,4.742633e+00,3.253177e+00,4.281955e+00,3.548601e+00,9.331752e+00,3.770209e+00,4.004166e+00,3.943638e+00,3.137693e+00,4.763287e+00,4.147881e+00,3.237726e+00,4.583794e+00,3.601493e+00,3.990359e+00,3.347556e+00,4.195609e+00,4.312346e+00,3.443618e+00,3.992206e+00,4.795024e+00,4.421914e+00,4.672752e+00,4.654441e+00,4.486364e+00,2.791601e+00,3.628997e+00,4.039598e+00,3.252785e+00,4.281556e+00,3.770044e+00,4.596528e+00,5.226179e+00,4.682092e+00,4.529575e+00,5.032566e+00,4.123326e+00,4.941167e+00,3.487632e+00,4.766598e+00,4.890971e+00,5.129794e+00,4.922472e+00,5.000696e+00,4.105618e+00,4.742981e+00,4.807058e+00,4.588322e+00,4.620836e+00,7.190727e+00,4.405734e+00,3.619728e+00,4.377284e+00,3.362861e+00,2.709790e+00,4.564638e+00,3.328096e+00,2.864235e+00,4.717738e+00,4.108879e+00,4.915190e+00,5.060678e+00,4.618543e+00,4.933944e+00,4.910355e+00,4.497306e+00,4.370875e+00,4.443460e+00,4.870964e+00,4.912048e+00,4.873444e+00,5.014193e+00,4.861311e+00,4.486645e+00,4.873920e+00,4.765188e+00,4.843571e+00,4.933291e+00,4.670283e+00,4.771902e+00,4.891042e+00,4.710504e+00
4.577052e+00,4.505992e+00,4.832072e+00,4.846892e+00,4.887226e+00,4.679901e+00,4.733727e+00,5.002324e+00,4.955031e+00,4.885301e+00,4.506307e+00,4.793203e+00,4.905817e+00,5.016393e+00,4.948602e+00,4.834071e+00,5.121815e+00,4.903224e+00,4.629217e+00,4.324700e+00,4.721715e+00,4.146443e+00,2.928256e+00,4.794244e+00,4.246926e+00,3.742271e+00,2.966795e+00,3.548544e+00,3.055454e+00,4.931134e+00,4.863096e+00,4.807888e+00,4.402768e+00,3.905084e+00,3.012984e+00,4.804606e+00,3.533496e+00,3.790036e+00,4.363072e+00,3.632745e+00,3.763801e+00,3.869594e+00,2.584014e+00,4.471406e+00,3.301519e+00,4.132341e+00,3.217018e+00,4.685913e+00,4.572697e+00,4.723272e+00,4.786382e+00,2.427854e+00,3.558542e+00,2.557928e+00,4.783201e+00,3.021820e+00,4.167710e+00,3.575973e+00,4.662112e+00,4.282382e+00,4.597825e+00,4.530012e+00,4.594295e+00,3.408225e+00,4.037964e+00,4.098748e+00,4.358779e+00,4.053436e+00,4.365168e+00,4.392139e+00,2.883911e+00,4.477814e+00,3.844744e+00,3.435474e+00,1.041866e+01,4.019770e+00,4.263239e+00,2.895526e+00,4.533931e+00,3.939257e+00,4.871942e+00,4.831524e+00,4.862859e+00,4.749548e+00,3.284362e+00,4.248732e+00,4.885681e+00,4.026245e+00,4.094781e+00,3.383180e+00,4.336140e+00,4.759635e+00,4.674238e+00,4.513697e+00,4.685086e+00,3.517537e+00,4.824573e+00,4.821306e+00,4.677779e+00,4.418535e+00,4.899979e+00,4.009509e+00,4.694205e+00,4.969825e+00,4.171388e+00,2.971621e+00,4.261658e+00,5.072103e+00,4.752003e+00,4.817294e+00,5.202470e+00,4.743643e+00,4.537344e+00,4.707221e+00,4.726542e+00,4.821522e+00,4.762020e+00,4.704581e+00,3.313071e+00,4.771073e+00,4.229901e+00,2.933267e+00,4.030195e+00,4.168226e+00,4.412908e+00,4.167823e+00,3.700415e+00,3.957876e+00,3.786502e+00,3.895624e+00,4.843711e+00,2.979860e+00,3.393069e+00,3.629070e+00,4.180727e+00,3.987595e+00,3.125124e+00,9.745111e+00,2.566397e+00,2.501007e+00,4.609733e+00,4.267491e+00,3.522767e+00,4.306935e+00,4.942347e+00,3.434904e+00,4.530451e+00,4.270606e+00,3.334028e+00,4.140525e+00,4.331948e+00,4.078948e+00,3.997846e+00,4.435591e+00,4.308951e+00,4.824005e+00,4.770819e+00,4.248598e+00,3.567950e+00,4.138804e+00,3.823291e+00,3.678979e+00,2.896051e+00,3.603796e+00,4.609227e+00,4.616703e+00,4.880219e+00,4.332242e+00,3.567582e+00,4.980862e+00,4.683589e+00,4.610179e+00,4.521530e+00,4.389315e+00,5.046206e+00,4.569216e+00,4.929318e+00,4.944385e+00,4.793302e+00,4.672164e+00,4.710114e+00,4.864155e+00,4.437783e+00,4.816324e+00,6.775513e+00,3.866752e+00,4.465495e+00,4.426336e+00,3.744287e+00,3.825291e+00,4.804964e+00,4.133183e+00,4.957666e+00,4.937046e+00,4.778896e+00,4.750680e+00,4.976016e+00,4.183741e+00,3.181007e+00,3.216925e+00,4.205742e+00,4.850622e+00,4.661697e+00,4.896560e+00,4.392855e+00,4.884542e+00,4.478196e+00,4.772465e+00,4.867284e+00,4.622678e+00,4.656330e+00,4.883635e+00,4.638608e+00,4.901960e+00,4.759043e+00
4.772958e+00,4.682484e+00,4.869879e+00,4.773259e+00,4.893928e+00,4.834876e+00,4.922311e+00,5.073057e+00,4.835980e+00,4.596559e+00,4.531617e+00,4.437643e+00,4.807879e+00,4.967519e+00,4.665836e+00,4.987304e+00,5.168840e+00,5.026980e+00,4.682289e+00,5.044241e+00,3.037448e+00,3.278524e+00,2.716348e+00,4.691021e+00,3.994973e+00,4.633837e+00,3.695174e+00,3.818841e+00,2.543608e+00,4.643226e+00,5.070324e+00,4.977027e+00,4.581017e+00,2.545397e+00,3.507470e+00,3.853297e+00,3.613991e+00,6.218286e+00,4.825903e+00,3.151268e+00,4.792318e+00,3.553954e+00,2.964450e+00,3.868134e+00,4.017245e+00,4.336822e+00,4.779607e+00,5.146012e+00,4.816883e+00,4.955184e+00,4.877870e+00,4.615914e+00,4.250740e+00,6.565915e+00,3.648572e+00,2.764982e+00,4.180480e+00,4.092252e+00,4.111723e+00,3.213674e+00,3.753176e+00,2.696227e+00,3.271015e+00,4.126215e+00,4.903192e+00,3.355906e+00,2.876556e+00,4.697564e+00,4.629301e+00,4.846194e+00,3.434847e+00,4.911236e+00,4.798505e+00,4.264892e+00,3.768472e+00,3.816772e+00,4.937226e+00,5.130808e+00,4.933524e+00,4.683246e+00,2.482894e+00,4.883582e+00,4.564464e+00,5.157411e+00,4.461323e+00,4.718022e+00,4.976245e+00,3.254169e+00,4.098738e+00,3.443357e+00,4.984388e+00,3.646560e+00,4.852907e+00,4.677157e+00,4.835897e+00,4.770146e+00,4.953013e+00,4.795793e+00,4.931721e+00,4.800681e+00,4.749173e+00,4.660174e+00,4.221634e+00,3.086974e+00,3.080539e+00,4.579394e+00,4.801587e+00,5.011690e+00,4.629043e+00,4.758397e+00,5.104116e+00,4.639087e+00,5.127612e+00,4.603671e+00,5.035031e+00,4.894603e+00,4.255671e+00,4.686532e+00,4.811724e+00,4.887269e+00,3.651449e+00,4.189583e+00,4.940153e+00,4.739749e+00,4.766034e+00,4.387343e+00,3.509994e+00,2.954051e+00,3.884913e+00,3.114295e+00,2.983889e+00,4.045142e+00,3.897440e+00,2.492149e+00,3.896017e+00,3.061416e+00,3.766762e+00,3.789220e+00,4.846419e+00,4.495693e+00,3.853099e+00,2.612177e+00,4.606581e+00,2.861259e+00,4.576820e+00,4.372139e+00,4.889692e+00,2.998990e+00,2.957465e+00,3.360359e+00,3.528266e+00,3.392119e+00,4.437192e+00,4.057672e+00,3.618653e+00,4.489516e+00,4.795682e+00,3.406924e+00,3.518466e+00,4.232243e+00,3.896506e+00,4.270287e+00,3.504721e+00,4.268066e+00,4.918685e+00,4.944339e+00,4.763840e+00,4.929828e+00,4.861938e+00,4.835981e+00,4.772111e+00,4.987860e+00,4.022299e+00,3.317276e+00,4.935877e+00,4.837364e+00,4.708750e+00,5.270477e+00,5.033625e+00,4.505543e+00,4.960618e+00,4.420500e+00,4.779944e+00,4.762650e+00,3.065054e+00,3.292711e+00,3.482978e+00,3.628857e+00,2.892608e+00,3.508166e+00,4.082060e+00,4.294985e+00,2.994242e+00,4.970339e+00,5.054633e+00,4.980725e+00,4.920987e+00,4.707808e+00,9.212659e+00,3.959976e+00,3.875088e+00,4.730518e+00,2.525296e+00,4.913637e+00,4.617552e+00,5.046431e+00,4.773503e+00,4.797182e+00,4.438607e+00,4.984447e+00,4.735699e+00,4.940325e+00,4.768018e+00,4.879324e+00,4.696507e+00
4.902303e+00,4.759060e+00,4.917293e+00,4.400814e+00,4.821363e+00,4.738525e+00,4.718253e+00,4.929050e+00,5.109522e+00,4.600374e+00,4.617849e+00,5.064215e+00,4.989055e+00,4.781193e+00,4.820133e+00,4.771648e+00,4.905673e+00,4.947251e+00,3.628456e+00,4.735291e+00,4.741742e+00,5.088639e+00,4.396914e+00,4.312326e+00,3.618090e+00,4.460452e+00,4.192521e+00,3.000630e+00,4.569611e+00,4.675069e+00,5.045964e+00,4.834842e+00,4.752009e+00,4.168859e+00,4.388204e+00,4.423603e+00,2.860562e+00,4.901324e+00,3.946874e+00,4.923938e+00,3.999497e+00,4.721633e+00,4.516278e+00,4.138467e+00,3.955731e+00,4.655589e+00,4.613474e+00,5.065375e+00,5.174290e+00,4.984019e+00,4.705616e+00,4.062422e+00,3.793775e+00,4.259447e+00,4.633453e+00,4.322590e+00,4.211324e+00,2.754988e+00,3.495983e+00,4.407331e+00,4.652384e+00,5.704714e+00,3.345963e+00,2.757845e+00,4.300751e+00,3.338411e+00,2.681678e+00,4.824138e+00,4.908872e+00,7.672034e+00,4.715203e+00,4.891717e+00,2.829708e+00,4.627629e+00,4.732423e+00,4.789323e+00,5.012952e+00,4.839940e+00,4.586207e+00,4.877241e+00,4.390157e+00,4.757812e+00,5.079383e+00,4.489548e+00,4.912171e+00,3.705188e+00,3.326816e+00,2.946564e+00,3.050722e+00,4.769100e+00,4.482229e+00,4.408666e+00,4.816780e+00,4.684240e+00,4.857064e+00,4.426594e+00,3.121744e+00,3.268753e+00,4.490885e+00,4.617898e+00,4.336678e+00,2.634510e+00,3.545499e+00,4.176259e+00,2.371521e+00,4.291418e+00,5.001310e+00,5.187253e+00,4.946696e+00,4.958810e+00,4.867935e+00,4.771037e+00,4.643103e+00,4.948595e+00,4.844691e+00,4.581420e+00,4.722591e+00,4.898236e+00,4.909401e+00,4.729242e+00,4.308987e+00,5.089181e+00,4.360138e+00,3.295763e+00,4.755132e+00,4.602667e+00,3.099612e+00,4.994008e+00,4.259660e+00,3.491931e+00,4.340912e+00,4.291444e+00,3.356335e+00,4.879586e+00,4.226024e+00,2.799953e+00,4.231575e+00,3.878908e+00,3.827219e+00,3.170097e+00,4.849097e+00,3.316925e+00,4.705693e+00,3.165515e+00,3.409826e+00,4.082550e+00,3.001056e+00,4.597062e+00,4.225244e+00,3.847372e+00,4.552363e+00,3.738948e+00,4.289539e+00,4.315762e+00,3.788131e+00,4.517209e+00,4.784531e+00,2.565896e+00,4.732875e+00,4.121502e+00,3.363633e+00,4.107060e+00,3.339513e+00,3.928211e+00,3.978449e+00,3.894863e+00,4.276430e+00,5.156441e+00,4.845500e+00,4.744429e+00,5.076887e+00,4.133521e+00,5.016263e+00,4.979672e+00,4.901173e+00,5.015534e+00,4.756200e+00,4.610464e+00,4.928102e+00,4.871414e+00,4.755492e+00,4.898440e+00,4.829660e+00,4.315999e+00,4.092159e+00,4.026705e+00,4.599037e+00,3.165147e+00,4.830112e+00,3.064918e+00,4.845333e+00,3.625363e+00,5.036100e+00,4.941255e+00,4.953388e+00,4.906893e+00,4.734298e+00,4.886414e+00,5.227758e+00,4.710173e+00,3.311476e+00,4.972467e+00,3.220186e+00,4.994509e+00,4.958943e+00,4.966418e+00,4.287863e+00,4.597761e+00,4.852514e+00,4.920882e+00,4.993004e+00,4.767493e+00,4.795139e+00,4.731085e+00,5.182522e+00
4.794163e+00,4.826292e+00,4.633586e+00,4.704094e+00,4.887961e+00,4.464487e+00,4.631995e+00,4.845900e+00,4.718232e+00,4.749062e+00,4.559018e+00,4.336720e+00,4.708964e+00,5.047855e+00,4.921806e+00,5.054254e+00,4.684839e+00,4.237610e+00,4.634905e+00,4.762519e+00,4.620003e+00,4.027430e+00,3.944859e+00,4.459802e+00,4.432117e+00,2.571066e+00,4.343764e+00,5.130623e+00,4.042765e+00,4.253668e+00,5.204585e+00,4.880103e+00,4.561931e+00,3.641593e+00,3.388609e+00,4.662803e+00,4.979464e+00,3.136794e+00,3.150605e+00,4.068986e+00,5.663132e+00,3.808595e+00,2.710334e+00,3.422779e+00,4.447286e+00,4.822447e+00,2.606925e+00,4.397352e+00,4.171279e+00,4.237845e+00,4.425883e+00,4.569587e+00,2.521590e+00,4.800787e+00,2.865462e+00,4.126792e+00,3.426772e+00,3.455202e+00,3.989425e+00,3.348936e+00,8.809269e+00,3.999922e+00,3.899587e+00,3.135156e+00,4.065963e+00,4.005130e+00,4.643112e+00,4.975109e+00,3.970844e+00,4.568730e+00,5.038335e+00,2.894456e+00,2.605628e+00,4.322264e+00,4.814935e+00,4.570282e+00,4.667131e+00,4.978679e+00,4.615374e+00,4.568215e+00,4.511157e+00,4.132833e+00,4.296405e+00,4.338221e+00,4.424516e+00,3.104258e+00,4.574992e+00,2.972613e+00,3.357594e+00,3.752921e+00,2.700756e+00,4.255851e+00,5.062316e+00,4.951192e+00,4.736430e+00,3.048052e+00,5.086448e+00,4.995430e+00,4.897495e+00,4.616969e+00,4.581669e+00,4.820183e+00,4.857074e+00,4.784521e+00,5.053962e+00,5.020128e+00,4.924130e+00,4.697082e+00,4.866083e+00,4.966222e+00,4.588290e+00,4.406329e+00,4.987747e+00,4.717751e+00,4.568047e+00,4.772625e+00,4.303204e+00,4.778503e+00,4.933926e+00,4.621194e+00,4.422885e+00,4.786271e+00,4.666112e+00,2.916743e+00,4.438647e+00,3.484901e+00,4.308381e+00,4.755756e+00,3.101750e+00,2.940786e+00,3.022406e+00,3.925936e+00,3.032027e+00,3.743758e+00,3.928300e+00,3.463592e+00,4.529431e+00,4.703514e+00,4.114267e+00,4.424503e+00,3.810390e+00,2.736232e+00,4.063802e+00,3.069259e+00,4.919790e+00,2.735500e+00,4.465995e+00,4.460178e+00,4.286872e+00,3.645047e+00,4.483033e+00,4.148881e+00,4.912083e+00,3.846183e+00,3.251834e+00,4.587479e+00,4.688659e+00,4.641257e+00,3.463700e+00,2.763073e+00,3.338342e+00,3.910486e+00,4.102696e+00,4.736190e+00,2.811400e+00,4.799443e+00,4.642704e+00,4.764406e+00,4.653146e+00,5.108259e+00,4.622148e+00,4.177028e+00,5.105273e+00,3.327515e+00,4.612882e+00,4.955658e+00,4.748179e+00,4.791462e+00,4.818231e+00,4.406352e+00,4.948202e+00,4.446750e+00,4.617911e+00,5.371214e+00,4.436286e+00,4.064138e+00,3.819689e+00,4.217267e+00,3.888788e+00,4.403730e+00,4.322991e+00,3.130739e+00,4.552489e+00,3.696290e+00,4.494076e+00,4.614983e+00,4.852497e+00,4.628086e+00,4.578233e+00,4.528744e+00,4.633842e+00,5.043568e+00,3.999244e+00,4.907771e+00,4.628890e+00,4.759184e+00,4.774148e+00,4.773178e+00,4.652745e+00,4.745079e+00,4.852039e+00,4.592628e+00,4.873093e+00,4.611663e+00,5.006838e+00
4.748236e+00,4.877732e+00,5.021020e+00,4.945185e+00,4.487364e+00,5.009240e+00,4.970771e+00,4.591774e+00,4.725691e+00,4.799182e+00,4.312383e+00,5.173442e+00,4.789722e+00,4.830984e+00,4.655319e+00,4.870579e+00,4.625851e+00,4.708594e+00,5.083901e+00,4.588947e+00,4.702126e+00,4.407326e+00,4.065698e+00,4.767882e+00,5.187215e+00,4.574893e+00,2.981899e+00,3.533060e+00,4.990818e+00,4.713139e+00,4.935530e+00,4.202376e+00,4.573845e+00,3.128997e+00,4.450005e+00,3.489856e+00,4.106915e+00,3.941895e+00,4.375962e+00,5.115346e+00,3.641195e+00,4.840832e+00,4.342116e+00,4.880983e+00,4.989329e+00,3.817350e+00,4.276553e+00,4.612765e+00,4.643614e+00,5.134978e+00,3.044216e+00,5.623909e+00,4.780548e+00,3.167217e+00,2.591844e+00,3.153034e+00,6.420109e+00,8.247491e+00,4.263445e+00,5.022502e+00,4.246921e+00,7.951706e+00,6.299458e+00,2.798075e+00,3.986152e+00,3.529058e+00,4.632034e+00,3.668759e+00,3.118307e+00,4.661670e+00,4.742223e+00,4.777995e+00,4.578045e+00,4.659640e+00,4.181157e+00,4.339351e+00,4.508317e+00,4.651340e+00,4.342793e+00,4.967111e+00,4.646694e+00,3.278514e+00,3.246914e+00,3.938602e+00,3.526092e+00,4.985863e+00,4.938908e+00,2.600583e+00,4.741787e+00,4.987267e+00,4.577590e+00,4.975123e+00,4.917932e+00,4.835754e+00,4.001561e+00,4.951706e+00,4.751361e+00,4.776565e+00,4.902742e+00,4.610391e+00,4.618669e+00,5.094705e+00,4.788387e+00,4.713469e+00,4.809543e+00,5.053008e+00,4.837188e+00,4.661156e+00,4.585259e+00,4.646599e+00,4.478535e+00,4.539913e+00,4.921750e+00,3.939903e+00,4.669638e+00,9.222019e+00,4.767173e+00,4.894429e+00,4.188456e+00,4.179671e+00,4.797188e+00,4.559487e+00,3.651078e+00,4.638832e+00,4.639471e+00,4.861390e+00,4.237201e+00,4.744444e+00,3.891013e+00,4.605674e+00,2.603656e+00,3.218393e+00,3.093471e+00,4.315804e+00,2.969909e+00,3.850139e+00,3.834596e+00,2.799128e+00,3.871460e+00,4.515086e+00,4.112144e+00,3.148516e+00,3.551119e+00,4.427354e+00,3.152840e+00,3.963663e+00,3.354124e+00,3.209664e+00,4.130942e+00,4.008343e+00,4.154273e+00,3.968322e+00,4.809824e+00,3.444264e+00,5.499916e+00,3.496794e+00,4.947788e+00,4.034568e+00,3.175696e+00,4.257587e+00,3.657444e+00,4.241126e+00,4.774252e+00,4.207605e+00,2.650762e+00,4.840539e+00,4.784899e+00,4.313950e+00,3.116325e+00,4.639409e+00,4.740712e+00,4.299351e+00,4.442939e+00,5.008217e+00,5.033870e+00,4.600561e+00,4.853219e+00,3.192568e+00,3.853441e+00,2.837125e+00,4.064105e+00,3.979327e+00,2.991381e+00,2.929498e+00,3.537828e+00,4.136185e+00,4.441709e+00,4.526030e+00,4.201672e+00,4.883394e+00,4.570838e+00,3.522679e+00,4.594279e+00,3.547300e+00,5.045051e+00,5.029838e+00,4.864473e+00,5.019250e+00,4.269786e+00,3.773635e+00,4.340433e+00,4.591630e+00,3.247862e+00,4.870455e+00,4.823082e+00,4.936512e+00,4.718356e+00,4.844686e+00,4.665594e+00,4.902894e+00,4.629591e+00,4.665113e+00,4.775180e+00,4.985158e+00,4.947075e+00
4.407568e+00,4.779326e+00,5.008006e+00,4.728496e+00,4.957471e+00,4.867097e+00,4.658031e+00,4.866410e+00,4.455274e+00,4.423200e+00,4.670979e+00,5.081882e+00,5.011754e+00,4.967601e+00,4.831230e+00,4.755306e+00,4.817812e+00,4.668503e+00,4.567066e+00,4.529112e+00,4.872032e+00,3.522618e+00,3.907168e+00,3.238485e+00,3.046684e+00,4.560790e+00,4.445037e+00,4.237170e+00,4.771456e+00,4.844823e+00,4.794707e+00,3.095772e+00,4.226749e+00,4.355536e+00,4.675171e+00,4.625208e+00,4.824877e+00,3.184275e+00,2.638291e+00,4.243940e+00,4.689778e+00,3.090790e+00,4.826120e+00,4.511770e+00,4.789623e+00,4.933894e+00,5.038308e+00,4.696375e+00,4.568255e+00,2.641599e+00,2.997635e+00,3.749456e+00,3.852126e+00,3.587721e+00,3.327635e+00,4.723986e+00,3.342843e+00,6.281119e+00,3.625584e+00,2.830866e+00,4.323880e+00,5.769399e+00,4.834969e+00,3.699968e+00,4.406310e+00,4.499327e+00,4.721626e+00,4.897288e+00,2.884783e+00,4.695133e+00,4.964793e+00,4.398244e+00,2.640407e+00,4.115205e+00,4.438938e+00,3.200111e+00,4.205223e+00,3.667096e+00,3.087224e+00,3.604305e+00,3.364912e+00,4.315199e+00,2.751371e+00,7.710794e+00,3.754818e+00,3.083593e+00,4.650902e+00,3.446533e+00,3.781881e+00,3.308958e+00,4.872994e+00,4.989289e+00,4.949054e+00,2.472701e+00,4.658548e+00,4.638171e+00,4.771827e+00,4.751622e+00,4.491921e+00,4.479572e+00,4.865776e+00,4.838835e+00,4.895608e+00,4.643447e+00,8.071720e+00,5.180132e+00,4.127907e+00,3.640317e+00,2.874899e+00,4.661810e+00,4.000492e+00,4.685185e+00,4.929592e+00,4.678977e+00,2.656988e+00,8.563083e+00,4.687962e+00,4.443307e+00,4.122432e+00,4.778818e+00,3.891103e+00,4.097447e+00,4.502996e+00,4.262345e+00,4.017999e+00,3.039309e+00,3.157490e+00,3.457591e+00,4.427993e+00,3.583276e+00,4.512099e+00,3.049408e+00,4.799344e+00,2.948162e+00,4.567904e+00,4.081881e+00,5.389057e+00,2.638829e+00,2.582640e+00,4.194607e+00,5.048214e+00,3.620286e+00,4.882115e+00,2.864544e+00,3.024884e+00,3.319285e+00,3.507685e+00,4.142485e+00,4.790614e+00,4.147190e+00,2.777888e+00,4.733822e+00,3.047667e+00,3.450965e+00,4.155609e+00,4.728819e+00,4.879565e+00,4.920602e+00,3.250865e+00,3.601828e+00,3.853897e+00,3.008410e+00,4.520962e+00,4.340307e+00,5.190126e+00,4.594362e+00,4.642201e+00,4.667041e+00,4.162173e+00,4.544500e+00,4.544316e+00,5.069124e+00,3.579262e+00,4.743322e+00,4.075414e+00,4.138439e+00,4.811678e+00,4.143815e+00,4.600560e+00,2.728126e+00,2.941032e+00,4.839200e+00,3.570441e+00,4.291330e+00,4.180972e+00,4.864224e+00,4.857499e+00,4.064549e+00,4.479997e+00,4.138953e+00,3.765762e+00,4.331230e+00,4.617916e+00,5.152556e+00,4.764410e+00,4.640371e+00,4.706231e+00,4.908588e+00,4.008165e+00,3.974080e+00,4.442152e+00,5.085203e+00,3.324490e+00,4.575091e+00,4.661957e+00,4.794354e+00,4.891910e+00,4.748273e+00,4.850902e+00,5.022339e+00,4.896233e+00,4.884002e+00,4.557943e+00,4.602652e+00,4.898448e+00
5.017208e+00,4.772550e+00,4.920630e+00,4.903057e+00,4.176618e+00,4.841096e+00,4.889321e+00,4.592464e+00,4.906961e+00,5.014831e+00,4.591786e+00,5.001957e+00,4.597792e+00,4.989898e+00,4.993941e+00,5.043638e+00,4.673692e+00,4.878799e+00,3.960545e+00,4.529167e+00,4.758283e+00,4.428468e+00,3.700506e+00,3.744386e+00,4.160610e+00,4.506654e+00,4.208650e+00,3.952501e+00,4.988841e+00,4.836695e+00,4.682003e+00,2.894793e+00,4.440193e+00,2.604240e+00,4.377707e+00,4.155224e+00,3.274557e+00,4.700450e+00,4.602815e+00,2.591414e+00,4.487849e+00,3.890823e+00,4.207257e+00,5.216251e+00,4.351367e+00,3.169926e+00,4.918890e+00,4.943637e+00,4.340834e+00,2.637363e+00,2.890617e+00,2.436931e+00,3.684615e+00,3.454549e+00,5.405475e+00,4.076440e+00,3.384883e+00,2.297639e+00,2.859896e+00,4.458757e+00,3.455056e+00,2.933185e+00,4.833103e+00,4.646658e+00,4.868870e+00,4.962617e+00,4.835429e+00,2.506684e+00,4.839408e+00,3.026416e+00,7.168900e+00,4.513768e+00,3.471864e+00,4.335934e+00,4.158786e+00,4.099005e+00,3.585097e+00,2.189144e+00,4.826042e+00,1.039586e+01,8.914648e+00,5.366132e+00,1.026079e+01,5.457681e+00,4.804295e+00,3.185451e+00,2.957529e+00,4.558185e+00,2.843493e+00,2.871086e+00,4.803817e+00,4.997104e+00,4.799685e+00,2.630167e+00,4.984511e+00,3.944416e+00,4.009020e+00,5.143567e+00,4.638396e+00,4.587160e+00,4.790546e+00,2.776441e+00,4.891313e+00,2.857476e+00,3.028099e+00,4.493130e+00,4.416001e+00,9.347078e+00,4.617824e+00,4.478847e+00,4.115349e+00,4.704985e+00,4.938254e+00,4.562134e+00,4.128411e+00,3.205418e+00,4.142301e+00,4.561314e+00,4.797030e+00,2.777661e+00,3.444371e+00,2.447889e+00,4.625781e+00,4.248294e+00,3.214897e+00,4.734749e+00,3.858752e+00,4.445075e+00,3.362668e+00,4.994433e+00,2.905385e+00,2.408006e+00,4.593518e+00,2.780495e+00,2.762769e+00,6.449627e+00,3.451718e+00,8.407524e+00,3.723973e+00,4.011614e+00,3.617165e+00,3.318274e+00,4.643955e+00,3.573171e+00,3.672508e+00,4.978699e+00,4.019017e+00,4.696980e+00,3.243682e+00,2.671028e+00,4.180616e+00,2.926460e+00,3.301303e+00,3.255794e+00,3.574477e+00,4.065515e+00,4.983951e+00,4.628398e+00,4.482240e+00,4.157301e+00,3.013817e+00,2.565177e+00,3.401722e+00,2.862494e+00,4.053152e+00,4.721348e+00,4.532762e+00,4.739660e+00,4.456981e+00,3.743208e+00,2.871924e+00,3.635604e+00,4.221455e+00,4.304316e+00,3.296896e+00,3.486329e+00,3.569696e+00,3.535090e+00,3.627771e+00,5.458891e+00,4.388975e+00,3.794429e+00,4.212781e+00,3.283635e+00,4.316649e+00,4.397922e+00,3.539369e+00,4.634867e+00,4.301090e+00,3.160208e+00,3.362140e+00,4.440671e+00,4.304798e+00,4.450737e+00,4.831947e+00,5.058551e+00,4.972486e+00,4.741566e+00,4.116476e+00,3.928951e+00,4.943191e+00,4.728983e+00,4.816672e+00,4.662671e+00,5.032182e+00,4.827135e+00,4.811515e+00,4.632875e+00,4.631364e+00,4.721236e+00,4.950035e+00,4.608392e+00,4.797947e+00,4.926173e+00,5.002770e+00
4.840311e+00,4.713929e+00,4.821961e+00,4.899151e+00,4.909756e+00,4.460997e+00,4.710711e+00,5.102574e+00,4.570563e+00,4.395213e+00,4.550967e+00,4.687843e+00,4.373469e+00,4.561721e+00,4.681053e+00,4.584753e+00,4.829431e+00,4.391752e+00,4.170012e+00,3.650837e+00,4.091956e+00,4.249450e+00,4.505725e+00,4.514494e+00,3.613462e+00,4.116681e+00,4.548969e+00,3.762898e+00,4.340959e+00,4.926536e+00,5.339497e+00,4.555014e+00,3.010234e+00,3.087328e+00,4.355606e+00,3.669568e+00,3.848838e+00,2.569690e+00,3.433704e+00,2.949645e+00,4.594113e+00,4.790710e+00,4.803994e+00,4.867362e+00,4.178974e+00,4.720617e+00,4.480112e+00,3.868105e+00,4.448441e+00,2.645585e+00,2.773485e+00,2.887725e+00,4.658428e+00,4.010662e+00,2.744217e+00,4.117722e+00,3.575800e+00,2.480023e+00,5.479425e+00,4.025441e+00,5.138562e+00,3.349950e+00,4.351150e+00,2.735028e+00,5.006520e+00,4.994597e+00,4.742516e+00,4.754544e+00,4.362576e+00,3.710192e+00,8.433934e+00,4.286009e+00,2.897214e+00,3.067458e+00,3.692817e+00,4.736319e+00,4.513153e+00,4.358166e+00,2.141086e+00,4.802690e+00,3.679479e+00,2.863700e+00,9.236496e+00,3.163485e+00,3.391573e+00,3.466502e+00,3.557748e+00,2.651100e+00,4.517528e+00,4.415078e+00,5.151802e+00,4.770824e+00,5.109265e+00,4.799508e+00,4.779374e+00,4.351763e+00,4.588445e+00,4.507878e+00,5.023488e+00,3.226208e+00,4.033718e+00,3.930868e+00,3.190261e+00,4.134454e+00,4.009293e+00,3.060625e+00,8.940673e+00,3.090146e+00,3.311774e+00,3.000229e+00,4.737865e+00,4.073221e+00,4.786188e+00,4.712116e+00,7.530424e+00,7.173069e+00,5.439518e+00,2.492328e+00,3.074838e+00,3.269059e+00,3.248368e+00,4.273232e+00,3.792993e+00,4.666820e+00,3.170558e+00,3.841453e+00,4.356606e+00,4.908612e+00,4.024388e+00,4.512271e+00,2.952755e+00,3.107701e+00,2.640443e+00,2.503339e+00,4.715070e+00,4.975192e+00,4.171645e+00,4.631472e+00,4.577354e+00,4.785795e+00,2.626450e+00,3.982337e+00,3.880807e+00,2.904820e+00,3.829212e+00,3.472845e+00,3.350659e+00,2.573286e+00,4.840515e+00,4.612987e+00,4.878272e+00,3.760709e+00,3.846068e+00,3.052364e+00,3.178080e+00,4.185017e+00,4.638927e+00,4.590023e+00,4.920964e+00,3.204525e+00,3.739902e+00,3.984505e+00,3.934179e+00,4.444823e+00,4.699179e+00,3.009364e+00,5.009070e+00,4.629167e+00,2.838897e+00,2.746228e+00,2.983149e+00,3.908456e+00,4.761838e+00,2.847257e+00,3.055576e+00,4.542914e+00,3.914948e+00,4.167562e+00,4.145001e+00,3.668494e+00,4.865381e+00,4.836094e+00,3.614042e+00,4.075916e+00,3.339966e+00,3.365424e+00,3.979408e+00,4.189527e+00,3.646245e+00,3.216236e+00,3.576190e+00,3.377195e+00,3.846005e+00,4.592506e+00,4.784510e+00,5.024051e+00,4.695758e+00,4.959847e+00,3.738030e+00,4.038965e+00,4.336062e+00,4.663255e+00,4.949054e+00,4.649966e+00,4.727882e+00,4.743294e+00,4.926421e+00,4.841236e+00,4.850443e+00,4.569544e+00,4.653541e+00,4.773563e+00,5.009019e+00,4.955417e+00,4.845390e+00
4.799077e+00,4.744257e+00,4.760060e+00,4.789727e+00,5.110817e+00,4.784069e+00,4.766867e+00,4.143691e+00,4.495611e+00,4.744813e+00,4.978971e+00,4.806684e+00,4.832755e+00,4.937271e+00,4.879763e+00,5.202453e+00,4.309598e+00,4.257325e+00,4.638597e+00,3.494501e+00,4.171357e+00,4.145308e+00,2.943205e+00,3.148018e+00,2.813693e+00,2.894212e+00,4.041013e+00,4.373311e+00,4.964491e+00,5.029833e+00,4.563684e+00,2.747418e+00,4.747001e+00,3.743504e+00,4.561492e+00,3.431196e+00,3.973547e+00,3.736612e+00,3.829341e+00,4.415414e+00,4.003176e+00,4.894420e+00,4.201830e+00,4.643478e+00,3.754954e+00,4.463436e+00,4.502167e+00,2.574884e+00,4.563319e+00,5.402375e+00,3.365497e+00,4.803280e+00,4.005976e+00,4.641182e+00,3.410712e+00,3.089206e+00,3.463557e+00,4.836196e+00,4.420974e+00,4.289082e+00,4.478456e+00,3.963267e+00,4.607486e+00,3.212104e+00,3.127539e+00,4.854844e+00,4.603993e+00,4.050538e+00,4.858152e+00,6.216230e+00,2.891121e+00,3.326994e+00,3.025257e+00,4.025726e+00,4.851426e+00,4.399443e+00,4.294293e+00,3.440074e+00,3.536702e+00,4.046951e+00,6.626069e+00,3.378286e+00,3.215439e+00,3.117189e+00,3.506388e+00,4.080665e+00,3.125944e+00,4.391385e+00,4.872042e+00,4.776149e+00,4.841880e+00,4.804828e+00,4.616557e+00,4.014824e+00,3.363668e+00,4.847528e+00,4.133623e+00,3.528244e+00,3.623600e+00,4.291584e+00,4.566054e+00,2.655994e+00,4.649698e+00,4.640072e+00,3.268068e+00,2.656536e+00,2.931927e+00,3.698044e+00,5.012859e+00,3.143265e+00,4.462697e+00,4.993653e+00,5.032153e+00,4.594449e+00,3.016670e+00,3.266077e+00,1.021257e+01,2.694165e+00,4.719283e+00,4.311618e+00,2.437153e+00,4.215853e+00,4.844249e+00,4.660470e+00,4.790334e+00,4.403264e+00,3.658699e+00,4.139279e+00,4.027377e+00,2.870397e+00,3.343604e+00,4.615697e+00,2.615982e+00,3.230358e+00,3.776320e+00,2.531231e+00,6.309742e+00,9.324793e+00,5.369735e+00,4.856711e+00,3.423100e+00,3.048983e+00,4.744646e+00,3.252053e+00,2.957980e+00,3.775067e+00,4.670564e+00,4.081859e+00,4.155884e+00,3.626721e+00,4.853611e+00,4.818333e+00,3.713994e+00,3.087226e+00,3.032052e+00,3.373803e+00,5.067933e+00,4.902515e+00,3.530044e+00,3.460562e+00,3.387955e+00,4.606780e+00,4.089984e+00,4.570989e+00,3.003536e+00,2.674136e+00,2.547410e+00,4.434736e+00,4.775936e+00,3.250437e+00,4.551555e+00,3.895816e+00,3.564641e+00,4.260250e+00,3.016658e+00,3.431364e+00,3.759843e+00,2.973933e+00,4.013665e+00,3.807454e+00,2.721364e+00,4.569576e+00,3.338148e+00,3.879963e+00,3.361448e+00,3.783968e+00,4.092492e+00,4.526220e+00,4.600230e+00,9.241277e+00,3.151673e+00,3.937847e+00,4.699056e+00,4.384246e+00,5.046039e+00,4.917367e+00,4.932426e+00,4.823335e+00,4.072648e+00,4.478287e+00,4.243506e+00,4.549469e+00,4.585661e+00,4.966808e+00,4.731341e+00,4.780830e+00,4.948289e+00,4.525194e+00,4.971033e+00,4.884048e+00,4.655913e+00,4.460450e+00,4.441270e+00,4.342344e+00,4.875026e+00
4.656687e+00,4.930220e+00,4.927115e+00,4.923726e+00,4.422888e+00,4.503957e+00,4.945510e+00,4.927234e+00,4.975235e+00,4.877371e+00,3.229706e+00,4.651806e+00,5.014863e+00,4.939526e+00,4.938078e+00,4.781750e+00,4.683358e+00,4.951897e+00,4.821040e+00,4.882751e+00,4.789668e+00,3.567693e+00,3.241706e+00,3.845247e+00,3.753858e+00,4.052191e+00,4.357692e+00,3.861900e+00,4.471217e+00,5.101675e+00,5.139939e+00,3.313638e+00,4.997839e+00,6.493824e+00,3.800997e+00,4.484587e+00,2.794975e+00,5.621638e+00,3.063341e+00,4.192225e+00,4.455193e+00,4.710986e+00,5.035967e+00,3.130986e+00,4.137996e+00,5.054409e+00,4.081471e+00,3.789049e+00,5.227694e+00,4.059130e+00,3.311966e+00,3.247390e+00,3.676945e+00,7.603640e+00,4.361350e+00,5.176712e+00,3.740476e+00,2.472316e+00,2.708213e+00,3.590030e+00,3.697645e+00,4.150931e+00,4.309036e+00,4.744439e+00,4.420479e+00,4.308888e+00,2.616631e+00,4.775660e+00,3.350567e+00,3.323475e+00,4.818697e+00,3.672354e+00,4.633818e+00,4.466235e+00,3.190353e+00,3.699798e+00,3.309386e+00,3.429490e+00,4.149405e+00,4.577560e+00,4.394170e+00,2.376156e+00,4.098541e+00,3.314589e+00,4.877022e+00,4.794593e+00,4.105990e+00,4.890316e+00,4.064333e+00,4.882585e+00,4.972963e+00,4.692627e+00,4.834009e+00,4.974203e+00,4.956146e+00,4.702649e+00,3.909012e+00,4.690251e+00,9.231134e+00,3.856301e+00,4.851637e+00,2.829849e+00,4.852211e+00,4.422414e+00,2.737932e+00,4.483983e+00,2.675460e+00,4.227068e+00,2.635290e+00,2.844329e+00,4.734271e+00,4.083580e+00,4.709654e+00,5.169381e+00,4.248616e+00,3.247754e+00,3.085205e+00,4.638994e+00,4.507607e+00,4.420870e+00,4.590613e+00,3.348729e+00,4.276791e+00,3.927288e+00,3.182007e+00,2.636237e+00,3.117591e+00,4.573770e+00,3.583323e+00,2.765723e+00,5.093506e+00,2.296971e+00,3.523945e+00,4.028564e+00,8.205593e+00,3.140120e+00,3.492576e+00,6.524048e+00,6.805071e+00,4.675491e+00,3.990671e+00,6.757916e+00,3.632294e+00,4.592666e+00,3.944263e+00,3.077779e+00,2.766000e+00,2.803940e+00,4.460401e+00,4.936907e+00,4.315256e+00,4.275782e+00,3.340953e+00,3.116239e+00,3.506426e+00,4.304881e+00,4.977784e+00,4.977765e+00,3.181031e+00,3.804234e+00,4.239677e+00,3.402077e+00,2.709242e+00,2.647981e+00,4.308853e+00,3.182363e+00,3.922617e+00,2.767858e+00,2.778536e+00,4.110763e+00,4.627988e+00,4.171802e+00,3.180438e+00,4.814876e+00,2.867471e+00,2.776234e+00,2.542488e+00,5.979640e+00,3.367606e+00,4.099943e+00,3.959684e+00,4.038688e+00,4.222295e+00,4.073961e+00,4.028898e+00,4.297225e+00,2.734327e+00,4.198271e+00,4.472089e+00,3.605886e+00,4.394445e+00,4.392624e+00,4.786134e+00,4.718204e+00,4.177134e+00,5.069534e+00,5.028646e+00,4.945087e+00,4.238236e+00,3.580648e+00,3.857805e+00,4.473969e+00,4.929897e+00,4.842716e+00,4.895195e+00,4.900182e+00,4.780832e+00,4.950764e+00,4.703913e+00,4.658722e+00,4.183728e+00,4.656685e+00,5.020365e+00,4.726689e+00,5.011788e+00
4.466297e+00,4.632924e+00,4.870232e+00,4.917395e+00,4.763417e+00,4.727695e+00,4.639359e+00,4.004962e+00,4.956523e+00,3.646242e+00,5.022000e+00,4.965128e+00,4.915568e+00,4.805907e+00,4.980433e+00,4.824094e+00,4.662018e+00,4.448080e+00,4.604216e+00,4.165070e+00,4.763678e+00,4.196780e+00,3.919160e+00,5.062746e+00,4.305685e+00,4.130770e+00,4.121203e+00,3.856129e+00,4.996416e+00,5.062244e+00,4.709211e+00,3.303005e+00,3.304792e+00,3.769936e+00,3.872060e+00,2.732205e+00,3.807309e+00,4.952974e+00,3.182892e+00,4.529266e+00,4.707263e+00,4.843249e+00,3.946993e+00,3.542253e+00,4.256388e+00,2.940980e+00,8.092871e+00,4.915653e+00,5.617571e+00,4.481322e+00,4.671691e+00,9.272399e+00,2.898903e+00,3.036114e+00,3.508407e+00,3.363357e+00,3.889511e+00,4.002027e+00,3.330675e+00,3.632431e+00,3.702996e+00,2.825526e+00,4.790457e+00,4.778607e+00,4.032902e+00,3.535538e+00,4.731838e+00,3.905932e+00,3.642993e+00,4.630259e+00,3.490149e+00,4.431769e+00,3.032530e+00,3.595682e+00,2.784678e+00,2.830846e+00,4.344671e+00,3.433017e+00,4.658619e+00,4.315999e+00,3.665944e+00,4.667177e+00,4.746871e+00,4.668108e+00,4.702719e+00,4.916797e+00,4.788777e+00,4.600173e+00,4.765989e+00,4.673932e+00,4.906697e+00,4.835125e+00,4.381796e+00,3.499301e+00,3.919120e+00,3.954462e+00,5.028873e+00,3.736002e+00,3.015986e+00,3.910798e+00,2.745148e+00,2.716236e+00,2.599364e+00,3.539589e+00,4.153281e+00,2.326477e+00,3.284793e+00,4.719225e+00,3.974563e+00,4.352110e+00,4.414531e+00,4.937608e+00,4.833482e+00,4.540034e+00,4.268007e+00,4.532265e+00,4.165035e+00,2.760188e+00,3.414499e+00,4.301164e+00,3.169051e+00,4.386861e+00,4.143598e+00,2.592791e+00,4.367569e+00,3.701937e+00,4.317944e+00,3.632291e+00,3.052697e+00,4.385909e+00,4.723774e+00,4.156593e+00,4.292727e+00,4.279089e+00,3.885691e+00,9.222617e+00,3.651110e+00,4.203232e+00,3.792126e+00,3.050964e+00,5.345700e+00,4.513646e+00,5.863750e+00,3.150080e+00,3.259100e+00,4.273988e+00,4.751354e+00,4.240342e+00,3.041041e+00,3.703368e+00,3.157739e+00,3.956251e+00,3.404304e+00,4.622031e+00,4.341623e+00,4.617499e+00,4.651552e+00,5.022717e+00,4.043793e+00,4.107133e+00,4.516685e+00,4.893544e+00,2.814746e+00,4.206094e+00,3.033278e+00,3.146244e+00,4.173698e+00,4.808798e+00,4.456827e+00,4.439633e+00,4.256302e+00,5.627224e+00,3.383230e+00,3.208136e+00,3.108485e+00,4.570546e+00,3.476816e+00,2.981325e+00,2.424817e+00,4.233686e+00,2.996391e+00,7.203255e+00,2.985410e+00,3.413664e+00,2.852471e+00,4.001422e+00,4.834670e+00,3.198908e+00,5.052403e+00,3.932803e+00,3.686425e+00,4.605687e+00,4.721238e+00,4.526769e+00,4.307481e+00,4.434337e+00,4.968288e+00,4.468270e+00,4.095961e+00,3.348742e+00,3.884584e+00,4.756190e+00,4.790593e+00,4.906611e+00,4.880849e+00,4.637284e+00,4.848148e+00,4.886925e+00,4.939252e+00,4.836609e+00,4.787660e+00,4.517030e+00,4.644945e+00,5.031880e+00,4.796025e+00
4.792298e+00,4.857479e+00,4.810249e+00,4.753081e+00,4.895902e+00,4.781379e+00,4.908996e+00,4.793460e+00,4.736304e+00,4.203706e+00,3.657180e+00,4.537867e+00,5.023322e+00,4.843089e+00,4.943391e+00,4.876852e+00,5.058050e+00,4.633117e+00,4.519864e+00,4.335146e+00,3.625525e+00,4.206519e+00,4.086543e+00,4.532437e+00,2.592232e+00,4.038446e+00,5.263390e+00,3.682786e+00,4.429509e+00,4.753303e+00,4.978854e+00,3.723535e+00,2.895947e+00,4.348787e+00,2.934770e+00,4.349285e+00,4.340885e+00,3.262411e+00,4.611185e+00,4.017283e+00,4.272061e+00,3.895016e+00,4.229981e+00,4.968750e+00,4.930239e+00,3.281936e+00,4.410408e+00,3.500324e+00,4.428502e+00,4.426417e+00,4.141051e+00,3.680405e+00,4.079503e+00,3.923826e+00,4.137538e+00,3.398000e+00,3.708334e+00,4.379327e+00,2.860751e+00,4.392191e+00,4.854048e+00,2.954672e+00,4.928113e+00,4.753149e+00,5.133057e+00,4.780592e+00,5.003790e+00,4.479850e+00,4.449569e+00,4.258745e+00,3.506160e+00,3.867414e+00,4.559871e+00,3.451486e+00,4.555307e+00,3.090406e+00,3.094457e+00,4.455860e+00,3.523798e+00,4.612980e+00,4.780879e+00,4.080996e+00,4.716037e+00,4.955312e+00,5.037194e+00,4.387963e+00,4.931403e+00,4.778510e+00,4.677769e+00,4.495913e+00,4.610893e+00,4.330264e+00,3.409445e+00,3.428378e+00,9.262257e+00,nan,4.435316e+00,2.709577e+00,3.649734e+00,2.325000e+00,4.216085e+00,4.213803e+00,4.485123e+00,4.576902e+00,2.672674e+00,3.892613e+00,4.143833e+00,4.470626e+00,3.808680e+00,3.804569e+00,4.641392e+00,5.023473e+00,4.002214e+00,4.964350e+00,3.729459e+00,3.299960e+00,3.493792e+00,3.589161e+00,3.632471e+00,4.340787e+00,3.205205e+00,3.038308e+00,3.183495e+00,3.116870e+00,3.916243e+00,3.783113e+00,4.195246e+00,4.658802e+00,3.418308e+00,3.270088e+00,2.844842e+00,2.568170e+00,4.597658e+00,2.837396e+00,5.898908e+00,4.287781e+00,3.470317e+00,3.730769e+00,4.498150e+00,3.774232e+00,3.654701e+00,8.117673e+00,4.685088e+00,3.135178e+00,4.103251e+00,5.165168e+00,3.599247e+00,3.891147e+00,4.392404e+00,4.129724e+00,4.346094e+00,4.706029e+00,4.456711e+00,5.288889e+00,3.578782e+00,3.290065e+00,4.602582e+00,4.564169e+00,2.971199e+00,2.671737e+00,3.114102e+00,3.739310e+00,4.794484e+00,5.005091e+00,3.728794e+00,3.754010e+00,2.708175e+00,4.195472e+00,2.702380e+00,2.591135e+00,3.085628e+00,2.964450e+00,3.459747e+00,3.641897e+00,4.479349e+00,4.404138e+00,2.789141e+00,3.733668e+00,3.692563e+00,3.870479e+00,3.304041e+00,4.843047e+00,3.160538e+00,4.707487e+00,4.202488e+00,3.896741e+00,4.849016e+00,3.125841e+00,4.217510e+00,3.207112e+00,4.337604e+00,3.629398e+00,4.020425e+00,5.054430e+00,4.905821e+00,4.731043e+00,4.893939e+00,4.982904e+00,4.194858e+00,4.458584e+00,3.639704e+00,4.648678e+00,4.738232e+00,5.033330e+00,4.976349e+00,4.534062e+00,4.401554e+00,4.820474e+00,4.850268e+00,4.930414e+00,5.062502e+00,4.831694e+00,4.819213e+00,4.580802e+00,4.776602e+00
4.945371e+00,4.736647e+00,4.822261e+00,4.168259e+00,4.376290e+00,4.953756e+00,4.815632e+00,4.708906e+00,4.231963e+00,4.536708e+00,2.936587e+00,4.959147e+00,4.873150e+00,4.996448e+00,4.811183e+00,5.032332e+00,4.965953e+00,4.174003e+00,4.993598e+00,4.819391e+00,4.286649e+00,4.585408e+00,3.085922e+00,4.421535e+00,3.037098e+00,3.649178e+00,4.039472e+00,7.701469e+00,4.920828e+00,4.872009e+00,4.028119e+00,4.547437e+00,4.046245e+00,3.249545e+00,3.859113e+00,3.921459e+00,3.939734e+00,4.620791e+00,4.156240e+00,2.947769e+00,4.299690e+00,2.586358e+00,4.722401e+00,4.938034e+00,4.669168e+00,3.514041e+00,3.388667e+00,3.991321e+00,3.194883e+00,4.159103e+00,2.691273e+00,2.784809e+00,4.008988e+00,4.589289e+00,3.596324e+00,2.504250e+00,2.799418e+00,4.154784e+00,3.802242e+00,4.589489e+00,4.678298e+00,4.404501e+00,3.927515e+00,9.079426e+00,4.738865e+00,4.847099e+00,3.897000e+00,2.468925e+00,3.615129e+00,4.345805e+00,2.569527e+00,4.635260e+00,3.481948e+00,4.476940e+00,3.610255e+00,5.196615e+00,2.929385e+00,2.439661e+00,4.732569e+00,3.359529e+00,4.257891e+00,3.919403e+00,4.707652e+00,5.198402e+00,4.624092e+00,4.756782e+00,3.334665e+00,4.943169e+00,4.698012e+00,4.248209e+00,4.395926e+00,4.551994e+00,5.431297e+00,4.763914e+00,6.745215e+00,5.967713e+00,3.809652e+00,2.687964e+00,3.391535e+00,3.382445e+00,2.518212e+00,4.367448e+00,4.204850e+00,3.024504e+00,4.612762e+00,4.857041e+00,4.623160e+00,4.284733e+00,4.743374e+00,4.641466e+00,4.063463e+00,3.137738e+00,3.913317e+00,3.642991e+00,4.445460e+00,3.686410e+00,3.762155e+00,4.187807e+00,2.811303e+00,4.367782e+00,2.826276e+00,3.756368e+00,3.886259e+00,4.092984e+00,3.980210e+00,3.298981e+00,2.677587e+00,4.261687e+00,3.857326e+00,4.306566e+00,3.527006e+00,4.312018e+00,3.095809e+00,3.934063e+00,3.840458e+00,2.891999e+00,4.323221e+00,3.900471e+00,4.323096e+00,3.730992e+00,4.179857e+00,2.759326e+00,4.465745e+00,8.465678e+00,2.624791e+00,2.886226e+00,3.011721e+00,2.769666e+00,3.241914e+00,4.691860e+00,4.424787e+00,5.243849e+00,3.824033e+00,3.679288e+00,4.296544e+00,3.401273e+00,3.784146e+00,4.943434e+00,5.543596e+00,3.672997e+00,3.034977e+00,3.207520e+00,4.291973e+00,2.591248e+00,3.374850e+00,4.584077e+00,4.618468e+00,2.731574e+00,3.419882e+00,3.754316e+00,4.412340e+00,4.713209e+00,2.867407e+00,3.407868e+00,3.141202e+00,3.839966e+00,4.692332e+00,5.497513e+00,4.859579e+00,3.500040e+00,3.430587e+00,4.774555e+00,4.319397e+00,4.378741e+00,4.192436e+00,4.941581e+00,4.108474e+00,2.854308e+00,3.676336e+00,4.739462e+00,4.626633e+00,4.747292e+00,4.681558e+00,3.845597e+00,4.966811e+00,4.887301e+00,4.947839e+00,4.970802e+00,3.646681e+00,3.089661e+00,3.798250e+00,4.679205e+00,4.695427e+00,4.738850e+00,4.721048e+00,4.814717e+00,4.517100e+00,4.879862e+00,4.893578e+00,5.008973e+00,5.140590e+00,4.866528e+00,5.142389e+00,4.924294e+00,5.014677e+00
4.861345e+00,4.689321e+00,4.765495e+00,4.910005e+00,4.848226e+00,4.599276e+00,4.765303e+00,4.302423e+00,4.262864e+00,4.952980e+00,4.792871e+00,5.076281e+00,4.721596e+00,4.929042e+00,4.757940e+00,4.362158e+00,4.599415e+00,4.478866e+00,4.490095e+00,4.202644e+00,4.248532e+00,4.569189e+00,3.596814e+00,3.357275e+00,3.143172e+00,3.601993e+00,3.141218e+00,3.862357e+00,4.386972e+00,4.928511e+00,4.780153e+00,3.118958e+00,3.499496e+00,3.704266e+00,4.662151e+00,3.228614e+00,7.136407e+00,4.752106e+00,4.324266e+00,3.891475e+00,3.654131e+00,2.761289e+00,4.950928e+00,3.264381e+00,4.107680e+00,3.845318e+00,4.874221e+00,4.370217e+00,4.034139e+00,4.708080e+00,3.273684e+00,3.208497e+00,3.610675e+00,4.754727e+00,3.426886e+00,3.816973e+00,4.407344e+00,4.482931e+00,4.544904e+00,4.473818e+00,2.926532e+00,4.917988e+00,3.084747e+00,3.055418e+00,4.679498e+00,4.814724e+00,3.972058e+00,3.737171e+00,3.392550e+00,4.867657e+00,3.801465e+00,3.126537e+00,3.413492e+00,4.102981e+00,2.670082e+00,4.252288e+00,3.868111e+00,4.597579e+00,4.111530e+00,4.793316e+00,5.000796e+00,5.038972e+00,4.987415e+00,4.325835e+00,3.654275e+00,4.052416e+00,4.697326e+00,3.330449e+00,3.516770e+00,3.702713e+00,3.012767e+00,4.723410e+00,3.299263e+00,3.753292e+00,5.145460e+00,3.978685e+00,3.209707e+00,2.920575e+00,3.185729e+00,4.255709e+00,4.215922e+00,3.296372e+00,4.432680e+00,4.841433e+00,4.624432e+00,4.806016e+00,4.366594e+00,4.158870e+00,3.891263e+00,4.434157e+00,4.552377e+00,3.904248e+00,3.371417e+00,4.557492e+00,4.969484e+00,4.389673e+00,3.686703e+00,2.936222e+00,4.561820e+00,2.912193e+00,4.592909e+00,4.495243e+00,5.190566e+00,4.045493e+00,3.730146e+00,4.874502e+00,3.486782e+00,2.955648e+00,4.165331e+00,2.994692e+00,4.686484e+00,3.944283e+00,4.835966e+00,9.117662e+00,3.267521e+00,2.962018e+00,4.161326e+00,3.860245e+00,2.725242e+00,3.418902e+00,9.281522e+00,5.384096e+00,3.224648e+00,2.528703e+00,4.221912e+00,4.381946e+00,3.295522e+00,4.750766e+00,2.819842e+00,4.479801e+00,3.312998e+00,4.488279e+00,3.486502e+00,4.154831e+00,4.379989e+00,2.785527e+00,4.450778e+00,4.850254e+00,4.536638e+00,3.035993e+00,4.091269e+00,4.030180e+00,3.207787e+00,3.828151e+00,4.283098e+00,5.633949e+00,4.259434e+00,3.110051e+00,2.292765e+00,4.572562e+00,2.710251e+00,3.044154e+00,4.121449e+00,3.288818e+00,3.417717e+00,5.020954e+00,4.239413e+00,4.329915e+00,3.619628e+00,2.387741e+00,4.257636e+00,3.625318e+00,4.168903e+00,4.117877e+00,3.890620e+00,3.530880e+00,4.029156e+00,4.020841e+00,2.871519e+00,4.907422e+00,4.063450e+00,4.888490e+00,4.987705e+00,4.720872e+00,4.768015e+00,4.888481e+00,4.974135e+00,4.678916e+00,4.981473e+00,4.486563e+00,3.689058e+00,4.117884e+00,4.956919e+00,4.870976e+00,4.507657e+00,5.057213e+00,4.840837e+00,4.898675e+00,4.849547e+00,4.926019e+00,4.278094e+00,4.612049e+00,4.593731e+00,4.923887e+00,4.865357e+00
4.980666e+00,4.607125e+00,4.925590e+00,4.578241e+00,4.839339e+00,4.501095e+00,4.848849e+00,4.989257e+00,4.620041e+00,4.808824e+00,4.922524e+00,4.575178e+00,4.858505e+00,4.892693e+00,5.023282e+00,5.013779e+00,5.021029e+00,4.583487e+00,4.588878e+00,4.757385e+00,4.755091e+00,4.478765e+00,3.053177e+00,4.666543e+00,2.697009e+00,3.199246e+00,3.044672e+00,2.815020e+00,4.909924e+00,5.053974e+00,4.089485e+00,3.020209e+00,3.910124e+00,6.179210e+00,4.326114e+00,3.856088e+00,4.659202e+00,4.304357e+00,4.634205e+00,3.393787e+00,4.294555e+00,4.877600e+00,4.881567e+00,3.687156e+00,3.612210e+00,3.428519e+00,3.031969e+00,4.847239e+00,2.909973e+00,3.430667e+00,4.103654e+00,3.661227e+00,3.024932e+00,4.770528e+00,3.885135e+00,3.164185e+00,3.556325e+00,4.219230e+00,3.636334e+00,2.770354e+00,4.881070e+00,4.724044e+00,3.058200e+00,4.415691e+00,4.189671e+00,3.447186e+00,4.334764e+00,2.648306e+00,4.102329e+00,4.857970e+00,4.193230e+00,2.574008e+00,2.495326e+00,3.731636e+00,4.629962e+00,3.801454e+00,3.888050e+00,2.847065e+00,5.003871e+00,4.404791e+00,5.037951e+00,4.651582e+00,4.888365e+00,3.699225e+00,5.031543e+00,4.352726e+00,4.295956e+00,3.069634e+00,4.411079e+00,4.088232e+00,3.510257e+00,7.493878e+00,2.415662e+00,3.134053e+00,3.659807e+00,4.357238e+00,3.352802e+00,2.930356e+00,4.263254e+00,4.803500e+00,4.395915e+00,4.698600e+00,4.627800e+00,4.216574e+00,4.165619e+00,3.834136e+00,3.377666e+00,4.539848e+00,4.504426e+00,4.879685e+00,4.025289e+00,4.533500e+00,4.354902e+00,3.584817e+00,4.121628e+00,3.953143e+00,4.152388e+00,4.417018e+00,4.150557e+00,3.126664e+00,7.237801e+00,3.559780e+00,2.964989e+00,2.901680e+00,3.190960e+00,3.032406e+00,4.269343e+00,3.697808e+00,3.339283e+00,3.138271e+00,4.068346e+00,3.401819e+00,4.971785e+00,3.809313e+00,4.053604e+00,2.442338e+00,4.155616e+00,3.034133e+00,4.395134e+00,4.115083e+00,3.347879e+00,4.347659e+00,3.672117e+00,4.589828e+00,3.466465e+00,4.592115e+00,3.999481e+00,5.066445e+00,4.732970e+00,3.156396e+00,4.305126e+00,3.061888e+00,3.756733e+00,2.522381e+00,3.234827e+00,4.001921e+00,4.898113e+00,4.785541e+00,4.733917e+00,9.564663e+00,3.623334e+00,5.516492e+00,3.972663e+00,4.319274e+00,4.061629e+00,3.128657e+00,2.862610e+00,3.792388e+00,4.207920e+00,3.113511e+00,4.578019e+00,3.824127e+00,2.910774e+00,3.977152e+00,3.218407e+00,2.582586e+00,2.637432e+00,2.831785e+00,4.670056e+00,5.165947e+00,4.255272e+00,2.883658e+00,3.467228e+00,3.163422e+00,4.555575e+00,3.960237e+00,4.753374e+00,4.963757e+00,4.604912e+00,4.570022e+00,4.885909e+00,4.931843e+00,5.092602e+00,4.134405e+00,4.920133e+00,5.055381e+00,4.356945e+00,5.050632e+00,4.130557e+00,4.255310e+00,4.985585e+00,4.658029e+00,4.662940e+00,4.509067e+00,4.544734e+00,4.904407e+00,4.989548e+00,4.715073e+00,4.981391e+00,4.810788e+00,4.604150e+00,4.955039e+00,4.906809e+00,4.807298e+00,4.867521e+00
4.729844e+00,4.960600e+00,4.632531e+00,4.963484e+00,4.580895e+00,4.941973e+00,4.832786e+00,4.975236e+00,5.055901e+00,4.515375e+00,3.042009e+00,4.823513e+00,4.987499e+00,5.188676e+00,4.562395e+00,5.073240e+00,4.641803e+00,4.792648e+00,4.572314e+00,3.893746e+00,4.454077e+00,3.946864e+00,4.608554e+00,3.530581e+00,4.298259e+00,2.597327e+00,3.221474e+00,3.127958e+00,4.774516e+00,4.894649e+00,5.239036e+00,4.071691e+00,4.080555e+00,3.566952e+00,4.652813e+00,3.318918e+00,3.162015e+00,3.422263e+00,3.290308e+00,4.199029e+00,4.682859e+00,4.943439e+00,5.013284e+00,4.648672e+00,5.318027e+00,3.421889e+00,4.175372e+00,4.389517e+00,4.052724e+00,3.370841e+00,4.317869e+00,2.586083e+00,3.365724e+00,5.003680e+00,2.893807e+00,3.528383e+00,4.638715e+00,4.518784e+00,4.184969e+00,4.946192e+00,4.777978e+00,3.552817e+00,4.686491e+00,5.051718e+00,4.792703e+00,4.549200e+00,3.293255e+00,2.925998e+00,4.931718e+00,3.661952e+00,4.483872e+00,4.682222e+00,3.190547e+00,4.071171e+00,3.934488e+00,3.887571e+00,4.040493e+00,3.054612e+00,4.955201e+00,4.645663e+00,4.820900e+00,4.941080e+00,4.848429e+00,4.637224e+00,4.188650e+00,3.017350e+00,3.450313e+00,4.574996e+00,3.581664e+00,3.025937e+00,4.140711e+00,3.073959e+00,3.907093e+00,5.945931e+00,3.602129e+00,2.655998e+00,3.768372e+00,2.888964e+00,3.392938e+00,2.936291e+00,3.868531e+00,4.990899e+00,4.894383e+00,4.045931e+00,3.608318e+00,4.232369e+00,4.705675e+00,3.759047e+00,4.353145e+00,4.696960e+00,4.225543e+00,4.788359e+00,4.873880e+00,4.448301e+00,4.643625e+00,4.553630e+00,3.013949e+00,3.293336e+00,3.247946e+00,3.000180e+00,3.169687e+00,4.521511e+00,4.779223e+00,3.802847e+00,3.168346e+00,3.175017e+00,4.152120e+00,4.713522e+00,9.245769e+00,4.720225e+00,4.130422e+00,4.794018e+00,4.930463e+00,3.348006e+00,9.486799e+00,4.740810e+00,4.952168e+00,7.114012e+00,1.041866e+01,3.591868e+00,3.311088e+00,3.025705e+00,4.092823e+00,4.489165e+00,4.189049e+00,4.013803e+00,4.229445e+00,4.403799e+00,4.534531e+00,4.431864e+00,2.834711e+00,3.166064e+00,4.688826e+00,4.444997e+00,3.819864e+00,3.721315e+00,4.911548e+00,4.934058e+00,4.872561e+00,4.471263e+00,4.242039e+00,3.474466e+00,4.077457e+00,4.590915e+00,3.878952e+00,3.529431e+00,3.541628e+00,3.801775e+00,4.341063e+00,3.464793e+00,4.553070e+00,4.712027e+00,3.765423e+00,4.282790e+00,2.819888e+00,3.525377e+00,3.581202e+00,2.468817e+00,2.439301e+00,3.578338e+00,4.792405e+00,4.218085e+00,4.575296e+00,4.934637e+00,3.064902e+00,4.270608e+00,4.403480e+00,3.570508e+00,4.663063e+00,4.299932e+00,3.448647e+00,4.763202e+00,5.017270e+00,4.878341e+00,4.453330e+00,4.726107e+00,4.709227e+00,5.002187e+00,4.440699e+00,3.862291e+00,3.638305e+00,4.606346e+00,4.797028e+00,4.909553e+00,4.617984e+00,4.831255e+00,4.750400e+00,4.982468e+00,4.774903e+00,4.859478e+00,4.786867e+00,4.926785e+00,4.566533e+00,4.772296e+00,5.009839e+00
4.982765e+00,4.757217e+00,4.749776e+00,5.041032e+00,4.595540e+00,4.945012e+00,4.806870e+00,4.833884e+00,4.729896e+00,4.842470e+00,4.689040e+00,4.847115e+00,4.656189e+00,4.705170e+00,4.878641e+00,4.944394e+00,5.003040e+00,4.789243e+00,4.433028e+00,5.062015e+00,4.843004e+00,4.571929e+00,2.710369e+00,4.622406e+00,3.358900e+00,3.065365e+00,4.913446e+00,4.090036e+00,5.006794e+00,4.878312e+00,4.281097e+00,3.539947e+00,4.288662e+00,3.889676e+00,4.139798e+00,4.968540e+00,3.633087e+00,3.341280e+00,3.650921e+00,3.653526e+00,4.962202e+00,5.095298e+00,3.429540e+00,3.952309e+00,3.711908e+00,3.046087e+00,2.700101e+00,2.979579e+00,4.461235e+00,3.699585e+00,2.997446e+00,2.652997e+00,4.415302e+00,5.402776e+00,2.561115e+00,3.183509e+00,3.827640e+00,3.620173e+00,3.651131e+00,4.522888e+00,4.434122e+00,3.384952e+00,4.353149e+00,4.964721e+00,2.920952e+00,2.687014e+00,4.728076e+00,4.098931e+00,4.136550e+00,2.667249e+00,3.842764e+00,7.836689e+00,4.533057e+00,3.958227e+00,3.284873e+00,3.705489e+00,8.872951e+00,4.539679e+00,4.124551e+00,5.064539e+00,4.967102e+00,4.829477e+00,4.858879e+00,4.625468e+00,4.120241e+00,4.422157e+00,4.401773e+00,3.653661e+00,2.618775e+00,3.479983e+00,4.590738e+00,2.901091e+00,3.195522e+00,4.104177e+00,3.777747e+00,3.163887e+00,3.366502e+00,4.904991e+00,4.423834e+00,3.119887e+00,3.428379e+00,4.682968e+00,3.813600e+00,4.705265e+00,4.856159e+00,4.515642e+00,4.655009e+00,4.490244e+00,4.337657e+00,4.291688e+00,4.976812e+00,3.217438e+00,2.863068e+00,4.508185e+00,3.054075e+00,4.509409e+00,2.874669e+00,4.133724e+00,4.399169e+00,2.557003e+00,2.812206e+00,4.374225e+00,3.493021e+00,4.627694e+00,2.415599e+00,3.678719e+00,2.502092e+00,3.022188e+00,2.606501e+00,2.895920e+00,4.443859e+00,4.809621e+00,6.285311e+00,4.221129e+00,3.026104e+00,3.856874e+00,4.234853e+00,3.990788e+00,4.776200e+00,5.464209e+00,2.889205e+00,2.890138e+00,4.250704e+00,3.302116e+00,2.596765e+00,2.748112e+00,3.610045e+00,4.386793e+00,4.663736e+00,3.575339e+00,4.034163e+00,4.764637e+00,3.994654e+00,4.056907e+00,4.585847e+00,4.703053e+00,5.096699e+00,4.876824e+00,2.687628e+00,4.235798e+00,2.463560e+00,2.670415e+00,2.804245e+00,3.182428e+00,3.636793e+00,3.829173e+00,2.903378e+00,3.017519e+00,3.061674e+00,3.270884e+00,4.090304e+00,2.867032e+00,2.924475e+00,3.125557e+00,2.887438e+00,4.714372e+00,5.036872e+00,5.164522e+00,4.698973e+00,3.587567e+00,4.159591e+00,4.100720e+00,3.874627e+00,4.257141e+00,4.716683e+00,4.431284e+00,4.293526e+00,4.586921e+00,4.074332e+00,4.544855e+00,4.442761e+00,4.441881e+00,4.794708e+00,4.691207e+00,4.914620e+00,4.874808e+00,4.902584e+00,4.970402e+00,3.963073e+00,4.070460e+00,4.216714e+00,4.512284e+00,3.048275e+00,4.937719e+00,5.010984e+00,4.286365e+00,4.645231e+00,5.057222e+00,4.686289e+00,5.114121e+00,4.690431e+00,5.022434e+00,4.735257e+00,5.004807e+00,4.821139e+00
5.075995e+00,4.799766e+00,4.675542e+00,4.860912e+00,4.335065e+00,4.890223e+00,4.799186e+00,4.932855e+00,4.949000e+00,3.190391e+00,3.560803e+00,3.994458e+00,4.881009e+00,4.827694e+00,4.976793e+00,4.925160e+00,4.760118e+00,4.632745e+00,4.560343e+00,3.778538e+00,4.536614e+00,5.024528e+00,4.456569e+00,3.351006e+00,3.207807e+00,3.557672e+00,3.315056e+00,4.043743e+00,4.970092e+00,4.846967e+00,4.927217e+00,4.569462e+00,5.034902e+00,3.488407e+00,5.086546e+00,5.331269e+00,4.680880e+00,3.481337e+00,3.256253e+00,4.734770e+00,4.823293e+00,3.976255e+00,3.486635e+00,4.259480e+00,4.347278e+00,5.525691e+00,3.342790e+00,3.997932e+00,4.298534e+00,4.438269e+00,9.791433e+00,3.768998e+00,2.431975e+00,2.955680e+00,4.170745e+00,5.017309e+00,5.268259e+00,4.487812e+00,3.187708e+00,4.360767e+00,3.797903e+00,3.275528e+00,4.617562e+00,3.184931e+00,3.913009e+00,2.951760e+00,4.900121e+00,4.658377e+00,4.542659e+00,3.428378e+00,4.261488e+00,4.114519e+00,2.681666e+00,2.854119e+00,3.864979e+00,4.716561e+00,2.862739e+00,3.700504e+00,4.994427e+00,4.592221e+00,4.808783e+00,4.716006e+00,5.006067e+00,3.715069e+00,4.400009e+00,4.290748e+00,4.365068e+00,4.080381e+00,4.184993e+00,3.625965e+00,3.575290e+00,4.567463e+00,3.431901e+00,4.432022e+00,4.450453e+00,2.627098e+00,3.531396e+00,3.313899e+00,2.959340e+00,3.610121e+00,4.627167e+00,4.611756e+00,4.697310e+00,4.450598e+00,3.406565e+00,4.586706e+00,4.462454e+00,3.923536e+00,4.765849e+00,2.662833e+00,3.468008e+00,3.810308e+00,2.951339e+00,3.219237e+00,3.829535e+00,3.931180e+00,4.027851e+00,3.112171e+00,4.429061e+00,4.044436e+00,3.948383e+00,3.745382e+00,6.583815e+00,5.671286e+00,3.926920e+00,3.273044e+00,3.150062e+00,3.545333e+00,4.594474e+00,6.379683e+00,4.628520e+00,9.012720e+00,9.403540e+00,4.403695e+00,7.855396e+00,3.568376e+00,3.224651e+00,3.983803e+00,2.794194e+00,3.376194e+00,9.550588e+00,3.866451e+00,2.941335e+00,4.205368e+00,3.999653e+00,4.136688e+00,3.071781e+00,4.344348e+00,3.035133e+00,4.015119e+00,3.206901e+00,2.536437e+00,2.888623e+00,4.584169e+00,2.899328e+00,2.628527e+00,4.353257e+00,4.616126e+00,3.434795e+00,3.764177e+00,3.269554e+00,4.338686e+00,3.881725e+00,3.894236e+00,4.443437e+00,6.071834e+00,5.437172e+00,4.500258e+00,3.493036e+00,3.460336e+00,3.677681e+00,4.069807e+00,4.158470e+00,3.841990e+00,4.578052e+00,4.604306e+00,4.800013e+00,4.980692e+00,4.874625e+00,3.988570e+00,2.451773e+00,4.634919e+00,4.154447e+00,3.665473e+00,4.448115e+00,3.872574e+00,4.884114e+00,4.212520e+00,3.997186e+00,3.994803e+00,4.879793e+00,4.229041e+00,4.687299e+00,4.715165e+00,4.983412e+00,5.036045e+00,4.711661e+00,4.567015e+00,4.152882e+00,3.657580e+00,4.418921e+00,4.648700e+00,4.796062e+00,4.705532e+00,4.793239e+00,5.056869e+00,4.780041e+00,4.960865e+00,4.489070e+00,4.959308e+00,5.009270e+00,4.751257e+00,4.897338e+00,4.824376e+00,4.945415e+00
4.609848e+00,4.782180e+00,4.875155e+00,4.860310e+00,4.614820e+00,4.558956e+00,5.012667e+00,4.688656e+00,4.590369e+00,4.989023e+00,2.724273e+00,5.067237e+00,4.830466e+00,4.978822e+00,4.535246e+00,4.822961e+00,5.120430e+00,4.417297e+00,4.346082e+00,4.748716e+00,4.503072e+00,4.426085e+00,4.174329e+00,3.957566e+00,3.854948e+00,2.342899e+00,2.987799e+00,5.874890e+00,4.514332e+00,5.034680e+00,4.836257e+00,3.681843e+00,4.313117e+00,3.230284e+00,2.898434e+00,3.384966e+00,4.048579e+00,4.255549e+00,5.023783e+00,4.521815e+00,4.725174e+00,3.658473e+00,5.056382e+00,3.186659e+00,4.031139e+00,3.463001e+00,2.997533e+00,4.873570e+00,3.775643e+00,3.203318e+00,3.451639e+00,2.715105e+00,3.556022e+00,3.180090e+00,3.930514e+00,3.591925e+00,4.402988e+00,4.751403e+00,4.196293e+00,3.711717e+00,2.766369e+00,4.690882e+00,4.693628e+00,4.796156e+00,4.527449e+00,3.538835e+00,4.842593e+00,2.937705e+00,4.308647e+00,3.326060e+00,3.084421e+00,4.492554e+00,4.771520e+00,3.554771e+00,3.344263e+00,3.778901e+00,3.614352e+00,4.514837e+00,5.157029e+00,4.732075e+00,4.826889e+00,4.917670e+00,3.684141e+00,4.678551e+00,4.800102e+00,4.267192e+00,4.099818e+00,3.385893e+00,3.063527e+00,2.526452e+00,2.990675e+00,3.672946e+00,3.351683e+00,3.140431e+00,4.553172e+00,2.307528e+00,2.875130e+00,2.746566e+00,4.714331e+00,4.446845e+00,4.657044e+00,3.758893e+00,4.237236e+00,4.874027e+00,4.835553e+00,4.412924e+00,4.677839e+00,3.076827e+00,3.948296e+00,4.625371e+00,3.498501e+00,3.369674e+00,3.709444e+00,3.515511e+00,4.996190e+00,1.028295e+01,3.923053e+00,3.880412e+00,3.441914e+00,2.424439e+00,3.904487e+00,4.014566e+00,5.085949e+00,2.723398e+00,3.581918e+00,3.634088e+00,4.281172e+00,7.460507e+00,6.100822e+00,4.023398e+00,4.079407e+00,7.676262e+00,1.039641e+01,4.603870e+00,3.696475e+00,4.301240e+00,6.258263e+00,3.772101e+00,4.093148e+00,3.215490e+00,5.144800e+00,3.333077e+00,3.254203e+00,3.912931e+00,3.642118e+00,3.349487e+00,4.538549e+00,4.716217e+00,3.696321e+00,4.042667e+00,4.400089e+00,3.786782e+00,4.475456e+00,4.212036e+00,3.886369e+00,4.896431e+00,4.661255e+00,2.481497e+00,3.721594e+00,2.959101e+00,3.583130e+00,4.174383e+00,3.589579e+00,3.623562e+00,4.441844e+00,5.007444e+00,3.894105e+00,3.953671e+00,5.026818e+00,4.617267e+00,3.107768e+00,3.922021e+00,2.644329e+00,2.763428e+00,2.809963e+00,3.231310e+00,2.477104e+00,4.876023e+00,4.605140e+00,4.123711e+00,4.129215e+00,4.435656e+00,3.366285e+00,4.755004e+00,4.061420e+00,2.945949e+00,4.525882e+00,3.802477e+00,4.678594e+00,4.745990e+00,4.758563e+00,4.896175e+00,4.818584e+00,5.053880e+00,4.521873e+00,4.835282e+00,4.969537e+00,4.969234e+00,2.940836e+00,2.988606e+00,2.614222e+00,4.923719e+00,4.514169e+00,4.761443e+00,4.992060e+00,4.930446e+00,4.715680e+00,4.669688e+00,4.825106e+00,4.520580e+00,4.894506e+00,4.717084e+00,4.416174e+00,4.447881e+00,4.649161e+00
4.998757e+00,4.698824e+00,4.759882e+00,4.909252e+00,4.716865e+00,4.881478e+00,4.972108e+00,4.420990e+00,4.602605e+00,4.669402e+00,5.030068e+00,4.957566e+00,5.093116e+00,4.843106e+00,4.439190e+00,4.916918e+00,4.403009e+00,4.931772e+00,4.580116e+00,4.566430e+00,4.294749e+00,4.625720e+00,5.012816e+00,3.942998e+00,2.962855e+00,3.893892e+00,3.386234e+00,6.344015e+00,3.576194e+00,4.960171e+00,3.075997e+00,3.311566e+00,5.045108e+00,4.352989e+00,3.246893e+00,4.369097e+00,4.384284e+00,3.142311e+00,4.861431e+00,4.841741e+00,4.501419e+00,3.963793e+00,3.958978e+00,3.976774e+00,3.432798e+00,3.507899e+00,8.963560e+00,5.190219e+00,2.524339e+00,3.186321e+00,2.494145e+00,3.723607e+00,4.587589e+00,2.913095e+00,3.383223e+00,4.044608e+00,4.620055e+00,4.700394e+00,3.788986e+00,2.816054e+00,3.737851e+00,4.673781e+00,4.543978e+00,3.474111e+00,2.951836e+00,3.109229e+00,4.132062e+00,6.201764e+00,4.371608e+00,3.141957e+00,3.726647e+00,4.005747e+00,3.885485e+00,5.066023e+00,4.794743e+00,3.942719e+00,4.026265e+00,4.886347e+00,4.741761e+00,4.952114e+00,5.001865e+00,4.731950e+00,4.216976e+00,3.534304e+00,4.533748e+00,4.009250e+00,3.852950e+00,3.307943e+00,2.788192e+00,3.936323e+00,3.521268e+00,4.591298e+00,4.107793e+00,4.498009e+00,4.107697e+00,4.855179e+00,2.999294e+00,4.532421e+00,4.883670e+00,4.473241e+00,3.764647e+00,4.444139e+00,4.599332e+00,2.998954e+00,3.885597e+00,4.375394e+00,4.455324e+00,3.032984e+00,4.674354e+00,4.258810e+00,4.094725e+00,4.595191e+00,3.907009e+00,4.587340e+00,4.351377e+00,4.962289e+00,3.546971e+00,3.208922e+00,4.484419e+00,4.510678e+00,3.989986e+00,4.969434e+00,4.022491e+00,3.428736e+00,3.485024e+00,3.842108e+00,3.957991e+00,3.908095e+00,9.624963e+00,3.738824e+00,4.040476e+00,3.745184e+00,4.236816e+00,3.359986e+00,3.263682e+00,3.521084e+00,3.481237e+00,9.209773e+00,3.041082e+00,3.508319e+00,3.677888e+00,2.627970e+00,4.027257e+00,3.697142e+00,4.381095e+00,4.352610e+00,4.455739e+00,3.707034e+00,4.469303e+00,5.013985e+00,3.297829e+00,3.696290e+00,3.473727e+00,2.888226e+00,4.173474e+00,4.294609e+00,4.890673e+00,3.425549e+00,3.030806e+00,3.571036e+00,3.480886e+00,3.949937e+00,5.644605e+00,3.588304e+00,4.937208e+00,3.673904e+00,4.866691e+00,4.107313e+00,4.262377e+00,3.696352e+00,4.487542e+00,4.198020e+00,2.893170e+00,4.305110e+00,3.870698e+00,5.017612e+00,4.827009e+00,4.810570e+00,4.900513e+00,3.699588e+00,4.308734e+00,3.458816e+00,4.524437e+00,3.435360e+00,4.491499e+00,3.210377e+00,3.608792e+00,3.030872e+00,3.417975e+00,4.896987e+00,3.763510e+00,4.379412e+00,4.482088e+00,4.843114e+00,4.792282e+00,5.065212e+00,4.674178e+00,4.791801e+00,2.973534e+00,3.860060e+00,6.550429e+00,4.693546e+00,3.932783e+00,4.571472e+00,4.652981e+00,4.969425e+00,4.762353e+00,4.984263e+00,4.716650e+00,4.726082e+00,4.743223e+00,4.327722e+00,4.805935e+00,4.987240e+00,5.064121e+00
4.780851e+00,4.804616e+00,4.430000e+00,4.934158e+00,4.881243e+00,4.884804e+00,4.652942e+00,4.997802e+00,4.581149e+00,4.619591e+00,3.561335e+00,4.915636e+00,4.845042e+00,4.897442e+00,4.408590e+00,5.039792e+00,5.061528e+00,4.650219e+00,4.707367e+00,3.854343e+00,4.136916e+00,3.436564e+00,3.523844e+00,4.356706e+00,3.826932e+00,3.023616e+00,3.732320e+00,4.193176e+00,2.961845e+00,4.899676e+00,5.002537e+00,2.725751e+00,3.221436e+00,3.512462e+00,3.839820e+00,3.022267e+00,4.621471e+00,4.781834e+00,4.886037e+00,4.467991e+00,4.551793e+00,2.773223e+00,3.610358e+00,4.437832e+00,4.680228e+00,4.006990e+00,4.044450e+00,4.109826e+00,4.170123e+00,2.398078e+00,3.193603e+00,3.675755e+00,2.956171e+00,3.320408e+00,4.894279e+00,4.196639e+00,3.494302e+00,3.532107e+00,2.664367e+00,4.790777e+00,5.066077e+00,4.172948e+00,3.930127e+00,4.096480e+00,5.006374e+00,4.077883e+00,4.731732e+00,4.370853e+00,3.173295e+00,3.557984e+00,2.723491e+00,2.798943e+00,3.854539e+00,4.448573e+00,4.870003e+00,2.654795e+00,4.746257e+00,4.926560e+00,4.713793e+00,5.023251e+00,4.365973e+00,4.894064e+00,4.123917e+00,4.312132e+00,3.109986e+00,4.366548e+00,2.530818e+00,2.694849e+00,2.656981e+00,3.118389e+00,4.093274e+00,4.488487e+00,4.576811e+00,3.097870e+00,2.596841e+00,2.955589e+00,2.465072e+00,3.049462e+00,4.569351e+00,4.607108e+00,3.966504e+00,4.227882e+00,3.902866e+00,4.011308e+00,4.015604e+00,4.499600e+00,3.685587e+00,3.638725e+00,4.176064e+00,3.864319e+00,4.593032e+00,4.305146e+00,3.134288e+00,4.077919e+00,3.834114e+00,4.499898e+00,3.573357e+00,4.318328e+00,4.245582e+00,5.411586e+00,5.989637e+00,4.354860e+00,3.164931e+00,4.739284e+00,9.791967e+00,3.848204e+00,3.386955e+00,3.849351e+00,4.220496e+00,4.570053e+00,2.565234e+00,3.806475e+00,9.469970e+00,9.800402e+00,3.705264e+00,1.041866e+01,4.344860e+00,3.212939e+00,3.759463e+00,4.573952e+00,3.565809e+00,4.393739e+00,3.522857e+00,4.100639e+00,4.582773e+00,3.765430e+00,3.549617e+00,5.069816e+00,4.133422e+00,2.946164e+00,4.635412e+00,4.136822e+00,3.282872e+00,4.548058e+00,4.379455e+00,4.116451e+00,4.722344e+00,4.596334e+00,4.436583e+00,3.835025e+00,2.921304e+00,2.961802e+00,2.660965e+00,4.221596e+00,2.350392e+00,3.918944e+00,3.588805e+00,3.422987e+00,3.422963e+00,3.592728e+00,3.566631e+00,3.103569e+00,2.528483e+00,3.437152e+00,4.639555e+00,4.968151e+00,4.937895e+00,4.831332e+00,3.066762e+00,3.853735e+00,2.845392e+00,4.656700e+00,4.121888e+00,3.417387e+00,3.377871e+00,4.323473e+00,2.535745e+00,2.880413e+00,4.203182e+00,3.821561e+00,3.091104e+00,4.978272e+00,4.549212e+00,5.086696e+00,4.978358e+00,4.831041e+00,5.087146e+00,4.683422e+00,4.532862e+00,4.233064e+00,4.672686e+00,4.804962e+00,4.790943e+00,4.942577e+00,4.824070e+00,4.984044e+00,5.085024e+00,4.806193e+00,4.766383e+00,4.618407e+00,4.772920e+00,4.976365e+00,4.764345e+00,4.974694e+00,4.922837e+00
4.985975e+00,4.694276e+00,4.917173e+00,4.744313e+00,4.821116e+00,4.694899e+00,4.688428e+00,4.727630e+00,4.583467e+00,5.043097e+00,4.892499e+00,4.672934e+00,5.093556e+00,4.936287e+00,4.996941e+00,4.843825e+00,4.558662e+00,4.905392e+00,3.645527e+00,4.991362e+00,2.943038e+00,4.834198e+00,4.035934e+00,4.103839e+00,3.911968e+00,4.084417e+00,3.655495e+00,4.037971e+00,3.687402e+00,4.654196e+00,5.126247e+00,4.426284e+00,4.525576e+00,4.534937e+00,2.857655e+00,4.404542e+00,3.476123e+00,4.734977e+00,4.507386e+00,4.926797e+00,2.988636e+00,3.619986e+00,6.443253e+00,4.924108e+00,2.458738e+00,3.088732e+00,3.686930e+00,4.146891e+00,3.274858e+00,3.486634e+00,3.381206e+00,3.924194e+00,3.159515e+00,3.344900e+00,4.571684e+00,3.783082e+00,2.884750e+00,4.324716e+00,4.546896e+00,4.813031e+00,4.855664e+00,2.893139e+00,4.073227e+00,3.776293e+00,2.799882e+00,2.735074e+00,4.491950e+00,4.605340e+00,5.042454e+00,3.871164e+00,4.665865e+00,4.271828e+00,4.270329e+00,4.507541e+00,4.415190e+00,4.265300e+00,4.607708e+00,4.995645e+00,4.880531e+00,5.005711e+00,4.946052e+00,4.844581e+00,4.225836e+00,4.909579e+00,4.109854e+00,4.576359e+00,2.891482e+00,2.963171e+00,4.064059e+00,4.492543e+00,4.490677e+00,3.976204e+00,2.768537e+00,3.605083e+00,4.977831e+00,4.870160e+00,4.782743e+00,4.062439e+00,3.804610e+00,4.687650e+00,2.790394e+00,4.074959e+00,4.686320e+00,4.512455e+00,4.570912e+00,4.460263e+00,4.117802e+00,4.392309e+00,4.511586e+00,2.787685e+00,2.445621e+00,3.978663e+00,2.952606e+00,3.792933e+00,3.125832e+00,4.358522e+00,8.759550e+00,4.250951e+00,4.343974e+00,3.522188e+00,2.457325e+00,4.159640e+00,3.408458e+00,3.668756e+00,4.352748e+00,4.688603e+00,4.250607e+00,2.249462e+00,4.689600e+00,3.322990e+00,2.728129e+00,4.425949e+00,6.461312e+00,4.744971e+00,5.786688e+00,4.241627e+00,4.738893e+00,3.557228e+00,3.128511e+00,3.909028e+00,4.997438e+00,4.668199e+00,5.274206e+00,3.103434e+00,3.474522e+00,4.164456e+00,4.590923e+00,4.198796e+00,4.292959e+00,4.346598e+00,3.604290e+00,3.583735e+00,4.527229e+00,4.346475e+00,4.573430e+00,4.856163e+00,4.952034e+00,4.535611e+00,4.159039e+00,3.647001e+00,4.194023e+00,3.404835e+00,2.948409e+00,4.430738e+00,3.470112e+00,4.530494e+00,4.528139e+00,3.747822e+00,4.148299e+00,3.889972e+00,4.763825e+00,3.455808e+00,4.019331e+00,3.390929e+00,4.742737e+00,4.831669e+00,4.965889e+00,4.899309e+00,4.864427e+00,2.554355e+00,3.278124e+00,3.153618e+00,4.511525e+00,2.698750e+00,3.513287e+00,3.949776e+00,4.175756e+00,3.229230e+00,4.609476e+00,5.022047e+00,4.042246e+00,4.661505e+00,4.405793e+00,4.645456e+00,4.971638e+00,5.016842e+00,4.565147e+00,4.908203e+00,4.720250e+00,2.912085e+00,2.918182e+00,4.843710e+00,4.865534e+00,4.887135e+00,4.808600e+00,4.787567e+00,4.548682e+00,4.889516e+00,4.676545e+00,4.676004e+00,4.997223e+00,4.939794e+00,4.900230e+00,4.664802e+00,4.826286e+00
4.911796e+00,4.751417e+00,4.561648e+00,4.671009e+00,4.692907e+00,4.812009e+00,4.888158e+00,4.709370e+00,4.761822e+00,4.516388e+00,4.278187e+00,5.042629e+00,4.898596e+00,5.010923e+00,4.914310e+00,4.960713e+00,4.906162e+00,4.832452e+00,4.092438e+00,4.167336e+00,4.617702e+00,3.550046e+00,3.485771e+00,4.934022e+00,2.975609e+00,4.182193e+00,3.050879e+00,3.256943e+00,2.690583e+00,5.018912e+00,4.665033e+00,3.952794e+00,4.365177e+00,7.136063e+00,2.913959e+00,4.354048e+00,5.015920e+00,3.739987e+00,4.809892e+00,6.028839e+00,7.639210e+00,3.262638e+00,3.100859e+00,4.788232e+00,4.153362e+00,4.256390e+00,3.500788e+00,3.494930e+00,3.500883e+00,4.128684e+00,3.278789e+00,4.241160e+00,2.741409e+00,3.024787e+00,3.691127e+00,3.744881e+00,4.388320e+00,4.650624e+00,4.327474e+00,4.898788e+00,4.881679e+00,4.020502e+00,2.766139e+00,3.082715e+00,4.114615e+00,4.095849e+00,2.770513e+00,4.150871e+00,3.441073e+00,4.258331e+00,4.390875e+00,3.624424e+00,3.993337e+00,3.461197e+00,4.430583e+00,5.050220e+00,4.948517e+00,5.076154e+00,4.812885e+00,5.065012e+00,4.979414e+00,4.570502e+00,4.613670e+00,4.620217e+00,3.688377e+00,4.547877e+00,4.154558e+00,3.811489e+00,4.042815e+00,4.339236e+00,4.163143e+00,3.863312e+00,3.173085e+00,2.807720e+00,4.731435e+00,4.793207e+00,3.871020e+00,4.869535e+00,3.973513e+00,4.618702e+00,4.832999e+00,4.282304e+00,4.407863e+00,4.418543e+00,4.629038e+00,4.084546e+00,3.880917e+00,3.959594e+00,2.600837e+00,4.148906e+00,nan,8.828510e+00,8.172570e+00,4.162803e+00,3.840877e+00,3.630924e+00,3.687694e+00,3.294778e+00,2.774697e+00,4.338063e+00,5.722467e+00,6.573169e+00,8.226579e+00,4.098995e+00,4.030321e+00,9.421258e+00,4.526994e+00,9.251319e+00,5.094662e+00,5.203722e+00,7.534045e+00,5.334336e+00,6.913996e+00,8.910749e+00,2.962953e+00,3.822053e+00,2.762525e+00,5.040077e+00,4.935282e+00,9.755824e+00,3.383961e+00,4.648008e+00,3.035831e+00,4.668895e+00,3.253428e+00,2.759318e+00,3.035122e+00,4.206881e+00,3.399252e+00,4.191088e+00,4.639494e+00,3.413772e+00,4.110701e+00,4.658732e+00,4.996917e+00,4.870735e+00,4.761271e+00,3.339066e+00,3.300821e+00,3.856815e+00,3.841972e+00,2.983284e+00,3.153869e+00,2.918933e+00,2.379046e+00,2.741238e+00,4.622829e+00,3.886038e+00,4.278313e+00,2.365056e+00,2.580218e+00,4.083954e+00,2.860020e+00,3.367215e+00,4.742900e+00,4.767137e+00,4.873680e+00,4.480057e+00,4.252521e+00,4.114106e+00,4.647603e+00,4.836589e+00,4.388994e+00,3.299969e+00,4.933222e+00,3.404761e+00,4.600322e+00,3.687171e+00,4.484677e+00,3.426510e+00,4.896212e+00,4.897970e+00,4.853545e+00,4.629084e+00,4.965796e+00,5.049584e+00,4.866342e+00,4.896681e+00,4.025030e+00,4.881556e+00,4.673154e+00,4.842004e+00,4.605424e+00,4.929447e+00,4.638528e+00,5.001293e+00,4.839641e+00,4.664130e+00,4.641706e+00,4.849868e+00,5.050643e+00,4.982138e+00,4.734807e+00,4.869160e+00,4.989659e+00
4.808794e+00,4.723524e+00,4.730477e+00,4.876462e+00,4.586002e+00,4.814506e+00,4.985915e+00,4.802421e+00,4.830491e+00,4.901659e+00,4.959154e+00,4.129039e+00,4.898316e+00,4.718805e+00,4.905367e+00,4.744959e+00,4.958011e+00,3.887891e+00,3.223645e+00,4.829296e+00,4.271558e+00,4.629085e+00,4.564929e+00,4.025842e+00,4.394158e+00,2.940845e+00,3.989712e+00,3.681152e+00,3.471488e+00,4.412880e+00,4.800580e+00,4.949783e+00,3.924711e+00,5.193749e+00,4.810337e+00,2.962804e+00,5.133397e+00,5.057661e+00,3.446653e+00,5.719259e+00,4.636933e+00,8.541655e+00,3.560631e+00,2.957848e+00,3.814002e+00,3.650272e+00,3.053235e+00,3.821296e+00,3.445532e+00,4.067615e+00,3.398397e+00,4.041431e+00,2.438887e+00,4.822977e+00,3.825696e+00,3.307490e+00,4.334914e+00,2.835998e+00,4.626783e+00,4.798315e+00,3.514203e+00,3.437808e+00,3.890140e+00,4.690731e+00,3.856184e+00,3.092551e+00,3.074944e+00,4.071274e+00,2.691611e+00,4.121484e+00,4.079000e+00,2.726289e+00,6.362925e+00,3.920852e+00,4.809524e+00,4.084018e+00,5.120994e+00,5.133566e+00,4.822290e+00,4.649334e+00,4.641196e+00,4.502686e+00,4.731993e+00,4.654108e+00,4.461642e+00,4.944164e+00,4.928979e+00,3.596243e+00,2.961714e+00,4.533107e+00,4.287925e+00,4.386955e+00,4.663283e+00,3.999910e+00,4.375022e+00,4.819154e+00,5.162602e+00,4.222392e+00,4.044407e+00,4.497291e+00,4.803844e+00,4.124808e+00,4.225656e+00,4.188631e+00,4.655682e+00,5.008003e+00,3.319836e+00,2.912445e+00,5.183707e+00,4.616559e+00,3.464906e+00,2.980269e+00,3.941299e+00,3.146002e+00,4.158587e+00,4.403609e+00,3.154109e+00,4.205553e+00,2.723561e+00,4.368695e+00,3.149947e+00,3.364545e+00,4.098406e+00,3.259518e+00,3.523010e+00,4.891384e+00,3.096822e+00,8.266835e+00,8.716024e+00,1.027796e+01,2.733798e+00,5.040504e+00,3.307969e+00,3.270933e+00,3.022734e+00,4.240381e+00,2.991278e+00,6.758249e+00,3.073300e+00,4.817645e+00,2.990615e+00,3.232359e+00,3.103156e+00,4.539480e+00,4.219721e+00,4.747539e+00,4.281813e+00,4.233297e+00,4.029211e+00,4.353610e+00,4.720908e+00,4.485614e+00,4.233373e+00,3.399722e+00,4.568873e+00,4.987413e+00,4.634807e+00,3.151199e+00,4.843941e+00,4.067572e+00,3.421863e+00,3.238638e+00,4.447515e+00,7.328057e+00,5.968010e+00,4.569961e+00,2.759400e+00,2.371510e+00,3.162432e+00,3.034504e+00,4.297665e+00,3.094367e+00,3.269997e+00,4.495906e+00,4.750427e+00,4.855839e+00,4.684886e+00,3.625345e+00,4.834993e+00,3.985002e+00,3.730753e+00,4.304094e+00,4.202571e+00,4.729473e+00,4.431665e+00,3.426449e+00,4.096724e+00,4.242345e+00,4.222725e+00,3.449502e+00,3.870771e+00,4.671149e+00,4.808195e+00,4.780045e+00,4.847692e+00,4.864537e+00,4.438931e+00,5.103915e+00,2.934929e+00,4.069144e+00,4.995186e+00,4.970963e+00,2.996524e+00,4.806463e+00,4.996904e+00,4.555731e+00,4.846620e+00,4.529488e+00,4.938839e+00,4.565830e+00,4.586457e+00,5.043115e+00,5.025425e+00,4.574189e+00,4.834898e+00
5.041179e+00,4.859532e+00,4.729322e+00,4.731636e+00,4.722035e+00,4.765768e+00,4.735407e+00,4.649378e+00,5.003186e+00,4.985846e+00,4.656052e+00,4.894513e+00,4.766881e+00,4.928843e+00,4.615205e+00,4.971430e+00,5.063872e+00,4.899890e+00,4.436730e+00,4.750934e+00,3.412028e+00,3.170922e+00,4.530994e+00,4.775835e+00,4.523223e+00,4.906965e+00,4.141808e+00,3.757883e+00,3.853306e+00,4.383614e+00,5.135000e+00,3.731482e+00,3.294065e+00,3.301170e+00,4.039855e+00,5.112660e+00,4.827688e+00,5.028003e+00,4.643386e+00,3.993100e+00,2.609717e+00,4.505717e+00,4.470007e+00,3.450638e+00,8.019431e+00,4.542614e+00,4.426284e+00,4.079702e+00,3.148601e+00,4.304402e+00,3.447115e+00,3.654948e+00,2.966907e+00,4.811995e+00,4.742124e+00,4.714228e+00,2.665434e+00,3.478917e+00,4.840083e+00,4.766746e+00,3.977813e+00,3.244935e+00,4.594272e+00,4.578814e+00,3.120892e+00,4.061759e+00,5.119535e+00,3.721184e+00,4.322167e+00,3.979426e+00,2.821787e+00,4.424268e+00,3.068819e+00,4.588044e+00,4.944791e+00,4.823533e+00,4.024470e+00,5.046972e+00,5.072316e+00,4.899263e+00,4.673448e+00,4.310613e+00,4.261755e+00,4.132055e+00,3.608830e+00,3.326605e+00,3.554401e+00,3.290695e+00,4.962189e+00,2.855826e+00,4.547490e+00,4.503961e+00,2.840510e+00,4.382744e+00,3.231722e+00,4.548426e+00,4.890887e+00,4.145035e+00,3.887609e+00,4.494060e+00,4.898470e+00,4.798831e+00,3.795918e+00,3.580695e+00,3.340852e+00,3.912017e+00,3.916068e+00,4.770362e+00,3.244737e+00,2.525430e+00,3.258300e+00,3.885563e+00,4.379335e+00,2.979798e+00,3.548991e+00,4.019553e+00,3.847535e+00,3.522991e+00,4.810201e+00,3.190725e+00,3.601667e+00,4.081965e+00,3.862744e+00,4.597997e+00,4.174586e+00,4.253756e+00,9.052854e+00,2.938433e+00,3.866666e+00,3.560965e+00,3.931606e+00,4.209525e+00,6.893815e+00,5.890186e+00,4.426384e+00,6.871796e+00,4.388247e+00,4.437514e+00,3.022705e+00,3.618248e+00,4.050151e+00,3.133720e+00,2.886130e+00,4.284455e+00,4.786974e+00,3.366464e+00,3.352261e+00,4.963553e+00,4.679240e+00,4.825587e+00,4.650491e+00,4.860536e+00,5.034545e+00,4.678001e+00,4.783124e+00,4.760629e+00,3.980938e+00,4.506951e+00,6.705414e+00,4.232414e+00,3.010515e+00,3.801191e+00,3.918911e+00,4.482663e+00,3.076328e+00,4.827612e+00,3.849855e+00,2.986308e+00,4.649277e+00,2.479378e+00,2.937237e+00,2.627168e+00,3.998204e+00,4.522582e+00,4.866580e+00,5.066326e+00,4.873263e+00,3.410621e+00,4.446339e+00,4.795111e+00,4.259044e+00,3.778873e+00,4.292995e+00,4.381137e+00,3.541516e+00,3.990013e+00,4.863231e+00,3.165858e+00,3.867649e+00,3.858781e+00,4.554460e+00,4.736902e+00,4.890906e+00,4.746068e+00,5.012971e+00,4.696874e+00,4.949922e+00,4.677041e+00,4.134550e+00,3.204974e+00,4.234510e+00,4.979111e+00,4.955286e+00,4.925220e+00,4.772190e+00,4.438919e+00,4.987579e+00,4.883802e+00,5.174453e+00,5.071178e+00,4.947094e+00,4.643884e+00,4.893955e+00,5.123190e+00,4.648106e+00
5.008633e+00,4.856244e+00,4.695490e+00,4.640056e+00,4.392760e+00,5.000341e+00,4.101703e+00,5.067537e+00,4.827656e+00,4.771968e+00,4.876706e+00,3.250970e+00,4.484126e+00,4.692518e+00,5.015670e+00,4.684874e+00,4.943851e+00,4.698694e+00,4.958180e+00,4.572223e+00,3.423816e+00,4.250228e+00,4.650518e+00,4.666058e+00,4.170686e+00,4.386141e+00,2.536189e+00,4.070292e+00,4.059633e+00,4.727680e+00,4.932461e+00,4.630189e+00,3.794802e+00,4.599386e+00,4.648586e+00,4.927655e+00,4.911564e+00,3.902750e+00,4.730564e+00,2.366624e+00,2.462680e+00,4.238401e+00,2.883570e+00,4.255816e+00,4.076579e+00,3.431360e+00,2.757176e+00,3.538143e+00,4.163951e+00,4.377556e+00,4.397851e+00,3.354714e+00,2.829706e+00,3.921030e+00,3.388573e+00,4.131724e+00,4.212958e+00,4.995864e+00,4.513598e+00,3.798040e+00,2.699821e+00,4.521981e+00,4.596915e+00,2.785105e+00,4.792954e+00,3.355904e+00,4.795945e+00,4.528789e+00,3.292374e+00,3.373470e+00,3.560281e+00,2.340337e+00,3.575580e+00,3.969597e+00,4.695874e+00,4.849801e+00,4.977711e+00,5.023657e+00,4.748530e+00,5.024470e+00,4.236323e+00,4.608318e+00,4.763184e+00,3.262320e+00,4.453555e+00,4.620805e+00,4.211328e+00,3.890906e+00,3.488985e+00,3.499674e+00,2.770224e+00,3.916628e+00,4.507307e+00,4.869226e+00,4.607751e+00,4.461349e+00,4.115259e+00,2.915585e+00,4.586243e+00,3.471397e+00,4.811834e+00,3.158988e+00,3.587258e+00,3.908856e+00,4.404865e+00,3.179930e+00,2.902650e+00,4.632738e+00,2.913819e+00,3.955928e+00,2.933098e+00,2.789749e+00,4.653192e+00,4.450603e+00,3.576869e+00,4.444883e+00,3.046235e+00,3.090663e+00,3.598016e+00,4.723059e+00,4.199973e+00,2.983326e+00,4.110201e+00,4.331668e+00,4.157771e+00,4.008426e+00,nan,4.315368e+00,4.427546e+00,6.001498e+00,4.287792e+00,3.762709e+00,3.895716e+00,3.042445e+00,3.130526e+00,3.249590e+00,4.196617e+00,9.071612e+00,5.548498e+00,2.707077e+00,3.644701e+00,2.904046e+00,3.193700e+00,4.521032e+00,3.924674e+00,3.860471e+00,4.618578e+00,4.150227e+00,4.466347e+00,4.463831e+00,3.292878e+00,4.743313e+00,4.835074e+00,4.826988e+00,4.653077e+00,4.835311e+00,2.764092e+00,4.074827e+00,3.250032e+00,3.864636e+00,3.379843e+00,2.706977e+00,3.136798e+00,2.675905e+00,4.106854e+00,3.919441e+00,4.387833e+00,4.149380e+00,4.354824e+00,4.424943e+00,3.514166e+00,4.864884e+00,4.455899e+00,4.506260e+00,4.765897e+00,4.951898e+00,4.959307e+00,3.303077e+00,3.251144e+00,3.906261e+00,2.540180e+00,3.590675e+00,4.107199e+00,3.106156e+00,3.749544e+00,3.698778e+00,4.795814e+00,4.279701e+00,4.749870e+00,4.890117e+00,4.411282e+00,4.681481e+00,4.100871e+00,4.808897e+00,5.005581e+00,4.891049e+00,4.623848e+00,4.951991e+00,3.278694e+00,3.200971e+00,4.540471e+00,4.830151e+00,4.704191e+00,4.510019e+00,5.056788e+00,4.627630e+00,4.833313e+00,4.901263e+00,4.801417e+00,5.044810e+00,4.988990e+00,4.813938e+00,4.447932e+00,4.923991e+00,5.091420e+00
4.797496e+00,4.834075e+00,4.825755e+00,4.712111e+00,4.932116e+00,4.666174e+00,4.847836e+00,4.893151e+00,4.874347e+00,4.916655e+00,5.043309e+00,4.765381e+00,4.810943e+00,4.915982e+00,4.788752e+00,5.117893e+00,4.351358e+00,4.432928e+00,4.905249e+00,4.819394e+00,4.568149e+00,4.100036e+00,4.833118e+00,5.038743e+00,4.234996e+00,2.893039e+00,2.913797e+00,4.594756e+00,2.693751e+00,4.602892e+00,4.877647e+00,4.926299e+00,4.857846e+00,3.055173e+00,4.659760e+00,4.833617e+00,4.938722e+00,7.398516e+00,2.940949e+00,3.426447e+00,5.070933e+00,3.180186e+00,5.703754e+00,4.861806e+00,4.486432e+00,3.187984e+00,4.018482e+00,7.357595e+00,3.174311e+00,3.775950e+00,2.656637e+00,2.413216e+00,2.536111e+00,4.423054e+00,4.288634e+00,3.227037e+00,4.118412e+00,4.959198e+00,4.358922e+00,4.280387e+00,2.983537e+00,4.298927e+00,3.409916e+00,3.954388e+00,3.520048e+00,5.005785e+00,4.367128e+00,4.502894e+00,4.641884e+00,3.356038e+00,4.709801e+00,4.372024e+00,2.751276e+00,4.665852e+00,4.904344e+00,4.905178e+00,4.911828e+00,5.077815e+00,4.392915e+00,4.787650e+00,4.715251e+00,4.795625e+00,4.570710e+00,3.840226e+00,4.211332e+00,3.213594e+00,2.472562e+00,2.661211e+00,4.855934e+00,3.088797e+00,4.197755e+00,3.641079e+00,4.149150e+00,4.321945e+00,3.775023e+00,3.164274e+00,3.627033e+00,5.013650e+00,3.162175e+00,4.361081e+00,4.982488e+00,2.470180e+00,3.136846e+00,4.229384e+00,3.633591e+00,4.395898e+00,3.195946e+00,4.259111e+00,4.809128e+00,3.831261e+00,4.404425e+00,4.317932e+00,4.840824e+00,4.144594e+00,4.073559e+00,3.723156e+00,4.754699e+00,4.735435e+00,4.002088e+00,2.901382e+00,4.387085e+00,4.484362e+00,3.923803e+00,4.816514e+00,3.879733e+00,4.632430e+00,3.621031e+00,3.164483e+00,3.301467e+00,2.866036e+00,4.560558e+00,1.041866e+01,6.607492e+00,4.080648e+00,3.844807e+00,9.807811e+00,3.553675e+00,3.437223e+00,3.051814e+00,4.313513e+00,4.176569e+00,3.410644e+00,3.077294e+00,3.166326e+00,4.490410e+00,4.452630e+00,4.261293e+00,4.323454e+00,4.355087e+00,2.872888e+00,4.930705e+00,4.596045e+00,4.842539e+00,4.792368e+00,4.642170e+00,4.613501e+00,3.540476e+00,2.502742e+00,2.688820e+00,2.975277e+00,4.009566e+00,4.085886e+00,5.086460e+00,5.602782e+00,3.609800e+00,2.619192e+00,2.966401e+00,3.161040e+00,3.259562e+00,2.376658e+00,3.234346e+00,4.746433e+00,4.069313e+00,4.914487e+00,5.001062e+00,4.747959e+00,4.742523e+00,2.857899e+00,3.101734e+00,4.077493e+00,4.283500e+00,4.839229e+00,3.242032e+00,3.279769e+00,4.524248e+00,3.564694e+00,4.658158e+00,4.597167e+00,5.077890e+00,4.409170e+00,4.676744e+00,4.989387e+00,4.843115e+00,4.722066e+00,4.985577e+00,4.685513e+00,4.894936e+00,3.722575e+00,3.177422e+00,2.879325e+00,4.953403e+00,4.624421e+00,4.311914e+00,4.735400e+00,5.026605e+00,4.869741e+00,4.990110e+00,4.782433e+00,4.849067e+00,5.033276e+00,5.102588e+00,4.538422e+00,4.720650e+00,4.747665e+00,5.091681e+00
4.960569e+00,4.723645e+00,4.751467e+00,4.492364e+00,4.650709e+00,4.544064e+00,4.927145e+00,4.866875e+00,4.810263e+00,4.959858e+00,4.281930e+00,4.661054e+00,4.690076e+00,5.070994e+00,4.809645e+00,4.871534e+00,4.749195e+00,4.919285e+00,4.833865e+00,4.660648e+00,2.608901e+00,4.776153e+00,3.468327e+00,2.812176e+00,4.040356e+00,4.119260e+00,3.601796e+00,5.005960e+00,2.618469e+00,3.973922e+00,4.361269e+00,5.010093e+00,4.790796e+00,4.518364e+00,5.028496e+00,4.908417e+00,2.947553e+00,4.452172e+00,3.298438e+00,5.924144e+00,4.473701e+00,5.361832e+00,4.812078e+00,3.646314e+00,3.646724e+00,3.571835e+00,2.618148e+00,3.415024e+00,4.316582e+00,3.977191e+00,3.465567e+00,2.638553e+00,6.522805e+00,4.746809e+00,3.200187e+00,3.483080e+00,4.924089e+00,4.402453e+00,3.386508e+00,3.476986e+00,3.674754e+00,4.511369e+00,3.943369e+00,3.329958e+00,3.387780e+00,4.847119e+00,4.866929e+00,3.036559e+00,4.733796e+00,3.840784e+00,2.604336e+00,4.088490e+00,5.166126e+00,4.535249e+00,5.168160e+00,4.988857e+00,4.756035e+00,4.908453e+00,4.778416e+00,4.986283e+00,4.985554e+00,4.434931e+00,4.201093e+00,4.654186e+00,3.857938e+00,3.755846e+00,2.667923e+00,2.964105e+00,2.478828e+00,4.781196e+00,3.857022e+00,3.524356e+00,2.662793e+00,2.425940e+00,4.650936e+00,3.365821e+00,2.522906e+00,3.451040e+00,5.211361e+00,4.761397e+00,3.536973e+00,2.962326e+00,4.002984e+00,3.694053e+00,4.912343e+00,4.687918e+00,3.214420e+00,4.125153e+00,2.810932e+00,4.281548e+00,4.102684e+00,4.575269e+00,4.696874e+00,3.923808e+00,4.405297e+00,3.600284e+00,4.809514e+00,4.618997e+00,4.659623e+00,4.844768e+00,4.977626e+00,3.110085e+00,4.577226e+00,2.591028e+00,3.140619e+00,4.509425e+00,4.491595e+00,4.272136e+00,4.791876e+00,5.157434e+00,4.126925e+00,2.789924e+00,4.137969e+00,6.243587e+00,3.758020e+00,3.450089e+00,3.502623e+00,3.906153e+00,4.819005e+00,4.560400e+00,4.042475e+00,2.850679e+00,3.503492e+00,3.586319e+00,4.244870e+00,4.562801e+00,4.830759e+00,4.894104e+00,4.556486e+00,4.974040e+00,4.932118e+00,4.828510e+00,4.819106e+00,4.676727e+00,5.052502e+00,4.292448e+00,2.923120e+00,4.346053e+00,3.214220e+00,4.837773e+00,4.219891e+00,3.278708e+00,3.211350e+00,9.606799e+00,4.516275e+00,3.424823e+00,3.165267e+00,2.625813e+00,3.612380e+00,4.553451e+00,4.598973e+00,5.073411e+00,4.855006e+00,4.747466e+00,4.519250e+00,4.880480e+00,2.915308e+00,3.948159e+00,3.005541e+00,2.806268e+00,4.060980e+00,3.881146e+00,2.735952e+00,3.887084e+00,3.035171e+00,4.482613e+00,2.721029e+00,4.258086e+00,4.776388e+00,4.839224e+00,4.673255e+00,4.720515e+00,3.258430e+00,4.694434e+00,5.119422e+00,4.609814e+00,4.862886e+00,5.027540e+00,4.829746e+00,4.372690e+00,4.973708e+00,4.871224e+00,4.493119e+00,4.534885e+00,4.836603e+00,4.975797e+00,4.693449e+00,4.903638e+00,4.836056e+00,5.094929e+00,4.934759e+00,5.076429e+00,5.126664e+00,4.883158e+00,4.620861e+00
5.050636e+00,4.634870e+00,4.764122e+00,4.852974e+00,4.571230e+00,4.686564e+00,4.707674e+00,4.841116e+00,4.630810e+00,4.807667e+00,4.533800e+00,4.590819e+00,4.984840e+00,4.990333e+00,5.022855e+00,4.911707e+00,4.546316e+00,4.735300e+00,4.822340e+00,4.769913e+00,4.096912e+00,4.054207e+00,4.049980e+00,2.890863e+00,2.993387e+00,2.656548e+00,4.278481e+00,4.763734e+00,3.742033e+00,4.041385e+00,4.968614e+00,4.286803e+00,4.818146e+00,4.596913e+00,4.793567e+00,4.081101e+00,3.818112e+00,4.143946e+00,7.842184e+00,2.700367e+00,2.885131e+00,3.899315e+00,1.038519e+01,4.556536e+00,3.744560e+00,3.127717e+00,3.068557e+00,3.465172e+00,4.064501e+00,3.554830e+00,2.720336e+00,3.875218e+00,2.415727e+00,4.896260e+00,8.366389e+00,4.657520e+00,4.458662e+00,3.970761e+00,8.706406e+00,3.532510e+00,3.126993e+00,4.268415e+00,6.086524e+00,3.632023e+00,4.429668e+00,4.844612e+00,5.189663e+00,5.123065e+00,4.867880e+00,2.906534e+00,3.824732e+00,4.076371e+00,4.500175e+00,4.879042e+00,5.027879e+00,4.803544e+00,5.000047e+00,4.743873e+00,5.052487e+00,4.739919e+00,4.724555e+00,4.150528e+00,3.006934e+00,3.170258e+00,3.677366e+00,2.932019e+00,3.862164e+00,2.493280e+00,3.522869e+00,4.652478e+00,2.893483e+00,3.363285e+00,3.101442e+00,3.892144e+00,2.859185e+00,4.007654e+00,4.517508e+00,3.996971e+00,2.508475e+00,4.048453e+00,4.837657e+00,3.860255e+00,4.822477e+00,4.894495e+00,4.230912e+00,4.592081e+00,3.698205e+00,2.537613e+00,4.175401e+00,2.677609e+00,2.677155e+00,4.843392e+00,4.934469e+00,4.380057e+00,4.613964e+00,4.905041e+00,4.811198e+00,4.907659e+00,4.538926e+00,4.599067e+00,4.792681e+00,4.764929e+00,4.987355e+00,4.964275e+00,4.863304e+00,4.801857e+00,4.687165e+00,3.676897e+00,3.833357e+00,4.662518e+00,2.618299e+00,3.876441e+00,2.600026e+00,3.165635e+00,2.990799e+00,4.817258e+00,5.971603e+00,4.275274e+00,3.730882e+00,4.100075e+00,3.138381e+00,3.142187e+00,3.574799e+00,4.730762e+00,4.492836e+00,4.672358e+00,4.929518e+00,5.242550e+00,4.477595e+00,4.776955e+00,4.432833e+00,4.625251e+00,4.451880e+00,4.846010e+00,5.068089e+00,9.440826e+00,2.683747e+00,4.727537e+00,4.299760e+00,4.563598e+00,1.031783e+01,3.885818e+00,2.978609e+00,3.949629e+00,4.365731e+00,5.553500e+00,3.279334e+00,4.142269e+00,4.410042e+00,3.739156e+00,3.613288e+00,3.961087e+00,4.796613e+00,4.778958e+00,3.969639e+00,4.824611e+00,3.948753e+00,2.826029e+00,3.141895e+00,4.358552e+00,2.982663e+00,4.590502e+00,3.354195e+00,4.340967e+00,4.115948e+00,2.980338e+00,3.889173e+00,4.603478e+00,3.705405e+00,3.839437e+00,3.753980e+00,4.941129e+00,4.439032e+00,5.095641e+00,4.928056e+00,4.874355e+00,4.369213e+00,4.342311e+00,3.281207e+00,4.896432e+00,4.867749e+00,5.182557e+00,4.893869e+00,4.780105e+00,4.719740e+00,4.964582e+00,4.950159e+00,5.025649e+00,4.698066e+00,4.855672e+00,4.834727e+00,4.887265e+00,4.775438e+00,4.468889e+00,4.863284e+00
4.533710e+00,4.931643e+00,4.814930e+00,4.621472e+00,4.655104e+00,4.642178e+00,4.930519e+00,4.870036e+00,4.832417e+00,4.959704e+00,4.894144e+00,4.882501e+00,4.805166e+00,4.712349e+00,4.913927e+00,4.824326e+00,4.677099e+00,4.878706e+00,5.058012e+00,4.586376e+00,3.578298e+00,3.994280e+00,3.782031e+00,3.264336e+00,4.692494e+00,4.492644e+00,4.367641e+00,4.086276e+00,4.796336e+00,3.753009e+00,4.349682e+00,4.605858e+00,4.897931e+00,4.800851e+00,4.458908e+00,4.481318e+00,5.209411e+00,5.004204e+00,3.619412e+00,6.721722e+00,3.603346e+00,3.481456e+00,3.671692e+00,4.880040e+00,2.653327e+00,3.709079e+00,3.561612e+00,4.902307e+00,3.184570e+00,2.614637e+00,6.374648e+00,4.725090e+00,3.994392e+00,3.324399e+00,5.806233e+00,4.706472e+00,4.945781e+00,3.801747e+00,3.611521e+00,3.048598e+00,4.221496e+00,9.575930e+00,4.073503e+00,3.459526e+00,2.960971e+00,4.826043e+00,4.841070e+00,4.871488e+00,4.847334e+00,4.330597e+00,3.618667e+00,3.338646e+00,4.896503e+00,5.006229e+00,5.080194e+00,4.903448e+00,4.998284e+00,4.629141e+00,4.834196e+00,3.603771e+00,2.702690e+00,4.491068e+00,4.735455e+00,4.197579e+00,4.847769e+00,4.093191e+00,3.645841e+00,2.675666e+00,3.891843e+00,3.468982e+00,2.668141e+00,2.469453e+00,3.198199e+00,3.370692e+00,3.798351e+00,3.571092e+00,4.300750e+00,2.768726e+00,4.099373e+00,3.872351e+00,3.443571e+00,4.464718e+00,4.189255e+00,4.551428e+00,3.248216e+00,4.261890e+00,4.060340e+00,4.562205e+00,3.983852e+00,3.901444e+00,3.464678e+00,4.287761e+00,4.872744e+00,4.763429e+00,2.939007e+00,4.509000e+00,5.319204e+00,4.712498e+00,4.888217e+00,4.701099e+00,4.767615e+00,4.921696e+00,3.669859e+00,4.212311e+00,4.974243e+00,3.796906e+00,4.208929e+00,4.896007e+00,4.376097e+00,4.387971e+00,4.352665e+00,4.549267e+00,3.569885e+00,2.932297e+00,3.290352e+00,5.077787e+00,4.646508e+00,4.038436e+00,4.435799e+00,4.292373e+00,4.105481e+00,2.731748e+00,3.485684e+00,4.342718e+00,4.839994e+00,3.648487e+00,4.453606e+00,4.948610e+00,4.855015e+00,4.805594e+00,4.814351e+00,4.879117e+00,4.869730e+00,4.763806e+00,3.315662e+00,3.219674e+00,3.251058e+00,4.535849e+00,2.507939e+00,4.575561e+00,2.529638e+00,2.996330e+00,3.707494e+00,3.977000e+00,2.737695e+00,5.897313e+00,3.998531e+00,3.658707e+00,4.189910e+00,4.921851e+00,3.308118e+00,3.108621e+00,4.488712e+00,4.970561e+00,4.850592e+00,5.057648e+00,3.181339e+00,4.634775e+00,3.628740e+00,3.916814e+00,4.576886e+00,3.366915e+00,4.574082e+00,4.851628e+00,4.659241e+00,2.978127e+00,4.613830e+00,4.766964e+00,4.075209e+00,4.645285e+00,4.706751e+00,4.983005e+00,5.050529e+00,4.743554e+00,4.632307e+00,4.629757e+00,4.931295e+00,4.207609e+00,4.808133e+00,2.947800e+00,5.088094e+00,4.253470e+00,4.922861e+00,4.823238e+00,4.883187e+00,4.811738e+00,4.895134e+00,4.914702e+00,4.680540e+00,4.693068e+00,4.810321e+00,4.950655e+00,5.221902e+00,4.731953e+00,4.927924e+00
4.972404e+00,4.874966e+00,4.702481e+00,4.962787e+00,4.735753e+00,4.825490e+00,4.764798e+00,4.888416e+00,4.836162e+00,5.068988e+00,4.884630e+00,4.284730e+00,4.978220e+00,4.774519e+00,4.975031e+00,5.027698e+00,4.933379e+00,5.014050e+00,4.742269e+00,4.468560e+00,4.917487e+00,4.470519e+00,4.317420e+00,2.770316e+00,2.862454e+00,5.206061e+00,3.374853e+00,5.689780e+00,2.939556e+00,4.970767e+00,5.174160e+00,4.984599e+00,5.072648e+00,4.935618e+00,4.992665e+00,2.566794e+00,5.807037e+00,4.004949e+00,4.082790e+00,3.775711e+00,2.902409e+00,4.250292e+00,3.083407e+00,4.037225e+00,3.175031e+00,4.231764e+00,4.255655e+00,4.566797e+00,4.466710e+00,3.711418e+00,3.219054e+00,3.857094e+00,4.071532e+00,4.889068e+00,3.465280e+00,4.660951e+00,3.026359e+00,9.059002e+00,4.590356e+00,5.016480e+00,5.854665e+00,3.748906e+00,4.174493e+00,4.523769e+00,4.549394e+00,5.045700e+00,4.836766e+00,4.776564e+00,3.884140e+00,4.371486e+00,3.661867e+00,4.056354e+00,4.760623e+00,4.864709e+00,5.083308e+00,4.709722e+00,4.664428e+00,4.714035e+00,4.664881e+00,3.177557e+00,4.359124e+00,4.423251e+00,4.594290e+00,4.859708e+00,4.436503e+00,3.965584e+00,2.814641e+00,3.156890e+00,3.966279e+00,3.236631e+00,3.390316e+00,3.679752e+00,4.251733e+00,3.815656e+00,2.916834e+00,5.770178e+00,2.856147e+00,4.280002e+00,5.122058e+00,4.357978e+00,2.902599e+00,4.451802e+00,3.123795e+00,4.412822e+00,2.628777e+00,3.074415e+00,3.069076e+00,3.873340e+00,4.207262e+00,4.082503e+00,3.654993e+00,4.704972e+00,4.576835e+00,4.911604e+00,4.642146e+00,4.618121e+00,4.286929e+00,4.869607e+00,4.736778e+00,4.931361e+00,4.845993e+00,4.914287e+00,4.371447e+00,2.718480e+00,4.613697e+00,4.891386e+00,4.724274e+00,5.063628e+00,4.893016e+00,4.741136e+00,4.226301e+00,4.414661e+00,3.173704e+00,4.082665e+00,2.426923e+00,4.960883e+00,7.221934e+00,5.259563e+00,2.791573e+00,3.628094e+00,3.442528e+00,4.561840e+00,2.632432e+00,3.286941e+00,4.963654e+00,4.476047e+00,4.670241e+00,4.061928e+00,5.015768e+00,4.948811e+00,4.382121e+00,4.925912e+00,5.024791e+00,4.760782e+00,3.898870e+00,2.938819e+00,3.649083e+00,3.239865e+00,3.657975e+00,3.968318e+00,4.997978e+00,4.305384e+00,3.662099e+00,4.714348e+00,3.333607e+00,4.260153e+00,4.820806e+00,4.158843e+00,3.684574e+00,4.706344e+00,3.612877e+00,3.751845e+00,4.994664e+00,4.870415e+00,4.521208e+00,3.355690e+00,4.474576e+00,4.177252e+00,3.629120e+00,5.254196e+00,4.481403e+00,2.592024e+00,4.837111e+00,4.762707e+00,3.963032e+00,3.213045e+00,4.979519e+00,3.711150e+00,4.814586e+00,4.535294e+00,4.719732e+00,3.664886e+00,4.925204e+00,4.623825e+00,5.110496e+00,4.867672e+00,4.507324e+00,3.517286e+00,3.987337e+00,4.160026e+00,4.843802e+00,4.607257e+00,4.909754e+00,4.575186e+00,4.852250e+00,4.631658e+00,4.822658e+00,4.738925e+00,4.900717e+00,5.122971e+00,4.883565e+00,5.002489e+00,4.625200e+00,4.922519e+00,4.739384e+00
4.821390e+00,4.746412e+00,4.911122e+00,4.822967e+00,4.623739e+00,4.600900e+00,4.915221e+00,4.568341e+00,4.826328e+00,4.971122e+00,4.422006e+00,4.842143e+00,4.369117e+00,4.980393e+00,4.838529e+00,4.551905e+00,4.985583e+00,4.441025e+00,4.817776e+00,4.578719e+00,4.872040e+00,3.642380e+00,3.698509e+00,3.971129e+00,4.926146e+00,3.323069e+00,4.513038e+00,3.983206e+00,4.351288e+00,4.909098e+00,4.452588e+00,5.096708e+00,4.848047e+00,4.959007e+00,4.904876e+00,4.331601e+00,8.195193e+00,4.156476e+00,4.020485e+00,8.960585e+00,4.402462e+00,3.029936e+00,2.232405e+00,2.552715e+00,3.008383e+00,2.898483e+00,9.126012e+00,3.516384e+00,4.267317e+00,3.901652e+00,3.405923e+00,2.979393e+00,4.357684e+00,4.764627e+00,4.793561e+00,5.217328e+00,5.014682e+00,2.971990e+00,5.506878e+00,4.708902e+00,2.585649e+00,4.289360e+00,4.062408e+00,4.503267e+00,2.859714e+00,4.797729e+00,4.829891e+00,4.291565e+00,4.569325e+00,3.733662e+00,3.876305e+00,4.566948e+00,4.819398e+00,4.780984e+00,4.964633e+00,4.760197e+00,5.260787e+00,4.604217e+00,4.562065e+00,4.906809e+00,4.542846e+00,4.232606e+00,3.026813e+00,3.369481e+00,3.627483e+00,3.904716e+00,2.572839e+00,2.791861e+00,3.725616e+00,4.700327e+00,2.576143e+00,4.138241e+00,7.079724e+00,2.693515e+00,4.795600e+00,3.940788e+00,3.706822e+00,3.577932e+00,3.976714e+00,4.615709e+00,3.652542e+00,4.972215e+00,4.125119e+00,4.764797e+00,4.295684e+00,2.690141e+00,2.721810e+00,2.699703e+00,3.648096e+00,4.602160e+00,4.103190e+00,4.827122e+00,4.871761e+00,4.874782e+00,4.719717e+00,2.660363e+00,4.826275e+00,4.730878e+00,4.343873e+00,4.869824e+00,4.789673e+00,4.874067e+00,4.826181e+00,4.469320e+00,2.699542e+00,4.214964e+00,4.426725e+00,4.422748e+00,4.319698e+00,4.661879e+00,3.992642e+00,3.975829e+00,4.199169e+00,4.702282e+00,4.919943e+00,4.301681e+00,9.086977e+00,4.450297e+00,2.883635e+00,3.521619e+00,2.709197e+00,3.937144e+00,3.622849e+00,4.872268e+00,4.670467e+00,4.736938e+00,4.887131e+00,4.747466e+00,4.990219e+00,4.663833e+00,4.649431e+00,4.868859e+00,4.751025e+00,3.115684e+00,9.447560e+00,3.720658e+00,4.395468e+00,3.226313e+00,3.476385e+00,3.999002e+00,3.841717e+00,8.605315e+00,4.781875e+00,4.693376e+00,2.099147e+00,3.485690e+00,3.341638e+00,2.999143e+00,3.727930e+00,2.615013e+00,3.114276e+00,3.225494e+00,4.687098e+00,4.852333e+00,4.993843e+00,3.936240e+00,3.675676e+00,4.654140e+00,2.852327e+00,3.175958e+00,4.236665e+00,4.422351e+00,3.595041e+00,4.981668e+00,4.971632e+00,4.050993e+00,4.267279e+00,4.695796e+00,3.969866e+00,3.983506e+00,4.451035e+00,4.399476e+00,4.813651e+00,4.807891e+00,4.924745e+00,4.755225e+00,4.983492e+00,5.614466e+00,4.519258e+00,4.043517e+00,4.685467e+00,4.536525e+00,4.745796e+00,4.856959e+00,4.774312e+00,4.794925e+00,4.782964e+00,5.022598e+00,4.954343e+00,4.642955e+00,4.636240e+00,4.829580e+00,4.393507e+00,4.717039e+00,4.800678e+00
4.793077e+00,4.322882e+00,4.427447e+00,5.014132e+00,4.709165e+00,4.687920e+00,4.875205e+00,4.595065e+00,4.955382e+00,4.879103e+00,5.041957e+00,4.798806e+00,4.667641e+00,5.122463e+00,4.835053e+00,4.606484e+00,4.951494e+00,4.471620e+00,4.846187e+00,4.801680e+00,4.941162e+00,4.860932e+00,4.895034e+00,3.256791e+00,4.392310e+00,5.420833e+00,4.600824e+00,4.070432e+00,2.508532e+00,4.187373e+00,4.593445e+00,4.964461e+00,4.311669e+00,4.868006e+00,3.678738e+00,3.191049e+00,4.453897e+00,4.866223e+00,3.339510e+00,4.754681e+00,3.768924e+00,3.310363e+00,7.329988e+00,3.571541e+00,3.238833e+00,2.770781e+00,4.749493e+00,3.238196e+00,4.308440e+00,2.183494e+00,4.672976e+00,4.430076e+00,3.099597e+00,4.062589e+00,4.921409e+00,3.556325e+00,3.513985e+00,4.921108e+00,5.487523e+00,3.198202e+00,4.192624e+00,4.057518e+00,3.671442e+00,4.426614e+00,4.757507e+00,5.034951e+00,4.787916e+00,4.439525e+00,4.576598e+00,4.024871e+00,3.624939e+00,4.964583e+00,4.531569e+00,4.520186e+00,4.844546e+00,4.761265e+00,4.910713e+00,3.399157e+00,3.962405e+00,4.849856e+00,3.139935e+00,3.790223e+00,4.851441e+00,4.810602e+00,3.621870e+00,4.348506e+00,3.021031e+00,3.411031e+00,4.083428e+00,3.937420e+00,2.886899e+00,2.922090e+00,3.916974e+00,4.394564e+00,4.405901e+00,7.831666e+00,4.712831e+00,4.803400e+00,4.959104e+00,4.198724e+00,3.940852e+00,4.491725e+00,4.335509e+00,3.162426e+00,4.218989e+00,4.774868e+00,4.430232e+00,3.363803e+00,4.500405e+00,4.423689e+00,4.357189e+00,4.986370e+00,4.425968e+00,4.971570e+00,4.461631e+00,3.229924e+00,3.551989e+00,4.628674e+00,4.861644e+00,4.495227e+00,4.674253e+00,4.572371e+00,5.105165e+00,4.984394e+00,4.689740e+00,4.361876e+00,3.286106e+00,2.415208e+00,5.083555e+00,4.599499e+00,4.901135e+00,4.277909e+00,3.567248e+00,4.708791e+00,4.412702e+00,2.752376e+00,4.508514e+00,2.967724e+00,3.959206e+00,3.518291e+00,4.130870e+00,3.574757e+00,4.793661e+00,4.964470e+00,4.863927e+00,4.933436e+00,4.958502e+00,4.785401e+00,3.768886e+00,4.602706e+00,3.717452e+00,4.874272e+00,4.956063e+00,6.104377e+00,4.078195e+00,4.640639e+00,2.741761e+00,4.169411e+00,4.120280e+00,4.914430e+00,3.063048e+00,2.732959e+00,3.282106e+00,3.511105e+00,5.103991e+00,3.109921e+00,3.085033e+00,3.551101e+00,2.643407e+00,3.177008e+00,4.301984e+00,4.733878e+00,4.817461e+00,3.464913e+00,4.630401e+00,4.347191e+00,4.721186e+00,4.598531e+00,4.262437e+00,2.867202e+00,3.581155e+00,3.687457e+00,3.074739e+00,4.099526e+00,4.171328e+00,3.902000e+00,4.311666e+00,4.998230e+00,4.959394e+00,4.155590e+00,4.029287e+00,5.061190e+00,4.983295e+00,4.785053e+00,4.715915e+00,4.782927e+00,4.092306e+00,3.807131e+00,4.126425e+00,4.654948e+00,4.883541e+00,4.417671e+00,4.915144e+00,4.454075e+00,4.829867e+00,4.672460e+00,4.677124e+00,5.007862e+00,4.541365e+00,4.620465e+00,5.020625e+00,4.741750e+00,4.947412e+00,4.857143e+00,4.648025e+00
4.889510e+00,4.835555e+00,4.954306e+00,4.771865e+00,4.864332e+00,4.693691e+00,4.776243e+00,4.686002e+00,4.821040e+00,4.825499e+00,4.744450e+00,4.819232e+00,4.885627e+00,4.891343e+00,4.740272e+00,4.702157e+00,4.755024e+00,5.022096e+00,5.014387e+00,4.793389e+00,4.707104e+00,3.622530e+00,4.511052e+00,4.347903e+00,4.148387e+00,3.505391e+00,4.695490e+00,4.173715e+00,3.978535e+00,4.600320e+00,3.038758e+00,4.808649e+00,4.846941e+00,4.569851e+00,3.671573e+00,3.198008e+00,4.955556e+00,4.367073e+00,3.131378e+00,5.799922e+00,3.287954e+00,4.937992e+00,4.122789e+00,4.054600e+00,4.553071e+00,3.257197e+00,4.189448e+00,2.899919e+00,4.009205e+00,7.174472e+00,3.537387e+00,4.291773e+00,2.489563e+00,5.010020e+00,4.946857e+00,4.077140e+00,4.044782e+00,3.887270e+00,4.081527e+00,3.857405e+00,3.444543e+00,4.375466e+00,4.547637e+00,4.049597e+00,3.642466e+00,4.874063e+00,5.031177e+00,4.650849e+00,4.802964e+00,4.924354e+00,3.162072e+00,4.437885e+00,4.841655e+00,4.760028e+00,4.857236e+00,4.956679e+00,4.656064e+00,4.452933e+00,4.925407e+00,4.583561e+00,4.870458e+00,4.544206e+00,4.498111e+00,4.460964e+00,4.816277e+00,4.365612e+00,3.911805e+00,3.848707e+00,4.248162e+00,4.021544e+00,2.576718e+00,3.068246e+00,3.819747e+00,4.407084e+00,4.484502e+00,4.555965e+00,3.071501e+00,3.138192e+00,4.318998e+00,3.041962e+00,4.009090e+00,3.595323e+00,4.348613e+00,5.052453e+00,4.638128e+00,4.505046e+00,4.217511e+00,4.085318e+00,3.724234e+00,3.304087e+00,4.680524e+00,4.671477e+00,4.982833e+00,4.712866e+00,3.200374e+00,5.064956e+00,3.959074e+00,4.729704e+00,5.095108e+00,4.558761e+00,4.881497e+00,4.555871e+00,4.561573e+00,4.701084e+00,4.999736e+00,4.634904e+00,3.745745e+00,2.770654e+00,3.895453e+00,4.896628e+00,4.983363e+00,4.392847e+00,4.629172e+00,4.557716e+00,4.604286e+00,3.276225e+00,4.023180e+00,4.066475e+00,4.648788e+00,2.779260e+00,3.645938e+00,4.321174e+00,4.369774e+00,4.958989e+00,5.032245e+00,4.517695e+00,4.696669e+00,4.564535e+00,4.768351e+00,4.651054e+00,4.693982e+00,5.033451e+00,4.988519e+00,4.504044e+00,6.067630e+00,5.186582e+00,3.159503e+00,3.757478e+00,3.841185e+00,4.069400e+00,3.887543e+00,4.572455e+00,3.499101e+00,4.550735e+00,3.403912e+00,4.013717e+00,4.651848e+00,4.523372e+00,4.629779e+00,4.787920e+00,4.252332e+00,4.724881e+00,4.894210e+00,4.622802e+00,5.160537e+00,5.071160e+00,2.858341e+00,3.414549e+00,4.423915e+00,3.508588e+00,4.008822e+00,3.141208e+00,4.739637e+00,4.921518e+00,4.467212e+00,4.473083e+00,4.560925e+00,4.635983e+00,4.799150e+00,4.393899e+00,4.518171e+00,4.627006e+00,4.409118e+00,4.928472e+00,4.793013e+00,4.844601e+00,4.509014e+00,4.117042e+00,4.021489e+00,4.987593e+00,5.000938e+00,4.851262e+00,4.805816e+00,5.044622e+00,4.897292e+00,4.545034e+00,4.820285e+00,4.788435e+00,4.883929e+00,4.937066e+00,4.768258e+00,4.663226e+00,3.909491e+00,5.062231e+00,4.567250e+00
4.774562e+00,4.808695e+00,4.282998e+00,4.871972e+00,4.715339e+00,3.997988e+00,4.922233e+00,4.858334e+00,4.862549e+00,5.009890e+00,4.854752e+00,4.603818e+00,4.197659e+00,5.123595e+00,4.902608e+00,4.867441e+00,4.837271e+00,4.484220e+00,4.637810e+00,5.097043e+00,4.746446e+00,4.594154e+00,4.886561e+00,4.392907e+00,3.371235e+00,4.743517e+00,3.893402e+00,4.301105e+00,4.384772e+00,4.328705e+00,4.459043e+00,4.704641e+00,4.533828e+00,5.074439e+00,3.250606e+00,2.601555e+00,3.726082e+00,3.846200e+00,4.232332e+00,4.340350e+00,5.022277e+00,7.012113e+00,4.365753e+00,2.955526e+00,3.921004e+00,3.571384e+00,4.373243e+00,3.983939e+00,3.772702e+00,3.076449e+00,3.540664e+00,4.536707e+00,4.838890e+00,4.802651e+00,4.553618e+00,4.923233e+00,4.741323e+00,4.686582e+00,5.049934e+00,4.828740e+00,5.105400e+00,4.992622e+00,3.304873e+00,4.445116e+00,4.456502e+00,5.031440e+00,5.034102e+00,4.782635e+00,4.491948e+00,2.475216e+00,4.058357e+00,4.766620e+00,5.002332e+00,4.751617e+00,4.986170e+00,4.786032e+00,4.930605e+00,2.887616e+00,4.786831e+00,3.222746e+00,4.703295e+00,4.534739e+00,4.228284e+00,4.774637e+00,4.623880e+00,4.148609e+00,2.687948e+00,3.885850e+00,3.023471e+00,3.522844e+00,3.498572e+00,2.746531e+00,4.522862e+00,3.743648e+00,3.827430e+00,4.413639e+00,3.316647e+00,2.891392e+00,3.589218e+00,5.028312e+00,4.185133e+00,2.658375e+00,2.874836e+00,4.659909e+00,5.027721e+00,4.262711e+00,4.019953e+00,4.568851e+00,4.436188e+00,4.988756e+00,4.864024e+00,4.901945e+00,4.786707e+00,4.909432e+00,4.619019e+00,2.451184e+00,4.533955e+00,4.826788e+00,4.978707e+00,4.405390e+00,2.788634e+00,3.593352e+00,4.788269e+00,4.950758e+00,4.812419e+00,4.335952e+00,2.771061e+00,4.020987e+00,3.709642e+00,3.809086e+00,3.752347e+00,4.638601e+00,4.862477e+00,3.405682e+00,4.740489e+00,3.611320e+00,3.692177e+00,3.693213e+00,3.140052e+00,4.865025e+00,5.019406e+00,4.444418e+00,4.554836e+00,5.015604e+00,5.003394e+00,4.629718e+00,4.851577e+00,4.779285e+00,4.693762e+00,4.690447e+00,4.755488e+00,4.929574e+00,7.325693e+00,2.570544e+00,4.891046e+00,5.040360e+00,4.145092e+00,3.229819e+00,4.824488e+00,4.012134e+00,3.230661e+00,4.132374e+00,4.105533e+00,6.988832e+00,4.178770e+00,2.896764e+00,3.910876e+00,3.263114e+00,2.625527e+00,3.931993e+00,2.803591e+00,4.662603e+00,5.163131e+00,5.016154e+00,4.119475e+00,4.045623e+00,3.426881e+00,4.752508e+00,4.375625e+00,3.478797e+00,4.196739e+00,3.175202e+00,3.890845e+00,4.912717e+00,4.673200e+00,2.741118e+00,3.094273e+00,2.746487e+00,4.674916e+00,4.958099e+00,4.849117e+00,4.998001e+00,4.955864e+00,4.552544e+00,4.858714e+00,4.736377e+00,4.491417e+00,4.545014e+00,4.559819e+00,4.496609e+00,3.677459e+00,4.921056e+00,4.710609e+00,4.801770e+00,4.855266e+00,5.073483e+00,4.697548e+00,4.852177e+00,4.948022e+00,4.866846e+00,5.018853e+00,4.891635e+00,4.679511e+00,4.834380e+00,4.671962e+00
4.752838e+00,4.979119e+00,4.533187e+00,4.984517e+00,4.806281e+00,4.629546e+00,4.728216e+00,4.892663e+00,4.719281e+00,4.813461e+00,4.178897e+00,4.587397e+00,3.290474e+00,4.415194e+00,4.748465e+00,4.755591e+00,4.656154e+00,4.835020e+00,4.980947e+00,4.873343e+00,3.070945e+00,3.885051e+00,3.529167e+00,4.851197e+00,2.989933e+00,4.258955e+00,3.628955e+00,2.543478e+00,3.660314e+00,3.676027e+00,3.610966e+00,4.589282e+00,5.064073e+00,4.864045e+00,3.422897e+00,4.087939e+00,4.941733e+00,4.124283e+00,3.595933e+00,4.472767e+00,5.246608e+00,7.210922e+00,8.783642e+00,4.793431e+00,4.001014e+00,2.443101e+00,4.604855e+00,2.786291e+00,3.696579e+00,2.831967e+00,4.227375e+00,9.032205e+00,5.027395e+00,4.848158e+00,3.745969e+00,4.617845e+00,4.734928e+00,4.216198e+00,3.788124e+00,4.380365e+00,5.140181e+00,4.707486e+00,5.004310e+00,4.780702e+00,4.688028e+00,4.730785e+00,4.845653e+00,4.845268e+00,4.272932e+00,3.005671e+00,4.834477e+00,5.085809e+00,4.959785e+00,4.964315e+00,4.777619e+00,4.787840e+00,4.419115e+00,4.909660e+00,4.759067e+00,4.194143e+00,4.008553e+00,4.938262e+00,4.776850e+00,3.245260e+00,3.014132e+00,4.558214e+00,4.492955e+00,3.692341e+00,7.031013e+00,3.968093e+00,4.587886e+00,4.202905e+00,3.331700e+00,3.803438e+00,3.908924e+00,3.077791e+00,4.477451e+00,2.984562e+00,3.541689e+00,4.835153e+00,3.596043e+00,4.076194e+00,3.737946e+00,4.950141e+00,4.930326e+00,4.642011e+00,4.319398e+00,4.165017e+00,3.133780e+00,4.544777e+00,4.101853e+00,4.482338e+00,4.390926e+00,5.253484e+00,2.803053e+00,3.255598e+00,3.531877e+00,5.096097e+00,4.798968e+00,4.833063e+00,4.660603e+00,3.113219e+00,4.347108e+00,5.042853e+00,4.648006e+00,4.846757e+00,4.669450e+00,4.344929e+00,3.305575e+00,5.243000e+00,4.848286e+00,4.687467e+00,4.902930e+00,4.856814e+00,5.005111e+00,4.794849e+00,4.838471e+00,4.695185e+00,4.855653e+00,4.444898e+00,4.339251e+00,4.893406e+00,5.259083e+00,4.675477e+00,4.962041e+00,4.694805e+00,4.771959e+00,4.834248e+00,4.724249e+00,5.046349e+00,4.933074e+00,2.599133e+00,9.034332e+00,4.040371e+00,4.720394e+00,2.613875e+00,2.419631e+00,3.220046e+00,2.565798e+00,2.542868e+00,3.363289e+00,3.668614e+00,3.980689e+00,4.549789e+00,3.137390e+00,4.568195e+00,4.172100e+00,4.564170e+00,3.380911e+00,4.183752e+00,4.849176e+00,4.815658e+00,4.999458e+00,5.048336e+00,4.194008e+00,2.350848e+00,3.748222e+00,3.957535e+00,3.812641e+00,3.705570e+00,4.992761e+00,4.533131e+00,3.046914e+00,2.574033e+00,4.196933e+00,4.359677e+00,4.719554e+00,4.637385e+00,5.005134e+00,4.179422e+00,4.919618e+00,4.678141e+00,4.934778e+00,4.912750e+00,4.845357e+00,4.351309e+00,4.081757e+00,4.374775e+00,3.326745e+00,4.568744e+00,4.497796e+00,4.864599e+00,4.939501e+00,5.029698e+00,5.044655e+00,5.046050e+00,4.980151e+00,4.890422e+00,4.771454e+00,4.995849e+00,4.724210e+00,4.793164e+00,4.749183e+00,4.810676e+00,4.506340e+00
4.798943e+00,4.981225e+00,4.860474e+00,4.860674e+00,4.927632e+00,4.540316e+00,4.900828e+00,4.808031e+00,4.659401e+00,5.004071e+00,4.783289e+00,4.548017e+00,4.233821e+00,4.402407e+00,4.627819e+00,4.905900e+00,4.321458e+00,5.008479e+00,4.866091e+00,4.804259e+00,4.999101e+00,4.890938e+00,4.047205e+00,2.899578e+00,4.086745e+00,3.116027e+00,4.218328e+00,4.674998e+00,4.823875e+00,5.070514e+00,5.345543e+00,2.596513e+00,4.603768e+00,5.069820e+00,5.217765e+00,4.701620e+00,2.732017e+00,3.036322e+00,3.416497e+00,2.997100e+00,2.126040e+00,3.478390e+00,3.968148e+00,3.182815e+00,5.423598e+00,3.772147e+00,3.716988e+00,3.920134e+00,3.785413e+00,2.908323e+00,4.310566e+00,4.614384e+00,5.063884e+00,4.676109e+00,4.251616e+00,4.967798e+00,4.835587e+00,4.225438e+00,4.273588e+00,4.997287e+00,2.792422e+00,3.092735e+00,3.915328e+00,4.858971e+00,5.119210e+00,5.080356e+00,4.492079e+00,3.868563e+00,2.620988e+00,4.111579e+00,4.825819e+00,4.826967e+00,4.708226e+00,4.784360e+00,4.599481e+00,5.005180e+00,3.398913e+00,4.339732e+00,4.233317e+00,5.002287e+00,4.058457e+00,4.261092e+00,4.416677e+00,4.987007e+00,4.600063e+00,4.024116e+00,4.271183e+00,3.126568e+00,3.402941e+00,4.977212e+00,2.646882e+00,2.659266e+00,3.511115e+00,4.022476e+00,3.417793e+00,4.238533e+00,4.032433e+00,3.393724e+00,4.881884e+00,3.732174e+00,4.059845e+00,4.889045e+00,4.890467e+00,4.798664e+00,4.557837e+00,4.802663e+00,4.378863e+00,4.720137e+00,4.333119e+00,4.583998e+00,4.296335e+00,4.212771e+00,4.497000e+00,4.795172e+00,7.971520e+00,4.597939e+00,4.951329e+00,4.226278e+00,3.453308e+00,4.921111e+00,4.924594e+00,4.938682e+00,3.470299e+00,4.683453e+00,5.071580e+00,4.900649e+00,3.939094e+00,3.982180e+00,3.504685e+00,3.092445e+00,5.111147e+00,4.591704e+00,4.868147e+00,4.802201e+00,3.409894e+00,4.781928e+00,4.226807e+00,4.874757e+00,4.729854e+00,4.910571e+00,4.444664e+00,4.317225e+00,5.007878e+00,4.644687e+00,4.979695e+00,4.808221e+00,4.787873e+00,4.705377e+00,4.533885e+00,4.977867e+00,3.646298e+00,5.527864e+00,3.171133e+00,2.918365e+00,3.613249e+00,3.824758e+00,2.531001e+00,3.758916e+00,2.818695e+00,4.500076e+00,3.175072e+00,4.578561e+00,3.395252e+00,3.698084e+00,2.622418e+00,3.321624e+00,3.382334e+00,4.398233e+00,2.574493e+00,4.648209e+00,4.867878e+00,5.032431e+00,4.711620e+00,4.266929e+00,4.596641e+00,3.930506e+00,4.065724e+00,2.797471e+00,2.417869e+00,4.816182e+00,4.806954e+00,2.916437e+00,3.118443e+00,4.687902e+00,2.809271e+00,4.486747e+00,3.948993e+00,3.344372e+00,4.782178e+00,4.880704e+00,4.941796e+00,4.952585e+00,5.104655e+00,5.061235e+00,4.884998e+00,4.672517e+00,3.655915e+00,3.038910e+00,4.770078e+00,4.820173e+00,4.784801e+00,4.707586e+00,4.855719e+00,5.108265e+00,4.644190e+00,4.977298e+00,4.903285e+00,4.891320e+00,5.010377e+00,5.096161e+00,4.547807e+00,4.924719e+00,4.557850e+00,4.895128e+00,5.090452e+00
4.562967e+00,4.759042e+00,5.033538e+00,4.834694e+00,4.829076e+00,4.618619e+00,4.827266e+00,4.875954e+00,4.673898e+00,4.859745e+00,4.550108e+00,4.340745e+00,3.284361e+00,4.496630e+00,5.065015e+00,4.920463e+00,5.064378e+00,4.926870e+00,4.891386e+00,4.794126e+00,4.833439e+00,4.352975e+00,4.822141e+00,4.209982e+00,3.659310e+00,2.793668e+00,2.530752e+00,3.456957e+00,3.081035e+00,3.976957e+00,4.432535e+00,5.123784e+00,4.722566e+00,4.953618e+00,5.066495e+00,4.804367e+00,3.800832e+00,4.496273e+00,4.390089e+00,4.033820e+00,4.616848e+00,3.461951e+00,4.604885e+00,4.647772e+00,4.540981e+00,3.786094e+00,3.154288e+00,4.358186e+00,4.731048e+00,4.482000e+00,5.025958e+00,4.848550e+00,5.001864e+00,5.021086e+00,4.066854e+00,4.686770e+00,4.559476e+00,4.927952e+00,3.157500e+00,4.692653e+00,3.945762e+00,nan,3.390088e+00,2.138825e+00,4.516148e+00,4.391432e+00,5.080396e+00,4.510294e+00,4.759764e+00,4.167832e+00,4.672284e+00,4.777646e+00,5.066165e+00,4.926337e+00,4.602389e+00,4.388717e+00,5.140580e+00,4.380677e+00,3.081129e+00,4.689441e+00,4.967591e+00,3.754556e+00,4.877151e+00,4.061954e+00,4.496797e+00,4.434294e+00,4.552954e+00,3.526307e+00,4.078055e+00,4.492235e+00,2.924061e+00,3.223694e+00,4.706608e+00,3.399610e+00,4.428364e+00,3.754184e+00,4.646390e+00,3.954512e+00,2.719584e+00,4.699277e+00,3.533354e+00,4.387548e+00,4.936057e+00,4.825562e+00,4.950498e+00,4.945024e+00,5.056512e+00,4.767390e+00,4.740822e+00,4.648243e+00,4.421228e+00,4.691404e+00,4.816175e+00,4.713237e+00,4.338906e+00,3.796685e+00,3.571724e+00,2.506539e+00,4.852193e+00,4.911053e+00,4.855153e+00,4.809828e+00,4.940388e+00,4.634305e+00,3.700815e+00,5.029210e+00,4.980636e+00,5.074718e+00,3.622088e+00,3.674531e+00,4.817598e+00,4.885791e+00,4.581305e+00,4.612957e+00,4.791760e+00,4.560728e+00,4.931720e+00,4.254215e+00,4.193164e+00,4.911224e+00,4.729698e+00,4.540439e+00,4.388351e+00,4.518873e+00,4.941601e+00,4.553946e+00,4.676301e+00,4.559084e+00,4.753840e+00,4.371223e+00,4.115754e+00,3.083564e+00,1.030581e+01,5.013845e+00,9.625660e+00,3.574659e+00,3.887758e+00,3.711774e+00,2.804745e+00,4.518240e+00,3.905178e+00,3.210857e+00,3.165356e+00,4.448098e+00,2.566237e+00,3.807693e+00,3.928804e+00,3.378169e+00,5.054361e+00,3.808602e+00,4.369928e+00,4.772279e+00,4.721757e+00,3.540332e+00,4.150950e+00,3.982980e+00,3.990001e+00,2.870032e+00,4.359237e+00,3.034514e+00,2.978009e+00,3.158891e+00,2.876221e+00,3.020920e+00,4.454205e+00,4.513384e+00,4.502085e+00,4.853245e+00,4.747623e+00,4.783651e+00,4.785802e+00,4.659949e+00,4.724486e+00,5.018056e+00,4.496442e+00,4.498518e+00,3.899719e+00,3.808927e+00,4.499796e+00,4.949922e+00,4.868055e+00,4.582507e+00,5.028423e+00,4.727281e+00,4.897595e+00,4.867186e+00,4.580837e+00,4.508716e+00,4.732735e+00,4.969651e+00,4.738483e+00,4.794264e+00,4.599099e+00,5.048333e+00,4.949216e+00
4.689698e+00,4.880873e+00,4.444921e+00,4.948026e+00,4.626840e+00,4.874395e+00,4.987338e+00,4.920319e+00,4.986399e+00,4.941102e+00,4.322395e+00,5.024344e+00,3.584583e+00,4.847484e+00,4.841582e+00,4.841646e+00,4.900255e+00,4.714401e+00,5.095892e+00,4.997760e+00,4.989766e+00,5.069536e+00,4.952870e+00,4.513289e+00,3.071749e+00,4.425039e+00,2.890866e+00,3.409976e+00,5.886338e+00,4.031008e+00,3.262319e+00,4.798373e+00,4.528240e+00,4.803893e+00,4.963610e+00,4.680413e+00,4.556494e+00,4.804935e+00,4.753651e+00,5.024798e+00,4.151634e+00,4.871310e+00,2.635250e+00,4.790916e+00,4.821013e+00,4.899676e+00,4.659594e+00,4.837289e+00,4.894080e+00,4.886055e+00,4.085511e+00,4.659284e+00,4.755078e+00,4.522476e+00,4.347087e+00,3.305732e+00,1.022760e+01,3.172804e+00,9.525815e+00,3.002295e+00,3.384579e+00,3.051539e+00,9.127208e+00,4.072176e+00,4.958533e+00,4.901215e+00,4.519957e+00,4.866530e+00,4.792655e+00,4.988570e+00,4.889299e+00,5.044553e+00,4.461258e+00,5.088716e+00,4.828690e+00,3.964237e+00,4.599103e+00,4.502378e+00,2.790309e+00,4.532101e+00,4.847596e+00,5.030100e+00,4.395373e+00,4.636277e+00,4.773492e+00,3.937182e+00,4.836268e+00,4.431865e+00,4.136323e+00,3.957157e+00,2.613021e+00,2.712924e+00,3.182839e+00,4.279670e+00,3.423001e+00,4.015843e+00,3.804137e+00,4.236614e+00,4.837365e+00,4.710954e+00,4.700858e+00,4.884281e+00,4.725674e+00,4.999997e+00,4.866299e+00,5.073387e+00,5.000969e+00,4.706116e+00,4.574719e+00,4.739956e+00,5.053234e+00,3.664973e+00,4.863533e+00,4.216115e+00,3.269414e+00,3.227762e+00,3.480346e+00,4.942673e+00,4.964492e+00,5.074946e+00,5.204115e+00,4.933817e+00,4.723014e+00,5.015231e+00,4.973028e+00,5.028141e+00,4.793289e+00,4.777508e+00,4.880471e+00,4.591893e+00,3.853040e+00,4.793930e+00,4.881210e+00,4.662357e+00,4.932260e+00,5.029704e+00,4.932657e+00,4.927253e+00,4.950583e+00,4.701134e+00,4.991886e+00,4.822316e+00,4.253470e+00,3.423392e+00,4.698589e+00,4.613332e+00,4.829941e+00,4.446935e+00,5.086919e+00,8.798470e+00,3.809910e+00,3.768136e+00,3.466094e+00,3.483721e+00,3.668497e+00,3.241559e+00,2.461889e+00,3.233547e+00,3.856364e+00,3.306547e+00,2.640060e+00,4.910843e+00,4.293107e+00,3.307591e+00,4.676477e+00,3.272201e+00,4.306775e+00,3.122093e+00,3.693427e+00,4.766474e+00,3.501062e+00,2.766547e+00,2.595970e+00,2.708767e+00,4.566529e+00,4.504119e+00,2.296468e+00,4.247562e+00,4.357530e+00,3.195021e+00,4.140370e+00,3.211731e+00,4.800829e+00,4.681769e+00,3.522337e+00,4.742707e+00,4.959470e+00,3.967020e+00,5.052115e+00,4.952045e+00,4.928772e+00,4.967284e+00,4.669514e+00,4.898783e+00,5.126020e+00,4.059216e+00,3.291080e+00,2.372862e+00,4.764354e+00,3.861300e+00,4.758802e+00,5.073982e+00,4.734938e+00,4.680675e+00,4.434357e+00,4.874364e+00,4.896108e+00,4.774291e+00,4.774458e+00,4.756182e+00,5.008703e+00,4.802339e+00,4.806044e+00,4.809086e+00,4.796165e+00
4.737365e+00,4.754107e+00,4.777672e+00,4.693358e+00,4.597723e+00,4.820869e+00,4.889089e+00,4.879333e+00,4.727165e+00,4.820335e+00,4.975299e+00,5.081317e+00,2.902104e+00,4.748350e+00,4.766514e+00,4.836151e+00,5.037636e+00,4.840574e+00,4.385792e+00,4.613905e+00,4.717053e+00,4.804013e+00,4.928434e+00,3.974100e+00,2.735589e+00,3.326588e+00,4.382377e+00,4.780700e+00,4.614381e+00,3.472255e+00,4.507746e+00,3.895947e+00,3.746130e+00,4.604398e+00,5.091376e+00,4.566074e+00,4.984822e+00,4.906331e+00,4.943849e+00,4.860226e+00,4.774537e+00,4.564417e+00,4.885410e+00,4.841289e+00,4.226824e+00,5.125542e+00,3.477613e+00,3.813761e+00,4.532173e+00,3.521045e+00,4.645915e+00,4.884679e+00,4.898213e+00,5.007472e+00,5.717341e+00,3.568483e+00,5.479627e+00,1.007145e+01,4.267834e+00,4.050564e+00,3.165042e+00,7.349338e+00,3.652598e+00,3.109868e+00,4.313879e+00,4.020415e+00,5.050160e+00,5.153094e+00,4.898288e+00,4.531426e+00,4.945512e+00,4.871413e+00,4.979186e+00,4.743362e+00,4.229700e+00,4.442639e+00,4.193183e+00,3.014514e+00,2.980442e+00,4.619245e+00,5.065311e+00,4.491662e+00,4.910844e+00,4.078437e+00,4.916955e+00,4.621606e+00,4.941496e+00,3.094187e+00,4.023395e+00,4.116306e+00,4.096938e+00,4.635088e+00,4.142871e+00,4.700555e+00,4.440872e+00,3.932259e+00,2.659047e+00,2.256211e+00,4.648303e+00,4.382031e+00,4.911531e+00,4.986068e+00,4.929989e+00,4.887011e+00,4.783737e+00,4.872551e+00,4.828196e+00,4.615554e+00,4.881393e+00,4.770406e+00,4.808508e+00,4.899145e+00,4.471603e+00,4.812419e+00,4.587247e+00,4.740463e+00,4.766391e+00,4.882036e+00,4.723418e+00,4.418448e+00,4.895005e+00,4.972281e+00,4.977434e+00,4.233509e+00,4.715987e+00,4.634507e+00,4.925697e+00,4.922280e+00,4.643563e+00,4.758307e+00,4.952587e+00,4.935064e+00,4.855959e+00,4.927400e+00,4.792921e+00,5.030630e+00,4.971591e+00,4.724424e+00,4.408418e+00,4.962806e+00,4.871237e+00,4.665037e+00,4.899112e+00,5.004677e+00,4.920749e+00,4.886887e+00,4.839074e+00,5.026500e+00,7.510372e+00,6.044136e+00,3.400751e+00,2.826983e+00,6.442868e+00,3.890049e+00,4.489651e+00,7.978184e+00,3.683574e+00,4.461190e+00,4.475521e+00,4.387443e+00,3.964073e+00,2.817729e+00,4.515745e+00,2.901379e+00,2.402944e+00,4.541427e+00,4.678373e+00,4.478074e+00,4.551248e+00,4.342505e+00,3.130976e+00,4.134256e+00,4.307207e+00,2.812010e+00,4.445833e+00,2.681709e+00,3.987138e+00,3.375348e+00,4.439210e+00,3.423708e+00,3.784608e+00,3.977952e+00,3.236572e+00,4.902311e+00,4.696553e+00,4.500982e+00,4.135239e+00,3.834241e+00,4.791165e+00,5.015541e+00,4.102897e+00,4.552720e+00,4.653167e+00,4.723213e+00,4.752163e+00,2.532347e+00,3.846480e+00,4.403455e+00,4.880635e+00,4.834700e+00,4.957684e+00,5.038758e+00,5.065638e+00,5.169137e+00,4.518092e+00,4.607365e+00,4.892984e+00,4.758689e+00,4.885902e+00,4.588047e+00,4.909878e+00,4.824050e+00,5.111489e+00,4.826603e+00,4.932170e+00
4.732603e+00,4.763324e+00,4.694987e+00,4.882762e+00,4.557137e+00,4.742083e+00,4.473890e+00,4.708450e+00,4.928080e+00,4.994459e+00,5.037159e+00,4.932346e+00,4.243994e+00,4.517966e+00,3.886049e+00,4.834350e+00,4.883004e+00,4.485992e+00,4.947985e+00,4.612221e+00,4.954680e+00,4.925341e+00,3.493213e+00,3.802739e+00,2.593483e+00,3.157758e+00,3.642570e+00,2.455889e+00,4.356565e+00,2.848150e+00,5.456976e+00,7.277620e+00,3.957944e+00,5.010362e+00,4.962302e+00,4.922416e+00,5.130848e+00,4.975700e+00,4.547896e+00,4.304016e+00,4.570463e+00,4.782103e+00,4.143902e+00,2.599573e+00,4.855863e+00,5.065215e+00,4.241990e+00,4.367980e+00,4.968233e+00,4.963689e+00,5.038308e+00,4.716695e+00,2.946753e+00,5.290459e+00,4.532222e+00,7.257970e+00,8.711359e+00,8.401784e+00,5.555928e+00,2.972891e+00,9.322635e+00,4.567264e+00,3.110410e+00,3.404773e+00,3.812998e+00,5.133206e+00,4.615516e+00,4.835410e+00,4.610860e+00,5.015668e+00,4.493082e+00,5.049515e+00,4.310589e+00,4.501386e+00,4.895954e+00,4.617495e+00,3.001658e+00,3.388363e+00,3.551617e+00,4.811912e+00,3.985738e+00,4.618041e+00,4.812148e+00,4.940510e+00,3.714917e+00,4.836007e+00,5.101916e+00,4.329503e+00,4.952659e+00,4.863761e+00,4.990930e+00,4.689511e+00,4.626349e+00,2.865187e+00,4.546029e+00,4.407918e+00,4.467982e+00,3.150868e+00,4.965981e+00,4.929332e+00,4.937231e+00,4.568220e+00,4.571985e+00,5.068299e+00,4.956423e+00,4.462106e+00,5.209133e+00,4.249182e+00,3.533123e+00,4.699018e+00,5.015366e+00,4.949790e+00,4.895434e+00,4.635154e+00,4.565838e+00,4.296316e+00,4.712940e+00,4.815090e+00,4.758402e+00,4.981933e+00,4.484175e+00,5.041350e+00,4.814525e+00,5.267087e+00,4.527106e+00,5.029284e+00,4.901389e+00,4.795477e+00,4.224433e+00,4.502692e+00,4.448248e+00,4.946708e+00,4.936745e+00,4.351354e+00,4.763046e+00,4.996854e+00,4.965307e+00,4.978224e+00,4.930473e+00,4.900292e+00,4.858327e+00,5.035173e+00,4.335871e+00,5.092725e+00,5.025565e+00,4.743673e+00,4.053274e+00,5.366735e+00,5.700653e+00,4.322434e+00,5.268338e+00,4.078794e+00,3.674137e+00,4.369414e+00,2.625077e+00,3.398869e+00,2.539261e+00,2.745065e+00,4.229935e+00,2.752578e+00,4.046549e+00,3.660654e+00,4.814079e+00,4.169771e+00,4.585759e+00,3.953197e+00,4.856865e+00,4.647919e+00,4.857407e+00,4.046725e+00,3.222523e+00,3.577888e+00,4.772045e+00,2.932779e+00,2.373052e+00,4.213114e+00,2.745874e+00,3.779533e+00,4.758860e+00,4.150467e+00,4.148044e+00,4.400456e+00,4.398183e+00,4.870168e+00,4.790568e+00,4.275402e+00,4.781743e+00,3.024223e+00,4.320147e+00,3.700162e+00,4.409012e+00,4.795620e+00,4.852295e+00,4.868767e+00,4.596837e+00,2.457553e+00,2.433461e+00,4.341636e+00,4.945719e+00,4.778097e+00,4.755798e+00,4.981771e+00,4.598801e+00,4.616053e+00,4.958663e+00,4.853155e+00,4.855956e+00,4.865404e+00,4.447448e+00,4.906043e+00,4.872130e+00,4.847921e+00,4.980858e+00,4.677634e+00,4.774154e+00
4.481056e+00,4.933010e+00,4.848370e+00,4.764463e+00,5.052501e+00,4.855943e+00,4.937105e+00,4.944471e+00,4.738484e+00,4.951881e+00,4.981586e+00,4.904169e+00,4.890375e+00,4.873933e+00,4.591483e+00,4.253230e+00,4.894837e+00,4.959795e+00,5.014956e+00,4.905962e+00,5.008602e+00,4.756102e+00,4.759676e+00,3.643902e+00,4.356886e+00,3.588953e+00,3.372587e+00,4.064478e+00,3.518805e+00,4.487209e+00,2.423491e+00,3.314967e+00,3.176493e+00,3.046179e+00,5.090642e+00,2.496267e+00,2.551898e+00,4.269491e+00,4.603940e+00,4.915955e+00,4.948268e+00,2.420613e+00,3.452324e+00,3.806943e+00,4.657628e+00,4.729787e+00,5.220090e+00,4.707721e+00,3.300842e+00,4.766477e+00,4.221818e+00,3.682213e+00,4.557122e+00,3.943804e+00,6.468037e+00,8.802744e+00,5.824755e+00,3.848044e+00,5.143487e+00,8.171575e+00,3.038931e+00,5.028391e+00,2.184015e+00,4.623503e+00,4.631596e+00,2.706045e+00,4.153222e+00,4.950306e+00,4.839099e+00,4.796107e+00,4.976059e+00,4.856902e+00,4.539322e+00,4.275356e+00,4.658938e+00,4.311983e+00,3.005243e+00,4.566408e+00,3.255978e+00,4.234406e+00,3.810497e+00,4.582092e+00,5.093562e+00,4.985512e+00,4.732109e+00,4.729660e+00,4.846674e+00,4.852836e+00,4.763352e+00,4.921731e+00,4.896848e+00,4.925627e+00,4.758132e+00,5.161409e+00,4.319724e+00,4.783624e+00,4.642524e+00,4.685363e+00,4.665787e+00,4.607511e+00,4.600180e+00,4.601093e+00,4.645684e+00,4.750187e+00,4.608683e+00,4.762006e+00,4.852175e+00,4.641792e+00,4.769004e+00,4.632667e+00,4.908906e+00,5.121316e+00,5.064033e+00,4.878547e+00,5.040680e+00,4.570811e+00,4.556585e+00,5.113622e+00,4.691773e+00,4.983130e+00,5.189589e+00,4.947278e+00,4.897245e+00,4.498556e+00,4.902532e+00,4.990517e+00,4.736729e+00,4.912536e+00,4.921552e+00,4.870404e+00,4.941802e+00,4.992471e+00,4.735073e+00,4.707423e+00,4.728550e+00,4.875373e+00,4.878033e+00,4.724629e+00,4.449491e+00,4.795931e+00,4.807055e+00,4.874329e+00,4.951021e+00,4.823099e+00,5.034096e+00,5.055194e+00,5.281418e+00,8.832830e+00,7.703191e+00,3.378422e+00,3.560296e+00,3.786977e+00,3.031096e+00,2.422006e+00,4.190870e+00,6.993315e+00,3.549815e+00,4.122848e+00,3.991475e+00,2.990492e+00,4.018613e+00,2.945745e+00,4.082988e+00,3.360873e+00,3.563750e+00,2.785710e+00,4.230420e+00,3.732566e+00,2.889691e+00,2.856756e+00,2.646556e+00,4.670128e+00,3.101175e+00,3.086401e+00,5.326486e+00,4.222638e+00,4.774925e+00,4.683837e+00,4.067641e+00,4.696094e+00,4.812401e+00,3.520314e+00,4.431287e+00,4.227503e+00,3.560753e+00,4.896409e+00,4.828076e+00,5.166659e+00,4.737610e+00,4.926757e+00,4.829329e+00,4.762748e+00,4.997303e+00,4.055509e+00,4.857644e+00,2.808184e+00,4.925072e+00,4.559158e+00,4.652995e+00,4.318848e+00,4.906175e+00,4.836103e+00,4.836017e+00,4.996078e+00,4.889157e+00,4.415615e+00,4.759222e+00,4.836010e+00,4.942949e+00,5.051818e+00,4.645829e+00,4.808041e+00,4.876319e+00,4.591628e+00,4.998724e+00
4.975202e+00,4.991805e+00,4.864453e+00,4.798936e+00,4.622603e+00,4.189763e+00,4.994531e+00,4.717515e+00,4.732752e+00,4.746353e+00,4.857108e+00,4.989318e+00,4.819809e+00,4.940228e+00,2.928421e+00,3.663014e+00,4.620297e+00,4.912777e+00,4.904419e+00,4.970133e+00,4.892114e+00,4.546050e+00,4.495447e+00,3.078760e+00,4.581004e+00,4.096703e+00,3.652083e+00,3.937586e+00,4.143332e+00,2.761602e+00,5.313020e+00,5.305282e+00,3.797851e+00,4.556478e+00,4.598055e+00,4.353508e+00,3.575672e+00,3.776186e+00,4.439134e+00,3.679503e+00,4.537697e+00,4.463085e+00,5.045054e+00,4.438059e+00,2.553997e+00,3.848433e+00,2.389030e+00,3.007002e+00,4.673945e+00,4.897671e+00,3.656843e+00,3.891244e+00,3.569646e+00,6.164695e+00,4.215297e+00,9.193831e+00,4.223943e+00,2.858530e+00,5.749078e+00,3.387945e+00,5.714130e+00,8.290675e+00,4.640273e+00,5.753603e+00,4.008929e+00,4.556736e+00,4.919701e+00,4.728595e+00,5.123506e+00,4.637095e+00,4.982565e+00,4.971944e+00,4.817940e+00,4.967034e+00,4.957255e+00,4.899553e+00,4.781516e+00,4.557797e+00,2.628293e+00,4.545580e+00,4.865144e+00,5.030812e+00,4.693411e+00,4.887235e+00,4.753971e+00,4.856678e+00,4.783409e+00,4.981183e+00,4.666139e+00,4.641924e+00,4.976838e+00,4.874134e+00,4.769303e+00,4.971362e+00,5.077446e+00,4.812699e+00,4.879691e+00,4.944808e+00,4.836482e+00,5.014780e+00,5.037844e+00,4.862636e+00,3.692055e+00,4.864249e+00,4.941287e+00,4.674206e+00,4.914819e+00,4.720581e+00,4.942947e+00,5.043564e+00,4.673621e+00,4.786677e+00,4.692796e+00,4.922246e+00,4.639808e+00,4.887768e+00,4.853044e+00,4.848309e+00,4.695304e+00,4.588051e+00,4.727596e+00,4.470673e+00,4.633852e+00,5.066546e+00,4.738121e+00,4.671182e+00,4.702755e+00,5.085864e+00,4.854230e+00,4.890267e+00,5.031943e+00,4.800568e+00,4.985498e+00,4.881978e+00,4.772349e+00,4.460340e+00,4.875189e+00,4.982889e+00,4.914570e+00,4.389026e+00,5.014649e+00,4.798374e+00,4.794811e+00,4.981607e+00,3.873925e+00,3.495171e+00,4.536378e+00,2.460205e+00,4.988528e+00,4.369308e+00,8.986232e+00,4.046450e+00,2.433568e+00,2.768442e+00,2.781426e+00,4.183645e+00,2.780629e+00,3.643860e+00,3.762580e+00,4.118251e+00,3.391280e+00,4.467104e+00,3.019033e+00,3.528923e+00,4.415705e+00,2.880986e+00,4.616649e+00,4.596417e+00,2.761882e+00,4.652430e+00,2.516681e+00,4.064592e+00,4.828024e+00,3.144968e+00,2.357956e+00,3.353615e+00,2.953334e+00,4.537726e+00,4.039973e+00,4.821913e+00,4.594102e+00,4.122137e+00,3.649494e+00,3.112195e+00,4.888276e+00,4.846615e+00,2.787298e+00,4.684919e+00,4.927614e+00,5.061418e+00,5.184445e+00,4.833726e+00,4.829628e+00,4.527802e+00,4.726318e+00,3.253595e+00,4.917830e+00,4.883336e+00,4.330259e+00,4.940992e+00,4.662087e+00,4.830888e+00,4.996347e+00,4.968713e+00,4.860423e+00,4.965449e+00,4.763154e+00,4.875301e+00,4.860994e+00,5.032689e+00,4.597567e+00,5.065075e+00,5.019233e+00,4.858043e+00,4.504144e+00
4.962651e+00,4.962119e+00,4.634582e+00,4.892894e+00,4.810535e+00,4.862906e+00,4.926343e+00,4.978256e+00,5.066103e+00,4.513496e+00,4.855026e+00,4.823458e+00,4.893275e+00,4.916769e+00,4.627962e+00,4.389573e+00,4.931033e+00,5.009297e+00,4.784573e+00,4.822450e+00,5.070408e+00,4.972791e+00,4.981703e+00,4.964298e+00,4.974634e+00,3.457294e+00,4.590343e+00,4.198329e+00,4.029242e+00,3.290070e+00,3.626642e+00,3.134453e+00,4.909801e+00,3.484968e+00,4.495735e+00,4.527676e+00,4.615704e+00,4.752663e+00,4.351073e+00,3.828087e+00,5.323276e+00,3.499434e+00,2.734150e+00,8.162996e+00,4.225115e+00,5.498255e+00,3.233997e+00,4.789755e+00,3.136527e+00,3.296509e+00,3.984956e+00,9.308918e+00,4.438281e+00,3.539006e+00,4.030278e+00,3.514800e+00,4.374927e+00,4.312179e+00,2.552963e+00,3.358536e+00,3.533454e+00,3.898811e+00,4.191842e+00,4.167355e+00,2.143131e+00,2.539353e+00,3.318979e+00,4.869225e+00,4.628590e+00,4.630086e+00,5.036913e+00,4.816607e+00,4.425030e+00,4.569063e+00,4.710683e+00,4.875338e+00,3.617757e+00,2.733204e+00,3.265269e+00,4.376718e+00,4.585909e+00,4.239976e+00,4.827391e+00,4.973286e+00,4.851964e+00,4.906489e+00,4.854300e+00,4.885872e+00,4.864127e+00,4.707571e+00,5.041907e+00,4.868213e+00,4.896187e+00,4.760846e+00,4.728684e+00,4.872697e+00,4.771651e+00,4.993903e+00,5.079029e+00,4.803651e+00,4.848247e+00,4.836477e+00,5.002842e+00,4.815964e+00,4.887007e+00,4.828596e+00,4.998695e+00,4.793261e+00,4.590465e+00,4.963217e+00,4.310278e+00,4.923071e+00,4.702880e+00,4.690928e+00,4.370191e+00,4.949629e+00,4.786499e+00,4.171817e+00,3.023420e+00,4.271005e+00,4.535292e+00,4.682553e+00,4.745271e+00,4.888845e+00,4.882445e+00,5.063426e+00,4.955390e+00,4.716563e+00,4.932192e+00,4.969205e+00,4.644143e+00,4.863315e+00,4.620923e+00,4.308874e+00,4.611116e+00,4.852061e+00,4.775387e+00,4.827074e+00,4.860935e+00,5.155003e+00,4.898762e+00,4.868077e+00,4.818085e+00,4.335465e+00,4.761841e+00,5.754636e+00,3.215386e+00,3.815368e+00,4.684369e+00,4.719891e+00,4.723311e+00,4.338331e+00,2.744776e+00,4.631204e+00,2.525189e+00,3.129552e+00,4.631316e+00,3.945856e+00,3.143147e+00,4.050004e+00,4.536424e+00,4.550928e+00,4.143624e+00,4.563092e+00,2.889783e+00,3.556923e+00,4.193120e+00,2.455209e+00,4.318263e+00,4.169142e+00,2.554483e+00,2.583672e+00,3.945363e+00,2.442232e+00,3.840108e+00,3.230690e+00,7.286806e+00,4.187954e+00,3.103034e+00,2.356721e+00,4.259451e+00,3.772947e+00,4.962339e+00,4.762805e+00,3.625042e+00,4.755146e+00,5.088970e+00,4.795085e+00,4.860669e+00,4.875551e+00,5.030505e+00,4.686542e+00,4.931629e+00,4.031953e+00,3.979961e+00,4.234519e+00,4.923817e+00,4.813676e+00,4.880054e+00,4.736779e+00,4.959902e+00,4.821095e+00,4.916211e+00,5.030479e+00,4.848553e+00,4.676167e+00,4.821633e+00,5.058573e+00,4.540571e+00,4.752662e+00,4.871242e+00,4.911643e+00,4.989520e+00,4.680338e+00,4.727380e+00
4.782810e+00,4.994333e+00,4.864727e+00,4.843448e+00,4.810337e+00,4.771165e+00,4.827373e+00,4.929931e+00,4.878565e+00,4.850604e+00,4.676338e+00,4.701340e+00,4.931499e+00,4.214658e+00,4.939006e+00,2.573517e+00,5.044433e+00,4.791961e+00,4.444641e+00,4.903497e+00,5.057290e+00,4.585510e+00,5.083516e+00,4.483270e+00,4.883750e+00,3.451319e+00,4.346240e+00,4.002991e+00,3.255839e+00,4.376974e+00,3.835441e+00,5.128915e+00,3.375517e+00,3.592890e+00,4.843957e+00,3.263636e+00,2.769294e+00,3.356430e+00,3.589346e+00,3.311054e+00,6.098543e+00,3.897590e+00,5.649949e+00,2.630529e+00,4.197718e+00,5.007164e+00,4.410989e+00,9.281491e+00,4.421774e+00,2.734432e+00,3.583985e+00,4.530204e+00,8.861347e+00,5.216958e+00,5.838554e+00,2.946672e+00,9.230989e+00,3.460824e+00,3.711475e+00,4.495846e+00,3.775020e+00,6.540091e+00,4.599184e+00,4.165944e+00,4.035143e+00,2.864484e+00,3.208551e+00,4.436429e+00,4.846997e+00,4.825650e+00,5.089921e+00,4.848195e+00,5.004918e+00,4.863269e+00,4.663760e+00,4.388581e+00,3.895243e+00,4.172263e+00,2.940539e+00,4.148003e+00,3.515104e+00,4.536308e+00,4.657230e+00,4.650958e+00,4.429038e+00,4.409776e+00,4.526236e+00,4.934368e+00,5.065313e+00,4.957316e+00,5.046872e+00,4.810484e+00,4.963386e+00,4.540581e+00,5.077355e+00,4.828605e+00,4.749618e+00,4.794319e+00,5.031260e+00,4.540376e+00,4.620111e+00,4.726055e+00,4.697266e+00,4.749479e+00,4.930089e+00,4.543247e+00,5.077492e+00,4.758358e+00,4.766454e+00,4.955067e+00,4.940829e+00,4.714485e+00,4.669313e+00,4.893598e+00,4.848750e+00,4.471786e+00,4.225753e+00,3.091464e+00,3.654138e+00,4.599769e+00,3.962671e+00,4.683782e+00,4.926140e+00,4.936797e+00,4.787849e+00,4.976281e+00,4.542384e+00,5.100839e+00,4.753862e+00,4.824404e+00,4.997294e+00,5.182655e+00,4.355930e+00,4.886085e+00,4.975596e+00,4.911399e+00,4.782569e+00,4.898291e+00,4.818699e+00,4.788868e+00,4.901212e+00,4.695144e+00,7.207124e+00,3.322783e+00,5.213838e+00,3.186837e+00,5.963321e+00,3.164847e+00,2.426527e+00,3.111828e+00,2.781586e+00,6.535386e+00,3.784048e+00,3.248884e+00,4.673875e+00,4.040709e+00,3.128934e+00,4.091917e+00,3.927501e+00,2.598641e+00,4.259953e+00,3.204173e+00,5.118719e+00,3.577354e+00,4.759712e+00,3.834929e+00,4.377652e+00,2.710417e+00,5.460985e+00,3.400440e+00,4.407655e+00,2.666389e+00,4.653162e+00,5.893416e+00,4.050560e+00,3.673447e+00,4.745293e+00,3.495902e+00,2.836182e+00,4.736479e+00,4.488695e+00,4.711529e+00,4.712703e+00,4.439976e+00,4.326662e+00,4.954081e+00,4.435132e+00,4.483209e+00,4.969417e+00,4.773233e+00,4.898641e+00,4.761251e+00,5.070366e+00,7.015686e+00,3.819718e+00,4.908148e+00,4.980395e+00,4.847420e+00,4.484106e+00,4.895533e+00,4.532244e+00,4.965551e+00,4.731384e+00,4.847898e+00,4.583930e+00,4.748176e+00,4.561780e+00,4.860334e+00,4.818856e+00,5.030007e+00,4.843223e+00,4.526732e+00,4.528203e+00,4.850804e+00,4.962741e+00
4.734592e+00,4.610834e+00,4.851151e+00,4.542914e+00,4.947630e+00,4.911300e+00,4.847921e+00,4.703589e+00,4.712836e+00,4.956214e+00,4.890570e+00,4.833618e+00,4.900936e+00,4.702412e+00,4.662314e+00,4.611756e+00,4.140211e+00,4.833832e+00,4.677917e+00,4.544294e+00,4.734146e+00,4.752241e+00,5.062098e+00,4.652762e+00,4.393127e+00,4.127728e+00,4.755060e+00,4.361038e+00,2.985465e+00,4.761764e+00,4.077484e+00,5.639190e+00,5.195944e+00,4.445364e+00,2.798625e+00,2.891950e+00,2.545869e+00,3.422528e+00,2.890077e+00,3.748392e+00,8.474997e+00,5.461062e+00,4.162127e+00,2.924392e+00,3.822227e+00,3.735577e+00,4.503545e+00,2.701270e+00,4.251891e+00,3.492916e+00,3.251116e+00,3.858553e+00,2.974175e+00,6.555321e+00,3.909924e+00,2.755024e+00,nan,6.005391e+00,5.335385e+00,9.482739e+00,9.287288e+00,3.646450e+00,3.047061e+00,2.928392e+00,4.246841e+00,4.349629e+00,3.878228e+00,4.483909e+00,4.749550e+00,4.824124e+00,4.936428e+00,4.386130e+00,4.738516e+00,2.925043e+00,4.441396e+00,4.562603e+00,3.466027e+00,3.963290e+00,4.933419e+00,3.465771e+00,4.333996e+00,4.912183e+00,4.289783e+00,4.720445e+00,4.676858e+00,3.204078e+00,4.411023e+00,4.668273e+00,4.448875e+00,4.936229e+00,4.903138e+00,4.792766e+00,4.504663e+00,4.549534e+00,4.742604e+00,4.731788e+00,4.831001e+00,4.848759e+00,5.059440e+00,5.006913e+00,4.809337e+00,4.987680e+00,4.899930e+00,4.670153e+00,5.043509e+00,4.916180e+00,4.683672e+00,4.971571e+00,4.583717e+00,5.051681e+00,4.337601e+00,5.024201e+00,4.927225e+00,4.727962e+00,3.356092e+00,3.191520e+00,4.801718e+00,4.306365e+00,4.819598e+00,3.911481e+00,4.332740e+00,4.717244e+00,3.692957e+00,4.444338e+00,4.760884e+00,4.822750e+00,4.979080e+00,4.688858e+00,4.649351e+00,4.904628e+00,4.845110e+00,4.833977e+00,4.754595e+00,4.530795e+00,4.669768e+00,4.598316e+00,4.856935e+00,4.868760e+00,4.835297e+00,4.799768e+00,3.081987e+00,4.243390e+00,3.415441e+00,4.168438e+00,6.760338e+00,3.964684e+00,3.155796e+00,3.038351e+00,1.004378e+01,3.769071e+00,3.717793e+00,3.114688e+00,4.104460e+00,2.432103e+00,4.145618e+00,5.236898e+00,4.763511e+00,3.667140e+00,4.186071e+00,2.603974e+00,4.214045e+00,3.851030e+00,4.221723e+00,4.266268e+00,3.928984e+00,4.607508e+00,4.348492e+00,4.171545e+00,3.405149e+00,3.307269e+00,4.253966e+00,3.183226e+00,4.732047e+00,4.107884e+00,3.129722e+00,4.464459e+00,4.222116e+00,4.622652e+00,4.103364e+00,4.375603e+00,3.620915e+00,3.236354e+00,4.762634e+00,4.857913e+00,4.852772e+00,4.455098e+00,4.852007e+00,4.979190e+00,4.999404e+00,4.857114e+00,4.943189e+00,4.740119e+00,3.225854e+00,3.170267e+00,2.472953e+00,4.297464e+00,4.973892e+00,5.067744e+00,4.908068e+00,4.976331e+00,4.821256e+00,4.643178e+00,4.943006e+00,5.130970e+00,4.962642e+00,4.898651e+00,5.008467e+00,4.770071e+00,4.575964e+00,4.631953e+00,4.932456e+00,4.831047e+00,5.018426e+00,4.322878e+00,4.398420e+00
5.027634e+00,5.092738e+00,4.687329e+00,4.768220e+00,4.588227e+00,4.985376e+00,4.965040e+00,4.936228e+00,4.545001e+00,4.828687e+00,4.387492e+00,4.927098e+00,4.665751e+00,4.818948e+00,4.194221e+00,4.885214e+00,2.878490e+00,4.821748e+00,4.636965e+00,4.951275e+00,4.979215e+00,4.422192e+00,4.968241e+00,4.607174e+00,4.201762e+00,4.727528e+00,4.001235e+00,4.238097e+00,4.638551e+00,2.792400e+00,4.123762e+00,5.014274e+00,3.588551e+00,4.485303e+00,7.353920e+00,3.877091e+00,2.777462e+00,3.130970e+00,4.272005e+00,3.507251e+00,2.779356e+00,3.099907e+00,3.587727e+00,4.474028e+00,4.382217e+00,2.945113e+00,4.294751e+00,9.453486e+00,5.031040e+00,4.865595e+00,2.371421e+00,3.702337e+00,3.828948e+00,2.403490e+00,3.596769e+00,4.841355e+00,4.292288e+00,9.404073e+00,4.515620e+00,3.657733e+00,8.293862e+00,3.336111e+00,4.569838e+00,2.630636e+00,4.672951e+00,4.439089e+00,2.900141e+00,2.776082e+00,4.893361e+00,4.923252e+00,4.696741e+00,5.057100e+00,4.954718e+00,4.687279e+00,4.872821e+00,3.284803e+00,3.335819e+00,4.912802e+00,4.138398e+00,4.850519e+00,4.361455e+00,4.627149e+00,4.792592e+00,4.695864e+00,3.477868e+00,3.409790e+00,3.172502e+00,3.074254e+00,5.033782e+00,4.954269e+00,4.720455e+00,5.162547e+00,4.817001e+00,5.021563e+00,4.365435e+00,4.741320e+00,5.033552e+00,4.581109e+00,3.838973e+00,4.465606e+00,4.714954e+00,4.391085e+00,3.055760e+00,3.716819e+00,4.404460e+00,4.060857e+00,4.769851e+00,3.900081e+00,3.655338e+00,4.575074e+00,5.128917e+00,4.743810e+00,4.092699e+00,5.481855e+00,3.136308e+00,4.287961e+00,3.944498e+00,3.205651e+00,4.613930e+00,4.397200e+00,2.794005e+00,4.000964e+00,2.716474e+00,4.286891e+00,4.561766e+00,2.828860e+00,4.889698e+00,4.777671e+00,4.285937e+00,4.993485e+00,4.721231e+00,4.323964e+00,4.419680e+00,4.976569e+00,4.642955e+00,4.861297e+00,4.848674e+00,3.762131e+00,3.402990e+00,4.215877e+00,3.052188e+00,4.014188e+00,3.704141e+00,3.361045e+00,7.539676e+00,3.620041e+00,2.604809e+00,3.435616e+00,3.903458e+00,3.348151e+00,4.362572e+00,4.164163e+00,3.547887e+00,4.470937e+00,3.442503e+00,3.172422e+00,2.401519e+00,4.563747e+00,4.530254e+00,2.885355e+00,4.070034e+00,3.189817e+00,4.473500e+00,3.917710e+00,4.716677e+00,5.097894e+00,4.808841e+00,4.679035e+00,4.695815e+00,4.032694e+00,3.760627e+00,4.048187e+00,4.091070e+00,4.004458e+00,4.750816e+00,3.599576e+00,2.800998e+00,4.590486e+00,3.535210e+00,4.604067e+00,4.670153e+00,3.076160e+00,4.442827e+00,4.573664e+00,4.671156e+00,3.222530e+00,4.663278e+00,4.823598e+00,4.979142e+00,4.860645e+00,4.605932e+00,4.648989e+00,3.802512e+00,3.034594e+00,9.622393e+00,4.665788e+00,4.482913e+00,4.906563e+00,4.779567e+00,4.889824e+00,4.829530e+00,4.849245e+00,4.828541e+00,4.874247e+00,4.871951e+00,4.975714e+00,4.771126e+00,4.773172e+00,4.701160e+00,4.933543e+00,4.727834e+00,4.744307e+00,4.519756e+00,4.797698e+00,5.076719e+00
4.292657e+00,4.524772e+00,4.574592e+00,4.855362e+00,5.011035e+00,4.658934e+00,4.682086e+00,4.929916e+00,4.934893e+00,4.725668e+00,5.053203e+00,4.906459e+00,4.966739e+00,4.309946e+00,4.683451e+00,4.972422e+00,4.836958e+00,3.888757e+00,4.920094e+00,5.080882e+00,4.647128e+00,4.906937e+00,4.535899e+00,5.090118e+00,3.632607e+00,4.443517e+00,3.918703e+00,2.706571e+00,3.089066e+00,3.008117e+00,4.722886e+00,4.287083e+00,2.743820e+00,3.243183e+00,3.613430e+00,9.466894e+00,4.554915e+00,4.085339e+00,4.253894e+00,5.941453e+00,2.991492e+00,5.477974e+00,7.768700e+00,3.415634e+00,3.099634e+00,5.361844e+00,6.662416e+00,4.613806e+00,3.040666e+00,5.003492e+00,5.444330e+00,3.095536e+00,4.702636e+00,5.527130e+00,3.250155e+00,3.233751e+00,4.075201e+00,4.031306e+00,5.559643e+00,3.615620e+00,5.002332e+00,4.112462e+00,4.671898e+00,3.419956e+00,4.092205e+00,4.881385e+00,6.292809e+00,2.733128e+00,4.453580e+00,4.949603e+00,4.963271e+00,4.491541e+00,4.845294e+00,4.681257e+00,4.890635e+00,4.668960e+00,3.279057e+00,3.554264e+00,3.792083e+00,4.949607e+00,4.029632e+00,3.642866e+00,4.094680e+00,4.470344e+00,3.841756e+00,5.742435e+00,2.677642e+00,3.929742e+00,3.533412e+00,3.151015e+00,4.668006e+00,4.590480e+00,9.355656e+00,7.244938e+00,4.099014e+00,2.719906e+00,4.787612e+00,4.921761e+00,4.279050e+00,4.985971e+00,4.911857e+00,4.675234e+00,4.838367e+00,4.930358e+00,4.892089e+00,3.413923e+00,4.766455e+00,4.176441e+00,3.930716e+00,4.386865e+00,4.344490e+00,4.118188e+00,4.490623e+00,8.836874e+00,5.017299e+00,3.072438e+00,3.528470e+00,9.328401e+00,4.796559e+00,3.610563e+00,2.875751e+00,3.598963e+00,4.361720e+00,3.054722e+00,4.484355e+00,4.760962e+00,5.079530e+00,4.417316e+00,4.938097e+00,4.901377e+00,4.906127e+00,4.947307e+00,4.741998e+00,4.979652e+00,4.884081e+00,5.021725e+00,4.099440e+00,2.515006e+00,5.111367e+00,4.580038e+00,3.975508e+00,3.979972e+00,3.329462e+00,4.708732e+00,5.177474e+00,4.907776e+00,3.586186e+00,2.438645e+00,4.442167e+00,4.031220e+00,2.730901e+00,4.315842e+00,3.738569e+00,4.677402e+00,2.892447e+00,4.096720e+00,3.322417e+00,3.883760e+00,4.453161e+00,3.467546e+00,3.191751e+00,5.595064e+00,4.285046e+00,3.536419e+00,4.346356e+00,4.790136e+00,4.753728e+00,5.094457e+00,3.245539e+00,4.745692e+00,3.179469e+00,4.761080e+00,3.356995e+00,5.391054e+00,2.816814e+00,5.364213e+00,2.953228e+00,3.685317e+00,4.031912e+00,4.791931e+00,2.521298e+00,3.818174e+00,4.137582e+00,3.358731e+00,4.675221e+00,5.071911e+00,4.728106e+00,4.498348e+00,4.816964e+00,5.008464e+00,4.889960e+00,5.011961e+00,3.970702e+00,3.938561e+00,4.417073e+00,4.536094e+00,4.960340e+00,4.659109e+00,5.131615e+00,4.599788e+00,4.960634e+00,5.048884e+00,4.337409e+00,4.970079e+00,4.484608e+00,4.873069e+00,4.948854e+00,4.582111e+00,4.622798e+00,4.519809e+00,4.756457e+00,4.749675e+00,4.847962e+00,4.812719e+00,4.783052e+00
4.905650e+00,4.556611e+00,4.612087e+00,4.397287e+00,4.590360e+00,4.317253e+00,4.994524e+00,4.314173e+00,4.737681e+00,4.459814e+00,4.940834e+00,5.011233e+00,4.721012e+00,4.968754e+00,4.803566e+00,4.880535e+00,4.687608e+00,3.195102e+00,4.801269e+00,4.644419e+00,4.907804e+00,4.681009e+00,5.122184e+00,4.738158e+00,5.061487e+00,4.948945e+00,3.863125e+00,2.973257e+00,3.470275e+00,4.034749e+00,5.684138e+00,4.778487e+00,2.393779e+00,5.459651e+00,2.920130e+00,4.265423e+00,7.280615e+00,4.163331e+00,4.482796e+00,4.588428e+00,2.366732e+00,3.505483e+00,4.314586e+00,4.927017e+00,3.812592e+00,2.624361e+00,3.735350e+00,2.781079e+00,2.985298e+00,2.964081e+00,3.019443e+00,3.359126e+00,2.601902e+00,2.560518e+00,3.444973e+00,2.638542e+00,2.514495e+00,4.162610e+00,3.074074e+00,3.890269e+00,2.723677e+00,2.788700e+00,2.332920e+00,4.701511e+00,4.533828e+00,3.511185e+00,4.474819e+00,3.523554e+00,4.281851e+00,3.812925e+00,5.025841e+00,4.817168e+00,4.845738e+00,4.607669e+00,4.755261e+00,5.021053e+00,4.240282e+00,4.617450e+00,4.879586e+00,4.375813e+00,4.255329e+00,2.521963e+00,4.662753e+00,4.756505e+00,4.164645e+00,2.634172e+00,4.661398e+00,2.978720e+00,3.314483e+00,3.824472e+00,4.949733e+00,4.413782e+00,4.858775e+00,3.986865e+00,4.462877e+00,3.140153e+00,4.062876e+00,3.099289e+00,4.640860e+00,4.853271e+00,5.055213e+00,4.093939e+00,3.339823e+00,4.709631e+00,4.525166e+00,4.007613e+00,4.202497e+00,3.796687e+00,3.255971e+00,4.074645e+00,2.359231e+00,4.444627e+00,7.202443e+00,4.291000e+00,4.046396e+00,4.031346e+00,4.817031e+00,4.878764e+00,4.670844e+00,4.521973e+00,4.879511e+00,5.057463e+00,4.950874e+00,4.800702e+00,4.995223e+00,4.824247e+00,4.840865e+00,4.761873e+00,4.823250e+00,4.445611e+00,4.812186e+00,4.809584e+00,4.275344e+00,4.559854e+00,4.876534e+00,7.587625e+00,4.757282e+00,3.478592e+00,4.665909e+00,2.816845e+00,2.921202e+00,4.902272e+00,3.046086e+00,4.503387e+00,3.007090e+00,4.180830e+00,3.159374e+00,2.903858e+00,4.204231e+00,2.967311e+00,3.588823e+00,4.785206e+00,4.416086e+00,2.834285e+00,4.462601e+00,2.813558e+00,4.229676e+00,4.770221e+00,3.885824e+00,2.771531e+00,4.286789e+00,3.123368e+00,4.787017e+00,4.724457e+00,5.008828e+00,4.954944e+00,4.951064e+00,4.774511e+00,5.062464e+00,4.478349e+00,2.407648e+00,4.175929e+00,4.149652e+00,3.071733e+00,4.286569e+00,4.756559e+00,3.375356e+00,4.571207e+00,4.686591e+00,3.385057e+00,4.463171e+00,4.301179e+00,4.286518e+00,4.523388e+00,4.780580e+00,4.158124e+00,4.901406e+00,4.947176e+00,4.786173e+00,4.847549e+00,4.007326e+00,3.233199e+00,2.969016e+00,4.193060e+00,3.260654e+00,4.747089e+00,4.977021e+00,4.904668e+00,4.978229e+00,4.660379e+00,5.039759e+00,4.759630e+00,4.696773e+00,4.649909e+00,5.022466e+00,4.556401e+00,4.722215e+00,4.738850e+00,4.955881e+00,5.029828e+00,4.476600e+00,4.563133e+00,4.851159e+00,4.988992e+00,4.966224e+00
4.976830e+00,4.875491e+00,4.795238e+00,4.844524e+00,5.042518e+00,4.791215e+00,4.659389e+00,4.832459e+00,4.974839e+00,4.890071e+00,4.725183e+00,5.006324e+00,4.764914e+00,4.875756e+00,4.677213e+00,5.023228e+00,4.615030e+00,4.341634e+00,4.772327e+00,4.834071e+00,4.676908e+00,4.893244e+00,4.378749e+00,5.043074e+00,4.717763e+00,4.902764e+00,4.526659e+00,4.671389e+00,4.014551e+00,2.764179e+00,4.515947e+00,4.569515e+00,3.060307e+00,1.983415e+00,4.863529e+00,2.853262e+00,8.619562e+00,2.964751e+00,4.194008e+00,2.673893e+00,2.382041e+00,4.413856e+00,2.704148e+00,8.425211e+00,3.402767e+00,2.865473e+00,3.983652e+00,4.279102e+00,9.435051e+00,5.090821e+00,3.278701e+00,4.657185e+00,2.616011e+00,5.396272e+00,3.295382e+00,4.772842e+00,4.900287e+00,4.223041e+00,3.980254e+00,3.320944e+00,3.608268e+00,2.637195e+00,3.553595e+00,4.949946e+00,4.505041e+00,4.090591e+00,4.169085e+00,3.352268e+00,2.749911e+00,2.536828e+00,4.631974e+00,4.771536e+00,5.166717e+00,4.715122e+00,5.031626e+00,5.138200e+00,4.449432e+00,4.600478e+00,4.923992e+00,4.726275e+00,3.093369e+00,4.278351e+00,3.047304e+00,5.275768e+00,3.842408e+00,4.332022e+00,4.769115e+00,4.840256e+00,4.659105e+00,4.992702e+00,5.030240e+00,3.404892e+00,4.883469e+00,3.434479e+00,4.754128e+00,4.656674e+00,4.882669e+00,2.573299e+00,3.827063e+00,4.429414e+00,4.945529e+00,4.931577e+00,3.193482e+00,4.729468e+00,4.704720e+00,4.148277e+00,4.243590e+00,4.520522e+00,3.219295e+00,4.319043e+00,3.049903e+00,5.613248e+00,6.421632e+00,9.172779e+00,4.313312e+00,4.611029e+00,4.986663e+00,4.783017e+00,4.440339e+00,4.865952e+00,4.715200e+00,4.818453e+00,5.010812e+00,4.844330e+00,4.666419e+00,4.901290e+00,4.575373e+00,4.857305e+00,4.991706e+00,4.845696e+00,4.705816e+00,4.272752e+00,3.022977e+00,4.422680e+00,3.886406e+00,9.657579e+00,5.643536e+00,6.219554e+00,3.911084e+00,2.797804e+00,4.322749e+00,3.558821e+00,2.719548e+00,2.576008e+00,3.990692e+00,5.263784e+00,2.907134e+00,3.725326e+00,2.866748e+00,3.587207e+00,4.706735e+00,2.686981e+00,4.090730e+00,3.896142e+00,4.708428e+00,3.087941e+00,3.566442e+00,4.393891e+00,4.429249e+00,4.540190e+00,4.133333e+00,2.822028e+00,2.791785e+00,4.650978e+00,4.855919e+00,4.943264e+00,4.567700e+00,4.920843e+00,4.000007e+00,2.896339e+00,2.888517e+00,2.834174e+00,4.378590e+00,2.603317e+00,2.826927e+00,3.624497e+00,4.452083e+00,3.315503e+00,3.595760e+00,4.438144e+00,4.923785e+00,4.654119e+00,3.653820e+00,4.683020e+00,5.179238e+00,3.412151e+00,4.855389e+00,4.614831e+00,4.966521e+00,4.925361e+00,4.843046e+00,3.513783e+00,3.606778e+00,4.643353e+00,4.220200e+00,5.213291e+00,5.040893e+00,4.912810e+00,5.014215e+00,4.890886e+00,4.874880e+00,5.038546e+00,4.909002e+00,4.810650e+00,4.886417e+00,4.911031e+00,4.523131e+00,4.817627e+00,4.948901e+00,4.954268e+00,5.192226e+00,4.889244e+00,4.354668e+00,4.747654e+00,4.710860e+00
5.009155e+00,4.949289e+00,4.987324e+00,4.813121e+00,4.892902e+00,4.312432e+00,4.937717e+00,4.975055e+00,4.929749e+00,4.862408e+00,4.989241e+00,4.693930e+00,4.901010e+00,4.849688e+00,5.021094e+00,4.752518e+00,4.526736e+00,4.953823e+00,3.798723e+00,4.734217e+00,4.945887e+00,4.429130e+00,4.974470e+00,4.816625e+00,4.802917e+00,3.848816e+00,4.808559e+00,4.442174e+00,3.421789e+00,4.334248e+00,3.587919e+00,2.745011e+00,5.082463e+00,5.198734e+00,6.851182e+00,3.797125e+00,4.112134e+00,3.693390e+00,3.310014e+00,3.726010e+00,5.261400e+00,4.377417e+00,5.084997e+00,5.288158e+00,6.111378e+00,4.337408e+00,4.365811e+00,3.402700e+00,3.864007e+00,2.932764e+00,4.545459e+00,2.458569e+00,5.577814e+00,5.636490e+00,3.074012e+00,5.511877e+00,3.506949e+00,3.334217e+00,3.082263e+00,5.397538e+00,5.840394e+00,8.654009e+00,4.660596e+00,2.895195e+00,4.521873e+00,4.807533e+00,6.111412e+00,4.732849e+00,3.857982e+00,2.652891e+00,4.615790e+00,4.644682e+00,4.948337e+00,4.800227e+00,4.926358e+00,4.999870e+00,3.894187e+00,2.627209e+00,4.785589e+00,4.591490e+00,4.535281e+00,4.336128e+00,3.597348e+00,2.616901e+00,4.785715e+00,4.049426e+00,4.978402e+00,4.141615e+00,4.705130e+00,2.857053e+00,4.952925e+00,5.013744e+00,3.950730e+00,4.657104e+00,4.867007e+00,4.659066e+00,4.585634e+00,3.574950e+00,2.815295e+00,4.961013e+00,4.472648e+00,3.675041e+00,3.397771e+00,4.512767e+00,4.790822e+00,3.635013e+00,3.193234e+00,3.334478e+00,3.763081e+00,3.921356e+00,3.713963e+00,4.619142e+00,4.364354e+00,4.768502e+00,5.003350e+00,4.685811e+00,3.349054e+00,2.912594e+00,4.321794e+00,3.914502e+00,4.823198e+00,4.748856e+00,3.209084e+00,4.777047e+00,4.252115e+00,5.015387e+00,4.690622e+00,4.780345e+00,4.938888e+00,4.483815e+00,3.050880e+00,3.375517e+00,8.007218e+00,2.717190e+00,4.866804e+00,4.399247e+00,4.482351e+00,2.537708e+00,3.689662e+00,4.405548e+00,6.806354e+00,3.388132e+00,3.086513e+00,3.239592e+00,3.622857e+00,3.570838e+00,2.512277e+00,4.227440e+00,4.378783e+00,4.109845e+00,3.612182e+00,2.622666e+00,4.761539e+00,3.452823e+00,4.083642e+00,3.146160e+00,4.096387e+00,4.111870e+00,4.791530e+00,4.014820e+00,4.505423e+00,4.655577e+00,2.449422e+00,4.806802e+00,4.649183e+00,5.037198e+00,5.041243e+00,4.643994e+00,5.031740e+00,2.766725e+00,5.294703e+00,4.722134e+00,3.714049e+00,6.448650e+00,4.639290e+00,4.055131e+00,3.905220e+00,4.332545e+00,4.131508e+00,4.210788e+00,4.648127e+00,4.204349e+00,3.828803e+00,4.813812e+00,4.740739e+00,4.888092e+00,4.933727e+00,4.947985e+00,4.652457e+00,4.962636e+00,4.413041e+00,3.928194e+00,9.138287e+00,3.343152e+00,4.279800e+00,5.023358e+00,4.696313e+00,4.654161e+00,5.020640e+00,4.885823e+00,5.029241e+00,4.921339e+00,4.809139e+00,4.720508e+00,5.088488e+00,4.799072e+00,4.682073e+00,5.002257e+00,4.898498e+00,4.696879e+00,5.025118e+00,4.979638e+00,4.540252e+00,4.985664e+00,4.739575e+00
4.923930e+00,4.378688e+00,4.918623e+00,4.849122e+00,4.812459e+00,4.468413e+00,4.854650e+00,4.976685e+00,4.867098e+00,4.769941e+00,4.564570e+00,4.973015e+00,4.875556e+00,4.492997e+00,4.915640e+00,4.831858e+00,4.625000e+00,5.031568e+00,3.161865e+00,4.821736e+00,4.797578e+00,5.000994e+00,4.952952e+00,4.774109e+00,4.867714e+00,4.802098e+00,3.879417e+00,4.606962e+00,3.162368e+00,5.505038e+00,4.275920e+00,4.473903e+00,7.754721e+00,3.298663e+00,2.528304e+00,4.485026e+00,3.252627e+00,4.280111e+00,4.162986e+00,3.122680e+00,3.804450e+00,2.997167e+00,5.768658e+00,7.684365e+00,5.066289e+00,4.682910e+00,3.855199e+00,6.074435e+00,3.526765e+00,3.987853e+00,2.707815e+00,8.580507e+00,4.754334e+00,3.805749e+00,4.403282e+00,2.917292e+00,2.410480e+00,5.429134e+00,4.799292e+00,5.748692e+00,4.769376e+00,3.774630e+00,2.869478e+00,3.217353e+00,3.214485e+00,4.308108e+00,4.299946e+00,5.442440e+00,4.791907e+00,4.693701e+00,4.398614e+00,4.776209e+00,5.086786e+00,4.849536e+00,4.900113e+00,3.938963e+00,4.891835e+00,4.757961e+00,4.246892e+00,4.835791e+00,4.108266e+00,4.628963e+00,3.096828e+00,4.297946e+00,3.519823e+00,4.638367e+00,5.040412e+00,5.054537e+00,4.830239e+00,4.802892e+00,5.074950e+00,4.701621e+00,4.647947e+00,3.273681e+00,4.823655e+00,4.794692e+00,3.316275e+00,2.905954e+00,3.933205e+00,4.623978e+00,4.919165e+00,4.853676e+00,3.484405e+00,4.768775e+00,4.787813e+00,2.650243e+00,5.630654e+00,3.853860e+00,9.395846e+00,3.817470e+00,3.963761e+00,2.930939e+00,4.650459e+00,4.942343e+00,4.705186e+00,3.326348e+00,3.820632e+00,4.836989e+00,2.779054e+00,2.731021e+00,2.991187e+00,4.700540e+00,3.854002e+00,3.543878e+00,3.861657e+00,2.897017e+00,3.542695e+00,4.745515e+00,4.032882e+00,2.763256e+00,3.297679e+00,3.822464e+00,5.960801e+00,4.527467e+00,9.406361e+00,4.528391e+00,2.214817e+00,4.745566e+00,3.438297e+00,4.332140e+00,3.755875e+00,3.770895e+00,4.798690e+00,3.255137e+00,4.422296e+00,2.460343e+00,3.432791e+00,3.945308e+00,5.009227e+00,4.343698e+00,2.622264e+00,5.553976e+00,4.621014e+00,3.924777e+00,4.361910e+00,3.024314e+00,4.860269e+00,4.232452e+00,4.498250e+00,3.866069e+00,3.185903e+00,2.825841e+00,4.847372e+00,4.946577e+00,3.121253e+00,4.290534e+00,4.417378e+00,3.638345e+00,3.026363e+00,4.590159e+00,4.679740e+00,4.404802e+00,3.077157e+00,4.207790e+00,3.058344e+00,3.677169e+00,3.644641e+00,2.675296e+00,4.707896e+00,3.103078e+00,4.447319e+00,3.389751e+00,4.536847e+00,3.200115e+00,4.901317e+00,4.765212e+00,4.840376e+00,4.731039e+00,4.773391e+00,4.968382e+00,2.999386e+00,3.156946e+00,4.485235e+00,4.786443e+00,4.933168e+00,5.125508e+00,4.772581e+00,4.952303e+00,4.944696e+00,5.063053e+00,4.729964e+00,4.882386e+00,4.889249e+00,4.834793e+00,4.993189e+00,4.868582e+00,4.472870e+00,5.053200e+00,4.952268e+00,4.500893e+00,4.944336e+00,4.962792e+00,5.070745e+00,4.808937e+00,4.519467e+00
4.811915e+00,4.920456e+00,4.957891e+00,4.590733e+00,4.995452e+00,4.718970e+00,4.975388e+00,4.880229e+00,4.888411e+00,4.868987e+00,4.794267e+00,4.351882e+00,5.021275e+00,4.826382e+00,4.787307e+00,4.975041e+00,4.455098e+00,4.024832e+00,4.094902e+00,3.171373e+00,4.376802e+00,4.904458e+00,4.555341e+00,4.818731e+00,5.207804e+00,4.946525e+00,4.317135e+00,3.159958e+00,4.599098e+00,3.165090e+00,2.795796e+00,4.348609e+00,2.600928e+00,4.114711e+00,6.027073e+00,4.966080e+00,5.331458e+00,2.703418e+00,4.940646e+00,4.080976e+00,4.116281e+00,3.172044e+00,4.130016e+00,4.607704e+00,5.693832e+00,2.972364e+00,4.532537e+00,4.106124e+00,4.960936e+00,4.967874e+00,3.309044e+00,2.841874e+00,3.507267e+00,5.152178e+00,2.672962e+00,2.980319e+00,1.009200e+01,2.915247e+00,4.748701e+00,4.066607e+00,3.651916e+00,3.882899e+00,3.771530e+00,4.190949e+00,6.355248e+00,3.523613e+00,3.421252e+00,2.113729e+00,3.200998e+00,9.430376e+00,3.400299e+00,4.596927e+00,4.862303e+00,4.942244e+00,4.795949e+00,4.971381e+00,4.855311e+00,4.882662e+00,4.754531e+00,4.876794e+00,4.873715e+00,4.831674e+00,4.767869e+00,4.974923e+00,4.678437e+00,5.086232e+00,4.142615e+00,4.241410e+00,5.130634e+00,4.967717e+00,4.370072e+00,4.900320e+00,4.684441e+00,5.007778e+00,5.092473e+00,4.578752e+00,4.842453e+00,3.522498e+00,4.748263e+00,4.503948e+00,4.844388e+00,4.912728e+00,3.156340e+00,4.678191e+00,4.004397e+00,3.725028e+00,4.006827e+00,3.549298e+00,4.264463e+00,4.240804e+00,5.083546e+00,4.978506e+00,4.970621e+00,3.220714e+00,3.949376e+00,3.955334e+00,4.607890e+00,3.165774e+00,5.279878e+00,3.816691e+00,2.617521e+00,4.923310e+00,2.717726e+00,2.997959e+00,3.760596e+00,4.743801e+00,4.690605e+00,4.749260e+00,3.955008e+00,5.064169e+00,5.123104e+00,4.053844e+00,2.463811e+00,2.802187e+00,3.771312e+00,4.105754e+00,9.367150e+00,4.350775e+00,2.513388e+00,5.257047e+00,8.572798e+00,3.600960e+00,3.789514e+00,5.889153e+00,4.320365e+00,2.500763e+00,3.702452e+00,3.091305e+00,4.403944e+00,5.148205e+00,4.042592e+00,5.487665e+00,3.075567e+00,3.463549e+00,2.891011e+00,3.372073e+00,4.143975e+00,4.545361e+00,4.453275e+00,4.704236e+00,4.665430e+00,5.047821e+00,4.919553e+00,5.009921e+00,4.976958e+00,4.979063e+00,3.102336e+00,4.452788e+00,4.774676e+00,4.858915e+00,4.948390e+00,4.171273e+00,5.344087e+00,4.748542e+00,3.256397e+00,4.637922e+00,2.956758e+00,4.045841e+00,5.297957e+00,4.368442e+00,4.629977e+00,4.937777e+00,3.655325e+00,4.657298e+00,4.391151e+00,4.819236e+00,4.881213e+00,4.788603e+00,5.023087e+00,5.005354e+00,3.592552e+00,4.270238e+00,3.928947e+00,4.717226e+00,4.972140e+00,4.683742e+00,4.905669e+00,4.562485e+00,4.932950e+00,4.935061e+00,4.967817e+00,4.475936e+00,4.786215e+00,4.743804e+00,5.031177e+00,4.686794e+00,5.071011e+00,4.665627e+00,4.780202e+00,5.103001e+00,4.901981e+00,4.834763e+00,4.813850e+00,4.903962e+00,4.946934e+00
4.593675e+00,4.999315e+00,4.884726e+00,4.945406e+00,5.053233e+00,4.801493e+00,5.020371e+00,4.455028e+00,4.891165e+00,4.916381e+00,4.646505e+00,4.897075e+00,5.044269e+00,4.886564e+00,5.002893e+00,5.024859e+00,4.747048e+00,5.093643e+00,4.270596e+00,4.697265e+00,4.736730e+00,5.028965e+00,4.720962e+00,4.923513e+00,5.022308e+00,5.005634e+00,4.641121e+00,4.551909e+00,5.058540e+00,4.060562e+00,4.586439e+00,3.368536e+00,3.467060e+00,4.865140e+00,2.876164e+00,4.572698e+00,3.520565e+00,3.848516e+00,3.369387e+00,4.142528e+00,2.914878e+00,4.296363e+00,5.012587e+00,4.721674e+00,2.598027e+00,5.000552e+00,5.368797e+00,3.349235e+00,2.663730e+00,3.729333e+00,5.324416e+00,2.849180e+00,2.763694e+00,3.742935e+00,9.873205e+00,3.477683e+00,3.193178e+00,4.048098e+00,4.315787e+00,4.414141e+00,5.510487e+00,3.205710e+00,5.255016e+00,3.328505e+00,3.943334e+00,3.851639e+00,2.506383e+00,3.487960e+00,3.009879e+00,2.585965e+00,5.065786e+00,2.789057e+00,4.884010e+00,4.983869e+00,4.991796e+00,4.888129e+00,4.971388e+00,5.029098e+00,5.175891e+00,4.790509e+00,5.001953e+00,4.895421e+00,4.909052e+00,4.935364e+00,4.952463e+00,4.938009e+00,5.158940e+00,4.825521e+00,4.704082e+00,5.039618e+00,4.731572e+00,5.081386e+00,4.513177e+00,4.984489e+00,4.974597e+00,5.015766e+00,4.792905e+00,5.110547e+00,4.998374e+00,4.888954e+00,4.710986e+00,4.444657e+00,4.676198e+00,3.214056e+00,3.904519e+00,4.533274e+00,3.404442e+00,4.682714e+00,4.902008e+00,4.954470e+00,5.023980e+00,3.694774e+00,4.401877e+00,3.183018e+00,2.445265e+00,4.007821e+00,2.879734e+00,2.975091e+00,3.807004e+00,4.510147e+00,4.925562e+00,3.945224e+00,3.195986e+00,4.086837e+00,4.481250e+00,4.174353e+00,2.903066e+00,3.099718e+00,4.275245e+00,3.848130e+00,2.247828e+00,4.996444e+00,4.202936e+00,5.295150e+00,2.293660e+00,2.750998e+00,5.279963e+00,6.127856e+00,4.856516e+00,3.691262e+00,5.064646e+00,5.445524e+00,3.555532e+00,3.005579e+00,3.232764e+00,3.082591e+00,3.873648e+00,4.187995e+00,3.499519e+00,4.969456e+00,4.898324e+00,2.819329e+00,4.069530e+00,4.235886e+00,2.699575e+00,3.925395e+00,4.922100e+00,4.818898e+00,4.602313e+00,2.600897e+00,4.147003e+00,4.984400e+00,5.094354e+00,4.827888e+00,4.569556e+00,4.556141e+00,4.086140e+00,3.812172e+00,4.243305e+00,4.423914e+00,2.809495e+00,2.818560e+00,4.773613e+00,2.854857e+00,3.103504e+00,4.894770e+00,4.588762e+00,2.941203e+00,4.041343e+00,4.011076e+00,4.760541e+00,4.674071e+00,3.515845e+00,4.673552e+00,5.137431e+00,5.156499e+00,4.478690e+00,5.026513e+00,4.774541e+00,2.991871e+00,3.144284e+00,5.360770e+00,3.923832e+00,5.115980e+00,4.647016e+00,4.599549e+00,5.043679e+00,4.453123e+00,4.921391e+00,4.772948e+00,5.063472e+00,4.947220e+00,4.806223e+00,4.961230e+00,5.120921e+00,5.054529e+00,4.716576e+00,4.598412e+00,4.927658e+00,4.695759e+00,4.978709e+00,4.662546e+00,5.025020e+00,4.820127e+00,4.995470e+00
4.867195e+00,4.923462e+00,4.942872e+00,4.826803e+00,5.011685e+00,5.039215e+00,4.743893e+00,4.844623e+00,4.815999e+00,4.728316e+00,4.793968e+00,4.981125e+00,4.429101e+00,4.939451e+00,5.063287e+00,4.724110e+00,4.758083e+00,4.988326e+00,4.973484e+00,4.218736e+00,4.567676e+00,4.627772e+00,4.991134e+00,4.907006e+00,5.004912e+00,4.770428e+00,4.996320e+00,4.758316e+00,4.800901e+00,4.404441e+00,4.763499e+00,4.700375e+00,2.871962e+00,3.917772e+00,4.355040e+00,3.293737e+00,5.085150e+00,3.450220e+00,4.028302e+00,2.481384e+00,3.750148e+00,3.790459e+00,2.972416e+00,2.929493e+00,6.544038e+00,2.672318e+00,5.349675e+00,5.645388e+00,4.818332e+00,9.267795e+00,3.825905e+00,5.144278e+00,4.665698e+00,2.186546e+00,3.580508e+00,4.726019e+00,3.100952e+00,3.287631e+00,3.321558e+00,4.200807e+00,4.222273e+00,4.371871e+00,3.251028e+00,3.167002e+00,3.073141e+00,3.853294e+00,3.595026e+00,3.368752e+00,4.788250e+00,4.196315e+00,3.154244e+00,4.091634e+00,3.476772e+00,4.949440e+00,4.860602e+00,4.931676e+00,4.809137e+00,4.963041e+00,4.741865e+00,5.060748e+00,5.027304e+00,5.108029e+00,4.965607e+00,4.831803e+00,4.877591e+00,4.968326e+00,4.589958e+00,4.924332e+00,5.022498e+00,5.036385e+00,4.886161e+00,4.745521e+00,4.991038e+00,4.836409e+00,4.651868e+00,5.073423e+00,4.643646e+00,5.135211e+00,4.906147e+00,4.613577e+00,4.640427e+00,5.099747e+00,5.079536e+00,4.813246e+00,4.090746e+00,4.184310e+00,4.513474e+00,4.627234e+00,5.027795e+00,4.845425e+00,4.682281e+00,3.481092e+00,2.864262e+00,3.346392e+00,2.742732e+00,4.866076e+00,4.506687e+00,4.480453e+00,3.353625e+00,3.158825e+00,3.122278e+00,3.251034e+00,2.319055e+00,3.668009e+00,4.115101e+00,4.622540e+00,5.219159e+00,5.010050e+00,3.261785e+00,3.504432e+00,8.443664e+00,3.317146e+00,5.276597e+00,3.485317e+00,4.325345e+00,3.690653e+00,2.558757e+00,4.604555e+00,2.253811e+00,4.598149e+00,4.743516e+00,6.583783e+00,3.974608e+00,3.439764e+00,3.194921e+00,3.318568e+00,2.375650e+00,4.592433e+00,3.333633e+00,3.204021e+00,2.521588e+00,2.905560e+00,4.856535e+00,4.118825e+00,4.293099e+00,4.638193e+00,3.745352e+00,4.945099e+00,3.279465e+00,2.642251e+00,5.027295e+00,4.364143e+00,3.342487e+00,4.975383e+00,3.083828e+00,4.951920e+00,4.313042e+00,2.865089e+00,2.645657e+00,2.998969e+00,4.837303e+00,3.806495e+00,4.081004e+00,4.603469e+00,3.809466e+00,4.348365e+00,4.282744e+00,4.532095e+00,4.916746e+00,4.895302e+00,4.783192e+00,4.641676e+00,4.883525e+00,4.793924e+00,4.752246e+00,4.840207e+00,4.884539e+00,4.489586e+00,4.770401e+00,6.804738e+00,3.682440e+00,3.235510e+00,4.656013e+00,2.916847e+00,4.881862e+00,5.009073e+00,4.548555e+00,4.819346e+00,5.115450e+00,5.014091e+00,4.313312e+00,5.104580e+00,4.734234e+00,4.743822e+00,4.664677e+00,5.094168e+00,4.739249e+00,4.695880e+00,4.941680e+00,4.919283e+00,5.023572e+00,4.740629e+00,5.014593e+00,4.793840e+00,4.977608e+00
4.952982e+00,5.173114e+00,4.532462e+00,4.659615e+00,4.994554e+00,4.613934e+00,4.747117e+00,5.123856e+00,4.645044e+00,4.593821e+00,4.798989e+00,4.882053e+00,4.852331e+00,4.960106e+00,4.732197e+00,4.969893e+00,4.949149e+00,4.628068e+00,4.673650e+00,5.004354e+00,3.589533e+00,4.997192e+00,4.961535e+00,4.885196e+00,4.914841e+00,4.701353e+00,4.795457e+00,4.993629e+00,5.272744e+00,4.559729e+00,4.443630e+00,3.941305e+00,3.356586e+00,2.876079e+00,2.798038e+00,3.984644e+00,9.190038e+00,6.964054e+00,3.221582e+00,3.771900e+00,5.991415e+00,5.579158e+00,4.088412e+00,3.245233e+00,3.972295e+00,5.030703e+00,3.685213e+00,3.773025e+00,9.729591e+00,4.879767e+00,3.467645e+00,3.272899e+00,4.476701e+00,9.022779e+00,3.264346e+00,6.503828e+00,5.029227e+00,2.529543e+00,3.378693e+00,2.573784e+00,3.256816e+00,4.636678e+00,2.570892e+00,2.257479e+00,3.461159e+00,5.376404e+00,4.585879e+00,4.614053e+00,3.623634e+00,4.189140e+00,3.234113e+00,4.006249e+00,3.655613e+00,2.656730e+00,2.891907e+00,4.957169e+00,4.998786e+00,4.911980e+00,4.746219e+00,4.926058e+00,5.015396e+00,4.823182e+00,4.303816e+00,5.014850e+00,5.103978e+00,5.035340e+00,5.056788e+00,4.931729e+00,5.056331e+00,4.622778e+00,4.900350e+00,3.159985e+00,4.727629e+00,4.884837e+00,5.023039e+00,4.732327e+00,4.928127e+00,3.447322e+00,4.224560e+00,4.392625e+00,5.030520e+00,4.803077e+00,4.690046e+00,4.996523e+00,5.153648e+00,4.574739e+00,5.052764e+00,5.056986e+00,4.373759e+00,2.498718e+00,3.985170e+00,4.951612e+00,3.453119e+00,3.776688e+00,5.200608e+00,4.803481e+00,5.426248e+00,2.326711e+00,4.122078e+00,8.167693e+00,4.540190e+00,3.049784e+00,3.633613e+00,3.242885e+00,4.295587e+00,3.500800e+00,4.086284e+00,5.240913e+00,3.478351e+00,2.546516e+00,3.246324e+00,4.202069e+00,8.827962e+00,5.535203e+00,3.373912e+00,3.553865e+00,5.355417e+00,4.011880e+00,3.223557e+00,4.060544e+00,3.135135e+00,3.556167e+00,4.895205e+00,3.981276e+00,2.879251e+00,3.328669e+00,3.714045e+00,5.710237e+00,3.657677e+00,4.555803e+00,3.541656e+00,3.365134e+00,3.640461e+00,2.759614e+00,4.470906e+00,5.332694e+00,4.915720e+00,3.927157e+00,4.966253e+00,4.657298e+00,4.790537e+00,5.068607e+00,4.848043e+00,4.665457e+00,2.999007e+00,5.053431e+00,2.968900e+00,4.946814e+00,4.703499e+00,4.619781e+00,4.150087e+00,4.469386e+00,3.326104e+00,3.013712e+00,3.765027e+00,4.749483e+00,4.012914e+00,4.505023e+00,4.351020e+00,4.496790e+00,4.936451e+00,4.743598e+00,4.907119e+00,4.928085e+00,4.828280e+00,4.954427e+00,4.560532e+00,5.044763e+00,4.180244e+00,4.339971e+00,3.804241e+00,2.800971e+00,4.933534e+00,4.990560e+00,4.451441e+00,4.943149e+00,4.904272e+00,4.961714e+00,4.896516e+00,4.945056e+00,4.682449e+00,5.065514e+00,4.907221e+00,4.789257e+00,5.051112e+00,4.790900e+00,4.887932e+00,4.672645e+00,4.750495e+00,4.917539e+00,5.073095e+00,4.744054e+00,4.992184e+00,4.936266e+00,4.754588e+00
5.054529e+00,5.050421e+00,4.645154e+00,5.134994e+00,4.778872e+00,5.005672e+00,4.760297e+00,4.944781e+00,4.951959e+00,4.937353e+00,4.983838e+00,4.901432e+00,4.808328e+00,4.877225e+00,4.915237e+00,4.897107e+00,4.631735e+00,5.016276e+00,5.116074e+00,4.614085e+00,3.815495e+00,3.300333e+00,4.996927e+00,4.827370e+00,4.893575e+00,5.062979e+00,4.872350e+00,4.662820e+00,4.409217e+00,3.747152e+00,4.545111e+00,4.065846e+00,2.702488e+00,2.752003e+00,3.478317e+00,4.174556e+00,3.123243e+00,3.335310e+00,3.988622e+00,2.860314e+00,4.311852e+00,2.642594e+00,3.977209e+00,5.244297e+00,2.888329e+00,3.325956e+00,5.537757e+00,5.512114e+00,4.145495e+00,4.490439e+00,3.586379e+00,3.923125e+00,3.010778e+00,4.759515e+00,5.302745e+00,6.103653e+00,1.024366e+01,8.430166e+00,4.845339e+00,2.693662e+00,3.015810e+00,4.978359e+00,3.980175e+00,4.446544e+00,6.062897e+00,4.501448e+00,4.295373e+00,3.928936e+00,3.413724e+00,4.662970e+00,3.623487e+00,3.752172e+00,5.232108e+00,4.283101e+00,3.450195e+00,3.713097e+00,2.870708e+00,4.146967e+00,3.425323e+00,4.788746e+00,4.549757e+00,2.452178e+00,3.394113e+00,3.840884e+00,5.018089e+00,2.870060e+00,4.535932e+00,5.048929e+00,5.148638e+00,3.821429e+00,2.612439e+00,2.861888e+00,2.506646e+00,3.377628e+00,3.553866e+00,2.801081e+00,4.975144e+00,2.346048e+00,2.856762e+00,4.180597e+00,4.717413e+00,4.754628e+00,4.962007e+00,5.067571e+00,4.629024e+00,4.867542e+00,5.003204e+00,4.632630e+00,3.665199e+00,3.537325e+00,3.994848e+00,3.042373e+00,3.631120e+00,4.608143e+00,3.115920e+00,3.208483e+00,4.548970e+00,4.459412e+00,3.746357e+00,4.105438e+00,2.606452e+00,2.757920e+00,4.818650e+00,3.739551e+00,3.600970e+00,3.743188e+00,3.855952e+00,3.271098e+00,2.588324e+00,4.980639e+00,2.552855e+00,4.810637e+00,5.341865e+00,3.334580e+00,2.578747e+00,4.560444e+00,3.190211e+00,4.519195e+00,3.602098e+00,4.292548e+00,3.267048e+00,4.038894e+00,4.677614e+00,5.522977e+00,2.986917e+00,3.646790e+00,3.358194e+00,3.340934e+00,7.104621e+00,4.942383e+00,4.131146e+00,4.791859e+00,3.121191e+00,5.217912e+00,3.406780e+00,4.445911e+00,2.953493e+00,3.676931e+00,4.761732e+00,5.022801e+00,5.073987e+00,4.189002e+00,4.167480e+00,2.708433e+00,5.396124e+00,3.024903e+00,3.799583e+00,2.529758e+00,4.781964e+00,4.301301e+00,5.167262e+00,3.269031e+00,5.235827e+00,3.833677e+00,3.593416e+00,3.840209e+00,3.188132e+00,2.703394e+00,5.035040e+00,4.482881e+00,4.797234e+00,5.003850e+00,4.891237e+00,5.113316e+00,4.661710e+00,5.005836e+00,5.024566e+00,3.821444e+00,3.142768e+00,4.450966e+00,3.474083e+00,4.820885e+00,4.593347e+00,4.892460e+00,4.991312e+00,4.813775e+00,5.066112e+00,5.024468e+00,4.945804e+00,4.680824e+00,5.020430e+00,4.898759e+00,5.026352e+00,4.814965e+00,4.923250e+00,4.556873e+00,4.521558e+00,5.026877e+00,4.939811e+00,4.879212e+00,5.081821e+00,5.037309e+00,4.786078e+00,5.032223e+00,4.941812e+00
4.903721e+00,4.947736e+00,4.814587e+00,4.855896e+00,4.990957e+00,4.823066e+00,4.709906e+00,5.011681e+00,5.022291e+00,4.890324e+00,4.916989e+00,4.781538e+00,4.994874e+00,5.044320e+00,4.736093e+00,4.804753e+00,4.774154e+00,4.744634e+00,4.915762e+00,5.036324e+00,5.012712e+00,4.616143e+00,3.312403e+00,4.637742e+00,4.630256e+00,4.934128e+00,4.893710e+00,4.928613e+00,4.478834e+00,4.618051e+00,4.461605e+00,3.008407e+00,4.066258e+00,2.687336e+00,2.971015e+00,2.928372e+00,4.809313e+00,2.771889e+00,5.485916e+00,2.464643e+00,4.218094e+00,4.368151e+00,4.718498e+00,4.366142e+00,5.596785e+00,2.816431e+00,3.658048e+00,4.203108e+00,8.942390e+00,5.329413e+00,4.984819e+00,4.400007e+00,4.085611e+00,4.659061e+00,7.603744e+00,5.384553e+00,3.218283e+00,3.449689e+00,2.890184e+00,2.733756e+00,5.454518e+00,3.388494e+00,3.416742e+00,3.471497e+00,5.559736e+00,4.202532e+00,3.230835e+00,4.277894e+00,6.477128e+00,5.342172e+00,2.645574e+00,9.894535e+00,3.798854e+00,4.514845e+00,6.813664e+00,3.464837e+00,3.823824e+00,5.701488e+00,3.918737e+00,4.137355e+00,4.879503e+00,8.922010e+00,5.254887e+00,4.010720e+00,4.796025e+00,4.037570e+00,3.681481e+00,3.793715e+00,4.745235e+00,2.693116e+00,4.761442e+00,3.518713e+00,5.370917e+00,4.356549e+00,4.058081e+00,4.543941e+00,4.503364e+00,5.197849e+00,2.723398e+00,4.344877e+00,4.267257e+00,4.976520e+00,4.799916e+00,4.831422e+00,5.007671e+00,4.832485e+00,4.973581e+00,2.417451e+00,5.359106e+00,4.481465e+00,4.072652e+00,2.354945e+00,5.164855e+00,4.491653e+00,2.895304e+00,5.554321e+00,2.734291e+00,3.993495e+00,3.235303e+00,3.778694e+00,3.025781e+00,3.763728e+00,3.916574e+00,2.863481e+00,3.513785e+00,2.904627e+00,3.296350e+00,2.874420e+00,4.462412e+00,5.108529e+00,3.623707e+00,3.591506e+00,3.662495e+00,4.572442e+00,5.834350e+00,5.899059e+00,4.274815e+00,5.416056e+00,3.582647e+00,3.286214e+00,4.060934e+00,5.419784e+00,4.090843e+00,4.123118e+00,4.458246e+00,2.745148e+00,4.920926e+00,3.933338e+00,2.563150e+00,5.207250e+00,4.979301e+00,6.842200e+00,4.148571e+00,4.200528e+00,3.626755e+00,3.529095e+00,5.222867e+00,3.730898e+00,5.097455e+00,4.466982e+00,4.977160e+00,4.743105e+00,4.183143e+00,4.523996e+00,2.710714e+00,5.007923e+00,3.608962e+00,3.602351e+00,5.061120e+00,4.125916e+00,4.873395e+00,4.517995e+00,4.237416e+00,3.144115e+00,3.405056e+00,4.116531e+00,4.799428e+00,4.388010e+00,4.220084e+00,4.251743e+00,5.009420e+00,4.867847e+00,4.940377e+00,5.046240e+00,5.113612e+00,4.864799e+00,4.850666e+00,3.611971e+00,4.165909e+00,3.867448e+00,4.128545e+00,4.902019e+00,4.976698e+00,5.007363e+00,4.633585e+00,4.610765e+00,4.713621e+00,4.673281e+00,5.172233e+00,5.164071e+00,4.310406e+00,4.896771e+00,4.790277e+00,4.933013e+00,5.025023e+00,5.039495e+00,4.863945e+00,4.685545e+00,5.007307e+00,4.478020e+00,4.990820e+00,4.913184e+00,4.963756e+00,4.932213e+00,4.862799e+00
4.931537e+00,5.043472e+00,4.985995e+00,4.978518e+00,4.824175e+00,4.754044e+00,5.028008e+00,4.857711e+00,4.570556e+00,5.038152e+00,4.773225e+00,4.846400e+00,4.854843e+00,4.928107e+00,5.011732e+00,4.980869e+00,4.930977e+00,4.732729e+00,4.916876e+00,4.609932e+00,4.927517e+00,4.941395e+00,4.510575e+00,5.172457e+00,4.773150e+00,5.070129e+00,4.848514e+00,4.958433e+00,4.734174e+00,4.573289e+00,3.547994e+00,3.089306e+00,4.837441e+00,4.637978e+00,4.473534e+00,4.379452e+00,3.965784e+00,4.993621e+00,2.913093e+00,3.098107e+00,4.666944e+00,5.467361e+00,3.530800e+00,4.832093e+00,5.918883e+00,2.997989e+00,3.915842e+00,2.929841e+00,4.950548e+00,4.728851e+00,2.449121e+00,3.830220e+00,9.026216e+00,3.812392e+00,9.116962e+00,4.419934e+00,3.333127e+00,2.731052e+00,4.502519e+00,9.116159e+00,4.114518e+00,4.409643e+00,4.065354e+00,4.226024e+00,3.989228e+00,9.880479e+00,4.238865e+00,3.340148e+00,4.987055e+00,3.593248e+00,5.153019e+00,3.004025e+00,2.814509e+00,5.441027e+00,4.147667e+00,5.546969e+00,2.975197e+00,5.486227e+00,5.368955e+00,3.766497e+00,4.462196e+00,2.997856e+00,4.921333e+00,4.714533e+00,4.708490e+00,2.874782e+00,3.985427e+00,4.304973e+00,2.440422e+00,4.019317e+00,4.012801e+00,5.011102e+00,4.413127e+00,3.265791e+00,2.788483e+00,4.238695e+00,5.183438e+00,2.737497e+00,3.169811e+00,3.690201e+00,3.357184e+00,3.931600e+00,4.330066e+00,2.742475e+00,5.319763e+00,4.133208e+00,4.117576e+00,4.611894e+00,4.165879e+00,4.002216e+00,3.533337e+00,5.055352e+00,9.633210e+00,3.018063e+00,4.330284e+00,2.901779e+00,3.486641e+00,3.946659e+00,2.362174e+00,3.854644e+00,2.696389e+00,1.032675e+01,5.570269e+00,3.701190e+00,4.983924e+00,3.628680e+00,4.468442e+00,2.845018e+00,3.443346e+00,4.033721e+00,5.010346e+00,5.488391e+00,3.783113e+00,3.895401e+00,4.572746e+00,2.595659e+00,3.136864e+00,8.160276e+00,3.548233e+00,5.545505e+00,4.498406e+00,3.136088e+00,3.164924e+00,5.223802e+00,3.375784e+00,2.969166e+00,5.258594e+00,3.948358e+00,4.614339e+00,4.644088e+00,3.076770e+00,3.284684e+00,4.005816e+00,3.516761e+00,2.836136e+00,4.868184e+00,4.648016e+00,4.825122e+00,4.455058e+00,4.544686e+00,4.863743e+00,4.410919e+00,3.495345e+00,3.800105e+00,4.227038e+00,3.588452e+00,3.456400e+00,3.441509e+00,5.320607e+00,2.641685e+00,4.301551e+00,3.239001e+00,4.498458e+00,3.834201e+00,4.749999e+00,4.645304e+00,3.023145e+00,3.214040e+00,4.818875e+00,4.356458e+00,4.902806e+00,4.752986e+00,4.937527e+00,5.116022e+00,4.703187e+00,4.872515e+00,4.555221e+00,2.724091e+00,3.589376e+00,4.276704e+00,4.960342e+00,4.766363e+00,4.893637e+00,4.873223e+00,5.002735e+00,4.777589e+00,4.985591e+00,5.061428e+00,5.012172e+00,4.764759e+00,4.850701e+00,5.002791e+00,4.853435e+00,4.734793e+00,4.906565e+00,4.991428e+00,4.804691e+00,5.017694e+00,4.930347e+00,5.064137e+00,4.875078e+00,4.913205e+00,4.897944e+00,4.701401e+00,4.867179e+00
4.855018e+00,5.012512e+00,4.753874e+00,4.959892e+00,4.620875e+00,4.658211e+00,5.156291e+00,5.097069e+00,5.035908e+00,4.783711e+00,4.939312e+00,4.289808e+00,4.964375e+00,4.872452e+00,4.958372e+00,4.691372e+00,5.004430e+00,5.025971e+00,5.023831e+00,4.721104e+00,5.038213e+00,4.743387e+00,4.484254e+00,4.363883e+00,4.794126e+00,5.053187e+00,4.208844e+00,4.978267e+00,4.861317e+00,4.932828e+00,4.888859e+00,4.962196e+00,3.825236e+00,4.133160e+00,3.199626e+00,2.577889e+00,5.278301e+00,5.851300e+00,5.097377e+00,4.871248e+00,3.663748e+00,3.566157e+00,2.895507e+00,4.540376e+00,3.857915e+00,3.955432e+00,4.724540e+00,3.592258e+00,4.506056e+00,3.529339e+00,3.411382e+00,4.134287e+00,2.865829e+00,9.234983e+00,3.406740e+00,2.305717e+00,3.675206e+00,4.849366e+00,3.463120e+00,4.060341e+00,4.235021e+00,4.170858e+00,9.208745e+00,6.929779e+00,3.514239e+00,5.349035e+00,2.855467e+00,2.803354e+00,2.357425e+00,3.547181e+00,4.738940e+00,3.272582e+00,4.113533e+00,2.771487e+00,5.518548e+00,4.424483e+00,4.596761e+00,4.598937e+00,4.728459e+00,7.368715e+00,3.182781e+00,4.916305e+00,3.448863e+00,4.330062e+00,5.281065e+00,5.199089e+00,3.267633e+00,3.298361e+00,5.102371e+00,2.575649e+00,4.658096e+00,3.759926e+00,4.766412e+00,3.837303e+00,3.234216e+00,4.355532e+00,4.149981e+00,3.301667e+00,3.763169e+00,4.260944e+00,4.433223e+00,2.616464e+00,3.465928e+00,4.006449e+00,3.805419e+00,3.904559e+00,3.696933e+00,3.343057e+00,3.362901e+00,3.089933e+00,3.456432e+00,3.905269e+00,3.012625e+00,5.442698e+00,4.572852e+00,3.594352e+00,3.120832e+00,2.783789e+00,3.735470e+00,4.898280e+00,3.486486e+00,4.249211e+00,3.044185e+00,3.387294e+00,5.143020e+00,3.326942e+00,6.553060e+00,5.182865e+00,3.059937e+00,3.222737e+00,2.645607e+00,3.555559e+00,5.032361e+00,3.386343e+00,4.697147e+00,2.669554e+00,5.159209e+00,2.897224e+00,2.850958e+00,5.517329e+00,4.851200e+00,3.768666e+00,3.505645e+00,4.169033e+00,2.505027e+00,4.460119e+00,3.019989e+00,5.320830e+00,4.295525e+00,4.710026e+00,4.203122e+00,2.510413e+00,2.398080e+00,3.578612e+00,4.746620e+00,4.445942e+00,4.507160e+00,4.692667e+00,4.927552e+00,4.844384e+00,9.252272e+00,3.394430e+00,3.993887e+00,2.692636e+00,3.721236e+00,3.593766e+00,4.514622e+00,2.807386e+00,4.214529e+00,4.159063e+00,4.728229e+00,3.139936e+00,3.719350e+00,3.472294e+00,4.526576e+00,4.692251e+00,4.104280e+00,3.263639e+00,5.165748e+00,5.014019e+00,4.944972e+00,4.958822e+00,4.691554e+00,4.925590e+00,4.484239e+00,5.205766e+00,3.379697e+00,3.302282e+00,3.618872e+00,4.767664e+00,4.755851e+00,4.940379e+00,5.042867e+00,4.861996e+00,4.452707e+00,4.884319e+00,4.602307e+00,4.818992e+00,5.136210e+00,4.950230e+00,4.941872e+00,4.291901e+00,4.967983e+00,4.799316e+00,4.600169e+00,5.052134e+00,4.560405e+00,5.016891e+00,5.113996e+00,4.899429e+00,4.953712e+00,5.086032e+00,4.705414e+00,4.971277e+00,4.935754e+00
4.680394e+00,5.000744e+00,4.642806e+00,4.731159e+00,4.726934e+00,4.808954e+00,4.959430e+00,4.802956e+00,5.051585e+00,4.963078e+00,4.002392e+00,4.978984e+00,4.623743e+00,4.941369e+00,5.059821e+00,4.931002e+00,4.840023e+00,4.905428e+00,4.617170e+00,4.772727e+00,4.706683e+00,4.962064e+00,3.724886e+00,4.206930e+00,4.520616e+00,4.918808e+00,4.906107e+00,4.917245e+00,4.747968e+00,4.648293e+00,4.609746e+00,3.922737e+00,2.722000e+00,3.186097e+00,5.355563e+00,3.868137e+00,2.823397e+00,4.527157e+00,7.376101e+00,2.969199e+00,3.276448e+00,2.817272e+00,5.172840e+00,3.145375e+00,3.926977e+00,2.911730e+00,4.437685e+00,2.607923e+00,3.183951e+00,3.468302e+00,4.960062e+00,2.972940e+00,4.644565e+00,2.492787e+00,2.911907e+00,5.128909e+00,3.644372e+00,3.894575e+00,9.057120e+00,3.581674e+00,4.291316e+00,3.796824e+00,4.402204e+00,3.667146e+00,4.618966e+00,4.608161e+00,8.335661e+00,3.956821e+00,3.486431e+00,3.404070e+00,3.773538e+00,3.540906e+00,4.207660e+00,4.572079e+00,4.832607e+00,3.860533e+00,4.171712e+00,4.713018e+00,3.970046e+00,4.501265e+00,2.333547e+00,2.910075e+00,5.603023e+00,9.085191e+00,3.490109e+00,3.431922e+00,2.480312e+00,4.569199e+00,5.599534e+00,3.375558e+00,4.610237e+00,4.934255e+00,4.140647e+00,4.190668e+00,3.806577e+00,5.175853e+00,3.935765e+00,3.177017e+00,3.308669e+00,5.893645e+00,2.421862e+00,4.696405e+00,9.771760e+00,3.622590e+00,3.786481e+00,3.350208e+00,4.642526e+00,3.354268e+00,3.046785e+00,2.722394e+00,3.156280e+00,3.728995e+00,3.468575e+00,2.289167e+00,3.904458e+00,2.474229e+00,3.533499e+00,2.823317e+00,5.769864e+00,4.779215e+00,3.053325e+00,2.992151e+00,4.532896e+00,4.344942e+00,3.807788e+00,5.593270e+00,4.239779e+00,6.924434e+00,4.226383e+00,4.995315e+00,3.833171e+00,3.523386e+00,4.323711e+00,4.591455e+00,2.716311e+00,2.616066e+00,2.646176e+00,4.877245e+00,5.677072e+00,3.786442e+00,5.380534e+00,9.603147e+00,4.458194e+00,4.914470e+00,2.718704e+00,4.157640e+00,4.841488e+00,3.806534e+00,4.684633e+00,5.429139e+00,4.065591e+00,2.638416e+00,2.353630e+00,3.071749e+00,4.838390e+00,4.906977e+00,4.229322e+00,3.412274e+00,4.941591e+00,4.578403e+00,3.926801e+00,2.999810e+00,4.318622e+00,3.318849e+00,2.784791e+00,4.123902e+00,4.226664e+00,3.416084e+00,4.008289e+00,3.214852e+00,8.232452e+00,5.097827e+00,4.802546e+00,2.351678e+00,4.337814e+00,4.388264e+00,4.375018e+00,4.572197e+00,4.838932e+00,4.917612e+00,4.331939e+00,4.909260e+00,4.999572e+00,5.252637e+00,5.003744e+00,4.320311e+00,2.888686e+00,3.623131e+00,4.923256e+00,4.731302e+00,4.616235e+00,4.684774e+00,4.918416e+00,4.546474e+00,4.919151e+00,4.864816e+00,4.709182e+00,4.877808e+00,4.760030e+00,4.849691e+00,4.913393e+00,4.859783e+00,4.344867e+00,5.016360e+00,4.974334e+00,4.479522e+00,4.521969e+00,4.712805e+00,4.837212e+00,4.987426e+00,4.601277e+00,4.681749e+00,4.699748e+00,4.932404e+00,4.861264e+00
4.852577e+00,5.001171e+00,4.611153e+00,4.796702e+00,5.023752e+00,4.641687e+00,4.741627e+00,5.027633e+00,4.903086e+00,4.882723e+00,5.037785e+00,4.862549e+00,4.888449e+00,4.994495e+00,4.860172e+00,4.805761e+00,4.538933e+00,4.832168e+00,4.410005e+00,4.780929e+00,4.968704e+00,4.952694e+00,3.815192e+00,5.038978e+00,3.925885e+00,4.842018e+00,4.710418e+00,4.788461e+00,4.819684e+00,5.045187e+00,4.837833e+00,4.883154e+00,3.917732e+00,4.488628e+00,4.065048e+00,2.323533e+00,2.767322e+00,4.243284e+00,3.836439e+00,3.860903e+00,3.066115e+00,4.170413e+00,4.248000e+00,4.133900e+00,4.729737e+00,3.651513e+00,3.477241e+00,3.156097e+00,5.361298e+00,6.068778e+00,2.942511e+00,4.854432e+00,3.472143e+00,5.095236e+00,5.882842e+00,4.649424e+00,3.439843e+00,4.446910e+00,2.839690e+00,4.578306e+00,4.121702e+00,3.861452e+00,3.681746e+00,4.248951e+00,4.814426e+00,4.662541e+00,3.290179e+00,3.637522e+00,3.643202e+00,3.619531e+00,3.104766e+00,3.312879e+00,2.985590e+00,4.838160e+00,2.934989e+00,2.558511e+00,4.606606e+00,3.575625e+00,6.778704e+00,3.822767e+00,5.006437e+00,3.036034e+00,4.428045e+00,2.984172e+00,2.648273e+00,3.299420e+00,3.890854e+00,4.140092e+00,4.821881e+00,3.678756e+00,3.587072e+00,2.059409e+00,6.509452e+00,4.583326e+00,3.599961e+00,3.341915e+00,4.049044e+00,4.921050e+00,6.094067e+00,3.234351e+00,3.244821e+00,3.550765e+00,4.178509e+00,5.250675e+00,4.845856e+00,7.219519e+00,3.602615e+00,4.247707e+00,4.982492e+00,3.557247e+00,2.712927e+00,5.041812e+00,3.753446e+00,3.993351e+00,3.503391e+00,4.702412e+00,4.167642e+00,2.697306e+00,3.946829e+00,4.035702e+00,2.981024e+00,3.666208e+00,3.654655e+00,3.276947e+00,2.998700e+00,2.245897e+00,4.090886e+00,4.389568e+00,5.347790e+00,3.333463e+00,4.411755e+00,3.762074e+00,3.545693e+00,4.653407e+00,4.249823e+00,2.467272e+00,4.262071e+00,4.294510e+00,4.131921e+00,2.851622e+00,4.023090e+00,4.638300e+00,5.666841e+00,4.937233e+00,4.585021e+00,5.234164e+00,4.108234e+00,3.080309e+00,6.388772e+00,4.621314e+00,4.493389e+00,4.283572e+00,3.894996e+00,4.813152e+00,5.045335e+00,4.861257e+00,4.402145e+00,5.023699e+00,4.895917e+00,3.956725e+00,3.915537e+00,2.937135e+00,4.218652e+00,3.216026e+00,3.037148e+00,3.270694e+00,2.598691e+00,3.686840e+00,3.246023e+00,3.227332e+00,2.688749e+00,4.060127e+00,4.358683e+00,4.911631e+00,3.218925e+00,4.648515e+00,4.756922e+00,4.799493e+00,4.368230e+00,4.946716e+00,4.990615e+00,4.854154e+00,4.910593e+00,4.800333e+00,4.803485e+00,4.839164e+00,3.124124e+00,5.411949e+00,4.944062e+00,4.919745e+00,4.768959e+00,4.954896e+00,4.613477e+00,4.732977e+00,4.875115e+00,4.706715e+00,4.884807e+00,4.980840e+00,4.917079e+00,4.984273e+00,5.201860e+00,4.888201e+00,4.675757e+00,4.998623e+00,4.723558e+00,4.817086e+00,5.005408e+00,5.049417e+00,4.818381e+00,4.859690e+00,5.024775e+00,5.045756e+00,4.353951e+00,5.023347e+00,4.658024e+00
4.653230e+00,4.812884e+00,4.930741e+00,5.020574e+00,4.942781e+00,4.975742e+00,4.854312e+00,4.805321e+00,5.176568e+00,4.933060e+00,5.102434e+00,4.969054e+00,4.661059e+00,4.973968e+00,4.806591e+00,4.931380e+00,4.931664e+00,5.061062e+00,4.611949e+00,4.626367e+00,4.922497e+00,5.138208e+00,4.916378e+00,4.972226e+00,4.630879e+00,4.895286e+00,5.103098e+00,4.690746e+00,5.029929e+00,5.215274e+00,4.671312e+00,4.207232e+00,4.290832e+00,2.524019e+00,4.712016e+00,3.459893e+00,2.746608e+00,4.515965e+00,3.682171e+00,3.395675e+00,2.683054e+00,2.669590e+00,3.342038e+00,4.837969e+00,3.330476e+00,5.414721e+00,3.468961e+00,5.122144e+00,3.305282e+00,4.104398e+00,2.871679e+00,4.465483e+00,5.379925e+00,3.734851e+00,4.096148e+00,3.024128e+00,4.655877e+00,2.481365e+00,3.694295e+00,4.214671e+00,5.230964e+00,8.768848e+00,5.348811e+00,3.569760e+00,4.636267e+00,5.852273e+00,3.909517e+00,3.411494e+00,6.638782e+00,4.275646e+00,3.867618e+00,4.569700e+00,3.051418e+00,5.532515e+00,9.247430e+00,4.204025e+00,3.291038e+00,2.976815e+00,3.213699e+00,3.677169e+00,4.586761e+00,3.974931e+00,5.033386e+00,4.072182e+00,2.958800e+00,3.770808e+00,4.013203e+00,4.236432e+00,5.762650e+00,3.188551e+00,4.573970e+00,4.140713e+00,5.781127e+00,2.868654e+00,3.070024e+00,3.925659e+00,4.880930e+00,4.819317e+00,2.320608e+00,3.246597e+00,3.956318e+00,3.861424e+00,3.370630e+00,4.070458e+00,2.782696e+00,3.318386e+00,4.133701e+00,4.762762e+00,4.002040e+00,4.623622e+00,4.391818e+00,2.592645e+00,4.338288e+00,7.453376e+00,4.997049e+00,3.817558e+00,4.416122e+00,4.728850e+00,4.015678e+00,4.230723e+00,5.483539e+00,4.583072e+00,3.686027e+00,3.094282e+00,3.783551e+00,4.236908e+00,2.574390e+00,4.581392e+00,2.464826e+00,5.134921e+00,4.610768e+00,7.616055e+00,4.731628e+00,3.993764e+00,3.832157e+00,3.688251e+00,2.802156e+00,4.714721e+00,3.393075e+00,2.928225e+00,2.873795e+00,4.347993e+00,5.230680e+00,2.652696e+00,2.457876e+00,2.818352e+00,3.160505e+00,4.254191e+00,4.997195e+00,3.090648e+00,4.429839e+00,3.389188e+00,2.370351e+00,5.068504e+00,4.949286e+00,4.924762e+00,5.115372e+00,4.902728e+00,4.210174e+00,6.055920e+00,3.711711e+00,4.563311e+00,3.171424e+00,4.873850e+00,3.599608e+00,3.044284e+00,3.841479e+00,4.009229e+00,3.596034e+00,4.331706e+00,3.099167e+00,4.849298e+00,3.971436e+00,2.612168e+00,4.585234e+00,3.180575e+00,5.088087e+00,4.646487e+00,4.816318e+00,4.804339e+00,4.828493e+00,4.879681e+00,4.828731e+00,4.993903e+00,3.320322e+00,3.381781e+00,4.563658e+00,4.568129e+00,5.128922e+00,4.733807e+00,4.701267e+00,4.829396e+00,4.876204e+00,5.043400e+00,4.971320e+00,4.719981e+00,4.960796e+00,5.014616e+00,4.542708e+00,4.948898e+00,5.176813e+00,4.794616e+00,4.526533e+00,4.870709e+00,4.932809e+00,5.000737e+00,5.023232e+00,4.994357e+00,4.785226e+00,4.879780e+00,4.897229e+00,4.930310e+00,5.056420e+00,4.913059e+00,4.636677e+00
4.540736e+00,5.021610e+00,4.749268e+00,4.643623e+00,4.771865e+00,5.110106e+00,4.911774e+00,4.766307e+00,4.854160e+00,4.529961e+00,4.891906e+00,4.901436e+00,5.119596e+00,5.082840e+00,4.898118e+00,5.013532e+00,4.880045e+00,5.077893e+00,4.965609e+00,4.942787e+00,4.853622e+00,4.215097e+00,4.689959e+00,4.985638e+00,4.656943e+00,3.779426e+00,4.745796e+00,4.775816e+00,4.998451e+00,5.115569e+00,4.676447e+00,5.015821e+00,5.040045e+00,4.420118e+00,4.638521e+00,2.410841e+00,4.231351e+00,3.675893e+00,3.657312e+00,3.809037e+00,5.171795e+00,2.980157e+00,5.456981e+00,2.435406e+00,4.617348e+00,7.490878e+00,6.088432e+00,3.030670e+00,4.647464e+00,2.488316e+00,4.301347e+00,5.582525e+00,3.469221e+00,3.463581e+00,4.129175e+00,3.934604e+00,3.207898e+00,4.601262e+00,3.685233e+00,4.493862e+00,6.394038e+00,5.277198e+00,5.454252e+00,4.509230e+00,3.321496e+00,4.155274e+00,3.014931e+00,4.391774e+00,3.406951e+00,5.402918e+00,5.731874e+00,4.156068e+00,3.102532e+00,4.998193e+00,2.715228e+00,4.031518e+00,3.812033e+00,4.426157e+00,3.229186e+00,5.382650e+00,2.646432e+00,5.045302e+00,5.001501e+00,5.214549e+00,4.669499e+00,5.607442e+00,8.344107e+00,5.633199e+00,2.718533e+00,4.231006e+00,3.245403e+00,6.131604e+00,3.870692e+00,3.739617e+00,2.930931e+00,2.866330e+00,5.518118e+00,3.438352e+00,5.137478e+00,3.493529e+00,4.090460e+00,3.111080e+00,3.199809e+00,2.529197e+00,4.382899e+00,3.394637e+00,3.160154e+00,3.928845e+00,5.209348e+00,4.763018e+00,4.222233e+00,4.955640e+00,3.149470e+00,4.240776e+00,5.100358e+00,3.103251e+00,4.789376e+00,4.580077e+00,4.116457e+00,3.329328e+00,5.832402e+00,8.933061e+00,5.141315e+00,3.609609e+00,2.627229e+00,5.112988e+00,5.333896e+00,3.379599e+00,2.815920e+00,4.520733e+00,4.290070e+00,2.846631e+00,3.695367e+00,3.264040e+00,3.486307e+00,7.422741e+00,3.584807e+00,3.331924e+00,3.533026e+00,3.585440e+00,4.851928e+00,2.649555e+00,4.661699e+00,4.584815e+00,3.137414e+00,4.512182e+00,2.864400e+00,4.369562e+00,2.872930e+00,4.538782e+00,4.173728e+00,3.762569e+00,2.910553e+00,4.631536e+00,4.896258e+00,4.597612e+00,5.041114e+00,4.265884e+00,2.947893e+00,3.989271e+00,3.881675e+00,4.054167e+00,4.373994e+00,4.618476e+00,3.185196e+00,2.569603e+00,3.632147e+00,4.622761e+00,4.529332e+00,2.666616e+00,3.332354e+00,2.837350e+00,2.236319e+00,4.918632e+00,4.955682e+00,4.644286e+00,4.702887e+00,4.783661e+00,5.089058e+00,4.973155e+00,5.022320e+00,5.006698e+00,4.953710e+00,3.761804e+00,2.773413e+00,3.922077e+00,5.077049e+00,4.498905e+00,4.769490e+00,5.063452e+00,5.020952e+00,5.016440e+00,4.588880e+00,4.903317e+00,4.758097e+00,5.118507e+00,4.663863e+00,4.833663e+00,4.926205e+00,4.904038e+00,4.851464e+00,4.938895e+00,4.905076e+00,4.938886e+00,4.830138e+00,4.436835e+00,5.025473e+00,4.832327e+00,4.858761e+00,4.806965e+00,5.002252e+00,5.038698e+00,4.903778e+00,5.023943e+00,4.848062e+00
4.762237e+00,4.971270e+00,4.746491e+00,4.888697e+00,5.054351e+00,5.130659e+00,4.889432e+00,4.704826e+00,4.807415e+00,4.947330e+00,4.935772e+00,5.158619e+00,4.778692e+00,4.992499e+00,4.591163e+00,4.953077e+00,5.043730e+00,5.010874e+00,5.001471e+00,4.840283e+00,5.088215e+00,4.727513e+00,4.792985e+00,4.780477e+00,4.966968e+00,4.719711e+00,3.055725e+00,4.889012e+00,4.555786e+00,4.992983e+00,4.954549e+00,4.921110e+00,2.990681e+00,3.830969e+00,3.720243e+00,4.284391e+00,3.806237e+00,3.354165e+00,4.145282e+00,4.384389e+00,5.764551e+00,8.566940e+00,3.748198e+00,3.316708e+00,6.669202e+00,2.924297e+00,3.978856e+00,3.205345e+00,4.914209e+00,4.718767e+00,4.065887e+00,4.827106e+00,4.355430e+00,2.754431e+00,4.953506e+00,6.635890e+00,3.737770e+00,5.424892e+00,4.068619e+00,5.493450e+00,4.431592e+00,3.733445e+00,5.229116e+00,2.810622e+00,4.520415e+00,3.910651e+00,4.838484e+00,7.851417e+00,4.534198e+00,4.190677e+00,3.587858e+00,3.054200e+00,4.945672e+00,2.737402e+00,3.108956e+00,4.959729e+00,3.139775e+00,2.867686e+00,4.189845e+00,4.968267e+00,3.958112e+00,4.767979e+00,4.110610e+00,4.283717e+00,3.788235e+00,3.003201e+00,3.779501e+00,4.982389e+00,4.523436e+00,3.442284e+00,3.957188e+00,3.885705e+00,3.172334e+00,9.293922e+00,3.407886e+00,2.675544e+00,4.263659e+00,3.514224e+00,2.617712e+00,3.191556e+00,3.547945e+00,3.390778e+00,2.609427e+00,3.399628e+00,3.989179e+00,4.248959e+00,3.686686e+00,3.463703e+00,4.570964e+00,4.298494e+00,5.037670e+00,5.016860e+00,5.004202e+00,3.159109e+00,2.661220e+00,2.804577e+00,3.654400e+00,3.374074e+00,3.855315e+00,3.288359e+00,4.988681e+00,3.759527e+00,5.063839e+00,3.747611e+00,5.856814e+00,2.639494e+00,4.818025e+00,5.141679e+00,3.920433e+00,3.025272e+00,4.140814e+00,2.983383e+00,4.700098e+00,3.302746e+00,3.270659e+00,3.115303e+00,4.486361e+00,4.358434e+00,5.151162e+00,3.571849e+00,3.174011e+00,3.885563e+00,4.330234e+00,4.431719e+00,3.253368e+00,3.645746e+00,3.440640e+00,4.919048e+00,4.236101e+00,2.702878e+00,4.569640e+00,4.210904e+00,4.321543e+00,4.967652e+00,5.088713e+00,4.759180e+00,3.229274e+00,2.518765e+00,2.707356e+00,3.020460e+00,4.120461e+00,5.010713e+00,3.575909e+00,4.699141e+00,3.271188e+00,3.160371e+00,4.758053e+00,4.542640e+00,2.655515e+00,3.150501e+00,3.777233e+00,4.738946e+00,3.880358e+00,4.543585e+00,2.950284e+00,4.410104e+00,3.829793e+00,5.087869e+00,4.677221e+00,4.743589e+00,4.896178e+00,4.910717e+00,4.699015e+00,3.412728e+00,4.385156e+00,3.129408e+00,4.961082e+00,4.832303e+00,4.903453e+00,4.406748e+00,5.060632e+00,4.846774e+00,4.701235e+00,4.526941e+00,5.128535e+00,5.023932e+00,4.855638e+00,4.858903e+00,4.737604e+00,4.934620e+00,5.015316e+00,4.839855e+00,5.117181e+00,4.859643e+00,4.821139e+00,4.949628e+00,5.006676e+00,4.732381e+00,4.952922e+00,4.727997e+00,4.588690e+00,4.846373e+00,4.923219e+00,4.946842e+00,4.826323e+00
4.704457e+00,4.841902e+00,4.819401e+00,4.874817e+00,4.701633e+00,4.760926e+00,4.756157e+00,4.979486e+00,4.776969e+00,5.044433e+00,5.047845e+00,4.737291e+00,4.801379e+00,4.991358e+00,4.777713e+00,4.991610e+00,4.997837e+00,4.992802e+00,4.772891e+00,4.849724e+00,4.934380e+00,4.930303e+00,4.955438e+00,4.877366e+00,4.938480e+00,4.531985e+00,4.661209e+00,4.965680e+00,4.744193e+00,4.057571e+00,4.729830e+00,4.988282e+00,5.034024e+00,4.862204e+00,5.038685e+00,3.296201e+00,2.662839e+00,3.433703e+00,4.144368e+00,3.979954e+00,4.524710e+00,3.120601e+00,4.908500e+00,3.624454e+00,9.363762e+00,5.035022e+00,4.859137e+00,3.932414e+00,4.498957e+00,3.114261e+00,5.023014e+00,2.814010e+00,2.680378e+00,3.838042e+00,4.652416e+00,3.671874e+00,4.679384e+00,3.204343e+00,4.654705e+00,2.903614e+00,2.743853e+00,4.611277e+00,4.673091e+00,3.973357e+00,3.761558e+00,5.348735e+00,4.067569e+00,3.061547e+00,4.915463e+00,3.233364e+00,4.155676e+00,6.065067e+00,3.585784e+00,3.052446e+00,3.197047e+00,2.596993e+00,2.492824e+00,4.860653e+00,5.154180e+00,2.453074e+00,3.906107e+00,3.273029e+00,3.086509e+00,5.160395e+00,3.978207e+00,3.968430e+00,3.878076e+00,4.715328e+00,2.314989e+00,3.993733e+00,5.927305e+00,6.839643e+00,3.102666e+00,3.637739e+00,4.070276e+00,3.218262e+00,4.193331e+00,2.710537e+00,5.202228e+00,3.946329e+00,3.200608e+00,3.144425e+00,3.901020e+00,5.011147e+00,3.912931e+00,3.454010e+00,3.410235e+00,8.906695e+00,3.576351e+00,4.635631e+00,4.921466e+00,3.976825e+00,4.104701e+00,7.843846e+00,2.753055e+00,3.620731e+00,4.262302e+00,5.056446e+00,4.165901e+00,3.599437e+00,2.889185e+00,4.584716e+00,2.911130e+00,4.686416e+00,3.198515e+00,4.891746e+00,2.959412e+00,4.673722e+00,5.728379e+00,3.270668e+00,3.113933e+00,3.339286e+00,6.027996e+00,2.962447e+00,4.330254e+00,4.106142e+00,5.170243e+00,2.273361e+00,3.715209e+00,3.936454e+00,3.152210e+00,4.578272e+00,3.959455e+00,4.888464e+00,4.201727e+00,2.884043e+00,4.530964e+00,4.280632e+00,4.881507e+00,4.846251e+00,2.661808e+00,4.674990e+00,4.459538e+00,3.413584e+00,4.162495e+00,4.739685e+00,2.332985e+00,3.716857e+00,3.561548e+00,3.775935e+00,3.733420e+00,2.767500e+00,2.470924e+00,3.769682e+00,3.202257e+00,4.534172e+00,4.090481e+00,2.498849e+00,4.730741e+00,4.215758e+00,3.077472e+00,4.018069e+00,3.296545e+00,4.672850e+00,4.984582e+00,4.827779e+00,4.977734e+00,4.920383e+00,4.999908e+00,4.652552e+00,4.826228e+00,4.904658e+00,2.967102e+00,4.136929e+00,2.522615e+00,4.964360e+00,4.888767e+00,4.915063e+00,4.927574e+00,4.726313e+00,4.936258e+00,4.701444e+00,4.867641e+00,5.142102e+00,4.959301e+00,4.873578e+00,4.364515e+00,4.786269e+00,5.000242e+00,5.093985e+00,4.896377e+00,4.915402e+00,4.909985e+00,4.970577e+00,5.055569e+00,4.842404e+00,4.671481e+00,4.746074e+00,4.640497e+00,4.987724e+00,4.875163e+00,4.729671e+00,4.814068e+00,4.739751e+00,4.844749e+00
4.531806e+00,5.092579e+00,4.687022e+00,4.909669e+00,4.990280e+00,4.884217e+00,4.842253e+00,5.048649e+00,5.041608e+00,4.755413e+00,5.012391e+00,4.653847e+00,4.645605e+00,5.093129e+00,4.956768e+00,4.435266e+00,5.045551e+00,4.615912e+00,4.278670e+00,4.622190e+00,4.757118e+00,4.902567e+00,4.821873e+00,4.980707e+00,4.883875e+00,5.051636e+00,5.163864e+00,4.480745e+00,5.046606e+00,4.924934e+00,4.833310e+00,4.880205e+00,4.446066e+00,4.585289e+00,4.723750e+00,4.999069e+00,4.709370e+00,4.271792e+00,3.672825e+00,3.260417e+00,3.975413e+00,4.935022e+00,4.294826e+00,4.424913e+00,3.867096e+00,2.996662e+00,4.399300e+00,4.920119e+00,6.152911e+00,4.862855e+00,1.017729e+01,2.682386e+00,4.042346e+00,4.384673e+00,2.597472e+00,5.040229e+00,4.037461e+00,3.887323e+00,4.907732e+00,3.490832e+00,2.575490e+00,3.706288e+00,6.445039e+00,3.404962e+00,3.157905e+00,3.698852e+00,7.922362e+00,5.240442e+00,4.942309e+00,4.372315e+00,4.206629e+00,3.204520e+00,4.487183e+00,3.557298e+00,3.648745e+00,5.124468e+00,5.792156e+00,2.975850e+00,2.684313e+00,4.980303e+00,3.746573e+00,4.240313e+00,3.092854e+00,2.674259e+00,4.567467e+00,4.945358e+00,5.091905e+00,2.779343e+00,2.832237e+00,3.915437e+00,5.525193e+00,3.373140e+00,3.502343e+00,3.107734e+00,4.461461e+00,2.777782e+00,2.534409e+00,5.227102e+00,2.526488e+00,4.390763e+00,4.873000e+00,4.482686e+00,4.445002e+00,4.497862e+00,3.343588e+00,3.074791e+00,5.801884e+00,4.509594e+00,3.782617e+00,3.293298e+00,3.268668e+00,3.362488e+00,7.299718e+00,4.549686e+00,2.974358e+00,2.717502e+00,3.395299e+00,4.255826e+00,3.494415e+00,3.650349e+00,4.667284e+00,2.731610e+00,4.380717e+00,5.407827e+00,3.925601e+00,4.913546e+00,2.779770e+00,5.333863e+00,3.935920e+00,3.579534e+00,3.253524e+00,4.033797e+00,3.529603e+00,5.442953e+00,3.934170e+00,3.356337e+00,5.000502e+00,5.790295e+00,4.175474e+00,2.432604e+00,4.809379e+00,4.396178e+00,4.398034e+00,4.761755e+00,2.264424e+00,2.968028e+00,4.097993e+00,3.255746e+00,4.536869e+00,4.668077e+00,4.340484e+00,4.072379e+00,4.136837e+00,4.457552e+00,2.939184e+00,2.697627e+00,3.548286e+00,4.475430e+00,2.993211e+00,3.497221e+00,2.767168e+00,4.503930e+00,4.488540e+00,3.860755e+00,4.070142e+00,3.244642e+00,2.788431e+00,4.443033e+00,4.988052e+00,4.092935e+00,4.517734e+00,4.473198e+00,4.215546e+00,4.704393e+00,4.576208e+00,4.654121e+00,4.630325e+00,4.437558e+00,4.823128e+00,4.730497e+00,4.861552e+00,4.695509e+00,3.006214e+00,2.356246e+00,3.908629e+00,4.861575e+00,4.023864e+00,4.958558e+00,4.562407e+00,4.292113e+00,4.853218e+00,4.908870e+00,4.863375e+00,4.907717e+00,5.004548e+00,5.158305e+00,4.792542e+00,4.965294e+00,4.923582e+00,4.847127e+00,4.820208e+00,4.891167e+00,4.752147e+00,4.733178e+00,4.922048e+00,4.929558e+00,4.694712e+00,5.070836e+00,4.351976e+00,4.845810e+00,4.918131e+00,4.962911e+00,5.140091e+00,4.969025e+00,5.127778e+00
4.851234e+00,4.730756e+00,4.847973e+00,4.994938e+00,4.888562e+00,4.454717e+00,4.900291e+00,4.574876e+00,4.908298e+00,4.986058e+00,4.873646e+00,4.793466e+00,5.076056e+00,4.838846e+00,4.690685e+00,4.959889e+00,5.153597e+00,4.991786e+00,5.021660e+00,5.051939e+00,4.955633e+00,4.781958e+00,4.976809e+00,4.866409e+00,4.733135e+00,4.948939e+00,4.624613e+00,2.852667e+00,4.761302e+00,4.576856e+00,4.949399e+00,4.910476e+00,4.809139e+00,4.707723e+00,4.824051e+00,4.542026e+00,4.493517e+00,3.746755e+00,4.861890e+00,2.765308e+00,4.081962e+00,3.671035e+00,4.886046e+00,2.864143e+00,2.372821e+00,4.939262e+00,3.792667e+00,2.641772e+00,3.416940e+00,3.367945e+00,5.877360e+00,3.407775e+00,4.101030e+00,3.309658e+00,5.304413e+00,6.954717e+00,4.447946e+00,5.254693e+00,2.498698e+00,2.720319e+00,3.850977e+00,2.640490e+00,9.962545e+00,3.704220e+00,2.307877e+00,3.383824e+00,3.943997e+00,4.465349e+00,7.648801e+00,4.462390e+00,3.811752e+00,3.307946e+00,3.782979e+00,4.393703e+00,3.840346e+00,2.115728e+00,4.622343e+00,4.617412e+00,4.518447e+00,3.326302e+00,2.446508e+00,2.885483e+00,2.989514e+00,2.286299e+00,4.468822e+00,4.392718e+00,3.354750e+00,3.864690e+00,3.593852e+00,5.746376e+00,4.874000e+00,4.346218e+00,4.284731e+00,3.442938e+00,3.173193e+00,2.986308e+00,3.338737e+00,5.107691e+00,4.831919e+00,4.778333e+00,3.734881e+00,5.245826e+00,3.839460e+00,8.970308e+00,3.902613e+00,3.074200e+00,2.591635e+00,4.393024e+00,4.937959e+00,5.374260e+00,3.158482e+00,3.616390e+00,2.424934e+00,3.160174e+00,5.030551e+00,3.324824e+00,3.092945e+00,3.774215e+00,3.109800e+00,3.644811e+00,4.062049e+00,3.384274e+00,2.378561e+00,3.011079e+00,3.261682e+00,3.873573e+00,4.810711e+00,3.956854e+00,3.785336e+00,2.349730e+00,6.976046e+00,4.721985e+00,9.016845e+00,3.962144e+00,4.938506e+00,4.414569e+00,4.495396e+00,4.539507e+00,9.192479e+00,2.982759e+00,2.219195e+00,4.783599e+00,3.770639e+00,3.697420e+00,4.196231e+00,2.750517e+00,3.008485e+00,4.623017e+00,4.672600e+00,4.420539e+00,3.685828e+00,3.553428e+00,4.848508e+00,4.895503e+00,4.689259e+00,2.921102e+00,2.458444e+00,2.633217e+00,5.133806e+00,3.906042e+00,4.736089e+00,4.555320e+00,4.195822e+00,3.170837e+00,4.656988e+00,3.689856e+00,5.243292e+00,4.704668e+00,3.474185e+00,2.402301e+00,3.410997e+00,4.567854e+00,4.387989e+00,4.308035e+00,5.003843e+00,4.903202e+00,5.254546e+00,4.761993e+00,4.928263e+00,4.927370e+00,3.207524e+00,2.680542e+00,2.902783e+00,4.620245e+00,4.991282e+00,4.952584e+00,4.974114e+00,4.844460e+00,5.052082e+00,4.931799e+00,4.895243e+00,4.690337e+00,5.049782e+00,4.891799e+00,4.984157e+00,5.045531e+00,4.887697e+00,4.699638e+00,4.342755e+00,5.058342e+00,5.005168e+00,5.105862e+00,5.031409e+00,5.092888e+00,4.919684e+00,4.921547e+00,4.935285e+00,4.762268e+00,4.742165e+00,4.961760e+00,4.812238e+00,4.929813e+00,5.001696e+00,4.847454e+00,4.795311e+00
4.956189e+00,4.873900e+00,4.869639e+00,4.641748e+00,4.826454e+00,4.931854e+00,4.754021e+00,4.505893e+00,4.836269e+00,5.064451e+00,4.920563e+00,5.140896e+00,4.736817e+00,4.753923e+00,5.081433e+00,4.514276e+00,4.885569e+00,4.700399e+00,4.859501e+00,5.025336e+00,5.012442e+00,4.876383e+00,4.796545e+00,4.891357e+00,4.935224e+00,5.032620e+00,4.873754e+00,4.426221e+00,3.324228e+00,5.039729e+00,4.648622e+00,4.812265e+00,4.903531e+00,4.508376e+00,5.027680e+00,5.058251e+00,3.958525e+00,3.955530e+00,5.133655e+00,3.080288e+00,5.600286e+00,3.583328e+00,4.085520e+00,4.547528e+00,3.519241e+00,4.854396e+00,2.926574e+00,4.388504e+00,9.068570e+00,6.251421e+00,3.636314e+00,3.773568e+00,2.979896e+00,2.291422e+00,4.214415e+00,4.607563e+00,4.684623e+00,4.711846e+00,5.098292e+00,4.107304e+00,3.306933e+00,3.813927e+00,4.432700e+00,2.916427e+00,3.741530e+00,5.218725e+00,2.643230e+00,3.667495e+00,3.669850e+00,2.549021e+00,4.308617e+00,6.423759e+00,4.370572e+00,4.803115e+00,2.745745e+00,2.795027e+00,9.419830e+00,4.617014e+00,4.328520e+00,3.264635e+00,3.673291e+00,7.163157e+00,4.097506e+00,2.407905e+00,5.079968e+00,5.483955e+00,5.564954e+00,5.540011e+00,5.297970e+00,4.175406e+00,4.105157e+00,4.824295e+00,2.314163e+00,2.318911e+00,3.649874e+00,4.707986e+00,4.599844e+00,3.558776e+00,3.754851e+00,4.664254e+00,2.620791e+00,3.752728e+00,3.736575e+00,3.374025e+00,3.473388e+00,3.273919e+00,4.590235e+00,5.090980e+00,2.863592e+00,3.861745e+00,4.303456e+00,5.014295e+00,3.196506e+00,2.844372e+00,5.178984e+00,3.946955e+00,4.787670e+00,4.851466e+00,3.600260e+00,2.947215e+00,2.268799e+00,2.797407e+00,5.364810e+00,9.885115e+00,2.962274e+00,2.437381e+00,2.786329e+00,3.423608e+00,2.453047e+00,3.153444e+00,3.059595e+00,7.373567e+00,2.963551e+00,4.939600e+00,4.696148e+00,5.233976e+00,2.592516e+00,4.904438e+00,4.453936e+00,3.368001e+00,4.328879e+00,3.205454e+00,3.560945e+00,4.797575e+00,2.706468e+00,3.098085e+00,2.559698e+00,3.976064e+00,4.128338e+00,4.427539e+00,4.898130e+00,3.442868e+00,4.692216e+00,4.644576e+00,3.496796e+00,2.251808e+00,2.956554e+00,2.958979e+00,4.687732e+00,4.555312e+00,3.398876e+00,4.238826e+00,3.899000e+00,3.273156e+00,4.548528e+00,3.949319e+00,4.459586e+00,2.959657e+00,4.633390e+00,4.402856e+00,4.066240e+00,3.674172e+00,4.031702e+00,4.952106e+00,4.814864e+00,4.560400e+00,4.853314e+00,4.759847e+00,4.974472e+00,4.642700e+00,3.403459e+00,2.472335e+00,2.344579e+00,2.931703e+00,4.951189e+00,4.573391e+00,4.854378e+00,5.043458e+00,4.937805e+00,4.834046e+00,4.810274e+00,4.812050e+00,5.075463e+00,4.663858e+00,5.025199e+00,4.937893e+00,4.959338e+00,4.600778e+00,4.893077e+00,4.994411e+00,5.007948e+00,4.926240e+00,5.089527e+00,4.785149e+00,4.890201e+00,4.908156e+00,4.397927e+00,4.914023e+00,4.868076e+00,4.690238e+00,4.662655e+00,4.708654e+00,5.009530e+00,4.775812e+00,4.794340e+00
5.179118e+00,5.034815e+00,4.868846e+00,4.710590e+00,5.026387e+00,4.917787e+00,5.037052e+00,4.815687e+00,4.769397e+00,4.932287e+00,4.980768e+00,4.394332e+00,5.070573e+00,4.973476e+00,4.151407e+00,4.779763e+00,4.791856e+00,4.518172e+00,4.927222e+00,4.873897e+00,4.233114e+00,4.902208e+00,4.756930e+00,5.043129e+00,4.999223e+00,4.848008e+00,4.809479e+00,5.060629e+00,5.018156e+00,2.960223e+00,4.820141e+00,4.825257e+00,4.960078e+00,4.937212e+00,4.965066e+00,4.995469e+00,4.339480e+00,4.952545e+00,4.468208e+00,4.132173e+00,5.085012e+00,2.860464e+00,4.523205e+00,4.224510e+00,4.136010e+00,5.670860e+00,4.019247e+00,3.586094e+00,3.480223e+00,4.454213e+00,3.329143e+00,2.801961e+00,4.508932e+00,2.280158e+00,4.564757e+00,2.472614e+00,3.831568e+00,3.695439e+00,9.424868e+00,7.142783e+00,3.584923e+00,3.556210e+00,4.766258e+00,4.142781e+00,2.544172e+00,4.986056e+00,3.806065e+00,5.294774e+00,3.794303e+00,3.381439e+00,4.158543e+00,2.787838e+00,4.213067e+00,3.979447e+00,4.088465e+00,4.366825e+00,5.614961e+00,4.228985e+00,4.526629e+00,5.209831e+00,4.445645e+00,3.030206e+00,4.846173e+00,5.210707e+00,4.489350e+00,3.933746e+00,4.685178e+00,4.729056e+00,5.533456e+00,3.705323e+00,4.026182e+00,3.338443e+00,3.618165e+00,2.428758e+00,3.062721e+00,4.550038e+00,2.487925e+00,3.044847e+00,2.725107e+00,2.801575e+00,4.872186e+00,4.508376e+00,4.980428e+00,4.538803e+00,3.044249e+00,4.488417e+00,2.934297e+00,3.759167e+00,3.964319e+00,4.513689e+00,2.761879e+00,4.162490e+00,2.846523e+00,8.262871e+00,4.362130e+00,9.465345e+00,3.265991e+00,5.141613e+00,5.518974e+00,3.164740e+00,3.478471e+00,5.063884e+00,2.839849e+00,3.219591e+00,2.986989e+00,3.969162e+00,3.069690e+00,4.947408e+00,4.568094e+00,5.418792e+00,6.234534e+00,2.935601e+00,2.566373e+00,4.248053e+00,3.392729e+00,4.409776e+00,4.498416e+00,3.156257e+00,5.013563e+00,3.482509e+00,4.366905e+00,4.618660e+00,2.993501e+00,3.421137e+00,4.663177e+00,4.795722e+00,5.179825e+00,4.436892e+00,3.316147e+00,4.055042e+00,3.196499e+00,4.413141e+00,3.620663e+00,2.791736e+00,3.705140e+00,4.081625e+00,4.444298e+00,3.243665e+00,3.934325e+00,3.047484e+00,4.353759e+00,3.656033e+00,3.053528e+00,3.129288e+00,4.210436e+00,2.532239e+00,4.338527e+00,4.389151e+00,4.131489e+00,4.563966e+00,4.734404e+00,4.721722e+00,4.909916e+00,4.520037e+00,4.841791e+00,4.588321e+00,5.022148e+00,4.977928e+00,4.922607e+00,4.824464e+00,3.587929e+00,2.148244e+00,2.760359e+00,4.946344e+00,4.949354e+00,4.071485e+00,5.093075e+00,4.875784e+00,4.912468e+00,4.958088e+00,4.796243e+00,4.947078e+00,5.054947e+00,4.697415e+00,4.978100e+00,4.641460e+00,4.787792e+00,5.036024e+00,4.894714e+00,4.972997e+00,4.925445e+00,4.927215e+00,4.874374e+00,4.747427e+00,4.874555e+00,5.089238e+00,4.993986e+00,4.980733e+00,4.612101e+00,4.823700e+00,4.716176e+00,4.885571e+00,4.966325e+00,5.023665e+00,4.675472e+00
4.595758e+00,4.896455e+00,4.522216e+00,5.052339e+00,4.861939e+00,4.995121e+00,4.576233e+00,4.874568e+00,4.993421e+00,4.468911e+00,4.798130e+00,4.778813e+00,5.047589e+00,4.943885e+00,4.926078e+00,4.976226e+00,4.825772e+00,4.813701e+00,4.672061e+00,4.930977e+00,4.871429e+00,4.863909e+00,4.829218e+00,4.909578e+00,4.840257e+00,4.706818e+00,4.703032e+00,4.828852e+00,4.980135e+00,3.987605e+00,2.694944e+00,4.971104e+00,4.631113e+00,5.003924e+00,4.610636e+00,4.895161e+00,5.022882e+00,4.820973e+00,4.508715e+00,3.890922e+00,5.027756e+00,4.265735e+00,2.969793e+00,4.374312e+00,4.851616e+00,2.329419e+00,2.838019e+00,4.266706e+00,3.294151e+00,3.619787e+00,4.456887e+00,3.541814e+00,4.108409e+00,3.866456e+00,3.906469e+00,5.519816e+00,3.877142e+00,5.776996e+00,5.415559e+00,3.300272e+00,5.315464e+00,4.142343e+00,3.124589e+00,2.469855e+00,4.791230e+00,2.391224e+00,2.578773e+00,3.896638e+00,9.131782e+00,4.813767e+00,4.765879e+00,3.737799e+00,3.174822e+00,4.003999e+00,4.927325e+00,2.552168e+00,3.437551e+00,2.868515e+00,3.463412e+00,4.733036e+00,2.659117e+00,4.103532e+00,4.255168e+00,4.538527e+00,4.645681e+00,2.799670e+00,4.096275e+00,3.647522e+00,3.488615e+00,4.111133e+00,5.058775e+00,4.001316e+00,4.446152e+00,4.087490e+00,4.533254e+00,3.557299e+00,2.715613e+00,3.645207e+00,4.332798e+00,3.647607e+00,3.869226e+00,5.395845e+00,4.174237e+00,4.585234e+00,3.401089e+00,3.504591e+00,4.283600e+00,3.943432e+00,3.606729e+00,4.433233e+00,2.742267e+00,4.335699e+00,8.718155e+00,4.885717e+00,5.436543e+00,4.519831e+00,4.743433e+00,3.990265e+00,3.927101e+00,4.034197e+00,4.417726e+00,4.142933e+00,7.143814e+00,2.987295e+00,8.639507e+00,2.953747e+00,4.245798e+00,5.106290e+00,2.617376e+00,2.550155e+00,6.233135e+00,4.131408e+00,3.689347e+00,3.280938e+00,3.537902e+00,3.229603e+00,2.832073e+00,4.158912e+00,4.574855e+00,5.061337e+00,3.416370e+00,2.893654e+00,4.560985e+00,5.035702e+00,4.728307e+00,4.726914e+00,4.260975e+00,4.465105e+00,4.413985e+00,5.050219e+00,4.096971e+00,4.945622e+00,5.684485e+00,4.973871e+00,4.747136e+00,5.268711e+00,3.775143e+00,4.294130e+00,3.871306e+00,3.160609e+00,5.149768e+00,2.800548e+00,4.356285e+00,2.873850e+00,2.904913e+00,2.951771e+00,4.232749e+00,5.130711e+00,4.666341e+00,4.370954e+00,2.855474e+00,4.864173e+00,4.773929e+00,4.924883e+00,4.801957e+00,4.859299e+00,5.017797e+00,5.103165e+00,4.175694e+00,5.521247e+00,3.061521e+00,4.173263e+00,4.689995e+00,5.061021e+00,4.982299e+00,4.666924e+00,4.779752e+00,4.850222e+00,4.962161e+00,4.676497e+00,5.036524e+00,4.893488e+00,5.042833e+00,4.976968e+00,4.943536e+00,4.422028e+00,4.922340e+00,4.851670e+00,5.038384e+00,4.932681e+00,4.753452e+00,5.093875e+00,4.959902e+00,5.104503e+00,4.483925e+00,4.436723e+00,5.032001e+00,5.005216e+00,4.820516e+00,5.066558e+00,5.028862e+00,4.951451e+00,4.995544e+00,4.381255e+00,4.919140e+00
4.753950e+00,5.155280e+00,4.541050e+00,4.604262e+00,4.900343e+00,4.900871e+00,5.045022e+00,4.770278e+00,4.890580e+00,4.900258e+00,5.043984e+00,4.260369e+00,4.930528e+00,4.640353e+00,5.070829e+00,4.984619e+00,4.603615e+00,4.786240e+00,4.435333e+00,4.826776e+00,4.930398e+00,4.912365e+00,4.838675e+00,4.816184e+00,5.039463e+00,4.998646e+00,4.914753e+00,4.491857e+00,3.973581e+00,4.925142e+00,3.029042e+00,2.694662e+00,5.221792e+00,4.733727e+00,4.764836e+00,4.559840e+00,4.667621e+00,4.823109e+00,4.795262e+00,4.282403e+00,3.861736e+00,5.056056e+00,3.968276e+00,3.717065e+00,3.639707e+00,3.051936e+00,4.605441e+00,7.071961e+00,4.125978e+00,3.666680e+00,4.356718e+00,3.430135e+00,2.507251e+00,3.638243e+00,3.030253e+00,4.414135e+00,4.995606e+00,2.948057e+00,2.947820e+00,4.168479e+00,2.758178e+00,2.806904e+00,3.183425e+00,6.428012e+00,2.595463e+00,4.316264e+00,3.223230e+00,7.189604e+00,2.973013e+00,3.209339e+00,5.643035e+00,3.373177e+00,4.620014e+00,3.230105e+00,4.726072e+00,3.684393e+00,3.449478e+00,3.832370e+00,5.019233e+00,3.461328e+00,4.176505e+00,3.296318e+00,3.959800e+00,4.506261e+00,4.133035e+00,2.688303e+00,2.617028e+00,4.663566e+00,4.140707e+00,4.001092e+00,3.687386e+00,3.135606e+00,2.696689e+00,3.065544e+00,3.143884e+00,3.651366e+00,2.629032e+00,2.637812e+00,2.619850e+00,3.799717e+00,5.438718e+00,3.345766e+00,2.841782e+00,3.914191e+00,4.726358e+00,3.664470e+00,2.955615e+00,2.779306e+00,4.057187e+00,3.298089e+00,3.818177e+00,3.517632e+00,5.166668e+00,7.990472e+00,4.190083e+00,2.762054e+00,2.982336e+00,8.804101e+00,9.470587e+00,3.380823e+00,4.797611e+00,2.863302e+00,2.901779e+00,2.837980e+00,4.158443e+00,9.628493e+00,3.475832e+00,4.203013e+00,4.669186e+00,4.428306e+00,2.288633e+00,3.166617e+00,3.692308e+00,3.099660e+00,4.033022e+00,4.127559e+00,3.495972e+00,2.458583e+00,3.244332e+00,2.704665e+00,2.410563e+00,4.877408e+00,4.808636e+00,4.705960e+00,4.557554e+00,5.058815e+00,4.972212e+00,4.571640e+00,2.891160e+00,4.837553e+00,2.645288e+00,3.500305e+00,4.040398e+00,2.911451e+00,4.785730e+00,4.912962e+00,3.586867e+00,3.002629e+00,3.349603e+00,4.959693e+00,3.050761e+00,2.703416e+00,2.644917e+00,4.565544e+00,3.096289e+00,3.869407e+00,4.943389e+00,4.766592e+00,4.751385e+00,4.902398e+00,4.795269e+00,4.950678e+00,4.906520e+00,4.126147e+00,4.706170e+00,4.900195e+00,4.928044e+00,4.709951e+00,2.517255e+00,2.887541e+00,3.521959e+00,4.494807e+00,4.792382e+00,4.753188e+00,4.752248e+00,5.083374e+00,4.894362e+00,4.949093e+00,4.929402e+00,4.842138e+00,4.951304e+00,4.866082e+00,5.112986e+00,4.886439e+00,4.731005e+00,4.815541e+00,4.948303e+00,5.173362e+00,5.056483e+00,4.891737e+00,4.795771e+00,4.799103e+00,4.676239e+00,4.848703e+00,4.635469e+00,4.893611e+00,4.786999e+00,4.822232e+00,4.714611e+00,4.976915e+00,4.826551e+00,4.826678e+00,4.950360e+00,4.775083e+00,4.999212e+00
4.811889e+00,4.350369e+00,4.916734e+00,4.968416e+00,5.201496e+00,4.812621e+00,5.031343e+00,4.900061e+00,5.032073e+00,4.712954e+00,4.942385e+00,4.808879e+00,4.999269e+00,4.682506e+00,4.862998e+00,4.823558e+00,5.002964e+00,4.538065e+00,4.990113e+00,4.982592e+00,4.881546e+00,4.807440e+00,5.052201e+00,4.886577e+00,4.835331e+00,5.029156e+00,4.913728e+00,4.798920e+00,4.557818e+00,4.930649e+00,4.504929e+00,4.664053e+00,4.676549e+00,4.952408e+00,4.812835e+00,4.909517e+00,5.006087e+00,4.638574e+00,4.982824e+00,4.683893e+00,4.736580e+00,4.669916e+00,5.263063e+00,3.376609e+00,3.204906e+00,3.455270e+00,4.799428e+00,6.971694e+00,3.164792e+00,2.948506e+00,4.525356e+00,3.900924e+00,2.540519e+00,2.777685e+00,3.610276e+00,3.814507e+00,8.478701e+00,5.557834e+00,3.591579e+00,2.671331e+00,3.168144e+00,4.015421e+00,9.634795e+00,2.688426e+00,4.184938e+00,3.339190e+00,4.821012e+00,3.959242e+00,3.040575e+00,4.993386e+00,3.818882e+00,2.858927e+00,4.535853e+00,4.421573e+00,4.186325e+00,4.930887e+00,9.772344e+00,2.226994e+00,2.322193e+00,3.606544e+00,3.370421e+00,8.810018e+00,3.428318e+00,9.128451e+00,3.682041e+00,4.708346e+00,1.035900e+01,4.772708e+00,3.371403e+00,4.701627e+00,4.577775e+00,4.079129e+00,4.499878e+00,3.058199e+00,4.086194e+00,4.376272e+00,4.676916e+00,2.716995e+00,4.726805e+00,5.174427e+00,4.832274e+00,3.050297e+00,5.226562e+00,5.274519e+00,3.165926e+00,5.180196e+00,3.176246e+00,4.162403e+00,6.975724e+00,4.264729e+00,3.827790e+00,3.157565e+00,4.755450e+00,2.821376e+00,3.522577e+00,3.011995e+00,3.676453e+00,2.555564e+00,4.825947e+00,4.739814e+00,2.847908e+00,4.524736e+00,2.764067e+00,3.257520e+00,6.103449e+00,9.137173e+00,3.440487e+00,4.194754e+00,4.873705e+00,2.461465e+00,3.752883e+00,3.787725e+00,4.740035e+00,3.600535e+00,4.015246e+00,3.206378e+00,4.283376e+00,3.869169e+00,2.925953e+00,5.141013e+00,4.918183e+00,4.899206e+00,4.758094e+00,4.189459e+00,4.684690e+00,4.905003e+00,4.750719e+00,4.633604e+00,4.684942e+00,2.836202e+00,4.730142e+00,3.590066e+00,3.061888e+00,4.841455e+00,4.117652e+00,2.636797e+00,2.732258e+00,3.482766e+00,4.103666e+00,4.101732e+00,4.552969e+00,3.186113e+00,5.016184e+00,4.527159e+00,4.465910e+00,4.683098e+00,4.274567e+00,4.750967e+00,4.463276e+00,4.876911e+00,4.720399e+00,5.103569e+00,4.799817e+00,4.380635e+00,4.941301e+00,4.981102e+00,2.791136e+00,2.813290e+00,4.160609e+00,2.919318e+00,4.864947e+00,4.494477e+00,3.647324e+00,4.892999e+00,4.354902e+00,5.024855e+00,4.778217e+00,4.904192e+00,4.979146e+00,4.689032e+00,4.619464e+00,4.830060e+00,4.831234e+00,4.769976e+00,4.935797e+00,4.788672e+00,5.127230e+00,4.827972e+00,4.969357e+00,4.681013e+00,4.471425e+00,4.983475e+00,5.043558e+00,4.696141e+00,4.946532e+00,4.944363e+00,5.040049e+00,4.706499e+00,4.835657e+00,4.876452e+00,4.885904e+00,4.760311e+00,4.905634e+00,4.704134e+00,4.736702e+00
4.688867e+00,4.958709e+00,5.037351e+00,4.920066e+00,4.883302e+00,4.592961e+00,5.001602e+00,5.013561e+00,4.954482e+00,4.850491e+00,4.973953e+00,5.077868e+00,4.928391e+00,5.054731e+00,5.124609e+00,4.486816e+00,5.067270e+00,4.936078e+00,5.034563e+00,4.726830e+00,4.761694e+00,5.221260e+00,5.058550e+00,4.912832e+00,5.164889e+00,4.931073e+00,4.254529e+00,4.616494e+00,4.799909e+00,4.883260e+00,5.108480e+00,4.811430e+00,4.934386e+00,4.495368e+00,4.774358e+00,4.899722e+00,4.709657e+00,5.109367e+00,4.452836e+00,4.892300e+00,4.910773e+00,3.139250e+00,3.768789e+00,4.585913e+00,4.470784e+00,5.199712e+00,3.908693e+00,7.675465e+00,4.829277e+00,3.619064e+00,2.044741e+00,3.197967e+00,6.168482e+00,4.991915e+00,5.168675e+00,6.620933e+00,4.819130e+00,4.520188e+00,4.438276e+00,4.532024e+00,5.115223e+00,4.872192e+00,3.521821e+00,5.711049e+00,8.954444e+00,9.226490e+00,4.659576e+00,5.665018e+00,3.278487e+00,4.359053e+00,3.197291e+00,3.507783e+00,6.392522e+00,4.735682e+00,2.641327e+00,3.263768e+00,4.299283e+00,5.181378e+00,8.695341e+00,5.497137e+00,4.043243e+00,3.886127e+00,3.457966e+00,4.241117e+00,2.680447e+00,2.664142e+00,3.839020e+00,4.174457e+00,8.254940e+00,6.511713e+00,3.754424e+00,4.094826e+00,3.453185e+00,2.735348e+00,3.160147e+00,5.128334e+00,3.951940e+00,3.155900e+00,3.812628e+00,3.854055e+00,4.260753e+00,4.499911e+00,4.700163e+00,4.057292e+00,4.466038e+00,3.456811e+00,4.984021e+00,4.657575e+00,2.596367e+00,3.733551e+00,3.215125e+00,5.421793e+00,4.064234e+00,4.285316e+00,8.872545e+00,4.778287e+00,4.892282e+00,3.951546e+00,3.249741e+00,4.300807e+00,4.325504e+00,3.357296e+00,4.823561e+00,3.776017e+00,7.554766e+00,3.979253e+00,8.553869e+00,2.963579e+00,3.182690e+00,4.428311e+00,5.353655e+00,3.535342e+00,2.861299e+00,4.034108e+00,4.898777e+00,4.288086e+00,4.983562e+00,3.179217e+00,4.975560e+00,4.947356e+00,4.951724e+00,5.065199e+00,3.951234e+00,5.016799e+00,5.016045e+00,4.649274e+00,3.922617e+00,5.034685e+00,4.096732e+00,5.067637e+00,3.877056e+00,3.036022e+00,2.714273e+00,4.566838e+00,3.799839e+00,3.769083e+00,4.191593e+00,3.151003e+00,4.491315e+00,3.426576e+00,3.407989e+00,4.421879e+00,4.102356e+00,4.295639e+00,2.550036e+00,2.887071e+00,4.650925e+00,4.843086e+00,4.804813e+00,4.880896e+00,4.921715e+00,5.106808e+00,4.890759e+00,4.522502e+00,4.953460e+00,4.760562e+00,5.088616e+00,2.840738e+00,2.610527e+00,3.518122e+00,4.994325e+00,4.620904e+00,4.561907e+00,4.509266e+00,4.965010e+00,4.899430e+00,4.679486e+00,4.899706e+00,4.800893e+00,4.871124e+00,4.856826e+00,4.692384e+00,4.718316e+00,4.877698e+00,5.013322e+00,4.639887e+00,4.596646e+00,5.010877e+00,4.946173e+00,4.681059e+00,4.804262e+00,4.806487e+00,4.999135e+00,4.995335e+00,4.785823e+00,4.811271e+00,4.793102e+00,4.912687e+00,4.428007e+00,4.968413e+00,4.837710e+00,5.080479e+00,4.869569e+00,4.818986e+00,4.809495e+00
4.828410e+00,5.021313e+00,4.837975e+00,4.996947e+00,4.966272e+00,4.949695e+00,4.943645e+00,4.996535e+00,5.077548e+00,4.598039e+00,4.676126e+00,4.550895e+00,5.041387e+00,4.955363e+00,4.644151e+00,4.836526e+00,4.513647e+00,4.680372e+00,4.843611e+00,4.786336e+00,4.916988e+00,5.076874e+00,4.616615e+00,4.983151e+00,4.594593e+00,4.529156e+00,4.969720e+00,4.974439e+00,4.779781e+00,4.677853e+00,4.126396e+00,4.666525e+00,4.576632e+00,4.300267e+00,4.907612e+00,4.910438e+00,5.018987e+00,4.909066e+00,4.753827e+00,5.025234e+00,5.047447e+00,4.782498e+00,3.649456e+00,3.419432e+00,3.187913e+00,3.427720e+00,3.757864e+00,4.763088e+00,4.894699e+00,3.505901e+00,3.489443e+00,3.711714e+00,2.931055e+00,2.834915e+00,4.174486e+00,3.240483e+00,4.639922e+00,1.032181e+01,4.754703e+00,3.017587e+00,4.465180e+00,4.551737e+00,3.249231e+00,4.072866e+00,5.024231e+00,5.008270e+00,4.405603e+00,4.260698e+00,3.553661e+00,3.552769e+00,3.272509e+00,2.732248e+00,3.189814e+00,4.832023e+00,4.068600e+00,2.934128e+00,3.373939e+00,3.740211e+00,3.834112e+00,4.286036e+00,5.103698e+00,4.783967e+00,2.732520e+00,2.934300e+00,3.791490e+00,2.681992e+00,2.977823e+00,3.854819e+00,5.064074e+00,3.461441e+00,3.523608e+00,4.256292e+00,4.126093e+00,3.381261e+00,3.859041e+00,3.004633e+00,4.982919e+00,4.195775e+00,3.963487e+00,3.351051e+00,3.081734e+00,2.698598e+00,4.188826e+00,4.745328e+00,3.015192e+00,4.848925e+00,4.878752e+00,4.645575e+00,4.794771e+00,4.494701e+00,3.575752e+00,3.222466e+00,3.190772e+00,5.302506e+00,4.026206e+00,4.312170e+00,5.194326e+00,3.208644e+00,3.877781e+00,3.489086e+00,3.950375e+00,4.396563e+00,3.628517e+00,2.425497e+00,2.630234e+00,5.057315e+00,3.953760e+00,4.254755e+00,4.054894e+00,4.599296e+00,4.299883e+00,2.895855e+00,2.731487e+00,5.462388e+00,3.592584e+00,4.802405e+00,5.013229e+00,4.882849e+00,4.930746e+00,4.894568e+00,4.652865e+00,4.701611e+00,5.095002e+00,4.199248e+00,2.445624e+00,2.887195e+00,4.756241e+00,4.282362e+00,5.142112e+00,3.700817e+00,4.182469e+00,3.233175e+00,2.559733e+00,2.815489e+00,4.543327e+00,3.438415e+00,3.623169e+00,2.642023e+00,4.807841e+00,2.818379e+00,3.084402e+00,4.053866e+00,4.748421e+00,4.402768e+00,4.442561e+00,4.816145e+00,4.632092e+00,4.444390e+00,4.690651e+00,4.882609e+00,4.838961e+00,5.057440e+00,4.997627e+00,4.715955e+00,3.837754e+00,4.565565e+00,4.648372e+00,8.946495e+00,4.530426e+00,4.857995e+00,4.517891e+00,4.768006e+00,5.017627e+00,4.769112e+00,4.791247e+00,4.912622e+00,4.943378e+00,4.928803e+00,4.771594e+00,5.036256e+00,4.903931e+00,4.705974e+00,4.802932e+00,4.953702e+00,5.089455e+00,4.819293e+00,4.903907e+00,4.673402e+00,4.960299e+00,5.043007e+00,4.828531e+00,4.921971e+00,4.940124e+00,4.912758e+00,4.872806e+00,4.656509e+00,4.979623e+00,4.848007e+00,4.614622e+00,4.889553e+00,4.651583e+00,4.713624e+00,4.707713e+00,4.625488e+00,4.834275e+00
5.096860e+00,4.779998e+00,4.934087e+00,4.856785e+00,4.664991e+00,4.933289e+00,4.950505e+00,5.024058e+00,4.623297e+00,4.565903e+00,4.906357e+00,5.083018e+00,4.940840e+00,5.061575e+00,5.005650e+00,4.865836e+00,4.442283e+00,5.126497e+00,4.741038e+00,5.083006e+00,4.885283e+00,4.807703e+00,4.952945e+00,4.768721e+00,5.146982e+00,4.678172e+00,4.605079e+00,4.835139e+00,4.581092e+00,4.943355e+00,4.859674e+00,4.164539e+00,4.824001e+00,4.557738e+00,4.955158e+00,4.911359e+00,5.026899e+00,4.726719e+00,4.733034e+00,5.076577e+00,4.423716e+00,4.841900e+00,3.479770e+00,3.134847e+00,3.979204e+00,4.288568e+00,2.982682e+00,2.713719e+00,3.627330e+00,3.149432e+00,5.287067e+00,3.625231e+00,3.508796e+00,4.566460e+00,4.151203e+00,nan,5.898519e+00,3.574293e+00,4.327888e+00,4.734255e+00,3.646658e+00,3.338614e+00,3.756431e+00,3.916611e+00,5.405092e+00,3.240847e+00,5.467127e+00,4.106815e+00,3.225302e+00,7.830613e+00,4.798629e+00,4.678374e+00,3.472319e+00,3.399126e+00,2.536645e+00,3.708605e+00,4.572999e+00,4.407121e+00,3.389519e+00,2.696299e+00,3.178801e+00,3.512778e+00,2.400599e+00,3.080953e+00,2.524096e+00,4.326418e+00,2.281748e+00,4.543392e+00,2.888019e+00,3.935186e+00,4.466820e+00,3.503972e+00,2.599958e+00,3.852748e+00,3.161064e+00,3.191531e+00,3.359317e+00,4.266252e+00,2.885215e+00,3.319241e+00,4.746325e+00,3.892759e+00,3.753488e+00,3.680263e+00,3.596238e+00,4.895670e+00,5.021786e+00,4.904700e+00,2.724830e+00,4.202562e+00,4.367316e+00,5.337612e+00,4.606068e+00,2.629985e+00,4.132570e+00,5.272320e+00,4.371467e+00,2.894687e+00,2.910362e+00,2.432937e+00,2.982309e+00,4.898182e+00,3.738949e+00,4.910800e+00,4.921365e+00,4.735809e+00,3.103074e+00,2.454457e+00,3.522674e+00,3.216716e+00,4.549692e+00,2.692893e+00,3.970308e+00,3.175603e+00,4.822571e+00,5.101866e+00,5.205135e+00,4.364281e+00,4.675082e+00,4.918314e+00,4.729753e+00,2.658788e+00,3.877781e+00,3.062058e+00,3.602228e+00,2.983749e+00,4.150556e+00,3.372545e+00,2.808412e+00,3.739656e+00,4.017988e+00,5.008890e+00,4.375465e+00,4.395622e+00,4.680234e+00,3.364958e+00,2.673283e+00,3.085819e+00,3.539532e+00,3.169961e+00,2.377252e+00,4.485088e+00,4.432115e+00,4.143493e+00,4.537504e+00,4.774679e+00,2.668908e+00,4.680153e+00,5.155632e+00,4.659106e+00,4.843373e+00,4.872740e+00,4.933388e+00,4.543833e+00,4.533561e+00,4.664539e+00,4.690330e+00,4.651312e+00,5.204115e+00,4.903885e+00,4.956666e+00,4.895849e+00,4.825893e+00,4.950292e+00,4.871069e+00,4.989941e+00,4.947553e+00,4.761949e+00,4.968429e+00,4.963834e+00,4.661857e+00,4.673395e+00,4.829348e+00,4.730609e+00,4.714690e+00,5.008442e+00,4.925425e+00,4.691591e+00,4.857581e+00,5.057398e+00,5.116663e+00,4.950011e+00,4.817667e+00,4.871359e+00,4.802188e+00,4.988231e+00,4.782398e+00,5.014328e+00,4.855882e+00,5.081876e+00,4.642214e+00,4.854142e+00,5.007200e+00,4.588698e+00,4.879574e+00
4.525722e+00,5.192925e+00,3.662983e+00,4.226876e+00,4.782873e+00,5.008698e+00,5.133296e+00,4.802130e+00,4.891731e+00,4.952912e+00,4.845873e+00,4.761285e+00,4.747020e+00,4.608307e+00,4.969733e+00,5.045585e+00,4.979303e+00,4.989177e+00,5.056611e+00,4.524500e+00,4.583651e+00,5.057674e+00,4.651924e+00,4.788762e+00,4.489453e+00,5.036112e+00,5.009439e+00,4.811461e+00,4.845434e+00,4.962236e+00,5.093511e+00,4.571792e+00,3.491516e+00,4.939326e+00,4.782687e+00,2.524476e+00,4.807068e+00,5.131143e+00,4.882544e+00,4.831335e+00,4.887738e+00,4.958644e+00,4.929386e+00,4.747877e+00,4.659992e+00,4.249444e+00,4.353604e+00,2.972481e+00,2.961041e+00,4.461237e+00,3.076228e+00,5.071523e+00,3.837701e+00,4.516362e+00,4.594602e+00,4.097170e+00,3.417916e+00,2.842757e+00,5.176977e+00,3.044176e+00,5.687555e+00,4.011457e+00,3.365244e+00,3.340884e+00,3.506478e+00,3.999398e+00,9.957205e+00,3.918922e+00,2.499774e+00,3.477706e+00,3.636695e+00,3.276650e+00,3.939521e+00,4.557138e+00,6.086320e+00,3.405127e+00,5.043347e+00,3.486810e+00,4.209675e+00,3.486316e+00,8.828561e+00,3.552388e+00,4.232125e+00,4.665723e+00,4.485271e+00,3.635244e+00,5.022606e+00,4.142740e+00,4.510119e+00,3.553795e+00,8.762148e+00,3.929247e+00,5.308966e+00,5.596767e+00,3.946259e+00,2.594593e+00,3.285058e+00,3.222430e+00,3.793019e+00,3.220387e+00,4.124023e+00,4.391538e+00,3.340934e+00,3.032944e+00,3.566573e+00,4.992304e+00,4.951898e+00,4.992089e+00,3.452852e+00,4.660421e+00,4.536706e+00,4.426753e+00,3.186178e+00,3.620300e+00,8.159465e+00,3.391495e+00,3.178837e+00,2.647460e+00,3.855752e+00,3.134719e+00,2.877082e+00,3.568933e+00,5.175853e+00,8.892675e+00,3.386630e+00,5.222748e+00,3.611302e+00,2.913967e+00,4.404073e+00,5.231872e+00,4.572786e+00,2.941141e+00,4.695110e+00,4.324283e+00,4.805890e+00,4.676781e+00,4.570346e+00,4.932004e+00,4.702835e+00,2.831125e+00,2.891386e+00,3.602671e+00,4.055724e+00,3.724314e+00,3.337744e+00,3.091349e+00,4.178151e+00,4.406768e+00,4.803868e+00,2.769442e+00,5.142204e+00,3.161726e+00,2.216099e+00,3.934629e+00,3.323436e+00,3.589621e+00,2.539032e+00,3.754726e+00,4.132667e+00,4.372419e+00,3.902210e+00,5.263911e+00,4.508409e+00,4.615279e+00,4.474760e+00,4.562169e+00,4.626477e+00,5.094138e+00,5.092307e+00,5.117344e+00,4.975097e+00,4.970646e+00,5.014845e+00,4.627280e+00,3.530050e+00,4.691367e+00,4.483992e+00,4.711089e+00,4.846631e+00,5.001393e+00,4.982899e+00,5.010292e+00,4.949863e+00,4.996638e+00,4.590882e+00,4.942158e+00,4.804400e+00,4.990876e+00,4.774284e+00,4.984142e+00,4.904856e+00,4.949110e+00,4.959147e+00,4.895270e+00,4.923030e+00,5.032351e+00,5.010094e+00,4.900067e+00,4.954857e+00,4.885009e+00,4.869942e+00,4.818339e+00,4.957934e+00,5.073301e+00,4.938324e+00,4.881624e+00,4.621797e+00,4.967371e+00,4.954793e+00,5.051517e+00,4.936501e+00,4.836519e+00,4.780445e+00,4.743659e+00,4.976723e+00
4.447204e+00,4.677311e+00,4.797423e+00,4.979633e+00,4.805747e+00,4.989494e+00,4.954903e+00,4.922784e+00,5.009341e+00,4.819505e+00,4.453829e+00,5.072621e+00,4.875303e+00,4.957432e+00,4.642731e+00,4.962648e+00,4.939853e+00,4.789872e+00,4.895589e+00,5.024676e+00,4.890525e+00,4.856571e+00,4.908222e+00,4.892287e+00,4.885664e+00,5.189647e+00,4.996512e+00,4.924708e+00,4.853541e+00,4.833296e+00,4.739342e+00,4.521671e+00,4.682740e+00,4.889497e+00,4.535379e+00,4.584156e+00,3.908561e+00,4.730722e+00,4.755105e+00,4.746775e+00,5.011856e+00,5.150545e+00,4.950552e+00,4.616671e+00,4.203560e+00,4.358527e+00,4.597570e+00,4.688275e+00,2.592229e+00,2.893711e+00,3.690727e+00,3.954662e+00,3.736934e+00,2.983750e+00,3.684559e+00,6.061420e+00,2.905482e+00,5.863965e+00,5.929225e+00,3.956755e+00,3.309795e+00,3.009620e+00,8.156856e+00,3.348027e+00,4.291536e+00,2.693607e+00,4.375845e+00,3.894884e+00,7.569156e+00,4.099849e+00,4.080803e+00,5.500191e+00,5.846008e+00,3.851652e+00,5.572853e+00,3.417263e+00,3.658349e+00,3.243726e+00,3.525380e+00,2.929237e+00,4.044168e+00,2.743257e+00,2.550531e+00,2.725689e+00,3.193483e+00,4.289454e+00,3.523570e+00,3.895996e+00,3.275653e+00,4.243559e+00,3.144246e+00,6.125967e+00,4.249692e+00,3.740501e+00,4.347234e+00,3.980503e+00,4.562811e+00,3.834356e+00,3.208619e+00,4.580316e+00,4.483450e+00,4.568557e+00,3.366242e+00,5.015134e+00,3.771012e+00,4.941346e+00,4.866242e+00,4.684345e+00,5.151114e+00,3.000978e+00,5.359870e+00,4.217037e+00,5.979749e+00,4.487702e+00,4.798382e+00,5.653925e+00,5.170219e+00,5.339406e+00,2.586633e+00,2.684171e+00,4.129727e+00,5.368726e+00,5.215509e+00,4.500749e+00,2.862294e+00,4.810903e+00,4.098567e+00,3.958677e+00,4.058748e+00,5.002138e+00,5.005242e+00,5.042162e+00,4.596156e+00,4.802828e+00,4.830189e+00,4.921779e+00,5.004085e+00,5.525226e+00,2.890225e+00,4.430726e+00,4.822291e+00,2.775395e+00,4.422939e+00,2.708532e+00,4.656551e+00,2.783157e+00,4.556013e+00,3.996243e+00,3.283469e+00,4.006241e+00,4.106765e+00,4.330431e+00,3.582457e+00,4.162348e+00,3.331303e+00,3.033758e+00,3.526262e+00,4.274204e+00,4.744705e+00,5.063016e+00,4.922222e+00,4.202314e+00,4.847582e+00,2.914427e+00,4.489890e+00,4.881193e+00,5.010471e+00,4.945094e+00,4.875763e+00,4.909454e+00,4.911947e+00,4.743784e+00,4.155400e+00,4.869794e+00,3.478564e+00,3.518100e+00,4.655464e+00,5.087133e+00,4.401560e+00,4.812783e+00,4.893624e+00,5.103642e+00,4.834947e+00,4.756748e+00,4.815953e+00,4.975336e+00,4.965700e+00,4.911506e+00,4.643181e+00,4.687171e+00,4.876051e+00,4.910946e+00,4.929132e+00,4.980802e+00,4.697208e+00,4.809648e+00,4.983051e+00,4.928451e+00,4.739634e+00,4.487315e+00,4.844290e+00,4.776741e+00,4.754977e+00,4.968148e+00,4.941669e+00,4.942612e+00,4.881300e+00,4.986115e+00,5.023695e+00,4.606611e+00,5.124838e+00,4.108972e+00,4.688279e+00,4.967023e+00,4.472637e+00
4.625434e+00,5.067548e+00,4.925849e+00,4.757146e+00,4.682722e+00,4.804017e+00,4.935702e+00,4.790391e+00,5.021986e+00,5.074368e+00,4.661931e+00,5.019733e+00,4.961401e+00,4.775655e+00,4.647166e+00,4.780052e+00,4.469827e+00,4.963478e+00,4.814105e+00,4.718186e+00,5.048625e+00,4.769008e+00,4.688106e+00,4.692802e+00,4.918781e+00,4.424372e+00,4.964996e+00,4.848457e+00,5.011460e+00,4.965041e+00,4.978014e+00,4.519314e+00,4.962301e+00,5.125405e+00,4.809111e+00,4.812810e+00,4.146174e+00,4.218225e+00,5.046339e+00,4.282217e+00,5.023760e+00,4.965886e+00,4.812693e+00,4.734563e+00,4.790747e+00,5.096090e+00,4.445193e+00,3.608081e+00,3.896186e+00,4.360439e+00,2.915795e+00,3.612576e+00,2.782333e+00,4.682896e+00,5.074319e+00,3.879296e+00,4.220041e+00,4.869921e+00,3.894368e+00,6.502796e+00,4.416246e+00,6.282663e+00,3.333010e+00,4.143279e+00,3.745470e+00,6.151508e+00,4.606215e+00,5.689224e+00,4.493449e+00,4.761138e+00,4.684781e+00,4.868704e+00,3.771774e+00,2.712557e+00,4.638282e+00,3.080626e+00,3.598122e+00,3.695424e+00,3.945846e+00,3.666524e+00,3.196812e+00,4.771563e+00,3.738417e+00,3.927684e+00,8.458746e+00,5.179594e+00,3.328679e+00,4.295690e+00,4.581985e+00,2.925721e+00,3.237210e+00,5.364892e+00,2.460882e+00,4.358747e+00,4.863475e+00,3.114121e+00,4.859018e+00,3.681828e+00,4.400838e+00,4.818810e+00,4.229758e+00,3.884997e+00,3.746848e+00,4.325933e+00,3.711296e+00,4.740373e+00,4.960355e+00,4.723137e+00,3.643265e+00,5.182148e+00,3.172548e+00,3.645667e+00,3.547354e+00,3.119102e+00,4.614188e+00,4.946726e+00,8.208628e+00,3.950975e+00,3.939208e+00,3.816036e+00,7.304038e+00,3.754607e+00,4.577908e+00,3.211315e+00,3.054444e+00,4.581400e+00,4.524509e+00,2.667456e+00,4.718526e+00,4.979311e+00,5.003674e+00,4.985347e+00,4.696522e+00,4.910994e+00,4.815714e+00,4.772931e+00,2.515807e+00,4.953185e+00,2.950606e+00,2.828587e+00,4.746264e+00,4.772541e+00,4.598724e+00,2.999419e+00,4.831358e+00,3.480522e+00,2.708978e+00,5.334880e+00,2.582903e+00,3.416836e+00,4.136612e+00,5.584271e+00,3.846239e+00,3.934687e+00,4.277238e+00,4.580497e+00,4.547170e+00,2.863690e+00,4.589653e+00,4.516565e+00,4.497542e+00,3.334911e+00,5.158278e+00,4.706770e+00,4.654405e+00,4.985748e+00,4.913314e+00,4.934642e+00,4.879499e+00,4.771600e+00,4.932361e+00,4.677515e+00,2.837644e+00,2.564069e+00,4.642265e+00,4.301307e+00,4.983756e+00,4.510283e+00,4.884661e+00,4.689062e+00,4.958293e+00,4.841411e+00,4.793493e+00,4.782397e+00,4.811690e+00,5.053986e+00,4.705724e+00,5.095291e+00,4.864186e+00,4.983376e+00,4.510078e+00,4.935125e+00,4.505931e+00,4.971443e+00,4.372073e+00,4.758540e+00,4.726266e+00,4.733490e+00,4.915495e+00,4.860130e+00,5.004444e+00,4.889707e+00,5.023184e+00,4.940796e+00,4.512979e+00,5.021098e+00,4.755431e+00,5.042155e+00,4.949711e+00,4.886466e+00,4.964035e+00,4.923360e+00,4.652718e+00,4.940485e+00,4.408761e+00
4.957369e+00,4.799584e+00,4.876351e+00,4.839360e+00,4.947257e+00,4.882381e+00,4.666277e+00,4.826795e+00,4.888927e+00,4.963720e+00,4.748666e+00,4.717775e+00,4.814703e+00,4.878947e+00,4.751807e+00,4.375285e+00,4.771200e+00,4.735142e+00,4.803896e+00,4.570934e+00,4.912738e+00,4.802050e+00,4.638197e+00,5.059863e+00,4.781307e+00,4.846645e+00,4.841645e+00,5.096015e+00,4.685385e+00,4.816211e+00,4.993155e+00,4.954649e+00,4.866249e+00,4.558729e+00,4.660299e+00,4.847755e+00,4.887366e+00,4.745915e+00,5.024692e+00,5.142960e+00,4.911966e+00,4.938051e+00,4.641415e+00,4.972184e+00,4.944428e+00,4.725863e+00,4.681647e+00,4.365750e+00,4.703870e+00,3.787428e+00,3.021559e+00,4.805952e+00,4.535830e+00,2.762339e+00,4.430003e+00,5.449904e+00,4.531190e+00,4.542655e+00,4.183807e+00,1.040595e+01,3.940203e+00,5.315432e+00,6.992245e+00,6.785024e+00,5.332088e+00,3.852925e+00,7.473516e+00,5.361989e+00,3.126943e+00,4.132334e+00,3.504244e+00,3.953123e+00,3.317986e+00,3.812868e+00,3.102099e+00,3.192127e+00,5.070098e+00,8.419979e+00,5.212831e+00,3.721880e+00,2.682623e+00,3.328240e+00,2.884917e+00,4.673188e+00,4.748898e+00,3.222371e+00,4.744519e+00,3.597600e+00,2.840835e+00,2.836684e+00,3.296213e+00,3.357891e+00,2.742067e+00,3.518806e+00,2.529712e+00,4.332736e+00,2.483488e+00,4.617317e+00,5.096608e+00,3.691789e+00,4.751601e+00,4.788964e+00,4.855683e+00,4.508905e+00,4.626153e+00,4.931813e+00,4.803825e+00,4.351489e+00,3.457640e+00,3.165081e+00,3.240318e+00,4.440772e+00,4.505457e+00,3.133439e+00,2.539280e+00,3.432336e+00,2.935137e+00,4.403191e+00,5.113147e+00,2.915646e+00,4.013841e+00,3.120260e+00,3.765945e+00,5.978199e+00,3.547405e+00,3.557426e+00,5.181224e+00,4.864206e+00,5.054366e+00,4.741423e+00,4.824132e+00,4.931239e+00,4.813984e+00,4.859386e+00,2.807349e+00,4.330339e+00,4.059485e+00,4.401621e+00,5.230697e+00,2.637557e+00,4.714808e+00,2.844147e+00,2.696691e+00,4.259126e+00,3.325169e+00,4.471009e+00,4.494556e+00,2.627920e+00,3.019310e+00,3.656018e+00,3.456679e+00,2.970203e+00,2.904383e+00,3.793735e+00,3.663691e+00,4.595217e+00,4.144216e+00,3.078344e+00,4.593930e+00,4.994375e+00,5.017235e+00,4.990012e+00,4.962853e+00,4.838672e+00,4.795659e+00,4.760875e+00,5.003816e+00,4.975507e+00,4.877189e+00,4.961439e+00,4.780852e+00,3.387634e+00,2.455622e+00,2.610199e+00,4.712256e+00,5.030984e+00,3.554129e+00,4.742888e+00,4.999001e+00,5.114789e+00,4.734369e+00,4.876225e+00,4.834527e+00,4.785929e+00,4.672076e+00,4.509780e+00,4.980457e+00,4.661708e+00,4.978573e+00,4.586753e+00,4.514634e+00,4.958224e+00,5.032445e+00,4.886623e+00,4.592376e+00,4.780091e+00,4.535774e+00,4.880435e+00,4.979754e+00,4.953160e+00,4.885740e+00,4.983672e+00,3.836836e+00,4.846373e+00,4.964735e+00,4.975186e+00,4.479320e+00,4.999071e+00,4.680428e+00,4.970966e+00,4.938318e+00,4.991485e+00,4.911942e+00,4.918488e+00,4.837873e+00
5.079568e+00,4.809786e+00,4.976800e+00,4.975477e+00,4.974951e+00,5.042018e+00,4.980341e+00,4.643919e+00,4.924128e+00,4.462432e+00,4.754741e+00,4.830816e+00,4.968166e+00,4.975631e+00,4.924511e+00,4.968156e+00,4.849323e+00,4.785041e+00,4.862379e+00,5.025074e+00,4.830376e+00,4.890523e+00,4.530557e+00,4.579780e+00,4.913431e+00,4.309355e+00,4.886913e+00,4.886165e+00,4.801032e+00,4.312903e+00,5.020068e+00,4.930392e+00,4.587444e+00,4.923706e+00,4.945690e+00,3.361159e+00,4.858234e+00,4.803440e+00,4.915539e+00,4.810639e+00,4.654595e+00,4.693177e+00,4.807402e+00,5.028805e+00,4.958732e+00,4.752795e+00,4.995884e+00,4.922608e+00,5.192766e+00,3.384096e+00,3.799654e+00,4.398158e+00,2.732472e+00,4.277620e+00,3.031543e+00,4.677968e+00,9.219578e+00,4.148531e+00,2.762719e+00,3.447610e+00,3.943600e+00,3.868781e+00,3.508419e+00,4.759767e+00,7.491223e+00,8.357200e+00,5.722549e+00,4.142204e+00,5.034619e+00,4.979860e+00,2.920051e+00,4.733325e+00,3.274724e+00,4.222444e+00,5.119163e+00,4.074979e+00,3.179451e+00,3.046049e+00,3.296089e+00,4.855576e+00,3.911200e+00,3.630272e+00,3.266931e+00,4.894506e+00,5.511703e+00,4.343744e+00,5.011233e+00,5.402315e+00,3.062713e+00,3.304915e+00,3.898646e+00,3.226218e+00,4.145414e+00,3.972431e+00,2.728812e+00,5.014919e+00,5.037728e+00,4.808059e+00,4.792076e+00,4.995722e+00,4.903295e+00,4.849079e+00,4.766381e+00,4.735240e+00,4.905142e+00,4.976718e+00,5.026405e+00,4.906957e+00,4.404097e+00,2.782517e+00,4.777825e+00,3.714621e+00,4.289830e+00,4.063911e+00,4.550661e+00,3.995829e+00,4.446258e+00,2.933426e+00,3.418263e+00,4.230840e+00,3.906990e+00,2.389320e+00,3.550907e+00,4.825021e+00,2.401431e+00,4.044088e+00,4.368207e+00,4.925363e+00,4.957254e+00,4.944568e+00,4.724061e+00,4.901843e+00,2.593665e+00,4.129652e+00,4.310431e+00,3.256323e+00,3.269449e+00,4.763933e+00,4.188930e+00,4.345441e+00,3.086682e+00,3.281551e+00,5.010237e+00,4.067448e+00,4.616029e+00,3.357199e+00,2.899721e+00,3.374130e+00,3.942899e+00,4.797129e+00,2.968267e+00,4.523977e+00,4.552737e+00,4.860323e+00,3.859644e+00,3.944378e+00,3.013305e+00,4.658508e+00,4.501108e+00,4.901177e+00,4.867700e+00,4.900582e+00,4.995107e+00,5.016086e+00,4.845369e+00,4.700738e+00,4.906160e+00,4.949138e+00,4.698136e+00,4.885481e+00,4.453660e+00,3.561853e+00,4.507656e+00,5.090986e+00,4.835963e+00,3.717872e+00,5.003438e+00,4.544301e+00,5.009827e+00,4.640636e+00,5.029043e+00,4.974527e+00,4.354702e+00,5.040060e+00,5.006475e+00,4.660853e+00,4.919729e+00,4.820874e+00,4.930805e+00,4.566635e+00,4.901158e+00,4.870029e+00,4.829018e+00,4.704814e+00,4.602090e+00,4.774102e+00,4.779635e+00,4.855009e+00,4.785592e+00,4.916173e+00,4.716133e+00,4.887359e+00,4.746941e+00,4.930760e+00,4.937762e+00,5.121155e+00,4.616521e+00,4.945060e+00,4.704459e+00,4.936122e+00,4.940514e+00,4.834845e+00,5.092875e+00,4.893572e+00,5.050247e+00
4.903912e+00,5.017252e+00,4.870852e+00,4.805915e+00,4.953936e+00,4.854895e+00,4.836295e+00,4.930505e+00,4.421737e+00,4.777534e+00,5.010289e+00,4.887501e+00,4.772419e+00,4.871244e+00,4.789235e+00,4.988839e+00,4.879061e+00,4.892312e+00,5.003873e+00,4.629667e+00,4.902810e+00,5.004840e+00,4.835149e+00,4.977231e+00,5.062371e+00,4.578187e+00,5.030063e+00,4.933974e+00,4.713264e+00,4.758151e+00,5.058234e+00,4.865785e+00,4.803441e+00,4.694617e+00,4.980446e+00,4.328030e+00,3.324775e+00,4.800440e+00,4.916429e+00,3.300699e+00,4.136753e+00,4.904830e+00,5.059885e+00,4.947230e+00,4.380306e+00,4.522673e+00,4.782388e+00,4.955385e+00,5.105661e+00,4.518863e+00,4.041519e+00,4.403152e+00,4.529028e+00,4.605629e+00,4.973479e+00,4.267681e+00,4.341537e+00,4.810835e+00,4.682897e+00,2.981696e+00,3.854664e+00,4.767164e+00,3.975277e+00,4.595881e+00,4.699798e+00,4.048357e+00,3.301417e+00,4.222044e+00,4.520055e+00,3.620768e+00,3.347435e+00,5.024744e+00,4.435341e+00,2.635634e+00,4.997511e+00,4.958565e+00,3.069731e+00,4.386554e+00,3.744155e+00,4.420795e+00,7.427985e+00,4.137575e+00,3.603672e+00,4.086047e+00,6.098172e+00,4.560583e+00,4.085978e+00,4.091106e+00,5.651039e+00,2.425449e+00,4.339783e+00,3.569492e+00,4.210424e+00,3.791307e+00,4.083040e+00,4.802571e+00,5.030208e+00,5.024831e+00,4.925966e+00,4.974574e+00,4.926766e+00,4.863537e+00,4.885213e+00,4.975875e+00,5.065141e+00,4.772961e+00,4.573220e+00,4.790856e+00,4.969318e+00,4.729361e+00,4.762745e+00,2.362680e+00,4.306221e+00,5.364283e+00,3.464195e+00,4.022054e+00,4.894897e+00,3.122522e+00,4.319914e+00,2.883338e+00,3.661572e+00,4.414128e+00,3.803633e+00,5.374694e+00,3.836553e+00,3.557741e+00,3.966890e+00,4.550912e+00,4.811225e+00,4.990456e+00,2.584155e+00,4.466802e+00,4.974162e+00,3.432630e+00,4.961332e+00,3.436148e+00,4.649810e+00,3.321119e+00,2.614784e+00,3.739473e+00,3.238449e+00,4.089771e+00,4.653714e+00,3.793129e+00,2.630712e+00,4.471662e+00,4.101574e+00,4.985689e+00,4.694375e+00,4.243576e+00,3.716135e+00,4.412716e+00,3.713307e+00,2.844420e+00,4.606970e+00,3.949690e+00,5.008014e+00,3.924822e+00,4.784115e+00,4.668851e+00,5.071973e+00,5.007949e+00,5.089950e+00,5.149610e+00,4.981435e+00,4.914370e+00,4.576879e+00,4.997841e+00,5.040271e+00,4.061425e+00,4.591213e+00,4.126433e+00,3.690264e+00,4.975207e+00,2.923483e+00,4.832179e+00,4.886276e+00,4.910690e+00,5.066073e+00,4.937563e+00,5.037081e+00,4.943167e+00,4.796588e+00,4.861029e+00,4.891643e+00,5.110119e+00,5.019577e+00,4.903530e+00,4.703705e+00,4.814991e+00,4.307108e+00,4.626210e+00,4.810518e+00,4.908074e+00,4.972336e+00,5.086900e+00,4.289312e+00,4.967275e+00,4.955127e+00,4.842531e+00,4.941166e+00,4.984226e+00,4.839981e+00,4.533289e+00,4.699640e+00,4.863344e+00,4.953644e+00,4.691481e+00,5.100671e+00,4.671099e+00,4.836986e+00,4.487743e+00,4.805735e+00,4.933661e+00,4.281732e+00
4.907418e+00,4.958921e+00,4.780698e+00,4.712779e+00,4.741484e+00,5.078033e+00,4.807813e+00,5.020620e+00,4.833466e+00,4.867929e+00,4.858626e+00,5.003259e+00,5.003492e+00,4.970644e+00,4.810801e+00,5.007853e+00,4.862568e+00,4.859680e+00,4.933253e+00,5.039508e+00,4.824642e+00,5.008378e+00,4.317799e+00,4.716494e+00,4.915649e+00,4.861485e+00,4.947257e+00,5.002020e+00,4.714164e+00,4.825853e+00,4.678064e+00,4.934684e+00,4.849371e+00,4.736555e+00,5.020202e+00,5.014329e+00,4.855221e+00,4.850466e+00,5.035184e+00,4.965893e+00,4.339399e+00,4.439795e+00,4.589085e+00,5.099081e+00,4.905889e+00,4.938405e+00,5.160135e+00,4.744230e+00,4.600856e+00,4.772820e+00,4.254653e+00,4.480116e+00,4.630383e+00,4.830157e+00,3.882731e+00,2.945637e+00,3.902994e+00,3.411022e+00,2.579985e+00,4.307292e+00,6.017130e+00,4.444801e+00,2.724890e+00,2.689588e+00,4.013652e+00,4.299576e+00,5.082593e+00,4.939629e+00,2.343706e+00,5.299352e+00,8.821872e+00,4.351310e+00,3.540870e+00,6.897694e+00,2.808896e+00,2.793255e+00,4.598649e+00,4.251728e+00,5.338489e+00,2.649279e+00,3.516284e+00,4.986484e+00,4.457253e+00,2.405807e+00,2.052633e+00,4.635545e+00,4.929882e+00,3.573734e+00,4.278568e+00,2.781599e+00,2.963074e+00,3.377471e+00,6.584726e+00,3.948502e+00,4.616705e+00,4.526513e+00,4.910077e+00,4.598372e+00,4.971907e+00,4.681784e+00,4.577173e+00,5.160070e+00,4.785078e+00,4.765821e+00,5.147248e+00,4.671532e+00,4.077179e+00,4.489140e+00,4.847952e+00,5.006395e+00,4.823566e+00,4.584770e+00,4.884361e+00,4.991468e+00,5.030945e+00,4.560526e+00,3.722896e+00,2.597328e+00,3.169123e+00,3.865118e+00,4.092591e+00,4.728817e+00,3.173424e+00,4.972470e+00,4.032903e+00,4.526581e+00,5.213194e+00,4.432612e+00,4.213356e+00,3.350878e+00,2.906909e+00,2.493622e+00,2.342329e+00,2.522679e+00,2.827265e+00,3.041537e+00,2.968260e+00,3.337159e+00,5.279303e+00,2.900776e+00,2.853077e+00,2.841077e+00,3.680265e+00,2.843027e+00,3.976008e+00,3.511696e+00,4.246124e+00,2.570542e+00,4.823772e+00,3.870587e+00,4.197734e+00,2.908228e+00,4.759591e+00,4.640053e+00,4.699885e+00,2.773610e+00,4.088799e+00,4.627531e+00,4.756012e+00,4.910726e+00,5.020583e+00,4.916625e+00,4.679854e+00,5.020615e+00,5.078243e+00,5.038404e+00,4.558371e+00,4.203891e+00,3.181590e+00,2.547025e+00,4.215722e+00,4.584390e+00,5.009017e+00,4.483078e+00,4.959577e+00,4.896289e+00,4.944071e+00,4.954140e+00,4.905403e+00,4.839827e+00,4.964592e+00,4.737779e+00,4.450988e+00,4.570138e+00,4.940130e+00,4.680352e+00,4.840090e+00,5.071425e+00,4.717475e+00,4.683845e+00,4.941312e+00,4.166312e+00,4.768248e+00,4.918865e+00,4.900038e+00,4.805686e+00,4.962761e+00,4.789155e+00,4.830418e+00,4.861542e+00,4.794777e+00,5.097744e+00,4.841591e+00,4.687715e+00,5.113122e+00,4.648259e+00,4.697234e+00,4.895045e+00,4.795670e+00,4.649788e+00,4.936565e+00,4.995745e+00,5.041748e+00,4.865921e+00,4.937749e+00
4.252527e+00,4.826998e+00,4.790610e+00,4.681339e+00,4.859675e+00,5.003600e+00,4.379939e+00,4.903413e+00,5.109910e+00,4.549663e+00,5.211044e+00,4.616754e+00,4.915486e+00,4.763418e+00,4.964919e+00,4.808618e+00,4.807309e+00,4.899653e+00,4.869878e+00,4.913727e+00,4.573569e+00,4.935884e+00,4.882995e+00,4.732037e+00,5.089563e+00,4.847097e+00,4.882237e+00,4.765882e+00,4.793244e+00,4.844995e+00,4.933836e+00,4.949506e+00,3.901644e+00,4.905113e+00,4.884168e+00,4.512924e+00,4.922170e+00,4.991328e+00,3.424229e+00,4.581982e+00,4.468543e+00,5.175877e+00,3.737033e+00,4.639481e+00,4.951584e+00,4.936026e+00,4.942177e+00,4.819200e+00,4.706341e+00,5.146516e+00,4.908485e+00,5.149436e+00,4.497509e+00,3.895331e+00,2.568128e+00,4.346984e+00,4.069461e+00,5.132604e+00,4.013856e+00,4.127701e+00,3.876731e+00,4.378035e+00,4.487005e+00,3.958755e+00,4.193980e+00,4.656495e+00,4.522115e+00,4.829006e+00,4.238085e+00,5.171608e+00,6.939071e+00,4.872464e+00,5.283752e+00,4.682160e+00,9.088166e+00,3.712284e+00,4.443459e+00,5.335831e+00,4.813286e+00,4.337350e+00,3.334552e+00,4.995669e+00,5.382498e+00,6.252555e+00,3.692755e+00,5.169366e+00,2.822178e+00,3.844606e+00,4.253359e+00,5.424551e+00,4.551429e+00,4.908625e+00,4.312730e+00,4.461539e+00,4.664968e+00,3.609585e+00,4.683066e+00,5.338351e+00,2.855219e+00,3.641920e+00,4.918652e+00,4.921119e+00,5.074439e+00,4.836805e+00,4.865132e+00,5.080326e+00,4.691875e+00,4.863831e+00,3.350597e+00,4.658503e+00,4.895018e+00,2.853486e+00,4.790665e+00,4.814055e+00,4.764970e+00,4.969060e+00,2.981259e+00,3.097468e+00,4.671959e+00,3.118370e+00,2.643718e+00,3.754556e+00,3.142685e+00,9.631574e+00,6.618755e+00,2.674331e+00,5.194680e+00,8.689053e+00,3.878532e+00,3.671877e+00,3.583170e+00,3.968910e+00,3.534645e+00,4.311886e+00,4.064986e+00,4.298551e+00,4.895114e+00,3.120081e+00,3.824963e+00,3.246018e+00,3.757865e+00,5.094102e+00,2.692378e+00,4.385055e+00,4.791531e+00,4.884022e+00,3.679546e+00,2.990125e+00,4.498727e+00,4.529429e+00,4.778013e+00,3.586927e+00,3.510697e+00,4.751959e+00,4.655269e+00,4.963055e+00,5.130541e+00,4.981682e+00,4.840052e+00,4.892888e+00,4.946000e+00,4.983126e+00,5.014501e+00,4.858999e+00,4.968838e+00,5.028596e+00,5.068069e+00,2.714432e+00,2.829241e+00,2.882191e+00,4.862565e+00,4.792571e+00,4.660619e+00,4.870364e+00,4.962718e+00,4.887583e+00,4.891242e+00,4.945727e+00,4.920591e+00,4.999957e+00,4.887076e+00,4.432386e+00,4.860321e+00,4.769181e+00,4.653114e+00,4.898261e+00,4.986872e+00,4.963428e+00,4.915723e+00,4.489381e+00,4.823434e+00,4.946058e+00,4.892760e+00,4.532922e+00,4.999219e+00,4.978108e+00,5.035050e+00,4.632534e+00,4.855453e+00,4.733685e+00,4.966951e+00,4.926984e+00,4.951505e+00,4.668729e+00,4.885316e+00,4.560380e+00,4.988750e+00,4.664826e+00,4.906513e+00,4.710023e+00,4.984206e+00,4.703067e+00,5.045072e+00,4.898272e+00,4.150468e+00
4.959693e+00,4.961712e+00,4.895763e+00,4.505638e+00,4.836028e+00,4.723115e+00,4.594014e+00,4.822773e+00,4.864357e+00,4.956861e+00,4.660884e+00,4.862109e+00,5.116166e+00,4.984601e+00,5.057192e+00,4.792409e+00,4.704814e+00,4.415809e+00,4.959017e+00,4.811908e+00,4.876127e+00,4.551073e+00,5.020999e+00,4.815520e+00,4.930074e+00,4.884411e+00,4.968008e+00,4.948904e+00,5.031529e+00,4.532151e+00,5.102384e+00,4.259524e+00,5.156202e+00,4.853765e+00,4.768957e+00,4.553546e+00,4.895120e+00,4.717072e+00,4.885205e+00,3.121223e+00,4.732861e+00,4.904786e+00,4.450116e+00,5.206619e+00,4.689615e+00,5.064428e+00,4.519005e+00,4.984007e+00,4.453497e+00,4.874967e+00,4.949997e+00,5.095923e+00,4.785639e+00,3.963704e+00,3.578357e+00,4.201348e+00,5.188471e+00,3.140954e+00,2.863216e+00,3.933968e+00,2.532490e+00,3.980947e+00,3.320545e+00,5.455490e+00,5.202411e+00,3.114043e+00,4.106250e+00,2.879385e+00,4.318550e+00,3.617177e+00,3.759417e+00,4.577758e+00,2.969558e+00,4.685159e+00,3.899397e+00,2.689723e+00,4.285971e+00,4.124334e+00,2.552340e+00,3.812195e+00,4.268646e+00,4.446715e+00,3.930655e+00,4.413953e+00,4.127230e+00,2.857803e+00,4.739243e+00,4.645881e+00,4.827959e+00,3.081559e+00,3.917236e+00,3.952316e+00,3.205541e+00,3.916767e+00,2.493566e+00,4.363944e+00,2.957047e+00,2.682818e+00,2.659271e+00,3.432537e+00,5.066752e+00,4.730877e+00,4.958646e+00,4.836702e+00,5.052420e+00,4.540719e+00,4.296195e+00,5.010576e+00,4.954443e+00,4.915398e+00,4.940341e+00,5.069894e+00,4.927979e+00,4.839124e+00,5.107527e+00,5.078229e+00,5.838114e+00,2.778195e+00,2.230495e+00,2.375317e+00,3.181960e+00,3.907621e+00,5.651765e+00,4.139734e+00,2.942075e+00,4.744077e+00,3.165698e+00,3.174896e+00,3.048741e+00,2.552563e+00,3.944074e+00,4.573828e+00,3.396731e+00,5.100139e+00,5.489560e+00,2.215288e+00,4.191446e+00,2.686492e+00,5.455466e+00,4.110651e+00,3.792994e+00,2.918758e+00,4.258716e+00,4.943065e+00,4.351982e+00,4.287027e+00,2.725956e+00,4.216861e+00,2.727761e+00,4.295607e+00,3.020847e+00,4.401984e+00,4.705191e+00,4.786786e+00,4.573847e+00,4.980451e+00,4.813963e+00,4.884247e+00,4.982091e+00,4.939671e+00,4.455515e+00,4.917573e+00,4.885419e+00,4.768736e+00,4.910301e+00,3.192886e+00,4.340738e+00,3.548728e+00,2.816730e+00,4.814693e+00,4.949832e+00,4.957840e+00,4.394004e+00,5.046565e+00,4.870224e+00,4.587723e+00,4.515662e+00,4.894382e+00,4.795806e+00,4.752187e+00,4.908084e+00,5.045983e+00,5.015793e+00,5.063284e+00,4.950301e+00,4.927723e+00,4.886399e+00,5.003345e+00,4.908865e+00,4.903531e+00,4.891162e+00,5.134986e+00,4.517160e+00,5.061943e+00,5.075200e+00,4.642517e+00,4.930101e+00,4.957730e+00,4.871486e+00,5.020136e+00,5.067810e+00,4.782543e+00,5.081278e+00,4.975117e+00,5.027095e+00,5.024139e+00,4.442972e+00,4.693286e+00,4.987059e+00,4.869279e+00,4.934953e+00,4.582426e+00,4.901941e+00,4.836339e+00,4.812424e+00
4.900071e+00,4.910110e+00,4.708464e+00,5.113754e+00,4.856431e+00,4.934373e+00,4.556386e+00,4.507139e+00,4.611086e+00,4.905261e+00,4.954153e+00,4.576065e+00,4.702204e+00,4.851191e+00,5.003417e+00,4.922134e+00,4.893258e+00,4.940075e+00,4.906896e+00,4.865155e+00,4.994003e+00,4.273362e+00,4.959814e+00,4.966499e+00,4.691418e+00,4.227277e+00,5.007555e+00,4.919736e+00,4.886350e+00,4.756237e+00,4.926785e+00,5.034634e+00,4.557757e+00,4.750926e+00,4.813390e+00,4.950796e+00,4.821403e+00,4.850491e+00,4.678957e+00,4.526061e+00,4.605595e+00,3.509142e+00,4.504944e+00,4.848711e+00,2.560958e+00,5.013722e+00,4.855492e+00,4.951379e+00,4.928292e+00,5.103698e+00,4.906512e+00,5.120295e+00,4.854261e+00,4.887886e+00,4.901224e+00,5.149042e+00,3.001831e+00,4.042607e+00,4.581058e+00,3.546975e+00,3.086225e+00,3.077961e+00,3.088436e+00,4.843966e+00,2.490569e+00,3.147736e+00,3.483800e+00,3.295452e+00,4.229771e+00,2.631384e+00,2.540712e+00,5.261669e+00,4.264343e+00,2.890197e+00,4.271322e+00,4.583437e+00,4.690346e+00,4.058615e+00,4.964576e+00,4.583629e+00,2.529121e+00,3.444218e+00,3.528932e+00,3.216975e+00,4.501205e+00,4.861454e+00,4.984966e+00,4.756625e+00,2.896961e+00,2.754277e+00,4.327366e+00,4.035611e+00,3.754735e+00,4.456327e+00,3.239792e+00,4.554607e+00,4.561887e+00,3.078143e+00,4.214679e+00,4.852031e+00,4.911901e+00,4.957335e+00,3.818371e+00,3.352076e+00,4.839472e+00,4.728414e+00,3.196765e+00,4.942301e+00,4.823405e+00,3.664296e+00,4.079925e+00,3.683678e+00,4.098189e+00,5.144993e+00,5.007318e+00,4.040987e+00,3.694946e+00,3.781288e+00,4.272195e+00,2.521939e+00,3.160462e+00,4.085119e+00,2.798010e+00,5.954522e+00,5.456837e+00,5.716781e+00,4.810960e+00,4.251045e+00,5.942710e+00,4.147424e+00,3.274321e+00,3.600371e+00,4.635891e+00,3.506977e+00,3.426104e+00,2.426144e+00,4.506796e+00,2.742269e+00,3.692022e+00,3.398358e+00,3.716196e+00,3.715542e+00,4.495046e+00,3.863981e+00,5.055291e+00,4.019114e+00,2.681611e+00,2.820579e+00,4.486507e+00,2.775611e+00,4.930935e+00,5.017107e+00,4.858040e+00,4.838067e+00,4.941499e+00,4.752403e+00,5.012516e+00,4.933684e+00,4.856183e+00,4.912691e+00,4.993592e+00,4.666129e+00,4.879157e+00,2.568919e+00,2.178498e+00,4.235513e+00,4.828837e+00,3.991765e+00,4.685329e+00,5.041012e+00,5.062693e+00,4.810366e+00,5.021843e+00,4.970396e+00,4.720162e+00,4.818996e+00,5.139726e+00,5.057671e+00,4.664383e+00,4.939451e+00,4.675761e+00,4.897106e+00,4.805982e+00,4.994442e+00,4.535389e+00,5.027471e+00,4.886273e+00,4.913243e+00,4.790440e+00,4.821495e+00,5.026617e+00,4.678822e+00,4.994301e+00,4.812817e+00,4.860121e+00,4.979936e+00,4.190917e+00,4.914537e+00,4.807163e+00,4.665167e+00,5.038008e+00,4.883286e+00,5.044348e+00,4.891806e+00,4.878042e+00,4.817562e+00,5.142910e+00,5.059614e+00,4.763133e+00,5.034500e+00,4.725830e+00,5.015892e+00,5.069500e+00,5.104753e+00,4.820546e+00
4.425393e+00,4.984033e+00,4.988486e+00,4.922872e+00,4.192353e+00,4.714865e+00,4.855992e+00,4.584957e+00,4.824285e+00,5.086123e+00,5.030755e+00,4.850579e+00,4.922996e+00,4.922267e+00,4.859804e+00,4.918497e+00,4.974108e+00,4.686650e+00,4.881908e+00,4.831442e+00,4.469733e+00,4.647378e+00,4.943331e+00,4.875186e+00,4.510887e+00,4.937702e+00,4.975610e+00,4.972209e+00,4.566775e+00,4.832521e+00,4.886945e+00,5.022087e+00,4.725550e+00,4.596933e+00,4.820589e+00,4.686614e+00,4.970669e+00,4.828929e+00,4.841049e+00,4.949881e+00,4.735663e+00,4.763390e+00,5.120966e+00,4.882963e+00,4.732811e+00,4.467509e+00,4.298977e+00,4.885610e+00,4.935108e+00,4.462291e+00,5.071580e+00,5.039647e+00,4.641952e+00,4.774070e+00,5.101702e+00,4.871009e+00,4.326871e+00,3.706059e+00,3.921272e+00,3.886068e+00,3.978595e+00,2.847829e+00,3.172223e+00,4.557320e+00,3.850221e+00,3.802560e+00,6.460641e+00,3.185985e+00,3.469278e+00,3.805729e+00,2.855697e+00,3.345462e+00,3.386144e+00,4.404173e+00,2.543949e+00,4.949648e+00,4.487077e+00,4.178152e+00,3.467215e+00,4.023718e+00,4.256956e+00,4.306667e+00,2.989748e+00,2.933437e+00,5.075496e+00,3.637153e+00,4.072727e+00,2.968635e+00,4.840884e+00,4.437520e+00,4.755879e+00,4.446931e+00,4.892089e+00,3.269717e+00,4.004111e+00,3.795829e+00,3.236213e+00,3.862702e+00,2.697740e+00,4.374214e+00,4.373248e+00,4.933054e+00,4.604697e+00,4.929621e+00,5.057033e+00,4.487250e+00,4.047765e+00,4.978605e+00,5.077831e+00,4.215225e+00,4.901656e+00,2.830255e+00,3.319253e+00,4.464865e+00,4.759006e+00,4.235160e+00,2.962810e+00,4.374179e+00,4.276706e+00,3.351683e+00,2.815492e+00,3.369835e+00,2.902038e+00,4.161410e+00,3.383062e+00,3.767695e+00,5.837202e+00,5.801422e+00,3.798165e+00,2.785486e+00,2.827250e+00,5.044844e+00,4.606355e+00,3.500368e+00,2.709418e+00,4.288607e+00,4.306752e+00,4.471863e+00,2.976981e+00,3.598653e+00,4.932894e+00,4.600897e+00,3.920185e+00,4.802396e+00,4.957376e+00,4.491942e+00,4.088527e+00,4.686441e+00,4.538301e+00,4.235763e+00,4.561285e+00,4.941525e+00,5.051753e+00,4.772179e+00,4.887325e+00,4.868681e+00,4.414892e+00,5.024456e+00,5.023797e+00,4.780060e+00,4.899580e+00,4.975490e+00,4.066191e+00,4.827330e+00,4.579218e+00,4.384095e+00,5.119252e+00,4.898872e+00,4.853721e+00,4.869142e+00,4.673328e+00,5.004744e+00,4.830124e+00,4.942729e+00,4.940802e+00,4.901974e+00,4.712464e+00,4.746294e+00,4.878642e+00,4.917230e+00,4.681560e+00,4.886296e+00,4.796366e+00,4.785830e+00,4.984668e+00,5.038746e+00,5.007395e+00,5.032931e+00,4.731440e+00,4.940172e+00,4.654167e+00,5.088719e+00,4.994609e+00,4.547088e+00,4.726678e+00,4.814593e+00,4.944775e+00,4.944692e+00,5.119240e+00,5.013788e+00,5.045987e+00,5.214389e+00,4.833041e+00,4.664647e+00,4.852114e+00,4.583595e+00,4.849908e+00,4.977918e+00,4.567649e+00,4.519520e+00,4.902861e+00,4.739094e+00,5.036560e+00,4.787371e+00,5.041479e+00
5.093361e+00,4.737997e+00,4.964405e+00,4.447210e+00,4.782390e+00,4.913219e+00,4.699778e+00,5.093056e+00,4.885592e+00,4.938431e+00,4.614657e+00,4.859887e+00,5.099626e+00,4.891542e+00,4.992364e+00,4.733872e+00,4.623950e+00,4.907610e+00,4.850771e+00,5.024841e+00,4.942085e+00,4.644007e+00,4.911578e+00,4.740154e+00,4.495513e+00,5.166787e+00,4.982675e+00,4.856907e+00,4.552351e+00,4.968217e+00,5.022127e+00,4.657944e+00,4.941523e+00,4.698770e+00,4.904126e+00,5.104055e+00,4.923517e+00,4.674554e+00,4.963391e+00,4.948356e+00,4.815849e+00,5.104672e+00,4.920043e+00,4.800562e+00,5.003282e+00,4.911652e+00,2.971039e+00,4.553043e+00,4.679751e+00,5.038093e+00,4.819325e+00,4.814281e+00,4.994763e+00,4.897221e+00,4.895396e+00,4.956086e+00,4.669280e+00,4.974894e+00,3.936200e+00,4.938767e+00,3.763942e+00,4.404773e+00,4.976978e+00,3.974451e+00,4.690833e+00,4.452775e+00,5.125847e+00,2.826278e+00,4.608216e+00,2.666017e+00,2.669235e+00,3.942339e+00,3.575347e+00,9.328020e+00,4.016536e+00,9.473499e+00,5.213579e+00,3.254996e+00,2.802029e+00,4.334689e+00,8.699613e+00,2.778481e+00,4.421640e+00,5.230729e+00,6.161284e+00,4.593035e+00,2.765943e+00,3.507346e+00,4.370955e+00,4.489530e+00,4.297521e+00,3.233224e+00,3.772713e+00,3.271353e+00,5.530613e+00,3.426600e+00,5.083626e+00,3.905307e+00,3.340934e+00,3.478007e+00,4.646196e+00,4.934113e+00,5.175884e+00,4.900975e+00,4.779043e+00,5.048414e+00,4.453673e+00,4.646378e+00,5.051536e+00,4.901537e+00,4.613661e+00,3.309003e+00,4.003222e+00,4.100125e+00,4.377675e+00,3.661160e+00,3.499507e+00,3.041310e+00,4.472602e+00,4.899579e+00,3.602405e+00,4.605069e+00,5.387172e+00,3.141858e+00,4.025191e+00,2.846127e+00,2.966480e+00,4.940904e+00,4.749843e+00,3.611616e+00,3.857903e+00,3.063598e+00,2.958980e+00,3.048288e+00,2.165620e+00,3.587856e+00,2.754966e+00,2.812408e+00,4.154113e+00,5.734852e+00,3.496258e+00,5.095774e+00,4.841399e+00,4.649814e+00,4.392541e+00,3.988454e+00,4.600752e+00,4.691284e+00,4.340076e+00,4.519494e+00,4.876734e+00,5.038670e+00,4.645018e+00,4.863122e+00,4.699422e+00,4.983920e+00,4.311182e+00,4.878316e+00,4.661017e+00,4.860013e+00,4.347775e+00,3.525489e+00,4.150364e+00,3.810556e+00,2.676299e+00,4.884894e+00,4.541646e+00,3.116109e+00,4.790307e+00,4.814244e+00,4.805139e+00,4.923454e+00,4.840602e+00,4.828555e+00,4.975572e+00,4.557887e+00,4.910049e+00,4.996669e+00,4.950748e+00,4.881745e+00,4.914149e+00,4.815727e+00,4.895002e+00,5.093329e+00,4.858091e+00,4.965065e+00,4.912593e+00,4.715122e+00,5.044388e+00,5.062104e+00,4.654161e+00,4.790163e+00,5.078017e+00,4.925939e+00,4.824203e+00,4.810406e+00,4.503609e+00,4.864204e+00,4.826565e+00,4.978740e+00,4.954199e+00,4.584160e+00,4.659605e+00,5.008071e+00,5.094472e+00,4.910998e+00,4.854673e+00,4.846511e+00,5.122016e+00,4.972643e+00,4.822635e+00,4.851671e+00,4.892942e+00,4.865489e+00,4.978069e+00
4.688233e+00,4.921173e+00,4.877853e+00,4.499477e+00,5.012463e+00,4.685736e+00,4.902768e+00,5.038004e+00,4.709356e+00,4.881053e+00,4.555584e+00,4.517318e+00,4.962400e+00,4.610241e+00,5.039388e+00,4.839294e+00,4.903914e+00,4.855308e+00,4.969376e+00,4.614762e+00,4.933791e+00,5.088221e+00,4.738274e+00,3.799125e+00,4.611978e+00,4.704785e+00,4.448899e+00,5.008575e+00,4.691343e+00,4.145321e+00,4.893009e+00,4.558399e+00,4.916596e+00,4.843980e+00,4.803323e+00,4.805615e+00,4.986424e+00,5.209736e+00,4.667698e+00,4.973573e+00,4.702516e+00,5.050518e+00,4.717654e+00,4.413412e+00,5.223162e+00,4.981081e+00,3.939779e+00,4.190523e+00,3.940222e+00,4.894183e+00,4.701955e+00,4.972732e+00,4.829720e+00,5.042893e+00,4.984338e+00,4.961695e+00,4.757910e+00,4.853936e+00,4.563794e+00,2.491236e+00,4.478338e+00,4.966823e+00,3.936833e+00,4.607502e+00,4.268530e+00,3.796111e+00,5.258874e+00,3.267192e+00,4.735050e+00,2.850782e+00,3.657435e+00,4.570750e+00,3.869243e+00,2.879919e+00,3.646244e+00,2.467605e+00,2.419837e+00,4.524815e+00,4.723076e+00,2.770653e+00,6.438961e+00,4.732514e+00,4.621769e+00,4.859175e+00,3.571693e+00,2.924891e+00,3.045222e+00,3.217787e+00,4.489522e+00,3.696412e+00,5.313224e+00,3.897866e+00,2.690485e+00,4.234757e+00,4.213024e+00,2.326075e+00,3.704907e+00,3.873445e+00,4.382880e+00,3.453067e+00,4.304645e+00,2.423065e+00,4.188765e+00,5.018778e+00,4.654487e+00,4.686061e+00,4.468783e+00,3.933200e+00,5.013035e+00,4.969309e+00,4.855283e+00,5.035801e+00,3.027133e+00,4.689527e+00,3.279937e+00,3.871080e+00,4.879631e+00,4.075842e+00,3.972819e+00,3.740052e+00,4.943110e+00,5.717338e+00,3.998510e+00,7.795330e+00,3.263475e+00,4.872610e+00,3.248309e+00,3.028352e+00,4.412703e+00,4.498240e+00,5.046011e+00,4.139811e+00,3.246961e+00,3.462854e+00,4.249400e+00,4.929229e+00,4.755484e+00,5.214737e+00,3.557884e+00,3.135236e+00,4.072088e+00,4.499237e+00,3.785926e+00,3.774845e+00,2.482297e+00,4.658867e+00,4.417483e+00,4.792511e+00,4.462026e+00,4.566196e+00,5.215837e+00,4.895480e+00,4.905554e+00,4.753698e+00,4.790057e+00,4.921826e+00,4.971047e+00,4.842176e+00,4.897753e+00,4.414887e+00,4.018121e+00,2.678790e+00,2.748989e+00,2.670131e+00,5.087182e+00,4.426849e+00,2.968147e+00,4.841939e+00,5.013306e+00,4.908263e+00,5.009623e+00,4.949444e+00,4.980465e+00,4.972831e+00,4.915727e+00,4.886326e+00,4.818893e+00,5.075912e+00,4.898065e+00,4.803577e+00,4.751148e+00,4.833979e+00,4.843513e+00,5.013328e+00,5.039198e+00,4.700672e+00,4.856955e+00,4.831580e+00,4.924981e+00,4.827903e+00,4.862756e+00,4.837754e+00,4.992842e+00,4.929882e+00,3.919273e+00,4.885354e+00,4.844403e+00,4.890562e+00,4.876455e+00,4.875086e+00,4.872151e+00,4.887901e+00,4.891514e+00,4.948362e+00,4.538448e+00,4.671436e+00,4.644846e+00,5.080005e+00,5.061540e+00,4.955200e+00,4.761300e+00,4.869798e+00,4.977161e+00,4.869941e+00,4.529687e+00
4.981914e+00,4.923610e+00,5.110537e+00,4.724927e+00,4.918358e+00,4.564048e+00,4.732449e+00,4.894568e+00,4.822340e+00,4.494009e+00,4.800692e+00,4.968047e+00,4.654324e+00,4.867914e+00,4.889991e+00,4.681746e+00,4.637867e+00,5.234242e+00,4.246798e+00,4.988264e+00,4.677003e+00,4.908303e+00,4.885812e+00,4.878496e+00,4.802840e+00,4.991736e+00,4.879475e+00,5.005579e+00,4.850985e+00,4.725532e+00,5.049017e+00,4.580822e+00,4.857148e+00,5.008501e+00,5.011456e+00,4.773818e+00,4.880700e+00,4.709942e+00,4.936093e+00,4.779993e+00,4.764664e+00,4.854018e+00,5.083432e+00,4.861488e+00,4.907893e+00,5.029872e+00,4.734593e+00,4.342314e+00,3.722528e+00,4.154507e+00,4.777349e+00,4.970810e+00,5.043231e+00,4.928330e+00,4.891906e+00,4.736898e+00,5.047713e+00,5.035713e+00,4.715546e+00,3.299470e+00,4.711131e+00,4.859103e+00,4.625075e+00,4.986114e+00,4.560283e+00,4.288843e+00,4.423893e+00,4.791012e+00,3.552863e+00,2.626246e+00,3.228594e+00,4.186739e+00,4.807055e+00,3.294754e+00,4.369309e+00,3.617817e+00,4.555006e+00,4.698928e+00,3.379155e+00,4.341717e+00,3.062477e+00,4.561925e+00,5.778904e+00,3.975097e+00,2.812980e+00,3.624466e+00,4.715884e+00,3.479325e+00,4.946238e+00,4.437738e+00,5.088844e+00,4.018563e+00,3.666161e+00,2.658906e+00,4.159813e+00,3.548961e+00,4.885453e+00,3.927596e+00,3.620429e+00,5.138364e+00,5.013237e+00,4.846107e+00,3.988028e+00,3.847849e+00,3.578086e+00,4.796037e+00,4.426634e+00,4.906659e+00,5.266803e+00,4.331726e+00,4.365042e+00,4.640956e+00,2.827015e+00,4.769843e+00,4.628767e+00,3.473698e+00,2.848599e+00,4.506067e+00,3.310406e+00,4.764582e+00,3.409562e+00,5.230969e+00,4.211145e+00,4.082146e+00,4.400359e+00,2.934145e+00,3.740661e+00,5.451046e+00,3.958050e+00,3.133530e+00,5.015203e+00,5.393758e+00,3.777862e+00,5.099014e+00,4.782217e+00,4.341400e+00,3.523583e+00,2.463745e+00,2.569066e+00,4.494805e+00,4.794847e+00,5.008443e+00,4.652885e+00,4.859286e+00,4.344023e+00,4.609330e+00,4.925041e+00,4.175081e+00,4.998784e+00,4.770244e+00,4.223987e+00,4.869141e+00,4.790828e+00,4.936699e+00,4.686075e+00,4.981773e+00,4.997967e+00,4.944518e+00,4.199172e+00,4.222515e+00,5.068010e+00,3.552824e+00,3.784946e+00,4.962644e+00,4.869287e+00,3.726167e+00,4.864140e+00,4.929521e+00,4.921052e+00,4.874352e+00,4.775140e+00,4.603071e+00,5.037063e+00,4.851939e+00,4.909477e+00,4.649273e+00,5.044022e+00,4.604622e+00,4.878423e+00,4.773813e+00,4.870163e+00,4.301974e+00,4.697410e+00,4.782136e+00,4.785205e+00,4.505977e+00,4.980369e+00,4.906143e+00,5.040152e+00,4.995791e+00,4.899420e+00,4.982477e+00,4.713881e+00,4.799024e+00,5.016811e+00,4.847275e+00,4.684190e+00,4.664849e+00,4.950157e+00,4.574813e+00,5.037724e+00,4.852131e+00,4.744965e+00,4.892656e+00,4.926083e+00,4.533834e+00,4.738659e+00,4.655270e+00,5.217066e+00,4.544513e+00,4.608644e+00,4.883730e+00,5.007318e+00,4.927685e+00,4.867042e+00
4.833793e+00,4.921766e+00,4.888853e+00,5.114406e+00,4.938170e+00,4.862057e+00,4.921303e+00,4.788024e+00,4.634000e+00,4.808206e+00,4.823412e+00,4.816169e+00,5.086583e+00,4.569851e+00,4.982392e+00,4.885147e+00,4.888570e+00,4.741841e+00,4.791122e+00,4.696831e+00,4.916516e+00,4.918142e+00,4.945396e+00,5.071600e+00,4.658349e+00,4.860044e+00,5.133371e+00,4.982633e+00,5.079534e+00,4.505472e+00,4.892356e+00,4.875209e+00,4.902934e+00,5.026643e+00,4.846538e+00,5.127100e+00,4.899809e+00,5.010238e+00,5.011105e+00,4.359405e+00,4.846833e+00,4.371904e+00,4.952280e+00,4.582246e+00,5.026845e+00,4.876892e+00,4.824121e+00,4.660087e+00,4.273243e+00,4.405227e+00,2.680643e+00,4.760322e+00,4.710173e+00,4.614138e+00,4.945374e+00,4.733495e+00,4.815056e+00,4.873961e+00,4.986036e+00,4.676184e+00,4.732460e+00,4.951945e+00,4.728268e+00,4.567235e+00,4.788953e+00,4.667207e+00,3.267104e+00,3.682428e+00,2.800350e+00,3.438403e+00,3.583394e+00,4.443954e+00,4.012210e+00,2.809674e+00,8.115858e+00,2.409241e+00,3.891629e+00,3.429773e+00,4.524790e+00,2.910462e+00,2.937707e+00,4.472352e+00,3.382040e+00,3.364423e+00,3.627600e+00,3.360725e+00,3.356249e+00,4.405172e+00,4.674260e+00,3.976869e+00,3.267444e+00,3.835523e+00,4.176411e+00,3.818013e+00,4.779377e+00,4.389218e+00,3.448021e+00,4.338106e+00,4.119832e+00,4.444568e+00,4.552776e+00,4.953660e+00,5.039587e+00,4.867126e+00,4.871540e+00,4.959174e+00,4.949032e+00,4.881113e+00,4.022694e+00,3.483265e+00,6.304071e+00,3.913421e+00,3.365904e+00,4.234646e+00,4.118962e+00,4.828325e+00,3.715901e+00,3.431507e+00,3.780774e+00,4.850411e+00,3.367197e+00,3.925621e+00,5.655375e+00,2.489430e+00,4.763939e+00,4.117159e+00,4.664159e+00,2.382886e+00,4.637426e+00,4.115248e+00,2.977438e+00,3.818161e+00,5.272814e+00,5.083830e+00,4.685083e+00,4.305889e+00,2.549997e+00,4.280787e+00,5.078951e+00,4.988824e+00,4.747181e+00,4.925932e+00,5.016208e+00,4.527276e+00,4.727588e+00,2.987481e+00,4.198379e+00,4.678545e+00,4.907128e+00,4.616018e+00,4.995299e+00,4.654992e+00,4.471265e+00,5.019101e+00,4.907666e+00,4.730281e+00,4.887086e+00,2.773070e+00,3.986765e+00,3.153661e+00,6.562962e+00,5.246196e+00,4.788016e+00,5.024585e+00,4.860553e+00,5.023262e+00,4.865748e+00,4.686162e+00,4.663133e+00,5.006455e+00,5.046401e+00,5.002538e+00,4.885045e+00,4.992472e+00,4.918348e+00,4.820471e+00,4.446130e+00,4.869700e+00,5.002886e+00,4.668529e+00,5.072264e+00,4.956589e+00,4.975805e+00,4.637654e+00,4.820379e+00,4.620255e+00,5.088012e+00,4.499007e+00,4.935652e+00,4.916830e+00,4.934711e+00,5.156412e+00,4.925988e+00,4.717634e+00,4.658759e+00,4.929253e+00,4.835244e+00,4.810403e+00,4.765148e+00,4.971311e+00,4.928292e+00,4.744306e+00,4.987645e+00,4.681025e+00,4.786566e+00,4.845982e+00,5.066502e+00,4.649900e+00,5.009599e+00,4.952346e+00,4.579796e+00,4.744934e+00,4.674634e+00,4.741044e+00,4.843923e+00
4.722237e+00,4.925909e+00,4.891427e+00,4.516368e+00,4.635513e+00,4.911718e+00,4.733276e+00,4.378327e+00,4.785090e+00,4.743826e+00,4.836299e+00,4.939280e+00,5.010015e+00,4.969844e+00,4.939535e+00,4.750209e+00,5.173228e+00,5.047373e+00,4.795087e+00,4.841003e+00,4.906632e+00,4.902280e+00,4.794613e+00,4.996752e+00,4.704345e+00,4.909214e+00,4.762975e+00,4.849174e+00,5.023158e+00,4.695682e+00,4.942083e+00,4.955478e+00,4.955260e+00,4.492429e+00,5.164851e+00,4.564363e+00,4.624327e+00,4.976011e+00,4.764061e+00,4.771798e+00,4.624389e+00,4.816789e+00,4.530658e+00,4.785088e+00,4.726254e+00,4.713958e+00,4.946802e+00,5.125370e+00,4.817718e+00,4.845491e+00,5.012994e+00,4.736454e+00,3.815092e+00,4.278076e+00,4.926288e+00,4.955386e+00,4.873743e+00,4.746475e+00,4.823267e+00,5.069464e+00,4.979603e+00,5.038619e+00,4.481692e+00,4.641013e+00,3.947677e+00,3.932291e+00,4.781657e+00,5.025972e+00,3.508785e+00,2.920086e+00,2.648510e+00,6.011142e+00,3.821992e+00,2.571296e+00,3.525253e+00,4.671508e+00,3.467384e+00,3.936594e+00,2.774312e+00,3.703891e+00,2.804322e+00,4.294268e+00,6.314552e+00,3.888936e+00,5.306558e+00,3.289260e+00,2.850438e+00,2.979210e+00,5.021457e+00,3.822441e+00,4.151209e+00,4.036629e+00,4.778094e+00,2.785579e+00,4.576949e+00,3.804929e+00,4.645504e+00,4.584652e+00,2.881688e+00,3.079841e+00,4.647512e+00,5.012203e+00,5.013070e+00,4.800074e+00,4.707495e+00,4.760399e+00,5.031873e+00,4.409835e+00,5.431317e+00,2.693981e+00,3.247545e+00,2.412374e+00,4.058266e+00,4.750488e+00,3.056503e+00,3.164493e+00,2.857574e+00,4.178522e+00,8.117734e+00,4.907028e+00,4.636116e+00,2.353777e+00,3.640115e+00,3.323678e+00,3.116841e+00,3.021235e+00,4.717613e+00,4.914276e+00,5.256746e+00,5.240450e+00,5.652622e+00,4.193928e+00,2.948951e+00,4.632568e+00,4.866668e+00,3.217116e+00,4.696098e+00,4.924905e+00,4.570801e+00,3.232117e+00,4.183928e+00,4.393306e+00,4.870533e+00,4.973519e+00,4.580214e+00,4.687435e+00,5.110593e+00,4.799635e+00,5.160199e+00,4.904204e+00,4.800030e+00,4.813073e+00,4.885253e+00,4.952028e+00,5.030831e+00,4.907911e+00,4.943472e+00,4.221664e+00,4.909082e+00,4.169504e+00,5.081617e+00,4.771564e+00,4.909389e+00,4.741747e+00,4.967623e+00,4.157756e+00,4.929965e+00,5.049849e+00,4.912142e+00,4.755046e+00,4.633822e+00,4.948288e+00,4.566555e+00,5.104190e+00,4.842934e+00,4.685529e+00,4.342114e+00,4.970890e+00,4.630815e+00,4.615093e+00,5.087790e+00,4.963190e+00,5.017291e+00,4.737799e+00,4.833813e+00,5.002849e+00,4.961337e+00,4.913460e+00,4.713129e+00,4.867260e+00,5.068004e+00,4.661279e+00,5.035821e+00,4.650262e+00,4.892955e+00,4.757103e+00,5.071899e+00,4.928797e+00,4.891613e+00,4.962896e+00,4.435213e+00,4.741472e+00,4.926777e+00,4.842906e+00,4.925147e+00,5.037668e+00,4.754504e+00,5.093257e+00,5.018429e+00,4.626061e+00,4.936114e+00,4.948412e+00,4.688288e+00,4.582997e+00,4.910499e+00
4.989420e+00,4.470467e+00,4.923582e+00,4.993551e+00,4.965710e+00,4.943781e+00,4.715748e+00,4.878726e+00,4.934561e+00,4.619611e+00,5.079152e+00,4.681168e+00,4.904073e+00,4.779113e+00,4.713595e+00,4.900367e+00,5.143978e+00,5.127613e+00,4.588870e+00,4.889926e+00,4.764475e+00,5.004218e+00,4.688576e+00,4.607901e+00,4.891535e+00,4.973634e+00,4.900990e+00,5.008048e+00,4.639135e+00,4.766961e+00,4.865004e+00,5.054555e+00,4.985469e+00,4.643003e+00,5.112451e+00,4.843991e+00,4.205880e+00,5.077723e+00,4.894935e+00,4.703951e+00,4.893096e+00,5.128559e+00,4.779955e+00,4.904943e+00,5.011596e+00,4.954461e+00,4.954123e+00,4.893741e+00,4.984672e+00,4.973323e+00,4.911883e+00,4.615647e+00,4.484286e+00,3.126787e+00,4.971666e+00,4.836650e+00,5.032145e+00,4.976839e+00,5.013478e+00,4.801932e+00,4.999089e+00,4.865256e+00,4.790704e+00,4.873494e+00,5.056659e+00,4.380329e+00,4.295665e+00,4.551731e+00,4.341423e+00,3.678315e+00,4.460213e+00,3.652679e+00,4.128964e+00,4.002041e+00,2.900223e+00,4.886409e+00,4.851520e+00,3.887820e+00,4.101057e+00,2.979251e+00,3.959222e+00,3.086523e+00,4.371772e+00,4.805150e+00,3.772684e+00,4.397561e+00,3.903344e+00,3.556230e+00,4.949541e+00,4.494523e+00,4.615610e+00,3.682391e+00,3.559746e+00,3.045791e+00,3.872512e+00,3.487325e+00,4.806021e+00,4.168873e+00,3.357706e+00,5.785375e+00,4.273715e+00,4.938334e+00,4.577874e+00,4.692409e+00,5.060335e+00,4.682995e+00,4.928492e+00,5.041689e+00,5.100015e+00,4.877910e+00,3.738939e+00,3.994566e+00,5.385320e+00,2.305931e+00,4.552996e+00,7.746830e+00,2.992342e+00,3.726468e+00,4.901507e+00,3.393987e+00,4.450907e+00,3.704326e+00,4.687893e+00,3.530945e+00,2.921595e+00,4.459871e+00,5.116238e+00,4.186280e+00,2.758753e+00,3.158919e+00,3.853094e+00,3.739418e+00,4.485498e+00,3.176395e+00,3.636701e+00,4.988867e+00,3.854533e+00,4.158916e+00,4.911361e+00,2.963521e+00,4.847650e+00,4.814094e+00,4.395533e+00,4.860902e+00,4.646936e+00,5.079857e+00,4.976234e+00,5.034943e+00,4.887450e+00,4.599119e+00,4.814618e+00,4.974445e+00,4.861966e+00,5.048029e+00,4.620668e+00,4.307833e+00,4.712730e+00,4.705286e+00,3.393101e+00,3.317335e+00,4.883811e+00,3.927887e+00,5.005707e+00,4.640359e+00,4.677379e+00,4.837863e+00,4.792539e+00,4.668343e+00,4.993493e+00,4.842043e+00,4.814135e+00,4.673312e+00,4.984884e+00,4.914557e+00,4.747772e+00,4.958067e+00,4.918965e+00,4.684241e+00,4.714649e+00,4.934751e+00,4.894880e+00,4.669324e+00,5.001985e+00,5.019026e+00,5.054405e+00,4.612612e+00,4.713476e+00,4.819616e+00,4.792730e+00,4.951794e+00,4.691806e+00,5.051730e+00,4.881429e+00,4.913557e+00,4.766151e+00,4.777665e+00,4.662101e+00,4.729480e+00,5.047278e+00,4.875761e+00,5.089239e+00,5.010769e+00,4.907179e+00,4.989992e+00,4.925523e+00,4.732626e+00,4.850238e+00,4.571975e+00,4.833145e+00,4.638477e+00,4.959412e+00,4.844357e+00,4.787294e+00,4.938640e+00,4.196664e+00
4.767627e+00,5.028514e+00,4.555329e+00,4.621954e+00,5.119133e+00,4.723913e+00,5.024311e+00,4.978898e+00,4.660524e+00,4.973679e+00,4.870678e+00,4.875708e+00,4.786565e+00,4.986055e+00,4.942404e+00,4.945743e+00,4.820048e+00,4.865123e+00,4.210253e+00,4.907170e+00,5.051635e+00,4.885243e+00,4.906687e+00,4.696118e+00,4.817162e+00,4.666421e+00,5.056049e+00,4.649009e+00,4.209728e+00,4.411969e+00,4.987112e+00,4.724719e+00,5.119101e+00,4.830116e+00,4.870955e+00,4.982734e+00,5.013013e+00,4.964149e+00,4.784545e+00,5.111407e+00,4.903748e+00,4.764662e+00,4.979740e+00,4.919551e+00,4.854251e+00,4.809875e+00,4.893066e+00,5.038468e+00,4.885693e+00,5.078408e+00,4.990051e+00,3.975599e+00,4.897173e+00,4.997270e+00,4.764578e+00,3.406172e+00,4.735116e+00,4.977841e+00,4.935910e+00,4.963926e+00,4.970189e+00,4.718938e+00,4.480917e+00,5.165476e+00,5.060575e+00,4.452401e+00,4.306781e+00,4.843878e+00,4.591187e+00,4.797685e+00,3.756462e+00,4.247736e+00,4.585737e+00,2.665845e+00,4.506398e+00,4.049613e+00,4.124424e+00,2.419735e+00,3.650077e+00,3.551222e+00,4.518396e+00,3.792986e+00,5.007678e+00,5.009134e+00,3.660947e+00,3.968907e+00,3.387626e+00,3.056571e+00,3.243757e+00,3.240547e+00,5.862497e+00,5.365353e+00,4.923952e+00,3.760659e+00,5.068270e+00,4.591889e+00,3.719975e+00,3.559331e+00,4.364760e+00,3.250358e+00,3.396258e+00,4.969951e+00,4.889067e+00,5.185704e+00,4.573806e+00,5.000778e+00,4.956213e+00,4.735439e+00,3.579950e+00,4.456428e+00,4.600143e+00,5.491760e+00,3.937975e+00,3.756490e+00,2.811714e+00,2.004247e+00,3.816874e+00,2.960870e+00,4.756369e+00,3.764802e+00,3.014371e+00,5.149894e+00,2.928272e+00,3.222132e+00,4.593984e+00,3.882173e+00,3.979903e+00,3.627762e+00,3.698261e+00,4.247405e+00,4.420176e+00,4.305000e+00,3.967063e+00,4.254244e+00,2.509491e+00,4.685021e+00,4.537920e+00,4.988943e+00,4.559249e+00,4.687708e+00,5.032347e+00,4.887792e+00,5.027311e+00,5.122520e+00,4.971980e+00,4.862435e+00,4.754139e+00,4.992557e+00,4.698563e+00,4.835763e+00,4.608809e+00,4.807128e+00,5.050209e+00,4.231242e+00,2.806060e+00,4.730943e+00,4.365443e+00,2.253023e+00,3.689930e+00,4.226942e+00,4.762234e+00,5.029653e+00,4.779970e+00,4.930553e+00,4.846466e+00,4.800967e+00,4.874563e+00,4.972834e+00,4.987121e+00,4.916395e+00,4.905095e+00,4.865776e+00,4.255638e+00,4.890519e+00,4.712215e+00,4.626297e+00,4.840819e+00,4.901578e+00,4.886568e+00,4.926788e+00,5.026311e+00,4.836586e+00,4.702050e+00,4.919478e+00,5.001372e+00,5.056000e+00,5.069877e+00,4.755047e+00,4.764035e+00,4.942113e+00,4.542612e+00,4.911737e+00,4.926208e+00,4.979017e+00,4.852346e+00,4.853089e+00,4.754218e+00,4.631534e+00,4.799223e+00,4.857601e+00,4.729153e+00,4.742855e+00,4.901556e+00,4.983321e+00,5.033596e+00,5.029537e+00,4.414330e+00,4.720409e+00,4.905867e+00,4.870435e+00,4.941528e+00,4.902629e+00,4.712821e+00,5.004312e+00,4.962034e+00
4.599334e+00,4.991681e+00,4.767571e+00,4.914704e+00,4.971018e+00,4.845351e+00,4.974207e+00,4.806900e+00,4.918499e+00,4.913947e+00,4.853695e+00,4.716875e+00,4.854450e+00,4.538532e+00,4.836694e+00,5.092426e+00,4.871692e+00,4.646819e+00,4.683874e+00,4.913688e+00,4.889450e+00,4.904364e+00,4.971453e+00,4.939108e+00,4.728599e+00,4.806942e+00,5.205894e+00,5.081350e+00,4.964968e+00,4.808897e+00,4.651353e+00,4.936829e+00,5.008465e+00,5.035037e+00,4.816616e+00,4.982375e+00,5.058883e+00,4.994464e+00,4.745112e+00,5.004606e+00,4.963924e+00,4.870935e+00,4.724773e+00,4.710809e+00,4.972368e+00,4.625647e+00,4.619808e+00,4.501150e+00,5.017117e+00,4.624443e+00,4.660279e+00,5.025855e+00,4.563330e+00,4.809542e+00,5.151644e+00,4.543903e+00,4.606427e+00,4.862775e+00,4.705169e+00,5.054544e+00,5.006529e+00,4.221369e+00,5.034785e+00,4.878138e+00,4.694185e+00,4.905070e+00,4.871169e+00,4.921508e+00,4.884292e+00,4.649713e+00,4.459438e+00,4.355988e+00,5.115230e+00,3.611161e+00,3.376440e+00,4.097102e+00,2.681667e+00,3.319108e+00,4.778098e+00,4.024479e+00,4.016403e+00,3.306431e+00,3.762763e+00,3.810039e+00,5.010134e+00,3.918644e+00,3.150482e+00,5.562831e+00,3.638159e+00,3.821816e+00,3.850439e+00,4.726881e+00,2.449634e+00,3.877180e+00,3.121310e+00,3.318570e+00,4.039338e+00,4.713393e+00,3.970795e+00,3.508462e+00,3.457212e+00,4.875534e+00,5.020908e+00,4.929667e+00,4.777305e+00,2.685565e+00,3.621148e+00,5.241968e+00,5.061450e+00,4.514033e+00,3.982024e+00,4.383690e+00,3.784955e+00,4.072299e+00,4.503452e+00,4.403382e+00,5.410467e+00,4.646484e+00,4.551281e+00,3.042528e+00,4.573253e+00,2.220415e+00,4.782331e+00,3.627992e+00,2.944186e+00,3.235316e+00,4.887425e+00,4.252687e+00,2.564119e+00,4.091977e+00,2.685743e+00,3.788032e+00,4.755931e+00,4.430318e+00,5.004015e+00,3.857874e+00,4.429227e+00,4.654367e+00,3.236696e+00,4.787980e+00,4.617546e+00,4.919904e+00,4.866078e+00,5.144762e+00,4.815847e+00,4.852129e+00,4.977251e+00,4.720484e+00,4.669270e+00,5.000499e+00,4.872135e+00,4.251345e+00,4.272838e+00,4.841722e+00,4.206024e+00,4.695286e+00,4.779584e+00,4.387403e+00,2.329810e+00,5.017901e+00,4.736655e+00,4.961917e+00,4.822309e+00,5.093894e+00,4.907641e+00,4.859355e+00,4.915074e+00,4.947605e+00,4.669088e+00,4.894674e+00,4.866700e+00,4.919895e+00,4.648358e+00,4.949483e+00,4.884439e+00,5.131269e+00,4.958284e+00,4.679347e+00,4.820368e+00,4.893228e+00,4.818727e+00,4.812814e+00,4.918527e+00,4.869610e+00,4.618496e+00,4.950731e+00,4.941297e+00,4.109290e+00,5.059765e+00,4.616666e+00,4.823244e+00,4.589407e+00,4.959295e+00,4.796018e+00,4.614562e+00,4.030545e+00,4.892848e+00,4.907333e+00,4.715436e+00,4.930118e+00,4.924451e+00,4.972744e+00,4.851138e+00,4.972234e+00,5.019259e+00,4.604177e+00,4.995955e+00,4.873609e+00,4.935623e+00,4.596237e+00,4.739207e+00,4.833071e+00,4.756675e+00,4.811102e+00,4.931311e+00
4.774142e+00,5.046230e+00,4.635923e+00,4.789112e+00,4.874016e+00,4.920113e+00,4.778529e+00,4.296895e+00,4.861923e+00,4.752584e+00,4.970145e+00,4.707015e+00,4.942774e+00,4.782160e+00,4.776555e+00,4.816964e+00,4.895266e+00,4.741498e+00,4.976507e+00,4.984931e+00,5.034070e+00,4.980840e+00,4.951364e+00,4.671687e+00,4.888714e+00,4.836701e+00,4.855519e+00,4.807531e+00,4.321341e+00,5.105881e+00,4.787879e+00,4.872711e+00,4.912943e+00,4.763809e+00,4.903913e+00,4.977436e+00,4.959984e+00,4.969316e+00,4.744228e+00,4.785905e+00,4.679819e+00,5.054481e+00,4.975447e+00,4.533065e+00,4.783375e+00,5.030442e+00,4.940851e+00,4.669830e+00,4.864345e+00,5.220434e+00,4.949059e+00,4.813854e+00,4.809557e+00,5.011329e+00,4.965340e+00,4.808283e+00,4.900988e+00,4.896758e+00,3.992453e+00,4.759944e+00,4.656492e+00,4.966788e+00,4.565890e+00,4.885724e+00,4.833934e+00,5.187966e+00,4.815719e+00,4.796179e+00,4.878893e+00,4.625389e+00,4.799039e+00,4.547024e+00,4.882543e+00,4.672301e+00,5.025160e+00,3.691393e+00,4.745724e+00,2.973184e+00,3.756952e+00,4.713124e+00,3.608509e+00,3.955845e+00,3.014370e+00,3.551269e+00,2.932213e+00,2.920327e+00,3.868701e+00,3.092852e+00,4.673002e+00,4.922144e+00,3.831825e+00,3.389157e+00,4.789658e+00,2.686565e+00,4.190814e+00,3.317595e+00,4.555130e+00,2.682585e+00,3.483808e+00,4.232026e+00,3.313811e+00,3.114513e+00,4.880070e+00,4.862812e+00,4.727305e+00,2.818724e+00,2.593364e+00,3.206055e+00,4.569763e+00,4.832868e+00,3.265570e+00,3.377540e+00,3.327865e+00,2.807842e+00,2.645604e+00,2.928623e+00,4.893089e+00,7.564782e+00,3.458430e+00,3.250564e+00,4.112655e+00,4.646661e+00,3.769299e+00,3.835255e+00,4.496040e+00,4.699070e+00,4.790986e+00,2.998826e+00,3.977078e+00,4.357424e+00,3.333062e+00,2.990559e+00,4.766435e+00,4.832685e+00,4.536425e+00,4.621239e+00,4.924548e+00,5.041560e+00,5.124329e+00,4.869578e+00,4.741145e+00,4.929604e+00,5.049103e+00,4.648763e+00,4.334807e+00,4.834076e+00,4.992384e+00,4.901603e+00,4.846239e+00,4.833311e+00,2.519666e+00,4.922484e+00,3.556031e+00,4.448855e+00,2.807102e+00,4.886526e+00,5.098262e+00,4.735708e+00,4.928213e+00,4.791123e+00,4.799524e+00,4.970451e+00,5.067260e+00,5.034956e+00,4.674027e+00,5.097216e+00,4.855060e+00,4.876614e+00,4.600987e+00,4.991826e+00,4.751670e+00,4.850852e+00,4.945417e+00,5.035871e+00,4.912587e+00,4.910204e+00,5.028919e+00,4.679817e+00,4.931283e+00,5.057114e+00,4.907881e+00,5.027626e+00,5.035787e+00,4.818828e+00,4.709795e+00,4.739908e+00,4.930512e+00,4.654920e+00,5.070504e+00,4.618717e+00,4.988156e+00,4.795724e+00,4.885965e+00,4.986733e+00,4.940507e+00,4.832398e+00,4.732313e+00,4.903467e+00,5.127531e+00,4.946447e+00,4.805906e+00,5.062798e+00,4.946894e+00,4.485738e+00,4.652995e+00,4.601696e+00,4.832790e+00,5.047279e+00,4.999532e+00,5.003969e+00,5.021108e+00,4.883249e+00,4.800358e+00,4.775612e+00,4.924227e+00
4.663721e+00,4.902658e+00,5.118682e+00,4.742825e+00,5.004755e+00,4.740715e+00,4.838509e+00,4.960040e+00,4.958424e+00,4.789554e+00,4.717470e+00,4.824035e+00,4.810373e+00,5.159503e+00,4.735654e+00,4.962061e+00,5.048482e+00,4.839203e+00,4.767840e+00,4.532593e+00,5.131573e+00,5.104181e+00,4.456822e+00,4.723720e+00,4.732970e+00,4.806492e+00,5.130308e+00,4.758652e+00,5.128001e+00,4.752024e+00,4.802833e+00,4.981910e+00,4.990353e+00,4.984432e+00,4.739726e+00,4.903183e+00,4.978271e+00,4.789570e+00,5.092563e+00,4.819461e+00,4.596414e+00,4.880963e+00,4.937241e+00,4.875320e+00,5.114233e+00,4.934177e+00,5.055622e+00,4.643191e+00,5.040771e+00,4.901785e+00,4.736811e+00,4.341847e+00,4.921540e+00,4.916120e+00,4.907444e+00,4.892199e+00,4.837175e+00,5.028726e+00,4.749038e+00,4.958212e+00,4.812810e+00,4.659853e+00,4.928075e+00,4.889523e+00,4.722098e+00,5.015810e+00,4.333671e+00,4.987400e+00,4.864773e+00,4.853385e+00,5.120109e+00,4.852010e+00,4.802064e+00,4.561724e+00,4.829613e+00,4.781369e+00,5.055905e+00,4.717777e+00,3.581213e+00,3.981254e+00,4.657153e+00,3.082285e+00,3.506917e+00,3.387126e+00,4.224066e+00,2.995281e+00,3.193586e+00,2.696685e+00,3.344884e+00,4.760990e+00,4.750886e+00,4.111554e+00,4.014680e+00,3.833182e+00,4.182150e+00,4.928162e+00,3.430151e+00,3.319520e+00,4.725109e+00,2.827810e+00,4.087438e+00,3.260616e+00,3.067291e+00,3.972179e+00,2.799366e+00,4.562849e+00,4.331976e+00,3.512613e+00,3.467724e+00,2.477941e+00,4.991226e+00,4.504111e+00,2.680770e+00,4.759739e+00,4.317059e+00,3.402714e+00,2.889609e+00,3.231486e+00,3.354030e+00,3.515203e+00,2.332449e+00,4.028528e+00,5.008514e+00,3.876328e+00,4.542240e+00,4.389483e+00,3.653524e+00,3.902472e+00,4.810093e+00,3.837394e+00,3.346728e+00,5.016235e+00,4.009230e+00,4.929836e+00,4.872674e+00,4.937639e+00,4.968528e+00,5.028320e+00,4.898710e+00,4.847556e+00,5.043144e+00,4.781383e+00,5.015540e+00,4.996325e+00,4.841899e+00,4.869434e+00,4.877675e+00,3.698686e+00,2.988717e+00,3.130631e+00,4.676883e+00,4.791796e+00,4.667568e+00,4.969051e+00,4.341688e+00,5.012463e+00,4.923788e+00,4.743207e+00,4.716671e+00,4.804610e+00,4.891341e+00,4.141793e+00,4.749146e+00,4.642071e+00,4.750545e+00,4.666067e+00,4.748539e+00,4.856730e+00,4.729458e+00,4.718157e+00,4.946839e+00,4.515329e+00,4.056015e+00,4.743545e+00,5.109801e+00,4.713028e+00,4.921600e+00,4.924360e+00,5.013616e+00,4.821794e+00,4.921958e+00,4.817984e+00,4.892949e+00,4.956078e+00,4.615347e+00,5.041098e+00,4.658338e+00,4.913227e+00,4.760127e+00,5.092152e+00,4.570315e+00,4.525107e+00,4.640022e+00,4.996109e+00,4.593326e+00,4.789782e+00,4.978751e+00,4.566575e+00,4.748746e+00,4.939413e+00,4.916396e+00,4.824596e+00,5.036835e+00,4.885611e+00,5.088782e+00,4.607626e+00,5.025158e+00,4.895140e+00,4.887710e+00,5.113914e+00,4.858040e+00,5.028913e+00,4.926369e+00,4.916901e+00,4.857807e+00
4.563029e+00,4.469250e+00,4.729272e+00,4.876762e+00,4.975844e+00,4.761114e+00,4.756088e+00,5.008821e+00,5.150984e+00,4.629533e+00,4.903630e+00,4.658181e+00,4.610673e+00,5.012945e+00,5.069377e+00,4.773543e+00,4.845489e+00,4.624515e+00,4.860604e+00,5.043513e+00,4.936143e+00,4.612507e+00,4.877088e+00,5.016207e+00,4.835458e+00,4.713436e+00,4.953756e+00,4.255593e+00,4.674102e+00,4.737216e+00,4.748224e+00,5.057578e+00,4.772764e+00,4.993332e+00,4.966210e+00,5.023461e+00,4.643934e+00,4.920497e+00,4.987738e+00,4.754335e+00,4.844838e+00,4.684715e+00,4.849851e+00,4.981992e+00,4.924843e+00,4.677628e+00,5.002359e+00,4.677960e+00,5.027853e+00,5.012197e+00,5.074528e+00,4.985215e+00,4.997372e+00,5.017353e+00,4.994100e+00,4.750564e+00,4.913102e+00,4.862336e+00,4.637194e+00,4.655429e+00,3.839767e+00,4.943010e+00,4.215566e+00,4.741316e+00,4.894516e+00,4.900901e+00,4.981169e+00,4.790139e+00,4.803413e+00,4.900514e+00,4.805630e+00,4.990108e+00,5.033089e+00,4.632448e+00,4.899844e+00,4.831936e+00,4.562359e+00,4.851658e+00,4.848417e+00,4.565476e+00,2.795537e+00,4.548391e+00,4.476859e+00,4.560186e+00,4.701427e+00,3.349599e+00,3.995183e+00,5.018544e+00,4.791002e+00,3.902436e+00,2.509264e+00,4.100135e+00,3.022396e+00,4.687336e+00,2.577539e+00,3.457738e+00,3.868242e+00,3.186762e+00,4.773457e+00,3.863700e+00,4.678650e+00,2.503940e+00,4.592681e+00,3.189717e+00,3.843726e+00,2.737030e+00,4.313907e+00,3.806041e+00,3.408325e+00,3.140450e+00,2.949395e+00,3.009707e+00,4.040874e+00,2.864099e+00,3.512252e+00,3.274346e+00,2.782863e+00,4.461003e+00,3.110063e+00,3.925609e+00,3.725606e+00,4.873726e+00,4.747231e+00,4.979184e+00,2.712580e+00,4.953006e+00,3.196295e+00,4.047127e+00,4.600682e+00,4.619770e+00,4.422641e+00,4.586779e+00,4.895288e+00,4.537616e+00,5.026998e+00,4.878347e+00,5.098812e+00,4.576721e+00,4.991515e+00,4.672677e+00,4.650700e+00,4.426586e+00,4.947818e+00,4.689762e+00,3.760756e+00,4.371487e+00,2.622978e+00,4.965032e+00,3.022510e+00,3.014279e+00,5.043914e+00,5.153804e+00,4.842926e+00,4.832414e+00,4.552013e+00,4.715231e+00,5.015786e+00,4.587571e+00,4.620526e+00,4.829557e+00,4.705381e+00,4.864939e+00,4.978118e+00,4.909604e+00,5.057910e+00,4.945969e+00,4.909316e+00,4.762705e+00,4.964980e+00,4.996508e+00,4.531541e+00,5.140200e+00,5.000703e+00,4.583126e+00,4.290819e+00,5.008301e+00,4.892867e+00,4.932645e+00,5.077785e+00,4.802176e+00,4.924566e+00,4.781328e+00,4.703070e+00,4.744791e+00,4.222197e+00,4.802007e+00,5.048448e+00,4.971265e+00,4.315444e+00,4.874136e+00,5.076687e+00,4.329410e+00,4.941521e+00,4.759255e+00,4.752623e+00,4.972186e+00,4.915413e+00,4.392382e+00,4.877532e+00,5.045490e+00,4.545302e+00,4.316652e+00,5.002117e+00,4.973304e+00,4.700023e+00,4.939150e+00,4.732107e+00,4.797465e+00,5.039402e+00,4.769175e+00,5.033688e+00,4.917575e+00,4.846039e+00,4.970186e+00,4.693174e+00
4.945014e+00,5.073071e+00,5.007451e+00,4.895621e+00,4.559860e+00,4.802631e+00,4.958878e+00,4.719408e+00,4.914606e+00,4.725837e+00,4.965581e+00,4.610664e+00,4.884235e+00,4.609299e+00,4.729715e+00,4.172500e+00,5.007411e+00,4.950016e+00,4.558890e+00,4.471413e+00,4.621502e+00,4.919640e+00,4.724341e+00,4.830609e+00,4.546721e+00,4.748203e+00,4.695971e+00,4.985522e+00,4.901623e+00,4.597285e+00,4.824868e+00,4.967554e+00,4.931642e+00,5.135460e+00,5.054930e+00,5.022730e+00,4.291432e+00,5.027636e+00,5.023568e+00,4.560185e+00,4.884968e+00,4.754847e+00,4.704510e+00,4.861299e+00,4.778559e+00,4.915750e+00,5.072801e+00,4.715964e+00,5.074304e+00,4.924528e+00,5.074897e+00,4.970474e+00,4.992665e+00,4.864274e+00,4.856755e+00,4.942607e+00,4.851075e+00,4.885556e+00,4.171034e+00,4.943108e+00,4.681431e+00,4.169560e+00,4.948230e+00,4.542189e+00,2.649854e+00,4.930574e+00,4.745167e+00,4.523338e+00,5.223400e+00,4.528130e+00,4.730532e+00,4.576321e+00,3.881004e+00,4.941973e+00,4.925132e+00,4.904018e+00,4.854216e+00,4.682969e+00,4.747120e+00,5.048308e+00,4.964368e+00,4.820217e+00,4.576387e+00,4.448963e+00,4.888997e+00,3.933989e+00,4.326729e+00,4.004263e+00,2.655743e+00,4.259448e+00,4.804858e+00,4.806618e+00,4.639628e+00,3.531818e+00,4.440670e+00,3.229717e+00,3.541292e+00,4.631233e+00,4.005706e+00,4.226621e+00,2.952185e+00,4.551172e+00,3.708957e+00,4.270490e+00,4.405928e+00,3.461840e+00,4.241086e+00,3.529637e+00,3.868306e+00,3.492644e+00,3.832351e+00,3.322605e+00,4.059325e+00,2.581125e+00,4.207030e+00,2.858070e+00,4.069534e+00,3.578143e+00,4.746614e+00,3.148856e+00,4.158708e+00,3.993434e+00,4.500897e+00,4.432258e+00,4.345130e+00,4.703378e+00,4.673478e+00,4.985519e+00,5.010687e+00,4.897440e+00,4.762014e+00,4.488165e+00,4.937398e+00,5.157087e+00,4.816466e+00,5.090219e+00,4.840541e+00,4.816337e+00,4.753101e+00,4.994102e+00,4.876062e+00,4.935239e+00,4.574257e+00,3.110542e+00,2.771064e+00,4.235652e+00,3.129058e+00,3.721732e+00,5.065386e+00,4.692309e+00,4.503378e+00,4.877478e+00,4.916282e+00,4.805938e+00,4.865728e+00,5.055042e+00,4.989290e+00,5.041061e+00,4.911352e+00,4.979307e+00,4.489281e+00,4.653412e+00,4.982920e+00,5.069220e+00,4.872419e+00,4.711340e+00,5.004311e+00,4.974353e+00,4.795485e+00,4.810741e+00,4.725667e+00,4.905400e+00,4.723059e+00,4.823792e+00,4.875472e+00,4.655179e+00,4.821729e+00,5.082565e+00,4.881025e+00,4.861180e+00,4.831969e+00,5.027738e+00,4.734641e+00,4.436312e+00,4.987814e+00,4.997124e+00,4.429461e+00,5.048412e+00,4.946682e+00,4.910425e+00,4.858047e+00,4.858071e+00,4.858863e+00,4.714888e+00,5.012925e+00,4.850702e+00,4.879926e+00,4.734152e+00,4.801626e+00,4.684061e+00,5.015028e+00,4.954321e+00,4.898567e+00,4.955323e+00,4.419311e+00,4.546515e+00,4.868250e+00,5.007074e+00,4.723559e+00,4.733246e+00,4.831281e+00,4.992479e+00,4.748369e+00,4.647908e+00,4.854821e+00
4.963385e+00,4.777420e+00,4.955934e+00,4.705832e+00,4.745656e+00,4.908205e+00,4.586623e+00,5.051273e+00,4.910900e+00,4.560707e+00,5.101654e+00,4.984281e+00,4.867435e+00,4.950488e+00,4.878938e+00,4.824562e+00,4.882958e+00,4.918479e+00,5.055459e+00,5.052663e+00,4.685162e+00,4.855067e+00,4.989163e+00,4.810958e+00,4.978859e+00,4.450950e+00,4.859982e+00,4.984323e+00,4.923420e+00,4.924746e+00,4.907638e+00,5.053719e+00,4.824444e+00,4.785326e+00,4.986786e+00,5.072772e+00,4.511213e+00,4.705866e+00,5.075401e+00,4.897741e+00,4.629014e+00,4.745382e+00,4.784238e+00,4.852123e+00,5.017339e+00,5.005287e+00,4.887601e+00,4.991161e+00,5.035066e+00,4.625540e+00,4.681877e+00,4.687759e+00,5.055830e+00,5.040498e+00,4.788718e+00,4.749429e+00,4.809829e+00,5.038980e+00,5.021405e+00,4.785922e+00,4.830016e+00,4.760727e+00,4.727126e+00,4.786774e+00,4.997522e+00,4.699576e+00,3.274653e+00,4.140509e+00,5.023635e+00,4.786392e+00,5.026388e+00,4.855011e+00,4.593389e+00,4.905653e+00,4.929100e+00,5.095204e+00,4.748089e+00,4.111010e+00,4.972922e+00,4.894263e+00,5.038841e+00,4.868507e+00,4.859337e+00,4.742603e+00,4.901347e+00,4.955221e+00,5.142803e+00,4.907363e+00,4.213363e+00,4.803083e+00,4.546542e+00,4.452843e+00,4.698085e+00,3.767539e+00,4.469051e+00,4.715081e+00,4.246115e+00,3.059433e+00,3.634871e+00,3.141559e+00,3.829500e+00,4.582902e+00,4.730023e+00,2.423173e+00,3.217733e+00,2.243497e+00,3.132139e+00,4.880514e+00,3.761052e+00,4.369597e+00,2.718449e+00,2.907283e+00,3.471599e+00,4.160115e+00,4.960835e+00,4.881978e+00,3.041501e+00,4.934657e+00,4.851717e+00,4.734981e+00,4.409596e+00,4.607069e+00,4.802506e+00,4.833133e+00,4.997760e+00,4.872336e+00,4.976357e+00,4.330279e+00,4.923130e+00,4.884655e+00,5.117605e+00,4.829515e+00,4.710909e+00,4.950599e+00,4.623858e+00,4.723070e+00,4.950051e+00,4.869724e+00,4.946644e+00,4.902581e+00,4.630724e+00,4.509241e+00,4.519221e+00,3.042652e+00,4.248085e+00,4.305996e+00,4.408687e+00,4.858963e+00,4.938394e+00,3.266678e+00,4.862595e+00,4.957339e+00,4.791055e+00,4.604513e+00,4.990356e+00,4.614544e+00,4.756794e+00,4.621509e+00,4.645050e+00,5.022407e+00,4.527810e+00,4.833776e+00,4.801104e+00,4.966857e+00,4.979215e+00,4.726116e+00,4.544929e+00,5.087296e+00,5.066140e+00,4.635397e+00,4.560638e+00,4.382627e+00,4.527220e+00,5.006635e+00,5.031913e+00,4.715540e+00,5.021263e+00,4.940433e+00,5.038221e+00,4.873964e+00,4.985093e+00,5.137417e+00,4.770810e+00,4.705455e+00,4.545122e+00,4.422900e+00,4.855131e+00,4.707106e+00,4.921916e+00,4.608602e+00,4.937306e+00,4.995219e+00,4.548849e+00,4.947127e+00,4.978649e+00,4.804937e+00,4.787110e+00,4.836369e+00,4.578435e+00,4.513003e+00,4.950963e+00,5.039442e+00,5.052354e+00,5.028983e+00,4.706349e+00,4.730325e+00,4.767469e+00,4.847997e+00,4.925631e+00,5.017447e+00,4.952010e+00,4.891862e+00,4.407107e+00,5.064696e+00,4.966515e+00
4.654661e+00,4.892449e+00,4.915372e+00,4.986406e+00,4.549824e+00,4.935654e+00,4.577813e+00,4.966741e+00,4.928679e+00,4.571934e+00,4.945725e+00,4.890116e+00,4.757437e+00,4.894582e+00,4.765110e+00,4.648528e+00,4.823863e+00,5.127929e+00,5.034598e+00,5.055733e+00,5.003677e+00,4.971877e+00,4.830590e+00,4.767040e+00,4.849687e+00,4.744845e+00,5.132479e+00,4.770189e+00,4.851833e+00,4.433638e+00,4.501872e+00,4.619982e+00,4.694547e+00,5.006133e+00,4.903497e+00,5.067862e+00,4.839866e+00,4.876163e+00,4.879434e+00,4.701516e+00,4.715050e+00,5.081621e+00,5.036848e+00,4.511613e+00,4.826282e+00,5.140676e+00,4.383414e+00,4.973761e+00,4.902224e+00,4.684122e+00,4.902946e+00,5.137828e+00,4.780783e+00,4.700933e+00,4.757990e+00,4.929902e+00,4.938513e+00,4.865686e+00,4.673932e+00,4.727405e+00,4.962708e+00,4.910209e+00,4.311926e+00,5.113599e+00,4.991062e+00,4.868662e+00,4.813121e+00,4.989872e+00,4.383490e+00,4.432009e+00,3.334998e+00,5.030409e+00,4.769959e+00,4.899931e+00,5.015783e+00,4.509125e+00,5.076701e+00,4.665251e+00,4.686403e+00,5.010437e+00,4.992618e+00,4.995902e+00,4.959795e+00,5.240970e+00,4.949211e+00,4.884477e+00,4.999470e+00,4.762317e+00,4.533213e+00,4.301795e+00,4.823690e+00,4.818222e+00,4.127824e+00,3.735188e+00,5.206195e+00,3.121073e+00,4.486090e+00,4.038266e+00,2.909277e+00,4.225396e+00,4.955083e+00,3.533593e+00,3.499971e+00,3.662943e+00,3.659246e+00,3.950789e+00,2.637795e+00,3.942006e+00,3.905811e+00,4.705694e+00,5.035266e+00,4.706596e+00,3.060628e+00,4.362602e+00,4.556933e+00,4.670834e+00,4.469073e+00,4.842213e+00,4.564115e+00,4.809912e+00,4.776032e+00,4.970810e+00,4.522988e+00,5.028275e+00,4.561693e+00,4.577130e+00,4.681563e+00,4.927174e+00,5.039376e+00,4.998686e+00,4.544170e+00,4.919960e+00,4.936124e+00,5.045525e+00,4.997565e+00,5.040989e+00,5.003051e+00,5.013446e+00,3.245833e+00,4.694328e+00,2.647010e+00,4.599279e+00,4.892055e+00,4.702669e+00,4.695970e+00,4.734927e+00,4.645338e+00,3.981266e+00,5.031568e+00,4.982035e+00,4.918604e+00,4.455253e+00,4.559665e+00,4.934249e+00,4.561599e+00,4.991269e+00,4.987475e+00,5.002345e+00,4.810711e+00,4.479661e+00,4.761535e+00,4.669721e+00,4.907876e+00,4.802217e+00,4.886410e+00,4.805365e+00,4.987273e+00,5.066268e+00,4.710669e+00,4.078768e+00,4.936648e+00,4.633234e+00,4.721228e+00,4.894737e+00,4.828477e+00,5.036140e+00,4.973232e+00,4.665733e+00,4.881263e+00,4.974704e+00,5.036038e+00,4.908505e+00,4.801066e+00,4.888984e+00,5.050876e+00,4.739397e+00,4.933514e+00,4.798950e+00,4.652952e+00,4.711851e+00,4.987987e+00,4.944752e+00,4.944629e+00,4.992284e+00,4.938733e+00,4.937551e+00,4.932960e+00,4.664749e+00,4.934607e+00,4.882303e+00,5.026283e+00,4.152976e+00,4.877938e+00,4.666487e+00,4.879247e+00,4.720176e+00,5.051312e+00,4.939451e+00,4.783762e+00,4.915451e+00,5.000748e+00,4.875972e+00,4.895367e+00,4.890570e+00,4.753635e+00
4.488899e+00,4.713343e+00,4.957021e+00,4.877408e+00,4.775773e+00,4.734858e+00,5.047782e+00,4.993637e+00,4.985041e+00,4.964041e+00,5.017835e+00,4.928263e+00,4.343369e+00,5.008717e+00,4.933962e+00,4.595290e+00,4.933213e+00,4.375024e+00,4.524923e+00,4.616271e+00,4.955413e+00,4.909353e+00,4.949876e+00,4.507402e+00,4.376190e+00,4.958215e+00,4.930265e+00,5.020065e+00,4.757801e+00,4.936585e+00,4.539621e+00,4.896269e+00,4.934349e+00,4.951652e+00,4.766692e+00,4.932571e+00,4.800873e+00,4.886006e+00,4.890579e+00,4.936151e+00,4.962724e+00,4.781915e+00,4.709500e+00,4.825519e+00,4.737865e+00,4.802157e+00,4.803154e+00,4.613661e+00,4.818626e+00,4.955556e+00,4.680249e+00,4.935920e+00,4.875809e+00,4.756807e+00,4.560291e+00,5.110788e+00,4.815084e+00,4.926146e+00,4.770603e+00,4.612306e+00,4.800380e+00,4.981581e+00,4.935895e+00,4.663153e+00,4.658405e+00,4.791845e+00,4.940647e+00,4.871346e+00,4.562856e+00,4.630431e+00,4.852311e+00,3.238245e+00,2.927040e+00,4.748618e+00,4.929521e+00,5.128069e+00,4.905923e+00,4.700594e+00,5.152557e+00,4.925136e+00,4.851154e+00,4.675742e+00,5.098804e+00,4.773771e+00,5.023374e+00,5.004999e+00,4.324096e+00,4.448159e+00,4.848216e+00,4.819550e+00,4.958764e+00,4.782143e+00,4.733014e+00,4.823695e+00,4.705264e+00,4.425772e+00,5.000266e+00,4.900678e+00,4.815108e+00,4.599593e+00,4.603771e+00,4.680232e+00,4.406556e+00,4.886856e+00,4.905807e+00,4.714104e+00,4.699996e+00,4.515209e+00,2.672469e+00,5.117938e+00,4.898866e+00,4.864212e+00,4.704983e+00,4.997566e+00,4.960907e+00,4.949648e+00,4.795836e+00,4.651873e+00,4.927841e+00,4.912160e+00,4.897598e+00,4.864258e+00,4.424827e+00,4.862731e+00,4.816732e+00,4.923864e+00,4.887748e+00,4.580099e+00,4.666141e+00,4.854215e+00,4.676174e+00,4.683714e+00,5.072817e+00,4.703893e+00,4.931914e+00,4.715192e+00,5.155537e+00,2.759156e+00,3.516333e+00,4.388704e+00,4.281688e+00,2.857346e+00,5.105272e+00,5.059120e+00,4.955396e+00,4.867302e+00,5.007589e+00,4.881456e+00,4.721781e+00,4.792570e+00,4.881445e+00,4.755605e+00,4.888201e+00,4.910469e+00,4.936475e+00,4.853586e+00,4.860143e+00,4.851521e+00,5.026304e+00,5.035437e+00,4.904465e+00,4.843599e+00,4.678493e+00,4.771339e+00,4.694374e+00,4.902200e+00,4.791591e+00,4.890248e+00,4.293945e+00,4.892761e+00,4.913656e+00,4.977585e+00,4.515612e+00,4.619844e+00,4.821837e+00,4.978481e+00,4.821782e+00,4.927027e+00,4.906923e+00,4.583231e+00,4.889547e+00,4.764523e+00,4.719568e+00,4.825916e+00,4.849934e+00,4.862009e+00,4.777211e+00,4.784072e+00,4.817423e+00,4.762725e+00,4.971533e+00,4.640151e+00,4.846760e+00,3.942015e+00,4.690014e+00,4.941342e+00,4.410543e+00,4.741365e+00,4.937062e+00,4.826031e+00,4.883915e+00,5.027056e+00,4.910083e+00,4.562195e+00,5.031473e+00,4.963561e+00,4.760734e+00,4.729582e+00,4.992820e+00,4.989810e+00,4.491413e+00,4.948683e+00,4.653584e+00,4.952728e+00,5.015806e+00
4.844478e+00,4.537133e+00,5.054314e+00,5.066672e+00,4.604773e+00,5.055404e+00,4.819725e+00,4.674513e+00,4.943211e+00,4.617548e+00,4.673584e+00,4.965011e+00,4.550143e+00,4.995925e+00,4.652347e+00,5.000908e+00,4.894146e+00,4.750415e+00,5.079909e+00,4.683065e+00,4.867799e+00,4.997969e+00,4.804163e+00,4.888032e+00,5.047022e+00,4.822788e+00,4.727524e+00,4.851847e+00,4.574652e+00,4.940045e+00,4.164301e+00,4.889570e+00,4.983276e+00,4.784312e+00,4.967565e+00,4.857661e+00,4.938593e+00,5.009093e+00,5.042699e+00,4.883316e+00,4.647454e+00,4.866348e+00,4.822720e+00,4.744176e+00,4.976496e+00,4.885567e+00,4.794412e+00,4.857651e+00,4.871859e+00,5.016688e+00,4.817474e+00,5.180561e+00,4.757635e+00,5.064170e+00,4.924273e+00,4.763399e+00,4.973446e+00,4.701454e+00,4.976161e+00,4.880210e+00,4.809490e+00,4.772902e+00,4.880636e+00,4.937752e+00,4.862671e+00,4.819480e+00,4.815334e+00,3.350181e+00,4.740253e+00,4.852487e+00,4.966629e+00,4.789310e+00,4.866734e+00,4.665990e+00,4.817808e+00,4.174167e+00,4.581656e+00,4.930096e+00,4.993591e+00,4.874547e+00,4.970372e+00,5.097349e+00,5.016346e+00,4.820073e+00,4.873635e+00,4.743519e+00,4.932364e+00,5.062351e+00,4.920636e+00,5.033439e+00,4.843948e+00,4.810994e+00,4.818079e+00,5.014297e+00,4.895221e+00,4.808765e+00,4.836277e+00,4.804300e+00,4.788139e+00,4.769265e+00,4.912947e+00,4.853866e+00,4.937882e+00,5.026101e+00,5.056235e+00,4.993702e+00,4.680695e+00,4.968741e+00,4.385074e+00,4.842100e+00,4.868137e+00,4.597354e+00,5.027186e+00,4.916731e+00,4.957091e+00,4.748127e+00,4.934862e+00,4.821424e+00,4.981494e+00,4.808064e+00,4.456619e+00,5.064125e+00,5.099450e+00,5.093725e+00,4.874556e+00,4.565649e+00,4.970832e+00,4.925090e+00,5.043944e+00,4.885978e+00,5.018905e+00,4.803658e+00,5.064164e+00,2.800525e+00,2.330123e+00,4.345837e+00,3.602812e+00,3.562612e+00,3.948807e+00,4.881945e+00,4.526609e+00,4.921726e+00,4.955042e+00,4.419172e+00,4.870628e+00,5.003010e+00,4.864105e+00,4.523185e+00,5.086814e+00,4.683522e+00,4.937835e+00,4.883761e+00,5.174554e+00,4.855691e+00,4.907468e+00,4.717696e+00,5.127529e+00,4.835005e+00,4.746479e+00,4.898486e+00,4.807401e+00,4.868431e+00,4.804380e+00,4.813033e+00,5.057666e+00,4.885561e+00,4.611943e+00,5.218713e+00,4.890337e+00,4.951817e+00,4.936662e+00,5.073061e+00,5.015751e+00,4.832502e+00,4.935909e+00,5.004434e+00,4.681426e+00,4.940034e+00,4.852960e+00,4.636184e+00,4.986946e+00,4.801521e+00,5.055129e+00,4.801864e+00,5.027174e+00,4.743095e+00,4.772513e+00,4.710488e+00,4.868509e+00,4.825792e+00,4.709469e+00,5.047750e+00,4.984434e+00,4.624280e+00,4.886850e+00,4.683402e+00,4.624986e+00,4.444511e+00,4.919641e+00,4.471487e+00,4.945118e+00,4.699630e+00,4.847898e+00,4.968051e+00,4.975028e+00,4.835010e+00,4.998961e+00,4.295076e+00,4.903034e+00,5.016143e+00,4.760364e+00,4.962738e+00,4.711734e+00,4.894987e+00,5.055782e+00
4.986450e+00,4.671767e+00,5.002382e+00,4.684038e+00,4.843828e+00,4.660361e+00,4.774081e+00,4.758204e+00,4.943858e+00,5.066791e+00,5.023031e+00,4.495616e+00,4.869837e+00,4.942810e+00,4.884898e+00,4.690937e+00,4.969317e+00,4.575196e+00,4.824034e+00,4.935150e+00,4.883667e+00,4.937476e+00,4.978417e+00,4.739146e+00,4.672424e+00,4.961912e+00,4.825333e+00,4.854233e+00,4.778496e+00,5.002264e+00,4.891040e+00,4.864181e+00,4.988504e+00,4.951278e+00,5.122695e+00,4.518693e+00,4.679456e+00,4.899802e+00,5.139508e+00,4.587155e+00,4.819097e+00,5.088045e+00,4.970296e+00,4.968280e+00,4.928243e+00,5.116132e+00,5.022715e+00,4.940157e+00,4.874228e+00,4.564285e+00,4.933543e+00,5.032061e+00,4.889223e+00,4.833485e+00,4.979663e+00,5.095826e+00,4.750614e+00,4.977115e+00,5.017874e+00,4.936788e+00,4.584003e+00,5.039136e+00,4.904167e+00,4.933795e+00,4.960719e+00,4.841679e+00,4.998377e+00,4.900461e+00,4.660380e+00,4.960039e+00,5.008956e+00,4.957820e+00,4.485652e+00,5.013041e+00,4.282101e+00,4.881585e+00,4.856248e+00,5.051412e+00,4.982373e+00,4.129991e+00,5.107150e+00,4.573949e+00,4.988540e+00,4.871734e+00,4.809349e+00,4.811958e+00,4.811787e+00,5.031024e+00,4.993265e+00,5.049336e+00,4.814704e+00,4.865453e+00,5.026258e+00,4.906012e+00,4.728041e+00,4.628835e+00,5.020714e+00,4.984723e+00,5.004502e+00,4.816502e+00,4.936558e+00,4.935435e+00,5.266441e+00,4.993472e+00,4.947237e+00,4.776736e+00,5.027288e+00,4.838578e+00,5.109182e+00,5.112798e+00,5.116658e+00,4.621138e+00,5.022789e+00,5.060096e+00,4.834185e+00,4.526806e+00,4.726903e+00,4.889610e+00,4.606061e+00,4.933088e+00,4.962436e+00,5.177921e+00,4.785379e+00,5.008728e+00,4.839960e+00,4.699601e+00,4.601093e+00,4.952768e+00,4.652986e+00,3.982647e+00,4.848580e+00,3.057673e+00,3.314382e+00,4.018649e+00,3.412898e+00,4.637327e+00,5.097841e+00,4.026275e+00,4.990199e+00,4.867816e+00,4.080218e+00,4.513525e+00,4.793505e+00,4.870825e+00,4.908978e+00,4.949641e+00,5.019705e+00,4.894623e+00,4.810166e+00,4.846972e+00,4.869651e+00,4.766939e+00,5.032180e+00,5.059166e+00,4.563210e+00,4.300067e+00,4.850342e+00,5.048080e+00,5.014852e+00,4.913236e+00,4.849347e+00,5.058456e+00,4.894726e+00,4.876921e+00,4.971845e+00,5.082415e+00,4.934006e+00,4.932666e+00,5.087571e+00,4.918483e+00,4.685751e+00,5.057148e+00,4.746682e+00,4.686446e+00,4.923741e+00,5.297818e+00,4.898125e+00,4.907059e+00,5.007244e+00,5.039226e+00,4.915683e+00,5.039119e+00,4.876077e+00,4.863323e+00,4.746199e+00,4.821433e+00,4.844087e+00,4.806326e+00,4.938093e+00,4.764679e+00,5.000319e+00,4.919851e+00,4.866127e+00,4.834320e+00,4.905370e+00,4.963319e+00,4.735367e+00,4.894493e+00,5.005562e+00,4.747637e+00,5.038850e+00,4.928056e+00,4.704891e+00,4.705131e+00,4.770800e+00,4.838396e+00,4.643422e+00,4.951807e+00,4.984732e+00,4.907278e+00,5.054497e+00,5.050882e+00,4.504196e+00,5.011892e+00,4.629702e+00
4.939207e+00,4.900536e+00,4.420487e+00,4.982337e+00,5.000286e+00,4.826599e+00,4.731150e+00,4.337516e+00,4.950134e+00,4.611573e+00,5.007564e+00,5.004875e+00,4.691152e+00,4.926804e+00,4.753513e+00,4.775140e+00,4.648261e+00,4.948459e+00,4.788568e+00,4.872620e+00,4.772655e+00,4.874472e+00,4.757758e+00,4.994679e+00,4.899761e+00,4.996270e+00,4.707996e+00,4.821507e+00,4.858556e+00,4.979409e+00,4.544324e+00,4.817747e+00,4.711771e+00,5.040579e+00,4.967973e+00,4.769137e+00,4.746679e+00,4.827327e+00,4.822812e+00,4.964256e+00,4.728711e+00,5.015715e+00,4.571986e+00,4.980704e+00,4.616035e+00,4.890345e+00,4.863914e+00,4.829935e+00,4.972106e+00,5.080711e+00,5.025632e+00,4.769030e+00,4.890781e+00,4.404785e+00,4.752182e+00,4.944201e+00,4.930953e+00,4.863946e+00,4.474528e+00,4.979823e+00,4.934559e+00,4.683677e+00,4.958583e+00,4.903740e+00,4.908680e+00,5.089195e+00,4.704961e+00,4.753078e+00,4.955319e+00,4.860470e+00,4.729049e+00,4.682819e+00,2.855586e+00,3.092757e+00,5.117383e+00,5.015796e+00,4.945400e+00,4.760552e+00,4.190131e+00,4.854125e+00,4.657255e+00,3.685509e+00,4.944656e+00,4.774031e+00,4.650471e+00,4.772347e+00,4.732629e+00,5.167705e+00,4.784235e+00,4.891196e+00,5.117148e+00,4.600205e+00,4.891741e+00,5.140798e+00,5.060079e+00,4.840333e+00,4.760800e+00,4.690077e+00,4.889529e+00,4.542001e+00,4.862707e+00,5.017199e+00,4.795548e+00,4.837453e+00,4.823166e+00,4.785138e+00,4.794119e+00,5.017063e+00,4.653292e+00,4.720757e+00,4.985447e+00,4.607275e+00,4.556545e+00,4.839878e+00,4.913651e+00,5.145714e+00,4.749387e+00,4.832350e+00,4.630725e+00,5.062115e+00,4.983743e+00,4.583031e+00,5.009435e+00,4.208892e+00,4.752345e+00,5.120470e+00,4.736612e+00,3.113358e+00,2.669240e+00,4.666134e+00,3.725190e+00,3.175200e+00,4.564433e+00,4.891974e+00,4.829756e+00,4.795555e+00,4.835026e+00,4.606292e+00,4.141773e+00,4.744771e+00,4.886060e+00,4.151345e+00,4.766466e+00,4.994598e+00,4.961810e+00,4.717466e+00,4.807024e+00,5.015148e+00,4.951329e+00,5.016330e+00,4.845127e+00,4.868000e+00,4.898963e+00,4.795959e+00,4.782169e+00,4.706308e+00,5.033123e+00,4.976716e+00,4.785446e+00,4.585731e+00,4.951459e+00,4.876565e+00,4.952295e+00,4.581678e+00,5.074233e+00,5.121853e+00,4.956694e+00,4.636202e+00,5.084739e+00,4.800695e+00,4.932025e+00,5.071251e+00,4.866304e+00,4.758835e+00,4.980975e+00,4.950699e+00,4.777394e+00,4.964672e+00,4.887312e+00,4.864499e+00,4.696739e+00,4.773228e+00,4.942806e+00,4.949150e+00,4.911364e+00,4.894733e+00,4.380878e+00,4.796129e+00,4.828169e+00,4.926335e+00,5.024836e+00,5.039581e+00,4.808579e+00,4.663709e+00,4.945288e+00,4.999516e+00,4.715890e+00,4.948845e+00,5.005281e+00,4.909333e+00,5.056323e+00,4.335996e+00,4.875650e+00,4.833063e+00,4.929471e+00,5.017451e+00,4.570651e+00,4.830213e+00,4.917384e+00,4.827023e+00,5.035677e+00,4.794713e+00,4.950129e+00,5.058934e+00,4.966092e+00
4.833167e+00,4.943343e+00,4.914854e+00,4.367624e+00,4.627000e+00,4.480424e+00,4.905476e+00,4.886894e+00,4.820232e+00,4.753026e+00,5.025726e+00,4.709050e+00,4.773891e+00,4.726382e+00,4.863903e+00,4.884012e+00,4.955832e+00,4.960825e+00,4.152045e+00,4.847177e+00,4.651555e+00,4.795310e+00,4.882615e+00,4.650583e+00,4.824137e+00,4.733107e+00,4.966333e+00,4.883002e+00,4.790205e+00,4.758626e+00,4.921294e+00,4.918634e+00,4.543597e+00,4.969132e+00,4.975111e+00,5.103223e+00,4.562920e+00,4.855227e+00,4.770909e+00,5.021341e+00,4.942474e+00,5.077264e+00,4.834560e+00,5.054208e+00,4.941828e+00,4.694244e+00,4.776941e+00,4.892950e+00,4.948330e+00,4.756667e+00,5.196815e+00,4.958276e+00,4.983024e+00,4.935605e+00,4.856799e+00,4.931751e+00,4.794427e+00,4.871705e+00,4.919248e+00,4.845159e+00,4.845252e+00,4.871558e+00,4.974170e+00,4.691909e+00,4.947361e+00,5.067066e+00,4.799853e+00,4.959337e+00,4.707725e+00,4.755763e+00,5.035512e+00,4.947827e+00,4.725969e+00,4.893331e+00,5.016900e+00,4.962324e+00,4.787681e+00,5.088480e+00,4.749662e+00,4.859174e+00,4.783524e+00,4.841197e+00,4.438819e+00,4.844311e+00,4.636723e+00,4.323345e+00,4.733928e+00,3.039086e+00,4.678478e+00,4.076659e+00,4.684606e+00,4.924708e+00,4.969452e+00,4.769763e+00,4.973286e+00,5.071000e+00,4.930346e+00,5.033863e+00,4.878081e+00,4.863460e+00,5.119996e+00,4.691490e+00,4.995948e+00,4.645788e+00,4.972285e+00,4.364791e+00,5.033079e+00,4.814845e+00,4.933378e+00,5.181749e+00,4.970926e+00,4.633385e+00,4.985097e+00,4.551088e+00,4.852317e+00,5.011474e+00,4.756269e+00,5.061826e+00,4.913466e+00,4.756250e+00,4.967718e+00,4.850310e+00,4.739015e+00,4.425430e+00,4.799198e+00,3.422112e+00,4.030269e+00,4.653855e+00,4.932883e+00,3.269091e+00,4.454554e+00,4.612214e+00,5.179947e+00,4.722312e+00,5.189698e+00,5.296415e+00,4.939278e+00,4.658755e+00,4.775338e+00,4.799492e+00,5.082341e+00,4.704616e+00,4.909920e+00,4.628961e+00,4.867677e+00,4.681547e+00,4.953767e+00,4.988045e+00,4.991210e+00,4.927076e+00,4.908358e+00,4.995313e+00,4.916507e+00,5.128466e+00,4.901280e+00,4.865014e+00,4.674606e+00,4.828479e+00,4.930300e+00,4.874238e+00,4.448561e+00,4.980030e+00,4.771672e+00,4.894220e+00,4.593483e+00,4.876691e+00,4.720419e+00,4.810316e+00,4.920655e+00,4.899014e+00,4.478607e+00,4.913544e+00,5.065342e+00,4.796721e+00,5.199252e+00,4.784601e+00,4.365461e+00,4.874825e+00,5.103743e+00,5.017758e+00,4.407038e+00,5.062994e+00,4.759993e+00,4.936121e+00,4.979211e+00,4.932929e+00,4.916191e+00,4.471911e+00,4.431369e+00,5.106951e+00,4.630907e+00,5.052082e+00,4.672785e+00,4.955428e+00,5.002129e+00,4.875626e+00,4.668837e+00,4.677588e+00,4.790103e+00,4.950123e+00,4.892951e+00,4.999579e+00,4.453635e+00,4.731996e+00,4.896297e+00,4.598700e+00,4.528541e+00,4.730204e+00,4.939470e+00,4.993857e+00,4.855604e+00,4.855194e+00,4.818277e+00,4.551757e+00,4.945521e+00
4.897690e+00,4.527523e+00,4.930718e+00,4.916510e+00,4.873959e+00,4.885808e+00,4.777286e+00,4.925026e+00,4.802925e+00,5.182342e+00,4.923833e+00,4.813587e+00,4.829096e+00,4.894034e+00,4.925392e+00,4.854479e+00,5.115940e+00,4.786958e+00,4.951005e+00,4.892945e+00,4.916652e+00,5.052345e+00,5.064415e+00,4.954231e+00,4.660368e+00,4.924743e+00,4.834566e+00,4.832959e+00,4.740338e+00,4.793387e+00,4.594361e+00,4.877779e+00,4.989336e+00,4.721770e+00,4.971519e+00,4.788676e+00,4.807541e+00,5.084870e+00,4.947860e+00,4.579338e+00,5.043473e+00,4.967875e+00,5.027473e+00,4.974558e+00,4.841690e+00,5.011687e+00,4.921479e+00,5.146893e+00,4.931790e+00,5.064523e+00,4.942623e+00,4.405989e+00,5.006561e+00,4.736166e+00,5.000329e+00,4.827860e+00,4.137407e+00,5.092804e+00,4.869571e+00,4.876378e+00,4.945537e+00,5.040086e+00,4.738997e+00,4.727713e+00,4.999902e+00,4.830015e+00,4.854411e+00,4.542582e+00,4.638008e+00,4.941853e+00,4.944045e+00,4.938088e+00,5.024815e+00,4.687678e+00,5.001119e+00,4.935412e+00,5.029606e+00,4.270330e+00,4.511484e+00,4.034159e+00,4.962119e+00,5.070470e+00,5.057865e+00,5.034872e+00,5.084753e+00,4.739213e+00,4.746863e+00,4.412770e+00,5.151253e+00,4.632054e+00,4.870410e+00,4.644662e+00,3.554044e+00,2.864459e+00,4.499030e+00,4.946587e+00,5.059165e+00,5.084392e+00,4.677718e+00,5.051314e+00,4.746749e+00,5.008667e+00,4.829982e+00,4.580918e+00,4.884965e+00,5.089077e+00,4.837964e+00,5.079950e+00,4.826730e+00,5.027869e+00,4.799724e+00,4.829371e+00,4.896953e+00,4.907846e+00,4.998058e+00,4.474153e+00,3.666639e+00,4.825884e+00,4.846759e+00,4.333136e+00,4.125834e+00,4.959869e+00,4.854797e+00,4.765083e+00,2.831090e+00,4.506489e+00,4.438918e+00,5.146779e+00,4.693174e+00,4.983624e+00,4.966531e+00,4.540406e+00,4.199346e+00,5.062227e+00,4.981693e+00,4.810075e+00,4.627877e+00,4.835158e+00,4.908843e+00,4.955991e+00,4.865108e+00,4.733133e+00,4.910158e+00,4.816140e+00,5.019442e+00,4.735973e+00,5.019843e+00,5.103452e+00,4.893781e+00,4.662654e+00,4.481525e+00,5.134451e+00,5.043750e+00,4.926236e+00,5.045625e+00,4.994167e+00,4.892790e+00,5.215998e+00,4.485642e+00,4.874481e+00,5.032227e+00,4.760525e+00,4.823795e+00,4.725475e+00,4.944248e+00,4.736675e+00,4.694731e+00,4.887634e+00,4.797941e+00,4.748507e+00,5.115298e+00,5.059195e+00,4.952934e+00,4.987971e+00,4.795040e+00,5.062988e+00,4.685509e+00,5.047374e+00,4.466381e+00,4.652536e+00,4.843390e+00,5.001135e+00,5.018123e+00,4.962268e+00,4.681428e+00,4.777704e+00,4.530597e+00,4.889180e+00,4.789268e+00,4.854578e+00,4.778010e+00,4.963753e+00,4.929664e+00,4.777607e+00,4.697459e+00,4.838670e+00,4.631323e+00,5.117424e+00,4.574373e+00,4.849245e+00,4.415835e+00,4.914335e+00,4.815759e+00,5.054413e+00,4.874959e+00,4.868599e+00,4.906952e+00,4.824045e+00,5.024718e+00,4.837871e+00,5.042755e+00,4.697650e+00,4.734287e+00,4.811199e+00,4.948431e+00
4.791671e+00,4.969212e+00,4.892462e+00,4.809256e+00,4.943374e+00,4.852818e+00,4.676908e+00,4.820049e+00,4.681788e+00,4.537381e+00,4.880611e+00,4.960963e+00,4.908831e+00,4.507112e+00,4.780498e+00,5.028986e+00,4.861740e+00,4.776773e+00,4.910856e+00,4.817107e+00,4.804445e+00,4.832451e+00,5.013109e+00,4.920276e+00,4.795017e+00,4.974308e+00,4.597259e+00,4.676342e+00,4.585496e+00,4.682363e+00,4.343737e+00,5.025778e+00,4.753545e+00,4.818988e+00,4.675600e+00,4.834820e+00,4.508114e+00,4.657806e+00,4.910597e+00,4.857287e+00,4.998488e+00,4.717394e+00,4.976370e+00,4.866709e+00,4.881206e+00,5.066274e+00,4.868888e+00,5.123815e+00,5.014129e+00,4.969661e+00,5.148211e+00,4.767782e+00,4.746998e+00,5.002369e+00,4.959042e+00,4.596853e+00,4.904254e+00,4.503781e+00,4.967264e+00,4.861680e+00,4.845459e+00,5.033531e+00,4.825858e+00,4.641239e+00,4.779475e+00,4.887864e+00,4.677716e+00,5.031745e+00,4.754281e+00,4.895459e+00,4.859446e+00,5.076973e+00,4.933665e+00,4.832185e+00,4.662619e+00,4.427126e+00,4.892839e+00,5.070708e+00,5.082144e+00,4.817290e+00,4.756632e+00,4.812614e+00,5.075659e+00,5.092106e+00,4.869277e+00,4.850109e+00,4.829796e+00,5.002310e+00,5.055333e+00,5.052871e+00,5.196798e+00,4.875914e+00,4.545386e+00,5.090927e+00,3.938432e+00,4.594786e+00,4.837321e+00,4.655969e+00,4.408872e+00,4.494333e+00,4.659690e+00,4.327099e+00,3.640635e+00,4.794313e+00,3.788828e+00,3.077821e+00,3.994648e+00,4.850429e+00,4.914150e+00,4.314153e+00,4.924939e+00,4.997355e+00,4.029850e+00,4.858089e+00,4.341523e+00,4.557091e+00,4.834533e+00,4.998917e+00,5.073788e+00,5.065038e+00,4.430630e+00,4.898618e+00,4.745163e+00,4.935092e+00,4.997991e+00,4.737207e+00,4.667153e+00,5.072202e+00,4.832704e+00,3.266262e+00,4.769941e+00,4.818223e+00,4.728575e+00,4.423287e+00,4.956279e+00,4.765244e+00,4.791332e+00,4.933497e+00,5.022997e+00,4.794067e+00,4.770164e+00,4.904674e+00,4.802093e+00,4.959142e+00,4.816655e+00,4.701382e+00,4.114916e+00,5.007812e+00,4.773307e+00,4.974504e+00,4.656544e+00,5.038445e+00,4.721345e+00,4.908721e+00,4.827289e+00,4.934981e+00,4.410715e+00,4.983189e+00,4.974943e+00,4.758724e+00,4.896074e+00,4.828613e+00,5.002291e+00,4.637040e+00,4.896949e+00,4.647970e+00,4.930935e+00,4.738816e+00,4.487863e+00,4.880514e+00,5.088530e+00,4.831080e+00,4.699064e+00,4.905067e+00,4.501775e+00,4.792392e+00,4.961762e+00,4.712983e+00,4.590978e+00,4.994105e+00,4.508544e+00,4.319117e+00,4.973407e+00,4.541497e+00,4.815882e+00,4.498574e+00,4.733719e+00,4.816550e+00,4.882647e+00,4.572028e+00,4.705622e+00,4.894365e+00,5.103806e+00,4.454618e+00,4.871479e+00,4.896458e+00,4.974788e+00,4.739539e+00,4.811335e+00,4.765706e+00,4.905234e+00,4.853939e+00,4.859877e+00,4.458295e+00,4.810180e+00,4.797459e+00,4.900330e+00,4.761918e+00,4.775796e+00,4.940250e+00,4.869653e+00,4.902104e+00,4.914163e+00,4.755031e+00,4.756418e+00
4.908374e+00,4.949730e+00,4.610304e+00,4.911445e+00,4.875372e+00,4.903444e+00,4.799123e+00,4.937086e+00,4.488441e+00,4.936707e+00,4.826587e+00,4.826825e+00,4.934058e+00,5.042556e+00,4.857880e+00,4.726841e+00,4.863391e+00,4.683237e+00,4.963681e+00,4.768567e+00,4.867764e+00,4.523685e+00,4.466923e+00,5.012349e+00,4.923558e+00,5.067693e+00,4.624290e+00,5.018135e+00,4.895685e+00,4.891371e+00,5.035941e+00,4.803360e+00,4.421439e+00,4.434387e+00,4.803815e+00,5.024250e+00,5.038437e+00,4.861359e+00,4.956743e+00,5.076095e+00,5.065788e+00,4.774841e+00,4.754742e+00,4.933605e+00,4.894184e+00,4.994122e+00,4.787479e+00,4.608395e+00,4.939585e+00,4.855175e+00,4.638456e+00,4.799439e+00,4.753978e+00,4.658043e+00,4.982965e+00,4.786627e+00,5.027187e+00,4.861037e+00,4.912392e+00,4.920781e+00,4.495560e+00,5.070534e+00,4.505297e+00,5.018187e+00,4.925875e+00,4.771459e+00,5.004669e+00,4.816976e+00,4.390242e+00,4.902756e+00,4.789659e+00,4.784010e+00,5.069285e+00,4.877218e+00,4.468257e+00,5.014739e+00,4.774163e+00,4.924558e+00,4.896240e+00,4.989312e+00,4.660830e+00,4.540490e+00,5.071244e+00,4.467198e+00,4.692428e+00,4.988280e+00,4.962395e+00,4.029434e+00,2.955570e+00,4.845281e+00,4.882174e+00,4.951104e+00,4.689774e+00,4.873646e+00,5.032183e+00,4.949628e+00,5.022769e+00,4.848666e+00,4.410841e+00,4.947495e+00,4.708235e+00,4.852711e+00,4.667155e+00,4.778843e+00,4.716373e+00,4.869730e+00,4.484229e+00,4.089830e+00,4.897109e+00,4.935190e+00,4.871169e+00,4.811098e+00,4.620305e+00,4.854648e+00,4.996148e+00,5.081384e+00,4.822637e+00,4.830231e+00,4.829304e+00,4.885477e+00,4.706821e+00,4.829191e+00,5.022326e+00,4.125644e+00,4.807504e+00,5.153298e+00,5.101355e+00,4.621739e+00,5.025392e+00,4.888930e+00,4.695424e+00,5.033343e+00,4.958614e+00,4.847095e+00,4.805679e+00,4.729313e+00,4.523622e+00,4.988666e+00,4.756864e+00,4.969428e+00,4.923996e+00,4.692217e+00,4.801698e+00,5.074131e+00,4.538694e+00,4.980726e+00,4.782083e+00,4.444271e+00,4.923375e+00,5.045916e+00,4.958063e+00,4.945924e+00,4.981268e+00,3.783776e+00,4.684905e+00,5.091185e+00,4.948690e+00,4.573981e+00,5.133603e+00,4.987315e+00,4.950495e+00,4.973244e+00,5.151801e+00,4.807952e+00,5.007272e+00,4.816560e+00,4.630714e+00,5.090596e+00,4.876979e+00,4.931323e+00,4.857758e+00,4.335354e+00,4.744039e+00,4.908992e+00,4.786877e+00,4.370934e+00,4.918354e+00,4.834205e+00,4.680904e+00,4.771672e+00,4.995858e+00,4.885301e+00,5.057504e+00,4.756355e+00,4.966951e+00,5.067519e+00,4.943636e+00,5.059387e+00,4.886486e+00,4.921765e+00,4.931926e+00,5.076869e+00,4.838898e+00,4.494589e+00,4.434999e+00,4.816033e+00,5.023459e+00,5.125510e+00,4.600575e+00,4.905935e+00,4.539486e+00,4.759492e+00,5.021876e+00,4.779170e+00,4.893749e+00,4.850363e+00,4.980815e+00,4.715312e+00,5.045923e+00,4.625248e+00,4.909631e+00,4.894583e+00,4.883657e+00,4.813960e+00,4.812270e+00
4.870709e+00,4.878732e+00,4.697884e+00,4.823146e+00,4.902310e+00,4.261773e+00,4.912236e+00,5.058226e+00,4.901036e+00,4.739617e+00,4.994633e+00,5.023673e+00,4.569104e+00,4.771980e+00,4.755268e+00,4.769716e+00,4.555373e+00,4.832290e+00,4.920223e+00,4.624448e+00,4.883549e+00,4.815360e+00,4.533320e+00,4.321628e+00,5.054893e+00,4.610089e+00,5.034339e+00,4.566736e+00,4.857254e+00,5.063983e+00,4.751787e+00,4.612997e+00,4.980251e+00,4.421367e+00,4.788111e+00,5.055918e+00,5.061439e+00,5.018686e+00,4.882594e+00,4.971325e+00,4.947236e+00,4.893226e+00,4.940743e+00,5.038546e+00,4.620809e+00,4.476572e+00,4.884739e+00,4.846740e+00,4.721472e+00,4.948103e+00,4.537623e+00,5.025910e+00,4.768096e+00,4.865251e+00,5.076013e+00,4.828865e+00,4.785275e+00,5.016386e+00,4.911889e+00,4.733924e+00,4.790024e+00,4.941220e+00,4.876262e+00,4.743297e+00,4.943330e+00,4.921865e+00,4.751252e+00,4.964634e+00,4.806423e+00,4.934991e+00,4.904917e+00,4.697483e+00,4.908007e+00,4.961942e+00,4.836608e+00,4.652127e+00,4.632442e+00,4.837229e+00,4.851505e+00,4.758735e+00,4.919768e+00,4.898882e+00,5.022753e+00,4.697416e+00,4.953021e+00,4.972131e+00,4.858116e+00,4.978752e+00,4.901713e+00,4.681204e+00,4.905685e+00,5.006801e+00,4.821410e+00,4.947008e+00,4.513995e+00,4.905786e+00,4.688010e+00,4.454992e+00,4.772180e+00,4.774525e+00,4.895492e+00,4.876815e+00,4.841738e+00,4.663973e+00,5.082454e+00,4.722090e+00,4.510983e+00,4.988273e+00,4.908926e+00,5.151954e+00,4.576805e+00,4.839857e+00,4.976900e+00,4.837320e+00,4.974220e+00,4.739343e+00,4.980800e+00,5.106494e+00,4.704916e+00,5.018943e+00,4.831109e+00,4.765902e+00,4.883555e+00,4.679297e+00,4.562615e+00,5.044168e+00,4.948194e+00,4.701271e+00,4.988477e+00,4.849908e+00,5.045660e+00,4.585388e+00,4.947548e+00,4.730253e+00,4.923998e+00,4.720541e+00,4.927494e+00,4.720990e+00,4.735780e+00,4.972874e+00,5.071835e+00,4.618207e+00,4.800965e+00,4.917539e+00,4.961253e+00,4.884142e+00,4.689158e+00,4.663069e+00,4.797208e+00,4.769323e+00,4.908434e+00,4.802707e+00,4.172321e+00,5.225632e+00,4.986715e+00,4.967089e+00,4.953547e+00,4.871560e+00,4.606827e+00,4.850107e+00,5.041661e+00,5.061970e+00,4.895733e+00,4.706220e+00,4.829016e+00,4.735095e+00,4.734257e+00,4.930391e+00,4.799987e+00,5.000772e+00,4.729860e+00,4.913632e+00,4.959491e+00,5.084214e+00,4.733956e+00,4.528393e+00,4.960876e+00,4.651273e+00,4.966790e+00,4.990460e+00,5.029460e+00,5.065196e+00,4.456464e+00,4.873913e+00,4.935924e+00,4.809051e+00,4.636989e+00,4.762820e+00,4.644616e+00,4.119535e+00,5.032149e+00,4.744379e+00,4.752831e+00,4.838285e+00,4.891973e+00,4.679954e+00,4.973365e+00,4.422347e+00,4.750635e+00,4.653507e+00,4.431251e+00,4.931112e+00,4.965228e+00,4.814498e+00,4.849260e+00,4.923989e+00,4.800827e+00,5.040656e+00,4.721204e+00,4.620974e+00,4.859868e+00,4.859713e+00,5.087384e+00,4.963512e+00,4.702039e+00
4.789232e+00,4.907372e+00,4.704526e+00,5.087866e+00,4.609281e+00,4.246810e+00,4.875773e+00,4.911507e+00,4.874502e+00,4.691151e+00,4.672575e+00,4.752524e+00,4.883407e+00,4.660446e+00,4.468865e+00,4.695906e+00,4.987017e+00,4.452972e+00,5.065366e+00,4.725533e+00,4.914753e+00,4.761664e+00,4.709269e+00,4.907557e+00,4.906529e+00,5.108027e+00,4.971064e+00,4.924161e+00,4.815058e+00,4.586247e+00,4.624850e+00,4.748111e+00,4.849451e+00,5.006918e+00,4.737447e+00,5.008754e+00,4.851377e+00,4.815456e+00,4.848741e+00,4.793632e+00,4.995341e+00,4.949873e+00,4.293002e+00,4.847797e+00,4.944398e+00,4.556876e+00,4.956263e+00,5.000456e+00,4.650513e+00,4.492511e+00,4.793071e+00,5.022582e+00,4.346752e+00,4.462934e+00,4.857443e+00,5.037862e+00,4.481242e+00,4.817731e+00,4.689578e+00,4.795013e+00,4.730396e+00,4.939374e+00,4.802563e+00,4.603101e+00,4.880930e+00,4.980228e+00,4.894263e+00,4.636345e+00,4.713186e+00,4.923653e+00,4.844451e+00,5.063095e+00,4.277663e+00,4.689315e+00,4.867165e+00,4.996952e+00,5.009414e+00,5.036658e+00,4.756497e+00,4.518165e+00,4.950001e+00,4.327640e+00,4.843567e+00,4.965507e+00,4.948331e+00,4.650979e+00,4.931885e+00,4.924002e+00,5.028264e+00,4.733145e+00,4.993123e+00,4.898346e+00,4.821409e+00,4.878217e+00,4.964371e+00,4.826817e+00,4.869668e+00,4.940866e+00,4.877942e+00,4.965444e+00,5.061970e+00,4.990869e+00,4.900303e+00,5.030290e+00,5.143477e+00,5.059300e+00,4.936499e+00,4.865913e+00,5.060305e+00,5.111095e+00,4.788323e+00,4.829024e+00,4.741003e+00,5.088710e+00,4.711384e+00,4.786479e+00,4.974214e+00,4.974066e+00,4.864223e+00,4.956148e+00,4.652885e+00,4.917614e+00,4.752754e+00,4.880278e+00,4.750934e+00,4.825145e+00,4.867481e+00,4.993286e+00,5.012868e+00,4.654154e+00,4.959984e+00,4.298745e+00,4.839741e+00,4.851402e+00,4.927437e+00,4.941898e+00,4.905485e+00,5.044519e+00,5.013241e+00,5.126569e+00,4.830028e+00,5.022558e+00,4.906823e+00,5.029778e+00,4.331018e+00,4.842247e+00,4.555671e+00,4.734551e+00,4.754073e+00,4.899982e+00,5.034002e+00,4.943060e+00,4.740733e+00,4.734150e+00,5.013649e+00,4.924395e+00,4.900019e+00,4.984750e+00,4.921126e+00,4.864403e+00,5.132529e+00,4.811468e+00,4.827286e+00,4.901048e+00,4.696719e+00,4.803848e+00,4.991777e+00,4.829648e+00,4.936290e+00,4.811706e+00,4.900631e+00,4.750562e+00,5.057706e+00,4.817381e+00,4.938275e+00,4.909427e+00,4.769024e+00,4.764545e+00,4.909230e+00,5.006401e+00,4.862589e+00,5.010706e+00,4.558612e+00,4.729479e+00,4.563594e+00,5.036459e+00,5.195728e+00,4.806456e+00,4.824821e+00,4.911138e+00,4.779297e+00,4.856606e+00,4.602251e+00,4.837301e+00,4.722492e+00,4.412247e+00,4.897690e+00,5.015558e+00,4.948225e+00,4.835631e+00,4.804595e+00,4.790106e+00,5.133442e+00,4.510318e+00,5.024535e+00,4.978245e+00,4.874707e+00,4.806250e+00,4.941316e+00,4.782485e+00,5.054683e+00,4.681433e+00,4.870515e+00,4.795012e+00,4.924375e+00
