4.738872e+00,4.351873e+00,4.812141e+00,4.852415e+00,4.917804e+00,4.694418e+00,4.986147e+00,4.969046e+00,4.591599e+00,4.894118e+00,4.771332e+00,4.990650e+00,4.741445e+00,4.845767e+00,4.541882e+00,4.926847e+00,4.714031e+00,4.805232e+00,4.741901e+00,4.685144e+00,4.782260e+00,4.901188e+00,4.791828e+00,4.754566e+00,4.991276e+00,4.951847e+00,4.781066e+00,4.766585e+00,4.578145e+00,4.661452e+00,4.920205e+00,4.657150e+00,4.632539e+00,4.712148e+00,4.431281e+00,4.600491e+00,4.945330e+00,4.813747e+00,4.693630e+00,4.538858e+00,4.715896e+00,4.757637e+00,4.098351e+00,4.758358e+00,4.730198e+00,4.326750e+00,4.453253e+00,4.579044e+00,4.774381e+00,4.791948e+00,4.428770e+00,4.784642e+00,4.805135e+00,4.489196e+00,4.727286e+00,4.590664e+00,4.468857e+00,4.240340e+00,4.948887e+00,4.933259e+00,4.952149e+00,4.580317e+00,4.842343e+00,4.852733e+00,4.851658e+00,4.822694e+00,4.590371e+00,4.611046e+00,4.927525e+00,4.691641e+00,4.606780e+00,4.927140e+00,4.227560e+00,4.720655e+00,4.783071e+00,4.345681e+00,4.738434e+00,4.958725e+00,4.962166e+00,4.585748e+00,4.887006e+00,4.690390e+00,4.884704e+00,4.668334e+00,4.349182e+00,3.991684e+00,4.657278e+00,4.805841e+00,4.348756e+00,4.779855e+00,4.889763e+00,4.708318e+00,4.716568e+00,4.979459e+00,4.424098e+00,4.784743e+00,4.945728e+00,4.871002e+00,4.628889e+00,4.511327e+00,4.764418e+00,5.122163e+00,4.961262e+00,4.777108e+00,4.619438e+00,4.475383e+00,4.920107e+00,4.790550e+00
4.732271e+00,4.505380e+00,4.771005e+00,4.649580e+00,4.762510e+00,4.802240e+00,4.658980e+00,4.710944e+00,4.866042e+00,4.503752e+00,4.831561e+00,4.790512e+00,4.617078e+00,4.773158e+00,4.946286e+00,5.006307e+00,4.585938e+00,4.725415e+00,4.579788e+00,4.891122e+00,4.632632e+00,4.691424e+00,4.798529e+00,4.590001e+00,4.524206e+00,4.831887e+00,4.775780e+00,4.828660e+00,4.802494e+00,4.395507e+00,4.648475e+00,4.895989e+00,4.396449e+00,4.915225e+00,4.653015e+00,4.886067e+00,4.535297e+00,4.699749e+00,4.713315e+00,5.021494e+00,4.655823e+00,4.876243e+00,4.603217e+00,4.834185e+00,4.635045e+00,4.433865e+00,4.649665e+00,5.000677e+00,4.909151e+00,4.777255e+00,3.549051e+00,4.837208e+00,4.703880e+00,4.648432e+00,4.781029e+00,4.604945e+00,4.805511e+00,4.735028e+00,4.615776e+00,4.851027e+00,4.275990e+00,4.960096e+00,4.661300e+00,4.637804e+00,4.806713e+00,4.467553e+00,4.929769e+00,4.638808e+00,4.641828e+00,4.820491e+00,4.743693e+00,4.708605e+00,4.840320e+00,4.886049e+00,4.895726e+00,4.278484e+00,4.895300e+00,4.605282e+00,4.859285e+00,4.511937e+00,4.682019e+00,4.859672e+00,4.876458e+00,4.800440e+00,4.956407e+00,4.842664e+00,4.442471e+00,4.942710e+00,4.698240e+00,4.939717e+00,4.648005e+00,4.898813e+00,4.483767e+00,4.844913e+00,4.776813e+00,4.878741e+00,4.967080e+00,4.333732e+00,4.978439e+00,4.569365e+00,4.795859e+00,4.795885e+00,4.799484e+00,4.762876e+00,4.681753e+00,4.392659e+00,4.777655e+00,5.013977e+00
4.773337e+00,4.752780e+00,4.895904e+00,4.804286e+00,4.692231e+00,4.752024e+00,4.510150e+00,4.594859e+00,4.879566e+00,4.904494e+00,4.745248e+00,4.543745e+00,4.987186e+00,4.416506e+00,4.756258e+00,4.713073e+00,4.624177e+00,4.810402e+00,4.778895e+00,4.709310e+00,4.421823e+00,4.922074e+00,4.824653e+00,4.486364e+00,4.876146e+00,4.735458e+00,4.929176e+00,4.829386e+00,4.349700e+00,4.825272e+00,4.685809e+00,4.791636e+00,4.657260e+00,4.825841e+00,4.655852e+00,4.894652e+00,4.748073e+00,4.127666e+00,4.910270e+00,4.552481e+00,4.840484e+00,4.855095e+00,4.819979e+00,4.823294e+00,4.589431e+00,4.852618e+00,4.722951e+00,4.589712e+00,4.345478e+00,4.686369e+00,4.956515e+00,4.614328e+00,4.795730e+00,4.636855e+00,4.820758e+00,4.079521e+00,4.960101e+00,4.394435e+00,4.615336e+00,4.776369e+00,4.900495e+00,4.749794e+00,4.647500e+00,4.789393e+00,4.946311e+00,4.838341e+00,4.803651e+00,4.851676e+00,4.210291e+00,5.099730e+00,4.704666e+00,4.923858e+00,4.983646e+00,4.744787e+00,4.783654e+00,4.866363e+00,4.699374e+00,4.780089e+00,4.566827e+00,4.566388e+00,4.465897e+00,4.076115e+00,5.017913e+00,4.671225e+00,4.512414e+00,4.821094e+00,4.955840e+00,4.863477e+00,4.642000e+00,4.925620e+00,4.620057e+00,4.752138e+00,4.755050e+00,4.711136e+00,4.725487e+00,4.883106e+00,4.290973e+00,4.538030e+00,4.986583e+00,4.734554e+00,4.615329e+00,4.846611e+00,4.827200e+00,4.922197e+00,4.801121e+00,4.846785e+00,4.546337e+00,4.843841e+00
4.934604e+00,4.730906e+00,4.602972e+00,4.916147e+00,4.566083e+00,4.599225e+00,4.609805e+00,4.754529e+00,4.648038e+00,4.447633e+00,4.877242e+00,4.689154e+00,4.738591e+00,4.812983e+00,4.394840e+00,4.744454e+00,4.954587e+00,4.742423e+00,4.469395e+00,4.465367e+00,4.671934e+00,4.825628e+00,4.501033e+00,4.854519e+00,4.766197e+00,4.803331e+00,4.815290e+00,4.797014e+00,4.502512e+00,4.695310e+00,4.811788e+00,4.718670e+00,4.886822e+00,4.925108e+00,4.593213e+00,4.488647e+00,4.857119e+00,4.655902e+00,4.857714e+00,4.962234e+00,4.675551e+00,4.892965e+00,4.863683e+00,4.656591e+00,4.774688e+00,4.338659e+00,4.830166e+00,4.716144e+00,4.329545e+00,4.729492e+00,4.675250e+00,4.608004e+00,4.728745e+00,4.795203e+00,4.858941e+00,4.372989e+00,4.966404e+00,4.602106e+00,4.688844e+00,4.469387e+00,4.582809e+00,4.730469e+00,4.833431e+00,4.485168e+00,4.315487e+00,4.838608e+00,4.687952e+00,4.462003e+00,4.852643e+00,4.508129e+00,4.719661e+00,4.345735e+00,4.766844e+00,4.851967e+00,4.624438e+00,4.979960e+00,4.767285e+00,4.605695e+00,4.926779e+00,4.945699e+00,4.917842e+00,4.690405e+00,4.582963e+00,4.721269e+00,4.837655e+00,4.902397e+00,4.702185e+00,4.732589e+00,4.833176e+00,4.952151e+00,4.775347e+00,4.914475e+00,4.462027e+00,4.579002e+00,5.013670e+00,4.849689e+00,4.780929e+00,4.542880e+00,4.686314e+00,4.792008e+00,4.696366e+00,4.635153e+00,4.853673e+00,4.996133e+00,4.591480e+00,4.811123e+00,4.883190e+00,4.969270e+00
4.390670e+00,4.864509e+00,4.925501e+00,4.636958e+00,4.674520e+00,4.963868e+00,5.038846e+00,4.976999e+00,4.926370e+00,3.935755e+00,4.931275e+00,4.752287e+00,4.954097e+00,4.955342e+00,4.638950e+00,4.577495e+00,4.744587e+00,4.332577e+00,4.929680e+00,4.948648e+00,4.747481e+00,4.846096e+00,4.585936e+00,4.719392e+00,4.607294e+00,4.824391e+00,4.633425e+00,4.855374e+00,4.649404e+00,4.867814e+00,4.922450e+00,4.735828e+00,4.545001e+00,4.746232e+00,4.669400e+00,4.872398e+00,4.892551e+00,4.709489e+00,4.913301e+00,4.762354e+00,4.925783e+00,4.686715e+00,4.904883e+00,4.469919e+00,4.491998e+00,4.602783e+00,4.957998e+00,4.857136e+00,4.655444e+00,4.607850e+00,4.833190e+00,4.795021e+00,5.006170e+00,4.719709e+00,4.519230e+00,4.834858e+00,4.786717e+00,4.916936e+00,4.788979e+00,4.890797e+00,4.747985e+00,4.640821e+00,4.720986e+00,4.490181e+00,4.943816e+00,4.523336e+00,4.777195e+00,4.484798e+00,4.913212e+00,4.880017e+00,4.871659e+00,4.808597e+00,4.854612e+00,4.979922e+00,4.845227e+00,4.985487e+00,4.802631e+00,4.812984e+00,4.810257e+00,4.701552e+00,4.625788e+00,4.954821e+00,4.984532e+00,4.801197e+00,4.793884e+00,4.973413e+00,4.953607e+00,4.768384e+00,4.480803e+00,4.799304e+00,4.710574e+00,4.738280e+00,4.626215e+00,4.383791e+00,4.465266e+00,4.721023e+00,4.608572e+00,4.888106e+00,4.767458e+00,4.882765e+00,4.735602e+00,4.644285e+00,4.742444e+00,4.753823e+00,4.828508e+00,4.731320e+00,4.835224e+00,4.799848e+00
4.631068e+00,4.921177e+00,4.916504e+00,4.881260e+00,4.698986e+00,4.742748e+00,4.789522e+00,4.761310e+00,4.737019e+00,4.534839e+00,4.778510e+00,4.837368e+00,4.732347e+00,4.904871e+00,4.660415e+00,4.281854e+00,4.924549e+00,4.804139e+00,4.261645e+00,4.707342e+00,4.955602e+00,4.819574e+00,4.601425e+00,5.049908e+00,4.888132e+00,4.923659e+00,4.511099e+00,4.878061e+00,4.779905e+00,4.617188e+00,4.826012e+00,4.726416e+00,4.925627e+00,4.656799e+00,4.857998e+00,4.872391e+00,4.828793e+00,4.841441e+00,4.564568e+00,4.611455e+00,4.982731e+00,4.981293e+00,4.978600e+00,4.480026e+00,4.764089e+00,4.851393e+00,3.880028e+00,4.821855e+00,5.011478e+00,4.852003e+00,4.353550e+00,4.840438e+00,4.503715e+00,4.724936e+00,4.869052e+00,4.653420e+00,4.646001e+00,4.859026e+00,4.731824e+00,4.176255e+00,4.729391e+00,4.803695e+00,4.856932e+00,4.909447e+00,4.966069e+00,3.923586e+00,4.598825e+00,4.806189e+00,4.566970e+00,4.728457e+00,4.902396e+00,4.753259e+00,4.915471e+00,4.906803e+00,4.663859e+00,4.584243e+00,4.897067e+00,4.691510e+00,4.651927e+00,4.964342e+00,4.761059e+00,4.604992e+00,4.747188e+00,4.525551e+00,4.557796e+00,4.934962e+00,4.617279e+00,4.885910e+00,4.842170e+00,4.967142e+00,4.961273e+00,4.789876e+00,4.807039e+00,4.722865e+00,4.780612e+00,4.716008e+00,4.395517e+00,4.736603e+00,4.266019e+00,4.912525e+00,4.690721e+00,4.699729e+00,4.836742e+00,4.919752e+00,4.668867e+00,4.946470e+00,4.941016e+00,4.937524e+00
4.468214e+00,4.796166e+00,4.720782e+00,4.770314e+00,4.454591e+00,4.867384e+00,4.437314e+00,4.970234e+00,4.777539e+00,4.790958e+00,4.863369e+00,4.586505e+00,4.638406e+00,5.018724e+00,4.333643e+00,4.935541e+00,4.894501e+00,4.647918e+00,4.696446e+00,4.655117e+00,5.032737e+00,4.674204e+00,4.607212e+00,4.871739e+00,4.574075e+00,4.898118e+00,4.760473e+00,4.505674e+00,4.720045e+00,4.796494e+00,4.839618e+00,4.505757e+00,4.509681e+00,4.755383e+00,4.842606e+00,4.788965e+00,4.419339e+00,4.890655e+00,4.967642e+00,4.670711e+00,4.805778e+00,4.216684e+00,4.977244e+00,4.684106e+00,4.497251e+00,4.643031e+00,4.735500e+00,3.842361e+00,4.504919e+00,4.150307e+00,4.772149e+00,4.205628e+00,4.337572e+00,4.331449e+00,3.484097e+00,4.625277e+00,4.426797e+00,2.562839e+00,4.330462e+00,4.730142e+00,4.697105e+00,4.519231e+00,4.724631e+00,4.753006e+00,4.860747e+00,4.698021e+00,4.741117e+00,4.562227e+00,4.708578e+00,4.742433e+00,4.469466e+00,4.629444e+00,4.946599e+00,4.702741e+00,4.711640e+00,4.269442e+00,4.704700e+00,4.593830e+00,4.875753e+00,4.676333e+00,4.899064e+00,4.981117e+00,4.792385e+00,4.669320e+00,4.788515e+00,4.950559e+00,4.744856e+00,5.064044e+00,5.031954e+00,4.436921e+00,5.019987e+00,4.897163e+00,4.481963e+00,4.756132e+00,4.775625e+00,4.683734e+00,4.606338e+00,4.606918e+00,4.857909e+00,4.646045e+00,4.876444e+00,4.770138e+00,4.838754e+00,4.876573e+00,4.976724e+00,4.527313e+00,4.850977e+00,4.559370e+00
4.683749e+00,4.628091e+00,4.839185e+00,4.767605e+00,4.410503e+00,4.550459e+00,4.874021e+00,4.429297e+00,4.607415e+00,4.452184e+00,4.964647e+00,4.830942e+00,4.898345e+00,4.650677e+00,4.891491e+00,4.668280e+00,4.554690e+00,4.318313e+00,4.898933e+00,4.683173e+00,4.554082e+00,4.778811e+00,4.632914e+00,4.736053e+00,4.268723e+00,4.853594e+00,4.709107e+00,4.840532e+00,4.869599e+00,4.279095e+00,4.722821e+00,4.934616e+00,4.751946e+00,4.822200e+00,4.675082e+00,4.676570e+00,4.604418e+00,4.678617e+00,4.337306e+00,4.773088e+00,4.704434e+00,4.153880e+00,4.590461e+00,4.205432e+00,4.649544e+00,4.926618e+00,4.756894e+00,4.719114e+00,4.501126e+00,4.760552e+00,4.850509e+00,4.754448e+00,4.853891e+00,4.517643e+00,4.594179e+00,4.769800e+00,4.812476e+00,4.954093e+00,4.890503e+00,4.877820e+00,3.126970e+00,3.714372e+00,3.041603e+00,4.057955e+00,4.103982e+00,4.519814e+00,4.419083e+00,4.837101e+00,4.865459e+00,4.832574e+00,4.890632e+00,4.820892e+00,4.620112e+00,4.914009e+00,5.084047e+00,4.809075e+00,4.643914e+00,4.888772e+00,4.741916e+00,4.534984e+00,4.837726e+00,4.812957e+00,4.902174e+00,4.889763e+00,4.682656e+00,4.846443e+00,4.806908e+00,5.022546e+00,4.889125e+00,4.785179e+00,4.699742e+00,5.020566e+00,4.946410e+00,4.894369e+00,4.575954e+00,4.861263e+00,4.852901e+00,4.571377e+00,4.568495e+00,4.792540e+00,4.932188e+00,4.692660e+00,4.749215e+00,4.942979e+00,4.896543e+00,4.803836e+00,4.594069e+00,4.888859e+00
4.934882e+00,4.812242e+00,4.710127e+00,4.724884e+00,4.664582e+00,4.776095e+00,4.998916e+00,4.900200e+00,4.948737e+00,4.722976e+00,4.868656e+00,4.832114e+00,4.922367e+00,4.763348e+00,4.513579e+00,4.765597e+00,4.494024e+00,4.846368e+00,4.965917e+00,4.952828e+00,4.766968e+00,4.724655e+00,4.251129e+00,4.780009e+00,4.780302e+00,4.547414e+00,4.998107e+00,4.609718e+00,4.803707e+00,4.699913e+00,4.715048e+00,4.972111e+00,4.319689e+00,4.913406e+00,4.512958e+00,4.665580e+00,4.811917e+00,4.806432e+00,4.027790e+00,4.378621e+00,4.638952e+00,4.582173e+00,4.832960e+00,4.954009e+00,4.809675e+00,4.765749e+00,4.894715e+00,4.870649e+00,4.857384e+00,4.654357e+00,4.776577e+00,4.582708e+00,4.716360e+00,4.495077e+00,4.661046e+00,4.691180e+00,4.877231e+00,4.772761e+00,4.880649e+00,4.726172e+00,4.720529e+00,4.815740e+00,4.860541e+00,4.752062e+00,4.604285e+00,4.125970e+00,2.702857e+00,3.984099e+00,4.200486e+00,4.325041e+00,4.877822e+00,4.769437e+00,4.747099e+00,4.851917e+00,4.587079e+00,4.974915e+00,4.731051e+00,4.610114e+00,4.644376e+00,4.605913e+00,4.858937e+00,4.913685e+00,4.411081e+00,4.881889e+00,4.881182e+00,4.934590e+00,4.679988e+00,4.841424e+00,4.858421e+00,4.735272e+00,4.442123e+00,4.905496e+00,4.671125e+00,4.683177e+00,4.782807e+00,4.738813e+00,4.635460e+00,4.825476e+00,4.680817e+00,5.071527e+00,4.871349e+00,4.534111e+00,4.734062e+00,4.847364e+00,4.699296e+00,4.663137e+00,4.884185e+00,4.921203e+00
4.401099e+00,4.672212e+00,4.840014e+00,4.927582e+00,4.764372e+00,4.887032e+00,4.543673e+00,5.074744e+00,4.877392e+00,4.844024e+00,5.098008e+00,4.870057e+00,4.878978e+00,4.804251e+00,4.506857e+00,5.008335e+00,4.677599e+00,4.841495e+00,4.862774e+00,4.539543e+00,4.664631e+00,4.582094e+00,4.706144e+00,4.721954e+00,4.753543e+00,4.969946e+00,4.431987e+00,5.026461e+00,4.408540e+00,4.998135e+00,4.888383e+00,4.811231e+00,4.697843e+00,4.529099e+00,4.788657e+00,4.571244e+00,4.639613e+00,4.577076e+00,4.941124e+00,4.443001e+00,4.783633e+00,4.892376e+00,4.679086e+00,4.779289e+00,4.687284e+00,4.779469e+00,4.827967e+00,4.420570e+00,3.874406e+00,4.718101e+00,4.556148e+00,4.024609e+00,4.577767e+00,4.201538e+00,4.744200e+00,4.511222e+00,4.329806e+00,4.672976e+00,3.484711e+00,4.736512e+00,4.851370e+00,4.889828e+00,4.771529e+00,4.813749e+00,4.891609e+00,4.654380e+00,4.796765e+00,4.841146e+00,3.923062e+00,2.542960e+00,4.500750e+00,4.665005e+00,4.619340e+00,4.252067e+00,4.965526e+00,4.712326e+00,4.768184e+00,4.844440e+00,4.590634e+00,4.759314e+00,4.604348e+00,4.817386e+00,4.906545e+00,4.984319e+00,4.820093e+00,4.725455e+00,4.652732e+00,4.559839e+00,4.871244e+00,4.699125e+00,4.938609e+00,4.558460e+00,4.852141e+00,4.884347e+00,4.785861e+00,4.596335e+00,4.919909e+00,4.551378e+00,4.639138e+00,4.890491e+00,4.511779e+00,4.507388e+00,4.836782e+00,4.910349e+00,4.665699e+00,4.928742e+00,4.753351e+00,4.686985e+00
4.807861e+00,4.841063e+00,4.722781e+00,4.873615e+00,4.843526e+00,4.768427e+00,4.662121e+00,4.706165e+00,5.040663e+00,4.563435e+00,4.873884e+00,4.788255e+00,4.707095e+00,4.740929e+00,4.939284e+00,4.455849e+00,4.720821e+00,4.791645e+00,4.667519e+00,4.775672e+00,4.715170e+00,4.733239e+00,4.598975e+00,4.949786e+00,4.802698e+00,4.952803e+00,4.956229e+00,4.719055e+00,4.640978e+00,4.496062e+00,4.853833e+00,4.808298e+00,4.894170e+00,4.576372e+00,4.805211e+00,4.609254e+00,4.804469e+00,4.828391e+00,4.912909e+00,4.834782e+00,4.893428e+00,4.162872e+00,4.565672e+00,4.490679e+00,4.611806e+00,4.094850e+00,2.766578e+00,3.997771e+00,3.568942e+00,4.224786e+00,3.849957e+00,4.819651e+00,3.770493e+00,3.079586e+00,4.493006e+00,4.404282e+00,4.744059e+00,4.489677e+00,4.536481e+00,4.630540e+00,4.597474e+00,4.717206e+00,3.928355e+00,4.910728e+00,4.155354e+00,4.868649e+00,4.677758e+00,4.817235e+00,4.417546e+00,5.007589e+00,4.699541e+00,4.725919e+00,3.721804e+00,4.117782e+00,4.847895e+00,4.824961e+00,4.885060e+00,4.569934e+00,4.999837e+00,4.800566e+00,4.773813e+00,4.671790e+00,4.729225e+00,4.859957e+00,4.787977e+00,4.734988e+00,4.691150e+00,4.531923e+00,4.691106e+00,4.791955e+00,4.942763e+00,4.681999e+00,4.821267e+00,4.587945e+00,4.853960e+00,4.401987e+00,4.732254e+00,4.911261e+00,4.480193e+00,4.723645e+00,4.392003e+00,4.809588e+00,4.563196e+00,4.576048e+00,4.710891e+00,4.877934e+00,4.985784e+00,4.279303e+00
4.436385e+00,4.918318e+00,4.874915e+00,4.822928e+00,4.851043e+00,4.847098e+00,4.777637e+00,4.892193e+00,4.752689e+00,4.464745e+00,4.760136e+00,4.330898e+00,4.693015e+00,4.751598e+00,4.640538e+00,4.940757e+00,4.707245e+00,4.684800e+00,5.015893e+00,4.844243e+00,4.598377e+00,4.843011e+00,4.848666e+00,4.834977e+00,4.264309e+00,4.675235e+00,4.699826e+00,4.679552e+00,4.718150e+00,4.625270e+00,4.583119e+00,4.441868e+00,2.638173e+00,4.461034e+00,4.925000e+00,4.668296e+00,4.860486e+00,4.111916e+00,4.282208e+00,3.738318e+00,4.640489e+00,3.574486e+00,4.102381e+00,3.773929e+00,4.513266e+00,3.607309e+00,3.119390e+00,3.292948e+00,3.231294e+00,3.199604e+00,3.711735e+00,4.472710e+00,3.298084e+00,4.617864e+00,3.143842e+00,3.998099e+00,2.995820e+00,3.028451e+00,3.956786e+00,3.955452e+00,3.147854e+00,3.926032e+00,2.866091e+00,4.345886e+00,3.227493e+00,4.603632e+00,4.269785e+00,4.690345e+00,4.802779e+00,4.731260e+00,4.822455e+00,4.745100e+00,4.883515e+00,2.547362e+00,4.546265e+00,4.132720e+00,4.607803e+00,3.106961e+00,4.983828e+00,4.874400e+00,4.746451e+00,4.598552e+00,4.790672e+00,4.721238e+00,4.882947e+00,4.800809e+00,4.600842e+00,4.766662e+00,4.948699e+00,4.735361e+00,4.673046e+00,4.835927e+00,4.727685e+00,4.813699e+00,4.885028e+00,4.476098e+00,4.875029e+00,4.597824e+00,4.680796e+00,5.006503e+00,4.857666e+00,4.619610e+00,4.630640e+00,4.727144e+00,4.915279e+00,4.816187e+00,4.943540e+00,4.775349e+00
4.878317e+00,4.773605e+00,4.285989e+00,4.624574e+00,4.405279e+00,4.815705e+00,4.900345e+00,4.648958e+00,4.604218e+00,4.755961e+00,5.021020e+00,4.702572e+00,4.809948e+00,3.905651e+00,4.849037e+00,4.229009e+00,4.895014e+00,4.703145e+00,4.870408e+00,4.866725e+00,4.954606e+00,4.917737e+00,4.841412e+00,4.844317e+00,4.736587e+00,4.573806e+00,4.682254e+00,3.601337e+00,4.621833e+00,4.654495e+00,4.619976e+00,4.512901e+00,4.751832e+00,4.584009e+00,4.751841e+00,4.491619e+00,3.820415e+00,4.068641e+00,3.576329e+00,3.658963e+00,3.116070e+00,4.478793e+00,4.189273e+00,4.603763e+00,4.137956e+00,3.459120e+00,3.826547e+00,3.649403e+00,3.152658e+00,3.661842e+00,4.539036e+00,3.734377e+00,3.762559e+00,4.090667e+00,3.104289e+00,2.966360e+00,3.715707e+00,4.044511e+00,5.061824e+00,3.054149e+00,4.441711e+00,4.141974e+00,2.813652e+00,4.483154e+00,3.563208e+00,4.200908e+00,2.658770e+00,4.220572e+00,3.929686e+00,4.639517e+00,4.737543e+00,4.735241e+00,4.789046e+00,4.538159e+00,4.878478e+00,3.283998e+00,4.588351e+00,4.498624e+00,4.965551e+00,4.728717e+00,4.797610e+00,4.611580e+00,4.906800e+00,4.768632e+00,4.536545e+00,4.581812e+00,4.770161e+00,4.979939e+00,4.763143e+00,4.913692e+00,4.798599e+00,4.457548e+00,4.826011e+00,4.654508e+00,4.370344e+00,4.600028e+00,4.900284e+00,4.468082e+00,4.935406e+00,4.292644e+00,4.769436e+00,4.963145e+00,4.951011e+00,4.997554e+00,4.942090e+00,4.551042e+00,4.793972e+00,4.313094e+00
4.524871e+00,4.463926e+00,4.511774e+00,4.388403e+00,4.530399e+00,4.950259e+00,4.828917e+00,4.376551e+00,4.661251e+00,5.030499e+00,4.747557e+00,4.566505e+00,3.548968e+00,4.542699e+00,4.553899e+00,4.790473e+00,4.777154e+00,4.368576e+00,4.898766e+00,4.840197e+00,4.887218e+00,4.505070e+00,4.594098e+00,4.717583e+00,4.585494e+00,4.712728e+00,4.881380e+00,4.480261e+00,2.670184e+00,4.767020e+00,4.836283e+00,4.355456e+00,4.401894e+00,4.524777e+00,2.972077e+00,4.215475e+00,4.048807e+00,4.689086e+00,3.736209e+00,4.116451e+00,3.373763e+00,4.494924e+00,2.859255e+00,2.718313e+00,3.223042e+00,4.318096e+00,4.700029e+00,3.166105e+00,4.423889e+00,3.022392e+00,4.046571e+00,3.454194e+00,4.915976e+00,4.494648e+00,4.801042e+00,3.989805e+00,2.768535e+00,3.188577e+00,3.318538e+00,4.198538e+00,3.329232e+00,2.382146e+00,3.083622e+00,4.465887e+00,4.406722e+00,4.790757e+00,2.994960e+00,3.599969e+00,4.144784e+00,3.622741e+00,4.530581e+00,3.976917e+00,4.596415e+00,4.796247e+00,4.321916e+00,4.646304e+00,4.407760e+00,3.366666e+00,3.435226e+00,4.660544e+00,4.631451e+00,4.640190e+00,4.867354e+00,4.944188e+00,4.618399e+00,4.830977e+00,4.424878e+00,4.938753e+00,4.727841e+00,4.563630e+00,4.666717e+00,4.801086e+00,4.588610e+00,4.802940e+00,4.852781e+00,4.962947e+00,4.291491e+00,5.031033e+00,4.584565e+00,4.482256e+00,4.482808e+00,4.948873e+00,4.673657e+00,4.870894e+00,4.901291e+00,4.747759e+00,4.615388e+00,4.855338e+00
4.452584e+00,4.874861e+00,4.643678e+00,4.638807e+00,4.720492e+00,4.853151e+00,4.699651e+00,4.819839e+00,4.839977e+00,4.590987e+00,4.448631e+00,4.787276e+00,4.924122e+00,4.114068e+00,4.847663e+00,4.626082e+00,4.741830e+00,4.882151e+00,4.722423e+00,4.568358e+00,4.901023e+00,4.513076e+00,4.992650e+00,4.740705e+00,4.641631e+00,4.676726e+00,4.282234e+00,3.897736e+00,4.539874e+00,4.875072e+00,4.600665e+00,4.873553e+00,4.997725e+00,2.877641e+00,3.539311e+00,4.020146e+00,3.263113e+00,3.965631e+00,2.952438e+00,3.907735e+00,2.958146e+00,3.563115e+00,4.733814e+00,2.310146e+00,2.555056e+00,3.197566e+00,2.501471e+00,2.662525e+00,4.054456e+00,4.677134e+00,4.857477e+00,4.262076e+00,4.781081e+00,4.624022e+00,4.438154e+00,4.044458e+00,3.934600e+00,3.088430e+00,3.031581e+00,3.503697e+00,5.535107e+00,3.294406e+00,4.749250e+00,4.137138e+00,4.488029e+00,3.035730e+00,2.878869e+00,3.209950e+00,3.620873e+00,3.434813e+00,3.227336e+00,4.344625e+00,4.570220e+00,4.512692e+00,4.025782e+00,4.673133e+00,4.667888e+00,4.637826e+00,2.843516e+00,2.870044e+00,4.662310e+00,4.581431e+00,4.666622e+00,4.551746e+00,4.918273e+00,4.347836e+00,4.613927e+00,4.869504e+00,4.858619e+00,4.760535e+00,4.336003e+00,4.680716e+00,4.799747e+00,4.941493e+00,4.703473e+00,4.816237e+00,4.658491e+00,4.849913e+00,4.745372e+00,4.785069e+00,4.831752e+00,4.545783e+00,4.666878e+00,4.619028e+00,4.745206e+00,4.579734e+00,4.770346e+00,4.896728e+00
4.269119e+00,4.700781e+00,4.838140e+00,4.243252e+00,4.416839e+00,4.734644e+00,4.692102e+00,4.371209e+00,4.932256e+00,4.636003e+00,4.719505e+00,4.438975e+00,4.550945e+00,4.790093e+00,4.768402e+00,4.773164e+00,4.743400e+00,4.773241e+00,4.654110e+00,4.734636e+00,4.313140e+00,4.350890e+00,4.243038e+00,4.887493e+00,4.612483e+00,4.767102e+00,4.747878e+00,4.679720e+00,4.662351e+00,4.581693e+00,4.492014e+00,4.358985e+00,3.525292e+00,3.697173e+00,3.221753e+00,4.151604e+00,3.023237e+00,4.364499e+00,3.921395e+00,3.121439e+00,3.400090e+00,5.275668e+00,5.482022e+00,3.716031e+00,2.893703e+00,3.427281e+00,3.577173e+00,5.092828e+00,2.729034e+00,4.804973e+00,4.776837e+00,4.967202e+00,4.671748e+00,4.619763e+00,3.252291e+00,3.030427e+00,3.215022e+00,3.100566e+00,3.186661e+00,4.357696e+00,3.063515e+00,3.102454e+00,3.648535e+00,2.976992e+00,3.178953e+00,2.986845e+00,4.671122e+00,3.884738e+00,4.787970e+00,4.763234e+00,3.380721e+00,3.609574e+00,3.870797e+00,3.874283e+00,4.164433e+00,4.152040e+00,4.722531e+00,4.728111e+00,4.280813e+00,4.541799e+00,4.167453e+00,4.506745e+00,4.826719e+00,4.672713e+00,4.355900e+00,4.926484e+00,4.744911e+00,4.573938e+00,4.551515e+00,4.895385e+00,4.901099e+00,4.683412e+00,4.656023e+00,4.804356e+00,4.821768e+00,4.867804e+00,4.863143e+00,4.296848e+00,4.556525e+00,4.822660e+00,4.502736e+00,4.803808e+00,4.538088e+00,4.938984e+00,4.522942e+00,4.697152e+00,4.672549e+00,4.430198e+00
4.788987e+00,4.871051e+00,4.573079e+00,5.018315e+00,4.395291e+00,4.514194e+00,4.835716e+00,4.870411e+00,4.772528e+00,4.461175e+00,4.566434e+00,4.720120e+00,4.292842e+00,4.484048e+00,4.729141e+00,4.812013e+00,4.563321e+00,4.577270e+00,4.234593e+00,4.844313e+00,4.681470e+00,4.617441e+00,4.407966e+00,4.623940e+00,4.974903e+00,4.423941e+00,4.690958e+00,4.758426e+00,4.209310e+00,3.369460e+00,3.611491e+00,3.866397e+00,2.872305e+00,2.817161e+00,3.273729e+00,5.177161e+00,3.811818e+00,3.221211e+00,4.651617e+00,4.473477e+00,3.498236e+00,4.136902e+00,3.545830e+00,3.489427e+00,3.283893e+00,7.461394e+00,3.418412e+00,3.430099e+00,3.350144e+00,4.385612e+00,4.467362e+00,4.919533e+00,4.297853e+00,4.487563e+00,4.730720e+00,4.756336e+00,4.620424e+00,2.848648e+00,3.505186e+00,3.321742e+00,4.516281e+00,3.467595e+00,4.116887e+00,3.089732e+00,5.771672e+00,3.204307e+00,2.919139e+00,4.437012e+00,4.640552e+00,4.824287e+00,3.726143e+00,4.342594e+00,3.615839e+00,4.399793e+00,4.474951e+00,3.216784e+00,4.392794e+00,4.643701e+00,4.720667e+00,5.000015e+00,4.585148e+00,3.223302e+00,3.244520e+00,4.667054e+00,4.425222e+00,4.790088e+00,4.669242e+00,4.815176e+00,4.808214e+00,4.777109e+00,4.567710e+00,4.549290e+00,4.939090e+00,4.627663e+00,4.802423e+00,4.708939e+00,4.713821e+00,4.760269e+00,4.912567e+00,4.787590e+00,4.738377e+00,4.698554e+00,4.635576e+00,4.669530e+00,4.928112e+00,4.782017e+00,4.757948e+00,4.679104e+00
4.842710e+00,4.863726e+00,4.403699e+00,4.591833e+00,4.759287e+00,4.184829e+00,4.768312e+00,4.608205e+00,4.532027e+00,4.928082e+00,4.731490e+00,4.544156e+00,4.711374e+00,4.302716e+00,4.668872e+00,4.791525e+00,4.871927e+00,4.432930e+00,4.460339e+00,4.730294e+00,3.059408e+00,4.585173e+00,4.243992e+00,4.807949e+00,4.665363e+00,4.453961e+00,4.662571e+00,3.757137e+00,3.942011e+00,4.712947e+00,4.307106e+00,3.195592e+00,2.862358e+00,4.786344e+00,3.070942e+00,3.692678e+00,3.615542e+00,4.382290e+00,3.141673e+00,3.242878e+00,3.958891e+00,3.172370e+00,2.902613e+00,3.348289e+00,2.923639e+00,3.636699e+00,3.143376e+00,3.240885e+00,4.601551e+00,4.604615e+00,4.470613e+00,4.992247e+00,4.626188e+00,4.749299e+00,3.397897e+00,4.778009e+00,4.697970e+00,3.405576e+00,3.181101e+00,3.109780e+00,3.233384e+00,5.373780e+00,4.612084e+00,9.138171e+00,3.242354e+00,3.791290e+00,4.040208e+00,3.928732e+00,4.602985e+00,4.855632e+00,4.611825e+00,4.789891e+00,4.484011e+00,2.580547e+00,2.923488e+00,4.194578e+00,3.619836e+00,4.560337e+00,4.651160e+00,4.336178e+00,4.943256e+00,4.528776e+00,4.565229e+00,2.863218e+00,4.708147e+00,3.766133e+00,4.823231e+00,4.094947e+00,4.554595e+00,4.841041e+00,4.477312e+00,4.964066e+00,4.630619e+00,4.773395e+00,4.519272e+00,4.472890e+00,4.633122e+00,4.584682e+00,4.654177e+00,4.210659e+00,4.781694e+00,4.783182e+00,4.902082e+00,4.374752e+00,4.494171e+00,4.733280e+00,4.732595e+00,4.670569e+00
4.591518e+00,4.424230e+00,4.687093e+00,4.939227e+00,4.784731e+00,4.748225e+00,4.880967e+00,4.635990e+00,4.730813e+00,4.699999e+00,4.817284e+00,4.847048e+00,4.510312e+00,4.578087e+00,4.188154e+00,4.459962e+00,4.733376e+00,4.818202e+00,4.800320e+00,4.646668e+00,4.509703e+00,4.437867e+00,4.517461e+00,4.637986e+00,4.787614e+00,4.854881e+00,4.639210e+00,4.035362e+00,3.570486e+00,3.483706e+00,3.677063e+00,3.478230e+00,3.502150e+00,4.245071e+00,3.629355e+00,3.979696e+00,3.319569e+00,3.924337e+00,2.986455e+00,2.807198e+00,3.846348e+00,2.870040e+00,3.259502e+00,3.372030e+00,3.208319e+00,3.834369e+00,3.672305e+00,4.355489e+00,3.899827e+00,3.861768e+00,4.724673e+00,4.924671e+00,4.570954e+00,4.426883e+00,4.607455e+00,4.804023e+00,4.771189e+00,4.818046e+00,3.039319e+00,4.913275e+00,4.715879e+00,4.691328e+00,2.585071e+00,4.211664e+00,3.358007e+00,3.857734e+00,4.346780e+00,4.906086e+00,4.857704e+00,4.445573e+00,4.018788e+00,4.717202e+00,4.989227e+00,4.423356e+00,3.455791e+00,3.491306e+00,3.316802e+00,3.683311e+00,4.401271e+00,4.520067e+00,4.676154e+00,4.512330e+00,4.670554e+00,4.297849e+00,3.391206e+00,4.747122e+00,4.395922e+00,4.680926e+00,4.976688e+00,4.943309e+00,4.478392e+00,4.369509e+00,4.636906e+00,4.634706e+00,4.647409e+00,4.673621e+00,4.867545e+00,4.469144e+00,4.677942e+00,4.507072e+00,4.898441e+00,4.674004e+00,4.542666e+00,4.579231e+00,4.738260e+00,4.234134e+00,4.600089e+00,4.389053e+00
4.906899e+00,4.496219e+00,4.397322e+00,4.827733e+00,4.793518e+00,4.896204e+00,4.695296e+00,4.679939e+00,4.928697e+00,4.595315e+00,4.899903e+00,5.015426e+00,4.806512e+00,4.932712e+00,4.610864e+00,4.449405e+00,4.808992e+00,4.537233e+00,4.382793e+00,4.561215e+00,3.892706e+00,4.527871e+00,4.524035e+00,4.688535e+00,4.582557e+00,3.724508e+00,2.822074e+00,4.781554e+00,3.263987e+00,3.411748e+00,3.055266e+00,3.445005e+00,4.070865e+00,3.385224e+00,3.988766e+00,4.563559e+00,3.743362e+00,3.467999e+00,2.692649e+00,3.299436e+00,3.481602e+00,3.355574e+00,3.034154e+00,9.410265e+00,3.766524e+00,5.751510e+00,4.004998e+00,2.623859e+00,2.691350e+00,3.126780e+00,3.208132e+00,3.039867e+00,4.657340e+00,4.943502e+00,4.894725e+00,4.795609e+00,3.316698e+00,3.069441e+00,2.786899e+00,3.166517e+00,3.188164e+00,4.123502e+00,3.401887e+00,4.323557e+00,3.969003e+00,4.636084e+00,4.676717e+00,4.553387e+00,4.538381e+00,4.686279e+00,4.895505e+00,4.643660e+00,4.476049e+00,3.316983e+00,4.066392e+00,4.148418e+00,3.313536e+00,3.270953e+00,3.554040e+00,3.918701e+00,4.595329e+00,4.605074e+00,4.528279e+00,4.665747e+00,4.310047e+00,4.114228e+00,4.693180e+00,4.171194e+00,4.611372e+00,4.711610e+00,4.660421e+00,4.565983e+00,4.356260e+00,4.356716e+00,4.474280e+00,4.919132e+00,4.748221e+00,4.904321e+00,4.522017e+00,4.675792e+00,4.764072e+00,4.081207e+00,4.815632e+00,4.342831e+00,4.538368e+00,4.162092e+00,4.730819e+00,4.657287e+00
4.689403e+00,4.663556e+00,4.650615e+00,4.547493e+00,4.808674e+00,4.959785e+00,4.298126e+00,5.105662e+00,4.772492e+00,4.099483e+00,4.759619e+00,4.611103e+00,4.417057e+00,4.739465e+00,4.506790e+00,4.498558e+00,4.858335e+00,4.666410e+00,3.752897e+00,4.287287e+00,4.877490e+00,4.669703e+00,4.213995e+00,4.665674e+00,2.704397e+00,3.451827e+00,3.991133e+00,2.769242e+00,3.314032e+00,4.527237e+00,4.296451e+00,4.261969e+00,4.558342e+00,9.039344e+00,2.917423e+00,4.199968e+00,5.314085e+00,3.084354e+00,3.307532e+00,3.212227e+00,3.353186e+00,2.921941e+00,2.819836e+00,6.355871e+00,1.041866e+01,3.842092e+00,3.390128e+00,7.266600e+00,5.103749e+00,9.475802e+00,4.064367e+00,2.571971e+00,4.166500e+00,4.394933e+00,2.978229e+00,2.494378e+00,3.553417e+00,5.800126e+00,4.244926e+00,3.910052e+00,3.386326e+00,3.215152e+00,3.529945e+00,4.256834e+00,4.848326e+00,4.539204e+00,4.173343e+00,4.721371e+00,4.676500e+00,4.682571e+00,4.623126e+00,4.435521e+00,4.713324e+00,3.346922e+00,3.451918e+00,2.737914e+00,4.268264e+00,3.318333e+00,3.290658e+00,3.973988e+00,3.298057e+00,3.963014e+00,4.596738e+00,4.917788e+00,4.803690e+00,4.600599e+00,3.255856e+00,4.024962e+00,3.870185e+00,4.499497e+00,4.556954e+00,4.735675e+00,4.514338e+00,4.839727e+00,4.284049e+00,4.607326e+00,4.382930e+00,4.722437e+00,4.956754e+00,4.574208e+00,4.783742e+00,4.784442e+00,4.301815e+00,4.727504e+00,4.646341e+00,4.523611e+00,4.915237e+00,4.683330e+00
4.421982e+00,4.662692e+00,4.624447e+00,4.649936e+00,4.753509e+00,4.651901e+00,4.930694e+00,4.558943e+00,4.802653e+00,4.491293e+00,4.657966e+00,4.824878e+00,4.352059e+00,4.317024e+00,4.650687e+00,4.485264e+00,4.641141e+00,4.800678e+00,4.315030e+00,4.816211e+00,4.783120e+00,4.841182e+00,4.626734e+00,3.610896e+00,3.512704e+00,4.125242e+00,4.029724e+00,3.452633e+00,3.181702e+00,3.241577e+00,3.865059e+00,2.791155e+00,3.850535e+00,4.450058e+00,4.548815e+00,4.729486e+00,4.332675e+00,8.087736e+00,2.585842e+00,3.427219e+00,3.270714e+00,3.639794e+00,7.978288e+00,3.311179e+00,5.603129e+00,6.461008e+00,2.766752e+00,3.884268e+00,4.270139e+00,3.591780e+00,3.497143e+00,3.298519e+00,4.623454e+00,4.709495e+00,3.832552e+00,4.028110e+00,4.426403e+00,3.318939e+00,5.941652e+00,2.945101e+00,3.179864e+00,6.381351e+00,3.527094e+00,3.738711e+00,3.786001e+00,4.773318e+00,4.569232e+00,4.641286e+00,4.641383e+00,4.849737e+00,4.897212e+00,4.434219e+00,3.953589e+00,2.847140e+00,3.213167e+00,4.464827e+00,3.596294e+00,4.256388e+00,3.917695e+00,3.322036e+00,3.337262e+00,3.727511e+00,4.387873e+00,4.374989e+00,4.958179e+00,4.751050e+00,4.284672e+00,4.056789e+00,4.209094e+00,4.338716e+00,4.387968e+00,4.095576e+00,4.961321e+00,4.493832e+00,4.806800e+00,5.034032e+00,4.592779e+00,4.650982e+00,4.605885e+00,4.666763e+00,4.433324e+00,4.454654e+00,4.368779e+00,4.519700e+00,4.541610e+00,4.801715e+00,4.830512e+00,4.514458e+00
4.584896e+00,4.736670e+00,4.813095e+00,4.956120e+00,4.576518e+00,4.965938e+00,4.855683e+00,4.509123e+00,4.793082e+00,4.225258e+00,4.154526e+00,4.475195e+00,4.869074e+00,4.857284e+00,4.630651e+00,4.889970e+00,4.520408e+00,4.512707e+00,4.882807e+00,4.914398e+00,4.734127e+00,4.134763e+00,4.296567e+00,3.434719e+00,2.931973e+00,4.110440e+00,7.512651e+00,3.680060e+00,9.270506e+00,3.501326e+00,4.689512e+00,4.272994e+00,6.936613e+00,3.275078e+00,3.191081e+00,3.177371e+00,2.862305e+00,5.229919e+00,4.151732e+00,6.018320e+00,6.221979e+00,3.224626e+00,6.209031e+00,9.469410e+00,3.843818e+00,3.551594e+00,2.829458e+00,3.523465e+00,3.263783e+00,3.769965e+00,3.090818e+00,3.366177e+00,4.743656e+00,4.502318e+00,2.965519e+00,3.462099e+00,4.003747e+00,3.385519e+00,4.125014e+00,2.900082e+00,3.575698e+00,3.419478e+00,5.067876e+00,3.315836e+00,3.662912e+00,4.769177e+00,4.508820e+00,4.766274e+00,4.332810e+00,3.495026e+00,4.551647e+00,4.603189e+00,4.065628e+00,3.003820e+00,3.389749e+00,4.660238e+00,4.046493e+00,4.276136e+00,3.174828e+00,4.513445e+00,3.156870e+00,3.663971e+00,3.793357e+00,4.588135e+00,4.465687e+00,4.741673e+00,4.371311e+00,4.954960e+00,4.508965e+00,4.774484e+00,3.364993e+00,4.086982e+00,4.825775e+00,4.254442e+00,4.528165e+00,4.492083e+00,4.549294e+00,4.643165e+00,4.822535e+00,4.610947e+00,4.701439e+00,4.881381e+00,4.356725e+00,4.470821e+00,4.838355e+00,4.866287e+00,4.487619e+00,4.629901e+00
4.549902e+00,4.835097e+00,4.886375e+00,4.747114e+00,4.945585e+00,4.635026e+00,4.484078e+00,4.514485e+00,4.724599e+00,4.755334e+00,4.568219e+00,4.553675e+00,4.778471e+00,4.684207e+00,4.496496e+00,4.056547e+00,4.004855e+00,4.812038e+00,4.451070e+00,4.814047e+00,4.646158e+00,3.898830e+00,4.072637e+00,4.300186e+00,3.336526e+00,4.056407e+00,2.703623e+00,4.872277e+00,4.651630e+00,2.917647e+00,3.851811e+00,5.715751e+00,4.408228e+00,3.703154e+00,3.426312e+00,4.821316e+00,3.747886e+00,2.847165e+00,3.811865e+00,3.391768e+00,8.176703e+00,3.662250e+00,3.868316e+00,5.617831e+00,4.528459e+00,3.996289e+00,3.936991e+00,2.596584e+00,2.951012e+00,2.955726e+00,4.482168e+00,4.068064e+00,4.841822e+00,4.704935e+00,3.312686e+00,3.803086e+00,9.347122e+00,3.349430e+00,3.116776e+00,3.063024e+00,3.045023e+00,5.135696e+00,3.932407e+00,5.728043e+00,4.440337e+00,4.720334e+00,4.626801e+00,3.706031e+00,4.777751e+00,3.502855e+00,4.675495e+00,4.809450e+00,2.621203e+00,3.405419e+00,3.285898e+00,4.382179e+00,3.408710e+00,4.428355e+00,3.215860e+00,3.472009e+00,2.474448e+00,2.909638e+00,4.314715e+00,3.793032e+00,3.576516e+00,4.038189e+00,4.695169e+00,4.656688e+00,4.180455e+00,4.127629e+00,4.320435e+00,4.385693e+00,4.813353e+00,4.582882e+00,4.690062e+00,4.714953e+00,4.806670e+00,4.461080e+00,4.899918e+00,4.610820e+00,4.657549e+00,4.322068e+00,4.824837e+00,4.631745e+00,4.549307e+00,4.793566e+00,4.802207e+00,4.673326e+00
4.411694e+00,4.931200e+00,4.754054e+00,4.771913e+00,4.557212e+00,4.680975e+00,4.464062e+00,4.485641e+00,4.402549e+00,4.760942e+00,4.756169e+00,4.560953e+00,4.473573e+00,4.813955e+00,4.682944e+00,4.551792e+00,4.395101e+00,4.593233e+00,4.776181e+00,4.795958e+00,3.292474e+00,2.948350e+00,3.967752e+00,2.919504e+00,3.139598e+00,4.211862e+00,3.192589e+00,3.177931e+00,2.759172e+00,5.074555e+00,4.016010e+00,3.029406e+00,3.417808e+00,3.394058e+00,4.010914e+00,3.023973e+00,2.840627e+00,2.701036e+00,2.824121e+00,7.623931e+00,6.084548e+00,4.671526e+00,7.754672e+00,4.257506e+00,2.850569e+00,3.595933e+00,3.170875e+00,6.290170e+00,9.128685e+00,3.510301e+00,4.123333e+00,7.591730e+00,3.150451e+00,3.532273e+00,3.353717e+00,3.574858e+00,5.937875e+00,8.972194e+00,3.435565e+00,3.254489e+00,9.107006e+00,7.299153e+00,3.099816e+00,4.082687e+00,3.751000e+00,4.526737e+00,4.479062e+00,4.363273e+00,4.706929e+00,4.501697e+00,4.632190e+00,4.816197e+00,2.826038e+00,2.906042e+00,3.388679e+00,3.401327e+00,4.364790e+00,4.258771e+00,3.891062e+00,2.678576e+00,4.351872e+00,3.625006e+00,2.931224e+00,3.436930e+00,4.596109e+00,4.095329e+00,4.589024e+00,4.560029e+00,4.630763e+00,2.638817e+00,4.105299e+00,4.872275e+00,4.447420e+00,4.482589e+00,4.270010e+00,4.901466e+00,4.729554e+00,4.392231e+00,4.951411e+00,4.761984e+00,4.499785e+00,4.809286e+00,4.381257e+00,4.807268e+00,4.889884e+00,4.391751e+00,4.719657e+00,4.113341e+00
4.399415e+00,4.609885e+00,4.224332e+00,4.710025e+00,4.777375e+00,4.763442e+00,4.605684e+00,4.888241e+00,4.742934e+00,4.764369e+00,4.771160e+00,4.960187e+00,4.883069e+00,4.414279e+00,4.452099e+00,4.776031e+00,4.328497e+00,4.795289e+00,4.779741e+00,4.549456e+00,4.538302e+00,3.373587e+00,3.165113e+00,3.372648e+00,3.460253e+00,2.895742e+00,2.948328e+00,5.028055e+00,4.268633e+00,4.487292e+00,9.131568e+00,3.410774e+00,2.749973e+00,6.164824e+00,4.511803e+00,4.412848e+00,2.983297e+00,3.099249e+00,2.789018e+00,3.203907e+00,5.650349e+00,3.807963e+00,2.584609e+00,4.916341e+00,3.084247e+00,7.307916e+00,2.954160e+00,3.288955e+00,1.011797e+01,4.884156e+00,3.630232e+00,3.179609e+00,4.250715e+00,4.430852e+00,4.446406e+00,4.291180e+00,3.264281e+00,6.911131e+00,4.636314e+00,4.255757e+00,4.010093e+00,2.777651e+00,4.590255e+00,3.132122e+00,4.297674e+00,4.703349e+00,4.430829e+00,4.545435e+00,4.500346e+00,3.174179e+00,4.579531e+00,3.987043e+00,3.357787e+00,3.572148e+00,3.302111e+00,2.916802e+00,3.370289e+00,3.159328e+00,5.217326e+00,2.762458e+00,6.518955e+00,3.555881e+00,4.467302e+00,3.291662e+00,3.435063e+00,3.439548e+00,4.358873e+00,4.771135e+00,4.827284e+00,4.591620e+00,3.363967e+00,4.378213e+00,4.405122e+00,4.560106e+00,4.894555e+00,4.317897e+00,4.770709e+00,4.683747e+00,4.673435e+00,4.525573e+00,4.820218e+00,4.624864e+00,4.834683e+00,4.396497e+00,4.735063e+00,4.585016e+00,4.337553e+00,4.671222e+00
4.527975e+00,4.728384e+00,4.631342e+00,4.785632e+00,4.828571e+00,4.679495e+00,4.937434e+00,4.815140e+00,4.779686e+00,4.689523e+00,4.714537e+00,4.727076e+00,4.738366e+00,4.511674e+00,4.612248e+00,4.370647e+00,4.789783e+00,4.645955e+00,4.601667e+00,4.212225e+00,3.348755e+00,3.222451e+00,3.140563e+00,4.448245e+00,4.444053e+00,3.830246e+00,3.177852e+00,3.257662e+00,2.876549e+00,3.903639e+00,7.399412e+00,3.265584e+00,8.852054e+00,2.927933e+00,3.279143e+00,3.391299e+00,9.028744e+00,3.504049e+00,9.048128e+00,4.013954e+00,3.835059e+00,3.931735e+00,7.783484e+00,4.724386e+00,3.530190e+00,4.028340e+00,3.996765e+00,3.454126e+00,3.096325e+00,3.379824e+00,5.316871e+00,3.545197e+00,4.311373e+00,9.469723e+00,4.784327e+00,2.759727e+00,3.943187e+00,2.939083e+00,3.030676e+00,7.660793e+00,2.891660e+00,3.249173e+00,3.001622e+00,2.871266e+00,3.843661e+00,4.334057e+00,4.910239e+00,3.056606e+00,4.474018e+00,3.557372e+00,4.386475e+00,3.129589e+00,4.062702e+00,3.488799e+00,3.101056e+00,3.132126e+00,4.313810e+00,4.351575e+00,2.921446e+00,3.128168e+00,3.688567e+00,4.233677e+00,4.743378e+00,4.829598e+00,3.329245e+00,4.026098e+00,4.683264e+00,4.410633e+00,4.259984e+00,4.887475e+00,4.505941e+00,3.509350e+00,4.146236e+00,4.360330e+00,4.610108e+00,5.010828e+00,4.265160e+00,4.898688e+00,4.396106e+00,4.876900e+00,4.794234e+00,4.582564e+00,4.836620e+00,4.927326e+00,4.656227e+00,4.664288e+00,4.320336e+00,4.607047e+00
4.594109e+00,5.026185e+00,4.538072e+00,4.894281e+00,4.581574e+00,4.816431e+00,4.893248e+00,4.804815e+00,4.788559e+00,4.646778e+00,4.777919e+00,4.459387e+00,4.258148e+00,4.705929e+00,4.965106e+00,4.764860e+00,4.247243e+00,3.299351e+00,3.876433e+00,3.975091e+00,3.492045e+00,3.069565e+00,2.493492e+00,4.198515e+00,4.860324e+00,3.152107e+00,2.982057e+00,3.499601e+00,2.990589e+00,5.633706e+00,3.388718e+00,3.000112e+00,4.621542e+00,8.398451e+00,3.362555e+00,6.952846e+00,3.121680e+00,3.330358e+00,3.683151e+00,3.168103e+00,2.780716e+00,4.972405e+00,5.201825e+00,3.050621e+00,4.081677e+00,4.917112e+00,3.172033e+00,9.095722e+00,8.830056e+00,4.803730e+00,3.642122e+00,7.654820e+00,8.115600e+00,4.154471e+00,4.225283e+00,3.156282e+00,8.809613e+00,3.405375e+00,3.703777e+00,5.353460e+00,3.145949e+00,3.060272e+00,4.901046e+00,3.243596e+00,3.034293e+00,3.954768e+00,3.328505e+00,3.087539e+00,3.662879e+00,2.969189e+00,3.954928e+00,3.185534e+00,7.589250e+00,3.811435e+00,2.262929e+00,4.783281e+00,6.451551e+00,2.993607e+00,3.773086e+00,4.240941e+00,3.517810e+00,4.481622e+00,4.215868e+00,4.422477e+00,2.737495e+00,3.189449e+00,4.132814e+00,4.350929e+00,4.573908e+00,4.665797e+00,4.743112e+00,4.199743e+00,3.784916e+00,4.487990e+00,4.421848e+00,4.123424e+00,4.694761e+00,4.857894e+00,4.963790e+00,4.671294e+00,4.597059e+00,4.811513e+00,4.514063e+00,4.682564e+00,4.797417e+00,4.741451e+00,4.133995e+00,4.863901e+00
4.794333e+00,4.877521e+00,4.918358e+00,4.889526e+00,4.553008e+00,4.876391e+00,4.503145e+00,4.713284e+00,4.905072e+00,4.026648e+00,4.375010e+00,4.789297e+00,4.277996e+00,4.902056e+00,4.811957e+00,4.825458e+00,4.371676e+00,4.212518e+00,4.504487e+00,3.650570e+00,4.725809e+00,3.371035e+00,3.282509e+00,4.505542e+00,4.844906e+00,4.380860e+00,4.584113e+00,4.517894e+00,2.810406e+00,3.589133e+00,4.730470e+00,3.086054e+00,3.275591e+00,3.381980e+00,2.888198e+00,3.373682e+00,4.202889e+00,2.711473e+00,2.524495e+00,2.652748e+00,3.133064e+00,7.805633e+00,3.563847e+00,3.320380e+00,4.715470e+00,2.589757e+00,2.684998e+00,5.355576e+00,2.748765e+00,2.777640e+00,2.850750e+00,3.232721e+00,5.524694e+00,2.988432e+00,3.343648e+00,3.190802e+00,3.287234e+00,3.694587e+00,9.405949e+00,4.690067e+00,3.417873e+00,8.648479e+00,3.448395e+00,3.506023e+00,3.858099e+00,3.628341e+00,4.322378e+00,8.096869e+00,4.325512e+00,2.598222e+00,3.308121e+00,3.269544e+00,2.881221e+00,2.743719e+00,4.701570e+00,3.466392e+00,3.679736e+00,3.509855e+00,2.642864e+00,3.796524e+00,4.564003e+00,4.934481e+00,4.556590e+00,4.842912e+00,4.628283e+00,4.511499e+00,3.229792e+00,3.903243e+00,4.755920e+00,4.409776e+00,4.640769e+00,5.002209e+00,2.723985e+00,4.502364e+00,4.729854e+00,4.108749e+00,4.923051e+00,4.532501e+00,4.823450e+00,4.511753e+00,4.737457e+00,4.519731e+00,4.702725e+00,4.828154e+00,4.883740e+00,4.574243e+00,4.638745e+00,4.733774e+00
4.986298e+00,4.955733e+00,4.993190e+00,4.639157e+00,4.815900e+00,4.556915e+00,4.927450e+00,4.783109e+00,4.769266e+00,4.429435e+00,4.665828e+00,4.381525e+00,4.926383e+00,4.773292e+00,4.272013e+00,4.666113e+00,4.426266e+00,3.932505e+00,3.667867e+00,3.640679e+00,3.089392e+00,5.721174e+00,3.324823e+00,4.609956e+00,4.822097e+00,3.230149e+00,4.478453e+00,4.500746e+00,4.643825e+00,4.173510e+00,2.929598e+00,3.260195e+00,2.882995e+00,8.705995e+00,4.925289e+00,3.084569e+00,3.366153e+00,5.532966e+00,3.040220e+00,3.196152e+00,3.596191e+00,9.612240e+00,4.421288e+00,3.688996e+00,8.811803e+00,4.292273e+00,6.132640e+00,4.218838e+00,7.599628e+00,3.148017e+00,6.007976e+00,3.227396e+00,3.288212e+00,3.762226e+00,3.551690e+00,3.100270e+00,5.294384e+00,4.658898e+00,2.832830e+00,5.337517e+00,7.402610e+00,3.120806e+00,5.246594e+00,3.145539e+00,3.362967e+00,3.972945e+00,4.225429e+00,4.145891e+00,4.172859e+00,9.598053e+00,4.144006e+00,3.986817e+00,2.868082e+00,3.921845e+00,7.944897e+00,3.170319e+00,3.800271e+00,4.232549e+00,3.715088e+00,4.332139e+00,4.835006e+00,4.799713e+00,4.764346e+00,4.417967e+00,4.562852e+00,4.498023e+00,4.203938e+00,3.030311e+00,4.100362e+00,4.513521e+00,4.682371e+00,4.909104e+00,4.814350e+00,3.117766e+00,4.303031e+00,4.674185e+00,4.572169e+00,4.586072e+00,4.779240e+00,4.875582e+00,4.294072e+00,4.889202e+00,4.309524e+00,4.720165e+00,4.739302e+00,4.710456e+00,4.410187e+00,4.751935e+00
4.568602e+00,4.701402e+00,4.968697e+00,4.791407e+00,4.964166e+00,4.776821e+00,4.782644e+00,4.850194e+00,4.903376e+00,4.812943e+00,4.851697e+00,3.889783e+00,4.615689e+00,4.644064e+00,4.898506e+00,4.688250e+00,3.214699e+00,4.776030e+00,4.611692e+00,4.050156e+00,2.636804e+00,4.303383e+00,4.442476e+00,4.849085e+00,4.737285e+00,4.652037e+00,4.169402e+00,4.602650e+00,4.784355e+00,4.627803e+00,3.822410e+00,3.480060e+00,3.307305e+00,3.199960e+00,8.291107e+00,3.676174e+00,4.481069e+00,8.402797e+00,3.800760e+00,3.147066e+00,2.980725e+00,2.952589e+00,8.633770e+00,3.413756e+00,3.224256e+00,5.286904e+00,4.054858e+00,3.126456e+00,4.800766e+00,4.123308e+00,3.557883e+00,3.660298e+00,3.444375e+00,3.238714e+00,3.831863e+00,2.807439e+00,4.433007e+00,7.838465e+00,2.780301e+00,6.747823e+00,2.702196e+00,2.704247e+00,3.211058e+00,8.925864e+00,3.988744e+00,3.890017e+00,6.961194e+00,2.610746e+00,2.967627e+00,3.095208e+00,3.447776e+00,2.759378e+00,3.975704e+00,3.170250e+00,4.852621e+00,4.719686e+00,4.096573e+00,2.934005e+00,3.917718e+00,4.910429e+00,4.624857e+00,4.498021e+00,4.468308e+00,4.586997e+00,4.954144e+00,2.973713e+00,3.229997e+00,4.073572e+00,3.049244e+00,3.894434e+00,4.401392e+00,4.523652e+00,4.722554e+00,8.662432e+00,2.998360e+00,4.408722e+00,4.621643e+00,4.728561e+00,4.967701e+00,4.981134e+00,4.840195e+00,4.946894e+00,4.285926e+00,4.572546e+00,4.937454e+00,4.879445e+00,4.801269e+00,4.754829e+00
4.867062e+00,4.758300e+00,4.857951e+00,4.769237e+00,4.659666e+00,4.546996e+00,4.843840e+00,4.639636e+00,4.887338e+00,4.567217e+00,3.353326e+00,4.765967e+00,4.792961e+00,4.661266e+00,4.314490e+00,4.117604e+00,4.041813e+00,3.237034e+00,4.228233e+00,6.998330e+00,6.095560e+00,4.722244e+00,4.476300e+00,2.904874e+00,3.333653e+00,3.760028e+00,3.157576e+00,4.923893e+00,3.252638e+00,4.335998e+00,4.033966e+00,3.848405e+00,3.489387e+00,6.029466e+00,5.475262e+00,3.450763e+00,2.956730e+00,3.600498e+00,2.652395e+00,3.817092e+00,4.575208e+00,3.005768e+00,3.136705e+00,3.199641e+00,3.312930e+00,4.211802e+00,3.223302e+00,9.040614e+00,4.914067e+00,2.543008e+00,5.033962e+00,5.553955e+00,7.655979e+00,3.695226e+00,9.736949e+00,8.988013e+00,1.040439e+01,4.529797e+00,2.861873e+00,1.024641e+01,3.185143e+00,7.166800e+00,4.123986e+00,4.297846e+00,2.801052e+00,2.804511e+00,3.763805e+00,2.660634e+00,4.276939e+00,3.130185e+00,2.890213e+00,3.698203e+00,4.178492e+00,3.103912e+00,4.696526e+00,4.419425e+00,3.780757e+00,4.521088e+00,4.540120e+00,4.705126e+00,4.558430e+00,4.503268e+00,4.791665e+00,4.684846e+00,4.482620e+00,4.769232e+00,3.099010e+00,3.841906e+00,3.106882e+00,4.016486e+00,4.781579e+00,4.488375e+00,4.616667e+00,4.700086e+00,3.654787e+00,4.381264e+00,4.715573e+00,4.809014e+00,4.785985e+00,4.829406e+00,4.789629e+00,4.918233e+00,4.561992e+00,5.008468e+00,4.965043e+00,4.873687e+00,4.876453e+00,4.857321e+00
4.764535e+00,4.765866e+00,4.618889e+00,4.611814e+00,4.863495e+00,4.810861e+00,4.397572e+00,4.457624e+00,4.787739e+00,4.881402e+00,3.751843e+00,4.837358e+00,4.822297e+00,4.524881e+00,4.632976e+00,4.096900e+00,3.404530e+00,4.422465e+00,6.766347e+00,2.771394e+00,2.992513e+00,4.713625e+00,4.646627e+00,2.861370e+00,2.885664e+00,4.808502e+00,6.184477e+00,3.294094e+00,4.468428e+00,2.522607e+00,6.914936e+00,2.900370e+00,6.791658e+00,3.045862e+00,2.925017e+00,3.156566e+00,4.211657e+00,3.059297e+00,5.440728e+00,2.973988e+00,4.574247e+00,2.876924e+00,3.830369e+00,7.259293e+00,3.195135e+00,4.570916e+00,2.922374e+00,3.389530e+00,3.266366e+00,7.135250e+00,3.396992e+00,9.503325e+00,4.477403e+00,2.503694e+00,3.012095e+00,3.221569e+00,4.252555e+00,2.820661e+00,3.372590e+00,4.497997e+00,4.941151e+00,4.807840e+00,4.353407e+00,2.884569e+00,2.890180e+00,2.972626e+00,2.919074e+00,4.009823e+00,3.410944e+00,4.343046e+00,3.151275e+00,5.469872e+00,2.595752e+00,3.113934e+00,3.999850e+00,4.187312e+00,4.671886e+00,4.550899e+00,4.038693e+00,4.201425e+00,4.389144e+00,4.836125e+00,2.895649e+00,4.765838e+00,4.190605e+00,2.863880e+00,3.926073e+00,3.152111e+00,4.207056e+00,3.889872e+00,4.675234e+00,4.773080e+00,4.869937e+00,4.679451e+00,3.273017e+00,2.973671e+00,4.455605e+00,4.733081e+00,4.549971e+00,4.839231e+00,5.011757e+00,4.593383e+00,4.376122e+00,4.710980e+00,4.913478e+00,4.891047e+00,4.697842e+00,4.729195e+00
4.833738e+00,4.481816e+00,4.754312e+00,4.849048e+00,4.814706e+00,4.908043e+00,4.811938e+00,4.383642e+00,4.791070e+00,4.667795e+00,4.802157e+00,4.541720e+00,4.376652e+00,4.275432e+00,4.428183e+00,4.226683e+00,4.033143e+00,2.846621e+00,7.446198e+00,4.675356e+00,4.922371e+00,4.496064e+00,3.055965e+00,2.777997e+00,4.974617e+00,3.662700e+00,9.041637e+00,3.236692e+00,4.749176e+00,3.088308e+00,2.869596e+00,6.526614e+00,8.093919e+00,2.847268e+00,3.122537e+00,3.398994e+00,9.598414e+00,2.753847e+00,3.252691e+00,5.907921e+00,2.601273e+00,2.863204e+00,3.378962e+00,9.035434e+00,4.142573e+00,4.148323e+00,5.694736e+00,3.980712e+00,2.943443e+00,3.749567e+00,2.654102e+00,5.291713e+00,8.162664e+00,8.134305e+00,4.432918e+00,4.642614e+00,4.906871e+00,4.734123e+00,4.557114e+00,4.300149e+00,4.824232e+00,4.902279e+00,4.734053e+00,4.798163e+00,4.917931e+00,4.615965e+00,4.676352e+00,4.137896e+00,4.110282e+00,3.000342e+00,3.735612e+00,3.529873e+00,2.917154e+00,3.657094e+00,5.377911e+00,4.061937e+00,3.249610e+00,3.061347e+00,3.606473e+00,4.746042e+00,4.558095e+00,4.774042e+00,4.722629e+00,4.468694e+00,4.437246e+00,4.304959e+00,4.390398e+00,4.507392e+00,3.342339e+00,2.796819e+00,4.700844e+00,4.394026e+00,4.698133e+00,4.750289e+00,4.675108e+00,3.314882e+00,4.242906e+00,4.301150e+00,4.752679e+00,4.907682e+00,4.942016e+00,4.877180e+00,4.698143e+00,4.933669e+00,4.691372e+00,4.923998e+00,4.699991e+00,4.601066e+00
4.936059e+00,4.721019e+00,4.447745e+00,4.763701e+00,4.618894e+00,4.716660e+00,4.796075e+00,4.589423e+00,4.928536e+00,4.394460e+00,4.717680e+00,4.713733e+00,4.868466e+00,4.856363e+00,3.890697e+00,4.014932e+00,4.008754e+00,2.901495e+00,3.177769e+00,3.889515e+00,5.035404e+00,4.814769e+00,2.724279e+00,3.371986e+00,4.723560e+00,8.152143e+00,2.552852e+00,4.108361e+00,3.975596e+00,4.636397e+00,3.120049e+00,2.582857e+00,3.305645e+00,9.202257e+00,2.844543e+00,9.217911e+00,5.201806e+00,6.633031e+00,6.414638e+00,2.470325e+00,4.177535e+00,4.486536e+00,7.243009e+00,8.582221e+00,3.364008e+00,3.233514e+00,2.698462e+00,4.896854e+00,2.666967e+00,3.242367e+00,7.662660e+00,2.748646e+00,4.307262e+00,4.464998e+00,4.591920e+00,4.600564e+00,4.560502e+00,4.853157e+00,4.460650e+00,4.786939e+00,4.687627e+00,4.722857e+00,4.495231e+00,4.855573e+00,4.137387e+00,4.260959e+00,4.659628e+00,4.832393e+00,4.607766e+00,3.072179e+00,4.944511e+00,2.726154e+00,2.858428e+00,2.952505e+00,3.203527e+00,4.172159e+00,3.476415e+00,4.140997e+00,3.228240e+00,4.758109e+00,4.827674e+00,4.797498e+00,2.677521e+00,3.232247e+00,5.674386e+00,3.295049e+00,3.297262e+00,2.859393e+00,5.820222e+00,3.772617e+00,4.060759e+00,3.943600e+00,4.649853e+00,4.955428e+00,4.814061e+00,3.161076e+00,2.457168e+00,4.821462e+00,4.679735e+00,4.854349e+00,4.843329e+00,4.817561e+00,4.658408e+00,4.892281e+00,4.820470e+00,4.838993e+00,4.716664e+00,4.022215e+00
4.624939e+00,4.431158e+00,4.864500e+00,4.727505e+00,4.797286e+00,4.630382e+00,4.510976e+00,4.656627e+00,4.811061e+00,4.097787e+00,4.902250e+00,4.433188e+00,4.763224e+00,4.266609e+00,2.509860e+00,3.057216e+00,4.335409e+00,3.262879e+00,3.133552e+00,4.715453e+00,4.721847e+00,4.225217e+00,2.870119e+00,4.355363e+00,3.093031e+00,3.373529e+00,2.761089e+00,2.831148e+00,4.362418e+00,4.631453e+00,4.959496e+00,3.145005e+00,2.874134e+00,3.132002e+00,3.263075e+00,4.674661e+00,3.311459e+00,4.372756e+00,3.297084e+00,3.644261e+00,4.760517e+00,4.699281e+00,3.212295e+00,3.894457e+00,3.676254e+00,2.557972e+00,4.113597e+00,3.343204e+00,6.363184e+00,4.256753e+00,4.972819e+00,4.844962e+00,4.549358e+00,4.492357e+00,4.756027e+00,4.806055e+00,4.876259e+00,4.661937e+00,4.706271e+00,4.589634e+00,3.978700e+00,4.545987e+00,4.698387e+00,4.195908e+00,4.679136e+00,4.736762e+00,4.714001e+00,3.354287e+00,4.504108e+00,4.700662e+00,4.872792e+00,3.566246e+00,2.699204e+00,4.439145e+00,3.134918e+00,4.293542e+00,4.572371e+00,4.268440e+00,4.041739e+00,3.862414e+00,4.619456e+00,4.122828e+00,5.380960e+00,2.971690e+00,3.852878e+00,4.132045e+00,3.218547e+00,2.800069e+00,3.106340e+00,3.284427e+00,4.455583e+00,2.575170e+00,4.205952e+00,4.472363e+00,5.027486e+00,4.897059e+00,5.209265e+00,4.454679e+00,4.598558e+00,4.910524e+00,4.668966e+00,4.548333e+00,4.820117e+00,4.764416e+00,4.792737e+00,5.043110e+00,4.673708e+00,4.767104e+00
4.761352e+00,4.777287e+00,4.821005e+00,4.639499e+00,4.399527e+00,4.657740e+00,4.910459e+00,4.730592e+00,4.640287e+00,4.750025e+00,4.838917e+00,4.860847e+00,4.904235e+00,3.837827e+00,4.391722e+00,3.271931e+00,3.361506e+00,3.934689e+00,4.709837e+00,4.880423e+00,3.594181e+00,3.034759e+00,2.881171e+00,3.117623e+00,2.782220e+00,2.816979e+00,8.651265e+00,3.701656e+00,4.262997e+00,4.396365e+00,4.647854e+00,3.290911e+00,2.506814e+00,3.359913e+00,3.028061e+00,3.042890e+00,7.575483e+00,9.109537e+00,4.918018e+00,2.719844e+00,5.364664e+00,2.598609e+00,4.114850e+00,3.976814e+00,3.283464e+00,2.575232e+00,2.698978e+00,4.861655e+00,2.814439e+00,4.332622e+00,4.805090e+00,3.867599e+00,4.455093e+00,3.930596e+00,4.836345e+00,4.766183e+00,4.876770e+00,4.682617e+00,4.582224e+00,4.906974e+00,3.657511e+00,4.581165e+00,4.371656e+00,4.447637e+00,4.119340e+00,4.811660e+00,4.652383e+00,4.095478e+00,4.394268e+00,3.162405e+00,4.682485e+00,4.708767e+00,2.603199e+00,3.848985e+00,3.095879e+00,3.550125e+00,5.085988e+00,2.833138e+00,4.213217e+00,4.283563e+00,4.788993e+00,3.398722e+00,3.092482e+00,2.662949e+00,3.359810e+00,3.108463e+00,2.963750e+00,4.285368e+00,3.951260e+00,3.941489e+00,4.125320e+00,3.925055e+00,4.363786e+00,4.801859e+00,4.748604e+00,4.771044e+00,4.288376e+00,3.566106e+00,4.927375e+00,4.651255e+00,4.455279e+00,4.920447e+00,4.588494e+00,4.965775e+00,5.016005e+00,4.964551e+00,4.240739e+00,4.259073e+00
4.266636e+00,4.638522e+00,4.095490e+00,4.955371e+00,4.787903e+00,4.581019e+00,5.029908e+00,4.958843e+00,3.980532e+00,4.877433e+00,4.882201e+00,3.582385e+00,4.576580e+00,3.511253e+00,4.057546e+00,3.136877e+00,4.067569e+00,3.732621e+00,4.934588e+00,4.775518e+00,3.004309e+00,3.372152e+00,3.937548e+00,3.249435e+00,3.820485e+00,3.892268e+00,3.808207e+00,2.784060e+00,4.738653e+00,4.670509e+00,4.327937e+00,4.783664e+00,4.683754e+00,4.130279e+00,2.672016e+00,4.400961e+00,2.954249e+00,4.007497e+00,8.979498e+00,3.494222e+00,3.259754e+00,3.235292e+00,4.062903e+00,2.796264e+00,4.477304e+00,2.924610e+00,2.323812e+00,4.967334e+00,4.667089e+00,4.855056e+00,4.531372e+00,4.190144e+00,3.532327e+00,4.636400e+00,4.387547e+00,4.188004e+00,3.859232e+00,4.186551e+00,4.321440e+00,4.570283e+00,4.281117e+00,4.742117e+00,4.519397e+00,4.468027e+00,2.479960e+00,2.929750e+00,4.238792e+00,2.460841e+00,4.156804e+00,3.662885e+00,4.163854e+00,4.563317e+00,4.833338e+00,4.538153e+00,2.286727e+00,3.188172e+00,2.992054e+00,2.991157e+00,3.486024e+00,3.373486e+00,3.014042e+00,2.502177e+00,3.068144e+00,3.420982e+00,8.895197e+00,2.827934e+00,3.872965e+00,3.559658e+00,2.533969e+00,3.005604e+00,2.847117e+00,3.869808e+00,4.549244e+00,4.410825e+00,4.520278e+00,4.557973e+00,4.210446e+00,2.881822e+00,4.446699e+00,4.772050e+00,4.902094e+00,4.600545e+00,4.849994e+00,4.780395e+00,4.929324e+00,4.860011e+00,4.593922e+00,4.785342e+00
4.783914e+00,4.863715e+00,4.710755e+00,4.667360e+00,4.715109e+00,4.663271e+00,4.814372e+00,4.533114e+00,4.369502e+00,4.896177e+00,4.856637e+00,4.548533e+00,3.900079e+00,4.056530e+00,4.453014e+00,4.504418e+00,4.001840e+00,4.357574e+00,5.110004e+00,4.607293e+00,3.717631e+00,9.217493e+00,4.742421e+00,3.712875e+00,4.409071e+00,3.136342e+00,8.872936e+00,4.299144e+00,4.259786e+00,4.801933e+00,2.638117e+00,4.505399e+00,4.258437e+00,4.361052e+00,4.687972e+00,4.732767e+00,4.797137e+00,4.519472e+00,4.103570e+00,7.452156e+00,3.213611e+00,3.108677e+00,2.997152e+00,3.153308e+00,2.820084e+00,4.136073e+00,4.922614e+00,4.511172e+00,4.556892e+00,4.713702e+00,4.751611e+00,3.637866e+00,3.362322e+00,4.147742e+00,3.601413e+00,3.374066e+00,3.149901e+00,3.028364e+00,4.198800e+00,3.057257e+00,2.899591e+00,3.529504e+00,3.806102e+00,3.271291e+00,3.664036e+00,3.076577e+00,4.769527e+00,4.367117e+00,4.550637e+00,3.260360e+00,3.593182e+00,4.505264e+00,4.684405e+00,4.709494e+00,6.090294e+00,2.858753e+00,3.284944e+00,3.070884e+00,4.680210e+00,4.338925e+00,3.446436e+00,2.974853e+00,8.004626e+00,3.181142e+00,3.800837e+00,4.557033e+00,3.262330e+00,4.702757e+00,4.470335e+00,4.359469e+00,4.079403e+00,4.042607e+00,4.799014e+00,3.439161e+00,4.801080e+00,4.828357e+00,4.932385e+00,4.193117e+00,4.687809e+00,4.441998e+00,4.273494e+00,4.207031e+00,4.930958e+00,4.611816e+00,4.738062e+00,4.813015e+00,4.901363e+00,4.744692e+00
4.793585e+00,4.936499e+00,4.857731e+00,4.676965e+00,4.592447e+00,4.667469e+00,4.216331e+00,4.439446e+00,5.019371e+00,4.444094e+00,4.459247e+00,4.238677e+00,4.508608e+00,4.485158e+00,4.089928e+00,3.288036e+00,3.677319e+00,4.775174e+00,4.842875e+00,4.575377e+00,4.519178e+00,4.200985e+00,3.784298e+00,3.114243e+00,3.417293e+00,3.311954e+00,3.412058e+00,4.220299e+00,4.912829e+00,4.698525e+00,4.846174e+00,4.494474e+00,3.297505e+00,4.177460e+00,3.878087e+00,4.343330e+00,4.467670e+00,4.684559e+00,4.053654e+00,4.817130e+00,4.096256e+00,3.892403e+00,2.752968e+00,4.656509e+00,4.768505e+00,4.722820e+00,4.097422e+00,4.669517e+00,4.896152e+00,4.328120e+00,4.254225e+00,2.723353e+00,3.035209e+00,4.475280e+00,2.526072e+00,4.557461e+00,4.569613e+00,4.237559e+00,3.376100e+00,3.464965e+00,4.243702e+00,3.416088e+00,4.560323e+00,2.955409e+00,3.095023e+00,6.510339e+00,4.709064e+00,2.558862e+00,2.478942e+00,2.854582e+00,2.792223e+00,3.293480e+00,4.758808e+00,4.860729e+00,4.855852e+00,4.524583e+00,5.368783e+00,4.161602e+00,3.105385e+00,3.211210e+00,6.637933e+00,3.353795e+00,9.005813e+00,3.215704e+00,2.892438e+00,3.518939e+00,2.474114e+00,3.372638e+00,3.687272e+00,3.143304e+00,4.125353e+00,4.580648e+00,3.295583e+00,3.448078e+00,4.635467e+00,4.859214e+00,4.970203e+00,4.375638e+00,3.203352e+00,4.507479e+00,4.905063e+00,4.711756e+00,4.554085e+00,4.796856e+00,4.427414e+00,4.847544e+00,4.528692e+00,4.742355e+00
4.890834e+00,4.572091e+00,4.277677e+00,4.932598e+00,4.930102e+00,4.838111e+00,4.265580e+00,4.045476e+00,4.527870e+00,4.885475e+00,4.129481e+00,2.623312e+00,4.518473e+00,4.285047e+00,3.163283e+00,3.410160e+00,3.991844e+00,4.706303e+00,4.536642e+00,4.829589e+00,4.261084e+00,2.961415e+00,4.426068e+00,3.182425e+00,2.972118e+00,5.858611e+00,2.641377e+00,4.881252e+00,4.770554e+00,4.556800e+00,4.293464e+00,3.185850e+00,4.275220e+00,3.488288e+00,2.832629e+00,3.411706e+00,3.969452e+00,4.399464e+00,3.257018e+00,4.763911e+00,4.400031e+00,4.386597e+00,4.725193e+00,4.789576e+00,4.804206e+00,4.554267e+00,3.049231e+00,4.413080e+00,4.633989e+00,3.557196e+00,3.333298e+00,5.102743e+00,9.308034e+00,5.209186e+00,2.842895e+00,5.293964e+00,3.188969e+00,4.125533e+00,3.456486e+00,4.122579e+00,3.313935e+00,3.602338e+00,3.268299e+00,5.909200e+00,3.723731e+00,3.376563e+00,4.365921e+00,3.301680e+00,3.867440e+00,3.102374e+00,3.386764e+00,2.869008e+00,4.085644e+00,3.453177e+00,4.573125e+00,4.831376e+00,3.947032e+00,3.372251e+00,3.155504e+00,4.185683e+00,4.728714e+00,3.318603e+00,4.105643e+00,4.218877e+00,3.592414e+00,3.940514e+00,3.451488e+00,3.690143e+00,4.333917e+00,4.258606e+00,4.877722e+00,4.607143e+00,3.239094e+00,4.550659e+00,4.472352e+00,4.411739e+00,4.460278e+00,4.691942e+00,3.385172e+00,4.712367e+00,4.685822e+00,4.905836e+00,4.746481e+00,4.883078e+00,4.734436e+00,4.724043e+00,4.995515e+00,5.042156e+00
4.780787e+00,4.831135e+00,4.969669e+00,4.534406e+00,4.871497e+00,4.776845e+00,4.722894e+00,4.710189e+00,4.932612e+00,4.648368e+00,4.547410e+00,3.174124e+00,3.323088e+00,3.467485e+00,6.205014e+00,3.374891e+00,4.685756e+00,4.471940e+00,4.154426e+00,3.240809e+00,3.106185e+00,2.743837e+00,3.109886e+00,5.520088e+00,3.491278e+00,3.388670e+00,4.572865e+00,4.306401e+00,3.694063e+00,4.662040e+00,3.956425e+00,3.228052e+00,4.852125e+00,3.249610e+00,4.282657e+00,3.393908e+00,2.563352e+00,3.862589e+00,4.505987e+00,4.471475e+00,7.250361e+00,3.325765e+00,4.102742e+00,4.254365e+00,4.378735e+00,4.511188e+00,3.376734e+00,4.001684e+00,2.740227e+00,2.916321e+00,6.896474e+00,5.022743e+00,4.482719e+00,3.172671e+00,3.915197e+00,4.794241e+00,4.537155e+00,3.208595e+00,4.186584e+00,4.313561e+00,4.570018e+00,3.998622e+00,6.995203e+00,8.063556e+00,5.047378e+00,8.213981e+00,4.883640e+00,4.449689e+00,4.240086e+00,5.718120e+00,4.205556e+00,3.467418e+00,3.635875e+00,4.411356e+00,3.949326e+00,4.809726e+00,4.689657e+00,3.906863e+00,2.914142e+00,3.255946e+00,3.616926e+00,4.631935e+00,4.163646e+00,3.339213e+00,4.119737e+00,4.581161e+00,4.166969e+00,4.905675e+00,4.487182e+00,4.738357e+00,4.792310e+00,4.913154e+00,4.023487e+00,3.977259e+00,3.981388e+00,4.565532e+00,4.799318e+00,4.820023e+00,2.885176e+00,4.797368e+00,4.743126e+00,4.885735e+00,3.938332e+00,4.794582e+00,4.973660e+00,4.818905e+00,4.769931e+00,4.896566e+00
4.654462e+00,4.837211e+00,4.836848e+00,4.742793e+00,4.891024e+00,2.558082e+00,4.689919e+00,4.906536e+00,4.817203e+00,4.920478e+00,4.219563e+00,3.341005e+00,4.523136e+00,4.407754e+00,3.378008e+00,2.755616e+00,4.353496e+00,4.711978e+00,3.449025e+00,4.098844e+00,4.376663e+00,3.750685e+00,3.197379e+00,3.345686e+00,3.594318e+00,3.020189e+00,3.963501e+00,4.567406e+00,4.707132e+00,4.634621e+00,2.989834e+00,4.643472e+00,3.140402e+00,4.605238e+00,3.006955e+00,2.969704e+00,3.326829e+00,3.688235e+00,3.146894e+00,4.889482e+00,3.631563e+00,4.209753e+00,4.164177e+00,3.746138e+00,4.740651e+00,3.483315e+00,3.361467e+00,4.470162e+00,4.563891e+00,4.332783e+00,4.101987e+00,4.187914e+00,4.754116e+00,4.511306e+00,3.774663e+00,4.265579e+00,4.421908e+00,4.227827e+00,4.757775e+00,3.240039e+00,4.451917e+00,4.257244e+00,3.873549e+00,2.740479e+00,3.644190e+00,4.126844e+00,3.340229e+00,4.097962e+00,3.157113e+00,4.686411e+00,3.847140e+00,4.348979e+00,4.282769e+00,4.367516e+00,4.399219e+00,3.411405e+00,4.944328e+00,3.981811e+00,2.842714e+00,2.967597e+00,4.318585e+00,4.107290e+00,4.555658e+00,4.515068e+00,4.562438e+00,4.698956e+00,4.681243e+00,4.607044e+00,4.606994e+00,4.256490e+00,4.534919e+00,4.814049e+00,3.980735e+00,3.831798e+00,3.224789e+00,4.762689e+00,4.922689e+00,4.591515e+00,4.199336e+00,2.862064e+00,4.728220e+00,4.750939e+00,4.567955e+00,4.905543e+00,4.679968e+00,4.619070e+00,4.869731e+00,4.729548e+00
4.630143e+00,4.803014e+00,4.810694e+00,4.850583e+00,4.905729e+00,4.775971e+00,3.506370e+00,4.822188e+00,4.667475e+00,4.470232e+00,4.466828e+00,3.266339e+00,4.244221e+00,4.427842e+00,2.365013e+00,3.772273e+00,4.873099e+00,4.900054e+00,4.514441e+00,3.111812e+00,4.469715e+00,2.832103e+00,3.296003e+00,5.203412e+00,3.094742e+00,4.397631e+00,4.386012e+00,4.570379e+00,4.879426e+00,4.226760e+00,3.989643e+00,4.384014e+00,4.445119e+00,4.356450e+00,2.948206e+00,3.526738e+00,3.271915e+00,2.952824e+00,4.426695e+00,2.620629e+00,4.108246e+00,4.199941e+00,4.766778e+00,3.449632e+00,3.752287e+00,4.523363e+00,3.516865e+00,4.602202e+00,3.063644e+00,2.956202e+00,3.063524e+00,4.915785e+00,4.079203e+00,4.412495e+00,2.770936e+00,3.352338e+00,4.330984e+00,4.620005e+00,4.234221e+00,4.517843e+00,3.259531e+00,3.947549e+00,3.849664e+00,3.381047e+00,4.497166e+00,3.032593e+00,3.026799e+00,2.443107e+00,3.219028e+00,3.168911e+00,3.190872e+00,3.311922e+00,3.011394e+00,4.216584e+00,4.423633e+00,4.496189e+00,4.873856e+00,3.157876e+00,3.906128e+00,3.443345e+00,2.963948e+00,4.400581e+00,4.382323e+00,4.515382e+00,4.272864e+00,4.803424e+00,4.491018e+00,4.661912e+00,4.865938e+00,4.308599e+00,4.668582e+00,4.710201e+00,4.046653e+00,4.146139e+00,4.776784e+00,4.741818e+00,4.860648e+00,4.333357e+00,4.202627e+00,3.064231e+00,3.190061e+00,4.539161e+00,4.764191e+00,4.516620e+00,4.995901e+00,4.775941e+00,4.772013e+00,4.789070e+00
4.724331e+00,4.518367e+00,4.827081e+00,4.759537e+00,4.448178e+00,4.410597e+00,4.119785e+00,4.704703e+00,4.585542e+00,4.760985e+00,4.638082e+00,4.083504e+00,3.340788e+00,4.444275e+00,2.972711e+00,4.301113e+00,5.027344e+00,3.234267e+00,3.687616e+00,3.042551e+00,4.636612e+00,4.432153e+00,2.975800e+00,3.800448e+00,4.280049e+00,4.748822e+00,4.730740e+00,4.442434e+00,3.148179e+00,4.357761e+00,2.789582e+00,3.220090e+00,3.137189e+00,3.323969e+00,4.395043e+00,3.975588e+00,4.420485e+00,2.995323e+00,4.776149e+00,3.786359e+00,2.471403e+00,4.260050e+00,3.551482e+00,3.188157e+00,3.735710e+00,4.332411e+00,3.771041e+00,9.075703e+00,2.518319e+00,4.739078e+00,4.186382e+00,4.604886e+00,4.777255e+00,4.691258e+00,4.929588e+00,4.830017e+00,4.355062e+00,4.802257e+00,4.684636e+00,4.566431e+00,4.455689e+00,3.921504e+00,4.543354e+00,2.781016e+00,4.519500e+00,3.395998e+00,3.546786e+00,3.203007e+00,3.316013e+00,3.649966e+00,4.923248e+00,4.426970e+00,4.433829e+00,4.159162e+00,4.046424e+00,3.585977e+00,3.266811e+00,4.557252e+00,3.190710e+00,4.061902e+00,3.993418e+00,4.447639e+00,4.029366e+00,4.873228e+00,3.546325e+00,4.862106e+00,3.520749e+00,3.808222e+00,7.431776e+00,4.149049e+00,4.212760e+00,4.594634e+00,4.780694e+00,4.689117e+00,3.312271e+00,4.757241e+00,4.925518e+00,4.558007e+00,4.622902e+00,2.756985e+00,4.668634e+00,4.744847e+00,4.746313e+00,4.517718e+00,4.809967e+00,4.755029e+00,4.852683e+00,4.901627e+00
4.520460e+00,4.535083e+00,4.805156e+00,4.868625e+00,4.964167e+00,4.822321e+00,4.616859e+00,4.820964e+00,4.237936e+00,4.414351e+00,4.241817e+00,4.276146e+00,4.672420e+00,3.382244e+00,3.728464e+00,4.506579e+00,4.288129e+00,4.342843e+00,3.081978e+00,3.234278e+00,3.527812e+00,9.497993e+00,3.236778e+00,3.455007e+00,4.507955e+00,3.849759e+00,4.322033e+00,4.452997e+00,3.112022e+00,2.650677e+00,3.052652e+00,4.123003e+00,4.493159e+00,4.278915e+00,4.646444e+00,4.951668e+00,2.571894e+00,4.483401e+00,3.288250e+00,2.393058e+00,3.812073e+00,4.286856e+00,2.937702e+00,2.962844e+00,3.806879e+00,9.133796e+00,2.408785e+00,2.504006e+00,4.546689e+00,3.135215e+00,3.979738e+00,4.511764e+00,3.936881e+00,4.519277e+00,4.576497e+00,4.335711e+00,4.864713e+00,4.803827e+00,3.095473e+00,4.440243e+00,4.826518e+00,4.457774e+00,4.807496e+00,4.578008e+00,3.901394e+00,3.267995e+00,3.221397e+00,3.518245e+00,3.297735e+00,3.109437e+00,2.242498e+00,4.332297e+00,3.876763e+00,2.825045e+00,2.900674e+00,4.555665e+00,8.806086e+00,4.713466e+00,3.044520e+00,2.893708e+00,4.755572e+00,4.646403e+00,4.488744e+00,4.465621e+00,4.388680e+00,4.360116e+00,4.828913e+00,4.724859e+00,4.500306e+00,4.782579e+00,3.032181e+00,4.574612e+00,4.840825e+00,4.581669e+00,4.371623e+00,4.398155e+00,4.673005e+00,4.897138e+00,4.665078e+00,3.369493e+00,4.624305e+00,4.507942e+00,4.589364e+00,4.777021e+00,4.547806e+00,4.996125e+00,4.520664e+00,4.828734e+00
4.610092e+00,4.617578e+00,4.459651e+00,4.782000e+00,4.667146e+00,4.804013e+00,4.949245e+00,4.751793e+00,4.449950e+00,4.383160e+00,4.497554e+00,3.608197e+00,3.014211e+00,4.500520e+00,3.019949e+00,4.771774e+00,4.718548e+00,4.410437e+00,3.406516e+00,4.481321e+00,5.624137e+00,3.557160e+00,3.298775e+00,3.243070e+00,4.446850e+00,4.792742e+00,4.593949e+00,4.173047e+00,3.529195e+00,3.125619e+00,1.033957e+01,2.810880e+00,2.926797e+00,3.179661e+00,3.330785e+00,4.474749e+00,4.048056e+00,4.291818e+00,3.979608e+00,2.935057e+00,3.433309e+00,4.065585e+00,3.399016e+00,3.012925e+00,3.533674e+00,2.851277e+00,3.400807e+00,4.289163e+00,5.027793e+00,3.681248e+00,4.232862e+00,4.096304e+00,3.412124e+00,4.672784e+00,4.043717e+00,5.022423e+00,4.333629e+00,4.303000e+00,4.611008e+00,4.602168e+00,4.663405e+00,4.369725e+00,4.181952e+00,2.541869e+00,4.477446e+00,2.883551e+00,3.250046e+00,2.835464e+00,3.447553e+00,7.952375e+00,2.931008e+00,2.987442e+00,4.470185e+00,3.924395e+00,4.504638e+00,4.316582e+00,3.108241e+00,3.385036e+00,3.947150e+00,3.106913e+00,3.224795e+00,3.219437e+00,3.611310e+00,4.710607e+00,4.611411e+00,4.797039e+00,4.554005e+00,4.169813e+00,4.508884e+00,4.891742e+00,4.875528e+00,2.852474e+00,4.541859e+00,3.275557e+00,3.650156e+00,2.843294e+00,4.895598e+00,5.034426e+00,4.766289e+00,2.826996e+00,4.563298e+00,4.879288e+00,4.893002e+00,4.865444e+00,4.875740e+00,4.768208e+00,4.274115e+00,4.816391e+00
4.363165e+00,4.536214e+00,4.825636e+00,4.445206e+00,4.805035e+00,4.625017e+00,4.749174e+00,4.746170e+00,4.707781e+00,4.613216e+00,4.710287e+00,4.424286e+00,2.873736e+00,3.901590e+00,3.830936e+00,4.611512e+00,4.019699e+00,3.031960e+00,5.053178e+00,3.471677e+00,3.567811e+00,3.971866e+00,3.495375e+00,3.331292e+00,4.618591e+00,4.876674e+00,3.683430e+00,4.702173e+00,3.641474e+00,2.556566e+00,3.376267e+00,3.051256e+00,4.420929e+00,3.337534e+00,3.767868e+00,4.693906e+00,4.721959e+00,3.085267e+00,4.458548e+00,4.414595e+00,3.068448e+00,3.657342e+00,4.247858e+00,3.910503e+00,3.860907e+00,4.856070e+00,3.903018e+00,4.762993e+00,4.950074e+00,4.815841e+00,4.152111e+00,2.726532e+00,3.814397e+00,4.948966e+00,2.883829e+00,4.191789e+00,4.611886e+00,4.581326e+00,4.298473e+00,3.270661e+00,3.475270e+00,4.416399e+00,4.196532e+00,4.094762e+00,4.324659e+00,3.502173e+00,3.955154e+00,2.498010e+00,3.256325e+00,3.262055e+00,3.037090e+00,3.655282e+00,2.864983e+00,2.770842e+00,3.372145e+00,3.954595e+00,3.952938e+00,3.509852e+00,4.429571e+00,2.843818e+00,3.356118e+00,4.203232e+00,2.961557e+00,4.381847e+00,3.095829e+00,4.864117e+00,4.665963e+00,4.743396e+00,3.583959e+00,4.898884e+00,3.165345e+00,4.247927e+00,5.285879e+00,3.085808e+00,3.647992e+00,4.671703e+00,4.705719e+00,4.718515e+00,4.221422e+00,3.200483e+00,3.812010e+00,4.492389e+00,4.583030e+00,4.482031e+00,4.700590e+00,4.120293e+00,4.650279e+00,4.807542e+00
4.889732e+00,4.365147e+00,4.784678e+00,4.514323e+00,4.838612e+00,4.754123e+00,4.760063e+00,4.925691e+00,4.625434e+00,3.901114e+00,4.214896e+00,4.503772e+00,3.939688e+00,9.416376e+00,4.439244e+00,4.666590e+00,4.784182e+00,4.058171e+00,6.033372e+00,3.376119e+00,3.397347e+00,3.741414e+00,3.938136e+00,4.420973e+00,3.944005e+00,4.773403e+00,7.010024e+00,3.452889e+00,3.578848e+00,3.809692e+00,4.404495e+00,3.409044e+00,3.172359e+00,4.530700e+00,4.736658e+00,4.351997e+00,4.632508e+00,3.051658e+00,3.894082e+00,4.738929e+00,4.769472e+00,4.952479e+00,4.098631e+00,4.673031e+00,2.966063e+00,3.903829e+00,4.950612e+00,4.742249e+00,4.704399e+00,4.513983e+00,4.487792e+00,2.661291e+00,3.380742e+00,4.899946e+00,4.257277e+00,4.664010e+00,4.684575e+00,5.015047e+00,4.605771e+00,4.906066e+00,3.043760e+00,4.455302e+00,4.699364e+00,3.611920e+00,4.917197e+00,3.688069e+00,3.170479e+00,3.689619e+00,3.327602e+00,3.341319e+00,6.922939e+00,7.559732e+00,2.984156e+00,2.795403e+00,3.113322e+00,3.221605e+00,4.336660e+00,3.224338e+00,3.931725e+00,4.789957e+00,3.404134e+00,4.217617e+00,3.507496e+00,3.195508e+00,4.642810e+00,4.696892e+00,4.242457e+00,4.953245e+00,4.865974e+00,4.689108e+00,4.514550e+00,4.541590e+00,3.311347e+00,3.149851e+00,3.659194e+00,3.563401e+00,4.713062e+00,4.808370e+00,4.792573e+00,2.338391e+00,3.260597e+00,3.781668e+00,4.728251e+00,4.740871e+00,4.736215e+00,4.499518e+00,4.810725e+00,4.864503e+00
4.773418e+00,4.768023e+00,4.853475e+00,4.406570e+00,4.632050e+00,4.811212e+00,4.523829e+00,4.698723e+00,4.579283e+00,3.618242e+00,3.602838e+00,3.556862e+00,3.145844e+00,3.522849e+00,4.787517e+00,4.547857e+00,4.437573e+00,4.149989e+00,3.098896e+00,3.279960e+00,4.192183e+00,4.671939e+00,4.173293e+00,4.425661e+00,4.583071e+00,3.210509e+00,3.976792e+00,2.953011e+00,2.919053e+00,3.577364e+00,3.373046e+00,2.921594e+00,3.826680e+00,4.034186e+00,2.767097e+00,4.375296e+00,4.683108e+00,4.360312e+00,4.689747e+00,4.661877e+00,4.157021e+00,3.892916e+00,4.661509e+00,4.613955e+00,3.611712e+00,3.146498e+00,4.862129e+00,2.786631e+00,4.930056e+00,4.899572e+00,4.364302e+00,4.597358e+00,4.600759e+00,4.635920e+00,4.401895e+00,4.734938e+00,4.849797e+00,4.106199e+00,3.005210e+00,4.580240e+00,4.651067e+00,3.512026e+00,3.672539e+00,4.733733e+00,3.159464e+00,3.409326e+00,3.254811e+00,3.459140e+00,2.561992e+00,4.203645e+00,2.911099e+00,3.956068e+00,3.277430e+00,4.560809e+00,4.833338e+00,3.355261e+00,3.354634e+00,3.403582e+00,4.952871e+00,2.955609e+00,4.483192e+00,3.839115e+00,4.378425e+00,3.714456e+00,4.323028e+00,4.804777e+00,4.736329e+00,4.535283e+00,4.437980e+00,4.681896e+00,4.320517e+00,4.103272e+00,2.862381e+00,3.996263e+00,4.384160e+00,3.972321e+00,4.407026e+00,4.590910e+00,4.828074e+00,3.642741e+00,4.592099e+00,3.150830e+00,5.089541e+00,5.010245e+00,4.365528e+00,4.497619e+00,4.830173e+00,4.620010e+00
4.739208e+00,4.301320e+00,4.195151e+00,4.799760e+00,3.676773e+00,4.634534e+00,4.732426e+00,4.907290e+00,4.670150e+00,4.333771e+00,4.165591e+00,4.059120e+00,3.287486e+00,2.568012e+00,4.706763e+00,4.858602e+00,3.249335e+00,5.162036e+00,3.608201e+00,2.607427e+00,3.421726e+00,3.687005e+00,4.263186e+00,4.344973e+00,4.973634e+00,3.275409e+00,3.994078e+00,3.559001e+00,2.922475e+00,4.015980e+00,3.249505e+00,3.697852e+00,4.362763e+00,4.806995e+00,3.842112e+00,2.848520e+00,4.784950e+00,4.084203e+00,3.507391e+00,4.105125e+00,4.657768e+00,5.112450e+00,5.576829e+00,2.953621e+00,3.274306e+00,4.826176e+00,4.545364e+00,4.548167e+00,4.355097e+00,3.784800e+00,4.859828e+00,4.267988e+00,4.529409e+00,4.642470e+00,3.595864e+00,4.466175e+00,4.847757e+00,3.952061e+00,4.681613e+00,3.179828e+00,3.595344e+00,4.447187e+00,3.972292e+00,4.392627e+00,3.912100e+00,3.135731e+00,9.493453e+00,4.285809e+00,3.420320e+00,4.371099e+00,3.940617e+00,3.885248e+00,3.867557e+00,2.911926e+00,3.021003e+00,3.848831e+00,2.846268e+00,3.845086e+00,4.620923e+00,7.537482e+00,3.836998e+00,4.086565e+00,3.053425e+00,4.847838e+00,3.355725e+00,4.525399e+00,3.654544e+00,3.506396e+00,4.438092e+00,4.025328e+00,4.625057e+00,4.398522e+00,3.922397e+00,3.756161e+00,4.061179e+00,4.100361e+00,3.910879e+00,4.708717e+00,4.735680e+00,3.000777e+00,3.549459e+00,4.851429e+00,4.708529e+00,4.773512e+00,4.984620e+00,4.847653e+00,4.760870e+00,4.960611e+00
4.812984e+00,4.255679e+00,4.645364e+00,4.698152e+00,4.427828e+00,4.658530e+00,4.267872e+00,4.509285e+00,4.723791e+00,4.560532e+00,4.300483e+00,3.187482e+00,4.653580e+00,4.011638e+00,4.972396e+00,4.894140e+00,4.090156e+00,4.478939e+00,3.528301e+00,7.018119e+00,3.303626e+00,4.288159e+00,2.910458e+00,4.960410e+00,4.644563e+00,3.226963e+00,3.488598e+00,3.252612e+00,4.199960e+00,2.597995e+00,4.315042e+00,3.588464e+00,4.707684e+00,2.799232e+00,3.726096e+00,4.512573e+00,3.043980e+00,4.272062e+00,4.232672e+00,3.064416e+00,4.027194e+00,7.667669e+00,3.189182e+00,3.439963e+00,4.600154e+00,4.881837e+00,4.381060e+00,4.450039e+00,4.079903e+00,4.361397e+00,6.584762e+00,8.869069e+00,6.225854e+00,6.720745e+00,2.874589e+00,4.272619e+00,4.372664e+00,4.376667e+00,4.174591e+00,5.786975e+00,4.583921e+00,4.453393e+00,3.492939e+00,4.307731e+00,4.489779e+00,2.584047e+00,3.219057e+00,2.456514e+00,5.027282e+00,5.047133e+00,4.489064e+00,3.498961e+00,3.770451e+00,4.332633e+00,4.459079e+00,3.193631e+00,2.786070e+00,3.335299e+00,4.511673e+00,5.673496e+00,2.595122e+00,3.724514e+00,4.433217e+00,2.758733e+00,4.073619e+00,4.107815e+00,3.305693e+00,3.523050e+00,3.747044e+00,3.888635e+00,3.521220e+00,3.374629e+00,3.479417e+00,4.809952e+00,3.700567e+00,3.558140e+00,4.518561e+00,4.534624e+00,4.331912e+00,3.305084e+00,2.789552e+00,4.239626e+00,4.706886e+00,4.778788e+00,4.561958e+00,4.764347e+00,4.430777e+00,4.441674e+00
4.644591e+00,4.237761e+00,4.327739e+00,4.778516e+00,4.666910e+00,2.926300e+00,4.401488e+00,4.852090e+00,4.880647e+00,4.416440e+00,4.106741e+00,3.285180e+00,3.556260e+00,3.265104e+00,4.897070e+00,4.661684e+00,3.606286e+00,2.930776e+00,3.510903e+00,3.798949e+00,3.784609e+00,4.565902e+00,4.471076e+00,4.179638e+00,4.295226e+00,3.025756e+00,4.007697e+00,4.510567e+00,4.314192e+00,3.757835e+00,3.415620e+00,4.327033e+00,4.620440e+00,4.492323e+00,4.164038e+00,2.781221e+00,4.607638e+00,3.072564e+00,2.745320e+00,2.586674e+00,3.592373e+00,3.398856e+00,4.803050e+00,4.764867e+00,4.610133e+00,4.226050e+00,3.556704e+00,4.121066e+00,6.368136e+00,8.230234e+00,3.303158e+00,2.949214e+00,3.930440e+00,3.824536e+00,4.024472e+00,4.263060e+00,4.510409e+00,3.789924e+00,2.945818e+00,3.956048e+00,4.205855e+00,3.111537e+00,3.613704e+00,3.374480e+00,3.584660e+00,4.370227e+00,3.736331e+00,3.896963e+00,7.988092e+00,3.180140e+00,3.729424e+00,3.184662e+00,4.177540e+00,2.802888e+00,2.981658e+00,4.041935e+00,7.938341e+00,3.468711e+00,4.320032e+00,2.766270e+00,4.354274e+00,3.220281e+00,4.081985e+00,4.576907e+00,2.829956e+00,6.097709e+00,3.358269e+00,3.291307e+00,4.077478e+00,3.602582e+00,3.703838e+00,3.200895e+00,3.599132e+00,4.562006e+00,3.213991e+00,3.665476e+00,4.680615e+00,4.501952e+00,4.661531e+00,4.782153e+00,4.811650e+00,4.313142e+00,4.788062e+00,4.659975e+00,4.929915e+00,4.718462e+00,4.907726e+00,4.212285e+00
4.806751e+00,4.609143e+00,5.006672e+00,4.561483e+00,4.804036e+00,4.573037e+00,4.869371e+00,4.610977e+00,4.586393e+00,4.476786e+00,4.195244e+00,4.017606e+00,2.755082e+00,4.012273e+00,4.364488e+00,4.669399e+00,9.103760e+00,3.235008e+00,4.519901e+00,4.036657e+00,3.105789e+00,3.954147e+00,4.309160e+00,5.438188e+00,7.328086e+00,3.410802e+00,4.664023e+00,5.392386e+00,3.145387e+00,3.616491e+00,4.309075e+00,4.519883e+00,3.476885e+00,4.306570e+00,3.862683e+00,3.391583e+00,4.727979e+00,4.283685e+00,4.207952e+00,3.601337e+00,4.479566e+00,4.710138e+00,4.476015e+00,3.965413e+00,4.454479e+00,3.145104e+00,4.521411e+00,3.549893e+00,3.252821e+00,4.128783e+00,3.678212e+00,4.325615e+00,3.555022e+00,3.459570e+00,3.990081e+00,4.361775e+00,3.333495e+00,3.121552e+00,2.566974e+00,3.338936e+00,3.358427e+00,4.581953e+00,3.472561e+00,3.294775e+00,2.869133e+00,4.298305e+00,2.918654e+00,2.915987e+00,2.650234e+00,3.403043e+00,4.060439e+00,4.097025e+00,2.935580e+00,4.580201e+00,3.840635e+00,4.264891e+00,3.270493e+00,3.557098e+00,3.134216e+00,3.310283e+00,4.057625e+00,3.390545e+00,4.301432e+00,3.332664e+00,3.229754e+00,3.814986e+00,4.039321e+00,3.507316e+00,3.680365e+00,3.395330e+00,3.866846e+00,3.356861e+00,4.322175e+00,4.565419e+00,2.927788e+00,3.550152e+00,4.834759e+00,4.273244e+00,4.831915e+00,4.599604e+00,3.180980e+00,4.674968e+00,4.486983e+00,4.762404e+00,4.705385e+00,4.508860e+00,4.804705e+00,4.817141e+00
4.704178e+00,4.756591e+00,4.655624e+00,4.654357e+00,4.128310e+00,3.717045e+00,4.961347e+00,4.579221e+00,4.816098e+00,3.547523e+00,3.014106e+00,3.725442e+00,3.663444e+00,4.738356e+00,5.106270e+00,4.624059e+00,3.546705e+00,2.875052e+00,3.209410e+00,4.601129e+00,3.223385e+00,5.029564e+00,3.617350e+00,5.814266e+00,3.655016e+00,3.670691e+00,3.274331e+00,5.566885e+00,4.168133e+00,3.516245e+00,2.733245e+00,4.312182e+00,4.725507e+00,4.526457e+00,4.766334e+00,4.256441e+00,2.994323e+00,3.979298e+00,3.436332e+00,4.210112e+00,4.577231e+00,4.233730e+00,4.784092e+00,3.718587e+00,3.082321e+00,2.684160e+00,3.263527e+00,8.010116e+00,4.453199e+00,3.351080e+00,4.568158e+00,4.451025e+00,3.607834e+00,3.943800e+00,4.075073e+00,2.789154e+00,4.046906e+00,4.048142e+00,3.511643e+00,4.476443e+00,4.049797e+00,4.392906e+00,2.696640e+00,3.416261e+00,2.680010e+00,3.435488e+00,3.637046e+00,8.916942e+00,3.394745e+00,2.981141e+00,3.786589e+00,3.287718e+00,4.055855e+00,3.233959e+00,4.382120e+00,3.337207e+00,4.606459e+00,2.870516e+00,4.377568e+00,3.204192e+00,3.236615e+00,3.551685e+00,3.186015e+00,2.880412e+00,3.176211e+00,3.284292e+00,3.941729e+00,3.839939e+00,4.681409e+00,3.812424e+00,3.401649e+00,3.826105e+00,3.466239e+00,3.309193e+00,3.596409e+00,4.121761e+00,4.883533e+00,4.439020e+00,4.590616e+00,3.820333e+00,3.115027e+00,4.678514e+00,4.760662e+00,4.950669e+00,4.425439e+00,4.770032e+00,4.765535e+00,4.577237e+00
4.792779e+00,4.726279e+00,4.672754e+00,4.766955e+00,4.622487e+00,3.661756e+00,4.379383e+00,4.395896e+00,4.245445e+00,4.454271e+00,4.149301e+00,3.807042e+00,3.046032e+00,3.350275e+00,4.394358e+00,4.244470e+00,3.388479e+00,4.227290e+00,3.552401e+00,4.067490e+00,4.815298e+00,2.955790e+00,2.814507e+00,3.508588e+00,3.228845e+00,4.590086e+00,4.257757e+00,3.362158e+00,4.386022e+00,4.541865e+00,3.513135e+00,3.546643e+00,4.157600e+00,3.490367e+00,3.997284e+00,4.154948e+00,3.845818e+00,3.648828e+00,4.709654e+00,4.569993e+00,4.666780e+00,4.265021e+00,3.219484e+00,4.269194e+00,3.406523e+00,2.965911e+00,2.934563e+00,4.610848e+00,4.149697e+00,2.892466e+00,4.632418e+00,4.244170e+00,3.601527e+00,4.479380e+00,3.703683e+00,4.354622e+00,3.873182e+00,4.124904e+00,3.241612e+00,3.830576e+00,2.870516e+00,3.872162e+00,4.161641e+00,3.070348e+00,3.752226e+00,6.295053e+00,2.679271e+00,4.483059e+00,3.438515e+00,6.636321e+00,3.332960e+00,3.057578e+00,3.266509e+00,3.295912e+00,4.668071e+00,3.588932e+00,3.743627e+00,3.280299e+00,4.675530e+00,4.484722e+00,3.169202e+00,3.257267e+00,4.392167e+00,4.369779e+00,3.342431e+00,4.061499e+00,4.316875e+00,4.501797e+00,4.496208e+00,3.428531e+00,3.817034e+00,4.898857e+00,3.909985e+00,3.869935e+00,4.350641e+00,4.322963e+00,4.556558e+00,4.335904e+00,4.575521e+00,4.545527e+00,4.442700e+00,4.691257e+00,4.761102e+00,4.843940e+00,4.841672e+00,4.496752e+00,4.240272e+00,5.012053e+00
4.866413e+00,4.712817e+00,4.857139e+00,4.826525e+00,4.432229e+00,4.036369e+00,4.954796e+00,4.586402e+00,4.649541e+00,4.016821e+00,4.644845e+00,3.034982e+00,4.094080e+00,9.740208e+00,4.245135e+00,4.248214e+00,3.267489e+00,3.453377e+00,2.925962e+00,3.836776e+00,4.794458e+00,4.238730e+00,3.066893e+00,4.639115e+00,3.618622e+00,3.544257e+00,3.997919e+00,3.483485e+00,3.399327e+00,3.515041e+00,3.429273e+00,4.612572e+00,2.736486e+00,3.871124e+00,3.020673e+00,4.048955e+00,4.665390e+00,3.790041e+00,4.561878e+00,4.716162e+00,4.341580e+00,4.708010e+00,4.496081e+00,3.337111e+00,4.306879e+00,3.173799e+00,3.687711e+00,3.678251e+00,4.378234e+00,3.372599e+00,3.235281e+00,3.558277e+00,4.570755e+00,4.602833e+00,4.312170e+00,3.541517e+00,3.023864e+00,3.426287e+00,3.782220e+00,2.749269e+00,3.309014e+00,5.549092e+00,5.610360e+00,3.828542e+00,3.153236e+00,3.343914e+00,8.097374e+00,9.461297e+00,4.964805e+00,3.668736e+00,9.278758e+00,3.467111e+00,2.986222e+00,3.344093e+00,3.882186e+00,4.323241e+00,4.745360e+00,3.735571e+00,4.483452e+00,4.119982e+00,3.256282e+00,4.518517e+00,3.783202e+00,3.958536e+00,3.140908e+00,3.980865e+00,4.584977e+00,7.190620e+00,4.863173e+00,4.405194e+00,3.858824e+00,4.133690e+00,3.865665e+00,3.277688e+00,3.871639e+00,4.643905e+00,4.759544e+00,4.666348e+00,4.522350e+00,4.637690e+00,5.415735e+00,3.798695e+00,4.413773e+00,4.610412e+00,4.787658e+00,4.387082e+00,4.700991e+00,4.651815e+00
4.811065e+00,4.823283e+00,4.103844e+00,4.518443e+00,3.742464e+00,3.944326e+00,4.523953e+00,4.838888e+00,4.146428e+00,3.914508e+00,4.675406e+00,3.940643e+00,3.603095e+00,4.751925e+00,3.299591e+00,5.018557e+00,5.328229e+00,3.046159e+00,3.298987e+00,4.433076e+00,4.631477e+00,5.648429e+00,4.166208e+00,3.482427e+00,3.288542e+00,3.144703e+00,3.386767e+00,4.318950e+00,2.641469e+00,3.384319e+00,4.102223e+00,3.486819e+00,4.059671e+00,2.933523e+00,5.016060e+00,3.562570e+00,4.064768e+00,3.711722e+00,4.295310e+00,4.566660e+00,4.419062e+00,3.812159e+00,4.384543e+00,2.912757e+00,3.346915e+00,4.428488e+00,4.081428e+00,3.926531e+00,3.777143e+00,3.596682e+00,3.129137e+00,3.660475e+00,4.236938e+00,4.084210e+00,4.163826e+00,3.144718e+00,3.658808e+00,3.275455e+00,6.182930e+00,9.666750e+00,3.268387e+00,3.458222e+00,4.270668e+00,3.402544e+00,3.618454e+00,4.467511e+00,8.996502e+00,4.596609e+00,1.031922e+01,7.389152e+00,2.929273e+00,3.767022e+00,3.435853e+00,4.280591e+00,4.209422e+00,4.100862e+00,4.115320e+00,3.521803e+00,4.413087e+00,3.374692e+00,3.341773e+00,3.958577e+00,3.539284e+00,3.355932e+00,3.566401e+00,3.000917e+00,2.988594e+00,3.356595e+00,4.823468e+00,4.740591e+00,3.875629e+00,3.766128e+00,3.286338e+00,3.588038e+00,3.970282e+00,4.788814e+00,4.571394e+00,4.514946e+00,4.688083e+00,4.459231e+00,3.230575e+00,4.035218e+00,4.617060e+00,4.743213e+00,4.831754e+00,4.725683e+00,4.554052e+00,4.792210e+00
4.875411e+00,4.319286e+00,4.813114e+00,4.886149e+00,4.666492e+00,4.238598e+00,4.876646e+00,4.993445e+00,4.650568e+00,4.367294e+00,4.250818e+00,3.385896e+00,4.016529e+00,4.020490e+00,4.039430e+00,4.429686e+00,4.066644e+00,2.868825e+00,3.592020e+00,3.902828e+00,5.639272e+00,3.176549e+00,5.466556e+00,3.821613e+00,3.082756e+00,4.340689e+00,4.337860e+00,2.885683e+00,4.619753e+00,3.777944e+00,4.216238e+00,3.810503e+00,3.532962e+00,3.387563e+00,2.931222e+00,3.846699e+00,4.368877e+00,5.245571e+00,4.448754e+00,4.428702e+00,4.393233e+00,3.608391e+00,3.785981e+00,4.132039e+00,4.354691e+00,4.292825e+00,3.321395e+00,3.643480e+00,3.567212e+00,4.672567e+00,4.797450e+00,3.657780e+00,4.600643e+00,3.865948e+00,4.005553e+00,5.956820e+00,4.980230e+00,6.365296e+00,4.499702e+00,4.065015e+00,4.457251e+00,4.289057e+00,5.192714e+00,4.193016e+00,9.646729e+00,3.572709e+00,7.920736e+00,3.108494e+00,4.438488e+00,4.508217e+00,3.589288e+00,4.312775e+00,3.248632e+00,3.533561e+00,3.165144e+00,4.588505e+00,3.801072e+00,3.182420e+00,4.440594e+00,3.209688e+00,3.342630e+00,3.039826e+00,3.393497e+00,3.436887e+00,3.347575e+00,3.232357e+00,4.208011e+00,4.620614e+00,4.793894e+00,3.319576e+00,4.344949e+00,3.515250e+00,4.045562e+00,3.950762e+00,3.933607e+00,4.302848e+00,4.545418e+00,4.290787e+00,4.790817e+00,4.660461e+00,3.521955e+00,4.745783e+00,4.526071e+00,4.487893e+00,4.706006e+00,4.539002e+00,4.555698e+00,4.975750e+00
4.675568e+00,4.412976e+00,4.680902e+00,4.606893e+00,4.467667e+00,4.859374e+00,4.682514e+00,4.687363e+00,4.255064e+00,3.910121e+00,3.659299e+00,3.829652e+00,4.145542e+00,5.026010e+00,3.517209e+00,4.378986e+00,4.277034e+00,3.602801e+00,4.940071e+00,4.270416e+00,5.059273e+00,3.003567e+00,2.944133e+00,4.321050e+00,4.954015e+00,3.982033e+00,3.382001e+00,4.146260e+00,3.297464e+00,4.660292e+00,3.547702e+00,4.292243e+00,4.083499e+00,4.533379e+00,4.626253e+00,4.175564e+00,4.250577e+00,4.937992e+00,4.810636e+00,4.627836e+00,4.422206e+00,4.630721e+00,4.396138e+00,4.524992e+00,3.737099e+00,4.145722e+00,3.946836e+00,4.085618e+00,4.315344e+00,3.447555e+00,3.462299e+00,3.439441e+00,2.981935e+00,3.284463e+00,5.639710e+00,7.102911e+00,3.494463e+00,3.045758e+00,3.176542e+00,4.172458e+00,3.397067e+00,3.033042e+00,8.755163e+00,4.164797e+00,3.759209e+00,4.357653e+00,5.471346e+00,6.368069e+00,3.234397e+00,3.430121e+00,3.965405e+00,3.315917e+00,4.013392e+00,3.735820e+00,3.924383e+00,3.344343e+00,4.523154e+00,4.806496e+00,3.731003e+00,3.130233e+00,4.989019e+00,2.704376e+00,3.491066e+00,5.161977e+00,3.466466e+00,4.192249e+00,2.986351e+00,4.599538e+00,4.603704e+00,3.355141e+00,4.635068e+00,2.880842e+00,3.131964e+00,4.452494e+00,3.765180e+00,3.248762e+00,4.424147e+00,4.715972e+00,4.824632e+00,3.261030e+00,4.765468e+00,4.789595e+00,4.855225e+00,4.454703e+00,4.650578e+00,4.701889e+00,4.354361e+00,4.599378e+00
4.679508e+00,4.939511e+00,4.742234e+00,4.593639e+00,4.817178e+00,3.584874e+00,4.624531e+00,4.687955e+00,4.650808e+00,4.629918e+00,4.280891e+00,3.809238e+00,4.237128e+00,3.860629e+00,3.257874e+00,4.932223e+00,4.734477e+00,4.533810e+00,4.902379e+00,3.792621e+00,9.209661e+00,3.326212e+00,4.421068e+00,3.629155e+00,3.229828e+00,3.177659e+00,3.059970e+00,3.867274e+00,3.413281e+00,4.499435e+00,3.062324e+00,5.973633e+00,4.549975e+00,3.881690e+00,4.196216e+00,3.611243e+00,3.265880e+00,4.321838e+00,4.782058e+00,4.544605e+00,4.377590e+00,3.619082e+00,3.955295e+00,3.692957e+00,4.157183e+00,3.350358e+00,3.632149e+00,3.661512e+00,3.707726e+00,3.900743e+00,4.126637e+00,4.102582e+00,3.294266e+00,4.688362e+00,3.705440e+00,4.680167e+00,3.715551e+00,4.216534e+00,3.508932e+00,3.307772e+00,4.255623e+00,4.384406e+00,3.960766e+00,7.807731e+00,5.209276e+00,3.526304e+00,8.866186e+00,8.729387e+00,4.898078e+00,5.723220e+00,4.899216e+00,3.941379e+00,3.881526e+00,4.017537e+00,4.148085e+00,4.795781e+00,3.957950e+00,4.716634e+00,4.419009e+00,5.089710e+00,3.771041e+00,3.310028e+00,3.298876e+00,4.690358e+00,4.384725e+00,3.295487e+00,4.607837e+00,4.861553e+00,4.535282e+00,3.025756e+00,3.639778e+00,4.160342e+00,3.657111e+00,3.883337e+00,3.438387e+00,4.330993e+00,4.150644e+00,4.827701e+00,4.850746e+00,4.477831e+00,3.505535e+00,4.363153e+00,4.421875e+00,4.787875e+00,4.548402e+00,4.532870e+00,4.742076e+00,4.034641e+00
4.776816e+00,4.302674e+00,4.755342e+00,4.573103e+00,4.400528e+00,4.494697e+00,4.573633e+00,4.822297e+00,4.580882e+00,4.277644e+00,4.379692e+00,4.126018e+00,3.976217e+00,4.233741e+00,4.917938e+00,4.031402e+00,4.023450e+00,4.429241e+00,4.201619e+00,9.696957e+00,3.581074e+00,4.233492e+00,4.030479e+00,9.120838e+00,3.574292e+00,4.294265e+00,3.995061e+00,3.500302e+00,4.639709e+00,5.240052e+00,3.080726e+00,3.830475e+00,3.437030e+00,4.393505e+00,4.281279e+00,3.565169e+00,4.361939e+00,4.482411e+00,4.806123e+00,4.548204e+00,4.470999e+00,4.762048e+00,3.237418e+00,3.571225e+00,3.305691e+00,3.931996e+00,4.749841e+00,4.429841e+00,3.898202e+00,3.412276e+00,3.113776e+00,4.052193e+00,4.268646e+00,4.375880e+00,3.538623e+00,3.392684e+00,4.152985e+00,4.194034e+00,4.229506e+00,3.804008e+00,4.497141e+00,4.605803e+00,4.534432e+00,3.027982e+00,3.739671e+00,3.716991e+00,3.835368e+00,8.242421e+00,3.751125e+00,3.368868e+00,3.934436e+00,3.375208e+00,4.254314e+00,4.082322e+00,4.417243e+00,4.507008e+00,4.716702e+00,4.777875e+00,3.251044e+00,4.566064e+00,4.433424e+00,2.854365e+00,3.808300e+00,3.233550e+00,3.759886e+00,3.805846e+00,3.645450e+00,4.462873e+00,4.626631e+00,3.729387e+00,4.275181e+00,4.494021e+00,3.783868e+00,4.418957e+00,4.505515e+00,4.411148e+00,4.059140e+00,4.748384e+00,4.537484e+00,3.807171e+00,4.705618e+00,4.297235e+00,4.479335e+00,4.573107e+00,4.660997e+00,4.817555e+00,4.529914e+00,4.547821e+00
4.589746e+00,4.686904e+00,4.442919e+00,4.677416e+00,4.960606e+00,4.877954e+00,4.210552e+00,4.650298e+00,4.737732e+00,4.734765e+00,4.215195e+00,3.676375e+00,3.281248e+00,3.413023e+00,3.917346e+00,3.971322e+00,4.665770e+00,3.285096e+00,2.835208e+00,6.225577e+00,8.639023e+00,5.076388e+00,3.297719e+00,2.988068e+00,2.912791e+00,2.962083e+00,3.297842e+00,2.852778e+00,3.735699e+00,3.223660e+00,3.264405e+00,6.244797e+00,3.489438e+00,4.222423e+00,3.809644e+00,3.025056e+00,4.422028e+00,4.521909e+00,4.827005e+00,3.225331e+00,4.280628e+00,4.748080e+00,3.909467e+00,4.429712e+00,3.312511e+00,3.291337e+00,3.228405e+00,4.189699e+00,4.662903e+00,2.922908e+00,3.972801e+00,3.787746e+00,4.024813e+00,4.078767e+00,5.234875e+00,3.887139e+00,4.549151e+00,4.177119e+00,3.455001e+00,4.733110e+00,4.648152e+00,4.807170e+00,4.218411e+00,4.576000e+00,4.607739e+00,4.465849e+00,2.925946e+00,4.168359e+00,9.441481e+00,5.192476e+00,3.480904e+00,3.824612e+00,4.330830e+00,4.412460e+00,3.630326e+00,4.695440e+00,4.138647e+00,5.296144e+00,4.099315e+00,4.753306e+00,9.053713e+00,3.109978e+00,2.483740e+00,3.524013e+00,3.544614e+00,2.779010e+00,4.874478e+00,4.517808e+00,5.023090e+00,3.452183e+00,3.377401e+00,4.494316e+00,3.714337e+00,3.874575e+00,4.221742e+00,4.146655e+00,3.916855e+00,4.749741e+00,4.217412e+00,3.448425e+00,4.693350e+00,4.616765e+00,4.558931e+00,4.367928e+00,4.756562e+00,4.175981e+00,4.726491e+00,4.734640e+00
4.747031e+00,4.691317e+00,4.415137e+00,4.656981e+00,4.741322e+00,4.629290e+00,4.116147e+00,4.656749e+00,4.753030e+00,3.862560e+00,4.330916e+00,4.747948e+00,4.473126e+00,2.658215e+00,2.913687e+00,3.864871e+00,4.305150e+00,3.174786e+00,4.964021e+00,1.041866e+01,8.853122e+00,2.981583e+00,4.741038e+00,3.994049e+00,3.093820e+00,3.398385e+00,6.422090e+00,3.950446e+00,2.649351e+00,5.709485e+00,8.529914e+00,4.802372e+00,4.178553e+00,4.501513e+00,4.383993e+00,3.720290e+00,4.775356e+00,4.136125e+00,4.809396e+00,4.251369e+00,3.693481e+00,4.137204e+00,4.132474e+00,3.877186e+00,2.715651e+00,3.427215e+00,3.790808e+00,4.134469e+00,4.529200e+00,4.164305e+00,4.065820e+00,4.378882e+00,4.357344e+00,3.297872e+00,3.107207e+00,3.924952e+00,4.584526e+00,4.314446e+00,3.270814e+00,4.698676e+00,4.735113e+00,4.619858e+00,4.124595e+00,3.069642e+00,4.769147e+00,4.035143e+00,4.552325e+00,3.725147e+00,3.094393e+00,2.824183e+00,4.001929e+00,4.236992e+00,4.026064e+00,4.454671e+00,4.463586e+00,4.175726e+00,4.683020e+00,8.285963e+00,4.193796e+00,2.982200e+00,4.151891e+00,7.271389e+00,3.420065e+00,4.325360e+00,3.329729e+00,3.466699e+00,4.946751e+00,4.420766e+00,3.456744e+00,4.566415e+00,3.331924e+00,3.597468e+00,4.504464e+00,4.515832e+00,4.149956e+00,4.138595e+00,4.504479e+00,3.933633e+00,4.375422e+00,4.094679e+00,4.638485e+00,5.076826e+00,4.277692e+00,4.901296e+00,4.406599e+00,4.760833e+00,4.738068e+00,4.608841e+00
4.393761e+00,4.804725e+00,4.536057e+00,4.664280e+00,4.667394e+00,3.868081e+00,4.191793e+00,4.805467e+00,4.879155e+00,4.838448e+00,4.338931e+00,3.725103e+00,3.220257e+00,3.884232e+00,2.865435e+00,3.767250e+00,4.768568e+00,4.322703e+00,3.904583e+00,2.766499e+00,3.313431e+00,4.029608e+00,3.258111e+00,4.626316e+00,4.544105e+00,2.963713e+00,3.688362e+00,4.489476e+00,4.493194e+00,4.194235e+00,4.144064e+00,4.627707e+00,3.966758e+00,4.549781e+00,3.798787e+00,4.716335e+00,4.581898e+00,4.483930e+00,4.659857e+00,4.648130e+00,4.221341e+00,3.244210e+00,4.410003e+00,3.711841e+00,3.263965e+00,4.139681e+00,3.488814e+00,3.862998e+00,3.013016e+00,4.442375e+00,4.690378e+00,3.183539e+00,4.769441e+00,3.596744e+00,3.296271e+00,4.828484e+00,4.199154e+00,4.668732e+00,3.824527e+00,4.602265e+00,4.156971e+00,4.883348e+00,4.152337e+00,3.270623e+00,4.381709e+00,3.567054e+00,4.036217e+00,4.641418e+00,4.502751e+00,4.329219e+00,4.369950e+00,4.379924e+00,4.784412e+00,3.851520e+00,4.393679e+00,4.735329e+00,3.541872e+00,3.187734e+00,2.976574e+00,3.898795e+00,3.132338e+00,6.094052e+00,3.112112e+00,4.121524e+00,3.816704e+00,4.482741e+00,4.181808e+00,4.808637e+00,2.911168e+00,3.195321e+00,4.431354e+00,2.992471e+00,4.542353e+00,3.997543e+00,4.244682e+00,4.710883e+00,4.377113e+00,4.824499e+00,3.499777e+00,3.147012e+00,3.790311e+00,4.956210e+00,4.149115e+00,4.899460e+00,4.674456e+00,4.756577e+00,4.523340e+00,4.334418e+00
4.629372e+00,4.775998e+00,4.729264e+00,4.467124e+00,4.582847e+00,4.450806e+00,4.233391e+00,4.927778e+00,4.796531e+00,4.654741e+00,4.425587e+00,3.684744e+00,4.222697e+00,6.414868e+00,3.693004e+00,3.323891e+00,4.717979e+00,3.774749e+00,3.288745e+00,4.344952e+00,3.205573e+00,3.036111e+00,3.822373e+00,3.883121e+00,3.266302e+00,3.118108e+00,4.640312e+00,3.848677e+00,4.874656e+00,2.729774e+00,3.212069e+00,4.509075e+00,4.500197e+00,4.601605e+00,3.888239e+00,4.506910e+00,4.474621e+00,4.435459e+00,4.867861e+00,4.191041e+00,4.253471e+00,4.205148e+00,4.924688e+00,3.840419e+00,3.487660e+00,3.449410e+00,4.929649e+00,4.073242e+00,3.821327e+00,4.210754e+00,3.622416e+00,4.622355e+00,4.577875e+00,4.444309e+00,4.246704e+00,4.400481e+00,4.569380e+00,3.231916e+00,4.665716e+00,4.269988e+00,4.782660e+00,4.124202e+00,4.658227e+00,4.516633e+00,3.400816e+00,4.133208e+00,4.260672e+00,4.736225e+00,4.693985e+00,4.482480e+00,4.794511e+00,4.622293e+00,3.922434e+00,4.625070e+00,4.513572e+00,4.782422e+00,3.412968e+00,3.740383e+00,3.103037e+00,3.343133e+00,3.644843e+00,3.696234e+00,2.975587e+00,3.811279e+00,4.354697e+00,4.585768e+00,4.295067e+00,3.604333e+00,3.782819e+00,3.848248e+00,2.947827e+00,3.318843e+00,3.746835e+00,3.075312e+00,4.154227e+00,4.643250e+00,4.850742e+00,4.763408e+00,3.541885e+00,4.436661e+00,4.641446e+00,4.512679e+00,4.353406e+00,4.584911e+00,4.887252e+00,4.338766e+00,4.435502e+00,4.746223e+00
4.542185e+00,4.500520e+00,4.536522e+00,4.842498e+00,4.765389e+00,4.714508e+00,4.361697e+00,4.315253e+00,4.773256e+00,4.761311e+00,4.030709e+00,4.110897e+00,4.122472e+00,3.398093e+00,5.910383e+00,3.610519e+00,4.344534e+00,4.537749e+00,3.388224e+00,4.431557e+00,4.070956e+00,3.553577e+00,4.403564e+00,4.764753e+00,4.477709e+00,4.719311e+00,4.452985e+00,4.712995e+00,2.988738e+00,3.273937e+00,3.326475e+00,9.188376e+00,4.640731e+00,4.263097e+00,4.809648e+00,4.630998e+00,4.317533e+00,4.447059e+00,3.405680e+00,4.026496e+00,4.664896e+00,4.459379e+00,4.247282e+00,4.814920e+00,3.649759e+00,3.173814e+00,3.772435e+00,4.350833e+00,4.766452e+00,4.067290e+00,4.558109e+00,4.308948e+00,4.982478e+00,4.918788e+00,4.527757e+00,4.775850e+00,3.788186e+00,4.863018e+00,4.434254e+00,4.605261e+00,4.628203e+00,4.937138e+00,4.642385e+00,4.614040e+00,4.154990e+00,3.861061e+00,4.598132e+00,4.710411e+00,4.748604e+00,4.409993e+00,4.403252e+00,4.188505e+00,4.799337e+00,4.566799e+00,4.414720e+00,9.360746e+00,3.134411e+00,2.638854e+00,3.320647e+00,4.853361e+00,6.279391e+00,3.125093e+00,3.100541e+00,4.327725e+00,4.111859e+00,4.308795e+00,3.306379e+00,4.537583e+00,3.747474e+00,3.999644e+00,3.741769e+00,3.786268e+00,4.035656e+00,4.221501e+00,4.871737e+00,4.692176e+00,4.709140e+00,4.096228e+00,4.157049e+00,4.409943e+00,4.649039e+00,4.485091e+00,4.658668e+00,4.765577e+00,4.504325e+00,4.529202e+00,4.718141e+00,4.910338e+00
4.327831e+00,4.821314e+00,4.716538e+00,4.869056e+00,4.304154e+00,4.602728e+00,4.364124e+00,4.175146e+00,4.516894e+00,4.717399e+00,4.567195e+00,4.650514e+00,5.910308e+00,3.921759e+00,3.423445e+00,3.844714e+00,3.075717e+00,4.618557e+00,4.360373e+00,4.559107e+00,4.295673e+00,4.442207e+00,3.984307e+00,4.455529e+00,3.943673e+00,4.569688e+00,4.304408e+00,5.385802e+00,9.488683e+00,3.692945e+00,3.273604e+00,3.116369e+00,2.955567e+00,4.694178e+00,4.723338e+00,4.996852e+00,4.669175e+00,4.462870e+00,3.481462e+00,3.768201e+00,4.498274e+00,3.578164e+00,4.783469e+00,4.528741e+00,4.352169e+00,4.322571e+00,4.679085e+00,4.449966e+00,3.628668e+00,4.134768e+00,4.037246e+00,4.553642e+00,4.428487e+00,4.721519e+00,3.972668e+00,4.073384e+00,4.591123e+00,4.270809e+00,4.893945e+00,4.525634e+00,4.902503e+00,4.668311e+00,4.070595e+00,4.630263e+00,4.485296e+00,4.751779e+00,4.775754e+00,4.717629e+00,4.851323e+00,4.185142e+00,4.321236e+00,4.159421e+00,3.848359e+00,4.397923e+00,9.964222e+00,4.401991e+00,3.574785e+00,2.969131e+00,3.649334e+00,3.378981e+00,3.704746e+00,3.484984e+00,3.232520e+00,3.206535e+00,4.189489e+00,3.711470e+00,4.363952e+00,2.712790e+00,3.606955e+00,3.621096e+00,3.747005e+00,3.707348e+00,4.018773e+00,4.311745e+00,4.727093e+00,4.492279e+00,4.455369e+00,3.224982e+00,2.907176e+00,4.561011e+00,4.857862e+00,4.693567e+00,4.619107e+00,4.347443e+00,4.648855e+00,4.916018e+00,4.182133e+00,4.371396e+00
4.565448e+00,4.758966e+00,4.249292e+00,4.763634e+00,4.398169e+00,4.501536e+00,4.730154e+00,3.957826e+00,4.097712e+00,4.488646e+00,4.754572e+00,3.826771e+00,4.062511e+00,3.235063e+00,3.271004e+00,4.643021e+00,3.460709e+00,3.710865e+00,3.650545e+00,3.422720e+00,3.880331e+00,4.775081e+00,4.438698e+00,3.373457e+00,3.221387e+00,3.102473e+00,5.033409e+00,8.358624e+00,4.627210e+00,4.329135e+00,4.829309e+00,6.578118e+00,5.002667e+00,4.234578e+00,4.191750e+00,4.555298e+00,4.359022e+00,4.806538e+00,3.827031e+00,3.696595e+00,4.515988e+00,4.382593e+00,4.848242e+00,4.665638e+00,4.343043e+00,4.040913e+00,4.769151e+00,3.849307e+00,4.360444e+00,3.599208e+00,4.529877e+00,3.988736e+00,4.536145e+00,4.774878e+00,4.644366e+00,4.530840e+00,4.704811e+00,4.725768e+00,4.863339e+00,4.183495e+00,4.517935e+00,4.404054e+00,4.778820e+00,4.631886e+00,4.651225e+00,3.975968e+00,4.716978e+00,4.740571e+00,4.671173e+00,4.675269e+00,4.529367e+00,4.396371e+00,4.904599e+00,6.834241e+00,9.203375e+00,5.516144e+00,3.150529e+00,6.619668e+00,2.620070e+00,3.442961e+00,3.428236e+00,3.939909e+00,3.567965e+00,4.216711e+00,3.457910e+00,3.998487e+00,3.847492e+00,4.285243e+00,4.245027e+00,3.922156e+00,3.350050e+00,2.864064e+00,2.959404e+00,4.679548e+00,4.344047e+00,4.600055e+00,4.778365e+00,4.334582e+00,4.657077e+00,4.475235e+00,4.682356e+00,5.103060e+00,4.665273e+00,4.570353e+00,4.602876e+00,4.728592e+00,4.140945e+00,4.612890e+00
4.892654e+00,4.592561e+00,4.388717e+00,4.907188e+00,4.462419e+00,4.373369e+00,4.828476e+00,4.321831e+00,4.600610e+00,4.392633e+00,4.188123e+00,4.267097e+00,3.552296e+00,4.589419e+00,3.488750e+00,3.966896e+00,2.940852e+00,3.930165e+00,3.808474e+00,4.475693e+00,3.546456e+00,3.654752e+00,3.868066e+00,5.303069e+00,3.056093e+00,3.217141e+00,3.305291e+00,3.962788e+00,1.026503e+01,7.536867e+00,4.054809e+00,3.869619e+00,3.282930e+00,3.505514e+00,4.606440e+00,4.794354e+00,4.436194e+00,4.482099e+00,3.920467e+00,4.045972e+00,3.742689e+00,4.375872e+00,4.243520e+00,4.879225e+00,4.540203e+00,4.620766e+00,4.009116e+00,4.678090e+00,4.333788e+00,4.461876e+00,4.537375e+00,4.538237e+00,4.465758e+00,4.694689e+00,4.509528e+00,4.797034e+00,4.669686e+00,4.465032e+00,3.972719e+00,4.068763e+00,3.728456e+00,4.834411e+00,4.804572e+00,4.566996e+00,4.284172e+00,4.604559e+00,4.147998e+00,4.672749e+00,4.677587e+00,4.685351e+00,4.358549e+00,4.330007e+00,3.247132e+00,3.110092e+00,3.740156e+00,3.272978e+00,3.806876e+00,4.065910e+00,2.909788e+00,4.250432e+00,4.580887e+00,6.660294e+00,4.282534e+00,4.154434e+00,3.793633e+00,3.181682e+00,3.121485e+00,4.032514e+00,3.089792e+00,3.487279e+00,2.953906e+00,3.391550e+00,4.438165e+00,4.044776e+00,4.737336e+00,4.869930e+00,4.150089e+00,3.108330e+00,4.382725e+00,4.701585e+00,4.850415e+00,4.178113e+00,4.707989e+00,4.661978e+00,4.519237e+00,4.630061e+00,4.640944e+00,4.829323e+00
4.493673e+00,4.516881e+00,4.554406e+00,4.781263e+00,4.931434e+00,4.357948e+00,4.768812e+00,4.666152e+00,4.287978e+00,4.645631e+00,4.423554e+00,4.670934e+00,3.243856e+00,3.610266e+00,3.333127e+00,3.906197e+00,3.705913e+00,8.857921e+00,3.844796e+00,4.445989e+00,5.361403e+00,4.786468e+00,3.216185e+00,2.804004e+00,3.376547e+00,5.723345e+00,7.552769e+00,4.846832e+00,3.091784e+00,3.985707e+00,2.820683e+00,3.833047e+00,3.297785e+00,3.604267e+00,4.521846e+00,4.652058e+00,4.597370e+00,4.552805e+00,3.158835e+00,3.609203e+00,3.371592e+00,4.164216e+00,4.813668e+00,3.712815e+00,3.813745e+00,4.734350e+00,4.598531e+00,4.248185e+00,4.162162e+00,4.751350e+00,4.627593e+00,8.863670e+00,4.902128e+00,4.418209e+00,3.662046e+00,4.545645e+00,4.252395e+00,4.356408e+00,4.392238e+00,3.252643e+00,3.641868e+00,3.973151e+00,4.113162e+00,4.403357e+00,4.051298e+00,4.634319e+00,4.799753e+00,3.598298e+00,4.909881e+00,4.268806e+00,3.959579e+00,4.159527e+00,3.434319e+00,3.132501e+00,3.503000e+00,3.240699e+00,2.609687e+00,3.636896e+00,3.993154e+00,3.393304e+00,4.416261e+00,3.909883e+00,3.064625e+00,4.892302e+00,4.683924e+00,4.948001e+00,3.253505e+00,3.613996e+00,3.571438e+00,3.902467e+00,3.887929e+00,3.921754e+00,4.836982e+00,3.914642e+00,4.585368e+00,4.101581e+00,3.862168e+00,4.715773e+00,4.512327e+00,4.792084e+00,4.869450e+00,4.527187e+00,4.909917e+00,4.428024e+00,4.435912e+00,4.399553e+00,4.493932e+00,4.713965e+00
4.455316e+00,4.701887e+00,4.575123e+00,4.617843e+00,4.814923e+00,4.741726e+00,4.680679e+00,4.950422e+00,3.721619e+00,5.100749e+00,4.788135e+00,3.909570e+00,3.973848e+00,4.523326e+00,3.826810e+00,2.836152e+00,4.370832e+00,2.993813e+00,3.571793e+00,5.944228e+00,3.127641e+00,3.389433e+00,4.486076e+00,4.255512e+00,3.024416e+00,3.763211e+00,3.562826e+00,9.090403e+00,7.490955e+00,3.532954e+00,2.924744e+00,3.706715e+00,3.001938e+00,4.027219e+00,4.483632e+00,4.713824e+00,4.767626e+00,4.654819e+00,3.868838e+00,4.739473e+00,3.698507e+00,3.908581e+00,4.249238e+00,3.446186e+00,4.302763e+00,4.482965e+00,4.481995e+00,3.789853e+00,3.618790e+00,3.343536e+00,4.087914e+00,3.564947e+00,4.284245e+00,3.535644e+00,5.560813e+00,3.291533e+00,2.977482e+00,3.325977e+00,8.681959e+00,4.898532e+00,4.586198e+00,4.742142e+00,4.570502e+00,4.542515e+00,4.603474e+00,4.789025e+00,4.569067e+00,4.221620e+00,3.625933e+00,4.283876e+00,4.074846e+00,3.203703e+00,3.481048e+00,3.608212e+00,4.345422e+00,4.047145e+00,3.926064e+00,3.228303e+00,2.980692e+00,4.069181e+00,4.501102e+00,2.819248e+00,4.479001e+00,4.592370e+00,3.597696e+00,3.456115e+00,4.035364e+00,3.989385e+00,3.527743e+00,4.183643e+00,3.680142e+00,4.496414e+00,4.641202e+00,4.048111e+00,4.482472e+00,4.521006e+00,7.282519e+00,4.779061e+00,4.466451e+00,4.684317e+00,4.416472e+00,4.297031e+00,4.938054e+00,4.505395e+00,4.362711e+00,4.748626e+00,4.590828e+00,4.666805e+00
4.398166e+00,4.600287e+00,4.725519e+00,4.654886e+00,4.641493e+00,4.526331e+00,4.185788e+00,4.537074e+00,4.227540e+00,4.720301e+00,4.805488e+00,4.692974e+00,3.837318e+00,3.218661e+00,3.631451e+00,4.130635e+00,3.198823e+00,2.582218e+00,6.622334e+00,3.181517e+00,2.804106e+00,3.302688e+00,3.433012e+00,6.007712e+00,3.310751e+00,4.582213e+00,5.583552e+00,4.513934e+00,6.847927e+00,3.134402e+00,3.034473e+00,4.077445e+00,3.100131e+00,3.192761e+00,2.945458e+00,4.347102e+00,4.893951e+00,4.470408e+00,3.507161e+00,3.353155e+00,4.236083e+00,2.649634e+00,4.042763e+00,4.745701e+00,4.527296e+00,4.512210e+00,3.845253e+00,3.394233e+00,4.365672e+00,3.988304e+00,4.570809e+00,4.305730e+00,4.736843e+00,2.923985e+00,4.857364e+00,1.011052e+01,3.637169e+00,3.733717e+00,4.432027e+00,3.384578e+00,4.050932e+00,4.586625e+00,4.663203e+00,4.714678e+00,4.823622e+00,4.201714e+00,3.358171e+00,5.615154e+00,3.748291e+00,3.229483e+00,3.061516e+00,3.355931e+00,3.766414e+00,3.450776e+00,4.420229e+00,4.241949e+00,3.804752e+00,3.201540e+00,3.719433e+00,4.246620e+00,3.091134e+00,3.075083e+00,4.474060e+00,4.714797e+00,4.077506e+00,2.949818e+00,4.431814e+00,4.358369e+00,3.243795e+00,4.099979e+00,4.318957e+00,4.636310e+00,4.324024e+00,4.408732e+00,4.946468e+00,4.400882e+00,2.768747e+00,4.481400e+00,4.507832e+00,4.813256e+00,4.484972e+00,4.709808e+00,4.439839e+00,4.715571e+00,4.572866e+00,4.212310e+00,4.724928e+00,4.941427e+00
4.610746e+00,4.609707e+00,4.824750e+00,4.764348e+00,4.736286e+00,4.734934e+00,4.823630e+00,4.675899e+00,4.831821e+00,4.582532e+00,4.849018e+00,4.258405e+00,4.674371e+00,4.381972e+00,4.663297e+00,3.920018e+00,3.426906e+00,3.641150e+00,3.044048e+00,3.335898e+00,5.284198e+00,3.753566e+00,3.470781e+00,3.214480e+00,3.148508e+00,3.318787e+00,4.427968e+00,3.845406e+00,3.466301e+00,4.226268e+00,5.407483e+00,3.627800e+00,3.086705e+00,4.188933e+00,6.036434e+00,4.429279e+00,4.387228e+00,4.824085e+00,4.410987e+00,4.014588e+00,4.366661e+00,4.558848e+00,4.371733e+00,4.488046e+00,4.515944e+00,3.666225e+00,4.081337e+00,4.316334e+00,4.581040e+00,4.866786e+00,4.733560e+00,4.061768e+00,4.297877e+00,3.471496e+00,3.628775e+00,4.289179e+00,4.759793e+00,4.501199e+00,3.833909e+00,3.447900e+00,3.646365e+00,4.388151e+00,3.158327e+00,3.866873e+00,3.897280e+00,3.243439e+00,5.225333e+00,3.171461e+00,2.669868e+00,5.936665e+00,2.679409e+00,2.736997e+00,3.806876e+00,3.318966e+00,4.436571e+00,2.560321e+00,3.047062e+00,4.211259e+00,3.883429e+00,4.107144e+00,3.219714e+00,4.793762e+00,4.729085e+00,4.112124e+00,3.195102e+00,4.477523e+00,2.827797e+00,4.023166e+00,4.550255e+00,3.642418e+00,3.425206e+00,4.751185e+00,4.434780e+00,4.696948e+00,4.382482e+00,3.925723e+00,6.886065e+00,3.704998e+00,4.722456e+00,4.504002e+00,4.962113e+00,4.686161e+00,4.660517e+00,4.787635e+00,4.773567e+00,4.605326e+00,4.469786e+00,4.469488e+00
4.612174e+00,4.597337e+00,4.494097e+00,4.816666e+00,4.807007e+00,4.451009e+00,4.615647e+00,4.860971e+00,4.497894e+00,4.202747e+00,4.174341e+00,4.676483e+00,4.512176e+00,4.644620e+00,4.054686e+00,3.911772e+00,3.183215e+00,3.445304e+00,7.608905e+00,2.793287e+00,4.956437e+00,3.254270e+00,3.045632e+00,2.898243e+00,3.370320e+00,5.698643e+00,3.305764e+00,6.637345e+00,3.268220e+00,2.876286e+00,4.746488e+00,3.341577e+00,3.790863e+00,4.317515e+00,3.450172e+00,2.953281e+00,4.392135e+00,4.811836e+00,4.700191e+00,4.381439e+00,4.760044e+00,4.931299e+00,4.683715e+00,4.291501e+00,4.575086e+00,4.071904e+00,4.479738e+00,4.822990e+00,4.745612e+00,4.450190e+00,4.845815e+00,4.176392e+00,4.021163e+00,4.576770e+00,4.747276e+00,4.546497e+00,3.625216e+00,2.833345e+00,4.052239e+00,4.023682e+00,2.703935e+00,3.448163e+00,3.535592e+00,2.545091e+00,3.246722e+00,4.124778e+00,9.931967e+00,3.824921e+00,3.132410e+00,3.365271e+00,2.709369e+00,3.615670e+00,3.179885e+00,9.284642e+00,3.030336e+00,3.851525e+00,4.088657e+00,4.337406e+00,4.046537e+00,3.757122e+00,4.706465e+00,3.891197e+00,3.495667e+00,3.521787e+00,3.227515e+00,3.995262e+00,3.631813e+00,3.812586e+00,3.826157e+00,4.342380e+00,4.336353e+00,4.143006e+00,4.607122e+00,4.405260e+00,4.853168e+00,3.551869e+00,4.462439e+00,4.713245e+00,4.509974e+00,4.414652e+00,4.594841e+00,4.602394e+00,4.876799e+00,4.572289e+00,4.581172e+00,4.672442e+00,4.947235e+00,4.890899e+00
4.701253e+00,4.425808e+00,4.886491e+00,4.632637e+00,4.913660e+00,4.864886e+00,4.813984e+00,4.119666e+00,4.871425e+00,4.833480e+00,4.835553e+00,4.739214e+00,4.370628e+00,4.600506e+00,4.476855e+00,2.980320e+00,3.944700e+00,4.121984e+00,3.565122e+00,3.163442e+00,3.365802e+00,5.657603e+00,2.829081e+00,3.670793e+00,3.403270e+00,3.305883e+00,3.301586e+00,3.193856e+00,3.564172e+00,2.760919e+00,3.416871e+00,3.920006e+00,2.900013e+00,3.295396e+00,8.364679e+00,4.058300e+00,3.778618e+00,3.370719e+00,4.710383e+00,4.329453e+00,3.159839e+00,4.409497e+00,3.874515e+00,4.508640e+00,4.618790e+00,3.496021e+00,2.649926e+00,4.693325e+00,3.292150e+00,3.701711e+00,4.403942e+00,4.411046e+00,4.841694e+00,4.606393e+00,4.432276e+00,2.909855e+00,3.311124e+00,3.264574e+00,3.267050e+00,8.689589e+00,4.116569e+00,3.410698e+00,3.963049e+00,3.006646e+00,3.931477e+00,3.601842e+00,3.151919e+00,3.908967e+00,3.641110e+00,3.175331e+00,4.371404e+00,3.783010e+00,3.424978e+00,3.488261e+00,4.131729e+00,3.259972e+00,3.573420e+00,3.748696e+00,4.216038e+00,4.403967e+00,3.425404e+00,4.606780e+00,4.109128e+00,3.393747e+00,4.167032e+00,3.669809e+00,3.702030e+00,4.507776e+00,4.033972e+00,4.144753e+00,4.758871e+00,4.195981e+00,4.715394e+00,4.873375e+00,4.110575e+00,5.284609e+00,4.224289e+00,4.750829e+00,4.613852e+00,4.800894e+00,4.394425e+00,4.863349e+00,4.341455e+00,4.437534e+00,4.703672e+00,4.890989e+00,4.608505e+00,4.422009e+00
4.883128e+00,4.637652e+00,4.595325e+00,4.943401e+00,4.573946e+00,4.681962e+00,4.408385e+00,4.577000e+00,4.653477e+00,4.344046e+00,4.562027e+00,3.174804e+00,4.721496e+00,4.820796e+00,4.411942e+00,3.866927e+00,3.464853e+00,4.247855e+00,2.904840e+00,7.815208e+00,8.894345e+00,3.538687e+00,3.816323e+00,2.818630e+00,3.895616e+00,4.005315e+00,nan,3.505555e+00,3.030052e+00,3.169474e+00,3.494408e+00,3.063888e+00,3.803595e+00,7.290690e+00,3.760152e+00,4.635110e+00,4.256753e+00,5.960540e+00,4.521113e+00,4.682894e+00,7.957516e+00,3.147058e+00,2.965094e+00,3.306846e+00,5.248719e+00,3.024297e+00,3.314212e+00,4.772407e+00,3.230966e+00,3.721846e+00,3.349007e+00,4.336884e+00,3.632977e+00,4.338544e+00,6.520436e+00,3.675417e+00,5.004918e+00,3.569953e+00,2.499909e+00,3.622113e+00,2.788906e+00,3.422050e+00,2.564869e+00,4.193421e+00,4.646241e+00,3.347307e+00,4.136501e+00,3.327647e+00,3.365721e+00,2.924173e+00,3.276825e+00,4.551636e+00,3.534993e+00,3.748846e+00,9.730877e+00,3.253432e+00,3.990569e+00,4.434864e+00,2.517448e+00,4.446275e+00,4.440253e+00,3.342205e+00,3.533823e+00,3.877739e+00,3.037405e+00,4.185843e+00,3.997427e+00,3.722929e+00,4.016911e+00,3.897306e+00,4.703071e+00,4.666124e+00,4.446010e+00,4.848842e+00,3.411079e+00,3.916240e+00,4.846624e+00,4.177017e+00,4.483546e+00,4.694617e+00,4.836387e+00,4.821270e+00,4.834156e+00,4.659541e+00,3.979137e+00,4.235569e+00,4.719020e+00,4.486155e+00
5.005162e+00,4.668691e+00,4.016202e+00,4.535214e+00,4.525210e+00,4.640702e+00,4.365539e+00,4.781614e+00,4.702282e+00,4.576749e+00,4.426054e+00,4.517086e+00,4.786789e+00,4.509033e+00,4.586787e+00,4.441924e+00,3.710405e+00,3.291399e+00,2.954562e+00,3.632818e+00,3.946476e+00,3.310337e+00,4.109802e+00,2.964267e+00,2.973191e+00,3.363306e+00,3.149757e+00,3.722630e+00,6.927464e+00,3.591717e+00,2.875384e+00,3.226590e+00,2.914674e+00,9.087568e+00,3.536300e+00,3.429409e+00,3.114970e+00,3.104504e+00,2.895303e+00,3.200690e+00,5.317289e+00,2.987304e+00,3.375763e+00,4.364663e+00,3.884964e+00,3.075185e+00,4.581854e+00,3.880562e+00,4.409795e+00,3.985783e+00,3.334291e+00,3.498883e+00,9.350325e+00,3.328797e+00,3.704394e+00,3.335528e+00,3.178390e+00,3.220560e+00,3.867490e+00,4.211621e+00,4.473713e+00,3.424895e+00,3.430363e+00,2.878002e+00,3.234078e+00,3.430542e+00,3.531693e+00,3.100059e+00,3.490627e+00,3.643047e+00,7.682081e+00,3.645038e+00,3.287864e+00,3.310837e+00,3.437873e+00,3.254797e+00,2.986377e+00,3.707885e+00,4.438899e+00,4.115470e+00,6.757374e+00,4.346863e+00,4.267189e+00,3.234153e+00,4.276089e+00,3.408185e+00,2.869653e+00,4.663509e+00,4.319426e+00,4.395936e+00,4.092872e+00,4.863967e+00,4.788806e+00,3.198852e+00,3.953601e+00,3.595891e+00,4.733985e+00,4.931209e+00,3.903454e+00,4.600347e+00,4.695776e+00,4.817113e+00,4.433434e+00,4.710132e+00,4.217785e+00,4.519524e+00,4.683155e+00,4.384646e+00
4.287905e+00,3.688160e+00,4.464552e+00,4.557818e+00,4.733673e+00,4.581382e+00,4.288288e+00,4.861588e+00,4.307772e+00,4.764387e+00,4.491043e+00,4.202469e+00,4.090685e+00,4.441221e+00,4.656696e+00,3.720185e+00,4.385982e+00,4.535321e+00,3.796251e+00,3.156921e+00,3.449224e+00,3.015555e+00,3.003770e+00,3.396859e+00,6.971059e+00,3.371476e+00,4.402231e+00,5.187346e+00,3.128150e+00,3.615465e+00,8.782840e+00,3.458339e+00,3.086391e+00,5.496326e+00,3.362716e+00,8.229284e+00,3.401769e+00,4.005995e+00,3.609184e+00,3.713898e+00,3.211902e+00,4.083601e+00,3.741353e+00,3.669045e+00,3.457285e+00,3.807955e+00,3.596026e+00,3.011315e+00,3.399098e+00,3.681137e+00,4.942791e+00,1.034679e+01,3.712983e+00,3.089868e+00,8.271309e+00,3.525040e+00,3.261822e+00,3.711665e+00,3.238876e+00,3.363178e+00,3.373679e+00,3.561572e+00,3.195646e+00,3.080361e+00,4.010566e+00,4.853757e+00,4.969231e+00,3.641588e+00,3.064174e+00,4.391909e+00,2.831557e+00,3.316064e+00,4.384261e+00,2.806080e+00,2.768152e+00,3.766344e+00,3.878601e+00,4.497367e+00,4.545612e+00,3.891929e+00,3.365831e+00,3.605719e+00,3.963246e+00,3.573631e+00,4.455077e+00,3.388104e+00,3.569822e+00,4.173704e+00,4.411215e+00,4.333137e+00,4.565828e+00,4.650018e+00,4.569533e+00,4.701120e+00,4.734376e+00,4.682146e+00,4.931524e+00,4.526976e+00,4.347580e+00,4.315253e+00,4.589181e+00,4.553665e+00,4.365844e+00,4.565054e+00,4.832518e+00,4.739730e+00,4.879125e+00,4.762968e+00
4.641222e+00,4.927052e+00,4.379105e+00,4.528775e+00,4.937596e+00,4.505726e+00,4.747735e+00,4.547101e+00,4.609657e+00,4.708208e+00,4.813184e+00,4.758777e+00,4.423033e+00,3.835842e+00,4.463360e+00,4.692054e+00,4.270718e+00,3.566894e+00,3.025758e+00,3.476631e+00,3.810346e+00,3.415700e+00,3.930198e+00,2.875178e+00,3.237643e+00,3.734418e+00,3.329210e+00,2.849940e+00,3.807953e+00,2.791411e+00,3.795768e+00,6.732545e+00,3.107131e+00,3.838559e+00,4.468032e+00,3.471347e+00,4.642651e+00,3.509711e+00,4.011076e+00,3.500435e+00,3.289919e+00,3.127180e+00,4.463955e+00,3.635935e+00,4.270258e+00,3.577337e+00,3.322028e+00,3.598574e+00,4.091408e+00,3.692308e+00,3.087338e+00,3.046058e+00,3.579349e+00,3.534676e+00,2.929670e+00,3.542626e+00,3.153457e+00,3.562148e+00,3.887913e+00,3.264464e+00,3.403184e+00,3.550103e+00,8.224200e+00,3.541746e+00,4.197356e+00,3.695127e+00,4.009867e+00,3.811047e+00,3.424404e+00,3.622884e+00,3.364535e+00,2.756626e+00,3.460355e+00,3.801706e+00,3.791887e+00,3.315058e+00,3.936142e+00,4.413220e+00,4.740170e+00,3.151443e+00,3.937475e+00,4.165539e+00,3.666855e+00,4.894134e+00,4.061363e+00,4.458355e+00,3.795339e+00,4.023406e+00,4.806234e+00,4.479653e+00,4.589049e+00,4.377451e+00,3.515057e+00,4.625690e+00,4.802067e+00,4.737857e+00,4.290607e+00,4.581527e+00,4.794831e+00,4.836975e+00,4.321572e+00,4.804202e+00,4.957118e+00,4.503839e+00,4.581090e+00,4.723119e+00,4.657633e+00,4.086328e+00
4.285827e+00,4.744045e+00,4.479511e+00,4.321314e+00,4.891850e+00,4.830625e+00,4.975283e+00,4.709514e+00,4.754749e+00,4.497385e+00,4.867744e+00,4.797886e+00,4.473666e+00,3.637773e+00,4.619273e+00,4.943795e+00,4.616634e+00,4.371439e+00,2.991143e+00,3.230531e+00,3.496242e+00,3.051693e+00,3.679853e+00,2.836884e+00,2.617335e+00,3.696730e+00,3.522794e+00,3.911730e+00,3.667054e+00,3.576260e+00,3.755829e+00,4.364385e+00,2.872061e+00,8.786487e+00,4.068737e+00,3.407252e+00,3.533069e+00,2.898590e+00,3.609171e+00,5.357880e+00,3.148800e+00,8.088348e+00,3.587847e+00,3.499645e+00,4.257988e+00,2.918742e+00,3.151380e+00,2.918798e+00,3.228044e+00,4.579914e+00,4.540080e+00,4.364375e+00,4.494745e+00,4.078436e+00,4.573074e+00,3.678963e+00,3.581305e+00,3.937859e+00,3.444056e+00,3.134223e+00,3.337629e+00,2.989995e+00,2.969216e+00,4.427820e+00,3.657977e+00,3.053447e+00,1.000770e+01,3.396000e+00,6.960346e+00,3.479219e+00,3.734258e+00,6.024674e+00,3.892371e+00,3.869957e+00,3.496100e+00,6.169209e+00,3.566576e+00,3.239333e+00,3.247227e+00,3.814410e+00,4.096186e+00,3.047491e+00,4.284741e+00,3.390094e+00,3.478262e+00,4.478874e+00,4.847325e+00,4.126463e+00,4.728345e+00,5.018501e+00,4.410264e+00,3.069229e+00,3.905722e+00,4.473836e+00,4.588070e+00,4.684407e+00,4.316407e+00,4.759879e+00,4.524514e+00,5.057272e+00,4.564684e+00,4.741381e+00,4.096371e+00,4.805449e+00,4.539636e+00,4.676732e+00,4.863957e+00,4.341403e+00
4.509790e+00,4.665188e+00,4.529348e+00,4.455933e+00,4.199857e+00,4.557042e+00,4.753645e+00,4.534527e+00,4.966048e+00,4.632676e+00,4.616335e+00,4.103930e+00,4.746013e+00,4.647191e+00,4.502096e+00,4.879704e+00,4.187162e+00,4.739469e+00,4.265076e+00,3.472749e+00,3.823835e+00,4.151221e+00,3.084972e+00,3.253263e+00,4.758590e+00,4.455786e+00,3.206414e+00,7.050308e+00,4.006060e+00,3.898802e+00,3.844436e+00,4.176376e+00,4.780072e+00,3.535303e+00,3.233748e+00,3.881421e+00,3.426031e+00,3.261252e+00,3.092420e+00,3.168631e+00,3.654681e+00,3.658278e+00,5.363219e+00,4.398925e+00,3.283148e+00,3.668566e+00,3.790517e+00,3.054502e+00,3.032343e+00,3.170273e+00,3.304814e+00,3.362057e+00,4.069319e+00,3.059327e+00,3.765462e+00,3.140630e+00,3.122540e+00,4.083237e+00,4.095892e+00,3.711314e+00,3.411460e+00,3.293916e+00,3.229993e+00,3.389693e+00,3.122001e+00,3.317697e+00,5.847161e+00,3.595555e+00,3.653672e+00,4.166369e+00,3.437831e+00,3.073483e+00,3.016162e+00,3.715075e+00,3.751541e+00,3.075027e+00,3.207120e+00,3.858289e+00,3.388463e+00,3.494951e+00,4.518694e+00,2.801860e+00,4.793790e+00,4.025629e+00,3.916839e+00,4.139705e+00,4.178463e+00,4.293628e+00,4.794058e+00,4.678914e+00,3.480178e+00,2.776354e+00,4.093530e+00,4.113896e+00,4.642679e+00,4.642624e+00,4.862447e+00,4.073152e+00,4.713822e+00,4.637243e+00,4.629563e+00,4.887163e+00,4.574052e+00,4.370147e+00,4.554848e+00,4.579527e+00,4.858327e+00,4.673118e+00
4.547243e+00,4.963514e+00,4.815165e+00,4.687186e+00,4.579875e+00,4.640374e+00,4.698209e+00,4.678410e+00,4.652466e+00,4.533290e+00,4.766915e+00,4.008357e+00,4.413002e+00,4.915139e+00,4.528365e+00,3.607237e+00,4.537445e+00,4.764584e+00,4.225515e+00,3.784458e+00,3.173549e+00,3.574740e+00,3.370724e+00,3.493899e+00,3.538477e+00,3.399858e+00,3.200695e+00,3.715288e+00,4.840612e+00,3.686425e+00,1.041866e+01,4.145615e+00,4.440333e+00,4.468551e+00,3.176263e+00,2.788609e+00,3.440027e+00,3.517243e+00,3.557031e+00,3.033046e+00,3.686860e+00,4.432434e+00,3.500247e+00,2.672285e+00,3.784876e+00,4.959044e+00,4.566670e+00,4.193745e+00,3.176092e+00,3.085357e+00,3.425991e+00,2.725754e+00,5.376513e+00,3.021665e+00,3.391543e+00,3.635750e+00,3.342014e+00,3.451819e+00,3.604074e+00,3.135604e+00,4.148754e+00,4.922319e+00,3.658678e+00,3.124150e+00,2.956692e+00,5.674409e+00,3.159990e+00,3.296422e+00,3.427006e+00,3.666015e+00,3.551776e+00,3.940739e+00,4.885368e+00,4.495500e+00,3.940415e+00,3.635493e+00,2.712814e+00,3.387152e+00,3.896677e+00,4.126830e+00,3.496255e+00,2.794230e+00,3.686987e+00,4.093089e+00,3.844245e+00,4.361368e+00,4.749408e+00,4.449974e+00,4.716894e+00,3.853364e+00,3.172043e+00,4.502215e+00,4.786593e+00,4.245765e+00,4.547105e+00,4.588314e+00,4.209184e+00,4.759521e+00,4.885741e+00,4.605843e+00,4.022013e+00,4.777122e+00,4.391910e+00,4.838945e+00,4.463458e+00,4.650869e+00,4.456922e+00,4.745012e+00
4.497907e+00,4.512851e+00,4.490682e+00,4.817181e+00,4.336982e+00,4.454371e+00,4.760564e+00,4.596131e+00,4.700477e+00,4.762262e+00,4.682506e+00,4.327783e+00,4.774024e+00,3.894492e+00,4.603456e+00,4.576898e+00,4.481914e+00,4.494365e+00,4.576297e+00,4.524562e+00,3.869571e+00,3.790798e+00,3.357494e+00,2.926759e+00,4.108492e+00,4.316025e+00,3.721502e+00,3.580665e+00,3.697405e+00,4.526992e+00,3.606072e+00,3.515572e+00,4.014539e+00,2.963797e+00,3.394045e+00,3.691788e+00,3.272179e+00,4.770040e+00,3.481843e+00,4.201481e+00,5.137219e+00,8.445362e+00,4.629392e+00,3.801556e+00,3.027556e+00,3.556757e+00,3.316718e+00,2.956342e+00,4.179409e+00,5.118679e+00,2.907578e+00,3.521802e+00,4.351825e+00,3.281226e+00,7.158933e+00,4.240294e+00,3.162760e+00,3.453593e+00,4.217148e+00,3.055805e+00,3.557809e+00,3.124898e+00,3.272474e+00,4.445370e+00,4.537287e+00,3.390512e+00,4.115541e+00,3.365361e+00,4.444026e+00,4.436469e+00,4.631746e+00,4.711104e+00,4.847486e+00,4.265368e+00,4.194825e+00,3.568974e+00,3.419570e+00,3.601088e+00,3.536747e+00,4.492397e+00,3.108887e+00,3.693482e+00,4.434548e+00,4.190368e+00,3.942888e+00,4.587096e+00,4.825432e+00,4.737635e+00,4.222112e+00,3.039489e+00,4.790956e+00,4.093569e+00,4.074221e+00,4.545043e+00,4.752103e+00,4.322648e+00,5.018612e+00,4.695609e+00,4.190420e+00,4.668746e+00,4.679462e+00,4.726276e+00,5.037371e+00,4.601894e+00,4.763644e+00,4.755913e+00,4.700806e+00,4.437706e+00
4.762933e+00,4.333433e+00,4.560977e+00,4.444728e+00,4.241068e+00,4.613603e+00,4.091887e+00,4.772919e+00,4.725610e+00,4.953660e+00,4.680787e+00,4.725805e+00,4.448270e+00,4.471441e+00,4.863279e+00,2.895775e+00,4.291907e+00,4.172088e+00,4.487542e+00,4.732871e+00,4.596819e+00,3.746673e+00,4.189668e+00,3.392231e+00,4.600015e+00,3.415871e+00,3.303683e+00,2.659522e+00,3.474146e+00,3.434070e+00,4.254013e+00,3.491525e+00,3.357895e+00,4.270607e+00,3.286675e+00,4.613221e+00,3.523602e+00,4.251428e+00,3.766579e+00,2.873411e+00,3.489321e+00,3.673176e+00,3.968448e+00,4.411359e+00,3.481692e+00,3.938452e+00,3.551306e+00,3.449517e+00,3.198843e+00,3.072985e+00,4.062697e+00,2.966136e+00,3.312450e+00,4.779514e+00,3.597318e+00,3.522259e+00,3.730086e+00,4.506610e+00,4.351448e+00,3.420436e+00,4.660306e+00,3.126153e+00,3.767630e+00,3.479135e+00,5.296941e+00,4.087972e+00,3.018769e+00,3.557082e+00,4.568442e+00,4.473543e+00,4.653241e+00,4.678707e+00,3.699576e+00,3.997260e+00,3.518500e+00,3.764285e+00,3.647136e+00,4.645787e+00,3.979945e+00,3.702687e+00,4.568485e+00,4.274846e+00,3.949193e+00,4.498333e+00,4.598448e+00,4.318212e+00,4.612383e+00,4.676458e+00,6.446755e+00,3.984295e+00,4.174910e+00,4.896600e+00,3.879378e+00,4.751454e+00,4.811107e+00,4.414422e+00,4.578420e+00,4.783580e+00,4.128306e+00,4.757523e+00,4.564669e+00,4.652452e+00,4.638880e+00,4.699408e+00,4.520255e+00,4.920862e+00,4.752048e+00,4.184338e+00
4.665975e+00,4.941189e+00,4.760658e+00,4.300780e+00,4.485155e+00,4.746506e+00,4.852102e+00,4.679277e+00,4.377574e+00,4.145293e+00,5.045619e+00,4.884037e+00,4.448107e+00,4.737642e+00,4.976591e+00,4.416624e+00,4.037446e+00,4.412570e+00,4.560660e+00,4.707813e+00,4.624620e+00,4.538496e+00,4.532710e+00,4.478232e+00,3.298895e+00,2.681692e+00,3.848307e+00,2.747261e+00,3.026781e+00,3.304907e+00,2.772148e+00,4.474612e+00,3.136692e+00,4.833507e+00,3.101454e+00,3.666901e+00,2.698117e+00,3.518148e+00,3.560380e+00,3.716568e+00,4.714732e+00,3.891052e+00,3.314079e+00,2.798121e+00,4.250372e+00,7.644986e+00,3.363038e+00,3.303435e+00,3.316020e+00,3.770586e+00,3.278592e+00,4.351529e+00,3.396666e+00,4.630526e+00,4.370913e+00,4.214330e+00,8.260520e+00,3.190210e+00,3.019747e+00,3.275136e+00,4.317910e+00,3.027996e+00,3.930505e+00,3.330436e+00,3.626340e+00,2.888422e+00,4.962105e+00,4.580938e+00,3.718069e+00,4.412977e+00,3.950802e+00,3.521743e+00,3.082479e+00,3.467077e+00,3.068548e+00,3.357603e+00,3.598330e+00,3.944025e+00,3.483916e+00,3.417683e+00,4.558767e+00,4.115036e+00,4.540505e+00,4.498531e+00,3.963089e+00,4.575899e+00,4.484779e+00,3.507654e+00,2.975403e+00,4.294298e+00,4.909532e+00,4.849824e+00,4.732701e+00,4.677520e+00,4.645492e+00,4.304908e+00,4.921337e+00,4.683627e+00,4.403763e+00,4.776064e+00,4.859814e+00,4.453359e+00,4.503516e+00,4.919955e+00,4.746967e+00,4.794397e+00,4.681111e+00,4.577816e+00
4.572209e+00,4.617019e+00,4.708634e+00,4.697870e+00,4.715875e+00,4.705198e+00,4.723277e+00,4.555040e+00,4.572622e+00,4.488238e+00,4.471116e+00,4.782481e+00,4.877893e+00,4.564946e+00,4.297468e+00,4.721306e+00,4.243383e+00,4.128931e+00,3.459606e+00,4.532957e+00,4.309019e+00,4.173248e+00,4.886664e+00,3.265044e+00,3.774053e+00,3.773022e+00,3.673474e+00,4.041177e+00,3.694637e+00,3.590944e+00,4.181762e+00,3.412376e+00,5.626983e+00,3.661709e+00,4.950706e+00,3.418026e+00,3.069092e+00,3.473157e+00,4.319064e+00,4.791347e+00,3.274436e+00,3.328328e+00,3.184074e+00,3.677614e+00,2.950529e+00,7.441946e+00,3.141821e+00,3.854498e+00,3.524626e+00,3.407155e+00,3.247820e+00,4.209253e+00,4.518749e+00,4.117833e+00,3.649998e+00,3.473178e+00,3.482522e+00,4.590317e+00,3.077120e+00,4.498165e+00,3.076500e+00,2.813047e+00,3.336453e+00,3.294583e+00,4.614567e+00,4.577483e+00,3.404884e+00,4.593190e+00,3.196346e+00,3.201558e+00,5.123110e+00,4.179490e+00,3.129416e+00,3.758110e+00,3.519436e+00,4.180360e+00,4.094372e+00,4.833799e+00,4.524118e+00,3.686388e+00,4.129188e+00,4.145382e+00,4.575124e+00,4.329204e+00,4.608540e+00,4.807064e+00,3.578755e+00,3.470616e+00,4.391570e+00,4.703589e+00,4.647299e+00,4.814422e+00,4.686817e+00,4.713416e+00,4.680269e+00,4.809105e+00,4.522588e+00,4.354811e+00,4.660581e+00,4.441650e+00,4.806832e+00,4.663119e+00,4.284440e+00,4.781684e+00,4.471143e+00,4.642684e+00,4.666742e+00,4.461080e+00
4.707385e+00,4.399166e+00,4.753800e+00,4.814434e+00,4.688380e+00,4.779288e+00,4.414467e+00,4.863155e+00,4.522027e+00,4.814122e+00,4.762991e+00,4.605642e+00,4.821479e+00,4.369865e+00,4.187352e+00,4.283082e+00,4.423762e+00,4.537605e+00,4.984125e+00,4.479299e+00,4.756986e+00,4.765695e+00,4.697459e+00,4.486621e+00,4.792689e+00,4.213708e+00,4.336816e+00,3.637138e+00,3.191503e+00,3.011717e+00,3.408891e+00,3.285012e+00,9.595084e+00,5.425786e+00,3.620844e+00,3.880102e+00,3.497447e+00,3.265876e+00,3.779289e+00,4.181059e+00,3.284375e+00,3.273100e+00,3.464323e+00,3.367209e+00,3.268426e+00,3.520383e+00,4.192250e+00,4.114263e+00,4.592312e+00,4.573202e+00,4.757859e+00,4.439158e+00,4.694685e+00,4.117229e+00,4.146851e+00,3.728231e+00,3.863151e+00,3.361640e+00,3.268573e+00,4.287045e+00,3.895096e+00,3.353189e+00,3.252367e+00,4.422726e+00,4.662854e+00,4.866702e+00,3.557918e+00,3.252860e+00,3.842135e+00,2.896224e+00,3.658481e+00,4.440331e+00,4.350821e+00,3.228443e+00,4.330666e+00,3.083997e+00,4.556991e+00,3.495373e+00,4.092760e+00,4.029447e+00,4.034393e+00,4.668296e+00,5.048621e+00,4.704525e+00,4.561319e+00,4.574493e+00,3.443846e+00,4.515669e+00,4.759844e+00,4.986213e+00,4.935767e+00,4.227135e+00,4.735072e+00,4.254163e+00,4.724794e+00,4.529732e+00,4.715462e+00,4.504492e+00,4.589538e+00,4.294605e+00,4.409564e+00,4.606940e+00,4.341565e+00,4.691193e+00,4.817056e+00,4.703082e+00,4.717686e+00,4.665535e+00
4.597947e+00,4.460944e+00,4.786086e+00,4.368808e+00,4.581785e+00,4.741479e+00,4.565055e+00,4.545898e+00,4.618363e+00,4.753257e+00,4.888792e+00,4.228887e+00,5.002496e+00,4.220702e+00,4.865417e+00,4.492317e+00,4.897342e+00,4.620399e+00,4.833033e+00,3.866914e+00,4.448899e+00,4.629660e+00,4.740719e+00,4.842774e+00,4.652465e+00,4.545695e+00,3.535183e+00,4.439032e+00,3.916567e+00,3.750433e+00,3.435105e+00,7.944100e+00,2.816290e+00,2.760089e+00,3.376643e+00,3.273880e+00,3.628047e+00,4.269815e+00,3.048825e+00,4.145776e+00,4.194554e+00,5.012079e+00,3.140816e+00,2.703079e+00,4.189742e+00,3.332132e+00,4.062087e+00,2.962205e+00,4.579477e+00,4.603070e+00,4.838517e+00,4.255177e+00,4.524240e+00,4.314803e+00,4.198267e+00,4.942015e+00,4.504412e+00,4.376775e+00,4.145403e+00,3.453823e+00,2.869783e+00,3.698749e+00,3.175450e+00,3.027154e+00,3.441742e+00,3.454988e+00,3.848397e+00,3.073961e+00,2.861145e+00,3.252450e+00,3.466080e+00,4.004255e+00,4.553532e+00,4.617671e+00,4.268687e+00,3.645880e+00,4.091160e+00,4.681747e+00,4.116932e+00,4.378935e+00,4.342854e+00,4.833838e+00,4.646189e+00,4.673942e+00,4.744692e+00,4.041487e+00,4.693484e+00,4.517422e+00,4.725034e+00,4.597650e+00,4.454098e+00,4.559012e+00,4.252459e+00,4.638146e+00,4.679173e+00,4.653990e+00,4.674803e+00,4.864422e+00,4.533821e+00,4.648158e+00,4.575689e+00,4.673533e+00,4.633031e+00,4.644448e+00,4.765624e+00,4.413714e+00,4.659348e+00,4.782275e+00
4.521300e+00,4.477475e+00,4.841419e+00,4.625183e+00,4.446061e+00,4.413732e+00,4.604845e+00,4.761751e+00,4.365868e+00,4.741630e+00,4.644692e+00,4.397271e+00,4.604552e+00,4.367701e+00,5.013237e+00,4.343366e+00,4.554496e+00,4.024768e+00,4.486121e+00,4.443058e+00,4.655156e+00,4.714937e+00,4.461702e+00,4.756830e+00,4.530508e+00,4.717567e+00,4.556179e+00,3.749526e+00,4.207682e+00,4.545615e+00,3.551471e+00,3.779574e+00,3.605799e+00,3.124000e+00,3.929977e+00,3.341147e+00,3.086450e+00,3.315468e+00,3.135440e+00,4.306254e+00,3.331895e+00,3.644843e+00,4.521410e+00,4.219737e+00,3.501953e+00,3.305124e+00,6.765425e+00,4.438319e+00,3.939287e+00,3.435792e+00,4.457009e+00,4.948223e+00,4.767405e+00,2.829916e+00,4.767107e+00,4.662558e+00,4.334462e+00,4.606823e+00,2.906273e+00,4.499132e+00,3.293239e+00,3.775549e+00,3.447128e+00,3.789722e+00,4.808130e+00,3.434267e+00,3.679546e+00,3.449046e+00,3.854634e+00,2.883777e+00,3.592906e+00,4.000177e+00,4.227290e+00,3.833729e+00,3.605519e+00,3.697200e+00,4.106111e+00,3.911902e+00,4.374808e+00,4.482364e+00,4.500646e+00,4.705070e+00,4.095971e+00,4.211436e+00,3.483325e+00,4.417980e+00,4.728695e+00,4.832929e+00,4.669909e+00,4.638271e+00,4.873712e+00,4.743101e+00,4.271769e+00,4.708314e+00,4.778590e+00,4.589301e+00,4.884482e+00,4.157268e+00,4.918254e+00,4.151607e+00,4.640825e+00,4.518877e+00,4.361851e+00,4.372118e+00,4.870589e+00,4.774430e+00,4.784560e+00,4.753010e+00
4.943640e+00,4.700630e+00,4.476870e+00,4.920219e+00,4.681942e+00,4.379690e+00,4.463237e+00,4.333788e+00,4.786285e+00,4.310238e+00,4.763831e+00,3.761498e+00,4.355050e+00,4.678140e+00,4.634204e+00,4.557994e+00,4.622296e+00,4.728549e+00,4.488033e+00,4.798275e+00,4.307128e+00,4.668577e+00,3.607654e+00,4.574741e+00,4.391912e+00,4.701638e+00,4.522401e+00,3.726415e+00,4.266065e+00,4.160712e+00,3.548253e+00,3.387955e+00,3.104557e+00,3.186112e+00,4.074270e+00,3.486525e+00,3.997109e+00,4.357008e+00,5.256562e+00,4.504322e+00,3.342495e+00,3.219241e+00,3.469230e+00,4.235345e+00,3.634177e+00,3.558305e+00,4.749109e+00,3.380467e+00,3.795530e+00,4.218298e+00,4.142744e+00,4.427504e+00,4.694812e+00,4.159392e+00,4.394144e+00,3.571238e+00,4.425981e+00,4.328766e+00,4.516169e+00,3.782218e+00,3.227751e+00,3.445405e+00,3.607434e+00,4.319278e+00,3.563984e+00,3.856883e+00,3.157761e+00,3.031300e+00,4.269068e+00,3.853620e+00,3.325289e+00,4.110451e+00,4.158173e+00,3.202503e+00,4.673825e+00,4.684867e+00,4.406705e+00,4.408501e+00,4.798516e+00,4.518431e+00,4.371646e+00,4.606959e+00,3.923423e+00,4.945608e+00,4.323349e+00,4.625791e+00,4.933599e+00,4.635689e+00,4.606906e+00,4.824862e+00,4.658811e+00,4.507298e+00,4.979156e+00,3.765028e+00,4.366193e+00,4.902943e+00,4.901192e+00,4.395306e+00,4.747481e+00,4.902598e+00,4.009907e+00,4.340421e+00,4.763820e+00,4.441765e+00,4.269561e+00,4.721399e+00,4.482185e+00,4.904257e+00
4.714500e+00,4.495317e+00,4.704350e+00,4.850820e+00,4.452700e+00,4.800215e+00,4.619434e+00,4.576035e+00,4.612590e+00,4.624822e+00,4.731193e+00,4.665418e+00,4.458035e+00,4.790298e+00,4.692699e+00,4.877606e+00,4.636010e+00,4.627615e+00,4.679822e+00,4.729212e+00,4.744108e+00,4.747706e+00,4.507165e+00,4.408749e+00,4.044481e+00,4.983170e+00,4.870641e+00,4.597751e+00,4.634839e+00,4.229289e+00,3.734843e+00,3.426330e+00,4.455287e+00,6.661231e+00,3.255261e+00,3.290670e+00,3.896951e+00,3.251099e+00,3.509933e+00,8.454520e+00,8.188219e+00,3.794206e+00,4.089837e+00,3.984573e+00,3.636746e+00,3.499553e+00,3.440698e+00,3.331910e+00,3.325835e+00,3.810833e+00,3.658308e+00,3.952030e+00,5.012284e+00,4.047526e+00,4.717776e+00,4.640701e+00,3.818458e+00,3.460290e+00,4.049699e+00,4.262463e+00,4.439064e+00,3.256921e+00,4.096749e+00,3.311497e+00,4.013996e+00,2.983798e+00,3.193717e+00,3.514966e+00,3.325028e+00,3.778127e+00,4.530503e+00,3.478746e+00,3.849096e+00,4.349840e+00,4.460484e+00,4.188623e+00,4.645602e+00,4.648624e+00,4.520918e+00,4.846353e+00,3.770878e+00,4.161919e+00,4.494535e+00,3.943945e+00,4.818428e+00,4.065447e+00,4.475509e+00,4.718159e+00,4.027155e+00,4.667478e+00,4.373661e+00,5.046653e+00,4.947915e+00,4.727575e+00,4.788364e+00,4.707034e+00,4.877137e+00,4.481788e+00,4.792302e+00,4.717905e+00,4.541838e+00,4.597060e+00,4.667792e+00,4.930593e+00,4.341105e+00,4.839563e+00,3.968575e+00,4.667598e+00
4.484215e+00,4.581091e+00,4.523480e+00,4.764498e+00,4.508563e+00,4.478793e+00,4.652333e+00,4.775889e+00,4.649193e+00,4.325095e+00,3.805399e+00,4.682099e+00,4.503497e+00,4.651615e+00,4.796551e+00,4.467587e+00,4.187984e+00,4.860597e+00,4.855762e+00,4.302702e+00,4.489424e+00,4.716381e+00,4.496441e+00,4.548352e+00,4.712475e+00,3.778303e+00,4.318725e+00,4.690505e+00,4.422820e+00,4.680942e+00,4.286904e+00,3.548028e+00,4.202236e+00,3.746313e+00,3.804702e+00,3.368062e+00,4.071864e+00,3.650182e+00,3.284414e+00,3.525902e+00,3.504406e+00,3.783240e+00,4.776921e+00,3.812130e+00,3.578519e+00,4.132541e+00,4.434718e+00,3.667430e+00,3.504626e+00,4.075194e+00,4.814606e+00,4.867428e+00,4.442171e+00,4.560666e+00,4.299539e+00,3.895908e+00,3.921943e+00,3.667074e+00,3.996463e+00,3.287999e+00,3.847328e+00,3.838267e+00,3.351464e+00,6.130089e+00,5.078267e+00,3.302047e+00,3.154447e+00,3.335069e+00,3.930241e+00,4.301613e+00,4.724946e+00,3.936614e+00,4.384878e+00,4.040425e+00,4.575940e+00,4.421736e+00,4.662982e+00,4.593890e+00,4.551325e+00,4.640323e+00,4.848530e+00,4.479016e+00,4.924581e+00,4.568318e+00,4.711553e+00,4.633724e+00,4.615669e+00,4.337381e+00,4.027053e+00,4.825498e+00,4.872858e+00,4.453710e+00,4.566139e+00,4.941137e+00,4.803302e+00,4.729086e+00,4.878296e+00,4.843609e+00,4.766447e+00,4.483775e+00,4.697744e+00,4.740284e+00,4.611970e+00,4.636840e+00,4.664979e+00,4.803202e+00,4.429008e+00,4.717145e+00
4.285719e+00,4.579977e+00,4.727673e+00,4.689238e+00,4.121918e+00,4.603861e+00,4.399800e+00,4.907042e+00,4.458750e+00,4.724935e+00,4.737121e+00,4.543103e+00,4.914263e+00,4.268127e+00,4.475060e+00,5.044270e+00,4.483548e+00,4.737880e+00,4.815435e+00,4.446901e+00,4.604506e+00,4.514026e+00,4.776596e+00,4.906736e+00,4.574567e+00,4.230309e+00,4.566136e+00,4.573822e+00,4.664185e+00,4.765057e+00,4.631207e+00,4.472440e+00,4.473333e+00,4.234961e+00,4.558590e+00,3.637246e+00,3.922491e+00,3.901880e+00,4.007572e+00,3.838512e+00,3.791415e+00,4.846550e+00,3.132446e+00,4.096428e+00,3.919891e+00,4.266457e+00,3.887955e+00,4.111664e+00,3.855888e+00,4.226730e+00,4.422878e+00,4.758797e+00,4.121907e+00,4.710878e+00,4.859586e+00,4.104936e+00,3.637000e+00,3.973536e+00,3.911932e+00,4.836334e+00,5.285347e+00,3.124076e+00,3.475608e+00,3.473690e+00,4.286088e+00,4.214165e+00,3.100654e+00,3.938826e+00,4.731867e+00,4.855527e+00,4.378659e+00,4.906571e+00,4.424753e+00,4.633983e+00,4.492628e+00,4.792161e+00,4.844378e+00,4.252489e+00,3.157394e+00,3.725088e+00,4.642753e+00,4.165441e+00,4.392695e+00,4.882779e+00,4.751848e+00,4.490215e+00,4.304440e+00,4.890527e+00,4.638931e+00,4.417495e+00,4.460279e+00,4.819870e+00,4.789077e+00,4.868861e+00,4.491861e+00,4.567009e+00,4.592808e+00,5.006689e+00,4.797749e+00,4.677230e+00,4.916814e+00,4.234746e+00,4.785180e+00,4.865968e+00,4.547991e+00,4.635800e+00,4.741719e+00,4.887743e+00
4.687829e+00,4.749275e+00,4.773805e+00,4.573055e+00,4.763103e+00,4.601129e+00,4.794818e+00,4.782690e+00,4.700529e+00,4.571370e+00,4.676884e+00,4.732930e+00,4.753481e+00,4.583462e+00,4.688475e+00,4.737273e+00,4.665794e+00,4.572960e+00,4.590538e+00,4.735094e+00,4.682015e+00,4.744749e+00,4.911406e+00,4.408769e+00,4.891748e+00,4.258014e+00,4.378833e+00,4.148287e+00,4.613801e+00,4.884151e+00,4.272778e+00,4.822586e+00,4.450296e+00,4.415727e+00,4.238378e+00,4.722438e+00,4.423907e+00,3.845623e+00,4.005999e+00,4.044341e+00,4.296854e+00,3.675538e+00,4.601415e+00,3.814762e+00,3.799311e+00,4.192108e+00,3.609320e+00,4.079148e+00,3.919440e+00,4.096956e+00,3.730420e+00,4.391151e+00,4.866609e+00,4.552635e+00,4.593931e+00,4.255948e+00,4.224970e+00,3.574004e+00,4.112623e+00,3.895959e+00,3.680071e+00,4.227716e+00,3.984836e+00,3.329582e+00,4.134423e+00,4.760330e+00,4.100065e+00,4.726039e+00,4.566223e+00,3.952987e+00,4.382094e+00,4.879982e+00,4.643659e+00,4.657529e+00,4.266942e+00,4.542063e+00,4.702254e+00,4.155460e+00,4.536076e+00,4.748886e+00,4.946427e+00,4.867458e+00,4.766710e+00,4.651728e+00,4.790326e+00,4.763907e+00,4.284265e+00,4.809694e+00,4.731507e+00,4.655253e+00,4.794907e+00,4.506464e+00,4.652310e+00,4.526410e+00,4.948219e+00,4.662820e+00,4.454654e+00,4.592080e+00,4.375911e+00,4.682310e+00,4.558095e+00,4.249281e+00,4.509155e+00,4.735830e+00,4.623027e+00,4.816259e+00,4.546239e+00,4.562682e+00
4.552361e+00,5.039960e+00,4.744524e+00,4.777998e+00,4.675560e+00,4.415219e+00,4.832641e+00,4.655759e+00,4.770896e+00,5.016066e+00,4.582596e+00,4.463253e+00,4.538982e+00,4.852916e+00,4.755954e+00,4.812010e+00,4.842900e+00,4.601541e+00,4.438209e+00,4.316416e+00,4.447296e+00,4.303806e+00,4.406879e+00,4.257114e+00,4.621177e+00,4.437110e+00,4.670851e+00,4.892461e+00,4.467089e+00,4.244077e+00,4.766115e+00,4.639067e+00,4.256336e+00,4.779879e+00,4.503822e+00,4.534954e+00,4.058185e+00,4.510709e+00,4.191315e+00,4.242514e+00,3.915902e+00,3.194845e+00,4.308725e+00,3.800683e+00,3.993738e+00,6.642099e+00,4.251115e+00,4.158760e+00,3.772164e+00,3.554387e+00,3.640346e+00,3.792964e+00,4.393884e+00,4.682048e+00,3.920032e+00,5.099726e+00,4.411265e+00,3.438484e+00,3.751158e+00,3.664150e+00,4.619560e+00,4.365983e+00,3.825410e+00,4.271030e+00,4.038864e+00,4.121428e+00,4.461874e+00,4.767228e+00,4.615857e+00,4.236907e+00,4.684817e+00,4.950811e+00,4.617497e+00,4.625587e+00,4.200814e+00,4.603389e+00,4.416406e+00,4.575360e+00,4.865039e+00,4.670126e+00,4.771211e+00,4.193321e+00,4.541120e+00,4.911362e+00,4.603279e+00,4.670198e+00,4.644876e+00,4.287948e+00,4.521125e+00,4.491065e+00,4.311873e+00,4.508989e+00,4.581160e+00,4.528196e+00,4.626499e+00,4.637317e+00,4.518774e+00,4.560748e+00,4.857163e+00,4.618061e+00,4.672889e+00,4.162511e+00,4.710022e+00,4.637842e+00,4.862694e+00,4.819595e+00,4.714905e+00,4.911555e+00
4.742016e+00,4.548412e+00,4.742986e+00,4.650728e+00,4.953016e+00,4.782574e+00,4.563847e+00,4.751639e+00,4.482864e+00,4.796696e+00,4.386096e+00,4.558415e+00,4.667667e+00,4.588672e+00,4.232406e+00,4.489223e+00,4.613026e+00,4.870768e+00,4.691461e+00,4.335593e+00,4.709011e+00,4.400927e+00,4.812777e+00,4.136227e+00,4.856565e+00,4.851804e+00,4.827043e+00,4.665761e+00,4.735865e+00,4.731290e+00,4.420012e+00,4.375556e+00,4.108669e+00,4.601996e+00,4.518709e+00,4.639118e+00,4.833568e+00,4.696991e+00,4.370137e+00,4.522493e+00,4.539628e+00,4.136077e+00,3.445916e+00,4.519442e+00,3.959637e+00,3.507999e+00,4.447758e+00,3.871054e+00,4.324456e+00,3.431787e+00,3.540397e+00,3.810936e+00,3.839168e+00,3.950306e+00,3.571809e+00,3.693383e+00,4.237955e+00,3.949788e+00,3.631101e+00,4.178602e+00,4.572468e+00,4.022592e+00,4.064485e+00,4.317073e+00,4.575312e+00,4.216801e+00,4.653369e+00,4.338708e+00,4.757526e+00,4.891241e+00,4.810259e+00,4.523216e+00,3.741701e+00,4.585372e+00,4.327084e+00,4.777244e+00,4.818074e+00,4.470707e+00,4.951215e+00,4.712197e+00,4.670979e+00,4.540776e+00,4.989122e+00,4.601244e+00,4.638071e+00,4.686474e+00,4.479821e+00,4.900011e+00,4.397192e+00,4.817120e+00,4.446798e+00,4.354546e+00,4.613905e+00,4.404070e+00,4.793230e+00,4.700039e+00,4.585910e+00,4.708266e+00,4.574014e+00,4.756241e+00,4.670286e+00,4.597995e+00,4.505020e+00,4.655404e+00,4.548453e+00,4.403515e+00,4.557059e+00,4.642902e+00
4.699437e+00,4.993256e+00,4.696583e+00,4.300481e+00,4.768705e+00,4.654353e+00,4.729331e+00,4.566872e+00,4.687687e+00,4.706097e+00,4.761430e+00,4.846158e+00,4.670567e+00,4.680554e+00,4.395755e+00,4.398287e+00,4.748762e+00,4.259405e+00,4.384484e+00,4.140646e+00,4.724238e+00,4.554430e+00,4.943136e+00,4.609291e+00,4.910090e+00,4.319199e+00,4.364932e+00,4.506512e+00,4.674643e+00,4.857547e+00,4.619161e+00,3.915083e+00,4.730905e+00,4.616334e+00,4.686739e+00,4.049574e+00,4.754093e+00,4.531735e+00,4.944281e+00,4.880275e+00,4.599469e+00,4.878987e+00,4.650548e+00,4.613180e+00,4.569643e+00,4.179050e+00,4.060551e+00,4.621187e+00,4.278764e+00,4.076898e+00,4.410289e+00,3.841507e+00,3.388269e+00,4.334380e+00,3.832467e+00,4.034374e+00,3.939624e+00,4.225398e+00,4.545824e+00,4.544760e+00,4.506214e+00,4.888260e+00,4.792249e+00,4.642259e+00,4.494498e+00,4.621249e+00,4.649841e+00,4.670452e+00,4.682816e+00,3.312163e+00,3.897573e+00,4.401071e+00,4.427739e+00,4.206479e+00,4.348197e+00,4.867332e+00,4.852553e+00,4.111919e+00,5.043017e+00,4.611344e+00,4.791632e+00,4.669487e+00,5.029307e+00,4.821303e+00,4.602047e+00,4.641637e+00,4.740160e+00,4.803218e+00,4.500295e+00,4.967239e+00,4.730200e+00,4.887369e+00,4.601206e+00,4.806121e+00,4.749263e+00,4.490674e+00,4.766167e+00,4.502051e+00,4.783839e+00,4.606849e+00,4.761026e+00,4.991531e+00,4.906465e+00,4.632767e+00,4.574617e+00,4.897951e+00,4.497076e+00,4.776042e+00
4.235706e+00,4.660036e+00,4.835887e+00,4.339055e+00,4.636266e+00,4.530245e+00,4.753368e+00,4.693836e+00,4.242537e+00,4.899689e+00,4.465622e+00,4.414755e+00,4.488544e+00,4.970189e+00,4.691724e+00,4.869578e+00,4.615826e+00,4.510868e+00,4.175211e+00,4.371132e+00,4.801966e+00,4.173420e+00,4.696156e+00,4.523802e+00,4.858160e+00,4.729002e+00,4.953470e+00,4.735956e+00,4.921383e+00,4.378154e+00,4.579425e+00,4.985424e+00,4.668098e+00,4.587215e+00,4.400371e+00,4.807371e+00,4.103198e+00,4.517314e+00,4.662594e+00,4.657192e+00,4.686219e+00,4.538274e+00,4.653168e+00,4.662264e+00,4.282735e+00,4.780669e+00,4.344110e+00,4.581999e+00,4.833994e+00,4.344995e+00,4.640964e+00,4.878046e+00,4.703203e+00,4.493244e+00,4.718422e+00,4.854627e+00,4.583496e+00,4.891540e+00,4.766578e+00,4.585374e+00,4.448649e+00,4.520056e+00,4.847384e+00,4.830918e+00,4.150467e+00,3.880260e+00,4.478903e+00,4.296796e+00,4.146009e+00,4.326635e+00,4.097359e+00,4.709996e+00,4.412650e+00,4.730902e+00,4.758330e+00,4.673163e+00,4.768662e+00,4.630635e+00,4.644492e+00,4.728931e+00,4.817894e+00,4.500544e+00,4.875560e+00,4.874644e+00,4.861087e+00,4.937920e+00,4.764615e+00,4.768116e+00,4.411370e+00,4.745617e+00,4.650983e+00,4.685375e+00,4.267048e+00,4.875057e+00,4.981119e+00,4.808548e+00,4.821723e+00,4.663334e+00,4.561087e+00,4.808770e+00,4.827261e+00,4.841185e+00,4.599720e+00,4.713101e+00,4.648975e+00,4.698185e+00,4.529729e+00,4.683464e+00
4.641107e+00,4.846648e+00,4.405935e+00,4.945516e+00,4.802233e+00,4.674668e+00,4.548688e+00,4.549992e+00,4.805212e+00,4.788693e+00,4.865087e+00,4.500142e+00,4.757655e+00,4.871043e+00,4.745916e+00,4.931445e+00,4.729301e+00,4.814260e+00,4.204493e+00,5.007771e+00,4.583069e+00,4.601385e+00,4.661556e+00,4.719074e+00,4.818883e+00,4.551474e+00,4.569385e+00,4.780383e+00,4.492812e+00,4.847601e+00,4.819825e+00,4.719782e+00,4.779863e+00,4.739034e+00,4.623950e+00,4.626953e+00,3.902637e+00,4.295941e+00,4.922795e+00,4.173839e+00,4.582454e+00,4.854816e+00,5.079534e+00,4.763586e+00,4.698737e+00,4.473990e+00,4.425137e+00,4.801110e+00,4.446896e+00,4.725674e+00,4.733455e+00,4.014764e+00,4.817042e+00,4.307241e+00,4.937125e+00,4.440771e+00,4.967185e+00,4.766979e+00,4.775706e+00,4.683163e+00,4.809756e+00,4.937971e+00,4.534560e+00,4.252477e+00,4.196442e+00,3.938596e+00,4.643284e+00,4.582866e+00,4.507243e+00,4.138285e+00,4.653023e+00,4.904679e+00,4.677773e+00,4.527169e+00,4.743228e+00,4.819162e+00,5.009894e+00,4.889366e+00,4.740635e+00,4.563189e+00,4.131642e+00,4.505739e+00,4.657973e+00,4.734729e+00,4.377500e+00,4.714376e+00,4.588157e+00,4.172475e+00,4.837304e+00,4.678517e+00,4.729874e+00,5.014197e+00,4.816094e+00,4.659835e+00,4.968074e+00,4.446849e+00,4.577533e+00,4.641191e+00,4.933954e+00,4.713215e+00,4.882511e+00,4.864014e+00,4.638198e+00,4.580055e+00,4.559006e+00,4.422554e+00,4.135878e+00,4.498985e+00
4.457429e+00,4.452322e+00,4.716374e+00,4.889599e+00,4.619928e+00,4.571033e+00,4.783229e+00,4.718412e+00,4.668251e+00,4.827886e+00,4.698771e+00,4.392565e+00,4.381399e+00,4.496048e+00,4.936341e+00,4.728349e+00,4.466429e+00,4.776106e+00,4.859826e+00,4.654444e+00,4.712846e+00,4.820776e+00,4.472555e+00,4.864858e+00,4.739977e+00,4.483845e+00,4.719015e+00,4.562435e+00,4.728253e+00,4.462941e+00,4.726414e+00,4.826680e+00,4.703029e+00,4.741856e+00,4.814850e+00,4.618030e+00,4.784986e+00,4.611683e+00,4.508656e+00,4.793091e+00,4.488198e+00,4.335380e+00,4.668279e+00,4.523606e+00,4.546128e+00,4.443726e+00,4.156059e+00,4.619807e+00,4.568843e+00,4.510813e+00,4.677167e+00,4.660176e+00,4.529413e+00,4.564720e+00,4.643131e+00,4.921052e+00,4.730277e+00,4.571011e+00,4.320286e+00,4.684563e+00,4.287432e+00,4.857145e+00,4.100997e+00,4.376047e+00,4.566505e+00,4.868338e+00,4.263025e+00,4.307485e+00,4.624432e+00,4.934854e+00,4.831551e+00,4.781269e+00,4.685198e+00,4.727800e+00,4.468839e+00,4.642249e+00,4.466098e+00,4.790041e+00,4.588538e+00,4.595930e+00,4.109347e+00,4.530879e+00,4.398504e+00,5.110529e+00,4.246787e+00,4.966616e+00,4.630721e+00,4.830712e+00,4.761789e+00,4.793008e+00,4.757030e+00,4.827461e+00,4.818317e+00,4.855205e+00,4.880892e+00,4.687215e+00,4.902943e+00,4.734618e+00,4.603984e+00,4.710692e+00,4.168380e+00,4.926189e+00,4.763187e+00,4.665028e+00,4.925801e+00,4.867062e+00,4.698653e+00,4.759813e+00
4.809939e+00,4.845478e+00,4.798649e+00,4.589891e+00,4.847878e+00,4.579551e+00,4.844981e+00,4.623514e+00,4.729157e+00,4.501198e+00,4.721150e+00,4.700252e+00,4.998442e+00,4.591423e+00,4.986420e+00,4.820502e+00,4.506227e+00,4.740291e+00,4.784975e+00,4.447755e+00,4.807596e+00,4.422700e+00,4.706765e+00,4.835788e+00,4.865505e+00,4.901392e+00,4.379637e+00,4.863925e+00,4.702599e+00,4.965671e+00,4.371821e+00,4.527419e+00,4.987081e+00,4.594884e+00,4.521904e+00,4.743669e+00,4.945136e+00,4.650267e+00,4.778256e+00,4.833392e+00,4.793602e+00,4.522850e+00,4.877311e+00,4.478243e+00,4.450549e+00,4.500404e+00,4.622060e+00,4.638656e+00,4.555566e+00,4.371478e+00,4.833122e+00,4.802751e+00,4.762677e+00,4.723817e+00,4.732232e+00,4.331236e+00,4.497553e+00,4.932762e+00,4.470979e+00,4.518710e+00,4.603390e+00,4.593401e+00,4.756217e+00,4.734567e+00,4.874437e+00,4.905709e+00,4.800925e+00,4.887040e+00,4.711866e+00,4.714960e+00,4.676083e+00,4.836877e+00,4.677744e+00,4.692936e+00,4.677248e+00,4.836855e+00,4.600443e+00,4.492007e+00,4.966689e+00,4.794340e+00,4.805444e+00,4.856194e+00,4.734861e+00,4.736381e+00,4.463353e+00,5.124790e+00,4.646741e+00,4.806430e+00,5.121091e+00,4.455382e+00,4.810970e+00,4.940231e+00,4.833397e+00,4.848736e+00,5.017379e+00,4.503017e+00,4.664508e+00,4.556179e+00,3.850434e+00,4.814505e+00,4.805697e+00,4.547858e+00,5.003326e+00,4.607077e+00,4.938980e+00,4.609720e+00,4.479696e+00,4.723970e+00
4.950330e+00,4.576258e+00,4.969930e+00,4.479135e+00,4.323063e+00,4.668783e+00,4.537766e+00,4.805998e+00,4.839257e+00,4.629661e+00,4.782477e+00,4.596570e+00,4.622973e+00,4.059921e+00,4.724354e+00,4.639821e+00,4.830520e+00,4.600002e+00,4.682322e+00,4.837562e+00,4.751616e+00,4.882798e+00,4.694599e+00,4.851838e+00,4.749149e+00,4.811662e+00,4.390262e+00,4.281526e+00,4.533239e+00,4.510424e+00,4.615261e+00,4.646145e+00,4.813934e+00,4.869249e+00,4.568472e+00,4.714292e+00,4.359200e+00,4.397318e+00,4.715461e+00,4.463677e+00,4.737924e+00,4.646819e+00,4.492420e+00,4.881118e+00,4.768529e+00,4.518572e+00,4.734136e+00,4.772376e+00,4.684441e+00,4.752904e+00,4.923985e+00,4.292037e+00,4.485602e+00,4.784839e+00,4.632176e+00,4.897490e+00,4.438525e+00,5.020319e+00,4.844682e+00,4.799187e+00,4.616852e+00,4.887094e+00,4.572231e+00,4.867565e+00,4.716722e+00,4.928045e+00,4.524640e+00,4.950907e+00,4.327598e+00,4.895451e+00,4.893180e+00,4.694494e+00,4.676685e+00,4.842939e+00,4.407110e+00,4.611945e+00,4.349272e+00,5.010994e+00,4.647722e+00,4.707404e+00,4.583676e+00,5.011717e+00,4.825750e+00,4.989312e+00,4.637764e+00,4.902318e+00,4.773516e+00,4.723754e+00,4.839209e+00,4.693012e+00,4.271018e+00,4.778344e+00,4.611899e+00,4.050513e+00,4.789729e+00,4.663574e+00,4.680395e+00,4.873944e+00,4.738440e+00,5.053658e+00,4.899556e+00,4.759672e+00,4.742661e+00,4.428611e+00,4.735610e+00,4.880138e+00,4.445099e+00,4.973629e+00
