5.012455e+00,4.664033e+00,4.715279e+00,4.864896e+00,4.475565e+00,4.758579e+00,4.799204e+00,4.875367e+00,4.612111e+00,4.801702e+00,4.993702e+00,4.896838e+00,4.929334e+00,4.522120e+00,4.930012e+00,4.913375e+00,4.928148e+00,4.774956e+00,4.834677e+00,4.876844e+00,4.838289e+00,4.804181e+00,4.830428e+00,4.845119e+00,4.876809e+00,4.797128e+00,4.793264e+00,4.899117e+00,4.808027e+00,4.790638e+00,4.922027e+00,4.896013e+00,4.527274e+00,4.806562e+00,4.795798e+00,4.906162e+00,5.062264e+00,2.452089e+00,4.681957e+00,4.905928e+00,4.733636e+00,4.944630e+00,4.666676e+00,4.936351e+00,4.865891e+00,4.650474e+00,3.809058e+00,4.457544e+00,4.882881e+00,4.693596e+00,4.641966e+00,4.994620e+00,4.813692e+00,4.601021e+00,4.885566e+00,4.816318e+00,4.813929e+00,4.596557e+00,4.808170e+00,4.811881e+00,4.657443e+00,4.853206e+00,4.598011e+00,4.657285e+00,4.938618e+00,4.845542e+00,4.815713e+00,5.035888e+00,4.683343e+00,4.885321e+00,4.934088e+00,4.696783e+00,4.655536e+00,4.732207e+00,4.771225e+00,4.936423e+00,4.842400e+00,5.058193e+00,4.825023e+00,4.688079e+00,4.794123e+00,4.699873e+00,5.009901e+00,4.966016e+00,4.948389e+00,4.977191e+00,4.831818e+00,4.911366e+00,4.724417e+00,4.946510e+00,4.669592e+00,4.860631e+00,4.816430e+00,4.940986e+00,4.877934e+00,4.846845e+00,4.639311e+00,4.854764e+00,4.878850e+00,4.900844e+00,4.677357e+00,4.712939e+00,4.739883e+00,4.561901e+00,4.928950e+00,4.577912e+00,4.902120e+00,4.964810e+00,4.770755e+00,4.896272e+00,4.741384e+00,4.981058e+00,4.758052e+00,4.930929e+00,4.674200e+00,4.884485e+00,4.890689e+00,4.714626e+00,4.948032e+00,4.826075e+00,4.974661e+00,4.632528e+00,4.819869e+00,4.585314e+00,4.951153e+00,4.890382e+00,4.177016e+00,4.688667e+00,4.379996e+00,5.089040e+00,4.248023e+00,4.806436e+00,4.798379e+00,4.951177e+00,4.740322e+00,4.438865e+00,4.981924e+00,5.002508e+00,4.604181e+00,4.891155e+00,4.918913e+00,4.988064e+00,4.956646e+00,4.913609e+00,4.969909e+00,4.420879e+00,4.737783e+00,4.781477e+00,4.444801e+00,4.793339e+00,4.904781e+00,4.876019e+00,4.804948e+00,4.836862e+00,4.529638e+00,4.932859e+00,4.913494e+00,4.611799e+00,4.785337e+00,4.608950e+00,4.875596e+00,4.771108e+00,4.863573e+00,4.970855e+00,4.578558e+00,4.757483e+00,4.871729e+00,4.832682e+00,4.576793e+00,4.861772e+00,4.658048e+00,4.903387e+00,5.043807e+00,4.925085e+00,4.479070e+00,4.814302e+00,4.833727e+00,4.873699e+00,4.856473e+00,4.577380e+00,4.891170e+00,4.880167e+00,4.506182e+00,4.609545e+00,4.917701e+00,4.998639e+00,4.757757e+00,4.856802e+00,5.006169e+00,4.643197e+00,4.889492e+00,4.922676e+00,4.851869e+00,4.881132e+00,4.993288e+00,4.896439e+00,4.696295e+00,4.533683e+00,5.166348e+00,4.856596e+00,4.882477e+00,4.777776e+00,4.881637e+00,4.849558e+00,5.004968e+00,4.794393e+00,4.876008e+00,4.701424e+00,4.902165e+00,4.885573e+00,4.852676e+00,4.788790e+00,5.020789e+00,4.842116e+00,4.545677e+00
4.832594e+00,4.577791e+00,4.908013e+00,4.974466e+00,4.806783e+00,4.796207e+00,4.446735e+00,4.963173e+00,4.825743e+00,4.852764e+00,4.944533e+00,4.861040e+00,4.760707e+00,4.950313e+00,4.743608e+00,5.010911e+00,4.899117e+00,4.771739e+00,4.989641e+00,4.727537e+00,4.718904e+00,4.935556e+00,5.061145e+00,4.822132e+00,4.957689e+00,4.805432e+00,4.526087e+00,4.916466e+00,4.735485e+00,4.880548e+00,4.800736e+00,4.962562e+00,4.934736e+00,4.828458e+00,4.643098e+00,4.673081e+00,4.906136e+00,4.784909e+00,4.789990e+00,4.222501e+00,4.964216e+00,4.772815e+00,4.960895e+00,4.828567e+00,4.940970e+00,4.877345e+00,4.752601e+00,4.819500e+00,4.982004e+00,4.871029e+00,4.522131e+00,4.934271e+00,4.876074e+00,4.916672e+00,5.009776e+00,4.963615e+00,4.668057e+00,4.658237e+00,4.613562e+00,4.652852e+00,5.016206e+00,4.806036e+00,4.556939e+00,4.912109e+00,4.783827e+00,4.755554e+00,4.879199e+00,4.800632e+00,4.948341e+00,5.005351e+00,4.948737e+00,4.865293e+00,4.797216e+00,4.998861e+00,4.915004e+00,4.585670e+00,4.879418e+00,5.000928e+00,4.966956e+00,4.754484e+00,4.685738e+00,4.989531e+00,4.635263e+00,4.985814e+00,4.853740e+00,4.986414e+00,4.823902e+00,4.662627e+00,4.634999e+00,4.843438e+00,4.877810e+00,4.689884e+00,5.019393e+00,5.004129e+00,4.784549e+00,4.898391e+00,5.092345e+00,4.274688e+00,4.834318e+00,4.716060e+00,3.955181e+00,4.475562e+00,4.932761e+00,4.980735e+00,4.827174e+00,4.718466e+00,4.538098e+00,4.772960e+00,4.888355e+00,4.703213e+00,4.818604e+00,4.454681e+00,4.418115e+00,4.936393e+00,4.959153e+00,4.723992e+00,4.939736e+00,4.740192e+00,4.788728e+00,4.897783e+00,4.429536e+00,4.682083e+00,4.977943e+00,4.852844e+00,4.727476e+00,4.956032e+00,4.592593e+00,4.030303e+00,4.989042e+00,4.884512e+00,4.671548e+00,4.849809e+00,4.656781e+00,4.742285e+00,4.910004e+00,4.947452e+00,4.488508e+00,4.497860e+00,4.913288e+00,5.024563e+00,4.934731e+00,4.717336e+00,4.732224e+00,4.808925e+00,4.916329e+00,4.898371e+00,4.875971e+00,4.739661e+00,4.699078e+00,4.755745e+00,4.414933e+00,5.149600e+00,4.784470e+00,4.953200e+00,5.030532e+00,4.833089e+00,4.888267e+00,4.646086e+00,4.773315e+00,4.748608e+00,5.026592e+00,4.400097e+00,5.002802e+00,4.675911e+00,5.028163e+00,4.807664e+00,4.591931e+00,4.846629e+00,4.860203e+00,4.914353e+00,4.804234e+00,4.914142e+00,4.997932e+00,4.810412e+00,4.967013e+00,4.853600e+00,4.417877e+00,4.953663e+00,4.807930e+00,4.997987e+00,4.596695e+00,4.981447e+00,4.727087e+00,4.829200e+00,4.812565e+00,4.692691e+00,4.907625e+00,4.529529e+00,4.943686e+00,4.907966e+00,5.045657e+00,4.899141e+00,4.786107e+00,4.839707e+00,4.841716e+00,4.924592e+00,4.885442e+00,4.833326e+00,4.849643e+00,4.964118e+00,4.942840e+00,5.059960e+00,4.730849e+00,4.765541e+00,4.864373e+00,4.815416e+00,4.926607e+00,4.675021e+00,4.853377e+00,4.966738e+00,4.764822e+00,4.509470e+00,4.889925e+00,4.877638e+00,4.933717e+00
5.000026e+00,4.440606e+00,4.929682e+00,4.969193e+00,4.953309e+00,4.860812e+00,4.724492e+00,4.910008e+00,4.919302e+00,4.777524e+00,4.718878e+00,4.950394e+00,4.906873e+00,4.956872e+00,4.665931e+00,4.958745e+00,4.794692e+00,4.925862e+00,4.843858e+00,4.726991e+00,4.894537e+00,4.875384e+00,4.661328e+00,5.023792e+00,4.754737e+00,4.794981e+00,5.067113e+00,4.874527e+00,4.927633e+00,4.850700e+00,4.673834e+00,4.922532e+00,4.888587e+00,4.844350e+00,4.856185e+00,4.841836e+00,4.952380e+00,4.648697e+00,4.877606e+00,4.862419e+00,4.882482e+00,4.437930e+00,4.773336e+00,4.752560e+00,5.006443e+00,4.580973e+00,4.913252e+00,4.619012e+00,4.480399e+00,4.979602e+00,4.871661e+00,4.960107e+00,4.847043e+00,4.901347e+00,4.914572e+00,4.720114e+00,4.817311e+00,2.632896e+00,4.891601e+00,4.763391e+00,4.555660e+00,4.838888e+00,4.822626e+00,4.874049e+00,4.918444e+00,5.002869e+00,4.970224e+00,4.894986e+00,4.961387e+00,4.541698e+00,4.943231e+00,4.773785e+00,4.525280e+00,4.651345e+00,4.988161e+00,4.555522e+00,4.814829e+00,4.857934e+00,4.759115e+00,4.749789e+00,4.888403e+00,4.773968e+00,4.617565e+00,4.912093e+00,4.760196e+00,4.850488e+00,5.000318e+00,4.784035e+00,4.799546e+00,4.915166e+00,4.977597e+00,4.934269e+00,5.006542e+00,4.004119e+00,4.918143e+00,5.007272e+00,4.918032e+00,4.912274e+00,4.612516e+00,4.947824e+00,4.917178e+00,4.703939e+00,4.549674e+00,4.942744e+00,4.793635e+00,4.987090e+00,4.699388e+00,4.392722e+00,4.907992e+00,4.504033e+00,4.443400e+00,5.032479e+00,4.774033e+00,4.804686e+00,5.169970e+00,4.678082e+00,4.724164e+00,4.843528e+00,4.502945e+00,4.951562e+00,4.803016e+00,4.631850e+00,4.833106e+00,4.960607e+00,4.697666e+00,4.633576e+00,4.766923e+00,5.039461e+00,4.774404e+00,4.871653e+00,4.426406e+00,4.996212e+00,4.769924e+00,4.620507e+00,5.001133e+00,4.913757e+00,4.562646e+00,4.861718e+00,4.950593e+00,5.057849e+00,4.887580e+00,4.854211e+00,4.638797e+00,4.803243e+00,4.795107e+00,4.455372e+00,4.764534e+00,4.962665e+00,4.647970e+00,4.920545e+00,4.871052e+00,4.699297e+00,4.907281e+00,4.498319e+00,4.297273e+00,4.699619e+00,4.788504e+00,4.853143e+00,4.831497e+00,4.709931e+00,4.931235e+00,4.608247e+00,4.852880e+00,4.840806e+00,4.906077e+00,4.546810e+00,4.913164e+00,4.861041e+00,5.058585e+00,4.942560e+00,4.382151e+00,4.625591e+00,4.892034e+00,4.642285e+00,4.814262e+00,4.833259e+00,4.907102e+00,4.997431e+00,4.957450e+00,4.722122e+00,4.940405e+00,4.614826e+00,4.841861e+00,4.926616e+00,4.652591e+00,4.879506e+00,5.005187e+00,4.915079e+00,4.884105e+00,4.652913e+00,4.688255e+00,4.788454e+00,4.781896e+00,4.752466e+00,4.762304e+00,4.951213e+00,4.950004e+00,4.793175e+00,4.933038e+00,4.885215e+00,4.952106e+00,4.806823e+00,4.936962e+00,4.849746e+00,4.877406e+00,4.623356e+00,4.933700e+00,4.892325e+00,4.348417e+00,4.823706e+00,4.872033e+00,4.933460e+00,4.892295e+00,4.845457e+00,4.817786e+00
4.513715e+00,4.998211e+00,4.936506e+00,4.507285e+00,5.010400e+00,4.430578e+00,4.955926e+00,5.007442e+00,4.865023e+00,4.770849e+00,4.947541e+00,4.713624e+00,4.662986e+00,4.993973e+00,4.893390e+00,4.819150e+00,4.816105e+00,4.852279e+00,4.922387e+00,4.487218e+00,4.839384e+00,4.849113e+00,4.917537e+00,4.385666e+00,4.733621e+00,4.941471e+00,4.810822e+00,4.964889e+00,4.597126e+00,4.742309e+00,4.944249e+00,4.894176e+00,4.647237e+00,4.922515e+00,4.817828e+00,4.914412e+00,4.637908e+00,5.062182e+00,4.957590e+00,4.871439e+00,4.907115e+00,4.877403e+00,4.743929e+00,5.050539e+00,5.000774e+00,4.819660e+00,4.620928e+00,5.003210e+00,5.002511e+00,4.974546e+00,4.927128e+00,4.886992e+00,4.753480e+00,4.898789e+00,4.547031e+00,4.879040e+00,4.758368e+00,4.801238e+00,4.808065e+00,4.701761e+00,4.580666e+00,5.113310e+00,4.645238e+00,4.876340e+00,4.990587e+00,4.676816e+00,4.963596e+00,4.819255e+00,4.504631e+00,4.766712e+00,4.845813e+00,4.868197e+00,4.799073e+00,4.890420e+00,5.027233e+00,4.933900e+00,4.752761e+00,4.902415e+00,4.647180e+00,4.995504e+00,4.768921e+00,4.922198e+00,4.633552e+00,4.978729e+00,4.976039e+00,4.919546e+00,4.757874e+00,4.820606e+00,4.830327e+00,4.804889e+00,4.833165e+00,4.776378e+00,4.911158e+00,4.829015e+00,4.873199e+00,4.952644e+00,4.719848e+00,4.809806e+00,4.896096e+00,4.745340e+00,4.789348e+00,4.728738e+00,4.952618e+00,4.804223e+00,4.928004e+00,4.804103e+00,4.946218e+00,4.667121e+00,4.329266e+00,5.020623e+00,5.128638e+00,4.359530e+00,4.795812e+00,4.645281e+00,4.252024e+00,4.694942e+00,4.895453e+00,4.973991e+00,4.547584e+00,4.744069e+00,4.872884e+00,4.207420e+00,4.660425e+00,5.069335e+00,4.753096e+00,4.340257e+00,3.728348e+00,4.706883e+00,4.829570e+00,5.034445e+00,4.681446e+00,4.903504e+00,4.752963e+00,4.635982e+00,4.927783e+00,4.701259e+00,4.986365e+00,4.737646e+00,5.015606e+00,4.879615e+00,4.791873e+00,4.938285e+00,4.900595e+00,4.840681e+00,4.635869e+00,4.972390e+00,4.784277e+00,5.004063e+00,4.851614e+00,4.199647e+00,4.486162e+00,4.890882e+00,4.639839e+00,4.992725e+00,4.793524e+00,4.894364e+00,4.863748e+00,4.842194e+00,4.917089e+00,4.624848e+00,4.697098e+00,4.928816e+00,4.955954e+00,4.863801e+00,4.733316e+00,4.995288e+00,5.007630e+00,4.931621e+00,4.764478e+00,4.831523e+00,4.774613e+00,4.709039e+00,4.900331e+00,4.748837e+00,4.874922e+00,4.744025e+00,4.973035e+00,4.992830e+00,4.867395e+00,4.875134e+00,4.908307e+00,4.792938e+00,4.541149e+00,5.020593e+00,4.454364e+00,4.974694e+00,4.791501e+00,4.947493e+00,5.061948e+00,4.982770e+00,4.840934e+00,5.002272e+00,4.656388e+00,4.873786e+00,4.537224e+00,5.039020e+00,4.944313e+00,4.730830e+00,4.565417e+00,4.749213e+00,4.866333e+00,4.944168e+00,5.045508e+00,4.745262e+00,4.836892e+00,4.718883e+00,4.780130e+00,4.847669e+00,4.982021e+00,4.905756e+00,4.905520e+00,4.909319e+00,4.680380e+00,4.995248e+00,4.618838e+00
4.844998e+00,4.935494e+00,4.510455e+00,4.886597e+00,4.853350e+00,4.926374e+00,4.454391e+00,4.765764e+00,5.041213e+00,4.910481e+00,4.942146e+00,4.978792e+00,4.983926e+00,4.846068e+00,4.461765e+00,4.797865e+00,4.901617e+00,4.529053e+00,4.518419e+00,4.797835e+00,4.707264e+00,4.809757e+00,4.689611e+00,4.900633e+00,4.645186e+00,4.878297e+00,4.894540e+00,4.834984e+00,4.994634e+00,4.930944e+00,4.452718e+00,4.942232e+00,4.888431e+00,4.772990e+00,4.825049e+00,4.966944e+00,4.739712e+00,4.783255e+00,4.932839e+00,4.843931e+00,4.930618e+00,4.972675e+00,4.556904e+00,4.989098e+00,4.941805e+00,5.003704e+00,4.682883e+00,4.924484e+00,4.834696e+00,4.481619e+00,5.002182e+00,4.797238e+00,3.234869e+00,4.529136e+00,4.679226e+00,4.693767e+00,5.009793e+00,4.891836e+00,4.880528e+00,4.492708e+00,4.631523e+00,4.900269e+00,4.823832e+00,4.987518e+00,4.841112e+00,4.747004e+00,5.075840e+00,4.686351e+00,4.925595e+00,4.650092e+00,4.649610e+00,4.876916e+00,4.580653e+00,4.843639e+00,4.510602e+00,4.990610e+00,4.770324e+00,4.908211e+00,4.683485e+00,3.567549e+00,4.587835e+00,4.666197e+00,4.578364e+00,4.126133e+00,4.749368e+00,4.777568e+00,4.801264e+00,4.764317e+00,4.938855e+00,4.856102e+00,4.535580e+00,5.007278e+00,4.674431e+00,4.884885e+00,4.790142e+00,4.903464e+00,4.852334e+00,4.972600e+00,4.857002e+00,4.739124e+00,4.924129e+00,4.903859e+00,4.951271e+00,5.067827e+00,4.659970e+00,4.684362e+00,4.921643e+00,4.969683e+00,4.823629e+00,4.925972e+00,4.860608e+00,4.823196e+00,4.779376e+00,4.869320e+00,4.923204e+00,4.723683e+00,4.844521e+00,4.686417e+00,4.830508e+00,4.865295e+00,4.807832e+00,4.693567e+00,4.638235e+00,4.886139e+00,4.560789e+00,4.953260e+00,4.973237e+00,4.936462e+00,4.453556e+00,4.962759e+00,4.661614e+00,4.692497e+00,4.967164e+00,4.908708e+00,4.753889e+00,4.300142e+00,4.980945e+00,4.894397e+00,4.918672e+00,4.729233e+00,4.917467e+00,5.003926e+00,4.742949e+00,4.575774e+00,4.898340e+00,4.491178e+00,4.567241e+00,4.835210e+00,4.774581e+00,4.954840e+00,5.023632e+00,4.895860e+00,4.893023e+00,4.807054e+00,4.852989e+00,4.881450e+00,4.419015e+00,4.541326e+00,5.020324e+00,4.853003e+00,4.893684e+00,4.870895e+00,4.933297e+00,4.919771e+00,4.745877e+00,4.790366e+00,4.612602e+00,4.747398e+00,4.993921e+00,4.825250e+00,4.978308e+00,4.888344e+00,4.737361e+00,4.959863e+00,4.648424e+00,4.935495e+00,4.287090e+00,4.838953e+00,4.988250e+00,4.849851e+00,4.591277e+00,4.885486e+00,4.631990e+00,4.741121e+00,4.828227e+00,4.959755e+00,4.956740e+00,4.649628e+00,5.058392e+00,4.584695e+00,4.830604e+00,4.764114e+00,4.719122e+00,4.872476e+00,4.728773e+00,4.776696e+00,4.938222e+00,4.979314e+00,4.946034e+00,4.643254e+00,4.734481e+00,4.607786e+00,5.039593e+00,4.871089e+00,4.994077e+00,4.877860e+00,4.733690e+00,4.824416e+00,4.874731e+00,4.881753e+00,4.948728e+00,4.808277e+00,4.396802e+00,4.961244e+00,4.977702e+00
4.683227e+00,4.777740e+00,4.945919e+00,5.009051e+00,4.884663e+00,4.939470e+00,4.844008e+00,4.935004e+00,4.886091e+00,4.563225e+00,4.772800e+00,4.974310e+00,4.941181e+00,4.890263e+00,4.755842e+00,4.830101e+00,4.626618e+00,4.956841e+00,4.930754e+00,4.880424e+00,4.654735e+00,4.919548e+00,4.487095e+00,4.923706e+00,4.951464e+00,4.559114e+00,4.865102e+00,4.717874e+00,4.584132e+00,4.787102e+00,4.924443e+00,4.331985e+00,4.919715e+00,4.998985e+00,4.471828e+00,4.981068e+00,4.777245e+00,4.864017e+00,4.731959e+00,4.801581e+00,4.868236e+00,4.857031e+00,4.868953e+00,4.747143e+00,4.843078e+00,4.780377e+00,5.016061e+00,4.900399e+00,4.821988e+00,4.948966e+00,5.017897e+00,4.812018e+00,4.908849e+00,4.748023e+00,4.861906e+00,2.887191e+00,4.848952e+00,4.966197e+00,5.067885e+00,4.371330e+00,4.515289e+00,4.936973e+00,4.932122e+00,4.805507e+00,4.743390e+00,4.691327e+00,4.795723e+00,4.621965e+00,4.752277e+00,4.761051e+00,4.824802e+00,4.507088e+00,4.820151e+00,4.471607e+00,5.014814e+00,4.954665e+00,4.704787e+00,4.593363e+00,4.661933e+00,4.753847e+00,4.932305e+00,4.844601e+00,4.867062e+00,4.402088e+00,4.892785e+00,4.976464e+00,4.821801e+00,4.733203e+00,4.555834e+00,4.927934e+00,4.678994e+00,4.539339e+00,4.914225e+00,4.638161e+00,4.729540e+00,4.856885e+00,4.946523e+00,4.687852e+00,4.850446e+00,4.645074e+00,4.866507e+00,4.680086e+00,4.745548e+00,4.876517e+00,4.375814e+00,5.043884e+00,4.654542e+00,3.419530e+00,4.180715e+00,3.024383e+00,4.658464e+00,4.290972e+00,4.853698e+00,4.759053e+00,4.920889e+00,4.847635e+00,4.865403e+00,4.582844e+00,4.809244e+00,4.960250e+00,4.665662e+00,4.520719e+00,4.814444e+00,5.001229e+00,4.981376e+00,4.719759e+00,4.836923e+00,4.306168e+00,4.929206e+00,4.432326e+00,5.025999e+00,4.907039e+00,4.820945e+00,4.391791e+00,4.912092e+00,5.045093e+00,4.949210e+00,4.892701e+00,4.428151e+00,4.252877e+00,4.747642e+00,4.874648e+00,4.881016e+00,4.787706e+00,4.792234e+00,4.906950e+00,4.891427e+00,4.941281e+00,4.860511e+00,4.784036e+00,4.794744e+00,4.667345e+00,4.655925e+00,4.998770e+00,4.605382e+00,4.837860e+00,4.875833e+00,4.750188e+00,4.662420e+00,4.931603e+00,4.948386e+00,4.577607e+00,4.891405e+00,4.870216e+00,4.812168e+00,4.931193e+00,4.854365e+00,4.802562e+00,4.866845e+00,4.920836e+00,4.854932e+00,4.951598e+00,4.900948e+00,4.843797e+00,4.587890e+00,4.959640e+00,4.921026e+00,4.966996e+00,4.688382e+00,4.744609e+00,4.796411e+00,4.907527e+00,4.951139e+00,4.659407e+00,4.806581e+00,4.795667e+00,4.909032e+00,4.707696e+00,4.976099e+00,4.679055e+00,4.702969e+00,4.938849e+00,4.948095e+00,4.925099e+00,4.962702e+00,4.655135e+00,4.864104e+00,4.822277e+00,4.978441e+00,4.885504e+00,4.428407e+00,4.654071e+00,4.936688e+00,4.836127e+00,4.863407e+00,4.821859e+00,4.827126e+00,4.817845e+00,4.856672e+00,4.878958e+00,4.825210e+00,4.880244e+00,4.934109e+00,4.801724e+00,4.695219e+00
4.758377e+00,4.959360e+00,4.972945e+00,4.523453e+00,4.944978e+00,4.420035e+00,5.048306e+00,4.802055e+00,4.878471e+00,4.882170e+00,4.931097e+00,4.632254e+00,4.706429e+00,4.887031e+00,4.783612e+00,4.791385e+00,4.806976e+00,4.753506e+00,4.737447e+00,4.669813e+00,4.895510e+00,4.959798e+00,4.727113e+00,4.922309e+00,4.883052e+00,4.759101e+00,4.911227e+00,4.810607e+00,4.886233e+00,4.819782e+00,5.007436e+00,4.962110e+00,4.819532e+00,4.816078e+00,4.924329e+00,4.787794e+00,4.947222e+00,2.513617e+00,4.726490e+00,4.696587e+00,4.876480e+00,4.672092e+00,4.890159e+00,5.234632e+00,4.835489e+00,4.732618e+00,4.708854e+00,4.918475e+00,4.649925e+00,4.607409e+00,4.839937e+00,4.919275e+00,4.960337e+00,4.623039e+00,5.087489e+00,4.816409e+00,4.873421e+00,3.874456e+00,4.414040e+00,4.994602e+00,4.943911e+00,4.446515e+00,4.854639e+00,5.003325e+00,5.011619e+00,4.878137e+00,4.898699e+00,4.792974e+00,4.822223e+00,4.420643e+00,4.497976e+00,4.959475e+00,4.996580e+00,4.634606e+00,4.935438e+00,4.887001e+00,4.830484e+00,4.968523e+00,4.968075e+00,4.667160e+00,4.864214e+00,4.399511e+00,4.875596e+00,4.885078e+00,4.905723e+00,4.525723e+00,4.957922e+00,4.927870e+00,4.252298e+00,4.453165e+00,4.913736e+00,4.790241e+00,4.790616e+00,5.004409e+00,4.914663e+00,3.901816e+00,4.656290e+00,4.988362e+00,4.795750e+00,4.759701e+00,4.541486e+00,4.405447e+00,4.781611e+00,4.609039e+00,3.841456e+00,4.830958e+00,4.871054e+00,4.593771e+00,4.331311e+00,4.875092e+00,4.926104e+00,5.054642e+00,4.500121e+00,4.896732e+00,4.922064e+00,4.834904e+00,4.830417e+00,4.635613e+00,4.688641e+00,4.902040e+00,4.951864e+00,5.026461e+00,4.903249e+00,4.866112e+00,4.719258e+00,4.555418e+00,4.932323e+00,4.637623e+00,4.865461e+00,4.372941e+00,4.904722e+00,4.964524e+00,4.740931e+00,4.668688e+00,4.709903e+00,4.135079e+00,4.435123e+00,4.037465e+00,4.250921e+00,3.814602e+00,4.840717e+00,4.912123e+00,4.888308e+00,4.869873e+00,4.928751e+00,4.959850e+00,4.389876e+00,4.941176e+00,4.890625e+00,4.916577e+00,4.839885e+00,3.997988e+00,4.707439e+00,4.581475e+00,4.769161e+00,4.936505e+00,4.746612e+00,4.800252e+00,4.947387e+00,4.947875e+00,4.903435e+00,4.912463e+00,4.961894e+00,5.003987e+00,5.023937e+00,4.826196e+00,4.815287e+00,4.911265e+00,4.756747e+00,4.711717e+00,4.915938e+00,4.819708e+00,4.739792e+00,4.619938e+00,4.676782e+00,4.737715e+00,4.868915e+00,4.939139e+00,5.064015e+00,4.611021e+00,4.468511e+00,4.764860e+00,4.903229e+00,4.750245e+00,4.495238e+00,5.124875e+00,4.845969e+00,4.562625e+00,4.976104e+00,4.703103e+00,4.894849e+00,4.728050e+00,4.928022e+00,4.734400e+00,4.753412e+00,4.759346e+00,5.027512e+00,4.565703e+00,4.719491e+00,4.806448e+00,4.995949e+00,4.783150e+00,4.878215e+00,4.602129e+00,4.915183e+00,5.070955e+00,4.504911e+00,5.022388e+00,4.835821e+00,5.057309e+00,4.843028e+00,4.777672e+00,4.841787e+00,4.944510e+00,4.806406e+00
4.605666e+00,4.941417e+00,4.812340e+00,4.974179e+00,5.091720e+00,4.988030e+00,4.708567e+00,4.983271e+00,4.691708e+00,4.982941e+00,4.903653e+00,4.933814e+00,4.857395e+00,4.868335e+00,4.747239e+00,4.671114e+00,4.870693e+00,4.879149e+00,4.565918e+00,4.825362e+00,4.813511e+00,4.742433e+00,4.893113e+00,4.802355e+00,4.863371e+00,4.866124e+00,4.825836e+00,4.772912e+00,5.005204e+00,4.793509e+00,4.779346e+00,4.930400e+00,5.017434e+00,4.302333e+00,4.723118e+00,4.726922e+00,4.811089e+00,4.711635e+00,4.746454e+00,5.047390e+00,4.835440e+00,4.971199e+00,4.355165e+00,4.784652e+00,4.831891e+00,4.979660e+00,4.966904e+00,4.966552e+00,4.853264e+00,4.492519e+00,4.767856e+00,4.890806e+00,4.482326e+00,4.862054e+00,4.840893e+00,4.990034e+00,4.920553e+00,4.868014e+00,4.855201e+00,4.855539e+00,4.725132e+00,4.875762e+00,4.997582e+00,4.679919e+00,4.871287e+00,4.991581e+00,4.793474e+00,4.747571e+00,4.671541e+00,4.993065e+00,4.724067e+00,4.863021e+00,4.774546e+00,5.017563e+00,4.235856e+00,4.886495e+00,5.046277e+00,4.973902e+00,4.743841e+00,4.819692e+00,4.784560e+00,4.787326e+00,4.872209e+00,4.929224e+00,4.805060e+00,4.578393e+00,4.825066e+00,4.850749e+00,4.694757e+00,4.380573e+00,3.629628e+00,3.319202e+00,4.440306e+00,2.765777e+00,4.331741e+00,2.411134e+00,4.722640e+00,4.654909e+00,4.921935e+00,4.826664e+00,4.232638e+00,4.539959e+00,4.686359e+00,3.903734e+00,4.694464e+00,3.162249e+00,4.967766e+00,4.222262e+00,4.670486e+00,4.106947e+00,4.360802e+00,4.740926e+00,4.554072e+00,4.868309e+00,4.541058e+00,4.577577e+00,4.749417e+00,4.934250e+00,5.092820e+00,4.582543e+00,4.841524e+00,4.372505e+00,2.566568e+00,4.873209e+00,4.668236e+00,5.062834e+00,4.859559e+00,4.249984e+00,4.562160e+00,5.024448e+00,4.906851e+00,4.912498e+00,4.887748e+00,4.706105e+00,4.621722e+00,3.929432e+00,4.574878e+00,4.921407e+00,4.807026e+00,4.627544e+00,4.673538e+00,4.731302e+00,5.016526e+00,4.789669e+00,4.878679e+00,4.794295e+00,4.729220e+00,4.812826e+00,5.003331e+00,4.700132e+00,4.731453e+00,4.902093e+00,4.320757e+00,4.923521e+00,4.722526e+00,4.960965e+00,4.588406e+00,4.650492e+00,4.836094e+00,4.771264e+00,5.062197e+00,4.896702e+00,4.939568e+00,4.703833e+00,5.003465e+00,5.031839e+00,4.800894e+00,4.855511e+00,4.237372e+00,4.469845e+00,4.700103e+00,4.781015e+00,4.764899e+00,4.841389e+00,4.733788e+00,4.950361e+00,4.889030e+00,4.982761e+00,4.587768e+00,4.624237e+00,4.955377e+00,4.494302e+00,4.803678e+00,4.632603e+00,4.757468e+00,5.055621e+00,4.818179e+00,4.552090e+00,4.968384e+00,4.802880e+00,4.940134e+00,4.974035e+00,4.574614e+00,4.881553e+00,4.922628e+00,4.897637e+00,5.064537e+00,4.890160e+00,4.787097e+00,4.625527e+00,4.824091e+00,5.022709e+00,4.615817e+00,4.749695e+00,4.866731e+00,4.932066e+00,4.879770e+00,4.943786e+00,4.949728e+00,5.122162e+00,4.717145e+00,4.777688e+00,4.487983e+00,4.871614e+00,4.835471e+00
4.655938e+00,4.842966e+00,4.985605e+00,4.831423e+00,4.905726e+00,4.898308e+00,4.965695e+00,4.791554e+00,4.767183e+00,4.860349e+00,4.859663e+00,4.853808e+00,4.916923e+00,4.827198e+00,4.344790e+00,4.804900e+00,4.860689e+00,4.839025e+00,4.899547e+00,4.772978e+00,4.892578e+00,4.443100e+00,4.954810e+00,4.859648e+00,4.998451e+00,4.521566e+00,4.953807e+00,4.933328e+00,4.634518e+00,4.311766e+00,4.743960e+00,5.024760e+00,4.863130e+00,4.865514e+00,4.876601e+00,3.504028e+00,4.969868e+00,4.825599e+00,4.667427e+00,5.004557e+00,4.962708e+00,4.902058e+00,4.868573e+00,4.540876e+00,4.938838e+00,4.807097e+00,4.822294e+00,4.828989e+00,4.765125e+00,4.984625e+00,4.871762e+00,4.977079e+00,4.442101e+00,4.748095e+00,4.751914e+00,4.784689e+00,4.825274e+00,4.779224e+00,4.848360e+00,4.919344e+00,4.793150e+00,4.835387e+00,4.491971e+00,5.048989e+00,4.979309e+00,4.771774e+00,4.810437e+00,4.356933e+00,4.941325e+00,4.836460e+00,4.980761e+00,4.839503e+00,4.719075e+00,4.608263e+00,4.855737e+00,2.506635e+00,4.490554e+00,4.792357e+00,4.859604e+00,4.828457e+00,3.401662e+00,4.473492e+00,4.786274e+00,4.677682e+00,4.914902e+00,4.851066e+00,4.833400e+00,4.952879e+00,3.795757e+00,3.489799e+00,3.553024e+00,4.523067e+00,4.325050e+00,4.282591e+00,3.624616e+00,4.408104e+00,4.110539e+00,4.080543e+00,4.039301e+00,4.139009e+00,4.493876e+00,4.309527e+00,4.225631e+00,4.836145e+00,4.097042e+00,4.843266e+00,3.949619e+00,4.745151e+00,4.664784e+00,4.128914e+00,4.340216e+00,4.796963e+00,3.442680e+00,3.184114e+00,3.524955e+00,3.770986e+00,4.640787e+00,4.438195e+00,4.674866e+00,4.607500e+00,4.921785e+00,4.856651e+00,5.028992e+00,4.769067e+00,4.860787e+00,4.055261e+00,4.554516e+00,4.858952e+00,4.701462e+00,4.651046e+00,4.638654e+00,4.874316e+00,4.656687e+00,4.822787e+00,4.817752e+00,4.661284e+00,3.885543e+00,4.881580e+00,4.734487e+00,4.691247e+00,4.924201e+00,4.728669e+00,5.047601e+00,5.052134e+00,4.806410e+00,4.940715e+00,4.664983e+00,4.966730e+00,4.531099e+00,4.959279e+00,4.846659e+00,4.577404e+00,4.768024e+00,4.923403e+00,5.009824e+00,4.724503e+00,5.058726e+00,4.720071e+00,4.809050e+00,4.815004e+00,4.526301e+00,4.974003e+00,4.922964e+00,4.993489e+00,4.765618e+00,3.717431e+00,5.011539e+00,4.550359e+00,4.793106e+00,4.738458e+00,5.005007e+00,5.006358e+00,4.692796e+00,4.916084e+00,4.828571e+00,4.730573e+00,4.108716e+00,5.119429e+00,5.004106e+00,4.862991e+00,4.891044e+00,4.905063e+00,4.801820e+00,4.673965e+00,4.849974e+00,4.961398e+00,4.965160e+00,4.750955e+00,4.837591e+00,4.961192e+00,4.921779e+00,4.607767e+00,4.978601e+00,4.708237e+00,4.869530e+00,5.023353e+00,5.066784e+00,4.867214e+00,4.981969e+00,4.711962e+00,4.981140e+00,4.978228e+00,4.892079e+00,4.811396e+00,5.047972e+00,4.592633e+00,4.755820e+00,4.945158e+00,4.631017e+00,4.996860e+00,4.446716e+00,4.863422e+00,4.840437e+00,4.768403e+00,4.922600e+00
4.789809e+00,4.628089e+00,4.822111e+00,4.884834e+00,4.985828e+00,4.783267e+00,4.872654e+00,4.775440e+00,4.974201e+00,4.404436e+00,4.455607e+00,4.896146e+00,4.816950e+00,4.992684e+00,4.939688e+00,4.750971e+00,4.921248e+00,4.746717e+00,4.651627e+00,4.956927e+00,4.688760e+00,4.933312e+00,5.011496e+00,4.938164e+00,4.911736e+00,4.370452e+00,4.664847e+00,4.898220e+00,4.924169e+00,4.432668e+00,4.755689e+00,4.964696e+00,4.876994e+00,4.875042e+00,4.978643e+00,4.896924e+00,4.928100e+00,4.847856e+00,4.700637e+00,4.591637e+00,4.858456e+00,4.847036e+00,4.860333e+00,4.904879e+00,4.850578e+00,4.491643e+00,4.930733e+00,4.889706e+00,4.919783e+00,4.660798e+00,4.847370e+00,4.861177e+00,4.839778e+00,4.845425e+00,4.912114e+00,4.844694e+00,4.513364e+00,4.903552e+00,4.854992e+00,4.973905e+00,4.771840e+00,4.596252e+00,4.798705e+00,4.957508e+00,4.929654e+00,4.840509e+00,4.672474e+00,4.965306e+00,4.890778e+00,4.936233e+00,4.770393e+00,4.880148e+00,4.967422e+00,4.623783e+00,4.910570e+00,4.942624e+00,3.718393e+00,4.621663e+00,4.608456e+00,4.589636e+00,4.888105e+00,4.818682e+00,4.372605e+00,5.125369e+00,4.478930e+00,4.243983e+00,4.863041e+00,4.781451e+00,4.862037e+00,4.853106e+00,4.277247e+00,4.793121e+00,4.953201e+00,5.024155e+00,4.866540e+00,4.953169e+00,4.781337e+00,4.446135e+00,4.809792e+00,4.666950e+00,4.947622e+00,4.909948e+00,4.698009e+00,4.702345e+00,4.901470e+00,4.998783e+00,4.837680e+00,5.019125e+00,4.659646e+00,4.898913e+00,3.232939e+00,4.652175e+00,4.826867e+00,4.853056e+00,4.392886e+00,3.164230e+00,4.501842e+00,4.347052e+00,4.060684e+00,4.664663e+00,4.326417e+00,4.437156e+00,4.785652e+00,4.477494e+00,4.887565e+00,4.619926e+00,4.846129e+00,4.828336e+00,4.943906e+00,4.819220e+00,4.739387e+00,4.806307e+00,4.685354e+00,4.966366e+00,4.913681e+00,4.910715e+00,4.983044e+00,4.950516e+00,4.961399e+00,4.776739e+00,4.941367e+00,4.794415e+00,4.859124e+00,4.842256e+00,4.946414e+00,4.863464e+00,4.912781e+00,4.793841e+00,4.808214e+00,4.921420e+00,4.564609e+00,4.845013e+00,4.911226e+00,5.013470e+00,5.011304e+00,4.936286e+00,4.792075e+00,4.897138e+00,5.008821e+00,4.695122e+00,4.834186e+00,4.568324e+00,4.711299e+00,4.916204e+00,4.813005e+00,5.024225e+00,4.968270e+00,4.856750e+00,4.841585e+00,4.839951e+00,4.851524e+00,5.039225e+00,4.828949e+00,4.977761e+00,4.896972e+00,4.848578e+00,4.689937e+00,4.551637e+00,4.720769e+00,4.934760e+00,4.637851e+00,4.843255e+00,5.012586e+00,4.876573e+00,4.950469e+00,5.026648e+00,5.020594e+00,4.848896e+00,4.940904e+00,4.544750e+00,4.830356e+00,4.939993e+00,4.643538e+00,4.939924e+00,4.497915e+00,4.989607e+00,4.533182e+00,4.818541e+00,4.824984e+00,4.852866e+00,4.853260e+00,5.049051e+00,4.663712e+00,4.809824e+00,4.939767e+00,4.677650e+00,4.882961e+00,4.894492e+00,4.910768e+00,4.895793e+00,4.889124e+00,4.888671e+00,4.903292e+00,4.613469e+00,5.019653e+00
4.954361e+00,4.838361e+00,5.002306e+00,4.597190e+00,5.057040e+00,4.985271e+00,4.916347e+00,5.053662e+00,4.906305e+00,4.557697e+00,5.014197e+00,4.886584e+00,4.938855e+00,4.671505e+00,4.981186e+00,4.846677e+00,4.996552e+00,5.002853e+00,4.830915e+00,4.928545e+00,4.766403e+00,4.912741e+00,4.668649e+00,4.751399e+00,2.756913e+00,4.894655e+00,4.917487e+00,5.119116e+00,4.785512e+00,4.838106e+00,4.939591e+00,4.965950e+00,4.738831e+00,4.850192e+00,4.884239e+00,4.728505e+00,4.965365e+00,4.823984e+00,4.669457e+00,4.934122e+00,4.846539e+00,4.798039e+00,4.823038e+00,4.465418e+00,5.015541e+00,5.007943e+00,4.930065e+00,4.865183e+00,4.720566e+00,4.934813e+00,5.043696e+00,4.454482e+00,4.953960e+00,4.601514e+00,4.838041e+00,4.727116e+00,4.972755e+00,4.813319e+00,4.646113e+00,4.810932e+00,4.727064e+00,4.868942e+00,5.039617e+00,4.524877e+00,5.054538e+00,4.694373e+00,4.747906e+00,4.941658e+00,4.702237e+00,2.773000e+00,4.151778e+00,4.648873e+00,4.922579e+00,4.808778e+00,4.917861e+00,4.730765e+00,4.908137e+00,2.876573e+00,3.605327e+00,4.326254e+00,4.635998e+00,4.617821e+00,4.809037e+00,4.832042e+00,4.926655e+00,4.783801e+00,4.838205e+00,4.867335e+00,4.741216e+00,4.853147e+00,4.932207e+00,4.718720e+00,4.869574e+00,4.881084e+00,4.832087e+00,4.983064e+00,4.988180e+00,4.974048e+00,4.973322e+00,4.684200e+00,5.008930e+00,5.100183e+00,4.720705e+00,4.988292e+00,4.918975e+00,4.467231e+00,4.784549e+00,4.553992e+00,4.678665e+00,5.024710e+00,4.920644e+00,4.862608e+00,4.819881e+00,4.863575e+00,5.068291e+00,4.901361e+00,4.588430e+00,2.775434e+00,4.634073e+00,4.634951e+00,4.181690e+00,3.813975e+00,4.346728e+00,3.015281e+00,4.678105e+00,4.800278e+00,3.384937e+00,4.829450e+00,4.715436e+00,4.655743e+00,5.037782e+00,4.595828e+00,4.307652e+00,4.842068e+00,4.940444e+00,4.770593e+00,5.026300e+00,4.827954e+00,4.869615e+00,4.552395e+00,4.825487e+00,5.054578e+00,4.917613e+00,4.742102e+00,4.699693e+00,4.845114e+00,4.996063e+00,4.764433e+00,4.996081e+00,4.668769e+00,4.895512e+00,4.964325e+00,4.915896e+00,4.981760e+00,4.784302e+00,4.828350e+00,5.007893e+00,4.672745e+00,4.796324e+00,4.743370e+00,4.888889e+00,4.574217e+00,4.893989e+00,4.936546e+00,5.024675e+00,4.754128e+00,4.857312e+00,4.868085e+00,4.892272e+00,4.849616e+00,4.774059e+00,4.635726e+00,4.512621e+00,4.967579e+00,4.901704e+00,4.613404e+00,4.671233e+00,4.775241e+00,4.964694e+00,5.004778e+00,4.580067e+00,4.933069e+00,4.743848e+00,4.422010e+00,4.974124e+00,4.998667e+00,4.840791e+00,4.459282e+00,4.988065e+00,4.915250e+00,4.680078e+00,4.797119e+00,4.789796e+00,4.638866e+00,4.982441e+00,5.087213e+00,4.932575e+00,4.762533e+00,4.821537e+00,4.943470e+00,4.629649e+00,4.892947e+00,4.400609e+00,4.830139e+00,4.734181e+00,4.766656e+00,4.750094e+00,4.768743e+00,4.922041e+00,4.900521e+00,4.662875e+00,5.064187e+00,4.864366e+00,4.816645e+00,4.924653e+00
4.990669e+00,4.470550e+00,4.938870e+00,5.087898e+00,4.866991e+00,4.949180e+00,4.659015e+00,4.806868e+00,4.093501e+00,4.896767e+00,4.827828e+00,4.827291e+00,4.862310e+00,4.564468e+00,4.598747e+00,4.849338e+00,4.926363e+00,4.808326e+00,4.866602e+00,4.922322e+00,4.841975e+00,4.752761e+00,4.939881e+00,4.969636e+00,4.895773e+00,4.837570e+00,4.554818e+00,3.938144e+00,4.862628e+00,4.741297e+00,4.976900e+00,4.946193e+00,4.308932e+00,4.618890e+00,4.696803e+00,4.872121e+00,4.945437e+00,4.578933e+00,4.745634e+00,4.915207e+00,4.867908e+00,4.849339e+00,4.860290e+00,4.674112e+00,4.953886e+00,4.871641e+00,4.650511e+00,4.904859e+00,4.430819e+00,5.033493e+00,4.850784e+00,4.455538e+00,4.914757e+00,5.001023e+00,4.855234e+00,4.918103e+00,4.506838e+00,4.802017e+00,4.862963e+00,4.706825e+00,4.860423e+00,4.925028e+00,4.943954e+00,4.649582e+00,4.983446e+00,4.981484e+00,4.943992e+00,4.834693e+00,3.828716e+00,4.859140e+00,4.618861e+00,4.634631e+00,4.702593e+00,4.730406e+00,4.518108e+00,3.963995e+00,4.605014e+00,4.770185e+00,4.770962e+00,4.962973e+00,4.656999e+00,4.714068e+00,4.853859e+00,4.987813e+00,4.814849e+00,4.968482e+00,5.008371e+00,4.878171e+00,4.703088e+00,4.835640e+00,4.678790e+00,4.954411e+00,4.861796e+00,4.997587e+00,4.955578e+00,4.988708e+00,4.958594e+00,4.504122e+00,4.870578e+00,4.885827e+00,4.604733e+00,4.971926e+00,4.726237e+00,4.815834e+00,4.660647e+00,4.969006e+00,5.018454e+00,4.728375e+00,5.072450e+00,4.895416e+00,4.665275e+00,4.671860e+00,4.915064e+00,4.786006e+00,4.972902e+00,4.744975e+00,4.535035e+00,5.058595e+00,4.758341e+00,5.044228e+00,4.756831e+00,4.368983e+00,3.889167e+00,4.299503e+00,2.974840e+00,4.664421e+00,4.408072e+00,3.307239e+00,3.687322e+00,4.874825e+00,4.773141e+00,4.903844e+00,3.873784e+00,4.879235e+00,4.191584e+00,4.249267e+00,4.523271e+00,4.816660e+00,4.889110e+00,4.639979e+00,4.749185e+00,4.999781e+00,4.738210e+00,3.869027e+00,4.304645e+00,4.639225e+00,4.889742e+00,4.373152e+00,4.672309e+00,4.938373e+00,4.900805e+00,4.788360e+00,4.814118e+00,4.844413e+00,4.884282e+00,4.834006e+00,5.051720e+00,4.638397e+00,4.950501e+00,4.957232e+00,4.726225e+00,4.992176e+00,5.021049e+00,5.038440e+00,5.005651e+00,4.979025e+00,4.904553e+00,4.783485e+00,4.851523e+00,4.840519e+00,4.607116e+00,4.485140e+00,5.048497e+00,4.755452e+00,4.656307e+00,5.021038e+00,4.857745e+00,4.372586e+00,4.829715e+00,5.003079e+00,4.517825e+00,4.784231e+00,4.950679e+00,4.814584e+00,5.021832e+00,4.568437e+00,4.918694e+00,4.961704e+00,4.782183e+00,4.908590e+00,4.575880e+00,4.858111e+00,4.974673e+00,4.762833e+00,4.674784e+00,5.005344e+00,4.912532e+00,4.662514e+00,4.735115e+00,4.872653e+00,4.756818e+00,4.867366e+00,5.046518e+00,4.937676e+00,4.820428e+00,4.950614e+00,4.952565e+00,4.986095e+00,4.553694e+00,4.927003e+00,4.727183e+00,4.928825e+00,4.899684e+00,4.795089e+00,4.982744e+00
4.731194e+00,4.794941e+00,4.989871e+00,4.864566e+00,4.968438e+00,4.578790e+00,4.912326e+00,4.424064e+00,4.859489e+00,4.920438e+00,4.655697e+00,4.787417e+00,4.947870e+00,4.977216e+00,4.301731e+00,4.848668e+00,4.906566e+00,4.830171e+00,4.586243e+00,4.647375e+00,4.915704e+00,4.813036e+00,5.081193e+00,4.923982e+00,4.849940e+00,4.915554e+00,4.711029e+00,4.760099e+00,4.712562e+00,4.968950e+00,4.774038e+00,4.694460e+00,4.938641e+00,4.936875e+00,4.879573e+00,4.995295e+00,4.625920e+00,4.581756e+00,4.983505e+00,4.988021e+00,4.809753e+00,4.644660e+00,5.016536e+00,4.750802e+00,4.897942e+00,5.033964e+00,4.733010e+00,4.735014e+00,4.949597e+00,4.896602e+00,4.912590e+00,4.122664e+00,4.928909e+00,4.947355e+00,4.995895e+00,4.646382e+00,4.658453e+00,4.791113e+00,4.982550e+00,4.668967e+00,4.884298e+00,4.287297e+00,4.977790e+00,4.975238e+00,4.649015e+00,4.911493e+00,5.036046e+00,4.709992e+00,4.853533e+00,2.726299e+00,4.469408e+00,4.311687e+00,4.062226e+00,4.615822e+00,4.853890e+00,5.007613e+00,4.909919e+00,4.835403e+00,4.916295e+00,4.820480e+00,4.968423e+00,5.060035e+00,4.752861e+00,4.765225e+00,4.815849e+00,4.911200e+00,4.655426e+00,5.093882e+00,4.771450e+00,4.981741e+00,5.005716e+00,4.696353e+00,4.474542e+00,4.499779e+00,4.596357e+00,4.793061e+00,4.079044e+00,4.708479e+00,4.400630e+00,4.761307e+00,4.782402e+00,4.837483e+00,4.024669e+00,4.698796e+00,4.512916e+00,4.611192e+00,4.144887e+00,4.952919e+00,5.048627e+00,4.828854e+00,4.974084e+00,4.947645e+00,4.902293e+00,4.876272e+00,4.392759e+00,4.757311e+00,4.856390e+00,4.832555e+00,4.936951e+00,4.827921e+00,4.936279e+00,4.451732e+00,4.656210e+00,4.993250e+00,4.819214e+00,4.785104e+00,3.939902e+00,4.261655e+00,3.777157e+00,4.720351e+00,2.691172e+00,4.527815e+00,4.366996e+00,4.647510e+00,4.974800e+00,4.677417e+00,4.938618e+00,4.662576e+00,4.634930e+00,4.774222e+00,4.995794e+00,4.737693e+00,4.943904e+00,4.663118e+00,4.724418e+00,4.318072e+00,4.897451e+00,4.807883e+00,4.992106e+00,4.891832e+00,4.952874e+00,4.990019e+00,4.944942e+00,4.830018e+00,4.843263e+00,4.621364e+00,5.014911e+00,4.909127e+00,4.781431e+00,4.426511e+00,4.780432e+00,5.056328e+00,4.816098e+00,4.767109e+00,4.934003e+00,4.771888e+00,4.785934e+00,5.016077e+00,4.848327e+00,5.001047e+00,4.819122e+00,4.907584e+00,4.582095e+00,4.999463e+00,4.884597e+00,4.583513e+00,4.756295e+00,4.905825e+00,4.909930e+00,4.729724e+00,4.814837e+00,4.965104e+00,4.914542e+00,4.631435e+00,4.431853e+00,4.941160e+00,4.887934e+00,4.722257e+00,4.650410e+00,4.872903e+00,4.791177e+00,4.875410e+00,4.774949e+00,4.834903e+00,4.759256e+00,4.819996e+00,4.737377e+00,4.565198e+00,4.774373e+00,4.835311e+00,5.045009e+00,4.828437e+00,4.811576e+00,4.851148e+00,4.966100e+00,4.821497e+00,4.830397e+00,4.677210e+00,4.933118e+00,5.040950e+00,4.832454e+00,4.694455e+00,4.943505e+00,4.862816e+00,4.710470e+00
5.057610e+00,5.084042e+00,4.647188e+00,4.834713e+00,4.684568e+00,4.417757e+00,4.896748e+00,4.985279e+00,4.885920e+00,4.886895e+00,4.485761e+00,4.991411e+00,4.869705e+00,4.819488e+00,4.909076e+00,4.931706e+00,5.031183e+00,4.884781e+00,4.562497e+00,4.951829e+00,4.779851e+00,4.819604e+00,4.760994e+00,4.564350e+00,4.882540e+00,4.642571e+00,4.562947e+00,4.852811e+00,5.031976e+00,4.871027e+00,4.880766e+00,4.488003e+00,4.945543e+00,4.512076e+00,5.003165e+00,4.770095e+00,4.762677e+00,4.359619e+00,4.839253e+00,4.816109e+00,4.901079e+00,4.761685e+00,4.919852e+00,4.750256e+00,4.821027e+00,4.740862e+00,4.924731e+00,4.753456e+00,4.896923e+00,4.785873e+00,4.814262e+00,4.932847e+00,4.355506e+00,4.732568e+00,4.607967e+00,4.867006e+00,4.703553e+00,4.703165e+00,5.010770e+00,5.020173e+00,4.973770e+00,4.613970e+00,3.930940e+00,4.878270e+00,4.487517e+00,4.756097e+00,4.477793e+00,3.408574e+00,4.313477e+00,2.415591e+00,4.935116e+00,4.666728e+00,4.575595e+00,4.817125e+00,4.884692e+00,4.899073e+00,4.872814e+00,4.916565e+00,4.885938e+00,4.576383e+00,4.775995e+00,4.879578e+00,4.866287e+00,4.524260e+00,4.739520e+00,4.526350e+00,4.789935e+00,4.223847e+00,4.666707e+00,3.782864e+00,4.452013e+00,4.746612e+00,4.557587e+00,3.956492e+00,4.609172e+00,4.700791e+00,4.463845e+00,4.787910e+00,3.138966e+00,4.650437e+00,3.540168e+00,3.610840e+00,3.295476e+00,3.641618e+00,4.110850e+00,4.766476e+00,4.138842e+00,4.265679e+00,4.543994e+00,4.491025e+00,3.607341e+00,4.568519e+00,4.699130e+00,4.367620e+00,4.284833e+00,4.654373e+00,4.884375e+00,4.470498e+00,4.540862e+00,4.798856e+00,4.952042e+00,4.957839e+00,4.930056e+00,4.737163e+00,4.951577e+00,4.626495e+00,4.744805e+00,4.926148e+00,4.805709e+00,4.806459e+00,4.420025e+00,4.739318e+00,3.637898e+00,2.954337e+00,3.680385e+00,4.065166e+00,4.505848e+00,4.610621e+00,4.464148e+00,4.645647e+00,4.874947e+00,4.959511e+00,4.731982e+00,4.767413e+00,4.771584e+00,4.850361e+00,4.950875e+00,4.903732e+00,4.830447e+00,4.810041e+00,4.452147e+00,4.689156e+00,5.022913e+00,4.844225e+00,4.617089e+00,4.993629e+00,4.972196e+00,4.878172e+00,4.866799e+00,4.827266e+00,4.711274e+00,4.911052e+00,4.775666e+00,4.615304e+00,4.967596e+00,4.833526e+00,4.901090e+00,4.902924e+00,4.550563e+00,4.923513e+00,4.649416e+00,4.799458e+00,4.729815e+00,4.732721e+00,4.827006e+00,4.857021e+00,4.807167e+00,4.633128e+00,4.672769e+00,4.467973e+00,4.379778e+00,5.091455e+00,4.906253e+00,4.984341e+00,4.565707e+00,4.706711e+00,4.942640e+00,4.996555e+00,4.727294e+00,4.850171e+00,4.835345e+00,4.742242e+00,4.880358e+00,4.561448e+00,4.965113e+00,4.921937e+00,4.727783e+00,4.912934e+00,4.756585e+00,4.812594e+00,4.832756e+00,4.821040e+00,4.664885e+00,4.826649e+00,4.947604e+00,4.964612e+00,4.938532e+00,5.006305e+00,4.801914e+00,4.907907e+00,4.825664e+00,4.663364e+00,5.053123e+00,4.794490e+00,4.788093e+00
5.034313e+00,4.736135e+00,4.859843e+00,4.943988e+00,4.693614e+00,4.825938e+00,4.838558e+00,4.776073e+00,4.907385e+00,4.854594e+00,4.967072e+00,4.849140e+00,4.946588e+00,4.863215e+00,4.756154e+00,4.878937e+00,4.848822e+00,4.858524e+00,5.034041e+00,4.981852e+00,2.723429e+00,4.279057e+00,4.878564e+00,4.848906e+00,4.836690e+00,4.870716e+00,4.616142e+00,4.692193e+00,4.808655e+00,4.240057e+00,3.698064e+00,4.753537e+00,4.655961e+00,4.883048e+00,4.776758e+00,5.014483e+00,4.974135e+00,4.745864e+00,4.891417e+00,4.321674e+00,5.050084e+00,4.603292e+00,4.761739e+00,4.833436e+00,4.749653e+00,4.716682e+00,4.884300e+00,4.899937e+00,4.879498e+00,4.935541e+00,4.777455e+00,4.883140e+00,4.776882e+00,4.903234e+00,4.819798e+00,4.706698e+00,4.701042e+00,4.945833e+00,5.052552e+00,4.055732e+00,4.452396e+00,4.535017e+00,4.956238e+00,4.940724e+00,4.772019e+00,4.297781e+00,4.334286e+00,4.763021e+00,4.805910e+00,4.889639e+00,4.867132e+00,4.987832e+00,4.730589e+00,4.815154e+00,4.882479e+00,4.763686e+00,4.992603e+00,5.006097e+00,4.961533e+00,4.603241e+00,4.725965e+00,4.674135e+00,4.462161e+00,3.333006e+00,4.011939e+00,4.781487e+00,4.620925e+00,2.746383e+00,3.697657e+00,2.760991e+00,4.428711e+00,3.732304e+00,4.051145e+00,3.124372e+00,3.888244e+00,4.605576e+00,3.021917e+00,3.499864e+00,3.740938e+00,3.204748e+00,2.807697e+00,4.820388e+00,2.744168e+00,4.266833e+00,3.556731e+00,3.289751e+00,3.086315e+00,3.532072e+00,4.437894e+00,4.556309e+00,4.008704e+00,3.709942e+00,3.819980e+00,4.491172e+00,3.880232e+00,4.746924e+00,4.614332e+00,4.844890e+00,4.693819e+00,4.654103e+00,4.491285e+00,4.787762e+00,4.642612e+00,4.977437e+00,4.783383e+00,4.691095e+00,4.772708e+00,4.837035e+00,5.032443e+00,5.007283e+00,4.762028e+00,4.929623e+00,4.039136e+00,3.764937e+00,4.493661e+00,2.903362e+00,4.087590e+00,4.696016e+00,4.883974e+00,4.635868e+00,4.822189e+00,4.419238e+00,4.606036e+00,4.898820e+00,4.916193e+00,4.481223e+00,4.531275e+00,4.914523e+00,4.782693e+00,4.765850e+00,4.980815e+00,4.963356e+00,4.941625e+00,4.962189e+00,4.875411e+00,5.008319e+00,4.956238e+00,4.789649e+00,4.833109e+00,4.890513e+00,4.673335e+00,4.812367e+00,4.765033e+00,4.757195e+00,4.809154e+00,4.983446e+00,4.925974e+00,4.616430e+00,4.616299e+00,4.756597e+00,5.009008e+00,4.959690e+00,5.003686e+00,4.680844e+00,4.865758e+00,4.504494e+00,4.731770e+00,5.004111e+00,4.950027e+00,4.944069e+00,4.817947e+00,4.880016e+00,4.504086e+00,4.730064e+00,4.812849e+00,4.941782e+00,4.670394e+00,5.051647e+00,4.927766e+00,4.748819e+00,5.018836e+00,4.765383e+00,4.942754e+00,4.985118e+00,4.831431e+00,4.978745e+00,4.805151e+00,4.856358e+00,4.926878e+00,4.739053e+00,4.976961e+00,4.747903e+00,4.801747e+00,4.661486e+00,4.726136e+00,4.885991e+00,4.936598e+00,4.821313e+00,4.860928e+00,4.883640e+00,4.777702e+00,4.610565e+00,4.858814e+00,4.862006e+00,4.655792e+00
4.804596e+00,5.005901e+00,4.799153e+00,4.786079e+00,4.799758e+00,4.851588e+00,4.580455e+00,4.866014e+00,4.911427e+00,4.880507e+00,4.665983e+00,4.887192e+00,4.963562e+00,4.547762e+00,4.939130e+00,5.040407e+00,5.066840e+00,4.624195e+00,4.900819e+00,4.491733e+00,4.830048e+00,4.673256e+00,4.837407e+00,4.924021e+00,4.407889e+00,4.688751e+00,2.878171e+00,4.975006e+00,4.981517e+00,4.832695e+00,5.026123e+00,4.732937e+00,4.818100e+00,4.727458e+00,4.894587e+00,4.914495e+00,4.886448e+00,4.817849e+00,4.153518e+00,4.861884e+00,4.907682e+00,4.735910e+00,4.970571e+00,3.298540e+00,5.064279e+00,4.753036e+00,4.884530e+00,4.749368e+00,4.918437e+00,4.884036e+00,5.008494e+00,5.078338e+00,4.597523e+00,4.626540e+00,4.848359e+00,4.630455e+00,2.850778e+00,4.671597e+00,4.649389e+00,4.646921e+00,4.816792e+00,4.573158e+00,4.406363e+00,4.541983e+00,4.043620e+00,4.336007e+00,4.558122e+00,4.489389e+00,4.852116e+00,4.643042e+00,4.749360e+00,4.852245e+00,4.883749e+00,5.120551e+00,4.631441e+00,4.669844e+00,3.216631e+00,3.908040e+00,4.825955e+00,4.802585e+00,2.851353e+00,2.744815e+00,3.121105e+00,4.223576e+00,2.975895e+00,4.323868e+00,2.686796e+00,4.004857e+00,4.027941e+00,3.302705e+00,3.833898e+00,3.357878e+00,3.251697e+00,3.824531e+00,4.463603e+00,2.307093e+00,2.635920e+00,3.162659e+00,4.095390e+00,2.573653e+00,4.589626e+00,2.629205e+00,4.032865e+00,4.479396e+00,2.516643e+00,2.680726e+00,2.552948e+00,3.046404e+00,4.855850e+00,4.670546e+00,4.045507e+00,4.323328e+00,3.491696e+00,2.482473e+00,4.028720e+00,4.619305e+00,4.279644e+00,2.778964e+00,4.437262e+00,4.240654e+00,3.983280e+00,2.803664e+00,4.515862e+00,4.085938e+00,4.603232e+00,4.705218e+00,4.952755e+00,4.831974e+00,4.994381e+00,4.981871e+00,5.066931e+00,4.721346e+00,5.020898e+00,4.947171e+00,4.961367e+00,4.239088e+00,2.603111e+00,3.865040e+00,4.400119e+00,4.811334e+00,4.747469e+00,4.066874e+00,4.724611e+00,4.874200e+00,4.898023e+00,4.763461e+00,4.492562e+00,4.789792e+00,5.007080e+00,5.004671e+00,4.888506e+00,4.947735e+00,4.759675e+00,4.868364e+00,4.593484e+00,2.704411e+00,4.815273e+00,4.905616e+00,4.738261e+00,4.625736e+00,4.589097e+00,5.179502e+00,4.834410e+00,4.843649e+00,4.811355e+00,4.876106e+00,4.871686e+00,4.828158e+00,4.209372e+00,4.915893e+00,4.899299e+00,4.857375e+00,4.615975e+00,4.846374e+00,4.793735e+00,4.586621e+00,4.912411e+00,4.702584e+00,4.689446e+00,3.033928e+00,4.443291e+00,5.026086e+00,4.821567e+00,4.837621e+00,4.965594e+00,4.820619e+00,4.843947e+00,4.862487e+00,4.735080e+00,4.971308e+00,4.898702e+00,4.971549e+00,4.546285e+00,4.782577e+00,4.732073e+00,4.464400e+00,4.931921e+00,4.972488e+00,4.754182e+00,4.903183e+00,4.821930e+00,4.855168e+00,4.913533e+00,4.990085e+00,4.968347e+00,4.891226e+00,4.526592e+00,5.006038e+00,4.835245e+00,4.886153e+00,4.821171e+00,4.968140e+00,4.687944e+00,4.932323e+00,4.789700e+00
4.708382e+00,4.327279e+00,4.944321e+00,5.021073e+00,4.857198e+00,4.700503e+00,4.881539e+00,4.866566e+00,4.855975e+00,4.980274e+00,4.939172e+00,4.822744e+00,4.940455e+00,4.790823e+00,4.667365e+00,4.967983e+00,4.760829e+00,4.933902e+00,5.118407e+00,4.728808e+00,4.681101e+00,4.912907e+00,4.829745e+00,4.592231e+00,4.765807e+00,4.379039e+00,4.825027e+00,4.757550e+00,4.982879e+00,4.904374e+00,4.932114e+00,4.233359e+00,4.540203e+00,4.603084e+00,2.615446e+00,4.635114e+00,4.964978e+00,2.748372e+00,4.493951e+00,4.794635e+00,4.914876e+00,4.790441e+00,4.926097e+00,4.663060e+00,5.048976e+00,4.727059e+00,4.904292e+00,4.972587e+00,4.838658e+00,4.847931e+00,4.433782e+00,4.915590e+00,4.662237e+00,4.928170e+00,4.749476e+00,4.463339e+00,4.872822e+00,4.843097e+00,4.728037e+00,4.947006e+00,4.190450e+00,4.684224e+00,4.459157e+00,4.765147e+00,4.716349e+00,4.672926e+00,4.804505e+00,4.632259e+00,4.880515e+00,4.999942e+00,4.985325e+00,4.520244e+00,4.528568e+00,2.585397e+00,4.598423e+00,4.740976e+00,2.822395e+00,4.402717e+00,3.334047e+00,3.019829e+00,2.656066e+00,2.826424e+00,3.525839e+00,2.766666e+00,3.634591e+00,2.662397e+00,3.783792e+00,3.119861e+00,2.907599e+00,2.980122e+00,2.854367e+00,2.682567e+00,2.817549e+00,2.540902e+00,4.331293e+00,3.896857e+00,3.473859e+00,3.631250e+00,4.425867e+00,3.972365e+00,3.734181e+00,2.376529e+00,2.527948e+00,3.051001e+00,3.185684e+00,3.234136e+00,3.140009e+00,2.632349e+00,3.283398e+00,4.663030e+00,4.288471e+00,3.177412e+00,3.686183e+00,3.074258e+00,3.010212e+00,4.221172e+00,4.757624e+00,4.089155e+00,4.287569e+00,3.760088e+00,4.503824e+00,2.884764e+00,3.297788e+00,4.434722e+00,4.362035e+00,4.729257e+00,4.538023e+00,4.687039e+00,4.883784e+00,4.828298e+00,4.930408e+00,4.851662e+00,4.833767e+00,4.875634e+00,4.508917e+00,4.607106e+00,4.863980e+00,4.936727e+00,3.328948e+00,3.580326e+00,4.669259e+00,4.673793e+00,4.630420e+00,4.700154e+00,4.989330e+00,4.693222e+00,4.924465e+00,4.964582e+00,4.945011e+00,4.800798e+00,4.541940e+00,4.825462e+00,4.967726e+00,4.724897e+00,4.851517e+00,4.939759e+00,4.915228e+00,4.737420e+00,4.872750e+00,4.617578e+00,4.692868e+00,4.699116e+00,4.942199e+00,4.801820e+00,4.410484e+00,4.924611e+00,4.983565e+00,4.955597e+00,4.760086e+00,4.325344e+00,4.965935e+00,4.759624e+00,4.962179e+00,4.941531e+00,4.900843e+00,4.733453e+00,5.016571e+00,4.709668e+00,4.856356e+00,4.372848e+00,5.030126e+00,4.706738e+00,4.703777e+00,4.948816e+00,4.598055e+00,4.722935e+00,5.051670e+00,4.831098e+00,4.646741e+00,5.044827e+00,4.707882e+00,4.863361e+00,4.738087e+00,4.883374e+00,4.658940e+00,4.805543e+00,4.752008e+00,5.008135e+00,4.334129e+00,4.841237e+00,4.748480e+00,4.733546e+00,4.802663e+00,4.781689e+00,4.801107e+00,4.893171e+00,4.552341e+00,4.788134e+00,5.008116e+00,4.946269e+00,4.894828e+00,4.640352e+00,4.902096e+00,4.642647e+00,4.868561e+00
4.741222e+00,4.674065e+00,4.741869e+00,4.908144e+00,4.872465e+00,4.748909e+00,4.919602e+00,4.873266e+00,4.741749e+00,4.669871e+00,4.953951e+00,4.937950e+00,4.895549e+00,4.858398e+00,4.873137e+00,4.559033e+00,4.696939e+00,4.642570e+00,4.770814e+00,4.836128e+00,4.990555e+00,4.982529e+00,4.353594e+00,2.888699e+00,4.787521e+00,4.677794e+00,4.122397e+00,4.975871e+00,4.596852e+00,4.808073e+00,4.807685e+00,4.196843e+00,4.538494e+00,5.011658e+00,4.693253e+00,4.802004e+00,4.784626e+00,4.922170e+00,5.012971e+00,4.735675e+00,4.485900e+00,4.911471e+00,4.802320e+00,4.758122e+00,4.935119e+00,4.777384e+00,4.763647e+00,4.836815e+00,4.875189e+00,4.711676e+00,4.318391e+00,4.995644e+00,4.667086e+00,3.677353e+00,2.499543e+00,4.072240e+00,5.140146e+00,4.465241e+00,4.769969e+00,4.918012e+00,3.621567e+00,4.987314e+00,4.896200e+00,4.568909e+00,4.839614e+00,4.873282e+00,4.925852e+00,4.879861e+00,4.906779e+00,4.170803e+00,4.348321e+00,4.506394e+00,4.913694e+00,4.335497e+00,3.771379e+00,2.725157e+00,2.639373e+00,3.983772e+00,4.207331e+00,2.645684e+00,3.813271e+00,2.941928e+00,2.665382e+00,3.974605e+00,2.790755e+00,3.409751e+00,4.026083e+00,4.502970e+00,2.595711e+00,2.471823e+00,2.377044e+00,4.561300e+00,3.642426e+00,2.463781e+00,2.611500e+00,3.600431e+00,3.871133e+00,3.310339e+00,2.429753e+00,4.197509e+00,3.966668e+00,3.072609e+00,2.942181e+00,2.444474e+00,3.850721e+00,4.012960e+00,3.243014e+00,3.025440e+00,3.641815e+00,4.255126e+00,3.361869e+00,2.608549e+00,3.011390e+00,2.955049e+00,4.444004e+00,4.043441e+00,2.746024e+00,2.799559e+00,4.193208e+00,4.499227e+00,4.511271e+00,4.397354e+00,4.399342e+00,4.366439e+00,4.383644e+00,4.192325e+00,4.570585e+00,4.579200e+00,4.506614e+00,4.563686e+00,4.647826e+00,4.919923e+00,4.860887e+00,4.855662e+00,4.847454e+00,4.742236e+00,4.770583e+00,4.714128e+00,4.858023e+00,4.655622e+00,4.615544e+00,4.660640e+00,3.759683e+00,4.732663e+00,4.739715e+00,4.723954e+00,4.401579e+00,3.660900e+00,4.627211e+00,4.964604e+00,4.791506e+00,4.633943e+00,4.968848e+00,4.683322e+00,4.924435e+00,4.723061e+00,4.666823e+00,4.894921e+00,4.956204e+00,4.781968e+00,4.792152e+00,5.003037e+00,4.937562e+00,4.684931e+00,4.463496e+00,4.756061e+00,4.891072e+00,4.819005e+00,5.045522e+00,4.764920e+00,4.595832e+00,5.034108e+00,4.809376e+00,4.898236e+00,4.977326e+00,5.000134e+00,4.925833e+00,4.616973e+00,4.834698e+00,4.796171e+00,2.500938e+00,4.884104e+00,4.684320e+00,4.525138e+00,4.927941e+00,4.996957e+00,4.773883e+00,4.947679e+00,4.996862e+00,4.832631e+00,4.935859e+00,5.002909e+00,4.830386e+00,4.855030e+00,4.766565e+00,4.687733e+00,4.716813e+00,4.989647e+00,4.595982e+00,4.935591e+00,4.834466e+00,4.688952e+00,4.929170e+00,4.813171e+00,4.774745e+00,5.012090e+00,4.920420e+00,4.873006e+00,4.876971e+00,4.967165e+00,4.880321e+00,4.895313e+00,4.753086e+00,4.636572e+00,4.659262e+00
4.526715e+00,4.920698e+00,4.904284e+00,4.845717e+00,4.856716e+00,4.572316e+00,4.711009e+00,4.891148e+00,4.697013e+00,4.504925e+00,4.814390e+00,4.965936e+00,4.756594e+00,4.525928e+00,4.787798e+00,4.810505e+00,4.629925e+00,4.785336e+00,4.758506e+00,4.829969e+00,4.768273e+00,4.775921e+00,4.559131e+00,2.530633e+00,4.276292e+00,3.137431e+00,4.855212e+00,4.995184e+00,4.298363e+00,4.764021e+00,4.814594e+00,4.738536e+00,4.922785e+00,4.737190e+00,3.777297e+00,4.734036e+00,4.620109e+00,4.554490e+00,4.776109e+00,4.536512e+00,4.936010e+00,5.042043e+00,4.609017e+00,4.745815e+00,4.551697e+00,4.797274e+00,4.611108e+00,4.503533e+00,4.935468e+00,4.847772e+00,4.796737e+00,4.976027e+00,4.461580e+00,4.852931e+00,4.654473e+00,4.908923e+00,4.843222e+00,4.239870e+00,2.943634e+00,4.379520e+00,4.879753e+00,4.747336e+00,4.939227e+00,4.876701e+00,4.689240e+00,4.727779e+00,4.765015e+00,4.880958e+00,4.522246e+00,3.299994e+00,2.727846e+00,3.701853e+00,2.765533e+00,2.431946e+00,4.241724e+00,4.549532e+00,3.492987e+00,2.532124e+00,2.326039e+00,3.829973e+00,2.839500e+00,4.402735e+00,3.185692e+00,3.386363e+00,3.599800e+00,2.707070e+00,2.800427e+00,2.325958e+00,4.237075e+00,2.897991e+00,2.584584e+00,2.375496e+00,4.493125e+00,3.069175e+00,2.749004e+00,4.677322e+00,2.606072e+00,3.089373e+00,2.414749e+00,4.736156e+00,2.422571e+00,2.652534e+00,3.347297e+00,2.633651e+00,3.358353e+00,3.496105e+00,3.840386e+00,3.256006e+00,3.014030e+00,2.228249e+00,3.742585e+00,3.921552e+00,4.513666e+00,2.704394e+00,3.977597e+00,3.842914e+00,3.704066e+00,3.079302e+00,2.706301e+00,3.661161e+00,4.414577e+00,4.317471e+00,2.950098e+00,4.741022e+00,4.209955e+00,4.541321e+00,2.741828e+00,4.607448e+00,4.235277e+00,4.672002e+00,3.910792e+00,4.389514e+00,4.606017e+00,4.604311e+00,4.918297e+00,4.730716e+00,4.960938e+00,4.893350e+00,4.704643e+00,4.953572e+00,4.712690e+00,4.426368e+00,4.648773e+00,4.746267e+00,4.798717e+00,4.633580e+00,2.481601e+00,4.894103e+00,4.840952e+00,4.692171e+00,5.008406e+00,4.865472e+00,4.880422e+00,4.784305e+00,4.778041e+00,5.039199e+00,4.794464e+00,4.693909e+00,4.824394e+00,4.864088e+00,4.915920e+00,4.357038e+00,4.906597e+00,4.949685e+00,4.407841e+00,4.827587e+00,4.926945e+00,4.866172e+00,5.036238e+00,4.579714e+00,4.716168e+00,4.982890e+00,4.772295e+00,4.835538e+00,4.824678e+00,4.838170e+00,4.916179e+00,4.631583e+00,4.871132e+00,4.994050e+00,4.362862e+00,4.793595e+00,4.830496e+00,5.041758e+00,4.801450e+00,4.670646e+00,4.827121e+00,4.817760e+00,4.870311e+00,4.885937e+00,4.982649e+00,4.889223e+00,4.485198e+00,4.890073e+00,4.896925e+00,4.843211e+00,4.831730e+00,4.922451e+00,4.913809e+00,4.446029e+00,4.851918e+00,4.927238e+00,4.668178e+00,4.981678e+00,4.785873e+00,4.692561e+00,4.855622e+00,4.751130e+00,4.904405e+00,4.737278e+00,4.612661e+00,4.926209e+00,4.795033e+00,4.347696e+00,4.760858e+00
4.979164e+00,4.577124e+00,4.646319e+00,4.820717e+00,4.719637e+00,4.848560e+00,4.884274e+00,4.597068e+00,4.873285e+00,4.892815e+00,4.858089e+00,4.825375e+00,4.947380e+00,4.991733e+00,4.830092e+00,4.758366e+00,4.898011e+00,4.458757e+00,4.958180e+00,4.560237e+00,5.146251e+00,4.053523e+00,4.960731e+00,3.429445e+00,3.288952e+00,4.752613e+00,4.903629e+00,5.009456e+00,4.216522e+00,4.982205e+00,4.759092e+00,4.743736e+00,5.017221e+00,4.663630e+00,4.636741e+00,5.009135e+00,5.073494e+00,4.789821e+00,4.810455e+00,4.897019e+00,4.999321e+00,4.889049e+00,4.724956e+00,4.610222e+00,3.024889e+00,5.081731e+00,4.564786e+00,4.762456e+00,4.693520e+00,4.629595e+00,4.094309e+00,4.898708e+00,4.890107e+00,4.625432e+00,4.705091e+00,4.542482e+00,2.732524e+00,4.983119e+00,4.408045e+00,4.677382e+00,4.794064e+00,4.665778e+00,4.929045e+00,4.984586e+00,4.337634e+00,4.400178e+00,4.770253e+00,3.580230e+00,2.731891e+00,2.641928e+00,3.843517e+00,3.921043e+00,2.973049e+00,3.028036e+00,3.204437e+00,4.764399e+00,2.935038e+00,3.235303e+00,4.425196e+00,2.637624e+00,2.648273e+00,3.322037e+00,3.160071e+00,2.255792e+00,3.074158e+00,4.136109e+00,4.165908e+00,3.711512e+00,2.909837e+00,4.079888e+00,2.657057e+00,2.396796e+00,2.806211e+00,4.526245e+00,2.354426e+00,2.747397e+00,2.641732e+00,4.640058e+00,2.765042e+00,4.753966e+00,3.617465e+00,2.511210e+00,3.780642e+00,2.314185e+00,2.433821e+00,2.595161e+00,3.553294e+00,2.773829e+00,3.583868e+00,3.460543e+00,2.842211e+00,3.693287e+00,2.660687e+00,3.284250e+00,3.523917e+00,3.812046e+00,3.792368e+00,3.005443e+00,2.398914e+00,3.294181e+00,2.576805e+00,4.497046e+00,4.004622e+00,4.513016e+00,4.502353e+00,4.483273e+00,4.888511e+00,4.359116e+00,4.407632e+00,4.029466e+00,4.747526e+00,3.438329e+00,4.349240e+00,4.491912e+00,3.956623e+00,4.672517e+00,4.772799e+00,4.836243e+00,4.939952e+00,4.824329e+00,4.867888e+00,4.942016e+00,4.696525e+00,4.610872e+00,3.138823e+00,3.767681e+00,3.696880e+00,4.492941e+00,4.930801e+00,4.918845e+00,4.648096e+00,4.695667e+00,4.987835e+00,4.967332e+00,4.676002e+00,4.926855e+00,4.807210e+00,4.865142e+00,4.827206e+00,4.757574e+00,4.735646e+00,4.744724e+00,4.793224e+00,4.977739e+00,4.942604e+00,4.896252e+00,4.642300e+00,4.999478e+00,4.903705e+00,4.965055e+00,4.898909e+00,4.907849e+00,4.952779e+00,4.676479e+00,4.741232e+00,4.716564e+00,4.934055e+00,4.811953e+00,4.780946e+00,4.901654e+00,4.868006e+00,4.874980e+00,4.807514e+00,4.951733e+00,4.794465e+00,4.798066e+00,4.885187e+00,4.804633e+00,4.877777e+00,4.980260e+00,4.874976e+00,4.799742e+00,4.511269e+00,4.772728e+00,4.918583e+00,4.851709e+00,4.951081e+00,4.704155e+00,4.955072e+00,4.882433e+00,4.819300e+00,4.613215e+00,4.816014e+00,4.876040e+00,4.859818e+00,4.894985e+00,4.372524e+00,4.704059e+00,4.932515e+00,4.437222e+00,4.833690e+00,4.983902e+00,4.917556e+00,4.600262e+00,4.943149e+00
4.902677e+00,4.958564e+00,4.988038e+00,4.839628e+00,4.514934e+00,4.906639e+00,4.952832e+00,4.743438e+00,4.578467e+00,4.773439e+00,4.758560e+00,5.025577e+00,4.928945e+00,4.264779e+00,4.686509e+00,4.947908e+00,4.972133e+00,4.771536e+00,4.669234e+00,4.800299e+00,5.104909e+00,4.929237e+00,4.401527e+00,4.452965e+00,4.853329e+00,4.923404e+00,4.829741e+00,4.966691e+00,3.158398e+00,3.900333e+00,4.758809e+00,4.775131e+00,4.525574e+00,4.782499e+00,5.058598e+00,5.093295e+00,4.671447e+00,5.009048e+00,4.650327e+00,4.976306e+00,4.877035e+00,4.719018e+00,4.732431e+00,4.958663e+00,5.116452e+00,4.770783e+00,4.921255e+00,4.849764e+00,2.830337e+00,4.557207e+00,4.918860e+00,4.702753e+00,4.705976e+00,4.634292e+00,4.342978e+00,4.364519e+00,4.842538e+00,4.801666e+00,4.584140e+00,4.718740e+00,4.979875e+00,4.955708e+00,4.153074e+00,4.260771e+00,2.959273e+00,2.573534e+00,2.291283e+00,3.216050e+00,2.459966e+00,3.259499e+00,2.725468e+00,3.134141e+00,2.520692e+00,2.549280e+00,4.497014e+00,3.100740e+00,2.386645e+00,3.477490e+00,4.326676e+00,3.515629e+00,4.118801e+00,4.470637e+00,3.296098e+00,3.386634e+00,3.405472e+00,2.363754e+00,2.594287e+00,2.913556e+00,2.491737e+00,4.354935e+00,3.062335e+00,3.328051e+00,3.001895e+00,3.106079e+00,4.032731e+00,3.313709e+00,2.614818e+00,2.319350e+00,3.523766e+00,3.194493e+00,4.487823e+00,4.912505e+00,4.984118e+00,4.081722e+00,4.387039e+00,2.772772e+00,2.684620e+00,2.338763e+00,3.515658e+00,2.738801e+00,4.392009e+00,2.705925e+00,3.439153e+00,2.187771e+00,3.960263e+00,3.646597e+00,4.200340e+00,4.759907e+00,2.592292e+00,3.711322e+00,2.788232e+00,4.183533e+00,4.186538e+00,4.650399e+00,4.637813e+00,3.890751e+00,3.275823e+00,4.150513e+00,2.498020e+00,3.743668e+00,2.772188e+00,4.638359e+00,4.162814e+00,3.404040e+00,4.500500e+00,4.508988e+00,4.406126e+00,4.846159e+00,4.819258e+00,4.935707e+00,4.575335e+00,4.849912e+00,4.831100e+00,4.786024e+00,4.614355e+00,4.744612e+00,4.215210e+00,4.858375e+00,3.094987e+00,4.225022e+00,4.826116e+00,4.750446e+00,4.618699e+00,4.893737e+00,4.936238e+00,5.037968e+00,4.860446e+00,4.294414e+00,4.571675e+00,4.943944e+00,4.971093e+00,5.030860e+00,4.711630e+00,4.747442e+00,4.837248e+00,4.652910e+00,4.906873e+00,4.879816e+00,4.996392e+00,4.894642e+00,4.966148e+00,4.781995e+00,4.920533e+00,4.849668e+00,4.923737e+00,4.772069e+00,4.956014e+00,4.713319e+00,4.884496e+00,4.847327e+00,4.755355e+00,4.876242e+00,5.010767e+00,4.661255e+00,4.667396e+00,4.849602e+00,4.854499e+00,5.029116e+00,4.940067e+00,4.771723e+00,4.844515e+00,4.972615e+00,4.718435e+00,4.946543e+00,4.593586e+00,4.925221e+00,5.023065e+00,4.950236e+00,4.503995e+00,4.875958e+00,4.793058e+00,4.746467e+00,4.699506e+00,4.748349e+00,4.986717e+00,4.849506e+00,4.912836e+00,4.661318e+00,4.777907e+00,4.680143e+00,4.624572e+00,4.953959e+00,4.473782e+00,4.659403e+00,4.763800e+00
4.829892e+00,4.880773e+00,4.849587e+00,4.751165e+00,4.983620e+00,4.927013e+00,4.813270e+00,5.048503e+00,4.653345e+00,4.715897e+00,4.937078e+00,4.579675e+00,4.814322e+00,4.960117e+00,4.919610e+00,4.935352e+00,4.854291e+00,4.864631e+00,5.012764e+00,4.911092e+00,4.795899e+00,4.465945e+00,4.733472e+00,4.761360e+00,4.546714e+00,4.862764e+00,4.950208e+00,4.490319e+00,3.124699e+00,2.875027e+00,3.561551e+00,4.918770e+00,4.897552e+00,4.790442e+00,4.949870e+00,4.280022e+00,4.970382e+00,4.791056e+00,4.814861e+00,4.489643e+00,5.033214e+00,4.751145e+00,4.713250e+00,4.877765e+00,4.987929e+00,4.442853e+00,4.589448e+00,2.702061e+00,4.752552e+00,4.779670e+00,4.159476e+00,4.759833e+00,4.149059e+00,4.866036e+00,4.680885e+00,4.773820e+00,4.768743e+00,4.903363e+00,4.801120e+00,4.834908e+00,4.788044e+00,4.369512e+00,4.077155e+00,3.165938e+00,2.884962e+00,3.964107e+00,3.362529e+00,2.690409e+00,3.579237e+00,4.094727e+00,2.447813e+00,4.107041e+00,3.407901e+00,2.839252e+00,2.874882e+00,2.721007e+00,3.359119e+00,4.508453e+00,2.533533e+00,2.507574e+00,2.533830e+00,3.780450e+00,4.742761e+00,3.179156e+00,4.194581e+00,2.954344e+00,3.944732e+00,3.066487e+00,3.132384e+00,3.143488e+00,4.545984e+00,2.805727e+00,2.431890e+00,3.543938e+00,3.558935e+00,3.613659e+00,2.627826e+00,4.369916e+00,2.579629e+00,4.970733e+00,4.888310e+00,4.767327e+00,4.811115e+00,3.098091e+00,2.792424e+00,3.832243e+00,4.491141e+00,3.025582e+00,4.271540e+00,2.711573e+00,2.167816e+00,3.294391e+00,4.535840e+00,3.143219e+00,2.859010e+00,4.244695e+00,3.174659e+00,2.918150e+00,2.548199e+00,4.763994e+00,3.395577e+00,2.802205e+00,4.423209e+00,3.637495e+00,3.179526e+00,2.733840e+00,2.643779e+00,2.555457e+00,3.068819e+00,4.362385e+00,2.703575e+00,3.659914e+00,4.329836e+00,4.183248e+00,4.974543e+00,4.639843e+00,4.722096e+00,4.376379e+00,4.496274e+00,4.481822e+00,4.645797e+00,4.828916e+00,4.729408e+00,4.532299e+00,4.813772e+00,4.543211e+00,4.810614e+00,4.670251e+00,4.286482e+00,2.823354e+00,3.904196e+00,3.631624e+00,4.655443e+00,4.562485e+00,2.788783e+00,4.837628e+00,4.477981e+00,4.927021e+00,4.912124e+00,4.636970e+00,4.833959e+00,4.886032e+00,4.731591e+00,4.456134e+00,4.709361e+00,4.903338e+00,5.014062e+00,4.794048e+00,4.974525e+00,4.689082e+00,4.951278e+00,4.914440e+00,4.803682e+00,4.818987e+00,4.845151e+00,4.902196e+00,5.001319e+00,4.871296e+00,4.937949e+00,4.614567e+00,4.471168e+00,4.594249e+00,5.131428e+00,4.895858e+00,4.821214e+00,4.461231e+00,5.021136e+00,4.941799e+00,4.922214e+00,4.660227e+00,4.856849e+00,4.883660e+00,4.825508e+00,4.837745e+00,4.752512e+00,4.860367e+00,4.850423e+00,4.784839e+00,4.938275e+00,4.536936e+00,4.900987e+00,4.777055e+00,4.744062e+00,4.787436e+00,4.947150e+00,4.712023e+00,4.874456e+00,4.669863e+00,4.942595e+00,4.618989e+00,4.969027e+00,4.247357e+00,4.945628e+00,4.881993e+00,5.001211e+00
4.550675e+00,4.883146e+00,4.612488e+00,4.847473e+00,5.057520e+00,4.833694e+00,4.862951e+00,4.662475e+00,4.921751e+00,4.955585e+00,4.453757e+00,4.857265e+00,4.737364e+00,4.967490e+00,4.868637e+00,4.794124e+00,4.592651e+00,4.899230e+00,4.898629e+00,4.965019e+00,4.768961e+00,4.753402e+00,4.705391e+00,4.971659e+00,4.889567e+00,4.734599e+00,4.508869e+00,4.741895e+00,4.936834e+00,4.527730e+00,4.711387e+00,4.635624e+00,4.704714e+00,5.036625e+00,4.922907e+00,4.928985e+00,4.694241e+00,4.328231e+00,4.837190e+00,4.849542e+00,5.008713e+00,5.077396e+00,4.990068e+00,4.928893e+00,4.933361e+00,4.280637e+00,4.703675e+00,4.614005e+00,5.020778e+00,4.650857e+00,4.747590e+00,4.724777e+00,4.991900e+00,4.885443e+00,4.697140e+00,4.972470e+00,4.964236e+00,4.678137e+00,4.279639e+00,3.273247e+00,2.589736e+00,3.518773e+00,2.668264e+00,3.128307e+00,2.411262e+00,2.946521e+00,3.835814e+00,4.020124e+00,2.695117e+00,2.985074e+00,3.156007e+00,4.262339e+00,3.401873e+00,2.834884e+00,4.563869e+00,3.051251e+00,4.151155e+00,3.595634e+00,3.659176e+00,4.023540e+00,3.241449e+00,4.033279e+00,2.532838e+00,3.072836e+00,2.529310e+00,4.347189e+00,3.020907e+00,3.463033e+00,2.387500e+00,3.908364e+00,4.458259e+00,4.672761e+00,4.983082e+00,3.419699e+00,2.486983e+00,4.312645e+00,4.655002e+00,3.388460e+00,3.873884e+00,4.829978e+00,4.807872e+00,4.882768e+00,4.536582e+00,4.557387e+00,4.508354e+00,3.285623e+00,2.932768e+00,2.693275e+00,3.577816e+00,3.244617e+00,2.441793e+00,4.545739e+00,4.774854e+00,3.076956e+00,3.410951e+00,3.918755e+00,5.122142e+00,3.940013e+00,3.414342e+00,3.821595e+00,3.249088e+00,3.352013e+00,2.405051e+00,4.754896e+00,4.428142e+00,3.174741e+00,3.740172e+00,4.416968e+00,3.575973e+00,4.455321e+00,4.459075e+00,3.011139e+00,3.601598e+00,3.312343e+00,3.968564e+00,4.632180e+00,4.102778e+00,3.589497e+00,4.267713e+00,5.060769e+00,4.596386e+00,4.567374e+00,4.719376e+00,4.942069e+00,4.434910e+00,4.850388e+00,4.862774e+00,4.481882e+00,4.541015e+00,4.693094e+00,3.599220e+00,2.810381e+00,4.784834e+00,4.619184e+00,4.689805e+00,4.801682e+00,4.950961e+00,4.697599e+00,4.915305e+00,4.964987e+00,4.808103e+00,4.841257e+00,4.903979e+00,4.708089e+00,4.949391e+00,5.045707e+00,4.705357e+00,4.823340e+00,4.695553e+00,4.863196e+00,4.969712e+00,4.939588e+00,4.783623e+00,4.979778e+00,4.902524e+00,4.782003e+00,4.503666e+00,4.956852e+00,4.764360e+00,4.907276e+00,3.987151e+00,4.923002e+00,4.735916e+00,4.946098e+00,4.705359e+00,4.960444e+00,4.970391e+00,4.946753e+00,4.598262e+00,4.395317e+00,4.656890e+00,4.753088e+00,4.872135e+00,4.860015e+00,4.895628e+00,4.480206e+00,5.077534e+00,4.701371e+00,4.947016e+00,4.818398e+00,5.016127e+00,4.917622e+00,4.737814e+00,4.827885e+00,4.843613e+00,4.853519e+00,4.601153e+00,4.653732e+00,4.785654e+00,4.967719e+00,4.974953e+00,4.414547e+00,4.799248e+00,4.649337e+00,4.593571e+00
4.392914e+00,4.974989e+00,4.719444e+00,4.942237e+00,4.847254e+00,4.830039e+00,4.980022e+00,4.863403e+00,4.735426e+00,4.714448e+00,4.914371e+00,4.800037e+00,4.827760e+00,4.533805e+00,4.812246e+00,4.757010e+00,5.013692e+00,4.853503e+00,4.949210e+00,3.889024e+00,4.655220e+00,4.916235e+00,4.681572e+00,3.189357e+00,3.820082e+00,4.816558e+00,4.817638e+00,4.960353e+00,3.714543e+00,3.979880e+00,3.523754e+00,3.276023e+00,4.871684e+00,4.496858e+00,4.533684e+00,4.816536e+00,4.898806e+00,4.824431e+00,4.817228e+00,4.872059e+00,4.753832e+00,4.754460e+00,4.794106e+00,4.854316e+00,4.742165e+00,5.033259e+00,4.810989e+00,4.457229e+00,4.630639e+00,3.277529e+00,4.738721e+00,4.772674e+00,4.905512e+00,4.762082e+00,4.929678e+00,4.722149e+00,4.392034e+00,4.465776e+00,3.896003e+00,2.879014e+00,3.818317e+00,3.263509e+00,3.072089e+00,3.436436e+00,4.531408e+00,3.059363e+00,3.367874e+00,3.327057e+00,2.801663e+00,2.867430e+00,4.391098e+00,3.266475e+00,2.425131e+00,4.208693e+00,4.675464e+00,4.547405e+00,2.523552e+00,3.721443e+00,2.507084e+00,3.207455e+00,3.857837e+00,2.734494e+00,2.805317e+00,3.790676e+00,3.987609e+00,3.727510e+00,4.238614e+00,2.570191e+00,4.638503e+00,3.350981e+00,4.117187e+00,2.582841e+00,3.575933e+00,3.748528e+00,4.130584e+00,3.721173e+00,3.963010e+00,3.183503e+00,3.225670e+00,4.939522e+00,5.062886e+00,4.661107e+00,4.001908e+00,3.331634e+00,3.086988e+00,2.490709e+00,4.145746e+00,3.032983e+00,4.057127e+00,2.753300e+00,2.775526e+00,3.431387e+00,3.009409e+00,2.370149e+00,2.949216e+00,2.738305e+00,3.386498e+00,2.639711e+00,2.685925e+00,2.671147e+00,3.959965e+00,2.718733e+00,2.873882e+00,4.467292e+00,4.151664e+00,4.813463e+00,3.834855e+00,2.332093e+00,2.710659e+00,4.014670e+00,3.026307e+00,4.113800e+00,4.110460e+00,2.745761e+00,4.259188e+00,3.687818e+00,4.602070e+00,4.408379e+00,4.109647e+00,3.785207e+00,3.723208e+00,4.334339e+00,4.198814e+00,4.839850e+00,4.994935e+00,4.892947e+00,4.860530e+00,4.909199e+00,4.658422e+00,4.525465e+00,4.064896e+00,4.361587e+00,4.536782e+00,4.942139e+00,4.591535e+00,3.836363e+00,4.773386e+00,4.720053e+00,4.827850e+00,4.476198e+00,4.718563e+00,4.916728e+00,4.873259e+00,4.885166e+00,4.980329e+00,4.998576e+00,4.806370e+00,4.875572e+00,4.868413e+00,4.875268e+00,4.510859e+00,4.975001e+00,4.579631e+00,4.905329e+00,4.988926e+00,4.993951e+00,4.994985e+00,4.951553e+00,4.820072e+00,4.928437e+00,4.798791e+00,4.737031e+00,4.926098e+00,4.808659e+00,4.796425e+00,4.485884e+00,4.880224e+00,4.931185e+00,4.675535e+00,4.713898e+00,4.853620e+00,4.794044e+00,5.044244e+00,4.704715e+00,4.734729e+00,4.587153e+00,4.843660e+00,4.784380e+00,4.876559e+00,4.877462e+00,4.792031e+00,4.853708e+00,4.616219e+00,4.890270e+00,4.837312e+00,4.844468e+00,4.647547e+00,4.924724e+00,4.459197e+00,4.409590e+00,4.991303e+00,4.949497e+00,4.863772e+00,4.689568e+00,4.841547e+00
4.901286e+00,4.872253e+00,4.783672e+00,4.889602e+00,4.768162e+00,4.869214e+00,4.933326e+00,4.709636e+00,4.897840e+00,4.764559e+00,4.870301e+00,4.780781e+00,4.973208e+00,4.829103e+00,4.756277e+00,5.033243e+00,4.686411e+00,5.004502e+00,4.873345e+00,4.329691e+00,4.801973e+00,4.876062e+00,4.179409e+00,4.395387e+00,4.683883e+00,3.084398e+00,4.059282e+00,5.030415e+00,4.473194e+00,4.976625e+00,4.726793e+00,4.779695e+00,4.973682e+00,4.639482e+00,4.864749e+00,4.659704e+00,4.938592e+00,5.053704e+00,4.954241e+00,4.871178e+00,4.791304e+00,4.958125e+00,4.875589e+00,4.572783e+00,4.887587e+00,4.931389e+00,4.684667e+00,4.676615e+00,4.898340e+00,4.714966e+00,4.924034e+00,5.019911e+00,4.840748e+00,4.835806e+00,4.637298e+00,4.232346e+00,3.588810e+00,3.275700e+00,2.994710e+00,3.016681e+00,2.593776e+00,2.429265e+00,2.886774e+00,3.915154e+00,3.932060e+00,3.189487e+00,2.746620e+00,4.346025e+00,2.380251e+00,4.180355e+00,3.080490e+00,3.524158e+00,2.515649e+00,4.218199e+00,2.728112e+00,3.879447e+00,2.402558e+00,3.104640e+00,4.128334e+00,4.726881e+00,4.468110e+00,3.019188e+00,3.544488e+00,3.508584e+00,4.770978e+00,2.247048e+00,4.198851e+00,2.748423e+00,2.444771e+00,2.781310e+00,4.589135e+00,4.290694e+00,4.137036e+00,4.501501e+00,4.863506e+00,4.702463e+00,4.772042e+00,4.632662e+00,3.746098e+00,4.790018e+00,4.739318e+00,4.504217e+00,4.172307e+00,2.595953e+00,4.484231e+00,4.042331e+00,2.845194e+00,4.515024e+00,3.901156e+00,2.906406e+00,4.298657e+00,4.643135e+00,2.529630e+00,2.637224e+00,3.420468e+00,2.588925e+00,2.772381e+00,4.623494e+00,3.617149e+00,3.802494e+00,4.588376e+00,3.959458e+00,2.643700e+00,2.941502e+00,3.844834e+00,2.677019e+00,4.652821e+00,2.760984e+00,4.090525e+00,2.877271e+00,3.010998e+00,3.626983e+00,4.314265e+00,4.629570e+00,4.142840e+00,4.111774e+00,3.611435e+00,4.388276e+00,4.556089e+00,4.512595e+00,4.257798e+00,4.431783e+00,3.864747e+00,4.886617e+00,4.630304e+00,4.679801e+00,4.971097e+00,4.566991e+00,4.948926e+00,4.986708e+00,4.850575e+00,4.571505e+00,4.977547e+00,4.831891e+00,4.487168e+00,3.306413e+00,4.701136e+00,4.648897e+00,4.459019e+00,4.888941e+00,4.840854e+00,4.928746e+00,4.591496e+00,4.998544e+00,4.884438e+00,4.846974e+00,4.759232e+00,4.746889e+00,4.970865e+00,4.950514e+00,4.738936e+00,4.933470e+00,4.962165e+00,4.851951e+00,4.893768e+00,4.938871e+00,4.630325e+00,4.968582e+00,4.719138e+00,4.307162e+00,4.590571e+00,4.959612e+00,4.799889e+00,4.670705e+00,4.961565e+00,4.847043e+00,4.798716e+00,4.853662e+00,4.969691e+00,4.731574e+00,4.786388e+00,4.736783e+00,4.894746e+00,4.948621e+00,4.841752e+00,4.711756e+00,4.970389e+00,4.741370e+00,4.907486e+00,4.893512e+00,4.836806e+00,4.647538e+00,4.758483e+00,4.436142e+00,4.986250e+00,4.888837e+00,4.883524e+00,4.100660e+00,4.957625e+00,4.784600e+00,4.436599e+00,4.959500e+00,4.880015e+00,4.583568e+00,4.904873e+00
4.939134e+00,4.811585e+00,4.481823e+00,4.950222e+00,4.790254e+00,4.864005e+00,4.683545e+00,4.240230e+00,4.861167e+00,5.029001e+00,4.873661e+00,4.933341e+00,4.464569e+00,4.822081e+00,4.866054e+00,4.970073e+00,4.653019e+00,4.767649e+00,4.568136e+00,4.817755e+00,4.950807e+00,4.149493e+00,3.199482e+00,3.959574e+00,4.470950e+00,4.557624e+00,4.616810e+00,4.541646e+00,4.469106e+00,4.724004e+00,4.745452e+00,4.561717e+00,4.595880e+00,4.885799e+00,4.932214e+00,4.792229e+00,4.943828e+00,4.804115e+00,4.927663e+00,4.232737e+00,4.660184e+00,4.665057e+00,4.909740e+00,4.804815e+00,4.216264e+00,4.504330e+00,3.933758e+00,4.795236e+00,4.871235e+00,4.689574e+00,4.980575e+00,4.958205e+00,4.800917e+00,4.851872e+00,2.582707e+00,4.527615e+00,2.342392e+00,2.552136e+00,2.788369e+00,2.810627e+00,4.782869e+00,2.473075e+00,2.917932e+00,2.462657e+00,2.341121e+00,2.947355e+00,3.103949e+00,3.142970e+00,3.348038e+00,4.320152e+00,2.492131e+00,3.768132e+00,3.027180e+00,3.398532e+00,4.474866e+00,2.527772e+00,3.726470e+00,4.476000e+00,2.925271e+00,2.219486e+00,3.569147e+00,4.818728e+00,2.400667e+00,4.113413e+00,3.092515e+00,4.103061e+00,3.656619e+00,4.237417e+00,3.501511e+00,4.509765e+00,2.918704e+00,4.685872e+00,4.539609e+00,4.792721e+00,4.802126e+00,4.924628e+00,4.438197e+00,4.877312e+00,4.680753e+00,4.915431e+00,3.452045e+00,4.331334e+00,3.915292e+00,4.342283e+00,3.675897e+00,2.407615e+00,2.806117e+00,2.979988e+00,4.709431e+00,3.441171e+00,3.697199e+00,2.543211e+00,3.157988e+00,4.541847e+00,3.899354e+00,2.999900e+00,3.031521e+00,2.560792e+00,3.673409e+00,4.755832e+00,3.256568e+00,4.315783e+00,2.621047e+00,2.347793e+00,3.106963e+00,2.916465e+00,2.837436e+00,4.098287e+00,2.268104e+00,2.437592e+00,3.077543e+00,2.868988e+00,4.769236e+00,4.789686e+00,3.477954e+00,3.115198e+00,3.769605e+00,3.557480e+00,3.057781e+00,3.602428e+00,4.042051e+00,4.133753e+00,4.084185e+00,4.015040e+00,4.748221e+00,4.720772e+00,4.614299e+00,4.815260e+00,4.734843e+00,4.763706e+00,5.048000e+00,4.732330e+00,4.467482e+00,3.430751e+00,3.858004e+00,3.724468e+00,4.462113e+00,4.124963e+00,4.895515e+00,4.657618e+00,4.612825e+00,4.368538e+00,4.647238e+00,4.707816e+00,4.901745e+00,4.786727e+00,4.930293e+00,4.856235e+00,4.610448e+00,4.980241e+00,4.564145e+00,4.900642e+00,4.837477e+00,4.810974e+00,4.948931e+00,4.767394e+00,4.631309e+00,4.860057e+00,4.976352e+00,4.729100e+00,4.997843e+00,4.884484e+00,4.617631e+00,4.740523e+00,4.915255e+00,4.971742e+00,4.890115e+00,4.744187e+00,4.529999e+00,4.673016e+00,4.817769e+00,4.874039e+00,4.299768e+00,4.944866e+00,4.933372e+00,4.671366e+00,4.898664e+00,4.798864e+00,4.799735e+00,4.720744e+00,4.974689e+00,4.842043e+00,4.940031e+00,4.881217e+00,4.715514e+00,4.858488e+00,4.826301e+00,4.858293e+00,4.804323e+00,4.881487e+00,4.543964e+00,4.917074e+00,4.899929e+00,5.039607e+00,4.730628e+00
4.905220e+00,4.664394e+00,4.861643e+00,4.919822e+00,4.741409e+00,4.744579e+00,4.890995e+00,4.779130e+00,4.777811e+00,4.851022e+00,4.767325e+00,4.879723e+00,4.786935e+00,4.403404e+00,4.946749e+00,4.894697e+00,4.762262e+00,4.691266e+00,4.911751e+00,4.526221e+00,4.901123e+00,4.619585e+00,4.885045e+00,4.801119e+00,2.813465e+00,4.490984e+00,4.327221e+00,3.825448e+00,4.404101e+00,4.899814e+00,4.835765e+00,4.498405e+00,4.908133e+00,4.877848e+00,4.732904e+00,4.905949e+00,4.720912e+00,4.857860e+00,4.957169e+00,4.396126e+00,3.072025e+00,4.738370e+00,4.131315e+00,4.739309e+00,4.690246e+00,4.857781e+00,4.777887e+00,5.112467e+00,4.556249e+00,4.995132e+00,5.002280e+00,4.568892e+00,4.186941e+00,3.204903e+00,2.578450e+00,2.989470e+00,4.430947e+00,4.041470e+00,2.702860e+00,3.686073e+00,2.479440e+00,3.742253e+00,4.166561e+00,2.578563e+00,3.273323e+00,4.356042e+00,4.160083e+00,4.019768e+00,2.578034e+00,2.878776e+00,3.180931e+00,3.991375e+00,2.511086e+00,4.094410e+00,2.651411e+00,2.850040e+00,4.140989e+00,2.758957e+00,4.251069e+00,2.451409e+00,2.803013e+00,3.041661e+00,2.348874e+00,3.014692e+00,4.170284e+00,4.752904e+00,3.113216e+00,3.749687e+00,2.439309e+00,3.536649e+00,3.578069e+00,4.279665e+00,4.522118e+00,4.909937e+00,4.895668e+00,3.781611e+00,4.580312e+00,4.720745e+00,3.206084e+00,2.491369e+00,4.507628e+00,4.736266e+00,4.932626e+00,3.479502e+00,4.910387e+00,4.567652e+00,2.609521e+00,2.578000e+00,4.282991e+00,2.887538e+00,4.403163e+00,4.800320e+00,3.242225e+00,2.636830e+00,2.868119e+00,3.798680e+00,4.177855e+00,4.763857e+00,3.557571e+00,2.522337e+00,2.836436e+00,3.661579e+00,3.354079e+00,2.970827e+00,2.705784e+00,2.593020e+00,3.921502e+00,2.363368e+00,3.108589e+00,2.898649e+00,5.015630e+00,4.426158e+00,4.609355e+00,4.929490e+00,4.893387e+00,2.660655e+00,3.997108e+00,4.123848e+00,4.235718e+00,2.486221e+00,4.512212e+00,4.663569e+00,4.810928e+00,4.529657e+00,4.396360e+00,4.750718e+00,4.538931e+00,4.658310e+00,4.547577e+00,4.696465e+00,4.839124e+00,4.881047e+00,4.921919e+00,4.957465e+00,4.289272e+00,3.610605e+00,4.258652e+00,4.839546e+00,4.440596e+00,4.595678e+00,4.836689e+00,4.678583e+00,4.844334e+00,4.946659e+00,4.980270e+00,4.796179e+00,4.761612e+00,4.635186e+00,5.061077e+00,5.016806e+00,4.749254e+00,4.889796e+00,4.898999e+00,4.737536e+00,4.942766e+00,4.878381e+00,4.814957e+00,4.666415e+00,5.014772e+00,4.887660e+00,4.743621e+00,4.787906e+00,4.873965e+00,4.774986e+00,4.835128e+00,5.006904e+00,4.646495e+00,4.860498e+00,4.927119e+00,4.989176e+00,4.912595e+00,4.825496e+00,4.723827e+00,4.593553e+00,4.923176e+00,4.859012e+00,4.469564e+00,4.865636e+00,4.874580e+00,5.021420e+00,5.050453e+00,4.911681e+00,4.784534e+00,4.774586e+00,4.984382e+00,4.862603e+00,4.915727e+00,4.870575e+00,4.794698e+00,4.867514e+00,4.876618e+00,4.862531e+00,4.881587e+00,4.971805e+00,4.909906e+00
4.866248e+00,4.824796e+00,4.892391e+00,4.811155e+00,4.710888e+00,4.743180e+00,4.984532e+00,5.014305e+00,4.818138e+00,4.798033e+00,4.770800e+00,4.786396e+00,4.765468e+00,4.801031e+00,4.728070e+00,4.978520e+00,4.641804e+00,5.004811e+00,5.010525e+00,4.837979e+00,4.395578e+00,4.677910e+00,4.597087e+00,4.277446e+00,3.727902e+00,2.721733e+00,2.795883e+00,4.164639e+00,2.847673e+00,4.529499e+00,4.067386e+00,4.852041e+00,4.883689e+00,4.984903e+00,4.944360e+00,4.620371e+00,4.426737e+00,4.805495e+00,3.930422e+00,4.888058e+00,4.555870e+00,4.312931e+00,3.888991e+00,4.249979e+00,4.946802e+00,4.882735e+00,4.922291e+00,4.829774e+00,4.967241e+00,4.586924e+00,3.866639e+00,2.279874e+00,2.939365e+00,2.931568e+00,2.476454e+00,2.586951e+00,4.767246e+00,4.581461e+00,4.380029e+00,2.654354e+00,3.334309e+00,2.895486e+00,2.855282e+00,3.760292e+00,3.975479e+00,4.775736e+00,3.059831e+00,2.575181e+00,3.737065e+00,2.636974e+00,3.961857e+00,4.499718e+00,2.953998e+00,2.406644e+00,4.044327e+00,2.831693e+00,4.220521e+00,2.535212e+00,4.772084e+00,4.433477e+00,2.482912e+00,2.680349e+00,4.639823e+00,4.505924e+00,4.323564e+00,2.756733e+00,4.221089e+00,2.516680e+00,4.732529e+00,4.781386e+00,4.358968e+00,2.947774e+00,4.334143e+00,4.944546e+00,4.763945e+00,4.343770e+00,4.879170e+00,4.995835e+00,5.039797e+00,4.916396e+00,4.755730e+00,4.016635e+00,3.033966e+00,4.769980e+00,4.807896e+00,4.312427e+00,4.190342e+00,3.131292e+00,3.672715e+00,4.682649e+00,2.641960e+00,3.530070e+00,4.192894e+00,4.407059e+00,3.421405e+00,3.935146e+00,4.666317e+00,4.321285e+00,4.054658e+00,4.025034e+00,2.495358e+00,2.911140e+00,2.772130e+00,2.421807e+00,2.800084e+00,2.971389e+00,4.691660e+00,4.524285e+00,2.772189e+00,5.008466e+00,4.813822e+00,4.867692e+00,4.672172e+00,4.664399e+00,4.821840e+00,2.798511e+00,4.011649e+00,3.305739e+00,3.775619e+00,4.254459e+00,2.425819e+00,2.546829e+00,4.601394e+00,4.361740e+00,4.231935e+00,3.110581e+00,4.759655e+00,4.137664e+00,4.465470e+00,4.846497e+00,4.687565e+00,4.974579e+00,4.706907e+00,4.727080e+00,4.962283e+00,4.691039e+00,3.134826e+00,3.838347e+00,4.159666e+00,4.508016e+00,4.792469e+00,4.578938e+00,4.737314e+00,4.958144e+00,5.030944e+00,4.798007e+00,4.612767e+00,4.615840e+00,4.876835e+00,4.783597e+00,4.787537e+00,4.943903e+00,4.926711e+00,4.644970e+00,4.946288e+00,4.843017e+00,4.877618e+00,4.984459e+00,4.838066e+00,4.968773e+00,4.679239e+00,4.742878e+00,4.906300e+00,4.181820e+00,4.845579e+00,4.978705e+00,4.928373e+00,4.834880e+00,4.515293e+00,4.568816e+00,5.002541e+00,5.007201e+00,4.884849e+00,4.771942e+00,4.847133e+00,4.655562e+00,4.937473e+00,4.773150e+00,4.792568e+00,4.711710e+00,4.921048e+00,4.856166e+00,4.761535e+00,4.832584e+00,4.882394e+00,4.857182e+00,4.990933e+00,4.682978e+00,4.732664e+00,4.780131e+00,4.824271e+00,4.873562e+00,4.734474e+00,4.661961e+00,4.757162e+00
4.857820e+00,4.949269e+00,4.847068e+00,4.970297e+00,4.746449e+00,4.457056e+00,4.748497e+00,4.925910e+00,4.858999e+00,5.024635e+00,4.978004e+00,4.977701e+00,4.810261e+00,4.883997e+00,4.711628e+00,4.865248e+00,4.747990e+00,4.928058e+00,4.816027e+00,4.670981e+00,3.938015e+00,4.550559e+00,4.285794e+00,4.330127e+00,4.560534e+00,4.662715e+00,5.059294e+00,4.692972e+00,4.531487e+00,4.470989e+00,2.617564e+00,4.390422e+00,4.841342e+00,4.965185e+00,5.019322e+00,4.885422e+00,4.857513e+00,4.960404e+00,4.592158e+00,4.784612e+00,3.881991e+00,2.623370e+00,4.577945e+00,4.687018e+00,4.979406e+00,4.677534e+00,4.595071e+00,4.860575e+00,4.521883e+00,2.602921e+00,2.893408e+00,2.552731e+00,6.181263e+00,2.490245e+00,2.496974e+00,2.517617e+00,3.252747e+00,2.458160e+00,4.585926e+00,4.411159e+00,4.425245e+00,4.162909e+00,4.081109e+00,2.789252e+00,2.643607e+00,2.442434e+00,3.898103e+00,2.442875e+00,3.891382e+00,3.567627e+00,4.667041e+00,4.407653e+00,3.280009e+00,2.835154e+00,4.338139e+00,2.626065e+00,3.451098e+00,2.429662e+00,2.416964e+00,2.561993e+00,3.792260e+00,4.212310e+00,2.655826e+00,2.739889e+00,2.642235e+00,3.063827e+00,3.124454e+00,4.265375e+00,4.185822e+00,4.412294e+00,4.390008e+00,3.929260e+00,4.223260e+00,4.849490e+00,4.912701e+00,4.820049e+00,4.896470e+00,2.595507e+00,4.453808e+00,4.718750e+00,4.926360e+00,4.647895e+00,4.714938e+00,4.872001e+00,4.756674e+00,4.373313e+00,4.833780e+00,4.946985e+00,4.007233e+00,3.592875e+00,4.713580e+00,4.277573e+00,4.095880e+00,2.972745e+00,2.633013e+00,2.712130e+00,3.453438e+00,4.621640e+00,4.742917e+00,4.732413e+00,2.753157e+00,4.595099e+00,4.276342e+00,4.663812e+00,4.099919e+00,2.809620e+00,4.471088e+00,2.157310e+00,4.004554e+00,4.999147e+00,4.878571e+00,4.521367e+00,4.823823e+00,4.910324e+00,4.934558e+00,2.702709e+00,2.828187e+00,3.933912e+00,2.940238e+00,2.948103e+00,4.515050e+00,4.585891e+00,4.629223e+00,4.669127e+00,3.375789e+00,4.255685e+00,2.875224e+00,4.186619e+00,4.759376e+00,4.918371e+00,4.652576e+00,4.508769e+00,4.758282e+00,4.709106e+00,4.841538e+00,4.854742e+00,4.764337e+00,3.962339e+00,4.539245e+00,4.212309e+00,3.788155e+00,4.789576e+00,4.693274e+00,4.812279e+00,4.713373e+00,4.868554e+00,4.966498e+00,4.214666e+00,4.994025e+00,4.665037e+00,4.923451e+00,5.031618e+00,4.798864e+00,4.855232e+00,4.866650e+00,4.806498e+00,4.792824e+00,4.974610e+00,4.621372e+00,4.788538e+00,4.836786e+00,4.833800e+00,5.055268e+00,4.903838e+00,4.319613e+00,4.689378e+00,4.736841e+00,4.839478e+00,4.919712e+00,5.004606e+00,4.894551e+00,4.923042e+00,4.728178e+00,4.987010e+00,4.238468e+00,4.513175e+00,4.796668e+00,5.064438e+00,4.888722e+00,4.886401e+00,4.719915e+00,4.974547e+00,5.035156e+00,4.469671e+00,4.601335e+00,4.903753e+00,4.789093e+00,4.701410e+00,4.825125e+00,4.918100e+00,4.802977e+00,4.817457e+00,4.742358e+00,4.913900e+00,4.598025e+00
4.708382e+00,4.826076e+00,4.911584e+00,4.865406e+00,4.930951e+00,4.749659e+00,4.798481e+00,4.726647e+00,4.206284e+00,4.735784e+00,4.882455e+00,4.728746e+00,4.844627e+00,4.909178e+00,4.835906e+00,4.859351e+00,4.865111e+00,4.714045e+00,4.891481e+00,4.744444e+00,2.940019e+00,4.609351e+00,2.937862e+00,4.128501e+00,3.407159e+00,3.043610e+00,3.026913e+00,3.346731e+00,4.902412e+00,2.643961e+00,4.440850e+00,4.710603e+00,4.302595e+00,4.915521e+00,4.840912e+00,4.732288e+00,4.961211e+00,4.783797e+00,4.901398e+00,4.743923e+00,4.137260e+00,4.841754e+00,4.612172e+00,4.577491e+00,4.937391e+00,5.004789e+00,4.641900e+00,4.365152e+00,2.800135e+00,4.221403e+00,2.740872e+00,3.956202e+00,2.457013e+00,2.578683e+00,4.327616e+00,2.536763e+00,4.194972e+00,2.340271e+00,2.375363e+00,2.202331e+00,2.694810e+00,4.493756e+00,2.445342e+00,3.359947e+00,2.739289e+00,4.861717e+00,2.845314e+00,4.065995e+00,3.758074e+00,2.685486e+00,4.387266e+00,2.590352e+00,3.062390e+00,4.906518e+00,3.563363e+00,4.225937e+00,4.166939e+00,3.937963e+00,2.555785e+00,4.515836e+00,4.062676e+00,4.152185e+00,4.680455e+00,3.159497e+00,3.171043e+00,2.945803e+00,3.411181e+00,3.787182e+00,4.174473e+00,3.313543e+00,3.993804e+00,4.780609e+00,3.656217e+00,3.612281e+00,4.750400e+00,4.734396e+00,4.342834e+00,4.231396e+00,4.393735e+00,4.887868e+00,4.588023e+00,4.734293e+00,4.690707e+00,3.752458e+00,3.600158e+00,4.970697e+00,4.696080e+00,4.581431e+00,4.784627e+00,4.400773e+00,2.784950e+00,4.254009e+00,4.451789e+00,4.856691e+00,2.700777e+00,4.860113e+00,4.730744e+00,4.465546e+00,3.260001e+00,4.463119e+00,4.509212e+00,3.052749e+00,4.227762e+00,2.625147e+00,3.464558e+00,3.148962e+00,3.955403e+00,4.581974e+00,4.766493e+00,4.649976e+00,4.841378e+00,4.901535e+00,4.737661e+00,4.776606e+00,4.819793e+00,4.857768e+00,3.201576e+00,2.215186e+00,3.423424e+00,2.550422e+00,2.707310e+00,3.349065e+00,3.828440e+00,4.684077e+00,4.205668e+00,4.711578e+00,2.407024e+00,4.377427e+00,4.765516e+00,4.522031e+00,4.503134e+00,4.629987e+00,4.247095e+00,4.981746e+00,4.858566e+00,4.883864e+00,4.729294e+00,4.906930e+00,4.451703e+00,3.445431e+00,3.314517e+00,4.802572e+00,4.532576e+00,4.554687e+00,4.004922e+00,4.805173e+00,4.975196e+00,4.867965e+00,4.475876e+00,4.923608e+00,4.939612e+00,4.985836e+00,4.820456e+00,4.958470e+00,4.987273e+00,4.937701e+00,4.847488e+00,4.940044e+00,4.796475e+00,4.833113e+00,4.896371e+00,4.927520e+00,4.922728e+00,4.603686e+00,4.983085e+00,4.813832e+00,4.650823e+00,4.964106e+00,4.901380e+00,4.921943e+00,5.042840e+00,4.753393e+00,5.014331e+00,4.726558e+00,4.923596e+00,4.636558e+00,4.821333e+00,4.919604e+00,4.708229e+00,4.741327e+00,4.770063e+00,4.755046e+00,4.582500e+00,4.787839e+00,4.825960e+00,4.887050e+00,4.952654e+00,4.244511e+00,4.986028e+00,4.907363e+00,4.615392e+00,4.841528e+00,4.915962e+00,4.595258e+00,4.882944e+00
4.819216e+00,4.665062e+00,4.599314e+00,4.981071e+00,4.498251e+00,4.820303e+00,4.823458e+00,4.868491e+00,4.763231e+00,4.671635e+00,4.730091e+00,4.677930e+00,4.976149e+00,4.783181e+00,4.709607e+00,4.946731e+00,4.877860e+00,4.921535e+00,4.866087e+00,4.735086e+00,4.820512e+00,4.199030e+00,4.224039e+00,4.639631e+00,4.943692e+00,4.094591e+00,4.882057e+00,3.274767e+00,4.627069e+00,4.468906e+00,4.631081e+00,4.969824e+00,4.942977e+00,4.949434e+00,4.840923e+00,2.803017e+00,4.663002e+00,4.656009e+00,4.176780e+00,3.900100e+00,4.860921e+00,4.896992e+00,4.959543e+00,4.492754e+00,4.782418e+00,4.176798e+00,4.404562e+00,2.503453e+00,3.901287e+00,2.690045e+00,4.583760e+00,3.244116e+00,2.452383e+00,3.900873e+00,2.184888e+00,3.227031e+00,2.479121e+00,4.229825e+00,4.036501e+00,4.551068e+00,3.097924e+00,3.107020e+00,4.597766e+00,4.549412e+00,2.713872e+00,4.718352e+00,2.419226e+00,2.553973e+00,2.363498e+00,3.506221e+00,3.039159e+00,3.960264e+00,3.806600e+00,2.998945e+00,2.285431e+00,4.650307e+00,3.546627e+00,2.622249e+00,4.578512e+00,4.630072e+00,4.356985e+00,4.183732e+00,4.366377e+00,2.829500e+00,3.248893e+00,2.773939e+00,4.402727e+00,3.345410e+00,3.613420e+00,3.978005e+00,3.385426e+00,4.732070e+00,2.979465e+00,4.702984e+00,4.811365e+00,4.602890e+00,4.796924e+00,4.955681e+00,4.992866e+00,4.902275e+00,4.674263e+00,4.645889e+00,2.691727e+00,3.757882e+00,2.666385e+00,4.919890e+00,4.018461e+00,4.690448e+00,3.489802e+00,2.470497e+00,2.200159e+00,4.510598e+00,2.686172e+00,2.453498e+00,2.525175e+00,4.526078e+00,2.638247e+00,4.089027e+00,2.782893e+00,2.495250e+00,3.986392e+00,3.303836e+00,4.139115e+00,3.416411e+00,2.330748e+00,3.131726e+00,2.422865e+00,2.342414e+00,4.083261e+00,3.040876e+00,3.641175e+00,4.706464e+00,4.480856e+00,4.802626e+00,4.987099e+00,2.618506e+00,4.470181e+00,3.822054e+00,4.971199e+00,4.899968e+00,4.882063e+00,4.810068e+00,3.851409e+00,4.511939e+00,3.688546e+00,4.150327e+00,4.264315e+00,4.770381e+00,3.923508e+00,4.698191e+00,4.040742e+00,3.745284e+00,4.632965e+00,4.789661e+00,4.885631e+00,4.783941e+00,4.996836e+00,4.902073e+00,4.710122e+00,4.748779e+00,3.863308e+00,4.181519e+00,4.693022e+00,4.805976e+00,4.390056e+00,4.879267e+00,4.759846e+00,4.724614e+00,4.815397e+00,4.928159e+00,4.701329e+00,4.790303e+00,4.737363e+00,4.863948e+00,4.688729e+00,4.723617e+00,4.972381e+00,4.896027e+00,4.704861e+00,4.669543e+00,4.664484e+00,4.814418e+00,4.903542e+00,4.862107e+00,4.769898e+00,5.072745e+00,4.730015e+00,4.888637e+00,4.690333e+00,4.862915e+00,4.865763e+00,5.005827e+00,4.532289e+00,4.961421e+00,4.964195e+00,4.759600e+00,4.698153e+00,4.874856e+00,4.896076e+00,4.972302e+00,4.255422e+00,4.950591e+00,4.803812e+00,4.893799e+00,5.054836e+00,4.760018e+00,4.973983e+00,4.890534e+00,4.733438e+00,4.758759e+00,4.690783e+00,4.811598e+00,4.804538e+00,4.925052e+00,4.805205e+00
4.716366e+00,4.921517e+00,4.616684e+00,4.748206e+00,4.885877e+00,4.928144e+00,4.182906e+00,4.778256e+00,4.691171e+00,4.737411e+00,4.790924e+00,4.891825e+00,4.967919e+00,4.776676e+00,4.861880e+00,4.857965e+00,4.485219e+00,4.821017e+00,4.661403e+00,4.977849e+00,4.571424e+00,4.739923e+00,4.445637e+00,2.537329e+00,4.781930e+00,4.555075e+00,4.851480e+00,3.208600e+00,4.241838e+00,3.914397e+00,4.786123e+00,4.285476e+00,4.824398e+00,4.643533e+00,3.091099e+00,4.863753e+00,4.591956e+00,4.633424e+00,2.775998e+00,4.841830e+00,4.918145e+00,4.961378e+00,4.904624e+00,4.617805e+00,3.680394e+00,3.408615e+00,4.257882e+00,2.532377e+00,4.407556e+00,2.296082e+00,3.450226e+00,2.732701e+00,2.442873e+00,2.604988e+00,3.717172e+00,4.232165e+00,2.805831e+00,3.717467e+00,4.550408e+00,3.273359e+00,4.342825e+00,2.663640e+00,4.218758e+00,4.523660e+00,2.724323e+00,4.383770e+00,4.744355e+00,3.159387e+00,3.066963e+00,4.642694e+00,4.238569e+00,4.596759e+00,2.846217e+00,4.097462e+00,4.843742e+00,3.977532e+00,2.773649e+00,3.343269e+00,2.401992e+00,4.625008e+00,4.433445e+00,2.973638e+00,4.493551e+00,2.704506e+00,4.280510e+00,4.308946e+00,4.694676e+00,2.826083e+00,4.178898e+00,4.817033e+00,3.258418e+00,3.001345e+00,4.510123e+00,4.143218e+00,4.835172e+00,4.823840e+00,4.792037e+00,4.771543e+00,4.230505e+00,4.931011e+00,4.706869e+00,4.945002e+00,4.917808e+00,4.553093e+00,4.242861e+00,4.454548e+00,2.809559e+00,4.870375e+00,3.695102e+00,4.324009e+00,4.285914e+00,2.596466e+00,3.172935e+00,3.022628e+00,3.653187e+00,4.220368e+00,2.524987e+00,4.663741e+00,2.535742e+00,2.788593e+00,3.931245e+00,2.759679e+00,2.807235e+00,3.875326e+00,3.790750e+00,4.195469e+00,3.852379e+00,2.495805e+00,4.779390e+00,4.584444e+00,4.965771e+00,4.929712e+00,4.802164e+00,3.235444e+00,4.196144e+00,4.943843e+00,4.818505e+00,4.814446e+00,4.903121e+00,4.403986e+00,4.389160e+00,3.225283e+00,2.883900e+00,4.705669e+00,4.808758e+00,4.351533e+00,2.882082e+00,3.536672e+00,4.574098e+00,4.470261e+00,4.539104e+00,4.667939e+00,4.356931e+00,4.365842e+00,4.467782e+00,4.759914e+00,4.917382e+00,4.918367e+00,4.613242e+00,4.803244e+00,4.791267e+00,3.516586e+00,4.852292e+00,2.715347e+00,4.039211e+00,4.931955e+00,4.206511e+00,4.912063e+00,4.917884e+00,4.832254e+00,2.827007e+00,4.799093e+00,4.917679e+00,4.942667e+00,4.896465e+00,4.785584e+00,4.916495e+00,4.734233e+00,4.943848e+00,4.788183e+00,4.682313e+00,4.729344e+00,4.856509e+00,4.564666e+00,4.903745e+00,4.800905e+00,4.890844e+00,4.633216e+00,4.853339e+00,4.786635e+00,4.622831e+00,4.945079e+00,4.608724e+00,4.854575e+00,4.872953e+00,4.651643e+00,4.882170e+00,4.846088e+00,4.786292e+00,4.730031e+00,4.961254e+00,4.668215e+00,4.788019e+00,4.907023e+00,4.907161e+00,5.067872e+00,4.961444e+00,4.940197e+00,4.799945e+00,4.795460e+00,4.566144e+00,4.898426e+00,4.867383e+00,4.334547e+00,4.929652e+00
4.989595e+00,4.966330e+00,4.883157e+00,4.975774e+00,4.917854e+00,4.542712e+00,4.937350e+00,4.698173e+00,4.961889e+00,4.877007e+00,4.489441e+00,4.688885e+00,4.797436e+00,4.781498e+00,4.783187e+00,4.912953e+00,4.641052e+00,4.909771e+00,4.907977e+00,4.598039e+00,4.396645e+00,4.787626e+00,3.470959e+00,4.490821e+00,4.645216e+00,4.470281e+00,4.546757e+00,4.912337e+00,4.732888e+00,4.546556e+00,4.720440e+00,4.846115e+00,4.926227e+00,4.753908e+00,4.906680e+00,4.821073e+00,4.612719e+00,4.921309e+00,5.025042e+00,4.822202e+00,4.911075e+00,4.719232e+00,4.235486e+00,4.553638e+00,2.654541e+00,2.664941e+00,2.504454e+00,4.792144e+00,4.410531e+00,2.999698e+00,2.681099e+00,2.692991e+00,3.555744e+00,2.586822e+00,2.626343e+00,4.651716e+00,2.769273e+00,2.673059e+00,4.292073e+00,2.805294e+00,2.548169e+00,2.597896e+00,2.793410e+00,4.207803e+00,3.348598e+00,3.574234e+00,2.811406e+00,3.794048e+00,4.501275e+00,3.980141e+00,4.365508e+00,2.921659e+00,3.986022e+00,4.563361e+00,4.892108e+00,3.027866e+00,3.595039e+00,3.400201e+00,3.997345e+00,2.757404e+00,2.746367e+00,2.588764e+00,4.228197e+00,4.333384e+00,2.591570e+00,3.032857e+00,4.127489e+00,4.587218e+00,4.682089e+00,4.614915e+00,4.432215e+00,4.475312e+00,4.009876e+00,2.805713e+00,3.487790e+00,4.765710e+00,4.975631e+00,4.597622e+00,4.606614e+00,4.958802e+00,4.613480e+00,4.684844e+00,4.155267e+00,4.902027e+00,4.672164e+00,4.949876e+00,4.857864e+00,4.841638e+00,4.120018e+00,3.926742e+00,3.384706e+00,2.778096e+00,2.573287e+00,4.587109e+00,3.530303e+00,2.754803e+00,2.758390e+00,2.501925e+00,3.032451e+00,2.409995e+00,4.107627e+00,2.653647e+00,3.707049e+00,4.260038e+00,4.172816e+00,4.063925e+00,4.802049e+00,5.044153e+00,4.917086e+00,4.921333e+00,4.892997e+00,4.494956e+00,4.901311e+00,4.456596e+00,3.725290e+00,4.864792e+00,4.952442e+00,3.823699e+00,4.778945e+00,4.889005e+00,2.315750e+00,4.077393e+00,4.024033e+00,2.416318e+00,4.047111e+00,4.546131e+00,4.850878e+00,4.260726e+00,3.927042e+00,4.536638e+00,4.231279e+00,4.451286e+00,4.402088e+00,4.682565e+00,4.370065e+00,4.519758e+00,4.907180e+00,4.536082e+00,4.601961e+00,4.700768e+00,4.994552e+00,4.629635e+00,4.209206e+00,3.111765e+00,4.435145e+00,4.229196e+00,4.967074e+00,4.876848e+00,4.717776e+00,4.943242e+00,4.920328e+00,4.689877e+00,4.959673e+00,4.835920e+00,4.519898e+00,4.735667e+00,5.060302e+00,4.754534e+00,4.799904e+00,4.896966e+00,4.971729e+00,4.886240e+00,4.863247e+00,4.630369e+00,5.014583e+00,4.517286e+00,4.714287e+00,4.942904e+00,4.871293e+00,5.027968e+00,4.802180e+00,4.948663e+00,4.775828e+00,4.858466e+00,4.978500e+00,4.654150e+00,5.005659e+00,4.979371e+00,4.724094e+00,4.976292e+00,4.628307e+00,4.962603e+00,4.963695e+00,4.455606e+00,4.986454e+00,4.981587e+00,4.793809e+00,4.986088e+00,4.989237e+00,4.806197e+00,4.672325e+00,4.679904e+00,4.751907e+00,4.108753e+00,4.895115e+00
4.759400e+00,4.871610e+00,4.624772e+00,4.931483e+00,4.567099e+00,5.002589e+00,4.482489e+00,4.824916e+00,4.977887e+00,4.665794e+00,4.748487e+00,4.965971e+00,4.894211e+00,4.470040e+00,4.799552e+00,4.974089e+00,4.937270e+00,4.851057e+00,4.069813e+00,4.801133e+00,4.996083e+00,4.685899e+00,4.792974e+00,4.590818e+00,2.838133e+00,4.613178e+00,2.989698e+00,4.507678e+00,4.517843e+00,4.743239e+00,4.661563e+00,4.790848e+00,4.844103e+00,4.836614e+00,4.595830e+00,4.644970e+00,4.828425e+00,4.886387e+00,4.783981e+00,4.697552e+00,4.946258e+00,4.803304e+00,3.715481e+00,2.564810e+00,2.754454e+00,2.800116e+00,3.910538e+00,2.540380e+00,2.421870e+00,3.370502e+00,2.575150e+00,2.756189e+00,4.180047e+00,4.067356e+00,4.609704e+00,4.269316e+00,3.021504e+00,3.483664e+00,2.986685e+00,3.299071e+00,4.050411e+00,2.670048e+00,4.272278e+00,4.685486e+00,2.434163e+00,3.059507e+00,3.594447e+00,2.554591e+00,2.476506e+00,4.776827e+00,4.610956e+00,4.719611e+00,4.249869e+00,4.062067e+00,3.753356e+00,3.187057e+00,3.069993e+00,3.423266e+00,4.617944e+00,4.699957e+00,2.570264e+00,4.221608e+00,3.163801e+00,4.131650e+00,3.017311e+00,2.839285e+00,3.817149e+00,2.795047e+00,4.437237e+00,4.236273e+00,4.661904e+00,2.597185e+00,4.340282e+00,4.569629e+00,4.317469e+00,4.388322e+00,3.559588e+00,4.130678e+00,4.789960e+00,4.832296e+00,3.834608e+00,4.800200e+00,4.462195e+00,4.921583e+00,3.248000e+00,5.012702e+00,4.806397e+00,4.416316e+00,2.686237e+00,4.664754e+00,4.431156e+00,2.947342e+00,4.204840e+00,4.544540e+00,4.082996e+00,3.837041e+00,3.379439e+00,4.400036e+00,4.625554e+00,2.619783e+00,3.690363e+00,3.199859e+00,4.387735e+00,4.446064e+00,3.330154e+00,4.644328e+00,5.030287e+00,4.397485e+00,4.788621e+00,4.870950e+00,4.782688e+00,4.816343e+00,4.970275e+00,4.358933e+00,4.748354e+00,4.795962e+00,4.798549e+00,4.285709e+00,4.811939e+00,2.296941e+00,4.423828e+00,4.600786e+00,4.269513e+00,4.602988e+00,3.734670e+00,4.837614e+00,3.964321e+00,2.617190e+00,4.307907e+00,4.550233e+00,3.771675e+00,4.593490e+00,4.690661e+00,4.291059e+00,4.277431e+00,4.080595e+00,4.100656e+00,4.519553e+00,4.890069e+00,4.969986e+00,4.918786e+00,4.762197e+00,4.901997e+00,4.625589e+00,4.621479e+00,3.130709e+00,4.259968e+00,3.973762e+00,4.838056e+00,4.803482e+00,4.858964e+00,4.393867e+00,4.900450e+00,4.585708e+00,4.789076e+00,4.475600e+00,5.045359e+00,4.877026e+00,4.926794e+00,4.919424e+00,4.617713e+00,4.880735e+00,4.868849e+00,4.866076e+00,4.635847e+00,5.041060e+00,5.001711e+00,4.995658e+00,4.571361e+00,4.908813e+00,4.803987e+00,4.797553e+00,4.951071e+00,4.832700e+00,4.852067e+00,4.852499e+00,4.919459e+00,4.434268e+00,4.715042e+00,4.940270e+00,4.467631e+00,4.908384e+00,4.791498e+00,4.992200e+00,4.671041e+00,4.884663e+00,4.944625e+00,4.296876e+00,4.818527e+00,4.886226e+00,4.712657e+00,4.967293e+00,4.596076e+00,4.525146e+00,4.928268e+00
4.767256e+00,4.532303e+00,4.334048e+00,4.794476e+00,4.893122e+00,4.668374e+00,4.782679e+00,5.056694e+00,4.876936e+00,4.736329e+00,4.851455e+00,4.962897e+00,4.876569e+00,5.005519e+00,4.683050e+00,4.851270e+00,4.918692e+00,4.975962e+00,4.825615e+00,4.864336e+00,4.268007e+00,4.754389e+00,2.814104e+00,3.498484e+00,4.606473e+00,4.769407e+00,3.093369e+00,4.685433e+00,4.838031e+00,4.982876e+00,5.000619e+00,4.913376e+00,4.935860e+00,4.765633e+00,3.184886e+00,4.570086e+00,4.792390e+00,4.712409e+00,4.916418e+00,4.911899e+00,4.685670e+00,4.675630e+00,3.496709e+00,2.230604e+00,2.920896e+00,2.444915e+00,2.253125e+00,2.305300e+00,3.489863e+00,2.539465e+00,2.420445e+00,3.017148e+00,3.028035e+00,4.336955e+00,4.159683e+00,4.622413e+00,2.815883e+00,3.152939e+00,2.891667e+00,2.835718e+00,4.309588e+00,4.916725e+00,2.781063e+00,2.402040e+00,4.594682e+00,4.109239e+00,4.567846e+00,4.867777e+00,4.734850e+00,2.471633e+00,4.290489e+00,4.484765e+00,4.651891e+00,2.424840e+00,4.183491e+00,3.426827e+00,2.614794e+00,4.609296e+00,4.230223e+00,4.693512e+00,4.590704e+00,3.545627e+00,3.279254e+00,3.797003e+00,4.882474e+00,2.433051e+00,2.372508e+00,3.932026e+00,4.339621e+00,2.855417e+00,3.779606e+00,4.230618e+00,4.870582e+00,4.422834e+00,4.694762e+00,4.427081e+00,4.187478e+00,3.773256e+00,2.448169e+00,4.742711e+00,4.771392e+00,4.963702e+00,4.491080e+00,4.419346e+00,3.070742e+00,2.583328e+00,2.338385e+00,2.178230e+00,2.486389e+00,2.714287e+00,2.492245e+00,4.523954e+00,4.804721e+00,4.705622e+00,4.699833e+00,2.575689e+00,2.999593e+00,4.677678e+00,2.719521e+00,4.283658e+00,3.062576e+00,4.801851e+00,4.075932e+00,4.822859e+00,4.823289e+00,3.839945e+00,4.835364e+00,4.889680e+00,4.302872e+00,4.577387e+00,4.797462e+00,4.787058e+00,4.899317e+00,4.233303e+00,4.766506e+00,4.881912e+00,4.636707e+00,4.878878e+00,4.798741e+00,4.840798e+00,3.495243e+00,4.350448e+00,4.657563e+00,3.571608e+00,4.649230e+00,4.070594e+00,4.293139e+00,4.832719e+00,4.088135e+00,4.781878e+00,4.422863e+00,4.666992e+00,3.739023e+00,4.126738e+00,4.327205e+00,4.835140e+00,4.582953e+00,4.601297e+00,4.572764e+00,4.505749e+00,4.949995e+00,4.734131e+00,4.967109e+00,4.975656e+00,4.605439e+00,2.468836e+00,3.950109e+00,4.510845e+00,4.720731e+00,4.722244e+00,4.338359e+00,4.542583e+00,5.006598e+00,4.993480e+00,4.822045e+00,4.851212e+00,5.043166e+00,4.830754e+00,4.448546e+00,4.942855e+00,4.810940e+00,4.917746e+00,5.039226e+00,4.821103e+00,5.056149e+00,4.514527e+00,4.734949e+00,4.920998e+00,4.969965e+00,4.890641e+00,4.711016e+00,4.574477e+00,4.852695e+00,4.977739e+00,4.943933e+00,4.855940e+00,4.970126e+00,4.844909e+00,4.916485e+00,5.001442e+00,4.403829e+00,4.533834e+00,4.852306e+00,4.615852e+00,4.867768e+00,4.928552e+00,4.910835e+00,4.923331e+00,4.898613e+00,4.947999e+00,4.831667e+00,4.733176e+00,4.893478e+00,4.532979e+00,4.757433e+00
4.669214e+00,4.749740e+00,4.883122e+00,4.973582e+00,4.951400e+00,4.656300e+00,4.997978e+00,4.898488e+00,4.807420e+00,4.483097e+00,4.688145e+00,4.990243e+00,4.895114e+00,4.764292e+00,4.779876e+00,4.980050e+00,4.682404e+00,4.438015e+00,4.889836e+00,4.655071e+00,4.846884e+00,4.888881e+00,3.830100e+00,4.213165e+00,2.576532e+00,2.503966e+00,4.698759e+00,4.530535e+00,4.927072e+00,4.905556e+00,4.717287e+00,4.644699e+00,4.284659e+00,3.537916e+00,4.818619e+00,4.734847e+00,4.500838e+00,4.962154e+00,4.891071e+00,4.760725e+00,2.932469e+00,2.612714e+00,2.536795e+00,2.526921e+00,4.208487e+00,2.405979e+00,2.192932e+00,3.596501e+00,2.321499e+00,2.511122e+00,4.176994e+00,2.640206e+00,3.876986e+00,2.501284e+00,4.635134e+00,2.899879e+00,2.412864e+00,3.420151e+00,2.470377e+00,4.093201e+00,3.437895e+00,4.481553e+00,4.551761e+00,3.944949e+00,2.304691e+00,3.234294e+00,4.605853e+00,3.791431e+00,2.448270e+00,3.835231e+00,2.716738e+00,3.607350e+00,4.458460e+00,4.148264e+00,4.634076e+00,3.332131e+00,4.028553e+00,3.747917e+00,4.527841e+00,4.329207e+00,4.420572e+00,4.308012e+00,2.604059e+00,4.582501e+00,4.114164e+00,4.862341e+00,3.918442e+00,3.884814e+00,3.930245e+00,4.094228e+00,3.382395e+00,4.920150e+00,4.091345e+00,4.437231e+00,4.522424e+00,3.816094e+00,4.627628e+00,2.852767e+00,2.555031e+00,4.812835e+00,4.668130e+00,4.826533e+00,2.631273e+00,4.243796e+00,3.920940e+00,4.105776e+00,3.827311e+00,3.556310e+00,3.908492e+00,2.397528e+00,4.214062e+00,2.392339e+00,2.595258e+00,4.401403e+00,3.782631e+00,3.024352e+00,4.146562e+00,4.011196e+00,3.910172e+00,2.712889e+00,4.416358e+00,2.767098e+00,4.188797e+00,4.951229e+00,4.636524e+00,4.262253e+00,4.918936e+00,4.737672e+00,3.005073e+00,3.259748e+00,4.554091e+00,4.830132e+00,4.970790e+00,4.914521e+00,4.819846e+00,4.745844e+00,4.443062e+00,4.795137e+00,4.960217e+00,4.833118e+00,3.635732e+00,3.116311e+00,3.456212e+00,4.569028e+00,3.415369e+00,4.372458e+00,3.576952e+00,4.952874e+00,4.581578e+00,4.451133e+00,4.271842e+00,3.227743e+00,4.707468e+00,4.334625e+00,3.986715e+00,4.709783e+00,4.674444e+00,4.025893e+00,3.859195e+00,4.169123e+00,4.761467e+00,5.014966e+00,4.575435e+00,4.829703e+00,5.046199e+00,4.845192e+00,4.018829e+00,4.698745e+00,4.366787e+00,4.763111e+00,4.912417e+00,4.680167e+00,4.596147e+00,4.931857e+00,4.974079e+00,4.973727e+00,4.818227e+00,4.822253e+00,4.475470e+00,4.841102e+00,4.201140e+00,4.875499e+00,4.984950e+00,4.728084e+00,4.866358e+00,4.505711e+00,4.940384e+00,4.691136e+00,4.943466e+00,4.695542e+00,4.941210e+00,4.536239e+00,5.071877e+00,4.859486e+00,4.828470e+00,5.054532e+00,4.721360e+00,4.966185e+00,4.888124e+00,4.962023e+00,4.235201e+00,4.814232e+00,4.929877e+00,4.357743e+00,4.678432e+00,5.031697e+00,4.752804e+00,4.992919e+00,4.962474e+00,4.987793e+00,4.827985e+00,4.684251e+00,4.723361e+00,4.864463e+00,4.802767e+00
4.798667e+00,4.879488e+00,4.693465e+00,4.833976e+00,4.507597e+00,4.777184e+00,4.714577e+00,4.938912e+00,4.725507e+00,4.548181e+00,4.795787e+00,4.611973e+00,4.686458e+00,4.945033e+00,4.726192e+00,4.948727e+00,4.814128e+00,4.902197e+00,4.787905e+00,4.814860e+00,4.821082e+00,4.323571e+00,4.657537e+00,4.642187e+00,4.584974e+00,4.930194e+00,4.775969e+00,4.764254e+00,4.769948e+00,4.636104e+00,4.869754e+00,4.793098e+00,4.787875e+00,4.902365e+00,4.732103e+00,4.788163e+00,4.917806e+00,4.753157e+00,3.980975e+00,3.950804e+00,4.479077e+00,9.783081e+00,3.092987e+00,3.309161e+00,2.314266e+00,4.217906e+00,2.477304e+00,2.484913e+00,3.398580e+00,2.481492e+00,2.488657e+00,2.587785e+00,2.477982e+00,2.399257e+00,2.564344e+00,3.793706e+00,2.625499e+00,2.469018e+00,3.925629e+00,3.623988e+00,3.154306e+00,3.959847e+00,4.236694e+00,4.691000e+00,4.010610e+00,4.467350e+00,2.905693e+00,4.416019e+00,3.334165e+00,4.217107e+00,4.311081e+00,4.214725e+00,2.524557e+00,4.536752e+00,3.397147e+00,4.664036e+00,4.590094e+00,4.544204e+00,4.243475e+00,4.478325e+00,3.546176e+00,2.894933e+00,3.387597e+00,4.391054e+00,4.109931e+00,3.448474e+00,2.642523e+00,2.819214e+00,2.660763e+00,4.549188e+00,3.886255e+00,3.773176e+00,2.726736e+00,2.608023e+00,3.689399e+00,4.189858e+00,4.428034e+00,3.297342e+00,4.652638e+00,4.829269e+00,4.520604e+00,4.528114e+00,4.382077e+00,2.912225e+00,2.503703e+00,3.043599e+00,4.224326e+00,2.427676e+00,4.742696e+00,3.574949e+00,2.492058e+00,3.122787e+00,2.400391e+00,2.510398e+00,3.766219e+00,2.938283e+00,2.359941e+00,4.092012e+00,2.946207e+00,2.359123e+00,4.771991e+00,4.521644e+00,2.838099e+00,4.718270e+00,4.834787e+00,4.901707e+00,4.930892e+00,4.620588e+00,4.595628e+00,4.821972e+00,4.845053e+00,4.446583e+00,2.473105e+00,4.660180e+00,2.286492e+00,4.731575e+00,2.455462e+00,2.830874e+00,4.788597e+00,3.131426e+00,4.001499e+00,3.080986e+00,4.013384e+00,3.907350e+00,2.603209e+00,3.551549e+00,4.019590e+00,3.767532e+00,2.582693e+00,4.681787e+00,3.256287e+00,4.163455e+00,3.382741e+00,4.430432e+00,4.637723e+00,3.961724e+00,4.391253e+00,4.867119e+00,3.615853e+00,4.321561e+00,4.684761e+00,4.716043e+00,4.985702e+00,4.486876e+00,4.973366e+00,4.940604e+00,4.246222e+00,3.832233e+00,4.126113e+00,4.336065e+00,4.659178e+00,4.891871e+00,3.222709e+00,4.807847e+00,4.759439e+00,4.931970e+00,4.860768e+00,4.880127e+00,4.735311e+00,4.781482e+00,4.893512e+00,4.592828e+00,4.743965e+00,4.830804e+00,4.800270e+00,4.926664e+00,4.861806e+00,4.863370e+00,4.853562e+00,4.690629e+00,4.547570e+00,4.937255e+00,5.042932e+00,4.697204e+00,4.816272e+00,4.956647e+00,4.846492e+00,4.766293e+00,4.637152e+00,4.774293e+00,4.863541e+00,4.927552e+00,4.922433e+00,4.763088e+00,4.909807e+00,4.528927e+00,4.908748e+00,4.919887e+00,4.866490e+00,4.752914e+00,4.890573e+00,4.878821e+00,4.750823e+00,4.922237e+00,4.864782e+00
4.827153e+00,4.988887e+00,4.363618e+00,4.724284e+00,4.745760e+00,4.621770e+00,4.878555e+00,4.560730e+00,4.955558e+00,4.818901e+00,4.724621e+00,4.679493e+00,4.883020e+00,4.749091e+00,5.030869e+00,4.848472e+00,4.966093e+00,4.812262e+00,4.799801e+00,4.778003e+00,4.180671e+00,3.155822e+00,4.255085e+00,4.765059e+00,3.170025e+00,2.750148e+00,4.953110e+00,4.922911e+00,4.948892e+00,4.691369e+00,4.248544e+00,2.846654e+00,4.860784e+00,4.697422e+00,4.837486e+00,4.377005e+00,4.627450e+00,4.897601e+00,4.801364e+00,4.143630e+00,2.428846e+00,2.444896e+00,2.299270e+00,3.737278e+00,2.858780e+00,2.526402e+00,2.899962e+00,3.428111e+00,2.992776e+00,4.527502e+00,2.418813e+00,4.044319e+00,2.480612e+00,4.880065e+00,2.540562e+00,2.723745e+00,2.284018e+00,4.360300e+00,4.097469e+00,4.108918e+00,3.372085e+00,4.187018e+00,4.231503e+00,2.615060e+00,4.772221e+00,4.150183e+00,3.572037e+00,2.881248e+00,4.241852e+00,4.685294e+00,2.639601e+00,3.837694e+00,4.096200e+00,2.848800e+00,2.976656e+00,4.436340e+00,3.914135e+00,3.290532e+00,4.351573e+00,3.609692e+00,4.439818e+00,3.368060e+00,3.104882e+00,3.570567e+00,4.691756e+00,4.790101e+00,2.591514e+00,4.027608e+00,4.751891e+00,4.262873e+00,3.205232e+00,3.442569e+00,3.384176e+00,2.644531e+00,3.967275e+00,3.773366e+00,2.934494e+00,3.533082e+00,4.141184e+00,4.718564e+00,4.050303e+00,4.778183e+00,2.528432e+00,4.185667e+00,3.258251e+00,3.032389e+00,3.562811e+00,3.196971e+00,2.675719e+00,2.680365e+00,4.089820e+00,4.127878e+00,2.602453e+00,2.756258e+00,4.160378e+00,4.588329e+00,4.125932e+00,2.392720e+00,2.759009e+00,3.744532e+00,4.241769e+00,4.369799e+00,3.509861e+00,4.782024e+00,4.852708e+00,4.972975e+00,4.068984e+00,4.242862e+00,4.593518e+00,4.685286e+00,4.754562e+00,4.663215e+00,4.873571e+00,4.670097e+00,4.918563e+00,4.691307e+00,4.933229e+00,2.746009e+00,3.229700e+00,4.849091e+00,3.927148e+00,2.724313e+00,3.369532e+00,4.458054e+00,4.001310e+00,4.133015e+00,3.772851e+00,4.050002e+00,2.505247e+00,4.672656e+00,3.271444e+00,4.403686e+00,4.285047e+00,4.586538e+00,4.320094e+00,4.820333e+00,4.228880e+00,3.693295e+00,3.820459e+00,4.445524e+00,4.377004e+00,4.749467e+00,4.640622e+00,4.881020e+00,4.890163e+00,4.639950e+00,4.859823e+00,3.614184e+00,3.194220e+00,3.458472e+00,3.026457e+00,4.842330e+00,4.914144e+00,4.168357e+00,4.860008e+00,4.489516e+00,4.929977e+00,4.845799e+00,4.790113e+00,4.868113e+00,4.994257e+00,4.831664e+00,4.865019e+00,4.946094e+00,4.887592e+00,4.660596e+00,4.714548e+00,4.793250e+00,4.806160e+00,4.849359e+00,4.698828e+00,5.041291e+00,4.923457e+00,4.555554e+00,4.830968e+00,4.902697e+00,4.658920e+00,4.976931e+00,4.919026e+00,4.704045e+00,4.882028e+00,4.610974e+00,5.086539e+00,4.871611e+00,4.630520e+00,4.835130e+00,4.777505e+00,5.040292e+00,4.905417e+00,4.763983e+00,4.753255e+00,4.955061e+00,4.905067e+00,4.675901e+00,4.788236e+00
4.929424e+00,4.923089e+00,4.584198e+00,4.821062e+00,4.792342e+00,4.757095e+00,4.839875e+00,4.537958e+00,4.962893e+00,4.901047e+00,4.896312e+00,4.902112e+00,4.268399e+00,4.874520e+00,4.847768e+00,4.781359e+00,4.581715e+00,4.516470e+00,4.477543e+00,4.678371e+00,3.863680e+00,3.469424e+00,4.472543e+00,4.610300e+00,4.005954e+00,4.909528e+00,4.603849e+00,4.963019e+00,4.943697e+00,4.947176e+00,4.565323e+00,4.214960e+00,4.421097e+00,4.832772e+00,4.928518e+00,4.724755e+00,3.971399e+00,3.099898e+00,4.271864e+00,3.873067e+00,2.531390e+00,2.809950e+00,2.947758e+00,4.119753e+00,3.208260e+00,2.964533e+00,3.243625e+00,2.964475e+00,3.796134e+00,4.707595e+00,2.462144e+00,2.332446e+00,3.033282e+00,2.542927e+00,2.334132e+00,3.587031e+00,3.840691e+00,4.560751e+00,4.607889e+00,4.390044e+00,4.707914e+00,4.169726e+00,3.357855e+00,3.100682e+00,4.585938e+00,2.603971e+00,2.517918e+00,4.626665e+00,4.166478e+00,4.568323e+00,3.206450e+00,3.436488e+00,3.352502e+00,3.832528e+00,4.463963e+00,4.758275e+00,4.141584e+00,4.832840e+00,4.157148e+00,4.720616e+00,4.235423e+00,2.437535e+00,4.076297e+00,3.003089e+00,4.516310e+00,3.157515e+00,4.385207e+00,4.531311e+00,3.233966e+00,3.762417e+00,4.465085e+00,4.744144e+00,4.735528e+00,4.779849e+00,3.304792e+00,2.936089e+00,3.007877e+00,3.983572e+00,4.444722e+00,4.568261e+00,4.083965e+00,4.827533e+00,2.601149e+00,3.849374e+00,3.871643e+00,4.191194e+00,2.889865e+00,3.960253e+00,2.743105e+00,4.459129e+00,2.697712e+00,4.743986e+00,4.782680e+00,4.725478e+00,3.013087e+00,2.960932e+00,3.673336e+00,4.155854e+00,2.801286e+00,2.681563e+00,4.278290e+00,3.072538e+00,2.735661e+00,3.897497e+00,3.824476e+00,4.820166e+00,4.858514e+00,4.846945e+00,4.432228e+00,4.608906e+00,4.771641e+00,4.726934e+00,4.582765e+00,4.880187e+00,3.821384e+00,4.234236e+00,4.831651e+00,3.571090e+00,3.704765e+00,3.706639e+00,3.053317e+00,3.576490e+00,4.357497e+00,2.595178e+00,4.613989e+00,4.219596e+00,3.844060e+00,3.696567e+00,3.472097e+00,3.215048e+00,2.925947e+00,3.914215e+00,4.288758e+00,3.971022e+00,4.361748e+00,4.543393e+00,4.192469e+00,4.567560e+00,3.582051e+00,4.058479e+00,4.333872e+00,4.367278e+00,4.699408e+00,4.554563e+00,4.764290e+00,4.554661e+00,4.707297e+00,4.782549e+00,4.348810e+00,2.721164e+00,3.231458e+00,4.050650e+00,4.980742e+00,4.355654e+00,4.858603e+00,4.623696e+00,4.821064e+00,4.934070e+00,4.868226e+00,4.864201e+00,4.628942e+00,4.849690e+00,4.643424e+00,4.931577e+00,4.544622e+00,4.876361e+00,4.911979e+00,4.861246e+00,4.502287e+00,4.964404e+00,4.878864e+00,4.766915e+00,4.852289e+00,4.946477e+00,4.815020e+00,4.987234e+00,4.411946e+00,4.739013e+00,4.962510e+00,4.962835e+00,4.864163e+00,4.946132e+00,5.057228e+00,4.937039e+00,4.719039e+00,4.931116e+00,4.847805e+00,4.887079e+00,4.447078e+00,4.981359e+00,4.953735e+00,4.824748e+00,4.771476e+00,4.897682e+00,4.752217e+00
4.423516e+00,4.768984e+00,4.969627e+00,4.921571e+00,4.808971e+00,4.940062e+00,4.552930e+00,4.959289e+00,4.657631e+00,4.881890e+00,4.850663e+00,4.722888e+00,4.895207e+00,4.831254e+00,4.874992e+00,4.906624e+00,4.479787e+00,4.914097e+00,4.852318e+00,3.902281e+00,4.665146e+00,2.782360e+00,4.133654e+00,3.876158e+00,4.739728e+00,4.811980e+00,4.922242e+00,4.738797e+00,3.917299e+00,4.405544e+00,4.235364e+00,4.986588e+00,4.723122e+00,4.735596e+00,4.957797e+00,4.129338e+00,3.693159e+00,3.091460e+00,3.487022e+00,2.804085e+00,2.860324e+00,2.839036e+00,3.167235e+00,2.753998e+00,2.768245e+00,2.637389e+00,3.110329e+00,2.593386e+00,4.434849e+00,3.140122e+00,2.718705e+00,3.389933e+00,4.702190e+00,4.161403e+00,2.665841e+00,4.750944e+00,4.155805e+00,4.663297e+00,4.194631e+00,3.123768e+00,4.567097e+00,3.993018e+00,4.376858e+00,4.829265e+00,4.604940e+00,4.421936e+00,4.013442e+00,4.356401e+00,2.572567e+00,3.471734e+00,3.911263e+00,3.857211e+00,3.961746e+00,3.733169e+00,4.353158e+00,3.983836e+00,4.705018e+00,4.627575e+00,4.247211e+00,4.110005e+00,4.334712e+00,4.042608e+00,4.638825e+00,3.681649e+00,2.948341e+00,3.804598e+00,4.572476e+00,3.396228e+00,3.727032e+00,4.017402e+00,4.703041e+00,2.984424e+00,3.201324e+00,3.570406e+00,3.399639e+00,3.782466e+00,3.710968e+00,4.740504e+00,4.351320e+00,4.932366e+00,3.235658e+00,4.914085e+00,4.471107e+00,4.570335e+00,3.039220e+00,4.383552e+00,3.036644e+00,4.553660e+00,4.140778e+00,4.692266e+00,4.438332e+00,3.027737e+00,3.564172e+00,3.977547e+00,4.626069e+00,3.658809e+00,4.225508e+00,4.500369e+00,3.869541e+00,3.281806e+00,3.470061e+00,2.709552e+00,3.027947e+00,4.536996e+00,4.545357e+00,4.840748e+00,4.618129e+00,4.906050e+00,4.574641e+00,4.866116e+00,3.049288e+00,4.760132e+00,4.399728e+00,4.930913e+00,4.664497e+00,3.365355e+00,4.894703e+00,4.491266e+00,2.843312e+00,4.202157e+00,3.131930e+00,3.187541e+00,3.607288e+00,2.874441e+00,3.721504e+00,4.334287e+00,4.296337e+00,3.958774e+00,3.874386e+00,4.393277e+00,4.411129e+00,3.956678e+00,4.586539e+00,3.764635e+00,4.264884e+00,4.489367e+00,4.589106e+00,4.199753e+00,4.196292e+00,4.404682e+00,4.605840e+00,4.248505e+00,4.771771e+00,4.670520e+00,4.657099e+00,4.939519e+00,4.880440e+00,5.001123e+00,3.862645e+00,3.096438e+00,4.374385e+00,4.589729e+00,3.049059e+00,4.932400e+00,4.112526e+00,4.972484e+00,4.934504e+00,4.801564e+00,4.683321e+00,4.953944e+00,4.794184e+00,4.852062e+00,4.944423e+00,4.899140e+00,4.939601e+00,4.923154e+00,4.934606e+00,4.532927e+00,4.969081e+00,4.486066e+00,4.915254e+00,4.816466e+00,4.698739e+00,4.951370e+00,4.888934e+00,4.559964e+00,4.936881e+00,4.947788e+00,5.035677e+00,4.640225e+00,4.993275e+00,4.721152e+00,4.674850e+00,4.847424e+00,4.408668e+00,5.031247e+00,4.824997e+00,4.662841e+00,4.899906e+00,4.819635e+00,4.736840e+00,4.718480e+00,4.924123e+00,4.878216e+00,4.695426e+00
4.526253e+00,4.609488e+00,4.886811e+00,4.672545e+00,4.400810e+00,5.009380e+00,4.677363e+00,4.690248e+00,4.557296e+00,4.897681e+00,4.472164e+00,4.665001e+00,4.641870e+00,4.971911e+00,4.738247e+00,4.644449e+00,5.015764e+00,4.777680e+00,4.148799e+00,4.800206e+00,3.622948e+00,3.441475e+00,4.808846e+00,4.709616e+00,4.833311e+00,4.796965e+00,4.769950e+00,4.759609e+00,4.649201e+00,4.145551e+00,4.349872e+00,4.710004e+00,4.863159e+00,4.793792e+00,4.690880e+00,3.987278e+00,2.761258e+00,3.053940e+00,3.246696e+00,2.622420e+00,2.480381e+00,2.704073e+00,3.481863e+00,4.475779e+00,3.920339e+00,3.810789e+00,4.712612e+00,2.303769e+00,3.922101e+00,3.729331e+00,3.158360e+00,3.837435e+00,2.601932e+00,3.342692e+00,3.307511e+00,4.567647e+00,3.374631e+00,4.328312e+00,4.250935e+00,2.683228e+00,3.757102e+00,3.813219e+00,4.337120e+00,3.255667e+00,4.768153e+00,4.014047e+00,4.665339e+00,4.715487e+00,3.955071e+00,4.005465e+00,4.590646e+00,3.281556e+00,3.710376e+00,3.302823e+00,4.285440e+00,4.835013e+00,4.311738e+00,4.258871e+00,3.824968e+00,4.735674e+00,4.069499e+00,4.525476e+00,4.056662e+00,3.503586e+00,3.655703e+00,4.053837e+00,2.746875e+00,4.737729e+00,4.029741e+00,3.545510e+00,4.482433e+00,4.690307e+00,4.708387e+00,3.863646e+00,4.678972e+00,2.491379e+00,3.839834e+00,4.267872e+00,3.336658e+00,4.895676e+00,4.792407e+00,4.713312e+00,2.782351e+00,2.590238e+00,4.493285e+00,3.315350e+00,3.788898e+00,3.963336e+00,3.821594e+00,4.661269e+00,2.737329e+00,2.536008e+00,3.802644e+00,3.350444e+00,2.820068e+00,3.127265e+00,4.768322e+00,2.590844e+00,4.679676e+00,3.067490e+00,4.132138e+00,4.243583e+00,2.684847e+00,3.519448e+00,4.653085e+00,5.070018e+00,4.497508e+00,4.906420e+00,4.699844e+00,4.931832e+00,4.323008e+00,4.946820e+00,4.549737e+00,4.680026e+00,4.617300e+00,4.900347e+00,4.563767e+00,4.862362e+00,3.061449e+00,3.502427e+00,4.479550e+00,4.248155e+00,2.799937e+00,3.346728e+00,2.878238e+00,3.903241e+00,2.709241e+00,4.528902e+00,4.757424e+00,4.288014e+00,4.278392e+00,4.053437e+00,4.168624e+00,4.071581e+00,4.340402e+00,4.347963e+00,3.697175e+00,3.489090e+00,4.569660e+00,4.469482e+00,4.673055e+00,4.052073e+00,3.908865e+00,4.236951e+00,4.602606e+00,4.549572e+00,4.957574e+00,4.614797e+00,4.997571e+00,4.896524e+00,4.859255e+00,3.948923e+00,4.331106e+00,4.147078e+00,4.772624e+00,3.822634e+00,4.918591e+00,4.849205e+00,4.905240e+00,4.444381e+00,4.936753e+00,4.690662e+00,4.928873e+00,4.797454e+00,4.828955e+00,4.933400e+00,4.615609e+00,4.945241e+00,4.960818e+00,4.884986e+00,4.746048e+00,5.007458e+00,4.997119e+00,4.914216e+00,4.903489e+00,5.056437e+00,4.160150e+00,4.858678e+00,4.882264e+00,5.024830e+00,4.923972e+00,4.947364e+00,4.630641e+00,4.862803e+00,4.890051e+00,4.854505e+00,4.733793e+00,4.904923e+00,4.837604e+00,4.951628e+00,4.652041e+00,4.890559e+00,4.752475e+00,4.702476e+00,4.823881e+00
4.437623e+00,4.799512e+00,4.723152e+00,4.743411e+00,4.457758e+00,4.796318e+00,4.901435e+00,4.356028e+00,4.933842e+00,4.773539e+00,4.816226e+00,4.271113e+00,4.722283e+00,4.831356e+00,4.733460e+00,4.674757e+00,4.937177e+00,4.720876e+00,4.957203e+00,4.125773e+00,3.497863e+00,3.683072e+00,4.330483e+00,4.928291e+00,3.307913e+00,4.631936e+00,4.612517e+00,3.823952e+00,4.492489e+00,4.765558e+00,5.023906e+00,4.851447e+00,4.434057e+00,4.076755e+00,4.237447e+00,2.895923e+00,3.151381e+00,5.197675e+00,3.062598e+00,3.492387e+00,4.219396e+00,2.732975e+00,4.273809e+00,3.675496e+00,4.477123e+00,3.548288e+00,3.211749e+00,4.532306e+00,3.726139e+00,4.018395e+00,2.439694e+00,2.310755e+00,3.185857e+00,4.277976e+00,3.504278e+00,3.997444e+00,3.552507e+00,4.536884e+00,4.193019e+00,3.468653e+00,3.916988e+00,3.984456e+00,3.054717e+00,4.491713e+00,4.314264e+00,4.091140e+00,4.425935e+00,4.496374e+00,3.756379e+00,4.331030e+00,2.545971e+00,4.025792e+00,2.425624e+00,3.520692e+00,3.853077e+00,4.764360e+00,4.307393e+00,3.030749e+00,4.121607e+00,2.585698e+00,2.496263e+00,4.092278e+00,4.627246e+00,3.365340e+00,4.559849e+00,2.861286e+00,3.261255e+00,4.068083e+00,3.034098e+00,3.700953e+00,4.373697e+00,3.696138e+00,4.343099e+00,3.211450e+00,4.076408e+00,3.941091e+00,4.664589e+00,4.499691e+00,4.425119e+00,4.651793e+00,4.674707e+00,3.822442e+00,3.394265e+00,2.503383e+00,3.289571e+00,2.500998e+00,3.196505e+00,3.147995e+00,3.153448e+00,3.295116e+00,2.768524e+00,3.957284e+00,2.790253e+00,3.501270e+00,2.921952e+00,3.949431e+00,3.221343e+00,4.309281e+00,4.705175e+00,2.790173e+00,2.702703e+00,3.868655e+00,2.688891e+00,3.299004e+00,4.309755e+00,4.905328e+00,4.834848e+00,4.930942e+00,4.866275e+00,4.365154e+00,4.643789e+00,4.873787e+00,4.571315e+00,5.001036e+00,4.807012e+00,4.151620e+00,5.013385e+00,4.584857e+00,3.495823e+00,3.324755e+00,2.459379e+00,2.856594e+00,4.021926e+00,4.495845e+00,4.624242e+00,4.580415e+00,3.456516e+00,4.119725e+00,2.954977e+00,4.424173e+00,4.624520e+00,3.107537e+00,3.961173e+00,4.035113e+00,4.044634e+00,3.793662e+00,4.483233e+00,3.012563e+00,4.123764e+00,4.528411e+00,3.996689e+00,4.708167e+00,4.743597e+00,4.028767e+00,4.540034e+00,4.634428e+00,4.730359e+00,4.879781e+00,5.002746e+00,4.788551e+00,4.107426e+00,4.658499e+00,4.542069e+00,3.392759e+00,4.592991e+00,4.467419e+00,4.711538e+00,4.735909e+00,4.579594e+00,4.871510e+00,4.919309e+00,4.766568e+00,4.799403e+00,4.822403e+00,4.544519e+00,4.858251e+00,4.859380e+00,4.831123e+00,4.724843e+00,4.875956e+00,4.887177e+00,4.922151e+00,4.951720e+00,4.807698e+00,4.523934e+00,4.423837e+00,4.858198e+00,4.757417e+00,4.916997e+00,4.604482e+00,4.868182e+00,4.907807e+00,4.896367e+00,4.937154e+00,4.828395e+00,4.684602e+00,4.864089e+00,4.603048e+00,4.939842e+00,4.855396e+00,4.758237e+00,4.570894e+00,4.897703e+00,4.890499e+00,4.829419e+00
4.522290e+00,4.839258e+00,4.792601e+00,4.585355e+00,4.811304e+00,5.019404e+00,4.791208e+00,4.832378e+00,4.989824e+00,4.605745e+00,4.710026e+00,4.948433e+00,4.940548e+00,5.059187e+00,4.857339e+00,4.792276e+00,5.029213e+00,4.869805e+00,4.496940e+00,4.538031e+00,4.086519e+00,4.421141e+00,4.942816e+00,4.919481e+00,4.811867e+00,4.696770e+00,4.607118e+00,2.656028e+00,4.599122e+00,4.945405e+00,4.804222e+00,4.644593e+00,4.828100e+00,4.674447e+00,3.107572e+00,4.749736e+00,3.865700e+00,3.770179e+00,3.183537e+00,5.555909e+00,2.996868e+00,3.755128e+00,3.154989e+00,2.529246e+00,2.809972e+00,3.704576e+00,2.911560e+00,4.239139e+00,4.695933e+00,2.772388e+00,3.767605e+00,3.618771e+00,4.407705e+00,2.649393e+00,4.082659e+00,3.823738e+00,2.371415e+00,3.898937e+00,2.613972e+00,3.422501e+00,3.755849e+00,3.240892e+00,3.055215e+00,2.746289e+00,4.351867e+00,3.517181e+00,4.446470e+00,4.300652e+00,4.262114e+00,2.830518e+00,2.735234e+00,3.166759e+00,3.652330e+00,4.310347e+00,4.340220e+00,4.770197e+00,4.316875e+00,3.057948e+00,4.719591e+00,2.953907e+00,3.364000e+00,3.792631e+00,3.643563e+00,2.646383e+00,4.779144e+00,4.638814e+00,3.694277e+00,4.394437e+00,2.864577e+00,3.626838e+00,4.684313e+00,4.124608e+00,3.415954e+00,4.019858e+00,3.665783e+00,4.322938e+00,3.286708e+00,4.425860e+00,3.335250e+00,4.394902e+00,4.422790e+00,3.101834e+00,2.593787e+00,3.662456e+00,2.756999e+00,2.921560e+00,3.238785e+00,3.950249e+00,2.687880e+00,4.132406e+00,2.927149e+00,2.702721e+00,3.292598e+00,3.056838e+00,3.213711e+00,4.032532e+00,4.658095e+00,3.735966e+00,2.678904e+00,2.878297e+00,2.712751e+00,2.731104e+00,3.395060e+00,3.356003e+00,2.893202e+00,4.836669e+00,4.935111e+00,4.964510e+00,3.680056e+00,4.006354e+00,4.775292e+00,3.878906e+00,4.960714e+00,4.561214e+00,4.694234e+00,4.841502e+00,4.593682e+00,4.756315e+00,4.992469e+00,2.722087e+00,3.775718e+00,4.691804e+00,4.623246e+00,2.869591e+00,4.630777e+00,3.971110e+00,3.771691e+00,4.126249e+00,3.881855e+00,3.908241e+00,4.490860e+00,3.361431e+00,3.595573e+00,4.097017e+00,4.086173e+00,4.785774e+00,3.883690e+00,4.033108e+00,4.794309e+00,4.439524e+00,4.738922e+00,4.611979e+00,4.424590e+00,4.623250e+00,4.392533e+00,4.473166e+00,4.636219e+00,4.617295e+00,4.850091e+00,4.802260e+00,4.984771e+00,4.382517e+00,2.801977e+00,4.269948e+00,2.434851e+00,4.112537e+00,4.896118e+00,4.700741e+00,4.725778e+00,4.986533e+00,4.667339e+00,4.883659e+00,4.800562e+00,4.815433e+00,4.838982e+00,4.896538e+00,4.761418e+00,4.744556e+00,4.864710e+00,4.980253e+00,5.028259e+00,4.285069e+00,4.488908e+00,4.904985e+00,4.929202e+00,4.938865e+00,4.890188e+00,4.642045e+00,4.641607e+00,4.858570e+00,5.037078e+00,4.621897e+00,5.043650e+00,4.877641e+00,4.949805e+00,4.880159e+00,5.006251e+00,4.763315e+00,4.893193e+00,4.864848e+00,4.384409e+00,4.745591e+00,4.959652e+00,4.779586e+00,4.585088e+00
4.728025e+00,4.766198e+00,4.587330e+00,4.850606e+00,4.901504e+00,4.502717e+00,4.854343e+00,4.740384e+00,4.857504e+00,4.865017e+00,4.912477e+00,4.651282e+00,4.474640e+00,4.948022e+00,4.875764e+00,4.850259e+00,4.713072e+00,4.789662e+00,4.701755e+00,4.675596e+00,4.265331e+00,4.838744e+00,4.875669e+00,4.903561e+00,4.819852e+00,4.563769e+00,4.580191e+00,4.690090e+00,4.954402e+00,4.769660e+00,4.639874e+00,4.496318e+00,3.326265e+00,4.134141e+00,3.154864e+00,5.614685e+00,5.016442e+00,4.244792e+00,3.078191e+00,3.261001e+00,3.643669e+00,3.092982e+00,3.151454e+00,4.194177e+00,4.222003e+00,2.210051e+00,3.061480e+00,4.350532e+00,3.555304e+00,4.274576e+00,4.011195e+00,4.688681e+00,3.989536e+00,2.608349e+00,3.170372e+00,3.689813e+00,3.328287e+00,4.605503e+00,4.122323e+00,4.054364e+00,3.108166e+00,4.297317e+00,3.857293e+00,4.580641e+00,3.763736e+00,4.494313e+00,4.569150e+00,3.836746e+00,4.030142e+00,4.375732e+00,3.210344e+00,4.471148e+00,4.262424e+00,4.010189e+00,4.317686e+00,3.087976e+00,2.954769e+00,4.539190e+00,4.637068e+00,3.601176e+00,3.246555e+00,3.412581e+00,4.313366e+00,3.923497e+00,3.989295e+00,2.960578e+00,3.918057e+00,4.520604e+00,3.492796e+00,3.267741e+00,3.478050e+00,3.974961e+00,4.616877e+00,4.246848e+00,4.751341e+00,4.479731e+00,4.307741e+00,4.312516e+00,4.700832e+00,4.382234e+00,4.684030e+00,2.735467e+00,2.991369e+00,3.592672e+00,3.581272e+00,4.653052e+00,3.395430e+00,3.869076e+00,3.242617e+00,2.654401e+00,2.896597e+00,4.579586e+00,2.516540e+00,4.599785e+00,3.981019e+00,2.774508e+00,3.608235e+00,3.081837e+00,2.928295e+00,3.126333e+00,3.038205e+00,3.039147e+00,4.055669e+00,3.165727e+00,4.394664e+00,3.345599e+00,4.872819e+00,4.983790e+00,4.406897e+00,4.746057e+00,4.748464e+00,4.804750e+00,3.553380e+00,4.781730e+00,4.577354e+00,4.207657e+00,4.894084e+00,4.854902e+00,2.962950e+00,2.960845e+00,2.729083e+00,2.819180e+00,3.871571e+00,3.232091e+00,4.448525e+00,3.522947e+00,4.023687e+00,4.107945e+00,3.548106e+00,3.996599e+00,3.970887e+00,3.523124e+00,3.415903e+00,4.143923e+00,4.080760e+00,3.886898e+00,4.409822e+00,3.948158e+00,3.536576e+00,3.533744e+00,4.514403e+00,4.680609e+00,3.823423e+00,4.386182e+00,4.524664e+00,4.436734e+00,4.486077e+00,4.459052e+00,4.831998e+00,4.920967e+00,4.890847e+00,4.947486e+00,3.188375e+00,3.712120e+00,3.868111e+00,4.209139e+00,4.911509e+00,4.454543e+00,4.932178e+00,4.858468e+00,4.888214e+00,4.869040e+00,4.885748e+00,4.633809e+00,4.830730e+00,4.811509e+00,4.518229e+00,4.971792e+00,4.867355e+00,4.838565e+00,4.699419e+00,4.409496e+00,4.676424e+00,4.877150e+00,4.887495e+00,4.926980e+00,4.961340e+00,4.969805e+00,4.883531e+00,4.581236e+00,4.767425e+00,4.915764e+00,4.599052e+00,4.922102e+00,5.060287e+00,5.036521e+00,4.894237e+00,4.636670e+00,4.983958e+00,4.852871e+00,4.626146e+00,4.922207e+00,4.870738e+00,4.752532e+00,4.831955e+00
4.850897e+00,4.671729e+00,4.910963e+00,4.844257e+00,4.953592e+00,4.880402e+00,4.884777e+00,4.292226e+00,4.737674e+00,4.813715e+00,4.563704e+00,4.806676e+00,4.789101e+00,4.822213e+00,4.879199e+00,4.931041e+00,4.831756e+00,4.588475e+00,4.710058e+00,3.809862e+00,4.531053e+00,4.923295e+00,4.408909e+00,4.577002e+00,4.720818e+00,3.671768e+00,4.898602e+00,4.701857e+00,5.089439e+00,4.764694e+00,4.601094e+00,4.658744e+00,3.010384e+00,4.076709e+00,3.775428e+00,2.972366e+00,3.835971e+00,3.404617e+00,3.538100e+00,2.938439e+00,4.034714e+00,4.052176e+00,2.988202e+00,4.348484e+00,2.880297e+00,3.719756e+00,2.817844e+00,3.788975e+00,3.479658e+00,4.406347e+00,2.787009e+00,2.680984e+00,3.983919e+00,4.559043e+00,4.610967e+00,3.427727e+00,4.163625e+00,4.256751e+00,2.872166e+00,4.597059e+00,3.755258e+00,3.737770e+00,3.668746e+00,4.665589e+00,4.325646e+00,3.128595e+00,3.475567e+00,4.773113e+00,3.047647e+00,4.429835e+00,2.753565e+00,2.833175e+00,4.074471e+00,4.807692e+00,4.429895e+00,4.083048e+00,4.591853e+00,3.006883e+00,4.097769e+00,3.849862e+00,4.338797e+00,4.383408e+00,3.695250e+00,2.963113e+00,3.375081e+00,3.905487e+00,3.905159e+00,4.749601e+00,4.161320e+00,3.174289e+00,3.021696e+00,3.927511e+00,4.794009e+00,4.796027e+00,4.175466e+00,4.392080e+00,4.574631e+00,4.478497e+00,4.423837e+00,3.936398e+00,3.618527e+00,3.484811e+00,3.397969e+00,3.970040e+00,4.186548e+00,4.500887e+00,4.378145e+00,4.001824e+00,4.513403e+00,4.229369e+00,3.967813e+00,3.640658e+00,3.857358e+00,2.766855e+00,4.188330e+00,4.524720e+00,4.352088e+00,3.218536e+00,4.219392e+00,3.045491e+00,3.370495e+00,3.877329e+00,3.971500e+00,3.552494e+00,2.802700e+00,4.807039e+00,4.834486e+00,4.505732e+00,4.914682e+00,4.760410e+00,4.599363e+00,4.637770e+00,4.911057e+00,3.989628e+00,4.864384e+00,4.952852e+00,4.108240e+00,4.765221e+00,3.305815e+00,3.584307e+00,3.668737e+00,4.674840e+00,4.106218e+00,4.802155e+00,4.069098e+00,3.223015e+00,4.099181e+00,3.428007e+00,2.817963e+00,4.317752e+00,4.630365e+00,4.757975e+00,3.891916e+00,4.603969e+00,4.835762e+00,4.157450e+00,4.614708e+00,3.493816e+00,3.340599e+00,4.802290e+00,3.400614e+00,4.338555e+00,4.745128e+00,4.358292e+00,4.727336e+00,4.351159e+00,4.036698e+00,4.188863e+00,4.535889e+00,4.881867e+00,4.871441e+00,5.000654e+00,4.845502e+00,4.025059e+00,4.227280e+00,3.085127e+00,4.068379e+00,4.752621e+00,4.212129e+00,4.523792e+00,4.985461e+00,4.892317e+00,4.704742e+00,4.928477e+00,4.973690e+00,4.890989e+00,5.011492e+00,4.686667e+00,4.875463e+00,4.970103e+00,4.882925e+00,4.930990e+00,4.892794e+00,4.782900e+00,4.975150e+00,4.673935e+00,4.825125e+00,4.833886e+00,4.913103e+00,4.678611e+00,4.890989e+00,4.807329e+00,4.936535e+00,4.884714e+00,4.642226e+00,4.930354e+00,4.982703e+00,4.810858e+00,4.843052e+00,4.829625e+00,4.824982e+00,4.861913e+00,4.665771e+00,4.979022e+00,5.008143e+00
4.625623e+00,4.802277e+00,4.680418e+00,4.575561e+00,4.424927e+00,4.858521e+00,4.838804e+00,4.886593e+00,4.891789e+00,4.730611e+00,4.796471e+00,4.584952e+00,4.564455e+00,4.970059e+00,4.421617e+00,5.005063e+00,4.743348e+00,4.276664e+00,4.846825e+00,4.886361e+00,4.870877e+00,4.176817e+00,4.753781e+00,4.828270e+00,4.196746e+00,4.965467e+00,4.614017e+00,4.848357e+00,4.848860e+00,4.928225e+00,4.234085e+00,3.115270e+00,2.869423e+00,3.317719e+00,5.649618e+00,5.059263e+00,3.609630e+00,4.989854e+00,3.073051e+00,2.693817e+00,2.607226e+00,3.753620e+00,4.776872e+00,4.788184e+00,2.713799e+00,4.022314e+00,4.348332e+00,3.097659e+00,4.250552e+00,4.262760e+00,4.024275e+00,4.667038e+00,4.022637e+00,4.275938e+00,3.663760e+00,3.201970e+00,4.498711e+00,4.150923e+00,4.083448e+00,3.856753e+00,3.447833e+00,4.311793e+00,4.348042e+00,2.956281e+00,3.467753e+00,4.319691e+00,4.314532e+00,4.404053e+00,3.497097e+00,3.274618e+00,4.548108e+00,4.158221e+00,4.199287e+00,4.690769e+00,4.548844e+00,3.595172e+00,3.125271e+00,2.832674e+00,4.721887e+00,3.296967e+00,3.737526e+00,2.858596e+00,4.552417e+00,3.567929e+00,3.746311e+00,2.887719e+00,3.513091e+00,3.190808e+00,3.207730e+00,3.791723e+00,4.233929e+00,2.787818e+00,3.261294e+00,4.511682e+00,3.935032e+00,3.805712e+00,4.267455e+00,3.292779e+00,4.163335e+00,4.108606e+00,3.418725e+00,4.626164e+00,3.784795e+00,4.340882e+00,4.143999e+00,3.246358e+00,4.786163e+00,4.661847e+00,4.450550e+00,3.280792e+00,3.040931e+00,3.225904e+00,4.547140e+00,2.812478e+00,4.860996e+00,3.718117e+00,3.916216e+00,2.684863e+00,4.169239e+00,3.135508e+00,2.794528e+00,2.775341e+00,2.745765e+00,3.100050e+00,2.839269e+00,4.288852e+00,4.922697e+00,4.745144e+00,4.734312e+00,4.405017e+00,4.024212e+00,4.887933e+00,4.759783e+00,3.309284e+00,3.954801e+00,4.440997e+00,4.907945e+00,3.407592e+00,3.053668e+00,3.061110e+00,4.573577e+00,3.158864e+00,4.263234e+00,3.912385e+00,4.716068e+00,4.601473e+00,3.854547e+00,4.327840e+00,4.369371e+00,3.526607e+00,3.367589e+00,4.543595e+00,4.795115e+00,4.676878e+00,4.599129e+00,4.360168e+00,4.115690e+00,4.659643e+00,4.098683e+00,4.423517e+00,4.016428e+00,3.367331e+00,4.719924e+00,3.975009e+00,3.590716e+00,4.515810e+00,4.525367e+00,4.721335e+00,4.549267e+00,4.738261e+00,4.693165e+00,4.837316e+00,4.518881e+00,4.877247e+00,4.866185e+00,3.763560e+00,3.243322e+00,4.239149e+00,4.358977e+00,4.248127e+00,4.855271e+00,4.950393e+00,4.797567e+00,4.658947e+00,4.768793e+00,4.764691e+00,4.944092e+00,4.727361e+00,4.766929e+00,4.927079e+00,4.802703e+00,4.900094e+00,4.929321e+00,4.996782e+00,4.936584e+00,4.788233e+00,4.626504e+00,4.559051e+00,4.847435e+00,4.903177e+00,4.638114e+00,4.908942e+00,4.853975e+00,4.879247e+00,4.489227e+00,4.934900e+00,4.862722e+00,4.633590e+00,4.711180e+00,4.914457e+00,4.955512e+00,4.783474e+00,4.822252e+00,4.869525e+00,4.726273e+00
4.529487e+00,4.865430e+00,4.703878e+00,4.795219e+00,4.406738e+00,4.736011e+00,4.853396e+00,4.590616e+00,4.830071e+00,4.959726e+00,4.553171e+00,4.969803e+00,4.736505e+00,4.734192e+00,4.898837e+00,4.650950e+00,4.889907e+00,4.806251e+00,3.463591e+00,4.608001e+00,4.985837e+00,4.893960e+00,4.347705e+00,4.757287e+00,4.447410e+00,4.672174e+00,4.781295e+00,4.938164e+00,4.663443e+00,4.332857e+00,4.151117e+00,4.189795e+00,5.154086e+00,4.165819e+00,4.362025e+00,2.880849e+00,3.369561e+00,2.805501e+00,2.674824e+00,4.035339e+00,2.981848e+00,4.169599e+00,2.636774e+00,3.390802e+00,2.728756e+00,4.576953e+00,2.762073e+00,4.699305e+00,3.073717e+00,4.199090e+00,3.659523e+00,4.003270e+00,3.105651e+00,3.580270e+00,3.047585e+00,4.057403e+00,3.698974e+00,4.289144e+00,4.065365e+00,4.126798e+00,4.354751e+00,4.275701e+00,4.348558e+00,2.863191e+00,4.189851e+00,3.294679e+00,3.356549e+00,3.818271e+00,4.609963e+00,4.387881e+00,4.631075e+00,3.848229e+00,3.148210e+00,4.542827e+00,3.393831e+00,4.561617e+00,2.685742e+00,4.728314e+00,4.187814e+00,3.065170e+00,2.342650e+00,4.443608e+00,2.922207e+00,4.033135e+00,4.333742e+00,3.931310e+00,4.080888e+00,4.215465e+00,4.002630e+00,3.653401e+00,4.400960e+00,4.440167e+00,4.482311e+00,3.035734e+00,4.702339e+00,4.213388e+00,3.690841e+00,3.971555e+00,4.176725e+00,2.805766e+00,4.728789e+00,2.781493e+00,2.746795e+00,4.334278e+00,3.102626e+00,3.355317e+00,3.739909e+00,2.748875e+00,3.567319e+00,3.143892e+00,4.351814e+00,4.578707e+00,3.309840e+00,3.149486e+00,3.042598e+00,4.362996e+00,4.215261e+00,3.526364e+00,4.481450e+00,2.653987e+00,3.303461e+00,2.900790e+00,3.994288e+00,3.769215e+00,3.209043e+00,4.589845e+00,4.889007e+00,4.409681e+00,4.969195e+00,3.167049e+00,3.046370e+00,3.749906e+00,4.174103e+00,4.760285e+00,3.910254e+00,2.765132e+00,3.768497e+00,3.188480e+00,3.127167e+00,4.320454e+00,4.070881e+00,2.901438e+00,3.912355e+00,4.380537e+00,4.107580e+00,4.740990e+00,4.647338e+00,4.588488e+00,3.421506e+00,4.488342e+00,3.433376e+00,3.048238e+00,4.772811e+00,3.496728e+00,4.249805e+00,4.531119e+00,3.165659e+00,3.914113e+00,3.938436e+00,4.631723e+00,4.543837e+00,4.131259e+00,4.226965e+00,3.634714e+00,4.186056e+00,4.572867e+00,4.492787e+00,4.501697e+00,4.520281e+00,4.363139e+00,4.561397e+00,4.610381e+00,4.934291e+00,4.676109e+00,4.611393e+00,3.433511e+00,4.380027e+00,3.981930e+00,4.807408e+00,4.740751e+00,4.885407e+00,4.054226e+00,4.592261e+00,4.903451e+00,4.829040e+00,4.913878e+00,4.896404e+00,4.849099e+00,4.907852e+00,4.992101e+00,4.733023e+00,4.866570e+00,4.925519e+00,4.654810e+00,4.654790e+00,4.925168e+00,4.649611e+00,4.976504e+00,4.583506e+00,4.823613e+00,4.672747e+00,4.843739e+00,4.623476e+00,4.859817e+00,4.929684e+00,4.918234e+00,4.885069e+00,4.798810e+00,4.745715e+00,4.873821e+00,4.869009e+00,4.970244e+00,4.895014e+00,4.942561e+00,4.753765e+00
4.523364e+00,4.897947e+00,4.760952e+00,4.958671e+00,4.515793e+00,4.876298e+00,4.813733e+00,4.852395e+00,4.402232e+00,4.873215e+00,4.750283e+00,4.800284e+00,4.690300e+00,4.936961e+00,4.772283e+00,4.815482e+00,4.650082e+00,4.715920e+00,4.828890e+00,4.990866e+00,4.346542e+00,4.716821e+00,4.195682e+00,4.150465e+00,4.725366e+00,4.910526e+00,4.751555e+00,4.562397e+00,4.624835e+00,3.788438e+00,3.529115e+00,3.578700e+00,4.124530e+00,4.124427e+00,4.133392e+00,3.593323e+00,2.611702e+00,3.176285e+00,4.612764e+00,3.997173e+00,3.297736e+00,4.453166e+00,4.446472e+00,3.763378e+00,3.265988e+00,2.881271e+00,3.733593e+00,3.254742e+00,3.864056e+00,3.319155e+00,4.214898e+00,4.251742e+00,3.981527e+00,4.268760e+00,3.121828e+00,3.755922e+00,4.421567e+00,4.637739e+00,3.099216e+00,3.794053e+00,2.619630e+00,3.856141e+00,3.811634e+00,3.889626e+00,4.384442e+00,3.747837e+00,4.577525e+00,3.922692e+00,3.749394e+00,4.691644e+00,4.456808e+00,3.367593e+00,4.016911e+00,4.952882e+00,2.712950e+00,4.685731e+00,3.248557e+00,4.441468e+00,3.371115e+00,3.624260e+00,3.080877e+00,3.946595e+00,3.216262e+00,4.448503e+00,4.153819e+00,4.563838e+00,4.600475e+00,2.986522e+00,3.702055e+00,2.892860e+00,2.962746e+00,4.658574e+00,2.779785e+00,2.770246e+00,2.951594e+00,3.791449e+00,4.687275e+00,3.548868e+00,4.285487e+00,3.830671e+00,3.354638e+00,4.557426e+00,3.292671e+00,2.866233e+00,4.086871e+00,4.485590e+00,3.931611e+00,3.702877e+00,3.185040e+00,2.939898e+00,4.141750e+00,4.259474e+00,4.235788e+00,2.989251e+00,3.153197e+00,3.043364e+00,4.844678e+00,2.890949e+00,4.252940e+00,4.240765e+00,2.599448e+00,3.829242e+00,3.460131e+00,3.852414e+00,3.617577e+00,4.612273e+00,4.742172e+00,4.745002e+00,3.803868e+00,4.315176e+00,4.697100e+00,3.933828e+00,3.852717e+00,2.735963e+00,4.794679e+00,4.231924e+00,3.174912e+00,3.170056e+00,3.589686e+00,3.291907e+00,2.722285e+00,3.302461e+00,3.725648e+00,4.104225e+00,4.865372e+00,4.704976e+00,4.287309e+00,4.475551e+00,4.761088e+00,4.789076e+00,4.586689e+00,4.002309e+00,4.264871e+00,3.541547e+00,4.190066e+00,4.250808e+00,3.125324e+00,4.227618e+00,5.044148e+00,4.962618e+00,4.956126e+00,3.238121e+00,4.099446e+00,4.640625e+00,4.786044e+00,4.075795e+00,4.538873e+00,4.652211e+00,4.598516e+00,4.391190e+00,4.059095e+00,4.780017e+00,4.775067e+00,4.941086e+00,4.986133e+00,4.217453e+00,2.881910e+00,3.541143e+00,4.478803e+00,4.969149e+00,4.015600e+00,4.674088e+00,4.681944e+00,4.790661e+00,4.896215e+00,4.871926e+00,4.889815e+00,4.768363e+00,4.414927e+00,4.958590e+00,4.875945e+00,4.815379e+00,4.712075e+00,4.583972e+00,5.021290e+00,4.415028e+00,5.016849e+00,4.933111e+00,4.675755e+00,4.993569e+00,4.840450e+00,4.843544e+00,4.680835e+00,4.794306e+00,4.731384e+00,4.742246e+00,4.727257e+00,4.857239e+00,4.976377e+00,4.838712e+00,4.873832e+00,4.861572e+00,4.574702e+00,4.964969e+00,4.686727e+00
4.746893e+00,4.842970e+00,4.709958e+00,4.827070e+00,4.166592e+00,4.366569e+00,4.841614e+00,4.840192e+00,4.995348e+00,4.868595e+00,4.632764e+00,4.790010e+00,4.883802e+00,4.614236e+00,4.438680e+00,4.806066e+00,4.938468e+00,4.831267e+00,4.920380e+00,4.839635e+00,4.402640e+00,4.545909e+00,4.382898e+00,4.374403e+00,4.829488e+00,4.398627e+00,4.599184e+00,4.809525e+00,3.638383e+00,3.420147e+00,4.095888e+00,9.337940e+00,9.555669e+00,3.549330e+00,4.870222e+00,3.199169e+00,2.748729e+00,2.837421e+00,4.565873e+00,3.019666e+00,3.344178e+00,4.854287e+00,3.485811e+00,4.398850e+00,3.907996e+00,4.829890e+00,4.362005e+00,3.895662e+00,3.354637e+00,3.387858e+00,4.228433e+00,4.373795e+00,2.541439e+00,3.742535e+00,4.025161e+00,3.261115e+00,4.724265e+00,3.370888e+00,3.941947e+00,4.593563e+00,4.209004e+00,2.817178e+00,3.276512e+00,3.957926e+00,3.737883e+00,4.828231e+00,3.995989e+00,3.968710e+00,4.473239e+00,4.600800e+00,4.062724e+00,3.898002e+00,3.742527e+00,4.663077e+00,4.168202e+00,4.163025e+00,3.900597e+00,4.432483e+00,4.488782e+00,4.386854e+00,4.704423e+00,4.723749e+00,3.360769e+00,4.149054e+00,4.566502e+00,3.433259e+00,4.365618e+00,3.281839e+00,4.186624e+00,4.476723e+00,4.244819e+00,4.703188e+00,3.637093e+00,4.624397e+00,3.781488e+00,3.726674e+00,4.152651e+00,4.611462e+00,3.963271e+00,3.352902e+00,3.229910e+00,4.179419e+00,4.761748e+00,3.761714e+00,4.592616e+00,3.739442e+00,2.766129e+00,4.429356e+00,2.514430e+00,3.513526e+00,4.404865e+00,3.135161e+00,3.066066e+00,4.146654e+00,3.321979e+00,4.196719e+00,3.713712e+00,2.925375e+00,3.137105e+00,4.234850e+00,3.475538e+00,2.881226e+00,4.479943e+00,3.227121e+00,3.565840e+00,4.700096e+00,4.697806e+00,5.059874e+00,4.855256e+00,3.700442e+00,3.174371e+00,3.625868e+00,4.002346e+00,4.525152e+00,3.909566e+00,4.390528e+00,4.073366e+00,2.864518e+00,4.413067e+00,4.536258e+00,4.374613e+00,3.391606e+00,4.154211e+00,3.999749e+00,4.092909e+00,3.316999e+00,4.509258e+00,3.804511e+00,3.943833e+00,3.407232e+00,3.612640e+00,3.480419e+00,4.625419e+00,4.563249e+00,4.079900e+00,4.579224e+00,4.658046e+00,4.660596e+00,4.791103e+00,4.897875e+00,4.702111e+00,4.240177e+00,4.170140e+00,4.371440e+00,4.588168e+00,4.778716e+00,4.530025e+00,4.528157e+00,4.460525e+00,4.723507e+00,4.679159e+00,4.800766e+00,4.339107e+00,5.051845e+00,4.669934e+00,4.772205e+00,4.080767e+00,3.146879e+00,2.899561e+00,4.567946e+00,4.983136e+00,4.549442e+00,4.793190e+00,4.876924e+00,4.741220e+00,4.930977e+00,4.374377e+00,4.836303e+00,4.243054e+00,4.835835e+00,4.737859e+00,4.752345e+00,4.926661e+00,4.879185e+00,5.033769e+00,4.864222e+00,4.953200e+00,4.952992e+00,4.681100e+00,4.752209e+00,4.863587e+00,4.833541e+00,4.915978e+00,4.831000e+00,4.863637e+00,4.985233e+00,4.741547e+00,4.857831e+00,4.946511e+00,4.245103e+00,4.681767e+00,4.403015e+00,4.843137e+00,4.831502e+00,4.899188e+00
4.949137e+00,4.787273e+00,5.082689e+00,4.738728e+00,4.864083e+00,4.857374e+00,4.532587e+00,4.953736e+00,4.913044e+00,4.994075e+00,4.741936e+00,4.727885e+00,4.783021e+00,5.010787e+00,4.515958e+00,4.888552e+00,4.724160e+00,4.940448e+00,4.967246e+00,4.729778e+00,4.764174e+00,4.368705e+00,4.625323e+00,4.948044e+00,4.921128e+00,5.007094e+00,4.137069e+00,3.127626e+00,2.828669e+00,3.013734e+00,3.839103e+00,4.263024e+00,4.095969e+00,3.585582e+00,6.612390e+00,4.735370e+00,2.826531e+00,3.048379e+00,2.604781e+00,3.489893e+00,4.438673e+00,2.584188e+00,3.784033e+00,3.743329e+00,4.303762e+00,4.211172e+00,3.430218e+00,4.423381e+00,4.324579e+00,3.911858e+00,2.624910e+00,3.489717e+00,3.725011e+00,4.399258e+00,4.674317e+00,4.369503e+00,4.654487e+00,4.745392e+00,3.475812e+00,2.842416e+00,4.357363e+00,2.858118e+00,4.275287e+00,3.176474e+00,3.519193e+00,3.856435e+00,2.794872e+00,3.992278e+00,2.951541e+00,4.765243e+00,2.719641e+00,4.207372e+00,3.930195e+00,4.661911e+00,3.135988e+00,4.683238e+00,4.540792e+00,3.798097e+00,3.066258e+00,4.101761e+00,4.391149e+00,4.473499e+00,4.649538e+00,3.876103e+00,3.861958e+00,4.297095e+00,4.440627e+00,4.447599e+00,4.259015e+00,4.223729e+00,4.370426e+00,4.308518e+00,4.728931e+00,4.324339e+00,3.540470e+00,2.985836e+00,4.082063e+00,3.235803e+00,3.543686e+00,4.573743e+00,3.413216e+00,4.546605e+00,4.679520e+00,3.532968e+00,3.751109e+00,3.733932e+00,3.016899e+00,3.843602e+00,4.454291e+00,4.144938e+00,3.747831e+00,4.002312e+00,3.693624e+00,4.528964e+00,3.130930e+00,3.326399e+00,2.754977e+00,4.888847e+00,3.199008e+00,3.064385e+00,3.569168e+00,4.217758e+00,4.082966e+00,3.037094e+00,3.607922e+00,4.291254e+00,4.818434e+00,4.376439e+00,4.722437e+00,4.509200e+00,4.369366e+00,4.368664e+00,3.519187e+00,2.691831e+00,4.573773e+00,4.202731e+00,4.217561e+00,4.779816e+00,2.765589e+00,4.733010e+00,4.131071e+00,4.368419e+00,2.937596e+00,4.603851e+00,3.379251e+00,4.448409e+00,4.455752e+00,3.630973e+00,4.486889e+00,3.739238e+00,3.589457e+00,3.029939e+00,3.260862e+00,4.417019e+00,3.782049e+00,3.888202e+00,4.340807e+00,4.953925e+00,4.793890e+00,4.291874e+00,4.609405e+00,4.499204e+00,2.836617e+00,4.132667e+00,4.291203e+00,3.923091e+00,4.313312e+00,4.513622e+00,3.608804e+00,3.883567e+00,4.348512e+00,4.824058e+00,4.756248e+00,4.775512e+00,4.865029e+00,4.268336e+00,4.692534e+00,4.585153e+00,3.272899e+00,3.571254e+00,4.727859e+00,4.521818e+00,4.746992e+00,5.047913e+00,4.897912e+00,4.935935e+00,4.618253e+00,4.855127e+00,4.874691e+00,4.718104e+00,4.803467e+00,4.975351e+00,4.818937e+00,4.614157e+00,4.869739e+00,4.546991e+00,4.930022e+00,4.676110e+00,4.579181e+00,4.904869e+00,4.714856e+00,4.843966e+00,4.756371e+00,4.932045e+00,4.841676e+00,4.565918e+00,4.811816e+00,4.444761e+00,4.632147e+00,4.959891e+00,4.683252e+00,4.843971e+00,4.815074e+00,4.634928e+00,4.575028e+00
4.848438e+00,4.790865e+00,4.863893e+00,4.457456e+00,4.260133e+00,4.768862e+00,4.911674e+00,4.898815e+00,4.711033e+00,4.604955e+00,4.812312e+00,4.995200e+00,4.821572e+00,4.801991e+00,4.954378e+00,4.943422e+00,4.628315e+00,4.624051e+00,4.211260e+00,4.365618e+00,4.358475e+00,2.890699e+00,4.804971e+00,4.803080e+00,4.946065e+00,4.879327e+00,4.024818e+00,4.001799e+00,3.589944e+00,2.680496e+00,8.994852e+00,5.622336e+00,4.055833e+00,2.459631e+00,4.474114e+00,2.951746e+00,2.887889e+00,4.458914e+00,3.405802e+00,4.193792e+00,4.313114e+00,2.732179e+00,2.758127e+00,4.272133e+00,4.589831e+00,5.046016e+00,3.473326e+00,4.659798e+00,4.594542e+00,4.008155e+00,3.711445e+00,3.687774e+00,4.103458e+00,2.836729e+00,2.875788e+00,4.154650e+00,3.291936e+00,4.167376e+00,4.587714e+00,4.211889e+00,4.650730e+00,3.378199e+00,4.277300e+00,3.361743e+00,2.820361e+00,4.496693e+00,4.024518e+00,4.032088e+00,4.833958e+00,4.785660e+00,4.557421e+00,4.573915e+00,4.392718e+00,4.696611e+00,4.363580e+00,3.857359e+00,4.741970e+00,2.951495e+00,4.123351e+00,4.160007e+00,4.555957e+00,3.651602e+00,4.619030e+00,3.125056e+00,3.012788e+00,3.819041e+00,3.899107e+00,3.815779e+00,3.672354e+00,3.970298e+00,4.100146e+00,3.908097e+00,4.540568e+00,4.386273e+00,4.489215e+00,4.189637e+00,4.932618e+00,4.173818e+00,2.654216e+00,4.449804e+00,4.587947e+00,3.884022e+00,3.465088e+00,3.533722e+00,2.724467e+00,4.134435e+00,4.047215e+00,4.400310e+00,3.056460e+00,4.523328e+00,4.118659e+00,4.015568e+00,4.214725e+00,4.271182e+00,4.577377e+00,3.082339e+00,2.942301e+00,2.453180e+00,2.670691e+00,3.137518e+00,3.944536e+00,2.586811e+00,4.414923e+00,4.411617e+00,3.177690e+00,2.676835e+00,3.045711e+00,3.450580e+00,3.082589e+00,4.149924e+00,3.051592e+00,4.173925e+00,2.944397e+00,4.122162e+00,4.536198e+00,4.747318e+00,3.083248e+00,2.893712e+00,2.416460e+00,4.360224e+00,3.399544e+00,4.254819e+00,4.515322e+00,3.437718e+00,3.314253e+00,4.215445e+00,4.418673e+00,4.540446e+00,3.543763e+00,4.344450e+00,4.377162e+00,3.455095e+00,4.205566e+00,4.625051e+00,4.243790e+00,4.369598e+00,4.546328e+00,4.829224e+00,5.040929e+00,4.639454e+00,4.515356e+00,4.878951e+00,4.758337e+00,4.460078e+00,4.175615e+00,4.435764e+00,4.041987e+00,4.725923e+00,4.779306e+00,4.644265e+00,4.727415e+00,4.312879e+00,4.810568e+00,4.796685e+00,4.738789e+00,4.339317e+00,4.542529e+00,4.788720e+00,2.976466e+00,2.758085e+00,3.275863e+00,4.579866e+00,4.840511e+00,4.994370e+00,4.895224e+00,4.870725e+00,4.915166e+00,4.902902e+00,4.731824e+00,4.801089e+00,4.974477e+00,4.921998e+00,4.924690e+00,4.852302e+00,4.872038e+00,4.819713e+00,4.865802e+00,4.813816e+00,4.816937e+00,4.954266e+00,4.610669e+00,4.744822e+00,4.852484e+00,4.930656e+00,4.939046e+00,4.997490e+00,4.877638e+00,4.782552e+00,5.035993e+00,4.852525e+00,4.586607e+00,4.803506e+00,4.758181e+00,5.005103e+00,4.858670e+00
4.886678e+00,4.644109e+00,4.846461e+00,4.882539e+00,4.737432e+00,5.031583e+00,4.312246e+00,4.771675e+00,4.608692e+00,4.958977e+00,4.974987e+00,4.677912e+00,4.473557e+00,4.932389e+00,4.626593e+00,4.935011e+00,4.883238e+00,4.842125e+00,4.893431e+00,4.711683e+00,4.875372e+00,4.852398e+00,4.748634e+00,4.890902e+00,4.773035e+00,4.943648e+00,3.348385e+00,3.283418e+00,4.815164e+00,3.566877e+00,3.500143e+00,3.489573e+00,4.124190e+00,2.461819e+00,3.342741e+00,3.668646e+00,2.970522e+00,4.541773e+00,3.550673e+00,3.010690e+00,2.944471e+00,2.875011e+00,4.841253e+00,4.346142e+00,4.496227e+00,4.368337e+00,3.934427e+00,4.577367e+00,4.030208e+00,4.695150e+00,4.655784e+00,4.414933e+00,4.394036e+00,4.161436e+00,4.400493e+00,4.405460e+00,4.316372e+00,4.138998e+00,3.357875e+00,3.873420e+00,2.297537e+00,3.294495e+00,3.557911e+00,4.472396e+00,3.872534e+00,3.535459e+00,4.005726e+00,4.495362e+00,3.406024e+00,3.260277e+00,4.553323e+00,3.815878e+00,4.466316e+00,3.044336e+00,4.076945e+00,4.120115e+00,3.865508e+00,4.563115e+00,3.661333e+00,4.795589e+00,4.386032e+00,4.640606e+00,4.052419e+00,4.326681e+00,4.527637e+00,2.939275e+00,4.579855e+00,4.028834e+00,3.869932e+00,4.470017e+00,4.117956e+00,3.773424e+00,3.624104e+00,4.675564e+00,4.654453e+00,3.783819e+00,4.703016e+00,4.964075e+00,4.407134e+00,4.125565e+00,3.756576e+00,4.130344e+00,3.891112e+00,4.559373e+00,4.159460e+00,4.195757e+00,3.399817e+00,3.799548e+00,4.009227e+00,4.448750e+00,4.345005e+00,2.983248e+00,3.480853e+00,3.142363e+00,2.626092e+00,3.841089e+00,3.722604e+00,3.550704e+00,4.057980e+00,2.713891e+00,4.133948e+00,4.141187e+00,2.786739e+00,3.856481e+00,4.622078e+00,3.180799e+00,4.230921e+00,3.648507e+00,4.396474e+00,4.264832e+00,3.920504e+00,3.244123e+00,2.980633e+00,3.231102e+00,3.211255e+00,4.302726e+00,3.819152e+00,3.007960e+00,4.215129e+00,4.506657e+00,3.497846e+00,3.924651e+00,3.265998e+00,4.340837e+00,4.411638e+00,2.781367e+00,2.946311e+00,3.432742e+00,3.612670e+00,4.178912e+00,3.705371e+00,4.164240e+00,4.130391e+00,4.514578e+00,4.590550e+00,4.696929e+00,4.597907e+00,4.875309e+00,4.514584e+00,4.947998e+00,4.651181e+00,4.876707e+00,4.888216e+00,4.761100e+00,4.233459e+00,4.216268e+00,4.491325e+00,4.363075e+00,4.178870e+00,4.739670e+00,4.554359e+00,4.438716e+00,4.406124e+00,4.290745e+00,4.614536e+00,4.865822e+00,4.987818e+00,4.714728e+00,4.328509e+00,2.999508e+00,4.673234e+00,4.871275e+00,4.696486e+00,4.144499e+00,4.671533e+00,4.671583e+00,4.967435e+00,4.879666e+00,4.847268e+00,4.461636e+00,4.693794e+00,4.776971e+00,4.727333e+00,4.546680e+00,4.768928e+00,4.874015e+00,4.764563e+00,4.754484e+00,4.967240e+00,4.838783e+00,4.931561e+00,4.768512e+00,4.544556e+00,4.737447e+00,4.777820e+00,4.914078e+00,4.843028e+00,4.799707e+00,4.744089e+00,4.913614e+00,4.614996e+00,4.895494e+00,4.893967e+00,5.019380e+00,4.899895e+00
4.804203e+00,4.827006e+00,4.835665e+00,4.871941e+00,4.433316e+00,4.320189e+00,4.889091e+00,4.724541e+00,4.936736e+00,4.756588e+00,4.699059e+00,4.716238e+00,4.985324e+00,4.769281e+00,4.845230e+00,4.943718e+00,4.858501e+00,4.721488e+00,4.689182e+00,4.709224e+00,4.849759e+00,4.886587e+00,4.559672e+00,4.983280e+00,4.731369e+00,3.405681e+00,4.659779e+00,4.624477e+00,2.864511e+00,3.309121e+00,9.186777e+00,8.891676e+00,3.301006e+00,3.159096e+00,3.558830e+00,4.610594e+00,3.182943e+00,4.161161e+00,3.132405e+00,4.534768e+00,3.522257e+00,4.497828e+00,4.811409e+00,4.419219e+00,4.968255e+00,4.405521e+00,4.899692e+00,4.071890e+00,4.398911e+00,4.455957e+00,3.181377e+00,4.277307e+00,4.581658e+00,3.641333e+00,3.652014e+00,3.144759e+00,4.102914e+00,4.617600e+00,4.624098e+00,4.531546e+00,3.158910e+00,2.947693e+00,3.056453e+00,4.458248e+00,3.229943e+00,4.521066e+00,4.344595e+00,4.630103e+00,4.612404e+00,4.647173e+00,3.751793e+00,3.705951e+00,4.407195e+00,3.900569e+00,4.646847e+00,4.085141e+00,4.537065e+00,3.054837e+00,2.710721e+00,2.760967e+00,4.612376e+00,3.896201e+00,3.542748e+00,3.455589e+00,3.666129e+00,4.873848e+00,4.722537e+00,3.896221e+00,4.773021e+00,4.154126e+00,4.459830e+00,4.553155e+00,3.693350e+00,4.777555e+00,3.145288e+00,4.867428e+00,3.793827e+00,4.364426e+00,4.024372e+00,4.607047e+00,4.736150e+00,4.212274e+00,4.412625e+00,4.773587e+00,4.125289e+00,2.867035e+00,3.088648e+00,3.633623e+00,4.562429e+00,2.945116e+00,4.560760e+00,2.839322e+00,4.346888e+00,3.240486e+00,4.229241e+00,4.510467e+00,4.077215e+00,2.969172e+00,4.399717e+00,3.170478e+00,3.522069e+00,3.991650e+00,4.815709e+00,2.937852e+00,3.754903e+00,3.162931e+00,3.722331e+00,3.700446e+00,4.155743e+00,4.732705e+00,4.594161e+00,4.303575e+00,3.058257e+00,4.611375e+00,3.168358e+00,3.743656e+00,4.790697e+00,4.227690e+00,4.404781e+00,4.465286e+00,3.559148e+00,4.204777e+00,2.964229e+00,4.019859e+00,3.766901e+00,2.981616e+00,3.458402e+00,4.522942e+00,4.533449e+00,4.776815e+00,3.333317e+00,4.173943e+00,4.484784e+00,4.294939e+00,4.514574e+00,4.766582e+00,4.676651e+00,4.747657e+00,4.746136e+00,4.475514e+00,4.617875e+00,4.850175e+00,4.672477e+00,4.402955e+00,4.427549e+00,3.765941e+00,4.107325e+00,4.580239e+00,4.634004e+00,4.575458e+00,4.483860e+00,4.173242e+00,4.724348e+00,4.639095e+00,4.509236e+00,4.663198e+00,4.976534e+00,4.968311e+00,4.737727e+00,4.831040e+00,2.992694e+00,4.427236e+00,4.495433e+00,4.681111e+00,4.883575e+00,4.780614e+00,4.836025e+00,4.705194e+00,4.826895e+00,4.839141e+00,4.747307e+00,4.615789e+00,4.921102e+00,4.643335e+00,4.943222e+00,4.939843e+00,4.702628e+00,4.673604e+00,4.892358e+00,4.928198e+00,5.047729e+00,4.916609e+00,4.803567e+00,4.980578e+00,4.925482e+00,4.897067e+00,4.591296e+00,4.482351e+00,4.682059e+00,4.805428e+00,4.757976e+00,4.962775e+00,4.939839e+00,4.346756e+00,4.727493e+00
4.627483e+00,4.627815e+00,4.791756e+00,4.551433e+00,4.659514e+00,4.886932e+00,4.791883e+00,4.296379e+00,4.388037e+00,4.714332e+00,4.738161e+00,4.891626e+00,4.552362e+00,4.595084e+00,4.682512e+00,4.891700e+00,4.456798e+00,4.658640e+00,4.864331e+00,4.253429e+00,4.864146e+00,4.874734e+00,4.824143e+00,4.466704e+00,2.937314e+00,3.228506e+00,3.076057e+00,2.748416e+00,2.627241e+00,2.029089e+00,2.871399e+00,5.620521e+00,4.086834e+00,4.811448e+00,2.827016e+00,3.715804e+00,3.446288e+00,4.207859e+00,4.441884e+00,3.584730e+00,4.186059e+00,4.888751e+00,4.761324e+00,4.788124e+00,4.518361e+00,4.655211e+00,4.776019e+00,4.853932e+00,4.737521e+00,4.615655e+00,4.444462e+00,3.238986e+00,4.275694e+00,3.071290e+00,2.937311e+00,4.755390e+00,3.992234e+00,4.436958e+00,4.542704e+00,4.105394e+00,4.219769e+00,4.359760e+00,4.630268e+00,3.000646e+00,2.895419e+00,2.884063e+00,2.985861e+00,4.066786e+00,4.350936e+00,3.992500e+00,3.943757e+00,4.020093e+00,4.010467e+00,4.237599e+00,3.102933e+00,3.628122e+00,3.051533e+00,4.343671e+00,4.412607e+00,4.073526e+00,4.277947e+00,4.086087e+00,4.629829e+00,3.047269e+00,4.290221e+00,3.026233e+00,4.692521e+00,4.306864e+00,4.771393e+00,3.767112e+00,3.652625e+00,4.771909e+00,4.182239e+00,4.778976e+00,3.887898e+00,2.992170e+00,4.308298e+00,4.510752e+00,3.714131e+00,4.177915e+00,4.222288e+00,3.908105e+00,4.057098e+00,4.615639e+00,4.248035e+00,3.236762e+00,4.446592e+00,4.777292e+00,4.102265e+00,4.094475e+00,4.173603e+00,2.723509e+00,3.734858e+00,2.760523e+00,3.954669e+00,4.299528e+00,3.572791e+00,3.675840e+00,4.807745e+00,3.020217e+00,3.085873e+00,4.872071e+00,4.438939e+00,3.107414e+00,4.722500e+00,2.778832e+00,4.075836e+00,4.560757e+00,4.482551e+00,4.518124e+00,4.616416e+00,4.736081e+00,3.634774e+00,2.967925e+00,2.878753e+00,3.428261e+00,2.703483e+00,3.170191e+00,3.769183e+00,4.088864e+00,4.037580e+00,4.496616e+00,4.022582e+00,4.057457e+00,3.980841e+00,2.735036e+00,3.101144e+00,2.822878e+00,4.593205e+00,3.968776e+00,3.764636e+00,4.334513e+00,4.830613e+00,4.429337e+00,4.955781e+00,3.634278e+00,4.831309e+00,4.903734e+00,4.690763e+00,4.881580e+00,4.149529e+00,4.660607e+00,4.840603e+00,4.709959e+00,4.807952e+00,4.360625e+00,4.502800e+00,4.407294e+00,4.290009e+00,4.674197e+00,4.253844e+00,4.621511e+00,4.499933e+00,4.884798e+00,4.437563e+00,4.792512e+00,4.798608e+00,4.679717e+00,4.842241e+00,4.463505e+00,3.836797e+00,2.771573e+00,4.546511e+00,4.874384e+00,3.395465e+00,5.040404e+00,4.911025e+00,4.796382e+00,4.843769e+00,4.965653e+00,4.653989e+00,4.608179e+00,5.018343e+00,5.008621e+00,4.255490e+00,4.845066e+00,4.815305e+00,4.896482e+00,4.796253e+00,4.718509e+00,4.737779e+00,4.799704e+00,4.892336e+00,4.755220e+00,4.661142e+00,4.764233e+00,5.002879e+00,4.856429e+00,4.488659e+00,4.841322e+00,4.939704e+00,4.893528e+00,4.917208e+00,4.710435e+00,4.860022e+00
4.812682e+00,4.955184e+00,4.793137e+00,4.839912e+00,4.719263e+00,4.379431e+00,4.766459e+00,4.518135e+00,4.501522e+00,4.705692e+00,4.745735e+00,4.814470e+00,5.008606e+00,4.892016e+00,4.716445e+00,4.677004e+00,4.583515e+00,4.541949e+00,4.825560e+00,4.281482e+00,4.668119e+00,4.831088e+00,4.606773e+00,4.925375e+00,3.160992e+00,3.045690e+00,4.740971e+00,4.004207e+00,9.602029e+00,4.755066e+00,4.335911e+00,3.161386e+00,2.577103e+00,4.254077e+00,2.863001e+00,2.652134e+00,3.842916e+00,3.332299e+00,4.587295e+00,4.719734e+00,4.812009e+00,4.585458e+00,4.912053e+00,4.234218e+00,3.800215e+00,3.050772e+00,3.245074e+00,4.744557e+00,3.686141e+00,4.628259e+00,4.183858e+00,4.637714e+00,4.160612e+00,4.702043e+00,4.460954e+00,3.450050e+00,3.723470e+00,4.651999e+00,4.333586e+00,4.020353e+00,4.344065e+00,4.172100e+00,3.132399e+00,4.834804e+00,2.981496e+00,4.589654e+00,4.199062e+00,2.835181e+00,4.388204e+00,4.140711e+00,3.988469e+00,3.859335e+00,4.466222e+00,3.742003e+00,3.920210e+00,4.592107e+00,4.493688e+00,4.070106e+00,4.409939e+00,4.523694e+00,4.765424e+00,4.334044e+00,3.144183e+00,4.604933e+00,4.458305e+00,2.810221e+00,3.450676e+00,3.634501e+00,3.884061e+00,3.299417e+00,4.684835e+00,4.217293e+00,4.537566e+00,3.349834e+00,4.218551e+00,4.242819e+00,4.519578e+00,4.131870e+00,4.105807e+00,4.469917e+00,3.137834e+00,3.475852e+00,3.711034e+00,4.170071e+00,3.358734e+00,3.439294e+00,2.906579e+00,3.415017e+00,4.208234e+00,3.287758e+00,4.114440e+00,3.045229e+00,2.654945e+00,3.882541e+00,3.086472e+00,3.115774e+00,4.239715e+00,4.849031e+00,3.028273e+00,4.594364e+00,2.991040e+00,4.383213e+00,3.173371e+00,3.079573e+00,3.411343e+00,4.369090e+00,3.102841e+00,4.375396e+00,4.677847e+00,3.965780e+00,4.472986e+00,2.907709e+00,4.370169e+00,3.530240e+00,4.819699e+00,4.485251e+00,4.700889e+00,4.583521e+00,2.841928e+00,4.289688e+00,4.725451e+00,3.324068e+00,2.582767e+00,4.762297e+00,4.488441e+00,4.756256e+00,5.050640e+00,3.535660e+00,4.073379e+00,4.539857e+00,4.683435e+00,4.420377e+00,4.587026e+00,4.729859e+00,4.935710e+00,4.871450e+00,4.854107e+00,4.593778e+00,4.480875e+00,3.497802e+00,4.863844e+00,4.707517e+00,4.290785e+00,4.889784e+00,4.925735e+00,4.785622e+00,3.217537e+00,3.791417e+00,4.331820e+00,3.998506e+00,4.589301e+00,4.702067e+00,4.241559e+00,4.400827e+00,4.647303e+00,4.205562e+00,4.531166e+00,4.829275e+00,4.835956e+00,4.891458e+00,4.175770e+00,2.788850e+00,4.553357e+00,4.251415e+00,4.893501e+00,4.974117e+00,4.749817e+00,4.792227e+00,4.925266e+00,4.653871e+00,4.982335e+00,4.289216e+00,4.829668e+00,4.906436e+00,4.835355e+00,4.950847e+00,4.875439e+00,4.905706e+00,4.734268e+00,5.000172e+00,4.890810e+00,4.860553e+00,4.793943e+00,4.942736e+00,4.431494e+00,5.002745e+00,4.693191e+00,4.722248e+00,4.811892e+00,4.548665e+00,4.878093e+00,4.838943e+00,4.894431e+00,4.688351e+00,4.700362e+00
4.705569e+00,4.876985e+00,4.933620e+00,4.914539e+00,5.006407e+00,4.709633e+00,4.900274e+00,4.855132e+00,4.815307e+00,4.755516e+00,4.881125e+00,4.504094e+00,4.984390e+00,4.528940e+00,4.817204e+00,4.817297e+00,4.785698e+00,4.138623e+00,3.976394e+00,4.307567e+00,4.843665e+00,4.761449e+00,4.635982e+00,4.256183e+00,3.762522e+00,3.029975e+00,3.992907e+00,6.262313e+00,3.307638e+00,3.256201e+00,5.460758e+00,2.952450e+00,3.152658e+00,3.002998e+00,3.131073e+00,3.136951e+00,3.648771e+00,3.596357e+00,4.021351e+00,4.703452e+00,4.916138e+00,5.012620e+00,4.275048e+00,3.764404e+00,4.315470e+00,3.702446e+00,4.000286e+00,4.394096e+00,3.964885e+00,4.564326e+00,4.058921e+00,4.183641e+00,4.630768e+00,3.256464e+00,4.661961e+00,4.330467e+00,3.818290e+00,4.569869e+00,4.741872e+00,3.780096e+00,3.993905e+00,3.641994e+00,4.153061e+00,3.393963e+00,4.456061e+00,3.921797e+00,4.766097e+00,4.813884e+00,3.477364e+00,3.057720e+00,4.559664e+00,4.606846e+00,3.494364e+00,4.620054e+00,4.294854e+00,4.513021e+00,3.914288e+00,3.640904e+00,4.649685e+00,4.124210e+00,3.913410e+00,4.081327e+00,3.063636e+00,4.807324e+00,4.429653e+00,3.667067e+00,3.189552e+00,3.562441e+00,4.362860e+00,4.610608e+00,2.969969e+00,3.377605e+00,4.164276e+00,2.768406e+00,4.540787e+00,3.325203e+00,3.922812e+00,3.945142e+00,4.886563e+00,4.458161e+00,3.753222e+00,3.401738e+00,3.094734e+00,4.063031e+00,3.800633e+00,3.105325e+00,3.717220e+00,3.284386e+00,4.175812e+00,4.289932e+00,3.192226e+00,4.227019e+00,3.799872e+00,3.573923e+00,4.757253e+00,4.349229e+00,2.524810e+00,3.053927e+00,4.397289e+00,3.087338e+00,4.233347e+00,4.260871e+00,4.869006e+00,4.778951e+00,3.927265e+00,4.233253e+00,4.726432e+00,4.756268e+00,3.739915e+00,3.602078e+00,4.724348e+00,4.595930e+00,4.270255e+00,4.574904e+00,4.020279e+00,3.803185e+00,4.040309e+00,4.583765e+00,4.074643e+00,4.697880e+00,4.471552e+00,4.446273e+00,4.860612e+00,4.892304e+00,4.586557e+00,4.629984e+00,4.854780e+00,3.362130e+00,4.208545e+00,4.801809e+00,4.683395e+00,4.238153e+00,3.963895e+00,4.876623e+00,4.846043e+00,4.931166e+00,4.688669e+00,4.548931e+00,4.835446e+00,4.754285e+00,4.539367e+00,4.822482e+00,4.716486e+00,4.042903e+00,4.054259e+00,2.840010e+00,4.362353e+00,4.500345e+00,4.066492e+00,4.356489e+00,4.420841e+00,4.478841e+00,4.794761e+00,4.789753e+00,4.480209e+00,4.801410e+00,4.826254e+00,4.843722e+00,4.895798e+00,4.943061e+00,4.334751e+00,3.881474e+00,3.499320e+00,4.544439e+00,4.757428e+00,4.082644e+00,4.291982e+00,4.933512e+00,4.968847e+00,4.473993e+00,4.782616e+00,4.961199e+00,4.759658e+00,4.946717e+00,4.757889e+00,4.731143e+00,4.660181e+00,4.985238e+00,4.942360e+00,4.744250e+00,4.945899e+00,4.730513e+00,4.804781e+00,4.745814e+00,4.772987e+00,4.859989e+00,4.772834e+00,4.609299e+00,4.903255e+00,4.820540e+00,4.752640e+00,4.897654e+00,4.784665e+00,4.468442e+00,4.854152e+00
4.943205e+00,4.699697e+00,4.653473e+00,4.761910e+00,4.920587e+00,4.521622e+00,4.904275e+00,4.937365e+00,4.973720e+00,4.927936e+00,4.636205e+00,4.971185e+00,4.632766e+00,4.803321e+00,2.976262e+00,4.470075e+00,4.755821e+00,4.352795e+00,4.325570e+00,4.664208e+00,4.770501e+00,4.513253e+00,4.454557e+00,3.037447e+00,4.458261e+00,2.682790e+00,3.362793e+00,5.135963e+00,2.981355e+00,4.345280e+00,3.118941e+00,3.770597e+00,4.054252e+00,3.507646e+00,2.996087e+00,3.863703e+00,3.855454e+00,3.177076e+00,4.498235e+00,4.916037e+00,4.636137e+00,4.761189e+00,4.238672e+00,4.454771e+00,3.652112e+00,4.172055e+00,2.728042e+00,4.018661e+00,4.686034e+00,4.197445e+00,4.408059e+00,3.203142e+00,4.299740e+00,3.740467e+00,3.026169e+00,2.815742e+00,3.623984e+00,2.784957e+00,4.186035e+00,4.577009e+00,4.613845e+00,3.271565e+00,4.490384e+00,4.447945e+00,4.072246e+00,4.041461e+00,3.553888e+00,2.834273e+00,4.413246e+00,4.768476e+00,3.801103e+00,4.035622e+00,2.901369e+00,2.803276e+00,3.001949e+00,4.250996e+00,4.545444e+00,4.462820e+00,3.839289e+00,4.074727e+00,4.427328e+00,3.727112e+00,4.407925e+00,4.169796e+00,3.316528e+00,4.534742e+00,4.766549e+00,3.496699e+00,4.629729e+00,4.384517e+00,4.485551e+00,3.604982e+00,4.014586e+00,3.532614e+00,2.403880e+00,4.357721e+00,4.135101e+00,3.738357e+00,4.192440e+00,3.318868e+00,3.437187e+00,3.517975e+00,4.022114e+00,2.477845e+00,3.252490e+00,4.466213e+00,3.985777e+00,4.089573e+00,4.610317e+00,4.377335e+00,3.277569e+00,3.569145e+00,2.875231e+00,3.716955e+00,4.631924e+00,3.876941e+00,4.911192e+00,4.193454e+00,2.670995e+00,3.789435e+00,3.781168e+00,3.594607e+00,4.220191e+00,4.596846e+00,2.732543e+00,3.088032e+00,4.604067e+00,2.912035e+00,4.458329e+00,4.617042e+00,4.388856e+00,3.452920e+00,2.727347e+00,4.699169e+00,4.041381e+00,4.001641e+00,4.117426e+00,4.441665e+00,4.741141e+00,4.387202e+00,4.606103e+00,4.866676e+00,5.022440e+00,4.658280e+00,4.872421e+00,4.472217e+00,4.868870e+00,4.760238e+00,4.444069e+00,3.771006e+00,3.716896e+00,4.428689e+00,4.848692e+00,4.782379e+00,4.955099e+00,4.896571e+00,4.500385e+00,3.297754e+00,4.609465e+00,4.988520e+00,4.740792e+00,4.768166e+00,4.447328e+00,4.840657e+00,5.001803e+00,4.114987e+00,4.512458e+00,2.970066e+00,4.605217e+00,3.954217e+00,4.655448e+00,4.590846e+00,4.786606e+00,4.757970e+00,4.532196e+00,4.515054e+00,4.570768e+00,4.587312e+00,4.536984e+00,4.486087e+00,4.933356e+00,4.799699e+00,3.059730e+00,3.475010e+00,4.306625e+00,4.800520e+00,4.581755e+00,4.743343e+00,4.846923e+00,4.759349e+00,4.779744e+00,4.833016e+00,4.931008e+00,4.903444e+00,4.741493e+00,4.787866e+00,4.767709e+00,4.877993e+00,4.751102e+00,4.859432e+00,4.810199e+00,4.990809e+00,4.682530e+00,5.058270e+00,4.822323e+00,4.772224e+00,4.787934e+00,4.825623e+00,4.774527e+00,4.653817e+00,4.784778e+00,4.869962e+00,4.916329e+00,4.945319e+00,4.865370e+00
4.661781e+00,4.889004e+00,4.773549e+00,4.714478e+00,4.877360e+00,4.933503e+00,4.971416e+00,4.714087e+00,4.815054e+00,4.617431e+00,4.680577e+00,4.753584e+00,4.370664e+00,4.644347e+00,4.900041e+00,4.733678e+00,4.696156e+00,4.708683e+00,4.314886e+00,4.757518e+00,4.804858e+00,4.589043e+00,3.543432e+00,2.442572e+00,6.264366e+00,2.492261e+00,3.057962e+00,8.200354e+00,4.587964e+00,2.799336e+00,4.627512e+00,4.278557e+00,3.391774e+00,3.367928e+00,2.873965e+00,2.543374e+00,3.271270e+00,3.285409e+00,4.821333e+00,4.612883e+00,5.037564e+00,4.557338e+00,3.437547e+00,4.478926e+00,2.950278e+00,3.612194e+00,4.132170e+00,2.887680e+00,4.787821e+00,4.634321e+00,3.500552e+00,4.630461e+00,3.343035e+00,4.333938e+00,3.992193e+00,3.287238e+00,2.958517e+00,3.261650e+00,4.457828e+00,4.399832e+00,3.761831e+00,4.060097e+00,2.772491e+00,4.571184e+00,3.587521e+00,4.684483e+00,3.385166e+00,4.391293e+00,3.933577e+00,3.426869e+00,3.620228e+00,3.701567e+00,4.744284e+00,4.835426e+00,4.589223e+00,4.417160e+00,3.970780e+00,4.390816e+00,3.155877e+00,4.341829e+00,4.925542e+00,4.320415e+00,3.789648e+00,3.998297e+00,4.939822e+00,4.157037e+00,4.745037e+00,4.448008e+00,4.590753e+00,4.241493e+00,4.402127e+00,2.657814e+00,3.338940e+00,2.894918e+00,4.254705e+00,4.294618e+00,4.237009e+00,2.907650e+00,2.786037e+00,4.468924e+00,3.516441e+00,4.248069e+00,4.433342e+00,2.667415e+00,3.173537e+00,4.257278e+00,3.942893e+00,4.423240e+00,4.436086e+00,4.384059e+00,3.831091e+00,3.827203e+00,2.626270e+00,4.142613e+00,2.725079e+00,4.054026e+00,4.397937e+00,3.856186e+00,4.551741e+00,3.967221e+00,3.543275e+00,4.795115e+00,3.608587e+00,4.518905e+00,4.495340e+00,4.350713e+00,3.935264e+00,4.370895e+00,3.851601e+00,3.159024e+00,4.343159e+00,3.762126e+00,4.896926e+00,4.871800e+00,3.569394e+00,4.501531e+00,3.865996e+00,4.689252e+00,4.035117e+00,4.705361e+00,4.684767e+00,4.661067e+00,4.259958e+00,4.893618e+00,4.940091e+00,4.822628e+00,4.536071e+00,4.706730e+00,4.901066e+00,4.781413e+00,4.081050e+00,4.838750e+00,4.880803e+00,4.647423e+00,4.022232e+00,4.688432e+00,4.664097e+00,4.460674e+00,4.566189e+00,4.130641e+00,4.903689e+00,4.647643e+00,4.510894e+00,4.323786e+00,4.743525e+00,4.781980e+00,4.583186e+00,4.739772e+00,4.047546e+00,4.901406e+00,4.682712e+00,4.227066e+00,4.588693e+00,3.922534e+00,4.470408e+00,4.631263e+00,4.785026e+00,4.734533e+00,4.695540e+00,4.988991e+00,4.702043e+00,4.654902e+00,3.568678e+00,3.870143e+00,3.051278e+00,4.104439e+00,4.601179e+00,4.939399e+00,4.917880e+00,4.939716e+00,4.750611e+00,4.810746e+00,4.719030e+00,4.826093e+00,4.689299e+00,4.934356e+00,4.602452e+00,4.867324e+00,4.943369e+00,4.744006e+00,4.765533e+00,4.819958e+00,4.827032e+00,4.746136e+00,4.877214e+00,4.826795e+00,4.524842e+00,4.873489e+00,4.973292e+00,4.574904e+00,4.831123e+00,4.841557e+00,4.829837e+00,4.856957e+00,4.902064e+00
4.769246e+00,4.792097e+00,4.846472e+00,4.555485e+00,4.897743e+00,4.703381e+00,4.815910e+00,4.961419e+00,4.882341e+00,4.788677e+00,4.810510e+00,4.041762e+00,4.603007e+00,4.351372e+00,4.806066e+00,4.691043e+00,4.451388e+00,4.875449e+00,4.906013e+00,4.619775e+00,4.907110e+00,4.349674e+00,3.889642e+00,4.334461e+00,7.530453e+00,3.626833e+00,2.732319e+00,4.260240e+00,3.213321e+00,3.608113e+00,4.334848e+00,2.975607e+00,3.000641e+00,2.951788e+00,2.976534e+00,3.731909e+00,3.043119e+00,4.875638e+00,4.757179e+00,4.841594e+00,4.842356e+00,2.857977e+00,3.796157e+00,4.923175e+00,3.422076e+00,3.950551e+00,2.578708e+00,4.309671e+00,4.336827e+00,3.788918e+00,4.908370e+00,2.841063e+00,4.624217e+00,2.920281e+00,3.555248e+00,4.737212e+00,3.460405e+00,2.767479e+00,4.309756e+00,3.004989e+00,3.902739e+00,4.421727e+00,4.496894e+00,4.509166e+00,4.150893e+00,3.285732e+00,3.301163e+00,3.996164e+00,4.118471e+00,4.293598e+00,4.420443e+00,3.035085e+00,4.235008e+00,4.142127e+00,4.037161e+00,4.315809e+00,4.435332e+00,4.153220e+00,4.832707e+00,4.270465e+00,4.783347e+00,3.463942e+00,3.639654e+00,4.298338e+00,4.647111e+00,4.810124e+00,4.221102e+00,3.258876e+00,4.659800e+00,4.016650e+00,4.566407e+00,3.680296e+00,3.929364e+00,3.705580e+00,4.907146e+00,4.365705e+00,3.179662e+00,4.317417e+00,4.720807e+00,4.476149e+00,3.529576e+00,4.712729e+00,4.423425e+00,2.667591e+00,2.827674e+00,3.268339e+00,3.894470e+00,3.677419e+00,3.690661e+00,4.453193e+00,4.275008e+00,3.650230e+00,3.530091e+00,4.082844e+00,2.980001e+00,3.970622e+00,3.160819e+00,4.069370e+00,4.935727e+00,3.372078e+00,3.185810e+00,4.058096e+00,3.970116e+00,3.736457e+00,4.165442e+00,4.173529e+00,4.217913e+00,3.882534e+00,4.440500e+00,4.299905e+00,3.853060e+00,3.691094e+00,2.859929e+00,4.186890e+00,4.447113e+00,4.562360e+00,3.857734e+00,4.396635e+00,4.563244e+00,4.488679e+00,4.567944e+00,3.481800e+00,4.603777e+00,4.935050e+00,4.516178e+00,4.728667e+00,4.662666e+00,4.519161e+00,4.469799e+00,4.454198e+00,4.138142e+00,4.109783e+00,4.880058e+00,4.944743e+00,4.976695e+00,4.941126e+00,4.955668e+00,4.347603e+00,4.616689e+00,4.660731e+00,4.814417e+00,4.708884e+00,3.083668e+00,4.259037e+00,4.894358e+00,4.758629e+00,4.025248e+00,4.184961e+00,4.229764e+00,4.110481e+00,4.562227e+00,4.843180e+00,4.475391e+00,4.584341e+00,4.669919e+00,4.555682e+00,4.718501e+00,4.611064e+00,4.751654e+00,4.902431e+00,4.800105e+00,4.881674e+00,4.493967e+00,3.342121e+00,2.879435e+00,4.699059e+00,4.835044e+00,4.780021e+00,4.953456e+00,4.739482e+00,4.890253e+00,4.748508e+00,5.020504e+00,4.951450e+00,4.928847e+00,4.865916e+00,4.597130e+00,4.796169e+00,4.906116e+00,4.663823e+00,4.989931e+00,4.893157e+00,4.825911e+00,4.675193e+00,4.458790e+00,4.866943e+00,4.787658e+00,4.585207e+00,4.786133e+00,4.753015e+00,4.880969e+00,4.348459e+00,4.527409e+00,4.955948e+00,4.763968e+00
4.519793e+00,4.583754e+00,4.825341e+00,4.742569e+00,4.601973e+00,4.768956e+00,4.795255e+00,4.926756e+00,4.710823e+00,4.697923e+00,4.849797e+00,5.002276e+00,5.087856e+00,4.718623e+00,4.890578e+00,4.354109e+00,4.754495e+00,4.982726e+00,4.870305e+00,4.989295e+00,3.946292e+00,2.251354e+00,4.204290e+00,5.151181e+00,2.501193e+00,2.838991e+00,0.000000e+00,4.503594e+00,3.361165e+00,3.009469e+00,4.547389e+00,2.809049e+00,2.583985e+00,3.834584e+00,3.278936e+00,2.841457e+00,4.116940e+00,4.645175e+00,4.751260e+00,4.845886e+00,4.397766e+00,3.038417e+00,4.224111e+00,4.711714e+00,4.232785e+00,4.185901e+00,4.501782e+00,4.051626e+00,2.711859e+00,3.497777e+00,4.874070e+00,4.416351e+00,4.307813e+00,2.450640e+00,2.797005e+00,2.804965e+00,3.705041e+00,4.091761e+00,4.662047e+00,4.140181e+00,2.670116e+00,3.095615e+00,4.589207e+00,4.543334e+00,4.489473e+00,4.697882e+00,4.799675e+00,4.558518e+00,2.693340e+00,4.188739e+00,3.838412e+00,4.313118e+00,4.540473e+00,2.509759e+00,3.097295e+00,3.334240e+00,2.292100e+00,2.776236e+00,2.494031e+00,4.284472e+00,4.788585e+00,3.134112e+00,3.831353e+00,4.757591e+00,4.197252e+00,4.394097e+00,3.561996e+00,3.644266e+00,3.370064e+00,2.840759e+00,4.687553e+00,4.650196e+00,4.777756e+00,3.018160e+00,4.589184e+00,3.902731e+00,2.396078e+00,4.210577e+00,4.565999e+00,4.511026e+00,4.563362e+00,4.604691e+00,3.536418e+00,2.720892e+00,4.529494e+00,3.084068e+00,2.541948e+00,3.774778e+00,3.931263e+00,4.442801e+00,3.835048e+00,4.652158e+00,2.481299e+00,4.289548e+00,3.611255e+00,2.444342e+00,4.139727e+00,4.449304e+00,4.273079e+00,2.799099e+00,3.668334e+00,2.724112e+00,2.879852e+00,2.827677e+00,4.556593e+00,4.459149e+00,3.749655e+00,4.850422e+00,4.666055e+00,3.904422e+00,2.561456e+00,4.329686e+00,2.895882e+00,2.819761e+00,4.654238e+00,3.540802e+00,4.334907e+00,4.096041e+00,3.925009e+00,4.620037e+00,4.354311e+00,4.536135e+00,4.428722e+00,4.358661e+00,4.684938e+00,4.457502e+00,4.850465e+00,4.897135e+00,4.891971e+00,4.860606e+00,4.561889e+00,4.907090e+00,4.402443e+00,4.644551e+00,4.825962e+00,4.951302e+00,4.790798e+00,4.801388e+00,4.861862e+00,4.901634e+00,4.010148e+00,4.317864e+00,4.937203e+00,4.942072e+00,4.028345e+00,4.504199e+00,4.130228e+00,4.783548e+00,3.715628e+00,4.596913e+00,4.446726e+00,4.387488e+00,4.567065e+00,4.224742e+00,4.813961e+00,4.581404e+00,4.462427e+00,4.864306e+00,4.683132e+00,4.766771e+00,4.894385e+00,4.875253e+00,4.739479e+00,4.591633e+00,4.260290e+00,4.826087e+00,4.593978e+00,2.898923e+00,4.766114e+00,4.883030e+00,4.672475e+00,4.656285e+00,4.939551e+00,4.832900e+00,4.779515e+00,4.744742e+00,4.902985e+00,5.084815e+00,4.794226e+00,4.822494e+00,4.900826e+00,4.559110e+00,4.887843e+00,4.846337e+00,4.823301e+00,4.911529e+00,4.946333e+00,4.740439e+00,4.919857e+00,4.789808e+00,4.917116e+00,4.796039e+00,4.718744e+00,4.826795e+00,4.845578e+00
4.911302e+00,4.630355e+00,4.844086e+00,4.832427e+00,4.941707e+00,4.333006e+00,4.817959e+00,4.186619e+00,4.950956e+00,5.018032e+00,4.596650e+00,4.629836e+00,3.488800e+00,4.770016e+00,4.620168e+00,3.511774e+00,4.983431e+00,4.890748e+00,4.847043e+00,4.513801e+00,4.518671e+00,3.161481e+00,2.637739e+00,3.981554e+00,2.858226e+00,5.661439e+00,3.734629e+00,9.395331e+00,4.872798e+00,3.805887e+00,2.749096e+00,4.156927e+00,2.720029e+00,3.291934e+00,2.527615e+00,2.640227e+00,4.809316e+00,4.710291e+00,4.789430e+00,4.927581e+00,3.158044e+00,4.422667e+00,4.460661e+00,4.125190e+00,3.358600e+00,4.252286e+00,2.479673e+00,4.820901e+00,4.145213e+00,4.562706e+00,4.482411e+00,4.332390e+00,4.619123e+00,3.740816e+00,3.598522e+00,4.355296e+00,2.944633e+00,3.901734e+00,2.662814e+00,3.003423e+00,4.264286e+00,2.695337e+00,4.462970e+00,4.585431e+00,2.982585e+00,4.254614e+00,4.627511e+00,4.056422e+00,4.288083e+00,4.806223e+00,4.595556e+00,4.484797e+00,4.197765e+00,3.474952e+00,4.199033e+00,2.201730e+00,4.322113e+00,3.050917e+00,4.755191e+00,4.728636e+00,4.015828e+00,4.463348e+00,3.365289e+00,4.789556e+00,4.158532e+00,2.990867e+00,4.283976e+00,4.383288e+00,4.390433e+00,2.616922e+00,3.697025e+00,4.023837e+00,4.485275e+00,2.573233e+00,4.020471e+00,3.242979e+00,2.802599e+00,4.223184e+00,4.431252e+00,4.041473e+00,4.405832e+00,2.804144e+00,4.457862e+00,4.259864e+00,4.377598e+00,3.982190e+00,3.508136e+00,4.345962e+00,2.775060e+00,4.523373e+00,4.739112e+00,4.293554e+00,4.249591e+00,4.723841e+00,4.910680e+00,4.894304e+00,4.197045e+00,4.767095e+00,4.650432e+00,4.565100e+00,4.799284e+00,4.615830e+00,4.797822e+00,3.191262e+00,3.407902e+00,3.267728e+00,4.175735e+00,3.691773e+00,4.284653e+00,2.894186e+00,4.786386e+00,2.902105e+00,4.293483e+00,3.954237e+00,4.676868e+00,4.320038e+00,2.807363e+00,2.864391e+00,2.820640e+00,4.675172e+00,3.919348e+00,3.576437e+00,4.573132e+00,2.937183e+00,4.264721e+00,3.567267e+00,3.932799e+00,4.027961e+00,4.676103e+00,4.306674e+00,4.455870e+00,4.294262e+00,4.804883e+00,3.861094e+00,4.316350e+00,4.492645e+00,4.720411e+00,4.784657e+00,3.889015e+00,4.462167e+00,4.795500e+00,4.779471e+00,4.873010e+00,2.618868e+00,3.792947e+00,4.397591e+00,3.742347e+00,4.612517e+00,3.955774e+00,3.682995e+00,3.963598e+00,4.686007e+00,4.559609e+00,4.441117e+00,4.138853e+00,4.505458e+00,4.652915e+00,4.662154e+00,4.343800e+00,4.755481e+00,4.768412e+00,4.966551e+00,4.779981e+00,4.746150e+00,4.101390e+00,4.409098e+00,3.310385e+00,4.921398e+00,3.401226e+00,4.723270e+00,4.843422e+00,4.792533e+00,4.398239e+00,4.898327e+00,4.769536e+00,4.951778e+00,4.873288e+00,4.933254e+00,4.894596e+00,4.845617e+00,4.514522e+00,4.938844e+00,4.827462e+00,4.935828e+00,4.605133e+00,4.904463e+00,4.833979e+00,4.854577e+00,4.894098e+00,4.957266e+00,4.932639e+00,4.779230e+00,4.921166e+00,4.981422e+00,4.751457e+00
4.882050e+00,4.882039e+00,4.933325e+00,4.892713e+00,4.381555e+00,4.498003e+00,4.874309e+00,4.767600e+00,4.603233e+00,4.921226e+00,4.864741e+00,4.802844e+00,4.915950e+00,4.785235e+00,3.643362e+00,4.767659e+00,4.603976e+00,4.903216e+00,4.662557e+00,4.434107e+00,3.889510e+00,7.724652e+00,3.375650e+00,0.000000e+00,3.484676e+00,4.768737e+00,8.965659e+00,4.370757e+00,5.329053e+00,4.669766e+00,2.941826e+00,3.056784e+00,2.706720e+00,3.921977e+00,2.945253e+00,4.504950e+00,4.819298e+00,4.902559e+00,4.779256e+00,4.149436e+00,4.448388e+00,4.185772e+00,4.649066e+00,4.583321e+00,4.550889e+00,2.566358e+00,4.373287e+00,3.066142e+00,4.173930e+00,4.117759e+00,3.087313e+00,5.008448e+00,4.432046e+00,3.080569e+00,4.466417e+00,3.850951e+00,3.313547e+00,4.132982e+00,4.692233e+00,4.636371e+00,2.824437e+00,3.844958e+00,3.343539e+00,2.814088e+00,4.211704e+00,3.011973e+00,4.186968e+00,4.122587e+00,3.990258e+00,4.706704e+00,3.658722e+00,4.631028e+00,3.235294e+00,4.692137e+00,4.239946e+00,4.817403e+00,4.024921e+00,4.323237e+00,4.779220e+00,4.387221e+00,3.202843e+00,4.358077e+00,4.708119e+00,4.257252e+00,4.079752e+00,3.414332e+00,3.668141e+00,4.151209e+00,4.246405e+00,4.432672e+00,4.705075e+00,3.958661e+00,3.827759e+00,2.731183e+00,4.447551e+00,3.180820e+00,3.902128e+00,4.669863e+00,3.387011e+00,3.450585e+00,3.535106e+00,3.997701e+00,4.101500e+00,3.567727e+00,4.709483e+00,4.000503e+00,4.631331e+00,4.810271e+00,4.622548e+00,4.676230e+00,4.733273e+00,4.442059e+00,4.983022e+00,4.822840e+00,4.844791e+00,4.911735e+00,4.815957e+00,4.875235e+00,4.403123e+00,4.861158e+00,4.982879e+00,4.553414e+00,4.809399e+00,4.668719e+00,4.885350e+00,4.633542e+00,3.645676e+00,3.879151e+00,3.765456e+00,4.570885e+00,3.748511e+00,3.572115e+00,4.283613e+00,4.836144e+00,4.633137e+00,4.864155e+00,3.509150e+00,4.493634e+00,2.659276e+00,4.551407e+00,4.845885e+00,4.674425e+00,4.495750e+00,3.944144e+00,3.666662e+00,4.628172e+00,3.436248e+00,4.642112e+00,4.791236e+00,4.415067e+00,4.109877e+00,4.339547e+00,4.649268e+00,4.748809e+00,4.745489e+00,4.477732e+00,4.803818e+00,4.741240e+00,4.630233e+00,4.460540e+00,4.638654e+00,4.461656e+00,3.653515e+00,4.538979e+00,4.555033e+00,4.802969e+00,4.411060e+00,4.226729e+00,4.681185e+00,4.809296e+00,4.449022e+00,4.721998e+00,4.588493e+00,4.735149e+00,4.656119e+00,4.616693e+00,4.847169e+00,4.576332e+00,4.678944e+00,4.438831e+00,4.722881e+00,4.552365e+00,4.634315e+00,4.832326e+00,4.382326e+00,4.861098e+00,4.612978e+00,4.801744e+00,4.770807e+00,4.684122e+00,4.919091e+00,4.793873e+00,4.636738e+00,4.992579e+00,5.001903e+00,4.907826e+00,5.005422e+00,4.761747e+00,4.828684e+00,4.922057e+00,4.778621e+00,4.906058e+00,4.879964e+00,4.457366e+00,4.885112e+00,4.545085e+00,4.985738e+00,4.971073e+00,4.822600e+00,4.790049e+00,4.913816e+00,4.888946e+00,4.769337e+00,4.737868e+00,4.889325e+00
4.668520e+00,4.643520e+00,4.894338e+00,4.828183e+00,4.606236e+00,4.918383e+00,4.703185e+00,4.860730e+00,4.809699e+00,4.884296e+00,4.967606e+00,4.144162e+00,4.103777e+00,4.380236e+00,3.459696e+00,4.854617e+00,4.272371e+00,4.936574e+00,4.522648e+00,4.443383e+00,3.589180e+00,1.009006e+01,2.897493e+00,7.225300e+00,4.140169e+00,9.498002e+00,4.155086e+00,3.648056e+00,7.456774e+00,2.573406e+00,2.646250e+00,2.620226e+00,4.411294e+00,2.638075e+00,3.431358e+00,4.533293e+00,4.798098e+00,4.857904e+00,4.535349e+00,2.781189e+00,4.124178e+00,3.534673e+00,4.380485e+00,3.469099e+00,3.134174e+00,4.234963e+00,4.377682e+00,4.762332e+00,2.835388e+00,3.903420e+00,4.500940e+00,3.927996e+00,4.819621e+00,4.302318e+00,4.619046e+00,3.475974e+00,3.097012e+00,4.353255e+00,3.678036e+00,3.762979e+00,4.707720e+00,4.346700e+00,3.287943e+00,3.896274e+00,4.010943e+00,3.004139e+00,3.893776e+00,3.069151e+00,4.126498e+00,4.419755e+00,4.053174e+00,3.782001e+00,3.554324e+00,3.645313e+00,4.678242e+00,4.215703e+00,4.024887e+00,4.122304e+00,4.435325e+00,4.050167e+00,3.437822e+00,3.422735e+00,4.062611e+00,4.701944e+00,4.698469e+00,4.164962e+00,3.087478e+00,4.245154e+00,3.760894e+00,3.435469e+00,3.906107e+00,4.625030e+00,4.677642e+00,4.064111e+00,3.504589e+00,3.744581e+00,4.701928e+00,4.054730e+00,4.343755e+00,3.686588e+00,4.057094e+00,4.519436e+00,4.355355e+00,4.547762e+00,4.725711e+00,4.411145e+00,4.502431e+00,4.702671e+00,4.896271e+00,4.780744e+00,4.626050e+00,4.730115e+00,4.989132e+00,4.825783e+00,4.686361e+00,4.788914e+00,4.604614e+00,4.647121e+00,4.738805e+00,4.484126e+00,5.043575e+00,4.908464e+00,4.593097e+00,4.753961e+00,4.816009e+00,4.740031e+00,4.889410e+00,4.908117e+00,4.776395e+00,4.229515e+00,4.447937e+00,4.097666e+00,3.717692e+00,4.885965e+00,4.348875e+00,4.383435e+00,4.865350e+00,3.587626e+00,4.442281e+00,2.837551e+00,4.368272e+00,4.784392e+00,3.187887e+00,4.890535e+00,4.098780e+00,4.354713e+00,3.775639e+00,4.243888e+00,3.876300e+00,4.365560e+00,4.240648e+00,4.040655e+00,4.251275e+00,4.796172e+00,4.754866e+00,4.839275e+00,4.848079e+00,3.626058e+00,4.935867e+00,4.242968e+00,4.481113e+00,2.966549e+00,3.584934e+00,3.831303e+00,3.554120e+00,4.500768e+00,3.508734e+00,4.644820e+00,4.650565e+00,4.750957e+00,4.347416e+00,4.871200e+00,4.682386e+00,4.243378e+00,4.649143e+00,4.682773e+00,4.778134e+00,4.773881e+00,4.159490e+00,4.703950e+00,4.369422e+00,4.928138e+00,4.861671e+00,4.908043e+00,4.017015e+00,4.249919e+00,3.192636e+00,4.175966e+00,4.969042e+00,4.135157e+00,4.817675e+00,4.828427e+00,4.916388e+00,4.552370e+00,4.740921e+00,4.957367e+00,4.828682e+00,4.834392e+00,4.715007e+00,4.734751e+00,4.342938e+00,4.919815e+00,4.735019e+00,4.980483e+00,4.920006e+00,4.879515e+00,4.872239e+00,4.883649e+00,4.948463e+00,4.847870e+00,4.878189e+00,4.828566e+00,4.974080e+00,4.728102e+00,4.913360e+00
4.888680e+00,4.892107e+00,4.641950e+00,4.878817e+00,4.503280e+00,4.462088e+00,4.922064e+00,4.868057e+00,4.856277e+00,4.866052e+00,4.857848e+00,4.784064e+00,4.194647e+00,4.129703e+00,4.889999e+00,4.465367e+00,4.912792e+00,4.917594e+00,4.288037e+00,4.494924e+00,3.919224e+00,3.054518e+00,2.671035e+00,4.493601e+00,3.985917e+00,3.020744e+00,2.872017e+00,4.528952e+00,5.513642e+00,4.618475e+00,3.438467e+00,3.680505e+00,3.473319e+00,4.351445e+00,4.775512e+00,4.670899e+00,4.945201e+00,4.676144e+00,4.348535e+00,4.524996e+00,4.413881e+00,4.488134e+00,3.798255e+00,4.347079e+00,4.309079e+00,2.473287e+00,4.512836e+00,4.367542e+00,4.513500e+00,4.757433e+00,4.296098e+00,4.718465e+00,4.566945e+00,4.967665e+00,3.170699e+00,3.427315e+00,4.414852e+00,4.230841e+00,4.560995e+00,2.811900e+00,4.247181e+00,3.659427e+00,2.861890e+00,3.121876e+00,3.855686e+00,3.054706e+00,4.323142e+00,4.023760e+00,4.454511e+00,4.561931e+00,4.078548e+00,4.567122e+00,4.043078e+00,4.523737e+00,2.694820e+00,3.590267e+00,3.858638e+00,3.842651e+00,3.028496e+00,3.731500e+00,4.026424e+00,2.432435e+00,3.407214e+00,3.699717e+00,4.142595e+00,3.748952e+00,3.531481e+00,4.483680e+00,4.475652e+00,2.666942e+00,3.187652e+00,3.290785e+00,2.634628e+00,2.951843e+00,4.045587e+00,4.448442e+00,3.800285e+00,3.399395e+00,4.140290e+00,4.018968e+00,4.908256e+00,4.880966e+00,4.597191e+00,4.926541e+00,4.578701e+00,4.838841e+00,4.561291e+00,4.595479e+00,4.815164e+00,4.588083e+00,4.695814e+00,3.904985e+00,4.898862e+00,4.576464e+00,4.769279e+00,4.875059e+00,4.592696e+00,4.416305e+00,4.696499e+00,4.435995e+00,4.531945e+00,4.572922e+00,4.626011e+00,4.633336e+00,4.516013e+00,4.674681e+00,4.794274e+00,4.870952e+00,4.811963e+00,4.810176e+00,4.650144e+00,4.290855e+00,4.562786e+00,4.442029e+00,4.390236e+00,3.554382e+00,4.722489e+00,3.346131e+00,3.912796e+00,4.680410e+00,4.698479e+00,3.718994e+00,4.685954e+00,4.532438e+00,4.399727e+00,4.677345e+00,4.550172e+00,4.518405e+00,3.297830e+00,4.080403e+00,4.677704e+00,4.470060e+00,4.535079e+00,4.738964e+00,3.710248e+00,4.455074e+00,2.963482e+00,4.778485e+00,4.501986e+00,3.361509e+00,4.466216e+00,4.453724e+00,4.490649e+00,4.605610e+00,4.443725e+00,4.549023e+00,3.047817e+00,4.530591e+00,4.072240e+00,4.582332e+00,4.710005e+00,3.801596e+00,4.340685e+00,4.181317e+00,4.766034e+00,4.144586e+00,4.803978e+00,4.930449e+00,4.675419e+00,4.519167e+00,4.762982e+00,4.824416e+00,4.901273e+00,4.376818e+00,4.581010e+00,4.727168e+00,3.719969e+00,4.327842e+00,4.837009e+00,4.061418e+00,4.812241e+00,4.760631e+00,4.836939e+00,4.738995e+00,4.515646e+00,4.979733e+00,4.563313e+00,4.672144e+00,4.845604e+00,4.809684e+00,4.972942e+00,4.526286e+00,4.857356e+00,4.948422e+00,5.048005e+00,4.853413e+00,4.864827e+00,4.857134e+00,4.598371e+00,4.820041e+00,4.880516e+00,4.473034e+00,4.781600e+00,4.805565e+00,4.498437e+00
4.684120e+00,4.914728e+00,4.797812e+00,4.955460e+00,4.734124e+00,4.729367e+00,4.543189e+00,4.867611e+00,4.811435e+00,4.827632e+00,4.674819e+00,4.659902e+00,4.600428e+00,3.929786e+00,4.088921e+00,4.698835e+00,4.996277e+00,4.695064e+00,4.473221e+00,3.903959e+00,3.410532e+00,2.860567e+00,7.847196e+00,3.571087e+00,3.997580e+00,2.962039e+00,3.939577e+00,4.797220e+00,4.137520e+00,2.857221e+00,3.834881e+00,2.496324e+00,3.359485e+00,4.335186e+00,4.905003e+00,4.871700e+00,4.589066e+00,4.342834e+00,4.133099e+00,2.782018e+00,3.978339e+00,3.662410e+00,3.664976e+00,3.957859e+00,4.119674e+00,3.540277e+00,3.781790e+00,4.521793e+00,3.843413e+00,3.021364e+00,3.457675e+00,3.748856e+00,4.081840e+00,4.824863e+00,4.701520e+00,4.354446e+00,3.570110e+00,3.940290e+00,3.772185e+00,3.214566e+00,3.942344e+00,3.202003e+00,3.504954e+00,3.265437e+00,4.341313e+00,3.937415e+00,4.667603e+00,3.317175e+00,4.616990e+00,4.489347e+00,3.461268e+00,3.777625e+00,4.018075e+00,4.177452e+00,4.214078e+00,3.878808e+00,4.485921e+00,3.711113e+00,4.063716e+00,3.415970e+00,3.222879e+00,4.396702e+00,3.444473e+00,4.311041e+00,3.343532e+00,4.450384e+00,3.635281e+00,4.628644e+00,4.586963e+00,3.775027e+00,4.612190e+00,4.686815e+00,3.316445e+00,4.546844e+00,3.416809e+00,4.265054e+00,4.852916e+00,4.125790e+00,4.582897e+00,4.925490e+00,4.928785e+00,4.460131e+00,4.716872e+00,4.877542e+00,4.480476e+00,4.866588e+00,4.863071e+00,4.604104e+00,4.463646e+00,4.548439e+00,4.271192e+00,4.111198e+00,4.594971e+00,4.634834e+00,4.116875e+00,4.392201e+00,4.816904e+00,4.726303e+00,4.401720e+00,4.756369e+00,4.718406e+00,4.562078e+00,4.715512e+00,4.300823e+00,4.559079e+00,4.637023e+00,4.620587e+00,4.306279e+00,4.213117e+00,4.089989e+00,4.569566e+00,4.770483e+00,4.562762e+00,4.891378e+00,4.564297e+00,2.912468e+00,3.366249e+00,4.325034e+00,4.121272e+00,4.705020e+00,3.903468e+00,4.517870e+00,4.273921e+00,3.381592e+00,4.555784e+00,4.383788e+00,3.234461e+00,4.616374e+00,4.481449e+00,4.486769e+00,4.530658e+00,3.581294e+00,4.908790e+00,4.863461e+00,4.673504e+00,4.066800e+00,4.743217e+00,4.687356e+00,3.694499e+00,4.678982e+00,4.640860e+00,4.364953e+00,3.789173e+00,3.878558e+00,4.183237e+00,4.612506e+00,4.482641e+00,4.622858e+00,4.541347e+00,4.671898e+00,4.469864e+00,4.582601e+00,4.376107e+00,4.574010e+00,4.309276e+00,4.546963e+00,4.593962e+00,4.570269e+00,4.128512e+00,4.601559e+00,4.667705e+00,4.553460e+00,4.855503e+00,4.801252e+00,4.932824e+00,4.736905e+00,3.538172e+00,3.301693e+00,4.640981e+00,5.004420e+00,4.797375e+00,4.816369e+00,4.839712e+00,4.552090e+00,4.999817e+00,4.649814e+00,4.641737e+00,4.904829e+00,4.644727e+00,4.906492e+00,4.846017e+00,4.875215e+00,4.678081e+00,4.932892e+00,4.998623e+00,4.814738e+00,4.650369e+00,4.930410e+00,4.861094e+00,4.897903e+00,4.691444e+00,4.883515e+00,4.606725e+00,4.571505e+00,4.825761e+00
4.715086e+00,4.883934e+00,4.606339e+00,4.850843e+00,4.494283e+00,4.777849e+00,4.775886e+00,4.911506e+00,4.936947e+00,4.752886e+00,3.488905e+00,4.709246e+00,3.846666e+00,4.654404e+00,4.578713e+00,4.898612e+00,4.898927e+00,3.971463e+00,3.499786e+00,3.233294e+00,2.839119e+00,1.017698e+01,3.696970e+00,6.678125e+00,3.143289e+00,5.440928e+00,3.214539e+00,2.453104e+00,3.067865e+00,3.886814e+00,3.826981e+00,2.994407e+00,2.715947e+00,4.904900e+00,4.854976e+00,4.934182e+00,4.758480e+00,3.920349e+00,4.160694e+00,4.421806e+00,3.707132e+00,4.211063e+00,3.594431e+00,4.507726e+00,3.883674e+00,3.918621e+00,4.422450e+00,3.157336e+00,4.571389e+00,4.296631e+00,4.335300e+00,3.961681e+00,3.795659e+00,3.880176e+00,4.542358e+00,3.681363e+00,3.473350e+00,3.934983e+00,3.380007e+00,4.229670e+00,3.267648e+00,2.926385e+00,4.378227e+00,4.534333e+00,4.105242e+00,3.636065e+00,3.751999e+00,4.068149e+00,4.738808e+00,4.465110e+00,3.668198e+00,4.444278e+00,4.553354e+00,3.945526e+00,3.656777e+00,3.352842e+00,3.706655e+00,4.473882e+00,3.903887e+00,2.791958e+00,2.911337e+00,4.459012e+00,3.551569e+00,4.009798e+00,4.699167e+00,4.099800e+00,3.163127e+00,4.644907e+00,3.234697e+00,3.536939e+00,3.846643e+00,4.166361e+00,3.049619e+00,4.455224e+00,4.587965e+00,4.764813e+00,4.004684e+00,4.933019e+00,4.834774e+00,4.648431e+00,4.734781e+00,4.372137e+00,4.853049e+00,4.618655e+00,4.799657e+00,4.788179e+00,4.468547e+00,4.802847e+00,4.746387e+00,4.738683e+00,4.630698e+00,4.621875e+00,4.826428e+00,4.453231e+00,3.843661e+00,3.934288e+00,4.660372e+00,4.794792e+00,4.488247e+00,4.671204e+00,4.679322e+00,4.682631e+00,4.541131e+00,4.369842e+00,4.432965e+00,4.566524e+00,4.336842e+00,4.569960e+00,4.770740e+00,4.107932e+00,4.662766e+00,4.345445e+00,4.638079e+00,4.918350e+00,4.858282e+00,4.393701e+00,3.866567e+00,4.410074e+00,3.709885e+00,4.928098e+00,3.581281e+00,3.697797e+00,4.452624e+00,4.854688e+00,3.992189e+00,4.708138e+00,4.032464e+00,4.388791e+00,3.653773e+00,4.786790e+00,4.750716e+00,4.815279e+00,4.834306e+00,4.771168e+00,4.543656e+00,4.968214e+00,3.819013e+00,4.007033e+00,4.188428e+00,3.935431e+00,4.169057e+00,3.981120e+00,4.492774e+00,4.073289e+00,4.044158e+00,3.635918e+00,4.824995e+00,4.105827e+00,4.456306e+00,4.430913e+00,4.276751e+00,4.594737e+00,4.423484e+00,4.543816e+00,4.689852e+00,4.489595e+00,4.714293e+00,4.767401e+00,4.003790e+00,4.607311e+00,4.758636e+00,4.512263e+00,4.887307e+00,4.275964e+00,4.953816e+00,4.774448e+00,4.482179e+00,3.946243e+00,3.893611e+00,4.780155e+00,3.839234e+00,4.871363e+00,4.922162e+00,4.961353e+00,4.721239e+00,4.728468e+00,4.949249e+00,4.349735e+00,4.620509e+00,4.772173e+00,4.781817e+00,4.725378e+00,4.796593e+00,4.945049e+00,5.006060e+00,4.789162e+00,4.714643e+00,4.775427e+00,4.882669e+00,4.719974e+00,4.981569e+00,4.691444e+00,4.848663e+00,4.989736e+00,5.042090e+00
4.958691e+00,4.855365e+00,4.349967e+00,4.795446e+00,4.846877e+00,4.866427e+00,4.904404e+00,4.685734e+00,4.892180e+00,4.924473e+00,4.751196e+00,4.275803e+00,3.448930e+00,4.600407e+00,4.659313e+00,4.772319e+00,4.172459e+00,4.158238e+00,2.933368e+00,5.025550e+00,2.807862e+00,2.639025e+00,2.882231e+00,3.280839e+00,3.882605e+00,3.174437e+00,5.219695e+00,2.730857e+00,2.527428e+00,2.425796e+00,3.227755e+00,3.424231e+00,4.603263e+00,4.447712e+00,4.758214e+00,4.906840e+00,4.276119e+00,4.663578e+00,3.771662e+00,4.009827e+00,4.097310e+00,2.503535e+00,4.063004e+00,4.527018e+00,3.806135e+00,3.673824e+00,4.662791e+00,2.807089e+00,3.240886e+00,4.406215e+00,4.594642e+00,4.199687e+00,4.198048e+00,3.536158e+00,4.653556e+00,4.605945e+00,3.030092e+00,2.786752e+00,4.985864e+00,4.318482e+00,2.585150e+00,3.698041e+00,4.268157e+00,4.520860e+00,3.493773e+00,3.954439e+00,3.893754e+00,4.161185e+00,4.836777e+00,3.833368e+00,4.744841e+00,3.821171e+00,3.916425e+00,4.091488e+00,4.015031e+00,4.658631e+00,4.190222e+00,4.589459e+00,4.613338e+00,3.645132e+00,4.082088e+00,4.612680e+00,3.877712e+00,4.150228e+00,4.541768e+00,3.144115e+00,3.494114e+00,3.796885e+00,3.600202e+00,4.128673e+00,2.911739e+00,3.390506e+00,4.705365e+00,4.509128e+00,4.083370e+00,4.961432e+00,4.851078e+00,4.799122e+00,4.749809e+00,4.588713e+00,4.705342e+00,4.709981e+00,4.414621e+00,4.570088e+00,4.391297e+00,4.743347e+00,4.482339e+00,4.236533e+00,4.583522e+00,4.862907e+00,4.697835e+00,4.768249e+00,4.895240e+00,4.824686e+00,4.177423e+00,4.279841e+00,4.521362e+00,4.256964e+00,4.469259e+00,4.667313e+00,4.699194e+00,4.758040e+00,4.581182e+00,4.864948e+00,4.677188e+00,4.598298e+00,4.706042e+00,4.349332e+00,4.784386e+00,4.174506e+00,4.762929e+00,4.053899e+00,4.484308e+00,4.619152e+00,4.643532e+00,4.570270e+00,4.652939e+00,2.721943e+00,4.083476e+00,3.198309e+00,3.956916e+00,3.801957e+00,4.941969e+00,4.415877e+00,4.493319e+00,4.819207e+00,4.683565e+00,4.480933e+00,4.720381e+00,3.978054e+00,4.709615e+00,4.736013e+00,4.871085e+00,4.935300e+00,4.254772e+00,4.692788e+00,4.416312e+00,4.676848e+00,4.445831e+00,4.797041e+00,4.182194e+00,4.437561e+00,4.775575e+00,4.388608e+00,4.940720e+00,4.081063e+00,3.758481e+00,4.812875e+00,3.711890e+00,4.827557e+00,4.647391e+00,4.986713e+00,4.502396e+00,4.585110e+00,4.416318e+00,4.696241e+00,4.266927e+00,4.746287e+00,4.562770e+00,4.609961e+00,4.754041e+00,4.524527e+00,4.531534e+00,4.875571e+00,4.653084e+00,4.723859e+00,3.902572e+00,3.262243e+00,4.819059e+00,4.786595e+00,4.913822e+00,4.962738e+00,4.967115e+00,4.791280e+00,4.703635e+00,4.846923e+00,4.947774e+00,4.891456e+00,4.775019e+00,4.869656e+00,4.550143e+00,4.831322e+00,4.742704e+00,4.859840e+00,4.680605e+00,4.899590e+00,4.773056e+00,4.769158e+00,4.949576e+00,4.293494e+00,4.990246e+00,5.009646e+00,4.786124e+00,4.919660e+00,4.942990e+00
4.957953e+00,4.834108e+00,4.599651e+00,4.761411e+00,4.802504e+00,4.657811e+00,4.906126e+00,4.946610e+00,4.576641e+00,4.775071e+00,4.837891e+00,4.785222e+00,3.822552e+00,4.979853e+00,4.915103e+00,4.580555e+00,4.450287e+00,2.878026e+00,2.839943e+00,4.911190e+00,6.720204e+00,3.175274e+00,3.449645e+00,6.597846e+00,3.106016e+00,2.668994e+00,4.941392e+00,3.029507e+00,3.444879e+00,3.739668e+00,4.078280e+00,2.955565e+00,4.802758e+00,4.922915e+00,4.652123e+00,4.719583e+00,3.866941e+00,3.300833e+00,4.212979e+00,3.222190e+00,4.750145e+00,3.760944e+00,3.643252e+00,3.804185e+00,4.547984e+00,4.455003e+00,4.005567e+00,3.699482e+00,3.741994e+00,3.408066e+00,3.813367e+00,3.149536e+00,3.653227e+00,4.617035e+00,4.120192e+00,4.556627e+00,3.823069e+00,3.750358e+00,4.056146e+00,3.412099e+00,3.743022e+00,4.625284e+00,4.456411e+00,4.624730e+00,3.628588e+00,3.799569e+00,3.770111e+00,3.293037e+00,3.272882e+00,4.883394e+00,4.230442e+00,3.251389e+00,3.931583e+00,4.751146e+00,3.930432e+00,4.046606e+00,3.615787e+00,3.487708e+00,3.701050e+00,3.186748e+00,4.544222e+00,4.114759e+00,3.778629e+00,3.833186e+00,4.451056e+00,4.468717e+00,4.049515e+00,3.584013e+00,4.450212e+00,4.223173e+00,4.056563e+00,4.532592e+00,4.581196e+00,4.875755e+00,4.959662e+00,4.616977e+00,4.675565e+00,4.645416e+00,4.555989e+00,4.861634e+00,4.432517e+00,4.472719e+00,4.684827e+00,4.661941e+00,4.446168e+00,4.496249e+00,4.742940e+00,4.613202e+00,4.605742e+00,4.205907e+00,4.577042e+00,4.690738e+00,3.597817e+00,4.708401e+00,3.401059e+00,4.395357e+00,4.409962e+00,4.839458e+00,4.761206e+00,4.442156e+00,4.649938e+00,4.691117e+00,3.864353e+00,4.496406e+00,4.407356e+00,4.575219e+00,4.613515e+00,4.672785e+00,4.724560e+00,4.593331e+00,4.309624e+00,4.124796e+00,4.234994e+00,4.013311e+00,4.668877e+00,4.686862e+00,4.991489e+00,4.728982e+00,4.043825e+00,3.936157e+00,4.168772e+00,4.633736e+00,4.588985e+00,4.471941e+00,3.715382e+00,3.540399e+00,4.595501e+00,4.577178e+00,4.297778e+00,4.466334e+00,4.558677e+00,4.439600e+00,4.821499e+00,4.262371e+00,4.765562e+00,3.952673e+00,3.510165e+00,4.376021e+00,3.533852e+00,4.686898e+00,4.110378e+00,4.304400e+00,4.231492e+00,4.048898e+00,3.697651e+00,3.077287e+00,4.546465e+00,4.185875e+00,4.768177e+00,4.586366e+00,4.637268e+00,4.688299e+00,4.685655e+00,4.336790e+00,3.853175e+00,4.773658e+00,3.893806e+00,4.812366e+00,4.476768e+00,4.237325e+00,4.582172e+00,4.849623e+00,4.710457e+00,4.960813e+00,4.812728e+00,4.935349e+00,4.623354e+00,3.783906e+00,2.737113e+00,4.007666e+00,4.415628e+00,4.653248e+00,4.899889e+00,4.817424e+00,4.769706e+00,4.665762e+00,4.870958e+00,4.682700e+00,5.023031e+00,4.697505e+00,4.895156e+00,4.924653e+00,4.787066e+00,4.732733e+00,4.037893e+00,4.766329e+00,4.829220e+00,4.794447e+00,4.944970e+00,4.740176e+00,4.868790e+00,4.768633e+00,4.673031e+00,4.741478e+00,4.836563e+00
4.646789e+00,4.801327e+00,4.761298e+00,4.633833e+00,4.753933e+00,4.927377e+00,4.832861e+00,4.799320e+00,4.941341e+00,4.831865e+00,4.676876e+00,4.474536e+00,4.298693e+00,4.885539e+00,4.451306e+00,4.774759e+00,2.911357e+00,3.382332e+00,4.888311e+00,3.675043e+00,3.730069e+00,3.832770e+00,3.726052e+00,4.983855e+00,7.498376e+00,2.544598e+00,3.767214e+00,2.548326e+00,2.660796e+00,3.468540e+00,2.902976e+00,4.655919e+00,4.754277e+00,4.849029e+00,4.842009e+00,4.863564e+00,4.516018e+00,3.706122e+00,4.858235e+00,4.071743e+00,4.324978e+00,3.366178e+00,3.743572e+00,4.583554e+00,3.436426e+00,3.583440e+00,3.894585e+00,3.950540e+00,3.478144e+00,2.401458e+00,3.602419e+00,5.038140e+00,4.936628e+00,2.643372e+00,3.447251e+00,3.827343e+00,4.195558e+00,2.886304e+00,2.941588e+00,2.765559e+00,3.694050e+00,4.287997e+00,2.966218e+00,3.900071e+00,2.786458e+00,4.154835e+00,2.658264e+00,3.970938e+00,4.532149e+00,4.028836e+00,4.469573e+00,4.286853e+00,3.203809e+00,4.212897e+00,4.152329e+00,2.704306e+00,4.431367e+00,4.400045e+00,3.552511e+00,2.821764e+00,4.336565e+00,4.074849e+00,3.931944e+00,2.903874e+00,4.603639e+00,2.953875e+00,4.044214e+00,3.355656e+00,3.253534e+00,3.958773e+00,3.724083e+00,4.455502e+00,4.788445e+00,4.993382e+00,4.848203e+00,4.799869e+00,4.321229e+00,4.200647e+00,4.550797e+00,4.658929e+00,4.798431e+00,4.755663e+00,4.432585e+00,4.801557e+00,4.524975e+00,4.236299e+00,4.502036e+00,4.718382e+00,4.796099e+00,4.592803e+00,4.641067e+00,4.556502e+00,3.565200e+00,4.483588e+00,4.126409e+00,4.868404e+00,4.099163e+00,4.415126e+00,4.612821e+00,4.720221e+00,3.854385e+00,4.577684e+00,4.458253e+00,4.319744e+00,4.828663e+00,4.671734e+00,3.853171e+00,4.815885e+00,4.762134e+00,4.651622e+00,4.709759e+00,3.800984e+00,4.489966e+00,3.646689e+00,3.460376e+00,3.642863e+00,4.791551e+00,4.713001e+00,4.885382e+00,4.587699e+00,3.688279e+00,3.972862e+00,4.092260e+00,4.774578e+00,3.568317e+00,4.666057e+00,3.977595e+00,4.254413e+00,4.073909e+00,4.359945e+00,4.458248e+00,4.765415e+00,4.757761e+00,4.929848e+00,4.741256e+00,3.887522e+00,4.711969e+00,4.662322e+00,3.143147e+00,4.262834e+00,4.305439e+00,4.114247e+00,4.582895e+00,4.746533e+00,4.897726e+00,4.071391e+00,4.282398e+00,4.523221e+00,4.477544e+00,4.732848e+00,4.530409e+00,4.682607e+00,4.681940e+00,4.601431e+00,4.401895e+00,4.378838e+00,4.627623e+00,4.669295e+00,4.482348e+00,4.092306e+00,4.834515e+00,4.740945e+00,4.508196e+00,4.826083e+00,4.785362e+00,4.849802e+00,4.676079e+00,3.246320e+00,3.302837e+00,4.130805e+00,4.626311e+00,4.239805e+00,4.741648e+00,5.032939e+00,4.877289e+00,4.907017e+00,4.705106e+00,4.868878e+00,4.739662e+00,4.879816e+00,4.835427e+00,4.372180e+00,4.766621e+00,4.907742e+00,4.639740e+00,4.925835e+00,4.843322e+00,4.815319e+00,4.785555e+00,4.776870e+00,4.961519e+00,4.888807e+00,4.824035e+00,4.924283e+00,4.714412e+00
5.000870e+00,4.874159e+00,4.737079e+00,4.995545e+00,4.982400e+00,4.960310e+00,4.856485e+00,4.974899e+00,4.611856e+00,4.410637e+00,4.162849e+00,3.599116e+00,4.415658e+00,4.836611e+00,5.034764e+00,4.569835e+00,3.223716e+00,2.972092e+00,3.015973e+00,5.693819e+00,2.779872e+00,2.670981e+00,2.785675e+00,3.723612e+00,3.459700e+00,5.180149e+00,3.778865e+00,2.958956e+00,3.269956e+00,2.265902e+00,4.086595e+00,4.761117e+00,4.748266e+00,4.936826e+00,4.619632e+00,4.789015e+00,2.875383e+00,3.711601e+00,4.428951e+00,3.966011e+00,3.517372e+00,4.307841e+00,3.498032e+00,3.272491e+00,4.123902e+00,3.635617e+00,2.387941e+00,3.110589e+00,3.962214e+00,3.415820e+00,3.982183e+00,3.321654e+00,1.016952e+01,5.211398e+00,2.699178e+00,3.949530e+00,3.179481e+00,3.913381e+00,3.863988e+00,3.608600e+00,4.452874e+00,3.378163e+00,3.929042e+00,3.184075e+00,3.886858e+00,4.239810e+00,3.706037e+00,4.481543e+00,2.909737e+00,3.486078e+00,3.254937e+00,4.373699e+00,4.425253e+00,2.869351e+00,3.537329e+00,3.328422e+00,3.536128e+00,4.327801e+00,4.613619e+00,4.291624e+00,4.486285e+00,3.767000e+00,4.015715e+00,3.983783e+00,3.184855e+00,4.340342e+00,3.216033e+00,3.637666e+00,4.117166e+00,4.581056e+00,4.412078e+00,4.912510e+00,4.708415e+00,4.761052e+00,4.752590e+00,4.051090e+00,3.868495e+00,4.530750e+00,4.723742e+00,4.557322e+00,4.500253e+00,4.594127e+00,4.493501e+00,4.491892e+00,4.512219e+00,4.366117e+00,4.526082e+00,4.627357e+00,4.361949e+00,3.989601e+00,4.620706e+00,3.982714e+00,3.815744e+00,3.901657e+00,3.267931e+00,4.617427e+00,4.430874e+00,4.800643e+00,4.734516e+00,4.317333e+00,3.328618e+00,4.682938e+00,4.236284e+00,4.465639e+00,4.300661e+00,4.631488e+00,4.626677e+00,3.962096e+00,4.385468e+00,4.657470e+00,4.268604e+00,2.802715e+00,4.404007e+00,4.586122e+00,4.422003e+00,4.171167e+00,4.838238e+00,4.207189e+00,4.906008e+00,4.644700e+00,4.140662e+00,3.576618e+00,3.104457e+00,4.887239e+00,3.513494e+00,3.826420e+00,4.715753e+00,4.521233e+00,4.520971e+00,4.613214e+00,3.214463e+00,4.537102e+00,4.369029e+00,4.791089e+00,4.342958e+00,2.804214e+00,4.776959e+00,4.368942e+00,4.280888e+00,4.822630e+00,4.382416e+00,4.080314e+00,4.714565e+00,4.467841e+00,4.506790e+00,4.554610e+00,4.575934e+00,4.266219e+00,4.296399e+00,4.347985e+00,4.179767e+00,4.865402e+00,4.507471e+00,4.649078e+00,4.468147e+00,4.581963e+00,3.918983e+00,4.216262e+00,3.696309e+00,4.571486e+00,4.649204e+00,4.736114e+00,4.583141e+00,4.696138e+00,4.744450e+00,4.923002e+00,4.943823e+00,4.483888e+00,3.978167e+00,3.348677e+00,4.228536e+00,4.801439e+00,4.645325e+00,4.867814e+00,4.977455e+00,4.722321e+00,4.556358e+00,4.983422e+00,4.955270e+00,4.927148e+00,4.971162e+00,4.693313e+00,4.837646e+00,4.779371e+00,4.909933e+00,4.835742e+00,4.620530e+00,5.018441e+00,4.858677e+00,4.640999e+00,4.772861e+00,4.968269e+00,4.713939e+00,5.029544e+00,4.861576e+00
4.801524e+00,4.919480e+00,4.658587e+00,4.901771e+00,4.932356e+00,4.665290e+00,4.998619e+00,4.815330e+00,4.605687e+00,4.709275e+00,4.930360e+00,3.732624e+00,4.075260e+00,4.733004e+00,4.679879e+00,4.618545e+00,3.542052e+00,3.038989e+00,2.977072e+00,3.082848e+00,3.291577e+00,4.327193e+00,3.480198e+00,7.192530e+00,3.216002e+00,3.120829e+00,3.017093e+00,2.549730e+00,3.029735e+00,2.650736e+00,4.768123e+00,4.879545e+00,4.880296e+00,4.531532e+00,4.528155e+00,4.480443e+00,3.724243e+00,3.759104e+00,3.529300e+00,4.113287e+00,2.934420e+00,4.147856e+00,4.583959e+00,3.153617e+00,4.085438e+00,3.622300e+00,3.787738e+00,3.199366e+00,2.647132e+00,2.739087e+00,3.571879e+00,2.750246e+00,8.461374e+00,3.503354e+00,7.189327e+00,4.513801e+00,2.930546e+00,4.851453e+00,4.794029e+00,4.690700e+00,4.432201e+00,3.996262e+00,4.417475e+00,4.657822e+00,4.445522e+00,3.255887e+00,3.615234e+00,4.427963e+00,4.414204e+00,4.289465e+00,3.634509e+00,3.848341e+00,4.591744e+00,4.119495e+00,3.690102e+00,4.122462e+00,2.640730e+00,3.825949e+00,3.235557e+00,3.624105e+00,4.326628e+00,4.859142e+00,3.618246e+00,4.383974e+00,4.088654e+00,4.484270e+00,3.923917e+00,4.103567e+00,4.716321e+00,4.806169e+00,4.715490e+00,4.840166e+00,4.835621e+00,4.762197e+00,4.495184e+00,4.455348e+00,4.694362e+00,4.437306e+00,4.758830e+00,4.235084e+00,4.479200e+00,4.449090e+00,4.445189e+00,4.814950e+00,4.759231e+00,4.564177e+00,4.887794e+00,4.833319e+00,4.143769e+00,4.701272e+00,4.644902e+00,4.758653e+00,4.815520e+00,3.905518e+00,4.418920e+00,4.570989e+00,4.764755e+00,4.545937e+00,4.246600e+00,4.693922e+00,4.531908e+00,4.445970e+00,4.815423e+00,4.634285e+00,4.385911e+00,4.105323e+00,4.717351e+00,4.348017e+00,4.662595e+00,3.043046e+00,3.942476e+00,2.730100e+00,4.629579e+00,3.384121e+00,4.643189e+00,4.203181e+00,4.254628e+00,4.533668e+00,4.699782e+00,4.488639e+00,4.788723e+00,3.722661e+00,4.418192e+00,3.344009e+00,4.327722e+00,4.717227e+00,4.197232e+00,3.925069e+00,4.776726e+00,4.256861e+00,4.297414e+00,4.078689e+00,4.608565e+00,4.689746e+00,4.426655e+00,3.771308e+00,4.674111e+00,3.661290e+00,4.742082e+00,4.145307e+00,4.049198e+00,3.649204e+00,4.230971e+00,4.398733e+00,4.274488e+00,4.705042e+00,3.726858e+00,4.580898e+00,4.599300e+00,4.794061e+00,4.730764e+00,4.521406e+00,4.755625e+00,4.266908e+00,4.690498e+00,3.885998e+00,4.411823e+00,4.534449e+00,4.114797e+00,3.875249e+00,4.239985e+00,4.730881e+00,4.953359e+00,4.836822e+00,4.835864e+00,4.697497e+00,4.929146e+00,4.690763e+00,4.071904e+00,2.685793e+00,3.929013e+00,4.911544e+00,3.281149e+00,4.480151e+00,4.970030e+00,4.819752e+00,4.852024e+00,4.520363e+00,4.838241e+00,4.923589e+00,4.691245e+00,4.777700e+00,4.833170e+00,4.725844e+00,4.501795e+00,4.818087e+00,4.815157e+00,4.848483e+00,4.805354e+00,4.704664e+00,4.887574e+00,4.938317e+00,4.880262e+00,4.242273e+00,4.664553e+00
4.993317e+00,4.412827e+00,4.650988e+00,4.798186e+00,4.927763e+00,4.989780e+00,4.861762e+00,4.614379e+00,4.674758e+00,3.644325e+00,4.766816e+00,4.488125e+00,4.555714e+00,4.872534e+00,4.854757e+00,3.333417e+00,2.872761e+00,3.036577e+00,4.549073e+00,2.900399e+00,2.974477e+00,4.470111e+00,3.971196e+00,3.578114e+00,2.559527e+00,2.647908e+00,2.591383e+00,2.639678e+00,3.340246e+00,2.889767e+00,4.829182e+00,4.931239e+00,4.625638e+00,3.950079e+00,4.829112e+00,2.952438e+00,3.642486e+00,4.635034e+00,4.447144e+00,4.225223e+00,4.575811e+00,4.441571e+00,4.516601e+00,2.894632e+00,3.456704e+00,4.299199e+00,3.225193e+00,2.807916e+00,2.872666e+00,4.002009e+00,3.340972e+00,5.773082e+00,3.825790e+00,4.585060e+00,9.175914e+00,2.751831e+00,3.548936e+00,4.737396e+00,3.918148e+00,4.321052e+00,4.262587e+00,4.840113e+00,4.943751e+00,4.807970e+00,4.813420e+00,3.388756e+00,4.380536e+00,3.679493e+00,3.139230e+00,3.494950e+00,4.020900e+00,3.735134e+00,4.012117e+00,4.643416e+00,3.069224e+00,3.751016e+00,3.906231e+00,3.793754e+00,4.438590e+00,3.751655e+00,3.714926e+00,3.453364e+00,3.890691e+00,3.683372e+00,3.641245e+00,4.436847e+00,4.177722e+00,4.623076e+00,4.807386e+00,4.887724e+00,4.395852e+00,4.770110e+00,4.658977e+00,4.532490e+00,4.667942e+00,4.190193e+00,4.523087e+00,4.374642e+00,4.198926e+00,4.440420e+00,4.121491e+00,4.678528e+00,4.458064e+00,4.313793e+00,4.087517e+00,4.462108e+00,4.680870e+00,4.447293e+00,4.239826e+00,4.748207e+00,4.057101e+00,4.160963e+00,4.704751e+00,4.490780e+00,4.471720e+00,4.652332e+00,4.701596e+00,4.593477e+00,4.405159e+00,4.140662e+00,4.004415e+00,4.274365e+00,4.485497e+00,4.505563e+00,3.391663e+00,4.224953e+00,3.286458e+00,4.862225e+00,4.071224e+00,4.481972e+00,3.071059e+00,3.025750e+00,4.346944e+00,4.280134e+00,4.174362e+00,3.514415e+00,3.179547e+00,4.437874e+00,4.408852e+00,4.724497e+00,4.583049e+00,4.477742e+00,4.217274e+00,4.173908e+00,3.821350e+00,3.698589e+00,4.271287e+00,4.187959e+00,4.504302e+00,3.577597e+00,4.293874e+00,4.147324e+00,4.552387e+00,4.482910e+00,4.248749e+00,3.276867e+00,4.408856e+00,4.797385e+00,4.470139e+00,4.616286e+00,3.541475e+00,4.534284e+00,4.568109e+00,4.457438e+00,4.746909e+00,4.554278e+00,4.308969e+00,4.661827e+00,4.609188e+00,4.327274e+00,4.701305e+00,4.284541e+00,4.461575e+00,3.983103e+00,3.913905e+00,4.060208e+00,4.660984e+00,3.951377e+00,4.124022e+00,4.587380e+00,4.909427e+00,4.643796e+00,4.444231e+00,4.435049e+00,4.538071e+00,4.675546e+00,4.709100e+00,4.804627e+00,3.680507e+00,5.038610e+00,4.876411e+00,4.748324e+00,4.612706e+00,4.816069e+00,4.689098e+00,4.844256e+00,4.703074e+00,4.892249e+00,4.797710e+00,4.738877e+00,4.876693e+00,4.481149e+00,4.931199e+00,5.020895e+00,4.675676e+00,4.797740e+00,4.800612e+00,5.059856e+00,4.732621e+00,4.529050e+00,4.840086e+00,4.754261e+00,4.684152e+00,4.844180e+00,4.701816e+00
4.721749e+00,4.898065e+00,4.731425e+00,4.914121e+00,4.765373e+00,4.708558e+00,4.580032e+00,4.835439e+00,4.839148e+00,4.433036e+00,2.677389e+00,4.674838e+00,4.803846e+00,4.143745e+00,4.960122e+00,3.292218e+00,2.848740e+00,3.047287e+00,3.461993e+00,3.031071e+00,3.470895e+00,2.917888e+00,3.154106e+00,2.725092e+00,2.662220e+00,7.077738e+00,2.975701e+00,3.084552e+00,3.077208e+00,4.138922e+00,4.595100e+00,4.781289e+00,4.790032e+00,4.866379e+00,3.792207e+00,4.085897e+00,3.170444e+00,4.152226e+00,3.772336e+00,4.405155e+00,4.338463e+00,3.649177e+00,3.566050e+00,4.007210e+00,4.327934e+00,4.185417e+00,4.469824e+00,3.676086e+00,6.075792e+00,3.503543e+00,9.919901e+00,3.343058e+00,3.270802e+00,3.031123e+00,9.268426e+00,4.626813e+00,4.353789e+00,4.170124e+00,4.606242e+00,4.311136e+00,4.647107e+00,3.882238e+00,3.633086e+00,3.286877e+00,4.784432e+00,4.567830e+00,4.876056e+00,4.867650e+00,4.762439e+00,4.798212e+00,4.357485e+00,4.345409e+00,3.589325e+00,3.617960e+00,3.641764e+00,4.215539e+00,4.129468e+00,4.298352e+00,3.720418e+00,3.901516e+00,3.591065e+00,3.546972e+00,4.677685e+00,3.624424e+00,4.479483e+00,4.877793e+00,4.516632e+00,4.868540e+00,4.622873e+00,4.117808e+00,4.305685e+00,5.039066e+00,4.690998e+00,4.770975e+00,4.614664e+00,4.491402e+00,4.435673e+00,4.548936e+00,4.388562e+00,4.515542e+00,4.567192e+00,4.578773e+00,3.889577e+00,4.520314e+00,4.784809e+00,3.637161e+00,4.414738e+00,4.017309e+00,4.386292e+00,3.140233e+00,4.840391e+00,4.494191e+00,4.916067e+00,3.635478e+00,3.450148e+00,4.421298e+00,4.379183e+00,4.410905e+00,4.689720e+00,3.645194e+00,3.327690e+00,4.524732e+00,4.355428e+00,3.463860e+00,3.583859e+00,4.453160e+00,4.498699e+00,3.611706e+00,3.556103e+00,4.706634e+00,4.796120e+00,4.563908e+00,4.564961e+00,4.300120e+00,3.631668e+00,4.426779e+00,4.428633e+00,3.874436e+00,4.643222e+00,4.783803e+00,4.480172e+00,4.807468e+00,4.837050e+00,3.531684e+00,3.809077e+00,3.938361e+00,3.934933e+00,4.415038e+00,4.496054e+00,4.238904e+00,4.597501e+00,4.558374e+00,4.234077e+00,4.068697e+00,4.602719e+00,4.501414e+00,4.706023e+00,4.351222e+00,3.976206e+00,4.505828e+00,4.709890e+00,4.696486e+00,4.625340e+00,4.766677e+00,4.205343e+00,3.346122e+00,4.490432e+00,4.591344e+00,4.510232e+00,4.218296e+00,4.634245e+00,4.343668e+00,4.715164e+00,3.791578e+00,4.438382e+00,4.921912e+00,4.712780e+00,4.100104e+00,3.828015e+00,4.379202e+00,4.779350e+00,4.498988e+00,4.345835e+00,4.716084e+00,4.593433e+00,4.901548e+00,4.859461e+00,4.522616e+00,4.977679e+00,3.725730e+00,3.410478e+00,4.426619e+00,4.875233e+00,4.673586e+00,4.793365e+00,4.551009e+00,4.896217e+00,4.914604e+00,4.795579e+00,4.923560e+00,4.876837e+00,4.900497e+00,4.712622e+00,4.814388e+00,4.872222e+00,5.009410e+00,4.847008e+00,4.814341e+00,4.775932e+00,4.867146e+00,4.927063e+00,4.824058e+00,4.424393e+00,4.986705e+00,4.876443e+00
4.325312e+00,4.497557e+00,5.018051e+00,4.902348e+00,4.910594e+00,4.754928e+00,4.660443e+00,4.525434e+00,4.968590e+00,4.372970e+00,4.698963e+00,4.903388e+00,4.630532e+00,4.978289e+00,3.976050e+00,3.118534e+00,3.338184e+00,4.248803e+00,5.113664e+00,4.577255e+00,8.748838e+00,4.431083e+00,3.593785e+00,2.652459e+00,3.430866e+00,2.975874e+00,2.994398e+00,4.025302e+00,4.170908e+00,4.871765e+00,4.706447e+00,4.564751e+00,4.206047e+00,3.875559e+00,3.021316e+00,4.538525e+00,3.919520e+00,4.352677e+00,3.798618e+00,3.833241e+00,4.382079e+00,4.779694e+00,4.054040e+00,4.234090e+00,4.115202e+00,2.881824e+00,2.838520e+00,2.724884e+00,7.186138e+00,4.753635e+00,6.501393e+00,3.212408e+00,3.005521e+00,3.641015e+00,3.911084e+00,4.782605e+00,4.993000e+00,3.934030e+00,3.278817e+00,4.427238e+00,3.990419e+00,4.104322e+00,3.943607e+00,4.455638e+00,4.094103e+00,3.728672e+00,3.624601e+00,3.531131e+00,4.194443e+00,4.312211e+00,4.875522e+00,4.891655e+00,4.896551e+00,4.545290e+00,4.462940e+00,3.876861e+00,4.089682e+00,3.710717e+00,4.096619e+00,2.970701e+00,4.108390e+00,3.119574e+00,4.466301e+00,4.890981e+00,4.589340e+00,4.716322e+00,4.822204e+00,4.682886e+00,4.657408e+00,4.821398e+00,4.790991e+00,4.533048e+00,4.839593e+00,4.339993e+00,4.744221e+00,4.647344e+00,3.955792e+00,4.155582e+00,4.551419e+00,4.378646e+00,3.799908e+00,4.547179e+00,3.753039e+00,4.034602e+00,3.829962e+00,3.675820e+00,3.193879e+00,3.148057e+00,4.748522e+00,4.220325e+00,4.157571e+00,4.232795e+00,4.736277e+00,4.564809e+00,4.774623e+00,4.538563e+00,4.710257e+00,3.570525e+00,3.885865e+00,3.455103e+00,4.620790e+00,4.500389e+00,4.620385e+00,4.214179e+00,3.761570e+00,4.171757e+00,3.909237e+00,4.207752e+00,4.614414e+00,3.293288e+00,4.103854e+00,3.556726e+00,4.665345e+00,4.730941e+00,4.073293e+00,3.207468e+00,4.720218e+00,4.144906e+00,4.724486e+00,4.449318e+00,4.218764e+00,4.285172e+00,4.845852e+00,4.274147e+00,4.444268e+00,3.534999e+00,4.534943e+00,4.392742e+00,4.170268e+00,4.679661e+00,4.754553e+00,4.589878e+00,4.338847e+00,4.324463e+00,4.232775e+00,4.759393e+00,4.665992e+00,4.284847e+00,4.332785e+00,4.317518e+00,4.346374e+00,4.403766e+00,4.830012e+00,4.599809e+00,4.500982e+00,4.692929e+00,4.475162e+00,4.488510e+00,4.230770e+00,4.576493e+00,4.441085e+00,4.682994e+00,4.554550e+00,3.204678e+00,3.507954e+00,4.247512e+00,4.769634e+00,4.648598e+00,3.917624e+00,4.453685e+00,4.627835e+00,4.729842e+00,4.521488e+00,4.329566e+00,4.448395e+00,4.856515e+00,4.756809e+00,4.451648e+00,4.372995e+00,4.302328e+00,3.721569e+00,3.977788e+00,4.751897e+00,4.846765e+00,4.844998e+00,4.978174e+00,4.917356e+00,4.929662e+00,4.803330e+00,4.736270e+00,4.842438e+00,4.783295e+00,4.973523e+00,4.627254e+00,4.719424e+00,4.859745e+00,4.867110e+00,4.845877e+00,4.759888e+00,4.162666e+00,4.678448e+00,4.879640e+00,4.536674e+00,4.765599e+00,4.557675e+00
4.785526e+00,4.957208e+00,4.917691e+00,4.656875e+00,4.769350e+00,4.470035e+00,4.864152e+00,4.931421e+00,4.763212e+00,4.606409e+00,4.783974e+00,4.741108e+00,4.850664e+00,4.424777e+00,3.666143e+00,3.255249e+00,2.957260e+00,3.897690e+00,2.967611e+00,2.964862e+00,3.358683e+00,3.447228e+00,4.971728e+00,3.577971e+00,3.096659e+00,3.127094e+00,3.544397e+00,3.017542e+00,4.683745e+00,4.872800e+00,4.872206e+00,4.875997e+00,4.582978e+00,4.409919e+00,4.309048e+00,3.861049e+00,3.756312e+00,3.694901e+00,4.202151e+00,3.611900e+00,4.443790e+00,3.822058e+00,4.620902e+00,3.155777e+00,3.891144e+00,4.576790e+00,3.081077e+00,3.679818e+00,3.297964e+00,9.227327e+00,3.369982e+00,2.542058e+00,3.498644e+00,3.000781e+00,4.343741e+00,4.872247e+00,4.627356e+00,3.488110e+00,3.597960e+00,3.166334e+00,4.502459e+00,3.684151e+00,4.262328e+00,2.768949e+00,4.333558e+00,4.393039e+00,3.612513e+00,4.177589e+00,3.916578e+00,4.315741e+00,4.022478e+00,4.387302e+00,4.552848e+00,4.643151e+00,4.741440e+00,4.640134e+00,4.768673e+00,4.607373e+00,3.573587e+00,4.110494e+00,4.263961e+00,4.778956e+00,4.919902e+00,4.692413e+00,4.568532e+00,4.587864e+00,4.078304e+00,4.653303e+00,4.769194e+00,4.769980e+00,4.886184e+00,4.684707e+00,4.890375e+00,4.006579e+00,4.894026e+00,4.665677e+00,4.192816e+00,4.600311e+00,4.640673e+00,4.395812e+00,4.684298e+00,3.732414e+00,4.582322e+00,3.795153e+00,3.383404e+00,2.970901e+00,3.715600e+00,3.010630e+00,4.599517e+00,4.430932e+00,4.308884e+00,3.563069e+00,3.916117e+00,4.595354e+00,4.062665e+00,3.722512e+00,3.800036e+00,4.014255e+00,4.166460e+00,3.882024e+00,4.270642e+00,3.551295e+00,4.148382e+00,3.605553e+00,4.129343e+00,4.844127e+00,4.550246e+00,4.243700e+00,3.803943e+00,4.557287e+00,4.263260e+00,3.140897e+00,3.988307e+00,3.908127e+00,4.458373e+00,4.350838e+00,4.332847e+00,4.747238e+00,4.004579e+00,4.118185e+00,4.336930e+00,4.439196e+00,4.517405e+00,4.677458e+00,3.125897e+00,3.508645e+00,3.342556e+00,4.464544e+00,4.840169e+00,4.045913e+00,4.247872e+00,4.603732e+00,4.520224e+00,4.483621e+00,4.715013e+00,4.810029e+00,4.672244e+00,3.220520e+00,3.640543e+00,4.292273e+00,4.507975e+00,4.744604e+00,4.029247e+00,4.648235e+00,4.361631e+00,4.798493e+00,4.525899e+00,4.807584e+00,4.821625e+00,4.706169e+00,4.614505e+00,4.011996e+00,4.576272e+00,4.419058e+00,4.688736e+00,4.058500e+00,4.700228e+00,4.470343e+00,4.545580e+00,4.261174e+00,4.410942e+00,3.966458e+00,4.460677e+00,4.446689e+00,4.540902e+00,4.873793e+00,4.559903e+00,4.675969e+00,4.867181e+00,3.848619e+00,3.056371e+00,3.448622e+00,4.544507e+00,3.815959e+00,4.910140e+00,4.728545e+00,5.013472e+00,4.831406e+00,4.781513e+00,4.862021e+00,4.946015e+00,4.443593e+00,4.890373e+00,4.949122e+00,4.845640e+00,4.554874e+00,4.706169e+00,5.006409e+00,4.533053e+00,4.954602e+00,4.941746e+00,4.796126e+00,4.884083e+00,4.938649e+00,4.774607e+00
4.890951e+00,4.763106e+00,4.884201e+00,4.979105e+00,4.718337e+00,4.837016e+00,4.693667e+00,4.618221e+00,4.097553e+00,4.951279e+00,4.879758e+00,4.559531e+00,4.882073e+00,3.893341e+00,3.255160e+00,3.119845e+00,4.511752e+00,3.318088e+00,6.381407e+00,3.387412e+00,5.114272e+00,2.976977e+00,3.417579e+00,2.792379e+00,4.361308e+00,5.675290e+00,3.026597e+00,3.615008e+00,4.467630e+00,4.790049e+00,4.739677e+00,4.848514e+00,4.749931e+00,4.841769e+00,4.193710e+00,4.506561e+00,4.250096e+00,4.072862e+00,4.647991e+00,4.347975e+00,3.954155e+00,4.041226e+00,3.665144e+00,3.872047e+00,3.928297e+00,4.560638e+00,3.089875e+00,3.610120e+00,3.080882e+00,4.676954e+00,2.976874e+00,3.420249e+00,3.078585e+00,4.325556e+00,4.510409e+00,4.695470e+00,4.212535e+00,4.603275e+00,4.540275e+00,3.483070e+00,4.477726e+00,4.090463e+00,4.522361e+00,3.536339e+00,4.553626e+00,3.238740e+00,3.921925e+00,4.746452e+00,3.951869e+00,4.452481e+00,4.148537e+00,4.312445e+00,4.545608e+00,3.756632e+00,4.248569e+00,4.143571e+00,4.542996e+00,4.550324e+00,4.856757e+00,4.743323e+00,4.560352e+00,4.292700e+00,4.961558e+00,4.246474e+00,3.396333e+00,4.255049e+00,4.574722e+00,4.638250e+00,4.874139e+00,4.842761e+00,4.669819e+00,4.560020e+00,4.289697e+00,4.589089e+00,4.733949e+00,4.382294e+00,3.517469e+00,4.141805e+00,4.391422e+00,3.877500e+00,3.041895e+00,4.566304e+00,4.124526e+00,2.960416e+00,3.549951e+00,3.298270e+00,3.022768e+00,3.379222e+00,3.346722e+00,4.107844e+00,4.422695e+00,3.483078e+00,4.354098e+00,3.967109e+00,4.770378e+00,4.502352e+00,4.344040e+00,4.103028e+00,3.742623e+00,4.635313e+00,4.582216e+00,4.188153e+00,4.602682e+00,3.579791e+00,3.773545e+00,4.819602e+00,3.285847e+00,4.365800e+00,3.059824e+00,4.407355e+00,4.368870e+00,4.168116e+00,4.267429e+00,3.581854e+00,3.765623e+00,4.317613e+00,4.361118e+00,3.144026e+00,3.278941e+00,4.434402e+00,3.196409e+00,3.955383e+00,4.304486e+00,4.702518e+00,4.565577e+00,3.941409e+00,4.401110e+00,4.437320e+00,4.685158e+00,4.598187e+00,4.097429e+00,4.722283e+00,4.027689e+00,4.515062e+00,4.553557e+00,4.447756e+00,4.656575e+00,4.579645e+00,4.772377e+00,4.419624e+00,4.649440e+00,3.611558e+00,4.087797e+00,4.286741e+00,4.812647e+00,4.174606e+00,4.808483e+00,4.354142e+00,4.195271e+00,4.017191e+00,4.696086e+00,4.267739e+00,4.675876e+00,4.480040e+00,4.250461e+00,3.955033e+00,4.388817e+00,4.622011e+00,3.602768e+00,4.351231e+00,4.730274e+00,4.725338e+00,4.511883e+00,4.763663e+00,4.701261e+00,4.535690e+00,4.920994e+00,4.708905e+00,4.691163e+00,4.327995e+00,3.003446e+00,4.256625e+00,4.780298e+00,4.549878e+00,4.850773e+00,4.123041e+00,4.761180e+00,4.948490e+00,5.008020e+00,4.965300e+00,4.969182e+00,5.023798e+00,4.893859e+00,4.588739e+00,4.914612e+00,4.723564e+00,4.934489e+00,4.982607e+00,4.739294e+00,4.655063e+00,4.942267e+00,4.618123e+00,4.778026e+00,4.938964e+00,4.880041e+00
4.721515e+00,4.716119e+00,4.844941e+00,4.721100e+00,4.919333e+00,4.744754e+00,4.637646e+00,4.807613e+00,4.621606e+00,4.574623e+00,4.778105e+00,4.827079e+00,4.966534e+00,4.218294e+00,3.073632e+00,3.146689e+00,3.410034e+00,3.312976e+00,3.231460e+00,4.885667e+00,6.884313e+00,3.844977e+00,6.525068e+00,2.931936e+00,4.441013e+00,2.948413e+00,3.326079e+00,3.061841e+00,4.912811e+00,4.828002e+00,4.830256e+00,4.219864e+00,4.139611e+00,4.218824e+00,4.219587e+00,4.381916e+00,4.452986e+00,4.330685e+00,3.955139e+00,4.617322e+00,4.280857e+00,4.420600e+00,4.208373e+00,2.683222e+00,3.978090e+00,4.228410e+00,2.340913e+00,5.269547e+00,3.558896e+00,4.034181e+00,2.478375e+00,5.550142e+00,2.653373e+00,4.459841e+00,4.528363e+00,3.948992e+00,4.235418e+00,3.412630e+00,3.843882e+00,3.928446e+00,4.637474e+00,4.591811e+00,4.103700e+00,4.641267e+00,4.066708e+00,3.953281e+00,3.307162e+00,3.627049e+00,2.820168e+00,4.672846e+00,4.060157e+00,4.446212e+00,4.040760e+00,4.572052e+00,4.738234e+00,4.393203e+00,3.718288e+00,4.841556e+00,4.861531e+00,4.467401e+00,4.747717e+00,4.602512e+00,4.378284e+00,4.759490e+00,4.247323e+00,4.395845e+00,4.548085e+00,4.782389e+00,4.666741e+00,4.562644e+00,4.703614e+00,4.774930e+00,4.273690e+00,4.550159e+00,3.400621e+00,4.523717e+00,4.004945e+00,4.051723e+00,4.216034e+00,4.399424e+00,4.714921e+00,3.947042e+00,4.292158e+00,3.870648e+00,3.478815e+00,3.748790e+00,3.509436e+00,3.851904e+00,3.454120e+00,4.067634e+00,4.687791e+00,4.496376e+00,4.262853e+00,4.083570e+00,4.348698e+00,3.877000e+00,4.309878e+00,3.649395e+00,4.456116e+00,3.713741e+00,4.687419e+00,4.609124e+00,4.639262e+00,3.750230e+00,3.745987e+00,3.917332e+00,3.799167e+00,4.290046e+00,3.875833e+00,3.239940e+00,4.251436e+00,3.904676e+00,3.618314e+00,4.331770e+00,3.997725e+00,3.745916e+00,3.693512e+00,3.885756e+00,4.357327e+00,4.253567e+00,4.116020e+00,4.539495e+00,4.959679e+00,4.593053e+00,4.994243e+00,4.181600e+00,3.668201e+00,4.659295e+00,4.609400e+00,4.823292e+00,4.439090e+00,4.549758e+00,4.670600e+00,4.172917e+00,4.162611e+00,4.496274e+00,4.339374e+00,4.673174e+00,4.629803e+00,4.730299e+00,3.939428e+00,4.731813e+00,4.692930e+00,4.522771e+00,4.374412e+00,4.755282e+00,4.322000e+00,3.992640e+00,4.521899e+00,4.041336e+00,4.427628e+00,4.063579e+00,4.491473e+00,4.415070e+00,4.363385e+00,4.525054e+00,4.785709e+00,4.744456e+00,4.511696e+00,4.572702e+00,4.538602e+00,3.761977e+00,4.422188e+00,4.853592e+00,4.392079e+00,4.660428e+00,4.757543e+00,4.848834e+00,5.057635e+00,4.766642e+00,4.289159e+00,4.777228e+00,4.237315e+00,4.688709e+00,4.964958e+00,4.959694e+00,4.513724e+00,4.882830e+00,4.822969e+00,4.749653e+00,5.066745e+00,4.589301e+00,4.737542e+00,4.864050e+00,4.846634e+00,4.819405e+00,4.756155e+00,4.748927e+00,4.835473e+00,4.776891e+00,4.628642e+00,4.788643e+00,4.550665e+00,4.513170e+00,4.660016e+00
4.729554e+00,4.546354e+00,4.867074e+00,4.711124e+00,4.917209e+00,4.512029e+00,3.894721e+00,4.634982e+00,4.371843e+00,4.421046e+00,4.733884e+00,5.091645e+00,4.831684e+00,4.438974e+00,2.719007e+00,2.938232e+00,2.903700e+00,5.767098e+00,8.237471e+00,4.176521e+00,5.483425e+00,1.005685e+01,3.689193e+00,2.948824e+00,5.154358e+00,4.428919e+00,3.854994e+00,4.743569e+00,4.810475e+00,4.829415e+00,4.680762e+00,4.474048e+00,4.497503e+00,4.383592e+00,4.399964e+00,4.200366e+00,4.787991e+00,4.348019e+00,4.808353e+00,4.345485e+00,4.618407e+00,3.857750e+00,4.338025e+00,3.778650e+00,3.080988e+00,7.380458e+00,1.012721e+01,0.000000e+00,3.262490e+00,4.097449e+00,3.218800e+00,5.002695e+00,3.193083e+00,4.685566e+00,3.549586e+00,3.825407e+00,4.382123e+00,4.448357e+00,3.935703e+00,4.094021e+00,4.138526e+00,4.466289e+00,4.267326e+00,3.799432e+00,4.395182e+00,4.127793e+00,3.832043e+00,4.479987e+00,4.386216e+00,4.449684e+00,4.086618e+00,4.122369e+00,4.421595e+00,4.694433e+00,4.269967e+00,3.795686e+00,3.801373e+00,4.666777e+00,4.308375e+00,4.136871e+00,3.884144e+00,4.483915e+00,4.242054e+00,4.575318e+00,4.381840e+00,4.675510e+00,4.576120e+00,4.611703e+00,4.554514e+00,4.280842e+00,3.948810e+00,4.451107e+00,4.421309e+00,4.593702e+00,3.859869e+00,3.975929e+00,4.636043e+00,3.902576e+00,3.485454e+00,3.396859e+00,3.941970e+00,4.293848e+00,3.762532e+00,4.230685e+00,3.460010e+00,3.653695e+00,3.467868e+00,3.495574e+00,4.172379e+00,3.992599e+00,3.734878e+00,3.710202e+00,4.749154e+00,4.032113e+00,4.561829e+00,4.505913e+00,4.645202e+00,4.364620e+00,4.317454e+00,4.231021e+00,4.746007e+00,4.321009e+00,4.683828e+00,3.533272e+00,4.120000e+00,4.072362e+00,4.060421e+00,4.712723e+00,4.657719e+00,4.018602e+00,4.539451e+00,4.798709e+00,4.600086e+00,3.993240e+00,3.861817e+00,3.620991e+00,3.835889e+00,3.469460e+00,4.360629e+00,4.258458e+00,4.502084e+00,3.073179e+00,4.363713e+00,3.845797e+00,4.907355e+00,4.784238e+00,4.188845e+00,4.625536e+00,4.412840e+00,4.528895e+00,3.629697e+00,4.674773e+00,4.616220e+00,4.134647e+00,4.726349e+00,4.841931e+00,4.598369e+00,4.296032e+00,4.785630e+00,4.367527e+00,4.013129e+00,4.313936e+00,4.273387e+00,4.930644e+00,4.680467e+00,4.264068e+00,4.359257e+00,4.649931e+00,4.434416e+00,4.643273e+00,4.319738e+00,4.713378e+00,4.586247e+00,4.545071e+00,4.974186e+00,4.820084e+00,4.530363e+00,4.552670e+00,4.350084e+00,4.104031e+00,4.411196e+00,4.741801e+00,4.575090e+00,4.130094e+00,4.703616e+00,4.180751e+00,4.879967e+00,4.823377e+00,4.509012e+00,4.529134e+00,4.743158e+00,4.026286e+00,4.388880e+00,4.826431e+00,4.600361e+00,4.809077e+00,4.831028e+00,4.930496e+00,4.868632e+00,4.814695e+00,4.886642e+00,4.590401e+00,4.808683e+00,4.680835e+00,4.628435e+00,4.898955e+00,4.930101e+00,4.690185e+00,4.842479e+00,4.445827e+00,4.417231e+00,4.979072e+00,4.725232e+00,4.778393e+00,4.450503e+00
4.790647e+00,4.831158e+00,4.675577e+00,4.732252e+00,4.799909e+00,4.827095e+00,4.699406e+00,4.334660e+00,4.363602e+00,4.636391e+00,4.912475e+00,4.747709e+00,4.951512e+00,3.494096e+00,3.738107e+00,4.247958e+00,3.943441e+00,3.310793e+00,3.690459e+00,5.772529e+00,8.939200e+00,6.431381e+00,3.230342e+00,3.169930e+00,3.242713e+00,3.339268e+00,3.962209e+00,4.715659e+00,4.732933e+00,4.993994e+00,4.020062e+00,4.481916e+00,3.879842e+00,4.010423e+00,4.221122e+00,4.184835e+00,4.246879e+00,3.777319e+00,3.403078e+00,4.373581e+00,4.558764e+00,3.150634e+00,4.180533e+00,3.955372e+00,3.451801e+00,3.902022e+00,5.912361e+00,3.267759e+00,2.965846e+00,4.667983e+00,3.686924e+00,3.864656e+00,4.688063e+00,3.913104e+00,4.265583e+00,4.019037e+00,4.256005e+00,4.339131e+00,4.302573e+00,4.236281e+00,4.524172e+00,4.054892e+00,4.634706e+00,4.094267e+00,4.391735e+00,4.241483e+00,3.807071e+00,3.380228e+00,2.965540e+00,3.588988e+00,4.128838e+00,3.569464e+00,4.571354e+00,3.565074e+00,3.579161e+00,4.121192e+00,3.735729e+00,3.752150e+00,4.201257e+00,4.136820e+00,4.683619e+00,3.853102e+00,4.785332e+00,4.833078e+00,4.649320e+00,4.776531e+00,4.011106e+00,4.678471e+00,4.373610e+00,4.845159e+00,4.422982e+00,4.523950e+00,4.437029e+00,4.293923e+00,3.707489e+00,4.469984e+00,3.905680e+00,3.723457e+00,3.755195e+00,3.558604e+00,3.927959e+00,3.399663e+00,4.013829e+00,4.953699e+00,4.875415e+00,4.893955e+00,4.734058e+00,4.555383e+00,4.708882e+00,3.931597e+00,4.753032e+00,4.150548e+00,4.032689e+00,4.035589e+00,4.415907e+00,4.496652e+00,4.066802e+00,4.525192e+00,4.548272e+00,4.211968e+00,4.231496e+00,4.021754e+00,4.124929e+00,4.522404e+00,4.719429e+00,4.875110e+00,4.683819e+00,4.382215e+00,4.527284e+00,4.521782e+00,4.486831e+00,3.781394e+00,4.374393e+00,4.357372e+00,3.823764e+00,4.534594e+00,4.551821e+00,4.345904e+00,4.402928e+00,4.503025e+00,4.170145e+00,4.096906e+00,4.932579e+00,4.427401e+00,4.006214e+00,4.784292e+00,4.506617e+00,4.727684e+00,4.252751e+00,4.276841e+00,4.027285e+00,4.783945e+00,4.854750e+00,4.633551e+00,4.718763e+00,4.510314e+00,4.670384e+00,4.740727e+00,4.422368e+00,4.635712e+00,4.519387e+00,4.741458e+00,4.726634e+00,4.595175e+00,4.578299e+00,4.454653e+00,4.630409e+00,4.928979e+00,4.746427e+00,4.923678e+00,4.585353e+00,4.683935e+00,4.808573e+00,4.424931e+00,4.723357e+00,4.872695e+00,4.846567e+00,4.554221e+00,4.861101e+00,4.010387e+00,4.680459e+00,4.588693e+00,4.536879e+00,4.210314e+00,4.700209e+00,4.599641e+00,4.856706e+00,4.946959e+00,4.679887e+00,4.831509e+00,4.599506e+00,4.561630e+00,4.205595e+00,4.815887e+00,3.865952e+00,4.861752e+00,4.343734e+00,4.952609e+00,4.822472e+00,4.461897e+00,4.868489e+00,4.995980e+00,4.833206e+00,4.750046e+00,4.833054e+00,4.586736e+00,5.067531e+00,4.649552e+00,4.945308e+00,4.922635e+00,4.814133e+00,4.631874e+00,4.661257e+00,4.593812e+00,4.855056e+00
4.973543e+00,5.022877e+00,4.905446e+00,4.919019e+00,4.915387e+00,4.995524e+00,4.390866e+00,4.799470e+00,4.050511e+00,4.929337e+00,4.974917e+00,4.637311e+00,4.643307e+00,3.277832e+00,4.485540e+00,2.901943e+00,4.949975e+00,3.227277e+00,3.324506e+00,2.978671e+00,4.068605e+00,3.849662e+00,5.387984e+00,3.508208e+00,3.092174e+00,3.280168e+00,4.540755e+00,4.915788e+00,4.933495e+00,4.559200e+00,4.483630e+00,3.909703e+00,4.726630e+00,4.484020e+00,3.849934e+00,4.468440e+00,4.561014e+00,4.414470e+00,3.916551e+00,4.578039e+00,3.364353e+00,4.309195e+00,4.009488e+00,4.517554e+00,3.113527e+00,3.853138e+00,4.670476e+00,3.960329e+00,3.722974e+00,4.530934e+00,4.844216e+00,4.714595e+00,4.940373e+00,4.015649e+00,4.161450e+00,4.514254e+00,3.824057e+00,4.162746e+00,3.569652e+00,4.403930e+00,3.965039e+00,4.030004e+00,4.447139e+00,4.045680e+00,4.901787e+00,3.877615e+00,4.090882e+00,4.487075e+00,4.262035e+00,4.298903e+00,4.629850e+00,4.871030e+00,4.729041e+00,4.453585e+00,3.782867e+00,4.621869e+00,4.465605e+00,4.214906e+00,3.943168e+00,4.194935e+00,4.799565e+00,4.699611e+00,4.881931e+00,4.573419e+00,4.059932e+00,4.652619e+00,4.264027e+00,4.161077e+00,4.565592e+00,4.778712e+00,4.286597e+00,4.191651e+00,4.345787e+00,4.555739e+00,3.689693e+00,2.995894e+00,3.257863e+00,3.125919e+00,4.059449e+00,4.199777e+00,5.017901e+00,4.789847e+00,4.676085e+00,4.743462e+00,4.648132e+00,4.708729e+00,4.573374e+00,4.383778e+00,4.880780e+00,4.627656e+00,4.725772e+00,3.319479e+00,3.555471e+00,4.626293e+00,3.990462e+00,3.857469e+00,4.364705e+00,4.594095e+00,4.178240e+00,4.285875e+00,4.154726e+00,4.685800e+00,3.469313e+00,3.771117e+00,3.093231e+00,4.333935e+00,4.657632e+00,4.021448e+00,4.731080e+00,4.468101e+00,3.608778e+00,4.507278e+00,3.397249e+00,4.297141e+00,3.561254e+00,3.488438e+00,3.180853e+00,3.402007e+00,3.651544e+00,3.578819e+00,4.712946e+00,4.061167e+00,3.839653e+00,3.419739e+00,3.201667e+00,4.505250e+00,4.762911e+00,3.554208e+00,4.169385e+00,3.576025e+00,4.598939e+00,4.686726e+00,4.653814e+00,4.063543e+00,4.441824e+00,4.933561e+00,4.486042e+00,4.619366e+00,4.388632e+00,4.496093e+00,4.760960e+00,3.952481e+00,4.822087e+00,4.548841e+00,4.671759e+00,4.965915e+00,4.834635e+00,4.357112e+00,4.226208e+00,4.267301e+00,4.611718e+00,4.845079e+00,4.752849e+00,4.736003e+00,4.431797e+00,4.633565e+00,4.838913e+00,4.538493e+00,4.270368e+00,3.419843e+00,3.696211e+00,4.106807e+00,4.855787e+00,4.627577e+00,4.405690e+00,4.757602e+00,4.779483e+00,4.706455e+00,4.861893e+00,4.942571e+00,4.213798e+00,3.020332e+00,4.203420e+00,4.651685e+00,4.324782e+00,4.989345e+00,4.802877e+00,4.834642e+00,4.688908e+00,4.508721e+00,4.948131e+00,4.790152e+00,4.823850e+00,4.541460e+00,4.853086e+00,4.725480e+00,4.524454e+00,4.957122e+00,4.578269e+00,4.897527e+00,4.822399e+00,4.920508e+00,4.718159e+00,4.511838e+00,4.938234e+00
4.500946e+00,4.771375e+00,4.905074e+00,4.716566e+00,4.741880e+00,4.523349e+00,4.801095e+00,4.809045e+00,4.068993e+00,5.007725e+00,4.761794e+00,4.603599e+00,4.334271e+00,3.937805e+00,3.402027e+00,3.351621e+00,3.584720e+00,3.233432e+00,0.000000e+00,4.640339e+00,3.249899e+00,4.063988e+00,3.983356e+00,3.571378e+00,3.033894e+00,4.488580e+00,4.632001e+00,4.692941e+00,4.919609e+00,3.979671e+00,4.292884e+00,4.392391e+00,4.123071e+00,3.858198e+00,4.329027e+00,4.479511e+00,3.856724e+00,4.478061e+00,4.401638e+00,4.323483e+00,4.171113e+00,4.169334e+00,3.188442e+00,3.053479e+00,2.571095e+00,5.821545e+00,2.993539e+00,2.999539e+00,3.156457e+00,3.522763e+00,3.282252e+00,4.933208e+00,4.607154e+00,3.391240e+00,4.609088e+00,4.348017e+00,3.494578e+00,4.298620e+00,3.953039e+00,3.655182e+00,3.416893e+00,3.804812e+00,4.489477e+00,3.556467e+00,3.540311e+00,4.128333e+00,4.727931e+00,3.041091e+00,3.534597e+00,3.966187e+00,4.380635e+00,3.951655e+00,4.296298e+00,3.010185e+00,4.230268e+00,3.922780e+00,4.754481e+00,3.670548e+00,4.230754e+00,4.391852e+00,4.465827e+00,4.296841e+00,4.516921e+00,4.518301e+00,4.359465e+00,4.779126e+00,3.226482e+00,3.439746e+00,4.109050e+00,3.438591e+00,3.067462e+00,3.316513e+00,3.956467e+00,4.532636e+00,3.719639e+00,4.229832e+00,3.996340e+00,3.266697e+00,4.774235e+00,4.703271e+00,4.701149e+00,4.463354e+00,4.724424e+00,4.834086e+00,4.608049e+00,4.778024e+00,4.930633e+00,4.677322e+00,4.608301e+00,4.229033e+00,4.655300e+00,4.971681e+00,4.644811e+00,4.199438e+00,4.457115e+00,4.182821e+00,4.251332e+00,4.750415e+00,4.198320e+00,3.518675e+00,4.243304e+00,3.147983e+00,4.078031e+00,4.284016e+00,4.063053e+00,3.624346e+00,3.300889e+00,4.651938e+00,4.543354e+00,4.296590e+00,3.685574e+00,4.379879e+00,4.723964e+00,3.484904e+00,3.481661e+00,4.699847e+00,3.741802e+00,4.700475e+00,4.596438e+00,3.670167e+00,3.526086e+00,4.191969e+00,3.598022e+00,4.511257e+00,3.613449e+00,4.392141e+00,4.878917e+00,4.685233e+00,3.604177e+00,4.166405e+00,3.849515e+00,4.179068e+00,4.618139e+00,4.360514e+00,4.737975e+00,4.633227e+00,4.680848e+00,4.756641e+00,4.731243e+00,4.438606e+00,4.686086e+00,4.753850e+00,4.877767e+00,4.528942e+00,3.924974e+00,4.122737e+00,4.642838e+00,4.664046e+00,4.605604e+00,4.767773e+00,3.978366e+00,4.671198e+00,4.951891e+00,4.331584e+00,4.733260e+00,4.497233e+00,4.838502e+00,4.571092e+00,4.607136e+00,4.129340e+00,4.549645e+00,4.378831e+00,4.731918e+00,4.474265e+00,4.513640e+00,4.625302e+00,4.356170e+00,4.757667e+00,4.394344e+00,4.846784e+00,4.674278e+00,4.463517e+00,3.501247e+00,4.209404e+00,4.896757e+00,4.705219e+00,4.891763e+00,4.544788e+00,4.796342e+00,4.763957e+00,4.937381e+00,4.839511e+00,4.881922e+00,4.642607e+00,4.611833e+00,4.842920e+00,4.892854e+00,4.802237e+00,4.796323e+00,4.557115e+00,4.998120e+00,4.937897e+00,4.557848e+00,4.959838e+00,4.745208e+00
4.907425e+00,4.747428e+00,4.713484e+00,4.797580e+00,4.936676e+00,4.362226e+00,4.949529e+00,4.492669e+00,2.963876e+00,4.954120e+00,4.897717e+00,4.761167e+00,3.760120e+00,3.321123e+00,3.270890e+00,4.162435e+00,3.606588e+00,3.299612e+00,5.044608e+00,5.065841e+00,4.134395e+00,4.095135e+00,4.299854e+00,2.859426e+00,4.856472e+00,3.448733e+00,4.836026e+00,4.947170e+00,4.455044e+00,4.759866e+00,3.285830e+00,3.831547e+00,3.965152e+00,3.810229e+00,4.170534e+00,3.810553e+00,4.077041e+00,4.795751e+00,4.238796e+00,4.591625e+00,4.428720e+00,3.526763e+00,3.306766e+00,3.667072e+00,3.859830e+00,4.498117e+00,3.322639e+00,0.000000e+00,3.532541e+00,4.937957e+00,4.679055e+00,4.561384e+00,4.634147e+00,4.188288e+00,3.592850e+00,4.743717e+00,4.016777e+00,3.536956e+00,4.502731e+00,3.700669e+00,2.896637e+00,4.107475e+00,3.890124e+00,4.634786e+00,4.416109e+00,4.047749e+00,3.577734e+00,4.192326e+00,4.507870e+00,4.356712e+00,4.252288e+00,3.919203e+00,4.166006e+00,3.700217e+00,4.058629e+00,4.302285e+00,4.560950e+00,4.075756e+00,4.044134e+00,4.625656e+00,4.532131e+00,4.776544e+00,4.327661e+00,4.738475e+00,4.196331e+00,4.461208e+00,3.980329e+00,4.057319e+00,4.516690e+00,4.290389e+00,4.801421e+00,4.037420e+00,3.693098e+00,3.624386e+00,4.160453e+00,3.447143e+00,4.532153e+00,4.821207e+00,4.701734e+00,4.345105e+00,4.480928e+00,4.517540e+00,4.548427e+00,4.063794e+00,4.314214e+00,4.411762e+00,4.700891e+00,4.762167e+00,4.519804e+00,4.808677e+00,4.966556e+00,4.422211e+00,4.690345e+00,3.430496e+00,3.429630e+00,4.772777e+00,4.539628e+00,4.217827e+00,3.744350e+00,3.353928e+00,4.891683e+00,4.861025e+00,4.385262e+00,4.769025e+00,4.285628e+00,4.035447e+00,4.522528e+00,4.366001e+00,3.954200e+00,4.284078e+00,3.776612e+00,3.879770e+00,4.014851e+00,4.645326e+00,3.385317e+00,3.765937e+00,4.273940e+00,3.949196e+00,3.963618e+00,5.003187e+00,4.361495e+00,3.687940e+00,3.335363e+00,3.599270e+00,4.018432e+00,4.549365e+00,4.498267e+00,4.311679e+00,3.213817e+00,2.885229e+00,4.838778e+00,4.464750e+00,4.788164e+00,4.283884e+00,4.037552e+00,4.721621e+00,4.235472e+00,4.833163e+00,4.570864e+00,4.804900e+00,4.839729e+00,4.640028e+00,3.500971e+00,2.639624e+00,3.751008e+00,4.358921e+00,4.451253e+00,3.673107e+00,4.825342e+00,4.355632e+00,4.669277e+00,4.583401e+00,4.565575e+00,4.805421e+00,4.918468e+00,4.724505e+00,4.768408e+00,4.711292e+00,4.749976e+00,3.790067e+00,4.636264e+00,4.149281e+00,4.586874e+00,4.310892e+00,5.189060e+00,4.791934e+00,4.633239e+00,4.621179e+00,4.943426e+00,4.763878e+00,4.831372e+00,4.547895e+00,4.004351e+00,4.102907e+00,4.647279e+00,3.996858e+00,4.740312e+00,4.687179e+00,4.536860e+00,5.006796e+00,4.728817e+00,4.727406e+00,4.621580e+00,4.784868e+00,4.845793e+00,4.788394e+00,4.844102e+00,4.459671e+00,4.804883e+00,4.776558e+00,4.967313e+00,4.926573e+00,4.818421e+00,4.580980e+00,4.863401e+00
4.950985e+00,4.833138e+00,4.505293e+00,4.862924e+00,4.669068e+00,4.584724e+00,4.451734e+00,4.847942e+00,4.310625e+00,4.853826e+00,4.700414e+00,4.728110e+00,3.460951e+00,3.695988e+00,2.924049e+00,4.448670e+00,4.638066e+00,4.033887e+00,2.748403e+00,3.206784e+00,3.430300e+00,2.662959e+00,3.857088e+00,2.725428e+00,2.785049e+00,4.729837e+00,4.896407e+00,5.027811e+00,4.667914e+00,4.323236e+00,4.113742e+00,4.695366e+00,4.832285e+00,3.941832e+00,3.282406e+00,4.393060e+00,4.532891e+00,4.101217e+00,4.647600e+00,3.296652e+00,4.196093e+00,3.738096e+00,3.456060e+00,7.881902e+00,8.373613e+00,5.700579e+00,2.733998e+00,2.784987e+00,3.142836e+00,4.327287e+00,4.845355e+00,4.596535e+00,3.829153e+00,4.306932e+00,4.804315e+00,3.927012e+00,3.247851e+00,4.513748e+00,4.365007e+00,4.465017e+00,2.938350e+00,3.858233e+00,4.675354e+00,3.431211e+00,4.063243e+00,4.361355e+00,4.441140e+00,4.178586e+00,3.861976e+00,4.697731e+00,4.001420e+00,3.769321e+00,4.505140e+00,4.713586e+00,4.451955e+00,4.357282e+00,4.545009e+00,3.879835e+00,4.414692e+00,4.747571e+00,4.270124e+00,4.762980e+00,4.370925e+00,4.494766e+00,4.675990e+00,3.868911e+00,4.586012e+00,4.197352e+00,4.331365e+00,4.583500e+00,4.686647e+00,3.329844e+00,3.775081e+00,3.933943e+00,4.366714e+00,4.557805e+00,4.962139e+00,4.937347e+00,4.008164e+00,4.560225e+00,3.535857e+00,3.451506e+00,3.667491e+00,4.714275e+00,4.017265e+00,4.372434e+00,3.775297e+00,4.187418e+00,4.137779e+00,4.727731e+00,4.978013e+00,4.859177e+00,4.661309e+00,4.858622e+00,3.441856e+00,3.621387e+00,4.144746e+00,4.482892e+00,3.494879e+00,3.920462e+00,4.647587e+00,3.832154e+00,4.332769e+00,4.307497e+00,4.620560e+00,4.116329e+00,4.789640e+00,3.940374e+00,3.984775e+00,4.392508e+00,3.703848e+00,4.843582e+00,3.740887e+00,4.140356e+00,4.287108e+00,4.494851e+00,3.803064e+00,4.467975e+00,4.530068e+00,3.419293e+00,3.278981e+00,4.591156e+00,3.482875e+00,3.757497e+00,3.798647e+00,4.243105e+00,3.889580e+00,4.595645e+00,4.789511e+00,4.030634e+00,4.223576e+00,4.181898e+00,4.722421e+00,4.627698e+00,4.846330e+00,4.632396e+00,4.370645e+00,4.850274e+00,4.347899e+00,4.496308e+00,4.743814e+00,4.800985e+00,4.131775e+00,3.194134e+00,4.956404e+00,4.858985e+00,4.781499e+00,4.620659e+00,4.949336e+00,4.901830e+00,4.141086e+00,4.710441e+00,3.478903e+00,4.759804e+00,4.635804e+00,4.595663e+00,4.750782e+00,4.759292e+00,4.843411e+00,3.292186e+00,4.345945e+00,4.660507e+00,4.527875e+00,4.869574e+00,4.730110e+00,4.728120e+00,4.718987e+00,4.563660e+00,4.938655e+00,4.779803e+00,4.519922e+00,4.776611e+00,4.609099e+00,3.816079e+00,4.321385e+00,4.250330e+00,4.932978e+00,4.771310e+00,4.888016e+00,4.881129e+00,4.904575e+00,4.486949e+00,4.980692e+00,4.840208e+00,4.765226e+00,4.409159e+00,4.754075e+00,4.921788e+00,4.918796e+00,4.830416e+00,4.515034e+00,4.904510e+00,4.596105e+00,4.842807e+00,4.882323e+00
4.866362e+00,4.894077e+00,4.941738e+00,4.795420e+00,4.661887e+00,4.388790e+00,4.538989e+00,4.445038e+00,4.764220e+00,4.784513e+00,4.816771e+00,4.366462e+00,3.553801e+00,3.111110e+00,5.101229e+00,3.201009e+00,3.434932e+00,4.055579e+00,3.528083e+00,5.514983e+00,2.767190e+00,3.383271e+00,3.390995e+00,3.580857e+00,3.778304e+00,4.615845e+00,4.674044e+00,4.839881e+00,4.596654e+00,4.142810e+00,3.672279e+00,4.416632e+00,3.704820e+00,4.142416e+00,2.971561e+00,4.319155e+00,4.325525e+00,4.106059e+00,4.521061e+00,3.853501e+00,3.564190e+00,3.067280e+00,3.417828e+00,9.708134e+00,0.000000e+00,3.659702e+00,3.415292e+00,4.144075e+00,3.282152e+00,4.737364e+00,4.494398e+00,4.535625e+00,3.455039e+00,4.601093e+00,4.073852e+00,4.182943e+00,4.132329e+00,4.022363e+00,4.283736e+00,4.094558e+00,3.431793e+00,4.241504e+00,3.834801e+00,3.958827e+00,4.300203e+00,4.122129e+00,3.972924e+00,3.936984e+00,3.729691e+00,3.836854e+00,3.281541e+00,3.540648e+00,3.061704e+00,4.279750e+00,4.151462e+00,4.195276e+00,4.232257e+00,3.926207e+00,4.033322e+00,4.386944e+00,4.002655e+00,3.514035e+00,3.630425e+00,4.290977e+00,4.049277e+00,3.007071e+00,4.104691e+00,4.180125e+00,3.129370e+00,4.424704e+00,4.475402e+00,3.861171e+00,3.221476e+00,4.464921e+00,4.813596e+00,4.700738e+00,4.672737e+00,4.770986e+00,3.877533e+00,3.897068e+00,4.290250e+00,4.220888e+00,4.808629e+00,4.668784e+00,5.007375e+00,4.416059e+00,4.931416e+00,4.777107e+00,4.827131e+00,4.430416e+00,4.791811e+00,4.389669e+00,4.655134e+00,4.454889e+00,4.594548e+00,3.777035e+00,4.441889e+00,4.599584e+00,4.785863e+00,4.340822e+00,4.019692e+00,4.765751e+00,3.857236e+00,4.384103e+00,4.595592e+00,4.935584e+00,4.653329e+00,4.128369e+00,4.627785e+00,4.340912e+00,4.892371e+00,4.789419e+00,4.268619e+00,4.189489e+00,4.604531e+00,3.734232e+00,4.012211e+00,3.959146e+00,3.966368e+00,3.795980e+00,4.218403e+00,4.558329e+00,3.166490e+00,3.430371e+00,4.083690e+00,4.117091e+00,4.003013e+00,4.249355e+00,4.776499e+00,3.703333e+00,4.121582e+00,3.804119e+00,4.711820e+00,4.556287e+00,4.112281e+00,4.426303e+00,4.597991e+00,4.627106e+00,4.414611e+00,4.678874e+00,4.810974e+00,4.947697e+00,4.768917e+00,4.656513e+00,4.597511e+00,4.918981e+00,4.621676e+00,4.936667e+00,4.482996e+00,3.471138e+00,4.978586e+00,4.600478e+00,4.856153e+00,4.621277e+00,4.748931e+00,3.317282e+00,4.967481e+00,4.763198e+00,4.838287e+00,4.624952e+00,4.545076e+00,4.426215e+00,4.529911e+00,4.291852e+00,4.220535e+00,4.619209e+00,4.675725e+00,4.807534e+00,4.886228e+00,4.755287e+00,4.607838e+00,4.549725e+00,4.211325e+00,3.175279e+00,4.424617e+00,3.923957e+00,4.911186e+00,4.693166e+00,4.702682e+00,4.885151e+00,4.852507e+00,4.985120e+00,4.912683e+00,4.951074e+00,4.355182e+00,5.003656e+00,4.648776e+00,4.026671e+00,4.802707e+00,4.828960e+00,4.334124e+00,4.927281e+00,4.724511e+00,4.710155e+00,4.924371e+00
4.713644e+00,4.834966e+00,4.866458e+00,4.811237e+00,4.718894e+00,4.146459e+00,4.818872e+00,3.304160e+00,4.626617e+00,4.570297e+00,4.688067e+00,4.614540e+00,2.920878e+00,4.083609e+00,4.629569e+00,4.997010e+00,4.940673e+00,2.851441e+00,3.245371e+00,5.109916e+00,3.013334e+00,3.428391e+00,3.803646e+00,3.465807e+00,3.536506e+00,4.672420e+00,4.964514e+00,4.728002e+00,4.710895e+00,4.743197e+00,4.081088e+00,4.080270e+00,4.194491e+00,3.543072e+00,3.855300e+00,3.666638e+00,4.035303e+00,3.582202e+00,3.206321e+00,3.422887e+00,2.904826e+00,3.454606e+00,4.582496e+00,4.112534e+00,6.281202e+00,4.091876e+00,3.359018e+00,6.262417e+00,4.111214e+00,4.597011e+00,4.582451e+00,4.523712e+00,4.715573e+00,4.618922e+00,4.193567e+00,3.558813e+00,4.548098e+00,4.402876e+00,4.422444e+00,3.347710e+00,3.635705e+00,4.696342e+00,3.516332e+00,4.320670e+00,4.104835e+00,2.973139e+00,3.740184e+00,4.431565e+00,3.950181e+00,4.024300e+00,4.657517e+00,3.283632e+00,4.067687e+00,4.236132e+00,4.205063e+00,3.619020e+00,3.946519e+00,3.619475e+00,4.047033e+00,4.311007e+00,4.413318e+00,3.637393e+00,4.736404e+00,3.913365e+00,4.409444e+00,4.581160e+00,4.206483e+00,3.651899e+00,3.870605e+00,3.904609e+00,4.022413e+00,3.880874e+00,4.700492e+00,4.819880e+00,4.553222e+00,4.267662e+00,4.622949e+00,5.081934e+00,4.298515e+00,4.605362e+00,4.767399e+00,4.700194e+00,4.933204e+00,4.287243e+00,4.578433e+00,4.610430e+00,4.414958e+00,4.902363e+00,4.677248e+00,4.804759e+00,4.401528e+00,4.198865e+00,4.506220e+00,4.641578e+00,4.378942e+00,4.500183e+00,4.438192e+00,4.623821e+00,4.292051e+00,4.766997e+00,4.899812e+00,4.412057e+00,4.244115e+00,4.704837e+00,3.907070e+00,4.769590e+00,4.480579e+00,4.624311e+00,3.418661e+00,3.583635e+00,4.140198e+00,3.781548e+00,4.100693e+00,3.689129e+00,4.029240e+00,3.465866e+00,3.869842e+00,4.414708e+00,4.353709e+00,3.231169e+00,3.364024e+00,3.235862e+00,3.660053e+00,4.126017e+00,3.241174e+00,3.000991e+00,3.224601e+00,2.873624e+00,4.688073e+00,4.567767e+00,4.870135e+00,2.843560e+00,3.649112e+00,4.203435e+00,4.539946e+00,4.234688e+00,4.334671e+00,4.842411e+00,4.340337e+00,4.671733e+00,4.448314e+00,4.838872e+00,4.922406e+00,4.655157e+00,4.804896e+00,5.005265e+00,4.528950e+00,4.558042e+00,4.723486e+00,4.846322e+00,4.745329e+00,4.611027e+00,4.863010e+00,4.885697e+00,4.453164e+00,3.577580e+00,4.784716e+00,4.886222e+00,4.695214e+00,3.191194e+00,4.318174e+00,4.692603e+00,4.961618e+00,4.372374e+00,4.629774e+00,4.561268e+00,4.805116e+00,4.675989e+00,4.757003e+00,4.989543e+00,4.965922e+00,4.643082e+00,4.180070e+00,3.810349e+00,3.805663e+00,4.847609e+00,4.824609e+00,4.819157e+00,4.615829e+00,4.885439e+00,4.877986e+00,4.654705e+00,4.873544e+00,4.478224e+00,5.000502e+00,4.782957e+00,4.938682e+00,4.634990e+00,4.751982e+00,4.883587e+00,4.959958e+00,4.865011e+00,4.947464e+00,4.973383e+00,4.280495e+00
4.935639e+00,4.866828e+00,4.714410e+00,4.842540e+00,4.229824e+00,4.682624e+00,4.409619e+00,4.055422e+00,4.892900e+00,4.755075e+00,4.892071e+00,3.293226e+00,4.120287e+00,3.548963e+00,3.149729e+00,3.602561e+00,3.267933e+00,3.461208e+00,2.950985e+00,4.946848e+00,3.144237e+00,3.097209e+00,4.170906e+00,3.699262e+00,2.710006e+00,4.962645e+00,4.857332e+00,4.285164e+00,3.604808e+00,3.684209e+00,3.554047e+00,4.571079e+00,3.793491e+00,4.567503e+00,3.613753e+00,3.115768e+00,4.454264e+00,3.641914e+00,3.994583e+00,3.933990e+00,3.213706e+00,3.794609e+00,3.671165e+00,3.696403e+00,3.335459e+00,3.157124e+00,3.730308e+00,3.601256e+00,4.757308e+00,4.562630e+00,4.372496e+00,4.172197e+00,4.167109e+00,4.576751e+00,4.811742e+00,4.140369e+00,3.927846e+00,4.319446e+00,4.510677e+00,4.133156e+00,4.179892e+00,4.390090e+00,4.674864e+00,3.045404e+00,4.275231e+00,3.717607e+00,3.030465e+00,3.858435e+00,4.259742e+00,3.322036e+00,4.104256e+00,3.166986e+00,4.278496e+00,4.420637e+00,3.788482e+00,4.404256e+00,4.466449e+00,3.766993e+00,3.783038e+00,4.713902e+00,4.722720e+00,4.336401e+00,4.635841e+00,4.449472e+00,4.226182e+00,3.315731e+00,3.996598e+00,4.200229e+00,3.670707e+00,4.109463e+00,3.239216e+00,4.869395e+00,4.167445e+00,4.771317e+00,3.200675e+00,2.979853e+00,3.245431e+00,3.170311e+00,4.016936e+00,3.134762e+00,4.729172e+00,4.014929e+00,4.287195e+00,4.641204e+00,4.629512e+00,4.632844e+00,4.405902e+00,4.259691e+00,4.657263e+00,4.560753e+00,4.167678e+00,4.889306e+00,4.600458e+00,4.749897e+00,4.509164e+00,4.608625e+00,4.182090e+00,4.800540e+00,4.617198e+00,4.185873e+00,4.559656e+00,4.623253e+00,3.465331e+00,3.617379e+00,4.294877e+00,4.636152e+00,4.277571e+00,4.511811e+00,3.741471e+00,4.742753e+00,4.379883e+00,4.120261e+00,3.709324e+00,3.242227e+00,3.274948e+00,4.424209e+00,4.369720e+00,4.554959e+00,4.478067e+00,2.995730e+00,3.976170e+00,3.972349e+00,3.179837e+00,2.957088e+00,3.258751e+00,2.653399e+00,3.050699e+00,4.247154e+00,4.775163e+00,4.708076e+00,4.959611e+00,4.107730e+00,4.554758e+00,4.561568e+00,4.139990e+00,4.504973e+00,4.640680e+00,3.326805e+00,4.494193e+00,3.937488e+00,4.815794e+00,4.738103e+00,4.229110e+00,4.966971e+00,4.545028e+00,5.006284e+00,4.456724e+00,4.866168e+00,4.575386e+00,4.496200e+00,4.708130e+00,4.758594e+00,4.781476e+00,4.336493e+00,4.666169e+00,3.892041e+00,4.672187e+00,4.739201e+00,3.527758e+00,3.182637e+00,4.657717e+00,4.494203e+00,3.739151e+00,4.631083e+00,4.516222e+00,4.682186e+00,4.770807e+00,4.754151e+00,4.671776e+00,4.859656e+00,4.879053e+00,4.605368e+00,4.484803e+00,4.440832e+00,3.919910e+00,4.774048e+00,4.927514e+00,4.595888e+00,4.940050e+00,4.905885e+00,4.323481e+00,4.769557e+00,4.927014e+00,4.768255e+00,4.809427e+00,4.386325e+00,4.815281e+00,4.458621e+00,4.907034e+00,4.969106e+00,4.734664e+00,4.714720e+00,4.787673e+00,4.880599e+00,4.706813e+00
4.891892e+00,4.939693e+00,4.873182e+00,4.809662e+00,4.747298e+00,4.796484e+00,4.467061e+00,4.287130e+00,4.797774e+00,4.559780e+00,4.693522e+00,3.648652e+00,3.115054e+00,3.862435e+00,4.557727e+00,2.870537e+00,6.025203e+00,3.111227e+00,6.489901e+00,3.836139e+00,2.903565e+00,2.862043e+00,2.583167e+00,3.414085e+00,4.110154e+00,4.718016e+00,4.895698e+00,4.599970e+00,4.549683e+00,4.267833e+00,3.225696e+00,3.227093e+00,3.849485e+00,4.377413e+00,3.915065e+00,4.307002e+00,3.925273e+00,3.669106e+00,2.744904e+00,3.258971e+00,4.080056e+00,3.419423e+00,6.823228e+00,5.964309e+00,3.307477e+00,3.509160e+00,5.154103e+00,3.410661e+00,4.632347e+00,4.792543e+00,4.649783e+00,2.991607e+00,3.576041e+00,3.561118e+00,4.325578e+00,4.292712e+00,4.562652e+00,3.797942e+00,4.105768e+00,3.653741e+00,4.569929e+00,4.375264e+00,4.711979e+00,4.673614e+00,3.496846e+00,4.544903e+00,4.796777e+00,4.529238e+00,3.156379e+00,4.314471e+00,3.242541e+00,4.009422e+00,3.244870e+00,3.827141e+00,3.819675e+00,4.329185e+00,3.144757e+00,4.607773e+00,3.846450e+00,4.619023e+00,4.080286e+00,4.479810e+00,3.618044e+00,3.573634e+00,4.499013e+00,3.916133e+00,3.595767e+00,4.624181e+00,4.342907e+00,4.337109e+00,4.472325e+00,4.775342e+00,4.803987e+00,3.832313e+00,4.338899e+00,4.209680e+00,4.514938e+00,4.356963e+00,3.461002e+00,3.499387e+00,4.630944e+00,4.480694e+00,4.707699e+00,4.403312e+00,3.638983e+00,2.918698e+00,4.507698e+00,4.788446e+00,4.664496e+00,4.870976e+00,4.774889e+00,4.305076e+00,4.749036e+00,3.877594e+00,3.631574e+00,4.683998e+00,4.124956e+00,4.658161e+00,4.495402e+00,4.506357e+00,4.866048e+00,4.645037e+00,4.510797e+00,4.562182e+00,4.427112e+00,4.539052e+00,4.103949e+00,3.308583e+00,4.412621e+00,4.676666e+00,3.755165e+00,3.642131e+00,4.639658e+00,4.129678e+00,3.188892e+00,4.635559e+00,4.126073e+00,3.286218e+00,3.587481e+00,4.514792e+00,3.886083e+00,2.964591e+00,3.670538e+00,3.343413e+00,3.287916e+00,3.410467e+00,3.586368e+00,3.810877e+00,4.676433e+00,4.088173e+00,4.473423e+00,4.321694e+00,4.451582e+00,4.586820e+00,4.631797e+00,3.874408e+00,4.556865e+00,4.764290e+00,4.667149e+00,4.535389e+00,4.750770e+00,4.830565e+00,4.731387e+00,4.773000e+00,3.040494e+00,4.533353e+00,4.671120e+00,4.647017e+00,4.802751e+00,4.660838e+00,4.867307e+00,4.335133e+00,4.474920e+00,4.383479e+00,4.556605e+00,3.850759e+00,2.808964e+00,4.227440e+00,4.562155e+00,4.505367e+00,4.083214e+00,4.491844e+00,4.168876e+00,4.069576e+00,4.172165e+00,4.273160e+00,4.710697e+00,4.651878e+00,4.801118e+00,4.637270e+00,4.836846e+00,4.809022e+00,4.027277e+00,3.069487e+00,3.383248e+00,3.888955e+00,4.382453e+00,4.670292e+00,4.789559e+00,4.732956e+00,4.852717e+00,4.623261e+00,5.056470e+00,4.678586e+00,4.946128e+00,4.904200e+00,4.691085e+00,4.881178e+00,4.862904e+00,4.531819e+00,4.826800e+00,4.246773e+00,4.673286e+00,4.431898e+00,4.636019e+00
4.384284e+00,4.854420e+00,4.945977e+00,5.007992e+00,4.819550e+00,4.402194e+00,3.588203e+00,4.586572e+00,4.816966e+00,4.991951e+00,4.398216e+00,4.311954e+00,2.705269e+00,2.678788e+00,2.694633e+00,2.868218e+00,2.761494e+00,3.367453e+00,3.126645e+00,4.927275e+00,2.861017e+00,3.053271e+00,3.782394e+00,2.485645e+00,3.894642e+00,4.936682e+00,4.884717e+00,4.915760e+00,4.358944e+00,4.185530e+00,4.383067e+00,4.052599e+00,4.283588e+00,4.287053e+00,4.798654e+00,3.832431e+00,2.576350e+00,3.080822e+00,3.845018e+00,4.632565e+00,5.362348e+00,9.171618e+00,0.000000e+00,3.614440e+00,3.359511e+00,5.273788e+00,2.929501e+00,4.547939e+00,4.898000e+00,3.922489e+00,3.826355e+00,3.415131e+00,3.832142e+00,4.247209e+00,3.815907e+00,4.305185e+00,4.691485e+00,4.217119e+00,4.351663e+00,4.311099e+00,4.690534e+00,4.497931e+00,3.999260e+00,4.487584e+00,4.495715e+00,4.662355e+00,4.307132e+00,4.399726e+00,4.257935e+00,4.411807e+00,4.115757e+00,3.741748e+00,4.502350e+00,4.728851e+00,4.206359e+00,4.553998e+00,3.883533e+00,4.083958e+00,3.203701e+00,4.717166e+00,4.659419e+00,4.679433e+00,3.792454e+00,4.710788e+00,4.586751e+00,4.374973e+00,3.803578e+00,4.048396e+00,4.304148e+00,4.180290e+00,4.994051e+00,4.348058e+00,4.573857e+00,3.121342e+00,3.276379e+00,3.069134e+00,5.375994e+00,4.018576e+00,3.134949e+00,3.577167e+00,2.748227e+00,4.365039e+00,4.840387e+00,4.932850e+00,4.634043e+00,3.106324e+00,4.064951e+00,4.540368e+00,4.096068e+00,4.732813e+00,4.842395e+00,4.746368e+00,4.159248e+00,4.680246e+00,3.143593e+00,3.898988e+00,4.475189e+00,4.568112e+00,4.119905e+00,4.603058e+00,4.899873e+00,4.631755e+00,4.735759e+00,4.315494e+00,4.761191e+00,4.027917e+00,4.032142e+00,3.647307e+00,4.481340e+00,3.490709e+00,4.663470e+00,3.776371e+00,3.304066e+00,4.412973e+00,3.156030e+00,4.178627e+00,3.515661e+00,4.139919e+00,3.548191e+00,2.766280e+00,3.175695e+00,2.923482e+00,4.339240e+00,3.836846e+00,3.420235e+00,4.155761e+00,4.223037e+00,3.299763e+00,3.084426e+00,4.838976e+00,3.792589e+00,3.499209e+00,2.882081e+00,4.043747e+00,4.436242e+00,4.400101e+00,4.604399e+00,4.887717e+00,4.141958e+00,4.707761e+00,4.749517e+00,4.824206e+00,4.912145e+00,4.853809e+00,4.326841e+00,4.395356e+00,4.744602e+00,3.476372e+00,4.874451e+00,4.326294e+00,4.824373e+00,4.842867e+00,3.918073e+00,4.719847e+00,4.533523e+00,4.111144e+00,3.794709e+00,4.040337e+00,4.454056e+00,4.853796e+00,3.763066e+00,4.599010e+00,4.556803e+00,4.265913e+00,4.702158e+00,4.274737e+00,4.331140e+00,4.716782e+00,4.518437e+00,4.856631e+00,4.905961e+00,4.679272e+00,3.922831e+00,4.163389e+00,3.424775e+00,4.640548e+00,4.715388e+00,4.726272e+00,4.601869e+00,4.793946e+00,4.925023e+00,4.973086e+00,5.055758e+00,4.641265e+00,4.841160e+00,4.794561e+00,4.619750e+00,4.918538e+00,4.605251e+00,4.631814e+00,4.714544e+00,4.808087e+00,5.071563e+00,4.755024e+00,4.567994e+00
4.626091e+00,4.841836e+00,4.877277e+00,4.570321e+00,4.736609e+00,4.363519e+00,4.601205e+00,4.634864e+00,4.714520e+00,4.872500e+00,4.864007e+00,4.629080e+00,2.788785e+00,3.001409e+00,3.054237e+00,3.047959e+00,3.568009e+00,3.081373e+00,4.014417e+00,3.292931e+00,3.672677e+00,3.198675e+00,3.042352e+00,3.286701e+00,4.508299e+00,5.030272e+00,4.485080e+00,3.735943e+00,3.967166e+00,4.048143e+00,3.333712e+00,4.340040e+00,4.666773e+00,3.527377e+00,3.235831e+00,2.572667e+00,3.081566e+00,2.523470e+00,4.683790e+00,9.474373e+00,3.155072e+00,5.539324e+00,2.868748e+00,3.908284e+00,2.934960e+00,2.623573e+00,4.717325e+00,4.620400e+00,3.912404e+00,4.013158e+00,3.898206e+00,4.095285e+00,4.186766e+00,4.214829e+00,4.613391e+00,4.009248e+00,3.086895e+00,4.036402e+00,4.209747e+00,4.175078e+00,4.334968e+00,3.626276e+00,4.339373e+00,4.820781e+00,4.763887e+00,4.600437e+00,4.012853e+00,4.098760e+00,4.748941e+00,8.268854e+00,4.663427e+00,3.917462e+00,4.109773e+00,3.267755e+00,4.600553e+00,4.613943e+00,4.549694e+00,4.320449e+00,3.690480e+00,3.740285e+00,4.623053e+00,3.987628e+00,3.267593e+00,4.185184e+00,4.724805e+00,4.304884e+00,3.627353e+00,3.281883e+00,4.001716e+00,3.810422e+00,4.941173e+00,4.458362e+00,3.292132e+00,4.612710e+00,4.602394e+00,3.130518e+00,3.274792e+00,4.191729e+00,4.209195e+00,2.575165e+00,2.769373e+00,2.904253e+00,4.125051e+00,3.910428e+00,4.520930e+00,4.637622e+00,2.603385e+00,3.641101e+00,3.500924e+00,4.518604e+00,4.663855e+00,4.620274e+00,4.754166e+00,4.683453e+00,3.226634e+00,4.008780e+00,4.651169e+00,3.981714e+00,4.789009e+00,4.332049e+00,4.823713e+00,4.246892e+00,4.579421e+00,4.251673e+00,4.181767e+00,4.295731e+00,3.578441e+00,4.787838e+00,4.358536e+00,2.906817e+00,3.573941e+00,4.692875e+00,3.860424e+00,3.501244e+00,4.641271e+00,4.581481e+00,4.198109e+00,3.546548e+00,3.498825e+00,2.789664e+00,3.537150e+00,2.889959e+00,4.677918e+00,4.596636e+00,4.568889e+00,4.361629e+00,3.516699e+00,3.210631e+00,3.621862e+00,3.531016e+00,4.236180e+00,3.068157e+00,4.522132e+00,4.517387e+00,3.973110e+00,4.842923e+00,4.576163e+00,4.791873e+00,4.180235e+00,4.531511e+00,4.092051e+00,3.996788e+00,4.683577e+00,4.229189e+00,3.413446e+00,4.761547e+00,4.384075e+00,3.377624e+00,4.642601e+00,4.442356e+00,3.367653e+00,4.994886e+00,4.797004e+00,4.938299e+00,4.397735e+00,4.639730e+00,4.849323e+00,3.440211e+00,4.921548e+00,3.837810e+00,4.388978e+00,4.302358e+00,4.200572e+00,3.699251e+00,4.448580e+00,4.372651e+00,3.866772e+00,4.633047e+00,4.681783e+00,4.722101e+00,4.941554e+00,4.610880e+00,4.217571e+00,4.423913e+00,3.472554e+00,4.705093e+00,4.510851e+00,4.847173e+00,4.927097e+00,4.623106e+00,4.622698e+00,4.940392e+00,4.955504e+00,4.912578e+00,4.838508e+00,4.798849e+00,4.619676e+00,4.779260e+00,4.599270e+00,4.960604e+00,4.674700e+00,4.905099e+00,4.616913e+00,4.903511e+00,5.030058e+00
4.886634e+00,4.701875e+00,5.023798e+00,4.867880e+00,4.642587e+00,4.630931e+00,4.716777e+00,4.424265e+00,4.804054e+00,5.007404e+00,4.623377e+00,4.173895e+00,2.917240e+00,3.961550e+00,3.419921e+00,2.346236e+00,4.362721e+00,2.859667e+00,3.766165e+00,5.023187e+00,4.213523e+00,2.971258e+00,3.161776e+00,3.022877e+00,4.472592e+00,4.865556e+00,4.958616e+00,4.595740e+00,4.419780e+00,4.358813e+00,3.301680e+00,3.307957e+00,3.784706e+00,2.917356e+00,3.774686e+00,4.035491e+00,2.832446e+00,3.618330e+00,3.573045e+00,4.341301e+00,7.507634e+00,6.438306e+00,3.293264e+00,4.192369e+00,3.534211e+00,3.076494e+00,4.693577e+00,3.117681e+00,3.769614e+00,3.688508e+00,4.395342e+00,3.791637e+00,4.855235e+00,4.492169e+00,4.651051e+00,3.900708e+00,4.285141e+00,3.990109e+00,3.846087e+00,4.031835e+00,3.241571e+00,3.118728e+00,3.682135e+00,4.854720e+00,4.074613e+00,4.322756e+00,4.785749e+00,4.663998e+00,3.449330e+00,3.089859e+00,3.636622e+00,4.410406e+00,3.798366e+00,4.348061e+00,3.556289e+00,4.258802e+00,3.006317e+00,3.273015e+00,4.093047e+00,4.096118e+00,4.070659e+00,3.916193e+00,4.131573e+00,3.499556e+00,3.883551e+00,4.048374e+00,4.467592e+00,4.682089e+00,3.928817e+00,4.788848e+00,4.853096e+00,4.421981e+00,4.626814e+00,4.861230e+00,4.317905e+00,2.756487e+00,3.249400e+00,4.543779e+00,4.142674e+00,4.577192e+00,3.836725e+00,4.023284e+00,2.838396e+00,4.701831e+00,4.256892e+00,4.190521e+00,3.340048e+00,3.237283e+00,4.738014e+00,3.431850e+00,4.691654e+00,4.988725e+00,4.977121e+00,3.824699e+00,3.990406e+00,3.444391e+00,4.552964e+00,4.369660e+00,4.792563e+00,4.867248e+00,4.688840e+00,4.700274e+00,4.702908e+00,4.285142e+00,4.682958e+00,4.887650e+00,4.428478e+00,4.526996e+00,4.191506e+00,4.072941e+00,3.334647e+00,3.898040e+00,3.163529e+00,3.660060e+00,3.478210e+00,4.196586e+00,3.794420e+00,4.149681e+00,3.388934e+00,3.409285e+00,4.098929e+00,2.945701e+00,4.355497e+00,2.937462e+00,4.118038e+00,3.549698e+00,4.623915e+00,3.102117e+00,3.634967e+00,3.194908e+00,4.675300e+00,4.128135e+00,4.583843e+00,4.841249e+00,4.623437e+00,4.749663e+00,4.451236e+00,4.554851e+00,4.372327e+00,4.317495e+00,4.677363e+00,4.683119e+00,4.802363e+00,3.269257e+00,3.904776e+00,4.794371e+00,4.234558e+00,4.202051e+00,4.594949e+00,3.181496e+00,4.600085e+00,4.797019e+00,4.611126e+00,4.996031e+00,3.272341e+00,4.670541e+00,3.595145e+00,4.516061e+00,4.036724e+00,4.083276e+00,4.392487e+00,4.456048e+00,4.608110e+00,4.723598e+00,4.838876e+00,4.669784e+00,4.554434e+00,4.755020e+00,4.890110e+00,4.649274e+00,4.881205e+00,4.678605e+00,4.455930e+00,3.149345e+00,2.846370e+00,4.531491e+00,3.776294e+00,5.004289e+00,4.759088e+00,4.394739e+00,4.326331e+00,4.962236e+00,4.794600e+00,4.970853e+00,4.703316e+00,4.911054e+00,4.848187e+00,4.817036e+00,4.902155e+00,4.573635e+00,4.688087e+00,4.695264e+00,4.772491e+00,4.659082e+00,4.664436e+00
4.756651e+00,5.000988e+00,4.819259e+00,4.960173e+00,3.791181e+00,4.614423e+00,4.464674e+00,4.690573e+00,4.724966e+00,4.787142e+00,3.300606e+00,3.124494e+00,4.179093e+00,3.142986e+00,4.574576e+00,3.247723e+00,3.546173e+00,3.345134e+00,2.417567e+00,2.746995e+00,3.038533e+00,4.901420e+00,4.026771e+00,3.479712e+00,4.993418e+00,4.921937e+00,4.829742e+00,4.428425e+00,4.346841e+00,3.816963e+00,4.308525e+00,2.859279e+00,2.952993e+00,3.727833e+00,3.181974e+00,3.168851e+00,4.098372e+00,5.077243e+00,3.646003e+00,3.309486e+00,3.202520e+00,3.061544e+00,6.130638e+00,3.164565e+00,3.648275e+00,4.786709e+00,4.621831e+00,4.245402e+00,4.087903e+00,4.476640e+00,3.969069e+00,3.132871e+00,2.929018e+00,4.124635e+00,4.269419e+00,4.101377e+00,4.634838e+00,3.841448e+00,4.382443e+00,4.295401e+00,3.494621e+00,4.339086e+00,4.686431e+00,4.883771e+00,3.911967e+00,3.541390e+00,4.036606e+00,4.806905e+00,4.356379e+00,3.950652e+00,3.247265e+00,4.197530e+00,4.298978e+00,4.575062e+00,4.686818e+00,4.424248e+00,3.917016e+00,4.624062e+00,4.346556e+00,3.662416e+00,4.150143e+00,3.805051e+00,3.522280e+00,4.154896e+00,4.142475e+00,4.384913e+00,3.107792e+00,4.720994e+00,4.888712e+00,4.776458e+00,4.621951e+00,4.510455e+00,4.761605e+00,4.855207e+00,4.960021e+00,4.387486e+00,3.102902e+00,3.407563e+00,3.891943e+00,4.430103e+00,3.316418e+00,2.897950e+00,4.675865e+00,3.910881e+00,3.676422e+00,4.915901e+00,3.757490e+00,4.098104e+00,4.975226e+00,4.700361e+00,4.299800e+00,4.640596e+00,4.584068e+00,4.320934e+00,4.538268e+00,4.678537e+00,4.643150e+00,4.629322e+00,4.822435e+00,4.562193e+00,4.843908e+00,4.603716e+00,4.243594e+00,4.694778e+00,4.747946e+00,4.836207e+00,3.451293e+00,3.617447e+00,4.789948e+00,3.678044e+00,4.554913e+00,3.054941e+00,3.673412e+00,3.830733e+00,3.164811e+00,3.411638e+00,4.127729e+00,3.790535e+00,3.665061e+00,4.094015e+00,5.224558e+00,2.876313e+00,3.023055e+00,4.086694e+00,4.132059e+00,3.404419e+00,4.303375e+00,4.212919e+00,3.839422e+00,3.264510e+00,4.474227e+00,3.648441e+00,3.410458e+00,4.195038e+00,4.488719e+00,4.338983e+00,4.770565e+00,4.755865e+00,4.412464e+00,4.564897e+00,4.704574e+00,4.812273e+00,4.692588e+00,2.984829e+00,3.492474e+00,4.706003e+00,4.717337e+00,2.911255e+00,4.786859e+00,4.895887e+00,4.728457e+00,4.627241e+00,4.292936e+00,4.598444e+00,3.361985e+00,4.582397e+00,4.987448e+00,4.101145e+00,4.291401e+00,3.838266e+00,4.461613e+00,4.653308e+00,4.424964e+00,4.679367e+00,4.138163e+00,4.340597e+00,4.248984e+00,4.597224e+00,4.829919e+00,4.768822e+00,4.951248e+00,4.849066e+00,4.240984e+00,3.315869e+00,4.247847e+00,3.977151e+00,4.317807e+00,4.662365e+00,4.735959e+00,4.942806e+00,4.860382e+00,4.960379e+00,4.433419e+00,4.865405e+00,4.897169e+00,4.727565e+00,4.979328e+00,4.722226e+00,4.600545e+00,4.812312e+00,4.935575e+00,4.857909e+00,4.931078e+00,4.783741e+00,4.860291e+00
5.005326e+00,4.855770e+00,4.812853e+00,4.620918e+00,4.375482e+00,4.370875e+00,4.389762e+00,4.660945e+00,4.767988e+00,4.866543e+00,4.503625e+00,3.962161e+00,4.029298e+00,3.949717e+00,3.249578e+00,3.568852e+00,3.661546e+00,4.895890e+00,4.609768e+00,3.394549e+00,3.888119e+00,3.701676e+00,3.679575e+00,4.351628e+00,4.518603e+00,4.505559e+00,4.765090e+00,4.675270e+00,3.507983e+00,3.803664e+00,4.080798e+00,4.690770e+00,4.342853e+00,3.221561e+00,3.970803e+00,3.845534e+00,0.000000e+00,3.308801e+00,3.960009e+00,5.685581e+00,3.863539e+00,3.828606e+00,3.623264e+00,3.552780e+00,4.115712e+00,4.609244e+00,4.629372e+00,4.429063e+00,4.294013e+00,4.037723e+00,4.277368e+00,3.939300e+00,3.570757e+00,4.310499e+00,4.575337e+00,4.017182e+00,4.597576e+00,4.418923e+00,3.867627e+00,3.397207e+00,4.287070e+00,4.278442e+00,4.654379e+00,4.700731e+00,4.269571e+00,4.713752e+00,4.793804e+00,4.685330e+00,3.976401e+00,3.633437e+00,3.922135e+00,4.569009e+00,4.782513e+00,4.593775e+00,4.558783e+00,4.031813e+00,4.060619e+00,4.700945e+00,4.535524e+00,4.335246e+00,4.404753e+00,4.511184e+00,4.424971e+00,4.267754e+00,4.445616e+00,3.568390e+00,3.409850e+00,4.746751e+00,4.975242e+00,4.775641e+00,4.798553e+00,4.729021e+00,4.929870e+00,4.598422e+00,4.885235e+00,4.883045e+00,5.621450e+00,4.135021e+00,3.674298e+00,4.132279e+00,4.500078e+00,4.559440e+00,4.512875e+00,4.788391e+00,5.059064e+00,4.901214e+00,4.410191e+00,4.898948e+00,4.809185e+00,4.765352e+00,4.828748e+00,4.910573e+00,4.727138e+00,4.540828e+00,4.110641e+00,4.587045e+00,4.297481e+00,4.659533e+00,4.844835e+00,4.330597e+00,4.773101e+00,3.883937e+00,4.706001e+00,4.257350e+00,4.318259e+00,3.782625e+00,4.142866e+00,4.856414e+00,4.482468e+00,4.651940e+00,3.738143e+00,4.271015e+00,4.038395e+00,3.240838e+00,4.015522e+00,3.443902e+00,2.867762e+00,4.174052e+00,2.899399e+00,4.877676e+00,3.795467e+00,4.112918e+00,3.247939e+00,3.190128e+00,4.807763e+00,4.311032e+00,4.567556e+00,2.868831e+00,3.556590e+00,4.227577e+00,4.589528e+00,4.014892e+00,4.175897e+00,4.519840e+00,4.540907e+00,4.654147e+00,4.340874e+00,3.584211e+00,4.328642e+00,4.184913e+00,4.368872e+00,4.010704e+00,4.589969e+00,3.296545e+00,3.574507e+00,4.758491e+00,4.729179e+00,3.954245e+00,4.646029e+00,4.796992e+00,4.476485e+00,4.501969e+00,3.953602e+00,4.522395e+00,4.953204e+00,4.893351e+00,4.722565e+00,4.892337e+00,3.444455e+00,3.557169e+00,4.594738e+00,4.539157e+00,4.525970e+00,4.486255e+00,4.394670e+00,4.531509e+00,4.477727e+00,4.705267e+00,4.841677e+00,4.295351e+00,4.999026e+00,4.798058e+00,4.395499e+00,3.739645e+00,3.474848e+00,4.555936e+00,4.658796e+00,4.614527e+00,4.848806e+00,4.792505e+00,4.430187e+00,4.996336e+00,4.854359e+00,4.951085e+00,4.733046e+00,4.913805e+00,4.753527e+00,4.899316e+00,4.912561e+00,4.597434e+00,4.779605e+00,4.760200e+00,4.715633e+00,4.957239e+00,4.789692e+00
4.736521e+00,4.824092e+00,4.746053e+00,4.712714e+00,4.668653e+00,4.739612e+00,4.775397e+00,4.830873e+00,4.725045e+00,4.696892e+00,3.841311e+00,3.716424e+00,3.126783e+00,3.766762e+00,3.208328e+00,3.470942e+00,3.328666e+00,6.619142e+00,3.936864e+00,3.435438e+00,2.736720e+00,9.427039e+00,3.408484e+00,2.808083e+00,4.437047e+00,5.030727e+00,4.682328e+00,4.604532e+00,4.531293e+00,4.811625e+00,3.436405e+00,4.518961e+00,3.630461e+00,4.584237e+00,4.349330e+00,3.273637e+00,5.654274e+00,3.015618e+00,4.290520e+00,3.410144e+00,6.481727e+00,3.660702e+00,5.270651e+00,3.061234e+00,4.689984e+00,4.818664e+00,4.302979e+00,3.959020e+00,3.833642e+00,4.129089e+00,3.994228e+00,4.047587e+00,4.038540e+00,4.414419e+00,3.883510e+00,4.313191e+00,4.493735e+00,4.435859e+00,4.042339e+00,4.478712e+00,3.634157e+00,3.844467e+00,4.092334e+00,4.517423e+00,4.957074e+00,3.507456e+00,3.520816e+00,3.923659e+00,4.034377e+00,4.232419e+00,4.679243e+00,4.315872e+00,4.103956e+00,4.659428e+00,4.355801e+00,4.462992e+00,4.814453e+00,4.645307e+00,4.081950e+00,4.154944e+00,4.409289e+00,4.344926e+00,4.367634e+00,3.993303e+00,4.461671e+00,4.277879e+00,4.519651e+00,4.563200e+00,4.789967e+00,4.418864e+00,4.435545e+00,4.462387e+00,3.838147e+00,4.114006e+00,4.828215e+00,4.633182e+00,3.442550e+00,3.712705e+00,3.104406e+00,4.092423e+00,4.242906e+00,4.653003e+00,4.596593e+00,4.719206e+00,4.843137e+00,5.024913e+00,4.948376e+00,4.451246e+00,4.818547e+00,4.755124e+00,4.404466e+00,4.733502e+00,4.212133e+00,4.579969e+00,4.304524e+00,4.205270e+00,4.478541e+00,4.560260e+00,4.180817e+00,3.752927e+00,3.995519e+00,4.544478e+00,4.073630e+00,4.750613e+00,4.727570e+00,4.589380e+00,4.687296e+00,3.990628e+00,3.201567e+00,3.940176e+00,3.362910e+00,3.996383e+00,3.139314e+00,3.370864e+00,4.500068e+00,2.937253e+00,4.148989e+00,4.127440e+00,4.479930e+00,3.778616e+00,3.260997e+00,4.468473e+00,3.451100e+00,3.778738e+00,3.339691e+00,3.026802e+00,4.087093e+00,3.068551e+00,3.081062e+00,3.854562e+00,4.660863e+00,4.697904e+00,3.907186e+00,4.430593e+00,4.720656e+00,4.532387e+00,4.788882e+00,4.555958e+00,4.491530e+00,4.282152e+00,4.206163e+00,4.387448e+00,4.740890e+00,4.833714e+00,2.844286e+00,4.840071e+00,4.103577e+00,4.814219e+00,4.797474e+00,4.784101e+00,4.804647e+00,4.824160e+00,4.763092e+00,4.816354e+00,3.403696e+00,4.300484e+00,4.339891e+00,4.795618e+00,3.397868e+00,3.954478e+00,4.084843e+00,4.514557e+00,4.581140e+00,4.484360e+00,4.641060e+00,4.469960e+00,4.261731e+00,4.284398e+00,4.418530e+00,4.527331e+00,4.601597e+00,4.953398e+00,4.624690e+00,3.441386e+00,2.875321e+00,3.939726e+00,4.505517e+00,4.816845e+00,4.688582e+00,4.726302e+00,4.899481e+00,4.705528e+00,4.910803e+00,4.963938e+00,4.875715e+00,4.805777e+00,4.824937e+00,4.848596e+00,4.547207e+00,4.084292e+00,4.914908e+00,4.483655e+00,4.628585e+00,4.661699e+00,4.696345e+00
4.772312e+00,4.838445e+00,4.796274e+00,4.589678e+00,4.571837e+00,4.765122e+00,4.881494e+00,4.802251e+00,4.964139e+00,4.833180e+00,3.704331e+00,2.913949e+00,2.866166e+00,5.558875e+00,2.430544e+00,2.376326e+00,3.047008e+00,3.791666e+00,2.531709e+00,2.550068e+00,2.454248e+00,2.758322e+00,3.321478e+00,3.864385e+00,4.698778e+00,4.376215e+00,3.949297e+00,3.497631e+00,3.766702e+00,3.743175e+00,4.626792e+00,3.589010e+00,2.984135e+00,2.890078e+00,3.814943e+00,3.549966e+00,3.567269e+00,6.115372e+00,9.495500e+00,5.683922e+00,4.267489e+00,3.742580e+00,0.000000e+00,4.429904e+00,4.820886e+00,4.050034e+00,4.665096e+00,4.323678e+00,4.129284e+00,4.505998e+00,3.740969e+00,3.723106e+00,3.942735e+00,4.322684e+00,3.660877e+00,2.844020e+00,4.433138e+00,4.403038e+00,4.133455e+00,3.980498e+00,4.208962e+00,4.698871e+00,4.564646e+00,3.574719e+00,3.148316e+00,4.783679e+00,4.908484e+00,3.367458e+00,4.207558e+00,4.687657e+00,4.513796e+00,4.743567e+00,4.601011e+00,4.724435e+00,4.561760e+00,4.638966e+00,4.318247e+00,2.916585e+00,4.472071e+00,3.862614e+00,3.955083e+00,3.718019e+00,3.837218e+00,4.521683e+00,4.177799e+00,4.672059e+00,4.775245e+00,4.752939e+00,4.779574e+00,4.749176e+00,4.675001e+00,4.146332e+00,3.422372e+00,3.204398e+00,4.882241e+00,3.124559e+00,3.235110e+00,4.572316e+00,4.933505e+00,4.879390e+00,4.855575e+00,4.740601e+00,4.810589e+00,4.746853e+00,4.749514e+00,4.622099e+00,4.705051e+00,4.603082e+00,4.724382e+00,4.542269e+00,4.481965e+00,3.682216e+00,4.413789e+00,3.601980e+00,4.487127e+00,4.201239e+00,4.416435e+00,4.645958e+00,4.727808e+00,4.211632e+00,4.930571e+00,4.643282e+00,4.795820e+00,4.161118e+00,4.313328e+00,3.503460e+00,4.367432e+00,4.213338e+00,4.408862e+00,4.113826e+00,4.277098e+00,3.508805e+00,4.443400e+00,3.833136e+00,4.340040e+00,2.999993e+00,2.581476e+00,4.462333e+00,3.196896e+00,3.222542e+00,2.821122e+00,3.094840e+00,4.091146e+00,3.556376e+00,2.637559e+00,2.808915e+00,2.762418e+00,3.000394e+00,4.011181e+00,4.205996e+00,4.451903e+00,4.178143e+00,2.855596e+00,4.090641e+00,4.122182e+00,4.449503e+00,4.721376e+00,4.565253e+00,4.472855e+00,4.099958e+00,4.183507e+00,4.120603e+00,4.852222e+00,4.657013e+00,4.904891e+00,4.768718e+00,4.142315e+00,4.427586e+00,4.721563e+00,4.048596e+00,4.803830e+00,4.672236e+00,4.634188e+00,4.953841e+00,4.835107e+00,4.943255e+00,4.921029e+00,2.961998e+00,2.888848e+00,4.366616e+00,4.283198e+00,4.451038e+00,4.681605e+00,4.790734e+00,4.731131e+00,4.278101e+00,4.228020e+00,4.623709e+00,4.798399e+00,4.783400e+00,4.690558e+00,4.738562e+00,4.660734e+00,3.437856e+00,3.389813e+00,4.017559e+00,4.514041e+00,4.493408e+00,4.782659e+00,4.896049e+00,4.608351e+00,4.886535e+00,4.772990e+00,4.685617e+00,4.880919e+00,4.876575e+00,4.469765e+00,4.921321e+00,4.767408e+00,4.928915e+00,4.832733e+00,4.532713e+00,4.377145e+00,4.857786e+00,4.681693e+00
4.603136e+00,4.618867e+00,4.870003e+00,4.253297e+00,3.806887e+00,4.859815e+00,4.624320e+00,4.809417e+00,4.827014e+00,4.945705e+00,4.422076e+00,3.601416e+00,3.481438e+00,3.753579e+00,2.994914e+00,3.408305e+00,3.604070e+00,3.792663e+00,3.105106e+00,2.924458e+00,8.877405e+00,3.153666e+00,2.823301e+00,4.627553e+00,4.905368e+00,4.588634e+00,4.249663e+00,4.423608e+00,2.867194e+00,2.828476e+00,4.400257e+00,4.064525e+00,4.776693e+00,4.117585e+00,3.072544e+00,3.625153e+00,8.860756e+00,3.309745e+00,3.856951e+00,4.182564e+00,5.338696e+00,3.155015e+00,3.605843e+00,4.543092e+00,4.142746e+00,2.896918e+00,4.444057e+00,4.677989e+00,2.985275e+00,4.052308e+00,3.548346e+00,4.029900e+00,4.802468e+00,4.319962e+00,4.894661e+00,4.435264e+00,4.377052e+00,4.446068e+00,4.393765e+00,4.508941e+00,3.964183e+00,4.622940e+00,4.560393e+00,4.316507e+00,0.000000e+00,3.514488e+00,2.823588e+00,4.192011e+00,4.217654e+00,4.784727e+00,4.605930e+00,3.959109e+00,4.572434e+00,4.542871e+00,4.630151e+00,4.192800e+00,3.294938e+00,4.155284e+00,3.375581e+00,4.082439e+00,3.875616e+00,2.627876e+00,4.592761e+00,4.562292e+00,4.109129e+00,4.605879e+00,4.626270e+00,4.813802e+00,4.357490e+00,3.500403e+00,4.590756e+00,4.469411e+00,4.745394e+00,4.459980e+00,3.074667e+00,2.903024e+00,4.874526e+00,4.803250e+00,4.826204e+00,4.835227e+00,4.795779e+00,4.567748e+00,4.315724e+00,4.445471e+00,4.852940e+00,4.402930e+00,4.403732e+00,4.168195e+00,4.654147e+00,4.269803e+00,4.425533e+00,4.042658e+00,4.363982e+00,3.015916e+00,4.392188e+00,4.559296e+00,4.421161e+00,4.620675e+00,4.850756e+00,3.855947e+00,3.938645e+00,4.763422e+00,4.640212e+00,4.049764e+00,4.731573e+00,4.542888e+00,3.292585e+00,3.058458e+00,4.165749e+00,4.736790e+00,4.130491e+00,4.147146e+00,4.057464e+00,3.524958e+00,3.139668e+00,3.000817e+00,3.557483e+00,3.614109e+00,3.634917e+00,3.708315e+00,3.902530e+00,3.432079e+00,4.507914e+00,3.112651e+00,2.812080e+00,2.762601e+00,3.365423e+00,2.752839e+00,2.768131e+00,3.575732e+00,3.313801e+00,4.861770e+00,3.105896e+00,4.663810e+00,4.207903e+00,3.999600e+00,4.325045e+00,4.884520e+00,4.208324e+00,4.662981e+00,4.176842e+00,3.995684e+00,4.165393e+00,4.438046e+00,4.751819e+00,4.485150e+00,2.758621e+00,4.355122e+00,4.698910e+00,4.739606e+00,4.836146e+00,4.577099e+00,4.220779e+00,4.457724e+00,4.286016e+00,4.521098e+00,3.808307e+00,3.186625e+00,2.729666e+00,3.938765e+00,4.164055e+00,4.331684e+00,4.675569e+00,4.662996e+00,3.437921e+00,4.680042e+00,4.815073e+00,4.749437e+00,4.690550e+00,4.835807e+00,4.929870e+00,4.853664e+00,4.944223e+00,4.045502e+00,3.899420e+00,4.313636e+00,4.599013e+00,4.259179e+00,4.699720e+00,4.938507e+00,4.684591e+00,4.691105e+00,4.493466e+00,4.808223e+00,4.391322e+00,4.823094e+00,4.725894e+00,4.696905e+00,4.994976e+00,4.441150e+00,4.870299e+00,4.813602e+00,4.786013e+00,5.057857e+00,4.807090e+00
4.915593e+00,4.962435e+00,4.540964e+00,4.676773e+00,4.388149e+00,4.076318e+00,4.552915e+00,4.627557e+00,4.771801e+00,4.914770e+00,4.371947e+00,2.999734e+00,3.931002e+00,3.262046e+00,3.356354e+00,3.383282e+00,4.023466e+00,6.984680e+00,3.573532e+00,4.691832e+00,3.743403e+00,3.832765e+00,3.574478e+00,4.784243e+00,4.965504e+00,4.837953e+00,4.412707e+00,4.383993e+00,4.175707e+00,4.197141e+00,4.746500e+00,4.805121e+00,3.361031e+00,3.688771e+00,3.778998e+00,3.913343e+00,1.003049e+01,3.726876e+00,4.168098e+00,3.973616e+00,3.134792e+00,3.295147e+00,4.800369e+00,4.773910e+00,4.596786e+00,4.300460e+00,4.431987e+00,3.730073e+00,3.668539e+00,4.348838e+00,4.590434e+00,3.642629e+00,4.490021e+00,4.404218e+00,4.011201e+00,4.013977e+00,4.070811e+00,3.758625e+00,4.590309e+00,4.598598e+00,4.401629e+00,4.220211e+00,4.483872e+00,3.718681e+00,4.498777e+00,4.376912e+00,4.665749e+00,4.305648e+00,4.619076e+00,4.213329e+00,4.231747e+00,4.827593e+00,4.600867e+00,4.220680e+00,4.678635e+00,4.455152e+00,3.506511e+00,3.272606e+00,3.731381e+00,3.332047e+00,3.499869e+00,3.942262e+00,4.646754e+00,4.545765e+00,3.964779e+00,4.475294e+00,4.905356e+00,4.415268e+00,4.733881e+00,3.672637e+00,4.567828e+00,3.885510e+00,4.670249e+00,4.232474e+00,4.175493e+00,4.836512e+00,4.743144e+00,4.875471e+00,4.107882e+00,4.646799e+00,4.621954e+00,4.687281e+00,4.300625e+00,4.568578e+00,4.754405e+00,4.719498e+00,4.211243e+00,4.480089e+00,4.810557e+00,3.454245e+00,2.523140e+00,2.279955e+00,3.023667e+00,3.987835e+00,3.912843e+00,4.644576e+00,4.685035e+00,4.092142e+00,4.587446e+00,4.064119e+00,4.030601e+00,4.363694e+00,4.443863e+00,4.428966e+00,4.681678e+00,4.593948e+00,4.662054e+00,4.500399e+00,4.074705e+00,4.649489e+00,4.549873e+00,2.995504e+00,3.036266e+00,3.701293e+00,4.149471e+00,4.291970e+00,2.554921e+00,3.542302e+00,3.011704e+00,3.676222e+00,4.242646e+00,3.093588e+00,4.472935e+00,3.624500e+00,3.759539e+00,2.719542e+00,4.110489e+00,2.574875e+00,5.072540e+00,3.376688e+00,3.037477e+00,4.212875e+00,3.806053e+00,4.102942e+00,4.234357e+00,4.460744e+00,4.728863e+00,4.585376e+00,4.620715e+00,4.832443e+00,4.919514e+00,4.638037e+00,3.714917e+00,4.345395e+00,4.706989e+00,4.839377e+00,4.906464e+00,3.778358e+00,2.957969e+00,2.943577e+00,3.896666e+00,3.980359e+00,4.334027e+00,4.377455e+00,3.768903e+00,3.753911e+00,4.525474e+00,4.442475e+00,4.866269e+00,4.262963e+00,4.004980e+00,4.017893e+00,4.208613e+00,4.662053e+00,4.376747e+00,4.647610e+00,4.607711e+00,4.728110e+00,4.527626e+00,4.715567e+00,4.736486e+00,4.737837e+00,4.462989e+00,4.129624e+00,3.324409e+00,3.994604e+00,4.612399e+00,4.317194e+00,4.848099e+00,4.613473e+00,4.882667e+00,5.020544e+00,4.499735e+00,4.846672e+00,4.834171e+00,4.871011e+00,4.664939e+00,4.983743e+00,4.475112e+00,4.952928e+00,4.823206e+00,4.918316e+00,4.760615e+00,4.791709e+00,4.877757e+00
4.513355e+00,4.760559e+00,4.800294e+00,5.003325e+00,4.237884e+00,4.524201e+00,4.599947e+00,4.712539e+00,4.843682e+00,4.570487e+00,3.993941e+00,3.975075e+00,3.053458e+00,4.404845e+00,4.234221e+00,3.484537e+00,8.229682e+00,3.656155e+00,3.408689e+00,3.366667e+00,3.724810e+00,3.917579e+00,3.492802e+00,4.469534e+00,4.813798e+00,4.862592e+00,4.828267e+00,3.864516e+00,4.495729e+00,4.176559e+00,4.782845e+00,4.493532e+00,3.512206e+00,4.722407e+00,7.849745e+00,7.780635e+00,9.873677e+00,4.201542e+00,4.074443e+00,5.449864e+00,4.663781e+00,4.632927e+00,4.887684e+00,4.317994e+00,4.404036e+00,4.594344e+00,4.308177e+00,4.244003e+00,4.434200e+00,3.893183e+00,3.985496e+00,4.540620e+00,4.522941e+00,4.300433e+00,3.400617e+00,4.524312e+00,4.240808e+00,3.991632e+00,3.994984e+00,4.043986e+00,4.784542e+00,4.690086e+00,4.808789e+00,4.331323e+00,4.311944e+00,3.300040e+00,3.662994e+00,3.780483e+00,4.227683e+00,4.062962e+00,4.105538e+00,4.610249e+00,4.769441e+00,4.705396e+00,4.577847e+00,4.523018e+00,4.420775e+00,4.186528e+00,4.175710e+00,4.301602e+00,4.707976e+00,4.225401e+00,3.754324e+00,3.900550e+00,4.786946e+00,4.928432e+00,4.919512e+00,4.753578e+00,3.714290e+00,3.784996e+00,3.519014e+00,7.256047e+00,3.579482e+00,4.151040e+00,4.589574e+00,4.965343e+00,4.681557e+00,4.011200e+00,4.417358e+00,3.763741e+00,4.500899e+00,3.707411e+00,4.362128e+00,4.376946e+00,4.638360e+00,4.393790e+00,4.602252e+00,4.783500e+00,4.643748e+00,4.924729e+00,4.474662e+00,3.437245e+00,3.656341e+00,4.308215e+00,4.251024e+00,4.071544e+00,4.473237e+00,4.522138e+00,4.388901e+00,4.322981e+00,3.926424e+00,4.850281e+00,4.759897e+00,4.217747e+00,4.373313e+00,4.317478e+00,4.656521e+00,4.624452e+00,4.561667e+00,4.574015e+00,4.748058e+00,3.563783e+00,4.660924e+00,3.633044e+00,4.688359e+00,4.079066e+00,2.861092e+00,3.288787e+00,4.069254e+00,4.332315e+00,3.200885e+00,3.672963e+00,3.438642e+00,4.286913e+00,3.266906e+00,3.416548e+00,2.756104e+00,4.803687e+00,3.680644e+00,4.785485e+00,3.767422e+00,4.476222e+00,3.749140e+00,4.383574e+00,4.092483e+00,4.647609e+00,4.223502e+00,4.732225e+00,4.756124e+00,4.762779e+00,4.602900e+00,4.685321e+00,4.670387e+00,3.624431e+00,4.740460e+00,4.821704e+00,3.937082e+00,4.067071e+00,3.715478e+00,3.793789e+00,3.616334e+00,4.106562e+00,4.479655e+00,4.132531e+00,4.351096e+00,3.769126e+00,4.072357e+00,4.589503e+00,4.471765e+00,4.336913e+00,4.430417e+00,4.472130e+00,4.336172e+00,4.775508e+00,4.598293e+00,4.567631e+00,4.563127e+00,4.429579e+00,4.475281e+00,4.593571e+00,4.777388e+00,4.713021e+00,4.597718e+00,4.494893e+00,4.571716e+00,4.581727e+00,4.878828e+00,4.641601e+00,4.747970e+00,4.692727e+00,4.907124e+00,4.620955e+00,4.916016e+00,4.877572e+00,4.883315e+00,4.835092e+00,4.897725e+00,4.881174e+00,4.592794e+00,4.852157e+00,4.790207e+00,4.670880e+00,4.567226e+00,4.787322e+00,4.583287e+00
4.816236e+00,4.865946e+00,4.703724e+00,4.860643e+00,4.106073e+00,4.514295e+00,4.848103e+00,4.644796e+00,4.612832e+00,4.969515e+00,4.396311e+00,3.010939e+00,3.700620e+00,3.188683e+00,4.555731e+00,2.879024e+00,2.670215e+00,2.742629e+00,2.631245e+00,2.572287e+00,2.631161e+00,3.846920e+00,2.823891e+00,4.841804e+00,4.287467e+00,4.442744e+00,3.504420e+00,4.073317e+00,4.176970e+00,3.773002e+00,4.048592e+00,3.838398e+00,3.083196e+00,9.124057e+00,5.472763e+00,0.000000e+00,0.000000e+00,0.000000e+00,3.752070e+00,3.481843e+00,4.721773e+00,4.298375e+00,4.483984e+00,3.305750e+00,3.051357e+00,3.469853e+00,3.178427e+00,3.854865e+00,3.816260e+00,3.355323e+00,3.329148e+00,4.079958e+00,4.488826e+00,3.496361e+00,4.427851e+00,4.186070e+00,4.256592e+00,4.733891e+00,4.463970e+00,4.147859e+00,4.168674e+00,3.812659e+00,4.306832e+00,3.363264e+00,4.393849e+00,4.480992e+00,4.000862e+00,3.566083e+00,4.528386e+00,4.459389e+00,3.551043e+00,3.230046e+00,3.447763e+00,4.725978e+00,4.208400e+00,3.450748e+00,2.550838e+00,3.637074e+00,3.584390e+00,4.559810e+00,4.283935e+00,3.885687e+00,3.870659e+00,4.374141e+00,4.368219e+00,4.931901e+00,4.858994e+00,4.771462e+00,2.970933e+00,3.972843e+00,3.615220e+00,4.191614e+00,4.763716e+00,4.573573e+00,4.807696e+00,4.285908e+00,4.181960e+00,3.434841e+00,4.459951e+00,3.008055e+00,3.026305e+00,4.500266e+00,4.142997e+00,3.994157e+00,3.759528e+00,4.572884e+00,4.214461e+00,4.547279e+00,4.236306e+00,4.725642e+00,4.126034e+00,3.385788e+00,3.673758e+00,4.580937e+00,4.757496e+00,4.753950e+00,4.436998e+00,4.644493e+00,4.677879e+00,4.680994e+00,4.740144e+00,4.364264e+00,4.916424e+00,4.306497e+00,4.761051e+00,3.722757e+00,4.096173e+00,3.313822e+00,4.251832e+00,4.527086e+00,4.195439e+00,4.628897e+00,4.079697e+00,2.993479e+00,2.939017e+00,3.745637e+00,3.748445e+00,3.429482e+00,4.264245e+00,2.941844e+00,2.876568e+00,3.981752e+00,3.191798e+00,4.339640e+00,4.560820e+00,3.458548e+00,2.779054e+00,4.050290e+00,3.021158e+00,3.981413e+00,3.345660e+00,4.493739e+00,3.454544e+00,3.998186e+00,4.500171e+00,4.703374e+00,3.695252e+00,4.637299e+00,4.618182e+00,4.729323e+00,4.921708e+00,4.594583e+00,4.629357e+00,4.656138e+00,4.452581e+00,4.658035e+00,4.364165e+00,4.474116e+00,4.116977e+00,3.924196e+00,4.315834e+00,3.072688e+00,3.956693e+00,4.447243e+00,4.636208e+00,4.389346e+00,3.792436e+00,4.414060e+00,4.388336e+00,4.722741e+00,4.633912e+00,4.220420e+00,4.860869e+00,4.425911e+00,4.410646e+00,4.617302e+00,4.568548e+00,4.758490e+00,4.442312e+00,4.971624e+00,4.793929e+00,4.642553e+00,4.438911e+00,4.420561e+00,3.406802e+00,3.814658e+00,4.797337e+00,4.533726e+00,4.767986e+00,4.776426e+00,4.838892e+00,4.984665e+00,4.256683e+00,4.635676e+00,4.903722e+00,4.508690e+00,4.994448e+00,4.927345e+00,4.709339e+00,4.659924e+00,4.818461e+00,4.698646e+00,4.894394e+00,4.952929e+00,4.737354e+00
4.555812e+00,4.887975e+00,4.793139e+00,4.622709e+00,4.156075e+00,4.724079e+00,4.808869e+00,4.620507e+00,4.825547e+00,4.193871e+00,3.556839e+00,4.362450e+00,3.205181e+00,2.930372e+00,3.757877e+00,3.281302e+00,3.039001e+00,3.066590e+00,3.627759e+00,4.349296e+00,3.909663e+00,3.674768e+00,4.737294e+00,4.717785e+00,4.818984e+00,4.710368e+00,3.227363e+00,3.328305e+00,3.599891e+00,3.497532e+00,3.330699e+00,2.994281e+00,4.573677e+00,5.668575e+00,0.000000e+00,3.706091e+00,2.710131e+00,2.669378e+00,4.891361e+00,3.621920e+00,4.679236e+00,4.868382e+00,4.370337e+00,2.702033e+00,3.711792e+00,3.779050e+00,4.220903e+00,3.282778e+00,3.530619e+00,4.388318e+00,4.466776e+00,4.464311e+00,4.165202e+00,4.065904e+00,4.061590e+00,4.790719e+00,4.314008e+00,3.994837e+00,4.288308e+00,4.754779e+00,4.219358e+00,4.497516e+00,3.221997e+00,3.608668e+00,2.819956e+00,3.569503e+00,4.282147e+00,4.750846e+00,4.387616e+00,3.979559e+00,4.112389e+00,3.199543e+00,4.232937e+00,4.351257e+00,4.543799e+00,3.663490e+00,4.105105e+00,2.738620e+00,3.668114e+00,4.629450e+00,4.296406e+00,3.434416e+00,4.408550e+00,4.747136e+00,4.520722e+00,4.518106e+00,4.628747e+00,4.832044e+00,4.456399e+00,4.069657e+00,4.671996e+00,4.803000e+00,4.663512e+00,4.523192e+00,4.010496e+00,3.606970e+00,3.332040e+00,3.341517e+00,3.224601e+00,3.716117e+00,3.324029e+00,4.545836e+00,4.671192e+00,4.121885e+00,4.498954e+00,4.785262e+00,4.269043e+00,4.132854e+00,4.479085e+00,3.914649e+00,4.004332e+00,4.574965e+00,4.453549e+00,4.240496e+00,4.112072e+00,3.871823e+00,4.462739e+00,4.665904e+00,4.547475e+00,4.429455e+00,4.656681e+00,4.867722e+00,4.690321e+00,4.317114e+00,4.771931e+00,4.450005e+00,3.874157e+00,2.945343e+00,3.938056e+00,4.157983e+00,3.359469e+00,3.400997e+00,2.937640e+00,2.895883e+00,2.982773e+00,4.749268e+00,3.052645e+00,3.452125e+00,3.060818e+00,4.414858e+00,2.757070e+00,2.739138e+00,3.095137e+00,3.147180e+00,2.823120e+00,2.688071e+00,4.416797e+00,3.165068e+00,2.683251e+00,4.454581e+00,3.141268e+00,4.750906e+00,2.765420e+00,3.120250e+00,4.644721e+00,3.637868e+00,4.925538e+00,4.796305e+00,4.756635e+00,4.246025e+00,4.574723e+00,4.759516e+00,4.438630e+00,4.443928e+00,4.670325e+00,4.654250e+00,4.498925e+00,4.272830e+00,4.740647e+00,4.657313e+00,3.959607e+00,4.254211e+00,4.592780e+00,3.857697e+00,4.450240e+00,3.594275e+00,4.131476e+00,3.920178e+00,4.711822e+00,4.824578e+00,4.608937e+00,3.826977e+00,4.486321e+00,4.555574e+00,4.892553e+00,4.681391e+00,4.822319e+00,4.440596e+00,4.591906e+00,4.821550e+00,4.892575e+00,4.848296e+00,4.782611e+00,4.436004e+00,3.674484e+00,4.627686e+00,4.573800e+00,3.328632e+00,4.323942e+00,4.548401e+00,4.919277e+00,4.720302e+00,4.782534e+00,4.764647e+00,4.762319e+00,4.793032e+00,4.803999e+00,4.419675e+00,4.571053e+00,4.732121e+00,4.830128e+00,4.943083e+00,4.657292e+00,4.690587e+00,4.755371e+00
4.748518e+00,4.704350e+00,4.784296e+00,4.831785e+00,4.390780e+00,3.340375e+00,4.307864e+00,4.796807e+00,4.875884e+00,4.497270e+00,4.413956e+00,3.313697e+00,4.693492e+00,3.052782e+00,2.576712e+00,2.839512e+00,2.479846e+00,3.268665e+00,3.263358e+00,2.549903e+00,4.030357e+00,2.457502e+00,2.690675e+00,4.930896e+00,4.663504e+00,4.678425e+00,4.240366e+00,4.137932e+00,3.840282e+00,4.042198e+00,3.763658e+00,3.525668e+00,2.424136e+00,2.712124e+00,3.005283e+00,5.977983e+00,6.698183e+00,3.198810e+00,2.999159e+00,4.912472e+00,4.932015e+00,4.645721e+00,4.147336e+00,4.027867e+00,3.556179e+00,3.643700e+00,3.561775e+00,4.279344e+00,4.069891e+00,3.500496e+00,3.962518e+00,4.639533e+00,4.286050e+00,4.077930e+00,4.499546e+00,3.252393e+00,3.785892e+00,4.578008e+00,4.727073e+00,4.648805e+00,3.314513e+00,3.389558e+00,3.017321e+00,4.272460e+00,4.026431e+00,4.729883e+00,3.929451e+00,3.566894e+00,4.230417e+00,4.788514e+00,4.660353e+00,3.774953e+00,3.932153e+00,3.434558e+00,4.304012e+00,4.032184e+00,4.581275e+00,4.273054e+00,4.400132e+00,3.558092e+00,4.364207e+00,4.443196e+00,4.529758e+00,4.617287e+00,4.680126e+00,4.841353e+00,4.791243e+00,4.567655e+00,4.284507e+00,4.436186e+00,4.149424e+00,4.001420e+00,3.497757e+00,2.898857e+00,3.239947e+00,4.040487e+00,4.366530e+00,3.664081e+00,4.693849e+00,4.774052e+00,4.751034e+00,4.081407e+00,3.324181e+00,4.183315e+00,4.343809e+00,4.562253e+00,4.736208e+00,4.829646e+00,4.614121e+00,4.265171e+00,3.422302e+00,4.090041e+00,4.415561e+00,4.057363e+00,3.750640e+00,4.643954e+00,3.983871e+00,4.827688e+00,4.737225e+00,4.694274e+00,4.361859e+00,4.735953e+00,4.722649e+00,4.517891e+00,4.273587e+00,4.535190e+00,4.784699e+00,4.201710e+00,4.169703e+00,4.390556e+00,4.189004e+00,2.921216e+00,3.370827e+00,3.065918e+00,3.061128e+00,3.943111e+00,3.354702e+00,4.084248e+00,3.607547e+00,3.111376e+00,3.246479e+00,4.022842e+00,4.550550e+00,2.985665e+00,3.294491e+00,2.690094e+00,3.869632e+00,2.932260e+00,3.591715e+00,4.179189e+00,3.310416e+00,4.675075e+00,3.991477e+00,4.353925e+00,4.535590e+00,4.322629e+00,4.787952e+00,4.323980e+00,4.439458e+00,4.178189e+00,4.812607e+00,4.460040e+00,4.845053e+00,4.734377e+00,4.188131e+00,4.597947e+00,4.626435e+00,4.344247e+00,3.499882e+00,4.281490e+00,4.535519e+00,4.653455e+00,4.447078e+00,4.000201e+00,4.515405e+00,4.492730e+00,4.104275e+00,4.514103e+00,4.564095e+00,4.417564e+00,3.836109e+00,3.670309e+00,4.508278e+00,4.324581e+00,4.528588e+00,4.582874e+00,4.142880e+00,4.533435e+00,4.447378e+00,4.705240e+00,4.792864e+00,4.549772e+00,4.807975e+00,4.777134e+00,4.021038e+00,3.034625e+00,4.717849e+00,4.517039e+00,4.820621e+00,4.751230e+00,4.953891e+00,4.712981e+00,4.687781e+00,4.836389e+00,4.821698e+00,4.945641e+00,4.796383e+00,4.905806e+00,4.923512e+00,4.793621e+00,4.882219e+00,4.781524e+00,4.872876e+00,4.479546e+00,4.461032e+00
4.912622e+00,4.387850e+00,4.849342e+00,4.789993e+00,4.289438e+00,4.671370e+00,4.268940e+00,4.855530e+00,4.767870e+00,4.573925e+00,3.005327e+00,4.455401e+00,2.868627e+00,3.463657e+00,4.393253e+00,3.144573e+00,3.672879e+00,3.437472e+00,4.988769e+00,3.529733e+00,3.623053e+00,4.373422e+00,2.999641e+00,4.510834e+00,4.756214e+00,4.757633e+00,3.011865e+00,3.043885e+00,3.186684e+00,3.650587e+00,3.205127e+00,2.739222e+00,4.326706e+00,4.237882e+00,3.773017e+00,3.086160e+00,3.384387e+00,3.157686e+00,3.378576e+00,4.590239e+00,4.812062e+00,3.871007e+00,4.236004e+00,4.458838e+00,3.708592e+00,3.459138e+00,4.059240e+00,4.671695e+00,4.239057e+00,3.506357e+00,2.878699e+00,4.191876e+00,4.075718e+00,4.323901e+00,4.228164e+00,4.363895e+00,3.763020e+00,3.707806e+00,4.320719e+00,4.437984e+00,4.686710e+00,4.068220e+00,3.617231e+00,4.097861e+00,4.011594e+00,3.188893e+00,4.129099e+00,3.751053e+00,3.732848e+00,4.341441e+00,4.436500e+00,4.023313e+00,3.615142e+00,4.537928e+00,3.457268e+00,3.976275e+00,3.692441e+00,4.596701e+00,4.739778e+00,4.719797e+00,4.830074e+00,4.270370e+00,4.832586e+00,4.606786e+00,4.453694e+00,4.578971e+00,4.471163e+00,4.342755e+00,3.495864e+00,4.089414e+00,4.372154e+00,4.033738e+00,3.296422e+00,3.047605e+00,4.221585e+00,4.198760e+00,4.075863e+00,4.117907e+00,4.549538e+00,3.121857e+00,4.526177e+00,4.175710e+00,4.292813e+00,4.310562e+00,4.478244e+00,4.237804e+00,4.777987e+00,4.921542e+00,4.704543e+00,4.185041e+00,3.677712e+00,4.453181e+00,4.058192e+00,4.480386e+00,4.729245e+00,4.570612e+00,4.664865e+00,4.142706e+00,4.690979e+00,4.811748e+00,4.729941e+00,4.381137e+00,3.264330e+00,4.235190e+00,3.901804e+00,4.466965e+00,3.393664e+00,4.598534e+00,4.538514e+00,4.352247e+00,2.933634e+00,3.379470e+00,3.619927e+00,2.694683e+00,3.734682e+00,2.539752e+00,2.827501e+00,2.502276e+00,2.810988e+00,2.948936e+00,3.756874e+00,3.818661e+00,2.858961e+00,4.704197e+00,2.907364e+00,2.837523e+00,2.737600e+00,2.703014e+00,3.142833e+00,4.343826e+00,3.656524e+00,4.715223e+00,2.737024e+00,4.027383e+00,4.658274e+00,4.326525e+00,4.598155e+00,4.788316e+00,4.692011e+00,4.238955e+00,4.778824e+00,4.347180e+00,4.612850e+00,3.763210e+00,4.694378e+00,4.742032e+00,4.527375e+00,3.902388e+00,4.116729e+00,4.302402e+00,4.536348e+00,4.560419e+00,4.664644e+00,4.191080e+00,4.812316e+00,4.031337e+00,4.338339e+00,4.338481e+00,4.467328e+00,4.777266e+00,4.539431e+00,4.584067e+00,4.407997e+00,4.429692e+00,4.789928e+00,4.600774e+00,4.161255e+00,4.733828e+00,4.771748e+00,3.740436e+00,4.757171e+00,4.962144e+00,4.870255e+00,4.528738e+00,4.399442e+00,4.491984e+00,4.675957e+00,4.180879e+00,4.687953e+00,4.909605e+00,4.863807e+00,4.675941e+00,4.854577e+00,4.636204e+00,4.535488e+00,4.810347e+00,4.461741e+00,4.810793e+00,4.391381e+00,4.963213e+00,4.709930e+00,4.745243e+00,4.905836e+00,4.627060e+00,4.473373e+00
4.888197e+00,4.538026e+00,4.811401e+00,4.727326e+00,4.509439e+00,4.070907e+00,4.438897e+00,4.977108e+00,4.243394e+00,4.228412e+00,3.980232e+00,2.663435e+00,2.616876e+00,3.238500e+00,2.521277e+00,2.840122e+00,2.571728e+00,2.591770e+00,3.063262e+00,6.327459e+00,2.959865e+00,2.375337e+00,3.119213e+00,4.914196e+00,4.785298e+00,4.653708e+00,2.980615e+00,2.896489e+00,3.909729e+00,4.503070e+00,3.568789e+00,2.854366e+00,6.153693e+00,5.085540e+00,3.481011e+00,9.722803e+00,2.654303e+00,3.470751e+00,4.625006e+00,4.896977e+00,4.127787e+00,3.882682e+00,4.347230e+00,3.420983e+00,4.592688e+00,4.174672e+00,4.495613e+00,4.560015e+00,2.718225e+00,3.082825e+00,4.538642e+00,3.778385e+00,4.439074e+00,3.830900e+00,3.701012e+00,3.450001e+00,3.590277e+00,2.533200e+00,4.477990e+00,4.241776e+00,9.600531e+00,4.391513e+00,3.147791e+00,3.363260e+00,4.417838e+00,3.331300e+00,3.642095e+00,4.214489e+00,3.490536e+00,3.376609e+00,4.105064e+00,4.363252e+00,3.691477e+00,4.874309e+00,4.571810e+00,4.355604e+00,3.834714e+00,4.739570e+00,4.869886e+00,4.335028e+00,4.836358e+00,4.611837e+00,4.351456e+00,4.763663e+00,4.785996e+00,4.540491e+00,4.370297e+00,4.578162e+00,4.332569e+00,3.339113e+00,2.889483e+00,4.705818e+00,3.801776e+00,4.398783e+00,4.068619e+00,4.025836e+00,4.219713e+00,4.549999e+00,3.998563e+00,4.292551e+00,4.539732e+00,4.625851e+00,4.587788e+00,4.021052e+00,4.459933e+00,3.444812e+00,4.282842e+00,4.526810e+00,4.653691e+00,4.158457e+00,2.677122e+00,3.967081e+00,4.433697e+00,4.477529e+00,4.833091e+00,4.678922e+00,4.672225e+00,3.969644e+00,4.909189e+00,4.690820e+00,4.672339e+00,3.191445e+00,4.572357e+00,4.204439e+00,3.707714e+00,4.241783e+00,3.944598e+00,4.152178e+00,4.726687e+00,4.297351e+00,3.013255e+00,3.967548e+00,3.335863e+00,3.452721e+00,3.845340e+00,3.230967e+00,2.583490e+00,3.055091e+00,2.703440e+00,3.557236e+00,2.963366e+00,2.718626e+00,3.586682e+00,3.132625e+00,2.840009e+00,4.003581e+00,2.903493e+00,2.534284e+00,4.323730e+00,8.652446e+00,2.954419e+00,4.469445e+00,3.400053e+00,3.702483e+00,4.559027e+00,4.673951e+00,4.423018e+00,4.059196e+00,4.460478e+00,4.709584e+00,4.747454e+00,4.593097e+00,4.435134e+00,4.508270e+00,4.520890e+00,4.657983e+00,4.292563e+00,4.294802e+00,4.299046e+00,4.686288e+00,4.367075e+00,4.504096e+00,3.572398e+00,4.245344e+00,4.235919e+00,4.194427e+00,4.567759e+00,4.590742e+00,4.214744e+00,4.459801e+00,4.217523e+00,4.670687e+00,4.644144e+00,4.454062e+00,4.542953e+00,4.579597e+00,4.764697e+00,4.944435e+00,4.720299e+00,4.541543e+00,4.400559e+00,4.863564e+00,4.916729e+00,4.663172e+00,4.194461e+00,4.535065e+00,4.736303e+00,4.271872e+00,4.911165e+00,4.841973e+00,4.587033e+00,4.724036e+00,4.861623e+00,4.841297e+00,4.912314e+00,4.684180e+00,4.203429e+00,4.724735e+00,4.741517e+00,4.819817e+00,4.998876e+00,4.642901e+00,4.798919e+00,4.667068e+00,4.742707e+00
4.608968e+00,5.055331e+00,4.796285e+00,4.829102e+00,4.614957e+00,4.506337e+00,4.823433e+00,4.321419e+00,4.666425e+00,4.895373e+00,4.143514e+00,3.463511e+00,3.883697e+00,2.675388e+00,2.844182e+00,3.663209e+00,2.884578e+00,3.403905e+00,2.700599e+00,2.477543e+00,3.154282e+00,3.388269e+00,3.276330e+00,4.672782e+00,4.922282e+00,3.626535e+00,2.906227e+00,4.361775e+00,4.150955e+00,2.720601e+00,2.537824e+00,3.111944e+00,2.663026e+00,4.274110e+00,4.118936e+00,4.480448e+00,2.848777e+00,4.188231e+00,4.671737e+00,4.680645e+00,3.558682e+00,3.257962e+00,2.974225e+00,2.816876e+00,4.028137e+00,4.109218e+00,3.748363e+00,4.703038e+00,4.385526e+00,2.537074e+00,3.701579e+00,2.468939e+00,4.141247e+00,4.114853e+00,3.666121e+00,3.916862e+00,4.309579e+00,4.502660e+00,4.112306e+00,3.936311e+00,4.752173e+00,2.809250e+00,3.842080e+00,4.765853e+00,4.652092e+00,3.618760e+00,3.343799e+00,3.033107e+00,4.453314e+00,3.375525e+00,4.133042e+00,3.353169e+00,3.968759e+00,4.519138e+00,4.349030e+00,4.221461e+00,3.032256e+00,3.783125e+00,4.740791e+00,4.893943e+00,4.476116e+00,4.621997e+00,3.263964e+00,4.461683e+00,4.574179e+00,4.582829e+00,3.393551e+00,3.364098e+00,3.217584e+00,4.048384e+00,3.218072e+00,4.568527e+00,4.045278e+00,4.343047e+00,4.037582e+00,4.584165e+00,4.238967e+00,4.641346e+00,4.178198e+00,4.436179e+00,4.328953e+00,3.974507e+00,3.928411e+00,4.488469e+00,4.357366e+00,4.539442e+00,4.721000e+00,4.771645e+00,4.324821e+00,4.704088e+00,3.798206e+00,4.559298e+00,4.555493e+00,4.430125e+00,3.753525e+00,4.072668e+00,4.256273e+00,4.461967e+00,3.590022e+00,4.695614e+00,4.934328e+00,4.118546e+00,4.664864e+00,4.526253e+00,4.665098e+00,4.455224e+00,4.587408e+00,4.369443e+00,4.711590e+00,4.313032e+00,2.713491e+00,3.033596e+00,4.097428e+00,3.738348e+00,3.152563e+00,3.811171e+00,4.556130e+00,3.152786e+00,3.550680e+00,4.575548e+00,2.997961e+00,2.466919e+00,2.815851e+00,3.209127e+00,3.251643e+00,3.723765e+00,4.081031e+00,3.425275e+00,3.733292e+00,3.159219e+00,2.607834e+00,4.539475e+00,4.040076e+00,4.547547e+00,3.798508e+00,3.993361e+00,4.387507e+00,4.707813e+00,4.456911e+00,4.497853e+00,4.314608e+00,4.514180e+00,4.604490e+00,4.717808e+00,3.457550e+00,3.896265e+00,4.285113e+00,4.568657e+00,4.194922e+00,4.224591e+00,4.322438e+00,3.835389e+00,4.043889e+00,4.340489e+00,5.005418e+00,3.729370e+00,4.346560e+00,4.513942e+00,3.688566e+00,4.465130e+00,3.753362e+00,4.703045e+00,4.496544e+00,3.845936e+00,4.319002e+00,4.440295e+00,4.720273e+00,4.599785e+00,4.324581e+00,4.906769e+00,4.685853e+00,4.620733e+00,4.965466e+00,3.483537e+00,4.350668e+00,4.106957e+00,4.747476e+00,4.652015e+00,4.760772e+00,4.838860e+00,4.731609e+00,4.860321e+00,4.613230e+00,4.873567e+00,4.804159e+00,4.608547e+00,4.966363e+00,4.500176e+00,4.720830e+00,4.931561e+00,4.647644e+00,4.751902e+00,4.726340e+00,4.865875e+00,4.746261e+00
4.695708e+00,4.871874e+00,4.631765e+00,3.931049e+00,4.512382e+00,2.578773e+00,5.017005e+00,4.709937e+00,4.955356e+00,4.580610e+00,3.556301e+00,3.639448e+00,3.204798e+00,3.718528e+00,5.109801e+00,3.574646e+00,2.780979e+00,3.016691e+00,2.708463e+00,3.947863e+00,2.546765e+00,2.951592e+00,3.180820e+00,4.735984e+00,4.933941e+00,4.681981e+00,3.512421e+00,2.604551e+00,4.148995e+00,3.077298e+00,2.539783e+00,2.959724e+00,4.887984e+00,5.058512e+00,2.772590e+00,4.597398e+00,2.800446e+00,4.789985e+00,4.578800e+00,3.193579e+00,3.592095e+00,3.903289e+00,4.212610e+00,4.508503e+00,4.468268e+00,3.544439e+00,4.376795e+00,4.174233e+00,4.498267e+00,3.523317e+00,4.060466e+00,4.126059e+00,3.695043e+00,4.452665e+00,3.735624e+00,2.671056e+00,4.093918e+00,2.858875e+00,3.060770e+00,2.459844e+00,3.066651e+00,3.379093e+00,3.390117e+00,3.817134e+00,3.133816e+00,3.902832e+00,4.314209e+00,4.144391e+00,2.958688e+00,3.785300e+00,4.535531e+00,3.380477e+00,4.284143e+00,3.960350e+00,4.641164e+00,4.263727e+00,4.322716e+00,4.675487e+00,4.608550e+00,4.823283e+00,4.252624e+00,4.397931e+00,4.740150e+00,4.188463e+00,4.436847e+00,3.328209e+00,4.042470e+00,4.313495e+00,4.646796e+00,3.414809e+00,4.258642e+00,3.829193e+00,4.351208e+00,4.449115e+00,4.464048e+00,4.020541e+00,3.560796e+00,4.604303e+00,3.959694e+00,3.443153e+00,4.785801e+00,4.578190e+00,4.389744e+00,4.558559e+00,4.672295e+00,4.869213e+00,4.700461e+00,4.737016e+00,4.280297e+00,4.502125e+00,4.642044e+00,3.614172e+00,4.461779e+00,4.738475e+00,4.516831e+00,4.556891e+00,4.037790e+00,4.280932e+00,4.062475e+00,4.475044e+00,3.310850e+00,4.745393e+00,3.850147e+00,4.753725e+00,4.289946e+00,4.628468e+00,4.390075e+00,3.254880e+00,4.610493e+00,3.518276e+00,2.955891e+00,4.386125e+00,3.185227e+00,3.715261e+00,3.520583e+00,3.999157e+00,2.872195e+00,2.431676e+00,2.888335e+00,4.184427e+00,2.399288e+00,2.443553e+00,2.964680e+00,2.301127e+00,2.437431e+00,2.710821e+00,3.524332e+00,2.536987e+00,3.346188e+00,2.382238e+00,2.950262e+00,4.778182e+00,4.385736e+00,3.635340e+00,4.379390e+00,3.882022e+00,4.787215e+00,4.394076e+00,4.251363e+00,4.654460e+00,4.633840e+00,3.629882e+00,4.514063e+00,4.458467e+00,4.032892e+00,4.343891e+00,3.373457e+00,3.917050e+00,4.141779e+00,4.678996e+00,4.472771e+00,3.394770e+00,3.525086e+00,4.580818e+00,2.985645e+00,4.483806e+00,4.649026e+00,4.660930e+00,3.919306e+00,4.692690e+00,4.059207e+00,4.656152e+00,4.251482e+00,4.032358e+00,4.790504e+00,4.545903e+00,4.758229e+00,4.619094e+00,4.872617e+00,5.006218e+00,4.857851e+00,4.787821e+00,4.712188e+00,4.500118e+00,3.698080e+00,3.798064e+00,4.661614e+00,3.661584e+00,4.975901e+00,4.707917e+00,4.827144e+00,4.773635e+00,4.548189e+00,5.076062e+00,4.549068e+00,4.774404e+00,4.593646e+00,4.821264e+00,4.815841e+00,4.906066e+00,4.745257e+00,4.878767e+00,4.957639e+00,4.829295e+00,4.813761e+00
4.914847e+00,4.880107e+00,4.897348e+00,4.760610e+00,3.472289e+00,4.765610e+00,4.873813e+00,4.721704e+00,4.578469e+00,4.802215e+00,2.789833e+00,4.214618e+00,2.514087e+00,2.659577e+00,1.004435e+01,4.154650e+00,2.651721e+00,2.525454e+00,2.366812e+00,3.663057e+00,3.480055e+00,4.272359e+00,4.227469e+00,4.907812e+00,4.814324e+00,4.798218e+00,2.619684e+00,4.010095e+00,2.512908e+00,2.739395e+00,2.316091e+00,2.839605e+00,3.208824e+00,2.772982e+00,8.647391e+00,2.676336e+00,4.811788e+00,4.811540e+00,3.273372e+00,3.748049e+00,4.666088e+00,2.867223e+00,3.058776e+00,3.872678e+00,4.504089e+00,2.785210e+00,3.309564e+00,3.651725e+00,3.911874e+00,4.669261e+00,3.962360e+00,3.501436e+00,4.144143e+00,4.459456e+00,4.206156e+00,4.341906e+00,4.428528e+00,4.374348e+00,6.306075e+00,4.839964e+00,4.650980e+00,4.579317e+00,3.520796e+00,4.606404e+00,4.577086e+00,4.194894e+00,4.133061e+00,4.164936e+00,4.263078e+00,4.111049e+00,4.285614e+00,4.449428e+00,4.323856e+00,4.565304e+00,3.961015e+00,4.769901e+00,4.875521e+00,4.679709e+00,4.383178e+00,4.163760e+00,3.413784e+00,4.677730e+00,3.241688e+00,4.344424e+00,3.819879e+00,3.885874e+00,4.184767e+00,3.677273e+00,4.240470e+00,3.368808e+00,3.446030e+00,4.405738e+00,4.086214e+00,4.567255e+00,3.540703e+00,4.658875e+00,4.371443e+00,4.799329e+00,4.846219e+00,4.046881e+00,4.316653e+00,4.766649e+00,4.727716e+00,4.144413e+00,4.445346e+00,4.556802e+00,4.640556e+00,4.609623e+00,3.616930e+00,4.415101e+00,3.596123e+00,4.388737e+00,3.748368e+00,4.491727e+00,4.706509e+00,4.541245e+00,4.456208e+00,4.565622e+00,4.242657e+00,3.557457e+00,4.577561e+00,4.386747e+00,4.071053e+00,4.056154e+00,3.916586e+00,4.245711e+00,4.378512e+00,4.012401e+00,3.707536e+00,3.241738e+00,3.007179e+00,4.367235e+00,2.958086e+00,2.672325e+00,3.246051e+00,3.254067e+00,3.547072e+00,3.963370e+00,3.030018e+00,2.971779e+00,2.965577e+00,3.326059e+00,2.778377e+00,2.405440e+00,4.519138e+00,2.619205e+00,4.519531e+00,2.790477e+00,4.131103e+00,2.937232e+00,3.526750e+00,4.801391e+00,2.659424e+00,4.157972e+00,4.613817e+00,4.777218e+00,4.653798e+00,4.698750e+00,4.622762e+00,4.855689e+00,4.510600e+00,4.551413e+00,4.249706e+00,3.989845e+00,4.505012e+00,4.413399e+00,4.892094e+00,3.503903e+00,3.808733e+00,3.710837e+00,4.221041e+00,4.215517e+00,3.804407e+00,3.933405e+00,4.240965e+00,4.765698e+00,3.992932e+00,4.605177e+00,4.133612e+00,4.412276e+00,4.641717e+00,4.647838e+00,3.918353e+00,4.459403e+00,4.708860e+00,4.572497e+00,4.010008e+00,4.367270e+00,4.564420e+00,4.838534e+00,4.638749e+00,4.455305e+00,4.868876e+00,4.807392e+00,4.246808e+00,4.440697e+00,4.532548e+00,3.956143e+00,4.524560e+00,4.880255e+00,4.905201e+00,4.782956e+00,4.802756e+00,4.622410e+00,4.592491e+00,4.847260e+00,4.637337e+00,4.733572e+00,4.551335e+00,4.987490e+00,4.838336e+00,4.923910e+00,4.610263e+00,4.741728e+00,4.931636e+00
4.741696e+00,4.742707e+00,4.867548e+00,4.416786e+00,4.847194e+00,2.740896e+00,5.054303e+00,4.803485e+00,4.859816e+00,4.546538e+00,4.138683e+00,4.127959e+00,2.877476e+00,2.549691e+00,2.901049e+00,2.629814e+00,4.834172e+00,3.047538e+00,2.560689e+00,2.251462e+00,5.007188e+00,2.896987e+00,2.987778e+00,4.922581e+00,4.922665e+00,4.535507e+00,2.619723e+00,2.302044e+00,3.299874e+00,2.665228e+00,3.169481e+00,5.145650e+00,2.588466e+00,2.458220e+00,3.363652e+00,4.820936e+00,4.831619e+00,4.586893e+00,3.151111e+00,3.533937e+00,3.064191e+00,2.887807e+00,3.835520e+00,3.419286e+00,3.846517e+00,2.910850e+00,3.968604e+00,4.007380e+00,4.357921e+00,3.990268e+00,2.908425e+00,3.435670e+00,4.541655e+00,3.386674e+00,3.302908e+00,3.779136e+00,3.276697e+00,4.031218e+00,4.715228e+00,3.942986e+00,3.857708e+00,4.056409e+00,4.155503e+00,4.259599e+00,4.688676e+00,4.693482e+00,3.596890e+00,3.413720e+00,4.272037e+00,4.010039e+00,4.356862e+00,3.262361e+00,4.307324e+00,4.235019e+00,4.725389e+00,4.805979e+00,4.736363e+00,4.890528e+00,4.815277e+00,4.808720e+00,4.229804e+00,4.230570e+00,4.483029e+00,3.825947e+00,4.754533e+00,3.437202e+00,3.614210e+00,3.642129e+00,2.699305e+00,4.746608e+00,4.627990e+00,3.159624e+00,4.137011e+00,4.545971e+00,4.710524e+00,4.059094e+00,4.846669e+00,2.652387e+00,4.279844e+00,3.694813e+00,2.537989e+00,4.682304e+00,4.213288e+00,4.100469e+00,4.615588e+00,4.654798e+00,3.620729e+00,4.366318e+00,4.769604e+00,4.598166e+00,4.383112e+00,3.375518e+00,2.903923e+00,3.525570e+00,4.826297e+00,4.464074e+00,4.723382e+00,4.769092e+00,4.386936e+00,4.122525e+00,4.312263e+00,2.997637e+00,4.311054e+00,4.367835e+00,4.041094e+00,4.503792e+00,4.846765e+00,3.791929e+00,2.838991e+00,2.500510e+00,4.262554e+00,3.955953e+00,2.821768e+00,2.560972e+00,3.406817e+00,2.432414e+00,3.607987e+00,4.019591e+00,2.815736e+00,2.785659e+00,2.393983e+00,2.450390e+00,3.965877e+00,2.690504e+00,3.774069e+00,4.201503e+00,2.717093e+00,2.498558e+00,2.649639e+00,2.499626e+00,2.344796e+00,4.947762e+00,3.409919e+00,3.683461e+00,4.979233e+00,4.271155e+00,4.219126e+00,4.774272e+00,4.720279e+00,4.690271e+00,4.787506e+00,4.524804e+00,4.739512e+00,4.549369e+00,3.965365e+00,4.612046e+00,4.675864e+00,4.564464e+00,4.660070e+00,4.683925e+00,4.264757e+00,3.513639e+00,4.386005e+00,4.706779e+00,4.530171e+00,4.275716e+00,4.242359e+00,4.415244e+00,4.257204e+00,4.610451e+00,4.291577e+00,4.090663e+00,4.315481e+00,4.670945e+00,4.824672e+00,4.567090e+00,4.546304e+00,4.290843e+00,4.691401e+00,4.417170e+00,4.810184e+00,4.976551e+00,4.961020e+00,4.868538e+00,3.422084e+00,4.634497e+00,4.775607e+00,3.461907e+00,4.794483e+00,4.719080e+00,4.912691e+00,4.695119e+00,4.974994e+00,4.691276e+00,4.742068e+00,4.760273e+00,4.147181e+00,4.951101e+00,4.712871e+00,4.825943e+00,4.641858e+00,5.013113e+00,4.660798e+00,4.681096e+00,4.784033e+00
4.954617e+00,4.892993e+00,4.906440e+00,4.582649e+00,4.672585e+00,3.543549e+00,4.560926e+00,4.908354e+00,4.943466e+00,4.516239e+00,2.972530e+00,4.354923e+00,2.412248e+00,3.784050e+00,4.383547e+00,3.155817e+00,3.112705e+00,4.000806e+00,2.871401e+00,2.807354e+00,4.010981e+00,2.409328e+00,2.784039e+00,4.709757e+00,4.880886e+00,4.895360e+00,3.269687e+00,2.997885e+00,4.279463e+00,3.740409e+00,4.699652e+00,1.013075e+01,2.989682e+00,2.953559e+00,2.263462e+00,4.432975e+00,4.413376e+00,3.187728e+00,2.438157e+00,3.839769e+00,3.646821e+00,4.682500e+00,3.681747e+00,3.984101e+00,4.503978e+00,3.663886e+00,4.206766e+00,4.070904e+00,3.995810e+00,4.892823e+00,3.801545e+00,4.213266e+00,4.056849e+00,3.082644e+00,4.013405e+00,4.476304e+00,4.790471e+00,5.042268e+00,4.686509e+00,3.020132e+00,3.721536e+00,4.132899e+00,3.658092e+00,3.460861e+00,3.409411e+00,4.446825e+00,2.584400e+00,4.501690e+00,2.870835e+00,3.373084e+00,4.328404e+00,4.161887e+00,4.430267e+00,3.749234e+00,4.592730e+00,4.894182e+00,4.871841e+00,4.197264e+00,4.439949e+00,3.947223e+00,4.467927e+00,4.368143e+00,4.344485e+00,4.816433e+00,4.081112e+00,4.083304e+00,4.730030e+00,3.540214e+00,3.735287e+00,2.560647e+00,4.050094e+00,4.150112e+00,4.821767e+00,3.056636e+00,4.177803e+00,4.086945e+00,4.398438e+00,4.770102e+00,4.540400e+00,3.678631e+00,4.643548e+00,4.575633e+00,4.773893e+00,3.676319e+00,4.742394e+00,4.002698e+00,3.477943e+00,4.788781e+00,4.594943e+00,3.448149e+00,4.219940e+00,4.456018e+00,3.627182e+00,2.607479e+00,3.930492e+00,3.015793e+00,4.595977e+00,3.203014e+00,4.604499e+00,2.879466e+00,4.707165e+00,4.740266e+00,2.876251e+00,4.037271e+00,3.710376e+00,4.160598e+00,4.747570e+00,2.813637e+00,4.042145e+00,3.983226e+00,3.946122e+00,3.632579e+00,3.914638e+00,2.578470e+00,2.769052e+00,3.901365e+00,4.110124e+00,2.906663e+00,3.217278e+00,2.526246e+00,3.083006e+00,3.310928e+00,2.588099e+00,3.596825e+00,4.202011e+00,3.081534e+00,4.919210e+00,2.880708e+00,2.967825e+00,4.554793e+00,6.085716e+00,4.688107e+00,2.697019e+00,3.643305e+00,4.540172e+00,4.711693e+00,4.664473e+00,4.217838e+00,4.674868e+00,4.717816e+00,4.525861e+00,4.327719e+00,3.977225e+00,4.632467e+00,4.710872e+00,4.997515e+00,4.363802e+00,4.745080e+00,4.657239e+00,4.833752e+00,4.593459e+00,4.816256e+00,3.915531e+00,4.120696e+00,4.301226e+00,4.232753e+00,3.883762e+00,4.692649e+00,4.561944e+00,4.148704e+00,4.412614e+00,4.412714e+00,4.589422e+00,4.778590e+00,4.367584e+00,4.789561e+00,4.659452e+00,4.190881e+00,4.161023e+00,4.810690e+00,4.791604e+00,4.678971e+00,4.840888e+00,4.674541e+00,4.406930e+00,4.637913e+00,4.568491e+00,4.583578e+00,4.872646e+00,4.935156e+00,4.665500e+00,4.460911e+00,4.828327e+00,4.970235e+00,4.824359e+00,4.534074e+00,4.169730e+00,4.994432e+00,4.041903e+00,4.811072e+00,4.994710e+00,4.690166e+00,4.824861e+00,4.844161e+00,5.008413e+00
4.806046e+00,4.707486e+00,4.930939e+00,4.526087e+00,4.463855e+00,3.243939e+00,4.662398e+00,4.829418e+00,4.551459e+00,4.836143e+00,3.426964e+00,2.581195e+00,2.785856e+00,2.542596e+00,3.106227e+00,4.962347e+00,3.056644e+00,2.777032e+00,2.736084e+00,3.601651e+00,2.884160e+00,3.403900e+00,3.698680e+00,4.418251e+00,4.901795e+00,4.261254e+00,2.482740e+00,2.989402e+00,6.093797e+00,4.737505e+00,2.984255e+00,7.028534e+00,2.726169e+00,2.912832e+00,4.815058e+00,4.743072e+00,4.522234e+00,4.725997e+00,2.709797e+00,2.927303e+00,2.589040e+00,3.114466e+00,3.933810e+00,4.211642e+00,4.632554e+00,4.489124e+00,2.732804e+00,4.203050e+00,3.975138e+00,3.546903e+00,4.045320e+00,4.702620e+00,3.855527e+00,3.640543e+00,3.474650e+00,4.544663e+00,3.611226e+00,4.669469e+00,3.186932e+00,3.450975e+00,3.757968e+00,2.720644e+00,3.697915e+00,2.786189e+00,4.463598e+00,4.055144e+00,2.743545e+00,4.710177e+00,4.257919e+00,3.783594e+00,3.406186e+00,3.304811e+00,4.278159e+00,4.836765e+00,4.380678e+00,4.706155e+00,4.841971e+00,4.714949e+00,3.833467e+00,4.376629e+00,4.148070e+00,4.703994e+00,4.856816e+00,4.087241e+00,4.447203e+00,4.718065e+00,4.864212e+00,4.305119e+00,4.139313e+00,3.839667e+00,3.856870e+00,4.194388e+00,4.643366e+00,4.325159e+00,4.594947e+00,4.040502e+00,4.222842e+00,4.682022e+00,4.438498e+00,3.792930e+00,4.188732e+00,3.871988e+00,3.795218e+00,4.699624e+00,4.123843e+00,3.690320e+00,4.171421e+00,4.572941e+00,3.886453e+00,4.314370e+00,4.140592e+00,3.248313e+00,4.119648e+00,4.800584e+00,4.745277e+00,4.581547e+00,4.469955e+00,4.565398e+00,4.639415e+00,4.161379e+00,4.699891e+00,4.268297e+00,3.174245e+00,3.616542e+00,3.885417e+00,4.634414e+00,4.309717e+00,3.516935e+00,3.727505e+00,3.014294e+00,3.489709e+00,4.390117e+00,3.787308e+00,3.883422e+00,3.120294e+00,4.173842e+00,2.890678e+00,4.540528e+00,2.503728e+00,2.485042e+00,2.626147e+00,3.053662e+00,2.753415e+00,2.656740e+00,3.706207e+00,3.105112e+00,2.709159e+00,3.535361e+00,2.807317e+00,2.919292e+00,3.121024e+00,4.275888e+00,2.461090e+00,3.888007e+00,4.128808e+00,4.470145e+00,4.233779e+00,4.649981e+00,4.364829e+00,4.369000e+00,4.661711e+00,4.755578e+00,4.613850e+00,4.511842e+00,4.311696e+00,4.663504e+00,4.393825e+00,4.765058e+00,4.099638e+00,2.830805e+00,4.728245e+00,4.824054e+00,4.869160e+00,3.600143e+00,4.215765e+00,3.974119e+00,4.875003e+00,4.329726e+00,3.879268e+00,4.559240e+00,4.402950e+00,4.458697e+00,4.789238e+00,4.583293e+00,4.566849e+00,4.840926e+00,4.215200e+00,4.161592e+00,3.971433e+00,4.766826e+00,4.472647e+00,4.854536e+00,4.784726e+00,4.754670e+00,3.373655e+00,3.204459e+00,4.069089e+00,4.512618e+00,4.663382e+00,4.885697e+00,4.695219e+00,4.833398e+00,4.197847e+00,4.608046e+00,4.992768e+00,4.637462e+00,4.834703e+00,4.431553e+00,4.728931e+00,4.904239e+00,4.545459e+00,4.805509e+00,4.662700e+00,4.863238e+00,4.558759e+00
4.794285e+00,4.405709e+00,4.219682e+00,4.594927e+00,4.799502e+00,4.604195e+00,4.649344e+00,4.535092e+00,4.976763e+00,4.663774e+00,3.060874e+00,4.073579e+00,3.560072e+00,2.686524e+00,2.351198e+00,3.772071e+00,2.677123e+00,3.144106e+00,4.846930e+00,2.606747e+00,3.443588e+00,3.789677e+00,3.340461e+00,3.257486e+00,4.889902e+00,4.624325e+00,2.664462e+00,2.794585e+00,2.819799e+00,0.000000e+00,2.417805e+00,2.766545e+00,3.506569e+00,3.701159e+00,4.662757e+00,4.432147e+00,4.503455e+00,3.785347e+00,3.253588e+00,4.299509e+00,3.944864e+00,3.154964e+00,4.686391e+00,3.176590e+00,4.160196e+00,2.808718e+00,3.642155e+00,3.940419e+00,3.962992e+00,4.739898e+00,4.345610e+00,3.851808e+00,4.316793e+00,4.285431e+00,4.433897e+00,4.592973e+00,4.545966e+00,4.788132e+00,2.667778e+00,2.688941e+00,3.502876e+00,3.661274e+00,3.886864e+00,4.186017e+00,3.772535e+00,3.031143e+00,2.926718e+00,3.991144e+00,4.731677e+00,3.565532e+00,4.389425e+00,3.369841e+00,4.606178e+00,4.716318e+00,4.509419e+00,5.025113e+00,4.804289e+00,4.310931e+00,3.731215e+00,4.693775e+00,4.626457e+00,4.157394e+00,4.466372e+00,4.324921e+00,3.787672e+00,4.680904e+00,4.182660e+00,3.271816e+00,2.857902e+00,3.363271e+00,2.842305e+00,3.352461e+00,4.711831e+00,3.720716e+00,3.502008e+00,4.623815e+00,4.328130e+00,4.509980e+00,3.969379e+00,4.765981e+00,4.378707e+00,4.656005e+00,4.177073e+00,4.732513e+00,4.581616e+00,4.831296e+00,4.309319e+00,2.893831e+00,4.044680e+00,3.969454e+00,3.206754e+00,4.270674e+00,2.956365e+00,4.617384e+00,4.020866e+00,4.511184e+00,4.733549e+00,4.336866e+00,3.737091e+00,3.192832e+00,3.233477e+00,4.019955e+00,3.066508e+00,3.785368e+00,4.408113e+00,4.497577e+00,3.867168e+00,3.907528e+00,4.612107e+00,3.871219e+00,2.391101e+00,2.294752e+00,2.302720e+00,2.541832e+00,2.585950e+00,2.584350e+00,4.149568e+00,2.775107e+00,3.078253e+00,2.760805e+00,2.457567e+00,2.811996e+00,2.557902e+00,2.897870e+00,2.741208e+00,2.468217e+00,2.812137e+00,2.560167e+00,7.691331e+00,0.000000e+00,6.936705e+00,4.054405e+00,2.715891e+00,3.680717e+00,3.682489e+00,4.415368e+00,4.343764e+00,4.821292e+00,4.622057e+00,4.265907e+00,4.716596e+00,2.882409e+00,4.443698e+00,4.282314e+00,4.549244e+00,4.118274e+00,3.390404e+00,4.691714e+00,3.535015e+00,3.455888e+00,4.816002e+00,4.269699e+00,4.911494e+00,2.890920e+00,3.526780e+00,3.727592e+00,4.088138e+00,4.572491e+00,4.586164e+00,4.549810e+00,4.691161e+00,4.670821e+00,3.688361e+00,4.650847e+00,4.657919e+00,4.134504e+00,4.138695e+00,4.362814e+00,4.811501e+00,4.741369e+00,4.799619e+00,4.910459e+00,4.479618e+00,4.842280e+00,3.936054e+00,4.035308e+00,4.686834e+00,4.135967e+00,4.727513e+00,4.989963e+00,4.859542e+00,4.943282e+00,4.644235e+00,4.689568e+00,4.542129e+00,4.807572e+00,4.513045e+00,4.937301e+00,4.799032e+00,4.607197e+00,4.725414e+00,4.818479e+00,4.678767e+00,4.766549e+00,4.818004e+00
4.938860e+00,4.791445e+00,4.856303e+00,4.293642e+00,4.837578e+00,4.745296e+00,4.460269e+00,4.899447e+00,4.763218e+00,4.643113e+00,3.273212e+00,4.000589e+00,2.543476e+00,2.235080e+00,3.927291e+00,2.476705e+00,2.348575e+00,2.846654e+00,2.602732e+00,2.610421e+00,2.505838e+00,2.296682e+00,4.281126e+00,4.499219e+00,4.913816e+00,4.536697e+00,2.695837e+00,3.301394e+00,5.525486e+00,2.923081e+00,4.420429e+00,4.893391e+00,3.573294e+00,4.764138e+00,4.641913e+00,4.748509e+00,4.004335e+00,2.570337e+00,3.140546e+00,3.089970e+00,4.514396e+00,4.333493e+00,3.543083e+00,2.959593e+00,4.178102e+00,3.794828e+00,3.639987e+00,2.751740e+00,4.451134e+00,4.503769e+00,4.674887e+00,3.931405e+00,4.477128e+00,3.991864e+00,4.453884e+00,3.106823e+00,4.868920e+00,5.327054e+00,4.481341e+00,3.774881e+00,4.419604e+00,4.199522e+00,3.421321e+00,4.215424e+00,3.865864e+00,3.572078e+00,4.263396e+00,4.573674e+00,4.597640e+00,4.528241e+00,3.561999e+00,3.710185e+00,4.843969e+00,4.288997e+00,4.675838e+00,4.888024e+00,4.132373e+00,4.387449e+00,4.293213e+00,4.480896e+00,4.834936e+00,3.604871e+00,4.196480e+00,4.442236e+00,4.636585e+00,4.824988e+00,3.597400e+00,3.050447e+00,3.884621e+00,4.693369e+00,4.690922e+00,4.728624e+00,4.258572e+00,3.849181e+00,3.579205e+00,4.594877e+00,4.573919e+00,4.315465e+00,4.719272e+00,4.593607e+00,4.786964e+00,4.447189e+00,3.939340e+00,4.229570e+00,4.704204e+00,4.668061e+00,4.277807e+00,3.545870e+00,3.809007e+00,3.713123e+00,4.439547e+00,3.154811e+00,2.955794e+00,2.657110e+00,3.753977e+00,4.744823e+00,2.786365e+00,3.689005e+00,4.260279e+00,4.661755e+00,3.442102e+00,3.374130e+00,4.518661e+00,3.243617e+00,4.661683e+00,2.862050e+00,4.436032e+00,2.541354e+00,2.710652e+00,3.625739e+00,2.919577e+00,4.162495e+00,2.795675e+00,3.187106e+00,3.513130e+00,2.520706e+00,2.827154e+00,2.820206e+00,2.467776e+00,3.055767e+00,2.945667e+00,3.421107e+00,4.258813e+00,4.596266e+00,2.868441e+00,2.863019e+00,2.604001e+00,2.674273e+00,3.220591e+00,3.353714e+00,2.324513e+00,4.398620e+00,2.860785e+00,4.351095e+00,3.567326e+00,4.809948e+00,4.595708e+00,4.286534e+00,4.736138e+00,4.557357e+00,4.092920e+00,4.455033e+00,4.464433e+00,4.810370e+00,4.515205e+00,4.605885e+00,4.404103e+00,4.125546e+00,3.111846e+00,4.460195e+00,4.682286e+00,4.628045e+00,4.657574e+00,2.938277e+00,3.388270e+00,4.053526e+00,4.263823e+00,4.273369e+00,4.592680e+00,4.202869e+00,4.670946e+00,4.310851e+00,3.978524e+00,4.899554e+00,4.598735e+00,4.304672e+00,3.507280e+00,3.571459e+00,4.123538e+00,4.868411e+00,4.975203e+00,4.596468e+00,4.820426e+00,4.279457e+00,4.620386e+00,2.837696e+00,4.532088e+00,4.679403e+00,4.864385e+00,4.901457e+00,4.365614e+00,4.818498e+00,4.698648e+00,4.649753e+00,4.794349e+00,4.621098e+00,4.618177e+00,4.311807e+00,4.779194e+00,4.726528e+00,4.373414e+00,4.904226e+00,4.668725e+00,4.739652e+00,4.863643e+00
4.500494e+00,4.868361e+00,4.768588e+00,4.657495e+00,4.660634e+00,4.729457e+00,4.711868e+00,4.578362e+00,4.696030e+00,4.881505e+00,3.890485e+00,3.179169e+00,4.233742e+00,2.538662e+00,2.905444e+00,2.641920e+00,2.652366e+00,3.067567e+00,4.248566e+00,2.365674e+00,2.877272e+00,2.828375e+00,2.721655e+00,3.043674e+00,4.801400e+00,4.050571e+00,3.738880e+00,2.683374e+00,4.272238e+00,2.930129e+00,2.754307e+00,2.624113e+00,4.051507e+00,4.638759e+00,4.327928e+00,4.576620e+00,3.052402e+00,2.723886e+00,4.304816e+00,4.235040e+00,4.349253e+00,4.545297e+00,3.922600e+00,3.379606e+00,4.088505e+00,4.380652e+00,4.037861e+00,4.214094e+00,4.023002e+00,2.692004e+00,4.014566e+00,3.795983e+00,4.387395e+00,4.557183e+00,2.806797e+00,3.546977e+00,3.928716e+00,2.709070e+00,2.852577e+00,4.070111e+00,3.331416e+00,3.275056e+00,3.974860e+00,4.114639e+00,4.635920e+00,3.872366e+00,2.971566e+00,3.822319e+00,3.665187e+00,2.940255e+00,4.189976e+00,4.698766e+00,4.729649e+00,4.793612e+00,4.890379e+00,4.872005e+00,4.727783e+00,4.733669e+00,3.811235e+00,4.443646e+00,4.476285e+00,4.126505e+00,4.791676e+00,4.509911e+00,4.483083e+00,4.417480e+00,4.068978e+00,2.918101e+00,4.129346e+00,4.669442e+00,4.691695e+00,3.070219e+00,3.722646e+00,4.486964e+00,3.643867e+00,3.406957e+00,3.165691e+00,4.693323e+00,3.493455e+00,3.951248e+00,4.549224e+00,4.502875e+00,4.029960e+00,3.677526e+00,3.878634e+00,3.336952e+00,4.559117e+00,4.469472e+00,4.256616e+00,4.235947e+00,4.399308e+00,4.049207e+00,4.387833e+00,3.447554e+00,3.913428e+00,4.100422e+00,4.524811e+00,4.018713e+00,4.565357e+00,4.158352e+00,4.317334e+00,3.985598e+00,4.272059e+00,3.455602e+00,4.711235e+00,4.436958e+00,3.988243e+00,3.525146e+00,2.680364e+00,3.942376e+00,2.659656e+00,2.477452e+00,2.690987e+00,4.183639e+00,4.258534e+00,4.486448e+00,2.745350e+00,3.964672e+00,2.578497e+00,2.890973e+00,3.257633e+00,3.132506e+00,3.002268e+00,3.524059e+00,2.826537e+00,3.177950e+00,4.337808e+00,2.893830e+00,2.877594e+00,3.662017e+00,3.355554e+00,3.640287e+00,3.078937e+00,2.902250e+00,4.528847e+00,4.743078e+00,4.422228e+00,4.618619e+00,4.156994e+00,4.717085e+00,4.508692e+00,4.584589e+00,4.734251e+00,4.411050e+00,4.276875e+00,4.016683e+00,4.199391e+00,4.762178e+00,4.594982e+00,4.026020e+00,4.849912e+00,4.796459e+00,4.783254e+00,3.709181e+00,4.259279e+00,4.064403e+00,4.249605e+00,4.687648e+00,4.413128e+00,4.773709e+00,4.079106e+00,3.892466e+00,4.206808e+00,4.199647e+00,4.608169e+00,3.687288e+00,4.581348e+00,4.860350e+00,4.748366e+00,4.746820e+00,4.856812e+00,4.609123e+00,4.759807e+00,3.847079e+00,4.250578e+00,3.467043e+00,4.492496e+00,4.423738e+00,4.775026e+00,4.774107e+00,4.661063e+00,4.804977e+00,4.736960e+00,4.660478e+00,4.743191e+00,4.894343e+00,4.775353e+00,4.404591e+00,4.776578e+00,4.912902e+00,4.926341e+00,4.719088e+00,4.854378e+00,4.718685e+00,4.750421e+00
4.898787e+00,4.871539e+00,4.346481e+00,4.805064e+00,4.814490e+00,4.892588e+00,4.457572e+00,4.742213e+00,4.671100e+00,4.617271e+00,3.673870e+00,3.496969e+00,2.935774e+00,3.454172e+00,2.889674e+00,2.818598e+00,2.459783e+00,2.736021e+00,3.029992e+00,2.486048e+00,3.006202e+00,3.192437e+00,3.877142e+00,2.941693e+00,4.918305e+00,4.516929e+00,2.880847e+00,4.456766e+00,2.628695e+00,2.791390e+00,4.055490e+00,2.631945e+00,4.828727e+00,4.374208e+00,2.605889e+00,3.965253e+00,4.050998e+00,3.389829e+00,2.365689e+00,4.384254e+00,3.961030e+00,4.216011e+00,2.632413e+00,4.338630e+00,4.451534e+00,3.652934e+00,4.342134e+00,3.781522e+00,4.438384e+00,3.150898e+00,4.316176e+00,3.421579e+00,4.863563e+00,3.464070e+00,2.775201e+00,4.647558e+00,2.505159e+00,3.059574e+00,4.419422e+00,3.101762e+00,3.172695e+00,4.583575e+00,2.803028e+00,4.607473e+00,3.495067e+00,3.778000e+00,4.532496e+00,4.534225e+00,3.672541e+00,4.410942e+00,4.179219e+00,4.855902e+00,4.754962e+00,4.986590e+00,4.747950e+00,4.420220e+00,4.862038e+00,4.605848e+00,4.841615e+00,4.869059e+00,4.544169e+00,3.809440e+00,4.726732e+00,3.370031e+00,4.764513e+00,4.410719e+00,4.201408e+00,3.568523e+00,2.871276e+00,3.808738e+00,2.832180e+00,4.448102e+00,4.504843e+00,3.818029e+00,3.580716e+00,4.133701e+00,4.791836e+00,4.627325e+00,4.703180e+00,3.663331e+00,4.033231e+00,4.434192e+00,4.209108e+00,3.064000e+00,4.623377e+00,3.943068e+00,3.607958e+00,4.713798e+00,4.612833e+00,3.412956e+00,4.500971e+00,2.947472e+00,3.835099e+00,3.399298e+00,2.724594e+00,3.311051e+00,4.122116e+00,4.634546e+00,4.633770e+00,4.272125e+00,3.225586e+00,4.343564e+00,3.289458e+00,4.713238e+00,3.714260e+00,2.557310e+00,4.146983e+00,4.387459e+00,2.918932e+00,2.342367e+00,2.527018e+00,2.606805e+00,4.467744e+00,2.428732e+00,2.578881e+00,2.426065e+00,3.814388e+00,3.222142e+00,2.402358e+00,3.516349e+00,2.518699e+00,3.144421e+00,5.835801e+00,3.201551e+00,2.719491e+00,2.425018e+00,4.311358e+00,2.690226e+00,3.086529e+00,5.247338e+00,4.853905e+00,4.191866e+00,3.185358e+00,4.779050e+00,4.818284e+00,2.729659e+00,4.389567e+00,4.686067e+00,4.229868e+00,4.550263e+00,4.560026e+00,4.607794e+00,4.612889e+00,4.487805e+00,3.214934e+00,3.819380e+00,4.279274e+00,4.435107e+00,4.520819e+00,4.861808e+00,4.845354e+00,4.848631e+00,4.070393e+00,3.987484e+00,3.869075e+00,3.037157e+00,4.795445e+00,4.755959e+00,4.056379e+00,4.666866e+00,4.530601e+00,4.248757e+00,4.263553e+00,4.444941e+00,4.659634e+00,4.637246e+00,4.690481e+00,4.426037e+00,4.633489e+00,4.594975e+00,4.863471e+00,4.873319e+00,4.412970e+00,3.702575e+00,4.419708e+00,4.432322e+00,4.755075e+00,4.660343e+00,4.855489e+00,4.726236e+00,4.954117e+00,4.725810e+00,4.845671e+00,4.755238e+00,4.614061e+00,4.739159e+00,4.731913e+00,4.650107e+00,4.816060e+00,4.840779e+00,4.718503e+00,4.805326e+00,4.710018e+00,4.761086e+00,4.927347e+00
4.946880e+00,4.816307e+00,4.921324e+00,3.918962e+00,4.761575e+00,4.664190e+00,4.586563e+00,4.770575e+00,4.991568e+00,4.912947e+00,4.660303e+00,2.713802e+00,3.506044e+00,2.912784e+00,4.780823e+00,2.473826e+00,4.108670e+00,2.418506e+00,2.587559e+00,2.299271e+00,4.640401e+00,2.565052e+00,3.836318e+00,2.554938e+00,4.957826e+00,4.832803e+00,3.312099e+00,4.528620e+00,2.609279e+00,2.776555e+00,2.710568e+00,4.344735e+00,4.697244e+00,4.762013e+00,2.668338e+00,3.944106e+00,4.202680e+00,2.305478e+00,2.633919e+00,4.545552e+00,3.527728e+00,3.852230e+00,4.793492e+00,2.863182e+00,2.603469e+00,3.765478e+00,4.235594e+00,4.324977e+00,2.857793e+00,4.312860e+00,4.152940e+00,4.674578e+00,3.555781e+00,4.416881e+00,3.863831e+00,3.073795e+00,2.879168e+00,4.064862e+00,4.522168e+00,4.211751e+00,4.184972e+00,4.375244e+00,4.732936e+00,3.073381e+00,3.870616e+00,2.937446e+00,4.617469e+00,4.535304e+00,4.428231e+00,3.652766e+00,4.645826e+00,4.857271e+00,4.660911e+00,4.817460e+00,4.741602e+00,4.804021e+00,4.447288e+00,3.988520e+00,4.737769e+00,4.226303e+00,4.678947e+00,4.101112e+00,4.097288e+00,3.693910e+00,4.491549e+00,3.987591e+00,3.273783e+00,3.650675e+00,4.110472e+00,3.685676e+00,4.521840e+00,4.634009e+00,3.567275e+00,4.601989e+00,4.475141e+00,4.607732e+00,4.824967e+00,3.939931e+00,4.562648e+00,4.680035e+00,4.602315e+00,4.411361e+00,3.825244e+00,3.780147e+00,3.283673e+00,2.915013e+00,4.545725e+00,3.150006e+00,2.543532e+00,3.110447e+00,4.120838e+00,3.533069e+00,3.215256e+00,3.670631e+00,4.763041e+00,3.442415e+00,3.835508e+00,3.191387e+00,3.726552e+00,3.610312e+00,3.568282e+00,4.629715e+00,3.754101e+00,4.213302e+00,3.179793e+00,4.437804e+00,3.682984e+00,3.245482e+00,2.834973e+00,2.147278e+00,2.536068e+00,2.862893e+00,2.651132e+00,3.298755e+00,2.675954e+00,3.346512e+00,3.335534e+00,3.388187e+00,4.331911e+00,2.590362e+00,3.780284e+00,5.191970e+00,9.694455e+00,3.054241e+00,2.439536e+00,2.571814e+00,2.478056e+00,7.729656e+00,2.674210e+00,2.556712e+00,4.452981e+00,2.341261e+00,2.629709e+00,4.090713e+00,4.295357e+00,3.073586e+00,4.171448e+00,4.825010e+00,4.960981e+00,4.408633e+00,4.635041e+00,4.110524e+00,4.415394e+00,4.402145e+00,4.786078e+00,4.588005e+00,4.772061e+00,3.126184e+00,3.913951e+00,4.870688e+00,4.795411e+00,4.301783e+00,2.588957e+00,4.544074e+00,4.443054e+00,4.621855e+00,4.683788e+00,4.150891e+00,4.629548e+00,4.308596e+00,4.268079e+00,4.642183e+00,4.512141e+00,4.637580e+00,4.658552e+00,4.698261e+00,4.830129e+00,3.965078e+00,4.157163e+00,4.560494e+00,4.713714e+00,4.990847e+00,4.081688e+00,4.764589e+00,4.409049e+00,4.039980e+00,4.455175e+00,4.804340e+00,4.819424e+00,4.883277e+00,4.699462e+00,4.892914e+00,4.972083e+00,4.310185e+00,4.649475e+00,4.722430e+00,4.754687e+00,4.870510e+00,4.626838e+00,4.511216e+00,4.680720e+00,4.666814e+00,4.701021e+00,4.842268e+00,4.851097e+00
4.949991e+00,4.936058e+00,4.968473e+00,4.077280e+00,4.676186e+00,4.822511e+00,4.059162e+00,4.670668e+00,4.368166e+00,4.755992e+00,4.741807e+00,3.581857e+00,4.532363e+00,3.610751e+00,2.805534e+00,3.799668e+00,5.167980e+00,4.687636e+00,3.587145e+00,2.810929e+00,2.941756e+00,2.463605e+00,4.014073e+00,3.495554e+00,4.788874e+00,4.430749e+00,2.539884e+00,2.321582e+00,2.968726e+00,2.912355e+00,2.755182e+00,4.709523e+00,4.680262e+00,3.467609e+00,3.701608e+00,4.319343e+00,4.180553e+00,2.994255e+00,4.105783e+00,4.265456e+00,4.243065e+00,3.751617e+00,3.729522e+00,3.880757e+00,4.366159e+00,4.333108e+00,4.513882e+00,3.303146e+00,4.195585e+00,3.190083e+00,3.831275e+00,3.661373e+00,3.418900e+00,2.931446e+00,4.638054e+00,3.339540e+00,2.626613e+00,2.859636e+00,4.042344e+00,4.845381e+00,3.229164e+00,3.249148e+00,4.027007e+00,3.068984e+00,4.539495e+00,4.582571e+00,3.798901e+00,3.396525e+00,3.525206e+00,4.788711e+00,4.904369e+00,4.715237e+00,4.666166e+00,4.768856e+00,4.901991e+00,4.087110e+00,4.016843e+00,4.641743e+00,3.627961e+00,2.974322e+00,4.760956e+00,4.677515e+00,4.113137e+00,3.798065e+00,3.796552e+00,4.599663e+00,4.407817e+00,4.492126e+00,4.589598e+00,4.863253e+00,4.419822e+00,3.960567e+00,4.284507e+00,4.578565e+00,4.502900e+00,4.665740e+00,4.247075e+00,2.818481e+00,4.676845e+00,4.343699e+00,4.061589e+00,3.175166e+00,3.718134e+00,3.548297e+00,3.855803e+00,3.148613e+00,2.900910e+00,3.394642e+00,2.844476e+00,3.446651e+00,2.716095e+00,4.112833e+00,3.075653e+00,3.813861e+00,4.475971e+00,3.071590e+00,4.442532e+00,3.620342e+00,4.509809e+00,4.409938e+00,3.336885e+00,3.095887e+00,3.000726e+00,3.444914e+00,3.310682e+00,3.418726e+00,3.487881e+00,3.940595e+00,2.923366e+00,3.025314e+00,3.119698e+00,4.396752e+00,3.838882e+00,3.175451e+00,3.400008e+00,3.153320e+00,4.291829e+00,3.098111e+00,3.146745e+00,2.440183e+00,3.171519e+00,3.066414e+00,9.687778e+00,2.693581e+00,3.560651e+00,6.108463e+00,4.157140e+00,3.165343e+00,2.692760e+00,3.298301e+00,4.552248e+00,2.984594e+00,3.738137e+00,4.256194e+00,4.235423e+00,4.294434e+00,4.422106e+00,4.614485e+00,4.773936e+00,4.250314e+00,4.218754e+00,4.536539e+00,4.104186e+00,4.174110e+00,4.541331e+00,4.300808e+00,3.485799e+00,3.840624e+00,3.924644e+00,4.685372e+00,4.593097e+00,4.810179e+00,4.128486e+00,3.726099e+00,3.875748e+00,4.387541e+00,3.792359e+00,4.857285e+00,4.601727e+00,4.705402e+00,4.669020e+00,4.672794e+00,4.526851e+00,4.737520e+00,4.441962e+00,4.776988e+00,4.751585e+00,4.490793e+00,4.852703e+00,4.948360e+00,4.908590e+00,4.921226e+00,4.452079e+00,4.474853e+00,3.543521e+00,4.269037e+00,4.655691e+00,4.467496e+00,4.732441e+00,4.265016e+00,4.972332e+00,4.739168e+00,4.570903e+00,4.860907e+00,4.919109e+00,4.575974e+00,4.618137e+00,4.613404e+00,4.941193e+00,4.985640e+00,4.908777e+00,4.635602e+00,4.571178e+00,4.573756e+00,4.828115e+00
5.021507e+00,4.741356e+00,4.667445e+00,4.786848e+00,4.469903e+00,4.566006e+00,3.479321e+00,4.900394e+00,4.873278e+00,4.739337e+00,4.081533e+00,2.844857e+00,2.821119e+00,3.367344e+00,2.571364e+00,2.871910e+00,2.825059e+00,2.866100e+00,2.258509e+00,2.456788e+00,2.612614e+00,4.859741e+00,3.696764e+00,3.873820e+00,4.523497e+00,4.907165e+00,4.757090e+00,2.386865e+00,2.887071e+00,2.461272e+00,4.498627e+00,4.869810e+00,4.233278e+00,3.046638e+00,3.741162e+00,4.185694e+00,3.873246e+00,4.358243e+00,3.822793e+00,4.456774e+00,3.270659e+00,2.482508e+00,4.418352e+00,4.605040e+00,3.965118e+00,2.589326e+00,3.836506e+00,4.196899e+00,3.540498e+00,4.186729e+00,3.670598e+00,4.508513e+00,2.832440e+00,4.754621e+00,2.798458e+00,3.218527e+00,3.099330e+00,3.506995e+00,3.185728e+00,4.541221e+00,4.936488e+00,4.169342e+00,4.496534e+00,3.250539e+00,4.011182e+00,3.251474e+00,3.166351e+00,4.602829e+00,4.645982e+00,4.286753e+00,4.320993e+00,4.704052e+00,4.981551e+00,4.767844e+00,4.705528e+00,4.513012e+00,4.193975e+00,4.160457e+00,4.115855e+00,4.545239e+00,4.275219e+00,4.406143e+00,3.833299e+00,4.418404e+00,4.763672e+00,4.256169e+00,4.369411e+00,4.079386e+00,4.503010e+00,3.953592e+00,4.511942e+00,4.756707e+00,4.081987e+00,2.760694e+00,4.306739e+00,4.634636e+00,2.859072e+00,3.117618e+00,3.982770e+00,4.392157e+00,4.706814e+00,3.895080e+00,4.588977e+00,3.184155e+00,3.443219e+00,4.411215e+00,4.334138e+00,3.399116e+00,2.826133e+00,2.440422e+00,3.145837e+00,3.070976e+00,4.155808e+00,4.493054e+00,4.156447e+00,3.574182e+00,4.140576e+00,3.400323e+00,3.529798e+00,4.671129e+00,3.935839e+00,4.163595e+00,4.527979e+00,4.525387e+00,2.728959e+00,3.296182e+00,3.615298e+00,3.212116e+00,3.942737e+00,2.873716e+00,2.657349e+00,4.494126e+00,4.284700e+00,4.635232e+00,3.600921e+00,2.710692e+00,2.422257e+00,2.424191e+00,3.921347e+00,2.942011e+00,6.890606e+00,3.427667e+00,4.028665e+00,4.480696e+00,5.630968e+00,2.651618e+00,2.802981e+00,3.200319e+00,4.397272e+00,2.839314e+00,3.432090e+00,3.487529e+00,4.436222e+00,4.617382e+00,4.611650e+00,4.681189e+00,4.230338e+00,4.855488e+00,4.341773e+00,4.461052e+00,4.516529e+00,4.642095e+00,4.315131e+00,4.445691e+00,2.913382e+00,4.316102e+00,4.296524e+00,4.095291e+00,4.883499e+00,4.938734e+00,4.286910e+00,4.522758e+00,4.857623e+00,3.007033e+00,4.617480e+00,4.652232e+00,4.283865e+00,4.642161e+00,4.864232e+00,4.391769e+00,3.760620e+00,4.905898e+00,4.693255e+00,4.519083e+00,4.642040e+00,4.437753e+00,4.511917e+00,4.743319e+00,4.420120e+00,4.802208e+00,4.941643e+00,4.811995e+00,4.849374e+00,3.979649e+00,4.055504e+00,2.942048e+00,4.764036e+00,4.749074e+00,4.663760e+00,4.859438e+00,4.655440e+00,4.415321e+00,4.868856e+00,4.424516e+00,4.724458e+00,4.732350e+00,4.882261e+00,4.332066e+00,4.884476e+00,4.472579e+00,4.862368e+00,4.909081e+00,4.753396e+00,4.845606e+00,4.570630e+00
4.954127e+00,4.965516e+00,4.758193e+00,4.936512e+00,4.623627e+00,4.418573e+00,4.133161e+00,4.916716e+00,4.982919e+00,4.932688e+00,4.745308e+00,2.588152e+00,2.342190e+00,2.436482e+00,2.555469e+00,2.348147e+00,2.544132e+00,2.598172e+00,4.238530e+00,2.704807e+00,2.837528e+00,3.035094e+00,2.842980e+00,3.358419e+00,4.022951e+00,4.864222e+00,3.365208e+00,2.609110e+00,4.362349e+00,4.067537e+00,4.952061e+00,4.882350e+00,2.851522e+00,2.609948e+00,4.450927e+00,3.837461e+00,4.756114e+00,2.256796e+00,2.106009e+00,2.988846e+00,3.954530e+00,4.390577e+00,3.084056e+00,3.023295e+00,3.189501e+00,3.011174e+00,3.803163e+00,4.164003e+00,4.064425e+00,4.356986e+00,4.480459e+00,3.221906e+00,2.491713e+00,3.927078e+00,2.725834e+00,3.892822e+00,3.988723e+00,3.992561e+00,4.220449e+00,3.772417e+00,4.588198e+00,4.583482e+00,4.714357e+00,3.740761e+00,3.964266e+00,2.648949e+00,3.459027e+00,4.120800e+00,2.839154e+00,4.783667e+00,4.891236e+00,4.339513e+00,4.757083e+00,4.788482e+00,4.896284e+00,4.249980e+00,2.981211e+00,4.752836e+00,4.063854e+00,4.521911e+00,4.517097e+00,3.433410e+00,4.128592e+00,3.851484e+00,4.560759e+00,3.512542e+00,3.677703e+00,4.675211e+00,4.141053e+00,3.904666e+00,3.965290e+00,4.456577e+00,4.537528e+00,4.736763e+00,4.302593e+00,4.617425e+00,3.674910e+00,4.482659e+00,4.501637e+00,3.976520e+00,4.681999e+00,4.391852e+00,4.232051e+00,2.813649e+00,4.302182e+00,2.891171e+00,3.094862e+00,3.210734e+00,2.731509e+00,2.722141e+00,2.615965e+00,3.525629e+00,4.510164e+00,3.174384e+00,2.754441e+00,4.281810e+00,4.486115e+00,4.648293e+00,3.780257e+00,3.981767e+00,3.010807e+00,4.927353e+00,3.317887e+00,4.306363e+00,3.300983e+00,3.420552e+00,3.358028e+00,4.080231e+00,4.315683e+00,3.785483e+00,4.717613e+00,2.683074e+00,2.780606e+00,4.061022e+00,4.257417e+00,2.586696e+00,3.200764e+00,3.281820e+00,2.729255e+00,2.530817e+00,2.429181e+00,2.695855e+00,2.646966e+00,2.473833e+00,6.562818e+00,4.459626e+00,2.307925e+00,3.022207e+00,4.480129e+00,3.540342e+00,2.555437e+00,4.757642e+00,2.998796e+00,3.537056e+00,4.788175e+00,4.691437e+00,4.584056e+00,4.626393e+00,4.150901e+00,4.590697e+00,4.391929e+00,2.993324e+00,4.828730e+00,4.485073e+00,3.897105e+00,4.351790e+00,4.135930e+00,4.467569e+00,4.714219e+00,4.744819e+00,4.700717e+00,3.398966e+00,3.623080e+00,4.644880e+00,4.683237e+00,4.650449e+00,4.369314e+00,4.230536e+00,3.992904e+00,4.387617e+00,4.197860e+00,4.164403e+00,4.399786e+00,4.810814e+00,3.994431e+00,4.147537e+00,4.743236e+00,4.174472e+00,4.735807e+00,4.569319e+00,4.781410e+00,4.320996e+00,3.805640e+00,4.419323e+00,3.074393e+00,4.493687e+00,4.549516e+00,4.778647e+00,4.945468e+00,4.762693e+00,4.519339e+00,4.912900e+00,4.703866e+00,4.674640e+00,4.778845e+00,4.618904e+00,4.936170e+00,4.778041e+00,4.610150e+00,5.011121e+00,4.615191e+00,4.520453e+00,4.737983e+00,4.860625e+00,4.842616e+00
4.577967e+00,4.854167e+00,4.665402e+00,4.944011e+00,4.729776e+00,4.047870e+00,4.286190e+00,4.661502e+00,4.803315e+00,4.841813e+00,4.805469e+00,3.113317e+00,3.649358e+00,2.718143e+00,3.353435e+00,2.747967e+00,2.899017e+00,3.731313e+00,2.617228e+00,2.791397e+00,2.761484e+00,2.762809e+00,3.026962e+00,2.940267e+00,3.079915e+00,4.693487e+00,4.709129e+00,4.261532e+00,3.817052e+00,4.915718e+00,4.918782e+00,4.481186e+00,4.434590e+00,2.778367e+00,2.628361e+00,2.411736e+00,2.962135e+00,2.691996e+00,4.231212e+00,4.557162e+00,3.964030e+00,4.089546e+00,4.521018e+00,3.841626e+00,3.769305e+00,4.618829e+00,2.619307e+00,2.664316e+00,3.244802e+00,3.759828e+00,3.062633e+00,3.015827e+00,4.888872e+00,4.546956e+00,3.494785e+00,4.661817e+00,4.422296e+00,2.487806e+00,2.499660e+00,4.569695e+00,4.673748e+00,4.346827e+00,3.942685e+00,4.755896e+00,4.184245e+00,4.396924e+00,3.077779e+00,4.093354e+00,3.962306e+00,4.640392e+00,4.894200e+00,4.579464e+00,4.715860e+00,4.863858e+00,4.815720e+00,4.793525e+00,4.290113e+00,3.832646e+00,4.600810e+00,3.614148e+00,3.435609e+00,4.287156e+00,3.427177e+00,4.541838e+00,4.255960e+00,2.786453e+00,4.240103e+00,4.215871e+00,4.638452e+00,3.433485e+00,4.545860e+00,4.690159e+00,4.439995e+00,3.324017e+00,4.109817e+00,4.571346e+00,3.525763e+00,4.874829e+00,3.456165e+00,4.399985e+00,4.861756e+00,4.507002e+00,4.177243e+00,4.678677e+00,4.815678e+00,4.479413e+00,2.479865e+00,3.484686e+00,1.000863e+01,6.478806e+00,4.054420e+00,4.130520e+00,3.651825e+00,4.452579e+00,4.208775e+00,4.744133e+00,4.576131e+00,4.595912e+00,4.160137e+00,4.331638e+00,4.315293e+00,3.452972e+00,4.515521e+00,4.347912e+00,3.372795e+00,4.369197e+00,4.782745e+00,3.491852e+00,2.687756e+00,3.922670e+00,2.849571e+00,2.882884e+00,3.220281e+00,3.648021e+00,3.434308e+00,2.887989e+00,4.571929e+00,3.861685e+00,2.306753e+00,2.823163e+00,2.892396e+00,4.080797e+00,3.506757e+00,4.761098e+00,3.950628e+00,3.448484e+00,3.827704e+00,1.012884e+01,3.021265e+00,4.295630e+00,3.969276e+00,4.387490e+00,4.727285e+00,4.273337e+00,4.308208e+00,4.498885e+00,4.378305e+00,4.613919e+00,4.110694e+00,4.658905e+00,4.451658e+00,3.961966e+00,4.204567e+00,4.424971e+00,4.465518e+00,4.012229e+00,4.673778e+00,4.486009e+00,4.778004e+00,4.722877e+00,4.732007e+00,2.792795e+00,4.365297e+00,4.827165e+00,4.135470e+00,3.141972e+00,4.633430e+00,4.683039e+00,4.235707e+00,4.437998e+00,4.582283e+00,4.153515e+00,4.493063e+00,4.319795e+00,4.788520e+00,4.812813e+00,4.610412e+00,4.840792e+00,4.766787e+00,4.616985e+00,4.828450e+00,4.317503e+00,4.520921e+00,2.720274e+00,3.647167e+00,4.641415e+00,3.905249e+00,4.623015e+00,4.592142e+00,4.743324e+00,4.695972e+00,4.843425e+00,4.812873e+00,4.635187e+00,4.664711e+00,3.824941e+00,4.892418e+00,4.824059e+00,4.905916e+00,4.667658e+00,4.941625e+00,4.496277e+00,3.509700e+00,4.894078e+00,4.799529e+00
4.638544e+00,4.930916e+00,4.910645e+00,4.637368e+00,4.409689e+00,4.564078e+00,3.852870e+00,4.903246e+00,4.758919e+00,4.805174e+00,4.878333e+00,4.138231e+00,2.803791e+00,2.840644e+00,4.062903e+00,2.597725e+00,3.921559e+00,2.814735e+00,2.986938e+00,4.158687e+00,2.868567e+00,4.607426e+00,2.512653e+00,3.440041e+00,4.120392e+00,4.871599e+00,4.440484e+00,3.164202e+00,4.313952e+00,4.844362e+00,4.837932e+00,4.076335e+00,3.539482e+00,3.583283e+00,2.990056e+00,3.527959e+00,3.774280e+00,2.677400e+00,3.091280e+00,4.075692e+00,2.859720e+00,2.622729e+00,4.338018e+00,2.958706e+00,3.177783e+00,4.666018e+00,4.723606e+00,3.315737e+00,4.079938e+00,2.805241e+00,4.369744e+00,2.689327e+00,3.591129e+00,2.545139e+00,2.825912e+00,4.560356e+00,3.617360e+00,2.863923e+00,2.785995e+00,3.322166e+00,4.835759e+00,4.667310e+00,3.932102e+00,4.419148e+00,4.125348e+00,3.021115e+00,4.557332e+00,3.561047e+00,4.567307e+00,4.847896e+00,4.735367e+00,4.456066e+00,3.323578e+00,4.632719e+00,4.628579e+00,3.919392e+00,4.585514e+00,4.625143e+00,3.052446e+00,4.606864e+00,4.689524e+00,4.723855e+00,4.846807e+00,4.574817e+00,4.724646e+00,4.443664e+00,4.541512e+00,3.432053e+00,4.834017e+00,4.492975e+00,3.898969e+00,3.927493e+00,4.009079e+00,3.910310e+00,4.530458e+00,4.041890e+00,4.703523e+00,4.095246e+00,4.560478e+00,4.627493e+00,3.649279e+00,4.671555e+00,4.705474e+00,3.992012e+00,4.140973e+00,2.929538e+00,3.045390e+00,2.455746e+00,3.552694e+00,4.059436e+00,2.950550e+00,3.454883e+00,4.435584e+00,4.437009e+00,4.467310e+00,4.673050e+00,4.493679e+00,3.324175e+00,4.674123e+00,4.806852e+00,3.674807e+00,2.987941e+00,4.409248e+00,4.603511e+00,2.923545e+00,2.517362e+00,3.401160e+00,2.753689e+00,4.242615e+00,2.417127e+00,3.241360e+00,2.359154e+00,2.256198e+00,2.379144e+00,3.479678e+00,3.010320e+00,9.810261e+00,2.641907e+00,4.105848e+00,2.347205e+00,3.023919e+00,1.014520e+01,2.287434e+00,0.000000e+00,0.000000e+00,2.988697e+00,8.714835e+00,3.281692e+00,2.870065e+00,2.592030e+00,3.625799e+00,4.686101e+00,4.517640e+00,4.694416e+00,4.438148e+00,4.470715e+00,4.401727e+00,4.673436e+00,4.364868e+00,4.410221e+00,4.499228e+00,4.779644e+00,4.689137e+00,4.351148e+00,4.409559e+00,4.331809e+00,4.491980e+00,4.513097e+00,4.667187e+00,4.687655e+00,4.812109e+00,4.616551e+00,4.450468e+00,4.557962e+00,4.528281e+00,4.487777e+00,4.719662e+00,4.718548e+00,4.416251e+00,4.591204e+00,4.584148e+00,4.475998e+00,4.618383e+00,4.840523e+00,4.151771e+00,4.238726e+00,4.182160e+00,3.796587e+00,4.387078e+00,4.863103e+00,4.654449e+00,4.979939e+00,4.848326e+00,4.070281e+00,4.499049e+00,4.821953e+00,3.563723e+00,4.802909e+00,4.735549e+00,4.619866e+00,5.073131e+00,4.522518e+00,4.562363e+00,4.683388e+00,4.614655e+00,5.018843e+00,4.850117e+00,4.724201e+00,4.884650e+00,4.921677e+00,4.510546e+00,4.907469e+00,4.914501e+00,4.744580e+00,4.721736e+00
4.828863e+00,4.816959e+00,4.876003e+00,4.887907e+00,4.315480e+00,4.625940e+00,4.264789e+00,4.530518e+00,4.851854e+00,4.871774e+00,4.515522e+00,4.691978e+00,3.820645e+00,2.410864e+00,2.480181e+00,2.659432e+00,2.032727e+00,3.725531e+00,4.041502e+00,2.377421e+00,2.661013e+00,2.292409e+00,2.927280e+00,3.770965e+00,3.486564e+00,4.547877e+00,4.617492e+00,2.415141e+00,4.707605e+00,4.737723e+00,4.286858e+00,4.037540e+00,3.079861e+00,2.822239e+00,2.599741e+00,3.154374e+00,4.432561e+00,4.351263e+00,3.689600e+00,2.728667e+00,2.903258e+00,3.564953e+00,4.240538e+00,4.028498e+00,4.817406e+00,4.310113e+00,4.290150e+00,2.737768e+00,3.741656e+00,3.773219e+00,5.716454e+00,3.875982e+00,6.791505e+00,3.282095e+00,2.881795e+00,3.213063e+00,4.269059e+00,3.031814e+00,2.751817e+00,3.010752e+00,4.508913e+00,4.635801e+00,4.658039e+00,4.608839e+00,2.669196e+00,3.635365e+00,4.588384e+00,4.284031e+00,4.906150e+00,4.808493e+00,4.961796e+00,4.464863e+00,4.658445e+00,4.591880e+00,4.124108e+00,3.449163e+00,4.279347e+00,3.971081e+00,3.885927e+00,4.486977e+00,4.703513e+00,4.915942e+00,4.418567e+00,3.149664e+00,2.726576e+00,4.290718e+00,3.733918e+00,3.446855e+00,4.649916e+00,3.339787e+00,4.765825e+00,4.759447e+00,3.856618e+00,3.946442e+00,4.671448e+00,3.725030e+00,4.872072e+00,4.082965e+00,4.190100e+00,3.957371e+00,4.024205e+00,4.177165e+00,4.564587e+00,3.878554e+00,3.616121e+00,2.664944e+00,3.916872e+00,2.557598e+00,2.784788e+00,2.504049e+00,2.234157e+00,4.423625e+00,4.717442e+00,4.267451e+00,4.272011e+00,4.919743e+00,4.533273e+00,4.789164e+00,4.698765e+00,4.771232e+00,4.618332e+00,3.280745e+00,4.497706e+00,3.646955e+00,4.556554e+00,3.703483e+00,3.114572e+00,2.607814e+00,4.380858e+00,2.421700e+00,3.764305e+00,2.666656e+00,3.051896e+00,2.697243e+00,4.404317e+00,2.620374e+00,3.124238e+00,5.518653e+00,2.363567e+00,4.113934e+00,5.236425e+00,9.904060e+00,6.879795e+00,1.018630e+01,3.207855e+00,3.041540e+00,0.000000e+00,9.240668e+00,3.496219e+00,2.437959e+00,4.363856e+00,4.088101e+00,4.439513e+00,4.694931e+00,3.721052e+00,4.467428e+00,4.113379e+00,4.829956e+00,4.689755e+00,4.265525e+00,4.421171e+00,4.365821e+00,4.665851e+00,3.908892e+00,4.480363e+00,4.358800e+00,4.297549e+00,3.768819e+00,4.803055e+00,4.340535e+00,4.603160e+00,4.693403e+00,2.983795e+00,4.476852e+00,4.543767e+00,4.429599e+00,3.056523e+00,4.288814e+00,4.390441e+00,4.861459e+00,4.606759e+00,4.678356e+00,4.344582e+00,4.270283e+00,4.734360e+00,4.616019e+00,3.359976e+00,4.706456e+00,4.592134e+00,4.798836e+00,4.700012e+00,4.971744e+00,4.791728e+00,4.922312e+00,2.764443e+00,4.213852e+00,2.983181e+00,4.439907e+00,4.774620e+00,4.561997e+00,4.635767e+00,4.692799e+00,4.714390e+00,4.504313e+00,4.787560e+00,4.788356e+00,4.855746e+00,4.913551e+00,4.583377e+00,4.925207e+00,4.834768e+00,4.832178e+00,4.823738e+00,4.827919e+00,4.830099e+00
4.963524e+00,4.921851e+00,5.032733e+00,4.827508e+00,4.687453e+00,4.576530e+00,4.628390e+00,3.921122e+00,4.402747e+00,4.943641e+00,4.943894e+00,4.897268e+00,2.597852e+00,2.493647e+00,4.144925e+00,2.511338e+00,3.311034e+00,2.689916e+00,4.452081e+00,2.544115e+00,2.684790e+00,2.567085e+00,2.818736e+00,3.448166e+00,3.794657e+00,4.442904e+00,4.708762e+00,4.746211e+00,4.920574e+00,4.604274e+00,3.089991e+00,3.557599e+00,3.710483e+00,3.155866e+00,3.133214e+00,3.175497e+00,3.428147e+00,3.313186e+00,2.708835e+00,3.378394e+00,2.499487e+00,3.383807e+00,3.061218e+00,4.544830e+00,4.206116e+00,3.238731e+00,3.176276e+00,3.472484e+00,4.173325e+00,2.513221e+00,2.667586e+00,2.829607e+00,4.185167e+00,2.569833e+00,3.552639e+00,4.259601e+00,2.549499e+00,2.356743e+00,4.101926e+00,2.383517e+00,4.600663e+00,4.378362e+00,4.527386e+00,4.296126e+00,4.455891e+00,4.154534e+00,3.637570e+00,4.897656e+00,4.765346e+00,4.649941e+00,4.855885e+00,4.782009e+00,3.732755e+00,4.678898e+00,4.111298e+00,3.165137e+00,3.407484e+00,4.513777e+00,4.095354e+00,4.844787e+00,4.696372e+00,3.365406e+00,4.176136e+00,3.833655e+00,2.896976e+00,4.396507e+00,4.837630e+00,2.764035e+00,3.321248e+00,4.017841e+00,3.459709e+00,4.445246e+00,4.626181e+00,4.507619e+00,4.870597e+00,4.097116e+00,3.639311e+00,4.103348e+00,4.358233e+00,4.345292e+00,4.431933e+00,4.780491e+00,4.479690e+00,4.101959e+00,4.324130e+00,4.513410e+00,2.412577e+00,4.471635e+00,3.540764e+00,2.678366e+00,4.395371e+00,4.769990e+00,3.737382e+00,4.493897e+00,4.630240e+00,4.061334e+00,3.661796e+00,4.499908e+00,4.665348e+00,4.245472e+00,2.766343e+00,3.133350e+00,4.625550e+00,4.422587e+00,4.088194e+00,3.477366e+00,4.365153e+00,2.674801e+00,4.615504e+00,3.897867e+00,2.510933e+00,2.589537e+00,4.375015e+00,2.291994e+00,2.605946e+00,2.711181e+00,3.006430e+00,3.567372e+00,5.754257e+00,2.331985e+00,2.321903e+00,3.220376e+00,0.000000e+00,7.347467e+00,2.945624e+00,0.000000e+00,3.306315e+00,3.054575e+00,2.904424e+00,2.605331e+00,4.369248e+00,3.972974e+00,4.051524e+00,4.539067e+00,4.502049e+00,4.895318e+00,4.059237e+00,4.377025e+00,4.743249e+00,4.598248e+00,4.398234e+00,4.491840e+00,4.669787e+00,4.534950e+00,4.832290e+00,4.577753e+00,4.121746e+00,4.804744e+00,4.906229e+00,4.799340e+00,2.618167e+00,4.377625e+00,4.288081e+00,4.487399e+00,3.963676e+00,4.676811e+00,4.705255e+00,4.218151e+00,4.485384e+00,4.416579e+00,3.069079e+00,4.310151e+00,4.529115e+00,4.713108e+00,3.917902e+00,4.836152e+00,4.496638e+00,4.668337e+00,4.556938e+00,4.746108e+00,4.780198e+00,4.597224e+00,3.814538e+00,4.650846e+00,4.355778e+00,4.619146e+00,4.820190e+00,4.674925e+00,4.923581e+00,4.664487e+00,4.733293e+00,4.682722e+00,5.015354e+00,4.262087e+00,4.520295e+00,4.806635e+00,4.867892e+00,4.867941e+00,3.999808e+00,4.884447e+00,4.359596e+00,4.626284e+00,4.683079e+00,4.658804e+00,4.607157e+00
4.814399e+00,4.808793e+00,4.738547e+00,4.844567e+00,4.752418e+00,4.891462e+00,4.545055e+00,3.864510e+00,4.924668e+00,4.500335e+00,4.876858e+00,4.926121e+00,2.906944e+00,3.115188e+00,2.858022e+00,2.521615e+00,2.371563e+00,5.930799e+00,2.568651e+00,2.649678e+00,2.438096e+00,4.546948e+00,2.816025e+00,2.665228e+00,2.722696e+00,4.911893e+00,4.908354e+00,4.669143e+00,4.919095e+00,3.631372e+00,4.553646e+00,4.982115e+00,2.807981e+00,3.221831e+00,4.450643e+00,3.863789e+00,4.338552e+00,2.770203e+00,3.344006e+00,3.995538e+00,4.210908e+00,2.432436e+00,3.401495e+00,2.924525e+00,3.784145e+00,2.623291e+00,4.178049e+00,3.557001e+00,3.649481e+00,4.302424e+00,4.387437e+00,2.600915e+00,3.400846e+00,3.439739e+00,3.123820e+00,4.203843e+00,2.600954e+00,4.162810e+00,2.788789e+00,3.816758e+00,4.748679e+00,3.707816e+00,3.613247e+00,4.479126e+00,4.749049e+00,3.625939e+00,3.849732e+00,4.508014e+00,4.671208e+00,4.762875e+00,4.556604e+00,4.569838e+00,4.697569e+00,3.062111e+00,3.600276e+00,4.176830e+00,4.854131e+00,4.696584e+00,3.339344e+00,3.909658e+00,4.348064e+00,4.082754e+00,2.727781e+00,4.773785e+00,3.446526e+00,3.133150e+00,3.778152e+00,3.119740e+00,3.975697e+00,2.647996e+00,4.060705e+00,3.351894e+00,4.794454e+00,4.673431e+00,4.165715e+00,4.569103e+00,4.702008e+00,4.870680e+00,4.379512e+00,4.559547e+00,4.598267e+00,4.202327e+00,4.557694e+00,2.578608e+00,3.785442e+00,4.255829e+00,2.628040e+00,2.970867e+00,3.632186e+00,2.813577e+00,2.931685e+00,3.071960e+00,3.981518e+00,4.768695e+00,4.879115e+00,4.932417e+00,4.932352e+00,2.895171e+00,4.479553e+00,4.837045e+00,4.805063e+00,4.412835e+00,4.658458e+00,4.487375e+00,4.155309e+00,3.605676e+00,2.503113e+00,2.681434e+00,4.164432e+00,4.075159e+00,2.507434e+00,3.903805e+00,2.401574e+00,2.408649e+00,2.751388e+00,3.159822e+00,2.814071e+00,2.488156e+00,6.943996e+00,2.893979e+00,0.000000e+00,4.695435e+00,2.605536e+00,2.513964e+00,2.476655e+00,3.295056e+00,4.779870e+00,3.422257e+00,2.717224e+00,2.522884e+00,4.570491e+00,4.399680e+00,3.641262e+00,4.381972e+00,4.095946e+00,4.652290e+00,4.531217e+00,4.556830e+00,4.213214e+00,4.484798e+00,4.713220e+00,4.264726e+00,4.169671e+00,4.181510e+00,4.718626e+00,3.586053e+00,4.245756e+00,4.569143e+00,4.907725e+00,4.845238e+00,2.390512e+00,4.469386e+00,4.089638e+00,4.422091e+00,4.196813e+00,4.221588e+00,4.056081e+00,4.888112e+00,4.538637e+00,4.413468e+00,4.778120e+00,4.222453e+00,4.783356e+00,4.702875e+00,4.106593e+00,4.202712e+00,4.510494e+00,4.618606e+00,4.780576e+00,4.617328e+00,4.601596e+00,4.641789e+00,4.318130e+00,3.802058e+00,3.660790e+00,4.818108e+00,4.888674e+00,4.869301e+00,4.694615e+00,4.888310e+00,4.323480e+00,4.798023e+00,4.743058e+00,4.880130e+00,4.789709e+00,4.950657e+00,4.770197e+00,4.505917e+00,4.773944e+00,4.269738e+00,4.835610e+00,4.996442e+00,4.787333e+00,4.484355e+00,4.650203e+00
4.968685e+00,4.859512e+00,4.914093e+00,4.697936e+00,4.750356e+00,4.491534e+00,4.191474e+00,4.715679e+00,5.001644e+00,4.657707e+00,4.935949e+00,4.675485e+00,3.636478e+00,3.607640e+00,2.282886e+00,2.200803e+00,3.487841e+00,4.465578e+00,4.386591e+00,2.774154e+00,2.747412e+00,2.500677e+00,2.488391e+00,2.289881e+00,3.467253e+00,4.959355e+00,4.945716e+00,4.392632e+00,4.447464e+00,4.615254e+00,4.384207e+00,4.507655e+00,4.183811e+00,3.865368e+00,4.661381e+00,4.322192e+00,4.929626e+00,4.230945e+00,4.513917e+00,2.633486e+00,2.393563e+00,2.519470e+00,2.418889e+00,4.196431e+00,4.116768e+00,3.431719e+00,3.161311e+00,4.453736e+00,3.614648e+00,4.404189e+00,2.455610e+00,2.693868e+00,3.293093e+00,4.526547e+00,2.760945e+00,2.829423e+00,2.427228e+00,2.751874e+00,2.660053e+00,4.410850e+00,4.193184e+00,4.731839e+00,4.828772e+00,3.580794e+00,4.225645e+00,4.510639e+00,4.538403e+00,4.630818e+00,4.775417e+00,4.779899e+00,4.410284e+00,4.748632e+00,3.520818e+00,4.823274e+00,3.565837e+00,4.484613e+00,4.171670e+00,3.791050e+00,3.003304e+00,4.139342e+00,4.319849e+00,4.733296e+00,4.377113e+00,4.195009e+00,4.192937e+00,3.642669e+00,4.153054e+00,4.493376e+00,3.867808e+00,4.042119e+00,2.862226e+00,3.195140e+00,3.703417e+00,4.835774e+00,4.727752e+00,4.358817e+00,3.805931e+00,2.788983e+00,4.683053e+00,3.548399e+00,4.607893e+00,4.267552e+00,4.505214e+00,4.127210e+00,2.216273e+00,2.608641e+00,4.478388e+00,4.296919e+00,3.282886e+00,2.605281e+00,2.700508e+00,3.441525e+00,4.664556e+00,4.738318e+00,4.861303e+00,4.745063e+00,4.557784e+00,3.348934e+00,4.505985e+00,4.020968e+00,4.626070e+00,3.303475e+00,4.649011e+00,4.730923e+00,4.099945e+00,4.311327e+00,3.084884e+00,3.701389e+00,3.060808e+00,4.203300e+00,3.002830e+00,2.574046e+00,2.856370e+00,2.490827e+00,4.618732e+00,2.681525e+00,5.100855e+00,2.710446e+00,3.518935e+00,5.358799e+00,3.377352e+00,2.988825e+00,0.000000e+00,5.121828e+00,4.539814e+00,4.388093e+00,2.729943e+00,2.709908e+00,4.015512e+00,4.101270e+00,3.799193e+00,4.070833e+00,4.545844e+00,4.607299e+00,4.545920e+00,4.840698e+00,4.656503e+00,4.649372e+00,4.773052e+00,4.675079e+00,4.112373e+00,4.404429e+00,3.823540e+00,3.898165e+00,3.922582e+00,4.400059e+00,4.762629e+00,4.864797e+00,3.426171e+00,4.567190e+00,2.571517e+00,3.893807e+00,4.548346e+00,4.611301e+00,4.071198e+00,4.674592e+00,4.669370e+00,4.715838e+00,4.354291e+00,2.807414e+00,4.313052e+00,4.714778e+00,4.612829e+00,4.673408e+00,4.667032e+00,4.493783e+00,4.439795e+00,4.789392e+00,4.956110e+00,4.836197e+00,4.627066e+00,4.496283e+00,4.484111e+00,3.429431e+00,4.252550e+00,4.074987e+00,4.946664e+00,4.659709e+00,4.685879e+00,4.536132e+00,4.776264e+00,4.597590e+00,4.686457e+00,4.964074e+00,4.524445e+00,4.378540e+00,4.540096e+00,4.709628e+00,4.873350e+00,4.517772e+00,4.898725e+00,4.884487e+00,4.836179e+00,4.843028e+00,4.846991e+00
4.993677e+00,4.581099e+00,4.546905e+00,4.872264e+00,4.617282e+00,4.677744e+00,4.175666e+00,4.700307e+00,4.778517e+00,4.761393e+00,4.810106e+00,4.970626e+00,3.870836e+00,4.452722e+00,2.339031e+00,2.509427e+00,2.609799e+00,4.872448e+00,3.901404e+00,2.653253e+00,3.512670e+00,2.590221e+00,3.825634e+00,3.244828e+00,3.416651e+00,3.304202e+00,4.532475e+00,4.768088e+00,3.948331e+00,4.475580e+00,3.447865e+00,4.530437e+00,3.314275e+00,3.884784e+00,3.304634e+00,4.704170e+00,3.920102e+00,3.162054e+00,3.241403e+00,2.965310e+00,4.271534e+00,4.667077e+00,3.240059e+00,4.016392e+00,4.288591e+00,3.041970e+00,4.016595e+00,4.045410e+00,5.536464e+00,4.315630e+00,2.198879e+00,2.864956e+00,2.695147e+00,3.746554e+00,4.419674e+00,2.686710e+00,3.996961e+00,3.246288e+00,3.800359e+00,3.030575e+00,4.887427e+00,4.761850e+00,4.184002e+00,3.055447e+00,3.199303e+00,3.397297e+00,4.649087e+00,4.982810e+00,4.990499e+00,4.689390e+00,4.803985e+00,4.644553e+00,4.263164e+00,3.306567e+00,4.019959e+00,3.209665e+00,4.107299e+00,4.417257e+00,4.025034e+00,3.925835e+00,3.828412e+00,4.573497e+00,4.531458e+00,2.935819e+00,4.148612e+00,3.617659e+00,4.236286e+00,4.719363e+00,3.688223e+00,3.990477e+00,2.900072e+00,3.395918e+00,4.520921e+00,4.601789e+00,4.427472e+00,4.516470e+00,4.614020e+00,4.813864e+00,4.575271e+00,4.639493e+00,4.893482e+00,4.828578e+00,4.578754e+00,3.339128e+00,4.447392e+00,4.011743e+00,2.775224e+00,3.099260e+00,3.915141e+00,2.608930e+00,4.373716e+00,3.326708e+00,4.809336e+00,4.830246e+00,4.636620e+00,4.817497e+00,4.807627e+00,4.564986e+00,4.678265e+00,2.903162e+00,4.590443e+00,3.773256e+00,4.730964e+00,4.117046e+00,4.556839e+00,3.389609e+00,4.293733e+00,4.455362e+00,3.042869e+00,2.675550e+00,4.045310e+00,4.195402e+00,2.559869e+00,2.487711e+00,4.900275e+00,9.017639e+00,5.217092e+00,4.468271e+00,3.344318e+00,2.744013e+00,3.049128e+00,2.932070e+00,3.250631e+00,2.761099e+00,2.775237e+00,2.868605e+00,4.455899e+00,0.000000e+00,3.519983e+00,3.670427e+00,4.137814e+00,4.819508e+00,4.659883e+00,4.608891e+00,4.848894e+00,4.695096e+00,3.731748e+00,4.412246e+00,4.556992e+00,4.324517e+00,4.598898e+00,4.411541e+00,4.096996e+00,4.620294e+00,4.510687e+00,4.787861e+00,4.635556e+00,4.682216e+00,2.923530e+00,4.787833e+00,3.399418e+00,4.287596e+00,2.969257e+00,4.662113e+00,4.027318e+00,4.398945e+00,4.529162e+00,4.791100e+00,4.190918e+00,4.627901e+00,4.544966e+00,4.850479e+00,4.174261e+00,4.316160e+00,4.831556e+00,4.755019e+00,4.836316e+00,4.682890e+00,4.702531e+00,4.728531e+00,4.944900e+00,4.558249e+00,4.508568e+00,4.704380e+00,4.503902e+00,4.286927e+00,4.718438e+00,4.855369e+00,4.601399e+00,4.730176e+00,4.933880e+00,4.744680e+00,4.752772e+00,4.972410e+00,4.818553e+00,4.819745e+00,4.899755e+00,4.977254e+00,4.499010e+00,4.588227e+00,4.773715e+00,4.554451e+00,4.816816e+00,5.023259e+00,5.022583e+00
4.626695e+00,4.951745e+00,4.978557e+00,4.975683e+00,4.696596e+00,4.618556e+00,4.414775e+00,4.892983e+00,4.569651e+00,4.949774e+00,4.816487e+00,4.801531e+00,4.851014e+00,2.426156e+00,2.634990e+00,2.446217e+00,2.889872e+00,5.045735e+00,2.723548e+00,2.497069e+00,4.465583e+00,2.669524e+00,2.156081e+00,4.068106e+00,2.442243e+00,2.445059e+00,4.912304e+00,4.958779e+00,4.772846e+00,3.544110e+00,4.154801e+00,2.681290e+00,4.299346e+00,4.005734e+00,3.936469e+00,2.875583e+00,2.578679e+00,2.821295e+00,2.827100e+00,4.683100e+00,3.720201e+00,2.765723e+00,3.670231e+00,3.771174e+00,4.716454e+00,2.829843e+00,4.250901e+00,2.892089e+00,4.341577e+00,2.503906e+00,2.984300e+00,2.416397e+00,2.526824e+00,2.476897e+00,2.599426e+00,2.330737e+00,3.669483e+00,4.325618e+00,3.142364e+00,3.039307e+00,5.036141e+00,4.301936e+00,4.762611e+00,3.965812e+00,3.103543e+00,2.817030e+00,4.863317e+00,4.863423e+00,4.547626e+00,4.464194e+00,4.333549e+00,4.479168e+00,4.090121e+00,3.345660e+00,4.217841e+00,4.761588e+00,3.392198e+00,3.613047e+00,4.168761e+00,3.463238e+00,4.749838e+00,4.666005e+00,4.560659e+00,4.357689e+00,4.753641e+00,4.354418e+00,4.414561e+00,3.326908e+00,2.925707e+00,4.935807e+00,3.866400e+00,4.558988e+00,4.122675e+00,4.239919e+00,4.757143e+00,3.585991e+00,3.976574e+00,4.561289e+00,4.438952e+00,4.771317e+00,4.244619e+00,4.595104e+00,4.800563e+00,3.504276e+00,3.895134e+00,2.470458e+00,2.436635e+00,2.685149e+00,3.847926e+00,2.883811e+00,2.634727e+00,3.126404e+00,4.404059e+00,4.915090e+00,4.157848e+00,4.196375e+00,4.433340e+00,4.607090e+00,4.451262e+00,4.602175e+00,4.611975e+00,4.135001e+00,4.426528e+00,3.669237e+00,2.525302e+00,3.875850e+00,3.824928e+00,3.187012e+00,4.039074e+00,4.238629e+00,2.676601e+00,2.779171e+00,2.940658e+00,6.372746e+00,1.011980e+01,2.905333e+00,5.068206e+00,2.579056e+00,2.577998e+00,2.463275e+00,2.625108e+00,2.722608e+00,4.772397e+00,3.250833e+00,7.996632e+00,2.481805e+00,3.072807e+00,2.533542e+00,3.811637e+00,4.713150e+00,4.707345e+00,4.496146e+00,4.950202e+00,4.418875e+00,4.421779e+00,4.588872e+00,4.874439e+00,4.356079e+00,4.234211e+00,4.431256e+00,4.997247e+00,4.899528e+00,4.624397e+00,4.286124e+00,4.865894e+00,3.081010e+00,4.965274e+00,4.735576e+00,4.804325e+00,2.851555e+00,4.071448e+00,3.093013e+00,4.342797e+00,4.541592e+00,2.448217e+00,4.317569e+00,3.983140e+00,4.605908e+00,3.690272e+00,4.421070e+00,4.481331e+00,4.821688e+00,4.542872e+00,4.495022e+00,4.275044e+00,4.131764e+00,4.561224e+00,4.862557e+00,4.856042e+00,4.974436e+00,4.843194e+00,4.454766e+00,2.559869e+00,3.292065e+00,5.004507e+00,4.681712e+00,5.035775e+00,4.941228e+00,4.951852e+00,4.503537e+00,4.920087e+00,4.746925e+00,4.354263e+00,4.620923e+00,4.420840e+00,4.855465e+00,4.557011e+00,4.818203e+00,4.425616e+00,4.987699e+00,4.512420e+00,4.546427e+00,4.768694e+00,4.742365e+00,4.542698e+00
4.665262e+00,4.847105e+00,4.495035e+00,4.876395e+00,4.796862e+00,4.824154e+00,4.368941e+00,4.049374e+00,3.344069e+00,4.794784e+00,4.743480e+00,4.991739e+00,4.756154e+00,3.778947e+00,3.137868e+00,3.938068e+00,2.673538e+00,2.365566e+00,2.392944e+00,2.490660e+00,4.383679e+00,3.356558e+00,2.759431e+00,3.507366e+00,2.459041e+00,3.917029e+00,4.433397e+00,4.845405e+00,4.937747e+00,2.947020e+00,2.567809e+00,2.859784e+00,3.910353e+00,2.436912e+00,4.412820e+00,3.735211e+00,2.754752e+00,3.916905e+00,3.807857e+00,2.973667e+00,2.849292e+00,2.629199e+00,3.770410e+00,2.975599e+00,4.276455e+00,4.382570e+00,4.208643e+00,5.114527e+00,4.571324e+00,3.318366e+00,2.785819e+00,3.894193e+00,4.083893e+00,3.164343e+00,3.856092e+00,4.622177e+00,2.558108e+00,3.814687e+00,2.679249e+00,4.870570e+00,4.901908e+00,4.830107e+00,4.677166e+00,3.369959e+00,3.305844e+00,4.601688e+00,4.291219e+00,4.770388e+00,4.772090e+00,4.575983e+00,4.724207e+00,3.556784e+00,4.164555e+00,3.840172e+00,4.483930e+00,4.675528e+00,4.326708e+00,2.513564e+00,4.619821e+00,4.064115e+00,3.930512e+00,4.531183e+00,3.101827e+00,4.645093e+00,4.357950e+00,2.447934e+00,3.750553e+00,3.295523e+00,2.834632e+00,4.385253e+00,4.671790e+00,4.718952e+00,3.479507e+00,4.611971e+00,4.755935e+00,4.598966e+00,4.556151e+00,3.539549e+00,4.366288e+00,4.211385e+00,4.292704e+00,4.655972e+00,4.360231e+00,2.530936e+00,3.686475e+00,2.444725e+00,3.584874e+00,4.390046e+00,4.399958e+00,2.455027e+00,4.305519e+00,3.440823e+00,4.286103e+00,4.718379e+00,4.541838e+00,4.123937e+00,4.042517e+00,4.756261e+00,4.448319e+00,4.568282e+00,2.804611e+00,4.170229e+00,4.703262e+00,4.521673e+00,3.847824e+00,3.269267e+00,4.139870e+00,2.394831e+00,2.455304e+00,3.586546e+00,3.741951e+00,3.072465e+00,9.437764e+00,8.501409e+00,4.713848e+00,0.000000e+00,3.236601e+00,4.885778e+00,2.629544e+00,9.481444e+00,5.096026e+00,2.659583e+00,4.636020e+00,3.100552e+00,2.351404e+00,3.927466e+00,3.325584e+00,4.137169e+00,4.493576e+00,2.721989e+00,4.300211e+00,4.469382e+00,4.090353e+00,4.475281e+00,4.485231e+00,4.580692e+00,4.510588e+00,4.567292e+00,4.544121e+00,4.188173e+00,4.450541e+00,4.200310e+00,4.538102e+00,4.054798e+00,4.573341e+00,4.381230e+00,4.800972e+00,3.641968e+00,4.913723e+00,3.215216e+00,4.532407e+00,4.373511e+00,4.677287e+00,4.603484e+00,4.706174e+00,4.607601e+00,3.469538e+00,4.447718e+00,3.128347e+00,4.516947e+00,4.548738e+00,4.834668e+00,4.825141e+00,4.645609e+00,4.499378e+00,4.170961e+00,4.625149e+00,4.754906e+00,4.774329e+00,4.814956e+00,4.814992e+00,4.526009e+00,4.547910e+00,2.491009e+00,4.415298e+00,4.681110e+00,4.963861e+00,4.908079e+00,4.901346e+00,4.679984e+00,4.883461e+00,4.804590e+00,4.968674e+00,4.821493e+00,4.441441e+00,4.891271e+00,5.060207e+00,5.047017e+00,4.835855e+00,4.641578e+00,4.875189e+00,4.932540e+00,4.791805e+00,4.965811e+00,4.745600e+00
4.908936e+00,4.530396e+00,4.998044e+00,4.877918e+00,4.453980e+00,4.121270e+00,4.523581e+00,4.137294e+00,4.711052e+00,4.866056e+00,4.589152e+00,4.817976e+00,4.625250e+00,4.294428e+00,2.723583e+00,4.462234e+00,2.495181e+00,3.103351e+00,2.494537e+00,3.163131e+00,2.477085e+00,2.373943e+00,2.215866e+00,2.630776e+00,2.892742e+00,4.385212e+00,4.468298e+00,4.714838e+00,4.591907e+00,4.425772e+00,3.740636e+00,2.363123e+00,3.615303e+00,4.197503e+00,4.678035e+00,3.704618e+00,3.674781e+00,4.258634e+00,4.796950e+00,4.042101e+00,3.244998e+00,4.230890e+00,2.417451e+00,3.884564e+00,4.415284e+00,3.795805e+00,4.312406e+00,4.435550e+00,3.414467e+00,2.561262e+00,3.275905e+00,2.992572e+00,3.750241e+00,2.991627e+00,4.506626e+00,3.112865e+00,4.986783e+00,4.536941e+00,2.773923e+00,4.239680e+00,4.880791e+00,4.890889e+00,4.478726e+00,3.417642e+00,4.558638e+00,4.843041e+00,4.700044e+00,4.445044e+00,4.751454e+00,4.711805e+00,4.427780e+00,4.472856e+00,3.833439e+00,2.821636e+00,3.932045e+00,3.770298e+00,4.338409e+00,4.620101e+00,3.799732e+00,4.198442e+00,4.602719e+00,3.829695e+00,4.671003e+00,3.947689e+00,4.497919e+00,4.080840e+00,3.960144e+00,3.795968e+00,3.220733e+00,4.666123e+00,4.626025e+00,2.427817e+00,3.320570e+00,4.570455e+00,4.612800e+00,4.577597e+00,4.680430e+00,4.481224e+00,4.414284e+00,4.745046e+00,4.330496e+00,3.718673e+00,2.972930e+00,4.043383e+00,6.068346e+00,4.382052e+00,4.124644e+00,4.486829e+00,3.779653e+00,3.287264e+00,3.148374e+00,4.498581e+00,4.073222e+00,4.620777e+00,3.417039e+00,4.028778e+00,4.248793e+00,2.430083e+00,4.910799e+00,4.130909e+00,3.129387e+00,3.144123e+00,4.025004e+00,2.608840e+00,2.639602e+00,2.748902e+00,2.999286e+00,3.643382e+00,3.087254e+00,2.941341e+00,3.146084e+00,2.260716e+00,0.000000e+00,2.732774e+00,2.684307e+00,2.360780e+00,2.274839e+00,2.384940e+00,2.916406e+00,2.943329e+00,7.137783e+00,3.013187e+00,4.447479e+00,3.525306e+00,2.697046e+00,2.550707e+00,3.385157e+00,3.980066e+00,3.356299e+00,4.612689e+00,4.663154e+00,4.681797e+00,4.700960e+00,4.237045e+00,4.568796e+00,4.679956e+00,4.597253e+00,4.233322e+00,4.741584e+00,4.544960e+00,4.201274e+00,4.632264e+00,4.418254e+00,4.559581e+00,4.660920e+00,4.264274e+00,4.272188e+00,2.566436e+00,4.817951e+00,4.176915e+00,3.769355e+00,4.309375e+00,4.600018e+00,4.529644e+00,4.658617e+00,4.794162e+00,4.559314e+00,4.414171e+00,4.053068e+00,4.656416e+00,4.509656e+00,4.893445e+00,4.252756e+00,4.295576e+00,4.065416e+00,4.840730e+00,4.440270e+00,4.913265e+00,4.804138e+00,4.453407e+00,4.385777e+00,4.043035e+00,4.598486e+00,3.412007e+00,4.936947e+00,4.905127e+00,4.846227e+00,5.015712e+00,4.707698e+00,4.713931e+00,4.955072e+00,4.308027e+00,4.932419e+00,4.629423e+00,4.905646e+00,4.723770e+00,4.582800e+00,4.942991e+00,4.600971e+00,4.810775e+00,4.794209e+00,4.977652e+00,4.817197e+00,4.500534e+00,4.658877e+00
4.748716e+00,4.776406e+00,4.907180e+00,4.730517e+00,4.788792e+00,4.923316e+00,4.556353e+00,4.799704e+00,3.333868e+00,4.560757e+00,4.772604e+00,4.771755e+00,4.766848e+00,4.338171e+00,3.811702e+00,3.763340e+00,2.727027e+00,2.630125e+00,3.074699e+00,2.391804e+00,2.790406e+00,4.254153e+00,4.353156e+00,4.553455e+00,2.210980e+00,4.550335e+00,3.159503e+00,4.831853e+00,4.923231e+00,4.604587e+00,4.260240e+00,3.260937e+00,3.737925e+00,2.901002e+00,4.363210e+00,2.472374e+00,3.727193e+00,4.324037e+00,3.115613e+00,3.533844e+00,4.075882e+00,4.402910e+00,3.749985e+00,4.500579e+00,3.484220e+00,2.466572e+00,9.429936e+00,4.972089e+00,4.197552e+00,2.675622e+00,3.219619e+00,3.744215e+00,3.067432e+00,3.201166e+00,3.714610e+00,2.953083e+00,3.936190e+00,3.603053e+00,4.227179e+00,4.667651e+00,4.855262e+00,4.796962e+00,4.799026e+00,4.823530e+00,4.130435e+00,4.562924e+00,4.475940e+00,4.773103e+00,4.886572e+00,4.721063e+00,4.479217e+00,3.802094e+00,4.476056e+00,4.620611e+00,4.473177e+00,4.268729e+00,2.747160e+00,4.137848e+00,2.946943e+00,4.554215e+00,3.189784e+00,4.753849e+00,4.556151e+00,3.933229e+00,3.049214e+00,4.026393e+00,4.688833e+00,4.843221e+00,4.256786e+00,3.399029e+00,4.467605e+00,4.514340e+00,4.218943e+00,4.548595e+00,4.503761e+00,4.674970e+00,4.690700e+00,4.884115e+00,4.600914e+00,4.013417e+00,3.793203e+00,4.440512e+00,2.615781e+00,3.425885e+00,4.455995e+00,4.238910e+00,2.831073e+00,4.059124e+00,4.401503e+00,4.346786e+00,4.610524e+00,4.157327e+00,4.328492e+00,2.790936e+00,4.336565e+00,4.629642e+00,4.808977e+00,4.446680e+00,4.824974e+00,4.754563e+00,4.514249e+00,4.691115e+00,2.732058e+00,3.750422e+00,2.696713e+00,3.186675e+00,3.876946e+00,3.330509e+00,3.051885e+00,3.088603e+00,3.062893e+00,2.939820e+00,2.700815e+00,3.683112e+00,3.843027e+00,2.819125e+00,3.130556e+00,2.774965e+00,4.367794e+00,4.866230e+00,5.746741e+00,4.329413e+00,8.657354e+00,4.562216e+00,2.406889e+00,2.597772e+00,2.578328e+00,3.122818e+00,4.727238e+00,4.129791e+00,4.210063e+00,4.785913e+00,4.603597e+00,3.965503e+00,4.460541e+00,4.638172e+00,3.646210e+00,3.757398e+00,4.599153e+00,4.224668e+00,4.809989e+00,4.407643e+00,4.474351e+00,4.650368e+00,4.777379e+00,3.022781e+00,4.713212e+00,4.256297e+00,4.942143e+00,4.470307e+00,4.976531e+00,4.864418e+00,4.395403e+00,4.399489e+00,4.168090e+00,4.245076e+00,4.843836e+00,4.230595e+00,4.591775e+00,4.612619e+00,4.521570e+00,4.438687e+00,4.614262e+00,4.084992e+00,4.562021e+00,4.452109e+00,4.787541e+00,4.745105e+00,4.850568e+00,4.955472e+00,4.657301e+00,4.601493e+00,4.818853e+00,3.232206e+00,4.710209e+00,4.408632e+00,4.877027e+00,4.841302e+00,4.281190e+00,4.620592e+00,4.624941e+00,4.844531e+00,4.913997e+00,3.894227e+00,4.940368e+00,4.551233e+00,4.789713e+00,4.325273e+00,4.844408e+00,4.852539e+00,3.743063e+00,4.829932e+00,4.374287e+00,4.937066e+00,4.920914e+00
4.836324e+00,4.782912e+00,4.700898e+00,4.913825e+00,4.895134e+00,4.869821e+00,4.751144e+00,4.783276e+00,4.260457e+00,4.739745e+00,4.876613e+00,4.934235e+00,4.816893e+00,4.701451e+00,3.731208e+00,2.603425e+00,4.219834e+00,4.474152e+00,2.328966e+00,2.666288e+00,2.532440e+00,2.398558e+00,3.393130e+00,2.872938e+00,2.858985e+00,3.826153e+00,3.466591e+00,4.957701e+00,4.539434e+00,4.716529e+00,2.889320e+00,2.546718e+00,2.615257e+00,3.873290e+00,3.759014e+00,2.384421e+00,3.843683e+00,3.452963e+00,4.075189e+00,4.580128e+00,3.604169e+00,2.911545e+00,4.488788e+00,4.455603e+00,2.937678e+00,2.959011e+00,4.421295e+00,4.306145e+00,2.634740e+00,2.468621e+00,4.383769e+00,2.633608e+00,3.030631e+00,2.843200e+00,3.978273e+00,2.420858e+00,2.669652e+00,4.432864e+00,2.969400e+00,4.712389e+00,4.866614e+00,4.382018e+00,4.933469e+00,4.384049e+00,3.301998e+00,4.932985e+00,4.447300e+00,4.636232e+00,4.445999e+00,4.355614e+00,4.085520e+00,4.360453e+00,2.542215e+00,4.277402e+00,3.320881e+00,4.619512e+00,4.345988e+00,4.317754e+00,4.711273e+00,3.255735e+00,3.454177e+00,3.403311e+00,4.443217e+00,3.569822e+00,3.372618e+00,3.289263e+00,4.390384e+00,4.494546e+00,4.880802e+00,3.876156e+00,2.587025e+00,3.408822e+00,3.784953e+00,4.081091e+00,4.532129e+00,4.636228e+00,4.358078e+00,4.671362e+00,3.681831e+00,4.275229e+00,4.585949e+00,4.322869e+00,3.154280e+00,3.297553e+00,3.513678e+00,4.233545e+00,3.885414e+00,2.709359e+00,3.916654e+00,2.801296e+00,4.672067e+00,4.091705e+00,3.465138e+00,2.724855e+00,2.620043e+00,4.941471e+00,4.714831e+00,4.742700e+00,4.064917e+00,4.241714e+00,4.707071e+00,4.184872e+00,4.592287e+00,2.506343e+00,2.548484e+00,2.625551e+00,3.683935e+00,3.969125e+00,4.339021e+00,4.730427e+00,4.233594e+00,2.754558e+00,4.332785e+00,3.255310e+00,2.510313e+00,2.723821e+00,4.861580e+00,2.522494e+00,2.966683e+00,2.584068e+00,3.372917e+00,4.622574e+00,3.837164e+00,2.986844e+00,6.043160e+00,3.995903e+00,4.654342e+00,4.850608e+00,4.274865e+00,3.686558e+00,4.816692e+00,4.755133e+00,4.802508e+00,4.850013e+00,4.632093e+00,4.595564e+00,4.684547e+00,4.550319e+00,4.600277e+00,4.642156e+00,3.973339e+00,4.696716e+00,4.254273e+00,4.114374e+00,4.186866e+00,4.460125e+00,4.742257e+00,4.704555e+00,2.368690e+00,4.885274e+00,4.627078e+00,4.251855e+00,3.410762e+00,4.783578e+00,4.349293e+00,3.848602e+00,4.244689e+00,4.601389e+00,4.503553e+00,3.316163e+00,4.588856e+00,4.517486e+00,4.623557e+00,4.957164e+00,4.717559e+00,4.538345e+00,4.635471e+00,4.835564e+00,4.920863e+00,4.382222e+00,3.010362e+00,4.189670e+00,3.309372e+00,4.662010e+00,3.569046e+00,4.735079e+00,4.986041e+00,4.873842e+00,4.791887e+00,4.678354e+00,4.729817e+00,4.358672e+00,4.629287e+00,4.727940e+00,4.799385e+00,4.763623e+00,4.267378e+00,4.902199e+00,4.805163e+00,4.920910e+00,4.573106e+00,4.957038e+00,4.895510e+00,4.545035e+00,4.858404e+00
4.912302e+00,4.683435e+00,4.574189e+00,4.586635e+00,4.935912e+00,4.978763e+00,4.775105e+00,2.740595e+00,4.162308e+00,4.622302e+00,4.894888e+00,4.910515e+00,4.746685e+00,4.404089e+00,4.396887e+00,4.191107e+00,3.843959e+00,3.952738e+00,2.442627e+00,2.426710e+00,2.566567e+00,3.155112e+00,4.376490e+00,2.139091e+00,4.055065e+00,2.924340e+00,3.206852e+00,4.223128e+00,4.922056e+00,2.660448e+00,3.419844e+00,3.823771e+00,3.113671e+00,3.370418e+00,3.862674e+00,4.367127e+00,2.705413e+00,3.661684e+00,2.938049e+00,3.048136e+00,4.614275e+00,3.961557e+00,4.646732e+00,3.772104e+00,4.969007e+00,4.653494e+00,4.747951e+00,2.516178e+00,5.318723e+00,4.458344e+00,8.201723e+00,3.046195e+00,3.587486e+00,2.731613e+00,2.853353e+00,2.715853e+00,2.608516e+00,3.061096e+00,2.592995e+00,3.645988e+00,4.843543e+00,4.604675e+00,4.631326e+00,2.940624e+00,4.589865e+00,4.587461e+00,4.724241e+00,4.697423e+00,3.997310e+00,3.592879e+00,3.183772e+00,2.722193e+00,3.594625e+00,4.241416e+00,3.487245e+00,4.725444e+00,3.827968e+00,4.053365e+00,4.657092e+00,4.761675e+00,3.772404e+00,3.687378e+00,4.121729e+00,4.685420e+00,3.676148e+00,3.540713e+00,4.174561e+00,4.941493e+00,4.704180e+00,4.644998e+00,2.812947e+00,2.599495e+00,3.500767e+00,4.654731e+00,3.668434e+00,3.953865e+00,4.318593e+00,4.542190e+00,4.205574e+00,3.333466e+00,4.694343e+00,4.768069e+00,4.111513e+00,3.769513e+00,3.813754e+00,4.200191e+00,2.503167e+00,5.939610e+00,4.015389e+00,4.108765e+00,3.505078e+00,4.411153e+00,3.828693e+00,4.617123e+00,4.814649e+00,4.547544e+00,4.730081e+00,4.756561e+00,3.660592e+00,2.786643e+00,4.323259e+00,4.807741e+00,4.294626e+00,3.862144e+00,2.588223e+00,2.584526e+00,3.202562e+00,4.010636e+00,4.453798e+00,4.302755e+00,2.485424e+00,2.635381e+00,2.708857e+00,4.117371e+00,2.526278e+00,2.633030e+00,2.474584e+00,2.706467e+00,2.917872e+00,2.856498e+00,4.141963e+00,3.775421e+00,2.876984e+00,8.577434e+00,3.144088e+00,4.424025e+00,4.360306e+00,4.262274e+00,4.705712e+00,4.766108e+00,4.773178e+00,3.849087e+00,4.664823e+00,4.614851e+00,3.881489e+00,4.755451e+00,4.127238e+00,4.069059e+00,3.406725e+00,4.617136e+00,4.756640e+00,3.568497e+00,3.428019e+00,3.854113e+00,4.147962e+00,4.810352e+00,2.695270e+00,3.023997e+00,4.381514e+00,4.792875e+00,4.160899e+00,4.732042e+00,4.633587e+00,4.617943e+00,3.921725e+00,4.681192e+00,4.405393e+00,4.819960e+00,4.707958e+00,4.704637e+00,4.567958e+00,4.286418e+00,4.509246e+00,4.794477e+00,4.820371e+00,4.637674e+00,4.433500e+00,4.936597e+00,4.757075e+00,4.406712e+00,4.450988e+00,3.278903e+00,3.886120e+00,4.407525e+00,4.348296e+00,4.923198e+00,4.404056e+00,4.444995e+00,4.325188e+00,4.846485e+00,4.781506e+00,4.817863e+00,4.731002e+00,4.617642e+00,4.719178e+00,4.737641e+00,4.696065e+00,3.117130e+00,4.532426e+00,4.454245e+00,4.817412e+00,4.855795e+00,4.862748e+00,4.749790e+00,4.728902e+00
4.862093e+00,4.782773e+00,4.972297e+00,4.841906e+00,4.819574e+00,4.579169e+00,4.860903e+00,3.384743e+00,3.555299e+00,3.216007e+00,4.788342e+00,4.988196e+00,4.841908e+00,4.652791e+00,3.274098e+00,2.771426e+00,2.517236e+00,2.683202e+00,2.361871e+00,2.542534e+00,2.711977e+00,2.573811e+00,4.476271e+00,3.763441e+00,3.654813e+00,3.584259e+00,4.536446e+00,4.247756e+00,4.832610e+00,4.243565e+00,3.767686e+00,2.915009e+00,2.870200e+00,2.744826e+00,3.999412e+00,2.873412e+00,4.262349e+00,3.528935e+00,4.358582e+00,4.377903e+00,4.866578e+00,4.137171e+00,3.830673e+00,4.010639e+00,2.418160e+00,4.404639e+00,3.919066e+00,4.665417e+00,4.524810e+00,8.827327e+00,2.678785e+00,4.338513e+00,2.445449e+00,2.393432e+00,2.640258e+00,2.907963e+00,3.051831e+00,4.410546e+00,3.219667e+00,4.095027e+00,4.905823e+00,4.866364e+00,4.467944e+00,2.844241e+00,4.476679e+00,4.936479e+00,4.758245e+00,4.746821e+00,4.259358e+00,2.579327e+00,3.483469e+00,2.681590e+00,4.100157e+00,3.283100e+00,4.586444e+00,3.088004e+00,4.549967e+00,3.743313e+00,4.628928e+00,4.542691e+00,4.750423e+00,4.092978e+00,4.774702e+00,4.899597e+00,4.127681e+00,4.610324e+00,4.355112e+00,4.464477e+00,4.424193e+00,4.000968e+00,3.608291e+00,2.597276e+00,4.051143e+00,2.760958e+00,4.582996e+00,3.502931e+00,4.168790e+00,3.537057e+00,4.404761e+00,4.847385e+00,4.486952e+00,3.746807e+00,4.192653e+00,4.491390e+00,4.311842e+00,3.557528e+00,4.468422e+00,4.710137e+00,4.541009e+00,3.226902e+00,4.621526e+00,4.552344e+00,4.490315e+00,3.106445e+00,4.346339e+00,4.318286e+00,4.965387e+00,4.044605e+00,4.689230e+00,4.272367e+00,4.765374e+00,4.880237e+00,4.675578e+00,3.884917e+00,3.982588e+00,3.430056e+00,3.080235e+00,4.701395e+00,4.566992e+00,3.508000e+00,3.664015e+00,4.284743e+00,2.744668e+00,2.892363e+00,3.441092e+00,2.526284e+00,3.543268e+00,2.743828e+00,2.631309e+00,2.667674e+00,3.812438e+00,3.346335e+00,2.582547e+00,3.495203e+00,4.676440e+00,3.778810e+00,4.267633e+00,4.188639e+00,3.211272e+00,4.428688e+00,4.580237e+00,4.548673e+00,4.427643e+00,4.693481e+00,4.252987e+00,4.205473e+00,3.559188e+00,4.744954e+00,4.708636e+00,4.658522e+00,4.500785e+00,4.676582e+00,4.342898e+00,4.651163e+00,4.214922e+00,3.533344e+00,4.749427e+00,4.606305e+00,4.558809e+00,3.794105e+00,4.835961e+00,4.792884e+00,4.694613e+00,3.195530e+00,2.614851e+00,4.177677e+00,4.151818e+00,4.753124e+00,4.600984e+00,4.756637e+00,4.787618e+00,4.729540e+00,4.419973e+00,4.330723e+00,4.246088e+00,4.790777e+00,4.933452e+00,4.936198e+00,4.552720e+00,4.327714e+00,4.146625e+00,4.051752e+00,4.956593e+00,4.717858e+00,4.506048e+00,4.840766e+00,4.504525e+00,4.829819e+00,4.146829e+00,4.944557e+00,4.646814e+00,4.734840e+00,4.414837e+00,5.019867e+00,4.299944e+00,4.051296e+00,4.584812e+00,4.648294e+00,4.523613e+00,4.796954e+00,4.824408e+00,4.760766e+00,4.706319e+00,4.881382e+00,4.843865e+00
4.919537e+00,4.893829e+00,4.739338e+00,4.918652e+00,4.844154e+00,4.589807e+00,4.875399e+00,4.547890e+00,3.098002e+00,4.139627e+00,5.011306e+00,4.826450e+00,4.808488e+00,4.489098e+00,4.686099e+00,3.269253e+00,2.870883e+00,2.555199e+00,2.718246e+00,2.260296e+00,2.390078e+00,4.358447e+00,2.667653e+00,3.221229e+00,4.364305e+00,3.753406e+00,4.718966e+00,2.337487e+00,4.727313e+00,4.702982e+00,3.985418e+00,4.698729e+00,4.840473e+00,4.249792e+00,4.222149e+00,4.084499e+00,4.756962e+00,3.734747e+00,3.609706e+00,2.580575e+00,4.297837e+00,2.694158e+00,3.283219e+00,3.732620e+00,4.042275e+00,4.855760e+00,3.960042e+00,4.368423e+00,4.523062e+00,3.347743e+00,3.628298e+00,3.179357e+00,3.564659e+00,2.736504e+00,2.553735e+00,3.965741e+00,3.700539e+00,2.717968e+00,3.338233e+00,3.409660e+00,4.498409e+00,4.966354e+00,4.919693e+00,4.579280e+00,4.516395e+00,4.799512e+00,4.432500e+00,4.055843e+00,3.800664e+00,3.618795e+00,4.710957e+00,4.533089e+00,3.861422e+00,4.391580e+00,4.378322e+00,3.934241e+00,2.970435e+00,4.357142e+00,3.234543e+00,4.154081e+00,4.744142e+00,4.505337e+00,4.769376e+00,4.601304e+00,2.823996e+00,3.891735e+00,3.892060e+00,4.634660e+00,4.129249e+00,4.175550e+00,3.878676e+00,3.196522e+00,3.580031e+00,2.645604e+00,4.252706e+00,3.199031e+00,3.730298e+00,3.166809e+00,4.279108e+00,4.391498e+00,4.136039e+00,4.742390e+00,4.508728e+00,4.293273e+00,4.483607e+00,4.576659e+00,4.746216e+00,4.436483e+00,4.610673e+00,4.013913e+00,4.642379e+00,4.376266e+00,4.900398e+00,4.741313e+00,4.520395e+00,4.740771e+00,4.885583e+00,4.901797e+00,4.580684e+00,4.848488e+00,4.849198e+00,4.885294e+00,4.113271e+00,3.578920e+00,2.712242e+00,2.303899e+00,2.953744e+00,4.459746e+00,3.585578e+00,2.950468e+00,3.601707e+00,4.534594e+00,3.709036e+00,4.286274e+00,4.510896e+00,3.549626e+00,2.686133e+00,3.637011e+00,3.828242e+00,3.507891e+00,3.748184e+00,2.643741e+00,4.436736e+00,4.365608e+00,4.701890e+00,4.180627e+00,4.631379e+00,3.685786e+00,4.321027e+00,4.748898e+00,4.554444e+00,4.766619e+00,4.879420e+00,4.668376e+00,3.007592e+00,4.441106e+00,4.601311e+00,4.747365e+00,4.528664e+00,4.616621e+00,4.593808e+00,4.019440e+00,4.633126e+00,4.385584e+00,4.328045e+00,4.228188e+00,4.557164e+00,4.879307e+00,4.321752e+00,4.550318e+00,4.723951e+00,4.264391e+00,4.350221e+00,3.868859e+00,4.348466e+00,3.459744e+00,4.037321e+00,3.519297e+00,4.828245e+00,4.550146e+00,4.087259e+00,3.485113e+00,4.701832e+00,4.842965e+00,4.686084e+00,4.656196e+00,4.921787e+00,4.379054e+00,4.669523e+00,4.534412e+00,4.599298e+00,4.925700e+00,4.128402e+00,4.371758e+00,4.953342e+00,4.615832e+00,4.730963e+00,4.600320e+00,4.426041e+00,4.953295e+00,4.886321e+00,4.790584e+00,4.663004e+00,4.539158e+00,4.923673e+00,4.909088e+00,4.412859e+00,4.633237e+00,4.607417e+00,4.573239e+00,4.763520e+00,4.744796e+00,4.908287e+00,4.362362e+00,4.828195e+00
4.939678e+00,4.673655e+00,4.852647e+00,4.572629e+00,4.703651e+00,4.668898e+00,4.576077e+00,4.793583e+00,4.675751e+00,4.505865e+00,3.873792e+00,4.815305e+00,4.832453e+00,4.971458e+00,4.143787e+00,4.187184e+00,3.590034e+00,2.391336e+00,3.891539e+00,2.500531e+00,2.801775e+00,2.523852e+00,2.869008e+00,3.530149e+00,2.226699e+00,3.099635e+00,4.148432e+00,3.558123e+00,4.179015e+00,2.812735e+00,2.668837e+00,3.607790e+00,3.489039e+00,3.275335e+00,2.592415e+00,3.152447e+00,4.385087e+00,4.546907e+00,3.058300e+00,2.550065e+00,2.520966e+00,4.609197e+00,4.888549e+00,3.919537e+00,2.388559e+00,4.742465e+00,3.557974e+00,4.156760e+00,2.704813e+00,2.560581e+00,4.219884e+00,4.243854e+00,3.032292e+00,4.164108e+00,3.934224e+00,3.461060e+00,4.704786e+00,2.974103e+00,3.463405e+00,3.045504e+00,4.339302e+00,4.700345e+00,4.901710e+00,4.200203e+00,4.800649e+00,4.894622e+00,4.923036e+00,3.803436e+00,4.337500e+00,4.279153e+00,4.269070e+00,4.079216e+00,2.716559e+00,2.943734e+00,3.834396e+00,4.714899e+00,4.368401e+00,3.549304e+00,4.220155e+00,4.728822e+00,4.284529e+00,4.080577e+00,3.729089e+00,4.414744e+00,4.447277e+00,3.492058e+00,3.978155e+00,3.689565e+00,4.099208e+00,4.615060e+00,4.637440e+00,3.378784e+00,3.591984e+00,2.434986e+00,3.487489e+00,4.478061e+00,4.099162e+00,2.765337e+00,2.354871e+00,4.275225e+00,4.043278e+00,4.754813e+00,3.886235e+00,3.923929e+00,4.592856e+00,4.830026e+00,4.736015e+00,5.001510e+00,4.859716e+00,4.608123e+00,4.782438e+00,4.497967e+00,4.950181e+00,4.686448e+00,4.329149e+00,4.778561e+00,4.382087e+00,4.748569e+00,4.877635e+00,4.902927e+00,4.841051e+00,4.601306e+00,4.066644e+00,4.675377e+00,4.452130e+00,4.446913e+00,4.865602e+00,4.119282e+00,4.617639e+00,4.136739e+00,2.784283e+00,3.810353e+00,2.792203e+00,2.570356e+00,2.946783e+00,3.458251e+00,3.797922e+00,3.070757e+00,3.920582e+00,3.865077e+00,5.898266e+00,2.719870e+00,4.118981e+00,4.814796e+00,4.261361e+00,3.804849e+00,3.816381e+00,4.778135e+00,3.655081e+00,4.727567e+00,4.517584e+00,4.768368e+00,4.527304e+00,4.659051e+00,4.721446e+00,3.042115e+00,4.630400e+00,4.557879e+00,4.685032e+00,4.574424e+00,3.822642e+00,4.335019e+00,4.859706e+00,4.038316e+00,4.753256e+00,3.860977e+00,4.262087e+00,4.191895e+00,2.509751e+00,3.200644e+00,4.720436e+00,4.032125e+00,4.694954e+00,3.806185e+00,4.761676e+00,3.929638e+00,4.409884e+00,4.664893e+00,4.670143e+00,4.343012e+00,4.846336e+00,4.281364e+00,4.579196e+00,4.316951e+00,4.802628e+00,4.947820e+00,4.775537e+00,4.905475e+00,4.623150e+00,3.674611e+00,4.524270e+00,4.837611e+00,4.609018e+00,4.535170e+00,4.845761e+00,4.718091e+00,4.627847e+00,4.658842e+00,4.762278e+00,4.514797e+00,4.333087e+00,4.717292e+00,4.589046e+00,4.487053e+00,3.363630e+00,4.755393e+00,4.758670e+00,4.682627e+00,3.945309e+00,4.627083e+00,4.672144e+00,4.949256e+00,4.829788e+00,4.794077e+00,4.804456e+00
4.511837e+00,4.807727e+00,4.588183e+00,4.681229e+00,4.735159e+00,4.762015e+00,4.326254e+00,4.814341e+00,3.083306e+00,2.216014e+00,2.770814e+00,4.235986e+00,4.934251e+00,4.796942e+00,4.662051e+00,4.681958e+00,4.440558e+00,2.557370e+00,2.564583e+00,3.814199e+00,2.396731e+00,4.043134e+00,2.848363e+00,2.603176e+00,2.486476e+00,2.415394e+00,2.968857e+00,2.496483e+00,4.539973e+00,3.783266e+00,4.428827e+00,4.384597e+00,3.846197e+00,2.512762e+00,2.846712e+00,3.151796e+00,2.539637e+00,2.438206e+00,2.704163e+00,3.515542e+00,2.791115e+00,2.434929e+00,2.218375e+00,2.862964e+00,2.598791e+00,2.416771e+00,2.592047e+00,4.163105e+00,2.605642e+00,2.926821e+00,3.400297e+00,4.275735e+00,2.706818e+00,3.566996e+00,2.791566e+00,3.142728e+00,2.598021e+00,2.396718e+00,4.965325e+00,3.373931e+00,2.406819e+00,4.542071e+00,4.678151e+00,4.804599e+00,4.911567e+00,4.711297e+00,4.913224e+00,4.669896e+00,3.951638e+00,4.624726e+00,4.644284e+00,4.745973e+00,4.188172e+00,2.487678e+00,3.561342e+00,3.617358e+00,3.737537e+00,3.222293e+00,4.375760e+00,4.546766e+00,4.809229e+00,4.757685e+00,4.814599e+00,4.669664e+00,4.711940e+00,4.106239e+00,4.329046e+00,3.441828e+00,4.256961e+00,3.375469e+00,4.012035e+00,3.123163e+00,4.072784e+00,3.563180e+00,2.509136e+00,4.316182e+00,3.874194e+00,3.553449e+00,3.988820e+00,4.199401e+00,4.185471e+00,3.835274e+00,4.688136e+00,4.734822e+00,4.005420e+00,4.665798e+00,4.429170e+00,4.663799e+00,4.449056e+00,4.105998e+00,4.360782e+00,4.959954e+00,4.462357e+00,3.792748e+00,3.930169e+00,4.534027e+00,3.963980e+00,4.699045e+00,4.827516e+00,4.883444e+00,4.915390e+00,4.853074e+00,4.662354e+00,4.702233e+00,4.375585e+00,3.416173e+00,4.302956e+00,4.470226e+00,4.555488e+00,4.154546e+00,3.345696e+00,2.429951e+00,2.211457e+00,2.598675e+00,2.546108e+00,4.420395e+00,4.429385e+00,2.834133e+00,2.613403e+00,3.346161e+00,2.509990e+00,4.248058e+00,4.445906e+00,4.781143e+00,4.707869e+00,4.427191e+00,4.621450e+00,4.046167e+00,4.733517e+00,4.622006e+00,4.624238e+00,4.336530e+00,3.963303e+00,4.760833e+00,4.739436e+00,4.387171e+00,4.687453e+00,4.614312e+00,3.581299e+00,4.276755e+00,4.477333e+00,4.272132e+00,3.599885e+00,4.376766e+00,3.463312e+00,4.159672e+00,4.929103e+00,4.847388e+00,4.723720e+00,3.115377e+00,4.647821e+00,3.292923e+00,4.627243e+00,4.146514e+00,4.124169e+00,4.574455e+00,4.364466e+00,4.626601e+00,4.551878e+00,4.648628e+00,4.242573e+00,4.420541e+00,4.899381e+00,4.604018e+00,4.499849e+00,4.648024e+00,4.741363e+00,4.606320e+00,4.266293e+00,4.629011e+00,4.508080e+00,4.675106e+00,4.704372e+00,4.912082e+00,5.016421e+00,4.407396e+00,3.387849e+00,4.495909e+00,4.469732e+00,4.535571e+00,4.709937e+00,4.828402e+00,4.861195e+00,4.755539e+00,4.886013e+00,4.815443e+00,4.784315e+00,4.697273e+00,4.869435e+00,4.813964e+00,4.688914e+00,4.574147e+00,4.617629e+00,4.341922e+00,4.698268e+00
4.770645e+00,4.667340e+00,4.834790e+00,4.805658e+00,4.659694e+00,4.961303e+00,4.383022e+00,4.748217e+00,4.074949e+00,4.807365e+00,4.284068e+00,4.503856e+00,4.923164e+00,4.938500e+00,4.620207e+00,4.545437e+00,2.724183e+00,2.841796e+00,2.857901e+00,2.780925e+00,2.847502e+00,3.687107e+00,2.833244e+00,3.981330e+00,2.190211e+00,2.155043e+00,2.482881e+00,3.349890e+00,4.008359e+00,4.724834e+00,2.583277e+00,2.347538e+00,3.003686e+00,3.005976e+00,2.985486e+00,2.591935e+00,2.439705e+00,3.615017e+00,2.639922e+00,2.745085e+00,2.422552e+00,4.672447e+00,2.860041e+00,4.797159e+00,1.960665e+00,2.643059e+00,3.303738e+00,3.141687e+00,4.080972e+00,2.757372e+00,2.651567e+00,2.435432e+00,3.475423e+00,2.696800e+00,3.753815e+00,2.702506e+00,2.448249e+00,3.192954e+00,4.060137e+00,2.492445e+00,3.099454e+00,2.717420e+00,4.762529e+00,4.110872e+00,4.849337e+00,4.682209e+00,4.652079e+00,4.821514e+00,4.279882e+00,4.106087e+00,3.682375e+00,2.915948e+00,4.113319e+00,3.539864e+00,4.615649e+00,3.193724e+00,2.909089e+00,2.769633e+00,4.039293e+00,4.465036e+00,4.279596e+00,4.733058e+00,4.931861e+00,4.653199e+00,4.905406e+00,4.333909e+00,4.496137e+00,4.642586e+00,4.778595e+00,4.598793e+00,3.722626e+00,4.021014e+00,4.315018e+00,4.075798e+00,4.616071e+00,4.192951e+00,3.349846e+00,3.929074e+00,4.460016e+00,4.174806e+00,4.124886e+00,3.348873e+00,3.010857e+00,3.919357e+00,2.792263e+00,3.434368e+00,2.850640e+00,2.878230e+00,4.841178e+00,4.427540e+00,4.065289e+00,3.048756e+00,3.470030e+00,4.661466e+00,2.784179e+00,2.796619e+00,4.896860e+00,4.134194e+00,4.739635e+00,4.836732e+00,4.668335e+00,4.797037e+00,4.694409e+00,4.440313e+00,4.649275e+00,3.794348e+00,4.746044e+00,3.085203e+00,4.377797e+00,4.639945e+00,3.985315e+00,3.973972e+00,3.418191e+00,2.590040e+00,2.628240e+00,2.453965e+00,3.600246e+00,2.438854e+00,2.707793e+00,2.983789e+00,4.123477e+00,4.108186e+00,3.829892e+00,4.535454e+00,4.451182e+00,4.106958e+00,4.766478e+00,4.693595e+00,4.612378e+00,4.159033e+00,4.600930e+00,4.689567e+00,3.161343e+00,4.505727e+00,4.462977e+00,4.449586e+00,3.921740e+00,4.637796e+00,4.400594e+00,4.773916e+00,4.739636e+00,3.715787e+00,4.228821e+00,4.404866e+00,4.320510e+00,4.756423e+00,3.018152e+00,4.434849e+00,4.638648e+00,4.337521e+00,2.883389e+00,3.973344e+00,3.689555e+00,4.396770e+00,4.742608e+00,4.059134e+00,4.644131e+00,4.741313e+00,4.525503e+00,4.329242e+00,4.641907e+00,4.765055e+00,4.843714e+00,4.690604e+00,4.720010e+00,4.972584e+00,4.604885e+00,4.610460e+00,4.344566e+00,4.266231e+00,4.929710e+00,4.664109e+00,2.597314e+00,4.965069e+00,4.820982e+00,4.734292e+00,4.723930e+00,4.608013e+00,4.795206e+00,4.755981e+00,4.898097e+00,4.704662e+00,4.936222e+00,4.922436e+00,4.610272e+00,4.850926e+00,4.804928e+00,4.490449e+00,5.071890e+00,4.679500e+00,3.694058e+00,4.704008e+00,4.719289e+00,4.523021e+00,4.329985e+00
4.855759e+00,4.952617e+00,4.893940e+00,4.897315e+00,4.931532e+00,4.911352e+00,4.674357e+00,4.572600e+00,4.305216e+00,4.694420e+00,4.678231e+00,4.209261e+00,4.861205e+00,4.607749e+00,4.892434e+00,3.905626e+00,4.052519e+00,4.022045e+00,4.230439e+00,2.257244e+00,2.424006e+00,2.774913e+00,2.430164e+00,3.995691e+00,2.289328e+00,2.553180e+00,3.571094e+00,3.091904e+00,2.569294e+00,3.596311e+00,3.377323e+00,2.518956e+00,3.709996e+00,2.637916e+00,3.058272e+00,3.440385e+00,2.714480e+00,2.649400e+00,2.749218e+00,3.705362e+00,2.736156e+00,2.471001e+00,3.114600e+00,2.493349e+00,4.046992e+00,2.687476e+00,4.596722e+00,3.059110e+00,2.572364e+00,4.091403e+00,3.980344e+00,2.970874e+00,2.889875e+00,3.536760e+00,2.402512e+00,4.088969e+00,2.755182e+00,2.471506e+00,3.462864e+00,3.691677e+00,3.859114e+00,2.641430e+00,4.288073e+00,4.954419e+00,4.926040e+00,4.721937e+00,4.908160e+00,4.636994e+00,4.650803e+00,4.566180e+00,4.686362e+00,3.779721e+00,4.131829e+00,4.185494e+00,2.620956e+00,4.077711e+00,2.622723e+00,2.463952e+00,4.389299e+00,4.752620e+00,4.766604e+00,4.703204e+00,4.483051e+00,4.491269e+00,4.872101e+00,4.874541e+00,4.643018e+00,3.816126e+00,4.409581e+00,2.575175e+00,4.265525e+00,4.550686e+00,4.776207e+00,4.272058e+00,4.481985e+00,4.502044e+00,4.487411e+00,4.153672e+00,4.558348e+00,3.157778e+00,3.675118e+00,3.897716e+00,2.851662e+00,3.955064e+00,3.634878e+00,4.485765e+00,3.713878e+00,2.774148e+00,3.412015e+00,2.542277e+00,2.431552e+00,2.765759e+00,3.343661e+00,4.405458e+00,4.803306e+00,4.533779e+00,4.486365e+00,4.632940e+00,4.792311e+00,3.191638e+00,4.800916e+00,4.657507e+00,4.324507e+00,4.775817e+00,4.215401e+00,4.567376e+00,4.745870e+00,4.447094e+00,4.143184e+00,3.166943e+00,3.744224e+00,4.487669e+00,4.111118e+00,4.469169e+00,3.123582e+00,3.467078e+00,2.526428e+00,2.480508e+00,4.040598e+00,3.839810e+00,4.614358e+00,4.082926e+00,4.604933e+00,4.253273e+00,4.818698e+00,4.206111e+00,4.373307e+00,4.566377e+00,4.511418e+00,4.243593e+00,4.622763e+00,4.767959e+00,4.774623e+00,4.642383e+00,4.853666e+00,4.509837e+00,3.975018e+00,4.499166e+00,4.712419e+00,3.892624e+00,4.181686e+00,3.737592e+00,4.618750e+00,4.452609e+00,3.318604e+00,4.448932e+00,4.406783e+00,4.447247e+00,4.464367e+00,3.964021e+00,3.563566e+00,4.386285e+00,4.914763e+00,4.256677e+00,4.332402e+00,4.355647e+00,4.541571e+00,4.498168e+00,4.300878e+00,4.679316e+00,4.721093e+00,4.637898e+00,4.731632e+00,4.836275e+00,4.513094e+00,4.739790e+00,4.929979e+00,3.523469e+00,3.991348e+00,3.432340e+00,3.883727e+00,4.807797e+00,4.962843e+00,4.680903e+00,4.814083e+00,4.768128e+00,4.486429e+00,4.830343e+00,4.776614e+00,4.774864e+00,4.551667e+00,4.889981e+00,4.671985e+00,4.139437e+00,4.629722e+00,4.908448e+00,4.740118e+00,4.095267e+00,4.498507e+00,4.602785e+00,4.927065e+00,4.773680e+00,4.500920e+00,4.423016e+00,4.747675e+00
4.772978e+00,4.682117e+00,4.946872e+00,4.831742e+00,4.888396e+00,4.388759e+00,4.808930e+00,4.799936e+00,4.654310e+00,4.700354e+00,4.470684e+00,2.840947e+00,4.674268e+00,4.696890e+00,4.947765e+00,4.983805e+00,4.646974e+00,4.100376e+00,2.839906e+00,2.670588e+00,2.936409e+00,2.286712e+00,2.498595e+00,3.097601e+00,3.386832e+00,3.287157e+00,2.674856e+00,2.681839e+00,2.505662e+00,2.569063e+00,2.421881e+00,2.489275e+00,2.376821e+00,2.306212e+00,2.551284e+00,3.717450e+00,2.499568e+00,3.472556e+00,2.872572e+00,3.929189e+00,3.086578e+00,3.178693e+00,4.154648e+00,2.508853e+00,4.403032e+00,4.351590e+00,4.100121e+00,2.691675e+00,3.011317e+00,2.737259e+00,2.637846e+00,2.626506e+00,2.492595e+00,2.453541e+00,3.977530e+00,2.325361e+00,2.541966e+00,3.271428e+00,2.768797e+00,3.654025e+00,2.955876e+00,4.449828e+00,4.139014e+00,4.885784e+00,4.752053e+00,4.508039e+00,4.560160e+00,4.424488e+00,3.963103e+00,3.605159e+00,4.538870e+00,4.148973e+00,4.182608e+00,3.360985e+00,2.525907e+00,2.950278e+00,9.420439e+00,3.364087e+00,3.917017e+00,2.718942e+00,2.675691e+00,3.983328e+00,3.838733e+00,4.508093e+00,4.873828e+00,4.733837e+00,4.530105e+00,4.522317e+00,4.646976e+00,3.946818e+00,3.500032e+00,4.425173e+00,4.782173e+00,4.092428e+00,4.661224e+00,4.481036e+00,3.933560e+00,3.865153e+00,3.754273e+00,3.506982e+00,3.936425e+00,2.741476e+00,2.345692e+00,2.550289e+00,2.635414e+00,2.627066e+00,4.445791e+00,3.106727e+00,4.536284e+00,2.948269e+00,2.968986e+00,4.731272e+00,4.003473e+00,4.125719e+00,4.335173e+00,3.889138e+00,4.531093e+00,4.509949e+00,4.443938e+00,3.228103e+00,4.107296e+00,4.697429e+00,4.652194e+00,4.481040e+00,4.534360e+00,4.553673e+00,3.836421e+00,4.499950e+00,4.009027e+00,4.315318e+00,3.015815e+00,2.985469e+00,4.711800e+00,4.332875e+00,5.936130e+00,2.704511e+00,3.460592e+00,3.878583e+00,3.411879e+00,3.831192e+00,4.556437e+00,3.160036e+00,4.548465e+00,3.118896e+00,3.776169e+00,4.924885e+00,4.454339e+00,4.169107e+00,4.128626e+00,4.154384e+00,4.175139e+00,4.454750e+00,4.807123e+00,4.277958e+00,4.284846e+00,4.597070e+00,4.780099e+00,4.636003e+00,4.545362e+00,4.385395e+00,3.881558e+00,4.209701e+00,3.729939e+00,3.138558e+00,4.215236e+00,4.752492e+00,4.698021e+00,3.479992e+00,3.940441e+00,4.511205e+00,4.678754e+00,2.966499e+00,3.511802e+00,3.850974e+00,4.603046e+00,4.659742e+00,4.661005e+00,4.616814e+00,4.655763e+00,4.706892e+00,4.818263e+00,4.672258e+00,4.638694e+00,4.702233e+00,4.741561e+00,4.408222e+00,4.545877e+00,4.085987e+00,4.719531e+00,3.426880e+00,4.188098e+00,4.362991e+00,4.968994e+00,4.543914e+00,4.706840e+00,4.184373e+00,4.857168e+00,4.477988e+00,4.925746e+00,3.879031e+00,4.436142e+00,4.819440e+00,4.606993e+00,4.899399e+00,4.447485e+00,4.829520e+00,4.841139e+00,4.388725e+00,4.656594e+00,4.841496e+00,4.521420e+00,4.830155e+00,3.811465e+00,4.772659e+00,4.720074e+00
4.854941e+00,4.652222e+00,4.819226e+00,4.773759e+00,4.723829e+00,4.865101e+00,4.690355e+00,4.385743e+00,4.844092e+00,3.972327e+00,4.536674e+00,4.289296e+00,4.772434e+00,4.428417e+00,5.015579e+00,4.297697e+00,3.917120e+00,4.309622e+00,4.554129e+00,3.323791e+00,2.635757e+00,4.158979e+00,2.702197e+00,4.291669e+00,3.867476e+00,3.039396e+00,2.552530e+00,2.510705e+00,3.752365e+00,2.316030e+00,4.297487e+00,3.377700e+00,2.417702e+00,4.462584e+00,2.760953e+00,4.495476e+00,2.656701e+00,2.464885e+00,4.351638e+00,2.725224e+00,2.360890e+00,2.809664e+00,2.982554e+00,2.822074e+00,3.085917e+00,4.343338e+00,3.181622e+00,3.179982e+00,2.388459e+00,2.216769e+00,4.400082e+00,3.974020e+00,2.924374e+00,3.639123e+00,2.289937e+00,2.487830e+00,3.963271e+00,4.309793e+00,3.408046e+00,3.431748e+00,3.393954e+00,2.970333e+00,2.454558e+00,4.621621e+00,4.799317e+00,4.858115e+00,4.676785e+00,4.435179e+00,4.378425e+00,2.613160e+00,3.682119e+00,3.448659e+00,3.096508e+00,2.329782e+00,3.364446e+00,5.335485e+00,5.681229e+00,5.002723e+00,3.672044e+00,4.277150e+00,2.624958e+00,4.163600e+00,2.753389e+00,2.690169e+00,4.707467e+00,4.823801e+00,2.834029e+00,3.104796e+00,2.329025e+00,2.767243e+00,3.126107e+00,4.554020e+00,4.210211e+00,4.324428e+00,4.756914e+00,3.276914e+00,3.829039e+00,3.055067e+00,4.274840e+00,2.838445e+00,3.667441e+00,4.512515e+00,3.395721e+00,2.865962e+00,2.326232e+00,4.405596e+00,2.626213e+00,3.019414e+00,3.045140e+00,4.529522e+00,3.576282e+00,3.691469e+00,4.717485e+00,4.270280e+00,4.648302e+00,4.816204e+00,4.386523e+00,4.553242e+00,3.057142e+00,4.581075e+00,4.325514e+00,4.297465e+00,4.603880e+00,4.651512e+00,4.288325e+00,4.724084e+00,4.370257e+00,2.796047e+00,3.403047e+00,2.982858e+00,4.600845e+00,3.698846e+00,2.921576e+00,4.512265e+00,3.848083e+00,4.289756e+00,4.295942e+00,2.280048e+00,4.462148e+00,4.543216e+00,4.755424e+00,4.597020e+00,3.751680e+00,4.712363e+00,4.611144e+00,4.092305e+00,4.769794e+00,4.607792e+00,4.340620e+00,4.818850e+00,4.490233e+00,4.784750e+00,4.728210e+00,4.446107e+00,4.902450e+00,4.498467e+00,3.325721e+00,4.325774e+00,4.278320e+00,4.457992e+00,3.352959e+00,4.734030e+00,4.564436e+00,3.263434e+00,4.396015e+00,4.742410e+00,4.316833e+00,4.502136e+00,4.177154e+00,4.789465e+00,3.902746e+00,4.409233e+00,3.492147e+00,4.604039e+00,4.260126e+00,3.516388e+00,4.506736e+00,4.678179e+00,4.385096e+00,4.539292e+00,4.348802e+00,4.606087e+00,4.848908e+00,4.597062e+00,4.176963e+00,4.875805e+00,4.536274e+00,4.544072e+00,4.560972e+00,4.611105e+00,4.831976e+00,3.292661e+00,4.466256e+00,4.858045e+00,4.711525e+00,4.812698e+00,4.500557e+00,4.800929e+00,4.899672e+00,4.982393e+00,4.750621e+00,4.706057e+00,4.772777e+00,4.503419e+00,4.779053e+00,4.901099e+00,4.402837e+00,4.792690e+00,4.666652e+00,4.762443e+00,5.031699e+00,4.360203e+00,4.926714e+00,3.530693e+00,4.847153e+00
4.505020e+00,4.883204e+00,4.855188e+00,4.951246e+00,4.418400e+00,4.934701e+00,4.950214e+00,4.855362e+00,4.955370e+00,4.496392e+00,4.405042e+00,4.539791e+00,4.685238e+00,4.214959e+00,4.817689e+00,4.754061e+00,4.755469e+00,3.091915e+00,4.138679e+00,2.887978e+00,2.764985e+00,3.949641e+00,2.427010e+00,2.442829e+00,2.408295e+00,2.253573e+00,2.503383e+00,2.885407e+00,2.249446e+00,4.483517e+00,3.262178e+00,2.356532e+00,3.403001e+00,2.648992e+00,2.924001e+00,2.710500e+00,2.306182e+00,3.434527e+00,3.437157e+00,2.639785e+00,3.374237e+00,2.986731e+00,2.941034e+00,4.516077e+00,2.437453e+00,2.151542e+00,4.403296e+00,2.726630e+00,4.142061e+00,3.545690e+00,2.546087e+00,2.531356e+00,3.387052e+00,2.476076e+00,3.608701e+00,4.650843e+00,3.438347e+00,2.505501e+00,4.288425e+00,3.013562e+00,2.730076e+00,2.587894e+00,3.478379e+00,4.204214e+00,4.577245e+00,4.915995e+00,4.791246e+00,4.492578e+00,4.487861e+00,3.861335e+00,3.379443e+00,4.253697e+00,3.405205e+00,3.270613e+00,3.403262e+00,3.877070e+00,3.057182e+00,2.940521e+00,2.860425e+00,3.119642e+00,2.291223e+00,2.530747e+00,3.824560e+00,4.610396e+00,2.706341e+00,4.452304e+00,4.799263e+00,2.910158e+00,2.868279e+00,2.752202e+00,3.820976e+00,2.760339e+00,4.446275e+00,3.324182e+00,4.419454e+00,4.302205e+00,4.711516e+00,4.494650e+00,4.596116e+00,5.010243e+00,2.492512e+00,3.123708e+00,2.630303e+00,4.241592e+00,3.970129e+00,5.168331e+00,4.808615e+00,2.827068e+00,2.984859e+00,3.192305e+00,4.481759e+00,3.872965e+00,3.486031e+00,3.917840e+00,4.129309e+00,3.585190e+00,4.192896e+00,4.153539e+00,4.758121e+00,4.820989e+00,4.227569e+00,3.843663e+00,2.659718e+00,4.110391e+00,2.626552e+00,4.592824e+00,3.418482e+00,2.526188e+00,4.490872e+00,4.326573e+00,2.668110e+00,2.625189e+00,4.146498e+00,3.958522e+00,4.121983e+00,4.443646e+00,4.667465e+00,4.915117e+00,4.442090e+00,4.712324e+00,4.835354e+00,4.562996e+00,3.562360e+00,4.564454e+00,4.568098e+00,3.452151e+00,4.617883e+00,4.256009e+00,4.696719e+00,4.564215e+00,4.571862e+00,4.526036e+00,4.369620e+00,4.757854e+00,4.041570e+00,4.524099e+00,3.465720e+00,4.355234e+00,3.948055e+00,3.456708e+00,4.929702e+00,4.413175e+00,4.877778e+00,4.205538e+00,4.792490e+00,3.936796e+00,3.622336e+00,3.851976e+00,3.866878e+00,4.687430e+00,4.759485e+00,4.683499e+00,3.631180e+00,4.645257e+00,4.762053e+00,4.592273e+00,4.894540e+00,4.853473e+00,3.863538e+00,4.474265e+00,4.748970e+00,4.554282e+00,4.785021e+00,5.022268e+00,4.799194e+00,4.756246e+00,3.909104e+00,4.012855e+00,3.264061e+00,2.889150e+00,4.648790e+00,4.968169e+00,4.662578e+00,4.924668e+00,4.692167e+00,4.487624e+00,4.801489e+00,4.580038e+00,4.933602e+00,4.458256e+00,4.825613e+00,4.685379e+00,4.891584e+00,4.428009e+00,3.867471e+00,4.898681e+00,4.749652e+00,4.080822e+00,4.626791e+00,4.175921e+00,4.768900e+00,4.352459e+00,4.694022e+00,4.760480e+00,4.662404e+00
4.820146e+00,4.587005e+00,4.875442e+00,4.845067e+00,4.775105e+00,4.913552e+00,4.775341e+00,4.721272e+00,4.698156e+00,4.920880e+00,4.585325e+00,3.975185e+00,3.401660e+00,4.815313e+00,4.666850e+00,4.793227e+00,4.846329e+00,4.137177e+00,3.762649e+00,4.361063e+00,2.357080e+00,2.679172e+00,2.542752e+00,2.770095e+00,2.854075e+00,4.193767e+00,2.767702e+00,2.558770e+00,2.514606e+00,4.149946e+00,3.411247e+00,2.723099e+00,2.679723e+00,2.426780e+00,2.923537e+00,4.126799e+00,3.622612e+00,4.371575e+00,2.476314e+00,3.262036e+00,2.473748e+00,3.901250e+00,2.875892e+00,2.693561e+00,3.297069e+00,3.042858e+00,2.598148e+00,2.721928e+00,2.189817e+00,4.331275e+00,2.449240e+00,2.155784e+00,2.518923e+00,3.082345e+00,2.499890e+00,2.941632e+00,2.718268e+00,2.426699e+00,4.051278e+00,3.287769e+00,3.547981e+00,2.437926e+00,3.409104e+00,4.579188e+00,4.794517e+00,4.788373e+00,4.827300e+00,4.597004e+00,3.884361e+00,3.300166e+00,3.963090e+00,2.816605e+00,3.685007e+00,4.638091e+00,3.846506e+00,2.902711e+00,1.001222e+01,3.088962e+00,4.052564e+00,2.544947e+00,2.801309e+00,3.550810e+00,4.325256e+00,3.677496e+00,3.899920e+00,4.932510e+00,4.552382e+00,4.174301e+00,4.512309e+00,2.351296e+00,3.146586e+00,2.977262e+00,3.181005e+00,4.221691e+00,4.497132e+00,4.471884e+00,4.362895e+00,4.278872e+00,4.453257e+00,4.295168e+00,2.670451e+00,2.494404e+00,3.061655e+00,2.494303e+00,4.064726e+00,2.474038e+00,2.527814e+00,2.422337e+00,3.658836e+00,4.210261e+00,3.260039e+00,2.563948e+00,3.027734e+00,4.557242e+00,4.905635e+00,4.643607e+00,3.542917e+00,4.365446e+00,4.452403e+00,3.264057e+00,4.434955e+00,4.424359e+00,3.750754e+00,2.924384e+00,4.353808e+00,3.112660e+00,4.822494e+00,4.577084e+00,2.592079e+00,2.433166e+00,3.052292e+00,2.685694e+00,4.626271e+00,4.163067e+00,3.795080e+00,4.792969e+00,3.554957e+00,4.020952e+00,4.743322e+00,4.201049e+00,4.734385e+00,4.368180e+00,4.831777e+00,2.886999e+00,4.618833e+00,4.554354e+00,4.663828e+00,5.007780e+00,4.721854e+00,4.775399e+00,4.183091e+00,4.178618e+00,4.435006e+00,4.742360e+00,4.443480e+00,4.414520e+00,4.156695e+00,4.383883e+00,4.263867e+00,4.713666e+00,4.898922e+00,4.680160e+00,4.784561e+00,3.462264e+00,4.548386e+00,4.438453e+00,3.516631e+00,4.402911e+00,3.222273e+00,3.895786e+00,4.487215e+00,3.804172e+00,4.589072e+00,4.790951e+00,4.180989e+00,4.524278e+00,3.550727e+00,4.394903e+00,4.500877e+00,4.766738e+00,4.760439e+00,4.959324e+00,4.140725e+00,4.907424e+00,4.610713e+00,4.979074e+00,4.568500e+00,3.722718e+00,2.978439e+00,4.112558e+00,4.031228e+00,4.955035e+00,4.864219e+00,4.877760e+00,4.416982e+00,4.538628e+00,4.449569e+00,4.065823e+00,4.155147e+00,4.835880e+00,4.697193e+00,4.698669e+00,4.535314e+00,4.032239e+00,3.199627e+00,4.522696e+00,4.065309e+00,4.290471e+00,3.631284e+00,4.630068e+00,4.777883e+00,4.625477e+00,4.597120e+00,4.196265e+00,4.529801e+00
4.869662e+00,4.712354e+00,4.550223e+00,4.608363e+00,4.689831e+00,4.671359e+00,4.678890e+00,4.854477e+00,4.918151e+00,4.899629e+00,4.493264e+00,4.715643e+00,3.653280e+00,4.047579e+00,4.794838e+00,4.740313e+00,4.820216e+00,4.729418e+00,4.200010e+00,2.964012e+00,3.547317e+00,2.377852e+00,4.322376e+00,3.851868e+00,2.982618e+00,2.611173e+00,2.794544e+00,3.268908e+00,3.638048e+00,2.815435e+00,3.320347e+00,4.284645e+00,4.494116e+00,3.115204e+00,2.330120e+00,2.913866e+00,2.393934e+00,2.590470e+00,3.497756e+00,2.674629e+00,2.705850e+00,3.105399e+00,3.126786e+00,3.238993e+00,3.453758e+00,2.790617e+00,3.420404e+00,2.289175e+00,2.193950e+00,3.498925e+00,2.350503e+00,3.578551e+00,3.221137e+00,2.339251e+00,2.612398e+00,3.321914e+00,2.935783e+00,3.855424e+00,2.980583e+00,3.952782e+00,4.002784e+00,2.562165e+00,2.437432e+00,2.687655e+00,4.817324e+00,4.907176e+00,4.727182e+00,4.906504e+00,4.634730e+00,4.720801e+00,3.213153e+00,3.463348e+00,2.858388e+00,3.168304e+00,3.683231e+00,2.637356e+00,2.695178e+00,2.518912e+00,4.289083e+00,4.675747e+00,3.196265e+00,3.917602e+00,3.276408e+00,4.296988e+00,4.974941e+00,4.945056e+00,4.888335e+00,4.361955e+00,4.469718e+00,2.575306e+00,2.313750e+00,4.104615e+00,2.695146e+00,2.534031e+00,4.900317e+00,4.244932e+00,4.827504e+00,3.092665e+00,4.798801e+00,4.209484e+00,2.427137e+00,2.491537e+00,4.395905e+00,4.110380e+00,3.207468e+00,2.897752e+00,3.830551e+00,2.501886e+00,2.581527e+00,2.554609e+00,2.791287e+00,4.048464e+00,4.921353e+00,3.195209e+00,3.770539e+00,4.747155e+00,4.240783e+00,4.442474e+00,4.856216e+00,4.599958e+00,4.769376e+00,4.081753e+00,4.174880e+00,4.773738e+00,3.438397e+00,4.761198e+00,3.148971e+00,2.886474e+00,2.681181e+00,3.041973e+00,4.743080e+00,2.772096e+00,3.635493e+00,4.524138e+00,4.270032e+00,2.637004e+00,4.424034e+00,2.911059e+00,4.755247e+00,3.008441e+00,4.518085e+00,4.923551e+00,4.944376e+00,4.673059e+00,3.316936e+00,4.332536e+00,4.831487e+00,4.732757e+00,4.714522e+00,4.360084e+00,4.489701e+00,4.535388e+00,4.674099e+00,4.435150e+00,3.701294e+00,3.722444e+00,4.797121e+00,4.538187e+00,4.714138e+00,4.932044e+00,4.241292e+00,4.144877e+00,4.398040e+00,4.498485e+00,4.688972e+00,4.693658e+00,4.563114e+00,4.248597e+00,3.072699e+00,4.631891e+00,4.399434e+00,4.768722e+00,4.817039e+00,4.558049e+00,4.476274e+00,4.678406e+00,4.580579e+00,4.791457e+00,4.732522e+00,4.499370e+00,4.816770e+00,4.452871e+00,4.825459e+00,4.913360e+00,4.846563e+00,3.998914e+00,4.019071e+00,3.433644e+00,4.186443e+00,4.710471e+00,4.850012e+00,4.634707e+00,4.835753e+00,4.828963e+00,4.895964e+00,4.164288e+00,4.893403e+00,4.981787e+00,4.864233e+00,4.238766e+00,4.256142e+00,4.530293e+00,4.743050e+00,4.623916e+00,4.623734e+00,4.489040e+00,4.670063e+00,4.756572e+00,4.258351e+00,4.584063e+00,4.402960e+00,4.222972e+00,3.968956e+00,4.902713e+00,4.816115e+00
4.923178e+00,4.895722e+00,4.841641e+00,4.753157e+00,4.805321e+00,4.777277e+00,4.948694e+00,4.912706e+00,4.721779e+00,4.693355e+00,4.151306e+00,4.304378e+00,3.997860e+00,4.785058e+00,4.498606e+00,4.665219e+00,4.880187e+00,4.881057e+00,3.923805e+00,4.483751e+00,2.794226e+00,3.658818e+00,2.302945e+00,2.274677e+00,3.681150e+00,3.105777e+00,2.340113e+00,3.542822e+00,2.619288e+00,2.454898e+00,2.742223e+00,4.165032e+00,2.501801e+00,4.554358e+00,3.540110e+00,2.519834e+00,2.683318e+00,2.678168e+00,2.465657e+00,2.396005e+00,3.265965e+00,2.314877e+00,3.915248e+00,3.875036e+00,4.341635e+00,2.923650e+00,2.396682e+00,3.003157e+00,3.671111e+00,2.639529e+00,3.793392e+00,3.844521e+00,2.783308e+00,3.421908e+00,3.096801e+00,2.313154e+00,2.246743e+00,2.594771e+00,3.000344e+00,3.468890e+00,2.776620e+00,3.952344e+00,4.461911e+00,3.935305e+00,4.681253e+00,4.885694e+00,4.771139e+00,4.976275e+00,4.651947e+00,3.978850e+00,3.546161e+00,4.570571e+00,3.149413e+00,2.655196e+00,3.090806e+00,2.469038e+00,2.718887e+00,3.895743e+00,3.797539e+00,3.324753e+00,2.873396e+00,4.206706e+00,2.876875e+00,3.968660e+00,4.201776e+00,4.674327e+00,4.857070e+00,4.449547e+00,2.550342e+00,3.768050e+00,2.855866e+00,4.592861e+00,3.106694e+00,3.037134e+00,4.719498e+00,4.720114e+00,4.353627e+00,2.777260e+00,4.438631e+00,2.574791e+00,3.647710e+00,4.315063e+00,2.278641e+00,4.326708e+00,4.614825e+00,2.526596e+00,2.475859e+00,5.156305e+00,2.569640e+00,2.749338e+00,4.535299e+00,2.732332e+00,2.669701e+00,2.455592e+00,2.688181e+00,4.140377e+00,4.109912e+00,3.820084e+00,3.431865e+00,4.515228e+00,4.916971e+00,4.691339e+00,4.804952e+00,4.805623e+00,4.493859e+00,2.856133e+00,3.354040e+00,2.864976e+00,2.848872e+00,4.581623e+00,4.396356e+00,4.698530e+00,4.386419e+00,3.251877e+00,3.439456e+00,4.800217e+00,3.020356e+00,3.760416e+00,4.705615e+00,4.860871e+00,4.810231e+00,4.379548e+00,4.879770e+00,4.663655e+00,4.892486e+00,4.502022e+00,4.748096e+00,4.410770e+00,4.640286e+00,4.302107e+00,4.558948e+00,3.803555e+00,4.783726e+00,4.354783e+00,4.104805e+00,4.251575e+00,4.577116e+00,4.443955e+00,4.511141e+00,4.789432e+00,3.084780e+00,4.655935e+00,4.340795e+00,3.166080e+00,3.808128e+00,3.467106e+00,3.561680e+00,3.523654e+00,4.364620e+00,3.001776e+00,4.881595e+00,3.944164e+00,4.090558e+00,4.899033e+00,4.711073e+00,3.770973e+00,4.645326e+00,4.665691e+00,4.876044e+00,4.707270e+00,4.603113e+00,4.518689e+00,4.806399e+00,4.897995e+00,4.741291e+00,4.263813e+00,3.379419e+00,3.406268e+00,2.778257e+00,4.772514e+00,4.639118e+00,4.874671e+00,4.860560e+00,4.639878e+00,4.907807e+00,4.609063e+00,3.877948e+00,4.631569e+00,4.734506e+00,4.881012e+00,4.357093e+00,4.259624e+00,3.694148e+00,3.187574e+00,4.478926e+00,4.302924e+00,3.382446e+00,4.894001e+00,3.915575e+00,4.907062e+00,4.020835e+00,3.971082e+00,4.886690e+00,4.817724e+00,4.859386e+00
4.921327e+00,4.871741e+00,4.843272e+00,4.997168e+00,4.964424e+00,4.917166e+00,4.922872e+00,4.929558e+00,4.805302e+00,4.704652e+00,4.724442e+00,4.505019e+00,4.655650e+00,4.876870e+00,4.579110e+00,4.979276e+00,4.967330e+00,4.525929e+00,4.253939e+00,3.618619e+00,2.606225e+00,2.587334e+00,2.638373e+00,3.021641e+00,2.499481e+00,3.890976e+00,2.458978e+00,2.640653e+00,3.186603e+00,2.627672e+00,3.523983e+00,2.764168e+00,2.580022e+00,2.606884e+00,2.318250e+00,2.419386e+00,2.317344e+00,2.546197e+00,3.996749e+00,4.064627e+00,2.307152e+00,2.722150e+00,2.650774e+00,3.366473e+00,2.248799e+00,2.408524e+00,4.113532e+00,2.542016e+00,3.054832e+00,2.394237e+00,3.217524e+00,3.631959e+00,2.710359e+00,3.207956e+00,2.634168e+00,2.414171e+00,3.645999e+00,4.296961e+00,2.802118e+00,2.902916e+00,2.884537e+00,2.396713e+00,3.806356e+00,3.097900e+00,2.707723e+00,4.917409e+00,4.812694e+00,4.834563e+00,4.549502e+00,4.306416e+00,4.506658e+00,2.926830e+00,2.956412e+00,3.667607e+00,2.217337e+00,2.550947e+00,4.381135e+00,2.845478e+00,2.761344e+00,3.712679e+00,3.530008e+00,2.977145e+00,2.505872e+00,2.631743e+00,4.068983e+00,4.918481e+00,4.695033e+00,4.608861e+00,2.791399e+00,4.048962e+00,2.507659e+00,2.841376e+00,2.632978e+00,4.070340e+00,4.417449e+00,4.553819e+00,3.316544e+00,2.835003e+00,2.511645e+00,3.235884e+00,2.590819e+00,3.875052e+00,2.622896e+00,3.185599e+00,2.722304e+00,4.759746e+00,3.714090e+00,3.833909e+00,4.102936e+00,2.794288e+00,2.386436e+00,3.969739e+00,3.290637e+00,4.197570e+00,2.580387e+00,3.745447e+00,4.131600e+00,4.425173e+00,4.447721e+00,4.104142e+00,3.769772e+00,4.263264e+00,4.465397e+00,3.465382e+00,3.308520e+00,4.093934e+00,4.540222e+00,4.389317e+00,2.812118e+00,4.779204e+00,4.709132e+00,4.693938e+00,3.076044e+00,4.799760e+00,4.838400e+00,4.431935e+00,4.069098e+00,4.093007e+00,2.692442e+00,3.907850e+00,4.815943e+00,4.753003e+00,4.792505e+00,4.748110e+00,4.130044e+00,4.222897e+00,4.326346e+00,4.516732e+00,4.362804e+00,4.607855e+00,3.847367e+00,4.662413e+00,4.916987e+00,4.508590e+00,4.169802e+00,4.677411e+00,4.761161e+00,4.774337e+00,4.622862e+00,2.877582e+00,4.244211e+00,3.981843e+00,4.712215e+00,4.040289e+00,3.272291e+00,4.158352e+00,4.142371e+00,3.794334e+00,4.424897e+00,4.469739e+00,4.224335e+00,4.695617e+00,4.793238e+00,4.356228e+00,4.527257e+00,4.798070e+00,3.199218e+00,4.882829e+00,3.594201e+00,4.560429e+00,4.652736e+00,4.814220e+00,4.876235e+00,4.826188e+00,4.505232e+00,4.429766e+00,4.593472e+00,3.354429e+00,4.572918e+00,3.574669e+00,4.763508e+00,4.844731e+00,4.847344e+00,4.681742e+00,3.793512e+00,4.723656e+00,4.695132e+00,4.305995e+00,4.703409e+00,4.678344e+00,4.652323e+00,4.922905e+00,4.231129e+00,4.535781e+00,4.848246e+00,4.855942e+00,4.547087e+00,4.390169e+00,4.437455e+00,4.284167e+00,4.022160e+00,4.608966e+00,3.955150e+00,4.139764e+00,3.950760e+00
5.025872e+00,4.975840e+00,4.896815e+00,4.757889e+00,4.884686e+00,4.967347e+00,4.844017e+00,4.766198e+00,4.964307e+00,4.936792e+00,4.866655e+00,4.824589e+00,4.622022e+00,4.838916e+00,2.398774e+00,4.597112e+00,4.755463e+00,4.825533e+00,4.666589e+00,4.050294e+00,3.206724e+00,4.181503e+00,3.870185e+00,2.356090e+00,4.181237e+00,2.179858e+00,3.316260e+00,2.794906e+00,2.421508e+00,4.163269e+00,4.320242e+00,3.433922e+00,3.451104e+00,2.691101e+00,2.768120e+00,3.012848e+00,3.383625e+00,2.333779e+00,2.528147e+00,2.828703e+00,2.329347e+00,2.835554e+00,3.941080e+00,2.430018e+00,2.209282e+00,4.060172e+00,4.816016e+00,4.449662e+00,2.931371e+00,2.650860e+00,2.399051e+00,3.420193e+00,2.404279e+00,2.440749e+00,4.046611e+00,3.164078e+00,2.512188e+00,3.690182e+00,4.551892e+00,3.662415e+00,3.512206e+00,2.467519e+00,3.873002e+00,4.162937e+00,3.093934e+00,2.629189e+00,4.178392e+00,4.972669e+00,4.454738e+00,4.619634e+00,4.397547e+00,3.968671e+00,4.196454e+00,2.860184e+00,2.869685e+00,4.066486e+00,2.971520e+00,3.811098e+00,4.659513e+00,3.097702e+00,3.293278e+00,4.820581e+00,2.202123e+00,3.392858e+00,2.959295e+00,3.039904e+00,4.548203e+00,4.902005e+00,3.871664e+00,3.072688e+00,3.566608e+00,6.340176e+00,2.810467e+00,3.494969e+00,2.657691e+00,4.630788e+00,4.706062e+00,4.397393e+00,3.004829e+00,2.462594e+00,2.641195e+00,4.424752e+00,3.340145e+00,2.706396e+00,4.450343e+00,3.146995e+00,4.559177e+00,3.017002e+00,2.572162e+00,2.960544e+00,3.698246e+00,3.868204e+00,4.517597e+00,4.611504e+00,4.550041e+00,4.665366e+00,3.474280e+00,2.469624e+00,4.679003e+00,3.769365e+00,3.818849e+00,4.514550e+00,4.546357e+00,2.545284e+00,4.105661e+00,4.736306e+00,4.438185e+00,3.284328e+00,4.347455e+00,3.785147e+00,4.671900e+00,4.585932e+00,4.640789e+00,3.356902e+00,4.910170e+00,3.571175e+00,4.467351e+00,3.625352e+00,4.153976e+00,4.831294e+00,4.329158e+00,3.593973e+00,4.496119e+00,4.700695e+00,3.377005e+00,4.075321e+00,3.673062e+00,4.628426e+00,4.801358e+00,2.617408e+00,2.308231e+00,3.748060e+00,4.332222e+00,4.130127e+00,4.808402e+00,4.000640e+00,2.900999e+00,4.782853e+00,3.645989e+00,4.819066e+00,3.906794e+00,3.694754e+00,3.978879e+00,4.295359e+00,4.545976e+00,4.410242e+00,4.889922e+00,3.011217e+00,4.690001e+00,4.802117e+00,3.178611e+00,2.934323e+00,4.279153e+00,4.470079e+00,4.285403e+00,4.637343e+00,4.120580e+00,3.320777e+00,4.713179e+00,4.415413e+00,4.807554e+00,4.682945e+00,4.890462e+00,4.762386e+00,4.397267e+00,4.478057e+00,4.219077e+00,3.551872e+00,4.450030e+00,4.587207e+00,4.954124e+00,4.767342e+00,5.015701e+00,4.720977e+00,4.932212e+00,4.985027e+00,4.642835e+00,4.444863e+00,3.607519e+00,4.377869e+00,4.607762e+00,4.828673e+00,4.983869e+00,4.820246e+00,4.164667e+00,4.268576e+00,4.551429e+00,4.709585e+00,4.654238e+00,3.958070e+00,3.905771e+00,4.443443e+00,4.923996e+00,4.642002e+00,4.785722e+00
4.833004e+00,4.848566e+00,4.881443e+00,4.787457e+00,4.918988e+00,4.867869e+00,4.689549e+00,4.716287e+00,4.792965e+00,4.722184e+00,4.528505e+00,4.417610e+00,4.542868e+00,4.441881e+00,4.480207e+00,3.873780e+00,4.627391e+00,4.828740e+00,4.746711e+00,4.491624e+00,4.592304e+00,2.672931e+00,3.217979e+00,2.760672e+00,2.508673e+00,3.308326e+00,2.502966e+00,2.500782e+00,2.414761e+00,2.304841e+00,2.573258e+00,2.722655e+00,3.652725e+00,2.637058e+00,4.234572e+00,2.646915e+00,2.846158e+00,2.473807e+00,4.757245e+00,4.177338e+00,3.013018e+00,4.049071e+00,3.883071e+00,2.478663e+00,2.747787e+00,4.048354e+00,2.810363e+00,2.864125e+00,2.996679e+00,2.644995e+00,4.132093e+00,2.573947e+00,4.160295e+00,2.748036e+00,4.455765e+00,3.145298e+00,2.269496e+00,2.507324e+00,2.456355e+00,3.574052e+00,3.235085e+00,3.566317e+00,3.222529e+00,2.149491e+00,2.227936e+00,4.233543e+00,4.234228e+00,4.983091e+00,5.003441e+00,3.886487e+00,4.572886e+00,3.572846e+00,4.673705e+00,4.055061e+00,2.915784e+00,4.596604e+00,3.927668e+00,4.590917e+00,4.185951e+00,4.096799e+00,3.931071e+00,4.598742e+00,2.677639e+00,2.913406e+00,3.080699e+00,4.611754e+00,4.933641e+00,4.532633e+00,4.512993e+00,2.483347e+00,2.420028e+00,2.992365e+00,3.083546e+00,4.597436e+00,2.232331e+00,4.432160e+00,4.596098e+00,3.047590e+00,4.839490e+00,3.408811e+00,2.659350e+00,4.165914e+00,4.456339e+00,9.571540e+00,2.871343e+00,4.679385e+00,2.444885e+00,2.434221e+00,3.450089e+00,2.716528e+00,2.939683e+00,3.977261e+00,2.546531e+00,3.717775e+00,2.420655e+00,4.030942e+00,2.678641e+00,2.430769e+00,3.724272e+00,3.473415e+00,4.581489e+00,3.383900e+00,4.600026e+00,3.222953e+00,4.352302e+00,4.656710e+00,4.231094e+00,3.600289e+00,2.591630e+00,4.744201e+00,3.788817e+00,3.438314e+00,4.621846e+00,4.622095e+00,3.638845e+00,3.970670e+00,4.368742e+00,4.579463e+00,4.692625e+00,4.581435e+00,4.186480e+00,4.913021e+00,4.678050e+00,4.773469e+00,4.362943e+00,4.746106e+00,4.630363e+00,4.086036e+00,4.649716e+00,4.300878e+00,4.636195e+00,3.841343e+00,4.538976e+00,4.638898e+00,3.222175e+00,4.683525e+00,4.616061e+00,4.650713e+00,4.960984e+00,4.657123e+00,4.759218e+00,4.513700e+00,4.634343e+00,3.504412e+00,4.159911e+00,4.560363e+00,4.410616e+00,3.973697e+00,4.746444e+00,4.014975e+00,4.362582e+00,3.526602e+00,4.675044e+00,4.489291e+00,4.350778e+00,4.400606e+00,4.562790e+00,4.615530e+00,4.759299e+00,4.488747e+00,4.928087e+00,4.960943e+00,4.613229e+00,4.048216e+00,4.733586e+00,4.650598e+00,4.171503e+00,4.733385e+00,4.095551e+00,4.677163e+00,4.943279e+00,4.911959e+00,4.586048e+00,4.660947e+00,4.803271e+00,3.628619e+00,4.936145e+00,4.706141e+00,4.962664e+00,4.983326e+00,4.072252e+00,4.813766e+00,3.218332e+00,4.756361e+00,4.324518e+00,4.360076e+00,4.602852e+00,4.968996e+00,4.638641e+00,4.573555e+00,4.713629e+00,3.904116e+00,4.802447e+00,4.715862e+00,4.649981e+00
4.897586e+00,4.818063e+00,4.870059e+00,4.754318e+00,4.845880e+00,4.916542e+00,4.866273e+00,4.859240e+00,4.900361e+00,4.750661e+00,4.910473e+00,4.426584e+00,4.587761e+00,4.637252e+00,4.555871e+00,4.681885e+00,4.839733e+00,4.807576e+00,4.726492e+00,4.638902e+00,3.863055e+00,3.196116e+00,4.198109e+00,2.738456e+00,2.830244e+00,2.460758e+00,2.365223e+00,2.413379e+00,2.341421e+00,2.619140e+00,2.488143e+00,2.437740e+00,4.004604e+00,4.071606e+00,4.512267e+00,3.762377e+00,2.682053e+00,2.648101e+00,4.073457e+00,2.631994e+00,2.363139e+00,1.808513e+00,3.118643e+00,2.676676e+00,2.287655e+00,3.214713e+00,2.992398e+00,4.135406e+00,4.068746e+00,2.489996e+00,2.417107e+00,2.473471e+00,2.637394e+00,2.394731e+00,2.764480e+00,2.539809e+00,2.486101e+00,2.357870e+00,4.247067e+00,2.461384e+00,2.281646e+00,3.059952e+00,2.970263e+00,2.513548e+00,2.327534e+00,2.689418e+00,2.181422e+00,4.426769e+00,4.832883e+00,4.356135e+00,4.791576e+00,4.722605e+00,4.237680e+00,4.256216e+00,4.316740e+00,3.145893e+00,4.670249e+00,4.483068e+00,4.723109e+00,4.768721e+00,4.884953e+00,4.248864e+00,4.002288e+00,3.027943e+00,4.589726e+00,4.176037e+00,4.813888e+00,4.625137e+00,4.756782e+00,4.828153e+00,4.693202e+00,4.597854e+00,4.395732e+00,4.525441e+00,4.866430e+00,4.967654e+00,4.639335e+00,4.247587e+00,3.488459e+00,3.231695e+00,2.699268e+00,2.493374e+00,4.016279e+00,4.701044e+00,4.593557e+00,5.215563e+00,2.956836e+00,3.799862e+00,4.492414e+00,4.593756e+00,4.762003e+00,3.923022e+00,3.402237e+00,2.915229e+00,4.680053e+00,4.601870e+00,4.690170e+00,4.622749e+00,2.833953e+00,4.581326e+00,2.946976e+00,4.214261e+00,4.920157e+00,4.641201e+00,4.390782e+00,4.781764e+00,4.642098e+00,4.782880e+00,4.717767e+00,3.056352e+00,3.576441e+00,3.883233e+00,4.519481e+00,4.378433e+00,4.240710e+00,4.060555e+00,3.818647e+00,4.923811e+00,4.719962e+00,4.721356e+00,4.434185e+00,4.507854e+00,4.749917e+00,4.577607e+00,4.421740e+00,4.641121e+00,4.850632e+00,4.659515e+00,4.732130e+00,2.773507e+00,4.021729e+00,4.277449e+00,2.928693e+00,4.125460e+00,4.689823e+00,4.545773e+00,4.415666e+00,3.096381e+00,4.856954e+00,4.244013e+00,4.284242e+00,3.699003e+00,4.380871e+00,4.358217e+00,4.509365e+00,4.877369e+00,3.516713e+00,4.609087e+00,4.594738e+00,4.133608e+00,4.602783e+00,4.349080e+00,3.935688e+00,4.707992e+00,4.773377e+00,4.893405e+00,4.678767e+00,4.667755e+00,3.763258e+00,4.657144e+00,4.821693e+00,4.433756e+00,4.976959e+00,4.620627e+00,3.943809e+00,4.149066e+00,3.213104e+00,4.199715e+00,4.869081e+00,5.041582e+00,4.645943e+00,4.765872e+00,4.559906e+00,4.596762e+00,4.793251e+00,4.540064e+00,4.618644e+00,3.760385e+00,2.893541e+00,4.633366e+00,4.891627e+00,4.854597e+00,4.894664e+00,2.847404e+00,4.971662e+00,4.738250e+00,4.660560e+00,4.209475e+00,4.707276e+00,3.555170e+00,4.554346e+00,3.944854e+00,2.643636e+00,4.809987e+00,4.999961e+00
4.786655e+00,4.840875e+00,4.959833e+00,4.760956e+00,4.700716e+00,4.909959e+00,4.941694e+00,4.760304e+00,4.800594e+00,4.853135e+00,4.924137e+00,4.620173e+00,4.302950e+00,3.974510e+00,3.129230e+00,4.788791e+00,4.802505e+00,4.931050e+00,4.754673e+00,4.891041e+00,4.520255e+00,3.820619e+00,2.402783e+00,2.636429e+00,2.725916e+00,2.205015e+00,2.814154e+00,2.576554e+00,4.073809e+00,3.611021e+00,3.147729e+00,2.336690e+00,2.334602e+00,2.690873e+00,2.296486e+00,3.562055e+00,4.284638e+00,4.312892e+00,2.887294e+00,2.816259e+00,2.483209e+00,2.661899e+00,3.857868e+00,3.951236e+00,4.366475e+00,2.390818e+00,4.095292e+00,4.622568e+00,2.736125e+00,4.407129e+00,2.620474e+00,3.382254e+00,2.593901e+00,2.599440e+00,3.357527e+00,3.638824e+00,2.876838e+00,2.844072e+00,4.567700e+00,2.528955e+00,2.179138e+00,2.899948e+00,2.971049e+00,2.192742e+00,2.399953e+00,3.062079e+00,3.867325e+00,3.714689e+00,3.607071e+00,4.666560e+00,4.596606e+00,4.764869e+00,5.061304e+00,4.859986e+00,4.679256e+00,4.711120e+00,3.462588e+00,4.458456e+00,3.997758e+00,4.442188e+00,4.824159e+00,4.632430e+00,4.224811e+00,2.936244e+00,3.992468e+00,3.491185e+00,4.954634e+00,4.736756e+00,4.813540e+00,4.834985e+00,4.923162e+00,4.328691e+00,3.335729e+00,4.364746e+00,4.816129e+00,4.765450e+00,4.453303e+00,3.770469e+00,4.440728e+00,4.653284e+00,3.907693e+00,3.676174e+00,4.655618e+00,4.441180e+00,2.808116e+00,3.094766e+00,4.428505e+00,4.332633e+00,4.187322e+00,4.772586e+00,3.835598e+00,2.563892e+00,4.068791e+00,3.349196e+00,3.674295e+00,4.186566e+00,4.499672e+00,3.271617e+00,3.500764e+00,4.488714e+00,4.549390e+00,4.505794e+00,3.585674e+00,4.267806e+00,4.382758e+00,3.565837e+00,4.565476e+00,3.684490e+00,3.437490e+00,3.994287e+00,4.446967e+00,3.094437e+00,4.345930e+00,4.765599e+00,4.686678e+00,4.790533e+00,4.409370e+00,4.664529e+00,4.349511e+00,4.576868e+00,4.293082e+00,4.383312e+00,4.409294e+00,4.178400e+00,4.277896e+00,4.521613e+00,4.818476e+00,3.330865e+00,4.432315e+00,3.807271e+00,4.759994e+00,4.631631e+00,3.216547e+00,4.128395e+00,4.881364e+00,4.655908e+00,2.638137e+00,4.882453e+00,3.551377e+00,4.542801e+00,3.987742e+00,4.500787e+00,4.918186e+00,3.970211e+00,4.575016e+00,2.467615e+00,4.217877e+00,3.292861e+00,3.426150e+00,4.489221e+00,4.648855e+00,4.165452e+00,4.673620e+00,4.650423e+00,4.425351e+00,4.826625e+00,4.586681e+00,4.849076e+00,4.610413e+00,4.836072e+00,4.980510e+00,4.799987e+00,4.806002e+00,4.571155e+00,2.765336e+00,3.032252e+00,3.857514e+00,4.888723e+00,4.913123e+00,4.722721e+00,4.780071e+00,4.267593e+00,4.722046e+00,4.524530e+00,3.189592e+00,4.773465e+00,4.749856e+00,4.753649e+00,4.908038e+00,4.543994e+00,4.377283e+00,4.438658e+00,4.983365e+00,4.402117e+00,3.504961e+00,4.700912e+00,4.874000e+00,4.764582e+00,4.160522e+00,4.683546e+00,4.224339e+00,4.618127e+00,4.418201e+00,4.855017e+00,4.870646e+00
4.659969e+00,4.663912e+00,4.542395e+00,4.917357e+00,4.867188e+00,4.727973e+00,4.878365e+00,4.618809e+00,4.919928e+00,4.810182e+00,4.965330e+00,4.962588e+00,5.056105e+00,4.620323e+00,4.614434e+00,3.288373e+00,4.316542e+00,4.803964e+00,4.885669e+00,4.964268e+00,4.839436e+00,4.070220e+00,2.614097e+00,2.391581e+00,2.617392e+00,2.621123e+00,2.989498e+00,3.130698e+00,2.901625e+00,2.862074e+00,2.624515e+00,2.740683e+00,2.492367e+00,2.471072e+00,2.489783e+00,2.817332e+00,2.918812e+00,2.511902e+00,2.448641e+00,3.246009e+00,4.139518e+00,2.701856e+00,3.101365e+00,3.523574e+00,2.552887e+00,2.510852e+00,2.516982e+00,3.409204e+00,2.922361e+00,3.176918e+00,2.438846e+00,4.344905e+00,2.577226e+00,4.575044e+00,2.567821e+00,2.302064e+00,3.579883e+00,4.304055e+00,2.799092e+00,2.724513e+00,3.400367e+00,3.373988e+00,3.047850e+00,2.803027e+00,2.363590e+00,2.769243e+00,4.312925e+00,2.753718e+00,3.052644e+00,2.530034e+00,2.657332e+00,2.557108e+00,2.685781e+00,3.462087e+00,2.563407e+00,2.917595e+00,2.996889e+00,4.127634e+00,4.524729e+00,3.354298e+00,3.582595e+00,4.722628e+00,4.917631e+00,4.697335e+00,3.753088e+00,2.942093e+00,2.989244e+00,4.426974e+00,3.452469e+00,2.856889e+00,2.681477e+00,2.557818e+00,4.692485e+00,4.614090e+00,2.488604e+00,4.125999e+00,4.889053e+00,4.878765e+00,4.777123e+00,4.634238e+00,3.472484e+00,4.493289e+00,4.276974e+00,3.534196e+00,2.391732e+00,4.592100e+00,2.937190e+00,4.063022e+00,4.796132e+00,2.785827e+00,4.283793e+00,3.844456e+00,4.434944e+00,2.993190e+00,4.058137e+00,4.490196e+00,4.442750e+00,4.015527e+00,4.600894e+00,3.841183e+00,4.541843e+00,4.826479e+00,4.471488e+00,4.447887e+00,4.814395e+00,4.484704e+00,4.491403e+00,4.827940e+00,4.792691e+00,3.950988e+00,4.482922e+00,3.622368e+00,4.596349e+00,4.059405e+00,4.132726e+00,4.609468e+00,4.843865e+00,4.519159e+00,4.440407e+00,4.857925e+00,4.689067e+00,4.515946e+00,4.290089e+00,4.666299e+00,4.849265e+00,4.654072e+00,4.539154e+00,4.227064e+00,4.825168e+00,4.875029e+00,4.448270e+00,3.350192e+00,4.404433e+00,4.466275e+00,4.868901e+00,4.072275e+00,4.868471e+00,2.464909e+00,4.460617e+00,4.270813e+00,4.814784e+00,4.617306e+00,3.189095e+00,4.354610e+00,3.944965e+00,3.156425e+00,4.764026e+00,3.979923e+00,4.258871e+00,4.686398e+00,4.868738e+00,4.769581e+00,4.659854e+00,4.718943e+00,4.378705e+00,4.113075e+00,4.719542e+00,4.748387e+00,4.666002e+00,4.711392e+00,4.908128e+00,4.698098e+00,4.383980e+00,4.547200e+00,3.154084e+00,2.703438e+00,4.603902e+00,4.820760e+00,4.864356e+00,4.779320e+00,4.380612e+00,4.331453e+00,4.669550e+00,4.303201e+00,4.661255e+00,4.899040e+00,4.372088e+00,4.613550e+00,4.576938e+00,4.663368e+00,4.670618e+00,4.731216e+00,4.135328e+00,4.400764e+00,4.887026e+00,4.576138e+00,5.033569e+00,4.909279e+00,4.240867e+00,4.240963e+00,3.910230e+00,4.802647e+00,4.855401e+00,3.226714e+00,4.796138e+00
4.234071e+00,4.928134e+00,4.754197e+00,4.884411e+00,4.645303e+00,4.780619e+00,4.768187e+00,4.698985e+00,4.927364e+00,4.763526e+00,4.814587e+00,4.902046e+00,4.865082e+00,4.762060e+00,4.321493e+00,4.311512e+00,4.518446e+00,4.780625e+00,4.777540e+00,4.792213e+00,4.632750e+00,4.490813e+00,3.758512e+00,2.804865e+00,3.428342e+00,3.040411e+00,3.802697e+00,2.579154e+00,2.537954e+00,4.122059e+00,2.338412e+00,3.365667e+00,3.304901e+00,2.848689e+00,2.480232e+00,2.996143e+00,2.902843e+00,2.538915e+00,2.151416e+00,2.424439e+00,2.080466e+00,2.562134e+00,3.400468e+00,2.197301e+00,2.518990e+00,2.569726e+00,3.568486e+00,2.619917e+00,3.612174e+00,2.476066e+00,3.914484e+00,2.371378e+00,2.921863e+00,4.520985e+00,4.673115e+00,2.862564e+00,4.365304e+00,2.578444e+00,4.612745e+00,3.868867e+00,2.388770e+00,2.321416e+00,2.412885e+00,2.284900e+00,2.427876e+00,3.846262e+00,2.649633e+00,4.281337e+00,3.791867e+00,2.637063e+00,2.697663e+00,2.695752e+00,4.684002e+00,4.032240e+00,2.934298e+00,2.706181e+00,2.324323e+00,2.870001e+00,2.774845e+00,2.651218e+00,2.514625e+00,2.799824e+00,3.182161e+00,3.695761e+00,2.670575e+00,3.751715e+00,2.755681e+00,4.254805e+00,3.472557e+00,2.772039e+00,3.689446e+00,2.920091e+00,2.623891e+00,4.550357e+00,4.757017e+00,4.401250e+00,4.953699e+00,4.333484e+00,4.715908e+00,5.015402e+00,4.907207e+00,3.822883e+00,2.141254e+00,2.945814e+00,3.631768e+00,3.143437e+00,3.428302e+00,4.418212e+00,3.900151e+00,4.445879e+00,4.629111e+00,4.498395e+00,4.111997e+00,3.490096e+00,4.734199e+00,4.376534e+00,3.566297e+00,4.652223e+00,4.719340e+00,4.291085e+00,4.260317e+00,4.365890e+00,4.551352e+00,4.768025e+00,4.225839e+00,4.711848e+00,4.368274e+00,4.675069e+00,3.619503e+00,4.652161e+00,4.337705e+00,4.768759e+00,2.616081e+00,4.396014e+00,4.577717e+00,4.675293e+00,4.519720e+00,4.213779e+00,4.661204e+00,4.639313e+00,4.625143e+00,4.695897e+00,4.493331e+00,4.114935e+00,4.462426e+00,4.800969e+00,2.972008e+00,4.118301e+00,3.626101e+00,4.380942e+00,4.672031e+00,4.181275e+00,4.129054e+00,5.038683e+00,4.495502e+00,4.227724e+00,2.731770e+00,4.265201e+00,4.384015e+00,3.690971e+00,4.673123e+00,4.289930e+00,3.214738e+00,4.659138e+00,4.747234e+00,4.793040e+00,4.570990e+00,2.559138e+00,4.762062e+00,3.714183e+00,4.658029e+00,4.224421e+00,4.334140e+00,4.498956e+00,4.675576e+00,4.795855e+00,4.458035e+00,4.091213e+00,4.317443e+00,4.717860e+00,4.868754e+00,4.891718e+00,3.690181e+00,4.115047e+00,3.865910e+00,3.419084e+00,3.617771e+00,4.723803e+00,4.806668e+00,4.670431e+00,4.563566e+00,4.483119e+00,4.598090e+00,4.987357e+00,4.763414e+00,2.716782e+00,4.474014e+00,3.619571e+00,4.614146e+00,4.801466e+00,3.318156e+00,4.596621e+00,4.913733e+00,4.326919e+00,4.917306e+00,4.803296e+00,4.402254e+00,3.755203e+00,4.620077e+00,4.715496e+00,4.916878e+00,4.877459e+00,4.346067e+00,4.538899e+00,4.102131e+00
5.012120e+00,4.652140e+00,4.854580e+00,4.936489e+00,4.842215e+00,4.898693e+00,4.851066e+00,4.924016e+00,4.946603e+00,4.600196e+00,4.905415e+00,4.476185e+00,4.796147e+00,4.704076e+00,4.667367e+00,4.762161e+00,3.896959e+00,4.488908e+00,4.795373e+00,4.696847e+00,4.995793e+00,4.842270e+00,4.018108e+00,3.789121e+00,2.409359e+00,2.659558e+00,4.036235e+00,2.394916e+00,2.402143e+00,2.703677e+00,2.354686e+00,4.174864e+00,4.666155e+00,2.858114e+00,2.500394e+00,2.529267e+00,2.054205e+00,2.794050e+00,2.469735e+00,4.074634e+00,2.484853e+00,2.593195e+00,3.140370e+00,2.907350e+00,2.450473e+00,2.727526e+00,4.175864e+00,2.881705e+00,2.368523e+00,2.346044e+00,2.904982e+00,2.167356e+00,3.158774e+00,2.265536e+00,2.526515e+00,2.409526e+00,2.446519e+00,2.339943e+00,4.233981e+00,4.507079e+00,3.452466e+00,3.042751e+00,3.769625e+00,2.714306e+00,4.073580e+00,2.857493e+00,2.847927e+00,3.449313e+00,3.258860e+00,3.859439e+00,2.713266e+00,4.126994e+00,3.131315e+00,2.882486e+00,3.467525e+00,3.412156e+00,2.360003e+00,2.632310e+00,2.618033e+00,2.485705e+00,4.741614e+00,2.376688e+00,2.781007e+00,4.046839e+00,2.548851e+00,4.182246e+00,2.534207e+00,3.916705e+00,2.421926e+00,2.591619e+00,2.668443e+00,3.826035e+00,3.511737e+00,4.632868e+00,4.553192e+00,3.224144e+00,2.289902e+00,3.333764e+00,2.476939e+00,2.766857e+00,2.952319e+00,3.827643e+00,4.909255e+00,3.584699e+00,2.976832e+00,4.697423e+00,4.486027e+00,4.549461e+00,4.454436e+00,4.450260e+00,4.365885e+00,4.537092e+00,4.732138e+00,4.731585e+00,4.405294e+00,4.586781e+00,2.852666e+00,4.371193e+00,3.701693e+00,4.353217e+00,4.386388e+00,4.289415e+00,4.675600e+00,4.833534e+00,4.548619e+00,3.434592e+00,4.541219e+00,4.397146e+00,2.764725e+00,4.486798e+00,4.621833e+00,4.916848e+00,4.846523e+00,3.089860e+00,4.367044e+00,4.402744e+00,4.786665e+00,4.641744e+00,3.619255e+00,4.610195e+00,4.647109e+00,4.354191e+00,4.342197e+00,3.355303e+00,4.176112e+00,4.562175e+00,3.827008e+00,4.021409e+00,4.771534e+00,4.689211e+00,4.452551e+00,4.720561e+00,4.863121e+00,4.538339e+00,4.844051e+00,4.583994e+00,4.466323e+00,3.170298e+00,3.737301e+00,4.493048e+00,4.902536e+00,4.426926e+00,4.096957e+00,3.919377e+00,4.757720e+00,4.503667e+00,4.561985e+00,4.681599e+00,4.458231e+00,4.665510e+00,4.822097e+00,4.768488e+00,3.500757e+00,4.508706e+00,4.320956e+00,4.716910e+00,4.672326e+00,4.737916e+00,4.839613e+00,4.797410e+00,4.875575e+00,3.756496e+00,4.998163e+00,3.917856e+00,2.796987e+00,4.438621e+00,4.774346e+00,4.977111e+00,4.837463e+00,4.633437e+00,4.868549e+00,4.929578e+00,4.788816e+00,4.588841e+00,5.010602e+00,4.228045e+00,4.745400e+00,4.846774e+00,4.034710e+00,4.843390e+00,4.587637e+00,4.403230e+00,3.680762e+00,4.580597e+00,4.812795e+00,4.891576e+00,4.917445e+00,4.622127e+00,4.851812e+00,5.008454e+00,3.906924e+00,3.305869e+00,4.640113e+00,4.473643e+00,4.816105e+00
4.794832e+00,4.874024e+00,4.818368e+00,4.793692e+00,4.783378e+00,4.924572e+00,4.828480e+00,4.848480e+00,4.692120e+00,4.489379e+00,4.814994e+00,4.835601e+00,4.748360e+00,4.939316e+00,4.176511e+00,3.940893e+00,4.809911e+00,3.464201e+00,4.930385e+00,4.903797e+00,4.870171e+00,4.780852e+00,4.480594e+00,2.615344e+00,2.519801e+00,2.842302e+00,3.056910e+00,2.679835e+00,3.501728e+00,3.150966e+00,2.608765e+00,2.134534e+00,2.714253e+00,2.168772e+00,3.355122e+00,2.358816e+00,3.211185e+00,4.292792e+00,2.813251e+00,2.480334e+00,3.348080e+00,3.794043e+00,2.928453e+00,2.607641e+00,2.419166e+00,3.564560e+00,2.181455e+00,2.386440e+00,2.924341e+00,3.880481e+00,2.724536e+00,4.038741e+00,2.688037e+00,2.422669e+00,2.776989e+00,4.126727e+00,2.765798e+00,2.637079e+00,2.684358e+00,2.319905e+00,2.508074e+00,2.659424e+00,2.337440e+00,3.958892e+00,3.579055e+00,2.768549e+00,4.562128e+00,4.284274e+00,2.697299e+00,2.376321e+00,4.160281e+00,3.337452e+00,2.826189e+00,2.672938e+00,2.577665e+00,2.982221e+00,2.415664e+00,4.328544e+00,3.973624e+00,4.306901e+00,2.969795e+00,4.167468e+00,3.221292e+00,3.623723e+00,2.198733e+00,2.588132e+00,4.012978e+00,2.676626e+00,3.276155e+00,3.220821e+00,2.989689e+00,4.086580e+00,3.979161e+00,4.345824e+00,4.173624e+00,2.749988e+00,3.448343e+00,2.773504e+00,4.007971e+00,4.111052e+00,3.152028e+00,4.282841e+00,3.972226e+00,3.178155e+00,4.363191e+00,4.566771e+00,4.715884e+00,4.035739e+00,2.893714e+00,4.198008e+00,4.901597e+00,4.753615e+00,4.429987e+00,4.704558e+00,4.161637e+00,2.378961e+00,4.054534e+00,4.467168e+00,4.104165e+00,4.898506e+00,4.606291e+00,3.897521e+00,4.563365e+00,4.773134e+00,4.174537e+00,4.680035e+00,3.906959e+00,4.709806e+00,4.561136e+00,4.212769e+00,4.821054e+00,4.401990e+00,3.170646e+00,4.580900e+00,4.145029e+00,4.680642e+00,4.842382e+00,4.192751e+00,4.511002e+00,2.686686e+00,3.714416e+00,4.753114e+00,3.417727e+00,4.376015e+00,4.543796e+00,3.531187e+00,4.551406e+00,3.857520e+00,3.744149e+00,4.446301e+00,3.460489e+00,4.831858e+00,4.362134e+00,4.584709e+00,4.640573e+00,3.633937e+00,2.635179e+00,3.968493e+00,2.529422e+00,4.565312e+00,3.445653e+00,3.966308e+00,4.159486e+00,4.453970e+00,4.134304e+00,4.681204e+00,4.467364e+00,4.816701e+00,4.605279e+00,4.624139e+00,4.552382e+00,4.547383e+00,4.776111e+00,4.274861e+00,4.555263e+00,4.797884e+00,4.585020e+00,4.769914e+00,4.961919e+00,4.609893e+00,4.017363e+00,4.585611e+00,4.253578e+00,3.356186e+00,4.910272e+00,4.637634e+00,4.892602e+00,4.367506e+00,4.927214e+00,4.427339e+00,4.106558e+00,4.805295e+00,3.737639e+00,3.773295e+00,3.911614e+00,4.712752e+00,4.796655e+00,4.599732e+00,4.595261e+00,4.750645e+00,4.921076e+00,4.988631e+00,4.334299e+00,4.778115e+00,4.475361e+00,4.638538e+00,4.641105e+00,4.924032e+00,4.665294e+00,4.315888e+00,4.461921e+00,4.741935e+00,4.957133e+00,4.899248e+00,4.874370e+00
4.581733e+00,4.795569e+00,4.738902e+00,4.750743e+00,4.649564e+00,4.536436e+00,4.508076e+00,4.942929e+00,4.749634e+00,4.125297e+00,4.826235e+00,4.886905e+00,4.954441e+00,4.899675e+00,4.712348e+00,4.744148e+00,4.786866e+00,4.573904e+00,4.509828e+00,4.833192e+00,4.830138e+00,4.955268e+00,4.456535e+00,4.041015e+00,4.494759e+00,4.004383e+00,2.531040e+00,2.535467e+00,2.467445e+00,2.573352e+00,4.259990e+00,2.157317e+00,2.189219e+00,2.511719e+00,2.761216e+00,3.394346e+00,2.617758e+00,2.528038e+00,2.524685e+00,2.309187e+00,3.930147e+00,2.668360e+00,2.581979e+00,4.225245e+00,2.449914e+00,3.097339e+00,2.621844e+00,4.517796e+00,2.669519e+00,2.834773e+00,2.692716e+00,3.191623e+00,2.339385e+00,2.554795e+00,2.523465e+00,3.527117e+00,4.025584e+00,3.738347e+00,2.410951e+00,2.729544e+00,2.303541e+00,2.199779e+00,2.718174e+00,4.156688e+00,2.478047e+00,2.602887e+00,3.355449e+00,3.771246e+00,3.556082e+00,2.438383e+00,2.413003e+00,2.730465e+00,3.323021e+00,2.991400e+00,3.135911e+00,2.682259e+00,2.506002e+00,2.432695e+00,2.996718e+00,2.943947e+00,4.611504e+00,2.466247e+00,3.931199e+00,3.800761e+00,2.834575e+00,2.656547e+00,2.977271e+00,2.797043e+00,4.591000e+00,4.122289e+00,4.086695e+00,2.311351e+00,3.080802e+00,2.575297e+00,4.611003e+00,3.770601e+00,4.721746e+00,4.255162e+00,2.622759e+00,3.866084e+00,2.560724e+00,4.410009e+00,4.532048e+00,3.136434e+00,4.350107e+00,4.905243e+00,3.939678e+00,4.050732e+00,3.503613e+00,3.711160e+00,4.455546e+00,3.726832e+00,2.649163e+00,4.425943e+00,2.651449e+00,4.121205e+00,4.105190e+00,4.679660e+00,4.335624e+00,3.569235e+00,2.933437e+00,4.282422e+00,3.789324e+00,4.305488e+00,4.006153e+00,4.788390e+00,4.837911e+00,2.608808e+00,4.482307e+00,4.679606e+00,4.284138e+00,4.816152e+00,4.270162e+00,4.663126e+00,4.689507e+00,4.579259e+00,4.525986e+00,3.484840e+00,4.470173e+00,4.860003e+00,4.647341e+00,3.674831e+00,4.420269e+00,3.702633e+00,4.032214e+00,3.298805e+00,4.832070e+00,4.104264e+00,4.484593e+00,4.085310e+00,4.943194e+00,4.861482e+00,3.940777e+00,4.502020e+00,4.767714e+00,4.375858e+00,2.366786e+00,4.346110e+00,4.777688e+00,3.453613e+00,3.781867e+00,4.386622e+00,4.746051e+00,4.599805e+00,4.423950e+00,4.642893e+00,4.679023e+00,4.717298e+00,4.771595e+00,4.299929e+00,4.541949e+00,4.792593e+00,4.851081e+00,4.310994e+00,4.729710e+00,4.300080e+00,4.778394e+00,4.543434e+00,4.996484e+00,5.025802e+00,3.957088e+00,3.221222e+00,4.285919e+00,2.507186e+00,4.575091e+00,4.274492e+00,4.801024e+00,4.772391e+00,5.056822e+00,4.831371e+00,4.759791e+00,4.956660e+00,4.438225e+00,4.890894e+00,4.250836e+00,4.977363e+00,4.709955e+00,4.900747e+00,4.664867e+00,4.709633e+00,4.746249e+00,4.193740e+00,4.748568e+00,3.873620e+00,4.355813e+00,4.888280e+00,4.740476e+00,2.724429e+00,4.507765e+00,4.781139e+00,4.293681e+00,4.409003e+00,4.793816e+00,4.761660e+00,4.875258e+00
4.568402e+00,4.712102e+00,4.780520e+00,4.883454e+00,4.628230e+00,4.625334e+00,4.923264e+00,5.016288e+00,4.836949e+00,4.743867e+00,4.792851e+00,4.733155e+00,4.926744e+00,4.853621e+00,4.985477e+00,4.231185e+00,4.334036e+00,4.384441e+00,4.360738e+00,4.403657e+00,4.724916e+00,4.814283e+00,4.933856e+00,4.831893e+00,4.618050e+00,2.844731e+00,2.633001e+00,2.800351e+00,3.099763e+00,2.687986e+00,2.637719e+00,2.547109e+00,2.576219e+00,2.672203e+00,2.740276e+00,2.719850e+00,4.285476e+00,2.376192e+00,2.555650e+00,2.995554e+00,4.220641e+00,2.885134e+00,2.879000e+00,2.876275e+00,3.079200e+00,3.412045e+00,3.350248e+00,3.883004e+00,2.788212e+00,2.171927e+00,2.715736e+00,2.516491e+00,4.081146e+00,2.683730e+00,2.312537e+00,2.661507e+00,2.273121e+00,2.620562e+00,2.491258e+00,2.007536e+00,2.784790e+00,4.000838e+00,3.128958e+00,2.610436e+00,2.657144e+00,2.724219e+00,2.750571e+00,3.192038e+00,2.838967e+00,4.133355e+00,2.699985e+00,2.847932e+00,4.004537e+00,2.646104e+00,2.907818e+00,2.537780e+00,2.646139e+00,2.881141e+00,2.384649e+00,3.919660e+00,3.055341e+00,3.186895e+00,3.303064e+00,2.503844e+00,4.792075e+00,2.358296e+00,2.332158e+00,4.399651e+00,2.645919e+00,3.093264e+00,2.461804e+00,2.689851e+00,4.553775e+00,4.809068e+00,3.078673e+00,3.929436e+00,4.303946e+00,3.520771e+00,3.258488e+00,4.357115e+00,3.865034e+00,3.402181e+00,4.099416e+00,3.289672e+00,4.353233e+00,3.678651e+00,4.649045e+00,4.284745e+00,3.793076e+00,4.559671e+00,3.619274e+00,3.995079e+00,4.362154e+00,4.487365e+00,3.606576e+00,4.626825e+00,4.612160e+00,4.458439e+00,4.127769e+00,4.621227e+00,4.912751e+00,4.623745e+00,4.462087e+00,2.658442e+00,4.156481e+00,4.710635e+00,4.647346e+00,4.534459e+00,3.806334e+00,4.659861e+00,4.713578e+00,4.665981e+00,3.488359e+00,4.699442e+00,4.097951e+00,4.808570e+00,4.410941e+00,4.676680e+00,4.753810e+00,4.879395e+00,4.532427e+00,4.380235e+00,3.615607e+00,3.831436e+00,2.792216e+00,3.297457e+00,3.280968e+00,4.602870e+00,4.096133e+00,4.911560e+00,4.475604e+00,4.582729e+00,4.547978e+00,2.656954e+00,2.756977e+00,4.478981e+00,3.540165e+00,3.803601e+00,3.952818e+00,4.614822e+00,3.834668e+00,2.930271e+00,4.509970e+00,4.456204e+00,4.547360e+00,4.583996e+00,4.693367e+00,4.737928e+00,4.037859e+00,4.291502e+00,4.544442e+00,4.682045e+00,4.386648e+00,4.386321e+00,4.860005e+00,4.322357e+00,4.720751e+00,4.955914e+00,4.845737e+00,4.108306e+00,3.457299e+00,4.610347e+00,3.208775e+00,4.750768e+00,4.759933e+00,5.021681e+00,4.838594e+00,4.819836e+00,4.795290e+00,4.869222e+00,4.076954e+00,4.858797e+00,4.156724e+00,4.480917e+00,4.999868e+00,4.616818e+00,4.941576e+00,4.978352e+00,3.401559e+00,4.391976e+00,4.564878e+00,3.831100e+00,4.695995e+00,4.496144e+00,4.770432e+00,4.407150e+00,2.819269e+00,5.004628e+00,4.734292e+00,2.537127e+00,4.651125e+00,4.841513e+00,4.752202e+00,4.915377e+00,4.579246e+00
5.006748e+00,4.774260e+00,4.498828e+00,5.013351e+00,4.531557e+00,4.839557e+00,4.835315e+00,4.848520e+00,4.682089e+00,4.723135e+00,4.907365e+00,4.845267e+00,4.745118e+00,4.752691e+00,4.722005e+00,4.827192e+00,4.609993e+00,4.520247e+00,4.707263e+00,4.544322e+00,4.780230e+00,4.666335e+00,4.768213e+00,4.917615e+00,4.290049e+00,4.572677e+00,2.834082e+00,2.726978e+00,2.452738e+00,3.589334e+00,2.140155e+00,2.270856e+00,2.298074e+00,2.745527e+00,2.519426e+00,2.847234e+00,4.034940e+00,4.187645e+00,2.687060e+00,2.802166e+00,2.811824e+00,2.617809e+00,2.543991e+00,2.276022e+00,2.271463e+00,2.529046e+00,2.388294e+00,2.421562e+00,3.693619e+00,3.685783e+00,3.458041e+00,3.641929e+00,3.176959e+00,2.240134e+00,2.290550e+00,4.442597e+00,2.620355e+00,2.596832e+00,2.578865e+00,2.789831e+00,2.705280e+00,2.575909e+00,2.509676e+00,2.298453e+00,4.426172e+00,2.856893e+00,2.327680e+00,4.496145e+00,2.211476e+00,2.822844e+00,2.478700e+00,4.576976e+00,2.548120e+00,2.616009e+00,2.187044e+00,2.812777e+00,3.121009e+00,2.382279e+00,2.666759e+00,3.378217e+00,4.669908e+00,3.150431e+00,4.445191e+00,4.363512e+00,3.727947e+00,2.867917e+00,3.866323e+00,2.523750e+00,3.005607e+00,2.678033e+00,4.252767e+00,3.045963e+00,3.626542e+00,2.649000e+00,4.236771e+00,2.759620e+00,4.454030e+00,4.774044e+00,3.963100e+00,2.730479e+00,4.202785e+00,4.834568e+00,3.201689e+00,3.908111e+00,4.599003e+00,4.777408e+00,4.633866e+00,3.997883e+00,3.729079e+00,4.752630e+00,3.879515e+00,4.425782e+00,4.136196e+00,3.506071e+00,4.391999e+00,4.630918e+00,4.637380e+00,3.314466e+00,4.239578e+00,4.639325e+00,2.503485e+00,4.708499e+00,4.605803e+00,4.578457e+00,4.789669e+00,4.615083e+00,3.279262e+00,4.453241e+00,3.850593e+00,4.739815e+00,4.248944e+00,3.907810e+00,4.624062e+00,4.837054e+00,4.546634e+00,4.324791e+00,4.567332e+00,4.744166e+00,4.910407e+00,2.647035e+00,4.030474e+00,3.600072e+00,4.740152e+00,4.021292e+00,4.532798e+00,3.599832e+00,4.393862e+00,4.704443e+00,4.730165e+00,4.767697e+00,4.773689e+00,4.704183e+00,4.599129e+00,3.551586e+00,4.213591e+00,3.077426e+00,4.564382e+00,4.641318e+00,4.058940e+00,4.877859e+00,4.662077e+00,4.379327e+00,4.689306e+00,4.739718e+00,3.667710e+00,4.268757e+00,4.409820e+00,4.687626e+00,4.077864e+00,4.722704e+00,4.654641e+00,4.529352e+00,4.795974e+00,4.615925e+00,4.599571e+00,4.590149e+00,4.633385e+00,4.790671e+00,4.796100e+00,4.328796e+00,3.360465e+00,3.975731e+00,2.959093e+00,4.486567e+00,3.730118e+00,4.799397e+00,4.799391e+00,4.991548e+00,4.444623e+00,5.022485e+00,4.638504e+00,4.888254e+00,4.821156e+00,4.013863e+00,3.791282e+00,4.531576e+00,4.415401e+00,4.717935e+00,4.462826e+00,4.472363e+00,3.408520e+00,4.819273e+00,4.773608e+00,4.670577e+00,4.754631e+00,4.457369e+00,4.476840e+00,4.645829e+00,4.560991e+00,4.753765e+00,4.743302e+00,4.222198e+00,4.836802e+00,4.245469e+00,4.733940e+00
4.521843e+00,4.738904e+00,4.914785e+00,4.481920e+00,4.634154e+00,4.949657e+00,4.573754e+00,4.772235e+00,4.760078e+00,4.697471e+00,5.007785e+00,4.809362e+00,4.930629e+00,4.832463e+00,4.747459e+00,4.994636e+00,4.841858e+00,4.647829e+00,4.096683e+00,4.600076e+00,4.827951e+00,4.892168e+00,4.770772e+00,4.928701e+00,4.524689e+00,3.019459e+00,2.885925e+00,3.445183e+00,3.026845e+00,3.788777e+00,3.459888e+00,3.401413e+00,2.788549e+00,3.982218e+00,2.942395e+00,2.355623e+00,4.651358e+00,2.653689e+00,2.434310e+00,2.200641e+00,2.583243e+00,4.218288e+00,4.089406e+00,2.656474e+00,2.512312e+00,3.449415e+00,2.913746e+00,2.399355e+00,2.590027e+00,3.582985e+00,2.857647e+00,3.496104e+00,4.089147e+00,4.333038e+00,2.365309e+00,2.452571e+00,2.357567e+00,2.593147e+00,2.437284e+00,2.586432e+00,2.382784e+00,2.826149e+00,2.822541e+00,2.433580e+00,4.375324e+00,2.625298e+00,2.440801e+00,3.218960e+00,2.939462e+00,3.830591e+00,2.687828e+00,2.987875e+00,3.600384e+00,2.829257e+00,2.418529e+00,2.584183e+00,2.610584e+00,4.031323e+00,4.505358e+00,4.450596e+00,4.568944e+00,4.403478e+00,3.506824e+00,4.245560e+00,2.585387e+00,2.656746e+00,2.443613e+00,2.542304e+00,2.930690e+00,4.338497e+00,3.056268e+00,4.169874e+00,4.509161e+00,2.628675e+00,4.616422e+00,3.377536e+00,4.638235e+00,3.973906e+00,2.956779e+00,3.222304e+00,4.058463e+00,4.393886e+00,3.675428e+00,4.645484e+00,3.419612e+00,3.897006e+00,4.367936e+00,4.571696e+00,2.412170e+00,4.768943e+00,4.340455e+00,4.344424e+00,4.089354e+00,4.408682e+00,4.795791e+00,4.231858e+00,4.326357e+00,3.910974e+00,4.570527e+00,4.290891e+00,4.831062e+00,2.746750e+00,4.601381e+00,4.919516e+00,4.489146e+00,3.818653e+00,4.481104e+00,4.800854e+00,4.590454e+00,4.468458e+00,4.338235e+00,4.505540e+00,3.188723e+00,3.868076e+00,4.313103e+00,4.666221e+00,4.508711e+00,3.727275e+00,4.384239e+00,4.057877e+00,4.620643e+00,4.474769e+00,2.939440e+00,4.639352e+00,3.748961e+00,4.314635e+00,4.694891e+00,2.977155e+00,4.892902e+00,4.517872e+00,4.780839e+00,4.375204e+00,2.661904e+00,4.170094e+00,4.301816e+00,4.642100e+00,4.714797e+00,4.694543e+00,4.325136e+00,4.326223e+00,4.646549e+00,4.565181e+00,4.067808e+00,4.946934e+00,4.494227e+00,4.678149e+00,4.039082e+00,4.807707e+00,4.776124e+00,4.497326e+00,4.817481e+00,4.870711e+00,4.655733e+00,4.861220e+00,4.420654e+00,4.673819e+00,4.618340e+00,4.286502e+00,4.541574e+00,3.489694e+00,4.565999e+00,4.458772e+00,4.847233e+00,4.671689e+00,4.816938e+00,4.923975e+00,4.870818e+00,4.889467e+00,4.794623e+00,4.899421e+00,4.896628e+00,4.651766e+00,4.233307e+00,3.944109e+00,4.457168e+00,4.435483e+00,4.879555e+00,4.702813e+00,4.480915e+00,4.703614e+00,4.309997e+00,4.395593e+00,4.717975e+00,4.880891e+00,4.245397e+00,2.969888e+00,4.900865e+00,4.319434e+00,2.837623e+00,4.006286e+00,4.843543e+00,4.398871e+00,4.523235e+00,4.763472e+00,4.739855e+00
4.776357e+00,4.878253e+00,4.856431e+00,4.751201e+00,4.316716e+00,4.727797e+00,4.956958e+00,4.783433e+00,4.948543e+00,4.852677e+00,4.779924e+00,4.723414e+00,4.815487e+00,4.778656e+00,4.795231e+00,4.737040e+00,4.880676e+00,4.835428e+00,4.822445e+00,4.318524e+00,4.798165e+00,4.431761e+00,4.765627e+00,4.639448e+00,4.618718e+00,4.617980e+00,3.835806e+00,3.322186e+00,4.212078e+00,4.415965e+00,2.657530e+00,2.277096e+00,2.414477e+00,2.462787e+00,2.552293e+00,4.010041e+00,2.581030e+00,4.358347e+00,2.875318e+00,2.677185e+00,2.916448e+00,2.602645e+00,2.606164e+00,4.396824e+00,3.890094e+00,4.156410e+00,3.249686e+00,2.652225e+00,2.667779e+00,2.603831e+00,2.463286e+00,2.558386e+00,4.688292e+00,3.404890e+00,3.203326e+00,2.304174e+00,3.123679e+00,2.568905e+00,2.576487e+00,2.151260e+00,3.175118e+00,3.624666e+00,2.763292e+00,4.460505e+00,3.488854e+00,4.239155e+00,2.637138e+00,2.463718e+00,4.141488e+00,3.108281e+00,4.427896e+00,2.649687e+00,4.074950e+00,3.547744e+00,3.825886e+00,3.469039e+00,2.854194e+00,3.987127e+00,3.921470e+00,2.595016e+00,4.478450e+00,4.520519e+00,3.548284e+00,4.027099e+00,4.039100e+00,4.352672e+00,2.732921e+00,3.959084e+00,2.725009e+00,4.250237e+00,2.613337e+00,3.151768e+00,4.524057e+00,3.721419e+00,3.032756e+00,4.541425e+00,2.441918e+00,4.674505e+00,3.717090e+00,4.083104e+00,4.323293e+00,3.477829e+00,4.584645e+00,3.423097e+00,4.583337e+00,4.331353e+00,4.511813e+00,4.615866e+00,4.661897e+00,3.686924e+00,4.588256e+00,4.047793e+00,4.434649e+00,4.161448e+00,2.893581e+00,4.445187e+00,4.543428e+00,4.621095e+00,4.714853e+00,4.728871e+00,2.918608e+00,4.421575e+00,4.530076e+00,4.710855e+00,4.302857e+00,4.804486e+00,4.247420e+00,4.237347e+00,4.696846e+00,3.958134e+00,3.138691e+00,4.699781e+00,4.213206e+00,4.863656e+00,4.582362e+00,4.637901e+00,4.297082e+00,4.633461e+00,3.314027e+00,4.561971e+00,2.428573e+00,4.526553e+00,2.810854e+00,4.232978e+00,4.722158e+00,4.721171e+00,4.295318e+00,3.408249e+00,4.894093e+00,4.699702e+00,4.693747e+00,2.559326e+00,4.592048e+00,4.086701e+00,4.858892e+00,4.650323e+00,3.766597e+00,3.630829e+00,4.582468e+00,4.247806e+00,3.846916e+00,4.766067e+00,4.234205e+00,3.653899e+00,4.267140e+00,4.834497e+00,4.640995e+00,4.687032e+00,4.733591e+00,4.657918e+00,4.501844e+00,3.870293e+00,4.577607e+00,4.808501e+00,4.739126e+00,4.674661e+00,4.862548e+00,4.522476e+00,2.606659e+00,4.027054e+00,3.093875e+00,4.528481e+00,4.800566e+00,4.861539e+00,4.898462e+00,4.896185e+00,4.873489e+00,4.408629e+00,4.757955e+00,4.773568e+00,4.723971e+00,4.377577e+00,4.818083e+00,4.531605e+00,4.831712e+00,4.658602e+00,4.940496e+00,4.841530e+00,4.125490e+00,4.289605e+00,4.769309e+00,4.518454e+00,4.823664e+00,4.959169e+00,4.905726e+00,3.720647e+00,4.326734e+00,4.721121e+00,4.818006e+00,4.424560e+00,4.762565e+00,4.623602e+00,4.153171e+00,4.806101e+00,4.803368e+00
4.706486e+00,4.759910e+00,4.287810e+00,4.702306e+00,4.762900e+00,4.803608e+00,4.664787e+00,4.919570e+00,4.890562e+00,4.391435e+00,4.896010e+00,4.992885e+00,4.517599e+00,4.813946e+00,4.972495e+00,5.022753e+00,4.783391e+00,4.716167e+00,4.681544e+00,4.576993e+00,4.321066e+00,4.474534e+00,4.831658e+00,4.954360e+00,4.718076e+00,4.884311e+00,4.367081e+00,2.862235e+00,2.525820e+00,2.995973e+00,4.498207e+00,2.719213e+00,2.298408e+00,2.405271e+00,2.412689e+00,2.605000e+00,2.214025e+00,2.667871e+00,2.051686e+00,2.745600e+00,2.351286e+00,2.458470e+00,3.798321e+00,2.750714e+00,2.725588e+00,2.814707e+00,3.076009e+00,2.743980e+00,2.961802e+00,2.421593e+00,2.625882e+00,2.592048e+00,3.969400e+00,2.285401e+00,2.595516e+00,2.478543e+00,2.580206e+00,2.790821e+00,2.604922e+00,3.251158e+00,3.388935e+00,2.429510e+00,2.530894e+00,2.784066e+00,3.453655e+00,3.081306e+00,2.516296e+00,3.456430e+00,4.081769e+00,2.393493e+00,2.401510e+00,4.105804e+00,2.277993e+00,2.589757e+00,2.656285e+00,3.512780e+00,2.276897e+00,4.515630e+00,4.289057e+00,4.222453e+00,3.315094e+00,2.785343e+00,4.381925e+00,3.772776e+00,4.340907e+00,4.078346e+00,2.691357e+00,2.907856e+00,4.542448e+00,4.291729e+00,3.867545e+00,3.534542e+00,3.797209e+00,4.404941e+00,3.273564e+00,4.398545e+00,3.525228e+00,3.622701e+00,4.084069e+00,3.442062e+00,3.972364e+00,3.885464e+00,2.498914e+00,3.296287e+00,2.454492e+00,4.502328e+00,4.802179e+00,4.617767e+00,4.474986e+00,4.339562e+00,4.768259e+00,3.305971e+00,3.787323e+00,4.231977e+00,4.238664e+00,4.732386e+00,4.630689e+00,4.428628e+00,4.209734e+00,4.859134e+00,4.725560e+00,4.122152e+00,4.670196e+00,4.492430e+00,4.240199e+00,4.778846e+00,4.511217e+00,4.711794e+00,4.544111e+00,4.746848e+00,4.611402e+00,3.982669e+00,4.492221e+00,4.640672e+00,3.420407e+00,4.598699e+00,2.872449e+00,4.516864e+00,4.588971e+00,3.365584e+00,4.482826e+00,4.604014e+00,4.324615e+00,4.000456e+00,2.721330e+00,4.729635e+00,4.063413e+00,4.475333e+00,3.265028e+00,2.756041e+00,4.626105e+00,4.619468e+00,3.714836e+00,4.295701e+00,4.783277e+00,4.329903e+00,3.401735e+00,3.598893e+00,4.707968e+00,4.470842e+00,4.744820e+00,3.801853e+00,3.587438e+00,4.665325e+00,4.657863e+00,4.191619e+00,4.686239e+00,4.687255e+00,4.419530e+00,2.519263e+00,4.434395e+00,4.536363e+00,4.850098e+00,4.688371e+00,4.648494e+00,4.667668e+00,4.907009e+00,4.638214e+00,3.783635e+00,2.449005e+00,4.738232e+00,4.968230e+00,4.268418e+00,4.511239e+00,4.781295e+00,4.926721e+00,4.797261e+00,4.771951e+00,4.682261e+00,4.752068e+00,4.815645e+00,4.752795e+00,4.485183e+00,4.734081e+00,4.692277e+00,4.564077e+00,4.843425e+00,4.673302e+00,4.641359e+00,4.669293e+00,4.561753e+00,4.643852e+00,4.914441e+00,4.792080e+00,4.822872e+00,4.901178e+00,4.131908e+00,3.669494e+00,4.841910e+00,4.184361e+00,4.854300e+00,4.818681e+00,4.961354e+00,4.740431e+00,4.701915e+00
4.784774e+00,4.943013e+00,4.945589e+00,4.899512e+00,4.566788e+00,4.657204e+00,4.587546e+00,4.891264e+00,4.951260e+00,4.888323e+00,5.002047e+00,4.772547e+00,4.477546e+00,4.917796e+00,4.910121e+00,4.643815e+00,4.818229e+00,4.809915e+00,4.989220e+00,4.795607e+00,4.837459e+00,4.519548e+00,4.661163e+00,4.712987e+00,4.787206e+00,4.880434e+00,4.964772e+00,4.195387e+00,3.363303e+00,2.480245e+00,4.574091e+00,2.621994e+00,2.315156e+00,3.824799e+00,2.848976e+00,2.856838e+00,2.590786e+00,2.288815e+00,2.206900e+00,2.310300e+00,2.094376e+00,2.731385e+00,4.042242e+00,4.325082e+00,4.070848e+00,2.498999e+00,2.838872e+00,3.651211e+00,2.765094e+00,3.150146e+00,3.239621e+00,2.478006e+00,4.128948e+00,3.291616e+00,3.312562e+00,2.477150e+00,3.466148e+00,3.580035e+00,2.566768e+00,2.315380e+00,2.537741e+00,4.425884e+00,3.352479e+00,2.707692e+00,2.287058e+00,2.541709e+00,3.464225e+00,2.723242e+00,3.501399e+00,4.377358e+00,2.673694e+00,3.783211e+00,2.471699e+00,4.198951e+00,4.242045e+00,2.590144e+00,4.351336e+00,2.893783e+00,2.544733e+00,4.494657e+00,2.386054e+00,2.978143e+00,4.176194e+00,3.708391e+00,3.402331e+00,3.429852e+00,4.485763e+00,2.538821e+00,4.551858e+00,4.716599e+00,3.295790e+00,3.841179e+00,2.839969e+00,4.519768e+00,3.949430e+00,4.477796e+00,4.225265e+00,2.334230e+00,4.581974e+00,4.685064e+00,4.514275e+00,4.328248e+00,3.530400e+00,3.870411e+00,3.919605e+00,4.820609e+00,4.958832e+00,4.391798e+00,4.490252e+00,4.442271e+00,4.811002e+00,4.383183e+00,4.180385e+00,4.425407e+00,4.350949e+00,4.713918e+00,4.848590e+00,3.874394e+00,3.946327e+00,4.381554e+00,4.042582e+00,4.129198e+00,4.346363e+00,4.725685e+00,4.823180e+00,3.390009e+00,4.798290e+00,3.998912e+00,4.009439e+00,3.667922e+00,4.569199e+00,2.506124e+00,3.641843e+00,3.843111e+00,2.659527e+00,3.803772e+00,2.912839e+00,3.457246e+00,4.617135e+00,4.326179e+00,3.014354e+00,4.748583e+00,4.158067e+00,4.265939e+00,3.268218e+00,3.512981e+00,3.881966e+00,4.425185e+00,4.114265e+00,4.624877e+00,3.809697e+00,3.234370e+00,4.505594e+00,4.508577e+00,3.610922e+00,4.393490e+00,4.756254e+00,3.069759e+00,4.678691e+00,4.806655e+00,4.526424e+00,4.161644e+00,4.560297e+00,4.633883e+00,4.748482e+00,4.340651e+00,4.420536e+00,4.825427e+00,4.720550e+00,4.824649e+00,4.701564e+00,4.576895e+00,4.557606e+00,4.922696e+00,4.697849e+00,4.955956e+00,2.985479e+00,4.402130e+00,4.168042e+00,2.703151e+00,4.803856e+00,2.336492e+00,4.579238e+00,4.896352e+00,4.388716e+00,4.732433e+00,4.887264e+00,4.848350e+00,4.479040e+00,4.943086e+00,4.815000e+00,4.830098e+00,4.868029e+00,4.478702e+00,4.690919e+00,4.953868e+00,4.682126e+00,4.717119e+00,4.886967e+00,4.675873e+00,4.593713e+00,4.902623e+00,3.319611e+00,4.666191e+00,4.473573e+00,4.830767e+00,4.739422e+00,3.628373e+00,4.838453e+00,4.734258e+00,4.906979e+00,4.338804e+00,4.667961e+00,4.956851e+00,4.648459e+00
4.834617e+00,4.792064e+00,4.715964e+00,4.825833e+00,4.677832e+00,4.834176e+00,4.891326e+00,4.759621e+00,4.753927e+00,4.817683e+00,4.198512e+00,4.619857e+00,4.918475e+00,4.847995e+00,4.961642e+00,4.808433e+00,4.997085e+00,4.793479e+00,4.895178e+00,4.783623e+00,4.746163e+00,3.952319e+00,4.638095e+00,4.617882e+00,4.892334e+00,4.848370e+00,4.731331e+00,4.921452e+00,4.605980e+00,4.122485e+00,2.239454e+00,2.989096e+00,2.340577e+00,4.109124e+00,3.069965e+00,2.476114e+00,3.187470e+00,3.562229e+00,2.649385e+00,2.797015e+00,2.772609e+00,2.802627e+00,2.877498e+00,2.384400e+00,3.973832e+00,3.519262e+00,3.817806e+00,2.438278e+00,3.193915e+00,3.120459e+00,3.548922e+00,4.806493e+00,4.247340e+00,3.052106e+00,2.643729e+00,2.439179e+00,3.464497e+00,2.680941e+00,2.820573e+00,3.984297e+00,3.196592e+00,2.410900e+00,2.468506e+00,3.923948e+00,2.694576e+00,2.825774e+00,3.608941e+00,4.190680e+00,4.051332e+00,4.634781e+00,4.182888e+00,2.395142e+00,2.533062e+00,4.273853e+00,4.303388e+00,2.699830e+00,3.166592e+00,4.030508e+00,2.487398e+00,3.588990e+00,4.641228e+00,2.607007e+00,3.311165e+00,3.907672e+00,3.231630e+00,2.775629e+00,4.023592e+00,2.960042e+00,2.664420e+00,2.734571e+00,3.731307e+00,2.831340e+00,4.137757e+00,3.371589e+00,4.172143e+00,4.652390e+00,4.415895e+00,2.965996e+00,3.593203e+00,4.467609e+00,4.832058e+00,4.746730e+00,4.532534e+00,4.141045e+00,2.637368e+00,3.690995e+00,4.751566e+00,3.713501e+00,4.628853e+00,4.019126e+00,4.083827e+00,3.343992e+00,3.087391e+00,4.719746e+00,3.901013e+00,3.421544e+00,4.258716e+00,2.571356e+00,4.516587e+00,4.656641e+00,4.713610e+00,4.592298e+00,4.841636e+00,2.223150e+00,4.298711e+00,4.257231e+00,4.041107e+00,4.328266e+00,4.431290e+00,4.791670e+00,4.731463e+00,4.768147e+00,4.740601e+00,3.684661e+00,2.567165e+00,2.984938e+00,4.124285e+00,4.109248e+00,4.394233e+00,3.708557e+00,4.618226e+00,4.618125e+00,4.673931e+00,2.661861e+00,4.449473e+00,4.773695e+00,4.647182e+00,4.432775e+00,4.308206e+00,3.570440e+00,3.681775e+00,4.404966e+00,4.538405e+00,3.793881e+00,4.391468e+00,4.622964e+00,4.164352e+00,4.557385e+00,4.658977e+00,4.345813e+00,4.793761e+00,3.943800e+00,4.156765e+00,4.147463e+00,4.129758e+00,4.385653e+00,4.865451e+00,4.903833e+00,4.644100e+00,4.231316e+00,4.820898e+00,4.872644e+00,4.791535e+00,4.826330e+00,4.940159e+00,4.584560e+00,2.386274e+00,2.534136e+00,3.405082e+00,4.510038e+00,4.678321e+00,4.543038e+00,4.722536e+00,4.700055e+00,4.707964e+00,4.167150e+00,4.812495e+00,3.980977e+00,4.794326e+00,4.363488e+00,4.895801e+00,4.871061e+00,4.916940e+00,4.164033e+00,4.527088e+00,4.786184e+00,4.631748e+00,4.464601e+00,4.450374e+00,4.930138e+00,4.716210e+00,4.770309e+00,4.831266e+00,3.916408e+00,4.654800e+00,4.551556e+00,4.719555e+00,4.471306e+00,4.408419e+00,4.776980e+00,4.650965e+00,4.637299e+00,4.958072e+00,4.655256e+00,4.798081e+00
4.332569e+00,4.903314e+00,4.575586e+00,4.809260e+00,4.889013e+00,4.678874e+00,4.642652e+00,4.757143e+00,4.893864e+00,4.510566e+00,4.848426e+00,4.912488e+00,4.834036e+00,4.919841e+00,4.650739e+00,4.565604e+00,4.674709e+00,4.777865e+00,4.920546e+00,4.932888e+00,3.687389e+00,4.718127e+00,3.886449e+00,4.257547e+00,4.989721e+00,4.431044e+00,4.919787e+00,4.591646e+00,4.789500e+00,4.733650e+00,4.464529e+00,4.392914e+00,2.325334e+00,2.563803e+00,2.559484e+00,2.423686e+00,2.489312e+00,2.627649e+00,2.545501e+00,2.964148e+00,2.931165e+00,2.615754e+00,2.439387e+00,2.647963e+00,2.181849e+00,3.225867e+00,2.933145e+00,2.429085e+00,2.497746e+00,3.215369e+00,2.343270e+00,3.076726e+00,2.510265e+00,2.672541e+00,2.530424e+00,2.387335e+00,2.594497e+00,2.630300e+00,3.179377e+00,4.184836e+00,2.972887e+00,4.481703e+00,2.426271e+00,2.549474e+00,3.301658e+00,3.231243e+00,2.725281e+00,2.047584e+00,2.869564e+00,2.549491e+00,2.424916e+00,2.401344e+00,2.509216e+00,2.489916e+00,2.570222e+00,2.391110e+00,3.064278e+00,4.035755e+00,3.342345e+00,3.338151e+00,3.591181e+00,4.240788e+00,3.820877e+00,3.627029e+00,4.637469e+00,2.292163e+00,4.564535e+00,3.667037e+00,3.677874e+00,3.958529e+00,4.691587e+00,3.564599e+00,3.555155e+00,3.523378e+00,4.444825e+00,4.414120e+00,3.096698e+00,4.534610e+00,3.932917e+00,3.920598e+00,4.476013e+00,4.923902e+00,3.291537e+00,4.725909e+00,4.153736e+00,4.525456e+00,3.714246e+00,4.556982e+00,4.555936e+00,4.711525e+00,4.139198e+00,4.326207e+00,4.799688e+00,4.841125e+00,4.735233e+00,4.299314e+00,3.005747e+00,3.976874e+00,4.445616e+00,4.739693e+00,4.335654e+00,4.633981e+00,3.878843e+00,4.507054e+00,2.505896e+00,3.500004e+00,4.018547e+00,4.169809e+00,4.773083e+00,4.787039e+00,3.583389e+00,4.471506e+00,2.808789e+00,4.648815e+00,4.075565e+00,3.426549e+00,4.664200e+00,2.840734e+00,4.384599e+00,3.977627e+00,4.442432e+00,3.816734e+00,4.295440e+00,4.145110e+00,4.668755e+00,4.621338e+00,4.347461e+00,2.838626e+00,4.605662e+00,4.641022e+00,3.952506e+00,4.594157e+00,4.520574e+00,4.216439e+00,4.644308e+00,4.751850e+00,4.333853e+00,3.768628e+00,4.766299e+00,4.626819e+00,4.610742e+00,4.286971e+00,4.366513e+00,4.500327e+00,4.452542e+00,4.738814e+00,4.778940e+00,3.735954e+00,4.471457e+00,4.705070e+00,4.029726e+00,4.941149e+00,4.874359e+00,4.503769e+00,4.679264e+00,3.712102e+00,2.839585e+00,4.520649e+00,2.869451e+00,4.558506e+00,4.340716e+00,4.610374e+00,4.788129e+00,4.828176e+00,5.013848e+00,5.055675e+00,4.640952e+00,3.414924e+00,4.955211e+00,4.914139e+00,4.958273e+00,4.848439e+00,4.324561e+00,4.676523e+00,4.772396e+00,4.916621e+00,4.635712e+00,4.812718e+00,4.145462e+00,4.740183e+00,4.685697e+00,3.960650e+00,4.423363e+00,4.674602e+00,4.610944e+00,4.311611e+00,4.467323e+00,4.724329e+00,4.581203e+00,4.892860e+00,4.633654e+00,4.197310e+00,4.497501e+00,4.832058e+00,4.545262e+00
4.756778e+00,4.932161e+00,4.747854e+00,4.993654e+00,4.767545e+00,4.899118e+00,4.879952e+00,4.931550e+00,4.730289e+00,4.933815e+00,5.018118e+00,4.547420e+00,4.983649e+00,4.847358e+00,4.758911e+00,4.822054e+00,4.689314e+00,4.878112e+00,4.915552e+00,4.724837e+00,4.796496e+00,4.736488e+00,4.708504e+00,3.452588e+00,4.744905e+00,4.669573e+00,4.859801e+00,4.902565e+00,4.582274e+00,4.665753e+00,2.775007e+00,4.163234e+00,2.345412e+00,2.515274e+00,3.741045e+00,2.738762e+00,2.329642e+00,2.342527e+00,3.200249e+00,2.183332e+00,3.116214e+00,2.885848e+00,4.005248e+00,4.310014e+00,2.864774e+00,3.091295e+00,3.705404e+00,2.430688e+00,4.527477e+00,2.518509e+00,2.522769e+00,2.417794e+00,2.531505e+00,3.803262e+00,2.809849e+00,3.088026e+00,2.076733e+00,3.039023e+00,2.540104e+00,2.800276e+00,2.492138e+00,4.687924e+00,4.652319e+00,4.234558e+00,2.480986e+00,4.075503e+00,2.350575e+00,2.577181e+00,2.891248e+00,2.996581e+00,2.759180e+00,2.656945e+00,3.362774e+00,3.923557e+00,3.112903e+00,3.435774e+00,2.448689e+00,2.268560e+00,4.079897e+00,3.837035e+00,3.963157e+00,4.709827e+00,3.298680e+00,2.765993e+00,3.056246e+00,2.515936e+00,4.326565e+00,3.727683e+00,4.660870e+00,3.149913e+00,4.416638e+00,3.313496e+00,4.210950e+00,4.564182e+00,3.825595e+00,4.585426e+00,4.748316e+00,4.162083e+00,3.016392e+00,3.372521e+00,4.633750e+00,4.413538e+00,4.479377e+00,4.699376e+00,4.780813e+00,4.009368e+00,4.301362e+00,4.789382e+00,4.113805e+00,4.651219e+00,3.919260e+00,4.168163e+00,4.061556e+00,3.989075e+00,3.851754e+00,4.494365e+00,4.834619e+00,4.751702e+00,4.907977e+00,4.395662e+00,4.095722e+00,4.691874e+00,4.166616e+00,3.468140e+00,4.633750e+00,3.780252e+00,4.413469e+00,3.381560e+00,4.031277e+00,4.689934e+00,3.166837e+00,2.934274e+00,3.860886e+00,2.786840e+00,4.396574e+00,4.037959e+00,2.992839e+00,4.714281e+00,4.089641e+00,4.099868e+00,4.792039e+00,4.717864e+00,4.162627e+00,3.716080e+00,4.121620e+00,2.992305e+00,3.787860e+00,4.430143e+00,4.700918e+00,4.461737e+00,4.680796e+00,4.434359e+00,4.709979e+00,4.559933e+00,4.516791e+00,4.648253e+00,4.117686e+00,4.451368e+00,4.457282e+00,4.839045e+00,4.316119e+00,4.743491e+00,3.959028e+00,4.392819e+00,4.801202e+00,4.773400e+00,4.584154e+00,4.733176e+00,4.450454e+00,4.438351e+00,4.600940e+00,4.828747e+00,4.788992e+00,4.835408e+00,4.727891e+00,2.622177e+00,3.351141e+00,4.717152e+00,4.450178e+00,2.744122e+00,4.928057e+00,4.885623e+00,4.672317e+00,4.677613e+00,4.931979e+00,5.012852e+00,5.003062e+00,4.805577e+00,4.782680e+00,4.852681e+00,4.927335e+00,4.443560e+00,4.771311e+00,4.622324e+00,4.790144e+00,4.896798e+00,3.968905e+00,4.438735e+00,4.829541e+00,4.606309e+00,4.497345e+00,3.706070e+00,4.891486e+00,4.694060e+00,4.675445e+00,4.741792e+00,4.909004e+00,4.758289e+00,4.884117e+00,4.857028e+00,4.728697e+00,4.657112e+00,4.669204e+00,4.954799e+00,4.710982e+00
4.873776e+00,4.708655e+00,4.667987e+00,4.618557e+00,4.754750e+00,4.862249e+00,4.904059e+00,4.759469e+00,4.533011e+00,4.801189e+00,4.986345e+00,4.926215e+00,4.860828e+00,4.836457e+00,4.584041e+00,4.787904e+00,4.826205e+00,4.940380e+00,4.865274e+00,4.846655e+00,4.681718e+00,4.259153e+00,4.162250e+00,4.896737e+00,3.507945e+00,4.229819e+00,4.430731e+00,4.678514e+00,4.824149e+00,4.550944e+00,4.661029e+00,3.808828e+00,2.892780e+00,3.412936e+00,3.549156e+00,3.277737e+00,2.709826e+00,2.375398e+00,3.491887e+00,3.412300e+00,4.154565e+00,2.891408e+00,3.193444e+00,2.848719e+00,3.494023e+00,2.751583e+00,2.225011e+00,2.553688e+00,2.255551e+00,3.210010e+00,4.755202e+00,3.389846e+00,2.151425e+00,2.289289e+00,2.050658e+00,2.435077e+00,3.181001e+00,3.328631e+00,2.215122e+00,3.226468e+00,2.421817e+00,2.647397e+00,2.616770e+00,2.966363e+00,4.368303e+00,2.975842e+00,4.366210e+00,2.894835e+00,2.572790e+00,2.484882e+00,2.240056e+00,2.228040e+00,3.635328e+00,2.412613e+00,2.721082e+00,3.156863e+00,2.641708e+00,2.521333e+00,4.686027e+00,2.543156e+00,2.318661e+00,4.843437e+00,2.537419e+00,2.763000e+00,4.138211e+00,3.176414e+00,3.585455e+00,4.433275e+00,4.255428e+00,3.031756e+00,3.927961e+00,2.251817e+00,4.272453e+00,3.648929e+00,4.368961e+00,2.554389e+00,3.746645e+00,4.291535e+00,4.604074e+00,4.640307e+00,3.229486e+00,4.160175e+00,4.589005e+00,3.137200e+00,2.895092e+00,4.261311e+00,4.412825e+00,3.167992e+00,3.222974e+00,4.393659e+00,4.369496e+00,4.019303e+00,4.266980e+00,4.441156e+00,4.746492e+00,3.966762e+00,4.852361e+00,4.231921e+00,4.486203e+00,4.614266e+00,4.740272e+00,4.076564e+00,4.049313e+00,4.766357e+00,4.482913e+00,4.503836e+00,4.508275e+00,3.998884e+00,4.275450e+00,3.747677e+00,3.949800e+00,3.248658e+00,3.095569e+00,2.989252e+00,2.735580e+00,3.951593e+00,3.966116e+00,2.578989e+00,4.861930e+00,4.708564e+00,4.782414e+00,4.822904e+00,3.802722e+00,3.435536e+00,4.058305e+00,3.948075e+00,4.372837e+00,4.343709e+00,4.494975e+00,4.277334e+00,3.798474e+00,3.937508e+00,4.402847e+00,4.729308e+00,4.052107e+00,4.559325e+00,3.969673e+00,4.676472e+00,4.329481e+00,4.576225e+00,4.710079e+00,4.620452e+00,4.700244e+00,4.497585e+00,4.405163e+00,4.834290e+00,4.172330e+00,4.682767e+00,4.578166e+00,4.678059e+00,4.847565e+00,4.928343e+00,4.791565e+00,4.605448e+00,4.223101e+00,4.205860e+00,2.622018e+00,4.793218e+00,4.674666e+00,4.827239e+00,4.370351e+00,4.766682e+00,4.814299e+00,4.922359e+00,4.641210e+00,5.003617e+00,4.839892e+00,4.616829e+00,4.776447e+00,4.822415e+00,4.474713e+00,4.667429e+00,4.849552e+00,4.343192e+00,4.487974e+00,3.783349e+00,4.932754e+00,3.839253e+00,4.606292e+00,4.267563e+00,4.823175e+00,4.819761e+00,4.294648e+00,4.529036e+00,4.465665e+00,4.874932e+00,4.504851e+00,4.711887e+00,4.892385e+00,4.766210e+00,4.691819e+00,4.831601e+00,3.910056e+00,4.789474e+00,4.884485e+00
4.747056e+00,4.871867e+00,4.842044e+00,4.855331e+00,4.700729e+00,4.736783e+00,4.943271e+00,4.963320e+00,4.266953e+00,4.837311e+00,4.789542e+00,4.925485e+00,4.951411e+00,4.620802e+00,4.794272e+00,4.745386e+00,4.810668e+00,5.019103e+00,4.724175e+00,4.890773e+00,4.975598e+00,4.536189e+00,2.917655e+00,4.412158e+00,4.283590e+00,3.763316e+00,4.483189e+00,4.564715e+00,5.029349e+00,4.978810e+00,4.881958e+00,4.693759e+00,4.354629e+00,2.355576e+00,3.426894e+00,2.490146e+00,2.748808e+00,2.603095e+00,2.754487e+00,2.796988e+00,2.630317e+00,2.402531e+00,2.308966e+00,2.171443e+00,2.895640e+00,2.389862e+00,3.822644e+00,2.461333e+00,2.701414e+00,2.718244e+00,3.268014e+00,2.797575e+00,4.517782e+00,2.308610e+00,2.559212e+00,4.390655e+00,4.001050e+00,2.756441e+00,2.696018e+00,4.566344e+00,2.555265e+00,2.260512e+00,3.188830e+00,4.319276e+00,2.476785e+00,3.225982e+00,2.253316e+00,2.547944e+00,2.413360e+00,3.914579e+00,4.019225e+00,3.615912e+00,2.532269e+00,4.534129e+00,2.629297e+00,2.984093e+00,2.354394e+00,2.557155e+00,3.468227e+00,2.850863e+00,2.420811e+00,4.095348e+00,4.685993e+00,4.435001e+00,4.256969e+00,4.199710e+00,3.488844e+00,3.503035e+00,4.142312e+00,2.610560e+00,4.746743e+00,4.199747e+00,3.686544e+00,4.364273e+00,4.534834e+00,3.852404e+00,4.808180e+00,4.307286e+00,3.663946e+00,4.187577e+00,3.827907e+00,4.360131e+00,3.660895e+00,4.843954e+00,4.601224e+00,2.319467e+00,4.627887e+00,4.423138e+00,4.385733e+00,4.585524e+00,4.894901e+00,4.346912e+00,4.735087e+00,4.394770e+00,4.666491e+00,4.001801e+00,4.364353e+00,4.641180e+00,4.765258e+00,4.065387e+00,3.213848e+00,4.292521e+00,4.711641e+00,4.665134e+00,3.966672e+00,2.671900e+00,4.450977e+00,4.716018e+00,4.127684e+00,4.616528e+00,4.492648e+00,4.680711e+00,4.574271e+00,3.892011e+00,4.459752e+00,4.142002e+00,4.573325e+00,4.786532e+00,4.926567e+00,4.947550e+00,4.927069e+00,4.271047e+00,3.225691e+00,4.444999e+00,4.756415e+00,4.045699e+00,4.603183e+00,3.784287e+00,3.520932e+00,4.546022e+00,3.684982e+00,2.574427e+00,4.294681e+00,4.237260e+00,4.787537e+00,3.658252e+00,4.645928e+00,4.811509e+00,4.536699e+00,3.690361e+00,4.708759e+00,4.543293e+00,4.087954e+00,4.186489e+00,4.825428e+00,4.667287e+00,4.825136e+00,4.692103e+00,4.570134e+00,4.965981e+00,4.901553e+00,5.006878e+00,4.407896e+00,3.904052e+00,4.136263e+00,2.882149e+00,3.584639e+00,4.874079e+00,4.595665e+00,4.481799e+00,4.973515e+00,4.897905e+00,4.490398e+00,4.825720e+00,4.814723e+00,4.883376e+00,4.830437e+00,4.127876e+00,4.911836e+00,4.842158e+00,4.756836e+00,4.888197e+00,4.683210e+00,3.577909e+00,4.811938e+00,4.746267e+00,4.792491e+00,4.681178e+00,4.524464e+00,4.651854e+00,4.590263e+00,4.778083e+00,4.696413e+00,5.001844e+00,4.911993e+00,4.691156e+00,4.393926e+00,4.832462e+00,4.540728e+00,4.766741e+00,5.004311e+00,4.742202e+00,4.783422e+00,4.871696e+00,4.951074e+00
4.596580e+00,4.956501e+00,4.814816e+00,4.976243e+00,4.950048e+00,4.875282e+00,4.359958e+00,4.986240e+00,4.944828e+00,4.730712e+00,4.430334e+00,4.857457e+00,4.922533e+00,4.649345e+00,4.877333e+00,4.845719e+00,5.023313e+00,4.607757e+00,4.909548e+00,4.864743e+00,4.597799e+00,4.538469e+00,4.975085e+00,4.578360e+00,4.526255e+00,4.560574e+00,4.419725e+00,4.440951e+00,4.734410e+00,4.638434e+00,4.714739e+00,4.776938e+00,4.104096e+00,2.643895e+00,2.312142e+00,2.691235e+00,2.518609e+00,2.908062e+00,2.959629e+00,3.266733e+00,2.903122e+00,2.620242e+00,2.778823e+00,2.560842e+00,2.320199e+00,3.161590e+00,2.303266e+00,2.728012e+00,2.596766e+00,2.690258e+00,2.684842e+00,2.610807e+00,3.329957e+00,2.792875e+00,2.434651e+00,2.384731e+00,2.424705e+00,3.812955e+00,4.456358e+00,3.973418e+00,3.182616e+00,3.982381e+00,3.893275e+00,3.782616e+00,2.870038e+00,3.493406e+00,2.657606e+00,2.644654e+00,2.333379e+00,4.212489e+00,2.685316e+00,2.347426e+00,2.618946e+00,2.577671e+00,3.469057e+00,2.504789e+00,2.649837e+00,4.192328e+00,3.067747e+00,2.698769e+00,2.250568e+00,2.652005e+00,2.574471e+00,2.406158e+00,4.207989e+00,2.769047e+00,3.974768e+00,3.969482e+00,2.478161e+00,4.161581e+00,2.858748e+00,4.396702e+00,3.496976e+00,3.599193e+00,4.661502e+00,3.948759e+00,3.893141e+00,4.321482e+00,3.014877e+00,3.763527e+00,4.343744e+00,4.533710e+00,4.521685e+00,3.036325e+00,2.824340e+00,4.276873e+00,4.555490e+00,4.856925e+00,4.426864e+00,4.660786e+00,4.907684e+00,4.546367e+00,4.707436e+00,4.314151e+00,3.931081e+00,4.384467e+00,3.185209e+00,4.551834e+00,4.455109e+00,4.512456e+00,4.184954e+00,4.435609e+00,4.026177e+00,4.775418e+00,2.968322e+00,3.863851e+00,4.737790e+00,2.945779e+00,3.833586e+00,4.386921e+00,4.338029e+00,2.727312e+00,2.609905e+00,4.476597e+00,4.892120e+00,4.707829e+00,4.765997e+00,4.776784e+00,4.149650e+00,3.649161e+00,4.826630e+00,3.470877e+00,2.850687e+00,2.731320e+00,4.439877e+00,4.177968e+00,3.826048e+00,4.741927e+00,4.585382e+00,4.523368e+00,4.042598e+00,4.831831e+00,4.218522e+00,4.851703e+00,4.654869e+00,4.641165e+00,4.412027e+00,4.476524e+00,4.513252e+00,4.819923e+00,4.716168e+00,4.549464e+00,4.565575e+00,4.150412e+00,4.626823e+00,4.767955e+00,4.827241e+00,4.728976e+00,4.828581e+00,4.921778e+00,4.800977e+00,4.869428e+00,3.890988e+00,2.790924e+00,2.566226e+00,3.779420e+00,4.855653e+00,3.961021e+00,4.957883e+00,4.664293e+00,4.961252e+00,4.646611e+00,4.399599e+00,4.705906e+00,4.849879e+00,4.975501e+00,4.818040e+00,4.897857e+00,4.861132e+00,4.406844e+00,4.944813e+00,4.795365e+00,4.409250e+00,4.651516e+00,4.209444e+00,4.188869e+00,4.868866e+00,4.683450e+00,4.817851e+00,4.787505e+00,3.675616e+00,4.730611e+00,4.807633e+00,4.376861e+00,4.935826e+00,4.587737e+00,4.305838e+00,4.668419e+00,4.644307e+00,4.952069e+00,4.800567e+00,4.063094e+00,4.916168e+00,4.733843e+00,4.739272e+00
4.664484e+00,4.650254e+00,4.745690e+00,4.838389e+00,4.818104e+00,4.764048e+00,4.603519e+00,4.758145e+00,4.679086e+00,4.259337e+00,4.874299e+00,4.927064e+00,4.786317e+00,4.653004e+00,4.817684e+00,4.675566e+00,4.746085e+00,4.945615e+00,4.791733e+00,4.605930e+00,4.697176e+00,4.251883e+00,4.698759e+00,4.923064e+00,4.919810e+00,4.304776e+00,3.043786e+00,4.712452e+00,4.938993e+00,4.412629e+00,4.679230e+00,4.824181e+00,4.496488e+00,4.554967e+00,3.329594e+00,2.594179e+00,2.447341e+00,3.334977e+00,3.472994e+00,2.774140e+00,2.695762e+00,3.217665e+00,3.420580e+00,4.295341e+00,2.856952e+00,2.786016e+00,3.630115e+00,2.349031e+00,2.191568e+00,2.445969e+00,2.388403e+00,2.479433e+00,2.656357e+00,4.133751e+00,2.306078e+00,2.704286e+00,4.302458e+00,3.164123e+00,3.230042e+00,4.245736e+00,4.546151e+00,3.081342e+00,3.298390e+00,2.772871e+00,4.027953e+00,3.806453e+00,3.381055e+00,2.193693e+00,2.800370e+00,3.158333e+00,2.546224e+00,4.321305e+00,2.243330e+00,2.361532e+00,2.533770e+00,2.528112e+00,2.912476e+00,2.924705e+00,3.316939e+00,2.290005e+00,4.031063e+00,3.533479e+00,3.444636e+00,2.638134e+00,4.033701e+00,2.339643e+00,4.044964e+00,3.084293e+00,2.747614e+00,2.678220e+00,4.039038e+00,2.750335e+00,4.300744e+00,4.696064e+00,4.496555e+00,3.806406e+00,4.729123e+00,3.621787e+00,4.236295e+00,3.817942e+00,4.834740e+00,4.424023e+00,2.927849e+00,3.237574e+00,3.616762e+00,4.721889e+00,4.542244e+00,4.233159e+00,4.390209e+00,4.019698e+00,4.625207e+00,4.363955e+00,4.152726e+00,4.037107e+00,4.134045e+00,4.506488e+00,4.252002e+00,4.344160e+00,3.975920e+00,4.287578e+00,4.721806e+00,4.892334e+00,4.702847e+00,4.720887e+00,4.638525e+00,3.352024e+00,3.741078e+00,3.917229e+00,2.488530e+00,2.936025e+00,4.792702e+00,4.244357e+00,4.379842e+00,4.706781e+00,4.897277e+00,3.598158e+00,4.694433e+00,4.926559e+00,4.823642e+00,4.944010e+00,3.070333e+00,2.956998e+00,3.757420e+00,3.026734e+00,2.696173e+00,4.268855e+00,4.631526e+00,4.641047e+00,3.796085e+00,3.848481e+00,4.691294e+00,4.486429e+00,4.246016e+00,4.049511e+00,2.604468e+00,4.008906e+00,4.216938e+00,4.798222e+00,4.757116e+00,3.905098e+00,2.981213e+00,4.813329e+00,4.626785e+00,4.344834e+00,4.551040e+00,4.789359e+00,4.494370e+00,4.775736e+00,4.916636e+00,4.978965e+00,4.658681e+00,2.947383e+00,3.446313e+00,2.909339e+00,2.732638e+00,4.047155e+00,3.178532e+00,4.894613e+00,4.683542e+00,3.280473e+00,4.753502e+00,4.684182e+00,4.907975e+00,4.909679e+00,4.191196e+00,4.689315e+00,4.966047e+00,4.696723e+00,4.844507e+00,4.782178e+00,4.921584e+00,4.875991e+00,4.781307e+00,4.936936e+00,4.926713e+00,4.016796e+00,4.893350e+00,4.207066e+00,4.106620e+00,4.801398e+00,4.719486e+00,4.780798e+00,4.539971e+00,4.459759e+00,4.146402e+00,4.593318e+00,4.401157e+00,4.676236e+00,4.718760e+00,4.866534e+00,4.797879e+00,4.947908e+00,4.872566e+00,4.878129e+00,4.794668e+00
4.831380e+00,4.827201e+00,4.882876e+00,4.862438e+00,4.504834e+00,4.820286e+00,4.810949e+00,4.944466e+00,4.826948e+00,4.911506e+00,4.876779e+00,4.848659e+00,4.745729e+00,4.919919e+00,4.823063e+00,4.734148e+00,4.368255e+00,4.589945e+00,4.795732e+00,4.625964e+00,4.883330e+00,4.917673e+00,4.682030e+00,4.947670e+00,4.317143e+00,4.615791e+00,4.913072e+00,4.384749e+00,4.167649e+00,4.618852e+00,4.953280e+00,4.672946e+00,4.845751e+00,4.486966e+00,4.614377e+00,3.981474e+00,2.301662e+00,4.051417e+00,3.523610e+00,3.146913e+00,2.241748e+00,4.655135e+00,3.932707e+00,4.376975e+00,2.584566e+00,2.703045e+00,3.777957e+00,3.057232e+00,2.522877e+00,2.277133e+00,2.757901e+00,2.609131e+00,4.290160e+00,3.535045e+00,4.442705e+00,2.395879e+00,3.574506e+00,2.540440e+00,2.319601e+00,2.227042e+00,2.421445e+00,2.812145e+00,4.379087e+00,2.714456e+00,2.794721e+00,2.428199e+00,3.770364e+00,4.291647e+00,2.871839e+00,2.575780e+00,2.817789e+00,2.350057e+00,3.880422e+00,4.007667e+00,2.690892e+00,2.944644e+00,3.700219e+00,2.692541e+00,2.695220e+00,3.405744e+00,2.482198e+00,3.245437e+00,2.300608e+00,2.574229e+00,4.727419e+00,3.685493e+00,3.921439e+00,4.667299e+00,3.278542e+00,4.264563e+00,3.320618e+00,3.358478e+00,3.278258e+00,4.405133e+00,4.259511e+00,4.384964e+00,4.094604e+00,4.573302e+00,4.316580e+00,3.484843e+00,4.157736e+00,4.871841e+00,4.361884e+00,4.717129e+00,4.204800e+00,4.099885e+00,4.652171e+00,4.921385e+00,4.284683e+00,4.149238e+00,3.526950e+00,3.923445e+00,3.729887e+00,4.259325e+00,4.621729e+00,4.612845e+00,3.031202e+00,4.218301e+00,4.683429e+00,4.631029e+00,3.779934e+00,4.489294e+00,3.880209e+00,4.456964e+00,3.568972e+00,3.913154e+00,3.419140e+00,3.827963e+00,4.228410e+00,3.330179e+00,3.687484e+00,4.523008e+00,4.774197e+00,4.851044e+00,4.234783e+00,4.779965e+00,4.680706e+00,4.636525e+00,4.064858e+00,3.456236e+00,3.400444e+00,2.653283e+00,3.129348e+00,4.279968e+00,3.339901e+00,4.801895e+00,3.775492e+00,4.399948e+00,3.160172e+00,4.451054e+00,4.014227e+00,4.645101e+00,4.908827e+00,4.622408e+00,4.624649e+00,4.501330e+00,4.554226e+00,4.450852e+00,4.358797e+00,3.474049e+00,4.104705e+00,4.319638e+00,4.688243e+00,4.737974e+00,4.840824e+00,4.809740e+00,4.571930e+00,4.882371e+00,4.987839e+00,4.538933e+00,4.416576e+00,4.460658e+00,3.193735e+00,4.471195e+00,4.808432e+00,4.854716e+00,4.765525e+00,4.904768e+00,4.480466e+00,4.649517e+00,4.595523e+00,4.862736e+00,4.772060e+00,4.702334e+00,4.897108e+00,4.750059e+00,4.735616e+00,4.929895e+00,4.800790e+00,4.576860e+00,4.823629e+00,4.339755e+00,4.667960e+00,4.630176e+00,4.767154e+00,4.604320e+00,5.107686e+00,4.814076e+00,4.151311e+00,4.742177e+00,4.743163e+00,4.747401e+00,4.816642e+00,4.948884e+00,4.564954e+00,4.398313e+00,4.838035e+00,4.797282e+00,4.977987e+00,4.739614e+00,4.851593e+00,4.894067e+00,4.882232e+00,4.866719e+00,4.567311e+00
4.649152e+00,4.921757e+00,4.682604e+00,4.804475e+00,4.988409e+00,4.783840e+00,4.678249e+00,4.828046e+00,4.940383e+00,4.763989e+00,4.795870e+00,4.851123e+00,4.860927e+00,4.494473e+00,4.773600e+00,4.744871e+00,4.996553e+00,4.792013e+00,4.728938e+00,4.482918e+00,4.886259e+00,4.900948e+00,4.793177e+00,4.802127e+00,4.960980e+00,3.388621e+00,4.514264e+00,4.733126e+00,4.065249e+00,3.548224e+00,4.375568e+00,4.983752e+00,4.940540e+00,4.744840e+00,4.675151e+00,4.611360e+00,3.999286e+00,4.042056e+00,2.799530e+00,4.328670e+00,4.220595e+00,4.093276e+00,4.129560e+00,3.414378e+00,2.631695e+00,2.649910e+00,2.690273e+00,3.026455e+00,2.852311e+00,2.837878e+00,2.777916e+00,3.219878e+00,3.765272e+00,3.987449e+00,3.529017e+00,2.957567e+00,2.176434e+00,4.482610e+00,3.184752e+00,2.441952e+00,3.479106e+00,2.527579e+00,2.401616e+00,3.020304e+00,3.536426e+00,4.312555e+00,2.402308e+00,4.467205e+00,4.754659e+00,4.390555e+00,2.776900e+00,3.373962e+00,2.856063e+00,2.684909e+00,2.632937e+00,2.536744e+00,2.869694e+00,2.524520e+00,3.749629e+00,2.645361e+00,2.561798e+00,3.868786e+00,3.591722e+00,2.724977e+00,3.579490e+00,3.209539e+00,2.953861e+00,3.794398e+00,2.945992e+00,2.935658e+00,4.047774e+00,3.148359e+00,2.695553e+00,3.132056e+00,4.422076e+00,4.257710e+00,3.912498e+00,4.686638e+00,4.132718e+00,3.643152e+00,5.056833e+00,4.880980e+00,4.365977e+00,3.869953e+00,3.882271e+00,2.977095e+00,3.789037e+00,4.480834e+00,4.849167e+00,3.572855e+00,4.291527e+00,4.594120e+00,4.787674e+00,3.721898e+00,4.493735e+00,4.598420e+00,4.034469e+00,4.634262e+00,4.709293e+00,3.985444e+00,4.872268e+00,3.618967e+00,2.782633e+00,4.803336e+00,3.865993e+00,4.470085e+00,4.303619e+00,4.418360e+00,3.452444e+00,4.835429e+00,4.829705e+00,4.752103e+00,4.436831e+00,3.890985e+00,4.933981e+00,4.551384e+00,3.440319e+00,4.210201e+00,4.208095e+00,4.636477e+00,4.342565e+00,4.064352e+00,3.799205e+00,3.513344e+00,3.471839e+00,4.366160e+00,4.513227e+00,4.337168e+00,4.565751e+00,4.804507e+00,4.634427e+00,4.615705e+00,4.339852e+00,3.474308e+00,4.677511e+00,4.693726e+00,4.297980e+00,4.625979e+00,4.672378e+00,4.849082e+00,4.371607e+00,2.561373e+00,4.823779e+00,4.380075e+00,4.830898e+00,4.973122e+00,4.928043e+00,4.685473e+00,4.661422e+00,4.238045e+00,2.955924e+00,3.418623e+00,4.644167e+00,4.724047e+00,4.838923e+00,5.013634e+00,4.718466e+00,4.927885e+00,5.080061e+00,4.787796e+00,4.696334e+00,4.919020e+00,4.746098e+00,4.926645e+00,4.953982e+00,4.809960e+00,4.748678e+00,4.704708e+00,4.880182e+00,4.503996e+00,4.878433e+00,4.270716e+00,4.743790e+00,4.022775e+00,4.645625e+00,4.499107e+00,4.943352e+00,4.790422e+00,4.624727e+00,4.698968e+00,4.769720e+00,4.806800e+00,4.752454e+00,4.718705e+00,4.728746e+00,4.781883e+00,4.335035e+00,4.669634e+00,4.864986e+00,4.628849e+00,5.037832e+00,5.008672e+00,4.954800e+00,3.993503e+00,4.845456e+00
4.647661e+00,4.901263e+00,4.865172e+00,4.751508e+00,4.931643e+00,4.574259e+00,4.956031e+00,4.798027e+00,4.664201e+00,4.857449e+00,4.735426e+00,4.708507e+00,4.240360e+00,4.471677e+00,4.714052e+00,4.673805e+00,4.700252e+00,4.868065e+00,4.891419e+00,4.511017e+00,4.659265e+00,4.896294e+00,4.731412e+00,4.857841e+00,4.681171e+00,4.823932e+00,2.850299e+00,2.820950e+00,4.795672e+00,4.187838e+00,4.659475e+00,4.805101e+00,4.553614e+00,4.693782e+00,4.404212e+00,4.127618e+00,3.425626e+00,3.114970e+00,3.817140e+00,4.352279e+00,2.527007e+00,2.236766e+00,2.487044e+00,3.384507e+00,4.537690e+00,2.239992e+00,2.628531e+00,2.623544e+00,2.682173e+00,3.168878e+00,3.431018e+00,2.549574e+00,2.891963e+00,3.396251e+00,2.357493e+00,2.236035e+00,3.665361e+00,3.590639e+00,2.301718e+00,4.650052e+00,2.632223e+00,2.095190e+00,2.246102e+00,2.416109e+00,2.364143e+00,2.754180e+00,3.173966e+00,3.786701e+00,2.250067e+00,2.797569e+00,2.508953e+00,2.584964e+00,4.561431e+00,2.486453e+00,2.799263e+00,2.393069e+00,2.982179e+00,2.574624e+00,3.854540e+00,2.681557e+00,3.861517e+00,3.316396e+00,3.527937e+00,4.138533e+00,3.517472e+00,2.787590e+00,3.775844e+00,4.551045e+00,4.300408e+00,2.913530e+00,3.400214e+00,4.886553e+00,4.191849e+00,2.311744e+00,4.161685e+00,4.722665e+00,2.813037e+00,2.589839e+00,3.568450e+00,4.730950e+00,4.761858e+00,4.873937e+00,4.836731e+00,4.462579e+00,3.835425e+00,3.880648e+00,4.540576e+00,3.726341e+00,4.133936e+00,4.820924e+00,4.407593e+00,2.737303e+00,3.047804e+00,3.630689e+00,4.236297e+00,4.549709e+00,4.396722e+00,4.758392e+00,2.895502e+00,3.515902e+00,4.346050e+00,4.398659e+00,4.494724e+00,4.517989e+00,4.280238e+00,3.954396e+00,4.428485e+00,4.558795e+00,5.016419e+00,4.779711e+00,4.904217e+00,4.752226e+00,4.856331e+00,4.744050e+00,3.790638e+00,3.127819e+00,2.915866e+00,2.581285e+00,3.824664e+00,4.180009e+00,4.650659e+00,4.568530e+00,4.235745e+00,3.403991e+00,4.331716e+00,3.706510e+00,4.837816e+00,4.239955e+00,4.797701e+00,4.716389e+00,4.689359e+00,4.692332e+00,3.972665e+00,4.579215e+00,4.680132e+00,4.769899e+00,4.609367e+00,4.699366e+00,4.591377e+00,4.759315e+00,4.729510e+00,4.892765e+00,4.342924e+00,4.622436e+00,4.572834e+00,4.903769e+00,4.944930e+00,4.611716e+00,4.575715e+00,3.844589e+00,2.423896e+00,2.615338e+00,4.789095e+00,4.755443e+00,4.557467e+00,4.660373e+00,5.017735e+00,4.874797e+00,4.927917e+00,5.010401e+00,4.880422e+00,4.958318e+00,4.539173e+00,4.949648e+00,4.880376e+00,4.896784e+00,4.958363e+00,4.801842e+00,4.920766e+00,4.347953e+00,4.366587e+00,4.713035e+00,4.835780e+00,4.757335e+00,4.818226e+00,4.769414e+00,4.644163e+00,4.602760e+00,3.253997e+00,4.581269e+00,4.820490e+00,4.655702e+00,4.780612e+00,4.910514e+00,4.870381e+00,4.893002e+00,4.728831e+00,4.423555e+00,4.649436e+00,4.793963e+00,4.652196e+00,4.849019e+00,4.837008e+00,4.962765e+00,4.643571e+00
4.625816e+00,4.955925e+00,4.515173e+00,4.869759e+00,4.618311e+00,4.774790e+00,4.573279e+00,4.946433e+00,4.942839e+00,4.748142e+00,4.781195e+00,4.716933e+00,4.792518e+00,4.880743e+00,4.800947e+00,4.732537e+00,4.681857e+00,4.773087e+00,4.719792e+00,4.384558e+00,4.825190e+00,4.763747e+00,4.776170e+00,4.945886e+00,4.732254e+00,4.657804e+00,4.976264e+00,3.268404e+00,4.883682e+00,4.698812e+00,4.023666e+00,4.820393e+00,4.996916e+00,4.807438e+00,4.729558e+00,4.903269e+00,4.367276e+00,4.520326e+00,2.649086e+00,4.407212e+00,4.153258e+00,4.547345e+00,3.768970e+00,3.456967e+00,2.207351e+00,2.584978e+00,2.237276e+00,2.344502e+00,2.747422e+00,2.814733e+00,4.009557e+00,2.608221e+00,3.097570e+00,3.442446e+00,2.773709e+00,2.363305e+00,2.286455e+00,2.871313e+00,3.609084e+00,3.569360e+00,4.399966e+00,4.074842e+00,3.004300e+00,5.100844e+00,2.909549e+00,3.116361e+00,3.401989e+00,2.852193e+00,2.538646e+00,3.645228e+00,3.897126e+00,4.262167e+00,3.454153e+00,4.517264e+00,2.577943e+00,2.860065e+00,3.171591e+00,3.996664e+00,3.565163e+00,3.468697e+00,4.755770e+00,4.076985e+00,4.404409e+00,3.954655e+00,3.897033e+00,2.431981e+00,2.545769e+00,4.294468e+00,3.666171e+00,4.415907e+00,2.758591e+00,3.258399e+00,3.532227e+00,2.632831e+00,4.433206e+00,3.666442e+00,4.807960e+00,3.119052e+00,2.687746e+00,4.361807e+00,4.842997e+00,4.509481e+00,4.308349e+00,3.082061e+00,3.601988e+00,3.659237e+00,2.842686e+00,4.626127e+00,4.534150e+00,4.269447e+00,4.694221e+00,4.265459e+00,3.908592e+00,4.507242e+00,4.437299e+00,4.631083e+00,3.677193e+00,4.319923e+00,4.721298e+00,2.991873e+00,3.618709e+00,2.953252e+00,2.585620e+00,2.872802e+00,4.064655e+00,4.876408e+00,4.977265e+00,4.772276e+00,4.271623e+00,4.433691e+00,4.997210e+00,4.696411e+00,2.964869e+00,3.158571e+00,4.503508e+00,3.005699e+00,3.027559e+00,3.756310e+00,4.214504e+00,4.326561e+00,3.074770e+00,4.583352e+00,4.569498e+00,4.597836e+00,4.417286e+00,3.378127e+00,4.422581e+00,3.579256e+00,4.236218e+00,4.738989e+00,4.543675e+00,4.880798e+00,4.686369e+00,4.461338e+00,4.011021e+00,4.039901e+00,4.760590e+00,4.486402e+00,4.815234e+00,4.545592e+00,4.593712e+00,4.679230e+00,4.719460e+00,4.910133e+00,4.913674e+00,4.843418e+00,4.712208e+00,3.031227e+00,4.737921e+00,4.606502e+00,2.891073e+00,2.737909e+00,4.855753e+00,4.862564e+00,4.764645e+00,4.866238e+00,4.755135e+00,4.839093e+00,5.021697e+00,5.011576e+00,4.960639e+00,4.693538e+00,4.915651e+00,4.716384e+00,4.641482e+00,4.890388e+00,4.959396e+00,4.937007e+00,4.583109e+00,4.035703e+00,4.951112e+00,4.233235e+00,4.685882e+00,4.762079e+00,4.729540e+00,3.769995e+00,3.622587e+00,4.946789e+00,4.892032e+00,4.649526e+00,4.357167e+00,4.332089e+00,4.539148e+00,4.466996e+00,4.579488e+00,4.927806e+00,4.754179e+00,4.557572e+00,4.986818e+00,4.814182e+00,4.862698e+00,4.929391e+00,4.805681e+00,4.945587e+00,4.652701e+00
4.930396e+00,4.866974e+00,4.896011e+00,4.784707e+00,4.730472e+00,4.779526e+00,4.913333e+00,4.798404e+00,4.601099e+00,4.812864e+00,4.806673e+00,4.707602e+00,4.683387e+00,4.077504e+00,3.692953e+00,4.878046e+00,4.799915e+00,4.705703e+00,4.720964e+00,4.640210e+00,4.745121e+00,4.942919e+00,4.742896e+00,4.901219e+00,4.846544e+00,4.946169e+00,4.903586e+00,4.718075e+00,4.895400e+00,3.808516e+00,4.361280e+00,4.226713e+00,4.188451e+00,4.818585e+00,4.734914e+00,4.708015e+00,4.550388e+00,4.254435e+00,3.908305e+00,4.633634e+00,2.774596e+00,4.518795e+00,3.075985e+00,2.247550e+00,2.343411e+00,4.128207e+00,2.571308e+00,4.517664e+00,3.038454e+00,3.200318e+00,4.492286e+00,4.238191e+00,3.099016e+00,3.465259e+00,2.336486e+00,2.325229e+00,3.721401e+00,4.624212e+00,4.683413e+00,3.333244e+00,2.556738e+00,4.458717e+00,2.280434e+00,2.640769e+00,3.236114e+00,2.340262e+00,4.159532e+00,2.357544e+00,2.844679e+00,3.827815e+00,3.125931e+00,4.081668e+00,3.406943e+00,2.566147e+00,3.710826e+00,3.269027e+00,2.580000e+00,3.684438e+00,3.388410e+00,4.061660e+00,2.438885e+00,4.106156e+00,4.171845e+00,2.246173e+00,4.697550e+00,3.248744e+00,4.107951e+00,2.502015e+00,2.358788e+00,3.495640e+00,3.859268e+00,2.643743e+00,3.882210e+00,4.370653e+00,3.700521e+00,3.895157e+00,4.347775e+00,3.259059e+00,4.667295e+00,4.051674e+00,4.600229e+00,4.715714e+00,4.795602e+00,3.315508e+00,4.764640e+00,4.928587e+00,2.904523e+00,2.902077e+00,2.941311e+00,4.554523e+00,4.414825e+00,3.853295e+00,4.278522e+00,3.536536e+00,3.789567e+00,4.201569e+00,3.239857e+00,4.399540e+00,2.801381e+00,4.646254e+00,4.003899e+00,2.660743e+00,4.689589e+00,4.877132e+00,4.680240e+00,4.808836e+00,4.718761e+00,4.084768e+00,4.685399e+00,4.950185e+00,2.821736e+00,4.500555e+00,3.496800e+00,4.794698e+00,4.381536e+00,4.492821e+00,4.612299e+00,2.474711e+00,4.235394e+00,3.127164e+00,3.342242e+00,4.789957e+00,4.520156e+00,4.238364e+00,4.778718e+00,4.331592e+00,3.986979e+00,3.764600e+00,4.468349e+00,4.730205e+00,4.419088e+00,4.131740e+00,4.522818e+00,4.732039e+00,4.783616e+00,4.811718e+00,4.257904e+00,4.672948e+00,4.429078e+00,4.714672e+00,4.350318e+00,4.492681e+00,4.918284e+00,4.619525e+00,4.950852e+00,4.825270e+00,4.452369e+00,3.365220e+00,4.088831e+00,4.207309e+00,2.464192e+00,4.509425e+00,2.592849e+00,4.975158e+00,4.944478e+00,4.577071e+00,4.587079e+00,4.715750e+00,4.753890e+00,4.768143e+00,4.912891e+00,4.904626e+00,4.857220e+00,4.708478e+00,4.636806e+00,4.590448e+00,5.023500e+00,4.634906e+00,4.897280e+00,4.730908e+00,5.020194e+00,4.797877e+00,4.571319e+00,4.618302e+00,4.918648e+00,4.876387e+00,4.244949e+00,4.831123e+00,4.884825e+00,4.335225e+00,4.760415e+00,4.778097e+00,4.315399e+00,4.877516e+00,4.938527e+00,4.831829e+00,4.689960e+00,4.861490e+00,4.720163e+00,4.804434e+00,4.541934e+00,4.826462e+00,4.856420e+00,4.817415e+00,4.700930e+00
4.833599e+00,4.487042e+00,4.775857e+00,4.825131e+00,4.768487e+00,4.842836e+00,4.850444e+00,4.851117e+00,4.809303e+00,4.682135e+00,4.825184e+00,5.012111e+00,4.196850e+00,4.738556e+00,4.737686e+00,4.941195e+00,4.819388e+00,4.718128e+00,4.739866e+00,4.984494e+00,4.839433e+00,4.937430e+00,4.888765e+00,4.823518e+00,4.787680e+00,4.880250e+00,4.665027e+00,4.643242e+00,4.640206e+00,4.587480e+00,4.796541e+00,4.182421e+00,3.950243e+00,4.872138e+00,4.241585e+00,4.990751e+00,4.955989e+00,4.937911e+00,4.199485e+00,3.528204e+00,3.969072e+00,4.455364e+00,2.621437e+00,2.603059e+00,4.104831e+00,4.208397e+00,3.531743e+00,2.744572e+00,2.171454e+00,4.452465e+00,4.361450e+00,3.528807e+00,3.829914e+00,4.271436e+00,2.580288e+00,2.323462e+00,4.504857e+00,4.514178e+00,2.156311e+00,3.152075e+00,2.510617e+00,4.069927e+00,3.031278e+00,2.508363e+00,2.448192e+00,2.485311e+00,2.687732e+00,3.044631e+00,2.295826e+00,3.895534e+00,2.344254e+00,2.887252e+00,2.489452e+00,2.786654e+00,2.906612e+00,2.401505e+00,3.618545e+00,3.219491e+00,2.603359e+00,3.916948e+00,2.411395e+00,2.691571e+00,2.298995e+00,3.199823e+00,3.765956e+00,2.159634e+00,2.452889e+00,4.050529e+00,4.661450e+00,4.654696e+00,3.315968e+00,3.532043e+00,2.774276e+00,4.527366e+00,4.543491e+00,3.822887e+00,2.895232e+00,3.954726e+00,4.719736e+00,4.599804e+00,4.868583e+00,4.726511e+00,4.742623e+00,2.806827e+00,2.531770e+00,3.103707e+00,3.792848e+00,2.597966e+00,4.659135e+00,3.611400e+00,2.653825e+00,3.476061e+00,4.459009e+00,4.150634e+00,2.715130e+00,4.252597e+00,3.855262e+00,3.561213e+00,4.744289e+00,4.307739e+00,4.504091e+00,2.642747e+00,4.328803e+00,4.882727e+00,4.826321e+00,2.587784e+00,4.782739e+00,4.674904e+00,4.671944e+00,2.944683e+00,2.996498e+00,4.146548e+00,3.624816e+00,4.500427e+00,4.742262e+00,2.573729e+00,3.468524e+00,4.192206e+00,4.327771e+00,2.634335e+00,4.954560e+00,3.748743e+00,4.309741e+00,4.859701e+00,4.503307e+00,4.530221e+00,4.394991e+00,4.316497e+00,4.362059e+00,4.774547e+00,3.571998e+00,4.785074e+00,4.716784e+00,4.672779e+00,4.553286e+00,4.810375e+00,4.591185e+00,4.694144e+00,5.063781e+00,4.285907e+00,4.642566e+00,4.981360e+00,4.650060e+00,4.737761e+00,4.723864e+00,4.623358e+00,2.959888e+00,2.128118e+00,3.939394e+00,3.945336e+00,4.601914e+00,2.384197e+00,4.994696e+00,4.879997e+00,4.789779e+00,4.796840e+00,4.858051e+00,4.779857e+00,4.849534e+00,4.962287e+00,4.678822e+00,4.723229e+00,4.868107e+00,4.647564e+00,4.599691e+00,4.838978e+00,4.570031e+00,4.969192e+00,4.773709e+00,4.854043e+00,3.647961e+00,4.513971e+00,4.533862e+00,4.825621e+00,4.627145e+00,4.579388e+00,3.737403e+00,4.675335e+00,4.742108e+00,4.450171e+00,4.082534e+00,4.921838e+00,4.886899e+00,4.855387e+00,4.906188e+00,4.727470e+00,4.649475e+00,4.742304e+00,4.580090e+00,4.942970e+00,4.789708e+00,4.882948e+00,4.898535e+00,4.868986e+00,4.845990e+00
4.622300e+00,4.827594e+00,4.896249e+00,4.561520e+00,4.834203e+00,4.683186e+00,4.844586e+00,4.893239e+00,4.863672e+00,4.971935e+00,4.943059e+00,4.661027e+00,4.481455e+00,4.424938e+00,4.856595e+00,4.012165e+00,4.861684e+00,4.168398e+00,4.892618e+00,4.733616e+00,4.824178e+00,5.023280e+00,4.934391e+00,4.578751e+00,4.748156e+00,4.875780e+00,4.608043e+00,4.809170e+00,4.745493e+00,4.489127e+00,3.178283e+00,4.694843e+00,4.843595e+00,4.529115e+00,4.663480e+00,4.551453e+00,4.871547e+00,4.830189e+00,4.712534e+00,4.917575e+00,4.218277e+00,4.015017e+00,3.737455e+00,4.411812e+00,3.935369e+00,2.740771e+00,3.173427e+00,3.576608e+00,2.864317e+00,2.636264e+00,2.545458e+00,2.394975e+00,3.370737e+00,2.681482e+00,3.843985e+00,2.712431e+00,2.571696e+00,2.551393e+00,2.732929e+00,3.055598e+00,2.578075e+00,4.230886e+00,2.484953e+00,2.767575e+00,2.643607e+00,2.558796e+00,2.916814e+00,2.673781e+00,4.007391e+00,4.813886e+00,4.610745e+00,3.372097e+00,2.693209e+00,2.851444e+00,3.658463e+00,4.314557e+00,2.587184e+00,2.665544e+00,2.634348e+00,3.230998e+00,2.786761e+00,2.869659e+00,3.821428e+00,2.661840e+00,4.390387e+00,4.702403e+00,4.232224e+00,2.870556e+00,3.926607e+00,4.757588e+00,4.877497e+00,4.747307e+00,5.047465e+00,4.887564e+00,4.754052e+00,4.572576e+00,4.600930e+00,4.723141e+00,4.595097e+00,4.842556e+00,4.813972e+00,4.471263e+00,4.537997e+00,3.579191e+00,4.128070e+00,4.866482e+00,2.853291e+00,2.495841e+00,4.230250e+00,2.791233e+00,4.540166e+00,3.839820e+00,4.251343e+00,4.762668e+00,4.408956e+00,3.612603e+00,3.051195e+00,2.875892e+00,4.067202e+00,4.531146e+00,3.155134e+00,3.955785e+00,5.032716e+00,4.794260e+00,4.838115e+00,4.789556e+00,3.263390e+00,2.919959e+00,4.699776e+00,3.266248e+00,4.027371e+00,3.955753e+00,4.020546e+00,4.145306e+00,3.464698e+00,4.912902e+00,4.303579e+00,4.487604e+00,4.364198e+00,4.874293e+00,4.722075e+00,4.673387e+00,3.907693e+00,4.120585e+00,2.702614e+00,4.651653e+00,4.391244e+00,4.051933e+00,4.266635e+00,4.890488e+00,4.666817e+00,4.699068e+00,4.226460e+00,4.605313e+00,4.555691e+00,4.911411e+00,4.828336e+00,4.523740e+00,4.573496e+00,4.761820e+00,5.037775e+00,4.900311e+00,4.722814e+00,4.970241e+00,4.463184e+00,2.715836e+00,3.188211e+00,3.831250e+00,4.435779e+00,4.620103e+00,4.167272e+00,4.703355e+00,5.028147e+00,4.502359e+00,4.890052e+00,4.794377e+00,4.675704e+00,4.932204e+00,4.816068e+00,4.846818e+00,4.953728e+00,4.707768e+00,4.750661e+00,4.838849e+00,4.537303e+00,4.935361e+00,4.928613e+00,4.898707e+00,4.690999e+00,4.386454e+00,4.482266e+00,4.867596e+00,4.626404e+00,4.603872e+00,4.958747e+00,4.250189e+00,4.479012e+00,4.039739e+00,4.722631e+00,4.394743e+00,4.718503e+00,4.545791e+00,4.904313e+00,4.088975e+00,4.640088e+00,4.806171e+00,4.615415e+00,4.626449e+00,4.987882e+00,4.918057e+00,4.863810e+00,4.917320e+00,4.927624e+00,4.714533e+00,4.822924e+00
4.921701e+00,5.038634e+00,4.950600e+00,4.794981e+00,4.835733e+00,4.685188e+00,4.924798e+00,5.026401e+00,4.809362e+00,4.711524e+00,4.752280e+00,4.764078e+00,4.794638e+00,3.278611e+00,4.415453e+00,4.688510e+00,4.824388e+00,4.874868e+00,4.805390e+00,4.574437e+00,4.621121e+00,4.852330e+00,4.904941e+00,4.618361e+00,4.623650e+00,4.805888e+00,4.937073e+00,4.825487e+00,4.852249e+00,4.812257e+00,4.736472e+00,4.160080e+00,3.339888e+00,4.655886e+00,4.743510e+00,4.857900e+00,4.561177e+00,4.731232e+00,4.797305e+00,5.017166e+00,4.829102e+00,4.319827e+00,4.341678e+00,4.428780e+00,3.851284e+00,2.769507e+00,2.859628e+00,3.531255e+00,2.480461e+00,2.631619e+00,2.501257e+00,4.783358e+00,3.869413e+00,3.388012e+00,2.532547e+00,3.905574e+00,2.288530e+00,2.245077e+00,2.583956e+00,2.677647e+00,3.900142e+00,2.619005e+00,2.627643e+00,3.868105e+00,4.521663e+00,4.194607e+00,3.643350e+00,2.612607e+00,2.435913e+00,3.294584e+00,3.205985e+00,3.906775e+00,2.652710e+00,2.291302e+00,4.446576e+00,2.471385e+00,2.615771e+00,3.494817e+00,3.431726e+00,2.311058e+00,2.410989e+00,4.037098e+00,2.976356e+00,3.562649e+00,2.555969e+00,4.503575e+00,2.630245e+00,3.536339e+00,3.473627e+00,3.543264e+00,4.670876e+00,4.567219e+00,4.838237e+00,4.812817e+00,4.810954e+00,4.709937e+00,4.894205e+00,4.722530e+00,4.735532e+00,4.878217e+00,4.737858e+00,4.823013e+00,4.892190e+00,4.683942e+00,3.958766e+00,2.809935e+00,3.135044e+00,4.142729e+00,4.219769e+00,4.566537e+00,3.781004e+00,3.641207e+00,2.985046e+00,4.235825e+00,2.936446e+00,4.478025e+00,3.705616e+00,3.461509e+00,4.639700e+00,4.268349e+00,2.753547e+00,4.372392e+00,4.659683e+00,4.813365e+00,4.547028e+00,4.143665e+00,2.564673e+00,3.787729e+00,3.638208e+00,4.257235e+00,4.201256e+00,3.068141e+00,4.277750e+00,3.085883e+00,4.560886e+00,4.865943e+00,4.123437e+00,4.270817e+00,3.538685e+00,4.144518e+00,4.302114e+00,2.789526e+00,3.959937e+00,3.823759e+00,4.670769e+00,4.698909e+00,4.487305e+00,3.316910e+00,4.538744e+00,4.769189e+00,4.023726e+00,3.532110e+00,4.451727e+00,4.578755e+00,4.561131e+00,4.797412e+00,4.893505e+00,4.753532e+00,4.848699e+00,4.743628e+00,4.851259e+00,4.818847e+00,4.492610e+00,4.791729e+00,3.471413e+00,3.515925e+00,3.795566e+00,3.654526e+00,4.659345e+00,3.135886e+00,4.569221e+00,4.757833e+00,4.464079e+00,3.992226e+00,4.197513e+00,4.913676e+00,4.874146e+00,4.903122e+00,4.919648e+00,4.947823e+00,4.819961e+00,4.921752e+00,4.932646e+00,4.856774e+00,4.902882e+00,4.939631e+00,4.799513e+00,4.798588e+00,4.539392e+00,3.916220e+00,4.867212e+00,4.817968e+00,4.457925e+00,4.325927e+00,4.725571e+00,4.700756e+00,4.945625e+00,4.862976e+00,4.137112e+00,4.994847e+00,4.927156e+00,4.352394e+00,3.712533e+00,4.795929e+00,4.689230e+00,4.636052e+00,4.793909e+00,4.804597e+00,4.877763e+00,4.769965e+00,4.759633e+00,4.854183e+00,4.850839e+00,4.886991e+00,4.561811e+00
4.533037e+00,4.902737e+00,4.623629e+00,4.587086e+00,4.839273e+00,4.675734e+00,4.838045e+00,4.799182e+00,4.981600e+00,4.856587e+00,4.874238e+00,4.892384e+00,4.253484e+00,3.858739e+00,4.267710e+00,4.747698e+00,4.922660e+00,4.286257e+00,5.009794e+00,4.911958e+00,4.653491e+00,4.880108e+00,4.814288e+00,4.684985e+00,4.361107e+00,4.686909e+00,4.661783e+00,4.820886e+00,4.886847e+00,4.931490e+00,4.830204e+00,4.692266e+00,4.561807e+00,4.855616e+00,4.832285e+00,4.595378e+00,4.171674e+00,4.828587e+00,4.821585e+00,4.686440e+00,4.692127e+00,4.902272e+00,4.518699e+00,3.284633e+00,3.972206e+00,3.042774e+00,2.947586e+00,3.137806e+00,3.297081e+00,2.932273e+00,3.142697e+00,3.763775e+00,4.410004e+00,4.475954e+00,3.390678e+00,2.661704e+00,2.651172e+00,4.518639e+00,3.878897e+00,3.988896e+00,4.101923e+00,3.918751e+00,3.919191e+00,3.385789e+00,2.442359e+00,2.710701e+00,2.273062e+00,2.427494e+00,3.036205e+00,2.525714e+00,2.276218e+00,3.788429e+00,4.494387e+00,4.664413e+00,4.487295e+00,2.862288e+00,2.369380e+00,2.600879e+00,4.503828e+00,4.455284e+00,3.421495e+00,4.340742e+00,4.635127e+00,2.879213e+00,2.581841e+00,3.278066e+00,2.936744e+00,2.973532e+00,4.226966e+00,4.280335e+00,2.832194e+00,4.499062e+00,4.642969e+00,4.634234e+00,4.838957e+00,4.655514e+00,4.889462e+00,4.577101e+00,4.728742e+00,4.543207e+00,4.697221e+00,4.166860e+00,4.776489e+00,4.873874e+00,4.548421e+00,4.818178e+00,4.782687e+00,4.574596e+00,4.628161e+00,4.713829e+00,4.625247e+00,4.459756e+00,4.215539e+00,3.716615e+00,4.094331e+00,2.707417e+00,3.090292e+00,2.890488e+00,4.288423e+00,4.156437e+00,3.328179e+00,4.176476e+00,3.829490e+00,2.305191e+00,2.356200e+00,4.054801e+00,3.680509e+00,4.337905e+00,3.690155e+00,4.308582e+00,4.675750e+00,4.492190e+00,4.471551e+00,4.220137e+00,2.378551e+00,4.521464e+00,4.559568e+00,4.380283e+00,4.516814e+00,4.047496e+00,3.215232e+00,4.477247e+00,4.743693e+00,4.902953e+00,4.686035e+00,4.805492e+00,3.983022e+00,4.825774e+00,4.537906e+00,4.376066e+00,2.877696e+00,4.635922e+00,4.809903e+00,4.211861e+00,4.831963e+00,4.767781e+00,4.737060e+00,4.766137e+00,4.940180e+00,4.963956e+00,4.726664e+00,4.920121e+00,4.050860e+00,3.993707e+00,4.449975e+00,2.433517e+00,2.428449e+00,4.435892e+00,3.692541e+00,4.892255e+00,4.959166e+00,4.902352e+00,4.886524e+00,4.958226e+00,4.511061e+00,4.924457e+00,4.747526e+00,4.430954e+00,4.709608e+00,4.754616e+00,4.856975e+00,4.634723e+00,4.844219e+00,4.656439e+00,4.787727e+00,4.680567e+00,4.715398e+00,4.999461e+00,4.781731e+00,4.944613e+00,4.899608e+00,4.824665e+00,4.954886e+00,4.730360e+00,4.729247e+00,4.382375e+00,4.732521e+00,4.397076e+00,4.669296e+00,4.855934e+00,4.848715e+00,4.424853e+00,4.289393e+00,4.833309e+00,4.801855e+00,4.722514e+00,4.888303e+00,4.936331e+00,4.637748e+00,4.743551e+00,4.835468e+00,4.820708e+00,4.763646e+00,4.795214e+00,4.924611e+00
4.895793e+00,4.792287e+00,4.884895e+00,4.802478e+00,4.827145e+00,4.562261e+00,4.868739e+00,5.013970e+00,4.676314e+00,4.481042e+00,4.822956e+00,4.712062e+00,4.809976e+00,4.952415e+00,4.594224e+00,4.737568e+00,4.383071e+00,4.925562e+00,4.908725e+00,4.749048e+00,4.624427e+00,4.707660e+00,4.824717e+00,4.909098e+00,4.899288e+00,4.924048e+00,4.825601e+00,4.564633e+00,4.587090e+00,4.964377e+00,4.889532e+00,4.936448e+00,4.908251e+00,4.039695e+00,4.451580e+00,4.532227e+00,3.831707e+00,4.720861e+00,4.835083e+00,4.960148e+00,4.469518e+00,4.897422e+00,4.863284e+00,4.218507e+00,4.796656e+00,4.289877e+00,2.654652e+00,2.696848e+00,2.451718e+00,3.331745e+00,3.335636e+00,3.437699e+00,4.146443e+00,3.753050e+00,2.634111e+00,2.599245e+00,4.156699e+00,2.864850e+00,2.331140e+00,4.654865e+00,4.074045e+00,2.280090e+00,3.067237e+00,2.968325e+00,2.882653e+00,2.453830e+00,4.266552e+00,2.244998e+00,3.540971e+00,2.484937e+00,3.646133e+00,2.772599e+00,2.912758e+00,3.725938e+00,3.614046e+00,3.094161e+00,3.005882e+00,2.647027e+00,4.174841e+00,3.288754e+00,2.651985e+00,2.858235e+00,3.827453e+00,2.692621e+00,3.669787e+00,2.672163e+00,3.118232e+00,2.717637e+00,2.568716e+00,2.852511e+00,3.228976e+00,2.613371e+00,3.282229e+00,3.856461e+00,4.455675e+00,4.605154e+00,4.828746e+00,4.949378e+00,4.856920e+00,4.717417e+00,3.685902e+00,3.013971e+00,4.734435e+00,4.911945e+00,4.919625e+00,4.526883e+00,4.944890e+00,4.519080e+00,5.005919e+00,4.636567e+00,4.552417e+00,2.638432e+00,2.554978e+00,4.668864e+00,3.961860e+00,4.644111e+00,4.523503e+00,3.568592e+00,4.498258e+00,4.650807e+00,4.350231e+00,2.615529e+00,4.063011e+00,4.063393e+00,4.013495e+00,3.405791e+00,2.495549e+00,4.582084e+00,3.947375e+00,4.387674e+00,3.130834e+00,2.823653e+00,4.447467e+00,4.504250e+00,3.992000e+00,4.267682e+00,4.174531e+00,3.413630e+00,3.841430e+00,4.249495e+00,3.952923e+00,4.413116e+00,3.258597e+00,4.555250e+00,4.896303e+00,4.599625e+00,4.018381e+00,4.749194e+00,4.701494e+00,4.569426e+00,4.008273e+00,4.756815e+00,4.626653e+00,4.664379e+00,4.733475e+00,4.624139e+00,4.767487e+00,4.741534e+00,4.773971e+00,5.015176e+00,4.800702e+00,3.993436e+00,4.279232e+00,4.558899e+00,3.948162e+00,2.873210e+00,4.713075e+00,3.865134e+00,4.818962e+00,4.830969e+00,4.486474e+00,4.736353e+00,4.584693e+00,4.951982e+00,4.590250e+00,4.945535e+00,4.737285e+00,4.734297e+00,4.900144e+00,4.849891e+00,4.779970e+00,4.743023e+00,4.825986e+00,4.803342e+00,4.888766e+00,4.789476e+00,4.709542e+00,4.850971e+00,4.603435e+00,4.959760e+00,4.584487e+00,4.976080e+00,3.969682e+00,4.149398e+00,4.907012e+00,4.634651e+00,5.001944e+00,4.282034e+00,4.308997e+00,4.724885e+00,4.645433e+00,4.965028e+00,4.711650e+00,4.941272e+00,4.664175e+00,4.868333e+00,4.989749e+00,5.029165e+00,4.790655e+00,4.946908e+00,4.913828e+00,4.830032e+00,4.958056e+00,4.866346e+00,4.904822e+00
4.746059e+00,4.638769e+00,4.892531e+00,4.427148e+00,4.755143e+00,4.809494e+00,4.532788e+00,4.918561e+00,4.744827e+00,4.912243e+00,4.585394e+00,4.681470e+00,4.495783e+00,4.869886e+00,4.576259e+00,4.777774e+00,4.899569e+00,4.775029e+00,4.625016e+00,4.235511e+00,4.875054e+00,4.676309e+00,4.521409e+00,4.891073e+00,3.923381e+00,4.718561e+00,4.479001e+00,4.778199e+00,4.888529e+00,4.903326e+00,4.864534e+00,4.707346e+00,4.933032e+00,4.761381e+00,2.832624e+00,4.706998e+00,4.830890e+00,4.869615e+00,4.692474e+00,4.484864e+00,4.809428e+00,4.762705e+00,4.990250e+00,4.871877e+00,4.848167e+00,3.726908e+00,3.683992e+00,4.467124e+00,2.667246e+00,4.385464e+00,4.897727e+00,3.261631e+00,2.578344e+00,4.155339e+00,3.871639e+00,2.315185e+00,3.213301e+00,2.385798e+00,3.430807e+00,3.256333e+00,3.915803e+00,2.866286e+00,3.167719e+00,2.598131e+00,2.668439e+00,2.882807e+00,2.922653e+00,3.816251e+00,3.137275e+00,2.513838e+00,3.382656e+00,2.692239e+00,4.248443e+00,3.362190e+00,2.480487e+00,4.187340e+00,3.362897e+00,3.044148e+00,2.963833e+00,2.451431e+00,2.406209e+00,3.932798e+00,4.401724e+00,2.748653e+00,4.794603e+00,3.280128e+00,4.180639e+00,4.050962e+00,4.648598e+00,2.736573e+00,2.814784e+00,2.760417e+00,2.622002e+00,4.424321e+00,4.525863e+00,4.416197e+00,4.439945e+00,4.552184e+00,3.193136e+00,4.295624e+00,4.841400e+00,2.891562e+00,4.552200e+00,4.826567e+00,4.780376e+00,4.656113e+00,4.803629e+00,4.344192e+00,3.869660e+00,2.538171e+00,4.400762e+00,2.744885e+00,3.093476e+00,4.056040e+00,4.529824e+00,4.623777e+00,3.506564e+00,4.707513e+00,2.288801e+00,3.958103e+00,4.447042e+00,2.879135e+00,4.635856e+00,3.905774e+00,3.491121e+00,3.402140e+00,4.563230e+00,4.242077e+00,2.866733e+00,4.838931e+00,4.501681e+00,3.358044e+00,4.739700e+00,4.219677e+00,3.676398e+00,4.167917e+00,4.867183e+00,4.728344e+00,4.426493e+00,4.309880e+00,4.287320e+00,4.173459e+00,4.672357e+00,3.161320e+00,4.565589e+00,4.611907e+00,4.681032e+00,4.733611e+00,4.570805e+00,4.281643e+00,3.348375e+00,3.962901e+00,4.776018e+00,4.807051e+00,4.753834e+00,4.682706e+00,4.895817e+00,4.578757e+00,4.877835e+00,4.380269e+00,3.392152e+00,2.809239e+00,2.307538e+00,4.464384e+00,4.496195e+00,4.352639e+00,2.910074e+00,4.967972e+00,4.940049e+00,4.963244e+00,4.621556e+00,4.826921e+00,4.882652e+00,4.765175e+00,4.848532e+00,4.957944e+00,4.747118e+00,4.405266e+00,4.970253e+00,4.159844e+00,4.445749e+00,4.872827e+00,4.842629e+00,4.662878e+00,4.877975e+00,4.926601e+00,5.008960e+00,4.918284e+00,4.651857e+00,3.712307e+00,4.734545e+00,4.783558e+00,4.953758e+00,4.518112e+00,4.638271e+00,4.679028e+00,4.564849e+00,4.519285e+00,4.869276e+00,4.956858e+00,4.341068e+00,4.770440e+00,4.790157e+00,4.525635e+00,4.819408e+00,4.846446e+00,4.877467e+00,4.875631e+00,4.594277e+00,4.924490e+00,4.434395e+00,4.942503e+00,4.867962e+00,4.850760e+00,4.845934e+00
4.928241e+00,4.721267e+00,4.848971e+00,4.956152e+00,4.832348e+00,4.802843e+00,4.384669e+00,4.730973e+00,4.836525e+00,4.786368e+00,4.982291e+00,4.706706e+00,4.017619e+00,4.751273e+00,4.614982e+00,4.865844e+00,4.864690e+00,4.464192e+00,5.049170e+00,4.557820e+00,4.892748e+00,4.875754e+00,4.777650e+00,4.881881e+00,4.919923e+00,4.654874e+00,4.861160e+00,4.827257e+00,4.492442e+00,4.867404e+00,4.970644e+00,4.712868e+00,4.999705e+00,4.874875e+00,4.837550e+00,4.742394e+00,4.507981e+00,4.198714e+00,4.604161e+00,4.579831e+00,4.561851e+00,4.837921e+00,4.926762e+00,4.919812e+00,4.709427e+00,4.651027e+00,3.366377e+00,4.411598e+00,4.313956e+00,4.276874e+00,2.388831e+00,4.789708e+00,3.313830e+00,3.302915e+00,2.855621e+00,2.383350e+00,2.830221e+00,2.347947e+00,3.168286e+00,2.904240e+00,2.542679e+00,3.784719e+00,4.335668e+00,4.149069e+00,2.521223e+00,2.601083e+00,3.688431e+00,3.244609e+00,4.553064e+00,4.087154e+00,2.435912e+00,3.162346e+00,2.519139e+00,2.683907e+00,3.773322e+00,3.561698e+00,3.635951e+00,4.464737e+00,2.531260e+00,3.682105e+00,3.203219e+00,3.273986e+00,3.266929e+00,2.597706e+00,3.646506e+00,2.710807e+00,2.594586e+00,2.511741e+00,2.803443e+00,3.428486e+00,3.458706e+00,3.808983e+00,3.933855e+00,2.380847e+00,3.103909e+00,4.655566e+00,4.592147e+00,2.518871e+00,3.553671e+00,4.816922e+00,4.566409e+00,3.851914e+00,4.872694e+00,3.330116e+00,2.408811e+00,2.180044e+00,2.490648e+00,4.088759e+00,4.930787e+00,4.238478e+00,3.794379e+00,3.814823e+00,3.871159e+00,4.454104e+00,4.485137e+00,3.924788e+00,4.553009e+00,4.279325e+00,4.357049e+00,2.966297e+00,4.589845e+00,4.640795e+00,4.505162e+00,2.547249e+00,4.174767e+00,4.564884e+00,4.090197e+00,4.198785e+00,4.698311e+00,2.823906e+00,4.721917e+00,3.192624e+00,3.877511e+00,4.512154e+00,4.409683e+00,2.585877e+00,4.013357e+00,3.607644e+00,3.158314e+00,4.680018e+00,4.620353e+00,4.461179e+00,3.971676e+00,4.575507e+00,4.665062e+00,3.613450e+00,4.741803e+00,4.456318e+00,4.630806e+00,4.627027e+00,4.542975e+00,4.818455e+00,4.791620e+00,4.417193e+00,4.862343e+00,4.912425e+00,4.914192e+00,4.846525e+00,4.525914e+00,4.351450e+00,3.659475e+00,2.878721e+00,4.866904e+00,4.751713e+00,4.611273e+00,4.784805e+00,4.516969e+00,4.839934e+00,4.885623e+00,4.831877e+00,4.524733e+00,4.962058e+00,4.395906e+00,4.837706e+00,4.845210e+00,4.801648e+00,4.961854e+00,4.931991e+00,4.613457e+00,4.828402e+00,4.818809e+00,4.549270e+00,4.998080e+00,4.707565e+00,4.648419e+00,4.953456e+00,4.501375e+00,4.162340e+00,4.786077e+00,4.551872e+00,4.455140e+00,4.685513e+00,4.122592e+00,4.909931e+00,4.883981e+00,4.969133e+00,4.499130e+00,4.746505e+00,4.873761e+00,4.789716e+00,4.615443e+00,4.726779e+00,4.786329e+00,4.821685e+00,4.823989e+00,4.960312e+00,4.798096e+00,4.850375e+00,4.671493e+00,4.841248e+00,4.910059e+00,5.019150e+00,4.788810e+00,4.525376e+00,4.864620e+00
4.919636e+00,4.941037e+00,4.770770e+00,4.841052e+00,4.378467e+00,4.707103e+00,4.520536e+00,4.917682e+00,4.541028e+00,4.603532e+00,4.935867e+00,4.884787e+00,4.515111e+00,4.550518e+00,4.889946e+00,4.721491e+00,4.764961e+00,5.016878e+00,4.724074e+00,4.936035e+00,4.946098e+00,4.834160e+00,4.931393e+00,4.848585e+00,4.820518e+00,4.966135e+00,4.725110e+00,4.659360e+00,4.931905e+00,4.866639e+00,4.858118e+00,5.061883e+00,4.857003e+00,4.717809e+00,4.865003e+00,4.729986e+00,2.821097e+00,4.639713e+00,3.364704e+00,4.503432e+00,4.787643e+00,4.764625e+00,4.617809e+00,4.736358e+00,4.959447e+00,4.802044e+00,4.595282e+00,4.663742e+00,3.221515e+00,4.499595e+00,3.538315e+00,3.921137e+00,3.732039e+00,2.803463e+00,3.690084e+00,4.448961e+00,2.579233e+00,3.318440e+00,3.886658e+00,3.384995e+00,2.579560e+00,4.268901e+00,2.349218e+00,3.911026e+00,3.770822e+00,2.513367e+00,3.255696e+00,2.345265e+00,2.324050e+00,2.424692e+00,2.651083e+00,3.615507e+00,2.307354e+00,2.402660e+00,4.512087e+00,4.243477e+00,2.904876e+00,2.664876e+00,3.198490e+00,2.832027e+00,4.557652e+00,4.338848e+00,2.301476e+00,3.404655e+00,2.473025e+00,2.217665e+00,3.289844e+00,4.295493e+00,2.429806e+00,2.664461e+00,2.257377e+00,2.517515e+00,2.590247e+00,2.395799e+00,3.210173e+00,4.136308e+00,4.730594e+00,4.803829e+00,4.712575e+00,4.677926e+00,4.803820e+00,4.358032e+00,4.330403e+00,4.347316e+00,3.073876e+00,2.409044e+00,3.408172e+00,2.685638e+00,3.181778e+00,4.612308e+00,3.832419e+00,2.704379e+00,3.454139e+00,4.452162e+00,4.194305e+00,4.530718e+00,2.910474e+00,4.075992e+00,3.285245e+00,2.661665e+00,4.238452e+00,4.707114e+00,3.814303e+00,2.966138e+00,3.254053e+00,3.955449e+00,4.515044e+00,3.952533e+00,3.695468e+00,3.420442e+00,4.363877e+00,3.504779e+00,3.285332e+00,3.990689e+00,4.642320e+00,4.735104e+00,3.682047e+00,2.592425e+00,4.819994e+00,3.892932e+00,4.821129e+00,3.595905e+00,3.436508e+00,4.155725e+00,4.368915e+00,4.936784e+00,4.393475e+00,4.377496e+00,4.787230e+00,4.707267e+00,4.784366e+00,4.371680e+00,4.846077e+00,4.869546e+00,4.988722e+00,4.816596e+00,4.787369e+00,4.239434e+00,4.293426e+00,4.323007e+00,4.308782e+00,4.768497e+00,4.795461e+00,4.874609e+00,4.827553e+00,4.769355e+00,4.403397e+00,4.842943e+00,4.786612e+00,4.760168e+00,4.951752e+00,4.651742e+00,5.009908e+00,4.801395e+00,4.924565e+00,4.878691e+00,4.997077e+00,4.618045e+00,4.616005e+00,4.661972e+00,4.924339e+00,4.708379e+00,4.834553e+00,4.892851e+00,4.905980e+00,4.717975e+00,4.867195e+00,4.828395e+00,4.381367e+00,4.761660e+00,4.903456e+00,4.611384e+00,4.346910e+00,4.820324e+00,4.962509e+00,4.374192e+00,4.403253e+00,4.850429e+00,4.877595e+00,4.821468e+00,4.619515e+00,4.789503e+00,4.651119e+00,4.977507e+00,4.763851e+00,4.871685e+00,4.818949e+00,4.924358e+00,4.921645e+00,4.414564e+00,4.888091e+00,4.676584e+00,4.855836e+00,4.916291e+00,4.693740e+00
4.865582e+00,4.836159e+00,4.897574e+00,4.731527e+00,4.884424e+00,4.908480e+00,4.856645e+00,4.731144e+00,4.754772e+00,4.554877e+00,4.985732e+00,4.942091e+00,4.604022e+00,4.342337e+00,4.886286e+00,4.906312e+00,4.667780e+00,4.660086e+00,4.578153e+00,4.898204e+00,4.698311e+00,4.874285e+00,4.277780e+00,4.837827e+00,4.743976e+00,4.527491e+00,4.611959e+00,4.764682e+00,4.777449e+00,4.857076e+00,4.736144e+00,4.895969e+00,4.738876e+00,4.863773e+00,4.848825e+00,4.773634e+00,4.718587e+00,4.662281e+00,4.755686e+00,4.615729e+00,3.641695e+00,4.809343e+00,4.868581e+00,4.673442e+00,4.657253e+00,4.926380e+00,4.967012e+00,4.702439e+00,4.532166e+00,4.347192e+00,4.479305e+00,3.933783e+00,3.883563e+00,2.965058e+00,2.966869e+00,3.454885e+00,2.579560e+00,2.931907e+00,3.810470e+00,4.571656e+00,2.615792e+00,4.429841e+00,2.548978e+00,2.485423e+00,4.134474e+00,2.491426e+00,3.013458e+00,4.541515e+00,2.573836e+00,4.577740e+00,4.288478e+00,4.007224e+00,2.605925e+00,4.536066e+00,2.956958e+00,3.247436e+00,2.585059e+00,4.558870e+00,3.992401e+00,3.189550e+00,2.872489e+00,2.726600e+00,3.226772e+00,4.929715e+00,2.847359e+00,2.309808e+00,2.761908e+00,3.137785e+00,2.756356e+00,2.831374e+00,4.109445e+00,2.889011e+00,3.564030e+00,4.238466e+00,4.292689e+00,2.968622e+00,4.616323e+00,4.779837e+00,4.927462e+00,4.681604e+00,4.761050e+00,3.001072e+00,4.676783e+00,4.848099e+00,4.809160e+00,4.173673e+00,3.373132e+00,3.246921e+00,2.811549e+00,3.458916e+00,2.811254e+00,4.387663e+00,4.573858e+00,4.417978e+00,4.742523e+00,3.525667e+00,2.999166e+00,3.824301e+00,4.818795e+00,4.464746e+00,3.874039e+00,2.650543e+00,4.707514e+00,4.251412e+00,4.835893e+00,4.690990e+00,3.874867e+00,4.767054e+00,3.437322e+00,4.147185e+00,2.768460e+00,4.161068e+00,3.395903e+00,4.171095e+00,4.713940e+00,4.683166e+00,3.869482e+00,3.805534e+00,4.928157e+00,4.572845e+00,4.679035e+00,4.711761e+00,4.600825e+00,3.159422e+00,4.033961e+00,4.452858e+00,4.340993e+00,4.477661e+00,4.579208e+00,4.869824e+00,4.699403e+00,4.911783e+00,4.870943e+00,4.801811e+00,4.835913e+00,4.726387e+00,3.309990e+00,4.263136e+00,3.717861e+00,4.218543e+00,4.894919e+00,4.237667e+00,4.433404e+00,4.761403e+00,4.428433e+00,4.908945e+00,4.793516e+00,4.483059e+00,4.903225e+00,4.641316e+00,4.929009e+00,4.966413e+00,4.365697e+00,4.868156e+00,4.878027e+00,4.892252e+00,4.972158e+00,4.873972e+00,4.580930e+00,4.742581e+00,4.677134e+00,4.562087e+00,4.479169e+00,4.527597e+00,4.952106e+00,4.908717e+00,4.890073e+00,4.847509e+00,4.762113e+00,4.788076e+00,4.884334e+00,4.344654e+00,5.022107e+00,4.936266e+00,4.771919e+00,4.722904e+00,4.807910e+00,4.893440e+00,4.640162e+00,4.985590e+00,4.681229e+00,4.584714e+00,4.955049e+00,4.704757e+00,4.688328e+00,4.957116e+00,4.513345e+00,4.582467e+00,4.834309e+00,4.781507e+00,4.834369e+00,4.805609e+00,4.844813e+00,4.932697e+00,4.817954e+00
4.645999e+00,4.873688e+00,4.939325e+00,4.901737e+00,4.844803e+00,4.776958e+00,4.546987e+00,4.866015e+00,5.006483e+00,4.740174e+00,4.972929e+00,4.887447e+00,4.849597e+00,4.728776e+00,4.287205e+00,4.072962e+00,4.812214e+00,4.732760e+00,4.772789e+00,4.809959e+00,4.850498e+00,4.789947e+00,4.856729e+00,4.742843e+00,4.846124e+00,4.934711e+00,4.919682e+00,4.484551e+00,4.731842e+00,4.817279e+00,4.869635e+00,4.801722e+00,4.714746e+00,4.888979e+00,4.816042e+00,4.820094e+00,4.912358e+00,4.847765e+00,4.650826e+00,4.905124e+00,4.681581e+00,4.305881e+00,3.707477e+00,4.275776e+00,4.950393e+00,4.711344e+00,4.835276e+00,4.844418e+00,4.946258e+00,4.660949e+00,4.760825e+00,4.631041e+00,3.391419e+00,3.671993e+00,3.445567e+00,2.422102e+00,3.184792e+00,3.980004e+00,2.160363e+00,3.842071e+00,4.515288e+00,3.563940e+00,3.818293e+00,3.820376e+00,2.962734e+00,2.709603e+00,2.827692e+00,2.725672e+00,2.288801e+00,4.315370e+00,2.511437e+00,4.308391e+00,4.311531e+00,4.556933e+00,4.078389e+00,4.298695e+00,3.429128e+00,2.609692e+00,3.619379e+00,3.671000e+00,4.137474e+00,2.867173e+00,3.817766e+00,2.321410e+00,2.327371e+00,4.432041e+00,2.593095e+00,3.631579e+00,4.075350e+00,4.489052e+00,3.374822e+00,4.723301e+00,2.569520e+00,2.416015e+00,3.446260e+00,2.210312e+00,3.260322e+00,4.671502e+00,4.320267e+00,4.770212e+00,4.673116e+00,2.662215e+00,4.529106e+00,4.562254e+00,4.914742e+00,4.904991e+00,4.130033e+00,2.607840e+00,2.418068e+00,2.478633e+00,3.510316e+00,2.688663e+00,2.580216e+00,4.787040e+00,3.545662e+00,3.927887e+00,3.580773e+00,2.456841e+00,2.475188e+00,2.699323e+00,3.032701e+00,2.763154e+00,4.646733e+00,4.231339e+00,4.138765e+00,4.457669e+00,4.454631e+00,3.675035e+00,4.339434e+00,4.325497e+00,4.486677e+00,4.449623e+00,4.481788e+00,4.142599e+00,4.295923e+00,4.726757e+00,4.605147e+00,4.191518e+00,4.503947e+00,3.477564e+00,4.681858e+00,4.754080e+00,3.782954e+00,4.482432e+00,4.450198e+00,4.333435e+00,4.065927e+00,4.656142e+00,4.629781e+00,4.800129e+00,4.693840e+00,4.917641e+00,4.904355e+00,4.826549e+00,4.191482e+00,4.487222e+00,4.240492e+00,3.827315e+00,3.047124e+00,4.015653e+00,4.721971e+00,4.535461e+00,4.679091e+00,4.868934e+00,4.815668e+00,4.966751e+00,4.882359e+00,4.931007e+00,4.732727e+00,4.418452e+00,4.955337e+00,4.913264e+00,4.893912e+00,4.895734e+00,4.851616e+00,4.814953e+00,4.837073e+00,4.905218e+00,4.957405e+00,4.834327e+00,4.874109e+00,4.545539e+00,4.685190e+00,4.357051e+00,4.613029e+00,4.999686e+00,4.591280e+00,4.925879e+00,4.966368e+00,4.809158e+00,4.930009e+00,4.471957e+00,4.399986e+00,4.771329e+00,4.071394e+00,4.417244e+00,4.923422e+00,4.877604e+00,4.894721e+00,4.783247e+00,4.956301e+00,4.875541e+00,4.813289e+00,4.894526e+00,4.562857e+00,4.554090e+00,4.976542e+00,4.936760e+00,4.836132e+00,4.654022e+00,4.964887e+00,4.926956e+00,4.548676e+00,4.913289e+00,4.951866e+00
4.766726e+00,4.839899e+00,4.910035e+00,4.863389e+00,4.814327e+00,4.607336e+00,4.788876e+00,4.317490e+00,4.983222e+00,4.743849e+00,4.716047e+00,4.925220e+00,4.736624e+00,4.970576e+00,2.465977e+00,4.022682e+00,4.859051e+00,4.790704e+00,4.852964e+00,4.852447e+00,4.934174e+00,3.960708e+00,4.808495e+00,4.532093e+00,4.895533e+00,4.821497e+00,4.803880e+00,4.760745e+00,4.439791e+00,4.879409e+00,4.868875e+00,4.737654e+00,4.903520e+00,4.623561e+00,4.861417e+00,4.486052e+00,4.935307e+00,4.653828e+00,4.764518e+00,4.956151e+00,4.338155e+00,4.479549e+00,4.627024e+00,3.477190e+00,4.138230e+00,4.725732e+00,4.850577e+00,4.780443e+00,4.788559e+00,4.772005e+00,4.898180e+00,4.751280e+00,4.212171e+00,4.122560e+00,4.386516e+00,2.876062e+00,2.916705e+00,4.293313e+00,3.927802e+00,2.759270e+00,2.578430e+00,3.860199e+00,3.014268e+00,3.238193e+00,2.443803e+00,2.774308e+00,2.688525e+00,2.490518e+00,3.514054e+00,2.495917e+00,2.846612e+00,2.976904e+00,2.320059e+00,2.583981e+00,4.576988e+00,2.562534e+00,2.455432e+00,3.408901e+00,2.665382e+00,4.409177e+00,3.896698e+00,3.609929e+00,4.011774e+00,3.280330e+00,2.261250e+00,2.417467e+00,2.863943e+00,3.799590e+00,3.089813e+00,4.120494e+00,4.200212e+00,4.645354e+00,4.480712e+00,4.680596e+00,4.901067e+00,4.454629e+00,4.176256e+00,3.349670e+00,4.508743e+00,4.467354e+00,4.290662e+00,2.685694e+00,4.900805e+00,4.881282e+00,4.851327e+00,4.757357e+00,2.625169e+00,3.443690e+00,3.688775e+00,4.079485e+00,2.714270e+00,3.132526e+00,2.435309e+00,2.661104e+00,3.576217e+00,2.223833e+00,2.342176e+00,4.572559e+00,4.708266e+00,2.783775e+00,4.874922e+00,4.053766e+00,4.365002e+00,4.219085e+00,4.649065e+00,4.686616e+00,4.385582e+00,3.541774e+00,4.075244e+00,3.109475e+00,4.660552e+00,3.619081e+00,2.997640e+00,4.424847e+00,3.729318e+00,3.329607e+00,4.471824e+00,3.539854e+00,4.310190e+00,4.630204e+00,4.320091e+00,4.350056e+00,4.606495e+00,4.844381e+00,4.669702e+00,4.849870e+00,4.514072e+00,4.780639e+00,4.538256e+00,4.936840e+00,4.769727e+00,4.807801e+00,4.884491e+00,3.989880e+00,4.618773e+00,4.710069e+00,4.726528e+00,2.502919e+00,2.707618e+00,4.607271e+00,3.986955e+00,4.476938e+00,4.828521e+00,4.866185e+00,4.825803e+00,4.934896e+00,4.623783e+00,4.877203e+00,4.416310e+00,4.663946e+00,4.776483e+00,4.787238e+00,5.005164e+00,4.915203e+00,4.951164e+00,4.829101e+00,4.882627e+00,4.966118e+00,4.951115e+00,4.487733e+00,4.855213e+00,4.669580e+00,4.896616e+00,4.708509e+00,4.915277e+00,4.974346e+00,4.804671e+00,4.725082e+00,4.429649e+00,4.994407e+00,4.807448e+00,4.811538e+00,4.706159e+00,4.263350e+00,4.717085e+00,4.909865e+00,4.272583e+00,4.907822e+00,4.823986e+00,4.936441e+00,4.840997e+00,4.863866e+00,4.879866e+00,4.978427e+00,4.699999e+00,4.728225e+00,4.548999e+00,4.859514e+00,4.606289e+00,4.632315e+00,4.861008e+00,4.835485e+00,4.776396e+00,4.880087e+00,4.768416e+00
4.669759e+00,4.903451e+00,4.860781e+00,4.934513e+00,4.796251e+00,4.967173e+00,4.379449e+00,4.687443e+00,4.625252e+00,4.815225e+00,4.836782e+00,4.945824e+00,4.927349e+00,4.794172e+00,4.719042e+00,4.951889e+00,4.877173e+00,4.442480e+00,4.466925e+00,4.957186e+00,4.797399e+00,4.857786e+00,4.934343e+00,4.764967e+00,4.843003e+00,4.913663e+00,4.167708e+00,4.539841e+00,4.940662e+00,4.695938e+00,4.764091e+00,4.806974e+00,4.616384e+00,4.731162e+00,4.845209e+00,4.664828e+00,4.744706e+00,4.710165e+00,4.824172e+00,4.767669e+00,4.870290e+00,4.827594e+00,4.429485e+00,3.203175e+00,2.751027e+00,4.858320e+00,4.828148e+00,4.525005e+00,4.961881e+00,4.821090e+00,4.750059e+00,4.950481e+00,4.551210e+00,4.371720e+00,4.187101e+00,3.180267e+00,3.626190e+00,2.806277e+00,3.154910e+00,4.251008e+00,2.812316e+00,2.360719e+00,2.226549e+00,2.652907e+00,3.579788e+00,3.232172e+00,3.721696e+00,4.403317e+00,2.911801e+00,3.930823e+00,4.613913e+00,3.922262e+00,2.630765e+00,2.673218e+00,3.126558e+00,2.952078e+00,2.949374e+00,4.395044e+00,3.370574e+00,3.642931e+00,2.344093e+00,2.529553e+00,4.289289e+00,2.914365e+00,3.211492e+00,2.556822e+00,4.010173e+00,4.087007e+00,2.293865e+00,4.648663e+00,4.479355e+00,3.364339e+00,3.110318e+00,4.497744e+00,4.491828e+00,4.484687e+00,4.672778e+00,4.171890e+00,4.334462e+00,4.781155e+00,4.644873e+00,4.345471e+00,4.750901e+00,3.230256e+00,2.833686e+00,2.526045e+00,4.109658e+00,3.650786e+00,2.566586e+00,2.473881e+00,3.083691e+00,2.270014e+00,4.183162e+00,3.498589e+00,2.753761e+00,3.720259e+00,3.439424e+00,4.416481e+00,3.012927e+00,4.819269e+00,4.294660e+00,2.774739e+00,4.146620e+00,2.778992e+00,2.414222e+00,3.303771e+00,4.414190e+00,4.760629e+00,3.817867e+00,3.786623e+00,4.133583e+00,4.742956e+00,2.963920e+00,3.160193e+00,4.215088e+00,4.720957e+00,4.048797e+00,4.737959e+00,4.458309e+00,4.517602e+00,4.458045e+00,4.715421e+00,4.631839e+00,4.875095e+00,4.577183e+00,4.382647e+00,4.927768e+00,4.918192e+00,4.905434e+00,4.470373e+00,4.844131e+00,4.808432e+00,4.745506e+00,4.573203e+00,3.951037e+00,4.562575e+00,3.446650e+00,4.768178e+00,4.899791e+00,4.706266e+00,4.580725e+00,4.921276e+00,4.908500e+00,4.843302e+00,4.874732e+00,4.630065e+00,4.732242e+00,4.926658e+00,4.747910e+00,4.860696e+00,4.796149e+00,4.877575e+00,4.895984e+00,4.777526e+00,4.877832e+00,4.548930e+00,4.951836e+00,4.857659e+00,4.397259e+00,4.781413e+00,4.854929e+00,4.906224e+00,4.712322e+00,4.839707e+00,4.977526e+00,4.777117e+00,4.894589e+00,4.757483e+00,4.631312e+00,4.885863e+00,4.583133e+00,4.769071e+00,4.319202e+00,4.693385e+00,4.287082e+00,4.920533e+00,4.960294e+00,4.791717e+00,4.761098e+00,4.487621e+00,4.686543e+00,4.981677e+00,4.802662e+00,4.815779e+00,4.987675e+00,4.984251e+00,4.972394e+00,4.873191e+00,4.531180e+00,4.712680e+00,4.812034e+00,4.818652e+00,4.792838e+00,4.810358e+00,4.852315e+00
5.024445e+00,4.774436e+00,4.608298e+00,4.828950e+00,4.969457e+00,4.773256e+00,4.913489e+00,4.906239e+00,4.986336e+00,4.615074e+00,4.955473e+00,4.984709e+00,4.480636e+00,4.913562e+00,4.779961e+00,4.887824e+00,4.822087e+00,4.728517e+00,4.948049e+00,4.484666e+00,4.905420e+00,4.806479e+00,5.033694e+00,4.641193e+00,4.884198e+00,4.682066e+00,4.780106e+00,4.921196e+00,4.947844e+00,4.980968e+00,4.639634e+00,4.929748e+00,4.850857e+00,5.005734e+00,4.839911e+00,4.852902e+00,4.850344e+00,4.934504e+00,5.083387e+00,4.748452e+00,4.956431e+00,4.858706e+00,3.462311e+00,3.283691e+00,4.031909e+00,4.205598e+00,3.370333e+00,4.389429e+00,4.935074e+00,4.514368e+00,4.806222e+00,4.574070e+00,4.708975e+00,4.712198e+00,4.611414e+00,4.384067e+00,4.466113e+00,4.379088e+00,3.181829e+00,4.059665e+00,4.214614e+00,2.981120e+00,3.152006e+00,2.898991e+00,3.192080e+00,4.123965e+00,4.208614e+00,4.354952e+00,2.457283e+00,4.521129e+00,2.813120e+00,2.788756e+00,4.243624e+00,2.341793e+00,2.635346e+00,2.501006e+00,2.452249e+00,2.576214e+00,4.096167e+00,4.372831e+00,3.697654e+00,4.519099e+00,3.663544e+00,3.327626e+00,3.429634e+00,4.061084e+00,3.939230e+00,3.660212e+00,2.729495e+00,3.697479e+00,2.536366e+00,3.405698e+00,4.508539e+00,3.450717e+00,4.277644e+00,4.831102e+00,3.869789e+00,4.534933e+00,4.884699e+00,4.900788e+00,4.873406e+00,3.370191e+00,4.322315e+00,2.862926e+00,3.420652e+00,4.340045e+00,3.903827e+00,3.220945e+00,2.682596e+00,3.843231e+00,3.250678e+00,4.832039e+00,3.968395e+00,2.950739e+00,4.520125e+00,4.498162e+00,3.928998e+00,4.186965e+00,4.914086e+00,4.622396e+00,4.717535e+00,4.446898e+00,4.675990e+00,4.010711e+00,4.585553e+00,4.375165e+00,4.661542e+00,4.810094e+00,4.768860e+00,4.833683e+00,4.170359e+00,4.541570e+00,4.484627e+00,4.152930e+00,2.875723e+00,3.669863e+00,4.756316e+00,4.603309e+00,4.534326e+00,4.229040e+00,4.711837e+00,4.440837e+00,4.575808e+00,4.563575e+00,4.814660e+00,4.526752e+00,4.770247e+00,4.902262e+00,4.891017e+00,4.749735e+00,4.605504e+00,4.328977e+00,4.203151e+00,4.560881e+00,2.738977e+00,2.855066e+00,4.833846e+00,4.791159e+00,4.855999e+00,4.961572e+00,4.688375e+00,4.713572e+00,4.880267e+00,4.822375e+00,4.908602e+00,4.632814e+00,4.847241e+00,4.661032e+00,4.527415e+00,4.984597e+00,4.883101e+00,4.737744e+00,4.917918e+00,4.913763e+00,3.176499e+00,4.799901e+00,4.915880e+00,4.729738e+00,4.814751e+00,4.828346e+00,4.911937e+00,4.984628e+00,4.921739e+00,4.785690e+00,4.914721e+00,4.638289e+00,4.685937e+00,4.581377e+00,4.542951e+00,4.842673e+00,4.502597e+00,4.814302e+00,4.791541e+00,4.172757e+00,4.682159e+00,4.780993e+00,4.653458e+00,4.621723e+00,4.702166e+00,4.935385e+00,4.816005e+00,4.742114e+00,4.987334e+00,4.797434e+00,4.784895e+00,4.698528e+00,4.612049e+00,4.663094e+00,4.370409e+00,4.843794e+00,4.808372e+00,4.869118e+00,4.723620e+00,4.918909e+00,4.694317e+00
4.748347e+00,4.945470e+00,4.929323e+00,4.539446e+00,4.810590e+00,4.933983e+00,4.993696e+00,4.597635e+00,4.385501e+00,4.916055e+00,4.862309e+00,4.640921e+00,4.906293e+00,4.753189e+00,4.964662e+00,4.560348e+00,4.868704e+00,4.800936e+00,4.661554e+00,4.852849e+00,4.682645e+00,4.791420e+00,4.906877e+00,4.904320e+00,4.408828e+00,4.889729e+00,4.882659e+00,3.979037e+00,4.592629e+00,5.004745e+00,4.885746e+00,4.849477e+00,4.850126e+00,4.813502e+00,4.854560e+00,4.644741e+00,4.813949e+00,4.816372e+00,4.983486e+00,4.771229e+00,4.922931e+00,4.431343e+00,5.059281e+00,4.493629e+00,4.287030e+00,4.640579e+00,3.364022e+00,4.566990e+00,4.750213e+00,4.376777e+00,4.351448e+00,4.787509e+00,4.737219e+00,4.589826e+00,4.913646e+00,4.864433e+00,4.508690e+00,4.487016e+00,3.235429e+00,3.787455e+00,3.838960e+00,3.249390e+00,2.951518e+00,4.107214e+00,4.494715e+00,4.520979e+00,4.132597e+00,3.908073e+00,2.942820e+00,3.158971e+00,3.620919e+00,2.671189e+00,3.868207e+00,3.602701e+00,2.418642e+00,3.609708e+00,4.266005e+00,4.705909e+00,3.937324e+00,3.216589e+00,3.082389e+00,2.887129e+00,3.015022e+00,4.455144e+00,2.885115e+00,3.379144e+00,4.088298e+00,3.260263e+00,4.174116e+00,4.451290e+00,4.539687e+00,2.614374e+00,3.173778e+00,4.344717e+00,3.207731e+00,3.974890e+00,4.745956e+00,4.795619e+00,4.382053e+00,4.476216e+00,4.228166e+00,4.610329e+00,4.874349e+00,4.878783e+00,3.369719e+00,4.671833e+00,2.585446e+00,3.540359e+00,3.425864e+00,3.142116e+00,3.878761e+00,3.477542e+00,2.989071e+00,4.167441e+00,4.375589e+00,4.791995e+00,4.409921e+00,3.955846e+00,4.485744e+00,4.327928e+00,4.632248e+00,4.736752e+00,4.546528e+00,4.436108e+00,3.752217e+00,3.883205e+00,4.413707e+00,4.760035e+00,4.139344e+00,4.056215e+00,4.894896e+00,3.785232e+00,3.702935e+00,3.121325e+00,3.929079e+00,4.732012e+00,4.689760e+00,4.501509e+00,4.456663e+00,4.177672e+00,4.357247e+00,4.624535e+00,4.816287e+00,4.893856e+00,4.678317e+00,4.702553e+00,4.865961e+00,4.824975e+00,4.781917e+00,4.770252e+00,4.089475e+00,4.191383e+00,3.367461e+00,4.212559e+00,3.418657e+00,4.630662e+00,3.564981e+00,4.799550e+00,4.775463e+00,4.889175e+00,4.027424e+00,4.761007e+00,4.623475e+00,4.825287e+00,4.802319e+00,4.883877e+00,4.893247e+00,4.807368e+00,4.609639e+00,4.889277e+00,4.940782e+00,4.692612e+00,4.069212e+00,5.007959e+00,4.707714e+00,4.868882e+00,4.942965e+00,4.936837e+00,4.465875e+00,4.865255e+00,5.027207e+00,4.622268e+00,4.856434e+00,4.950978e+00,4.917795e+00,4.626502e+00,4.333916e+00,4.730865e+00,4.770624e+00,4.668790e+00,5.037707e+00,4.750870e+00,4.794771e+00,4.639361e+00,4.948015e+00,4.864415e+00,4.954403e+00,4.662419e+00,4.560260e+00,4.913157e+00,4.645995e+00,4.807581e+00,4.846208e+00,4.944452e+00,5.010639e+00,4.373033e+00,4.880333e+00,5.099297e+00,4.566486e+00,4.632605e+00,4.897684e+00,4.954622e+00,4.641042e+00,4.655329e+00,5.040483e+00
4.885837e+00,4.990494e+00,4.980069e+00,4.856252e+00,4.855047e+00,4.980218e+00,4.552627e+00,5.008506e+00,4.869007e+00,4.965635e+00,4.783840e+00,4.887806e+00,5.007116e+00,4.507256e+00,4.910771e+00,4.816780e+00,4.943286e+00,4.933038e+00,4.930652e+00,4.802817e+00,4.740132e+00,4.801365e+00,4.978554e+00,4.792542e+00,4.551478e+00,4.757898e+00,4.632364e+00,4.845577e+00,4.700088e+00,4.506623e+00,4.975550e+00,4.854066e+00,4.970616e+00,4.885094e+00,4.223038e+00,4.984899e+00,4.696402e+00,4.683749e+00,4.495234e+00,4.658641e+00,4.915156e+00,4.779866e+00,4.918658e+00,5.041497e+00,4.769388e+00,4.558190e+00,4.836420e+00,4.929992e+00,4.374056e+00,3.974957e+00,4.150014e+00,4.605261e+00,4.924766e+00,4.827140e+00,4.897653e+00,4.440584e+00,4.704983e+00,4.873185e+00,4.908932e+00,4.402127e+00,4.307798e+00,2.916484e+00,4.216690e+00,4.094905e+00,4.152932e+00,3.596400e+00,4.596779e+00,3.383898e+00,2.892892e+00,2.918801e+00,2.657373e+00,2.646544e+00,4.524130e+00,2.650166e+00,3.539650e+00,4.524564e+00,2.949051e+00,2.633481e+00,3.495957e+00,2.717286e+00,3.193800e+00,2.738827e+00,3.546871e+00,2.827400e+00,4.321167e+00,3.047500e+00,2.572253e+00,2.791473e+00,2.580349e+00,2.467286e+00,4.657964e+00,4.531250e+00,4.730614e+00,2.627693e+00,2.501987e+00,3.059558e+00,4.857342e+00,3.299746e+00,4.749197e+00,4.253840e+00,4.990855e+00,3.386801e+00,2.817394e+00,4.396694e+00,4.763537e+00,2.780647e+00,4.608926e+00,4.203289e+00,3.614100e+00,3.297295e+00,4.381245e+00,4.387948e+00,4.395486e+00,3.158722e+00,3.816526e+00,4.709214e+00,3.239709e+00,3.995077e+00,4.210560e+00,3.741544e+00,4.356148e+00,4.397480e+00,3.721150e+00,3.918935e+00,4.667329e+00,4.151146e+00,4.460476e+00,4.421898e+00,4.604436e+00,4.594667e+00,3.894464e+00,4.525192e+00,4.146754e+00,3.584887e+00,4.181575e+00,4.133202e+00,4.801682e+00,3.916869e+00,4.291399e+00,4.714728e+00,4.789438e+00,4.944337e+00,4.812243e+00,4.900325e+00,4.926830e+00,4.944404e+00,4.848015e+00,4.593451e+00,4.367583e+00,4.133861e+00,4.894010e+00,4.905263e+00,4.222872e+00,3.371148e+00,4.894756e+00,4.843726e+00,4.758500e+00,4.932254e+00,5.052223e+00,4.764194e+00,4.924875e+00,4.793103e+00,4.983657e+00,4.940565e+00,4.693010e+00,4.928957e+00,4.964468e+00,4.989758e+00,4.439604e+00,4.795826e+00,5.013680e+00,4.675601e+00,4.876112e+00,4.768812e+00,4.960762e+00,5.006488e+00,4.688593e+00,4.937389e+00,4.993110e+00,4.819154e+00,4.891530e+00,4.624085e+00,4.934899e+00,4.887896e+00,4.943478e+00,4.963205e+00,4.745963e+00,4.720839e+00,4.906311e+00,4.753346e+00,4.926524e+00,4.889708e+00,5.055346e+00,4.759085e+00,4.756907e+00,4.784493e+00,4.384673e+00,4.721334e+00,4.920978e+00,4.490875e+00,4.959520e+00,4.987071e+00,4.839989e+00,4.726903e+00,5.013799e+00,4.848219e+00,4.563760e+00,4.842800e+00,4.897787e+00,4.840445e+00,4.849360e+00,4.751952e+00,4.980725e+00,4.665602e+00,4.815878e+00
4.888579e+00,4.913445e+00,5.009098e+00,4.896905e+00,4.783068e+00,4.889100e+00,4.723350e+00,4.966648e+00,4.948704e+00,4.552294e+00,4.932591e+00,4.990480e+00,4.914017e+00,4.751881e+00,4.884681e+00,4.802253e+00,4.773701e+00,4.745668e+00,4.913828e+00,4.985020e+00,4.974732e+00,4.846812e+00,4.746885e+00,4.490361e+00,4.507649e+00,4.719339e+00,4.898832e+00,4.278983e+00,2.773338e+00,4.127762e+00,4.932503e+00,4.854386e+00,4.958662e+00,4.886944e+00,4.991770e+00,4.699965e+00,4.803695e+00,4.817605e+00,4.732411e+00,4.544194e+00,4.877887e+00,4.595011e+00,4.875344e+00,4.902256e+00,4.991492e+00,4.844711e+00,4.859436e+00,4.783261e+00,4.831953e+00,4.591197e+00,4.017894e+00,4.531164e+00,4.821505e+00,4.580805e+00,4.973268e+00,4.739322e+00,4.957187e+00,4.873640e+00,4.824940e+00,4.718699e+00,4.525110e+00,4.775758e+00,4.455199e+00,2.973262e+00,4.581747e+00,3.159945e+00,3.920955e+00,3.588323e+00,3.368791e+00,3.105222e+00,2.782001e+00,4.600103e+00,4.549255e+00,3.366669e+00,4.506206e+00,4.570466e+00,2.858632e+00,3.471040e+00,4.726121e+00,3.074057e+00,2.880305e+00,3.458670e+00,3.373973e+00,2.558609e+00,4.737978e+00,3.066624e+00,4.105470e+00,4.383829e+00,2.881057e+00,3.306095e+00,3.130567e+00,3.286206e+00,3.147838e+00,3.803629e+00,2.199262e+00,3.077035e+00,4.146326e+00,4.965035e+00,4.592688e+00,3.818702e+00,2.921271e+00,3.134464e+00,4.396637e+00,4.997589e+00,4.419881e+00,4.171061e+00,4.284281e+00,2.777299e+00,3.626364e+00,3.664287e+00,3.472689e+00,3.100584e+00,2.883342e+00,3.616164e+00,4.030545e+00,4.751115e+00,4.648016e+00,3.360229e+00,3.558178e+00,2.864817e+00,3.863209e+00,3.026210e+00,4.261685e+00,4.973181e+00,4.719155e+00,4.189501e+00,3.252516e+00,4.292799e+00,4.524087e+00,4.516613e+00,3.604960e+00,4.467576e+00,4.229531e+00,4.410950e+00,4.562321e+00,4.597888e+00,4.575347e+00,4.460819e+00,4.904268e+00,4.801675e+00,4.613515e+00,4.563222e+00,4.862210e+00,4.514441e+00,4.742860e+00,4.429430e+00,4.594239e+00,4.410781e+00,4.545382e+00,4.599613e+00,4.516587e+00,4.639842e+00,4.261679e+00,2.750595e+00,4.768539e+00,5.076140e+00,4.717855e+00,4.922378e+00,5.035126e+00,4.970917e+00,4.540484e+00,5.005046e+00,4.854934e+00,4.802776e+00,4.800091e+00,4.508570e+00,4.627576e+00,4.762671e+00,4.857690e+00,4.875167e+00,4.931457e+00,4.933558e+00,4.638315e+00,4.855580e+00,4.958356e+00,4.878430e+00,4.933284e+00,4.803442e+00,5.036284e+00,4.756188e+00,4.610805e+00,4.870598e+00,4.823375e+00,4.898484e+00,4.898617e+00,4.833890e+00,4.618000e+00,4.765404e+00,4.733898e+00,4.813977e+00,4.635106e+00,4.593530e+00,4.733576e+00,4.903797e+00,4.742503e+00,4.796060e+00,4.413257e+00,4.929047e+00,4.787543e+00,4.832496e+00,4.817573e+00,4.824869e+00,4.874550e+00,4.885085e+00,4.787730e+00,4.327287e+00,4.823720e+00,4.911350e+00,4.680379e+00,4.832940e+00,4.970471e+00,4.683172e+00,4.895708e+00,4.442969e+00,4.994197e+00
4.861628e+00,4.806645e+00,4.667268e+00,4.907733e+00,4.999577e+00,4.882888e+00,5.028236e+00,4.930493e+00,4.739453e+00,4.984018e+00,4.974805e+00,4.851833e+00,4.683056e+00,4.899326e+00,4.661087e+00,4.739668e+00,4.989043e+00,4.872275e+00,4.768587e+00,4.854725e+00,4.319644e+00,4.914317e+00,4.695156e+00,4.738918e+00,4.605504e+00,2.771793e+00,4.873562e+00,4.666018e+00,4.902177e+00,4.845339e+00,4.733122e+00,4.621029e+00,4.819633e+00,4.912687e+00,4.388735e+00,4.756787e+00,4.666356e+00,4.863805e+00,4.879489e+00,4.585518e+00,4.862268e+00,4.828750e+00,4.879324e+00,4.845733e+00,4.645651e+00,4.809847e+00,4.913579e+00,4.961192e+00,4.968782e+00,4.401360e+00,4.742459e+00,4.784045e+00,3.541663e+00,4.077219e+00,4.969686e+00,4.517021e+00,4.736409e+00,4.761030e+00,4.868690e+00,4.995257e+00,4.829251e+00,4.916010e+00,4.664210e+00,4.711655e+00,3.864383e+00,3.406129e+00,2.785719e+00,2.883762e+00,3.853305e+00,3.579469e+00,3.517325e+00,3.883628e+00,4.479034e+00,3.937700e+00,3.098325e+00,4.542585e+00,2.811435e+00,3.352579e+00,3.639632e+00,3.878361e+00,4.250353e+00,3.819537e+00,4.757297e+00,3.975804e+00,2.549460e+00,3.801332e+00,4.290540e+00,2.796447e+00,3.422464e+00,4.131130e+00,4.490792e+00,4.545886e+00,4.903933e+00,4.101506e+00,3.108880e+00,2.695254e+00,3.514374e+00,4.870348e+00,4.884493e+00,3.412698e+00,2.663218e+00,2.809667e+00,2.797065e+00,2.737587e+00,4.502289e+00,3.128014e+00,3.284503e+00,4.074931e+00,3.123708e+00,4.578989e+00,3.587428e+00,4.525580e+00,4.865511e+00,4.142081e+00,3.553405e+00,4.548027e+00,4.257092e+00,4.210724e+00,4.197322e+00,4.622321e+00,4.614134e+00,3.025168e+00,4.521925e+00,4.615784e+00,4.588978e+00,4.510830e+00,3.507957e+00,4.190079e+00,4.585295e+00,4.235551e+00,4.308333e+00,4.281883e+00,4.385646e+00,4.276878e+00,4.462652e+00,4.950889e+00,4.706288e+00,4.941420e+00,4.661051e+00,4.932414e+00,4.964663e+00,4.893676e+00,4.731863e+00,4.962276e+00,4.023761e+00,4.565970e+00,4.471581e+00,4.134792e+00,4.618633e+00,2.962263e+00,4.810707e+00,4.730751e+00,4.354811e+00,4.959763e+00,4.799671e+00,4.865434e+00,4.746832e+00,4.827518e+00,4.843574e+00,5.009875e+00,4.858510e+00,4.922123e+00,4.837461e+00,4.890146e+00,4.366131e+00,4.867566e+00,4.789155e+00,4.960491e+00,4.886616e+00,4.970005e+00,4.693388e+00,4.664237e+00,4.805185e+00,4.753176e+00,4.497534e+00,4.131917e+00,4.610053e+00,4.834106e+00,4.663074e+00,4.661309e+00,4.934592e+00,4.710000e+00,4.664452e+00,4.816838e+00,4.748838e+00,4.844511e+00,4.560126e+00,4.957045e+00,4.695109e+00,4.752124e+00,4.591596e+00,4.925589e+00,4.865738e+00,4.640029e+00,4.748991e+00,4.789847e+00,4.564016e+00,4.943264e+00,4.787479e+00,4.739611e+00,4.598965e+00,4.907626e+00,4.931088e+00,4.719448e+00,4.947636e+00,4.853075e+00,4.852530e+00,4.564665e+00,4.941801e+00,5.039449e+00,4.613893e+00,4.971635e+00,4.674293e+00,4.804092e+00,4.988447e+00
4.861776e+00,4.625062e+00,4.974633e+00,4.609354e+00,4.880043e+00,4.793399e+00,4.391672e+00,4.823898e+00,4.562138e+00,4.983419e+00,5.057144e+00,4.223371e+00,4.860933e+00,4.676484e+00,4.949651e+00,4.971006e+00,4.869218e+00,4.931109e+00,4.833347e+00,4.897006e+00,4.521371e+00,4.667887e+00,4.832497e+00,4.765686e+00,4.604518e+00,4.797523e+00,4.974956e+00,4.790317e+00,4.958646e+00,4.894304e+00,4.788661e+00,5.041560e+00,4.739703e+00,4.688971e+00,4.907149e+00,4.845879e+00,4.861502e+00,4.817586e+00,4.984730e+00,4.874098e+00,4.923765e+00,4.404662e+00,4.943984e+00,4.712827e+00,5.001000e+00,4.584682e+00,4.878288e+00,4.808583e+00,4.777093e+00,4.794109e+00,4.598991e+00,4.601752e+00,4.855446e+00,4.475854e+00,3.784748e+00,4.073147e+00,4.746376e+00,4.893546e+00,4.892503e+00,4.573292e+00,4.753806e+00,4.890495e+00,4.522053e+00,4.168622e+00,4.652532e+00,3.762588e+00,3.126403e+00,4.171732e+00,4.218877e+00,3.890835e+00,3.632095e+00,4.376520e+00,4.209239e+00,2.574893e+00,2.421036e+00,2.308738e+00,4.062811e+00,3.322895e+00,3.413244e+00,4.197350e+00,2.440445e+00,2.845024e+00,3.546650e+00,4.103771e+00,3.320114e+00,4.613941e+00,4.437254e+00,3.458032e+00,3.909017e+00,4.653154e+00,4.495377e+00,2.685728e+00,3.242753e+00,3.514181e+00,3.903779e+00,4.161539e+00,3.241355e+00,3.533323e+00,2.893358e+00,3.364250e+00,2.746759e+00,3.552290e+00,2.352794e+00,3.899219e+00,2.865061e+00,4.337088e+00,3.341755e+00,3.853565e+00,4.727775e+00,3.978986e+00,4.279795e+00,4.556355e+00,4.903059e+00,3.975233e+00,4.877585e+00,4.156718e+00,2.589618e+00,4.697428e+00,4.276886e+00,4.435313e+00,3.465127e+00,4.052082e+00,4.081280e+00,4.291375e+00,4.518438e+00,4.467261e+00,3.905157e+00,4.765591e+00,4.565942e+00,4.583898e+00,4.748987e+00,3.684385e+00,4.809359e+00,4.879967e+00,4.556501e+00,4.432077e+00,4.966775e+00,4.949709e+00,4.827491e+00,4.847658e+00,4.866497e+00,4.803737e+00,4.935215e+00,2.418657e+00,3.716512e+00,4.243596e+00,4.389263e+00,4.743840e+00,3.440214e+00,4.713462e+00,4.910742e+00,4.965259e+00,4.802385e+00,4.761059e+00,4.548149e+00,4.544998e+00,4.898733e+00,4.866024e+00,4.714458e+00,4.820828e+00,4.778048e+00,4.980391e+00,4.867650e+00,4.715953e+00,4.709491e+00,4.836249e+00,4.688128e+00,4.484731e+00,4.748036e+00,4.964356e+00,4.457186e+00,4.919082e+00,4.803831e+00,4.639243e+00,4.843593e+00,4.520487e+00,3.511671e+00,5.007789e+00,4.997599e+00,4.897645e+00,4.853079e+00,4.845633e+00,4.493312e+00,4.852148e+00,4.674292e+00,4.517735e+00,4.864877e+00,4.873511e+00,4.648413e+00,4.922929e+00,4.794691e+00,4.756853e+00,4.870216e+00,4.829376e+00,4.830637e+00,4.772147e+00,4.669536e+00,4.820581e+00,4.894839e+00,4.595766e+00,4.827081e+00,4.885437e+00,4.719231e+00,4.804524e+00,4.901400e+00,4.726985e+00,4.888004e+00,4.835138e+00,4.811396e+00,4.986179e+00,4.846895e+00,4.795756e+00,4.431126e+00,4.940058e+00,4.889753e+00
4.739344e+00,4.908993e+00,4.890514e+00,4.827112e+00,4.725458e+00,4.907225e+00,4.857158e+00,4.831676e+00,4.607633e+00,4.982221e+00,4.860246e+00,4.791897e+00,4.642242e+00,4.413522e+00,4.757040e+00,4.855724e+00,4.599735e+00,4.873309e+00,4.857589e+00,4.816145e+00,4.840192e+00,4.993201e+00,4.436840e+00,4.720639e+00,4.709921e+00,4.695973e+00,4.540598e+00,5.029146e+00,4.895987e+00,4.895501e+00,4.821882e+00,4.696963e+00,4.748533e+00,4.619890e+00,4.224589e+00,4.913301e+00,4.644667e+00,5.018545e+00,4.438672e+00,4.888000e+00,4.812810e+00,4.964089e+00,4.866492e+00,4.738010e+00,4.822815e+00,4.836011e+00,5.022929e+00,4.884442e+00,4.879664e+00,4.927560e+00,4.871803e+00,3.877914e+00,4.834357e+00,4.878220e+00,4.414995e+00,4.120134e+00,3.716127e+00,4.586049e+00,4.685769e+00,5.040007e+00,4.859073e+00,4.789516e+00,4.872006e+00,4.657161e+00,4.855172e+00,4.501793e+00,4.708017e+00,4.831462e+00,4.358233e+00,4.896160e+00,4.851652e+00,3.980586e+00,4.522361e+00,3.339718e+00,4.824522e+00,4.346465e+00,3.895160e+00,3.819486e+00,2.954650e+00,2.567477e+00,2.567714e+00,3.412885e+00,4.718416e+00,4.252655e+00,3.267480e+00,2.591876e+00,4.446569e+00,2.804944e+00,3.394516e+00,4.503519e+00,3.874512e+00,2.780916e+00,3.780525e+00,3.972636e+00,3.972264e+00,4.847729e+00,2.734403e+00,4.046138e+00,3.972620e+00,3.855543e+00,4.668212e+00,4.498517e+00,3.978099e+00,4.235528e+00,4.687660e+00,3.955576e+00,3.229560e+00,3.452164e+00,4.471282e+00,3.939286e+00,4.418160e+00,3.896385e+00,4.709371e+00,3.879067e+00,3.712627e+00,4.448907e+00,4.374029e+00,4.323404e+00,3.967665e+00,3.892824e+00,4.486328e+00,4.721784e+00,3.062975e+00,3.309698e+00,3.218496e+00,4.729458e+00,4.002472e+00,4.365851e+00,4.431202e+00,4.352303e+00,4.645565e+00,4.614028e+00,4.659064e+00,4.792189e+00,4.818321e+00,4.633610e+00,4.677015e+00,5.033519e+00,4.961049e+00,4.692786e+00,4.282266e+00,4.344987e+00,3.896110e+00,4.162620e+00,4.269886e+00,4.336378e+00,4.241115e+00,4.786635e+00,4.726977e+00,4.776240e+00,4.714129e+00,4.906860e+00,4.766216e+00,4.938584e+00,4.588735e+00,4.408830e+00,4.904348e+00,4.781190e+00,4.932832e+00,4.346348e+00,4.967176e+00,5.035544e+00,4.895191e+00,4.403152e+00,4.976124e+00,4.866821e+00,4.612166e+00,4.979605e+00,5.008764e+00,4.866551e+00,4.305336e+00,4.805527e+00,4.579016e+00,5.026877e+00,4.913823e+00,4.972747e+00,4.710771e+00,4.956031e+00,4.767719e+00,4.933580e+00,4.778129e+00,4.764800e+00,2.184263e+00,4.414756e+00,4.951962e+00,4.864684e+00,4.683803e+00,4.873249e+00,4.810585e+00,4.548839e+00,4.872938e+00,4.713597e+00,4.908171e+00,4.897563e+00,4.763731e+00,4.454693e+00,4.810737e+00,4.960574e+00,4.675418e+00,4.935946e+00,4.880567e+00,4.958971e+00,4.812109e+00,4.817005e+00,4.955261e+00,4.654098e+00,4.982542e+00,4.571471e+00,4.866368e+00,4.821126e+00,4.504399e+00,4.952345e+00,4.753043e+00,4.935090e+00,4.871014e+00
4.897955e+00,4.960445e+00,4.834581e+00,4.953624e+00,4.856341e+00,4.759107e+00,4.740734e+00,4.928440e+00,4.650785e+00,4.847143e+00,3.952239e+00,4.979524e+00,4.716081e+00,4.775219e+00,4.920758e+00,4.691544e+00,4.928500e+00,4.849127e+00,4.754708e+00,4.761741e+00,4.871432e+00,5.011907e+00,4.807654e+00,4.599094e+00,4.908122e+00,4.919188e+00,4.871485e+00,4.748025e+00,4.326378e+00,5.059715e+00,4.344588e+00,4.831905e+00,4.925447e+00,4.632781e+00,5.072675e+00,4.834746e+00,4.917439e+00,4.890875e+00,4.330643e+00,4.406260e+00,4.544589e+00,4.963033e+00,4.920261e+00,5.011895e+00,4.848778e+00,4.629121e+00,4.874917e+00,4.922668e+00,4.609477e+00,4.792123e+00,4.606244e+00,4.583822e+00,4.874074e+00,4.734646e+00,4.756704e+00,4.690595e+00,4.484957e+00,4.308965e+00,3.614791e+00,3.991391e+00,4.628960e+00,4.814305e+00,4.531550e+00,4.847617e+00,4.677927e+00,4.830782e+00,4.644158e+00,5.035016e+00,4.759650e+00,4.886478e+00,4.142015e+00,4.324682e+00,4.426275e+00,4.171511e+00,3.987223e+00,3.384118e+00,2.910591e+00,4.454738e+00,2.764082e+00,4.700068e+00,4.224466e+00,4.693355e+00,3.796377e+00,3.637786e+00,3.206164e+00,4.190139e+00,2.796705e+00,3.367269e+00,4.064794e+00,3.718795e+00,3.735495e+00,4.449516e+00,3.779308e+00,3.328230e+00,3.104917e+00,3.671299e+00,3.382843e+00,3.666338e+00,4.426050e+00,2.923366e+00,4.693381e+00,4.571788e+00,4.641645e+00,2.577869e+00,4.550858e+00,4.107021e+00,4.779765e+00,4.324668e+00,3.687933e+00,4.032934e+00,4.008402e+00,4.661125e+00,4.409874e+00,4.685498e+00,4.229512e+00,3.557723e+00,2.659026e+00,4.365247e+00,4.391042e+00,4.694686e+00,4.775825e+00,3.246645e+00,4.601761e+00,4.725570e+00,4.340571e+00,4.422851e+00,4.492989e+00,4.614244e+00,4.430287e+00,4.787430e+00,4.557889e+00,4.648722e+00,4.936790e+00,4.880959e+00,4.848148e+00,4.868334e+00,4.744494e+00,4.935633e+00,4.803169e+00,4.177905e+00,4.588532e+00,4.380932e+00,2.792693e+00,4.401210e+00,3.736204e+00,4.759816e+00,4.217902e+00,4.913213e+00,4.870284e+00,4.967964e+00,4.791318e+00,4.700207e+00,4.343639e+00,4.889820e+00,4.800632e+00,4.869846e+00,4.828096e+00,4.791039e+00,4.881794e+00,4.776464e+00,4.817119e+00,4.916873e+00,4.997834e+00,4.862432e+00,4.524778e+00,4.678883e+00,4.734298e+00,4.875870e+00,4.918580e+00,4.808329e+00,4.420777e+00,4.965109e+00,4.815603e+00,5.014352e+00,4.716576e+00,4.650357e+00,4.726279e+00,4.903790e+00,4.932008e+00,4.602481e+00,4.963823e+00,4.789746e+00,4.698157e+00,4.559978e+00,4.992920e+00,4.781103e+00,4.732391e+00,4.814488e+00,4.886250e+00,4.854724e+00,4.422035e+00,4.942099e+00,4.841709e+00,4.864786e+00,4.935142e+00,4.911592e+00,4.952886e+00,4.787326e+00,4.695449e+00,4.934914e+00,4.721822e+00,4.797862e+00,4.756073e+00,4.792840e+00,4.919140e+00,4.846644e+00,4.891532e+00,4.741499e+00,4.948666e+00,4.812609e+00,5.001174e+00,4.981124e+00,4.656390e+00,4.955022e+00,4.952453e+00
4.745755e+00,5.025585e+00,4.937171e+00,4.816584e+00,4.781860e+00,4.886884e+00,4.497769e+00,4.756717e+00,4.708994e+00,4.729305e+00,4.874823e+00,4.876607e+00,4.981870e+00,4.388838e+00,4.800232e+00,4.799884e+00,4.755951e+00,4.826639e+00,4.922374e+00,4.804328e+00,4.536445e+00,4.756600e+00,4.881762e+00,4.762147e+00,4.602378e+00,4.771246e+00,4.521953e+00,4.975647e+00,4.871230e+00,4.800944e+00,4.833078e+00,4.956445e+00,4.811686e+00,4.654025e+00,4.809487e+00,4.579322e+00,4.892664e+00,4.936935e+00,4.751468e+00,4.835832e+00,4.565651e+00,5.007944e+00,4.872547e+00,4.841267e+00,4.876356e+00,4.861864e+00,4.607043e+00,4.655791e+00,4.971371e+00,4.824092e+00,4.255093e+00,4.220001e+00,4.695436e+00,4.742118e+00,4.190408e+00,4.719066e+00,4.739828e+00,4.753387e+00,4.698675e+00,4.240016e+00,3.080368e+00,4.819472e+00,4.870094e+00,4.801032e+00,4.557672e+00,4.756078e+00,4.906787e+00,4.917033e+00,4.890306e+00,4.825072e+00,4.887975e+00,4.539648e+00,4.786924e+00,4.616117e+00,4.730624e+00,4.380999e+00,4.185527e+00,2.374346e+00,3.740599e+00,4.431928e+00,3.081805e+00,3.692075e+00,4.354349e+00,4.336784e+00,2.691512e+00,4.520158e+00,3.193491e+00,3.324447e+00,4.620564e+00,3.000335e+00,4.241600e+00,3.510269e+00,2.443900e+00,4.488629e+00,4.515227e+00,2.989637e+00,3.493657e+00,3.118547e+00,4.065706e+00,3.399350e+00,4.665058e+00,4.246475e+00,3.551766e+00,3.658590e+00,4.235164e+00,3.998712e+00,3.755686e+00,3.876185e+00,3.708751e+00,3.728881e+00,3.832727e+00,2.749758e+00,4.098333e+00,3.039140e+00,3.397691e+00,4.734882e+00,4.151794e+00,4.875376e+00,4.748840e+00,4.798121e+00,4.359635e+00,3.978393e+00,4.101736e+00,4.658069e+00,4.790344e+00,4.673745e+00,4.762094e+00,4.377084e+00,4.836514e+00,4.962141e+00,4.919372e+00,4.840502e+00,4.885999e+00,4.752675e+00,4.876159e+00,4.852083e+00,3.913777e+00,3.629213e+00,3.495210e+00,4.402496e+00,3.282931e+00,2.811835e+00,4.605036e+00,3.449730e+00,4.797575e+00,4.728965e+00,4.660311e+00,4.907690e+00,4.662272e+00,4.315858e+00,4.887170e+00,4.926507e+00,4.982070e+00,4.710764e+00,4.805985e+00,4.986721e+00,4.234801e+00,4.939166e+00,4.545847e+00,4.902118e+00,4.330756e+00,4.946616e+00,4.802967e+00,4.801584e+00,4.862463e+00,5.016898e+00,5.006068e+00,4.772614e+00,4.952825e+00,4.803694e+00,4.917252e+00,4.981626e+00,4.814504e+00,4.603434e+00,4.923074e+00,4.692511e+00,4.780127e+00,4.582237e+00,4.742590e+00,5.000420e+00,4.652963e+00,4.314217e+00,2.362365e+00,4.931130e+00,4.865250e+00,4.539015e+00,4.842693e+00,4.835665e+00,4.857953e+00,4.796016e+00,4.832875e+00,4.719473e+00,4.924347e+00,4.932729e+00,4.925565e+00,5.044192e+00,4.784241e+00,4.723077e+00,5.005522e+00,4.902121e+00,4.836427e+00,4.602132e+00,4.889363e+00,4.954679e+00,4.569992e+00,4.751752e+00,4.787602e+00,4.799677e+00,4.989804e+00,4.904661e+00,4.919120e+00,4.926178e+00,4.998187e+00,4.674062e+00,4.693120e+00
4.750596e+00,4.475943e+00,4.750844e+00,4.752133e+00,4.772784e+00,4.879583e+00,4.895271e+00,4.754175e+00,4.856603e+00,4.691968e+00,4.927655e+00,4.738256e+00,4.737828e+00,4.638474e+00,4.862140e+00,4.957086e+00,4.905795e+00,4.846861e+00,4.418064e+00,4.821133e+00,4.964015e+00,4.854496e+00,4.962934e+00,4.844882e+00,4.767326e+00,4.935667e+00,4.807748e+00,4.600572e+00,4.670489e+00,4.502093e+00,5.008552e+00,4.956678e+00,4.953190e+00,4.598008e+00,4.642688e+00,4.935757e+00,4.800292e+00,4.985421e+00,4.165794e+00,4.720804e+00,4.980828e+00,4.604143e+00,4.718277e+00,4.948458e+00,5.005840e+00,5.025076e+00,4.537822e+00,4.844381e+00,4.942021e+00,4.613465e+00,4.825273e+00,4.887824e+00,4.681343e+00,4.657462e+00,5.091567e+00,4.852344e+00,4.469879e+00,4.854409e+00,4.853911e+00,4.527488e+00,4.349735e+00,4.599431e+00,4.523950e+00,3.595521e+00,4.874696e+00,4.874594e+00,4.854336e+00,4.822843e+00,4.862059e+00,4.977937e+00,5.222845e+00,4.680250e+00,4.933577e+00,4.835405e+00,4.995511e+00,4.426017e+00,4.645444e+00,4.716435e+00,4.507141e+00,3.344289e+00,3.868221e+00,4.625386e+00,4.357236e+00,4.150642e+00,3.915300e+00,3.499031e+00,4.368229e+00,4.531413e+00,4.462844e+00,3.692759e+00,4.785020e+00,4.335507e+00,4.517613e+00,3.640452e+00,3.996722e+00,4.627659e+00,4.554212e+00,4.381201e+00,4.673103e+00,3.219250e+00,4.310269e+00,4.389136e+00,3.525099e+00,3.520183e+00,4.673615e+00,4.591935e+00,3.881510e+00,4.877387e+00,4.626556e+00,3.068663e+00,3.554467e+00,4.648235e+00,4.617904e+00,4.133013e+00,4.487917e+00,4.137028e+00,3.336664e+00,4.544589e+00,4.577810e+00,4.711158e+00,4.655434e+00,4.364136e+00,4.768407e+00,4.675960e+00,4.949037e+00,4.925948e+00,4.996444e+00,4.851649e+00,4.872148e+00,4.933118e+00,4.972706e+00,4.664527e+00,4.940128e+00,4.910550e+00,4.610367e+00,4.102782e+00,4.370093e+00,4.681177e+00,4.619109e+00,4.487610e+00,2.934237e+00,3.926827e+00,4.617540e+00,4.728845e+00,5.034442e+00,4.934455e+00,4.736000e+00,4.819192e+00,4.844309e+00,4.688962e+00,4.929311e+00,4.968225e+00,4.826089e+00,4.895356e+00,4.939018e+00,4.496160e+00,4.867775e+00,4.737185e+00,4.773851e+00,5.041800e+00,4.780431e+00,5.004891e+00,4.904291e+00,5.054173e+00,4.558923e+00,4.644570e+00,4.341669e+00,5.099209e+00,4.669646e+00,4.582292e+00,4.824852e+00,4.760077e+00,4.774724e+00,4.937879e+00,4.696992e+00,4.493262e+00,4.783464e+00,4.895833e+00,4.630375e+00,4.976676e+00,4.698468e+00,3.270105e+00,4.733735e+00,4.914612e+00,4.872651e+00,4.974004e+00,4.887517e+00,4.632650e+00,4.714917e+00,4.710405e+00,4.896111e+00,4.973568e+00,4.897697e+00,4.768789e+00,4.832386e+00,4.927026e+00,4.992112e+00,4.712428e+00,4.618650e+00,4.830844e+00,4.909805e+00,4.857303e+00,4.915787e+00,4.950659e+00,4.967303e+00,4.851495e+00,4.956252e+00,4.664556e+00,4.875737e+00,4.761238e+00,4.969336e+00,4.610780e+00,4.366155e+00,4.841010e+00,4.823343e+00
4.094093e+00,4.999900e+00,5.038030e+00,4.808321e+00,4.750445e+00,4.868153e+00,5.044448e+00,4.990334e+00,4.521117e+00,4.888002e+00,4.851687e+00,4.945001e+00,4.876154e+00,4.631378e+00,4.827647e+00,4.825933e+00,5.012628e+00,4.519389e+00,4.947006e+00,4.888441e+00,5.051210e+00,5.016470e+00,4.378874e+00,4.831564e+00,4.748026e+00,5.011552e+00,4.887993e+00,4.729284e+00,4.883374e+00,4.823129e+00,4.709863e+00,4.208246e+00,4.648888e+00,4.850424e+00,4.849160e+00,3.738352e+00,4.891982e+00,4.939203e+00,4.586213e+00,5.026309e+00,4.734405e+00,4.882024e+00,4.879737e+00,4.778650e+00,4.733394e+00,4.807703e+00,4.887080e+00,5.141929e+00,4.885757e+00,4.734748e+00,4.766264e+00,4.757473e+00,4.688441e+00,4.362175e+00,4.889404e+00,5.012863e+00,4.950567e+00,4.976265e+00,4.680749e+00,4.120027e+00,4.575404e+00,4.680631e+00,4.923717e+00,4.697226e+00,4.775773e+00,4.447815e+00,3.772924e+00,4.687217e+00,4.587263e+00,4.336794e+00,4.918283e+00,4.511751e+00,4.964791e+00,4.437765e+00,4.988205e+00,4.509324e+00,4.656279e+00,4.932919e+00,4.842369e+00,4.951580e+00,4.495884e+00,4.670645e+00,4.728910e+00,4.253006e+00,4.250605e+00,4.881705e+00,4.070098e+00,4.543677e+00,3.797818e+00,4.679711e+00,4.435243e+00,4.615600e+00,4.493756e+00,3.230096e+00,4.537015e+00,2.861263e+00,2.718250e+00,4.690925e+00,4.725002e+00,4.444625e+00,4.609607e+00,4.079666e+00,3.739610e+00,3.934918e+00,3.458343e+00,4.721203e+00,3.888362e+00,4.115556e+00,4.358018e+00,3.966086e+00,3.883878e+00,3.401117e+00,4.528979e+00,4.307216e+00,4.458962e+00,3.302375e+00,4.476359e+00,4.925774e+00,4.613572e+00,4.699779e+00,4.835302e+00,4.597927e+00,4.468927e+00,4.869611e+00,4.620247e+00,4.687361e+00,4.752629e+00,4.917873e+00,4.787088e+00,4.828944e+00,4.781991e+00,4.590682e+00,3.361190e+00,3.517312e+00,4.049311e+00,4.387577e+00,3.789607e+00,4.439606e+00,4.563646e+00,3.742270e+00,4.213409e+00,4.822325e+00,4.831319e+00,4.819193e+00,4.853022e+00,4.910922e+00,4.469177e+00,4.333777e+00,4.946828e+00,4.547852e+00,4.900134e+00,4.864292e+00,4.599756e+00,4.763128e+00,4.921719e+00,4.854558e+00,4.551295e+00,4.709442e+00,4.671050e+00,4.938753e+00,4.634155e+00,4.977613e+00,4.541556e+00,4.764952e+00,4.799672e+00,4.821956e+00,5.038092e+00,4.850121e+00,3.735667e+00,4.867256e+00,4.989157e+00,4.840528e+00,4.768716e+00,4.905996e+00,4.983923e+00,4.813086e+00,4.967594e+00,4.334754e+00,4.914987e+00,4.480866e+00,4.956550e+00,4.885031e+00,4.460965e+00,4.860311e+00,4.960372e+00,4.975176e+00,4.727080e+00,4.926999e+00,4.673619e+00,3.978193e+00,4.763675e+00,4.667735e+00,4.785611e+00,4.707649e+00,4.900190e+00,4.905054e+00,4.680937e+00,4.873679e+00,4.859204e+00,4.927724e+00,4.804243e+00,4.697019e+00,4.976633e+00,4.823846e+00,4.723610e+00,5.003043e+00,4.627548e+00,5.007316e+00,4.690377e+00,4.820263e+00,4.759782e+00,4.657795e+00,4.689897e+00,4.836325e+00,4.842787e+00
4.904879e+00,4.910890e+00,4.917865e+00,4.540344e+00,5.018823e+00,4.762214e+00,4.946718e+00,4.649822e+00,4.995373e+00,4.735169e+00,4.779998e+00,4.833494e+00,4.814197e+00,4.996595e+00,4.744138e+00,4.685939e+00,4.856865e+00,4.911113e+00,4.621766e+00,4.548244e+00,4.665528e+00,4.298459e+00,4.700130e+00,4.793231e+00,4.869220e+00,4.898742e+00,4.902253e+00,5.003461e+00,4.701329e+00,4.871096e+00,4.919390e+00,4.746740e+00,4.998876e+00,4.819896e+00,4.950974e+00,4.737955e+00,4.962769e+00,4.746846e+00,4.720752e+00,4.822524e+00,4.944051e+00,4.901713e+00,4.892916e+00,4.851064e+00,4.865901e+00,4.866503e+00,4.823854e+00,4.984944e+00,4.618218e+00,4.906675e+00,4.883415e+00,4.903757e+00,4.906456e+00,4.336682e+00,4.839562e+00,4.280324e+00,4.907957e+00,4.786710e+00,4.889881e+00,4.783051e+00,4.197012e+00,4.731946e+00,3.385084e+00,4.598720e+00,4.821670e+00,4.212636e+00,4.206702e+00,3.886338e+00,4.107690e+00,5.056123e+00,3.802367e+00,4.355935e+00,4.788234e+00,4.796049e+00,5.015294e+00,4.548463e+00,4.906865e+00,4.943092e+00,5.019628e+00,4.725965e+00,4.780764e+00,4.988837e+00,4.718415e+00,4.594569e+00,4.867948e+00,4.380595e+00,4.841724e+00,4.630158e+00,4.825946e+00,4.880465e+00,4.835818e+00,3.706059e+00,4.300886e+00,4.490139e+00,4.793337e+00,4.195264e+00,4.206388e+00,4.602932e+00,4.725556e+00,4.547262e+00,4.433615e+00,4.431373e+00,3.811622e+00,4.699969e+00,4.675664e+00,4.498986e+00,4.686581e+00,4.403023e+00,4.692094e+00,4.561494e+00,4.713543e+00,4.765058e+00,4.672384e+00,3.576315e+00,4.671963e+00,4.900660e+00,4.858704e+00,4.830607e+00,5.006382e+00,4.696795e+00,4.845963e+00,4.747572e+00,4.798582e+00,4.726725e+00,4.540852e+00,4.886587e+00,4.938882e+00,4.789320e+00,4.200598e+00,3.986028e+00,4.325241e+00,3.686168e+00,3.106825e+00,3.517507e+00,4.122852e+00,3.695489e+00,4.477548e+00,4.428811e+00,3.473671e+00,4.718184e+00,4.963839e+00,5.019850e+00,4.968147e+00,4.933763e+00,4.959221e+00,4.954697e+00,4.694995e+00,4.862354e+00,4.567407e+00,4.910928e+00,4.965627e+00,4.976327e+00,5.011499e+00,4.778177e+00,4.628363e+00,4.873361e+00,4.457938e+00,4.767346e+00,4.815244e+00,4.733331e+00,3.706424e+00,4.383524e+00,4.686870e+00,4.867037e+00,4.754993e+00,4.547087e+00,4.913994e+00,5.076582e+00,4.415457e+00,4.994351e+00,4.774959e+00,4.742984e+00,4.871683e+00,4.969509e+00,4.515438e+00,4.894509e+00,4.903157e+00,4.834989e+00,4.936108e+00,4.496467e+00,4.736062e+00,4.706387e+00,4.630862e+00,4.862236e+00,5.040985e+00,4.753330e+00,4.686081e+00,4.927913e+00,4.965070e+00,4.925213e+00,4.871682e+00,4.800537e+00,4.894534e+00,4.875046e+00,5.011420e+00,4.992247e+00,4.372757e+00,4.574979e+00,4.900166e+00,4.610380e+00,4.899154e+00,4.823789e+00,4.777351e+00,5.016157e+00,4.667021e+00,4.815764e+00,4.738438e+00,4.920893e+00,4.514481e+00,4.926476e+00,4.963151e+00,4.726886e+00,4.854279e+00,4.931951e+00,4.865935e+00
4.739626e+00,4.900351e+00,4.519661e+00,4.699877e+00,4.920486e+00,4.874502e+00,4.929454e+00,4.718767e+00,4.705894e+00,4.825642e+00,4.995919e+00,4.735658e+00,4.743691e+00,4.927554e+00,4.943508e+00,4.734462e+00,4.876175e+00,5.032254e+00,4.900240e+00,4.884563e+00,4.431981e+00,4.763830e+00,4.523605e+00,5.061907e+00,4.899793e+00,4.860407e+00,4.835335e+00,4.926844e+00,4.984013e+00,4.986445e+00,4.764205e+00,4.759016e+00,4.592596e+00,4.679347e+00,4.740298e+00,4.851905e+00,4.911474e+00,4.945833e+00,4.837639e+00,4.964828e+00,4.874644e+00,5.047395e+00,4.265992e+00,4.790211e+00,4.661786e+00,4.631400e+00,4.772784e+00,5.094029e+00,4.758849e+00,4.867484e+00,4.751803e+00,4.977357e+00,4.807336e+00,4.651721e+00,4.959461e+00,4.927296e+00,4.791151e+00,4.409114e+00,4.932780e+00,4.940176e+00,5.016861e+00,4.861850e+00,4.963823e+00,4.684081e+00,3.483591e+00,4.819204e+00,4.849309e+00,4.590764e+00,4.384974e+00,3.857547e+00,4.181036e+00,4.784458e+00,3.978825e+00,3.987758e+00,4.126741e+00,4.539244e+00,4.917850e+00,4.791534e+00,4.611678e+00,4.919516e+00,4.875623e+00,4.640044e+00,4.971184e+00,4.852811e+00,4.588342e+00,4.744617e+00,4.722673e+00,4.945136e+00,4.909294e+00,4.694893e+00,4.964529e+00,4.739365e+00,4.759084e+00,4.756265e+00,4.740271e+00,4.294807e+00,4.685398e+00,4.664575e+00,4.795107e+00,4.469343e+00,4.755082e+00,4.147943e+00,4.370837e+00,4.353768e+00,4.439050e+00,4.224664e+00,4.756180e+00,4.044705e+00,4.844667e+00,4.746809e+00,4.828091e+00,4.768643e+00,4.890132e+00,4.826598e+00,4.780289e+00,4.970192e+00,4.710385e+00,4.432151e+00,4.760395e+00,4.869636e+00,4.819461e+00,4.869638e+00,4.904105e+00,4.775432e+00,4.840268e+00,4.091665e+00,4.394150e+00,3.721845e+00,4.716172e+00,3.185398e+00,3.358703e+00,3.123553e+00,4.080631e+00,4.343888e+00,4.524658e+00,4.411558e+00,3.260200e+00,4.977664e+00,4.871091e+00,4.737046e+00,4.956071e+00,4.714387e+00,4.977938e+00,4.815501e+00,5.109985e+00,4.981403e+00,4.842797e+00,4.611348e+00,4.110011e+00,5.005264e+00,4.956147e+00,4.410231e+00,4.873611e+00,4.720742e+00,4.862535e+00,4.669837e+00,4.536017e+00,4.743398e+00,4.978988e+00,4.824679e+00,4.238362e+00,4.824641e+00,4.856717e+00,4.859948e+00,4.869293e+00,5.006506e+00,4.738276e+00,4.953550e+00,4.994404e+00,4.618012e+00,4.411957e+00,4.948923e+00,4.876760e+00,4.929709e+00,4.954448e+00,4.958355e+00,4.873867e+00,4.671538e+00,4.804444e+00,4.405313e+00,5.022976e+00,4.760317e+00,4.694980e+00,4.735850e+00,4.827835e+00,4.908656e+00,4.843039e+00,5.036441e+00,4.526935e+00,4.842763e+00,5.033806e+00,4.889253e+00,4.812104e+00,4.637794e+00,4.757997e+00,4.771186e+00,4.643987e+00,4.610264e+00,4.892272e+00,4.880360e+00,4.915698e+00,4.892571e+00,4.970204e+00,4.588024e+00,4.895116e+00,4.774308e+00,4.910578e+00,4.559432e+00,4.811114e+00,4.782829e+00,4.958808e+00,4.796174e+00,4.874052e+00,5.003822e+00,4.767227e+00
4.744029e+00,4.852828e+00,4.948052e+00,4.930014e+00,4.661278e+00,4.698444e+00,4.830763e+00,4.908930e+00,4.770872e+00,4.977232e+00,5.018373e+00,4.965409e+00,4.429393e+00,4.922213e+00,4.871973e+00,4.799933e+00,4.873533e+00,4.985335e+00,4.746340e+00,5.002898e+00,4.789833e+00,4.806196e+00,4.803650e+00,4.652367e+00,4.918798e+00,4.813101e+00,4.808169e+00,4.841417e+00,4.800993e+00,4.991405e+00,4.721825e+00,4.745392e+00,4.841090e+00,4.745151e+00,5.044595e+00,4.881105e+00,4.480572e+00,4.754373e+00,4.974230e+00,5.005303e+00,4.695466e+00,4.837451e+00,4.526392e+00,4.904609e+00,4.927970e+00,4.605002e+00,4.694827e+00,4.933794e+00,4.468771e+00,4.851667e+00,4.486619e+00,4.861075e+00,4.910565e+00,4.943982e+00,4.894375e+00,4.918095e+00,4.958299e+00,4.495613e+00,4.898027e+00,4.564441e+00,4.959898e+00,4.751813e+00,4.900511e+00,4.846654e+00,4.996694e+00,5.033896e+00,3.188269e+00,3.219899e+00,4.084159e+00,4.784324e+00,4.446907e+00,3.854445e+00,3.209594e+00,3.890921e+00,4.470805e+00,4.737305e+00,4.875595e+00,4.662309e+00,4.908341e+00,4.828304e+00,5.019649e+00,4.937972e+00,4.462242e+00,4.626825e+00,4.698689e+00,4.580184e+00,4.562322e+00,4.971856e+00,4.937296e+00,4.969158e+00,4.847332e+00,4.794477e+00,4.909098e+00,4.958450e+00,4.821552e+00,4.804394e+00,4.638669e+00,4.944413e+00,4.711655e+00,4.525879e+00,4.557871e+00,4.868400e+00,4.722952e+00,4.860514e+00,4.825557e+00,4.912893e+00,4.600637e+00,4.777320e+00,4.889192e+00,4.720801e+00,4.236066e+00,4.920102e+00,4.545664e+00,4.542631e+00,4.313043e+00,4.833632e+00,4.660290e+00,4.965600e+00,4.992318e+00,4.816146e+00,5.017146e+00,4.456528e+00,4.503035e+00,4.589842e+00,3.497697e+00,4.395200e+00,3.608762e+00,3.288973e+00,3.573035e+00,4.454687e+00,3.619731e+00,4.534394e+00,4.163700e+00,4.413660e+00,4.022536e+00,4.918153e+00,4.943656e+00,4.733280e+00,4.736401e+00,4.729953e+00,4.958517e+00,4.984603e+00,4.795174e+00,4.310579e+00,4.275240e+00,4.989058e+00,4.618757e+00,3.576680e+00,4.399820e+00,4.919308e+00,4.893747e+00,4.847725e+00,4.897103e+00,4.911992e+00,4.966412e+00,4.201606e+00,4.757289e+00,4.837807e+00,4.757863e+00,4.691582e+00,4.796668e+00,4.945765e+00,4.963319e+00,4.826084e+00,4.971011e+00,4.462090e+00,4.933034e+00,4.961109e+00,4.847879e+00,4.882759e+00,4.099949e+00,4.969541e+00,4.866093e+00,4.885652e+00,4.864396e+00,4.460356e+00,4.713939e+00,4.914879e+00,4.692439e+00,4.788842e+00,5.072919e+00,4.637829e+00,4.904819e+00,4.530876e+00,4.795638e+00,4.787273e+00,4.858799e+00,5.033327e+00,5.014256e+00,5.021647e+00,4.839598e+00,4.932931e+00,4.882081e+00,4.986679e+00,4.831633e+00,4.939571e+00,4.915824e+00,4.896861e+00,4.832109e+00,4.862016e+00,4.995617e+00,4.844452e+00,4.856311e+00,4.820017e+00,4.899927e+00,4.800167e+00,4.872888e+00,4.907074e+00,4.506556e+00,4.965026e+00,4.687907e+00,4.925105e+00,4.761909e+00,4.908819e+00,4.949186e+00
4.892840e+00,4.862786e+00,4.835509e+00,4.843031e+00,4.701933e+00,4.884674e+00,4.794743e+00,4.753130e+00,5.023104e+00,4.973819e+00,4.766718e+00,4.938778e+00,4.571158e+00,4.191288e+00,4.904345e+00,4.853862e+00,4.893469e+00,4.705892e+00,4.921973e+00,4.849654e+00,4.955230e+00,4.892942e+00,4.796168e+00,4.572494e+00,4.938611e+00,4.858454e+00,4.366452e+00,4.837808e+00,4.718875e+00,4.924892e+00,4.134112e+00,4.842345e+00,4.615208e+00,4.759232e+00,4.809202e+00,4.996688e+00,4.895688e+00,4.823979e+00,4.901285e+00,4.681024e+00,4.851299e+00,4.967410e+00,4.573267e+00,4.863460e+00,4.694060e+00,4.597999e+00,4.693488e+00,4.962006e+00,4.885303e+00,4.750923e+00,4.970120e+00,4.753886e+00,4.741025e+00,4.936879e+00,4.851484e+00,4.750799e+00,4.719335e+00,5.066888e+00,4.976343e+00,4.721380e+00,4.916044e+00,4.963853e+00,4.462358e+00,4.844057e+00,4.806337e+00,4.971627e+00,4.834063e+00,4.998441e+00,4.670833e+00,3.620628e+00,4.627071e+00,4.871968e+00,4.613815e+00,4.895549e+00,4.456377e+00,4.526675e+00,3.975295e+00,3.661633e+00,3.263234e+00,4.714642e+00,4.732455e+00,3.869213e+00,4.421210e+00,4.711353e+00,4.826014e+00,4.493153e+00,4.793841e+00,4.723796e+00,4.687692e+00,4.942487e+00,4.966161e+00,5.008655e+00,4.899727e+00,4.652951e+00,4.727573e+00,4.787392e+00,4.626305e+00,4.930632e+00,4.697594e+00,4.763850e+00,5.005410e+00,4.965621e+00,4.729513e+00,5.049680e+00,4.719737e+00,4.943171e+00,4.689016e+00,4.875853e+00,4.974802e+00,4.563641e+00,4.903762e+00,4.603860e+00,4.229694e+00,4.799392e+00,4.893176e+00,4.733305e+00,4.347024e+00,4.906366e+00,4.744296e+00,4.260400e+00,4.698384e+00,3.823419e+00,4.186468e+00,3.418502e+00,4.011101e+00,3.734617e+00,4.462771e+00,4.667863e+00,4.381907e+00,4.359078e+00,4.247365e+00,4.495525e+00,4.700112e+00,4.832428e+00,4.993731e+00,4.693721e+00,5.037000e+00,4.685204e+00,4.809617e+00,4.785805e+00,4.933915e+00,4.997661e+00,4.648282e+00,5.025625e+00,4.930095e+00,4.867087e+00,4.832342e+00,3.993780e+00,4.749145e+00,4.560006e+00,4.807147e+00,4.897903e+00,4.935334e+00,4.774325e+00,4.844061e+00,4.883172e+00,4.637422e+00,4.936806e+00,4.783537e+00,4.929421e+00,4.670983e+00,5.071326e+00,4.804896e+00,4.825660e+00,5.050294e+00,4.638158e+00,4.752478e+00,4.759682e+00,4.977241e+00,4.514002e+00,4.982834e+00,4.635777e+00,4.711367e+00,4.949312e+00,5.014119e+00,4.115322e+00,4.916683e+00,4.996544e+00,4.659047e+00,4.560527e+00,4.804539e+00,4.602860e+00,4.995176e+00,5.058473e+00,4.823732e+00,4.878653e+00,4.485136e+00,4.350581e+00,4.930297e+00,4.611334e+00,5.021151e+00,4.824947e+00,4.683318e+00,4.968147e+00,4.708443e+00,4.558148e+00,4.688602e+00,4.814218e+00,4.942073e+00,5.001337e+00,4.801641e+00,4.788150e+00,4.801212e+00,4.979153e+00,4.667219e+00,5.030616e+00,4.867832e+00,4.884095e+00,4.795456e+00,4.732281e+00,4.853857e+00,4.828633e+00,4.768089e+00,4.805400e+00,4.850038e+00
4.919187e+00,4.833695e+00,4.892733e+00,4.747648e+00,4.715581e+00,4.780277e+00,4.918367e+00,4.604187e+00,4.831461e+00,4.878444e+00,4.916479e+00,4.710039e+00,4.365775e+00,4.426492e+00,4.930467e+00,4.828495e+00,4.850899e+00,4.769616e+00,4.793935e+00,4.882981e+00,4.736629e+00,4.856636e+00,4.531272e+00,4.582354e+00,4.998905e+00,4.817785e+00,4.910170e+00,4.869625e+00,5.006863e+00,4.861129e+00,4.873453e+00,4.798692e+00,4.554936e+00,4.831456e+00,4.874286e+00,4.794143e+00,4.887917e+00,4.702964e+00,4.680688e+00,4.810959e+00,4.829167e+00,4.855052e+00,4.898007e+00,4.409742e+00,4.395520e+00,4.702405e+00,4.844083e+00,4.268584e+00,4.878373e+00,4.797823e+00,4.753797e+00,4.928194e+00,4.859749e+00,4.845365e+00,4.480016e+00,4.702031e+00,4.758490e+00,4.584043e+00,4.857705e+00,4.893212e+00,4.950423e+00,4.512408e+00,4.808996e+00,4.722508e+00,4.854356e+00,4.599198e+00,4.978569e+00,4.790613e+00,4.951081e+00,4.851112e+00,4.800210e+00,4.739010e+00,4.700952e+00,3.364824e+00,4.234732e+00,3.845054e+00,4.726902e+00,4.813357e+00,4.743780e+00,4.643437e+00,2.702217e+00,3.877068e+00,4.643811e+00,4.608850e+00,4.732450e+00,3.403947e+00,4.363811e+00,4.707178e+00,4.644107e+00,4.840209e+00,4.684455e+00,4.763629e+00,4.628507e+00,4.810328e+00,4.642674e+00,4.769475e+00,4.867160e+00,4.820562e+00,4.728414e+00,4.945323e+00,4.864936e+00,4.650964e+00,4.982874e+00,4.429817e+00,4.686147e+00,4.863869e+00,4.752855e+00,4.380271e+00,3.719439e+00,4.579539e+00,4.473603e+00,4.843204e+00,4.982855e+00,3.112347e+00,4.499972e+00,3.726162e+00,4.451661e+00,4.360623e+00,4.085343e+00,4.394808e+00,4.704580e+00,3.816697e+00,3.984881e+00,2.860771e+00,2.517697e+00,3.942057e+00,5.030630e+00,4.489137e+00,3.658675e+00,4.809348e+00,4.406985e+00,4.701444e+00,4.786168e+00,4.639459e+00,4.909824e+00,4.765274e+00,4.705831e+00,4.858438e+00,3.118758e+00,4.592587e+00,4.622850e+00,4.657625e+00,4.721289e+00,4.517970e+00,4.637488e+00,4.778897e+00,4.880066e+00,4.119732e+00,4.859169e+00,4.848431e+00,4.857738e+00,4.556490e+00,4.913752e+00,4.892871e+00,4.814056e+00,4.729926e+00,4.797916e+00,4.826789e+00,4.766645e+00,4.337171e+00,4.766201e+00,4.801733e+00,4.970498e+00,4.752008e+00,4.849282e+00,4.616333e+00,4.926991e+00,4.853739e+00,4.823559e+00,4.809310e+00,4.833811e+00,4.806635e+00,4.637551e+00,4.404320e+00,4.731364e+00,4.806249e+00,4.976412e+00,4.715452e+00,4.881660e+00,4.833274e+00,4.826308e+00,4.966447e+00,4.797774e+00,4.985370e+00,4.691373e+00,4.823176e+00,4.891116e+00,4.765873e+00,4.663734e+00,4.882892e+00,4.792633e+00,4.724180e+00,4.661222e+00,4.658440e+00,4.853806e+00,4.857711e+00,4.736809e+00,4.868951e+00,4.777700e+00,4.826207e+00,4.922739e+00,4.708767e+00,4.784046e+00,4.947042e+00,4.727288e+00,4.885149e+00,4.667928e+00,4.761125e+00,4.304021e+00,4.753286e+00,4.803810e+00,4.783794e+00,4.822309e+00,4.712251e+00,4.847373e+00
4.807888e+00,4.679393e+00,4.737095e+00,4.941496e+00,4.971823e+00,4.717391e+00,4.957250e+00,4.872381e+00,4.805883e+00,4.806268e+00,4.933268e+00,4.898426e+00,4.561328e+00,4.688226e+00,4.981162e+00,4.796973e+00,4.816509e+00,4.970402e+00,5.009094e+00,4.878227e+00,4.950714e+00,4.874256e+00,4.999450e+00,4.673168e+00,4.971109e+00,4.914924e+00,4.407803e+00,4.927565e+00,4.604850e+00,4.889311e+00,4.775945e+00,4.901563e+00,4.383132e+00,4.719099e+00,4.491627e+00,4.785263e+00,4.685587e+00,4.889911e+00,4.942349e+00,4.944427e+00,4.908936e+00,4.875805e+00,4.808867e+00,4.899262e+00,4.941423e+00,4.774954e+00,4.463427e+00,4.791908e+00,4.527570e+00,4.804594e+00,4.987351e+00,4.624949e+00,4.973256e+00,4.750282e+00,4.843442e+00,3.858990e+00,4.531633e+00,4.690303e+00,4.715330e+00,4.857727e+00,4.875639e+00,4.806844e+00,4.812001e+00,4.634559e+00,5.003304e+00,4.841272e+00,4.762201e+00,4.755465e+00,4.815632e+00,4.940215e+00,4.881271e+00,5.019198e+00,4.965796e+00,4.675202e+00,4.607024e+00,4.873366e+00,4.716062e+00,2.806754e+00,3.810497e+00,4.384158e+00,4.690234e+00,4.534220e+00,4.366560e+00,4.919855e+00,3.378475e+00,4.046321e+00,3.734577e+00,4.869286e+00,4.503927e+00,2.499686e+00,2.751227e+00,4.673609e+00,4.633477e+00,4.851226e+00,4.041437e+00,4.718802e+00,4.997146e+00,4.277603e+00,4.492652e+00,3.933640e+00,3.758785e+00,4.393501e+00,4.835870e+00,4.793993e+00,4.941489e+00,4.604322e+00,3.783714e+00,4.653316e+00,4.859956e+00,3.188776e+00,4.582762e+00,4.785431e+00,4.115286e+00,4.532480e+00,3.855968e+00,3.720909e+00,4.329336e+00,3.562262e+00,4.481960e+00,4.532674e+00,4.652209e+00,4.451848e+00,4.662299e+00,4.159075e+00,4.704187e+00,3.756093e+00,4.913341e+00,4.751739e+00,4.837632e+00,4.946211e+00,4.758956e+00,4.867707e+00,4.933060e+00,4.866764e+00,4.764777e+00,4.263806e+00,4.780651e+00,4.886841e+00,4.807312e+00,4.986702e+00,4.818881e+00,4.836526e+00,4.706686e+00,4.528543e+00,4.476746e+00,4.908395e+00,5.061590e+00,4.750683e+00,4.508061e+00,4.848837e+00,4.661932e+00,4.908772e+00,4.597071e+00,4.994070e+00,5.028198e+00,4.906878e+00,4.915667e+00,4.476685e+00,4.679532e+00,4.740397e+00,4.790545e+00,4.944536e+00,4.561545e+00,4.782174e+00,4.878704e+00,5.048055e+00,4.877646e+00,4.775683e+00,4.858292e+00,4.945194e+00,4.898160e+00,3.920380e+00,4.827789e+00,4.898088e+00,4.871917e+00,4.857570e+00,4.739063e+00,4.944053e+00,4.889799e+00,4.876434e+00,4.877762e+00,4.886750e+00,4.924488e+00,4.501850e+00,4.608388e+00,4.731570e+00,4.903391e+00,4.785571e+00,4.934012e+00,4.720464e+00,5.038465e+00,4.545395e+00,4.944640e+00,4.880576e+00,4.686147e+00,4.809174e+00,4.868406e+00,4.802203e+00,4.815418e+00,4.933418e+00,4.857328e+00,4.576383e+00,4.647310e+00,4.983529e+00,4.504525e+00,4.882933e+00,4.613110e+00,4.919814e+00,4.869764e+00,4.891890e+00,4.926927e+00,4.892599e+00,4.973347e+00,4.898150e+00,4.814004e+00
5.056321e+00,4.769379e+00,4.590502e+00,4.925512e+00,4.502925e+00,4.912580e+00,4.735438e+00,4.874392e+00,4.918914e+00,4.712145e+00,4.818864e+00,4.648560e+00,4.854817e+00,4.678298e+00,4.770762e+00,4.979686e+00,4.844205e+00,4.898420e+00,4.899603e+00,4.603467e+00,4.855472e+00,4.636694e+00,5.006216e+00,4.776524e+00,4.807655e+00,4.582625e+00,4.864177e+00,4.968309e+00,4.990124e+00,4.956121e+00,4.857702e+00,4.718602e+00,4.049977e+00,4.728761e+00,4.745644e+00,4.952536e+00,4.757811e+00,4.580842e+00,4.630841e+00,4.711036e+00,4.844744e+00,4.917748e+00,4.746306e+00,4.983406e+00,4.706710e+00,3.927745e+00,4.745289e+00,4.593246e+00,4.295955e+00,4.872241e+00,4.701051e+00,4.555458e+00,4.913122e+00,4.768406e+00,4.889927e+00,4.795915e+00,4.174672e+00,4.663506e+00,4.740270e+00,4.797718e+00,4.701335e+00,4.730218e+00,4.865961e+00,4.756987e+00,4.785159e+00,4.900714e+00,4.606811e+00,4.823023e+00,4.857134e+00,4.878738e+00,4.983868e+00,4.833133e+00,4.851667e+00,4.942800e+00,4.650368e+00,4.181765e+00,4.712960e+00,4.989765e+00,4.745282e+00,4.957309e+00,4.167682e+00,4.601491e+00,4.501740e+00,4.524723e+00,4.808833e+00,4.990788e+00,4.391025e+00,4.560712e+00,4.391830e+00,4.267239e+00,4.779149e+00,4.384190e+00,4.515159e+00,2.574228e+00,4.723810e+00,4.683279e+00,4.200088e+00,4.175615e+00,3.848935e+00,3.980900e+00,4.208395e+00,3.130052e+00,2.873684e+00,3.906203e+00,4.325522e+00,4.590146e+00,2.512101e+00,3.242148e+00,2.298743e+00,4.683988e+00,3.773612e+00,4.397794e+00,4.608845e+00,4.517626e+00,4.458784e+00,4.471589e+00,4.593660e+00,4.522433e+00,4.618748e+00,4.245307e+00,4.361470e+00,4.693724e+00,4.960991e+00,4.860259e+00,4.859530e+00,4.848272e+00,4.962699e+00,4.740705e+00,4.794976e+00,4.620848e+00,4.813270e+00,4.956900e+00,4.775983e+00,4.995233e+00,4.838019e+00,4.901590e+00,4.099803e+00,4.906073e+00,4.654644e+00,4.940739e+00,4.750114e+00,4.461432e+00,4.726949e+00,4.487249e+00,4.668084e+00,4.888485e+00,4.903794e+00,4.963384e+00,4.822582e+00,4.911465e+00,4.960864e+00,4.904493e+00,3.427445e+00,4.945002e+00,4.679460e+00,4.753174e+00,4.872895e+00,4.723045e+00,4.809274e+00,4.869231e+00,4.630101e+00,4.673911e+00,4.979349e+00,4.828879e+00,4.661976e+00,4.970472e+00,4.724892e+00,4.654961e+00,4.769277e+00,4.915263e+00,4.857195e+00,4.848875e+00,4.883374e+00,4.933840e+00,4.953733e+00,4.897166e+00,4.903883e+00,4.926864e+00,4.662399e+00,4.923940e+00,4.859435e+00,4.693631e+00,4.862309e+00,4.983060e+00,4.827352e+00,4.891741e+00,4.908175e+00,4.893031e+00,4.845813e+00,4.900831e+00,4.996694e+00,4.881067e+00,4.936977e+00,4.811214e+00,4.662566e+00,4.838655e+00,4.818633e+00,4.855249e+00,4.873028e+00,4.964906e+00,4.812440e+00,4.974076e+00,4.669938e+00,4.666552e+00,4.833284e+00,4.927686e+00,4.777690e+00,4.784569e+00,4.374259e+00,4.997835e+00,4.992146e+00,4.901908e+00,4.849080e+00,4.971269e+00,4.828748e+00
5.032267e+00,4.915664e+00,4.904618e+00,4.866315e+00,4.822108e+00,4.780674e+00,4.739546e+00,4.978037e+00,4.936468e+00,4.966190e+00,4.863241e+00,4.954338e+00,4.986722e+00,4.941146e+00,4.926537e+00,4.880583e+00,4.929104e+00,4.938757e+00,4.939004e+00,4.847440e+00,4.932118e+00,4.876389e+00,4.924639e+00,4.629464e+00,4.633316e+00,4.821030e+00,4.989774e+00,4.793246e+00,4.654820e+00,4.944974e+00,4.958124e+00,4.758803e+00,4.915876e+00,4.611334e+00,4.594331e+00,4.823754e+00,4.705200e+00,4.896992e+00,4.842578e+00,4.785013e+00,4.766295e+00,4.795038e+00,4.832420e+00,4.944143e+00,4.835331e+00,4.769918e+00,4.075190e+00,4.887782e+00,5.063111e+00,4.690794e+00,4.687077e+00,4.859235e+00,4.686714e+00,5.062558e+00,4.120740e+00,4.837584e+00,4.649259e+00,4.843747e+00,4.876436e+00,4.886306e+00,4.950353e+00,4.586238e+00,4.946968e+00,4.812731e+00,4.621918e+00,4.824914e+00,4.967074e+00,4.942874e+00,4.815422e+00,4.819178e+00,4.766066e+00,4.948500e+00,4.863522e+00,4.782532e+00,4.669394e+00,4.975277e+00,4.877923e+00,4.921863e+00,5.002403e+00,4.924452e+00,4.924920e+00,4.802014e+00,4.732879e+00,4.828947e+00,4.487349e+00,4.209709e+00,2.971036e+00,2.859180e+00,3.625324e+00,4.713987e+00,4.888570e+00,4.595124e+00,4.727493e+00,4.899391e+00,4.664970e+00,4.116521e+00,4.055183e+00,4.776034e+00,4.650975e+00,3.874334e+00,3.424678e+00,4.574587e+00,4.508634e+00,4.863472e+00,4.372548e+00,2.918513e+00,3.592419e+00,4.240965e+00,4.668790e+00,4.674875e+00,3.669151e+00,3.914698e+00,4.795347e+00,4.172233e+00,3.824003e+00,4.342438e+00,4.663341e+00,4.850925e+00,5.011272e+00,4.825070e+00,4.937221e+00,4.689262e+00,4.621599e+00,4.590563e+00,4.686100e+00,4.917272e+00,4.934280e+00,4.864465e+00,4.956922e+00,4.839926e+00,4.575540e+00,4.873750e+00,4.935483e+00,4.820738e+00,4.789277e+00,4.846510e+00,4.803063e+00,4.982841e+00,4.873038e+00,4.575479e+00,4.660173e+00,4.855264e+00,5.011175e+00,4.914230e+00,5.029995e+00,4.927487e+00,4.409366e+00,4.930769e+00,4.595214e+00,5.016238e+00,4.860434e+00,4.918936e+00,4.870214e+00,4.944190e+00,4.616127e+00,4.967669e+00,5.074533e+00,5.004743e+00,4.440982e+00,4.288694e+00,4.668969e+00,4.534468e+00,4.843910e+00,4.637190e+00,4.791281e+00,4.770241e+00,4.805996e+00,5.046171e+00,5.046345e+00,4.861375e+00,4.499970e+00,4.511629e+00,4.805162e+00,4.855144e+00,4.908897e+00,4.632084e+00,5.017083e+00,4.454367e+00,4.900677e+00,4.566497e+00,4.637500e+00,4.929542e+00,4.896057e+00,4.779873e+00,4.824610e+00,4.716324e+00,4.628417e+00,4.511246e+00,4.926202e+00,5.030332e+00,4.942121e+00,4.862977e+00,4.499972e+00,4.647469e+00,4.938434e+00,4.766763e+00,4.766522e+00,4.833794e+00,5.012554e+00,4.806985e+00,4.971890e+00,4.389385e+00,4.822589e+00,4.760408e+00,4.880598e+00,4.522345e+00,4.891205e+00,5.034218e+00,4.830482e+00,4.960106e+00,4.899459e+00,4.452668e+00,5.010685e+00,4.519841e+00,4.942193e+00
4.768037e+00,5.004453e+00,4.901916e+00,4.809131e+00,4.825282e+00,4.833188e+00,4.687767e+00,4.901156e+00,4.743971e+00,4.647497e+00,4.948290e+00,4.725988e+00,4.393426e+00,4.852479e+00,4.847749e+00,4.831003e+00,4.905458e+00,4.814746e+00,4.668716e+00,4.972107e+00,4.904863e+00,4.785620e+00,4.372307e+00,4.401745e+00,4.680689e+00,5.030781e+00,4.944051e+00,4.758436e+00,4.815852e+00,4.919408e+00,4.872796e+00,4.848530e+00,4.700121e+00,4.889791e+00,4.710029e+00,4.941966e+00,4.784145e+00,4.742186e+00,4.926958e+00,4.956822e+00,4.705007e+00,4.445392e+00,4.781145e+00,4.854779e+00,4.732100e+00,4.723219e+00,4.608211e+00,4.624412e+00,4.781824e+00,4.560239e+00,4.022852e+00,4.865921e+00,4.263608e+00,4.928823e+00,4.505730e+00,4.819561e+00,4.584406e+00,4.784921e+00,4.559533e+00,4.871598e+00,4.655052e+00,4.892863e+00,4.819973e+00,4.067793e+00,4.861615e+00,5.008632e+00,4.762290e+00,4.920685e+00,4.787083e+00,5.018971e+00,4.852878e+00,4.459535e+00,4.838034e+00,4.728881e+00,4.945181e+00,4.865636e+00,4.812257e+00,4.936570e+00,4.848867e+00,4.838204e+00,4.983609e+00,4.817718e+00,5.045847e+00,4.447418e+00,4.880115e+00,4.828458e+00,4.625369e+00,4.703390e+00,4.900554e+00,4.911716e+00,4.787748e+00,4.825000e+00,4.476260e+00,4.749162e+00,4.843509e+00,4.882528e+00,4.761981e+00,4.934088e+00,4.432913e+00,4.242196e+00,4.442604e+00,4.498542e+00,4.897439e+00,4.672408e+00,4.739644e+00,2.976885e+00,4.415472e+00,4.842600e+00,4.789486e+00,4.934813e+00,4.491880e+00,4.867305e+00,4.866117e+00,4.786717e+00,4.890233e+00,4.846722e+00,4.986707e+00,4.865596e+00,4.925680e+00,4.627441e+00,4.685817e+00,4.893700e+00,4.339613e+00,4.663097e+00,5.034385e+00,4.677814e+00,4.766855e+00,4.674091e+00,4.766377e+00,4.855485e+00,5.001695e+00,4.392925e+00,4.782149e+00,4.960975e+00,4.916668e+00,4.396466e+00,4.855555e+00,4.843235e+00,4.936646e+00,4.634704e+00,4.610942e+00,4.968824e+00,4.736294e+00,4.651822e+00,4.940935e+00,4.800608e+00,4.892025e+00,4.784852e+00,4.721198e+00,4.559183e+00,4.764921e+00,4.599712e+00,3.739889e+00,4.952828e+00,4.593806e+00,4.947455e+00,4.805973e+00,4.743729e+00,4.830159e+00,4.963997e+00,4.534117e+00,5.001885e+00,5.001181e+00,4.923458e+00,4.237267e+00,4.613970e+00,4.549724e+00,4.916596e+00,4.694499e+00,4.742554e+00,4.892059e+00,4.589004e+00,4.390325e+00,4.840173e+00,4.908422e+00,5.008966e+00,4.769730e+00,4.942483e+00,4.683116e+00,4.842547e+00,4.847226e+00,4.877472e+00,4.803921e+00,5.050052e+00,4.465198e+00,4.748790e+00,4.710592e+00,4.704783e+00,4.706916e+00,4.890481e+00,4.926891e+00,4.807231e+00,4.908286e+00,4.849396e+00,4.900458e+00,4.684344e+00,4.877663e+00,4.447775e+00,4.888842e+00,4.697054e+00,4.909847e+00,4.922737e+00,4.956782e+00,5.003742e+00,4.895416e+00,4.626574e+00,4.879562e+00,4.737157e+00,4.822273e+00,4.820021e+00,4.845546e+00,4.788596e+00,4.537922e+00,4.783364e+00,4.867829e+00
4.832205e+00,4.878643e+00,4.950912e+00,5.034830e+00,4.868773e+00,4.976849e+00,4.690586e+00,4.553634e+00,4.932619e+00,4.822723e+00,4.912178e+00,4.790798e+00,5.028688e+00,4.832340e+00,4.532673e+00,4.902150e+00,4.832029e+00,4.764758e+00,4.892946e+00,4.531354e+00,4.980093e+00,4.817596e+00,4.898709e+00,4.959962e+00,4.893555e+00,4.934091e+00,4.633211e+00,4.782898e+00,4.894325e+00,4.881465e+00,4.098764e+00,4.961051e+00,4.938635e+00,4.368717e+00,4.790955e+00,4.833835e+00,4.752419e+00,4.925403e+00,4.989517e+00,4.801001e+00,4.685279e+00,4.855732e+00,4.661980e+00,4.889173e+00,4.915119e+00,4.891571e+00,5.008824e+00,4.768204e+00,4.696953e+00,4.313805e+00,4.738794e+00,4.892020e+00,4.885017e+00,4.692863e+00,4.922174e+00,4.512836e+00,4.907559e+00,5.092109e+00,4.884703e+00,4.894346e+00,4.841169e+00,4.974240e+00,4.503471e+00,4.902362e+00,4.968985e+00,4.834887e+00,4.873303e+00,4.621921e+00,5.063438e+00,4.789767e+00,4.917906e+00,4.454639e+00,4.696988e+00,5.056363e+00,4.825939e+00,4.691217e+00,4.966107e+00,4.884757e+00,4.963049e+00,4.894154e+00,5.002820e+00,4.683062e+00,4.897330e+00,4.863174e+00,4.884727e+00,4.737188e+00,5.007042e+00,4.861097e+00,4.811148e+00,4.596963e+00,5.004539e+00,4.784286e+00,4.939283e+00,4.786811e+00,4.834746e+00,4.722024e+00,4.868573e+00,4.846950e+00,4.316458e+00,4.946661e+00,4.915106e+00,4.990445e+00,4.612582e+00,4.461115e+00,4.924993e+00,4.879975e+00,4.866628e+00,4.856327e+00,4.768419e+00,4.906930e+00,4.953813e+00,4.924080e+00,4.872925e+00,4.981275e+00,4.875125e+00,4.956848e+00,4.830069e+00,4.754626e+00,4.966187e+00,4.770413e+00,4.910373e+00,4.913601e+00,4.877793e+00,4.570172e+00,4.678742e+00,4.860643e+00,4.178938e+00,4.964825e+00,4.855954e+00,4.797832e+00,4.870530e+00,4.813676e+00,4.633309e+00,4.875291e+00,4.704579e+00,4.958695e+00,4.654591e+00,3.615330e+00,4.886241e+00,4.901451e+00,4.737251e+00,4.964202e+00,4.946195e+00,4.873929e+00,4.895425e+00,4.863780e+00,4.999038e+00,4.949416e+00,4.805767e+00,5.003028e+00,4.881951e+00,4.954527e+00,4.478557e+00,4.697026e+00,4.899341e+00,4.749974e+00,4.959609e+00,4.783584e+00,4.762790e+00,3.995507e+00,3.969198e+00,4.723969e+00,4.897204e+00,4.836907e+00,4.908541e+00,3.779533e+00,4.348706e+00,4.900399e+00,4.940995e+00,4.738438e+00,4.856957e+00,4.463599e+00,4.940408e+00,4.787775e+00,4.978795e+00,4.714480e+00,4.966996e+00,4.782341e+00,4.989249e+00,4.795759e+00,4.754788e+00,4.851724e+00,4.907871e+00,5.049649e+00,4.400322e+00,4.590807e+00,4.854851e+00,4.756592e+00,4.849877e+00,4.591207e+00,4.955624e+00,4.968045e+00,4.879967e+00,4.947591e+00,4.498775e+00,4.960981e+00,4.742796e+00,4.937326e+00,4.860098e+00,4.778767e+00,4.736237e+00,4.841903e+00,4.937716e+00,4.927109e+00,4.585598e+00,4.543014e+00,4.896880e+00,4.819629e+00,4.961837e+00,4.532154e+00,4.946228e+00,4.930949e+00,4.788484e+00,4.708273e+00,4.926746e+00
4.775469e+00,4.784623e+00,4.856856e+00,4.957391e+00,4.742909e+00,4.886456e+00,4.909118e+00,4.784612e+00,4.318877e+00,5.005121e+00,4.560377e+00,4.987133e+00,4.798791e+00,4.614153e+00,5.007427e+00,4.837644e+00,4.879748e+00,4.876072e+00,4.609467e+00,5.005816e+00,4.979598e+00,4.952002e+00,5.068255e+00,4.687245e+00,4.915526e+00,4.941852e+00,5.100134e+00,4.815781e+00,4.938019e+00,4.923667e+00,4.624585e+00,4.906040e+00,4.820632e+00,4.917210e+00,4.721651e+00,4.906846e+00,4.777888e+00,4.764098e+00,4.793144e+00,4.744010e+00,4.886002e+00,5.018980e+00,5.042094e+00,4.955803e+00,4.798022e+00,4.699386e+00,4.904944e+00,4.741349e+00,4.718677e+00,4.772214e+00,4.869740e+00,4.948597e+00,4.746735e+00,4.769649e+00,4.704018e+00,4.829181e+00,4.904163e+00,4.457767e+00,4.964267e+00,4.757332e+00,4.899761e+00,4.891346e+00,5.014734e+00,4.659550e+00,4.923633e+00,4.981113e+00,4.918656e+00,4.736991e+00,4.912933e+00,4.536866e+00,4.910171e+00,4.739160e+00,4.676174e+00,4.615960e+00,4.888638e+00,4.873013e+00,4.882914e+00,4.803091e+00,4.999595e+00,4.918733e+00,4.709658e+00,4.678125e+00,4.732820e+00,5.004373e+00,4.871321e+00,4.765775e+00,4.649002e+00,4.934664e+00,4.868805e+00,4.955376e+00,4.809943e+00,4.769515e+00,4.871757e+00,5.008059e+00,4.612674e+00,4.841038e+00,4.549723e+00,4.840692e+00,4.118568e+00,4.831161e+00,4.808982e+00,4.802657e+00,4.926686e+00,4.591439e+00,4.782276e+00,4.993900e+00,4.700243e+00,5.008251e+00,4.530508e+00,4.856315e+00,4.934404e+00,4.754573e+00,4.877617e+00,4.678336e+00,4.930023e+00,4.819763e+00,4.431624e+00,4.972901e+00,4.974085e+00,5.025693e+00,4.769735e+00,4.902617e+00,4.830860e+00,4.978911e+00,4.890939e+00,4.000439e+00,4.424708e+00,4.540772e+00,4.981658e+00,4.931721e+00,4.848947e+00,4.781738e+00,4.527747e+00,4.774307e+00,4.894870e+00,4.907817e+00,4.596588e+00,4.876463e+00,4.678141e+00,4.949643e+00,5.005161e+00,4.596624e+00,4.909393e+00,4.809718e+00,4.850326e+00,4.561894e+00,4.949736e+00,4.010317e+00,4.460439e+00,4.967386e+00,4.966496e+00,4.568232e+00,4.807528e+00,5.024547e+00,4.779707e+00,4.805709e+00,4.748435e+00,5.002048e+00,4.725136e+00,4.906831e+00,4.955370e+00,4.818416e+00,4.666628e+00,4.790721e+00,4.886623e+00,4.892947e+00,4.905286e+00,4.942905e+00,4.917972e+00,4.728144e+00,4.982450e+00,4.983265e+00,4.558403e+00,4.958676e+00,4.683048e+00,3.592302e+00,4.732438e+00,5.068362e+00,4.351104e+00,4.655322e+00,4.960411e+00,4.835099e+00,5.001249e+00,4.828639e+00,4.988885e+00,4.771984e+00,4.686310e+00,4.791560e+00,4.845075e+00,4.940424e+00,4.993353e+00,4.847190e+00,4.525389e+00,5.085472e+00,4.785859e+00,4.966876e+00,4.729971e+00,5.004905e+00,4.906936e+00,4.892970e+00,4.842383e+00,4.927906e+00,4.906270e+00,4.207098e+00,5.093852e+00,4.808476e+00,4.819848e+00,4.693095e+00,4.792282e+00,4.356331e+00,4.993293e+00,4.978693e+00,4.811558e+00,4.512825e+00,5.003061e+00
4.759457e+00,5.050665e+00,4.909395e+00,5.036272e+00,4.288257e+00,4.866442e+00,4.852888e+00,4.802243e+00,4.909714e+00,4.790229e+00,4.894920e+00,4.902023e+00,4.446053e+00,5.006022e+00,4.778521e+00,4.837001e+00,4.957423e+00,4.628942e+00,4.905745e+00,4.712423e+00,4.561858e+00,4.795857e+00,4.894336e+00,4.801482e+00,4.326270e+00,4.915239e+00,4.971747e+00,4.744875e+00,4.896880e+00,4.912649e+00,4.818922e+00,5.008544e+00,5.065463e+00,4.852765e+00,4.880074e+00,5.005709e+00,4.830652e+00,4.831179e+00,4.846607e+00,4.827612e+00,4.856165e+00,4.878871e+00,4.849799e+00,4.766293e+00,4.582735e+00,4.737981e+00,4.395340e+00,4.831341e+00,4.667252e+00,4.663625e+00,4.873191e+00,5.016366e+00,4.900940e+00,4.653974e+00,4.911176e+00,4.465406e+00,3.918649e+00,4.740087e+00,4.998241e+00,4.737185e+00,4.652466e+00,4.939906e+00,4.873861e+00,4.668870e+00,4.883616e+00,4.810179e+00,4.877412e+00,4.767921e+00,4.936386e+00,4.884738e+00,4.774289e+00,4.969911e+00,4.665566e+00,4.857166e+00,4.856050e+00,4.872217e+00,4.978570e+00,4.926164e+00,5.031527e+00,4.855515e+00,5.042345e+00,4.773248e+00,4.547537e+00,4.980968e+00,4.792291e+00,5.020808e+00,5.030879e+00,4.967633e+00,4.861524e+00,4.903006e+00,4.851985e+00,4.984833e+00,4.977869e+00,4.436047e+00,4.345587e+00,4.679920e+00,4.756871e+00,4.908390e+00,4.903835e+00,4.840088e+00,4.719397e+00,4.984920e+00,4.465261e+00,4.999257e+00,4.747412e+00,4.526778e+00,4.940818e+00,4.883653e+00,4.844530e+00,4.417285e+00,4.525122e+00,4.786031e+00,4.881141e+00,4.560498e+00,4.882648e+00,4.869831e+00,4.699262e+00,4.883887e+00,4.983147e+00,5.007887e+00,4.888313e+00,4.868246e+00,4.851989e+00,4.562232e+00,4.168867e+00,4.720132e+00,4.992586e+00,4.966452e+00,4.936392e+00,4.569220e+00,4.443061e+00,4.932009e+00,4.913066e+00,4.912391e+00,4.900208e+00,5.059968e+00,4.980546e+00,4.901540e+00,4.932326e+00,4.615880e+00,4.720985e+00,4.766787e+00,4.928761e+00,4.934718e+00,4.339868e+00,4.923248e+00,4.740568e+00,4.763233e+00,4.525471e+00,4.950083e+00,4.524940e+00,5.001351e+00,4.890292e+00,4.986829e+00,4.801342e+00,5.024704e+00,4.926435e+00,5.095134e+00,4.567643e+00,4.937758e+00,4.776461e+00,4.879273e+00,4.945950e+00,4.865083e+00,4.563295e+00,4.969934e+00,4.273484e+00,4.871994e+00,4.944675e+00,4.867448e+00,4.898539e+00,4.811815e+00,4.696994e+00,4.866603e+00,4.877966e+00,4.557742e+00,4.780926e+00,4.659629e+00,4.900070e+00,4.889530e+00,4.855809e+00,4.616807e+00,5.067128e+00,4.865704e+00,4.980919e+00,4.918417e+00,4.909263e+00,4.859143e+00,4.719669e+00,4.906520e+00,4.826795e+00,4.708371e+00,4.560897e+00,4.854222e+00,4.830882e+00,4.891998e+00,4.818242e+00,4.801223e+00,4.847432e+00,4.888827e+00,4.751055e+00,4.933756e+00,4.794399e+00,4.912795e+00,4.685410e+00,4.919291e+00,4.618361e+00,4.505055e+00,4.430360e+00,4.703002e+00,4.935893e+00,4.658414e+00,4.962995e+00,4.807078e+00,4.885597e+00
4.892513e+00,4.566096e+00,4.385867e+00,4.769514e+00,4.805103e+00,4.938172e+00,4.258362e+00,5.004503e+00,4.600216e+00,4.903585e+00,4.990072e+00,4.901332e+00,4.596615e+00,4.690713e+00,4.802224e+00,4.999927e+00,4.816187e+00,4.887332e+00,4.503040e+00,4.740254e+00,4.845129e+00,4.949629e+00,4.901785e+00,4.254349e+00,4.935237e+00,4.857673e+00,4.837093e+00,4.892787e+00,4.697000e+00,4.843264e+00,4.822503e+00,4.983053e+00,4.784502e+00,4.827807e+00,4.885366e+00,4.942662e+00,4.557002e+00,4.851667e+00,4.976923e+00,4.944297e+00,4.852236e+00,4.929966e+00,4.877168e+00,4.932756e+00,4.870782e+00,4.602771e+00,4.831321e+00,4.668712e+00,4.895288e+00,4.471651e+00,4.459584e+00,4.830619e+00,4.776479e+00,4.566194e+00,4.792651e+00,4.986880e+00,4.760527e+00,4.644347e+00,4.934442e+00,4.963467e+00,4.742086e+00,4.823468e+00,4.799364e+00,4.821231e+00,4.953557e+00,5.000205e+00,4.548093e+00,4.468131e+00,4.950623e+00,4.740733e+00,4.756037e+00,4.954048e+00,4.852084e+00,4.852662e+00,5.010587e+00,4.843338e+00,4.891626e+00,4.684367e+00,4.940426e+00,4.750119e+00,4.743562e+00,4.948239e+00,4.897124e+00,4.836182e+00,4.858302e+00,4.847527e+00,4.825209e+00,4.705505e+00,4.896014e+00,4.794861e+00,5.028870e+00,4.801888e+00,4.589311e+00,4.752719e+00,4.954743e+00,4.945429e+00,4.807949e+00,4.481681e+00,4.790795e+00,4.778196e+00,4.882650e+00,4.929879e+00,4.765574e+00,4.819384e+00,4.880232e+00,4.981343e+00,4.729914e+00,3.787379e+00,4.440158e+00,4.505473e+00,4.841768e+00,4.690656e+00,4.864459e+00,4.161147e+00,4.715479e+00,4.993819e+00,4.626871e+00,4.912339e+00,4.876689e+00,4.720050e+00,4.921383e+00,4.951316e+00,4.449336e+00,4.879071e+00,4.854523e+00,4.912672e+00,4.785745e+00,4.552801e+00,4.771629e+00,4.589333e+00,4.849112e+00,4.646485e+00,4.823873e+00,4.781822e+00,4.456222e+00,4.813125e+00,4.936044e+00,4.730183e+00,4.722379e+00,4.871761e+00,4.849550e+00,4.705674e+00,4.915768e+00,4.468074e+00,4.973410e+00,4.948973e+00,4.759105e+00,4.821867e+00,4.823532e+00,4.919679e+00,4.900830e+00,4.912148e+00,4.833783e+00,3.463788e+00,4.718261e+00,4.824591e+00,4.710212e+00,4.829774e+00,4.823590e+00,4.804846e+00,4.755280e+00,4.935567e+00,4.855024e+00,4.767307e+00,4.758510e+00,4.927592e+00,4.816316e+00,4.268781e+00,4.898771e+00,4.910854e+00,4.836434e+00,4.487322e+00,4.979381e+00,4.876587e+00,4.866032e+00,4.529107e+00,4.791732e+00,4.946428e+00,4.937664e+00,4.923214e+00,4.632390e+00,4.148066e+00,4.929065e+00,5.006381e+00,4.626615e+00,4.923181e+00,4.917053e+00,5.037889e+00,4.913433e+00,4.767266e+00,4.852238e+00,4.518858e+00,4.919294e+00,4.922222e+00,4.798736e+00,4.877404e+00,4.735761e+00,5.005642e+00,4.877994e+00,4.881232e+00,4.588284e+00,4.934573e+00,4.996924e+00,4.550677e+00,5.016227e+00,4.969948e+00,4.900473e+00,5.034916e+00,4.810778e+00,4.643128e+00,4.515342e+00,4.969494e+00,4.752274e+00,4.790778e+00,4.702634e+00
5.007609e+00,4.315949e+00,4.690391e+00,4.874077e+00,4.852643e+00,4.921606e+00,4.594882e+00,4.823797e+00,4.766473e+00,5.020736e+00,4.225625e+00,4.795631e+00,4.586377e+00,4.802962e+00,4.978437e+00,5.017775e+00,4.923878e+00,4.752489e+00,4.897265e+00,4.904615e+00,4.748816e+00,4.735092e+00,4.996089e+00,4.773169e+00,4.759997e+00,4.602769e+00,4.925890e+00,4.956924e+00,4.817073e+00,4.755519e+00,4.796438e+00,4.493234e+00,4.890248e+00,4.901289e+00,4.677131e+00,4.854866e+00,4.940704e+00,4.822279e+00,4.806592e+00,4.442560e+00,4.961437e+00,4.761257e+00,4.980312e+00,4.856530e+00,4.900561e+00,4.862767e+00,4.769850e+00,4.519181e+00,4.862384e+00,4.676951e+00,4.925008e+00,4.727068e+00,5.031391e+00,4.424469e+00,4.723637e+00,4.895467e+00,4.694360e+00,4.624309e+00,4.820662e+00,4.480156e+00,5.030827e+00,4.824932e+00,5.101077e+00,5.051420e+00,4.896852e+00,4.750214e+00,4.930037e+00,4.827478e+00,4.917196e+00,4.891404e+00,4.815350e+00,4.920252e+00,4.900342e+00,4.848328e+00,4.693980e+00,4.892815e+00,4.961131e+00,4.624697e+00,4.755945e+00,4.883188e+00,4.635991e+00,4.873545e+00,4.588248e+00,4.791788e+00,4.836162e+00,4.685245e+00,4.622986e+00,4.851452e+00,4.796032e+00,4.903176e+00,4.832027e+00,4.990588e+00,4.530586e+00,5.014810e+00,4.756284e+00,4.477038e+00,4.785274e+00,4.349512e+00,4.781213e+00,4.930615e+00,4.734775e+00,4.952294e+00,4.928559e+00,4.711588e+00,4.569206e+00,4.627737e+00,3.210774e+00,4.847135e+00,4.916046e+00,4.280131e+00,4.737097e+00,4.488332e+00,4.908789e+00,4.842063e+00,4.850801e+00,4.940133e+00,4.703227e+00,4.729090e+00,4.824148e+00,4.852181e+00,4.868823e+00,4.857446e+00,4.976264e+00,4.617540e+00,4.922679e+00,4.841968e+00,4.928910e+00,4.699586e+00,4.758040e+00,4.780714e+00,4.955383e+00,4.502328e+00,4.458445e+00,5.050405e+00,4.723579e+00,4.850257e+00,4.868839e+00,4.768607e+00,4.931771e+00,4.988082e+00,4.383472e+00,4.945466e+00,4.938382e+00,4.681811e+00,4.944025e+00,4.887772e+00,4.812379e+00,4.529624e+00,4.735196e+00,4.683566e+00,4.966126e+00,4.809025e+00,4.956414e+00,4.736155e+00,4.910001e+00,4.523113e+00,4.834319e+00,4.921622e+00,4.776210e+00,4.648574e+00,4.765832e+00,4.815109e+00,4.916657e+00,4.889386e+00,4.929287e+00,4.603993e+00,4.659602e+00,5.056097e+00,4.918705e+00,4.910108e+00,4.825600e+00,4.986483e+00,4.821493e+00,4.790244e+00,4.790471e+00,4.998862e+00,4.932191e+00,4.931847e+00,5.009493e+00,4.724483e+00,4.749326e+00,4.827636e+00,4.840514e+00,4.869894e+00,4.950010e+00,4.786082e+00,4.788401e+00,4.866503e+00,4.880505e+00,4.430708e+00,4.817320e+00,5.012557e+00,4.877665e+00,4.766596e+00,4.795963e+00,4.905870e+00,4.958444e+00,5.055006e+00,4.649961e+00,4.945491e+00,4.597424e+00,4.908484e+00,4.994534e+00,4.848855e+00,4.941652e+00,4.719486e+00,4.933862e+00,4.756330e+00,4.966443e+00,4.770136e+00,4.748195e+00,4.915783e+00,4.860327e+00,4.950717e+00,5.008100e+00
