4.955379e+00,5.037389e+00,4.659190e+00,5.127063e+00,5.034400e+00,4.859955e+00,4.829414e+00,4.934736e+00,5.058880e+00,4.974836e+00,4.851525e+00,5.069366e+00,4.689153e+00,4.905888e+00,4.975415e+00,5.170023e+00,5.088823e+00,4.956189e+00,4.969186e+00,5.021772e+00,4.918453e+00,4.983385e+00,4.826551e+00,4.853047e+00,5.028171e+00,5.163497e+00,5.133116e+00,5.274421e+00,5.002268e+00,4.800736e+00,5.054301e+00,5.088795e+00,4.852938e+00,4.873798e+00,5.020685e+00,5.167216e+00,4.503276e+00,5.007102e+00,4.888229e+00,4.759084e+00,5.093990e+00,5.003868e+00,4.682108e+00,4.771850e+00,5.118490e+00,5.079905e+00,4.724574e+00,4.909769e+00,5.200171e+00,5.100877e+00,4.481745e+00,5.173735e+00,4.250375e+00,5.015186e+00,4.421631e+00,5.063929e+00,4.879294e+00,4.304196e+00,5.073509e+00,5.126791e+00,5.032460e+00,4.779528e+00,4.882605e+00,5.013526e+00,4.671100e+00,4.969249e+00,5.172152e+00,5.096215e+00,4.970558e+00,4.601823e+00,4.998762e+00,5.064106e+00,4.745567e+00,5.099181e+00,5.271364e+00,4.887716e+00,4.962190e+00,5.001038e+00,4.941863e+00,4.834885e+00,5.111450e+00,4.791600e+00,4.975978e+00,5.186866e+00,4.221830e+00,4.942053e+00,4.878848e+00,4.973324e+00,5.150932e+00,4.797774e+00,5.067210e+00,4.942430e+00,4.659071e+00,4.917787e+00,5.110377e+00,5.060756e+00,5.010525e+00,5.033260e+00,4.974209e+00,4.791449e+00,5.161625e+00,5.128133e+00,4.821029e+00,4.734589e+00,5.023482e+00,4.511013e+00,4.781836e+00,4.683776e+00
5.057574e+00,5.056933e+00,4.959102e+00,4.977784e+00,4.842919e+00,5.064952e+00,4.897091e+00,5.080569e+00,4.998786e+00,4.890068e+00,5.056764e+00,5.087315e+00,4.722593e+00,5.100495e+00,4.900953e+00,5.104033e+00,4.977231e+00,4.831641e+00,4.906017e+00,4.680252e+00,5.177874e+00,5.037828e+00,4.971298e+00,5.302026e+00,4.926089e+00,5.086543e+00,5.208000e+00,5.091831e+00,5.026694e+00,5.054229e+00,4.986698e+00,5.180625e+00,5.142630e+00,4.868519e+00,5.105991e+00,4.942275e+00,4.886974e+00,5.004149e+00,5.240879e+00,4.750908e+00,4.791224e+00,5.084865e+00,4.720278e+00,4.978809e+00,4.251017e+00,4.890058e+00,4.922471e+00,5.153915e+00,5.098389e+00,5.097725e+00,3.927914e+00,4.823850e+00,5.009437e+00,4.972295e+00,5.125154e+00,4.553345e+00,5.055648e+00,4.999638e+00,5.098020e+00,5.104380e+00,4.852866e+00,5.156519e+00,4.685293e+00,4.864842e+00,5.202519e+00,5.078947e+00,5.097356e+00,5.068122e+00,5.171350e+00,4.768820e+00,4.915312e+00,4.878258e+00,5.164569e+00,5.211081e+00,4.744716e+00,4.856234e+00,4.591201e+00,4.667554e+00,4.787377e+00,4.845107e+00,5.082622e+00,5.013624e+00,5.066582e+00,5.066156e+00,4.976508e+00,4.692210e+00,4.661783e+00,5.214616e+00,4.445587e+00,5.016170e+00,5.123775e+00,4.694351e+00,4.975105e+00,4.804372e+00,5.204396e+00,4.778961e+00,4.764895e+00,4.858092e+00,4.821867e+00,5.010095e+00,4.860796e+00,4.981597e+00,4.979388e+00,5.076821e+00,5.045340e+00,4.751810e+00,5.183815e+00,5.084995e+00
4.920780e+00,5.206151e+00,4.166205e+00,5.026796e+00,5.150682e+00,5.241940e+00,5.064721e+00,5.048787e+00,4.988203e+00,5.113172e+00,5.115290e+00,5.089321e+00,5.056655e+00,4.636280e+00,4.681962e+00,4.794310e+00,5.087345e+00,4.950800e+00,5.079713e+00,5.021882e+00,5.066354e+00,4.861249e+00,5.019407e+00,4.854681e+00,5.083697e+00,4.904047e+00,4.904759e+00,4.808046e+00,4.871512e+00,5.113915e+00,5.082321e+00,4.917589e+00,4.794129e+00,4.918776e+00,4.964371e+00,5.044822e+00,4.890648e+00,4.693417e+00,5.129803e+00,4.859718e+00,5.105507e+00,4.956700e+00,4.491603e+00,4.927913e+00,5.161047e+00,5.108088e+00,4.817085e+00,5.125582e+00,5.046860e+00,5.088727e+00,4.725605e+00,4.817394e+00,5.128450e+00,5.133019e+00,4.827718e+00,4.714548e+00,5.065489e+00,5.314298e+00,5.207138e+00,4.778473e+00,4.690199e+00,4.901239e+00,5.129231e+00,4.744856e+00,4.445612e+00,5.115676e+00,5.082234e+00,4.847261e+00,4.823623e+00,5.181994e+00,4.762027e+00,4.863238e+00,5.135133e+00,5.042705e+00,4.795240e+00,4.920950e+00,5.268497e+00,4.671339e+00,5.112211e+00,4.813367e+00,4.823111e+00,4.882954e+00,4.423260e+00,5.227216e+00,5.208791e+00,4.660825e+00,5.200611e+00,5.074648e+00,5.068821e+00,4.994132e+00,5.104988e+00,4.903772e+00,5.060175e+00,5.146463e+00,4.817494e+00,5.141488e+00,4.812133e+00,4.736151e+00,5.154013e+00,5.168149e+00,4.982837e+00,4.889490e+00,5.186040e+00,4.777705e+00,4.838013e+00,5.106003e+00,5.031628e+00,4.995139e+00
4.949227e+00,5.019337e+00,4.961973e+00,4.788894e+00,5.068535e+00,4.945403e+00,5.259028e+00,4.793195e+00,5.023932e+00,5.031357e+00,4.734416e+00,5.146024e+00,5.024446e+00,4.972056e+00,4.856795e+00,4.642114e+00,4.953309e+00,4.983916e+00,5.073176e+00,5.057270e+00,5.029677e+00,4.976223e+00,4.834342e+00,4.965281e+00,5.125097e+00,4.883021e+00,5.133461e+00,4.780452e+00,4.801433e+00,5.241175e+00,5.027120e+00,4.572280e+00,5.099925e+00,5.040240e+00,5.215853e+00,5.095300e+00,5.303878e+00,5.189381e+00,5.098150e+00,4.874935e+00,4.935903e+00,4.993116e+00,5.038848e+00,5.052903e+00,5.104069e+00,4.888867e+00,4.997610e+00,5.043458e+00,5.090622e+00,5.275237e+00,5.026388e+00,5.076715e+00,4.992067e+00,4.999052e+00,5.064513e+00,5.151320e+00,5.276764e+00,4.849613e+00,5.091524e+00,4.813919e+00,4.959924e+00,5.101779e+00,4.602693e+00,4.618364e+00,4.636891e+00,5.330983e+00,4.930717e+00,5.182107e+00,4.751246e+00,4.901955e+00,4.889969e+00,5.031652e+00,5.037089e+00,5.023861e+00,4.924730e+00,4.887705e+00,4.932307e+00,4.692980e+00,4.941528e+00,5.082720e+00,4.667521e+00,4.574607e+00,4.858999e+00,5.135400e+00,5.063751e+00,4.824536e+00,5.140104e+00,5.178014e+00,4.966086e+00,4.993515e+00,4.793321e+00,5.151133e+00,4.981007e+00,4.843038e+00,5.034971e+00,4.951281e+00,5.160333e+00,5.004089e+00,5.063440e+00,5.027351e+00,4.944481e+00,5.207693e+00,4.724611e+00,4.725561e+00,4.788304e+00,5.103315e+00,4.781702e+00,5.129512e+00
4.906506e+00,4.711762e+00,4.963818e+00,4.822575e+00,4.957417e+00,5.165214e+00,5.187589e+00,5.113701e+00,4.689009e+00,5.076854e+00,5.032508e+00,4.906980e+00,5.062948e+00,5.032192e+00,5.009603e+00,4.809503e+00,5.197611e+00,4.848226e+00,4.866678e+00,4.947955e+00,4.480256e+00,4.841417e+00,5.157899e+00,4.938739e+00,4.982450e+00,5.053900e+00,5.106735e+00,4.956287e+00,4.901498e+00,5.162807e+00,4.947805e+00,4.908997e+00,4.873962e+00,5.077492e+00,4.929356e+00,5.035361e+00,5.071521e+00,4.769257e+00,5.013736e+00,4.964750e+00,4.919620e+00,5.016969e+00,4.540783e+00,5.228407e+00,4.844282e+00,4.888991e+00,5.066298e+00,5.064549e+00,5.050894e+00,4.973390e+00,4.686146e+00,5.039860e+00,4.790778e+00,4.891228e+00,5.094355e+00,5.091861e+00,5.019563e+00,4.846330e+00,5.141828e+00,4.907261e+00,5.117562e+00,5.090168e+00,5.083335e+00,4.655285e+00,5.004343e+00,5.226723e+00,5.067015e+00,4.795098e+00,4.734825e+00,4.851181e+00,5.122005e+00,5.047675e+00,5.072929e+00,5.072924e+00,5.041345e+00,5.167563e+00,5.073416e+00,4.813244e+00,4.810436e+00,4.856016e+00,5.048887e+00,5.150683e+00,5.129295e+00,4.949862e+00,5.010208e+00,4.994094e+00,5.168387e+00,4.562438e+00,5.020683e+00,5.053353e+00,4.932975e+00,5.100120e+00,4.973372e+00,4.851746e+00,5.041326e+00,4.717656e+00,5.069065e+00,5.074589e+00,4.579294e+00,5.186832e+00,4.912686e+00,4.917822e+00,5.027242e+00,4.981495e+00,4.682526e+00,5.163134e+00,4.978182e+00,5.096853e+00
4.932790e+00,5.044240e+00,4.730876e+00,4.832604e+00,4.968957e+00,5.076646e+00,4.881294e+00,5.093424e+00,5.175397e+00,5.006514e+00,5.234643e+00,4.961116e+00,4.511307e+00,4.755356e+00,4.773418e+00,5.143345e+00,5.100498e+00,4.930581e+00,5.006714e+00,5.056085e+00,4.889706e+00,5.116385e+00,4.922924e+00,5.031203e+00,5.014109e+00,5.182405e+00,4.503867e+00,4.706727e+00,5.085510e+00,4.836896e+00,4.754818e+00,5.023539e+00,5.068316e+00,4.247918e+00,5.280735e+00,4.862323e+00,4.783999e+00,4.910491e+00,4.788762e+00,4.876379e+00,4.967465e+00,4.933132e+00,4.947758e+00,5.113117e+00,5.182113e+00,4.919908e+00,4.666179e+00,5.169102e+00,4.715072e+00,5.017643e+00,5.050410e+00,4.832243e+00,5.166939e+00,4.846612e+00,4.795637e+00,4.987047e+00,4.931554e+00,4.869573e+00,5.134693e+00,4.468517e+00,4.975150e+00,4.955181e+00,4.905116e+00,4.599502e+00,4.994462e+00,4.514925e+00,4.905889e+00,5.041116e+00,4.856845e+00,5.076320e+00,5.141015e+00,5.183079e+00,5.287731e+00,4.927639e+00,4.845731e+00,5.101194e+00,4.660133e+00,4.960026e+00,4.924115e+00,4.969911e+00,4.893472e+00,5.085533e+00,4.903295e+00,4.950793e+00,4.861043e+00,4.917963e+00,5.028547e+00,4.998636e+00,5.176982e+00,5.095518e+00,5.144339e+00,4.911037e+00,4.794105e+00,4.978580e+00,4.786142e+00,4.449404e+00,5.326930e+00,4.987071e+00,4.879208e+00,4.961958e+00,4.588758e+00,5.010950e+00,5.078588e+00,4.680045e+00,4.677211e+00,5.065088e+00,5.114310e+00,4.770737e+00
5.228248e+00,4.711457e+00,4.521552e+00,5.049216e+00,4.723511e+00,4.595764e+00,5.080438e+00,4.986107e+00,4.821004e+00,4.728227e+00,5.111358e+00,4.907631e+00,4.989706e+00,5.046725e+00,5.036778e+00,5.036068e+00,4.870703e+00,5.142642e+00,5.054601e+00,5.236161e+00,4.873072e+00,4.573641e+00,4.868772e+00,5.163707e+00,5.029211e+00,5.201390e+00,4.728299e+00,4.999742e+00,4.652965e+00,5.112531e+00,4.955196e+00,5.061528e+00,4.908950e+00,4.770618e+00,4.737930e+00,4.824988e+00,4.780546e+00,4.671421e+00,5.183128e+00,4.970485e+00,4.808171e+00,4.561204e+00,4.960195e+00,4.919490e+00,4.588275e+00,4.677317e+00,4.923602e+00,4.738522e+00,4.777662e+00,4.774689e+00,4.808737e+00,4.580362e+00,4.321967e+00,5.080708e+00,4.417161e+00,4.575097e+00,4.689588e+00,4.418424e+00,4.343961e+00,4.993180e+00,4.898382e+00,5.222721e+00,4.985688e+00,4.895104e+00,5.059761e+00,4.973188e+00,4.790345e+00,4.633148e+00,5.012661e+00,5.070711e+00,5.047552e+00,4.925975e+00,5.087311e+00,4.943178e+00,4.739786e+00,4.716545e+00,5.069160e+00,5.010247e+00,5.102524e+00,5.051779e+00,5.061328e+00,5.118285e+00,4.940331e+00,5.168518e+00,4.867634e+00,5.137503e+00,4.954955e+00,4.816889e+00,4.942479e+00,4.877143e+00,4.900735e+00,4.829225e+00,5.191680e+00,4.944440e+00,5.042734e+00,5.128934e+00,4.865137e+00,4.785685e+00,4.872018e+00,4.871564e+00,4.869743e+00,4.944539e+00,5.065238e+00,5.084390e+00,4.984445e+00,5.034740e+00,5.131876e+00,5.018329e+00
5.067094e+00,5.073779e+00,4.941511e+00,4.973180e+00,4.826518e+00,4.808593e+00,5.164627e+00,5.078376e+00,5.001098e+00,4.373542e+00,5.086610e+00,4.863858e+00,5.184331e+00,4.740755e+00,5.138544e+00,4.768384e+00,4.906007e+00,4.870078e+00,4.883717e+00,4.817613e+00,5.033936e+00,4.990518e+00,5.091338e+00,5.041712e+00,5.161052e+00,5.113767e+00,4.929154e+00,4.854863e+00,4.910381e+00,4.723106e+00,4.895468e+00,4.752361e+00,4.523633e+00,4.968958e+00,5.167152e+00,4.902572e+00,5.097191e+00,5.105967e+00,4.767409e+00,4.481196e+00,4.938427e+00,4.467652e+00,4.412151e+00,4.264153e+00,4.948983e+00,4.871478e+00,4.948149e+00,5.060352e+00,4.896416e+00,4.965953e+00,4.380490e+00,5.002981e+00,4.604326e+00,5.144343e+00,5.047541e+00,4.646181e+00,5.091984e+00,5.024685e+00,4.964567e+00,4.961748e+00,4.523845e+00,4.658715e+00,4.359829e+00,4.966403e+00,4.747937e+00,4.745578e+00,5.016038e+00,4.937443e+00,4.941231e+00,5.032102e+00,4.970134e+00,5.060387e+00,4.952968e+00,5.111238e+00,4.811938e+00,5.102166e+00,4.581780e+00,4.931949e+00,5.016479e+00,5.152001e+00,5.108767e+00,4.980248e+00,4.446483e+00,4.924475e+00,4.970733e+00,5.188188e+00,4.972158e+00,4.671558e+00,4.905401e+00,4.793793e+00,4.665256e+00,5.121004e+00,4.818311e+00,4.887275e+00,5.118369e+00,5.003703e+00,4.875796e+00,4.798860e+00,5.063862e+00,4.987233e+00,5.136335e+00,5.158074e+00,4.793915e+00,4.788213e+00,4.930437e+00,4.993797e+00,5.107037e+00,4.881050e+00
4.962355e+00,4.914836e+00,5.052967e+00,5.049365e+00,4.962315e+00,4.807043e+00,5.065818e+00,4.842569e+00,5.055978e+00,4.960332e+00,4.738937e+00,5.091706e+00,4.894961e+00,4.901625e+00,5.098667e+00,5.033505e+00,4.917506e+00,4.896615e+00,4.889676e+00,4.835471e+00,4.993587e+00,4.988154e+00,4.799935e+00,5.104884e+00,5.062166e+00,5.239740e+00,5.129550e+00,5.058111e+00,5.138799e+00,5.108928e+00,5.110070e+00,5.100202e+00,5.038844e+00,5.048148e+00,4.935504e+00,4.959774e+00,5.073300e+00,4.898248e+00,5.315573e+00,4.552916e+00,5.097004e+00,5.090829e+00,4.953016e+00,5.138490e+00,4.879503e+00,4.797390e+00,4.966837e+00,4.776419e+00,5.162381e+00,4.901738e+00,4.990081e+00,4.883194e+00,5.021205e+00,5.158598e+00,5.016740e+00,5.049941e+00,4.792130e+00,4.910017e+00,5.358157e+00,4.555973e+00,5.110990e+00,5.301704e+00,4.921507e+00,4.809745e+00,4.925425e+00,5.055877e+00,4.198317e+00,4.595794e+00,4.931093e+00,4.997038e+00,4.718905e+00,4.928644e+00,4.983054e+00,4.976014e+00,5.173233e+00,5.026585e+00,4.934621e+00,5.093731e+00,4.520767e+00,5.035890e+00,5.066291e+00,4.559732e+00,4.812222e+00,5.061081e+00,5.100201e+00,4.817232e+00,4.817729e+00,5.038686e+00,5.000582e+00,4.976948e+00,4.024362e+00,4.949663e+00,5.279879e+00,4.984456e+00,5.060223e+00,4.673465e+00,4.703459e+00,5.023456e+00,4.923191e+00,4.802959e+00,5.009391e+00,5.082260e+00,4.954087e+00,4.453840e+00,4.637937e+00,5.185177e+00,4.903295e+00,5.027763e+00
5.112708e+00,5.041646e+00,4.866534e+00,5.020104e+00,4.779583e+00,4.909415e+00,4.538420e+00,5.045639e+00,5.015958e+00,4.841543e+00,5.050279e+00,4.939895e+00,4.593515e+00,5.007350e+00,4.575677e+00,5.031931e+00,5.186024e+00,5.019468e+00,4.743486e+00,4.878126e+00,5.185809e+00,4.921716e+00,4.975123e+00,5.064774e+00,4.645466e+00,4.888787e+00,4.998374e+00,5.089396e+00,5.140164e+00,4.898033e+00,5.096049e+00,4.632320e+00,5.036683e+00,4.786082e+00,5.026641e+00,4.632267e+00,5.153719e+00,5.202853e+00,5.000920e+00,4.644243e+00,4.886017e+00,5.258649e+00,5.127402e+00,5.209877e+00,5.119967e+00,4.914976e+00,4.518568e+00,5.121741e+00,4.892934e+00,4.991283e+00,5.096737e+00,4.891441e+00,4.692923e+00,4.365439e+00,4.529655e+00,4.876043e+00,5.012263e+00,4.600156e+00,4.192588e+00,4.767299e+00,5.001989e+00,4.913313e+00,4.888984e+00,5.035114e+00,5.151979e+00,5.231537e+00,5.087711e+00,5.119722e+00,4.501369e+00,4.141957e+00,4.868728e+00,5.067777e+00,4.896238e+00,4.679875e+00,5.083124e+00,4.474702e+00,4.869816e+00,4.349994e+00,5.010895e+00,5.054812e+00,5.095592e+00,5.267639e+00,5.113877e+00,5.122051e+00,4.974214e+00,4.593812e+00,4.986748e+00,5.047473e+00,5.300532e+00,5.081045e+00,4.975740e+00,5.189219e+00,4.871477e+00,4.784114e+00,4.762675e+00,4.777400e+00,5.009326e+00,4.861998e+00,4.867862e+00,4.724533e+00,5.129451e+00,5.012708e+00,4.931038e+00,4.821274e+00,4.976295e+00,5.047051e+00,5.060774e+00,5.003461e+00
4.842129e+00,4.906723e+00,5.014557e+00,4.556595e+00,5.059224e+00,4.781769e+00,4.930768e+00,4.905476e+00,4.750031e+00,4.611112e+00,4.944827e+00,5.083343e+00,4.877302e+00,4.974137e+00,5.090038e+00,5.034509e+00,4.798463e+00,4.788703e+00,4.849988e+00,5.225922e+00,5.268398e+00,4.996872e+00,4.653414e+00,5.131035e+00,5.059975e+00,5.104519e+00,5.096702e+00,4.925770e+00,4.901952e+00,5.088479e+00,4.796083e+00,4.978061e+00,4.781618e+00,5.073507e+00,4.858232e+00,5.183788e+00,4.829318e+00,5.115341e+00,5.064320e+00,5.138310e+00,5.025929e+00,4.808102e+00,4.965398e+00,4.306599e+00,4.411666e+00,4.131969e+00,3.939513e+00,3.895817e+00,4.889867e+00,4.783215e+00,4.215483e+00,4.826116e+00,4.105620e+00,4.737514e+00,4.522093e+00,5.056704e+00,4.862428e+00,4.672243e+00,4.810154e+00,4.080380e+00,4.199097e+00,4.343695e+00,4.241583e+00,4.968957e+00,4.745648e+00,5.020883e+00,4.716284e+00,5.154126e+00,4.670736e+00,5.312225e+00,5.004595e+00,5.274233e+00,4.126214e+00,4.799896e+00,4.806771e+00,5.255157e+00,5.124213e+00,4.694152e+00,4.829660e+00,4.866719e+00,4.779862e+00,5.122626e+00,5.177276e+00,5.076566e+00,5.068007e+00,4.709076e+00,4.839045e+00,5.130954e+00,4.616776e+00,5.094342e+00,4.897820e+00,4.924339e+00,4.784786e+00,4.945801e+00,5.129527e+00,4.950991e+00,5.174127e+00,5.006777e+00,4.878119e+00,4.989556e+00,4.909873e+00,4.744600e+00,5.082616e+00,4.742280e+00,5.056048e+00,5.063045e+00,4.879455e+00,5.093469e+00
5.089205e+00,4.727164e+00,4.744004e+00,5.058212e+00,4.744007e+00,5.205461e+00,5.051608e+00,4.565698e+00,4.785674e+00,5.019463e+00,5.101303e+00,4.762049e+00,5.057471e+00,4.714474e+00,4.854569e+00,4.537875e+00,4.869969e+00,4.898902e+00,5.052239e+00,5.065261e+00,5.085662e+00,5.021534e+00,5.231167e+00,5.166979e+00,4.572148e+00,5.044042e+00,4.925067e+00,5.031428e+00,4.713386e+00,4.791622e+00,4.910958e+00,5.040985e+00,4.622748e+00,5.255980e+00,4.735945e+00,5.090614e+00,5.130295e+00,4.676797e+00,4.718323e+00,4.364392e+00,4.985381e+00,4.530058e+00,4.563395e+00,4.660625e+00,4.908834e+00,4.758988e+00,4.664351e+00,4.424585e+00,4.152924e+00,4.126656e+00,4.569665e+00,4.496244e+00,4.383129e+00,4.449635e+00,4.353294e+00,4.697155e+00,3.834998e+00,4.141102e+00,5.073192e+00,4.772384e+00,4.224516e+00,4.814659e+00,4.391858e+00,4.969386e+00,4.732268e+00,4.701011e+00,5.032776e+00,4.868710e+00,5.197452e+00,5.267661e+00,4.972328e+00,4.971792e+00,5.193086e+00,4.081684e+00,5.241649e+00,4.562675e+00,4.825600e+00,3.993659e+00,4.484760e+00,4.473139e+00,4.714646e+00,5.053430e+00,5.006106e+00,4.932580e+00,4.917837e+00,4.941492e+00,5.015360e+00,4.573066e+00,5.005348e+00,5.060699e+00,4.470730e+00,5.211597e+00,4.572412e+00,4.958807e+00,4.647961e+00,5.005828e+00,4.847159e+00,4.870857e+00,5.064104e+00,4.837960e+00,5.110717e+00,5.074970e+00,5.114023e+00,5.065483e+00,4.889988e+00,5.110660e+00,4.928068e+00,4.847827e+00
4.955516e+00,4.921157e+00,4.619645e+00,4.765303e+00,4.918633e+00,4.908706e+00,5.076950e+00,5.161200e+00,5.123344e+00,4.778293e+00,5.003682e+00,4.918367e+00,5.085243e+00,4.619529e+00,4.974128e+00,4.777910e+00,5.050425e+00,4.813824e+00,4.911842e+00,4.845366e+00,4.831281e+00,5.025117e+00,4.799394e+00,4.908008e+00,5.088411e+00,5.137057e+00,4.757894e+00,4.495170e+00,5.080858e+00,5.021089e+00,5.016454e+00,5.222811e+00,5.007660e+00,4.437062e+00,5.066929e+00,4.822149e+00,4.982941e+00,4.850416e+00,4.736527e+00,4.293432e+00,4.122888e+00,4.568145e+00,4.496373e+00,4.517364e+00,4.085667e+00,3.832424e+00,4.314910e+00,4.113789e+00,4.581861e+00,4.583576e+00,5.122615e+00,4.823095e+00,4.685179e+00,4.456806e+00,4.441703e+00,3.838045e+00,3.920168e+00,3.989624e+00,6.332699e+00,4.167385e+00,4.630617e+00,3.752696e+00,4.330855e+00,4.782111e+00,4.144288e+00,4.925232e+00,4.198644e+00,4.741450e+00,4.538445e+00,4.585546e+00,4.979807e+00,5.181281e+00,5.035530e+00,4.833996e+00,4.797493e+00,4.340251e+00,4.815010e+00,4.882265e+00,4.970063e+00,4.942170e+00,4.929861e+00,5.147369e+00,4.754857e+00,5.190466e+00,4.888205e+00,4.682539e+00,5.132202e+00,5.098128e+00,5.018986e+00,5.074478e+00,4.801302e+00,4.978952e+00,5.099919e+00,4.783933e+00,4.676579e+00,5.005143e+00,4.942451e+00,5.050107e+00,4.920184e+00,4.920559e+00,4.609830e+00,5.007086e+00,4.606430e+00,5.042014e+00,4.460911e+00,5.036913e+00,4.974908e+00,4.964957e+00
5.040525e+00,4.704277e+00,4.850362e+00,5.097631e+00,4.964688e+00,4.799284e+00,4.881535e+00,5.109790e+00,5.063800e+00,4.947156e+00,5.113681e+00,4.817351e+00,4.757170e+00,5.107328e+00,5.086738e+00,4.807102e+00,5.201840e+00,4.969013e+00,5.088836e+00,4.414407e+00,4.772467e+00,4.992735e+00,4.981751e+00,5.025455e+00,5.000240e+00,4.882221e+00,5.115650e+00,4.737192e+00,3.781518e+00,4.971712e+00,4.814715e+00,4.728101e+00,4.964449e+00,4.983895e+00,4.211308e+00,4.720040e+00,4.690129e+00,4.768932e+00,4.716363e+00,4.997186e+00,3.759407e+00,4.770566e+00,4.131857e+00,4.143178e+00,4.153358e+00,4.704977e+00,7.619185e+00,4.213976e+00,5.033641e+00,4.712829e+00,4.356944e+00,4.406527e+00,4.871162e+00,5.070064e+00,4.598750e+00,4.628928e+00,4.103218e+00,3.818440e+00,3.498353e+00,4.532716e+00,5.832667e+00,4.121680e+00,4.102641e+00,4.598588e+00,4.595445e+00,4.836256e+00,3.948467e+00,4.081285e+00,4.118099e+00,4.897422e+00,4.301360e+00,4.628333e+00,4.974593e+00,5.101450e+00,5.149178e+00,5.220867e+00,4.681115e+00,4.491896e+00,4.340806e+00,5.243210e+00,4.983103e+00,5.273492e+00,4.826286e+00,5.151489e+00,4.953469e+00,4.843517e+00,4.859117e+00,5.035019e+00,4.309228e+00,5.033806e+00,5.145645e+00,4.936628e+00,4.964243e+00,4.785010e+00,4.584239e+00,5.116593e+00,5.090358e+00,4.898206e+00,4.968136e+00,4.824833e+00,4.908644e+00,5.143355e+00,4.587627e+00,5.041042e+00,5.118168e+00,4.905520e+00,4.896332e+00,4.909011e+00
5.169020e+00,5.036662e+00,5.070419e+00,4.992232e+00,4.835963e+00,5.205441e+00,4.788712e+00,4.943853e+00,5.193910e+00,4.909857e+00,4.539106e+00,5.276553e+00,5.015255e+00,5.040802e+00,4.608942e+00,4.736245e+00,5.104383e+00,5.215734e+00,4.832533e+00,5.064675e+00,5.110428e+00,4.992326e+00,5.122229e+00,5.016864e+00,5.115260e+00,4.578705e+00,5.110520e+00,5.135914e+00,5.400397e+00,4.575145e+00,4.977858e+00,5.161318e+00,4.493976e+00,4.570263e+00,3.993736e+00,3.774211e+00,4.640402e+00,4.572726e+00,4.300164e+00,4.001287e+00,5.349962e+00,4.505973e+00,4.082237e+00,4.444189e+00,4.617377e+00,4.042407e+00,4.295089e+00,3.681501e+00,4.761960e+00,3.693235e+00,4.241694e+00,4.258353e+00,4.655859e+00,4.873633e+00,5.032945e+00,4.304698e+00,4.266535e+00,3.917810e+00,4.083137e+00,4.363232e+00,9.785280e+00,4.830424e+00,4.840705e+00,4.739419e+00,4.754494e+00,4.571918e+00,4.161205e+00,4.743597e+00,4.114286e+00,4.317122e+00,4.282667e+00,4.856274e+00,4.482492e+00,5.228236e+00,4.684933e+00,5.249030e+00,4.949526e+00,4.971221e+00,5.158236e+00,4.303186e+00,4.632349e+00,5.173381e+00,5.055910e+00,4.621231e+00,4.898862e+00,4.764434e+00,4.980500e+00,5.171502e+00,4.977435e+00,5.047720e+00,5.209727e+00,4.965530e+00,4.665069e+00,4.591115e+00,4.988085e+00,4.292830e+00,5.120083e+00,5.035777e+00,5.211560e+00,4.876932e+00,4.621054e+00,5.068578e+00,5.113628e+00,4.828746e+00,5.100670e+00,5.205085e+00,4.951622e+00,4.971040e+00
4.978507e+00,4.587219e+00,5.074573e+00,4.951228e+00,4.732684e+00,5.045377e+00,5.008009e+00,5.000012e+00,4.418454e+00,4.833811e+00,4.965350e+00,4.706282e+00,5.132317e+00,5.181334e+00,5.039428e+00,4.889040e+00,5.213511e+00,4.975594e+00,4.786401e+00,5.091725e+00,5.016233e+00,4.517923e+00,4.962901e+00,4.911852e+00,5.088722e+00,5.173517e+00,4.740955e+00,5.103684e+00,4.979134e+00,4.694793e+00,4.938441e+00,4.787707e+00,3.966528e+00,4.503987e+00,4.590892e+00,4.434015e+00,3.763913e+00,4.688530e+00,5.089138e+00,3.928463e+00,4.563689e+00,3.976222e+00,4.588299e+00,4.483202e+00,4.539962e+00,4.614100e+00,4.104974e+00,7.090679e+00,3.956978e+00,5.213184e+00,4.785199e+00,4.894550e+00,5.051216e+00,5.189843e+00,4.834644e+00,4.466108e+00,4.505286e+00,5.688673e+00,4.442185e+00,4.479953e+00,4.526660e+00,4.042929e+00,4.504683e+00,4.430248e+00,3.822776e+00,4.849292e+00,4.442020e+00,3.742601e+00,5.162300e+00,4.822759e+00,4.245873e+00,4.616383e+00,4.280528e+00,4.434445e+00,4.892251e+00,4.592391e+00,5.072278e+00,4.995455e+00,4.745902e+00,4.588486e+00,4.747301e+00,4.792480e+00,4.852692e+00,4.873611e+00,5.104900e+00,4.759782e+00,4.961785e+00,5.086293e+00,5.086689e+00,4.905882e+00,5.150258e+00,4.771903e+00,5.101359e+00,5.139258e+00,5.115924e+00,4.730263e+00,4.583007e+00,5.051344e+00,5.195574e+00,4.976615e+00,4.901075e+00,4.998052e+00,5.120038e+00,4.968288e+00,4.993715e+00,4.894372e+00,5.135346e+00,4.890167e+00
5.001600e+00,4.809706e+00,5.079002e+00,5.055428e+00,4.839751e+00,4.908139e+00,4.969199e+00,5.002722e+00,5.125632e+00,4.884358e+00,4.949834e+00,5.019697e+00,5.185661e+00,4.955254e+00,4.791606e+00,4.819896e+00,4.724542e+00,4.511159e+00,4.922618e+00,4.340241e+00,5.113117e+00,4.906464e+00,5.192482e+00,4.948209e+00,4.960970e+00,5.112880e+00,4.947714e+00,4.805183e+00,5.048727e+00,4.214302e+00,4.300751e+00,4.187854e+00,4.442923e+00,4.506702e+00,4.592571e+00,7.344904e+00,4.290286e+00,4.622992e+00,5.077559e+00,5.019810e+00,5.265748e+00,4.505100e+00,5.479176e+00,9.020233e+00,4.671323e+00,7.987105e+00,4.562110e+00,5.009460e+00,4.310735e+00,4.863725e+00,5.026665e+00,4.865864e+00,5.204137e+00,5.090387e+00,4.963343e+00,5.148236e+00,5.061163e+00,4.116716e+00,3.673193e+00,8.998814e+00,4.964346e+00,3.643195e+00,6.751855e+00,4.223939e+00,9.828965e+00,3.976857e+00,4.063146e+00,4.127763e+00,4.939685e+00,4.955791e+00,4.682273e+00,4.619367e+00,4.736923e+00,4.764279e+00,4.525517e+00,4.210202e+00,4.446661e+00,5.007438e+00,4.724114e+00,4.886028e+00,4.924462e+00,4.144988e+00,4.287543e+00,4.922481e+00,4.804879e+00,5.071103e+00,5.038498e+00,4.858352e+00,5.020153e+00,5.020840e+00,4.872637e+00,5.031645e+00,5.032020e+00,4.911543e+00,5.104233e+00,4.976336e+00,4.971271e+00,5.011697e+00,4.855146e+00,4.877131e+00,4.814295e+00,4.960018e+00,4.551018e+00,4.775590e+00,5.091681e+00,4.677714e+00,4.747885e+00,5.012210e+00
5.126965e+00,4.879138e+00,4.947544e+00,4.739327e+00,4.718005e+00,5.056785e+00,4.899670e+00,4.717430e+00,4.684298e+00,4.939178e+00,4.929159e+00,4.987982e+00,5.248795e+00,4.757728e+00,5.042512e+00,5.254782e+00,4.755506e+00,4.872411e+00,5.181334e+00,4.846196e+00,4.375616e+00,4.611268e+00,4.644114e+00,4.930233e+00,5.048729e+00,4.844702e+00,5.038527e+00,4.182500e+00,4.029102e+00,5.126441e+00,8.092357e+00,3.898729e+00,4.107843e+00,4.753868e+00,4.168001e+00,3.871804e+00,4.603887e+00,6.196303e+00,4.252273e+00,5.086545e+00,4.180160e+00,3.753548e+00,7.751113e+00,4.108240e+00,4.867827e+00,4.225087e+00,3.887097e+00,3.631414e+00,5.033523e+00,5.147881e+00,4.426971e+00,4.979779e+00,5.253363e+00,4.970103e+00,4.071982e+00,5.026237e+00,4.902527e+00,4.160137e+00,3.834533e+00,4.612692e+00,4.634210e+00,6.749130e+00,6.945881e+00,1.039559e+01,3.985083e+00,4.031706e+00,4.115231e+00,4.419918e+00,4.905423e+00,5.043809e+00,5.173995e+00,4.908361e+00,4.773791e+00,3.975081e+00,4.171174e+00,4.119454e+00,3.898548e+00,4.563460e+00,4.811099e+00,5.105977e+00,4.615719e+00,5.130015e+00,4.467058e+00,4.179635e+00,5.178771e+00,4.474862e+00,4.703085e+00,5.097160e+00,4.631369e+00,4.867420e+00,4.983101e+00,5.053898e+00,5.018585e+00,5.189814e+00,4.904619e+00,4.739332e+00,5.281857e+00,4.626562e+00,4.795534e+00,5.248476e+00,4.859987e+00,4.798691e+00,4.585964e+00,5.162677e+00,4.858304e+00,4.743407e+00,5.068597e+00,4.947783e+00
5.157815e+00,4.911579e+00,4.877777e+00,5.025736e+00,4.885042e+00,4.890302e+00,5.096576e+00,4.856959e+00,4.964544e+00,5.161130e+00,4.915060e+00,5.088279e+00,5.062446e+00,5.138930e+00,4.805313e+00,5.022766e+00,4.978513e+00,5.156679e+00,4.952326e+00,4.666817e+00,5.165615e+00,4.835311e+00,5.198487e+00,4.469492e+00,5.402367e+00,4.951566e+00,4.988209e+00,4.790387e+00,4.555883e+00,4.095547e+00,6.446466e+00,4.076244e+00,3.930989e+00,4.087473e+00,4.356979e+00,4.202110e+00,3.941713e+00,4.953396e+00,4.042617e+00,4.730730e+00,4.242940e+00,9.533097e+00,4.521029e+00,4.182997e+00,4.728290e+00,5.343744e+00,4.246946e+00,7.195461e+00,4.756021e+00,4.364350e+00,4.833195e+00,5.091416e+00,4.956455e+00,4.415899e+00,5.110361e+00,4.928000e+00,4.868519e+00,4.658174e+00,5.454100e+00,4.581548e+00,4.481389e+00,4.925266e+00,5.117899e+00,6.015633e+00,4.773904e+00,4.316626e+00,4.270034e+00,4.961113e+00,5.269503e+00,4.942094e+00,4.681019e+00,4.524314e+00,4.853695e+00,5.126577e+00,4.686879e+00,3.878244e+00,3.983133e+00,4.078156e+00,3.964722e+00,5.183166e+00,4.691526e+00,5.108332e+00,5.048687e+00,4.634411e+00,4.938464e+00,4.905383e+00,4.743045e+00,4.580749e+00,4.730257e+00,5.053888e+00,5.093026e+00,5.092536e+00,5.075745e+00,4.826863e+00,4.670102e+00,4.626833e+00,5.081672e+00,4.644995e+00,4.766157e+00,4.775057e+00,5.060200e+00,4.915873e+00,5.015974e+00,5.148488e+00,4.742931e+00,5.077251e+00,4.801122e+00,5.175674e+00
4.992163e+00,4.659993e+00,5.125323e+00,5.021125e+00,4.973632e+00,5.173939e+00,4.958935e+00,5.069557e+00,4.756760e+00,4.912963e+00,4.159108e+00,4.682673e+00,5.024036e+00,4.702910e+00,4.863956e+00,5.071056e+00,5.015668e+00,4.921856e+00,5.166629e+00,4.861680e+00,4.894373e+00,5.038372e+00,5.184129e+00,4.975082e+00,4.728552e+00,4.588377e+00,3.935065e+00,4.841403e+00,4.418647e+00,3.970841e+00,3.875262e+00,3.973554e+00,4.775764e+00,4.358519e+00,4.577435e+00,4.929250e+00,4.348037e+00,6.266911e+00,3.932407e+00,4.830670e+00,4.413889e+00,5.668027e+00,8.138123e+00,8.671488e+00,4.788355e+00,4.173970e+00,4.442212e+00,4.510458e+00,4.228487e+00,3.833550e+00,4.258286e+00,4.354163e+00,5.123473e+00,4.928423e+00,5.047823e+00,4.915891e+00,4.428708e+00,3.902759e+00,3.756683e+00,4.351171e+00,4.898278e+00,4.364166e+00,4.337159e+00,4.242266e+00,7.014940e+00,4.348172e+00,5.049505e+00,4.762288e+00,4.974009e+00,5.153439e+00,5.006482e+00,4.919005e+00,4.660668e+00,3.885093e+00,4.520268e+00,5.034820e+00,4.004196e+00,4.261450e+00,4.586154e+00,4.553586e+00,4.833533e+00,5.058610e+00,4.988545e+00,5.069725e+00,4.899159e+00,4.593903e+00,5.030301e+00,4.703606e+00,4.877490e+00,4.920421e+00,4.492474e+00,4.873138e+00,5.101844e+00,5.095434e+00,4.994010e+00,4.928435e+00,5.099397e+00,4.828494e+00,4.857861e+00,5.073618e+00,4.652468e+00,5.008604e+00,4.570824e+00,4.954306e+00,4.846924e+00,4.998909e+00,4.953962e+00,4.877500e+00
4.776860e+00,5.015083e+00,4.978428e+00,4.989342e+00,4.974844e+00,5.119326e+00,4.987827e+00,5.076137e+00,4.822058e+00,4.665049e+00,5.055262e+00,4.943229e+00,4.914588e+00,5.066963e+00,4.986651e+00,5.080887e+00,5.029589e+00,4.983205e+00,4.432766e+00,4.567166e+00,4.813828e+00,4.784684e+00,5.134865e+00,5.139151e+00,3.972981e+00,4.050649e+00,4.522790e+00,3.708341e+00,4.294196e+00,4.565241e+00,6.770192e+00,4.178080e+00,7.233273e+00,1.027784e+01,4.170835e+00,4.871405e+00,6.916910e+00,5.886082e+00,4.162678e+00,6.537959e+00,4.561187e+00,6.946389e+00,4.632808e+00,4.770305e+00,1.028091e+01,7.073574e+00,4.035695e+00,9.275524e+00,7.853952e+00,1.016227e+01,4.772472e+00,3.668248e+00,4.241346e+00,4.831967e+00,5.087133e+00,4.840778e+00,4.563710e+00,8.637710e+00,8.246345e+00,3.940849e+00,5.897772e+00,4.164685e+00,9.367601e+00,5.452046e+00,4.429247e+00,4.855204e+00,4.584083e+00,4.891728e+00,5.186666e+00,5.030868e+00,5.006162e+00,4.850708e+00,4.691536e+00,4.940979e+00,4.280958e+00,4.181154e+00,5.275728e+00,3.787893e+00,4.353679e+00,4.691530e+00,4.286342e+00,4.636352e+00,4.757021e+00,5.169099e+00,4.721507e+00,4.852608e+00,4.048028e+00,4.295759e+00,5.095168e+00,4.868558e+00,5.171542e+00,4.768414e+00,5.086738e+00,4.849854e+00,5.027130e+00,4.556480e+00,5.025913e+00,5.119681e+00,5.190592e+00,4.990124e+00,5.139267e+00,4.956493e+00,4.911159e+00,4.802646e+00,4.829140e+00,5.070911e+00,5.009680e+00,4.886793e+00
4.589084e+00,4.944555e+00,5.150418e+00,5.151475e+00,4.996179e+00,4.883408e+00,5.006576e+00,4.883535e+00,4.805084e+00,5.057598e+00,4.910370e+00,4.627943e+00,5.051341e+00,5.123860e+00,5.000648e+00,4.985721e+00,4.118800e+00,5.026705e+00,4.500903e+00,5.046776e+00,4.886077e+00,4.899301e+00,5.208300e+00,3.758746e+00,4.085405e+00,4.531162e+00,4.445665e+00,4.333798e+00,4.841191e+00,4.406910e+00,4.774240e+00,3.926540e+00,5.739357e+00,3.877075e+00,5.095600e+00,5.422806e+00,5.014752e+00,9.899871e+00,3.464895e+00,4.863697e+00,5.446533e+00,4.353978e+00,6.409273e+00,3.883808e+00,4.112892e+00,9.950059e+00,4.850609e+00,4.803337e+00,4.319558e+00,4.461727e+00,4.141093e+00,4.172403e+00,4.792178e+00,5.030082e+00,4.274098e+00,5.026902e+00,4.245064e+00,4.192438e+00,9.686756e+00,5.915257e+00,4.757582e+00,9.239285e+00,4.233594e+00,4.813571e+00,4.232142e+00,5.120541e+00,5.147421e+00,4.852066e+00,5.029504e+00,4.912930e+00,5.002275e+00,4.454030e+00,4.563346e+00,4.323375e+00,4.784726e+00,7.010771e+00,3.759041e+00,4.800663e+00,4.304745e+00,4.707014e+00,4.501737e+00,4.035922e+00,4.700119e+00,5.065449e+00,5.021921e+00,4.848955e+00,4.932940e+00,4.536100e+00,5.193069e+00,5.072057e+00,4.901920e+00,5.006646e+00,4.889713e+00,5.072531e+00,5.113123e+00,4.894843e+00,4.740234e+00,5.009401e+00,5.114805e+00,4.918235e+00,4.837008e+00,5.178260e+00,5.097524e+00,5.114509e+00,4.733847e+00,5.004721e+00,5.002605e+00,4.955084e+00
4.877017e+00,5.014102e+00,4.816380e+00,4.851871e+00,4.895761e+00,4.933863e+00,4.688119e+00,4.980943e+00,4.922021e+00,4.881515e+00,4.921886e+00,5.180796e+00,4.985374e+00,4.736776e+00,4.728966e+00,5.068964e+00,4.913757e+00,4.834341e+00,4.951758e+00,5.203535e+00,4.986868e+00,5.053578e+00,4.914733e+00,4.464138e+00,4.400605e+00,3.794465e+00,9.399332e+00,4.927004e+00,9.936179e+00,4.125449e+00,6.866207e+00,5.007377e+00,9.393833e+00,4.184891e+00,4.064017e+00,4.421821e+00,4.666230e+00,4.708052e+00,9.565054e+00,4.260674e+00,9.681378e+00,4.370340e+00,1.020480e+01,1.011384e+01,7.603394e+00,5.419588e+00,3.805557e+00,4.278424e+00,6.026870e+00,4.508667e+00,4.668250e+00,4.583827e+00,4.620144e+00,5.257509e+00,4.467113e+00,4.870360e+00,7.031987e+00,4.730302e+00,5.414543e+00,5.259845e+00,4.216913e+00,4.931896e+00,5.989470e+00,4.031749e+00,3.884687e+00,4.862260e+00,5.174201e+00,5.090416e+00,4.551946e+00,4.637966e+00,5.181634e+00,4.829712e+00,6.257875e+00,4.309924e+00,3.884798e+00,8.200161e+00,4.846325e+00,4.901811e+00,5.255678e+00,5.138554e+00,3.815500e+00,4.425792e+00,4.214108e+00,4.693620e+00,5.067101e+00,5.309331e+00,4.994257e+00,4.938473e+00,4.537397e+00,4.784302e+00,4.076835e+00,5.010385e+00,4.944528e+00,4.858396e+00,4.925372e+00,5.073119e+00,4.955567e+00,5.064331e+00,5.154942e+00,4.851606e+00,5.099608e+00,5.178098e+00,5.085164e+00,5.175885e+00,5.171242e+00,4.947174e+00,4.912029e+00,4.988433e+00
5.094520e+00,4.999664e+00,4.833579e+00,4.911503e+00,4.981791e+00,5.150160e+00,4.943708e+00,4.917516e+00,5.128013e+00,5.179268e+00,4.974011e+00,4.978497e+00,4.867221e+00,4.894449e+00,5.198394e+00,4.922871e+00,5.069639e+00,4.955226e+00,4.793148e+00,5.035545e+00,4.721579e+00,4.871785e+00,3.697391e+00,4.957525e+00,4.735045e+00,4.416103e+00,3.744742e+00,5.675546e+00,7.100630e+00,4.188295e+00,4.884148e+00,9.680445e+00,6.399053e+00,4.559111e+00,4.441484e+00,6.678732e+00,5.282085e+00,4.228284e+00,4.712874e+00,4.398992e+00,1.015780e+01,6.286221e+00,7.149586e+00,7.226980e+00,5.853028e+00,4.596436e+00,4.160951e+00,5.031353e+00,4.883118e+00,5.035318e+00,3.866953e+00,4.055000e+00,4.907703e+00,4.871963e+00,4.539701e+00,4.946059e+00,1.020180e+01,8.363129e+00,4.633845e+00,4.724947e+00,4.005943e+00,8.910038e+00,4.267803e+00,4.843559e+00,4.920625e+00,5.000710e+00,5.017253e+00,4.897505e+00,4.945097e+00,4.051248e+00,5.202962e+00,4.765316e+00,4.749261e+00,3.704126e+00,3.740343e+00,6.643824e+00,4.492734e+00,4.948874e+00,5.729675e+00,4.403399e+00,3.961470e+00,4.766043e+00,3.952181e+00,4.492163e+00,4.646083e+00,4.967038e+00,4.776026e+00,5.063388e+00,4.736302e+00,4.806304e+00,4.838211e+00,4.684216e+00,4.754913e+00,5.064223e+00,5.150138e+00,4.765396e+00,5.154589e+00,4.839982e+00,4.874601e+00,5.092943e+00,4.866840e+00,4.938161e+00,4.941533e+00,5.152138e+00,4.901483e+00,4.880992e+00,4.802044e+00,5.043177e+00
4.864003e+00,4.833088e+00,4.924465e+00,5.129089e+00,4.636805e+00,5.275398e+00,5.141716e+00,5.003764e+00,4.677316e+00,4.875406e+00,5.086904e+00,5.127033e+00,4.987446e+00,4.831746e+00,5.107379e+00,4.848042e+00,5.114954e+00,4.839431e+00,4.929687e+00,4.804374e+00,3.568214e+00,4.189127e+00,4.242196e+00,4.487192e+00,4.709386e+00,5.063325e+00,4.861387e+00,4.385250e+00,3.559745e+00,6.458805e+00,4.757044e+00,4.772424e+00,3.570426e+00,4.255617e+00,4.800726e+00,3.815990e+00,7.160561e+00,4.946678e+00,3.943490e+00,9.610296e+00,8.864731e+00,4.652175e+00,4.608746e+00,4.193139e+00,4.790543e+00,3.882014e+00,4.927854e+00,8.942504e+00,1.014041e+01,5.040004e+00,5.187274e+00,1.018825e+01,4.609119e+00,4.569915e+00,9.693206e+00,4.264802e+00,6.539181e+00,9.394528e+00,6.567792e+00,4.139067e+00,9.728201e+00,1.012143e+01,3.692610e+00,4.352690e+00,4.321115e+00,4.597706e+00,4.757811e+00,4.614967e+00,4.895278e+00,4.919387e+00,4.916272e+00,5.271548e+00,4.620236e+00,3.873602e+00,4.151198e+00,3.925627e+00,4.001301e+00,5.735467e+00,4.876790e+00,3.651080e+00,4.821896e+00,4.288442e+00,4.640098e+00,3.650649e+00,4.810884e+00,4.441504e+00,5.046664e+00,4.782275e+00,4.958403e+00,4.354810e+00,4.160153e+00,4.981728e+00,4.901680e+00,4.505034e+00,5.038855e+00,5.001463e+00,5.062330e+00,5.065396e+00,4.880904e+00,4.951121e+00,5.113245e+00,4.895369e+00,5.218787e+00,4.950365e+00,5.261456e+00,4.819581e+00,5.030984e+00,5.133320e+00
4.986960e+00,4.984153e+00,4.764174e+00,4.764390e+00,5.068325e+00,4.909404e+00,5.013520e+00,5.123001e+00,5.014311e+00,4.810722e+00,4.876747e+00,5.131818e+00,4.848556e+00,5.038356e+00,5.170382e+00,5.104693e+00,4.413572e+00,5.277846e+00,5.018004e+00,4.765063e+00,4.422669e+00,4.298659e+00,5.215176e+00,3.754212e+00,8.441617e+00,4.154593e+00,4.023799e+00,4.205711e+00,4.199015e+00,4.809331e+00,9.993470e+00,4.276968e+00,4.025653e+00,8.769866e+00,8.976828e+00,8.624260e+00,4.357271e+00,4.627688e+00,4.268687e+00,4.387229e+00,5.983861e+00,8.308202e+00,4.625134e+00,5.699253e+00,4.677979e+00,8.955273e+00,4.141082e+00,4.402790e+00,1.032953e+01,6.298044e+00,4.184789e+00,4.312563e+00,4.662029e+00,4.465081e+00,4.239767e+00,4.598510e+00,4.634407e+00,1.041800e+01,6.487322e+00,4.962791e+00,4.913712e+00,6.184022e+00,7.478940e+00,3.790978e+00,6.331285e+00,4.307204e+00,5.076571e+00,4.986942e+00,4.627419e+00,4.413733e+00,4.968545e+00,4.238841e+00,9.117275e+00,4.930537e+00,3.971350e+00,3.964891e+00,4.261660e+00,3.863951e+00,6.577543e+00,3.993954e+00,7.901876e+00,3.844207e+00,4.884114e+00,4.288778e+00,4.793388e+00,4.412899e+00,4.990510e+00,4.849958e+00,4.874427e+00,5.025179e+00,3.862465e+00,4.840454e+00,5.049119e+00,4.759534e+00,5.078950e+00,4.857545e+00,5.012741e+00,4.774897e+00,5.048131e+00,5.101359e+00,5.212459e+00,4.838918e+00,5.117597e+00,4.772883e+00,5.002426e+00,4.664055e+00,4.905662e+00,4.705215e+00
4.889750e+00,4.828381e+00,4.820695e+00,5.090355e+00,5.034202e+00,5.109461e+00,4.841057e+00,5.067032e+00,5.009856e+00,4.646555e+00,4.812123e+00,4.952019e+00,5.100008e+00,4.912545e+00,5.164639e+00,5.066753e+00,4.660074e+00,5.160231e+00,4.966526e+00,4.653527e+00,4.357008e+00,3.711814e+00,4.116928e+00,4.245821e+00,4.356567e+00,3.901026e+00,4.162819e+00,7.321622e+00,4.746525e+00,5.134744e+00,9.632010e+00,4.671179e+00,1.015078e+01,5.503310e+00,4.834089e+00,4.731118e+00,1.027768e+01,4.712825e+00,1.026046e+01,6.260649e+00,9.577819e+00,5.642970e+00,1.001885e+01,4.609072e+00,3.924592e+00,4.803766e+00,4.637882e+00,4.198485e+00,4.572517e+00,4.784170e+00,8.950570e+00,4.587267e+00,4.919862e+00,9.969377e+00,4.218085e+00,4.598533e+00,6.435523e+00,4.869358e+00,4.308809e+00,9.211785e+00,4.232077e+00,4.278385e+00,4.589166e+00,8.177345e+00,4.476664e+00,5.064019e+00,4.944042e+00,4.643105e+00,6.759071e+00,4.320119e+00,4.648675e+00,3.949601e+00,7.652421e+00,4.588868e+00,6.572171e+00,4.493714e+00,4.586128e+00,4.277153e+00,4.626879e+00,4.109597e+00,4.656921e+00,5.065560e+00,4.834315e+00,5.064244e+00,4.223280e+00,4.780382e+00,5.141890e+00,4.909381e+00,5.049837e+00,5.143523e+00,5.055471e+00,4.366502e+00,4.856160e+00,5.210890e+00,4.812210e+00,5.139335e+00,4.976337e+00,4.788571e+00,5.167481e+00,4.835474e+00,4.996869e+00,5.028698e+00,5.014078e+00,4.983344e+00,5.105474e+00,4.979287e+00,5.109445e+00,4.968304e+00
4.861025e+00,4.813797e+00,4.891971e+00,5.119786e+00,5.107319e+00,5.037648e+00,4.946155e+00,4.930189e+00,5.055589e+00,4.831239e+00,5.069812e+00,4.767040e+00,4.654751e+00,5.007844e+00,5.078119e+00,4.631692e+00,4.856184e+00,4.516399e+00,4.773720e+00,4.231275e+00,4.192405e+00,4.431713e+00,4.237088e+00,3.956678e+00,4.824284e+00,4.505515e+00,3.853614e+00,3.940411e+00,4.670303e+00,9.350762e+00,5.374329e+00,3.573568e+00,5.239705e+00,9.849485e+00,4.697709e+00,9.785843e+00,4.210224e+00,5.456352e+00,4.088960e+00,5.043647e+00,4.088694e+00,6.548074e+00,9.839475e+00,7.420793e+00,4.944573e+00,7.865459e+00,3.937857e+00,9.899232e+00,1.012424e+01,7.734457e+00,4.436646e+00,9.358391e+00,9.324170e+00,4.214424e+00,9.513113e+00,5.030605e+00,9.908345e+00,4.454692e+00,6.721862e+00,8.411078e+00,4.459289e+00,5.615842e+00,4.989749e+00,4.814107e+00,4.622851e+00,3.956881e+00,4.514348e+00,4.952580e+00,4.310164e+00,4.277953e+00,4.890074e+00,4.355605e+00,5.734928e+00,4.469294e+00,4.007409e+00,4.791188e+00,8.283877e+00,4.262595e+00,5.537382e+00,4.573599e+00,4.321673e+00,5.101287e+00,4.983492e+00,4.574734e+00,4.178942e+00,4.139387e+00,4.512424e+00,4.930972e+00,4.870510e+00,5.056113e+00,5.097105e+00,4.884898e+00,4.465250e+00,5.050231e+00,4.696228e+00,4.953389e+00,4.891578e+00,4.738775e+00,4.929788e+00,4.858650e+00,5.122480e+00,4.852400e+00,4.784199e+00,5.037181e+00,4.855512e+00,4.958727e+00,5.158282e+00,4.870980e+00
5.061213e+00,4.986843e+00,4.331014e+00,5.133679e+00,5.090567e+00,4.983567e+00,4.637453e+00,5.042481e+00,5.121954e+00,4.952122e+00,5.207174e+00,4.919477e+00,5.006070e+00,4.947734e+00,5.040411e+00,5.185022e+00,4.902402e+00,4.445685e+00,4.834113e+00,4.892285e+00,4.528975e+00,4.196048e+00,4.684358e+00,4.832445e+00,5.020004e+00,5.127666e+00,4.912683e+00,4.801008e+00,4.179454e+00,4.059284e+00,6.733681e+00,5.065022e+00,5.019096e+00,4.166475e+00,4.389251e+00,4.142219e+00,4.718291e+00,4.899346e+00,5.042584e+00,4.004770e+00,5.276619e+00,4.256250e+00,4.091637e+00,6.977993e+00,8.868216e+00,5.410753e+00,5.539830e+00,8.048337e+00,4.034741e+00,3.621985e+00,4.798372e+00,4.926512e+00,7.883180e+00,4.021742e+00,4.414268e+00,5.833533e+00,4.738195e+00,4.233453e+00,1.036346e+01,7.258682e+00,4.211363e+00,9.591412e+00,5.484489e+00,4.406850e+00,3.571247e+00,4.107924e+00,5.098206e+00,5.075349e+00,4.369938e+00,4.144118e+00,4.449558e+00,3.687165e+00,3.875349e+00,6.103240e+00,5.674582e+00,3.979520e+00,4.107854e+00,4.265588e+00,4.750725e+00,4.813886e+00,4.826929e+00,5.058532e+00,4.946646e+00,5.051071e+00,4.746823e+00,9.457060e+00,4.576518e+00,4.441900e+00,4.974338e+00,5.075835e+00,4.880198e+00,5.259113e+00,3.656740e+00,5.042532e+00,5.116208e+00,4.951624e+00,4.666581e+00,5.030703e+00,4.712401e+00,4.849942e+00,4.964680e+00,4.942972e+00,5.239405e+00,5.173009e+00,4.734498e+00,4.666326e+00,4.706121e+00,5.051837e+00
4.920113e+00,4.707184e+00,4.446002e+00,4.985714e+00,4.904454e+00,4.335477e+00,5.087268e+00,5.032385e+00,4.788512e+00,5.213312e+00,5.109528e+00,4.491756e+00,5.109424e+00,5.187314e+00,5.102388e+00,4.665523e+00,4.861856e+00,4.116856e+00,4.080783e+00,3.812380e+00,4.804605e+00,6.429892e+00,5.939491e+00,4.955471e+00,4.641510e+00,3.990543e+00,5.142852e+00,4.421342e+00,5.001477e+00,4.576031e+00,4.353738e+00,4.255853e+00,4.610697e+00,9.565078e+00,4.703264e+00,3.697940e+00,4.896336e+00,9.281204e+00,4.133452e+00,4.585804e+00,5.841397e+00,1.011263e+01,4.347222e+00,4.625498e+00,1.021143e+01,3.957969e+00,4.875298e+00,5.280657e+00,4.465217e+00,6.540233e+00,9.633216e+00,4.291117e+00,4.632595e+00,4.453890e+00,4.614626e+00,4.475908e+00,9.589066e+00,4.739738e+00,5.083695e+00,9.631453e+00,9.595434e+00,4.393499e+00,5.670705e+00,4.447249e+00,4.364098e+00,4.739386e+00,4.992506e+00,6.990024e+00,4.486406e+00,9.821706e+00,3.814720e+00,9.514010e+00,4.560497e+00,4.179524e+00,7.950411e+00,3.847342e+00,4.355831e+00,4.467875e+00,4.916875e+00,4.900512e+00,5.053019e+00,4.867059e+00,5.003265e+00,5.049134e+00,5.038496e+00,4.869281e+00,4.600026e+00,4.095370e+00,4.818126e+00,5.226331e+00,5.076607e+00,4.914023e+00,4.698832e+00,4.523968e+00,4.904666e+00,5.018934e+00,5.123164e+00,4.971608e+00,4.854328e+00,4.943293e+00,4.574854e+00,4.993396e+00,5.072328e+00,4.906801e+00,5.097366e+00,5.165472e+00,4.940153e+00,5.126429e+00
4.912357e+00,5.167100e+00,4.999856e+00,5.089972e+00,4.709650e+00,4.899169e+00,4.909196e+00,5.120363e+00,5.233825e+00,4.892437e+00,4.797595e+00,5.152543e+00,4.924354e+00,5.285221e+00,4.732637e+00,4.971080e+00,4.579204e+00,4.997883e+00,5.023449e+00,4.327701e+00,4.688344e+00,4.868485e+00,5.005839e+00,5.046440e+00,4.633987e+00,9.079153e+00,4.785987e+00,4.970972e+00,5.003850e+00,5.919600e+00,8.784325e+00,4.949242e+00,4.712392e+00,5.140244e+00,9.648265e+00,5.036169e+00,9.978958e+00,9.982238e+00,3.854218e+00,3.939456e+00,3.816670e+00,4.307377e+00,9.742963e+00,5.503662e+00,5.108493e+00,4.464878e+00,4.554570e+00,7.335129e+00,8.917821e+00,4.939533e+00,4.850650e+00,4.810992e+00,4.153878e+00,5.167325e+00,5.365866e+00,5.601447e+00,9.789143e+00,9.143372e+00,4.243394e+00,9.880058e+00,5.038286e+00,4.150790e+00,4.655513e+00,9.768851e+00,4.928965e+00,3.792175e+00,9.666088e+00,5.226805e+00,4.579499e+00,4.731714e+00,4.165834e+00,4.089328e+00,5.259429e+00,4.317349e+00,4.617901e+00,4.842853e+00,4.819662e+00,3.878421e+00,4.417415e+00,4.954742e+00,4.891442e+00,4.988845e+00,4.891887e+00,4.802124e+00,4.815317e+00,4.119425e+00,3.625586e+00,4.672812e+00,4.278853e+00,3.976851e+00,4.842281e+00,4.635035e+00,5.029407e+00,1.003787e+01,4.598337e+00,4.049556e+00,4.819213e+00,4.724025e+00,5.164010e+00,4.813506e+00,4.912091e+00,4.556724e+00,5.152793e+00,4.642172e+00,4.973060e+00,5.228189e+00,5.074689e+00,5.013514e+00
4.477198e+00,5.006509e+00,5.146878e+00,5.194990e+00,4.809708e+00,4.815975e+00,5.049681e+00,4.881013e+00,4.828680e+00,5.156703e+00,5.109657e+00,4.993341e+00,4.751324e+00,5.082892e+00,5.236717e+00,4.002446e+00,3.584143e+00,3.683193e+00,4.717675e+00,9.179589e+00,9.704449e+00,5.142468e+00,5.114462e+00,4.700996e+00,5.686098e+00,4.534952e+00,4.226803e+00,5.048298e+00,4.599644e+00,5.680332e+00,5.730122e+00,5.121733e+00,4.089868e+00,8.495518e+00,6.553687e+00,6.528869e+00,5.478461e+00,4.462333e+00,3.427892e+00,5.444793e+00,6.004694e+00,4.200152e+00,6.322125e+00,4.029860e+00,4.829497e+00,6.360394e+00,4.313869e+00,9.798206e+00,3.878489e+00,4.832880e+00,5.924153e+00,6.588308e+00,9.626826e+00,4.898722e+00,1.014757e+01,1.020272e+01,1.041354e+01,3.592731e+00,5.103114e+00,1.015765e+01,4.820330e+00,9.257426e+00,4.848122e+00,4.811797e+00,4.199931e+00,4.139000e+00,4.251450e+00,4.410809e+00,5.459133e+00,3.705312e+00,4.342895e+00,3.987333e+00,4.955727e+00,4.164509e+00,4.967100e+00,4.973429e+00,5.170990e+00,5.011961e+00,5.029254e+00,5.171183e+00,5.101990e+00,4.909455e+00,4.544252e+00,5.163983e+00,4.938675e+00,4.801986e+00,4.060748e+00,4.330524e+00,4.157071e+00,4.607393e+00,4.635124e+00,5.174879e+00,4.767164e+00,5.218474e+00,4.545648e+00,5.072330e+00,5.071252e+00,4.847267e+00,4.979399e+00,4.852100e+00,5.129918e+00,5.116309e+00,5.002910e+00,4.920812e+00,4.484013e+00,5.188935e+00,4.853723e+00,4.866480e+00
5.138376e+00,4.829878e+00,4.848353e+00,5.057248e+00,5.011288e+00,5.250194e+00,4.710431e+00,4.774141e+00,5.051145e+00,5.131327e+00,4.243514e+00,4.984613e+00,4.983274e+00,5.109252e+00,4.770347e+00,4.133584e+00,4.745539e+00,3.862022e+00,6.833974e+00,3.694631e+00,3.691619e+00,4.894868e+00,4.889073e+00,4.005117e+00,4.041986e+00,8.667864e+00,9.757670e+00,4.819039e+00,4.975044e+00,3.798463e+00,9.933059e+00,5.211291e+00,9.436896e+00,7.834504e+00,4.876627e+00,5.170834e+00,8.396281e+00,4.830576e+00,9.261617e+00,4.463329e+00,6.601703e+00,4.623535e+00,3.923947e+00,8.932019e+00,4.943078e+00,4.138294e+00,5.116562e+00,4.870785e+00,7.060570e+00,9.344000e+00,5.272816e+00,1.027840e+01,4.865933e+00,3.772677e+00,4.021962e+00,4.484002e+00,4.262705e+00,3.804889e+00,3.596239e+00,4.979388e+00,5.068572e+00,4.976912e+00,4.732905e+00,4.784611e+00,3.769516e+00,3.910141e+00,4.829439e+00,4.452318e+00,4.622589e+00,4.743163e+00,4.158399e+00,8.787313e+00,4.282800e+00,4.045219e+00,4.632654e+00,4.878533e+00,5.202222e+00,5.062976e+00,5.167366e+00,4.948477e+00,4.929414e+00,4.927980e+00,4.439321e+00,5.062246e+00,5.132693e+00,5.315645e+00,4.319336e+00,3.671033e+00,3.766256e+00,4.939159e+00,4.323318e+00,4.639250e+00,5.187684e+00,5.096963e+00,3.871170e+00,3.755314e+00,4.943676e+00,5.108549e+00,4.956670e+00,5.018793e+00,5.015697e+00,5.026812e+00,4.881530e+00,5.014251e+00,5.164910e+00,4.730826e+00,4.473477e+00,5.050720e+00
4.903100e+00,4.452074e+00,5.235630e+00,4.982402e+00,4.700976e+00,4.781682e+00,4.963299e+00,4.834460e+00,4.719639e+00,4.982895e+00,5.097916e+00,4.936136e+00,5.077984e+00,5.022605e+00,4.500941e+00,4.356813e+00,3.932702e+00,4.974714e+00,1.040023e+01,4.469567e+00,4.992528e+00,4.783204e+00,3.639510e+00,4.171957e+00,5.187204e+00,3.740822e+00,9.665688e+00,4.224362e+00,4.878312e+00,3.807861e+00,4.397416e+00,9.966107e+00,9.578015e+00,3.796916e+00,4.577162e+00,7.840368e+00,1.041866e+01,3.757886e+00,4.065310e+00,9.965676e+00,3.757020e+00,6.884775e+00,4.494892e+00,9.786542e+00,5.105510e+00,4.751153e+00,6.727836e+00,5.735876e+00,4.314325e+00,4.285426e+00,4.234684e+00,9.221285e+00,9.780719e+00,9.641729e+00,5.445577e+00,4.972105e+00,4.999525e+00,5.033316e+00,4.640396e+00,4.771064e+00,4.871073e+00,5.110960e+00,5.074921e+00,5.117984e+00,4.763917e+00,4.893545e+00,4.851953e+00,4.330819e+00,5.045034e+00,4.071733e+00,3.872523e+00,4.569888e+00,3.744570e+00,4.107633e+00,8.926959e+00,4.630219e+00,3.724353e+00,3.454819e+00,4.280211e+00,5.210835e+00,5.005439e+00,5.071390e+00,5.049915e+00,4.832634e+00,4.764277e+00,4.061940e+00,3.871814e+00,4.705336e+00,4.620632e+00,4.324728e+00,4.867399e+00,4.930821e+00,5.059305e+00,5.229185e+00,5.068973e+00,4.953852e+00,5.091019e+00,4.656414e+00,5.090888e+00,5.076490e+00,5.156162e+00,4.880495e+00,4.881633e+00,4.978559e+00,4.929587e+00,4.868839e+00,4.898543e+00,5.051100e+00
4.962011e+00,4.724357e+00,4.459976e+00,4.950431e+00,5.049426e+00,4.979977e+00,4.880229e+00,4.997083e+00,4.885419e+00,4.958988e+00,5.115462e+00,4.596971e+00,5.154844e+00,5.183123e+00,4.364977e+00,4.704254e+00,4.446793e+00,3.933016e+00,5.408775e+00,4.258248e+00,5.197857e+00,5.021272e+00,4.080579e+00,4.190532e+00,8.533900e+00,9.842680e+00,4.908092e+00,4.541082e+00,4.910687e+00,5.051572e+00,3.894801e+00,3.826324e+00,4.058334e+00,1.016734e+01,4.232732e+00,9.874179e+00,4.672466e+00,6.162097e+00,9.745687e+00,4.103157e+00,4.610013e+00,6.365619e+00,9.928739e+00,9.999706e+00,4.176086e+00,4.288202e+00,3.773176e+00,7.286907e+00,6.285595e+00,8.570598e+00,9.874858e+00,4.637790e+00,4.649831e+00,4.991028e+00,5.012820e+00,5.064085e+00,5.014471e+00,4.837140e+00,4.918213e+00,3.881373e+00,5.253360e+00,4.860797e+00,4.827046e+00,5.070622e+00,4.488454e+00,4.834998e+00,4.909301e+00,5.245132e+00,4.764963e+00,4.246285e+00,7.676355e+00,4.751181e+00,5.248350e+00,4.041454e+00,4.661811e+00,5.743666e+00,3.832182e+00,4.541444e+00,3.937858e+00,4.860904e+00,5.151730e+00,5.018419e+00,4.164155e+00,4.431955e+00,9.585233e+00,4.607512e+00,3.523151e+00,3.277261e+00,5.877946e+00,3.663821e+00,4.130988e+00,4.833196e+00,4.908525e+00,4.795400e+00,4.879366e+00,4.661865e+00,4.097690e+00,5.034171e+00,5.064989e+00,5.142963e+00,5.065637e+00,4.881979e+00,5.050596e+00,4.969274e+00,5.107800e+00,4.974184e+00,5.027952e+00,5.045377e+00
5.151923e+00,4.952294e+00,4.692060e+00,4.887296e+00,4.976328e+00,5.071105e+00,4.798443e+00,4.928162e+00,5.053094e+00,4.621188e+00,5.092105e+00,4.893505e+00,4.755120e+00,4.952542e+00,4.298334e+00,4.473075e+00,4.971313e+00,4.239818e+00,4.238003e+00,5.192468e+00,4.888251e+00,4.437019e+00,4.421562e+00,4.765472e+00,4.970463e+00,4.412705e+00,4.530210e+00,4.350477e+00,5.093444e+00,4.631461e+00,5.238042e+00,4.478152e+00,4.161944e+00,4.124268e+00,4.219196e+00,4.533189e+00,5.952344e+00,4.784977e+00,4.389610e+00,4.387728e+00,6.308374e+00,9.755599e+00,4.599266e+00,5.707592e+00,4.930784e+00,3.834475e+00,4.590857e+00,5.135498e+00,9.785615e+00,4.867462e+00,5.169218e+00,4.921540e+00,5.079263e+00,4.633630e+00,4.990396e+00,4.951384e+00,5.051372e+00,4.944671e+00,5.195072e+00,5.169035e+00,4.590237e+00,5.159600e+00,4.959926e+00,4.888122e+00,4.832432e+00,5.230695e+00,4.944229e+00,4.301217e+00,4.415842e+00,5.216055e+00,4.972262e+00,4.325862e+00,3.840280e+00,4.621094e+00,3.991964e+00,4.991832e+00,4.824905e+00,4.944658e+00,4.664537e+00,4.396711e+00,5.005617e+00,4.760104e+00,5.793290e+00,4.256196e+00,4.424522e+00,4.661314e+00,4.004759e+00,4.397796e+00,3.938816e+00,3.812874e+00,4.875969e+00,4.045560e+00,4.994125e+00,4.699320e+00,4.876273e+00,4.613649e+00,5.026808e+00,5.007747e+00,5.101818e+00,4.940578e+00,5.110268e+00,4.822745e+00,5.151711e+00,4.602089e+00,5.140197e+00,5.135044e+00,4.954917e+00,4.600054e+00
5.023345e+00,4.480187e+00,5.077567e+00,4.977009e+00,5.075426e+00,5.035311e+00,5.025466e+00,4.919351e+00,4.927656e+00,4.939044e+00,4.813157e+00,5.115632e+00,5.049112e+00,3.745034e+00,4.765350e+00,4.036029e+00,4.639693e+00,3.873905e+00,4.585583e+00,5.164593e+00,4.834712e+00,4.836397e+00,3.768301e+00,4.062132e+00,4.981835e+00,5.158931e+00,9.686218e+00,4.174906e+00,3.962206e+00,4.553830e+00,5.101406e+00,3.686043e+00,4.156977e+00,4.989518e+00,4.111235e+00,4.185248e+00,9.701211e+00,1.022794e+01,5.270602e+00,4.208556e+00,5.652345e+00,8.958369e+00,4.758707e+00,3.916625e+00,4.655922e+00,4.246670e+00,4.711240e+00,8.463105e+00,4.207215e+00,4.965718e+00,4.872787e+00,5.240625e+00,4.714729e+00,4.743819e+00,5.015854e+00,4.718428e+00,4.904188e+00,4.984412e+00,4.816029e+00,5.005829e+00,4.416431e+00,4.510491e+00,4.935870e+00,4.394999e+00,4.929172e+00,4.916091e+00,4.842077e+00,5.110838e+00,4.517891e+00,4.273251e+00,4.980778e+00,5.031734e+00,4.443269e+00,4.695199e+00,4.911798e+00,4.510584e+00,9.513777e+00,4.326918e+00,4.413816e+00,5.067234e+00,5.133455e+00,4.009556e+00,4.274103e+00,4.211915e+00,4.389368e+00,4.545258e+00,4.147226e+00,4.740368e+00,4.010793e+00,4.233110e+00,4.778970e+00,4.228252e+00,4.590771e+00,4.964114e+00,5.137697e+00,5.045773e+00,4.943911e+00,4.346074e+00,4.630371e+00,5.010959e+00,5.077445e+00,4.954534e+00,5.053945e+00,5.021212e+00,5.003416e+00,4.932109e+00,5.013811e+00,4.840043e+00
4.980588e+00,4.864685e+00,4.827547e+00,5.065482e+00,4.839053e+00,4.794644e+00,5.092005e+00,4.981080e+00,4.428535e+00,5.139691e+00,5.046938e+00,4.768452e+00,4.743751e+00,4.680569e+00,4.095019e+00,4.946921e+00,4.810868e+00,4.351460e+00,4.973572e+00,5.275417e+00,4.190379e+00,3.733068e+00,6.901344e+00,4.433258e+00,5.910740e+00,4.585697e+00,4.362993e+00,4.117780e+00,4.950784e+00,4.505073e+00,4.692365e+00,4.913330e+00,4.973709e+00,4.801565e+00,4.128633e+00,4.837349e+00,3.772240e+00,4.866472e+00,9.940728e+00,4.695925e+00,5.468693e+00,4.606770e+00,4.276964e+00,5.010317e+00,4.876869e+00,4.407686e+00,4.275631e+00,4.796929e+00,4.832816e+00,4.938442e+00,4.761655e+00,4.629403e+00,4.385966e+00,5.011233e+00,4.712246e+00,4.838023e+00,4.460376e+00,4.686342e+00,4.515277e+00,5.047557e+00,5.022396e+00,5.084119e+00,5.072764e+00,4.803314e+00,3.995792e+00,4.252947e+00,4.266215e+00,4.307919e+00,4.575361e+00,4.803170e+00,4.804634e+00,5.082506e+00,4.826588e+00,5.088135e+00,4.452920e+00,3.725294e+00,4.125005e+00,3.918352e+00,4.459048e+00,3.956664e+00,4.252571e+00,3.751906e+00,3.960600e+00,4.108570e+00,9.782049e+00,3.993924e+00,4.547483e+00,4.161550e+00,4.252155e+00,3.876575e+00,3.773352e+00,4.051348e+00,4.984941e+00,4.748578e+00,4.891465e+00,4.805845e+00,4.606608e+00,4.366879e+00,4.976677e+00,4.999189e+00,4.884800e+00,5.038555e+00,4.916028e+00,4.782738e+00,4.856745e+00,4.799352e+00,4.840231e+00,5.047269e+00
4.976153e+00,4.956507e+00,4.899970e+00,4.569691e+00,4.802598e+00,4.935009e+00,4.932150e+00,4.874421e+00,4.947705e+00,4.682636e+00,5.064293e+00,4.824683e+00,4.196636e+00,3.740885e+00,4.853714e+00,4.301368e+00,4.821881e+00,5.034688e+00,4.738248e+00,4.738598e+00,4.130214e+00,9.820369e+00,5.067272e+00,4.613974e+00,5.420483e+00,3.881217e+00,1.002702e+01,4.521004e+00,4.738633e+00,4.737458e+00,4.370664e+00,4.991392e+00,4.601412e+00,5.079211e+00,5.197811e+00,5.052251e+00,4.589383e+00,5.091906e+00,4.244963e+00,6.336878e+00,4.261755e+00,3.532941e+00,4.105868e+00,6.336258e+00,4.597556e+00,4.896233e+00,4.854549e+00,4.978208e+00,5.016505e+00,4.582110e+00,4.968670e+00,4.474892e+00,4.136340e+00,4.706755e+00,4.554042e+00,3.655755e+00,3.864987e+00,4.748066e+00,4.558178e+00,3.608883e+00,4.205650e+00,4.176484e+00,4.972367e+00,4.263658e+00,5.372986e+00,4.142722e+00,6.954992e+00,4.726907e+00,4.803092e+00,4.202333e+00,4.586998e+00,5.298179e+00,5.067461e+00,5.092746e+00,9.509930e+00,4.443508e+00,4.256516e+00,4.358781e+00,5.211589e+00,4.759761e+00,3.728437e+00,3.952587e+00,9.955969e+00,4.068845e+00,4.229484e+00,3.809005e+00,4.013380e+00,4.703642e+00,4.713385e+00,5.105753e+00,5.075418e+00,4.923455e+00,4.244540e+00,4.875920e+00,5.159926e+00,4.972246e+00,5.142718e+00,4.398121e+00,4.928885e+00,4.501443e+00,5.047863e+00,5.014775e+00,4.829573e+00,4.792606e+00,5.070489e+00,4.962627e+00,4.694475e+00,5.164005e+00
4.980122e+00,4.870670e+00,4.972377e+00,5.056818e+00,5.050709e+00,4.727313e+00,4.817766e+00,4.884771e+00,4.815903e+00,5.251588e+00,4.802451e+00,4.816533e+00,4.728913e+00,4.841162e+00,4.517827e+00,4.054309e+00,4.251240e+00,4.895935e+00,5.154231e+00,5.001148e+00,4.777984e+00,4.522106e+00,4.647849e+00,3.999679e+00,4.009743e+00,4.080511e+00,4.877508e+00,4.824802e+00,5.047591e+00,5.258118e+00,4.746039e+00,4.638995e+00,4.131599e+00,4.826836e+00,4.323210e+00,4.926199e+00,4.885889e+00,5.044774e+00,4.916712e+00,4.785760e+00,5.014142e+00,4.300254e+00,3.800723e+00,5.128842e+00,5.060724e+00,5.006777e+00,4.899337e+00,5.152582e+00,5.233016e+00,5.020969e+00,4.868047e+00,3.970289e+00,4.729331e+00,4.681994e+00,4.385059e+00,4.676483e+00,5.036610e+00,4.609038e+00,4.577789e+00,3.863265e+00,5.269973e+00,4.619639e+00,8.866343e+00,3.922450e+00,3.797376e+00,9.523737e+00,4.732229e+00,4.472558e+00,4.321381e+00,3.884428e+00,4.068981e+00,4.720576e+00,5.326575e+00,5.265879e+00,4.809843e+00,4.416582e+00,5.829628e+00,4.463345e+00,3.854924e+00,4.213986e+00,9.254293e+00,4.126823e+00,9.843967e+00,4.010657e+00,4.467090e+00,4.859272e+00,4.463696e+00,4.509615e+00,4.482677e+00,4.083661e+00,5.081907e+00,4.730931e+00,4.754071e+00,4.469497e+00,4.879538e+00,5.019317e+00,4.628422e+00,4.621092e+00,3.676357e+00,5.121628e+00,5.164701e+00,4.985253e+00,4.933303e+00,4.115168e+00,5.166989e+00,4.621471e+00,5.121234e+00,4.922144e+00
4.675697e+00,4.997014e+00,5.196546e+00,4.734136e+00,5.046103e+00,4.905888e+00,5.001983e+00,5.014065e+00,4.988668e+00,5.145998e+00,5.023134e+00,4.453269e+00,4.801617e+00,4.431718e+00,3.816670e+00,4.319635e+00,4.842026e+00,4.791478e+00,5.162333e+00,4.888688e+00,4.904960e+00,3.486663e+00,4.784172e+00,4.014777e+00,3.912447e+00,9.308888e+00,4.218836e+00,4.550721e+00,5.061119e+00,4.743090e+00,4.611983e+00,3.754818e+00,4.509666e+00,4.350685e+00,3.471476e+00,4.354673e+00,5.217836e+00,4.816867e+00,3.967446e+00,4.736314e+00,5.143721e+00,5.109464e+00,4.687405e+00,4.930045e+00,5.154775e+00,5.095878e+00,3.733786e+00,4.680015e+00,5.089174e+00,4.366063e+00,4.685518e+00,7.886285e+00,9.076874e+00,5.871592e+00,3.813328e+00,5.026441e+00,3.720395e+00,4.659212e+00,4.958374e+00,5.014513e+00,4.717393e+00,6.326691e+00,5.140161e+00,9.125271e+00,4.319184e+00,3.807631e+00,4.517486e+00,3.904292e+00,4.734359e+00,3.588881e+00,3.978594e+00,3.619325e+00,4.544683e+00,4.615951e+00,4.990397e+00,5.183524e+00,4.845505e+00,4.444801e+00,3.847137e+00,4.109962e+00,5.661971e+00,3.870478e+00,4.390372e+00,4.926682e+00,3.738453e+00,4.491101e+00,3.885444e+00,4.499767e+00,4.548426e+00,4.914676e+00,4.994067e+00,4.629626e+00,3.745877e+00,4.748883e+00,4.562336e+00,4.903164e+00,4.987698e+00,5.011036e+00,4.171320e+00,5.086376e+00,4.913122e+00,4.781349e+00,4.758980e+00,4.697552e+00,5.010192e+00,4.724536e+00,5.038529e+00,5.165410e+00
4.948691e+00,5.166349e+00,4.816818e+00,4.934104e+00,4.890569e+00,5.086309e+00,4.790735e+00,5.160216e+00,4.795567e+00,5.265970e+00,4.901521e+00,4.333415e+00,4.279972e+00,4.959713e+00,4.978198e+00,4.532910e+00,5.047579e+00,4.959420e+00,4.432472e+00,4.844683e+00,5.011423e+00,3.944435e+00,4.197216e+00,8.648950e+00,4.468900e+00,4.568567e+00,5.119695e+00,4.784002e+00,4.543276e+00,5.129463e+00,4.182442e+00,3.507615e+00,5.109147e+00,3.882748e+00,6.038203e+00,4.106997e+00,3.984146e+00,4.511785e+00,4.578184e+00,4.780051e+00,5.328565e+00,4.454178e+00,4.937870e+00,5.279876e+00,4.890691e+00,4.904862e+00,4.141682e+00,4.915092e+00,3.687978e+00,4.093495e+00,9.586969e+00,8.464441e+00,4.701184e+00,4.273016e+00,4.786266e+00,4.889651e+00,4.885979e+00,4.154759e+00,4.750862e+00,4.781745e+00,4.531319e+00,4.080609e+00,9.745140e+00,9.655907e+00,5.320122e+00,9.679527e+00,9.454545e+00,4.788377e+00,4.695052e+00,9.597142e+00,4.494740e+00,4.391595e+00,4.142323e+00,4.819502e+00,5.185396e+00,5.296009e+00,8.867136e+00,4.766949e+00,3.937848e+00,3.925781e+00,4.075599e+00,4.861511e+00,4.558582e+00,4.149147e+00,4.761274e+00,5.264972e+00,4.988577e+00,4.601968e+00,4.917115e+00,5.118547e+00,5.036709e+00,4.836265e+00,4.662419e+00,4.305990e+00,4.703322e+00,4.871550e+00,5.133431e+00,4.864373e+00,4.132953e+00,5.051723e+00,5.013859e+00,4.966724e+00,4.964165e+00,4.620426e+00,4.731144e+00,4.837001e+00,5.152351e+00,4.943264e+00
4.676423e+00,4.672063e+00,5.023904e+00,5.066203e+00,5.049777e+00,4.249141e+00,5.221732e+00,4.943516e+00,4.853942e+00,4.822710e+00,4.835024e+00,4.435185e+00,4.779365e+00,4.753808e+00,4.589928e+00,4.575673e+00,4.749319e+00,5.149673e+00,4.696966e+00,3.757015e+00,4.759335e+00,4.115170e+00,4.059122e+00,4.874998e+00,4.397526e+00,4.330412e+00,5.223934e+00,4.921378e+00,4.917192e+00,4.863582e+00,3.827246e+00,4.598578e+00,3.844340e+00,4.078264e+00,4.296145e+00,4.721319e+00,4.186762e+00,4.581977e+00,4.308216e+00,5.008594e+00,3.900650e+00,4.881101e+00,4.943215e+00,4.273306e+00,5.189443e+00,4.660957e+00,3.831243e+00,4.587207e+00,6.808377e+00,5.113111e+00,4.014053e+00,4.907027e+00,4.879518e+00,4.973754e+00,4.508850e+00,4.916688e+00,5.295023e+00,5.037482e+00,5.065042e+00,4.458342e+00,4.964892e+00,4.240378e+00,4.132058e+00,4.312213e+00,4.652746e+00,4.926038e+00,4.637006e+00,4.394862e+00,4.292288e+00,4.885700e+00,3.856260e+00,4.040407e+00,5.261433e+00,4.718442e+00,4.922170e+00,4.852479e+00,4.936833e+00,4.106238e+00,4.126537e+00,4.024452e+00,4.185672e+00,4.503573e+00,5.072274e+00,4.647595e+00,5.098444e+00,5.057151e+00,5.091080e+00,4.637424e+00,5.119232e+00,4.614458e+00,4.828986e+00,4.999311e+00,4.305555e+00,4.730646e+00,4.982235e+00,4.904363e+00,5.104232e+00,4.427275e+00,4.717572e+00,4.455520e+00,4.520825e+00,5.021438e+00,4.901930e+00,5.067160e+00,5.030789e+00,4.688277e+00,5.008876e+00,4.741710e+00
4.970786e+00,4.939587e+00,4.910342e+00,4.795372e+00,4.865415e+00,5.160456e+00,4.094872e+00,4.974394e+00,5.129986e+00,4.933933e+00,4.625249e+00,4.573195e+00,4.728802e+00,4.664639e+00,4.041149e+00,4.160141e+00,5.019844e+00,5.033706e+00,4.921802e+00,4.533160e+00,5.074778e+00,4.335863e+00,4.335339e+00,6.575338e+00,4.403903e+00,4.739370e+00,4.886755e+00,5.160880e+00,4.909618e+00,3.927707e+00,4.629115e+00,5.021548e+00,4.604726e+00,6.099162e+00,4.261317e+00,4.986676e+00,4.486316e+00,4.223172e+00,4.756458e+00,4.324638e+00,5.052364e+00,4.940179e+00,4.873518e+00,3.958807e+00,4.565577e+00,4.284864e+00,4.567312e+00,5.144420e+00,4.576103e+00,3.716241e+00,4.013535e+00,5.035960e+00,5.108128e+00,5.122054e+00,4.745585e+00,4.322921e+00,4.568178e+00,4.934716e+00,4.316932e+00,5.125233e+00,4.218602e+00,4.888032e+00,4.255447e+00,4.811882e+00,4.842391e+00,4.554562e+00,4.538419e+00,4.692707e+00,4.432598e+00,3.939399e+00,4.548879e+00,4.098382e+00,4.244713e+00,4.723833e+00,4.886410e+00,4.318360e+00,5.099740e+00,5.245243e+00,4.950964e+00,4.366547e+00,3.841470e+00,4.363540e+00,5.102042e+00,4.825811e+00,5.234731e+00,5.082075e+00,4.896091e+00,5.066606e+00,5.076084e+00,4.749302e+00,4.990560e+00,5.161770e+00,4.640806e+00,3.983460e+00,5.182963e+00,4.242257e+00,5.137839e+00,5.081168e+00,4.736564e+00,3.984185e+00,3.938821e+00,4.856814e+00,5.085989e+00,5.042586e+00,4.935373e+00,5.123147e+00,4.611309e+00,4.984696e+00
5.134560e+00,4.934838e+00,5.034561e+00,4.879612e+00,4.952307e+00,5.245617e+00,4.940072e+00,5.163010e+00,5.164278e+00,4.914714e+00,4.403614e+00,5.070742e+00,4.628835e+00,4.240293e+00,5.305214e+00,4.927286e+00,4.755041e+00,3.879381e+00,4.295386e+00,4.178548e+00,6.587760e+00,9.364401e+00,4.811825e+00,4.309599e+00,4.791266e+00,4.794827e+00,5.000546e+00,4.604075e+00,3.703386e+00,4.845543e+00,3.966669e+00,4.326269e+00,3.495841e+00,4.297210e+00,5.159598e+00,4.607219e+00,4.960122e+00,3.796447e+00,5.029263e+00,4.871176e+00,3.676852e+00,5.237816e+00,4.509295e+00,4.757296e+00,4.577489e+00,5.070816e+00,4.909337e+00,9.835980e+00,4.483057e+00,4.946230e+00,4.815171e+00,4.843936e+00,5.066145e+00,4.906834e+00,4.779372e+00,5.026364e+00,5.234219e+00,4.630181e+00,4.758667e+00,5.294527e+00,4.994660e+00,4.631896e+00,5.106423e+00,4.491262e+00,4.736972e+00,3.889344e+00,5.375594e+00,4.322067e+00,6.263555e+00,5.078620e+00,6.553464e+00,5.815502e+00,5.919141e+00,4.477347e+00,4.913898e+00,3.987749e+00,4.227243e+00,4.915140e+00,4.006137e+00,4.285238e+00,4.696624e+00,4.850224e+00,5.005122e+00,5.259858e+00,4.351486e+00,4.853953e+00,4.057851e+00,5.193521e+00,5.378401e+00,4.970577e+00,4.934270e+00,4.975408e+00,4.965105e+00,4.954569e+00,4.270627e+00,4.889505e+00,5.033346e+00,4.559721e+00,4.802565e+00,4.405752e+00,5.176754e+00,5.156976e+00,4.697331e+00,4.308890e+00,5.072945e+00,5.104114e+00,4.959129e+00,4.778947e+00
4.978568e+00,5.188091e+00,5.085717e+00,4.756032e+00,4.861125e+00,4.891811e+00,4.740745e+00,4.824866e+00,4.862152e+00,5.062182e+00,4.641704e+00,4.933490e+00,4.918931e+00,4.440876e+00,4.903097e+00,5.093047e+00,5.157454e+00,4.770865e+00,4.232504e+00,3.701587e+00,4.943661e+00,1.000084e+01,3.768082e+00,4.331121e+00,4.696470e+00,4.547904e+00,5.027591e+00,4.734897e+00,4.304714e+00,3.868311e+00,4.005664e+00,3.991956e+00,4.558968e+00,5.026373e+00,4.827539e+00,5.086414e+00,4.312428e+00,5.148868e+00,4.738797e+00,3.808708e+00,4.255827e+00,5.864982e+00,3.899730e+00,4.226559e+00,4.764153e+00,9.982974e+00,3.738395e+00,3.706246e+00,4.863055e+00,3.950935e+00,4.951232e+00,4.078951e+00,4.419114e+00,5.107814e+00,5.257804e+00,4.833415e+00,4.719971e+00,5.174634e+00,4.200836e+00,4.377880e+00,5.112320e+00,4.778780e+00,5.224353e+00,4.969005e+00,4.752446e+00,4.091372e+00,3.886432e+00,4.885108e+00,4.465987e+00,3.841468e+00,3.903799e+00,4.616446e+00,4.202602e+00,3.797462e+00,3.698796e+00,5.112463e+00,9.824684e+00,4.844387e+00,3.967780e+00,4.442072e+00,7.351317e+00,4.763926e+00,4.869884e+00,4.869878e+00,5.133656e+00,4.894294e+00,5.135773e+00,5.035816e+00,4.973848e+00,4.919878e+00,3.919772e+00,5.047450e+00,5.092108e+00,4.761302e+00,4.329829e+00,5.133651e+00,4.920770e+00,5.035871e+00,5.055446e+00,3.942902e+00,5.215848e+00,4.979841e+00,4.834579e+00,5.045422e+00,4.771226e+00,5.127350e+00,4.636768e+00,5.085870e+00
4.574965e+00,5.037716e+00,4.852576e+00,5.218733e+00,4.911102e+00,4.993673e+00,4.667689e+00,5.209558e+00,5.035769e+00,5.093553e+00,4.134050e+00,4.346843e+00,4.816921e+00,4.796582e+00,3.916301e+00,5.014669e+00,5.092661e+00,4.674660e+00,4.642776e+00,5.147432e+00,9.723924e+00,5.074634e+00,4.145464e+00,4.151538e+00,4.848241e+00,4.896026e+00,5.031327e+00,4.369626e+00,4.856400e+00,3.806247e+00,1.038516e+01,4.881618e+00,3.923113e+00,3.795303e+00,4.170765e+00,5.159775e+00,4.227913e+00,5.036080e+00,5.435008e+00,3.846774e+00,4.128024e+00,4.639357e+00,4.563936e+00,4.544492e+00,4.505776e+00,4.456576e+00,3.775433e+00,5.176388e+00,5.032688e+00,4.578526e+00,4.715280e+00,5.050614e+00,5.483848e+00,4.959032e+00,5.001921e+00,5.208054e+00,4.111671e+00,4.997086e+00,5.238079e+00,4.546745e+00,5.020866e+00,4.645402e+00,4.753576e+00,4.492303e+00,4.384271e+00,3.851697e+00,4.261930e+00,3.875972e+00,4.157296e+00,8.759336e+00,4.553100e+00,4.496821e+00,4.517675e+00,4.297744e+00,5.039185e+00,4.903730e+00,4.358175e+00,4.759274e+00,4.707096e+00,4.116461e+00,3.958810e+00,4.358389e+00,4.575664e+00,5.324159e+00,4.804494e+00,4.544900e+00,4.991805e+00,4.936098e+00,5.145350e+00,5.042365e+00,4.947959e+00,3.969834e+00,5.140998e+00,3.681038e+00,4.473825e+00,3.901684e+00,5.027439e+00,5.058786e+00,5.054751e+00,4.101148e+00,4.638184e+00,5.001450e+00,5.083024e+00,5.096016e+00,4.998799e+00,4.859499e+00,5.003048e+00,5.065286e+00
5.039647e+00,4.660180e+00,4.918433e+00,4.919392e+00,4.964907e+00,5.119976e+00,5.140968e+00,5.016211e+00,5.156185e+00,4.955759e+00,4.716651e+00,4.699816e+00,4.093618e+00,5.104206e+00,4.209273e+00,5.157728e+00,4.361644e+00,4.312107e+00,9.654795e+00,4.810344e+00,4.382568e+00,9.271861e+00,4.816757e+00,4.437966e+00,4.867535e+00,4.831068e+00,4.764427e+00,7.132021e+00,4.040650e+00,3.992778e+00,5.009191e+00,4.019768e+00,5.895404e+00,4.356321e+00,4.954177e+00,6.835530e+00,4.965057e+00,7.967040e+00,5.009082e+00,4.904999e+00,4.048392e+00,4.903056e+00,4.888585e+00,4.852481e+00,4.822772e+00,4.881721e+00,4.648743e+00,4.961330e+00,5.110244e+00,5.134506e+00,4.986492e+00,4.278392e+00,4.522790e+00,5.009059e+00,4.083044e+00,4.789349e+00,4.713124e+00,5.098564e+00,4.867065e+00,4.192245e+00,4.925091e+00,5.014973e+00,4.970456e+00,5.095438e+00,4.951583e+00,4.188255e+00,4.672901e+00,4.690966e+00,5.853122e+00,3.520516e+00,4.065497e+00,4.215118e+00,4.678805e+00,4.378602e+00,4.619366e+00,4.545386e+00,4.382858e+00,4.091477e+00,5.157376e+00,3.968106e+00,3.755446e+00,4.924344e+00,4.405862e+00,4.980892e+00,4.275826e+00,4.847383e+00,5.104886e+00,4.973383e+00,4.843411e+00,5.040061e+00,3.939599e+00,5.120532e+00,8.151325e+00,3.438466e+00,4.620239e+00,5.081988e+00,4.966703e+00,5.087833e+00,5.085582e+00,4.506408e+00,4.539779e+00,5.177189e+00,4.828236e+00,5.069388e+00,5.080012e+00,5.119724e+00,4.821935e+00,5.053785e+00
4.954432e+00,4.908396e+00,4.744849e+00,4.777596e+00,5.240836e+00,5.175310e+00,4.932493e+00,4.857350e+00,4.995547e+00,4.994368e+00,4.728327e+00,4.975757e+00,4.176658e+00,9.210939e+00,4.265512e+00,5.108211e+00,4.411970e+00,4.909267e+00,7.118343e+00,4.026393e+00,4.975804e+00,3.910659e+00,4.771820e+00,4.530778e+00,4.938470e+00,4.483494e+00,8.321888e+00,4.404762e+00,3.982129e+00,4.710277e+00,4.908222e+00,4.298348e+00,3.808628e+00,6.028182e+00,5.152321e+00,4.906640e+00,4.956456e+00,4.720438e+00,4.679009e+00,5.055038e+00,5.112628e+00,4.856542e+00,4.849630e+00,4.082584e+00,4.488505e+00,4.290423e+00,4.826354e+00,4.820313e+00,4.702721e+00,4.824923e+00,5.126745e+00,3.667767e+00,3.986866e+00,5.268406e+00,4.434056e+00,4.325985e+00,5.119375e+00,5.000459e+00,5.159650e+00,5.065402e+00,3.492808e+00,4.786408e+00,4.600547e+00,4.245726e+00,5.025925e+00,4.303178e+00,3.518309e+00,4.087045e+00,4.315508e+00,3.887336e+00,9.673990e+00,9.270086e+00,4.023474e+00,3.541696e+00,4.390844e+00,4.253283e+00,4.509093e+00,4.036260e+00,4.769459e+00,8.630782e+00,4.142077e+00,4.905914e+00,4.262721e+00,3.777175e+00,4.861090e+00,5.110912e+00,4.975205e+00,5.133286e+00,4.761915e+00,5.165002e+00,4.853780e+00,5.267822e+00,3.895034e+00,4.478059e+00,4.370906e+00,4.249547e+00,5.282734e+00,5.251635e+00,5.149724e+00,3.783923e+00,4.220892e+00,4.526182e+00,4.928255e+00,4.742734e+00,4.970313e+00,4.982909e+00,4.933606e+00,5.085148e+00
4.910381e+00,5.020447e+00,5.121125e+00,5.050481e+00,4.901332e+00,4.878734e+00,4.789673e+00,5.079895e+00,4.653331e+00,4.702447e+00,4.519422e+00,4.795880e+00,4.152472e+00,4.517785e+00,4.949851e+00,5.007464e+00,4.757181e+00,4.296100e+00,4.167268e+00,4.354994e+00,4.699706e+00,4.647286e+00,4.832352e+00,4.966617e+00,4.661858e+00,4.693406e+00,4.578249e+00,3.990350e+00,4.497852e+00,4.343716e+00,4.259440e+00,3.916137e+00,4.690417e+00,4.868007e+00,4.189680e+00,4.662103e+00,4.415001e+00,5.125340e+00,5.054421e+00,4.437676e+00,4.757856e+00,4.694063e+00,5.034183e+00,4.442958e+00,3.704430e+00,4.045277e+00,5.072803e+00,3.899269e+00,5.036704e+00,5.053506e+00,5.062168e+00,4.469488e+00,5.017312e+00,4.891697e+00,5.088531e+00,4.819695e+00,4.802900e+00,4.242441e+00,4.088992e+00,4.668038e+00,4.425748e+00,4.516695e+00,4.573767e+00,4.564001e+00,3.724544e+00,4.615014e+00,4.068874e+00,4.035281e+00,3.939415e+00,4.477033e+00,4.833969e+00,4.949573e+00,4.714826e+00,4.654581e+00,5.026037e+00,3.691684e+00,4.654799e+00,4.834552e+00,4.987134e+00,3.530056e+00,5.205553e+00,4.534457e+00,4.690638e+00,3.990839e+00,5.262051e+00,5.001537e+00,4.965047e+00,5.149486e+00,4.992820e+00,5.226865e+00,4.845246e+00,4.488719e+00,4.177907e+00,4.813755e+00,5.103910e+00,4.132252e+00,4.775713e+00,4.764068e+00,5.059096e+00,4.638082e+00,4.614344e+00,4.631827e+00,5.036430e+00,4.969228e+00,5.061717e+00,5.003603e+00,4.463805e+00,5.165960e+00
5.153060e+00,5.116197e+00,5.144769e+00,4.917288e+00,4.679364e+00,4.931648e+00,5.249150e+00,4.990075e+00,4.988821e+00,4.592954e+00,4.806704e+00,4.570856e+00,4.473003e+00,4.060471e+00,4.310145e+00,4.656210e+00,3.859594e+00,7.791664e+00,4.094997e+00,4.511909e+00,4.174681e+00,4.933485e+00,5.039771e+00,4.435511e+00,4.848392e+00,4.648401e+00,4.907923e+00,4.625623e+00,3.929304e+00,4.073658e+00,4.091736e+00,4.598748e+00,5.021039e+00,5.049842e+00,4.875875e+00,3.919725e+00,4.755029e+00,5.000572e+00,4.150301e+00,4.987911e+00,5.210499e+00,7.974957e+00,5.782287e+00,3.955744e+00,3.971378e+00,4.924105e+00,4.693413e+00,4.520613e+00,4.592280e+00,4.667231e+00,4.582019e+00,5.184762e+00,4.959464e+00,8.220258e+00,4.603184e+00,4.529051e+00,4.986340e+00,4.334491e+00,8.097874e+00,4.612368e+00,4.622588e+00,4.667736e+00,4.576181e+00,4.700867e+00,4.758617e+00,3.968415e+00,1.025835e+01,5.085677e+00,3.417174e+00,5.022638e+00,4.657150e+00,4.321223e+00,4.490162e+00,4.016272e+00,4.153595e+00,5.304678e+00,4.575572e+00,6.596892e+00,5.281321e+00,9.456162e+00,4.611127e+00,4.830317e+00,3.967482e+00,4.553037e+00,3.932490e+00,5.023858e+00,5.003141e+00,4.599391e+00,5.000939e+00,4.616835e+00,4.628162e+00,4.877478e+00,4.570958e+00,4.428586e+00,4.630967e+00,4.512264e+00,5.000287e+00,4.737889e+00,4.722538e+00,3.798783e+00,4.149172e+00,5.017690e+00,5.059088e+00,5.073348e+00,4.838129e+00,5.226458e+00,5.035537e+00,5.049733e+00
5.002614e+00,5.093104e+00,4.957535e+00,5.030705e+00,5.055122e+00,5.120926e+00,5.170913e+00,4.971421e+00,5.118553e+00,4.672628e+00,4.743296e+00,3.920193e+00,4.653834e+00,4.773723e+00,5.088693e+00,4.933757e+00,4.672416e+00,3.963084e+00,4.110513e+00,8.690480e+00,4.031963e+00,4.923602e+00,4.021658e+00,4.966749e+00,4.819211e+00,3.875796e+00,3.880885e+00,4.260462e+00,4.721075e+00,4.038079e+00,5.106257e+00,4.333972e+00,4.884285e+00,4.329286e+00,4.413543e+00,5.824554e+00,4.377363e+00,4.943552e+00,4.980979e+00,3.746821e+00,4.732279e+00,4.532552e+00,3.156578e+00,4.712693e+00,4.780834e+00,5.193492e+00,4.862467e+00,5.035077e+00,4.627790e+00,5.160489e+00,9.512178e+00,9.470980e+00,4.014508e+00,9.577660e+00,3.951142e+00,5.066694e+00,4.854378e+00,4.378694e+00,4.768940e+00,3.474785e+00,4.457025e+00,4.800540e+00,4.567422e+00,5.042144e+00,4.468994e+00,3.988024e+00,3.723168e+00,3.813026e+00,5.060582e+00,7.812900e+00,4.149568e+00,3.850582e+00,4.157924e+00,4.703682e+00,4.608083e+00,3.693878e+00,3.769384e+00,4.395543e+00,5.068719e+00,8.733406e+00,3.913309e+00,4.616611e+00,4.506218e+00,3.766934e+00,4.680232e+00,4.775270e+00,6.028796e+00,4.193741e+00,4.702675e+00,4.328253e+00,4.403549e+00,4.173249e+00,4.223745e+00,5.325635e+00,4.668149e+00,4.342397e+00,4.562542e+00,4.800250e+00,4.863867e+00,3.956801e+00,4.735651e+00,4.964586e+00,5.030847e+00,4.829863e+00,4.932450e+00,4.908717e+00,5.083030e+00,4.781782e+00
4.981827e+00,4.873111e+00,4.983852e+00,4.928834e+00,5.110979e+00,4.101119e+00,4.868226e+00,4.822288e+00,4.897296e+00,4.929350e+00,4.579413e+00,5.138167e+00,4.563669e+00,4.392916e+00,5.130136e+00,5.092926e+00,4.921755e+00,5.499893e+00,4.027674e+00,4.329741e+00,4.825050e+00,4.896782e+00,4.721221e+00,4.999703e+00,7.924370e+00,4.361338e+00,4.420796e+00,5.090304e+00,5.095334e+00,4.841622e+00,4.014034e+00,4.789819e+00,4.764969e+00,5.176855e+00,4.825949e+00,4.074609e+00,4.711464e+00,4.079236e+00,4.329069e+00,3.874586e+00,4.365995e+00,4.576055e+00,5.125400e+00,4.998414e+00,5.047463e+00,4.913944e+00,4.826095e+00,4.452030e+00,9.614908e+00,9.453857e+00,4.070351e+00,3.781991e+00,4.156306e+00,4.491215e+00,4.465171e+00,5.156163e+00,4.961831e+00,4.128986e+00,3.884617e+00,4.198317e+00,4.643032e+00,4.411594e+00,4.322190e+00,3.935258e+00,4.318380e+00,4.787420e+00,4.633375e+00,5.328863e+00,9.578301e+00,4.178782e+00,6.321592e+00,4.422058e+00,4.664533e+00,4.102071e+00,4.825819e+00,4.864744e+00,6.788270e+00,4.432172e+00,5.082058e+00,3.880498e+00,4.627931e+00,3.797953e+00,5.037464e+00,4.911095e+00,4.636307e+00,8.011173e+00,4.208024e+00,3.871710e+00,4.777547e+00,3.775917e+00,4.521578e+00,4.396168e+00,4.617423e+00,4.929653e+00,4.127792e+00,4.791343e+00,4.900632e+00,4.966913e+00,4.783724e+00,4.685973e+00,5.048404e+00,4.974644e+00,5.024331e+00,4.864966e+00,4.993853e+00,4.962145e+00,4.789979e+00,5.115491e+00
4.854292e+00,5.055683e+00,4.962319e+00,4.830436e+00,5.053291e+00,5.029884e+00,5.255264e+00,4.828132e+00,4.954600e+00,4.905029e+00,4.147973e+00,4.744050e+00,4.044100e+00,4.441657e+00,4.650734e+00,5.284514e+00,9.917146e+00,4.627864e+00,4.667529e+00,3.997400e+00,3.714525e+00,5.047623e+00,4.767678e+00,5.725294e+00,1.014632e+01,3.844579e+00,5.143998e+00,8.843613e+00,4.851394e+00,3.953446e+00,4.807910e+00,4.897129e+00,3.981303e+00,4.850397e+00,4.482942e+00,4.776463e+00,6.690690e+00,4.482457e+00,4.763756e+00,4.924648e+00,4.886978e+00,5.016803e+00,5.241215e+00,4.988468e+00,4.970814e+00,3.919060e+00,5.047322e+00,3.823128e+00,4.383254e+00,4.423673e+00,4.713266e+00,4.784894e+00,4.414796e+00,4.055314e+00,4.234010e+00,4.959025e+00,4.268040e+00,4.827781e+00,3.815325e+00,4.579046e+00,4.676446e+00,4.959876e+00,4.193388e+00,5.206421e+00,3.756960e+00,4.864213e+00,4.078763e+00,4.554733e+00,4.042696e+00,4.660275e+00,4.995571e+00,7.065390e+00,4.644017e+00,4.876551e+00,4.710647e+00,4.574482e+00,4.186004e+00,4.219991e+00,4.517927e+00,4.696038e+00,4.488003e+00,4.305177e+00,4.848490e+00,3.543174e+00,4.442371e+00,4.790472e+00,4.974559e+00,4.445859e+00,3.839576e+00,4.467035e+00,4.536678e+00,4.038906e+00,4.760938e+00,4.561857e+00,4.107973e+00,4.595258e+00,4.982158e+00,5.026327e+00,5.109733e+00,5.041780e+00,4.334630e+00,4.417015e+00,4.909662e+00,4.948661e+00,4.771596e+00,4.993682e+00,5.101690e+00,5.121507e+00
4.936376e+00,4.949442e+00,4.927727e+00,4.967474e+00,4.894039e+00,4.710950e+00,5.250961e+00,4.701932e+00,5.093552e+00,4.751152e+00,3.632954e+00,9.594293e+00,4.113631e+00,3.960019e+00,4.908014e+00,5.171381e+00,4.033686e+00,4.566459e+00,4.256100e+00,4.994474e+00,4.193828e+00,4.582050e+00,4.089703e+00,6.071853e+00,4.417224e+00,4.179805e+00,4.526863e+00,7.895325e+00,4.820184e+00,4.517886e+00,3.805949e+00,4.617316e+00,5.168347e+00,4.946325e+00,4.609225e+00,6.872260e+00,3.857852e+00,4.681948e+00,4.604875e+00,4.997974e+00,5.244614e+00,5.041909e+00,5.007071e+00,3.807123e+00,3.993625e+00,3.876134e+00,4.376624e+00,1.006853e+01,4.420993e+00,4.039410e+00,4.347073e+00,5.199935e+00,4.389353e+00,4.864472e+00,4.811715e+00,3.785567e+00,4.608250e+00,4.783765e+00,4.467865e+00,4.773933e+00,4.258166e+00,4.682509e+00,4.306024e+00,3.474080e+00,4.031931e+00,4.605518e+00,4.357720e+00,1.010295e+01,5.254880e+00,3.873247e+00,4.191960e+00,4.169845e+00,4.380013e+00,4.175508e+00,4.828467e+00,4.886156e+00,4.034998e+00,9.074141e+00,4.844300e+00,4.071444e+00,3.807176e+00,4.314865e+00,4.438413e+00,4.435571e+00,4.137839e+00,4.169549e+00,4.002876e+00,4.733026e+00,4.073895e+00,4.658834e+00,4.117169e+00,4.226057e+00,3.892146e+00,3.967385e+00,4.798754e+00,5.116743e+00,5.087822e+00,4.932658e+00,5.155719e+00,4.718193e+00,4.311210e+00,4.747118e+00,4.923999e+00,4.963464e+00,4.938354e+00,5.327612e+00,4.797410e+00,5.143328e+00
4.860574e+00,4.835621e+00,4.951081e+00,4.803958e+00,4.958122e+00,4.843984e+00,4.986597e+00,4.676390e+00,4.841125e+00,4.968489e+00,4.542444e+00,5.142820e+00,4.145948e+00,4.470650e+00,4.948743e+00,4.893818e+00,4.289268e+00,4.920627e+00,4.061940e+00,4.188009e+00,5.267355e+00,4.426921e+00,4.607629e+00,3.926000e+00,4.354473e+00,4.174204e+00,4.139240e+00,3.873558e+00,5.064057e+00,5.041927e+00,4.318374e+00,5.320561e+00,4.790230e+00,3.955034e+00,4.945325e+00,4.302091e+00,4.525276e+00,4.219958e+00,4.587684e+00,4.994149e+00,5.108700e+00,4.599734e+00,3.656487e+00,4.648250e+00,4.067847e+00,3.848753e+00,4.828892e+00,6.525055e+00,4.529080e+00,3.755155e+00,4.521135e+00,4.707561e+00,4.195469e+00,4.777587e+00,4.175885e+00,4.632187e+00,5.012547e+00,4.731532e+00,4.260610e+00,4.279651e+00,3.542143e+00,6.696833e+00,4.760623e+00,3.555020e+00,4.847535e+00,8.552219e+00,4.136406e+00,7.595648e+00,4.334463e+00,1.041866e+01,3.775947e+00,4.473901e+00,4.561150e+00,4.218883e+00,4.951810e+00,4.606325e+00,3.991589e+00,4.476522e+00,5.050813e+00,6.842529e+00,3.761619e+00,4.203279e+00,4.871398e+00,4.459038e+00,4.309335e+00,4.798717e+00,4.793101e+00,5.133808e+00,4.919757e+00,4.161571e+00,4.516676e+00,5.023643e+00,4.371258e+00,4.295804e+00,4.594094e+00,4.724318e+00,5.195643e+00,4.666289e+00,5.058758e+00,4.873577e+00,4.940465e+00,5.128367e+00,4.903750e+00,5.180653e+00,4.844932e+00,4.998481e+00,5.099644e+00,5.132390e+00
5.078335e+00,5.044753e+00,5.093809e+00,4.867812e+00,5.100998e+00,4.647404e+00,5.119578e+00,5.008780e+00,4.517355e+00,5.006971e+00,4.664011e+00,4.354565e+00,4.939035e+00,9.516534e+00,5.347195e+00,4.378007e+00,4.193141e+00,4.104119e+00,4.472931e+00,4.444641e+00,4.947423e+00,4.481833e+00,4.706413e+00,5.153433e+00,4.288662e+00,4.128626e+00,4.023098e+00,4.338851e+00,4.238699e+00,4.625624e+00,4.034236e+00,4.982080e+00,4.378012e+00,4.308692e+00,4.321642e+00,4.428436e+00,4.902931e+00,4.606806e+00,4.978007e+00,5.059102e+00,5.078963e+00,4.979583e+00,4.661871e+00,3.946975e+00,4.801506e+00,4.236896e+00,4.477966e+00,3.935973e+00,4.878793e+00,4.299250e+00,4.226416e+00,4.102401e+00,4.550210e+00,4.883551e+00,4.589549e+00,4.937871e+00,4.294112e+00,5.174276e+00,5.388667e+00,4.256800e+00,3.812251e+00,8.027971e+00,7.792140e+00,4.217788e+00,4.485164e+00,4.541725e+00,9.473957e+00,1.036644e+01,4.356526e+00,8.090830e+00,1.025582e+01,4.034032e+00,3.201901e+00,4.258946e+00,4.707016e+00,4.996283e+00,3.824834e+00,4.369389e+00,4.629963e+00,4.406609e+00,4.085962e+00,7.329205e+00,3.996597e+00,3.887917e+00,3.874730e+00,4.542668e+00,4.935315e+00,9.119071e+00,4.883647e+00,4.410877e+00,4.327900e+00,5.005111e+00,4.203736e+00,4.689023e+00,4.751848e+00,4.945732e+00,5.107400e+00,5.007225e+00,5.143453e+00,4.883786e+00,9.392972e+00,4.962149e+00,4.803116e+00,4.964559e+00,4.664275e+00,4.824202e+00,5.372220e+00,5.117730e+00
4.980537e+00,4.835825e+00,5.159664e+00,4.725680e+00,4.701362e+00,4.956563e+00,4.784721e+00,5.188826e+00,5.030322e+00,5.057986e+00,4.942831e+00,4.208437e+00,4.167207e+00,3.825105e+00,3.987551e+00,4.880474e+00,7.809631e+00,4.104098e+00,4.462306e+00,4.925538e+00,4.704826e+00,8.192671e+00,9.421004e+00,4.098680e+00,4.522053e+00,3.591963e+00,4.313218e+00,4.700151e+00,3.831562e+00,4.350772e+00,4.836380e+00,4.376373e+00,4.306341e+00,3.853046e+00,8.459409e+00,4.127190e+00,9.389211e+00,4.465193e+00,4.925554e+00,5.044755e+00,4.720676e+00,4.831655e+00,4.729488e+00,3.669166e+00,4.226452e+00,4.835359e+00,4.698816e+00,4.457868e+00,3.720121e+00,4.290392e+00,3.874219e+00,4.580909e+00,4.671885e+00,4.645912e+00,3.885875e+00,4.203237e+00,4.272936e+00,3.828127e+00,5.110488e+00,1.020855e+01,4.078300e+00,4.529217e+00,3.977589e+00,4.001647e+00,5.367666e+00,4.675942e+00,8.556096e+00,7.437648e+00,1.040479e+01,1.021345e+01,4.217540e+00,4.915229e+00,4.176699e+00,4.884557e+00,4.730836e+00,4.169654e+00,4.410116e+00,4.802031e+00,4.891145e+00,6.820943e+00,4.415559e+00,4.534534e+00,3.779965e+00,4.293805e+00,4.728550e+00,4.071372e+00,3.979119e+00,4.533233e+00,5.145829e+00,4.967241e+00,4.845806e+00,4.302235e+00,4.494411e+00,4.063286e+00,4.970169e+00,4.645327e+00,4.779765e+00,4.770508e+00,4.963847e+00,4.644965e+00,3.868760e+00,4.977631e+00,4.983575e+00,5.115863e+00,5.189652e+00,4.776025e+00,5.004025e+00,4.775150e+00
4.676886e+00,4.928722e+00,4.726688e+00,4.834033e+00,5.133521e+00,4.842233e+00,5.089100e+00,5.083554e+00,5.128880e+00,3.996256e+00,5.051795e+00,4.586754e+00,4.749511e+00,4.078546e+00,5.063935e+00,5.072228e+00,4.473703e+00,4.022459e+00,3.961369e+00,5.287488e+00,4.757781e+00,4.289166e+00,6.833021e+00,4.603256e+00,4.308572e+00,4.982862e+00,4.911693e+00,4.351499e+00,4.711308e+00,3.945846e+00,4.756618e+00,4.392658e+00,3.753295e+00,4.621699e+00,4.316821e+00,4.961465e+00,3.981541e+00,4.476188e+00,5.224273e+00,5.239320e+00,4.845331e+00,4.497217e+00,4.505615e+00,4.986313e+00,4.831587e+00,4.662201e+00,3.895183e+00,3.589015e+00,4.544136e+00,5.046128e+00,4.855163e+00,4.149788e+00,5.003648e+00,4.885655e+00,4.604082e+00,4.150998e+00,8.890362e+00,9.939483e+00,7.566239e+00,3.948750e+00,4.479988e+00,4.370401e+00,7.261099e+00,4.748220e+00,1.041866e+01,4.736064e+00,1.019647e+01,4.290873e+00,4.905699e+00,6.068223e+00,4.529514e+00,4.365509e+00,4.330300e+00,3.924949e+00,4.052690e+00,4.793711e+00,4.657840e+00,4.048656e+00,4.839035e+00,4.426489e+00,3.858804e+00,5.060032e+00,4.137381e+00,3.950737e+00,4.348163e+00,3.847148e+00,4.511904e+00,5.262893e+00,5.201941e+00,4.430955e+00,4.941913e+00,3.864474e+00,4.944736e+00,4.541110e+00,4.318368e+00,4.524471e+00,4.874887e+00,5.024720e+00,4.932018e+00,5.164566e+00,3.847817e+00,4.605173e+00,4.572409e+00,5.186094e+00,4.990469e+00,4.976618e+00,4.711895e+00,5.026528e+00
5.090731e+00,4.761543e+00,5.098453e+00,5.035122e+00,4.882359e+00,5.209809e+00,5.193845e+00,4.875707e+00,5.090079e+00,4.455693e+00,4.505056e+00,4.620922e+00,4.222088e+00,4.528806e+00,4.264507e+00,5.074804e+00,5.390958e+00,4.336294e+00,4.895284e+00,4.690881e+00,8.170024e+00,4.329700e+00,4.071289e+00,4.791515e+00,5.681646e+00,5.188301e+00,4.052940e+00,4.832121e+00,4.380605e+00,4.568519e+00,4.884764e+00,4.650706e+00,3.999001e+00,5.077429e+00,4.241771e+00,4.160006e+00,4.060659e+00,5.210090e+00,5.191858e+00,5.043133e+00,4.901450e+00,4.670146e+00,4.939404e+00,5.058398e+00,3.945761e+00,4.639467e+00,4.935660e+00,4.134004e+00,4.259959e+00,4.408662e+00,4.226536e+00,4.165471e+00,3.908325e+00,4.170117e+00,8.016489e+00,4.845327e+00,4.048878e+00,4.328176e+00,4.064251e+00,3.915234e+00,4.109257e+00,4.625171e+00,9.601420e+00,4.798497e+00,5.118783e+00,5.228889e+00,7.535184e+00,7.201512e+00,5.004985e+00,4.417142e+00,4.911192e+00,3.991573e+00,4.955348e+00,4.826845e+00,4.052958e+00,4.681668e+00,5.112141e+00,4.480887e+00,5.166318e+00,5.899531e+00,6.072801e+00,4.090769e+00,4.301175e+00,8.074980e+00,4.127021e+00,4.597817e+00,4.406240e+00,4.959950e+00,4.972621e+00,3.906042e+00,4.807594e+00,3.818542e+00,4.207888e+00,4.940049e+00,4.942491e+00,3.706172e+00,4.789412e+00,5.241887e+00,5.090360e+00,3.882453e+00,4.603258e+00,5.196209e+00,5.240093e+00,4.965392e+00,5.201007e+00,4.424869e+00,4.863560e+00,4.903203e+00
5.058744e+00,4.927749e+00,5.232455e+00,4.570518e+00,4.934248e+00,4.604657e+00,4.825396e+00,4.817061e+00,5.054004e+00,5.050181e+00,4.916147e+00,4.216253e+00,3.718567e+00,6.240566e+00,4.519360e+00,4.692419e+00,5.148872e+00,4.983317e+00,5.121703e+00,4.941645e+00,1.015758e+01,4.520781e+00,5.233079e+00,4.008758e+00,4.022744e+00,4.306777e+00,4.615837e+00,4.978323e+00,4.660549e+00,4.897615e+00,4.074293e+00,8.274891e+00,5.387625e+00,4.562886e+00,4.278806e+00,4.105122e+00,4.368364e+00,4.617046e+00,4.750239e+00,5.120896e+00,5.004103e+00,3.919316e+00,4.176375e+00,4.672146e+00,4.517543e+00,4.305819e+00,4.348834e+00,4.430062e+00,4.028556e+00,5.084074e+00,4.152983e+00,4.392526e+00,4.047420e+00,4.242504e+00,4.457265e+00,6.435892e+00,4.178471e+00,4.774053e+00,4.537651e+00,3.845709e+00,4.795818e+00,4.941783e+00,4.529823e+00,9.436390e+00,9.935521e+00,6.164884e+00,4.616888e+00,1.010298e+01,4.057140e+00,4.680291e+00,6.877578e+00,4.434481e+00,4.588990e+00,4.937903e+00,4.773178e+00,4.847518e+00,4.873104e+00,5.084412e+00,7.819981e+00,9.973004e+00,4.498959e+00,4.187338e+00,3.675619e+00,4.994392e+00,4.993422e+00,3.736996e+00,4.679606e+00,4.896649e+00,5.183578e+00,3.696507e+00,3.954534e+00,4.789696e+00,4.675223e+00,4.659813e+00,4.406156e+00,4.962238e+00,4.970658e+00,5.149073e+00,4.615168e+00,4.679369e+00,4.415541e+00,4.970282e+00,5.294557e+00,4.973238e+00,4.876701e+00,5.140949e+00,4.737053e+00,5.178579e+00
4.993394e+00,5.065318e+00,5.058901e+00,5.056039e+00,4.830430e+00,5.050116e+00,4.894827e+00,4.826099e+00,4.965079e+00,5.040333e+00,4.581249e+00,5.124106e+00,4.928416e+00,4.329307e+00,8.163613e+00,4.997912e+00,4.822106e+00,4.275622e+00,3.867509e+00,9.479989e+00,4.198429e+00,6.150171e+00,4.715781e+00,8.600547e+00,3.815912e+00,4.348718e+00,4.637575e+00,3.914577e+00,5.189617e+00,6.584828e+00,4.849538e+00,4.691233e+00,4.488396e+00,4.731473e+00,4.732732e+00,3.638309e+00,4.890380e+00,4.840756e+00,5.129520e+00,5.012663e+00,4.755004e+00,4.868387e+00,3.541705e+00,4.128840e+00,4.025221e+00,4.526006e+00,4.941182e+00,5.196655e+00,4.860091e+00,3.697617e+00,4.110325e+00,4.774037e+00,4.961902e+00,4.821617e+00,3.807175e+00,4.304611e+00,4.997804e+00,4.550120e+00,5.051430e+00,4.427915e+00,5.162997e+00,5.008534e+00,4.887905e+00,3.952159e+00,4.129585e+00,4.695887e+00,4.365938e+00,8.863973e+00,4.202366e+00,3.833267e+00,4.667550e+00,4.675012e+00,4.646852e+00,4.521472e+00,5.170821e+00,4.832130e+00,5.102568e+00,4.962114e+00,3.726475e+00,4.639269e+00,5.149633e+00,4.066949e+00,4.032414e+00,3.564062e+00,4.793121e+00,4.576843e+00,5.014150e+00,4.951303e+00,7.096472e+00,4.005263e+00,4.517343e+00,4.755539e+00,4.005964e+00,4.989489e+00,4.791169e+00,5.125260e+00,4.953893e+00,5.221062e+00,4.846555e+00,4.066475e+00,5.041831e+00,4.296731e+00,4.996492e+00,4.946748e+00,5.179579e+00,4.941251e+00,5.054256e+00,4.883116e+00
5.079717e+00,5.050900e+00,4.951732e+00,4.989883e+00,5.050368e+00,4.592283e+00,4.821196e+00,4.962635e+00,5.253603e+00,4.805304e+00,4.471590e+00,4.613158e+00,4.585755e+00,4.497188e+00,4.591212e+00,4.371973e+00,4.953610e+00,4.722752e+00,4.094450e+00,7.953093e+00,1.028696e+01,6.523143e+00,4.634810e+00,3.689778e+00,4.810115e+00,3.957316e+00,4.234475e+00,4.295232e+00,4.521056e+00,4.488055e+00,4.051383e+00,8.587424e+00,4.501311e+00,4.664193e+00,4.897202e+00,4.242833e+00,4.893835e+00,5.103942e+00,4.919272e+00,4.328090e+00,4.630966e+00,5.107020e+00,4.492288e+00,6.974475e+00,4.854575e+00,4.158083e+00,3.384355e+00,4.801164e+00,5.071442e+00,4.043007e+00,4.734877e+00,4.611971e+00,4.466537e+00,4.491458e+00,5.375591e+00,4.538803e+00,4.970290e+00,4.991461e+00,3.971820e+00,4.990091e+00,4.486413e+00,5.064556e+00,4.807310e+00,5.079207e+00,5.040489e+00,4.605991e+00,4.470137e+00,5.403210e+00,9.701086e+00,4.676971e+00,4.224511e+00,4.717182e+00,4.763912e+00,5.241886e+00,4.356132e+00,4.926232e+00,4.951885e+00,7.031653e+00,4.060028e+00,6.697606e+00,1.015473e+01,4.639981e+00,3.238188e+00,4.246565e+00,4.157017e+00,4.795580e+00,5.025631e+00,5.145144e+00,8.859402e+00,4.601579e+00,4.214386e+00,5.043984e+00,4.130034e+00,4.459990e+00,4.810155e+00,5.007020e+00,4.784537e+00,4.946431e+00,4.801937e+00,4.512947e+00,4.952464e+00,5.096349e+00,5.101830e+00,4.602971e+00,4.864089e+00,4.687345e+00,5.199483e+00,4.669895e+00
4.657720e+00,4.772382e+00,5.098927e+00,5.050528e+00,5.182020e+00,5.158897e+00,4.670287e+00,5.033880e+00,5.149937e+00,5.143885e+00,4.909706e+00,5.031539e+00,4.487364e+00,4.991153e+00,4.336231e+00,4.126115e+00,4.408187e+00,4.222007e+00,6.001451e+00,1.039153e+01,1.009859e+01,4.356581e+00,4.923185e+00,4.002046e+00,4.248832e+00,4.537741e+00,7.718995e+00,4.954429e+00,3.565780e+00,6.995047e+00,9.921115e+00,7.166787e+00,4.564165e+00,5.243284e+00,4.181839e+00,4.240901e+00,5.014564e+00,4.544013e+00,5.191144e+00,4.954306e+00,4.421021e+00,5.002092e+00,4.502726e+00,4.275373e+00,4.136086e+00,4.256753e+00,4.620963e+00,4.401294e+00,5.070477e+00,4.513349e+00,4.695819e+00,5.156908e+00,4.327277e+00,4.266712e+00,3.783653e+00,4.946109e+00,4.493092e+00,4.332616e+00,4.221110e+00,4.976902e+00,5.216950e+00,4.625683e+00,4.545913e+00,4.119355e+00,5.075529e+00,4.840238e+00,4.267843e+00,3.970798e+00,4.359181e+00,3.975881e+00,5.046456e+00,4.461863e+00,4.663469e+00,4.992203e+00,5.008601e+00,4.519474e+00,5.117069e+00,9.375240e+00,4.579110e+00,3.933725e+00,5.225584e+00,7.321768e+00,4.481396e+00,4.759035e+00,4.152729e+00,4.479488e+00,5.114487e+00,4.656916e+00,4.404095e+00,4.538651e+00,4.728597e+00,4.361408e+00,5.055467e+00,4.904517e+00,5.105786e+00,5.094089e+00,5.183759e+00,4.700992e+00,5.167039e+00,4.914814e+00,5.023469e+00,5.152703e+00,4.913030e+00,4.910059e+00,5.002714e+00,4.977814e+00,5.065005e+00,4.978504e+00
5.064660e+00,5.082086e+00,5.140006e+00,4.659480e+00,4.815547e+00,4.742449e+00,4.492736e+00,5.070693e+00,5.054791e+00,5.007243e+00,5.107071e+00,4.554557e+00,4.331580e+00,4.858325e+00,4.366747e+00,4.492272e+00,4.886160e+00,5.067608e+00,3.840937e+00,4.545966e+00,4.759252e+00,4.514878e+00,4.337327e+00,4.843775e+00,6.582737e+00,3.610439e+00,5.662408e+00,5.148749e+00,4.964838e+00,5.100090e+00,4.718742e+00,4.711036e+00,4.405454e+00,5.076277e+00,4.216212e+00,4.620542e+00,5.086935e+00,5.015813e+00,4.961708e+00,4.990625e+00,5.312936e+00,3.482714e+00,4.915425e+00,4.839968e+00,3.826841e+00,4.599156e+00,4.217959e+00,4.496657e+00,3.757589e+00,4.729432e+00,5.093252e+00,3.965837e+00,5.042946e+00,4.461772e+00,4.471955e+00,5.196899e+00,5.113146e+00,4.727402e+00,5.055248e+00,5.000293e+00,4.733998e+00,5.048979e+00,4.597899e+00,4.156260e+00,5.009840e+00,4.349642e+00,4.340749e+00,5.292211e+00,4.708732e+00,4.588480e+00,4.885362e+00,4.781815e+00,4.940409e+00,4.887817e+00,5.031113e+00,4.954912e+00,4.087449e+00,4.155989e+00,3.686851e+00,5.091280e+00,4.611585e+00,6.162102e+00,4.321727e+00,6.574142e+00,4.986469e+00,4.606895e+00,5.091954e+00,4.712745e+00,3.598034e+00,4.749307e+00,4.899858e+00,4.161207e+00,4.974772e+00,4.961159e+00,5.277393e+00,4.484737e+00,5.104082e+00,5.033744e+00,3.888725e+00,4.533969e+00,4.382844e+00,4.975377e+00,4.696903e+00,4.908670e+00,4.335221e+00,4.869107e+00,4.783542e+00,4.807862e+00
4.988988e+00,4.920146e+00,5.175684e+00,4.889553e+00,5.169854e+00,4.834174e+00,5.078805e+00,4.993417e+00,5.127907e+00,5.035119e+00,5.165076e+00,4.346978e+00,4.489376e+00,5.143996e+00,4.188248e+00,4.115957e+00,5.189683e+00,3.990551e+00,3.970920e+00,4.434488e+00,4.709103e+00,3.913691e+00,4.134725e+00,4.589602e+00,4.256128e+00,4.160344e+00,4.874938e+00,4.608016e+00,5.063120e+00,4.288174e+00,4.754771e+00,5.035472e+00,4.866170e+00,5.022942e+00,4.417564e+00,5.183908e+00,4.927765e+00,5.136450e+00,4.743669e+00,4.368407e+00,4.853371e+00,5.017599e+00,4.952399e+00,4.385002e+00,4.450612e+00,4.606828e+00,6.585750e+00,3.810624e+00,4.479887e+00,4.682564e+00,4.414090e+00,4.962378e+00,4.940206e+00,5.136731e+00,4.259508e+00,4.643162e+00,4.759117e+00,3.990543e+00,4.944053e+00,5.102017e+00,4.960433e+00,3.997011e+00,4.863451e+00,4.672486e+00,4.524523e+00,4.710908e+00,4.557927e+00,4.856866e+00,4.941849e+00,4.547679e+00,4.800183e+00,5.124064e+00,5.149107e+00,4.623909e+00,5.274355e+00,4.909880e+00,4.125592e+00,4.118453e+00,3.795551e+00,4.641947e+00,4.353706e+00,3.980675e+00,4.004843e+00,4.429045e+00,4.700073e+00,4.916512e+00,4.944411e+00,3.794853e+00,5.023048e+00,3.615301e+00,4.631317e+00,4.646435e+00,4.196324e+00,4.164549e+00,5.035219e+00,5.239685e+00,5.191255e+00,5.001674e+00,3.630855e+00,4.840233e+00,5.034786e+00,4.798120e+00,4.789806e+00,4.993942e+00,4.209408e+00,5.105772e+00,4.992650e+00,4.405337e+00
4.902462e+00,5.021209e+00,4.887997e+00,4.917079e+00,4.907276e+00,5.113094e+00,3.792498e+00,4.822040e+00,4.995357e+00,5.237043e+00,4.975169e+00,4.522220e+00,4.020284e+00,3.449456e+00,3.593566e+00,4.672864e+00,5.116636e+00,4.944855e+00,4.392450e+00,4.345811e+00,4.745248e+00,4.618222e+00,4.884208e+00,5.162842e+00,5.089594e+00,4.715190e+00,5.025337e+00,4.976732e+00,4.361291e+00,5.133058e+00,4.657947e+00,9.833867e+00,5.058540e+00,4.814039e+00,4.913639e+00,5.011265e+00,4.874836e+00,5.069831e+00,4.141822e+00,4.948348e+00,5.202054e+00,4.992735e+00,4.847132e+00,5.088047e+00,4.623666e+00,4.008711e+00,4.192009e+00,5.073015e+00,6.458017e+00,4.777942e+00,4.557576e+00,5.184575e+00,4.822320e+00,5.075563e+00,4.620360e+00,5.178709e+00,4.810495e+00,4.357584e+00,4.356608e+00,5.064560e+00,4.782957e+00,5.037476e+00,4.944866e+00,4.868695e+00,4.475628e+00,5.217879e+00,5.160347e+00,4.875864e+00,4.962931e+00,5.110122e+00,5.291549e+00,5.048821e+00,5.047122e+00,5.109881e+00,4.757114e+00,1.017166e+01,4.938331e+00,3.962131e+00,4.550122e+00,4.974979e+00,6.486490e+00,4.364343e+00,4.648296e+00,5.031925e+00,4.255178e+00,5.017272e+00,4.312432e+00,4.935795e+00,5.116746e+00,4.486399e+00,3.833378e+00,4.503632e+00,4.118165e+00,5.032191e+00,4.739282e+00,4.963124e+00,4.676186e+00,5.071952e+00,4.337877e+00,4.792205e+00,5.039446e+00,4.874370e+00,5.068205e+00,4.891271e+00,5.010369e+00,5.130323e+00,4.883287e+00,5.174642e+00
4.878486e+00,4.731082e+00,4.986911e+00,5.000893e+00,5.136019e+00,4.746087e+00,5.011088e+00,4.487734e+00,5.143334e+00,4.915616e+00,4.679585e+00,5.049759e+00,7.015123e+00,5.037463e+00,3.873648e+00,4.097884e+00,4.490327e+00,4.777951e+00,4.887549e+00,5.037731e+00,5.064369e+00,4.933482e+00,4.566500e+00,4.748570e+00,4.639629e+00,4.872305e+00,4.594947e+00,7.461524e+00,1.013640e+01,3.250783e+00,3.945150e+00,4.017168e+00,3.745659e+00,4.999457e+00,4.859320e+00,5.085665e+00,5.116623e+00,4.384194e+00,4.631696e+00,4.573395e+00,5.148169e+00,4.545972e+00,4.970752e+00,5.174793e+00,5.073490e+00,5.262768e+00,4.736557e+00,4.679287e+00,4.029627e+00,4.498005e+00,4.646638e+00,5.155846e+00,4.965247e+00,5.130973e+00,5.073150e+00,4.725439e+00,4.975656e+00,4.986234e+00,4.959378e+00,5.068311e+00,5.102041e+00,5.077348e+00,4.607374e+00,4.760203e+00,4.987863e+00,4.731697e+00,5.011277e+00,4.871026e+00,5.005791e+00,5.041250e+00,4.975163e+00,4.648201e+00,4.375497e+00,5.130394e+00,1.036380e+01,4.914081e+00,4.412386e+00,5.182430e+00,3.871402e+00,4.025660e+00,4.717947e+00,4.005004e+00,3.717368e+00,3.459281e+00,4.006126e+00,4.585170e+00,4.730669e+00,4.433495e+00,4.335454e+00,4.170057e+00,4.609720e+00,4.920486e+00,4.563703e+00,4.900453e+00,4.894448e+00,5.166915e+00,5.105129e+00,3.773389e+00,3.994700e+00,5.048571e+00,5.053285e+00,5.170662e+00,4.892220e+00,4.836752e+00,5.216769e+00,5.145288e+00,4.721630e+00,5.105786e+00
5.031702e+00,4.988112e+00,5.040447e+00,4.758511e+00,4.898510e+00,4.800344e+00,4.828199e+00,4.697249e+00,4.853603e+00,5.073129e+00,5.231571e+00,4.433031e+00,4.525818e+00,4.147296e+00,4.092766e+00,7.335943e+00,4.450280e+00,4.856265e+00,5.230923e+00,3.974458e+00,5.270881e+00,4.766919e+00,5.175018e+00,4.245600e+00,4.884615e+00,3.975398e+00,9.214212e+00,9.528753e+00,5.197851e+00,4.577078e+00,6.193274e+00,5.267764e+00,8.959936e+00,5.093792e+00,4.928318e+00,4.831375e+00,5.031566e+00,5.015420e+00,4.703012e+00,4.134217e+00,4.808270e+00,4.816836e+00,5.096908e+00,4.990338e+00,5.161373e+00,5.269406e+00,5.023692e+00,4.950535e+00,4.825620e+00,4.554149e+00,4.589435e+00,4.722859e+00,4.994254e+00,5.019984e+00,5.048248e+00,5.015492e+00,4.882566e+00,4.921098e+00,5.035788e+00,5.102194e+00,4.765674e+00,5.311526e+00,5.213441e+00,4.615520e+00,5.037134e+00,5.155372e+00,4.826752e+00,5.110426e+00,5.142627e+00,5.029523e+00,5.213479e+00,5.120979e+00,5.083866e+00,9.540063e+00,1.007690e+01,7.263117e+00,3.577581e+00,9.286117e+00,3.833488e+00,4.694639e+00,4.893109e+00,4.399607e+00,3.606123e+00,4.072120e+00,4.367730e+00,4.973188e+00,4.443449e+00,4.483335e+00,3.838752e+00,3.757222e+00,4.796962e+00,4.083839e+00,3.836053e+00,4.519395e+00,4.967219e+00,5.149466e+00,5.100345e+00,4.137305e+00,4.873506e+00,4.967663e+00,4.531948e+00,4.878689e+00,4.979659e+00,5.079660e+00,4.899054e+00,5.103847e+00,4.945950e+00,5.128534e+00
4.881932e+00,4.453943e+00,5.118116e+00,4.876429e+00,4.933253e+00,5.080594e+00,4.958536e+00,4.780706e+00,4.768074e+00,4.939831e+00,4.933598e+00,4.993641e+00,4.568778e+00,4.702465e+00,4.179987e+00,4.040555e+00,4.255098e+00,4.334179e+00,4.046544e+00,4.780491e+00,4.449040e+00,4.237172e+00,4.105445e+00,6.436292e+00,3.505059e+00,3.746551e+00,4.573886e+00,4.490318e+00,1.010850e+01,6.174734e+00,4.768950e+00,4.270301e+00,4.443512e+00,3.741657e+00,4.962082e+00,4.936474e+00,4.687095e+00,4.617768e+00,4.672375e+00,8.118044e+00,4.054928e+00,4.885131e+00,5.052896e+00,4.835891e+00,5.191842e+00,5.091192e+00,4.837669e+00,4.786039e+00,4.890617e+00,5.182466e+00,4.951729e+00,4.938769e+00,4.721267e+00,5.118258e+00,5.098263e+00,4.850763e+00,4.815328e+00,5.046380e+00,4.600735e+00,6.160524e+00,4.080111e+00,4.615547e+00,5.082366e+00,5.168404e+00,5.216463e+00,4.859288e+00,5.077495e+00,5.116563e+00,5.180370e+00,5.047625e+00,4.867794e+00,4.540904e+00,4.594683e+00,4.999325e+00,4.348119e+00,4.849987e+00,4.998678e+00,4.654546e+00,4.533836e+00,4.534988e+00,4.934926e+00,8.960839e+00,4.780705e+00,4.844198e+00,4.056265e+00,4.103458e+00,3.938249e+00,4.344694e+00,4.273629e+00,4.070263e+00,3.909340e+00,4.187760e+00,4.382222e+00,4.859430e+00,5.263140e+00,5.012397e+00,4.579391e+00,4.069745e+00,5.082135e+00,4.783784e+00,4.994501e+00,4.989289e+00,5.004601e+00,4.975914e+00,4.974215e+00,4.898094e+00,4.654745e+00,4.944056e+00
4.480483e+00,4.911079e+00,5.018655e+00,4.853423e+00,4.692386e+00,4.722970e+00,5.072139e+00,4.821051e+00,4.987523e+00,4.901029e+00,5.158665e+00,5.044434e+00,4.921650e+00,3.626283e+00,4.507606e+00,4.346288e+00,8.917425e+00,9.443225e+00,4.715752e+00,3.941531e+00,4.825826e+00,4.653761e+00,3.892622e+00,3.766130e+00,4.455594e+00,8.604195e+00,9.196161e+00,6.003674e+00,3.927025e+00,4.423760e+00,3.607442e+00,4.654460e+00,4.044500e+00,3.774113e+00,5.010904e+00,4.965421e+00,4.868394e+00,5.042406e+00,4.076391e+00,3.655371e+00,4.070630e+00,4.980626e+00,5.422117e+00,4.227724e+00,4.021498e+00,5.203970e+00,5.057428e+00,5.139245e+00,5.081932e+00,4.329336e+00,5.044411e+00,6.750941e+00,5.201425e+00,5.043734e+00,4.944098e+00,5.146659e+00,4.168706e+00,7.635147e+00,5.140388e+00,3.940569e+00,4.716698e+00,4.435979e+00,4.631184e+00,5.352032e+00,4.986233e+00,4.912293e+00,4.944156e+00,4.357192e+00,4.880589e+00,4.813817e+00,4.279084e+00,6.083994e+00,4.561757e+00,3.990501e+00,4.250849e+00,4.117393e+00,3.926175e+00,4.294588e+00,4.827333e+00,4.140240e+00,4.885013e+00,4.450142e+00,4.782834e+00,4.965772e+00,5.089616e+00,9.297456e+00,4.119834e+00,4.044981e+00,3.685440e+00,4.959304e+00,4.927235e+00,4.453325e+00,5.124973e+00,5.105400e+00,5.213803e+00,4.701406e+00,4.024882e+00,5.952393e+00,4.832720e+00,5.122597e+00,4.768260e+00,5.101374e+00,5.100606e+00,4.540324e+00,4.636241e+00,4.699035e+00,4.925651e+00,4.679056e+00
4.528283e+00,4.635192e+00,4.936881e+00,4.875339e+00,4.476571e+00,4.884992e+00,4.928147e+00,4.911201e+00,4.661772e+00,5.136227e+00,4.840046e+00,5.107353e+00,5.089275e+00,4.489536e+00,3.989100e+00,4.349897e+00,4.946398e+00,4.418959e+00,5.993794e+00,9.530851e+00,4.022879e+00,4.252037e+00,4.977510e+00,4.751423e+00,4.415273e+00,4.578256e+00,4.284405e+00,7.825173e+00,4.400184e+00,4.022085e+00,3.946134e+00,4.512579e+00,4.113120e+00,4.620320e+00,4.728058e+00,4.920412e+00,5.089934e+00,5.122780e+00,4.434250e+00,4.989301e+00,4.649763e+00,4.744865e+00,4.804814e+00,3.970765e+00,4.892982e+00,5.021582e+00,4.605525e+00,4.309817e+00,4.312111e+00,4.611970e+00,5.120787e+00,4.382348e+00,5.119279e+00,3.718766e+00,5.093453e+00,3.798868e+00,4.205186e+00,3.910664e+00,9.810052e+00,5.065773e+00,4.810231e+00,5.114042e+00,4.934213e+00,5.024727e+00,5.033212e+00,4.968156e+00,4.984190e+00,4.803098e+00,4.509158e+00,4.240757e+00,4.126343e+00,3.899891e+00,4.348735e+00,4.238179e+00,3.400888e+00,5.109918e+00,4.725359e+00,4.151349e+00,3.961091e+00,4.452269e+00,4.804722e+00,3.924896e+00,5.028074e+00,5.110537e+00,4.309139e+00,4.325825e+00,4.476791e+00,4.779348e+00,4.529792e+00,4.636153e+00,3.989188e+00,4.914446e+00,4.651996e+00,4.930458e+00,5.070899e+00,4.719474e+00,6.612648e+00,4.737359e+00,5.133597e+00,5.025746e+00,5.104016e+00,4.813065e+00,5.004538e+00,5.035486e+00,5.183172e+00,5.167440e+00,4.968573e+00,5.096790e+00
4.930625e+00,5.039361e+00,4.602217e+00,4.815957e+00,5.129346e+00,4.865128e+00,4.887467e+00,4.865689e+00,4.870334e+00,4.957488e+00,5.022360e+00,5.081800e+00,4.709240e+00,4.420745e+00,3.975530e+00,4.304710e+00,5.321438e+00,4.540268e+00,5.720006e+00,4.209822e+00,3.696914e+00,4.029360e+00,4.404751e+00,6.021009e+00,3.795252e+00,5.132347e+00,9.590930e+00,6.525308e+00,9.422549e+00,3.813688e+00,3.783699e+00,4.720925e+00,4.742146e+00,4.029522e+00,4.241958e+00,4.791318e+00,4.995948e+00,5.074653e+00,4.477238e+00,4.733271e+00,4.689702e+00,4.163480e+00,4.314965e+00,4.823747e+00,5.008400e+00,4.851727e+00,4.671877e+00,4.401765e+00,4.904156e+00,4.680061e+00,4.805162e+00,5.278354e+00,4.799821e+00,4.275626e+00,5.610205e+00,1.041866e+01,4.709265e+00,4.277737e+00,4.997962e+00,4.409704e+00,4.679670e+00,5.072165e+00,5.042133e+00,5.042247e+00,5.118604e+00,4.931271e+00,3.827063e+00,9.051109e+00,4.333133e+00,4.526894e+00,3.756768e+00,4.209592e+00,5.031374e+00,4.152544e+00,4.765855e+00,4.306516e+00,4.821188e+00,3.770639e+00,4.671153e+00,4.323320e+00,4.036906e+00,3.722611e+00,5.074760e+00,5.059459e+00,4.845251e+00,3.942627e+00,4.793487e+00,4.900853e+00,4.340896e+00,3.937265e+00,4.631173e+00,5.084581e+00,5.036360e+00,4.955550e+00,4.819459e+00,4.813124e+00,5.204576e+00,5.063486e+00,5.025221e+00,5.148375e+00,4.296462e+00,5.051782e+00,4.699444e+00,4.546082e+00,5.203511e+00,5.068010e+00,5.024203e+00,5.010240e+00
5.014298e+00,5.015632e+00,5.120197e+00,5.034284e+00,5.000328e+00,4.661218e+00,4.595275e+00,4.843417e+00,4.617980e+00,5.232079e+00,5.145159e+00,4.982181e+00,4.746258e+00,4.715668e+00,4.591296e+00,4.025088e+00,3.741647e+00,5.185965e+00,4.358421e+00,3.601583e+00,3.543493e+00,3.895644e+00,1.037468e+01,4.895011e+00,3.491899e+00,3.840358e+00,4.900731e+00,4.907857e+00,4.337515e+00,4.409394e+00,7.560262e+00,4.192956e+00,3.922759e+00,4.547374e+00,8.477360e+00,4.811798e+00,4.809111e+00,5.171989e+00,4.933593e+00,4.660367e+00,4.830172e+00,4.755679e+00,5.057639e+00,5.051518e+00,5.172067e+00,4.578435e+00,5.138013e+00,5.013464e+00,4.896932e+00,4.878951e+00,4.681277e+00,4.339459e+00,4.873903e+00,8.798767e+00,4.491493e+00,5.034158e+00,5.056916e+00,6.948912e+00,4.076049e+00,3.766821e+00,3.886551e+00,5.339061e+00,4.360782e+00,5.011678e+00,5.199445e+00,4.391902e+00,9.620666e+00,4.143368e+00,3.682395e+00,7.793302e+00,3.719825e+00,4.579111e+00,4.898212e+00,4.315810e+00,4.323152e+00,4.144016e+00,4.419190e+00,4.652937e+00,4.587581e+00,4.771283e+00,4.549429e+00,5.028751e+00,4.706981e+00,4.918700e+00,4.129164e+00,4.991198e+00,4.115611e+00,4.673583e+00,5.190831e+00,4.272712e+00,3.952098e+00,4.823001e+00,5.304714e+00,4.751363e+00,4.730749e+00,5.097595e+00,8.882360e+00,4.194955e+00,5.038444e+00,5.100467e+00,4.874252e+00,4.731116e+00,4.874644e+00,5.074076e+00,4.656595e+00,5.118379e+00,5.044477e+00,5.007900e+00
5.107757e+00,5.120133e+00,4.900418e+00,4.995078e+00,4.838128e+00,4.889879e+00,4.962031e+00,5.064351e+00,4.711451e+00,4.947644e+00,4.908259e+00,5.060034e+00,4.792264e+00,5.318665e+00,4.711671e+00,4.803643e+00,4.982618e+00,4.090180e+00,4.760148e+00,6.418262e+00,4.248014e+00,4.102890e+00,4.101358e+00,5.663226e+00,4.054068e+00,6.535302e+00,3.774697e+00,8.506708e+00,4.144636e+00,3.781200e+00,5.239170e+00,4.014073e+00,4.070846e+00,4.742459e+00,4.746936e+00,3.776815e+00,5.174037e+00,4.932090e+00,5.339100e+00,5.106255e+00,5.298651e+00,5.002027e+00,5.334161e+00,4.958688e+00,5.111703e+00,4.996321e+00,5.078667e+00,4.732554e+00,5.090916e+00,5.205123e+00,5.027524e+00,5.032541e+00,4.981211e+00,4.475883e+00,5.015299e+00,5.171429e+00,4.672306e+00,4.538541e+00,4.574797e+00,5.723931e+00,4.379710e+00,4.396649e+00,4.686912e+00,3.495777e+00,4.461876e+00,4.459318e+00,1.036644e+01,4.661970e+00,3.698018e+00,4.013001e+00,3.967130e+00,3.949219e+00,4.794724e+00,9.843765e+00,3.807869e+00,4.345447e+00,4.557932e+00,5.074807e+00,4.700303e+00,4.172451e+00,5.112622e+00,5.005332e+00,4.293977e+00,4.222588e+00,4.016977e+00,5.097793e+00,4.198073e+00,4.888500e+00,4.570315e+00,4.678767e+00,5.048206e+00,4.905681e+00,5.006147e+00,4.782813e+00,4.925804e+00,4.584913e+00,4.987126e+00,5.029125e+00,4.757397e+00,5.091949e+00,4.985554e+00,5.006905e+00,5.108095e+00,5.082710e+00,4.832323e+00,4.846803e+00,5.033548e+00,4.927276e+00
5.082375e+00,4.734126e+00,5.175185e+00,4.991480e+00,4.970526e+00,5.039391e+00,4.972253e+00,4.943104e+00,5.037419e+00,4.511187e+00,4.933521e+00,5.070803e+00,4.897253e+00,4.976819e+00,4.682221e+00,4.193589e+00,4.558566e+00,4.973098e+00,4.978047e+00,4.100560e+00,4.748866e+00,4.297301e+00,5.363484e+00,5.358959e+00,4.777252e+00,3.685626e+00,3.953105e+00,3.985199e+00,4.462493e+00,3.632775e+00,4.343066e+00,5.149557e+00,4.221353e+00,4.051438e+00,9.789162e+00,4.502012e+00,4.072494e+00,4.268506e+00,5.172146e+00,4.960655e+00,4.300615e+00,4.535982e+00,4.341946e+00,5.204056e+00,5.206189e+00,4.379387e+00,3.681071e+00,4.893106e+00,4.366675e+00,4.417634e+00,4.775894e+00,4.540254e+00,4.989182e+00,5.020602e+00,4.450370e+00,4.291999e+00,4.163540e+00,5.242628e+00,3.960487e+00,9.707383e+00,4.621041e+00,4.160362e+00,4.712515e+00,4.507160e+00,4.381824e+00,3.974306e+00,4.379682e+00,4.434878e+00,4.481811e+00,4.142851e+00,4.921477e+00,4.626296e+00,3.951922e+00,3.940038e+00,4.285226e+00,3.804642e+00,4.710202e+00,4.206916e+00,4.775405e+00,4.793114e+00,3.975555e+00,4.860302e+00,5.268632e+00,3.809643e+00,4.624581e+00,4.549936e+00,4.363526e+00,4.623592e+00,4.571455e+00,4.860906e+00,4.871093e+00,5.126295e+00,5.101525e+00,5.085488e+00,4.256510e+00,4.342809e+00,5.146824e+00,5.057982e+00,4.912192e+00,4.840904e+00,5.138117e+00,4.590841e+00,4.702780e+00,5.009293e+00,5.038738e+00,5.027371e+00,4.755799e+00,4.995641e+00
5.064053e+00,5.041634e+00,4.626951e+00,5.101320e+00,4.416541e+00,5.027795e+00,5.071909e+00,4.804100e+00,4.940697e+00,4.462878e+00,5.137973e+00,4.039534e+00,5.119115e+00,4.569006e+00,4.978499e+00,4.149536e+00,3.966043e+00,4.378650e+00,5.562105e+00,9.416504e+00,6.901677e+00,4.546085e+00,8.302488e+00,4.759992e+00,4.199639e+00,4.617414e+00,1.036644e+01,4.516173e+00,4.110148e+00,3.904637e+00,3.896932e+00,3.817811e+00,4.117190e+00,9.610543e+00,4.892533e+00,6.994941e+00,4.965857e+00,8.189511e+00,4.889606e+00,5.396511e+00,9.487064e+00,3.796865e+00,3.760252e+00,3.917259e+00,4.749050e+00,4.607105e+00,4.296258e+00,6.166081e+00,3.926312e+00,4.703985e+00,4.106275e+00,4.509699e+00,4.421625e+00,4.195781e+00,6.674892e+00,4.239678e+00,5.424886e+00,1.031898e+01,4.096390e+00,3.554619e+00,3.522845e+00,4.924366e+00,4.239113e+00,4.261782e+00,5.362890e+00,4.871096e+00,4.438511e+00,3.945766e+00,3.991944e+00,4.121647e+00,4.058729e+00,4.408359e+00,4.865617e+00,4.138243e+00,1.028962e+01,4.076101e+00,4.795247e+00,4.446011e+00,3.726334e+00,4.996094e+00,5.251121e+00,3.868289e+00,4.556455e+00,4.546564e+00,4.365264e+00,5.260804e+00,4.429077e+00,4.015955e+00,4.798826e+00,4.440375e+00,5.049803e+00,5.087440e+00,4.920006e+00,5.019161e+00,3.933305e+00,4.788586e+00,5.223444e+00,5.083394e+00,4.489865e+00,4.922121e+00,5.071093e+00,5.019343e+00,4.958926e+00,4.965865e+00,4.899284e+00,4.972475e+00,4.861088e+00,4.838047e+00
5.167326e+00,5.058850e+00,5.104053e+00,4.673200e+00,5.096604e+00,5.337668e+00,4.913937e+00,5.065805e+00,4.926405e+00,4.857880e+00,4.794335e+00,4.914755e+00,4.959149e+00,4.947630e+00,5.003105e+00,4.543901e+00,4.042451e+00,4.156536e+00,4.509965e+00,8.662067e+00,4.612852e+00,4.016486e+00,4.759622e+00,4.100947e+00,4.114592e+00,4.875497e+00,4.069257e+00,4.294476e+00,9.748028e+00,4.567608e+00,4.173883e+00,3.539603e+00,5.890790e+00,9.665251e+00,4.068626e+00,4.394281e+00,3.989920e+00,4.279778e+00,4.584040e+00,4.005662e+00,6.255740e+00,4.010325e+00,3.962747e+00,3.786167e+00,4.555114e+00,4.173193e+00,4.544218e+00,5.099642e+00,5.988693e+00,5.855299e+00,3.634670e+00,4.704011e+00,9.618669e+00,3.950120e+00,4.851060e+00,4.714027e+00,3.950723e+00,3.970083e+00,4.058352e+00,5.377275e+00,4.826418e+00,4.143974e+00,4.337831e+00,3.923534e+00,4.548169e+00,4.344829e+00,4.241130e+00,4.045173e+00,3.300896e+00,4.257722e+00,5.262190e+00,3.804395e+00,3.687752e+00,3.689903e+00,4.396499e+00,4.712610e+00,4.232307e+00,4.492619e+00,4.914573e+00,5.079834e+00,9.441807e+00,4.533828e+00,5.084532e+00,4.217276e+00,4.361863e+00,4.562936e+00,4.431274e+00,5.162249e+00,4.862362e+00,4.788529e+00,5.250186e+00,5.232147e+00,5.074159e+00,5.509040e+00,4.306591e+00,4.279651e+00,4.948023e+00,5.056815e+00,5.000371e+00,4.857176e+00,5.161072e+00,5.083108e+00,4.973013e+00,4.872937e+00,5.256423e+00,5.010305e+00,4.794812e+00,4.933047e+00
4.671811e+00,4.902341e+00,5.116596e+00,5.258398e+00,4.973873e+00,5.090995e+00,5.064229e+00,5.103229e+00,5.001811e+00,4.788713e+00,5.032242e+00,4.870812e+00,4.369170e+00,5.048420e+00,4.849541e+00,4.198342e+00,4.743450e+00,4.606043e+00,4.037302e+00,4.544902e+00,7.249680e+00,3.841777e+00,4.229400e+00,6.086989e+00,4.480197e+00,4.788556e+00,6.366587e+00,7.244978e+00,4.180057e+00,4.405357e+00,9.687208e+00,4.357707e+00,4.321336e+00,6.056680e+00,3.731756e+00,9.693755e+00,3.748195e+00,4.753801e+00,4.077615e+00,4.253926e+00,4.577507e+00,8.902273e+00,4.306575e+00,3.383997e+00,4.003950e+00,4.259797e+00,4.489187e+00,4.222793e+00,4.080016e+00,4.311405e+00,4.235139e+00,1.025091e+01,4.108686e+00,3.608861e+00,4.518100e+00,4.126581e+00,4.522497e+00,4.475390e+00,4.235844e+00,4.667921e+00,3.466681e+00,4.173041e+00,4.096907e+00,3.848591e+00,4.052727e+00,4.436036e+00,9.824043e+00,5.092202e+00,3.742817e+00,4.957059e+00,5.721999e+00,4.544019e+00,4.189880e+00,3.742923e+00,3.867162e+00,4.712436e+00,4.719349e+00,5.187915e+00,5.095645e+00,4.523684e+00,4.210377e+00,3.824492e+00,4.493609e+00,4.247357e+00,4.054062e+00,3.923627e+00,4.079023e+00,4.909725e+00,5.210979e+00,4.967941e+00,4.821630e+00,5.026686e+00,4.959716e+00,4.622433e+00,4.883157e+00,4.965523e+00,4.971877e+00,4.494173e+00,5.026462e+00,4.325846e+00,4.857201e+00,5.080249e+00,5.151925e+00,5.086079e+00,4.922689e+00,5.032255e+00,4.519979e+00,5.000543e+00
5.169292e+00,4.734070e+00,5.010941e+00,4.928860e+00,5.209514e+00,4.859964e+00,4.834734e+00,5.042978e+00,4.920956e+00,4.938994e+00,4.830035e+00,5.033279e+00,4.422939e+00,3.841459e+00,4.940725e+00,5.196762e+00,4.943272e+00,4.383371e+00,3.497366e+00,5.096533e+00,1.026805e+01,9.362214e+00,3.986518e+00,3.567944e+00,3.941567e+00,4.807906e+00,4.490122e+00,4.012162e+00,4.470497e+00,4.149224e+00,5.034149e+00,8.957814e+00,4.151958e+00,4.544051e+00,5.798455e+00,3.588905e+00,4.898310e+00,4.425743e+00,4.953350e+00,3.819695e+00,4.036351e+00,3.965051e+00,7.909026e+00,4.892493e+00,3.760418e+00,4.260536e+00,4.218911e+00,3.623863e+00,3.814230e+00,3.709762e+00,4.700888e+00,4.702346e+00,4.254164e+00,4.259617e+00,4.010763e+00,4.549274e+00,4.130432e+00,3.860561e+00,4.571072e+00,5.064964e+00,4.200745e+00,3.943466e+00,9.363989e+00,3.915142e+00,5.526803e+00,4.720333e+00,6.531830e+00,4.204154e+00,3.646523e+00,4.508033e+00,4.457878e+00,3.788638e+00,4.542066e+00,4.909874e+00,4.054053e+00,3.621436e+00,4.681419e+00,4.875171e+00,5.146800e+00,4.309774e+00,4.157113e+00,4.957269e+00,4.266131e+00,4.753187e+00,4.569525e+00,5.041183e+00,4.086162e+00,4.556268e+00,4.782100e+00,5.232867e+00,5.137136e+00,5.259818e+00,3.828171e+00,4.743394e+00,4.895642e+00,4.911037e+00,5.158680e+00,4.868444e+00,5.049769e+00,5.110072e+00,4.782856e+00,5.136524e+00,5.004501e+00,4.935600e+00,4.844634e+00,5.010163e+00,4.940150e+00,4.905134e+00
4.975881e+00,4.958602e+00,4.612431e+00,4.964146e+00,5.154086e+00,4.798836e+00,5.128491e+00,4.870665e+00,5.091089e+00,4.512826e+00,4.765942e+00,5.203434e+00,4.479043e+00,4.588081e+00,4.999328e+00,4.361688e+00,4.976849e+00,5.202281e+00,4.422585e+00,4.347867e+00,4.095691e+00,4.000888e+00,4.539114e+00,4.106657e+00,4.753775e+00,5.082650e+00,4.238883e+00,5.119880e+00,3.703935e+00,4.816426e+00,4.099880e+00,4.729798e+00,3.736582e+00,9.525285e+00,4.119948e+00,5.548473e+00,5.865176e+00,4.394079e+00,4.633087e+00,6.746270e+00,3.865271e+00,9.365650e+00,4.262538e+00,3.653107e+00,4.843901e+00,4.210891e+00,4.390365e+00,3.883281e+00,3.651666e+00,4.824831e+00,5.411058e+00,4.540739e+00,4.997392e+00,4.059909e+00,4.971741e+00,4.320768e+00,4.481091e+00,5.321580e+00,4.215183e+00,3.982933e+00,3.918175e+00,4.251069e+00,4.777204e+00,4.424269e+00,5.530973e+00,4.101589e+00,1.041866e+01,4.557894e+00,5.674667e+00,4.221588e+00,4.243137e+00,4.744666e+00,3.899860e+00,3.845506e+00,4.430734e+00,4.778745e+00,4.398350e+00,4.263246e+00,3.865235e+00,3.623461e+00,4.629372e+00,4.580735e+00,3.811222e+00,4.900040e+00,3.854793e+00,5.301035e+00,4.362842e+00,5.054315e+00,5.089767e+00,4.882648e+00,4.882957e+00,4.038959e+00,4.048962e+00,5.065170e+00,4.959820e+00,5.016574e+00,5.046451e+00,4.525644e+00,5.085437e+00,5.078020e+00,4.874890e+00,5.026537e+00,5.072327e+00,5.042353e+00,5.130132e+00,4.957538e+00,4.881233e+00,5.013421e+00
5.046768e+00,5.092450e+00,4.770841e+00,5.243712e+00,4.995808e+00,5.089651e+00,4.971011e+00,5.194338e+00,4.857435e+00,5.179346e+00,5.068000e+00,4.972209e+00,4.855907e+00,5.265523e+00,4.719633e+00,4.936218e+00,5.052701e+00,4.909422e+00,4.582117e+00,4.121038e+00,4.756279e+00,3.818684e+00,4.241415e+00,3.823734e+00,5.643744e+00,8.275575e+00,4.474659e+00,9.496448e+00,4.525142e+00,4.100369e+00,4.808512e+00,4.639513e+00,6.512043e+00,3.602601e+00,3.657726e+00,4.472936e+00,4.164771e+00,4.104725e+00,4.132280e+00,4.489726e+00,4.062007e+00,4.219684e+00,7.579794e+00,4.500192e+00,4.619299e+00,4.166973e+00,5.528411e+00,5.715441e+00,4.446503e+00,4.194499e+00,4.103852e+00,4.674410e+00,4.651038e+00,4.068582e+00,3.860769e+00,4.192243e+00,4.214003e+00,4.921923e+00,4.829885e+00,4.152161e+00,4.460507e+00,3.870197e+00,3.775048e+00,4.406972e+00,3.992217e+00,4.290969e+00,4.986823e+00,3.859877e+00,4.384703e+00,5.027321e+00,4.214862e+00,4.692232e+00,3.767244e+00,4.108762e+00,4.762917e+00,4.234703e+00,3.921517e+00,3.951856e+00,3.873187e+00,3.694030e+00,4.371412e+00,4.540880e+00,4.774496e+00,4.247532e+00,4.295022e+00,4.741877e+00,4.531622e+00,4.703408e+00,4.788946e+00,5.206399e+00,3.968309e+00,3.896692e+00,4.693769e+00,5.072321e+00,4.985260e+00,4.859223e+00,4.739332e+00,4.813925e+00,5.071971e+00,5.026447e+00,4.894698e+00,4.606226e+00,5.035576e+00,4.765859e+00,4.846163e+00,4.915187e+00,5.026281e+00,5.012590e+00
4.727745e+00,5.160151e+00,4.976790e+00,5.096014e+00,5.113178e+00,5.027483e+00,5.012026e+00,4.878793e+00,5.087922e+00,5.036183e+00,4.908710e+00,5.230052e+00,4.956142e+00,5.007830e+00,4.776700e+00,3.804967e+00,5.052997e+00,5.152576e+00,4.974165e+00,5.397736e+00,4.414555e+00,3.680438e+00,4.298324e+00,4.061223e+00,4.170367e+00,4.223935e+00,3.903471e+00,4.225893e+00,5.460718e+00,7.743880e+00,1.041866e+01,4.995297e+00,7.934775e+00,8.247203e+00,4.438980e+00,4.260487e+00,5.016180e+00,3.967288e+00,4.042053e+00,3.817086e+00,4.932505e+00,4.917882e+00,4.930246e+00,3.926276e+00,4.703779e+00,7.335174e+00,5.066889e+00,4.971615e+00,4.776826e+00,4.393673e+00,4.202210e+00,3.730978e+00,7.727848e+00,4.357190e+00,5.072146e+00,4.828714e+00,3.593449e+00,3.874492e+00,3.837827e+00,3.608123e+00,4.208571e+00,6.945700e+00,5.060552e+00,4.282084e+00,3.754003e+00,8.488270e+00,4.748123e+00,3.618836e+00,3.736898e+00,4.739412e+00,4.843696e+00,3.680362e+00,5.093870e+00,4.965318e+00,3.981688e+00,4.519456e+00,4.355979e+00,4.054161e+00,4.743821e+00,4.464933e+00,4.158048e+00,3.961412e+00,4.315931e+00,4.689045e+00,3.874435e+00,3.994051e+00,5.036012e+00,5.028751e+00,4.996460e+00,4.591175e+00,4.109227e+00,5.152481e+00,4.943259e+00,4.902041e+00,5.084005e+00,5.038586e+00,5.057539e+00,4.803750e+00,4.922689e+00,4.977774e+00,4.995076e+00,4.863954e+00,4.764982e+00,5.121711e+00,4.816032e+00,4.860592e+00,5.033449e+00,5.033146e+00
4.866993e+00,5.043537e+00,4.870827e+00,5.103310e+00,5.088789e+00,4.893276e+00,4.863983e+00,4.786352e+00,4.922184e+00,4.690246e+00,5.040392e+00,5.063938e+00,4.603234e+00,5.017101e+00,5.178279e+00,4.837148e+00,4.805222e+00,5.004878e+00,4.931584e+00,5.019240e+00,4.988086e+00,4.431919e+00,3.979579e+00,3.822766e+00,4.895272e+00,4.451616e+00,4.325270e+00,4.902797e+00,4.192315e+00,4.258169e+00,4.771057e+00,4.065711e+00,4.303207e+00,3.711430e+00,4.491343e+00,4.470416e+00,4.195812e+00,5.583087e+00,3.996063e+00,4.758805e+00,7.109948e+00,9.719384e+00,5.001425e+00,3.820355e+00,4.234552e+00,4.726662e+00,3.576194e+00,3.882003e+00,4.859702e+00,6.367406e+00,4.022379e+00,3.939298e+00,4.473251e+00,4.664077e+00,9.555139e+00,4.300224e+00,4.391155e+00,4.295195e+00,4.575192e+00,4.436689e+00,5.293993e+00,4.505718e+00,4.261806e+00,6.302342e+00,5.172413e+00,4.496279e+00,4.887536e+00,4.349175e+00,4.747800e+00,4.687990e+00,4.975433e+00,5.099297e+00,5.129745e+00,4.827930e+00,4.271810e+00,4.391463e+00,4.471480e+00,4.087542e+00,4.264874e+00,4.476516e+00,3.892942e+00,4.255757e+00,4.820519e+00,4.683013e+00,4.823707e+00,4.989613e+00,4.804102e+00,4.916677e+00,5.048063e+00,4.517444e+00,5.101420e+00,4.792291e+00,4.624033e+00,4.975570e+00,4.945104e+00,4.834730e+00,5.096513e+00,5.079187e+00,4.964988e+00,5.033702e+00,5.048432e+00,4.940175e+00,5.071459e+00,5.076049e+00,4.999121e+00,5.015497e+00,4.869172e+00,5.095304e+00
4.396594e+00,4.899987e+00,4.963780e+00,5.034423e+00,5.105739e+00,4.986011e+00,4.713041e+00,5.110804e+00,4.996155e+00,5.105529e+00,5.043181e+00,4.930867e+00,5.153021e+00,4.651642e+00,5.063343e+00,4.429744e+00,4.548265e+00,5.161631e+00,5.035915e+00,5.087433e+00,5.113897e+00,4.260963e+00,4.212592e+00,3.979841e+00,4.896316e+00,4.530671e+00,4.310718e+00,3.820786e+00,3.829899e+00,4.613073e+00,4.612369e+00,4.055838e+00,4.187453e+00,4.675295e+00,5.611694e+00,5.350388e+00,4.416582e+00,5.499779e+00,4.694997e+00,4.544992e+00,5.569565e+00,4.245006e+00,4.236508e+00,5.032662e+00,4.171071e+00,4.570798e+00,4.466984e+00,4.273121e+00,3.768196e+00,4.585972e+00,3.940117e+00,4.831583e+00,4.546577e+00,4.789438e+00,4.220066e+00,4.300349e+00,4.364783e+00,5.431854e+00,4.891048e+00,4.311355e+00,4.242696e+00,3.833216e+00,4.363027e+00,4.193174e+00,6.679254e+00,5.541746e+00,4.278296e+00,4.396225e+00,4.948724e+00,4.965050e+00,5.108725e+00,4.495542e+00,4.382130e+00,3.949207e+00,3.858685e+00,5.101538e+00,4.047420e+00,4.862381e+00,4.335877e+00,4.654115e+00,4.819281e+00,4.956043e+00,4.510309e+00,4.552513e+00,5.112345e+00,4.991063e+00,4.897691e+00,4.819462e+00,8.762749e+00,4.871320e+00,4.860137e+00,4.605215e+00,4.885642e+00,4.864658e+00,4.972892e+00,5.103974e+00,4.254979e+00,4.772827e+00,5.184968e+00,4.993581e+00,5.028377e+00,4.728332e+00,4.947215e+00,5.097719e+00,5.184815e+00,4.852638e+00,4.855126e+00,4.919833e+00
4.983162e+00,5.121522e+00,4.762687e+00,4.909875e+00,5.149062e+00,4.746346e+00,4.728513e+00,5.062665e+00,5.162486e+00,4.967620e+00,5.154765e+00,5.053581e+00,4.887091e+00,5.033375e+00,5.125443e+00,4.861939e+00,4.958002e+00,4.819785e+00,4.590664e+00,5.038973e+00,5.188085e+00,4.707982e+00,4.789782e+00,5.102333e+00,3.894533e+00,5.246870e+00,3.623907e+00,4.070867e+00,4.154541e+00,4.308296e+00,4.665496e+00,4.917821e+00,4.075428e+00,5.145738e+00,4.085960e+00,4.358714e+00,3.965042e+00,4.320601e+00,4.310593e+00,3.784508e+00,4.816250e+00,4.219242e+00,3.688647e+00,3.943937e+00,6.963974e+00,9.523858e+00,4.247839e+00,4.477889e+00,3.629609e+00,4.754243e+00,4.915440e+00,4.748518e+00,4.372115e+00,4.770131e+00,4.209425e+00,4.814999e+00,1.038698e+01,4.857462e+00,3.765625e+00,4.032427e+00,4.564426e+00,4.297780e+00,4.933868e+00,4.199029e+00,4.588178e+00,4.198741e+00,5.252093e+00,5.004559e+00,5.259095e+00,5.092854e+00,4.225826e+00,4.388988e+00,3.943640e+00,5.279579e+00,3.998508e+00,3.978824e+00,4.286631e+00,4.817878e+00,4.491535e+00,4.067275e+00,5.003256e+00,5.006378e+00,4.935564e+00,5.273734e+00,4.979882e+00,5.022084e+00,5.055564e+00,4.295896e+00,4.199190e+00,5.036358e+00,4.878165e+00,5.084350e+00,5.080111e+00,4.589307e+00,4.757364e+00,5.167871e+00,4.819919e+00,4.902665e+00,4.787595e+00,4.977066e+00,5.007889e+00,5.112426e+00,4.968450e+00,4.922471e+00,4.788326e+00,5.045276e+00,4.958905e+00,5.181510e+00
5.047811e+00,4.783643e+00,5.022629e+00,5.099966e+00,5.098209e+00,5.105126e+00,5.002096e+00,5.339953e+00,4.871907e+00,5.046744e+00,5.259659e+00,5.160983e+00,4.976770e+00,5.045208e+00,4.946797e+00,4.950922e+00,5.147023e+00,4.463681e+00,4.858882e+00,5.015297e+00,4.966182e+00,4.932963e+00,5.084980e+00,4.373825e+00,4.479195e+00,4.536814e+00,3.794794e+00,4.935670e+00,4.660861e+00,4.067837e+00,4.568808e+00,4.013269e+00,6.657477e+00,4.502075e+00,7.242823e+00,4.946771e+00,3.784465e+00,4.127927e+00,4.699043e+00,6.435849e+00,4.007563e+00,6.553687e+00,4.182473e+00,5.455155e+00,4.539190e+00,9.882102e+00,4.456154e+00,3.878475e+00,4.194162e+00,4.665921e+00,3.989877e+00,4.521390e+00,4.149702e+00,5.238266e+00,4.095439e+00,4.202296e+00,4.631683e+00,4.903562e+00,3.873031e+00,4.549077e+00,4.251382e+00,4.174752e+00,3.439688e+00,4.554073e+00,4.999625e+00,5.011306e+00,3.642161e+00,5.085422e+00,4.845839e+00,4.317411e+00,3.912999e+00,4.704219e+00,3.950003e+00,4.485321e+00,4.521727e+00,3.923667e+00,4.566898e+00,8.293140e+00,4.654151e+00,4.288224e+00,4.830659e+00,4.545400e+00,4.960247e+00,5.140331e+00,4.909371e+00,5.080472e+00,4.227791e+00,4.691511e+00,5.268228e+00,5.009448e+00,5.008149e+00,4.790037e+00,4.746159e+00,5.013901e+00,4.966458e+00,5.099789e+00,4.628209e+00,5.128977e+00,5.162312e+00,5.084602e+00,4.887870e+00,5.044820e+00,5.039950e+00,5.061053e+00,4.878200e+00,4.948419e+00,4.926235e+00,4.968527e+00
5.050841e+00,4.828300e+00,4.983391e+00,5.083073e+00,5.071840e+00,5.075204e+00,4.920607e+00,4.896858e+00,4.877266e+00,4.562399e+00,5.057904e+00,5.031060e+00,4.821155e+00,4.948878e+00,5.038411e+00,4.901819e+00,5.062460e+00,4.912134e+00,4.928125e+00,5.098375e+00,5.076603e+00,5.063089e+00,5.081274e+00,5.100833e+00,5.161583e+00,4.868512e+00,4.856168e+00,4.296543e+00,4.286273e+00,3.621140e+00,3.762716e+00,4.603682e+00,1.017252e+01,4.694472e+00,4.029060e+00,4.515506e+00,4.841840e+00,4.409138e+00,4.265237e+00,4.089394e+00,3.819557e+00,4.161356e+00,4.701884e+00,3.619923e+00,5.225400e+00,3.631510e+00,5.051284e+00,5.134558e+00,5.090833e+00,5.065857e+00,5.135923e+00,4.889963e+00,5.190797e+00,5.118914e+00,4.148544e+00,4.356214e+00,4.917138e+00,4.549392e+00,4.431330e+00,5.153278e+00,4.810082e+00,3.858287e+00,4.026953e+00,4.760949e+00,4.974714e+00,4.906783e+00,4.218122e+00,3.870231e+00,4.383568e+00,4.310391e+00,3.781737e+00,3.931954e+00,4.294120e+00,4.509763e+00,4.695065e+00,4.233241e+00,4.510939e+00,4.084918e+00,4.618515e+00,4.832965e+00,4.727617e+00,4.959602e+00,4.782674e+00,4.870957e+00,5.120686e+00,4.998496e+00,4.447097e+00,5.328280e+00,4.607308e+00,4.737967e+00,4.987658e+00,4.798692e+00,5.175586e+00,4.979480e+00,5.028063e+00,4.842489e+00,4.895065e+00,4.793855e+00,5.065686e+00,5.053084e+00,5.070510e+00,4.921460e+00,5.143019e+00,4.341944e+00,4.870793e+00,5.052050e+00,4.775029e+00,5.008541e+00
5.069002e+00,5.004285e+00,4.919077e+00,5.024110e+00,4.906537e+00,4.902933e+00,4.975942e+00,4.993710e+00,5.208636e+00,4.897783e+00,5.081176e+00,4.828160e+00,5.165522e+00,5.179592e+00,4.798184e+00,5.118299e+00,4.982179e+00,4.845462e+00,4.968363e+00,4.880011e+00,5.229454e+00,5.171398e+00,5.193200e+00,5.127918e+00,4.848882e+00,4.933246e+00,3.685018e+00,4.424267e+00,4.751746e+00,4.295748e+00,3.586832e+00,9.339829e+00,4.290413e+00,4.472133e+00,4.272567e+00,4.160334e+00,4.900432e+00,4.443144e+00,4.856645e+00,4.796028e+00,3.979788e+00,4.249504e+00,5.457605e+00,4.358006e+00,3.816328e+00,3.729058e+00,5.134486e+00,3.826946e+00,5.128164e+00,5.200747e+00,4.785642e+00,5.133635e+00,5.040201e+00,4.685978e+00,5.114993e+00,5.072757e+00,5.050214e+00,5.256399e+00,4.429472e+00,4.420195e+00,4.524151e+00,4.541063e+00,3.573291e+00,4.185371e+00,4.360801e+00,3.767889e+00,3.804174e+00,4.049996e+00,3.969863e+00,3.675525e+00,3.817717e+00,4.653157e+00,4.222756e+00,5.011690e+00,4.878168e+00,4.063545e+00,4.358258e+00,5.109486e+00,5.023094e+00,4.967950e+00,5.131112e+00,5.269518e+00,4.744395e+00,4.982635e+00,4.829378e+00,4.897733e+00,5.012672e+00,4.631597e+00,4.999596e+00,4.952234e+00,4.872247e+00,4.970922e+00,4.820650e+00,5.121361e+00,5.108927e+00,4.685115e+00,4.899304e+00,5.213306e+00,4.959960e+00,4.980666e+00,4.999271e+00,5.041163e+00,4.764803e+00,4.421707e+00,5.049122e+00,4.970988e+00,4.768362e+00,5.070115e+00
4.918139e+00,5.019734e+00,4.823670e+00,5.062598e+00,4.980899e+00,5.054234e+00,5.022921e+00,5.004590e+00,5.037377e+00,5.046816e+00,5.262160e+00,4.971322e+00,4.877517e+00,4.699652e+00,5.126217e+00,4.876272e+00,5.173895e+00,5.050278e+00,5.147654e+00,4.708211e+00,4.832607e+00,4.975099e+00,4.939309e+00,4.975066e+00,5.152988e+00,5.073938e+00,4.899000e+00,4.650123e+00,4.734173e+00,4.831271e+00,3.949146e+00,4.250224e+00,4.368392e+00,3.615911e+00,4.232532e+00,3.541092e+00,4.178830e+00,4.503431e+00,4.200056e+00,3.848208e+00,4.822501e+00,4.898900e+00,4.892593e+00,4.153570e+00,4.129678e+00,4.018490e+00,8.688956e+00,5.037441e+00,4.369182e+00,3.985875e+00,4.949215e+00,5.045857e+00,5.132064e+00,5.053005e+00,4.598248e+00,5.234380e+00,4.803510e+00,4.959227e+00,4.366469e+00,5.013191e+00,3.901815e+00,4.677912e+00,3.642211e+00,4.348327e+00,6.109754e+00,3.800304e+00,4.080485e+00,4.772483e+00,4.197744e+00,4.529770e+00,4.680619e+00,3.555594e+00,4.672278e+00,4.750567e+00,4.099675e+00,4.957970e+00,4.867242e+00,5.191036e+00,4.660271e+00,4.980884e+00,5.323043e+00,4.638086e+00,4.576138e+00,5.018847e+00,4.243603e+00,5.060862e+00,4.789619e+00,4.835356e+00,4.985624e+00,4.713705e+00,4.970042e+00,5.062972e+00,4.642746e+00,5.130479e+00,4.909279e+00,4.871003e+00,5.065534e+00,4.907144e+00,4.712220e+00,4.805539e+00,5.129183e+00,5.043092e+00,4.824135e+00,5.059235e+00,4.767900e+00,4.888132e+00,4.946829e+00,4.856742e+00
5.013321e+00,5.034787e+00,4.888807e+00,5.078739e+00,5.134750e+00,5.096676e+00,4.500623e+00,4.996408e+00,5.075668e+00,4.703963e+00,5.025655e+00,4.975574e+00,5.146007e+00,4.684969e+00,5.145628e+00,4.800944e+00,4.895800e+00,5.018341e+00,4.824932e+00,4.783765e+00,5.042013e+00,4.667640e+00,4.164664e+00,4.742660e+00,5.134472e+00,5.072340e+00,5.220034e+00,4.935102e+00,4.661627e+00,4.982109e+00,4.554719e+00,4.848153e+00,3.252857e+00,4.190682e+00,4.173731e+00,3.991428e+00,4.605856e+00,4.696859e+00,8.328089e+00,4.102940e+00,3.428723e+00,4.925706e+00,3.900851e+00,4.338562e+00,4.139728e+00,4.736818e+00,4.646360e+00,3.915567e+00,4.676708e+00,4.989061e+00,4.405091e+00,5.031761e+00,5.046985e+00,4.272193e+00,5.068324e+00,4.524359e+00,5.339634e+00,5.865204e+00,5.100481e+00,4.210672e+00,4.274274e+00,4.284025e+00,5.535968e+00,4.190619e+00,4.345114e+00,4.668515e+00,3.990546e+00,4.022757e+00,3.983991e+00,4.173869e+00,4.630064e+00,4.754250e+00,4.302627e+00,4.437446e+00,4.946580e+00,4.999793e+00,4.594700e+00,4.966247e+00,4.824664e+00,4.982916e+00,4.747606e+00,5.131950e+00,4.660516e+00,4.579570e+00,5.012868e+00,4.823330e+00,4.962542e+00,5.161078e+00,5.161322e+00,5.066175e+00,5.051430e+00,4.488974e+00,4.975209e+00,5.177593e+00,4.720967e+00,4.886338e+00,5.156901e+00,4.807174e+00,5.068549e+00,4.997031e+00,4.676932e+00,4.576016e+00,4.922921e+00,5.151534e+00,5.090905e+00,4.843249e+00,5.106039e+00,4.995898e+00
4.914199e+00,4.868157e+00,5.040523e+00,4.824573e+00,4.945768e+00,4.709308e+00,4.914734e+00,5.018683e+00,5.112772e+00,5.078753e+00,4.962775e+00,4.884291e+00,4.878817e+00,5.101856e+00,5.010017e+00,4.871716e+00,4.745112e+00,5.005812e+00,4.906693e+00,4.939131e+00,5.127204e+00,5.031030e+00,4.959234e+00,4.845631e+00,4.666732e+00,5.218672e+00,4.788776e+00,5.131269e+00,4.970572e+00,4.877959e+00,4.500971e+00,5.045543e+00,4.736269e+00,8.014694e+00,3.983105e+00,3.667297e+00,4.780807e+00,3.887794e+00,4.659894e+00,7.531369e+00,5.282935e+00,4.131028e+00,4.493105e+00,3.580130e+00,4.440205e+00,4.212681e+00,4.607177e+00,4.785423e+00,3.655169e+00,4.525655e+00,3.629781e+00,4.051528e+00,5.182356e+00,4.133669e+00,4.838336e+00,5.239651e+00,3.965994e+00,4.637064e+00,4.686906e+00,5.165218e+00,4.553008e+00,3.748031e+00,4.824569e+00,3.804207e+00,5.032830e+00,4.239461e+00,3.676836e+00,4.786379e+00,4.716504e+00,4.140834e+00,4.634649e+00,3.652769e+00,4.734853e+00,4.904258e+00,4.743241e+00,5.123073e+00,4.984472e+00,4.819265e+00,5.035156e+00,5.115071e+00,4.768297e+00,4.918520e+00,4.615470e+00,4.555699e+00,4.727134e+00,4.930170e+00,4.960638e+00,4.825763e+00,4.860787e+00,4.964582e+00,4.897192e+00,4.784882e+00,4.715218e+00,5.007802e+00,4.745661e+00,5.030875e+00,5.092571e+00,5.069983e+00,4.761299e+00,5.017010e+00,4.882167e+00,5.074854e+00,5.054352e+00,4.751332e+00,4.878773e+00,5.121834e+00,5.038830e+00,5.153307e+00
4.875766e+00,4.586538e+00,4.977190e+00,4.948451e+00,4.948431e+00,5.067324e+00,4.863675e+00,5.069915e+00,4.889214e+00,5.292518e+00,4.858851e+00,4.993264e+00,5.149410e+00,5.086884e+00,4.987797e+00,5.021814e+00,4.859813e+00,5.236704e+00,5.118846e+00,4.949618e+00,5.160950e+00,5.216180e+00,4.951928e+00,5.027778e+00,4.477012e+00,4.978216e+00,5.019991e+00,5.062684e+00,4.967973e+00,5.218009e+00,4.587722e+00,4.235850e+00,5.051640e+00,4.294753e+00,4.877503e+00,3.510068e+00,4.415430e+00,4.216251e+00,4.633396e+00,4.492328e+00,4.190265e+00,3.536691e+00,5.702702e+00,5.115175e+00,4.517457e+00,4.689125e+00,4.892278e+00,3.816637e+00,4.037787e+00,4.628521e+00,4.903494e+00,4.883450e+00,4.894513e+00,5.005526e+00,4.936167e+00,4.437904e+00,4.678970e+00,4.443794e+00,3.991500e+00,3.408787e+00,4.460367e+00,4.271751e+00,3.883606e+00,7.286345e+00,5.515202e+00,3.998476e+00,4.102641e+00,4.098029e+00,4.507181e+00,4.606133e+00,4.711364e+00,4.830202e+00,4.571452e+00,4.605284e+00,5.058829e+00,5.215446e+00,5.221430e+00,4.975077e+00,5.112343e+00,4.828784e+00,4.964017e+00,5.133584e+00,4.941733e+00,4.983442e+00,4.931534e+00,5.090719e+00,4.800007e+00,4.941860e+00,4.965651e+00,4.906673e+00,5.108481e+00,4.969514e+00,4.942660e+00,4.823672e+00,5.086076e+00,4.698228e+00,5.179648e+00,5.050829e+00,4.933526e+00,5.087089e+00,5.104141e+00,4.976437e+00,4.521265e+00,4.781083e+00,4.976602e+00,4.032477e+00,5.067994e+00,4.989795e+00
5.106970e+00,4.976217e+00,4.927210e+00,4.967065e+00,5.198801e+00,4.908602e+00,4.575009e+00,4.946088e+00,4.843185e+00,4.924924e+00,4.881501e+00,4.875002e+00,5.246019e+00,5.140671e+00,5.036291e+00,4.938523e+00,5.255084e+00,4.810597e+00,5.106337e+00,4.864451e+00,5.071237e+00,4.710050e+00,4.953364e+00,4.923713e+00,4.993983e+00,4.673024e+00,5.159625e+00,4.901170e+00,5.048040e+00,5.008314e+00,4.707514e+00,4.920616e+00,4.980583e+00,4.899832e+00,5.508799e+00,4.749943e+00,4.354106e+00,4.117509e+00,4.772457e+00,3.285208e+00,4.752377e+00,5.847051e+00,4.550080e+00,5.012031e+00,4.641542e+00,4.863540e+00,4.049779e+00,4.842946e+00,4.657631e+00,3.508976e+00,4.860731e+00,4.690745e+00,5.083557e+00,5.255346e+00,4.827831e+00,4.659319e+00,4.238056e+00,4.080572e+00,3.370472e+00,6.077258e+00,9.353339e+00,4.041789e+00,4.261061e+00,4.064258e+00,4.279311e+00,4.027903e+00,4.327920e+00,4.424943e+00,4.214775e+00,5.020429e+00,4.714497e+00,5.161108e+00,4.974187e+00,4.993370e+00,4.829771e+00,5.026629e+00,5.032784e+00,4.936165e+00,4.476780e+00,4.366448e+00,5.033760e+00,5.109773e+00,4.818769e+00,4.882069e+00,4.984342e+00,4.773139e+00,4.809825e+00,4.869278e+00,5.066976e+00,4.429759e+00,5.061907e+00,5.021680e+00,5.036027e+00,5.192270e+00,5.138107e+00,5.000168e+00,4.820414e+00,4.887892e+00,5.098964e+00,4.420722e+00,4.761661e+00,4.958195e+00,4.924411e+00,4.899224e+00,4.856791e+00,4.806721e+00,5.061804e+00,4.835534e+00
4.982216e+00,5.003445e+00,4.824986e+00,4.926645e+00,4.364141e+00,5.053177e+00,4.947295e+00,4.898375e+00,4.358079e+00,4.784834e+00,5.060273e+00,5.057547e+00,5.163562e+00,5.150095e+00,4.891704e+00,5.357299e+00,5.055724e+00,4.987058e+00,4.960012e+00,5.238438e+00,4.972849e+00,5.111413e+00,5.194884e+00,5.025995e+00,4.828860e+00,5.007147e+00,5.020230e+00,5.226020e+00,5.048898e+00,4.959803e+00,5.129371e+00,5.118816e+00,4.450876e+00,5.127582e+00,4.892449e+00,4.703680e+00,4.712401e+00,4.766584e+00,3.956039e+00,3.678462e+00,4.933099e+00,3.909371e+00,7.898829e+00,4.144875e+00,4.626182e+00,4.406023e+00,3.680362e+00,4.217238e+00,4.248554e+00,4.857230e+00,4.410345e+00,4.927741e+00,5.094721e+00,4.475030e+00,5.089101e+00,4.958603e+00,4.654359e+00,4.415298e+00,5.051424e+00,4.666547e+00,3.994563e+00,4.864363e+00,3.867276e+00,4.019793e+00,4.069612e+00,4.673685e+00,4.753728e+00,4.839130e+00,4.899929e+00,4.955511e+00,4.907079e+00,4.845020e+00,5.025798e+00,4.876142e+00,4.844359e+00,5.114227e+00,5.099939e+00,4.669266e+00,5.033669e+00,4.081757e+00,5.053560e+00,4.903352e+00,4.930926e+00,5.002647e+00,4.824528e+00,4.716637e+00,4.883485e+00,5.107528e+00,4.809019e+00,5.118966e+00,5.091906e+00,4.625711e+00,5.065619e+00,5.067107e+00,5.024743e+00,4.944169e+00,5.047805e+00,5.114440e+00,4.678634e+00,5.132148e+00,5.117136e+00,4.865667e+00,4.909365e+00,4.976034e+00,4.968965e+00,5.073711e+00,5.086189e+00,5.051315e+00
5.045834e+00,4.938554e+00,4.957329e+00,5.088369e+00,4.902439e+00,4.953808e+00,4.993964e+00,4.801883e+00,4.841135e+00,4.918077e+00,4.937146e+00,4.562920e+00,5.256402e+00,5.024689e+00,4.910121e+00,5.073496e+00,4.757442e+00,5.242564e+00,5.196752e+00,4.870509e+00,4.998233e+00,4.829668e+00,5.187777e+00,4.692198e+00,5.062565e+00,5.051442e+00,4.823222e+00,5.152779e+00,5.157194e+00,4.859741e+00,5.234167e+00,4.994707e+00,4.924500e+00,4.910507e+00,5.128462e+00,5.227167e+00,4.684504e+00,5.129147e+00,4.650223e+00,4.179931e+00,4.385805e+00,3.923451e+00,4.514242e+00,4.570535e+00,4.544419e+00,7.770947e+00,4.714144e+00,4.718395e+00,4.419202e+00,4.135410e+00,3.690165e+00,3.822753e+00,3.924670e+00,4.971442e+00,4.347564e+00,4.976168e+00,5.045612e+00,3.776753e+00,4.088070e+00,4.135409e+00,4.844794e+00,4.224918e+00,4.528546e+00,4.739313e+00,4.606898e+00,4.476734e+00,4.554042e+00,5.001611e+00,5.226950e+00,4.792552e+00,5.107379e+00,4.826188e+00,4.920456e+00,4.837854e+00,4.174667e+00,4.753305e+00,4.790741e+00,4.768192e+00,5.001912e+00,4.920663e+00,5.007913e+00,4.861145e+00,4.841598e+00,4.959001e+00,4.444922e+00,4.950014e+00,5.046841e+00,4.995464e+00,4.751732e+00,5.026294e+00,5.029527e+00,5.120944e+00,4.910350e+00,4.909392e+00,4.937032e+00,4.840425e+00,4.820282e+00,5.101239e+00,5.091330e+00,5.138957e+00,4.719970e+00,5.190316e+00,5.199229e+00,4.990793e+00,4.811112e+00,4.959768e+00,4.899995e+00,5.001670e+00
5.046599e+00,5.155303e+00,5.067113e+00,5.085089e+00,4.644338e+00,5.118124e+00,4.862588e+00,4.936749e+00,4.944243e+00,5.251178e+00,4.467880e+00,5.032803e+00,4.587175e+00,4.913573e+00,4.806683e+00,4.991987e+00,5.156194e+00,4.905951e+00,4.895864e+00,5.118719e+00,5.007038e+00,4.983031e+00,4.839702e+00,4.858056e+00,4.778160e+00,5.165192e+00,4.741286e+00,4.979105e+00,4.903326e+00,4.856277e+00,4.692339e+00,5.043220e+00,4.423831e+00,4.659741e+00,5.122481e+00,4.996907e+00,4.819298e+00,4.946074e+00,5.176098e+00,5.120215e+00,5.025900e+00,4.866172e+00,4.656201e+00,4.928270e+00,4.392748e+00,4.267529e+00,4.816791e+00,4.473556e+00,3.996749e+00,4.131190e+00,3.929732e+00,3.929518e+00,4.643418e+00,4.050686e+00,4.536376e+00,4.143501e+00,4.913049e+00,3.873108e+00,3.965352e+00,5.193644e+00,4.745699e+00,4.797683e+00,4.693945e+00,5.179904e+00,5.125715e+00,4.842980e+00,5.079156e+00,4.863502e+00,5.093186e+00,5.000998e+00,4.727615e+00,5.004020e+00,4.410018e+00,4.354886e+00,4.810544e+00,5.033823e+00,5.070570e+00,4.904754e+00,5.159501e+00,4.934854e+00,4.960981e+00,4.850673e+00,4.819586e+00,4.686110e+00,4.929494e+00,5.153347e+00,4.594307e+00,4.358639e+00,4.779614e+00,4.999213e+00,5.012956e+00,5.097866e+00,4.892008e+00,4.649550e+00,5.015428e+00,4.718563e+00,5.153681e+00,5.004561e+00,4.936582e+00,4.520028e+00,5.026936e+00,5.087225e+00,4.744730e+00,5.118129e+00,5.057589e+00,4.868575e+00,5.014517e+00,4.773598e+00
4.740800e+00,4.968073e+00,5.142102e+00,4.960081e+00,5.153141e+00,4.930768e+00,4.783697e+00,4.874623e+00,4.986217e+00,4.774947e+00,4.615849e+00,4.948981e+00,5.169240e+00,4.927955e+00,4.959568e+00,5.289893e+00,5.089447e+00,4.924195e+00,4.865777e+00,5.218354e+00,4.898389e+00,4.922714e+00,4.913680e+00,5.067270e+00,4.800938e+00,5.145421e+00,5.107646e+00,4.975455e+00,4.784947e+00,4.744483e+00,4.897615e+00,4.619829e+00,4.941882e+00,5.283777e+00,4.832468e+00,3.886880e+00,5.059073e+00,5.145706e+00,5.151866e+00,5.115803e+00,5.064476e+00,4.586818e+00,5.250669e+00,4.771531e+00,5.105412e+00,5.005828e+00,4.796385e+00,5.108340e+00,4.887074e+00,4.621400e+00,4.966867e+00,4.305245e+00,4.212763e+00,4.668139e+00,4.326887e+00,4.733692e+00,3.610217e+00,4.295598e+00,4.684234e+00,5.138745e+00,5.217205e+00,5.090473e+00,5.155484e+00,4.777144e+00,4.726597e+00,5.059643e+00,4.991671e+00,5.044076e+00,4.924482e+00,4.323557e+00,4.656120e+00,5.265212e+00,4.388043e+00,4.712997e+00,5.097004e+00,4.825402e+00,4.622628e+00,4.841595e+00,5.192042e+00,5.048635e+00,5.126638e+00,5.123888e+00,5.067937e+00,4.928761e+00,4.927334e+00,5.173306e+00,5.002936e+00,5.073307e+00,4.835236e+00,4.892623e+00,4.893020e+00,5.088504e+00,4.998922e+00,4.902676e+00,4.903270e+00,5.010615e+00,5.186237e+00,4.809039e+00,4.630768e+00,4.996167e+00,5.104359e+00,5.067399e+00,4.984229e+00,5.211312e+00,4.804152e+00,4.407906e+00,5.093228e+00,4.820912e+00
5.038121e+00,5.084737e+00,4.937137e+00,4.868676e+00,4.826571e+00,4.980403e+00,4.975819e+00,5.070872e+00,5.133305e+00,4.478701e+00,5.163932e+00,4.825973e+00,4.422696e+00,4.828544e+00,4.889649e+00,5.149780e+00,5.065157e+00,5.082772e+00,5.083660e+00,5.227537e+00,4.751232e+00,4.696931e+00,4.870682e+00,5.003814e+00,5.046145e+00,5.110221e+00,4.937214e+00,4.837016e+00,4.535706e+00,4.558223e+00,4.986475e+00,4.866797e+00,5.028808e+00,4.598944e+00,4.718472e+00,4.722583e+00,5.117673e+00,5.215269e+00,5.054815e+00,5.007136e+00,4.914817e+00,4.431253e+00,5.150383e+00,4.655789e+00,5.121650e+00,4.806454e+00,4.400987e+00,4.911716e+00,5.040555e+00,5.141904e+00,5.245958e+00,4.582137e+00,4.961743e+00,4.760438e+00,5.106999e+00,5.048915e+00,5.093991e+00,5.015101e+00,5.120345e+00,4.615574e+00,5.084082e+00,4.880082e+00,4.996268e+00,4.813802e+00,4.956341e+00,4.910950e+00,5.020249e+00,4.554138e+00,4.156986e+00,4.494979e+00,4.386908e+00,4.365280e+00,5.142564e+00,4.996818e+00,4.989461e+00,4.760968e+00,4.885337e+00,5.290034e+00,5.066862e+00,5.126671e+00,5.122480e+00,4.866580e+00,4.776673e+00,5.150632e+00,4.701989e+00,5.058804e+00,5.166991e+00,5.137806e+00,5.205376e+00,4.832091e+00,4.721982e+00,5.075048e+00,4.909909e+00,5.162093e+00,5.061697e+00,4.928561e+00,5.084410e+00,4.564481e+00,4.542825e+00,5.137479e+00,5.014734e+00,4.930587e+00,5.031299e+00,5.017969e+00,4.738967e+00,4.984555e+00,4.463357e+00,5.071678e+00
4.955883e+00,4.669173e+00,5.076738e+00,4.912830e+00,5.081823e+00,4.904220e+00,4.878116e+00,4.927462e+00,5.113686e+00,5.068666e+00,4.729987e+00,5.030771e+00,5.012838e+00,4.904195e+00,5.110958e+00,5.017869e+00,5.296183e+00,5.168121e+00,5.136939e+00,5.140483e+00,5.112298e+00,5.408627e+00,4.943531e+00,4.956710e+00,5.235230e+00,4.873492e+00,5.031951e+00,4.706100e+00,4.919742e+00,5.015410e+00,5.147867e+00,4.413997e+00,4.659934e+00,5.000290e+00,5.119612e+00,4.891174e+00,4.223176e+00,4.554683e+00,5.155271e+00,4.515240e+00,4.742201e+00,4.941051e+00,4.793215e+00,5.174433e+00,4.871235e+00,4.859414e+00,4.945559e+00,4.914021e+00,5.217679e+00,5.110873e+00,4.735157e+00,4.990669e+00,4.999108e+00,4.771306e+00,5.048392e+00,5.070984e+00,5.032054e+00,4.915614e+00,4.610667e+00,4.765893e+00,5.096875e+00,5.045221e+00,5.101804e+00,4.558946e+00,4.308609e+00,4.576840e+00,5.129718e+00,5.195467e+00,5.043564e+00,4.310904e+00,4.835354e+00,5.000113e+00,4.996804e+00,5.002518e+00,5.028792e+00,4.692095e+00,5.041337e+00,5.107158e+00,5.128476e+00,5.105850e+00,4.736380e+00,4.933068e+00,5.231478e+00,5.171533e+00,4.778342e+00,5.055343e+00,5.077109e+00,4.873692e+00,5.003714e+00,5.195442e+00,4.823964e+00,4.929440e+00,4.881269e+00,4.876444e+00,5.152047e+00,4.915020e+00,5.053874e+00,4.797338e+00,4.882830e+00,5.091903e+00,4.869391e+00,4.926218e+00,4.542082e+00,4.914388e+00,4.994801e+00,4.973067e+00,5.116791e+00,4.678393e+00
5.014956e+00,4.616841e+00,5.188730e+00,4.951453e+00,5.179805e+00,4.785082e+00,4.680262e+00,5.095858e+00,5.020594e+00,5.026715e+00,4.887460e+00,4.792611e+00,5.097271e+00,4.978541e+00,4.637490e+00,4.750110e+00,4.982514e+00,4.921949e+00,4.667259e+00,5.152936e+00,4.711693e+00,4.926280e+00,4.672362e+00,5.003094e+00,4.993095e+00,4.843635e+00,5.123144e+00,5.069210e+00,4.981229e+00,5.023432e+00,4.662350e+00,4.915336e+00,5.008507e+00,4.981104e+00,4.689013e+00,5.110438e+00,4.921306e+00,4.899247e+00,4.737134e+00,5.123784e+00,4.986613e+00,5.176214e+00,5.100896e+00,5.202022e+00,4.859133e+00,5.057879e+00,4.382597e+00,5.018901e+00,4.738126e+00,5.133688e+00,4.667135e+00,4.843651e+00,5.014115e+00,4.872635e+00,4.921625e+00,5.014736e+00,5.086101e+00,5.048217e+00,4.644087e+00,5.225829e+00,4.006445e+00,4.919062e+00,3.938742e+00,4.748759e+00,5.228878e+00,5.122634e+00,4.732556e+00,4.960470e+00,5.068738e+00,4.778384e+00,4.756728e+00,5.060256e+00,4.769938e+00,4.625192e+00,4.827248e+00,4.918975e+00,5.082218e+00,5.083019e+00,5.009836e+00,4.821420e+00,5.022441e+00,4.962867e+00,5.208273e+00,4.900020e+00,5.105751e+00,4.703870e+00,5.370088e+00,5.254263e+00,5.156951e+00,4.955104e+00,4.894797e+00,4.730312e+00,4.746754e+00,4.635042e+00,4.994596e+00,4.933903e+00,4.960109e+00,4.412292e+00,4.904173e+00,4.757971e+00,4.944061e+00,5.016628e+00,4.939174e+00,4.713933e+00,5.052926e+00,5.070063e+00,4.962903e+00,5.006737e+00
4.906662e+00,4.559912e+00,5.160916e+00,4.672722e+00,5.187686e+00,4.714733e+00,4.700786e+00,5.000088e+00,4.862923e+00,5.009621e+00,4.983640e+00,4.753251e+00,5.084863e+00,4.984065e+00,4.641356e+00,4.681328e+00,4.828423e+00,4.906602e+00,4.995243e+00,4.887790e+00,4.635462e+00,4.947664e+00,4.959264e+00,5.057903e+00,5.019979e+00,5.108392e+00,4.998062e+00,5.014028e+00,5.085615e+00,5.001944e+00,5.018557e+00,5.046222e+00,4.984011e+00,5.044701e+00,4.961069e+00,5.038936e+00,5.155142e+00,5.070863e+00,4.986656e+00,4.770383e+00,4.920081e+00,4.770081e+00,4.994522e+00,4.610734e+00,4.659348e+00,5.164721e+00,4.587078e+00,5.262026e+00,4.917588e+00,4.762646e+00,4.970012e+00,4.644559e+00,4.794574e+00,5.171200e+00,5.178869e+00,4.968176e+00,4.987847e+00,5.402840e+00,5.002577e+00,5.009566e+00,5.081189e+00,5.195740e+00,4.445237e+00,5.249529e+00,4.950775e+00,5.050385e+00,4.924849e+00,5.020413e+00,5.015958e+00,4.978408e+00,5.111129e+00,5.057109e+00,5.131282e+00,4.907051e+00,4.477756e+00,5.088975e+00,4.962173e+00,4.851946e+00,5.092683e+00,5.026985e+00,4.914305e+00,5.253171e+00,5.249314e+00,4.955178e+00,5.112101e+00,4.954221e+00,5.042919e+00,5.043623e+00,5.113620e+00,4.872300e+00,4.974577e+00,5.186687e+00,5.074886e+00,5.095405e+00,4.798446e+00,4.801775e+00,4.988703e+00,4.832688e+00,4.704101e+00,5.015008e+00,4.953378e+00,5.124885e+00,4.887089e+00,4.902972e+00,4.831593e+00,5.137598e+00,4.839562e+00,4.894954e+00
4.925514e+00,4.977831e+00,4.821026e+00,5.014557e+00,4.699913e+00,5.068843e+00,4.633999e+00,5.055905e+00,4.996708e+00,5.012483e+00,5.001844e+00,5.033464e+00,5.048708e+00,4.951276e+00,5.034236e+00,4.938591e+00,4.503274e+00,5.248139e+00,4.952169e+00,5.221450e+00,5.354207e+00,5.216780e+00,4.989086e+00,5.175064e+00,4.744067e+00,5.109824e+00,4.692190e+00,5.307087e+00,5.086575e+00,4.708837e+00,5.061478e+00,5.083483e+00,4.771883e+00,4.956551e+00,4.928286e+00,5.054342e+00,4.492478e+00,4.886879e+00,4.909122e+00,4.806543e+00,5.121729e+00,5.107171e+00,4.882763e+00,4.971213e+00,5.008530e+00,4.910660e+00,4.920590e+00,4.978109e+00,4.816351e+00,4.979832e+00,4.875248e+00,5.007181e+00,5.274678e+00,5.158138e+00,4.746589e+00,4.955057e+00,4.945476e+00,4.920482e+00,4.740374e+00,4.729094e+00,4.974906e+00,4.886035e+00,4.473517e+00,4.997100e+00,5.008148e+00,4.841197e+00,5.125820e+00,4.663071e+00,4.803783e+00,5.121505e+00,5.048114e+00,5.077871e+00,4.769908e+00,4.878188e+00,4.903529e+00,5.134659e+00,4.997958e+00,4.791717e+00,5.350288e+00,5.063356e+00,5.207316e+00,4.830297e+00,4.896334e+00,5.070164e+00,5.106938e+00,4.824893e+00,5.226248e+00,4.958308e+00,4.810851e+00,5.068596e+00,4.983350e+00,5.087782e+00,5.009242e+00,4.934292e+00,4.687749e+00,4.825932e+00,4.798447e+00,5.160911e+00,4.652573e+00,5.133879e+00,4.396626e+00,5.096891e+00,5.154765e+00,4.865995e+00,4.864392e+00,5.064770e+00,5.118292e+00,5.186676e+00
