1.573146e+00,1.585411e+00,1.577691e+00,1.294937e+00,1.637650e+00,1.629504e+00,1.463086e+00,1.659962e+00,1.532459e+00,1.477953e+00,1.607610e+00,1.678187e+00,1.668693e+00,1.550325e+00,1.493074e+00,1.452225e+00,1.575678e+00,1.662526e+00,1.677815e+00,1.445388e+00,1.705361e+00,1.400168e+00,1.497728e+00,1.594544e+00,1.583796e+00,1.574353e+00,1.478055e+00,1.496205e+00,1.512553e+00,1.420145e+00,1.351324e+00,1.554419e+00,1.539380e+00,1.374507e+00,1.564122e+00,1.247389e+00,1.555344e+00,1.600016e+00,1.587720e+00,1.477375e+00,1.414479e+00,1.887935e+00,1.395162e+00,1.510528e+00,1.421178e+00,1.306326e+00,1.573629e+00,1.462542e+00,1.523970e+00,1.620475e+00,1.526277e+00,1.389224e+00,1.696356e+00,1.478615e+00,1.569708e+00,1.564861e+00,1.602522e+00,1.514502e+00,1.491798e+00,1.506309e+00,1.428270e+00,1.430229e+00,1.283501e+00,1.299765e+00,1.385969e+00,1.407087e+00,1.371730e+00,1.330110e+00,1.437842e+00,1.310695e+00,1.594389e+00,1.367963e+00,1.518621e+00,1.426325e+00,1.184117e+00,1.374171e+00,1.491925e+00,1.440059e+00,1.604096e+00,1.419873e+00,1.397392e+00,1.605122e+00,1.286828e+00,1.512044e+00,1.541264e+00,1.320087e+00,1.503440e+00,1.474319e+00,1.613940e+00,1.318633e+00,1.605519e+00,1.631360e+00,1.640482e+00,1.445773e+00,1.525912e+00,1.669819e+00,1.760786e+00,1.567384e+00,1.571340e+00,1.761480e+00,1.837172e+00,1.500015e+00,1.558440e+00,1.507469e+00,1.606513e+00,1.490721e+00,1.719263e+00,1.835648e+00,1.648982e+00,1.824967e+00,1.645764e+00,1.650487e+00,1.524007e+00,1.636866e+00,1.522498e+00,1.823286e+00,1.581778e+00,1.793485e+00,1.630921e+00,1.452112e+00,1.361439e+00,1.513837e+00,1.824957e+00,1.777028e+00,1.472189e+00,1.404940e+00,1.641574e+00,1.483162e+00,1.544438e+00,1.462063e+00,1.463918e+00,1.484548e+00,1.387907e+00,1.437264e+00,1.407031e+00,1.644315e+00,1.963525e+00,1.472940e+00,1.542076e+00,1.607340e+00,1.667172e+00,1.514734e+00,1.733681e+00,1.583153e+00,1.578241e+00,1.831870e+00,1.675699e+00,1.679933e+00,1.651284e+00,1.451529e+00,1.397615e+00,1.626856e+00,1.306956e+00,1.330103e+00,1.411279e+00,1.444141e+00,1.634921e+00,1.593854e+00,1.584302e+00,1.690645e+00,1.526237e+00,1.446924e+00,1.391009e+00,1.584083e+00,1.623509e+00,1.763574e+00,1.361399e+00,1.595632e+00,1.564951e+00,1.647992e+00,1.502559e+00,1.688888e+00,1.482931e+00,1.640475e+00,1.478557e+00,1.644752e+00,1.664479e+00,1.610484e+00,1.609126e+00,1.486728e+00,1.629604e+00,1.613006e+00,1.727386e+00,1.615623e+00,1.582233e+00,1.597495e+00,1.679496e+00,1.505670e+00,1.477792e+00,1.702543e+00,1.679364e+00,1.634591e+00,1.590381e+00,1.536300e+00,1.829853e+00,1.593694e+00,1.623570e+00,1.770625e+00,1.723913e+00,1.606215e+00,1.468061e+00,1.638183e+00,1.480080e+00,1.462873e+00,1.451967e+00,1.571555e+00,1.733409e+00,1.786812e+00,1.552227e+00,1.607224e+00,1.628805e+00,1.860113e+00,1.591926e+00,1.587684e+00,1.700557e+00
1.341385e+00,1.437853e+00,1.286670e+00,1.316535e+00,1.302443e+00,1.346179e+00,1.374414e+00,1.208584e+00,1.479050e+00,1.326145e+00,1.388681e+00,1.445620e+00,1.363823e+00,1.277221e+00,1.380800e+00,1.285396e+00,1.478628e+00,1.310225e+00,1.349425e+00,1.435409e+00,1.376626e+00,1.273659e+00,1.193163e+00,1.366652e+00,1.350440e+00,1.424239e+00,1.529772e+00,1.440214e+00,1.436108e+00,1.268566e+00,1.269415e+00,1.110267e+00,1.511589e+00,1.379151e+00,1.403472e+00,1.250602e+00,1.364862e+00,1.382483e+00,1.555449e+00,1.351455e+00,1.653387e+00,1.393488e+00,1.278904e+00,1.222976e+00,1.122017e+00,1.126196e+00,1.318714e+00,1.324037e+00,1.204285e+00,1.202392e+00,1.166180e+00,1.269339e+00,1.251406e+00,1.206884e+00,1.364379e+00,1.207371e+00,1.126680e+00,1.212158e+00,1.254064e+00,1.221860e+00,1.372813e+00,1.213945e+00,1.325059e+00,1.190011e+00,1.379217e+00,1.397970e+00,1.176221e+00,1.314032e+00,1.438540e+00,1.304898e+00,1.440890e+00,1.298004e+00,1.118333e+00,1.269480e+00,1.143408e+00,1.415937e+00,1.243635e+00,1.329386e+00,1.393546e+00,1.308374e+00,9.965953e-01,1.100013e+00,1.178880e+00,1.155331e+00,1.331550e+00,1.278406e+00,1.381257e+00,1.331250e+00,1.435779e+00,1.182453e+00,1.192282e+00,1.231160e+00,1.396951e+00,1.221448e+00,1.356036e+00,1.365632e+00,1.289323e+00,1.314152e+00,1.293754e+00,1.193938e+00,1.413390e+00,1.394836e+00,1.262319e+00,1.311941e+00,1.235726e+00,1.251723e+00,1.185811e+00,1.070644e+00,1.134909e+00,1.090288e+00,1.123783e+00,1.100890e+00,1.231074e+00,1.371532e+00,1.233370e+00,1.319275e+00,1.182631e+00,1.233999e+00,1.069975e+00,1.111504e+00,1.077876e+00,1.310874e+00,1.296468e+00,1.057875e+00,1.212815e+00,1.362479e+00,1.296168e+00,1.170655e+00,1.190234e+00,1.116376e+00,1.159175e+00,1.202338e+00,1.004596e+00,1.110939e+00,1.113015e+00,1.089511e+00,1.574106e+00,1.068098e+00,1.205882e+00,1.271755e+00,1.153871e+00,1.345996e+00,1.250192e+00,1.124876e+00,1.140578e+00,1.341028e+00,1.348006e+00,1.259921e+00,1.305351e+00,1.373220e+00,1.208560e+00,1.609174e+00,1.371813e+00,1.198900e+00,1.299777e+00,1.433539e+00,1.216349e+00,1.443557e+00,1.612222e+00,1.311081e+00,1.453123e+00,1.481460e+00,1.583591e+00,1.458433e+00,1.253220e+00,1.263782e+00,1.417373e+00,1.540383e+00,1.511423e+00,1.609275e+00,1.680866e+00,1.757666e+00,1.458306e+00,1.374927e+00,1.503991e+00,1.395465e+00,1.568171e+00,1.478363e+00,1.521259e+00,1.506011e+00,1.423258e+00,1.440978e+00,1.547338e+00,1.422957e+00,1.448510e+00,1.509565e+00,1.556117e+00,1.684065e+00,1.405766e+00,1.337063e+00,1.969910e+00,1.605995e+00,1.537338e+00,1.440284e+00,1.331120e+00,1.498297e+00,1.524219e+00,1.457079e+00,1.568319e+00,1.447885e+00,1.698456e+00,1.597489e+00,1.595269e+00,1.606734e+00,1.728203e+00,1.710383e+00,1.656511e+00,1.524516e+00,1.361605e+00,1.648027e+00,1.506558e+00,1.885271e+00,1.625158e+00,1.530506e+00,1.508391e+00
1.350513e+00,1.218063e+00,1.300965e+00,1.200259e+00,1.274053e+00,1.472873e+00,1.178766e+00,1.463014e+00,1.174945e+00,1.250239e+00,1.237193e+00,1.263115e+00,1.303161e+00,1.270985e+00,1.366166e+00,1.250115e+00,1.302986e+00,1.464653e+00,1.304272e+00,1.493966e+00,1.268499e+00,1.247400e+00,1.252731e+00,1.587692e+00,1.387537e+00,1.373831e+00,1.182694e+00,1.389157e+00,1.574661e+00,1.288006e+00,1.274468e+00,1.519520e+00,1.407437e+00,1.307538e+00,1.265971e+00,1.407028e+00,1.249761e+00,1.433529e+00,1.212145e+00,1.226256e+00,1.349819e+00,1.403373e+00,1.255733e+00,1.421427e+00,1.348660e+00,1.263771e+00,1.700253e+00,1.283088e+00,1.522239e+00,1.343866e+00,1.532864e+00,1.490371e+00,1.522273e+00,1.413183e+00,1.464302e+00,1.343939e+00,1.445845e+00,1.370721e+00,1.447538e+00,1.446385e+00,1.197849e+00,1.348240e+00,1.353367e+00,1.569315e+00,1.381266e+00,1.370938e+00,1.331732e+00,1.256934e+00,1.505233e+00,1.625776e+00,1.383670e+00,1.552484e+00,1.678387e+00,1.509601e+00,1.503098e+00,1.452477e+00,1.260490e+00,1.484791e+00,1.389667e+00,1.435857e+00,1.369691e+00,1.379448e+00,1.273396e+00,1.455991e+00,1.556074e+00,1.480674e+00,1.458098e+00,1.469368e+00,1.602675e+00,1.307671e+00,1.461836e+00,1.772484e+00,1.585675e+00,1.500675e+00,1.389753e+00,1.233708e+00,1.495073e+00,1.333662e+00,1.415625e+00,1.435740e+00,1.414618e+00,1.290092e+00,1.488071e+00,2.505188e+00,1.219270e+00,1.235359e+00,1.325036e+00,1.264342e+00,1.130127e+00,1.352836e+00,1.119688e+00,1.129296e+00,1.162903e+00,1.157053e+00,1.316079e+00,1.393895e+00,1.619452e+00,1.562764e+00,1.378143e+00,1.312269e+00,1.204970e+00,1.473706e+00,1.422217e+00,1.425107e+00,1.483334e+00,1.537799e+00,1.333042e+00,1.312365e+00,1.349842e+00,1.458633e+00,1.460489e+00,1.352087e+00,1.511784e+00,1.295639e+00,1.182953e+00,1.284756e+00,3.498787e+00,1.218697e+00,1.139408e+00,1.239870e+00,1.239242e+00,1.338993e+00,1.240815e+00,1.138307e+00,1.436671e+00,1.138295e+00,1.269906e+00,1.347580e+00,1.360292e+00,1.452103e+00,1.406144e+00,1.344936e+00,1.340929e+00,1.349743e+00,1.218751e+00,1.369710e+00,1.298557e+00,1.457667e+00,1.456447e+00,1.546495e+00,1.232380e+00,1.352397e+00,1.452243e+00,1.387715e+00,1.311873e+00,1.293568e+00,1.358997e+00,1.320845e+00,1.599845e+00,1.293795e+00,1.290932e+00,1.171455e+00,1.252357e+00,1.305121e+00,1.392256e+00,1.297794e+00,1.272722e+00,1.095879e+00,1.302915e+00,1.333796e+00,1.328663e+00,1.195241e+00,1.391377e+00,1.240535e+00,1.319710e+00,1.221367e+00,1.353549e+00,1.341743e+00,1.305694e+00,1.187453e+00,1.341934e+00,1.374079e+00,1.245538e+00,1.252710e+00,1.303707e+00,1.232263e+00,1.378634e+00,1.209603e+00,1.310325e+00,1.163558e+00,1.295430e+00,1.543952e+00,1.343629e+00,1.193957e+00,1.354948e+00,1.274723e+00,1.220395e+00,1.186201e+00,1.385345e+00,1.268061e+00,1.339539e+00,1.205477e+00,1.166782e+00,1.203230e+00,1.232153e+00
1.296383e+00,1.180325e+00,1.191917e+00,1.206478e+00,1.184660e+00,1.355812e+00,1.149680e+00,1.305044e+00,1.341534e+00,1.375936e+00,1.100726e+00,1.155253e+00,1.124148e+00,1.280442e+00,1.228465e+00,1.424581e+00,1.308158e+00,1.199489e+00,1.107307e+00,1.291107e+00,1.091440e+00,1.200243e+00,1.490491e+00,1.158533e+00,1.284672e+00,1.474558e+00,1.280074e+00,1.177927e+00,1.102550e+00,1.234172e+00,1.297554e+00,9.894024e-01,1.146472e+00,1.038556e+00,1.034862e+00,1.154754e+00,1.110613e+00,1.140564e+00,1.168476e+00,1.045596e+00,1.487740e+00,1.059639e+00,1.122007e+00,1.208739e+00,1.110614e+00,1.178738e+00,1.323414e+00,1.200714e+00,1.151215e+00,1.282088e+00,1.146546e+00,1.293348e+00,1.184489e+00,1.304804e+00,1.238546e+00,1.197968e+00,1.242490e+00,1.195419e+00,1.379077e+00,1.171957e+00,1.205774e+00,1.264531e+00,1.244367e+00,1.287137e+00,1.136294e+00,1.299898e+00,1.263598e+00,1.221408e+00,1.181787e+00,8.662631e+00,1.303952e+00,1.279747e+00,1.094142e+00,1.077438e+00,1.130815e+00,1.744816e+00,1.563641e+00,1.472949e+00,1.076604e+00,1.253005e+00,1.271542e+00,1.149901e+00,1.247887e+00,1.188692e+00,1.209921e+00,1.189424e+00,1.213514e+00,1.138781e+00,1.263820e+00,1.141524e+00,1.179118e+00,1.135157e+00,1.064166e+00,1.176125e+00,1.225489e+00,1.522589e+00,1.043957e+00,1.184051e+00,1.214866e+00,1.160584e+00,1.219074e+00,1.032915e+00,1.082144e+00,4.503727e+00,1.236877e+00,1.988819e+00,6.913426e+00,1.225886e+00,1.041801e+01,1.346407e+00,1.247658e+00,3.600899e+00,1.254351e+00,1.089497e+00,1.135512e+00,1.074417e+00,1.213739e+00,1.521156e+00,1.114617e+00,1.166624e+00,1.288541e+00,1.217942e+00,1.095648e+00,1.104536e+00,1.106546e+00,1.229140e+00,1.135969e+00,1.189755e+00,1.197295e+00,1.238518e+00,1.181622e+00,1.153572e+00,1.294947e+00,1.267209e+00,1.173396e+00,1.180417e+00,1.171202e+00,1.105933e+00,1.112211e+00,2.271548e+00,1.079853e+00,9.546576e-01,1.114363e+00,1.267008e+00,1.169565e+00,1.265478e+00,1.359508e+00,1.157921e+00,1.108309e+00,1.364315e+00,1.202833e+00,1.309846e+00,1.278258e+00,1.185488e+00,1.310355e+00,1.324396e+00,1.170982e+00,1.264577e+00,1.134211e+00,1.284697e+00,1.160987e+00,1.177817e+00,1.166361e+00,1.544876e+00,1.128335e+00,1.288322e+00,1.290937e+00,1.263373e+00,1.203690e+00,1.341747e+00,1.240458e+00,1.308929e+00,1.308274e+00,1.367147e+00,1.305201e+00,1.488125e+00,1.256535e+00,1.366701e+00,1.335582e+00,1.190839e+00,1.346173e+00,1.145808e+00,1.252940e+00,1.308214e+00,1.067173e+00,1.213058e+00,1.277042e+00,1.248669e+00,1.118989e+00,1.344213e+00,1.310591e+00,1.271472e+00,1.423205e+00,1.347253e+00,1.206474e+00,1.207953e+00,1.157222e+00,1.136504e+00,1.037746e+00,1.227739e+00,1.162775e+00,1.149007e+00,1.174253e+00,1.199882e+00,1.283174e+00,1.231992e+00,1.192736e+00,1.230054e+00,1.216535e+00,1.259365e+00,1.263623e+00,1.320970e+00,1.202731e+00,1.335803e+00,1.149635e+00
1.270199e+00,1.325217e+00,1.245076e+00,1.102727e+00,1.222803e+00,1.246801e+00,1.129020e+00,1.445183e+00,1.279452e+00,1.368894e+00,1.226581e+00,1.343415e+00,1.151005e+00,1.316932e+00,1.198783e+00,1.333102e+00,1.196035e+00,1.247938e+00,1.158056e+00,1.292511e+00,1.081753e+00,1.084380e+00,1.209195e+00,1.114727e+00,1.243451e+00,1.042294e+00,1.273887e+00,1.146154e+00,1.243456e+00,1.083622e+00,1.162212e+00,1.009166e+00,1.138668e+00,1.334371e+00,1.085560e+00,1.049339e+00,1.169810e+00,1.073032e+00,1.142195e+00,1.028696e+00,1.079624e+00,1.055391e+00,1.076632e+00,1.238149e+00,1.184371e+00,1.240860e+00,1.119647e+00,1.303077e+00,1.149603e+00,1.176682e+00,1.343844e+00,1.210110e+00,1.147994e+00,1.266890e+00,1.329098e+00,1.334548e+00,1.345789e+00,1.199300e+00,1.097292e+00,1.111905e+00,1.157636e+00,1.126255e+00,1.263842e+00,1.173873e+00,1.130806e+00,1.217743e+00,1.112429e+00,1.060415e+00,1.028311e+00,1.228384e+00,1.084257e+00,1.022840e+00,1.199628e+00,1.015479e+00,1.097017e+00,1.125178e+00,1.035316e+00,1.070627e+00,1.022830e+00,1.055849e+00,1.047660e+00,1.214533e+00,1.141276e+00,1.147794e+00,1.070493e+00,1.066135e+00,1.034451e+00,1.268328e+00,1.146874e+00,1.210554e+00,1.260183e+00,1.104036e+00,1.010745e+01,1.405526e+00,1.213306e+00,2.252992e+00,5.779846e+00,1.002539e+01,6.783437e+00,1.414130e+00,1.828860e+00,1.041866e+01,2.798530e+00,1.041866e+01,1.041866e+01,6.001816e+00,2.483194e+00,5.600385e+00,8.960714e+00,1.041866e+01,3.368233e+00,1.181821e+00,1.041749e+01,2.505417e+00,2.120680e+00,1.189075e+00,1.672341e+00,1.482683e+00,1.076540e+00,3.599960e+00,1.307103e+00,2.460355e+00,2.396343e+00,1.295414e+00,1.346712e+00,1.028881e+00,1.281176e+00,9.676290e-01,1.605507e+00,1.155309e+00,1.119288e+00,1.130443e+00,1.197540e+00,1.385178e+00,1.103854e+00,1.088559e+00,1.240685e+00,1.256873e+00,1.299397e+00,1.019050e+00,1.188595e+00,1.175940e+00,1.118502e+00,1.040709e+00,9.993631e-01,1.120925e+00,1.134164e+00,1.089769e+00,1.186043e+00,1.323856e+00,1.067413e+00,1.264392e+00,1.209719e+00,1.032282e+00,1.234725e+00,1.222447e+00,1.184179e+00,1.230738e+00,1.190625e+00,1.102638e+00,1.178554e+00,1.193215e+00,1.173602e+00,1.078831e+00,1.219984e+00,1.200146e+00,1.034154e+00,1.202231e+00,1.208284e+00,1.237888e+00,1.221782e+00,1.178481e+00,1.074855e+00,1.213726e+00,1.089253e+00,1.069920e+00,1.164759e+00,1.233580e+00,1.193503e+00,1.237004e+00,1.498107e+00,1.094598e+00,1.121909e+00,1.201705e+00,1.228343e+00,1.220057e+00,1.094542e+00,1.237351e+00,1.293320e+00,1.154812e+00,1.165016e+00,1.117652e+00,1.348177e+00,1.336074e+00,1.295286e+00,1.278326e+00,1.069337e+00,1.100695e+00,1.201471e+00,1.055430e+00,1.261785e+00,1.150853e+00,1.117450e+00,1.193395e+00,1.115921e+00,1.103452e+00,1.267193e+00,1.220395e+00,1.051632e+00,1.047314e+00,1.148160e+00,1.010832e+00,1.105545e+00,1.067895e+00,1.199437e+00
1.126210e+00,1.299496e+00,1.119195e+00,1.094290e+00,1.162441e+00,1.239040e+00,1.240640e+00,1.155015e+00,1.108587e+00,1.192573e+00,1.299621e+00,1.272282e+00,1.225497e+00,1.180020e+00,1.051850e+00,1.102752e+00,9.817816e-01,1.166816e+00,1.067413e+00,1.027054e+00,1.109809e+00,1.261188e+00,9.513505e-01,1.210036e+00,1.194202e+00,1.212057e+00,1.170249e+00,1.157804e+00,1.142638e+00,1.169716e+00,1.307896e+00,1.144873e+00,1.249162e+00,1.195516e+00,1.120088e+00,1.121235e+00,1.163759e+00,1.287374e+00,1.125005e+00,1.188421e+00,1.102639e+00,1.007750e+00,1.140644e+00,1.166765e+00,1.316680e+00,1.082398e+00,1.044208e+00,1.030673e+00,1.064797e+00,1.199279e+00,1.119116e+00,1.100501e+00,1.054186e+00,1.261370e+00,9.019790e-01,1.055634e+00,1.134884e+00,1.248402e+00,1.091894e+00,1.268473e+00,1.082775e+00,1.113268e+00,1.040839e+00,1.144050e+00,1.241293e+00,1.236297e+00,1.336813e+00,1.065739e+00,1.285902e+00,9.939872e-01,1.042092e+00,1.086102e+00,1.266317e+00,1.223653e+00,1.201778e+00,1.178654e+00,1.128276e+00,1.123027e+00,1.143783e+00,1.256835e+00,1.289657e+00,1.151994e+00,1.040132e+00,1.331151e+00,1.069329e+00,2.468061e+00,9.485833e-01,1.095848e+00,1.012390e+00,1.077447e+00,1.033372e+00,1.089927e+00,1.381574e+00,6.395292e+00,2.259275e+00,1.038584e+01,1.175019e+00,2.271009e+00,1.210722e+00,7.242290e+00,1.561508e+00,1.943416e+00,1.006064e+01,nan,1.041866e+01,9.932351e+00,1.041679e+01,1.014437e+01,1.584802e+00,nan,nan,2.660529e+00,9.522303e+00,3.651877e+00,1.332208e+00,nan,1.117788e+00,1.376612e+00,1.614014e+00,1.036344e+01,6.902768e+00,1.705986e+00,1.459414e+00,9.602020e+00,1.282123e+00,1.344181e+00,1.277701e+00,5.651590e+00,2.000876e+00,8.643551e+00,2.553312e+00,1.155618e+00,1.096556e+00,1.108015e+00,1.145513e+00,1.358056e+00,1.475264e+00,1.344730e+00,1.234446e+00,1.269963e+00,1.189726e+00,1.217956e+00,1.130720e+00,1.149948e+00,1.300890e+00,1.156913e+00,1.240003e+00,1.189801e+00,1.165208e+00,1.311995e+00,1.354165e+00,1.274640e+00,1.188218e+00,1.294732e+00,1.118113e+00,1.224583e+00,1.314818e+00,1.564324e+00,1.426407e+00,1.431757e+00,1.259242e+00,1.373194e+00,1.424214e+00,1.258119e+00,1.175042e+00,1.311919e+00,1.403595e+00,1.349537e+00,1.285267e+00,1.360478e+00,1.257102e+00,1.303360e+00,1.174979e+00,1.261017e+00,1.286293e+00,1.205737e+00,1.276241e+00,1.144991e+00,1.291719e+00,1.180141e+00,1.175440e+00,1.183517e+00,1.181964e+00,1.146554e+00,1.094412e+00,1.232543e+00,1.358014e+00,1.184601e+00,1.195554e+00,1.188519e+00,1.106767e+00,1.220411e+00,1.320601e+00,1.071687e+00,1.165810e+00,1.164171e+00,1.387829e+00,9.978458e-01,1.068068e+00,1.009616e+00,1.232108e+00,1.122111e+00,1.272307e+00,1.240693e+00,1.180321e+00,1.086823e+00,1.102957e+00,1.161521e+00,1.235583e+00,1.016066e+00,1.085226e+00,1.079499e+00,9.985962e-01,1.082272e+00,1.154129e+00
1.209006e+00,1.161118e+00,1.184613e+00,1.278619e+00,1.103076e+00,1.110344e+00,1.189572e+00,1.263768e+00,1.255121e+00,1.176593e+00,1.085633e+00,1.211438e+00,1.091479e+00,1.041175e+00,1.113044e+00,1.154446e+00,1.108636e+00,1.316307e+00,1.315947e+00,1.110841e+00,1.249254e+00,1.079564e+00,1.215146e+00,1.126575e+00,1.150285e+00,1.105131e+00,1.126457e+00,1.195433e+00,1.114195e+00,1.163509e+00,1.225017e+00,1.021234e+00,1.061686e+00,1.107494e+00,1.098302e+00,1.135549e+00,1.139499e+00,1.104911e+00,1.119224e+00,1.099261e+00,1.100704e+00,1.101391e+00,1.073686e+00,1.217112e+00,1.249269e+00,1.034104e+00,1.129749e+00,1.224175e+00,1.133685e+00,1.160114e+00,1.107079e+00,1.390039e+00,1.148694e+00,1.159133e+00,1.181990e+00,1.091966e+00,1.226992e+00,1.136936e+00,1.101030e+00,1.207661e+00,1.156794e+00,1.282644e+00,1.043089e+00,1.191676e+00,1.182956e+00,1.130872e+00,1.406181e+00,1.073312e+00,1.170045e+00,1.161577e+00,1.064403e+00,1.198165e+00,1.230133e+00,1.163640e+00,1.270173e+00,1.258516e+00,1.179224e+00,1.311741e+00,1.126724e+00,1.075223e+00,1.097732e+00,1.058155e+00,1.131783e+00,1.288569e+00,2.908153e+00,3.415429e+00,1.010095e+00,1.319573e+00,3.950810e+00,1.615235e+00,nan,nan,2.304706e+00,7.565832e+00,nan,nan,1.499204e+00,1.796624e+00,9.753500e+00,1.041866e+01,1.041866e+01,1.003243e+01,1.176017e+00,nan,1.041866e+01,7.249477e+00,9.652958e+00,4.931107e+00,1.176355e+00,3.397732e+00,1.404219e+00,1.015526e+01,1.276547e+00,1.041866e+01,1.041659e+01,1.041866e+01,1.920600e+00,4.599537e+00,1.019671e+00,1.021303e+01,1.577928e+00,7.518702e+00,1.521345e+00,nan,nan,1.961359e+00,8.707317e+00,7.553332e+00,8.868971e+00,6.633597e+00,5.134925e+00,3.443499e+00,1.003163e+00,1.065375e+00,1.101585e+00,9.900303e-01,1.130838e+00,1.127435e+00,1.052379e+00,1.193321e+00,1.177779e+00,1.129811e+00,1.335103e+00,1.257207e+00,1.097628e+00,1.145555e+00,9.971516e+00,1.118991e+00,1.199078e+00,1.020670e+00,1.198488e+00,1.131315e+00,1.174564e+00,1.118693e+00,1.110278e+00,1.115857e+00,1.186813e+00,1.650372e+00,1.019361e+00,1.081305e+00,1.015771e+00,1.094464e+00,1.073742e+00,1.485938e+00,1.148827e+00,1.140539e+00,1.027602e+00,1.211110e+00,1.198730e+00,1.149210e+00,1.090217e+00,1.165945e+00,1.130690e+00,1.219060e+00,1.280577e+00,1.300434e+00,1.192227e+00,1.118130e+00,1.189972e+00,1.044588e+00,1.080020e+00,1.181112e+00,1.178599e+00,1.148754e+00,1.126294e+00,1.137845e+00,1.154044e+00,1.145401e+00,1.221935e+00,1.082033e+00,1.248452e+00,1.334857e+00,1.105516e+00,1.060132e+00,1.167246e+00,1.142866e+00,1.187010e+00,1.242782e+00,1.183658e+00,1.085720e+00,1.186321e+00,1.162271e+00,1.059478e+00,1.207148e+00,1.173013e+00,1.184994e+00,1.247747e+00,1.156868e+00,1.184070e+00,1.286018e+00,1.222289e+00,1.250336e+00,1.045587e+00,1.230483e+00,1.127479e+00
1.323518e+00,1.142657e+00,1.117120e+00,1.279695e+00,1.341175e+00,1.197979e+00,1.269511e+00,1.292247e+00,1.345255e+00,1.232496e+00,1.108230e+00,1.287713e+00,1.205224e+00,1.231359e+00,1.151972e+00,1.243278e+00,1.159140e+00,1.207055e+00,1.108964e+00,1.069868e+00,1.130463e+00,1.214129e+00,1.235066e+00,1.220886e+00,1.094333e+00,1.108857e+00,1.054005e+00,1.251350e+00,1.142892e+00,1.127109e+00,1.025286e+00,1.117656e+00,1.114178e+00,1.121624e+00,1.208414e+00,1.115319e+00,1.252386e+00,1.170914e+00,1.137551e+00,1.172589e+00,9.938595e-01,1.231729e+00,1.162819e+00,1.272495e+00,1.162576e+00,1.039425e+00,1.185277e+00,1.273504e+00,1.062788e+00,1.194616e+00,1.139054e+00,1.128228e+00,1.165539e+00,1.181586e+00,1.116890e+00,1.059279e+00,1.120949e+00,1.308513e+00,1.287143e+00,1.328223e+00,1.205242e+00,1.327398e+00,1.085094e+00,1.226423e+00,1.184269e+00,1.024780e+00,1.095057e+00,1.102646e+00,9.546324e-01,1.165819e+00,1.108944e+00,1.126851e+00,1.186267e+00,1.279131e+00,1.182472e+00,1.101073e+00,1.316759e+00,1.217598e+00,1.179685e+00,1.142639e+00,1.005414e+00,1.070850e+00,1.272917e+00,7.924747e+00,nan,1.078660e+00,1.874571e+00,1.319228e+00,nan,nan,1.489146e+00,nan,nan,9.857133e-01,2.475793e+00,9.706106e+00,1.037405e+01,1.450198e+00,1.262402e+00,3.634132e+00,9.398740e+00,nan,1.041472e+01,3.043121e+00,1.041866e+01,2.421302e+00,6.601546e+00,1.040913e+01,9.907800e+00,1.041866e+01,1.557872e+00,2.101382e+00,1.041866e+01,1.039178e+01,nan,3.111654e+00,2.563487e+00,1.041402e+01,1.522955e+00,7.577736e+00,1.494334e+00,1.131218e+00,nan,5.660551e+00,9.310417e+00,1.376651e+00,4.223671e+00,9.571198e+00,1.403521e+00,nan,2.536854e+00,2.844626e+00,6.802585e+00,3.858963e+00,1.006115e+01,1.364846e+00,7.964343e+00,1.180388e+00,1.174483e+00,1.110714e+00,1.179986e+00,1.172059e+00,1.284326e+00,1.233075e+00,1.209520e+00,1.177159e+00,1.186451e+00,9.918552e-01,5.844464e+00,1.332960e+00,1.236362e+00,1.165228e+00,1.105597e+00,1.084315e+00,1.140942e+00,1.326232e+00,1.149587e+00,1.217063e+00,1.128533e+00,1.121495e+00,1.218072e+00,1.213922e+00,1.212630e+00,1.169547e+00,1.187044e+00,1.039958e+00,1.669842e+00,1.094157e+00,1.204614e+00,1.223498e+00,1.179616e+00,1.153475e+00,1.175868e+00,1.255534e+00,1.344601e+00,1.210218e+00,1.328540e+00,1.139839e+00,1.206278e+00,1.131940e+00,1.226279e+00,1.409044e+00,1.248632e+00,1.137268e+00,1.233464e+00,1.191764e+00,1.170708e+00,1.277274e+00,1.073265e+00,1.166063e+00,1.305246e+00,1.195037e+00,1.188904e+00,1.147300e+00,1.164505e+00,1.228426e+00,1.191011e+00,1.148191e+00,1.172804e+00,1.173374e+00,1.096551e+00,1.126659e+00,1.271218e+00,1.312833e+00,1.149581e+00,1.357797e+00,1.213988e+00,1.154949e+00,1.181997e+00,1.281139e+00,1.308369e+00,1.091625e+00,1.375232e+00,1.243156e+00,1.165899e+00
1.135042e+00,1.164684e+00,1.221412e+00,1.158985e+00,1.135637e+00,1.176130e+00,1.265678e+00,1.260145e+00,1.447477e+00,1.378818e+00,1.105799e+00,1.048520e+00,1.225022e+00,9.817420e-01,1.203444e+00,1.241410e+00,1.119175e+00,1.131337e+00,1.194899e+00,1.044696e+00,1.315837e+00,1.182965e+00,1.180045e+00,1.218724e+00,1.200848e+00,1.176549e+00,1.105320e+00,1.310026e+00,1.107120e+00,1.045504e+00,1.124508e+00,1.111865e+00,1.175283e+00,1.013555e+00,1.206480e+00,1.308390e+00,1.172366e+00,1.009702e+00,1.091242e+00,1.067050e+00,1.162270e+00,1.223005e+00,1.096902e+00,1.102789e+00,1.313909e+00,1.174695e+00,1.240463e+00,1.096494e+00,1.138033e+00,1.131229e+00,1.118513e+00,1.069634e+00,1.083943e+00,1.151372e+00,1.190663e+00,1.132305e+00,1.188762e+00,1.045978e+00,1.288708e+00,1.277482e+00,1.263534e+00,1.247717e+00,1.273466e+00,1.071447e+00,1.232098e+00,1.219548e+00,1.277247e+00,1.257492e+00,1.303222e+00,1.226170e+00,1.198437e+00,1.202434e+00,1.287555e+00,1.157825e+00,1.278039e+00,1.177231e+00,1.306093e+00,1.131494e+00,1.194121e+00,8.614137e+00,5.152799e+00,1.456890e+00,1.124075e+00,1.334681e+00,9.699468e+00,1.253212e+00,1.668916e+00,nan,nan,1.798970e+00,1.289297e+00,nan,1.041866e+01,nan,1.041771e+01,8.138844e+00,1.034733e+01,8.103149e+00,1.233562e+00,1.631562e+00,7.449000e+00,9.951740e+00,3.463742e+00,1.759154e+00,9.618073e+00,9.797436e+00,1.041866e+01,1.041866e+01,1.535019e+00,1.941759e+00,1.026721e+01,1.299707e+00,1.252128e+00,8.415940e+00,nan,nan,1.178372e+00,1.002847e+00,1.163628e+00,1.040965e+01,1.101449e+00,1.548234e+00,5.877311e+00,1.041866e+01,1.526309e+00,7.906307e+00,1.041866e+01,nan,8.948842e+00,1.009349e+01,1.546543e+00,3.758597e+00,nan,nan,2.142872e+00,1.036399e+01,2.425548e+00,9.205704e+00,4.771475e+00,1.073244e+00,1.598042e+00,1.117984e+00,1.153469e+00,1.231422e+00,1.198157e+00,1.219007e+00,1.303137e+00,1.165587e+00,1.167812e+00,1.745288e+00,1.041866e+01,1.390728e+00,1.181409e+00,1.141278e+00,1.044611e+00,1.137611e+00,1.119631e+00,1.200952e+00,1.116584e+00,1.305775e+00,1.029765e+00,1.153641e+00,1.144255e+00,1.322448e+00,1.251455e+00,1.004915e+00,1.114639e+00,1.109996e+00,1.034640e+00,1.131093e+00,1.099296e+00,1.088994e+00,1.151344e+00,1.016590e+00,1.202480e+00,1.248012e+00,1.266174e+00,1.263594e+00,1.391462e+00,1.097898e+00,1.051039e+00,1.174121e+00,1.071541e+00,1.129171e+00,1.420493e+00,1.147028e+00,1.208119e+00,1.190695e+00,1.253142e+00,1.165690e+00,1.153665e+00,1.363090e+00,1.207871e+00,1.202927e+00,1.194615e+00,1.181906e+00,1.144080e+00,1.135044e+00,1.143268e+00,9.932955e-01,1.195506e+00,1.246470e+00,1.118150e+00,1.142943e+00,1.139161e+00,1.131430e+00,1.265803e+00,1.160032e+00,9.793508e-01,1.053777e+00,1.223931e+00,1.260748e+00,1.063935e+00,1.201093e+00,1.138456e+00
1.103106e+00,1.117041e+00,1.077088e+00,1.132885e+00,1.115465e+00,1.134686e+00,1.188392e+00,1.181301e+00,1.070816e+00,1.119934e+00,1.130016e+00,1.368563e+00,1.039688e+00,9.892013e-01,1.003255e+00,1.186910e+00,1.018820e+00,9.942354e-01,1.078382e+00,1.141286e+00,1.090270e+00,1.069852e+00,1.086465e+00,1.110446e+00,1.117519e+00,1.119939e+00,1.095375e+00,1.171471e+00,1.134683e+00,1.077584e+00,1.051993e+00,9.912113e-01,1.054793e+00,1.123598e+00,1.248788e+00,9.847502e-01,1.258581e+00,1.152505e+00,1.190651e+00,1.212207e+00,1.283959e+00,1.009016e+00,1.155841e+00,1.275626e+00,1.285490e+00,1.162538e+00,1.093530e+00,1.108413e+00,1.091566e+00,1.340252e+00,1.131220e+00,1.215943e+00,1.229317e+00,1.603864e+00,1.149428e+00,1.129060e+00,1.093451e+00,1.563856e+00,1.199327e+00,1.162548e+00,1.271099e+00,1.159327e+00,1.510850e+00,1.164608e+00,1.013591e+00,1.102423e+00,1.045096e+00,1.250083e+00,1.086607e+00,1.184478e+00,1.189727e+00,1.313127e+00,1.136315e+00,1.131384e+00,1.086990e+00,1.119275e+00,1.239106e+00,1.287462e+00,3.641104e+00,9.704846e+00,1.103482e+00,1.432403e+00,5.619253e+00,1.576395e+00,2.926701e+00,8.464806e+00,1.041866e+01,1.535391e+00,9.864125e+00,1.612194e+00,3.781987e+00,8.237751e+00,1.224557e+00,1.086078e+00,3.268105e+00,4.660109e+00,1.332351e+00,1.209242e+00,1.041866e+01,2.615620e+00,nan,1.041866e+01,1.224661e+00,3.540320e+00,1.238775e+00,8.018106e+00,nan,nan,3.020004e+00,1.808650e+00,1.091218e+00,1.278587e+00,1.295077e+00,1.009304e+01,1.038063e+01,1.005693e+01,1.219236e+00,4.743250e+00,1.009163e+01,1.227599e+00,1.098587e+00,8.607872e+00,3.076674e+00,nan,4.437093e+00,nan,1.041866e+01,8.957004e+00,1.692965e+00,1.041866e+01,1.035059e+01,3.335612e+00,nan,1.041866e+01,2.758905e+00,9.567273e+00,nan,1.041866e+01,9.601582e+00,8.117875e+00,nan,2.827258e+00,1.427171e+00,1.035416e+00,1.011189e+00,1.002165e+00,1.052372e+00,1.133756e+00,1.140226e+00,1.431998e+00,1.053619e+00,1.823249e+00,1.119234e+00,1.075137e+00,1.477776e+00,1.090327e+00,1.041573e+00,1.613828e+00,1.035765e+00,9.881455e-01,1.080820e+00,1.157184e+00,1.153447e+00,1.206719e+00,1.116815e+00,1.401161e+00,1.414011e+00,1.168972e+00,1.064032e+00,1.227187e+00,1.190624e+00,1.051934e+00,1.205909e+00,1.072787e+00,1.132133e+00,1.201383e+00,1.229877e+00,1.010178e+00,9.656836e-01,1.072270e+00,1.209907e+00,1.178026e+00,1.323316e+00,1.025411e+00,1.148707e+00,1.049553e+00,1.320617e+00,1.177204e+00,1.169998e+00,1.174956e+00,1.053660e+00,1.134003e+00,1.125561e+00,1.098328e+00,9.942156e-01,1.121945e+00,1.095723e+00,1.186247e+00,1.025907e+00,1.164102e+00,1.133880e+00,1.054454e+00,1.027971e+00,9.980296e-01,1.123627e+00,1.014605e+00,1.115459e+00,1.093415e+00,1.147644e+00,1.082498e+00,1.007948e+00,1.214573e+00,9.662955e-01,1.228630e+00,1.160686e+00
9.737034e-01,1.129032e+00,1.173489e+00,1.000769e+00,1.042327e+00,1.115790e+00,1.013743e+00,9.738168e-01,9.649511e-01,9.673833e-01,9.662040e-01,9.198414e-01,1.004907e+00,1.048219e+00,1.028176e+00,1.135677e+00,1.131323e+00,1.060197e+00,9.869415e-01,1.151122e+00,1.142256e+00,1.171857e+00,9.936362e-01,9.563195e-01,9.993829e-01,1.114403e+00,8.958007e-01,9.767723e-01,1.115124e+00,1.047900e+00,1.066554e+00,1.084792e+00,1.203851e+00,1.045510e+00,1.214425e+00,1.138604e+00,1.167770e+00,1.026142e+00,1.002001e+00,1.005155e+00,1.104970e+00,1.183483e+00,1.121892e+00,1.244182e+00,1.225416e+00,1.303996e+00,1.191316e+00,1.175941e+00,1.165453e+00,1.121087e+00,1.215454e+00,9.946541e-01,1.057006e+00,1.350203e+00,1.179761e+00,1.327822e+00,1.599737e+00,9.961520e-01,1.071320e+00,1.091248e+00,1.191000e+00,1.325543e+00,1.176589e+00,1.180145e+00,1.068583e+00,1.016110e+00,1.066778e+00,9.641773e-01,1.140503e+00,1.260034e+00,1.099576e+00,1.014968e+00,1.073204e+00,1.111726e+00,1.790292e+00,1.273884e+00,1.935518e+00,1.110071e+00,1.980590e+00,7.218706e+00,1.403658e+00,2.737213e+00,nan,1.984814e+00,1.004986e+01,1.417570e+00,1.049507e+00,9.825619e+00,1.041287e+01,5.096914e+00,9.131121e+00,1.015451e+01,1.039963e+01,6.304541e+00,2.043095e+00,1.009218e+01,1.823564e+00,9.513423e+00,1.788444e+00,1.055945e+00,1.108858e+00,6.443828e+00,5.216859e+00,2.122229e+00,1.026972e+00,1.325356e+00,6.128012e+00,7.994879e+00,1.045417e+00,9.816539e-01,3.635753e+00,9.539079e+00,7.344941e+00,1.336357e+00,1.110062e+00,7.634254e+00,1.032283e+00,1.100864e+00,1.041866e+01,2.063756e+00,1.605763e+00,1.388085e+00,1.041236e+01,1.027342e+01,1.685076e+00,8.784932e+00,nan,nan,1.041866e+01,1.911267e+00,9.247581e+00,1.683111e+00,1.041866e+01,6.967450e+00,2.313467e+00,1.041866e+01,nan,1.682592e+00,2.310863e+00,1.248904e+00,1.360065e+00,4.591422e+00,1.792535e+00,1.029648e+00,5.371167e+00,1.044065e+00,1.241813e+00,1.004059e+00,9.479277e-01,1.073088e+00,9.819031e-01,1.105875e+00,1.216599e+00,1.244825e+00,1.071109e+00,1.374584e+00,1.071204e+00,1.083515e+00,1.229548e+00,9.835244e-01,1.178564e+00,1.097885e+00,9.757592e-01,1.122388e+00,9.612735e-01,1.017362e+00,1.048182e+00,1.102166e+00,1.206389e+00,9.722091e-01,1.140866e+00,1.017335e+00,1.048709e+00,1.126229e+00,1.196845e+00,1.216684e+00,1.157017e+00,1.075186e+00,1.170454e+00,1.059572e+00,1.031335e+00,1.020600e+00,1.148538e+00,1.033405e+00,1.040917e+00,9.950014e-01,8.946749e-01,1.063505e+00,9.400410e-01,9.578342e-01,1.013909e+00,1.147048e+00,1.086068e+00,9.829670e-01,1.401462e+00,9.779221e-01,1.047006e+00,1.274256e+00,1.084897e+00,1.113771e+00,1.024600e+00,1.265952e+00,1.300288e+00,1.110409e+00,1.048219e+00,1.106399e+00,1.291867e+00,1.133879e+00,1.008147e+00,1.158068e+00,1.163861e+00,1.002787e+00,1.214383e+00,1.104404e+00,9.629288e-01
1.051922e+00,1.136325e+00,1.038456e+00,1.128683e+00,1.022631e+00,9.754701e-01,1.110885e+00,9.707096e-01,1.323577e+00,1.126457e+00,1.100974e+00,1.159694e+00,9.996989e-01,1.033324e+00,1.035441e+00,1.056738e+00,1.095690e+00,1.010284e+00,1.004195e+00,9.618167e-01,1.068663e+00,9.939938e-01,1.058579e+00,1.076101e+00,1.007805e+00,1.192016e+00,8.512983e-01,9.472282e-01,9.496731e-01,1.088199e+00,1.153276e+00,1.479286e+00,1.066332e+00,1.194667e+00,1.176695e+00,1.181559e+00,1.052765e+00,1.004241e+00,1.852376e+00,9.354881e-01,9.655696e-01,9.729206e-01,9.868235e-01,1.026485e+00,9.918611e-01,1.257461e+00,1.242300e+00,1.237687e+00,9.563146e-01,1.109271e+00,1.112588e+00,1.173514e+00,1.002726e+00,1.092092e+00,1.359124e+00,9.772822e-01,1.066632e+00,1.044496e+00,1.792522e+00,9.808990e-01,1.075404e+00,1.041195e+00,1.013039e+00,1.038991e+00,1.020093e+00,1.066885e+00,9.109445e-01,9.960664e-01,9.949100e-01,1.217458e+00,1.166280e+00,2.254474e+00,7.500903e+00,1.021401e+01,1.006851e+01,1.116287e+00,1.138140e+00,nan,1.128716e+00,1.017757e+00,1.186959e+00,3.129923e+00,1.041866e+01,1.041866e+01,1.022678e+01,1.030784e+01,1.683164e+00,9.976871e+00,9.457617e+00,4.751033e+00,1.343967e+00,3.944501e+00,1.010008e+00,2.982278e+00,1.387345e+00,4.445712e+00,1.074282e+00,9.199441e-01,9.766504e-01,9.029984e-01,2.872534e+00,1.041866e+01,6.861302e+00,1.029465e+00,4.829995e+00,1.021740e+01,5.096013e+00,1.052105e+00,1.007489e+00,1.060476e+00,9.075247e-01,2.373169e+00,1.209311e+00,9.486061e+00,9.039949e-01,6.760681e+00,8.160556e+00,4.016374e+00,9.637782e+00,1.563574e+00,1.125071e+00,1.546249e+00,nan,1.041866e+01,5.380577e+00,nan,7.052435e+00,1.424341e+00,1.717409e+00,3.888555e+00,1.035917e+01,1.003884e+01,5.638719e+00,nan,1.041558e+01,1.022788e+01,1.000556e+01,2.043254e+00,nan,1.010511e+01,1.000140e+01,7.499748e+00,1.344815e+00,1.124193e+00,1.210817e+00,1.276094e+00,1.074777e+00,1.189919e+00,1.032514e+00,1.123327e+00,1.047603e+00,9.962514e-01,8.947495e-01,1.116962e+00,1.326216e+00,6.553557e+00,1.158924e+00,1.219561e+00,3.847356e+00,9.836309e-01,9.828209e-01,9.117597e-01,1.239614e+00,1.093182e+00,1.155160e+00,1.265661e+00,1.187974e+00,1.182131e+00,1.158153e+00,1.090252e+00,1.280019e+00,1.174535e+00,1.020352e+00,1.120125e+00,1.129104e+00,1.025087e+00,9.571580e-01,1.008399e+00,9.416908e-01,1.065664e+00,1.258711e+00,9.908871e-01,1.153097e+00,1.073835e+00,1.212357e+00,1.135104e+00,1.091515e+00,1.104537e+00,1.120501e+00,1.235569e+00,1.300821e+00,1.216441e+00,1.235512e+00,1.263251e+00,1.206295e+00,1.287669e+00,1.163995e+00,1.177901e+00,1.078561e+00,1.212463e+00,1.213123e+00,1.276636e+00,1.014498e+00,1.002328e+00,1.108046e+00,1.024144e+00,1.303150e+00,1.205613e+00,1.071186e+00,1.107538e+00,9.243013e-01,9.887785e-01,9.653606e-01,9.792583e-01,1.170750e+00
1.123077e+00,9.894665e-01,8.831470e-01,1.015939e+00,9.883063e-01,1.042910e+00,9.602489e-01,1.211320e+00,1.033444e+00,1.148607e+00,1.113757e+00,1.120180e+00,1.185797e+00,1.174321e+00,1.199150e+00,1.148838e+00,1.143572e+00,1.032116e+00,1.040716e+00,1.039296e+00,9.214020e-01,9.024938e-01,9.645424e-01,1.060942e+00,8.448101e-01,1.052629e+00,1.075998e+00,1.007081e+00,9.471844e-01,9.475124e-01,9.541145e-01,1.174393e+00,8.752962e-01,1.181383e+00,9.304729e-01,1.011432e+00,1.180322e+00,1.091547e+00,1.055792e+00,9.878655e-01,1.096258e+00,1.187498e+00,1.253155e+00,1.134210e+00,9.571695e-01,1.171528e+00,1.196514e+00,1.004095e+00,1.128362e+00,1.092935e+00,8.590715e-01,9.420016e-01,1.145747e+00,1.018887e+00,1.008888e+00,1.050619e+00,1.268924e+00,1.033585e+00,1.078571e+00,1.015991e+00,1.106481e+00,1.194394e+00,1.178351e+00,1.069790e+00,1.036049e+00,1.139303e+00,1.032222e+00,1.119522e+00,1.103034e+00,1.509530e+00,2.937826e+00,1.252072e+00,9.489708e-01,2.137272e+00,1.137573e+00,7.929450e+00,1.285252e+00,2.372108e+00,1.221312e+00,6.226217e+00,9.917042e+00,1.349670e+00,1.124012e+00,1.636529e+00,1.451673e+00,1.041866e+01,1.711429e+00,8.945638e-01,1.656878e+00,1.170062e+00,1.210093e+00,1.798513e+00,1.119812e+00,2.800572e+00,7.557455e+00,6.459352e+00,8.783482e+00,3.955181e+00,nan,1.313870e+00,1.040788e+00,1.002824e+00,4.358159e+00,1.030180e+00,1.090905e+00,5.078768e+00,1.155857e+00,9.540046e-01,9.112518e-01,8.953647e-01,9.721313e-01,1.098930e+00,1.744515e+00,1.026752e+00,1.114606e+00,1.006847e+00,1.008609e+00,6.263065e+00,nan,1.676818e+00,3.034524e+00,1.233084e+00,1.015588e+01,1.040871e+01,1.041866e+01,1.878084e+00,3.587906e+00,4.556624e+00,1.127841e+00,1.276795e+00,1.627284e+00,7.777490e+00,2.978126e+00,1.041866e+01,nan,1.374095e+00,1.079914e+00,nan,3.220779e+00,9.683057e+00,7.730078e+00,1.024446e+01,1.803507e+00,9.820727e-01,nan,1.657497e+00,3.085974e+00,1.006767e+00,1.252588e+00,9.356140e-01,8.760123e-01,9.711095e-01,9.361119e-01,9.268153e-01,9.260436e-01,1.087994e+00,2.652075e+00,2.005477e+00,1.258088e+00,2.071235e+00,1.046161e+00,9.345009e-01,9.508841e-01,9.605416e-01,9.074450e-01,9.378359e-01,9.404849e-01,1.078483e+00,9.655761e-01,9.581403e-01,1.063582e+00,9.645826e-01,9.237808e-01,9.382962e-01,9.292211e-01,9.799871e-01,9.266034e-01,1.009950e+00,1.071287e+00,8.855102e-01,1.005337e+00,9.676047e-01,1.038805e+00,9.453104e-01,9.748382e-01,9.567809e-01,9.514774e-01,8.927176e-01,1.042333e+00,1.097803e+00,9.960706e-01,8.972628e-01,9.850282e-01,1.005145e+00,9.661656e-01,9.047611e-01,8.786177e-01,9.586941e-01,9.058918e-01,9.207425e-01,9.054297e-01,9.817080e-01,9.936891e-01,1.000949e+00,1.037057e+00,9.241023e-01,9.534418e-01,8.598180e-01,8.806184e-01,9.335899e-01,1.070912e+00,9.823835e-01,1.143536e+00,1.246290e+00,1.056889e+00
9.470724e-01,1.189212e+00,1.017170e+00,9.863719e-01,8.907091e-01,1.032299e+00,9.740552e-01,1.171569e+00,9.398002e-01,9.557547e-01,1.042160e+00,9.293363e-01,8.890079e-01,9.857685e-01,8.638066e-01,9.098318e-01,9.356944e-01,9.322850e-01,1.002948e+00,9.798054e-01,9.023967e-01,9.532820e-01,8.970043e-01,1.139792e+00,9.534671e-01,1.021887e+00,9.950837e-01,9.782262e-01,9.672580e-01,9.534039e-01,9.228664e-01,1.093672e+00,9.411841e-01,1.009376e+00,9.598196e-01,9.267032e-01,1.086323e+00,1.100485e+00,9.996369e-01,2.045717e+00,1.018365e+00,9.238801e-01,9.932770e-01,1.015718e+00,1.001474e+00,1.057540e+00,1.001006e+00,1.059339e+00,1.070212e+00,9.205042e-01,9.300337e-01,9.283950e-01,8.940141e-01,1.079846e+00,9.355804e-01,1.066322e+00,1.143008e+00,9.582568e-01,8.937880e-01,9.381477e-01,1.035466e+00,8.950553e-01,9.815230e-01,8.859653e-01,9.163112e-01,1.082332e+00,1.170671e+00,1.119983e+00,1.037724e+01,1.904468e+00,9.218236e-01,3.221540e+00,1.003591e+01,1.490138e+00,1.557151e+00,nan,1.689736e+00,4.847035e+00,9.403419e+00,9.447050e-01,1.448428e+00,1.038967e+01,9.788019e+00,7.121989e+00,5.298310e+00,1.564842e+00,1.041866e+01,1.988779e+00,6.071167e+00,1.896096e+00,9.566953e-01,2.014907e+00,4.557580e+00,1.225000e+00,1.041300e+01,1.041866e+01,1.066679e+00,9.855455e-01,8.756814e+00,9.579463e+00,4.447210e+00,1.807677e+00,1.398858e+00,1.099674e+00,2.114480e+00,1.159376e+00,1.025232e+00,1.009208e+00,9.441835e-01,1.148381e+00,1.227698e+00,1.019392e+00,1.028205e+00,9.741013e-01,9.597168e-01,1.317234e+00,1.066345e+00,4.857453e+00,2.142607e+00,1.285413e+00,1.298325e+00,9.903020e-01,9.535152e+00,1.394227e+00,1.723015e+00,2.935675e+00,8.871893e-01,9.078904e-01,1.451713e+00,9.261009e+00,7.519902e+00,nan,1.429708e+00,1.081594e+00,1.346695e+00,nan,1.604874e+00,1.360943e+00,nan,3.509449e+00,9.993338e+00,1.006029e+01,9.778008e+00,3.992415e+00,1.041839e+01,1.170362e+00,5.692215e+00,nan,6.513986e+00,4.299087e+00,1.328298e+00,1.033646e+00,1.116680e+00,1.201901e+00,9.638555e-01,1.096747e+00,1.020934e+00,1.241001e+00,2.157269e+00,1.137469e+00,1.625274e+00,9.898064e-01,1.110749e+00,5.801305e+00,1.270310e+00,1.060525e+00,9.837552e-01,9.119795e-01,8.545480e-01,9.122058e-01,1.046408e+00,9.221811e-01,1.138242e+00,8.780682e-01,1.100503e+00,1.035595e+00,8.409605e-01,1.002844e+00,1.050829e+00,9.917266e-01,9.251385e-01,9.718095e-01,1.062902e+00,9.423287e-01,1.001879e+00,1.067403e+00,9.236742e-01,9.770944e-01,1.107505e+00,1.132421e+00,9.959188e-01,9.560697e-01,9.805461e-01,9.475217e-01,1.122711e+00,9.882317e-01,9.938139e-01,1.308938e+00,1.021897e+00,1.069685e+00,1.099930e+00,9.712112e-01,9.994690e-01,8.378374e-01,9.689513e-01,1.005427e+00,1.132273e+00,1.136765e+00,1.009981e+00,1.014106e+00,9.747849e-01,1.054487e+00,9.797830e-01,1.296386e+00,1.041667e+00
9.696612e-01,8.588280e-01,8.625337e-01,9.146451e-01,8.579159e-01,1.067305e+00,9.379214e-01,8.915423e-01,8.952168e-01,9.658680e-01,9.579315e-01,1.064243e+00,8.703861e-01,9.106592e-01,9.658305e-01,9.078459e-01,1.115607e+00,9.615193e-01,8.553420e-01,8.595820e-01,8.833785e-01,9.079825e-01,9.919072e-01,9.182751e-01,9.222192e-01,1.055530e+00,1.046201e+00,9.674294e-01,8.938386e-01,8.625897e-01,8.920725e-01,9.809440e-01,9.779686e-01,1.030859e+00,9.081215e-01,9.759834e-01,1.298751e+00,8.989974e-01,9.273943e-01,1.064815e+00,8.664264e-01,8.838638e-01,1.022856e+00,9.808202e-01,9.994193e-01,9.903504e-01,9.544520e-01,9.421407e-01,8.920006e-01,8.323207e-01,8.657853e-01,9.877990e-01,8.625331e-01,9.507413e-01,1.136604e+00,1.028671e+00,9.248450e-01,9.632710e-01,1.043724e+00,1.060036e+00,9.017125e-01,1.028774e+00,1.116551e+00,9.299482e-01,1.112673e+00,1.829422e+00,1.386692e+00,1.206993e+00,1.139572e+00,6.622427e+00,3.720485e+00,2.570349e+00,2.804260e+00,4.362511e+00,9.532160e+00,1.041866e+01,2.606041e+00,6.721981e+00,6.391519e+00,9.433295e+00,1.232269e+00,1.130642e+00,1.041833e+01,1.462585e+00,2.773273e+00,9.932025e-01,1.792607e+00,1.041154e+01,nan,1.366238e+00,1.078480e+00,1.039689e+00,7.209565e+00,2.470917e+00,2.075027e+00,1.041866e+01,7.637902e+00,4.846639e+00,2.965996e+00,1.329772e+00,9.678407e-01,9.531090e-01,9.098746e-01,9.340376e-01,9.106455e-01,1.001873e+00,1.156845e+00,1.099521e+00,1.013031e+00,8.747287e-01,1.049124e+00,9.340643e-01,8.836912e-01,5.564911e+00,1.093696e+00,1.010645e+00,1.167148e+00,9.792025e-01,8.563255e-01,2.630315e+00,1.090307e+00,8.683141e+00,1.226147e+00,1.009980e+00,1.125048e+00,7.418340e+00,1.000268e+01,1.600184e+00,2.644773e+00,9.137809e-01,5.663984e+00,7.855321e+00,nan,1.507015e+00,7.528475e+00,1.031144e+01,7.644032e+00,1.277287e+00,1.085450e+00,1.447964e+00,1.302711e+00,1.113611e+00,1.030385e+00,4.479781e+00,1.386842e+00,5.180213e+00,9.610314e+00,5.693072e+00,1.041103e+01,nan,1.189692e+00,1.247666e+00,9.189750e-01,1.125849e+00,9.720133e-01,1.135872e+00,9.047220e-01,1.045970e+00,8.715282e-01,1.015003e+00,1.255099e+00,1.408979e+00,9.105866e-01,8.534619e-01,8.830785e-01,9.299109e-01,1.095987e+00,1.082939e+00,9.087295e-01,9.915050e-01,9.182835e-01,1.037260e+00,8.925508e-01,9.183341e-01,8.590977e-01,9.585627e-01,9.484863e-01,9.157167e-01,9.063830e-01,8.391498e-01,9.177385e-01,1.035714e+00,9.949007e-01,9.476571e-01,1.004683e+00,1.272058e+00,1.012744e+00,1.040968e+00,9.586165e-01,1.061858e+00,1.026564e+00,9.431380e-01,1.130294e+00,9.445244e-01,9.420930e-01,9.365327e-01,8.997434e-01,9.857962e-01,8.801577e-01,8.832532e-01,8.628807e-01,8.556240e-01,9.074902e-01,9.450878e-01,9.875706e-01,1.027985e+00,9.296208e-01,9.146144e-01,9.656549e-01,9.199551e-01,1.030360e+00,9.904573e-01,1.051257e+00,1.027881e+00,1.181643e+00
1.016102e+00,9.204225e-01,1.008967e+00,9.164607e-01,9.592216e-01,9.995283e-01,9.092989e-01,1.086217e+00,1.033903e+00,8.663146e-01,9.764688e-01,1.077777e+00,8.998138e-01,1.145455e+00,9.423891e-01,9.473296e-01,1.154316e+00,1.063344e+00,9.344923e-01,9.447083e-01,1.001508e+00,1.056433e+00,9.818936e-01,1.042024e+00,1.047137e+00,1.122648e+00,1.133175e+00,1.070778e+00,1.069583e+00,1.035652e+00,9.892717e-01,1.068190e+00,1.096105e+00,1.123261e+00,1.097664e+00,9.569399e-01,1.105056e+00,1.221858e+00,1.024809e+00,1.039461e+00,1.034461e+00,1.107271e+00,1.141662e+00,1.021228e+00,9.598566e-01,9.365641e-01,9.960059e-01,1.043914e+00,1.058646e+00,1.042022e+00,1.077799e+00,1.148841e+00,1.121543e+00,1.113122e+00,1.081384e+00,1.029280e+00,9.242679e-01,9.885681e-01,1.036109e+00,9.424484e-01,1.020934e+00,1.030394e+00,1.062312e+00,9.677610e-01,1.099965e+00,2.149107e+00,2.553791e+00,1.022153e+01,nan,nan,1.041866e+01,1.041430e+01,1.126453e+00,4.517429e+00,1.091713e+00,1.256901e+00,nan,1.041286e+01,1.037615e+00,1.709129e+00,1.868645e+00,1.041866e+01,3.077538e+00,1.844476e+00,1.032930e+00,6.389336e+00,2.077377e+00,9.006388e+00,4.359960e+00,nan,5.866732e+00,1.143653e+00,1.189432e+00,4.172525e+00,9.208680e-01,1.626200e+00,4.596493e+00,1.410051e+00,9.026505e-01,1.133110e+00,1.041840e+00,1.056577e+00,1.021438e+00,1.007742e+00,1.054585e+00,9.696254e-01,1.195959e+00,9.603677e-01,9.864383e-01,1.094265e+00,9.995822e-01,1.024072e+00,5.806423e+00,9.543911e-01,1.016921e+00,1.041866e+01,1.008901e+00,9.180735e-01,3.825770e+00,1.086833e+00,9.618551e-01,1.275137e+00,1.091400e+00,1.148547e+00,4.130383e+00,1.351147e+00,4.469217e+00,1.085343e+00,1.319323e+00,1.331291e+00,1.041866e+01,2.272030e+00,1.161613e+00,1.746991e+00,3.591311e+00,1.014154e+01,9.535325e-01,1.647872e+00,6.313842e+00,1.015862e+00,8.168374e-01,1.003509e+00,1.154540e+00,1.996660e+00,nan,nan,1.138914e+00,nan,6.739361e+00,nan,9.807260e+00,1.334925e+00,1.182100e+00,1.249361e+00,1.314078e+00,9.895933e-01,1.004264e+00,1.102270e+00,9.461952e-01,9.002127e-01,1.032953e+00,1.070892e+00,1.058212e+00,1.026964e+00,1.064702e+00,1.023554e+00,8.979796e-01,9.291315e-01,9.177596e-01,8.716372e-01,9.729716e-01,9.501769e-01,8.921168e-01,9.499742e-01,9.165285e-01,1.001199e+00,9.263669e-01,9.331757e-01,1.117088e+00,9.435677e-01,8.956611e-01,9.380780e-01,8.884791e-01,9.429333e-01,9.294403e-01,1.064618e+00,9.635530e-01,1.037004e+00,9.906442e-01,9.317853e-01,1.059493e+00,9.901449e-01,9.916777e-01,8.943217e-01,1.025949e+00,9.804067e-01,9.822233e-01,1.078544e+00,9.857412e-01,8.663265e-01,1.137370e+00,1.034214e+00,8.893821e-01,1.003577e+00,1.110095e+00,1.063357e+00,1.101370e+00,9.355670e-01,9.543086e-01,9.502713e-01,9.195947e-01,9.347605e-01,9.591468e-01,1.001072e+00,1.058521e+00
1.076857e+00,1.025566e+00,1.113325e+00,9.460057e-01,9.869068e-01,1.125273e+00,9.922349e-01,9.259095e-01,1.168204e+00,1.017412e+00,8.558010e-01,8.605976e-01,8.930785e-01,8.939044e-01,9.048893e-01,9.246734e-01,1.046868e+00,8.951631e-01,9.196066e-01,9.021912e-01,1.032475e+00,8.559863e-01,1.016465e+00,1.018818e+00,9.718438e-01,9.913854e-01,9.095241e-01,8.782496e-01,9.668137e-01,1.094615e+00,1.036161e+00,1.033860e+00,1.037263e+00,1.009914e+00,1.002013e+00,1.138504e+00,9.535197e-01,9.279439e-01,9.855874e-01,1.125371e+00,9.390953e-01,9.788430e-01,9.664219e-01,9.238382e-01,1.032420e+00,9.135845e-01,1.191673e+00,1.055050e+00,9.910745e-01,8.976080e-01,8.836225e-01,1.046762e+00,9.392106e-01,9.601249e-01,9.479160e-01,1.002825e+00,9.900451e-01,9.660916e-01,1.020990e+00,9.317835e-01,9.275390e-01,1.015704e+00,1.118269e+00,5.388586e+00,2.723602e+00,7.049138e+00,5.608531e+00,9.886739e+00,1.027703e+01,nan,nan,1.041866e+01,1.041866e+01,9.391529e+00,4.009375e+00,1.013445e+01,9.801027e-01,1.048382e+00,8.084171e+00,1.617861e+00,1.041576e+01,1.117390e+00,9.779578e+00,1.023899e+01,nan,1.103468e+00,7.918996e+00,8.274022e+00,9.336743e+00,2.317836e+00,9.385060e-01,7.840378e+00,1.039700e+01,1.397270e+00,1.048215e+00,3.173246e+00,1.000623e+00,1.409977e+00,1.750352e+00,1.985186e+00,9.422622e-01,8.402945e-01,9.798262e-01,4.044448e+00,9.235358e-01,9.770032e-01,1.019434e+00,1.470568e+00,9.914050e+00,1.227222e+00,9.452437e-01,1.035221e+00,9.753401e-01,9.721227e-01,9.310914e-01,nan,1.079514e+00,1.043065e+00,1.172737e+00,1.674278e+00,1.063261e+00,1.036598e+01,4.854700e+00,1.274922e+00,1.001512e+00,1.041105e+00,3.254176e+00,2.517342e+00,nan,1.425124e+00,1.074260e+00,1.281474e+00,2.280573e+00,9.992545e-01,3.788684e+00,2.028228e+00,1.779455e+00,1.144605e+00,9.978127e-01,1.089926e+00,9.840788e-01,1.131996e+00,1.098607e+00,1.486564e+00,1.185283e+00,nan,nan,1.363608e+00,2.663419e+00,2.903770e+00,1.039463e+00,1.041866e+01,nan,nan,1.337105e+00,1.106529e+00,9.730667e-01,1.073382e+00,1.006627e+00,1.171856e+00,1.085969e+00,1.022852e+00,1.005338e+01,1.726661e+00,1.078342e+00,1.045187e+00,1.073778e+00,9.219716e-01,1.046484e+00,1.072443e+00,9.637371e-01,1.369480e+00,1.130439e+00,1.093344e+00,1.142419e+00,1.017319e+00,1.114505e+00,1.146162e+00,1.078547e+00,1.141201e+00,1.027340e+00,1.070638e+00,9.914788e-01,1.055165e+00,1.061941e+00,1.004305e+00,9.280125e-01,9.753270e-01,1.098654e+00,1.133532e+00,1.136306e+00,1.065527e+00,1.023735e+00,1.144099e+00,1.112210e+00,1.008574e+00,9.824327e-01,1.275916e+00,1.008519e+00,1.139514e+00,1.096260e+00,1.044547e+00,9.811804e-01,1.005491e+00,1.017879e+00,1.001906e+00,1.068770e+00,1.095292e+00,1.096391e+00,1.205659e+00,1.016989e+00,1.130290e+00,1.130901e+00,1.134432e+00,1.289613e+00
1.268278e+00,1.059964e+00,1.105806e+00,1.065582e+00,1.247866e+00,1.161769e+00,1.204030e+00,1.121865e+00,1.065971e+00,1.108859e+00,1.120761e+00,1.020742e+00,1.205508e+00,1.029137e+00,1.257092e+00,1.045664e+00,1.029785e+00,1.104391e+00,1.246611e+00,1.359688e+00,1.148362e+00,1.336068e+00,1.230493e+00,1.083644e+00,1.187479e+00,1.083196e+00,9.490951e-01,1.141303e+00,1.203053e+00,1.059216e+00,1.053585e+00,1.102821e+00,1.244458e+00,1.370038e+00,1.110362e+00,1.120645e+00,1.034681e+00,1.101489e+00,1.118681e+00,1.098990e+00,1.145777e+00,1.093246e+00,1.069038e+00,1.111183e+00,1.122827e+00,1.130588e+00,9.944293e-01,1.026207e+00,1.014689e+00,9.932200e-01,1.086428e+00,1.171900e+00,1.063712e+00,1.155024e+00,1.056212e+00,1.087493e+00,1.085258e+00,9.507382e-01,1.254458e+00,1.071202e+00,1.093320e+00,1.044577e+00,9.831991e-01,5.177761e+00,1.433924e+00,7.215189e+00,1.316740e+00,4.776856e+00,nan,nan,1.041866e+01,1.014194e+01,1.129340e+00,2.780185e+00,3.467649e+00,3.186851e+00,9.359849e+00,1.209987e+00,2.157737e+00,1.553854e+00,1.041866e+01,1.208835e+00,1.225335e+00,1.160117e+00,1.041866e+01,1.456473e+00,1.235756e+00,1.062156e+00,4.760965e+00,1.033993e+01,nan,9.484420e+00,1.026076e+00,1.077725e+00,1.046076e+00,1.684036e+00,9.574300e-01,2.100184e+00,1.603105e+00,9.935945e-01,1.254217e+00,1.203912e+00,1.137640e+00,1.100165e+00,1.089133e+00,1.020424e+00,1.003263e+00,1.067101e+00,9.966999e-01,1.158244e+00,1.207634e+00,1.038363e+00,1.158144e+00,1.035442e+00,1.158259e+00,1.077378e+00,3.433214e+00,8.897570e+00,1.103124e+00,1.032853e+00,1.224815e+00,5.476928e+00,1.487550e+00,9.047384e+00,1.014751e+00,1.072520e+00,1.043933e+00,1.041866e+01,9.454905e-01,9.966936e-01,9.906505e-01,1.234702e+00,1.070071e+00,1.066076e+00,2.595401e+00,8.416399e+00,9.672195e-01,9.167355e-01,9.895558e-01,1.145144e+00,1.240192e+00,1.071277e+00,1.208209e+00,1.967054e+00,nan,3.997078e+00,1.038297e+01,8.643241e+00,nan,1.041866e+01,6.849685e+00,nan,nan,7.877594e+00,1.670739e+00,3.231476e+00,1.064927e+00,1.090583e+00,1.011041e+00,1.021651e+00,1.015736e+00,9.464465e-01,1.217160e+00,1.078763e+00,9.908647e+00,2.029738e+00,1.132524e+00,1.023892e+00,1.086403e+00,1.374103e+00,1.129955e+00,1.113730e+00,1.116431e+00,1.160780e+00,1.164941e+00,1.248582e+00,1.131849e+00,1.096798e+00,1.214151e+00,1.252736e+00,1.111830e+00,1.154196e+00,1.242856e+00,1.045963e+00,1.178095e+00,1.140748e+00,1.025384e+00,1.137093e+00,1.118226e+00,1.197158e+00,1.163749e+00,1.178530e+00,1.033888e+00,1.008351e+00,1.103058e+00,1.144644e+00,1.106320e+00,1.215623e+00,1.119931e+00,1.112170e+00,1.167377e+00,9.553271e-01,1.148819e+00,1.156337e+00,1.140024e+00,1.116078e+00,1.250224e+00,1.096904e+00,1.065833e+00,1.096948e+00,1.184273e+00,1.161538e+00,1.195167e+00,1.059208e+00,1.071613e+00
1.162959e+00,1.198536e+00,1.138603e+00,1.328816e+00,1.147246e+00,1.327766e+00,1.184884e+00,1.104552e+00,1.067728e+00,1.198918e+00,1.175984e+00,1.132282e+00,1.150914e+00,1.212572e+00,1.218566e+00,1.131887e+00,1.101684e+00,1.127693e+00,1.178834e+00,1.164844e+00,1.126115e+00,1.175699e+00,1.168874e+00,1.173545e+00,1.075961e+00,1.223371e+00,9.700947e-01,9.905080e-01,1.157571e+00,1.280200e+00,1.058284e+00,1.406479e+00,1.134504e+00,9.867668e-01,1.091067e+00,1.139566e+00,1.086848e+00,1.145302e+00,1.119664e+00,1.118271e+00,1.193657e+00,1.056386e+00,1.159027e+00,1.070396e+00,1.033315e+00,1.140436e+00,1.114890e+00,1.093697e+00,9.655765e-01,2.552436e+00,1.081361e+00,1.062115e+00,1.012442e+00,1.143532e+00,1.122027e+00,1.027654e+00,1.148970e+00,1.116593e+00,1.002156e+00,1.229854e+00,5.964411e+00,1.183092e+00,4.877044e+00,4.234194e+00,1.007727e+01,7.633782e+00,9.931673e-01,1.041496e+01,9.199839e+00,9.914809e+00,1.275969e+00,1.152015e+00,1.161374e+00,9.798851e+00,5.741408e+00,1.077369e+00,1.461519e+00,1.137217e+00,1.727358e+00,1.017826e+00,6.911664e+00,1.198012e+00,9.898010e-01,1.127903e+00,1.117000e+00,9.680777e-01,3.189923e+00,nan,1.098956e+00,7.295617e+00,1.057545e+00,2.408969e+00,1.006779e+00,1.112920e+00,1.298207e+00,1.090564e+00,1.008257e+00,1.087450e+00,1.012424e+00,1.484325e+00,1.155876e+00,1.115685e+00,1.206415e+00,1.166459e+00,1.139665e+00,1.149237e+00,1.189784e+00,1.166131e+00,4.708052e+00,1.019773e+00,1.116780e+00,1.132924e+00,1.067515e+00,1.137288e+00,1.023586e+00,1.166490e+00,1.075163e+00,1.089904e+00,1.104585e+00,1.065661e+00,1.078967e+00,1.167216e+00,1.066376e+00,7.827302e+00,1.255766e+00,7.558150e+00,3.494777e+00,1.100239e+00,1.002626e+01,1.139032e+00,2.766180e+00,2.540965e+00,4.105937e+00,7.844238e+00,1.301384e+00,2.618375e+00,1.802953e+00,1.211424e+00,1.216823e+00,1.063791e+00,1.055170e+00,1.110603e+00,1.125720e+00,1.064668e+00,3.529429e+00,1.348948e+00,9.592177e+00,1.446105e+00,9.422772e+00,1.030844e+01,1.652021e+00,1.095359e+00,1.041594e+01,3.311189e+00,1.026789e+01,5.798761e+00,1.347974e+00,9.773235e-01,1.069790e+00,1.066994e+00,1.047689e+00,1.140611e+00,1.137459e+00,1.086071e+00,1.231449e+00,9.949233e-01,6.604996e+00,6.235079e+00,1.213277e+00,1.224487e+00,1.041736e+00,1.120337e+00,1.233499e+00,1.156447e+00,1.120951e+00,1.175152e+00,1.233608e+00,1.093253e+00,1.225063e+00,1.214535e+00,1.089993e+00,1.040833e+00,1.160510e+00,1.140478e+00,1.043998e+00,1.100297e+00,1.283581e+00,1.088318e+00,1.162258e+00,1.178979e+00,1.191367e+00,1.232034e+00,1.184746e+00,1.110798e+00,1.083834e+00,1.152551e+00,1.072342e+00,1.117927e+00,1.093428e+00,1.064574e+00,1.125192e+00,1.391817e+00,1.175716e+00,1.122772e+00,1.071285e+00,1.060459e+00,1.138103e+00,1.082907e+00,1.250572e+00,1.196714e+00,1.144127e+00,1.384429e+00,1.254372e+00,1.236362e+00,1.114596e+00
1.133175e+00,1.240850e+00,1.189119e+00,1.325970e+00,1.135423e+00,1.083513e+00,1.173495e+00,1.314734e+00,1.115813e+00,1.089384e+00,1.080208e+00,1.147363e+00,1.088681e+00,1.006764e+00,1.270501e+00,1.170841e+00,1.275017e+00,1.177122e+00,1.153316e+00,1.111876e+00,1.287346e+00,1.214623e+00,1.020064e+00,1.052047e+00,1.231529e+00,1.042388e+00,1.080203e+00,1.083148e+00,1.235207e+00,1.031736e+00,1.139561e+00,1.202761e+00,1.159248e+00,1.184387e+00,1.122456e+00,1.236735e+00,1.227964e+00,1.148293e+00,1.130951e+00,1.084980e+00,9.756902e-01,1.054049e+00,1.057236e+00,1.073770e+00,1.363529e+00,1.202635e+00,1.285728e+00,1.259523e+00,1.090175e+00,1.299539e+00,1.185347e+00,1.100347e+00,1.003217e+00,1.159654e+00,1.169728e+00,1.185545e+00,1.032246e+00,1.264049e+00,1.385618e+00,1.004411e+01,1.057969e+00,2.632447e+00,9.740009e+00,1.016515e+00,3.044647e+00,1.127410e+00,1.091349e+00,1.101443e+00,4.561335e+00,1.123928e+00,1.555568e+00,9.852707e-01,1.508735e+00,1.041866e+01,1.144219e+00,1.210378e+00,1.305861e+00,1.041866e+01,1.000276e+01,nan,1.002907e+01,9.156072e+00,1.677628e+00,1.257502e+00,1.021840e+00,1.079377e+00,6.580701e+00,1.013600e+00,9.251444e-01,1.120865e+00,1.019008e+00,1.099043e+00,1.089671e+00,1.453003e+00,1.589681e+00,1.052783e+00,1.115322e+00,9.710848e-01,1.095017e+00,1.419573e+00,1.189425e+00,1.111877e+00,1.130578e+00,1.248298e+00,1.129152e+00,1.087714e+00,1.080025e+00,1.200940e+00,1.199462e+00,1.236201e+00,1.148632e+00,1.073405e+00,1.055107e+00,1.299878e+00,1.147917e+00,1.185260e+00,1.125234e+00,1.456507e+00,9.913365e-01,9.682595e-01,1.148338e+00,1.305031e+00,1.037251e+00,1.035200e+00,1.062119e+00,1.038759e+00,1.133020e+00,1.054270e+00,2.367668e+00,1.224475e+00,9.662571e-01,2.256632e+00,1.139294e+00,1.142046e+00,1.353585e+00,5.847632e+00,1.242609e+00,1.161345e+00,1.128870e+00,1.123674e+00,1.020296e+00,1.415787e+00,1.108421e+00,1.058596e+00,1.030355e+00,1.205719e+00,1.323561e+00,1.248705e+00,7.103524e+00,9.949236e+00,nan,1.041866e+01,1.653353e+00,1.041866e+01,nan,9.852650e+00,1.833046e+00,9.842135e+00,4.580760e+00,7.738297e+00,1.147211e+00,1.201824e+00,1.193436e+00,1.220070e+00,1.121230e+00,1.145837e+00,1.459112e+00,1.104011e+00,1.209020e+00,1.204717e+00,1.101052e+00,9.630946e-01,9.707895e-01,1.332049e+00,1.157747e+00,1.213144e+00,9.986023e-01,1.373085e+00,1.168636e+00,1.020988e+00,1.182964e+00,1.142007e+00,1.112173e+00,1.227518e+00,1.121812e+00,1.119064e+00,1.288715e+00,1.032412e+00,1.093373e+00,1.235811e+00,1.338234e+00,1.380999e+00,1.077929e+00,1.189872e+00,1.119357e+00,1.215577e+00,1.205838e+00,1.095389e+00,1.272126e+00,1.126661e+00,1.229802e+00,1.112110e+00,1.254700e+00,1.141430e+00,1.273169e+00,1.161085e+00,1.315108e+00,1.180313e+00,1.225328e+00,1.182843e+00,1.277964e+00,1.198928e+00,1.180726e+00,1.121471e+00,1.212337e+00
1.055495e+00,1.107498e+00,1.044966e+00,1.051302e+00,1.098760e+00,1.037502e+00,1.231733e+00,1.131985e+00,1.234769e+00,1.144554e+00,1.100042e+00,1.171891e+00,8.996273e-01,1.064805e+00,1.147620e+00,1.252066e+00,1.012443e+00,9.850993e-01,1.046366e+00,1.108228e+00,1.296660e+00,1.045343e+00,1.240415e+00,1.126943e+00,1.178556e+00,1.012382e+00,1.191689e+00,1.061868e+00,1.082075e+00,1.253950e+00,1.077675e+00,1.183144e+00,1.119606e+00,1.153405e+00,1.230424e+00,1.114372e+00,1.252366e+00,1.121426e+00,1.198148e+00,1.097410e+00,1.055952e+00,9.883720e-01,1.140801e+00,1.448725e+00,1.217667e+00,1.046734e+00,1.137818e+00,1.162758e+00,1.182585e+00,1.146482e+00,1.079787e+00,1.150466e+00,1.119278e+00,1.134358e+00,1.104388e+00,1.129795e+00,1.077818e+00,9.624867e-01,1.241527e+00,1.041866e+01,1.022798e+01,1.673569e+00,1.169379e+00,1.128379e+00,1.122351e+00,7.032460e+00,1.309086e+00,1.133906e+00,1.018549e+00,1.064607e+00,8.453686e+00,1.155484e+00,1.015561e+00,7.736666e+00,1.221453e+00,1.290263e+00,1.091525e+00,2.175483e+00,3.194279e+00,2.752704e+00,1.361021e+00,1.222610e+00,1.001278e+01,1.559803e+00,1.040488e+01,1.037643e+01,1.452388e+00,1.053120e+00,1.110626e+00,9.531383e+00,1.041866e+01,1.041795e+01,1.672494e+00,1.207345e+00,1.257975e+00,1.086949e+00,1.148741e+00,1.129632e+00,1.029951e+00,1.091656e+00,1.163739e+00,1.037032e+00,1.100172e+00,1.171202e+00,1.187691e+00,1.314018e+00,1.140743e+00,1.362315e+00,1.014814e+00,1.296752e+00,1.119412e+00,1.099813e+00,1.172947e+00,1.083652e+00,1.175786e+00,1.106830e+00,1.171710e+00,1.061119e+00,1.320079e+00,1.059374e+00,1.017535e+01,1.120785e+00,2.207246e+00,1.132520e+00,1.071882e+00,1.137643e+00,2.646551e+00,1.249547e+00,1.008521e+00,1.376799e+00,1.944203e+00,1.280707e+00,1.091639e+00,1.029428e+00,1.818970e+00,5.209863e+00,1.198029e+00,1.084258e+00,1.202587e+00,1.114277e+00,1.246070e+00,1.129618e+00,1.307151e+00,1.167929e+00,1.082167e+00,1.111734e+00,1.276699e+00,1.059916e+00,1.126828e+00,1.204240e+00,5.257210e+00,5.676055e+00,1.330262e+00,nan,nan,1.041660e+01,nan,1.565821e+00,nan,nan,1.086690e+00,2.673996e+00,1.181825e+00,1.203308e+00,1.127831e+00,1.185227e+00,1.330801e+00,7.258111e+00,1.078652e+00,8.213116e+00,1.170723e+00,1.131026e+00,1.140878e+00,1.114935e+00,1.087433e+00,1.192786e+00,1.130880e+00,1.112596e+00,1.163131e+00,1.130876e+00,1.052494e+00,1.107727e+00,1.166602e+00,1.129950e+00,1.070182e+00,1.102125e+00,1.004018e+00,1.043248e+00,9.760255e-01,1.220266e+00,1.085125e+00,1.213534e+00,1.109067e+00,1.170664e+00,1.219851e+00,1.134114e+00,1.023665e+00,1.110602e+00,1.204545e+00,1.119375e+00,1.083708e+00,1.175505e+00,9.587530e-01,9.642910e-01,1.012134e+00,1.119883e+00,1.198244e+00,1.092884e+00,1.150445e+00,1.111942e+00,1.163432e+00,1.149620e+00,1.039077e+00,1.243293e+00,1.206521e+00
1.001480e+00,1.017971e+00,1.075593e+00,1.176300e+00,1.144060e+00,1.233456e+00,1.119841e+00,1.216944e+00,1.245684e+00,1.138726e+00,1.055169e+00,1.161659e+00,1.024722e+00,1.139716e+00,1.157696e+00,1.183942e+00,1.017079e+00,1.067226e+00,1.120701e+00,1.057075e+00,1.011847e+00,9.699675e-01,1.032294e+00,1.125553e+00,1.323852e+00,1.126463e+00,1.190868e+00,1.164841e+00,1.195191e+00,1.110825e+00,1.188643e+00,1.185410e+00,1.045634e+00,1.196784e+00,1.058859e+00,1.125460e+00,1.106821e+00,1.172106e+00,1.091377e+00,1.206335e+00,1.348577e+00,1.088549e+00,1.277167e+00,1.169247e+00,1.057662e+00,1.142518e+00,1.149816e+00,1.196947e+00,1.104832e+00,1.097313e+00,1.176027e+00,1.206712e+00,1.293946e+00,1.133114e+00,1.159369e+00,1.072783e+00,1.133203e+00,1.112210e+00,4.949621e+00,1.945868e+00,1.038432e+01,nan,nan,nan,2.082721e+00,1.704012e+00,1.476491e+00,5.155472e+00,1.405972e+00,1.503557e+00,1.270601e+00,1.318804e+00,1.356203e+00,1.041866e+01,1.163537e+00,1.110089e+00,1.307930e+00,1.417267e+00,nan,3.154950e+00,2.913396e+00,2.269982e+00,3.706182e+00,nan,nan,9.865095e+00,1.139807e+00,3.873021e+00,1.131393e+00,9.742580e-01,1.039954e+00,1.382159e+00,1.022130e+00,9.275281e-01,1.220915e+00,1.034696e+01,1.015346e+00,1.377708e+00,3.776696e+00,1.144988e+00,1.278886e+00,1.011580e+00,1.109718e+00,1.064569e+00,1.224462e+00,1.058631e+00,9.755329e-01,1.246356e+00,1.103214e+00,1.023656e+00,1.139390e+00,1.112178e+00,1.104626e+00,1.042633e+00,1.074432e+00,1.063926e+00,1.130462e+00,2.176834e+00,2.729372e+00,1.075853e+00,1.667906e+00,1.001074e+00,1.174182e+00,1.325178e+00,1.041232e+01,3.919730e+00,1.060813e+00,1.113970e+00,1.176253e+00,1.186263e+00,8.741962e+00,1.148567e+00,1.208905e+00,1.630077e+00,1.144519e+00,1.884217e+00,1.163918e+00,1.191628e+00,1.141836e+00,1.094604e+00,1.123134e+00,1.095666e+00,1.002635e+00,1.073139e+00,1.320157e+00,1.172384e+00,1.214309e+00,1.249076e+00,1.146560e+00,1.677970e+00,1.570903e+00,1.020250e+00,1.037654e+01,nan,1.576353e+00,1.041293e+01,nan,nan,1.373766e+00,nan,9.888089e+00,1.149092e+00,4.034578e+00,1.102883e+00,1.047680e+00,1.119930e+00,1.103704e+00,1.206740e+00,1.142259e+00,1.197141e+00,1.244823e+00,1.379136e+00,1.127124e+00,1.130284e+00,1.297914e+00,1.093512e+00,1.152121e+00,1.221993e+00,1.175942e+00,1.181193e+00,1.088344e+00,1.166116e+00,1.174044e+00,1.065434e+00,1.199949e+00,1.121860e+00,1.146354e+00,1.384388e+00,1.215271e+00,1.128987e+00,1.246093e+00,1.107592e+00,1.081181e+00,1.111442e+00,1.222730e+00,1.180112e+00,1.197498e+00,1.072152e+00,1.210454e+00,1.129376e+00,1.216282e+00,1.180588e+00,1.086479e+00,1.118593e+00,1.182925e+00,1.169997e+00,1.313035e+00,1.155317e+00,1.167390e+00,1.152607e+00,1.392982e+00,1.236937e+00,1.125591e+00,1.057188e+00,1.160881e+00
1.149732e+00,1.037006e+00,1.155810e+00,1.238180e+00,1.111360e+00,1.068378e+00,1.073730e+00,1.222964e+00,1.149103e+00,1.327960e+00,1.129292e+00,1.067832e+00,1.235220e+00,1.142586e+00,1.082408e+00,1.139665e+00,1.122251e+00,9.762236e-01,1.171806e+00,1.228960e+00,1.275717e+00,1.225701e+00,1.195836e+00,1.095218e+00,1.070594e+00,1.099865e+00,1.166511e+00,1.126228e+00,1.215135e+00,1.102816e+00,1.139418e+00,1.117231e+00,1.116632e+00,1.094718e+00,1.262112e+00,1.227116e+00,1.179815e+00,1.065885e+00,1.180356e+00,1.222217e+00,1.142310e+00,1.165562e+00,1.092790e+00,1.067244e+00,1.191110e+00,1.147772e+00,1.255573e+00,1.231625e+00,1.054846e+00,1.196034e+00,1.075728e+00,1.081295e+00,1.290769e+00,1.012911e+00,1.022530e+00,1.088970e+00,1.179216e+00,1.253286e+00,1.217338e+00,1.149315e+00,1.288157e+00,1.048154e+00,4.602500e+00,1.771959e+00,2.846340e+00,1.078737e+00,3.709632e+00,1.258579e+00,6.965775e+00,2.840047e+00,1.116819e+00,9.717784e-01,1.037304e+01,1.234319e+00,1.047608e+00,1.110239e+00,1.127986e+00,1.136099e+00,1.014716e+00,9.376848e-01,1.041866e+01,8.270737e+00,1.152031e+00,9.637958e+00,1.458547e+00,8.077790e+00,1.111303e+00,1.113772e+00,9.993500e-01,1.137266e+00,1.113500e+00,1.063804e+00,1.480696e+00,1.397570e+00,9.448736e+00,1.478229e+00,1.159474e+00,1.045595e+00,1.824108e+00,1.032417e+00,1.251476e+00,1.153406e+00,5.260881e+00,1.209876e+00,1.123891e+00,1.057261e+00,1.022968e+00,1.105122e+00,1.606231e+00,1.104964e+00,1.215855e+00,1.193880e+00,1.206546e+00,1.142280e+00,1.122748e+00,1.187002e+00,1.070411e+00,3.964159e+00,1.090280e+00,1.192832e+00,9.643158e-01,1.025424e+00,1.212686e+00,1.087592e+00,1.249057e+00,1.113051e+00,1.183078e+00,1.067802e+00,1.107615e+00,6.024886e+00,1.206570e+00,1.084542e+00,1.045695e+00,1.111537e+00,1.102066e+00,1.007064e+00,1.135798e+00,1.242438e+00,1.159490e+00,1.229621e+00,1.026957e+00,1.276909e+00,4.180699e+00,1.136902e+00,1.087729e+00,1.091896e+00,1.183984e+00,1.187128e+00,1.168783e+00,1.239047e+00,8.796539e+00,1.477434e+00,1.022112e+01,5.897911e+00,nan,nan,3.449384e+00,nan,1.041056e+01,2.333999e+00,1.041866e+01,nan,4.242969e-01,1.235720e+00,1.105236e+00,1.424714e+00,1.228738e+00,1.137809e+00,1.160727e+00,1.111417e+00,4.631698e+00,1.120066e+00,1.123523e+00,1.088394e+00,1.188037e+00,1.014869e+00,1.102576e+00,1.251860e+00,1.245191e+00,1.285842e+00,1.009047e+00,1.101133e+00,1.085484e+00,1.082018e+00,1.198232e+00,1.117725e+00,1.081385e+00,1.104912e+00,1.117670e+00,1.179895e+00,1.067374e+00,1.154372e+00,1.122404e+00,1.122702e+00,1.096607e+00,1.167379e+00,1.077797e+00,1.103866e+00,1.171764e+00,1.193289e+00,1.070959e+00,1.084093e+00,1.094540e+00,1.313266e+00,1.251458e+00,1.396257e+00,1.128181e+00,1.076491e+00,1.071137e+00,1.089869e+00,1.073999e+00,1.276009e+00,1.247539e+00,1.130687e+00,1.136571e+00
1.126268e+00,1.214365e+00,1.122141e+00,1.195596e+00,1.111476e+00,1.119394e+00,1.135872e+00,1.129290e+00,1.068345e+00,1.038228e+00,1.116760e+00,1.114336e+00,1.047912e+00,1.033567e+00,1.268215e+00,1.125567e+00,1.130280e+00,1.298219e+00,1.174802e+00,9.937129e-01,1.203706e+00,1.504915e+00,1.032647e+00,1.301507e+00,1.108772e+00,1.132537e+00,1.275768e+00,1.126293e+00,1.163405e+00,1.037053e+00,1.143289e+00,1.207699e+00,1.255179e+00,1.165171e+00,1.146904e+00,1.260106e+00,1.283853e+00,1.309883e+00,1.051336e+00,1.076219e+00,1.097703e+00,1.030746e+00,1.050608e+00,1.149891e+00,1.188897e+00,1.043033e+00,1.021324e+00,1.223377e+00,1.171606e+00,1.132719e+00,1.337120e+00,1.172373e+00,1.084013e+00,1.592097e+00,1.064857e+00,9.964885e-01,1.165117e+00,1.171569e+00,2.375720e+00,nan,3.157141e+00,1.041834e+01,1.153258e+00,1.143953e+00,1.160046e+00,1.297299e+00,9.641751e+00,4.811175e+00,9.338186e+00,1.174040e+00,1.176020e+00,4.048879e+00,9.729449e+00,1.114278e+00,1.193228e+00,1.167149e+00,1.057385e+00,1.149693e+00,9.685387e+00,1.232037e+00,1.028516e+01,1.089582e+00,1.170244e+00,1.041866e+01,3.410090e+00,4.659164e+00,1.067948e+00,1.096244e+00,1.142440e+00,1.190685e+00,1.060354e+00,1.164646e+00,1.137253e+00,1.188739e+00,1.074240e+00,1.171918e+00,1.221260e+00,1.069044e+00,1.159070e+00,9.494980e-01,1.132996e+00,1.750422e+00,1.497299e+00,2.415885e+00,9.246076e+00,1.124536e+00,1.026975e+00,1.304026e+00,1.088531e+00,1.186664e+00,1.193397e+00,1.226596e+00,1.027428e+00,1.055493e+00,1.276273e+00,6.365797e+00,1.095993e+00,2.983622e+00,1.295833e+00,1.007779e+00,1.270718e+00,1.154518e+00,1.070849e+00,1.249627e+00,1.183404e+00,1.321501e+00,1.088573e+00,1.230415e+00,1.039984e+00,1.075498e+00,1.026981e+00,1.153562e+00,1.248399e+00,1.102275e+00,1.178486e+00,1.157477e+00,1.092208e+00,1.162668e+00,1.112118e+00,1.085648e+00,1.246176e+00,1.051461e+00,1.184549e+00,1.155203e+00,1.395155e+00,1.264199e+00,1.070725e+00,1.243628e+00,1.122436e+00,5.369329e+00,1.085950e+00,1.170346e+00,9.605704e+00,1.108713e+00,1.715295e+00,1.123483e+00,9.010179e+00,2.151342e+00,1.317236e+00,1.768452e+00,1.041866e+01,2.742146e+00,9.231902e+00,6.644402e+00,1.086509e+00,1.019850e+00,1.164790e+00,1.212635e+00,1.146892e+00,1.028921e+00,1.176109e+00,3.893972e+00,1.000414e+00,1.138629e+00,1.284344e+00,1.106247e+00,1.151886e+00,1.059417e+00,1.169305e+00,1.234918e+00,1.086280e+00,1.068769e+00,1.057893e+00,9.503777e-01,1.105994e+00,1.163787e+00,1.391240e+00,1.058056e+00,1.080219e+00,1.134099e+00,1.113014e+00,9.966521e-01,1.129111e+00,1.191981e+00,1.027255e+00,1.370323e+00,1.127806e+00,1.104703e+00,1.040815e+00,1.154752e+00,1.174006e+00,1.093311e+00,1.025293e+00,1.267150e+00,1.168197e+00,1.195295e+00,1.122040e+00,1.146753e+00,1.191197e+00,1.282343e+00,1.040401e+00,1.105673e+00,1.069348e+00,1.056072e+00,9.927125e-01
1.083873e+00,1.084204e+00,1.135561e+00,1.176015e+00,1.047780e+00,9.918160e-01,1.219877e+00,1.048367e+00,1.135659e+00,1.232286e+00,1.086760e+00,1.164912e+00,1.050913e+00,1.091319e+00,1.169405e+00,1.150321e+00,1.002399e+00,1.112564e+00,1.241299e+00,1.158900e+00,1.133573e+00,1.203605e+00,1.246918e+00,1.140611e+00,1.230688e+00,1.107453e+00,1.271903e+00,1.122335e+00,1.153536e+00,1.079469e+00,1.024723e+00,1.241052e+00,1.204773e+00,1.045068e+00,1.127464e+00,1.130837e+00,1.161542e+00,1.118120e+00,1.155611e+00,1.023583e+00,1.131283e+00,1.019285e+00,1.160544e+00,1.169851e+00,9.651415e-01,1.061738e+00,1.104654e+00,1.253016e+00,1.105197e+00,9.338351e-01,1.177212e+00,1.255816e+00,1.203571e+00,1.072010e+00,1.238719e+00,4.015896e+00,3.031887e+00,5.385753e+00,9.726348e+00,2.496673e+00,1.667837e+00,1.207871e+00,1.107317e+00,9.368269e-01,1.111174e+00,1.248597e+00,7.032834e+00,4.405847e+00,1.019113e+00,1.183776e+00,1.184658e+00,1.124897e+00,1.065701e+00,1.079710e+00,7.537215e+00,9.560163e-01,9.202168e+00,1.169816e+00,5.223659e+00,1.060716e+00,9.625221e+00,1.156517e+00,1.034493e+00,1.189680e+00,1.891229e+00,1.186401e+00,1.100721e+00,1.141972e+00,9.898551e-01,1.124963e+00,9.396684e+00,1.123850e+00,1.252164e+00,1.215845e+00,1.172581e+00,1.107056e+00,1.059110e+00,1.330823e+00,9.943426e-01,3.635563e+00,1.079456e+00,1.589968e+00,1.077604e+00,1.042193e+00,5.812488e+00,8.836953e+00,nan,1.005181e+00,1.115512e+00,1.317550e+00,9.607783e-01,9.847930e+00,1.256322e+00,2.271015e+00,4.991225e+00,9.530056e+00,2.057289e+00,1.147177e+00,1.030401e+00,5.860873e+00,1.011595e+00,1.189100e+00,1.319348e+00,5.242587e+00,1.222359e+00,1.189061e+00,1.035931e+00,1.237394e+00,1.079877e+00,1.065650e+00,1.126487e+00,1.174394e+00,1.082352e+00,1.015352e+00,1.125086e+00,1.067854e+00,1.058916e+00,1.158553e+00,1.246535e+00,1.161709e+00,9.872651e-01,1.373602e+00,1.065529e+00,1.118879e+00,1.115372e+00,9.959168e-01,1.001878e+00,1.228322e+00,1.159938e+00,1.151988e+00,1.146369e+00,1.179829e+00,nan,1.061090e+00,1.041866e+01,nan,6.929466e+00,9.068366e+00,1.014476e+01,1.293681e+00,nan,7.193819e+00,1.799939e+00,6.137161e+00,2.190193e+00,3.464504e+00,1.101159e+00,1.219197e+00,1.198146e+00,1.070303e+00,1.023075e+00,1.021499e+00,9.688703e+00,1.287458e+00,1.008974e+00,1.030485e+00,9.922464e-01,1.243945e+00,1.243729e+00,1.130241e+00,1.013536e+00,1.029237e+00,9.888777e-01,1.197670e+00,1.263220e+00,1.132657e+00,1.040022e+00,1.100938e+00,1.099818e+00,1.093603e+00,1.078806e+00,1.084270e+00,1.003238e+00,1.086283e+00,1.129185e+00,1.030246e+00,1.295466e+00,1.151411e+00,1.114042e+00,1.035131e+00,1.181869e+00,1.018904e+00,1.147409e+00,9.518061e-01,1.165986e+00,1.080949e+00,1.095814e+00,1.197476e+00,1.062069e+00,1.000040e+00,1.160377e+00,1.139556e+00,1.264413e+00,1.118912e+00,1.021553e+00
1.143069e+00,1.072863e+00,1.181319e+00,1.069560e+00,1.151719e+00,1.139559e+00,1.187982e+00,1.088013e+00,9.776091e-01,1.012482e+00,9.888764e-01,1.213268e+00,1.147800e+00,1.153445e+00,1.017194e+00,1.035227e+00,1.136577e+00,1.017265e+00,1.042201e+00,1.076849e+00,1.153292e+00,1.006966e+00,1.080527e+00,1.175940e+00,1.222552e+00,1.178230e+00,1.015424e+00,1.107086e+00,9.618188e-01,1.118762e+00,1.082096e+00,1.063861e+00,1.141241e+00,1.149984e+00,1.104699e+00,1.229934e+00,1.220770e+00,1.415192e+00,1.089845e+00,1.228949e+00,1.234192e+00,1.094473e+00,1.056776e+00,1.110968e+00,9.885760e-01,1.222830e+00,1.244590e+00,1.059161e+00,1.153206e+00,1.069684e+00,1.126924e+00,1.103154e+00,1.079432e+00,2.274053e+00,1.227162e+00,3.309639e+00,9.943617e+00,1.104030e+00,1.400901e+00,9.997856e-01,8.138108e+00,nan,2.231476e+00,1.187522e+00,2.800888e+00,1.656174e+00,1.093681e+00,1.065845e+00,9.449510e+00,9.931834e+00,1.097415e+00,1.095927e+00,1.416977e+00,1.009760e+00,9.896851e-01,1.147236e+00,1.128396e+00,2.159123e+00,1.193518e+00,1.027304e+00,1.270193e+00,1.000030e+00,1.229175e+00,1.161259e+00,3.438185e+00,9.354039e+00,1.150510e+00,1.172685e+00,1.072806e+00,1.019919e+00,1.025932e+00,4.536058e+00,2.466645e+00,1.174225e+00,1.670668e+00,nan,5.135839e+00,2.378065e+00,1.009672e+00,1.067215e+00,9.988903e-01,1.227703e+00,1.205971e+00,1.131040e+00,1.296525e+00,1.408770e+00,1.099641e+00,1.093543e+00,1.105104e+00,1.199748e+00,7.651511e+00,1.040332e+01,8.843339e+00,1.019613e+00,6.178162e+00,1.045720e+00,1.131659e+00,1.510650e+00,1.221447e+00,3.530756e+00,2.150487e+00,1.271921e+00,1.009033e+00,1.605989e+00,2.116754e+00,2.881066e+00,1.021325e+00,1.239076e+00,1.646471e+00,1.076982e+00,1.238080e+00,1.090741e+00,1.238803e+00,1.242358e+00,1.265687e+00,1.220708e+00,1.315376e+00,1.013705e+00,1.274659e+00,1.040752e+00,1.460732e+00,1.072073e+00,1.164385e+00,1.077449e+00,1.096793e+00,1.227868e+00,1.000161e+00,1.018152e+00,1.093749e+00,8.325392e+00,1.488864e+00,1.265051e+00,1.015221e+01,1.041866e+01,1.309406e+00,1.047621e+00,6.582002e+00,nan,1.028543e+01,8.383115e+00,7.605562e+00,1.615368e+00,1.081046e+00,2.057347e+00,9.299174e+00,1.588475e+00,1.395404e+00,1.154509e+00,1.065845e+00,1.066482e+00,1.155963e+00,1.146479e+00,1.249507e+00,1.240265e+00,1.235941e+00,1.260425e+00,1.078511e+00,1.056249e+00,1.101523e+00,1.216228e+00,1.096309e+00,1.120742e+00,1.147932e+00,1.130428e+00,1.065688e+00,1.043954e+00,1.017452e+00,1.117638e+00,1.024236e+00,1.179445e+00,1.028025e+00,1.048900e+00,1.101877e+00,1.064447e+00,1.236535e+00,1.164331e+00,1.071219e+00,1.027953e+00,1.083643e+00,1.117396e+00,1.244188e+00,1.054337e+00,1.161474e+00,1.231147e+00,1.104608e+00,1.123359e+00,1.169352e+00,1.187404e+00,1.115534e+00,1.133988e+00,1.017347e+00,1.242021e+00,1.155237e+00,1.447775e+00,1.191636e+00
1.075411e+00,1.027639e+00,1.037002e+00,1.112548e+00,1.165108e+00,1.109516e+00,1.141298e+00,9.944769e-01,1.218999e+00,1.074910e+00,1.234982e+00,1.136251e+00,1.177581e+00,1.297176e+00,1.183249e+00,1.087003e+00,1.060771e+00,1.093516e+00,1.157260e+00,1.149359e+00,1.056218e+00,1.091792e+00,1.092240e+00,1.177991e+00,1.131657e+00,1.213394e+00,1.082489e+00,1.204483e+00,1.253858e+00,1.035865e+00,1.041390e+00,1.174292e+00,1.080191e+00,9.969988e-01,1.210365e+00,1.016188e+00,9.666065e-01,1.083800e+00,1.130255e+00,1.143125e+00,1.132807e+00,1.118020e+00,1.110794e+00,1.111015e+00,1.052652e+00,1.061239e+00,9.979435e-01,9.809602e-01,1.149597e+00,1.089878e+00,3.311209e+00,1.099164e+00,1.169195e+00,1.779134e+00,2.055350e+00,3.572217e+00,1.212147e+00,9.431870e-01,1.124877e+00,1.041866e+01,nan,2.525903e+00,1.828348e+00,6.384679e+00,1.831612e+00,1.221402e+00,1.035485e+01,3.964786e+00,5.843345e+00,1.241781e+00,1.041298e+00,1.041866e+01,1.839564e+00,1.042340e+00,2.087611e+00,1.628843e+00,1.061033e+00,5.144665e+00,9.986031e-01,1.244311e+00,2.503505e+00,3.119463e+00,8.990756e+00,1.153382e+00,1.174909e+00,1.126008e+00,1.252233e+00,9.230057e+00,1.265854e+00,1.141459e+00,9.915885e-01,1.034564e+01,1.358402e+00,1.009979e+00,1.145935e+00,nan,1.158918e+00,1.070397e+00,1.071809e+00,3.375639e+00,1.137532e+00,6.313958e+00,2.273473e+00,1.144897e+00,1.156242e+00,1.084311e+00,1.086320e+00,1.108462e+00,1.077186e+00,1.123629e+00,1.062179e+00,1.083580e+00,1.406044e+00,6.635803e+00,1.116468e+00,1.368883e+00,1.013977e+00,1.317198e+00,6.892217e+00,1.143063e+00,7.491825e+00,1.041764e+01,1.212979e+00,3.534652e+00,1.171826e+00,2.160045e+00,1.183756e+00,1.033076e+00,1.209506e+00,1.239490e+00,2.363538e+00,1.243582e+00,1.136477e+00,1.054195e+00,1.012385e+00,1.028917e+00,1.181118e+00,1.130601e+00,1.048412e+00,1.041866e+01,1.352533e+00,1.084794e+00,1.017034e+00,1.162876e+00,1.073942e+00,9.751511e+00,1.256242e+00,1.040582e+01,1.447405e+00,1.059217e+00,1.173708e+00,1.290574e+00,1.139645e+00,1.683831e+00,9.429824e+00,1.108331e+00,8.100048e+00,1.073332e+00,1.220518e+00,1.235486e+00,1.261399e+00,2.607269e+00,1.003329e+01,1.353116e+00,1.041866e+01,8.485972e+00,4.207528e+00,1.952066e+00,1.831629e+00,1.107539e+00,1.022578e+00,1.099140e+00,1.133124e+00,1.098703e+00,1.151735e+00,9.605396e-01,1.192391e+00,1.081286e+00,1.116548e+00,1.246233e+00,9.627644e-01,1.131679e+00,1.157818e+00,1.299868e+00,1.193378e+00,1.100020e+00,9.905847e-01,1.023675e+00,1.090099e+00,1.136902e+00,1.204945e+00,1.033352e+00,1.149338e+00,1.119370e+00,1.204262e+00,1.122988e+00,1.308783e+00,9.874815e-01,1.206998e+00,1.165396e+00,1.196387e+00,1.149423e+00,1.108905e+00,1.278688e+00,1.059833e+00,1.069022e+00,1.131724e+00,1.057625e+00,1.040200e+00,1.170176e+00,1.154246e+00,1.093089e+00,1.032725e+00,1.181628e+00,9.715982e-01
1.127157e+00,1.061721e+00,1.013861e+00,1.102862e+00,1.058443e+00,1.319556e+00,1.191773e+00,1.026588e+00,1.216274e+00,1.202966e+00,1.019193e+00,1.195588e+00,1.122934e+00,1.173001e+00,1.173639e+00,1.153801e+00,1.026364e+00,1.012533e+00,1.259694e+00,1.317986e+00,1.155371e+00,1.057518e+00,1.114549e+00,1.077465e+00,1.064145e+00,1.037164e+00,1.126746e+00,1.118459e+00,1.223733e+00,1.189727e+00,1.062850e+00,1.187355e+00,1.213208e+00,1.322580e+00,1.221088e+00,1.080091e+00,1.167037e+00,1.097254e+00,1.004931e+00,1.015140e+00,9.461510e-01,1.005167e+00,1.038454e+00,1.171912e+00,1.302316e+00,1.163119e+00,9.985303e-01,1.140751e+00,9.697113e-01,1.242441e+00,2.984610e+00,6.676323e+00,1.082747e+00,3.831982e+00,1.150015e+00,1.061374e+00,1.411903e+00,2.103907e+00,9.707039e+00,1.130116e+00,1.114809e+00,1.067031e+00,1.072309e+00,3.291571e+00,9.533562e-01,1.145481e+00,1.276694e+00,1.352107e+00,3.767838e+00,1.509397e+00,1.092883e+00,1.360952e+00,nan,nan,1.133772e+00,1.518117e+00,2.356497e+00,2.610947e+00,1.503601e+00,1.272983e+00,1.004514e+00,7.815285e+00,5.059656e+00,1.014036e+00,1.235635e+00,1.181917e+00,3.880948e+00,1.097220e+00,8.885283e+00,1.185472e+00,1.038307e+00,6.182511e+00,1.107396e+00,1.039881e+00,1.306585e+00,1.182163e+00,1.126840e+00,1.520432e+00,9.938404e+00,1.132433e+00,1.171406e+00,9.988009e-01,2.610234e+00,7.512258e+00,1.079222e+00,2.642299e+00,1.226760e+00,nan,1.019935e+01,1.058429e+00,1.130471e+00,1.107075e+00,5.854472e+00,1.083472e+00,1.174561e+00,5.205188e+00,nan,1.234660e+00,1.323632e+00,1.154696e+00,1.053550e+00,7.552834e+00,1.186424e+00,1.082679e+00,3.799994e+00,1.092211e+00,1.103025e+00,1.080054e+00,6.945710e+00,1.055252e+00,4.349978e+00,1.126031e+00,1.169929e+00,1.121791e+00,1.175270e+00,9.689742e-01,1.112251e+00,1.171046e+00,1.237059e+00,1.144565e+00,1.158292e+00,1.059187e+00,1.167578e+00,1.180575e+00,1.169129e+00,6.645256e+00,1.032397e+00,5.711476e+00,1.118784e+00,1.131156e+00,1.457002e+00,9.512856e+00,4.435317e+00,1.050657e+00,1.175819e+00,5.610426e+00,1.501463e+00,1.822937e+00,1.300115e+00,9.239887e+00,1.161183e+00,1.054231e+00,3.631195e+00,1.335578e+00,9.797541e-01,1.136181e+00,1.462830e+00,3.283881e+00,1.487853e+00,1.417370e+00,1.143648e+00,1.014729e+00,1.047799e+00,1.177462e+00,1.019967e+00,1.230901e+00,1.074309e+00,1.108718e+00,1.069535e+00,9.796933e-01,1.268532e+00,1.080715e+00,1.244924e+00,1.115586e+00,1.025535e+00,1.016106e+00,1.182204e+00,1.092218e+00,1.145836e+00,1.197255e+00,1.287262e+00,1.254177e+00,1.168086e+00,1.092413e+00,1.171960e+00,1.148650e+00,1.118237e+00,1.144045e+00,1.102216e+00,1.117484e+00,1.069887e+00,1.032860e+00,1.037454e+00,1.059476e+00,1.009713e+00,1.093720e+00,1.079634e+00,1.103667e+00,1.142875e+00,1.338407e+00,1.153308e+00,1.242055e+00,1.166557e+00,1.046121e+00,1.101690e+00
1.122387e+00,1.162312e+00,1.063823e+00,1.063302e+00,1.201423e+00,1.114953e+00,1.277157e+00,1.078105e+00,1.041302e+00,1.074184e+00,9.971558e-01,9.583577e-01,1.139433e+00,1.111426e+00,1.149897e+00,1.015821e+00,1.303210e+00,1.025447e+00,1.111369e+00,1.148749e+00,1.104699e+00,1.103081e+00,1.265717e+00,1.120985e+00,1.056007e+00,1.052437e+00,1.066202e+00,1.125480e+00,1.010300e+00,1.283182e+00,1.159413e+00,1.092409e+00,9.070472e-01,1.086008e+00,1.088740e+00,1.163226e+00,1.138408e+00,1.073759e+00,1.021479e+00,1.079680e+00,1.079597e+00,1.137056e+00,1.093677e+00,1.235160e+00,1.041189e+00,1.156736e+00,1.089322e+00,1.221082e+00,1.198237e+00,1.277997e+00,1.072758e+00,1.586820e+00,1.070989e+00,3.912604e+00,1.041866e+01,nan,1.034967e+01,1.041866e+01,2.109917e+00,1.342496e+00,1.273318e+00,1.105194e+00,1.039748e+01,1.245682e+00,1.204174e+00,1.059721e+00,1.027982e+01,1.078895e+00,1.067631e+00,9.976152e-01,4.049172e+00,1.069476e+00,7.012995e+00,1.139955e+00,1.202867e+00,1.116572e+00,1.168542e+00,7.238496e+00,9.559368e+00,1.192130e+00,4.818211e+00,2.305533e+00,1.149433e+00,1.227074e+00,1.138765e+00,1.012992e+01,1.244339e+00,1.112838e+00,1.041244e+01,1.011405e+00,1.166665e+00,1.156164e+00,1.241859e+00,2.019604e+00,5.386634e+00,1.253607e+00,9.769208e-01,1.081263e+00,1.040244e+00,4.054829e+00,1.272844e+00,1.018329e+00,1.116448e+00,6.104665e+00,1.025238e+00,1.096675e+00,1.223018e+00,1.122224e+00,9.539588e-01,1.192996e+00,1.070428e+00,2.143527e+00,1.746940e+00,1.149963e+00,1.174872e+00,1.121258e+00,1.177494e+00,1.086074e+00,2.486000e+00,9.977765e-01,3.858704e+00,5.263741e+00,1.228435e+00,3.620920e+00,2.796713e+00,1.038504e+00,nan,1.150630e+00,1.031885e+00,1.314615e+00,1.110602e+00,9.896899e-01,1.526879e+00,1.064445e+00,1.348709e+00,1.088735e+00,1.277857e+00,1.019682e+00,1.391705e+00,1.124410e+00,1.191203e+00,1.067632e+00,1.198166e+00,1.056681e+00,1.086097e+00,1.012305e+00,1.047798e+00,1.350469e+00,1.248269e+00,1.120031e+00,6.475895e+00,1.090163e+00,5.148817e+00,2.018856e+00,9.890519e-01,1.090718e+00,7.893395e+00,3.520255e+00,7.478246e+00,nan,1.532916e+00,1.093758e+00,3.646955e+00,5.426735e+00,1.347164e+00,4.498544e+00,1.022527e+01,nan,1.094691e+00,2.062904e+00,3.427853e+00,1.125909e+00,1.105985e+00,1.081110e+00,1.013503e+00,1.108952e+00,1.047654e+00,6.079790e+00,1.079540e+00,1.160907e+00,1.146384e+00,1.118712e+00,1.108317e+00,1.204809e+00,1.070466e+00,1.209450e+00,1.163863e+00,1.083324e+00,1.019493e+00,1.199539e+00,1.107234e+00,1.179019e+00,1.160443e+00,1.102446e+00,9.732069e-01,1.057744e+00,1.064540e+00,1.111799e+00,1.094683e+00,1.149312e+00,1.005018e+00,1.021695e+00,1.084653e+00,1.083909e+00,1.190814e+00,1.141629e+00,1.056426e+00,1.035348e+00,1.085534e+00,1.037844e+00,1.026269e+00,1.147424e+00,1.078392e+00,1.150950e+00,1.011883e+00
1.298191e+00,1.077896e+00,1.007571e+00,1.103385e+00,1.028286e+00,9.914618e-01,1.109113e+00,1.152988e+00,1.168839e+00,1.142645e+00,1.105080e+00,1.038827e+00,1.072109e+00,1.123288e+00,1.143827e+00,1.121525e+00,1.066151e+00,1.099874e+00,1.180815e+00,1.092368e+00,1.050213e+00,1.129075e+00,1.073481e+00,1.060816e+00,9.961855e-01,1.000559e+00,1.041467e+00,1.052577e+00,1.085400e+00,1.083151e+00,1.137228e+00,1.100834e+00,9.961950e-01,1.214918e+00,1.066589e+00,1.097488e+00,1.173598e+00,1.067999e+00,1.081155e+00,1.204385e+00,1.047454e+00,1.096213e+00,1.159879e+00,1.074787e+00,1.160474e+00,1.075661e+00,1.138444e+00,1.089415e+00,1.163260e+00,1.501797e+00,3.674241e+00,1.229941e+00,1.325742e+00,1.369801e+00,9.311097e+00,1.034769e+00,1.093633e+00,1.153840e+00,5.620248e+00,1.041866e+01,9.679346e-01,1.214208e+00,9.033519e+00,1.314323e+00,1.911889e+00,1.146946e+00,1.030727e+00,1.019304e+00,1.131080e+00,1.094063e+00,1.088006e+00,5.549639e+00,1.200356e+00,1.334926e+00,1.036386e+01,1.228754e+00,1.117612e+00,1.263018e+00,1.009565e+00,1.081038e+00,1.040695e+00,9.727772e-01,2.015702e+00,1.073797e+00,1.314933e+00,1.206589e+00,3.539189e+00,1.269660e+00,1.129990e+00,1.263121e+00,4.003598e+00,1.213828e+00,3.025499e+00,1.052448e+00,1.102108e+00,1.456759e+00,2.385971e+00,9.994742e+00,1.033689e+00,1.391411e+00,9.758300e-01,1.047381e+00,2.716246e+00,2.617975e+00,9.811419e+00,1.005010e+00,1.184422e+00,1.123855e+00,1.043070e+00,1.208286e+00,1.228191e+00,3.230435e+00,1.092424e+00,1.338852e+00,1.382117e+00,7.865323e+00,1.016438e+00,1.126227e+00,1.110421e+00,1.201201e+00,1.044569e+00,1.063470e+00,9.722000e-01,1.016531e+00,1.263560e+00,1.284061e+00,3.683949e+00,1.001989e+00,1.145872e+00,1.136118e+00,7.957047e+00,1.124986e+00,1.114914e+00,1.187346e+00,1.197334e+00,1.033636e+00,1.133999e+00,9.683626e-01,1.206003e+00,1.174374e+00,1.049875e+00,1.065172e+00,1.503724e+00,1.132742e+00,1.199634e+00,1.092449e+00,2.007030e+00,1.045271e+00,6.159376e+00,1.215657e+00,9.358565e+00,1.380730e+00,2.115536e+00,9.441151e+00,1.016159e+00,1.161313e+00,1.143478e+00,9.057088e+00,4.554653e+00,1.041727e+00,4.097576e+00,1.320158e+00,2.314551e+00,1.613420e+00,nan,1.417038e+00,9.341775e+00,3.289681e+00,nan,nan,5.194637e+00,1.353486e+00,1.087764e+00,1.226223e+00,1.114826e+00,1.126157e+00,1.166537e+00,1.026241e+00,9.141995e-01,1.089372e+00,1.107892e+00,1.264418e+00,1.166696e+00,1.196227e+00,1.039674e+00,1.091094e+00,1.186972e+00,1.164517e+00,9.649071e-01,1.206387e+00,1.078877e+00,1.042250e+00,9.986029e-01,1.150639e+00,9.936426e-01,1.109989e+00,1.142144e+00,1.052267e+00,1.194344e+00,1.042511e+00,1.409153e+00,1.166518e+00,1.236356e+00,1.047454e+00,1.064824e+00,1.012808e+00,1.122114e+00,1.109007e+00,1.248811e+00,1.251723e+00,1.214224e+00,1.008716e+00,1.222520e+00,1.113055e+00,1.083433e+00
1.119344e+00,1.134599e+00,1.142489e+00,1.161209e+00,9.896667e-01,1.066358e+00,1.081869e+00,1.158990e+00,1.107643e+00,9.355341e-01,1.123110e+00,1.175747e+00,1.164597e+00,1.060231e+00,1.079018e+00,1.118360e+00,1.181696e+00,1.133122e+00,1.205912e+00,1.029412e+00,1.009842e+00,1.128800e+00,1.178846e+00,1.327441e+00,1.039285e+00,1.121939e+00,1.127512e+00,1.122677e+00,1.016146e+00,9.952333e-01,1.119934e+00,1.182748e+00,1.105125e+00,1.126055e+00,1.075668e+00,1.018915e+00,1.156114e+00,1.230702e+00,1.148409e+00,1.050183e+00,1.034709e+00,1.158213e+00,1.061459e+00,1.225482e+00,1.023130e+00,1.116873e+00,9.824719e-01,1.087945e+00,1.062287e+00,1.071891e+00,1.509823e+00,1.168457e+00,1.276889e+00,1.135641e+00,1.087490e+00,1.067818e+00,1.985333e+00,1.014708e+01,1.265801e+00,1.014492e+00,3.425673e+00,1.047817e+00,1.238758e+00,9.624694e+00,1.080341e+00,1.049221e+00,1.046577e+00,2.442829e+00,1.108469e+00,1.041866e+01,1.427855e+00,1.022153e+00,1.241604e+00,1.190493e+00,9.499176e+00,1.122931e+00,1.001189e+00,1.173163e+00,1.095240e+00,8.314150e+00,8.179230e+00,1.024434e+00,1.278776e+00,5.855672e+00,5.327942e+00,1.004345e+00,3.390402e+00,1.040501e+00,1.113930e+00,1.069098e+00,4.199028e+00,5.259478e+00,1.083412e+00,1.185494e+00,1.077530e+00,9.849277e-01,1.007211e+00,1.046056e+00,1.101146e+00,1.009279e+00,1.060183e+00,1.035237e+00,1.560417e+00,1.169541e+00,1.105692e+00,1.179465e+00,1.039952e+00,1.005711e+00,5.782465e+00,9.988486e-01,1.073084e+00,1.098714e+00,1.130489e+00,1.204300e+00,2.127280e+00,1.014141e+00,2.080659e+00,1.125405e+00,1.043018e+00,1.013753e+00,3.902454e+00,1.022777e+00,9.710248e-01,1.310992e+00,1.091139e+00,1.316173e+00,9.954343e-01,1.288397e+00,1.116597e+00,9.674784e-01,2.612289e+00,1.125725e+00,1.176524e+00,1.094164e+00,1.060688e+00,1.113639e+00,1.374600e+00,1.187486e+00,1.032051e+00,1.026168e+00,1.012891e+00,1.063821e+00,1.086144e+00,1.131227e+00,1.046141e+00,1.117708e+00,1.115878e+00,1.080984e+00,9.630668e-01,6.576188e+00,1.091814e+00,1.089810e+00,1.210782e+00,1.169730e+00,1.040371e+01,1.029040e+01,5.488309e+00,9.707172e-01,1.133626e+00,1.531107e+00,1.061323e+00,1.016833e+01,5.750187e+00,2.071795e+00,2.122338e+00,1.050721e+00,8.541160e+00,nan,4.351028e+00,2.606271e+00,1.224669e+00,1.181899e+00,1.008189e+00,1.080357e+00,1.140136e+00,1.113316e+00,1.069412e+00,1.169222e+00,1.244562e+00,1.213497e+00,1.088850e+00,1.184353e+00,1.083764e+00,1.031864e+00,1.124479e+00,9.942725e-01,1.010778e+00,9.782814e-01,1.094021e+00,1.121547e+00,1.098178e+00,9.865114e-01,1.064467e+00,1.117596e+00,1.292169e+00,1.027951e+00,1.119827e+00,1.199371e+00,1.176762e+00,1.097037e+00,1.007413e+00,1.023158e+00,1.021325e+00,1.107344e+00,1.191689e+00,1.055245e+00,1.011562e+00,1.118111e+00,1.023589e+00,1.158931e+00,1.177520e+00,1.236123e+00,1.184938e+00,1.133939e+00,1.093654e+00
9.363957e-01,1.044353e+00,1.022733e+00,1.074496e+00,1.157163e+00,1.177554e+00,1.141048e+00,1.061131e+00,1.046644e+00,1.134256e+00,1.135188e+00,1.041341e+00,1.081427e+00,1.066590e+00,1.115819e+00,1.114617e+00,1.298817e+00,1.035276e+00,1.031540e+00,1.050030e+00,9.844551e-01,1.048077e+00,1.179747e+00,1.095020e+00,1.028613e+00,1.042965e+00,1.003103e+00,1.166402e+00,1.095029e+00,1.041066e+00,1.035449e+00,1.154135e+00,1.216648e+00,9.870392e-01,1.185837e+00,1.041808e+00,1.024361e+00,1.226982e+00,1.173088e+00,1.133721e+00,1.046289e+00,1.265507e+00,1.059913e+00,1.139284e+00,1.008850e+00,4.278453e+00,1.043786e+00,1.056410e+00,1.849783e+00,1.764374e+00,1.041866e+01,4.118868e+00,2.837176e+00,3.194376e+00,nan,1.019483e+01,5.924633e+00,1.186422e+00,1.262963e+00,9.672351e-01,1.163026e+00,3.595163e+00,1.137895e+00,9.781783e-01,1.306504e+00,1.240089e+00,1.964828e+00,1.025721e+00,1.075983e+00,1.095786e+00,1.559320e+00,7.013470e+00,1.044542e+00,1.188170e+00,1.254266e+00,1.193585e+00,1.744620e+00,1.275961e+00,1.000654e+01,2.908868e+00,1.090417e+00,1.505137e+00,nan,1.183344e+00,1.109030e+00,1.091109e+00,9.710026e-01,1.207547e+00,3.749251e+00,9.956454e-01,1.247309e+00,1.073520e+00,1.158269e+00,1.204406e+00,9.857227e-01,1.330798e+00,1.262899e+00,1.091457e+00,1.103862e+00,1.256765e+00,1.003024e+00,1.086075e+00,1.128710e+00,1.261592e+00,1.270794e+00,1.136340e+00,1.019661e+00,1.024383e+00,1.125006e+00,9.998146e-01,1.102857e+00,1.081257e+00,1.189081e+00,5.147923e+00,1.017433e+00,1.158047e+00,1.080070e+00,1.129948e+00,1.118029e+00,8.915085e+00,8.482367e+00,1.151985e+00,1.255207e+00,1.066738e+00,1.260615e+00,1.479462e+00,9.832613e+00,1.493723e+00,1.048438e+00,1.148833e+00,2.418367e+00,1.051073e+00,1.009422e+00,9.877358e-01,1.125221e+00,9.663781e-01,1.080009e+00,1.386249e+00,1.155855e+00,1.219783e+00,1.218084e+00,1.032329e+00,1.111967e+00,1.040339e+00,1.113396e+00,1.364703e+00,4.323145e+00,1.386914e+00,nan,9.776997e+00,8.717666e+00,1.117883e+00,1.046892e+00,6.787073e+00,1.215977e+00,1.145695e+00,2.176421e+00,1.753490e+00,9.620880e-01,1.108160e+00,1.291169e+00,1.292930e+00,1.464396e+00,6.204408e+00,1.592682e+00,nan,7.764229e+00,1.205631e+00,nan,9.311474e+00,1.085002e+00,3.594630e+00,9.399529e+00,1.043289e+00,1.149912e+00,1.145026e+00,1.085212e+00,1.138738e+00,1.125121e+00,4.273749e+00,9.497667e-01,1.180177e+00,9.963070e-01,1.072046e+00,1.043481e+00,1.216624e+00,1.045132e+00,9.314941e-01,9.457381e-01,9.356303e-01,1.173654e+00,1.088427e+00,1.111846e+00,1.067408e+00,1.263096e+00,1.010746e+00,1.257699e+00,1.022438e+00,1.131679e+00,1.202147e+00,1.150044e+00,9.790497e-01,1.028173e+00,1.078767e+00,1.119476e+00,1.178773e+00,1.181604e+00,1.209900e+00,1.069365e+00,1.197441e+00,1.156149e+00,1.090843e+00,1.275269e+00,1.201479e+00,1.068710e+00
1.054097e+00,1.048480e+00,1.213760e+00,1.002832e+00,1.018157e+00,1.071265e+00,1.045471e+00,1.026880e+00,1.205687e+00,1.108372e+00,1.215160e+00,1.202691e+00,1.037521e+00,1.027695e+00,1.046293e+00,1.085847e+00,1.168467e+00,1.078732e+00,1.028874e+00,1.086277e+00,1.075616e+00,1.087686e+00,1.224597e+00,1.157871e+00,9.949234e-01,1.054847e+00,1.121183e+00,1.078960e+00,1.060215e+00,1.081238e+00,9.898831e-01,1.085940e+00,1.009400e+00,1.108846e+00,9.634678e-01,8.948174e-01,1.220694e+00,1.069420e+00,1.153967e+00,1.144792e+00,1.157771e+00,1.206571e+00,1.321864e+00,1.197599e+00,1.058041e+00,1.030112e+00,9.966512e-01,1.136621e+00,4.451570e+00,9.957325e-01,1.047078e+00,9.734012e-01,2.023086e+00,1.628266e+00,1.058591e+00,3.782074e+00,1.041866e+01,3.446127e+00,1.148294e+00,1.216723e+00,1.015428e+00,5.103805e+00,1.077246e+00,1.407114e+00,9.859807e-01,1.063352e+00,1.185915e+00,1.529336e+00,nan,1.094765e+00,1.020871e+00,1.117807e+00,1.077164e+00,1.029437e+00,1.062109e+00,1.196702e+00,1.154243e+00,1.041866e+01,1.283207e+00,1.147305e+00,9.799704e-01,1.652737e+00,1.039836e+00,1.216706e+00,9.416513e-01,9.826350e-01,1.082745e+00,1.265906e+00,1.126819e+00,1.129779e+00,1.087650e+00,1.031537e+00,1.080522e+00,1.100766e+00,9.722583e-01,9.611802e-01,1.038815e+00,1.119513e+00,1.064089e+00,1.042583e+00,5.951419e+00,1.062909e+00,1.029417e+01,1.723268e+00,1.020547e+00,1.081524e+00,1.151170e+00,2.151299e+00,1.098114e+00,9.581133e-01,1.134678e+00,1.018048e+00,1.134849e+00,1.139027e+00,1.054933e+00,1.152342e+00,1.082631e+00,1.171082e+00,1.188328e+00,1.046563e+00,1.200427e+00,1.027863e+00,9.491292e-01,1.040007e+00,1.194967e+00,1.116641e+00,9.966859e-01,1.079919e+00,9.824681e-01,1.043963e+00,1.047268e+00,2.244758e+00,nan,1.290397e+00,1.018657e+00,9.814273e-01,1.118173e+00,1.036745e+01,1.267565e+00,1.165473e+00,1.045807e+00,1.145937e+00,9.871404e-01,1.090759e+00,1.044937e+00,1.012426e+00,1.154064e+00,1.353378e+00,1.148952e+00,1.097693e+00,1.165378e+00,3.228720e+00,1.197231e+00,1.060369e+00,1.357011e+00,1.359241e+00,1.258089e+00,1.180441e+00,1.089859e+00,3.392495e+00,1.094637e+00,3.879018e+00,nan,1.130626e+00,1.395949e+00,nan,1.080339e+00,1.076136e+00,2.513133e+00,4.984724e+00,1.684762e+00,5.012649e+00,1.491129e+00,1.146948e+00,1.084714e+00,1.301231e+00,9.911749e-01,1.175820e+00,1.071016e+00,1.007095e+01,1.028569e+00,1.164984e+00,1.113073e+00,1.043290e+00,1.015224e+00,1.107018e+00,1.216741e+00,1.015466e+00,1.104908e+00,1.238862e+00,1.048351e+00,1.026794e+00,1.057342e+00,1.094136e+00,1.046547e+00,1.116884e+00,1.176600e+00,1.084232e+00,1.066438e+00,1.146388e+00,1.101569e+00,1.278012e+00,1.099238e+00,1.006958e+00,1.132919e+00,9.562617e-01,1.061140e+00,1.062289e+00,1.121299e+00,1.088443e+00,1.037488e+00,1.101254e+00,1.068384e+00,1.343429e+00,1.276881e+00
1.193803e+00,9.363383e-01,9.942904e-01,1.182520e+00,1.054138e+00,1.167729e+00,1.009040e+00,1.223302e+00,1.129114e+00,1.183002e+00,1.265853e+00,1.127260e+00,9.982441e-01,9.757023e-01,1.162563e+00,1.033262e+00,1.143162e+00,9.947269e-01,1.081859e+00,1.063156e+00,1.037853e+00,1.193661e+00,1.095896e+00,1.047128e+00,1.152300e+00,1.146997e+00,9.649188e-01,1.032408e+00,1.018581e+00,1.180301e+00,1.073503e+00,1.127669e+00,1.268778e+00,1.127593e+00,1.198306e+00,1.128431e+00,1.119427e+00,1.048963e+00,1.026530e+00,1.013800e+00,1.137808e+00,1.286882e+00,1.086819e+00,1.100285e+00,1.115271e+00,1.130992e+00,1.113290e+00,1.041262e+01,9.771641e-01,9.459806e+00,1.055321e+00,1.116211e+00,1.217249e+00,1.038970e+00,1.067024e+00,1.059075e+00,2.700743e+00,1.170334e+00,1.051061e+00,1.036891e+01,9.807160e-01,1.057783e+00,1.148956e+00,1.646526e+00,1.073862e+00,3.180523e+00,5.426205e+00,9.374753e-01,1.059898e+00,1.370950e+00,1.110776e+00,1.449235e+00,nan,1.123049e+00,2.731123e+00,nan,1.098415e+00,1.252451e+00,9.531402e-01,1.211372e+00,1.128984e+00,1.836559e+00,1.144520e+00,3.473305e+00,nan,1.068353e+00,1.113240e+00,1.085108e+00,1.067574e+00,1.121245e+00,1.198958e+00,1.047396e+00,1.050577e+00,1.213479e+00,nan,1.150798e+00,1.240640e+00,1.338177e+00,9.830914e+00,1.507042e+00,1.079384e+00,1.201925e+00,1.030002e+00,1.194969e+00,1.015392e+00,1.460827e+00,3.525283e+00,9.497362e+00,nan,nan,1.183151e+00,1.415254e+00,1.157839e+00,1.230329e+00,1.403229e+00,1.364400e+00,1.101518e+00,1.067694e+00,1.186146e+00,1.280416e+00,1.039221e+00,1.113221e+00,1.177017e+00,1.206097e+00,9.454831e-01,1.350918e+00,1.145308e+00,1.321121e+00,1.070620e+00,1.150651e+00,9.603243e-01,5.032885e+00,1.157553e+00,1.126367e+00,1.077475e+00,1.026677e+00,1.171598e+00,1.025279e+00,1.078783e+00,1.330931e+00,9.804900e-01,1.211850e+00,1.213777e+00,1.100603e+00,1.201338e+00,9.843490e-01,1.116794e+00,9.477770e-01,1.092692e+00,1.048435e+00,1.417440e+00,1.041866e+01,7.329392e+00,1.041866e+01,6.128795e+00,1.386397e+00,1.051700e+00,1.301958e+00,1.098595e+00,1.056451e+00,1.106771e+00,1.317091e+00,1.048634e+00,1.019596e+00,1.274412e+00,8.535160e+00,1.076252e+00,1.142465e+00,nan,1.028305e+01,9.585258e+00,nan,1.041770e+01,1.219004e+00,1.113296e+00,1.054364e+00,1.263479e+00,1.095505e+00,1.054661e+00,1.151314e+00,1.041974e+00,1.237845e+00,1.055999e+00,1.028432e+00,9.790927e-01,1.180690e+00,1.075722e+00,1.067535e+00,1.117147e+00,1.085286e+00,1.072199e+00,1.074318e+00,1.205597e+00,1.170884e+00,1.091590e+00,1.058721e+00,1.125403e+00,1.081903e+00,1.061717e+00,1.212772e+00,1.037137e+00,1.064645e+00,1.056542e+00,1.058050e+00,1.094101e+00,1.028019e+00,1.092699e+00,1.195489e+00,1.259267e+00,1.263810e+00,1.031211e+00,1.088103e+00,1.160407e+00,1.039215e+00,1.099086e+00
1.090462e+00,1.156245e+00,1.095960e+00,1.101226e+00,1.165293e+00,1.133449e+00,1.015516e+00,1.194935e+00,1.117240e+00,1.091322e+00,1.074095e+00,1.140571e+00,1.000446e+00,1.016881e+00,1.173042e+00,1.093429e+00,1.121759e+00,1.090217e+00,1.099705e+00,9.251419e-01,9.972959e-01,1.137994e+00,1.245682e+00,1.140534e+00,1.115116e+00,1.020483e+00,9.364337e-01,1.155125e+00,1.065076e+00,1.152557e+00,1.042724e+00,1.208270e+00,1.087400e+00,1.182420e+00,1.179939e+00,1.088367e+00,1.032380e+00,1.095914e+00,1.169393e+00,1.094355e+00,1.112379e+00,1.008156e+00,1.041175e+00,1.212281e+00,1.190936e+00,1.350835e+00,8.568876e+00,1.863854e+00,3.686133e+00,1.068154e+00,1.093903e+00,1.133173e+00,1.204683e+00,7.450947e+00,1.013475e+00,1.035402e+01,1.144960e+00,1.038564e+00,9.113692e-01,1.442681e+00,1.143134e+00,1.167196e+00,1.133139e+00,1.779260e+00,1.344600e+00,1.031712e+00,1.111328e+00,1.017528e+00,1.089452e+00,1.067072e+00,1.263980e+00,1.330695e+00,1.021214e+01,1.585495e+00,1.225650e+00,7.730073e+00,1.145790e+00,1.081508e+00,9.850269e-01,1.213440e+00,1.659047e+00,1.340659e+00,9.900247e-01,1.139954e+00,1.218713e+00,1.063677e+00,1.095598e+00,1.102027e+00,1.152591e+00,1.047358e+00,1.152590e+00,9.916588e-01,4.981143e+00,1.111635e+00,1.160928e+00,1.075864e+00,4.121149e+00,1.059900e+00,2.329484e+00,1.269773e+00,2.159300e+00,1.095266e+00,4.292101e+00,1.002307e+00,1.077035e+00,1.131496e+00,1.076040e+00,1.177055e+00,nan,1.439282e+00,1.051956e+00,1.242641e+00,4.207874e+00,1.054424e+00,1.056858e+00,1.151150e+00,1.063410e+00,6.838589e+00,1.169894e+00,1.282930e+00,1.002788e+00,2.667647e+00,1.020222e+00,1.213767e+00,1.106182e+00,9.492041e-01,1.327916e+00,3.042855e+00,1.064278e+00,1.241150e+00,9.234026e-01,1.162617e+00,1.023540e+00,1.008996e+00,1.132270e+00,1.321275e+00,1.059923e+00,1.040556e+00,1.018245e+00,1.158099e+00,1.043884e+00,1.195775e+00,1.183065e+00,1.253219e+00,1.109217e+00,1.511267e+00,1.022058e+00,1.126303e+00,1.143739e+00,6.000718e+00,1.112549e+00,1.261662e+00,1.303612e+00,1.074978e+00,1.003108e+00,1.050579e+00,9.720481e+00,1.064230e+00,1.113806e+00,9.961080e-01,1.284187e+00,1.037292e+00,1.165333e+00,1.048460e+00,1.129639e+00,1.027619e+00,1.211202e+00,2.523034e+00,9.911342e+00,9.998352e-01,8.630850e+00,1.235524e+00,1.130334e+00,5.092680e+00,4.302428e+00,1.064358e+00,1.090948e+00,1.240420e+00,1.113611e+00,1.022855e+00,1.093219e+00,1.069257e+00,1.006178e+00,1.011185e+00,1.081471e+00,1.008990e+00,1.220925e+00,9.955486e-01,1.026379e+00,1.020985e+00,1.069053e+00,1.034483e+00,1.011834e+00,1.144104e+00,1.044102e+00,1.083136e+00,1.033587e+00,1.099157e+00,1.081877e+00,1.045154e+00,1.077785e+00,9.293764e-01,9.048039e-01,1.055111e+00,1.101958e+00,9.602197e-01,1.117739e+00,1.178333e+00,1.079183e+00,1.226799e+00,9.526790e-01,9.979011e-01,1.026481e+00,1.198147e+00,1.019477e+00
1.145167e+00,1.080252e+00,9.967233e-01,1.106959e+00,9.863770e-01,1.066276e+00,1.032207e+00,1.100311e+00,9.860332e-01,1.052981e+00,1.061076e+00,1.098660e+00,1.172753e+00,1.258351e+00,1.056932e+00,1.051147e+00,1.142792e+00,1.180091e+00,1.071210e+00,1.060565e+00,1.034387e+00,1.145638e+00,9.790724e-01,1.058456e+00,1.081786e+00,9.145388e-01,1.265131e+00,1.163815e+00,1.167507e+00,1.042167e+00,1.036118e+00,1.168566e+00,1.219465e+00,1.184079e+00,1.129791e+00,1.166955e+00,1.189556e+00,1.209909e+00,1.019522e+00,1.163074e+00,9.540687e-01,1.032914e+00,1.056841e+00,1.033743e+00,1.058516e+00,1.121744e+00,1.660957e+00,1.024760e+01,1.224290e+00,1.164934e+00,1.263689e+00,1.074452e+00,1.121101e+00,1.552322e+00,1.032515e+01,1.127148e+00,1.107610e+00,1.016569e+00,1.086387e+00,1.132002e+00,1.238830e+00,3.967501e+00,1.125603e+00,1.033316e+00,1.048690e+00,1.129153e+00,1.008529e+00,1.013813e+00,1.044688e+00,1.024103e+00,1.200756e+00,1.144086e+00,1.090476e+00,1.383449e+00,1.129357e+00,1.328382e+00,1.087770e+00,1.240601e+00,9.656191e-01,1.119123e+00,1.930317e+00,1.273228e+00,1.087861e+00,1.206207e+00,1.127533e+00,4.237200e+00,9.790717e-01,1.008288e+00,9.621370e+00,1.244973e+00,1.156102e+00,1.209037e+00,9.857414e-01,1.129343e+00,1.086004e+00,1.074594e+00,1.029944e+00,1.041532e+00,1.219062e+00,1.002039e+00,1.056194e+00,1.241863e+00,1.038422e+01,1.183495e+00,1.206845e+00,3.091828e+00,1.879117e+00,1.040918e+01,1.258845e+00,2.829360e+00,1.134167e+00,1.245479e+00,9.947413e-01,9.845632e-01,1.267968e+00,1.215092e+00,9.807797e-01,9.650169e-01,1.097777e+00,1.034618e+00,1.095052e+00,1.056664e+00,1.080976e+00,1.103906e+00,9.599026e-01,1.045780e+00,1.235714e+00,2.269918e+00,1.145768e+00,1.223815e+00,1.049542e+00,8.166183e+00,nan,1.095276e+00,1.033206e+00,9.853795e-01,1.023286e+00,9.640952e-01,1.028080e+00,1.107386e+00,1.064922e+00,1.075229e+00,1.956920e+00,1.109570e+00,1.033182e+00,1.212836e+00,9.646614e+00,1.095223e+00,1.174480e+00,1.054154e+00,1.542528e+00,9.635545e+00,1.033610e+00,1.038297e+00,2.711476e+00,5.773560e+00,1.071678e+00,3.196291e+00,nan,1.154070e+00,2.112394e+00,4.573194e+00,1.014856e+00,1.167250e+00,1.124670e+00,1.108515e+00,1.076275e+00,1.328099e+00,1.134356e+00,1.008253e+00,1.017771e+01,1.136293e+00,nan,9.628943e+00,1.294818e+00,1.123635e+00,1.019945e+00,1.048239e+00,1.103794e+00,1.043105e+00,9.945885e-01,1.131659e+00,1.125965e+00,1.059768e+00,1.032894e+00,1.096670e+00,1.020722e+00,1.174764e+00,1.061807e+00,1.078556e+00,1.031898e+00,1.017463e+00,1.078324e+00,1.159267e+00,1.039664e+00,1.114195e+00,1.196898e+00,1.073463e+00,1.076833e+00,1.039494e+00,1.054686e+00,9.636592e-01,9.969576e-01,1.083127e+00,1.160049e+00,8.888407e-01,1.163383e+00,1.087829e+00,1.193907e+00,1.152365e+00,1.104911e+00,1.032225e+00,1.076291e+00,1.013628e+00,1.065392e+00
1.095907e+00,9.988202e-01,9.868086e-01,1.133851e+00,1.170296e+00,1.173660e+00,1.052063e+00,1.083178e+00,1.115775e+00,1.106719e+00,1.025158e+00,1.018102e+00,1.160377e+00,1.095869e+00,1.038154e+00,1.236199e+00,1.022143e+00,1.066811e+00,1.120132e+00,1.076089e+00,1.242141e+00,1.170741e+00,1.103991e+00,1.096970e+00,1.059412e+00,1.045024e+00,1.161355e+00,1.163789e+00,1.234006e+00,9.926638e-01,1.083446e+00,1.099786e+00,1.036867e+00,9.715363e-01,1.237741e+00,1.144454e+00,1.073145e+00,1.195256e+00,1.123667e+00,1.029385e+00,9.973379e-01,9.931942e-01,1.067131e+00,1.106915e+00,1.140040e+00,2.013093e+00,6.365177e+00,1.030977e+00,1.926078e+00,1.100983e+00,1.033615e+01,1.136598e+00,1.024746e+00,4.410081e+00,1.145082e+00,1.077659e+00,1.148250e+00,1.077072e+00,1.006772e+00,1.180446e+00,1.044329e+00,1.249144e+00,1.160915e+00,1.026645e+00,1.015775e+00,1.050801e+00,1.215484e+00,1.112222e+00,1.138714e+00,4.312996e+00,1.090936e+00,1.136751e+00,1.203723e+00,1.050654e+00,1.018608e+00,1.186165e+00,1.025759e+00,1.201504e+00,1.040806e+00,1.255509e+00,1.050844e+00,1.028025e+00,1.096788e+00,1.042733e+00,1.028288e+00,7.700760e+00,1.097347e+00,8.905047e+00,1.233392e+00,6.440988e+00,1.166779e+00,1.247014e+00,1.104033e+00,1.027927e+00,1.608985e+00,1.039414e+00,1.026081e+01,1.111091e+00,1.165951e+00,1.148802e+00,1.069676e+00,1.073018e+00,1.010633e+00,1.157664e+00,1.112527e+00,1.368399e+00,9.306484e-01,1.080829e+00,1.042922e+00,1.229176e+00,1.094685e+00,3.101133e+00,2.358030e+00,1.159200e+00,1.195328e+00,1.717403e+00,1.053283e+00,5.274596e+00,1.072894e+00,9.915141e-01,1.030510e+00,1.139859e+00,1.014759e+00,1.256192e+00,1.160954e+00,8.991112e+00,9.902524e-01,nan,1.951451e+00,1.533436e+00,1.334689e+00,2.226891e+00,1.173997e+00,1.092769e+00,1.163685e+00,1.038795e+00,1.093393e+00,1.078629e+00,1.041866e+01,nan,nan,8.575697e+00,1.046714e+00,1.253620e+00,1.034748e+00,1.066332e+00,1.204121e+00,1.060706e+00,1.115343e+00,1.050071e+00,1.053977e+00,1.596245e+00,1.141449e+00,1.004339e+01,1.324196e+00,nan,1.678268e+00,1.188085e+00,nan,1.554844e+00,1.046437e+00,4.746261e+00,2.680687e+00,1.161258e+00,1.051885e+00,1.353305e+00,5.396558e+00,1.161366e+00,1.101580e+00,8.024033e+00,1.205343e+00,1.053630e+00,1.190105e+00,nan,1.224271e+00,9.794218e-01,5.219211e+00,1.013569e+00,1.072562e+00,1.214125e+00,1.025972e+00,1.096099e+00,1.064977e+00,1.077167e+00,1.047354e+00,1.026428e+00,1.075837e+00,1.112318e+00,1.018300e+00,1.057648e+00,1.160075e+00,1.045029e+00,1.117576e+00,1.081737e+00,1.102392e+00,9.862622e-01,1.090884e+00,1.051766e+00,1.069225e+00,1.038850e+00,1.096229e+00,1.036372e+00,1.092216e+00,9.303931e-01,1.110748e+00,1.141600e+00,1.195747e+00,1.085649e+00,1.074569e+00,1.135354e+00,1.124948e+00,1.077544e+00,1.169986e+00,1.086603e+00,1.059418e+00
1.130043e+00,1.144825e+00,1.030168e+00,1.172504e+00,1.072702e+00,1.048482e+00,1.078081e+00,1.196804e+00,1.047379e+00,1.042640e+00,1.120195e+00,1.134982e+00,9.788676e-01,1.017310e+00,1.100666e+00,1.024932e+00,1.145418e+00,1.122838e+00,1.104311e+00,1.269857e+00,1.100902e+00,1.122152e+00,1.107950e+00,1.216121e+00,1.102085e+00,1.058192e+00,9.647744e-01,1.052336e+00,1.240941e+00,1.077134e+00,1.064424e+00,1.131779e+00,1.180549e+00,1.151240e+00,1.033217e+00,1.107244e+00,1.046114e+00,1.051974e+00,1.352914e+00,1.149752e+00,1.054477e+00,9.818734e-01,1.168788e+00,1.186495e+00,1.107313e+00,1.043320e+00,1.663953e+00,1.039688e+01,1.046756e+00,1.203869e+00,5.209002e+00,9.249234e-01,1.073399e+00,9.812624e-01,1.149651e+00,1.109887e+00,1.340234e+00,1.323834e+00,9.966034e-01,9.958790e-01,1.215427e+00,1.074358e+00,1.135508e+00,1.081813e+00,1.071269e+00,9.985864e-01,9.866379e+00,1.043881e+00,1.256112e+00,1.053534e+00,1.056275e+00,1.051910e+00,1.110560e+00,1.135407e+00,1.080443e+00,3.811455e+00,1.120590e+00,1.331312e+00,1.022756e+00,1.213284e+00,1.093348e+00,9.371999e-01,1.523243e+00,1.172036e+00,1.000583e+00,1.093259e+00,1.145715e+00,2.403815e+00,nan,6.807588e+00,1.119441e+00,1.110976e+00,1.157223e+00,9.720176e-01,1.114871e+00,1.119443e+00,1.119174e+00,1.112019e+00,4.725805e+00,1.189061e+00,1.013705e+00,1.173311e+00,2.542645e+00,1.301497e+00,1.078204e+00,1.022280e+00,9.673888e-01,8.784238e+00,1.160670e+00,1.198017e+00,1.330757e+00,nan,1.333593e+00,1.038152e+01,1.018059e+00,1.356265e+00,9.878545e-01,1.040845e+00,1.141236e+00,1.020059e+00,1.040483e+00,1.789806e+00,7.225185e+00,8.032937e+00,5.107112e+00,8.759895e+00,1.003689e+00,1.975675e+00,nan,1.149732e+00,1.430250e+00,1.016591e+00,1.080084e+00,1.050621e+00,1.107105e+00,1.018328e+00,1.025090e+00,1.082485e+00,3.966639e+00,1.008952e+01,5.138217e+00,7.403020e+00,1.010142e+01,1.027603e+00,1.640786e+00,1.038862e+01,1.351496e+00,nan,8.420662e+00,1.012799e+00,1.005740e+01,1.001860e+00,9.399829e-01,4.757416e+00,9.660063e+00,1.217144e+00,9.081591e+00,8.876286e+00,1.040291e+00,1.135461e+00,1.051703e+00,1.166842e+00,1.181531e+00,1.017709e+00,1.000317e+00,1.032599e+00,1.079327e+00,1.219833e+00,1.098585e+00,1.101392e+00,1.093077e+00,1.036855e+00,7.451581e+00,1.248496e+00,1.063015e+00,3.939020e+00,2.755793e+00,1.482751e+00,1.084461e+00,1.044549e+00,1.021038e+00,9.945826e-01,1.058937e+00,1.104368e+00,1.052879e+00,1.278835e+00,1.088039e+00,1.106756e+00,1.032532e+00,1.185278e+00,1.123701e+00,1.038684e+00,1.141539e+00,9.977374e-01,1.148255e+00,1.083388e+00,1.161618e+00,9.715288e-01,1.103194e+00,1.231233e+00,1.116707e+00,1.024597e+00,1.023083e+00,1.064312e+00,1.012625e+00,1.132889e+00,1.133029e+00,1.084273e+00,1.044636e+00,1.090300e+00,1.021184e+00,9.837581e-01,1.214151e+00,1.007377e+00,1.128829e+00
1.060225e+00,1.079593e+00,1.084248e+00,1.046068e+00,1.051080e+00,1.269028e+00,1.020852e+00,1.069477e+00,1.049227e+00,1.194531e+00,1.074492e+00,1.144960e+00,1.073396e+00,1.096408e+00,9.727604e-01,1.091647e+00,1.120043e+00,1.028358e+00,1.035086e+00,1.166707e+00,1.010878e+00,1.123410e+00,1.060596e+00,9.881910e-01,1.165326e+00,1.011552e+00,1.106636e+00,1.080344e+00,1.024885e+00,1.039521e+00,1.074156e+00,1.090956e+00,1.064379e+00,1.103454e+00,1.211901e+00,1.207672e+00,1.108257e+00,1.035441e+00,1.142649e+00,1.045618e+00,1.089671e+00,1.089014e+00,1.051534e+00,1.112023e+00,1.141335e+00,1.121260e+00,1.538010e+00,1.231795e+00,1.018707e+00,1.125631e+00,1.049657e+00,9.303741e-01,1.207081e+00,9.825900e-01,9.947400e-01,9.653046e-01,1.063101e+00,1.098507e+00,1.111698e+00,9.830311e-01,8.963284e+00,9.672989e-01,1.117663e+00,1.183971e+00,9.748225e-01,1.154452e+00,1.055601e+00,9.747461e-01,9.519133e-01,1.082484e+00,1.044294e+00,1.136477e+00,1.078803e+00,1.041666e+00,1.096185e+00,1.391797e+00,1.018583e+00,1.185840e+00,1.093538e+00,1.092916e+00,1.141182e+00,1.149222e+00,1.283273e+00,1.023838e+00,4.965225e+00,1.266188e+00,1.146141e+00,8.760609e-01,1.073545e+00,1.205295e+00,1.003016e+00,1.292844e+00,1.477615e+00,1.045566e+00,1.080673e+00,1.186752e+00,9.928291e-01,1.187428e+00,9.953869e-01,1.015595e+00,1.047255e+00,2.285194e+00,1.014516e+00,1.107302e+00,1.166580e+00,9.942612e-01,9.988446e-01,1.227088e+00,4.536776e+00,1.172294e+00,2.558056e+00,1.124806e+00,9.587922e-01,1.191092e+00,1.007755e+00,1.060883e+00,1.105892e+00,1.140306e+00,9.231126e-01,1.067648e+00,9.512585e+00,7.449084e+00,2.104002e+00,1.166311e+00,1.075343e+00,1.162229e+00,1.171412e+00,1.262083e+00,1.109016e+00,1.101167e+00,9.614498e+00,1.108477e+00,9.658952e+00,1.195496e+00,1.089887e+00,1.034244e+00,9.715005e-01,9.068778e-01,6.340837e+00,1.088014e+00,9.717007e-01,9.721016e-01,1.068601e+00,6.434662e+00,9.299199e-01,1.156863e+00,1.041866e+01,1.339380e+00,1.069906e+00,1.075254e+00,1.113243e+00,1.015856e+00,1.241877e+00,5.766978e+00,1.738553e+00,9.583038e-01,9.247700e-01,1.074932e+00,9.309727e-01,1.152318e+00,1.117756e+00,1.047421e+00,1.089882e+00,1.770310e+00,1.112716e+00,1.045291e+00,1.115157e+00,9.941280e-01,9.203697e-01,1.000613e+00,9.660642e-01,1.044886e+00,4.071716e+00,2.253497e+00,9.823867e+00,3.614098e+00,1.856414e+00,1.143833e+00,3.004562e+00,1.135428e+00,1.102096e+00,1.257120e+00,1.274481e+00,1.052568e+00,1.130163e+00,1.187872e+00,1.094325e+00,1.088301e+00,1.089545e+00,1.043812e+00,1.014888e+00,1.108712e+00,1.133775e+00,1.062096e+00,1.028827e+00,1.082901e+00,9.888577e-01,1.057359e+00,1.169989e+00,1.107930e+00,9.966787e-01,1.034101e+00,1.028963e+00,1.099934e+00,1.186168e+00,9.474438e-01,1.016990e+00,1.016006e+00,1.168787e+00,1.008173e+00,1.053621e+00,1.159301e+00,1.111236e+00,1.028778e+00,1.025400e+00
1.088466e+00,1.079165e+00,9.959406e-01,1.061805e+00,1.170440e+00,1.248979e+00,1.024420e+00,9.487349e-01,1.289929e+00,1.015731e+00,9.715070e-01,9.890595e-01,1.052439e+00,1.065317e+00,1.209780e+00,1.086127e+00,1.078312e+00,1.047258e+00,1.028677e+00,9.686356e-01,9.444768e-01,1.399061e+00,1.074398e+00,1.042718e+00,1.078895e+00,1.001008e+00,1.003758e+00,9.830555e-01,9.275636e-01,1.110111e+00,9.876892e-01,1.279473e+00,1.139997e+00,1.019330e+00,1.073701e+00,1.135278e+00,1.241589e+00,1.042779e+00,9.911297e-01,9.869082e-01,1.719500e+00,1.026462e+00,1.066804e+00,9.666058e-01,1.003517e+00,1.105339e+00,1.005526e+00,1.049509e+00,1.034699e+00,1.386016e+00,1.428790e+00,1.046960e+00,1.149995e+00,1.122865e+00,9.900686e-01,1.008514e+00,1.167396e+00,9.408634e-01,1.046637e+00,1.116861e+00,1.160335e+00,1.235560e+00,1.128193e+00,1.187054e+00,1.019781e+00,1.028671e+00,2.322253e+00,1.086549e+00,1.011864e+00,1.068987e+00,9.708085e-01,1.373798e+00,1.036834e+01,1.128457e+00,1.089140e+00,1.000718e+00,1.281007e+00,1.016666e+00,1.102300e+00,1.250413e+00,1.277360e+00,7.269491e+00,1.206056e+00,1.083291e+00,1.016975e+00,1.188132e+00,1.084942e+00,1.058936e+00,1.000998e+00,9.908314e-01,1.170788e+00,1.015895e+00,1.093901e+00,1.233224e+00,1.063659e+00,9.729483e-01,1.664083e+00,1.046689e+00,1.094779e+00,1.042240e+00,1.113923e+00,1.171526e+00,1.025966e+00,1.318984e+00,9.829406e-01,1.106296e+00,1.241333e+00,1.085386e+00,1.440221e+00,1.148837e+00,2.104661e+00,1.410500e+00,1.137331e+00,1.076500e+00,1.525189e+00,3.361993e+00,1.010833e+01,1.439953e+00,9.769017e+00,1.201596e+00,1.348034e+00,7.807766e+00,1.146617e+00,1.083023e+00,1.005443e+00,2.257210e+00,1.454060e+00,1.241589e+00,1.082238e+00,1.552807e+00,nan,8.703922e+00,1.524129e+00,1.298419e+00,1.149383e+00,1.198659e+00,9.886146e-01,1.004890e+00,1.622621e+00,8.268326e+00,9.778158e-01,9.983764e-01,2.821091e+00,9.988435e-01,9.626771e-01,9.391499e+00,1.047626e+00,1.163238e+00,1.188865e+00,1.005283e+00,1.077345e+00,1.028710e+00,9.936432e-01,8.612723e+00,1.082174e+00,1.308170e+00,9.513624e+00,8.594427e+00,9.853716e-01,2.267956e+00,1.026619e+00,1.124444e+00,1.199927e+00,1.372845e+00,1.049925e+00,1.147147e+00,1.093621e+00,1.017314e+00,1.032050e+00,1.173131e+00,1.103461e+00,1.118487e+00,9.582642e-01,1.220595e+00,1.031559e+01,3.714381e+00,3.655289e+00,9.972659e-01,1.042020e+00,1.115520e+00,1.146152e+00,1.127563e+00,1.121661e+00,1.082003e+00,1.093740e+00,9.703478e-01,1.118942e+00,2.386632e+00,1.179854e+00,9.920243e-01,1.046646e+00,1.140311e+00,9.893077e-01,1.035418e+00,1.187276e+00,1.054368e+00,9.533275e-01,1.000752e+00,1.088379e+00,1.031929e+00,9.654276e-01,9.900494e-01,1.047730e+00,1.132233e+00,1.100050e+00,1.292149e+00,1.114245e+00,1.064909e+00,1.052373e+00,1.186550e+00,1.122910e+00,1.091521e+00,1.037455e+00,1.117061e+00,1.002475e+00
1.039998e+00,1.033285e+00,9.947260e-01,9.770554e-01,1.066908e+00,1.045222e+00,1.129046e+00,1.053033e+00,1.091389e+00,1.055447e+00,9.419642e-01,1.279324e+00,1.012042e+00,1.105926e+00,9.758436e-01,1.034366e+00,1.047788e+00,1.026873e+00,9.557920e-01,1.015455e+00,1.151446e+00,1.233544e+00,1.098627e+00,9.686330e-01,1.091573e+00,1.092728e+00,1.120464e+00,1.084003e+00,1.128448e+00,9.919461e-01,1.034688e+00,1.029395e+00,1.012744e+00,1.022331e+00,1.103380e+00,1.155468e+00,1.018725e+00,1.085144e+00,9.440656e-01,1.017366e+00,1.096461e+00,9.849314e-01,1.199507e+00,1.131330e+00,1.081957e+00,9.310441e-01,1.086473e+00,1.205282e+00,1.086551e+00,1.111354e+00,1.175507e+00,9.894521e-01,1.137460e+00,1.146723e+00,1.150167e+00,1.037366e+00,1.070418e+00,1.000284e+00,1.092125e+00,1.024306e+00,1.068234e+00,9.624764e-01,1.058901e+00,9.621371e-01,1.028810e+00,1.139654e+00,1.094588e+00,1.101717e+00,4.446910e+00,1.115001e+00,3.675696e+00,1.195938e+00,1.064958e+00,1.096229e+00,2.832499e+00,4.123195e+00,1.184350e+00,1.307096e+00,1.063477e+00,1.169582e+00,1.014726e+00,1.257696e+00,9.570580e-01,1.091455e+00,1.057502e+00,1.554675e+00,1.151652e+00,1.177701e+00,1.007975e+00,9.502327e-01,1.072803e+00,1.216904e+00,1.396985e+00,1.147433e+00,9.895476e-01,1.330608e+00,1.050532e+00,1.002900e+00,4.998627e+00,1.094991e+00,9.341679e-01,1.059756e+00,9.629954e-01,1.066135e+00,1.056024e+00,1.205237e+00,1.230272e+00,1.106686e+00,9.205051e-01,3.259553e+00,1.792373e+00,1.037567e+00,9.585158e-01,1.336419e+00,1.502464e+00,1.263736e+00,9.987444e-01,1.058854e+00,1.130298e+00,1.199463e+00,1.125268e+00,1.091996e+00,1.105385e+00,1.258341e+00,9.898079e-01,9.177643e-01,9.824904e-01,1.344895e+00,1.029840e+01,9.786584e-01,1.542065e+00,2.011170e+00,1.507171e+00,9.918641e+00,2.756104e+00,nan,6.818258e+00,1.175942e+00,7.454524e+00,9.801152e-01,1.038768e+01,1.112072e+00,1.389117e+00,1.136785e+00,9.426783e-01,1.034739e+01,1.040802e+01,1.472215e+00,1.136040e+00,1.252156e+00,1.332377e+00,9.141833e-01,1.344063e+00,1.087392e+00,nan,4.639570e+00,9.242416e-01,1.730248e+00,1.057033e+00,1.107508e+00,1.441033e+00,1.061805e+00,1.933509e+00,1.088714e+00,9.383203e-01,1.122192e+00,1.040229e+00,9.684711e-01,1.008706e+00,9.248170e-01,1.136126e+00,1.182874e+00,1.123098e+00,1.134577e+00,1.168476e+00,1.060951e+00,9.922419e-01,2.304379e+00,1.401979e+00,1.059429e+00,1.435328e+00,9.614402e-01,1.076320e+00,1.016332e+00,1.045447e+00,1.117621e+00,1.058466e+00,1.031916e+00,1.024471e+00,1.163257e+00,1.308862e+00,9.213902e-01,1.106839e+00,1.053028e+00,1.094549e+00,1.107083e+00,1.028139e+00,1.082884e+00,1.115870e+00,1.021188e+00,1.042972e+00,1.096165e+00,1.056457e+00,1.039477e+00,9.002523e-01,9.710849e-01,1.015942e+00,1.109230e+00,9.868648e-01,1.060915e+00,1.053369e+00,1.057097e+00,1.058103e+00,1.213381e+00,1.097679e+00
1.049624e+00,1.009658e+00,1.014982e+00,1.095261e+00,1.067035e+00,1.037551e+00,1.066826e+00,1.057373e+00,1.076670e+00,1.024039e+00,1.050706e+00,1.031447e+00,1.049054e+00,1.238675e+00,1.191867e+00,1.081054e+00,1.103159e+00,1.127184e+00,9.546516e-01,9.453880e-01,9.529557e-01,1.108078e+00,9.642393e-01,1.133682e+00,1.013048e+00,9.863463e-01,9.930526e-01,1.163293e+00,1.119654e+00,1.142287e+00,9.774751e-01,9.364829e-01,1.146146e+00,1.234766e+00,9.592749e-01,1.091868e+00,9.942182e-01,1.120601e+00,9.055529e-01,1.065858e+00,9.592036e-01,1.250194e+00,1.674057e+00,1.041866e+01,1.125926e+00,nan,1.001533e+00,nan,1.057592e+00,1.082622e+00,1.045615e+00,1.053277e+00,1.052855e+00,1.014713e+00,1.081029e+00,1.109410e+00,1.047830e+00,1.132310e+00,1.027788e+00,1.209126e+00,1.081363e+00,1.020232e+00,1.252955e+00,1.213675e+00,1.099370e+00,1.014458e+01,1.086229e+00,1.047444e+00,1.030371e+00,1.167421e+00,9.919003e-01,1.056515e+00,9.540034e-01,1.116826e+00,1.050350e+00,1.127698e+00,1.140865e+00,1.039258e+00,1.277292e+00,1.430949e+00,1.192006e+00,1.187316e+00,1.114697e+00,1.104538e+00,1.160504e+00,1.784912e+00,1.051341e+00,1.105852e+00,5.702960e+00,1.094537e+00,1.005193e+00,1.240959e+00,1.196194e+00,1.050258e+00,1.210434e+00,1.087276e+00,1.007283e+00,1.045470e+00,9.788360e-01,1.100593e+00,1.006266e+00,1.303267e+00,9.975519e-01,1.227593e+00,1.018459e+00,1.170847e+00,9.425599e-01,2.911537e+00,3.819912e+00,5.340294e+00,1.083374e+00,1.335312e+00,1.211028e+00,1.597520e+00,1.036234e+00,1.173659e+00,1.166899e+00,1.179805e+00,1.157736e+00,1.192336e+00,1.114521e+00,1.064738e+00,1.127985e+00,1.621671e+00,1.150362e+00,nan,nan,1.038201e+00,1.377637e+00,9.770158e+00,1.534422e+00,1.240168e+00,8.249130e+00,1.041862e+01,1.041442e+01,1.371482e+00,9.821148e-01,1.670382e+00,1.030091e+00,9.847891e-01,1.253644e+00,1.211921e+00,1.044672e+00,1.143127e+00,1.016989e+00,1.581619e+00,5.713120e+00,1.282799e+00,4.780516e+00,9.641428e-01,1.141838e+00,2.896063e+00,8.829288e+00,9.811385e-01,3.949887e+00,1.091025e+00,1.024749e+00,1.136857e+00,1.156928e+00,8.029360e+00,1.117053e+00,8.502815e+00,1.100070e+00,9.719448e-01,1.062128e+00,1.124661e+00,1.003073e+00,1.083805e+00,1.122413e+00,9.770643e-01,1.017629e+00,9.451186e-01,1.056550e+00,1.606008e+00,nan,1.210812e+00,1.120408e+00,1.041866e+01,1.055285e+00,1.129660e+00,1.074921e+00,1.014274e+00,1.021616e+00,1.073955e+00,1.150703e+00,1.090264e+00,1.315696e+00,1.121877e+00,1.124814e+00,1.039214e+00,1.044556e+00,1.041308e+00,1.306324e+00,9.582252e-01,1.080526e+00,1.002170e+00,1.011193e+00,1.032032e+00,1.094336e+00,9.861968e-01,1.124369e+00,9.982788e-01,1.078771e+00,1.088924e+00,1.029548e+00,9.279917e-01,1.136089e+00,1.068360e+00,1.049511e+00,1.036283e+00,1.091905e+00,1.119692e+00,1.071031e+00,1.223996e+00,1.001163e+00
1.077123e+00,1.004861e+00,1.064039e+00,1.183259e+00,1.016549e+00,9.856703e-01,1.072713e+00,1.026723e+00,1.018390e+00,1.112895e+00,1.137432e+00,1.005682e+00,1.188549e+00,9.588215e-01,1.066648e+00,1.083625e+00,1.029321e+00,9.832551e-01,1.041261e+00,1.057168e+00,1.049191e+00,1.113026e+00,1.119116e+00,1.062498e+00,1.090582e+00,1.064839e+00,1.107154e+00,1.183250e+00,1.147490e+00,1.217312e+00,1.047707e+00,1.099472e+00,1.043482e+00,1.132718e+00,1.170195e+00,1.202166e+00,1.176910e+00,1.031853e+00,1.224786e+00,1.085223e+00,1.103180e+00,1.206878e+00,1.075374e+00,1.070801e+00,9.751200e+00,1.042179e+00,1.070761e+00,3.293640e+00,1.100778e+00,1.175006e+00,1.070084e+00,1.111875e+00,1.130036e+00,1.046360e+00,1.092293e+00,1.195426e+00,1.022282e+00,1.030594e+00,1.054836e+00,1.054969e+00,1.101889e+00,1.228339e+00,9.653063e-01,8.768986e+00,1.162864e+00,1.004585e+00,1.133050e+00,1.013722e+00,9.963978e-01,1.041975e+00,1.108035e+00,9.718176e-01,1.137518e+00,1.121154e+00,9.547793e-01,1.096222e+00,1.094414e+00,1.032911e+00,1.150029e+00,1.146987e+00,1.077895e+00,1.196042e+00,1.068694e+00,1.040738e+00,9.858388e-01,9.802231e-01,1.135439e+00,1.155599e+00,1.671768e+00,9.789216e-01,1.333454e+00,1.133244e+00,1.100144e+00,1.046648e+00,9.797420e-01,1.136475e+00,1.058479e+00,1.500826e+00,1.037611e+00,1.120914e+00,1.132161e+00,1.000796e+00,1.237735e+00,9.300954e-01,3.208457e+00,3.127115e+00,9.544752e-01,2.183506e+00,1.159922e+00,1.157845e+00,1.117734e+00,1.030843e+00,1.013337e+01,1.167149e+00,1.193287e+00,1.073634e+00,1.125597e+00,1.102565e+00,1.264952e+00,9.829020e-01,1.302718e+00,1.056771e+00,1.379030e+00,2.910018e+00,1.166203e+00,7.676128e+00,1.376148e+00,1.125161e+00,6.874305e+00,9.541575e+00,1.294502e+00,1.235885e+00,2.659221e+00,1.054134e+00,1.008054e+00,1.070831e+00,7.801638e+00,2.604864e+00,1.458184e+00,1.066052e+00,1.215306e+00,1.111057e+00,1.207078e+00,1.339801e+00,5.476825e+00,1.025685e+00,1.022543e+00,9.689416e-01,1.145741e+00,1.215355e+00,1.956544e+00,9.926636e-01,1.073784e+00,1.153785e+00,1.194101e+00,1.200448e+00,1.051828e+00,1.161875e+00,9.371977e-01,9.858373e-01,1.049243e+00,1.107401e+00,1.101519e+00,9.416152e-01,1.063400e+00,1.026819e+00,1.076165e+00,1.011821e+00,6.400567e+00,1.029902e+00,1.057328e+00,1.066638e+00,1.214201e+00,9.615731e-01,9.494499e-01,1.133423e+00,1.094159e+00,nan,1.368986e+00,9.620948e+00,1.021510e+00,1.024868e+00,1.147105e+00,1.162890e+00,1.025430e+00,1.040917e+00,1.098694e+00,1.093477e+00,1.056450e+00,1.033167e+00,9.640628e-01,1.599698e+00,1.047374e+00,1.089408e+00,1.070053e+00,1.056899e+00,1.020708e+00,9.890691e-01,1.000463e+00,1.057502e+00,1.084534e+00,1.094466e+00,1.036121e+00,1.131365e+00,9.999753e-01,1.089584e+00,9.763565e-01,1.004156e+00,1.097749e+00,1.012177e+00,9.566798e-01,1.121019e+00,9.974090e-01,1.035157e+00,1.093119e+00
9.980180e-01,1.001755e+00,1.124481e+00,1.117814e+00,1.065706e+00,1.070281e+00,1.079086e+00,1.112874e+00,1.146016e+00,1.132805e+00,9.766484e-01,1.088622e+00,1.083448e+00,1.150187e+00,1.232947e+00,1.034806e+00,1.153787e+00,1.130318e+00,9.707813e-01,9.804666e-01,9.558894e-01,1.121305e+00,1.103587e+00,1.169164e+00,1.058562e+00,1.082905e+00,1.008122e+00,1.060918e+00,1.041742e+00,9.649855e-01,1.118351e+00,1.018764e+00,1.150056e+00,1.025237e+00,1.165313e+00,1.347038e+00,1.096848e+00,1.059124e+00,1.742405e+00,1.039789e+00,1.129394e+00,1.001137e+01,1.927202e+00,9.449690e-01,9.820125e-01,9.994343e-01,9.680288e-01,9.609484e-01,1.042839e+00,1.110720e+00,1.098982e+00,1.228295e+00,9.872223e-01,1.123029e+00,1.066423e+00,9.695198e-01,9.733811e-01,1.053739e+00,1.065058e+00,1.184013e+00,9.836258e-01,9.725760e-01,1.013972e+00,1.009752e+00,9.415484e-01,1.134232e+00,1.212075e+00,4.685499e+00,3.084317e+00,1.087345e+00,9.362255e-01,9.168537e-01,9.296273e-01,1.069382e+00,1.130365e+00,1.324846e+00,1.158696e+00,3.300931e+00,1.129728e+00,1.067248e+00,1.062567e+00,1.021986e+00,1.039294e+00,3.680330e+00,1.039986e+00,nan,1.019171e+00,1.202973e+00,1.092691e+00,1.125060e+00,1.157462e+00,1.297480e+00,1.109928e+00,1.091980e+00,1.040160e+00,1.008711e+00,1.085052e+00,1.107956e+00,1.328529e+00,1.079288e+00,1.089771e+00,1.199557e+00,1.041866e+01,1.631379e+00,9.941416e+00,1.054170e+00,9.866236e-01,1.034965e+00,1.159566e+00,2.295814e+00,1.085572e+00,1.130181e+00,1.078419e+00,1.346700e+00,1.418844e+00,1.299135e+00,1.165146e+00,1.349363e+00,1.018740e+00,1.128594e+00,1.271123e+00,1.321350e+00,1.111160e+00,9.592060e-01,1.417336e+00,1.158028e+00,1.038432e+00,1.197934e+00,5.895615e+00,2.252444e+00,9.667910e+00,1.333009e+00,2.989060e+00,9.989001e-01,1.167536e+00,9.707112e+00,1.288565e+00,1.489540e+00,1.093484e+00,1.219874e+00,1.215258e+00,1.720904e+00,1.636453e+00,1.243754e+00,1.213571e+00,9.713558e+00,1.630609e+00,1.044212e+00,1.083982e+00,9.917787e-01,1.014778e+00,1.043723e+00,1.076090e+00,1.051303e+00,1.420926e+00,1.103585e+00,9.880790e-01,1.086519e+00,1.071841e+00,1.106333e+00,1.088893e+00,1.080145e+00,1.044363e+00,1.024902e+00,1.067547e+00,1.001255e+00,1.245445e+00,1.108126e+00,1.036901e+00,1.162254e+00,1.063654e+00,1.263905e+00,1.177117e+00,1.011353e+00,4.780595e+00,1.259829e+00,1.386738e+00,1.074240e+00,2.805394e+00,1.014908e+00,1.082983e+00,1.346463e+00,1.082904e+00,9.613998e-01,1.078722e+00,1.049791e+00,1.018102e+00,1.126183e+00,1.143685e+00,1.069499e+00,1.058739e+00,1.127676e+00,1.097754e+00,1.089568e+00,1.105315e+00,1.115614e+00,1.126194e+00,9.996486e-01,1.191948e+00,1.157196e+00,1.099300e+00,1.182615e+00,1.229956e+00,1.125043e+00,1.085904e+00,9.996836e-01,9.756111e-01,1.065610e+00,9.588746e-01,9.454772e-01,1.229626e+00,1.053273e+00,1.078596e+00,9.697447e-01,1.092491e+00
1.153644e+00,1.050232e+00,1.046385e+00,1.017508e+00,1.061301e+00,1.081904e+00,9.827822e-01,1.113622e+00,1.209772e+00,1.162807e+00,1.038571e+00,1.001523e+00,1.010431e+00,1.090129e+00,1.100861e+00,1.038831e+00,1.158357e+00,1.107913e+00,1.071412e+00,1.019875e+00,1.076301e+00,1.112037e+00,1.070905e+00,1.193159e+00,9.915585e-01,1.277089e+00,1.017618e+00,1.084812e+00,1.076073e+00,1.122572e+00,1.067448e+00,1.071186e+00,9.966337e-01,1.184113e+00,9.901890e-01,1.054129e+00,1.080249e+00,1.065064e+00,1.129408e+00,1.066897e+00,1.110111e+00,1.162563e+00,1.125183e+00,9.646907e-01,1.042145e+00,9.979267e-01,1.098438e+00,1.140531e+00,9.961192e-01,1.037940e+00,1.000409e+00,9.547031e-01,1.146843e+00,9.661375e-01,1.165706e+00,1.008518e+00,1.224608e+00,1.068348e+00,1.089053e+00,1.078857e+00,1.024161e+00,1.182694e+00,1.006207e+00,1.049878e+00,1.034595e+00,1.110326e+00,1.107555e+00,1.266032e+00,2.214775e+00,1.231256e+00,1.092045e+00,1.187879e+00,1.171979e+00,1.142158e+00,1.178965e+00,1.140456e+00,1.078979e+00,1.076446e+00,1.759581e+00,1.125861e+00,1.124077e+00,1.017729e+00,1.076779e+00,1.061111e+00,1.056616e+00,1.340060e+00,1.132532e+00,1.126261e+00,1.108268e+00,1.264800e+00,1.180024e+00,9.921528e-01,1.187994e+00,1.622064e+00,1.063700e+00,1.402432e+00,1.010355e+00,1.085345e+00,1.175726e+00,1.170886e+00,5.372674e+00,1.006661e+00,9.432185e-01,9.708397e-01,1.276119e+00,1.065700e+00,1.047195e+00,1.026041e+00,1.038027e+00,1.001900e+00,1.232656e+00,1.545462e+00,1.117150e+00,9.472940e-01,1.397966e+00,1.139734e+00,1.104580e+00,1.130903e+00,1.202843e+00,1.567700e+00,8.934294e-01,1.269901e+00,1.376767e+00,7.772708e+00,1.038829e+01,1.045909e+00,1.991449e+00,4.602795e+00,1.044823e+00,1.250702e+00,1.000621e+01,1.108664e+00,1.268011e+00,1.345836e+00,1.439710e+00,2.255914e+00,1.224853e+00,1.208200e+00,1.036813e+00,8.560226e+00,1.190777e+00,1.087852e+00,1.663947e+00,1.023426e+00,1.111852e+00,1.814036e+00,1.293323e+00,1.416029e+00,1.075136e+00,1.026737e+00,1.072473e+00,1.020419e+00,1.081867e+00,9.936944e-01,1.024645e+00,1.229343e+00,1.089830e+00,1.227936e+00,1.099394e+00,1.117689e+00,1.026621e+00,1.080397e+00,1.172556e+00,9.849038e-01,1.086260e+00,1.164249e+00,1.191804e+00,1.052773e+00,1.056730e+00,1.027515e+00,1.109554e+00,1.173431e+00,1.014607e+00,1.000719e+00,1.145257e+00,1.066279e+00,9.216818e+00,nan,1.755053e+00,3.041216e+00,8.430934e+00,4.538315e+00,1.095887e+00,1.168301e+00,1.089683e+00,1.013356e+00,1.124644e+00,1.425172e+00,7.931563e+00,8.926338e-01,9.377407e-01,1.176034e+00,1.077782e+00,9.942746e-01,1.054505e+00,1.108009e+00,1.111949e+00,1.084267e+00,1.058159e+00,1.117868e+00,1.160164e+00,1.109829e+00,1.132129e+00,1.065829e+00,1.509487e+00,1.138448e+00,1.095630e+00,1.132748e+00,1.083432e+00,9.061331e-01,1.029637e+00,1.045621e+00,1.131556e+00,1.215306e+00,1.009867e+00
1.040496e+00,1.037694e+00,1.039379e+00,1.096693e+00,1.099468e+00,1.013876e+00,1.085906e+00,1.009450e+00,9.472766e-01,1.008289e+00,1.103179e+00,9.320166e-01,1.007428e+00,1.082896e+00,9.579582e-01,9.208387e-01,1.063300e+00,9.785317e-01,1.003334e+00,1.121993e+00,1.139252e+00,1.142882e+00,1.058036e+00,1.070975e+00,1.172327e+00,1.015358e+00,9.397955e-01,9.554704e-01,1.007519e+00,1.026929e+00,1.046276e+00,1.046738e+00,9.947036e-01,1.083009e+00,1.101002e+00,9.343917e-01,9.379160e-01,1.033357e+00,1.131827e+00,1.127827e+00,1.024642e+00,1.081761e+00,1.131384e+00,1.268044e+00,1.077473e+00,9.811601e-01,9.351003e-01,9.853411e-01,1.029659e+00,1.065755e+00,9.710408e-01,1.035493e+00,1.011406e+00,1.076985e+00,1.204759e+00,9.795116e-01,9.396375e-01,1.018435e+00,1.009145e+00,1.099426e+00,1.378033e+00,9.592887e-01,1.014515e+00,1.086440e+00,1.232952e+00,9.735484e-01,1.121640e+00,1.235543e+00,9.837639e-01,1.326044e+00,1.033972e+00,1.924637e+00,1.171058e+00,1.148482e+00,1.898255e+00,9.955296e-01,1.028082e+00,1.259202e+00,1.097831e+00,9.959086e-01,1.101080e+00,1.397946e+00,nan,1.061057e+00,1.134445e+00,1.055318e+00,1.003113e+00,1.192220e+00,1.055508e+00,1.310950e+00,1.091393e+00,1.360360e+00,7.901080e+00,1.049214e+00,1.022384e+00,1.089792e+00,1.078643e+00,9.759258e-01,1.191195e+00,1.239727e+00,1.464364e+00,1.095829e+00,1.036125e+00,1.114278e+00,1.066145e+00,1.389473e+00,1.481417e+00,1.016693e+00,1.292630e+00,4.349076e+00,1.261645e+00,1.039247e+01,9.706654e-01,1.190475e+00,1.052847e+00,1.296062e+00,1.272126e+00,1.065989e+00,1.160326e+00,1.060148e+00,5.191250e+00,1.215976e+00,1.647877e+00,1.256606e+00,8.454428e+00,9.666615e-01,1.075116e+00,1.006023e+00,1.071162e+00,9.095659e+00,1.430361e+00,9.822584e-01,1.137438e+00,nan,8.507648e+00,1.054131e+00,1.895110e+00,9.264217e-01,1.328766e+00,4.354167e+00,1.630497e+00,1.297575e+00,1.333027e+00,1.011193e+01,1.355700e+00,1.172839e+00,1.198523e+00,1.067559e+00,9.795322e-01,1.205859e+00,8.992200e-01,1.172643e+00,9.744425e-01,1.118159e+00,1.011002e+00,1.216178e+00,1.027869e+00,1.197263e+00,9.952967e-01,1.003086e+00,1.006508e+00,1.058962e+00,1.109198e+00,1.001890e+00,9.215115e-01,1.094677e+00,1.055429e+00,1.041935e+00,1.150351e+00,1.045522e+00,1.127326e+00,3.688621e+00,4.002331e+00,1.159963e+00,1.288074e+00,1.123244e+00,1.739272e+00,nan,1.150721e+00,1.030111e+00,9.892717e-01,9.098507e-01,1.210980e+00,1.148762e+00,1.170379e+00,1.090189e+00,9.819960e-01,1.038770e+00,1.180463e+00,9.571351e-01,1.178983e+00,1.092691e+00,1.000771e+00,1.129601e+00,9.811291e-01,1.098947e+00,1.003574e+00,1.012375e+00,1.163001e+00,1.105983e+00,1.040336e+00,1.048550e+00,1.104937e+00,9.591492e-01,1.001769e+00,1.014436e+00,9.948223e-01,9.485323e-01,1.070591e+00,1.123508e+00,9.762374e-01,1.061486e+00,1.252344e+00,9.972218e-01,1.149763e+00
9.764447e-01,1.076774e+00,1.080024e+00,1.123696e+00,9.429594e-01,1.066786e+00,1.038918e+00,1.104120e+00,1.095301e+00,1.182079e+00,1.100668e+00,1.129831e+00,1.045846e+00,9.702419e-01,1.144466e+00,1.048853e+00,1.055072e+00,1.025984e+00,1.021761e+00,1.177920e+00,1.190054e+00,1.118570e+00,1.068001e+00,1.006593e+00,9.868742e-01,9.790507e-01,1.128422e+00,9.810116e-01,9.791630e-01,1.007998e+00,1.075797e+00,1.208986e+00,1.065958e+00,1.036929e+00,1.114674e+00,1.051170e+00,1.185643e+00,1.003396e+00,1.063810e+00,1.030927e+00,1.058089e+00,1.129578e+00,1.091343e+00,1.150117e+00,9.278673e-01,1.173457e+00,1.056160e+00,9.683212e-01,1.011221e+00,1.053346e+00,9.890038e-01,1.021661e+00,1.146961e+00,9.877412e-01,9.799534e-01,1.056192e+00,1.131048e+00,1.038644e+00,1.016577e+00,1.169625e+00,1.278413e+00,1.009663e+00,1.015647e+00,1.155108e+00,1.155052e+00,9.468816e-01,9.604891e-01,9.648561e-01,9.980787e-01,1.204753e+00,1.209266e+00,9.628493e+00,1.352217e+00,1.209167e+00,1.052664e+00,1.041431e+00,1.139558e+00,1.125027e+00,9.348314e-01,1.172408e+00,1.085574e+00,1.138517e+00,1.189494e+00,1.199333e+00,1.002204e+00,5.484630e+00,9.559644e-01,1.012406e+00,1.208846e+00,1.041892e+00,1.054195e+00,7.489502e+00,1.178450e+00,1.299889e+00,1.101150e+00,1.198160e+00,1.072356e+00,1.081933e+00,1.151746e+00,1.194458e+00,9.273934e-01,1.152141e+00,1.187268e+00,1.099005e+00,1.311288e+00,1.109335e+00,7.903065e+00,1.332502e+00,1.302567e+00,1.184954e+00,1.218261e+00,7.606265e+00,1.344123e+00,3.290475e+00,1.135519e+00,1.465898e+00,9.574316e-01,9.483413e-01,1.099633e+00,1.311908e+00,1.080593e+00,1.013412e+00,1.131472e+00,1.863841e+00,9.471719e+00,1.533981e+00,1.410756e+00,1.045264e+00,1.128020e+00,1.291645e+00,1.104595e+00,nan,1.401916e+00,1.048604e+00,1.334290e+00,1.318815e+00,1.194952e+00,1.291083e+00,nan,1.141835e+00,4.323381e+00,1.081959e+00,2.328614e+00,1.312920e+00,1.254464e+00,1.072131e+00,1.296290e+00,1.309766e+00,1.236508e+00,1.041091e+00,1.025071e+00,1.073229e+00,1.038419e+00,1.089253e+00,1.048730e+00,1.165158e+00,1.039901e+00,9.663544e-01,1.087952e+00,1.054224e+00,1.034276e+00,1.018209e+00,1.053664e+00,1.154915e+00,1.106699e+00,1.333254e+00,2.748003e+00,1.032974e+00,1.494746e+00,1.015232e+00,1.030711e+00,1.074551e+00,1.109392e+00,1.187518e+00,1.130152e+00,nan,1.166232e+00,7.800087e+00,1.033597e+00,1.006943e+00,1.462012e+00,nan,1.479215e+00,9.641927e-01,1.196177e+00,1.151472e+00,1.076712e+00,1.244573e+00,9.672437e-01,1.241340e+00,1.102133e+00,9.653865e-01,1.136820e+00,1.167833e+00,1.064462e+00,1.043170e+00,1.238804e+00,1.064496e+00,9.837802e-01,1.192818e+00,1.066231e+00,1.182056e+00,1.099008e+00,1.003519e+00,1.040556e+00,1.049931e+00,1.000587e+00,1.087204e+00,1.154138e+00,1.181708e+00,1.111188e+00,1.080308e+00,8.867625e-01,1.080837e+00,1.063454e+00
1.010564e+00,1.126285e+00,9.374409e-01,1.082337e+00,1.028660e+00,1.195868e+00,9.175628e-01,1.138445e+00,1.065748e+00,1.112325e+00,1.113379e+00,1.075354e+00,9.953931e-01,1.007255e+00,1.086549e+00,1.300913e+00,1.043828e+00,1.307417e+00,1.100330e+00,1.050217e+00,1.101367e+00,1.222679e+00,1.039290e+00,1.086208e+00,1.000895e+00,1.186070e+00,1.075837e+00,1.095118e+00,1.104254e+00,1.016731e+00,9.457352e-01,1.026752e+00,9.621855e-01,1.102170e+00,1.089311e+00,1.080821e+00,1.107911e+00,1.097485e+00,1.000843e+00,9.816295e-01,9.789755e-01,9.972296e-01,1.032582e+00,1.233329e+00,1.206790e+00,1.093242e+00,1.444228e+00,1.059945e+00,1.259478e+00,9.906186e-01,9.629010e-01,1.021806e+00,1.115978e+00,1.107157e+00,1.065833e+00,1.106680e+00,1.110428e+00,1.067353e+00,1.137193e+00,1.023255e+00,1.107738e+00,1.228429e+00,9.913248e-01,1.144550e+00,1.072162e+00,1.031872e+00,1.494353e+00,1.042302e+00,1.097130e+00,1.154215e+00,1.017986e+00,1.104504e+00,1.247698e+00,1.236206e+00,1.039137e+00,1.047664e+00,1.114820e+00,1.249958e+00,1.139214e+00,1.011789e+00,1.163134e+00,1.070686e+00,1.164037e+00,9.884893e-01,1.128265e+00,1.005900e+00,1.073367e+00,1.078842e+00,1.357854e+00,1.251835e+00,1.115677e+00,1.037852e+00,1.137997e+00,9.789148e-01,1.048720e+00,1.063804e+00,1.220427e+00,2.888523e+00,1.347275e+00,1.279047e+00,1.420018e+00,7.163262e+00,5.236337e+00,1.623843e+00,1.050483e+00,1.022851e+00,1.160202e+00,1.129301e+00,1.174908e+00,1.081477e+00,1.171905e+00,1.236050e+00,1.305813e+00,1.242290e+00,1.028236e+00,1.285395e+00,1.037041e+01,1.104903e+00,1.994544e+00,1.274818e+00,1.226130e+00,1.041866e+01,1.182284e+00,1.060705e+00,1.551885e+00,4.153728e+00,1.836879e+00,1.736568e+00,9.483021e-01,9.743847e-01,1.048384e+00,1.678252e+00,1.007770e+01,1.140279e+00,1.170714e+00,1.080648e+00,1.922794e+00,1.099422e+00,9.252968e+00,1.244843e+00,1.039127e+00,9.813721e-01,1.065982e+00,1.060568e+00,1.015489e+00,1.482834e+00,1.067547e+00,1.142435e+00,1.123314e+00,1.079422e+00,1.043228e+00,1.052934e+00,1.089497e+00,1.130235e+00,1.204748e+00,1.054384e+00,1.079906e+00,1.029355e+00,1.088046e+00,1.199391e+00,1.177240e+00,1.132052e+00,1.143970e+00,1.021735e+00,1.246013e+00,1.092677e+00,1.259764e+00,1.294911e+00,1.051602e+00,1.321971e+00,9.734114e-01,1.236893e+00,1.012050e+00,1.026146e+00,1.182625e+00,1.290433e+00,9.655675e-01,1.469969e+00,8.257283e+00,1.149286e+00,1.174345e+00,1.195505e+00,1.082967e+00,1.257464e+00,1.110546e+00,1.206436e+00,1.061592e+00,1.099087e+00,1.073029e+00,1.103791e+00,9.183046e-01,1.019002e+00,1.083534e+00,1.145107e+00,3.216503e+00,1.085912e+00,1.038873e+00,1.044936e+00,1.200521e+00,1.088150e+00,1.269846e+00,9.308990e-01,1.189772e+00,1.008258e+00,1.127688e+00,1.002880e+00,1.074103e+00,1.034450e+00,1.051774e+00,9.932365e-01,1.037244e+00,1.126658e+00,1.090226e+00,1.079366e+00,9.779120e-01
1.199905e+00,1.082507e+00,1.058716e+00,1.079023e+00,1.067432e+00,1.306210e+00,1.121690e+00,1.078913e+00,1.108916e+00,1.052334e+00,1.000455e+00,1.001993e+00,1.131519e+00,1.125724e+00,1.008652e+00,1.329711e+00,1.064267e+00,1.117581e+00,1.019845e+00,1.081125e+00,1.262688e+00,1.064193e+00,1.107965e+00,1.089685e+00,1.040497e+00,1.032732e+00,1.051972e+00,1.220593e+00,1.156584e+00,1.028450e+00,1.103551e+00,1.066863e+00,1.173409e+00,1.137441e+00,1.087873e+00,9.682294e-01,1.025191e+00,1.130125e+00,1.122188e+00,9.939329e+00,1.179246e+00,1.259560e+00,1.148440e+00,2.042769e+00,1.034469e+00,9.997673e-01,1.120328e+00,1.141573e+00,9.826835e-01,1.088544e+00,1.011160e+00,1.169359e+00,1.174234e+00,1.075765e+00,1.065787e+00,1.097686e+00,1.029728e+00,1.093262e+00,1.118799e+00,1.132940e+00,1.124653e+00,1.116074e+00,1.170779e+00,1.008780e+00,1.137203e+00,9.933984e-01,1.065188e+00,1.151173e+00,1.136296e+00,1.150746e+00,1.177331e+00,1.069780e+00,1.309534e+00,1.206912e+00,1.092325e+00,1.105159e+00,1.022553e+00,1.027195e+00,1.070063e+00,1.085667e+00,1.072321e+00,1.158379e+00,1.090709e+00,4.442560e+00,1.216860e+00,1.192801e+00,1.286067e+00,1.030935e+01,1.139012e+00,1.006549e+00,1.126484e+00,9.505905e-01,1.053784e+00,1.114511e+00,1.242211e+00,1.188029e+00,1.104321e+00,1.696519e+00,1.369740e+00,1.157300e+00,1.062453e+00,1.035521e+00,1.060298e+00,1.112511e+00,9.750919e-01,1.041866e+01,1.201287e+00,1.259342e+00,1.129232e+00,1.134574e+00,8.508588e+00,1.108053e+00,1.133331e+00,1.104071e+00,1.161641e+00,1.128842e+00,1.102690e+00,1.177664e+00,1.080879e+00,1.295885e+00,1.028519e+00,1.100483e+00,1.039081e+00,1.023644e+00,1.234527e+00,1.296643e+00,1.067073e+00,5.432435e+00,3.888185e+00,1.035541e+00,8.822731e+00,1.257043e+00,1.045730e+00,1.239235e+00,1.102062e+00,1.164364e+00,1.100738e+00,1.138496e+00,9.651227e+00,1.074000e+00,6.647946e+00,7.722559e+00,1.145435e+00,2.946821e+00,1.328105e+00,1.264389e+00,7.448428e+00,1.185892e+00,1.306650e+00,1.013520e+01,1.154626e+00,1.014854e+00,1.051201e+00,1.022648e+00,1.117249e+00,1.107628e+00,1.102000e+00,2.450852e+00,1.042603e+00,1.168224e+00,1.156506e+00,1.131245e+00,1.018429e+00,9.490153e-01,1.127082e+00,1.101962e+00,1.018424e+00,1.118790e+00,1.124590e+00,1.006330e+00,1.312700e+00,1.197657e+00,9.883786e-01,1.171933e+00,1.380185e+00,6.533541e+00,6.336777e+00,1.132332e+00,1.866403e+00,5.341303e+00,1.283761e+00,8.213897e+00,1.298556e+00,1.207480e+00,1.119654e+00,1.024239e+00,1.087132e+00,1.037631e+00,1.104525e+00,1.104265e+00,9.587656e+00,1.046360e+00,1.201482e+00,1.118317e+00,1.124549e+00,1.104660e+00,1.069331e+00,1.082304e+00,1.000548e+00,1.121236e+00,1.265285e+00,1.146699e+00,1.037839e+00,1.228771e+00,1.155992e+00,1.060392e+00,1.091910e+00,1.111885e+00,1.249296e+00,1.112198e+00,1.080118e+00,9.295963e-01,1.126343e+00,1.211786e+00,1.110115e+00
1.006393e+00,1.159380e+00,1.036355e+00,1.072712e+00,1.020378e+00,1.006655e+00,1.046198e+00,9.252449e-01,1.052021e+00,1.034248e+00,1.226099e+00,1.137026e+00,1.153980e+00,1.167740e+00,1.072676e+00,1.096459e+00,1.070556e+00,1.117782e+00,1.026273e+00,1.079135e+00,1.110256e+00,9.705803e-01,1.152150e+00,1.010537e+00,1.159313e+00,1.022369e+00,1.079457e+00,1.039109e+00,1.079864e+00,1.075273e+00,1.066752e+00,9.717638e-01,9.785702e-01,1.051026e+00,9.805907e-01,9.798487e-01,1.054956e+00,1.078993e+00,9.649461e-01,9.981652e-01,1.318303e+00,9.909495e-01,1.199284e+00,1.091373e+00,1.001674e+00,1.105563e+00,1.081396e+00,9.941231e-01,9.978648e-01,1.086386e+00,1.026062e+00,1.089078e+00,1.049577e+00,1.013886e+00,1.109630e+00,1.036084e+00,9.542945e-01,1.080681e+00,1.051929e+00,1.163871e+00,1.003613e+00,1.086271e+00,9.783837e-01,1.225064e+00,1.366421e+00,9.559623e+00,1.177155e+00,1.072510e+00,1.060445e+00,1.185340e+00,1.120500e+00,1.124992e+00,1.056400e+00,1.088593e+00,1.150500e+00,9.896213e-01,1.143845e+00,1.494140e+00,1.299153e+00,1.575923e+00,1.283649e+00,9.873285e-01,2.601637e+00,1.138968e+00,1.140012e+00,1.335913e+00,1.010996e+00,1.085790e+00,9.807386e-01,1.010052e+00,1.091633e+00,1.083473e+00,1.042916e+00,9.641731e-01,1.085521e+00,1.008015e+00,1.087301e+00,9.748120e-01,1.607963e+00,1.433511e+00,1.188654e+00,1.365113e+00,1.104885e+00,1.073951e+00,1.005241e+00,1.093708e+00,1.546884e+00,9.938423e-01,1.266918e+00,1.007833e+00,1.206402e+00,6.124404e+00,1.041356e+00,1.065230e+00,1.298774e+00,1.129324e+00,1.161972e+00,1.073980e+00,1.153292e+00,4.678913e+00,1.104669e+00,1.171218e+00,1.066730e+00,1.019215e+00,9.906446e-01,1.123038e+00,9.626871e-01,1.010056e+00,1.093166e+00,2.861532e+00,1.042024e+00,1.090291e+00,1.689044e+00,9.813562e-01,1.085777e+00,1.142866e+00,1.695909e+00,1.090762e+00,1.022821e+00,1.949043e+00,nan,1.665920e+00,1.041866e+01,1.149804e+00,1.328838e+00,1.234944e+00,1.229400e+00,9.591739e+00,1.313473e+00,1.176087e+00,nan,1.035535e+01,9.934640e-01,1.235620e+00,1.076773e+00,1.108531e+00,1.036448e+00,1.019650e+00,1.168591e+00,1.063685e+00,1.126793e+00,1.041865e+00,1.218197e+00,1.096970e+00,1.199461e+00,1.026400e+00,1.117303e+00,9.746196e-01,1.015511e+00,1.052217e+00,1.233185e+00,1.059671e+00,1.028069e+00,1.061704e+00,3.287321e+00,1.267313e+00,1.165605e+00,1.132288e+00,1.165149e+00,3.424049e+00,5.517836e+00,1.280280e+00,1.553295e+00,nan,9.931297e-01,1.067303e+00,9.854775e-01,1.094522e+00,1.044814e+00,1.180812e+00,9.956933e-01,1.019971e+00,1.097373e+00,1.129086e+00,1.053406e+00,1.520643e+00,9.971665e-01,1.076314e+00,9.702485e-01,1.107789e+00,1.254042e+00,1.123103e+00,1.164007e+00,1.063939e+00,1.128901e+00,1.158646e+00,9.878892e-01,1.173979e+00,1.113436e+00,1.054311e+00,9.610572e-01,1.122717e+00,1.075022e+00,1.080685e+00,1.117888e+00
1.105887e+00,1.042368e+00,1.006514e+00,1.015498e+00,1.020182e+00,9.716417e-01,1.111285e+00,1.300469e+00,1.107404e+00,1.091844e+00,9.663372e-01,1.013105e+00,1.029098e+00,1.079153e+00,1.304960e+00,1.021189e+00,1.046753e+00,1.078113e+00,1.203086e+00,1.068130e+00,1.078507e+00,1.064135e+00,1.005597e+00,1.079690e+00,1.150050e+00,1.071360e+00,1.067551e+00,1.128451e+00,1.016344e+00,1.099438e+00,9.671242e-01,1.008195e+00,1.134014e+00,1.010236e+00,1.044441e+00,1.008478e+00,1.087459e+00,9.994321e-01,3.769524e+00,1.361398e+00,1.005892e+00,1.116057e+00,1.064677e+00,1.016917e+00,9.781113e-01,1.117622e+00,1.194677e+00,1.055106e+00,1.264415e+00,1.126008e+00,1.343097e+00,1.134176e+00,1.039163e+00,1.079090e+00,1.112468e+00,1.312321e+00,1.055735e+00,1.069810e+00,1.001777e+00,1.019381e+00,1.076312e+00,9.302065e-01,1.007338e+00,1.266931e+00,1.537387e+00,1.421990e+00,1.028433e+00,1.014970e+00,1.236155e+00,1.176002e+00,1.289974e+00,1.137938e+00,1.085696e+00,1.147207e+00,9.918499e-01,1.033004e+00,1.437724e+00,1.016434e+00,9.430611e-01,1.143796e+00,1.046833e+00,1.276252e+00,1.127750e+00,9.699850e-01,1.080474e+00,1.012090e+00,1.402215e+00,1.081549e+00,1.158935e+00,1.158991e+00,9.040581e+00,1.111687e+00,1.089525e+00,1.086586e+00,1.013514e+00,1.113354e+00,9.665299e-01,1.089531e+00,4.067485e+00,1.061320e+00,1.303614e+00,1.745434e+00,1.617438e+00,2.750640e+00,1.050488e+00,1.485064e+00,1.797679e+00,9.107987e-01,4.089046e+00,1.292276e+00,1.442068e+00,1.129760e+00,1.015800e+00,9.436216e-01,1.017696e+00,1.116526e+00,1.102353e+00,1.090729e+00,1.023204e+00,9.926958e-01,1.162981e+00,1.110145e+00,1.013968e+00,1.125004e+00,9.818124e-01,9.799416e-01,1.042196e+00,1.043147e+00,1.092369e+00,1.020988e+00,1.004417e+00,9.511466e-01,1.106087e+00,1.164558e+00,1.379196e+00,1.126312e+00,1.795206e+00,1.052952e+00,1.313000e+00,1.595423e+00,9.338483e-01,1.419325e+00,1.059748e+00,nan,1.460484e+00,3.111487e+00,1.031410e+00,9.801678e-01,1.727227e+00,9.626013e-01,1.857751e+00,1.016692e+00,1.896196e+00,nan,1.000646e+01,1.779623e+00,1.588568e+00,nan,1.307742e+00,1.035832e+01,5.181848e+00,9.873305e-01,4.759551e+00,1.065145e+00,1.121722e+00,1.084620e+00,1.389556e+00,1.247781e+00,1.139429e+00,1.063642e+00,9.466334e-01,1.064280e+00,1.057309e+00,1.505098e+00,1.027349e+00,1.285691e+00,9.250683e+00,1.013244e+00,9.731424e-01,1.017677e+00,8.200035e+00,3.126652e+00,1.175432e+00,9.850212e-01,1.096735e+00,1.300147e+00,1.077967e+00,1.088043e+00,9.099636e-01,9.770872e-01,1.005260e+00,1.111560e+00,9.577159e-01,1.113514e+00,1.003926e+00,1.067806e+00,1.100439e+00,1.224805e+00,9.643758e-01,1.050237e+00,9.736640e-01,1.213745e+00,1.136016e+00,1.147597e+00,1.085890e+00,1.144289e+00,1.194545e+00,1.111281e+00,1.266932e+00,1.026694e+00,9.825367e-01,1.186428e+00,1.059041e+00,9.370388e-01,1.177538e+00
9.724547e-01,1.117125e+00,1.284282e+00,1.008508e+00,1.093763e+00,1.097031e+00,1.153357e+00,1.179296e+00,1.047228e+00,1.001592e+00,1.070955e+00,1.140183e+00,1.090645e+00,9.611907e-01,1.026605e+00,1.071968e+00,1.288234e+00,1.108492e+00,1.099868e+00,1.053372e+00,1.149945e+00,1.064654e+00,1.062203e+00,1.169881e+00,1.082494e+00,1.232438e+00,1.184057e+00,1.029200e+00,1.086909e+00,9.881297e-01,1.106706e+00,1.059158e+00,1.106461e+00,1.161989e+00,1.040245e+00,1.018803e+00,1.000244e+00,9.793358e-01,1.164847e+00,2.369876e+00,9.404606e-01,1.212171e+00,1.058942e+00,1.102959e+00,1.209575e+00,1.050445e+00,1.076000e+00,1.108553e+00,1.018351e+00,1.075544e+00,1.062417e+00,9.988264e-01,1.122715e+00,9.757419e-01,1.255726e+00,1.150584e+00,1.164737e+00,9.973339e-01,1.118369e+00,1.096537e+00,1.020350e+00,1.224088e+00,9.994378e-01,1.083337e+00,8.980921e-01,1.067397e+00,1.126720e+00,1.291545e+00,1.082129e+00,1.081088e+00,1.054430e+00,1.034255e+00,1.085512e+00,1.000443e+00,1.073706e+00,1.107575e+00,1.058093e+00,9.452615e-01,1.098221e+00,1.157326e+00,1.184936e+00,1.291795e+00,9.663872e-01,1.088746e+00,1.246982e+00,1.041830e+01,4.199857e+00,1.093878e+00,1.098569e+00,1.267097e+00,1.194186e+00,1.215078e+00,1.060274e+00,1.039988e+01,1.499642e+00,1.331332e+00,1.122274e+00,1.091755e+00,1.088052e+00,1.298353e+00,1.107179e+00,1.099820e+00,1.041756e+00,1.035177e+00,1.163009e+00,1.494185e+00,1.097950e+00,1.161209e+00,1.006069e+00,1.014605e+00,1.207847e+00,9.985699e-01,1.020966e+00,9.893781e-01,1.072429e+00,9.320566e-01,9.579784e-01,1.246682e+00,9.454849e-01,1.137305e+00,1.030669e+00,9.801969e-01,8.879630e-01,9.824794e-01,9.426025e-01,1.015089e+00,1.062680e+00,9.763889e-01,1.173010e+00,1.009970e+00,1.006545e+00,9.375374e-01,1.053538e+00,9.401491e-01,1.076762e+00,1.006435e+00,1.129556e+00,1.068113e+00,1.114766e+00,1.025575e+00,1.298164e+00,1.080394e+00,1.058438e+00,9.723199e-01,1.188296e+00,1.189273e+00,1.174896e+00,8.874015e+00,1.036402e+00,1.490132e+00,9.890096e+00,1.285318e+00,1.145985e+00,1.928142e+00,nan,3.784770e+00,1.259032e+00,9.886397e-01,2.436865e+00,1.209267e+00,1.104907e+00,1.018753e+00,1.031121e+00,9.768975e-01,1.049184e+00,1.040850e+00,9.918580e-01,9.996343e-01,9.873957e-01,1.013231e+00,nan,1.483078e+00,1.444553e+00,3.298307e+00,9.306721e-01,1.158104e+00,1.200947e+00,1.526962e+00,1.044126e+00,1.191017e+00,9.953920e-01,1.054394e+00,9.347708e-01,1.047872e+00,1.225127e+00,1.291852e+00,1.194452e+00,9.838270e-01,9.673118e-01,9.501074e-01,1.111742e+00,1.009473e+00,1.030762e+00,1.033769e+00,1.071049e+00,9.761868e-01,9.651618e-01,1.002136e+00,1.206642e+00,1.139118e+00,1.002550e+00,1.280884e+00,1.023616e+00,1.051124e+00,1.068851e+00,1.087918e+00,1.053814e+00,1.021672e+00,1.092716e+00,1.011340e+00,1.169913e+00,1.067337e+00,1.061710e+00,1.056160e+00,1.041408e+00
9.929952e-01,1.220672e+00,1.103597e+00,1.018499e+00,1.028053e+00,1.086809e+00,1.153003e+00,9.853308e-01,1.127794e+00,1.044619e+00,1.082007e+00,1.017586e+00,1.037685e+00,1.166837e+00,1.032107e+00,1.071589e+00,1.131062e+00,1.038225e+00,1.228777e+00,1.062368e+00,9.915230e-01,1.121182e+00,9.728429e-01,1.133162e+00,1.213635e+00,1.078765e+00,1.007355e+00,1.098610e+00,1.291871e+00,1.056358e+00,9.407775e-01,9.682523e-01,1.162086e+00,1.066237e+00,1.034203e+00,1.060229e+00,2.339191e+00,1.218547e+00,2.251400e+00,1.835663e+00,9.897533e-01,1.353695e+00,1.086783e+00,1.133638e+00,1.052847e+00,1.029601e+00,9.861690e-01,1.004850e+00,1.063726e+00,1.197154e+00,1.209781e+00,1.084984e+00,1.253156e+00,1.075894e+00,9.435921e-01,1.010750e+00,1.051754e+00,1.016961e+00,1.026092e+00,1.043042e+00,1.001469e+00,1.219725e+00,9.853775e-01,1.041286e+00,9.765392e-01,1.264545e+00,9.480490e-01,1.355231e+00,1.253270e+00,1.350401e+00,1.417057e+00,9.844364e-01,1.329621e+00,1.076661e+00,1.035674e+00,1.110431e+00,1.322450e+00,1.234319e+00,1.408347e+00,1.015459e+00,1.016217e+00,1.069394e+00,1.173106e+00,1.193971e+00,1.269321e+00,1.023290e+00,9.412631e-01,1.025150e+00,1.634609e+00,1.310305e+00,9.743013e-01,1.127931e+00,1.054580e+00,1.291001e+00,1.504474e+00,1.156177e+00,1.565112e+00,1.264139e+00,1.027226e+00,1.404675e+00,1.007666e+00,9.859167e-01,1.996077e+00,1.191805e+00,4.844621e+00,1.296768e+00,1.028529e+00,1.098722e+00,1.042666e+00,1.028455e+00,1.046633e+00,1.168426e+00,1.010862e+00,9.930749e-01,1.091713e+00,1.000379e+00,1.004283e+00,1.272069e+00,1.041753e+00,1.065149e+00,1.110381e+00,1.021471e+00,1.049839e+00,1.065242e+00,1.102644e+00,9.887131e-01,1.095601e+00,9.174353e-01,1.100908e+00,9.149434e-01,1.214577e+00,1.072479e+00,1.047222e+00,1.036549e+00,1.013814e+00,1.115973e+00,8.860841e-01,1.101071e+00,1.128360e+00,9.975648e-01,1.051691e+00,1.088254e+00,1.075279e+00,4.258351e+00,1.275610e+00,1.085998e+00,1.005396e+00,1.282720e+00,9.811568e-01,1.008538e+00,1.060078e+00,8.903022e+00,1.101169e+00,1.210080e+00,1.233992e+00,1.231345e+00,1.767124e+00,1.076990e+00,1.271928e+00,9.089558e+00,1.121489e+00,9.885977e-01,1.021537e+00,9.783114e-01,9.573855e-01,1.056464e+00,1.136365e+00,1.023062e+00,5.804836e+00,1.378987e+00,1.100668e+00,1.321818e+00,1.043618e+00,nan,1.573494e+00,1.037943e+00,1.119110e+00,1.188851e+00,1.333869e+00,9.974840e-01,1.596119e+00,1.755161e+00,nan,1.015597e+00,1.028940e+00,1.078389e+00,1.094812e+00,9.963115e-01,1.101928e+00,1.057789e+00,1.024376e+00,1.040688e+00,9.549575e-01,1.129889e+00,1.219222e+00,9.993447e-01,1.068937e+00,1.066127e+00,1.034009e+00,1.095119e+00,1.039655e+00,1.075348e+00,1.095472e+00,1.011644e+00,1.033175e+00,1.040704e+00,1.205774e+00,1.015168e+00,1.114391e+00,1.110304e+00,1.136936e+00,1.072173e+00,1.122154e+00,1.136424e+00,1.093903e+00
1.039839e+00,9.935229e-01,9.731506e-01,1.113985e+00,1.011123e+00,9.028273e-01,9.811336e-01,9.589316e-01,1.014994e+00,1.022761e+00,1.054855e+00,9.868302e-01,9.813071e-01,9.439495e-01,1.057511e+00,1.207420e+00,9.556466e-01,1.103813e+00,1.115348e+00,1.019764e+00,1.064215e+00,9.774366e-01,9.594216e-01,1.033112e+00,1.063126e+00,1.117238e+00,1.075082e+00,1.061265e+00,1.106596e+00,9.956431e-01,1.048084e+00,1.011729e+00,1.016237e+00,1.116533e+00,1.097060e+00,1.298791e+00,1.498892e+00,1.207388e+00,9.509835e-01,1.083763e+00,9.622568e-01,1.047586e+00,1.004110e+00,1.113741e+00,1.259484e+00,1.204532e+00,1.244122e+00,1.055574e+00,9.641268e-01,1.005543e+00,1.017773e+00,1.053726e+00,1.072108e+00,1.053233e+00,1.040547e+00,1.007203e+00,1.037033e+00,1.141460e+00,1.010375e+00,1.119996e+00,1.014516e+00,1.018154e+00,1.043873e+00,1.106259e+00,1.387921e+00,1.118559e+00,8.918754e-01,1.224447e+00,1.322922e+00,9.561219e-01,1.434809e+00,5.273432e+00,1.075884e+00,1.367425e+00,1.218310e+00,1.141853e+00,1.055679e+00,9.588282e-01,1.138099e+00,1.244342e+00,1.232456e+00,1.047413e+00,9.839721e-01,2.985085e+00,1.183362e+00,1.270910e+00,1.360263e+00,1.399895e+00,1.047313e+00,1.134397e+00,2.774547e+00,1.457026e+00,1.322831e+00,1.081284e+00,9.934908e-01,1.218521e+00,1.103544e+00,1.143688e+00,4.523496e+00,1.216770e+00,9.988702e-01,2.675108e+00,1.373988e+00,1.463013e+00,1.114069e+00,1.158783e+00,1.118876e+00,9.817205e-01,1.128566e+00,1.022442e+00,1.001176e+00,9.281221e-01,1.192551e+00,1.225999e+00,1.055126e+00,9.837451e-01,1.140542e+00,1.091632e+00,1.001018e+00,1.094835e+00,1.083441e+00,1.141364e+00,9.268016e-01,1.069095e+00,1.008914e+00,9.731555e-01,1.198984e+00,1.000726e+00,1.005545e+00,1.104591e+00,1.106640e+00,9.995918e-01,1.033144e+00,1.131096e+00,1.110078e+00,1.031972e+00,1.000463e+00,1.038843e+00,1.015966e+00,1.069482e+00,1.022411e+00,1.080468e+00,1.191323e+00,1.322289e+00,1.173188e+00,1.653798e+00,1.031660e+00,2.945993e+00,1.116304e+00,1.326124e+00,1.128733e+00,1.037952e+00,nan,1.795608e+00,1.068438e+00,1.210248e+00,1.069736e+00,1.145220e+00,1.245302e+00,1.487224e+00,1.071883e+00,1.176548e+00,1.091924e+00,1.205078e+00,1.010648e+00,9.658147e-01,1.337254e+00,1.031024e+01,1.665699e+00,8.633415e+00,1.465467e+00,1.202211e+00,1.063839e+00,1.194406e+00,1.197096e+00,1.092478e+00,7.876356e+00,2.926782e+00,1.313073e+00,6.177956e+00,1.294548e+00,5.728897e+00,2.226879e+00,1.058870e+00,9.471632e-01,1.721954e+00,1.011272e+00,2.369890e+00,1.035168e+00,1.044380e+00,1.003304e+00,1.057393e+00,1.166498e+00,1.089783e+00,1.015797e+00,1.254110e+00,1.131227e+00,9.757818e-01,1.063063e+00,1.050587e+00,1.196137e+00,1.195219e+00,1.074585e+00,1.136264e+00,1.096030e+00,1.025404e+00,1.027672e+00,1.342569e+00,9.816756e-01,1.057280e+00,1.105693e+00,1.065977e+00,1.123716e+00,9.793325e-01,1.073436e+00
1.013865e+00,1.145904e+00,1.020272e+00,1.133669e+00,1.019382e+00,1.083878e+00,1.054757e+00,1.109120e+00,9.824068e-01,1.040905e+00,1.066322e+00,1.062329e+00,1.040180e+00,9.748923e-01,1.028865e+00,9.913807e-01,1.085868e+00,1.063450e+00,1.111085e+00,1.072865e+00,1.023475e+00,1.048059e+00,1.152505e+00,1.136301e+00,1.144591e+00,1.031162e+00,1.005965e+00,1.042270e+00,1.133368e+00,1.126769e+00,1.069136e+00,9.859545e-01,1.121278e+00,1.074711e+00,1.095834e+00,1.116133e+00,9.519368e-01,7.436676e+00,1.284829e+00,1.276316e+00,1.052909e+00,1.016016e+00,1.013826e+00,1.072717e+00,9.747301e-01,1.070632e+00,1.082242e+00,1.081589e+00,1.290036e+00,1.035271e+00,1.149232e+00,1.328846e+00,4.140090e+00,1.069216e+00,9.774911e-01,1.009131e+00,9.956009e-01,1.120270e+00,1.043658e+00,1.031326e+00,1.004711e+00,9.783369e-01,1.081522e+00,1.172117e+00,1.027007e+00,5.468043e+00,1.008362e+00,1.301520e+00,1.208246e+00,1.045845e+00,1.027980e+00,1.154205e+00,1.163467e+00,1.022607e+00,1.432604e+00,1.038825e+00,1.035569e+00,1.003929e+00,1.274757e+00,1.062787e+00,9.875001e-01,1.020236e+00,1.035600e+00,9.926931e-01,1.041866e+01,1.600442e+00,9.695645e-01,1.077909e+00,1.356506e+00,1.182802e+00,9.508225e-01,1.067893e+00,1.207038e+00,4.758888e+00,1.132488e+00,1.087833e+00,1.070213e+00,1.279974e+00,1.090769e+00,nan,1.188469e+00,1.177482e+00,1.335311e+00,1.350016e+00,1.096748e+00,1.005090e+00,9.856047e-01,1.062924e+00,1.105418e+00,1.039400e+00,1.132072e+00,1.004960e+00,1.030042e+00,1.048577e+00,1.108674e+00,1.007175e+00,1.026514e+00,1.164514e+00,1.015680e+00,9.971185e-01,1.143482e+00,9.449164e-01,1.177967e+00,1.166916e+00,1.054631e+00,1.010398e+00,1.076724e+00,9.748438e-01,1.106199e+00,9.686602e-01,9.449986e-01,1.084642e+00,9.849678e-01,9.335433e-01,1.031017e+00,1.064731e+00,8.709310e-01,9.028724e-01,1.203269e+00,1.056683e+00,1.058698e+00,9.727684e-01,1.041188e+00,9.790564e-01,1.375167e+00,1.114562e+00,9.944189e-01,1.084871e+00,9.998618e-01,9.479777e-01,1.035678e+00,4.249136e+00,1.207507e+00,1.886853e+00,2.696197e+00,1.309922e+00,1.381905e+00,1.227798e+00,7.747706e+00,1.121838e+00,9.843883e-01,9.899878e-01,1.155147e+00,1.279351e+00,1.049048e+00,1.121453e+00,1.079241e+00,1.154224e+00,1.035986e+00,9.442210e-01,1.318745e+00,1.354779e+00,nan,1.075330e+00,1.466690e+00,9.324810e-01,1.098457e+00,1.240527e+00,1.179981e+00,1.007479e+00,1.105444e+00,1.401466e+00,3.310820e+00,1.161328e+00,1.108251e+00,1.022579e+00,9.705545e-01,2.704448e+00,1.094095e+00,1.096068e+00,1.148684e+00,1.061255e+00,1.136297e+00,1.066482e+00,1.109294e+00,1.065689e+00,1.155709e+00,1.031717e+00,1.026028e+00,1.044890e+00,1.025098e+00,1.094300e+00,1.063326e+00,1.145416e+00,1.026540e+00,1.138908e+00,9.197069e-01,9.973641e-01,9.741764e-01,1.310553e+00,1.094058e+00,1.207853e+00,9.473278e-01,1.037652e+00,1.142868e+00
1.099160e+00,9.359488e-01,9.727319e-01,9.290834e-01,1.054419e+00,9.858714e-01,1.087762e+00,1.018217e+00,1.044098e+00,1.152669e+00,1.017100e+00,1.038951e+00,1.090814e+00,9.636153e-01,1.060592e+00,1.002272e+00,1.051403e+00,1.114903e+00,1.030299e+00,9.706740e-01,9.346174e-01,1.012385e+00,9.752730e-01,1.132597e+00,1.101749e+00,1.075392e+00,1.139276e+00,1.020098e+00,1.088981e+00,1.098625e+00,1.060948e+00,9.858126e-01,1.272578e+00,1.123599e+00,1.036474e+00,1.586821e+00,1.095303e+00,1.289880e+00,1.195823e+00,1.179010e+00,9.174754e-01,1.258723e+00,1.082808e+00,1.070110e+00,1.051578e+00,1.002139e+00,1.306473e+00,1.145992e+00,1.050292e+00,1.264740e+00,1.213983e+00,9.623287e-01,9.874139e-01,1.450980e+00,1.089323e+00,9.812947e-01,9.937331e-01,1.002858e+00,9.738563e-01,9.852491e-01,1.175006e+00,9.910144e-01,9.503418e-01,1.391320e+00,1.082830e+00,1.148232e+00,1.017323e+00,1.004263e+00,1.129406e+00,1.263605e+00,1.142450e+00,9.827962e-01,1.061198e+00,1.198307e+00,1.057800e+00,1.103089e+00,1.128347e+00,1.412733e+00,1.137531e+00,1.045908e+00,1.116478e+00,1.086605e+00,1.189017e+00,1.020296e+00,1.275976e+00,1.177260e+00,1.195969e+00,1.174696e+00,1.025732e+00,1.334191e+00,1.429448e+00,1.105426e+00,1.060152e+00,1.399781e+00,1.108062e+00,1.123752e+00,1.087119e+00,3.292698e+00,1.208052e+00,1.135566e+00,1.026642e+00,1.079821e+00,1.178040e+00,9.516916e-01,9.492184e-01,1.101971e+00,9.859240e-01,1.118980e+00,1.015289e+00,1.028740e+00,1.013331e+00,1.062736e+00,1.019840e+00,1.008150e+00,1.026230e+00,1.001122e+00,9.703242e-01,1.148571e+00,1.010969e+00,1.027575e+00,1.043330e+00,9.738522e-01,8.649824e-01,1.166522e+00,1.025640e+00,1.212657e+00,1.239804e+00,1.130114e+00,1.162569e+00,1.029307e+00,1.118081e+00,1.135563e+00,1.090835e+00,1.017032e+00,1.068655e+00,1.070753e+00,1.042274e+00,9.503917e-01,1.105991e+00,1.022632e+00,9.701764e-01,1.043559e+00,9.924450e-01,1.068724e+00,1.014891e+00,1.474401e+00,1.257701e+00,1.153488e+00,1.158215e+00,2.488366e+00,1.006861e+00,3.511099e+00,1.041866e+01,2.433445e+00,1.443860e+00,1.194732e+00,4.322247e+00,nan,nan,1.096321e+00,9.107485e-01,1.059937e+00,1.145377e+00,1.096406e+00,1.062101e+00,3.917596e+00,1.072013e+00,9.860165e+00,1.119087e+00,1.279007e+00,1.393627e+00,1.000334e+00,3.287734e+00,1.029438e+00,9.753957e-01,1.048520e+00,1.204672e+00,1.276638e+00,1.414468e+00,4.140448e+00,1.376782e+00,1.003604e+00,1.068384e+00,3.803543e+00,9.226478e-01,1.546379e+00,3.274512e+00,1.134865e+00,1.139567e+00,1.026062e+00,1.055451e+00,9.739224e-01,1.025584e+00,1.002291e+00,1.089805e+00,1.065073e+00,1.087365e+00,1.126920e+00,1.077333e+00,1.042859e+00,1.048274e+00,1.121234e+00,1.063120e+00,1.051119e+00,1.123088e+00,1.092027e+00,9.753346e-01,9.818397e-01,1.041730e+00,1.077348e+00,1.098689e+00,1.051467e+00,9.120257e-01,9.627508e-01,1.036533e+00
1.071018e+00,1.131351e+00,1.151213e+00,9.905849e-01,9.849561e-01,1.029157e+00,1.029135e+00,1.032982e+00,1.065013e+00,9.929927e-01,1.219518e+00,1.024647e+00,1.025421e+00,1.029645e+00,9.570176e-01,1.002017e+00,9.836645e-01,1.074449e+00,1.007091e+00,1.090050e+00,1.010758e+00,1.091241e+00,1.207526e+00,1.090910e+00,1.021778e+00,1.051636e+00,1.087842e+00,1.077163e+00,1.085934e+00,9.798540e-01,9.672986e-01,1.066616e+00,1.072584e+00,1.539267e+00,1.291567e+00,1.592697e+00,1.419835e+00,1.102429e+00,9.472154e-01,9.909268e-01,9.310125e-01,9.899357e-01,1.086625e+00,1.074636e+00,1.064719e+00,1.057389e+00,9.889355e-01,1.097890e+00,1.136943e+00,9.442015e-01,1.054460e+00,1.047651e+00,9.983564e-01,1.163625e+00,1.754136e+00,1.108496e+00,1.050758e+00,1.163689e+00,1.105078e+00,1.044226e+00,1.079749e+00,9.440804e-01,1.093535e+00,1.171512e+00,1.159778e+00,1.302959e+00,1.106708e+00,9.426503e-01,8.920509e-01,1.031871e+00,1.115661e+00,1.214401e+00,1.084168e+00,nan,1.056836e+00,9.813401e-01,1.183022e+00,1.134788e+00,1.393827e+00,1.159837e+00,9.684618e-01,1.179212e+00,1.089257e+00,9.817662e-01,1.229772e+00,1.044702e+00,1.324639e+00,1.044543e+00,4.180621e+00,1.081937e+00,1.396766e+00,1.752927e+00,9.777734e-01,1.520743e+00,9.852368e-01,1.163110e+00,1.227598e+00,1.136851e+00,1.081022e+00,1.598610e+00,1.067151e+00,1.352597e+00,9.884770e-01,1.004762e+00,9.864686e-01,1.148291e+00,1.027837e+00,1.017244e+00,1.065691e+00,1.025330e+00,1.090851e+00,1.067457e+00,9.866847e-01,9.852180e-01,1.374573e+00,1.080586e+00,9.449104e-01,1.041067e+00,1.027037e+00,1.127433e+00,1.214084e+00,1.054510e+00,9.584226e-01,1.101976e+00,1.027903e+00,8.782416e-01,9.232466e-01,1.217448e+00,1.062723e+00,1.112570e+00,9.544786e-01,9.955666e-01,9.934562e-01,1.085468e+00,1.020440e+00,9.773079e-01,1.084878e+00,9.660003e-01,9.584339e-01,1.222043e+00,1.032242e+00,9.948476e-01,1.173358e+00,1.098158e+00,1.093828e+00,1.131021e+00,1.864640e+00,1.127899e+00,1.267394e+00,9.907498e+00,1.352964e+00,6.269369e+00,7.551442e+00,9.399538e+00,1.039002e+00,1.067701e+00,1.437739e+00,1.119166e+00,1.282377e+00,1.234704e+00,1.069964e+00,1.033575e+00,1.049341e+00,1.155585e+00,1.129159e+00,1.143131e+00,9.952785e+00,1.300596e+00,9.732772e-01,1.185449e+00,1.064583e+00,1.602067e+00,7.029759e+00,1.119182e+00,1.062368e+00,1.195244e+00,1.707337e+00,1.090931e+00,1.478045e+00,1.413245e+00,1.106295e+00,1.121503e+00,1.389943e+00,1.068235e+00,1.346957e+00,5.669251e+00,9.882498e-01,1.066874e+00,2.506793e+00,1.221071e+00,1.289106e+00,1.054947e+00,1.172523e+00,1.203067e+00,1.415320e+00,2.217254e+00,1.113512e+00,1.187731e+00,1.104025e+00,1.107969e+00,1.045137e+00,1.065377e+00,1.082402e+00,1.004321e+00,9.613530e-01,1.072065e+00,1.065503e+00,9.780027e-01,1.189254e+00,1.062697e+00,1.111088e+00,1.057646e+00,1.094192e+00,1.100248e+00,9.459746e-01
1.078644e+00,1.235245e+00,1.014108e+00,1.016150e+00,9.101421e-01,1.070372e+00,1.145366e+00,1.009903e+00,1.025977e+00,1.014947e+00,1.221677e+00,9.809023e-01,1.039602e+00,9.780370e-01,1.036471e+00,1.123890e+00,1.025969e+00,1.127717e+00,1.044895e+00,1.047115e+00,1.100090e+00,1.171657e+00,1.039623e+00,1.154412e+00,1.026432e+00,1.116814e+00,1.158261e+00,9.960371e-01,1.049381e+00,9.837974e-01,1.071026e+00,1.137926e+00,1.145995e+00,1.056798e+00,1.154985e+00,1.204327e+00,1.112230e+00,1.225441e+00,1.088234e+00,1.011977e+00,9.308719e-01,1.195347e+00,1.195180e+00,1.120424e+00,1.153613e+00,1.049081e+00,1.030603e+00,1.107938e+00,1.037874e+00,1.001097e+00,1.055045e+00,1.035465e+00,1.162125e+00,1.090300e+00,1.000466e+00,1.416266e+00,1.048605e+00,1.068034e+00,1.241891e+00,1.316683e+00,1.051025e+00,1.178469e+00,1.239429e+00,1.036240e+00,1.126638e+00,1.035910e+00,1.115851e+00,1.040455e+00,1.227627e+00,9.666739e-01,1.005050e+00,1.093264e+00,1.137579e+00,1.128363e+00,1.485121e+00,1.092990e+00,1.086335e+00,1.431318e+00,1.005116e+00,1.223501e+00,1.215915e+00,9.999008e-01,1.451008e+00,1.136380e+00,1.684512e+00,9.796529e-01,1.076148e+00,1.042192e+00,1.538112e+00,1.300761e+00,1.100597e+00,1.197675e+00,9.930405e-01,1.330894e+00,1.091430e+00,2.077300e+00,1.369720e+00,1.106142e+00,1.107417e+00,1.072371e+00,1.193784e+00,1.057277e+00,1.050715e+00,1.098086e+00,9.815425e-01,1.201429e+00,1.058736e+00,1.020036e+00,1.084465e+00,1.035561e+00,9.318011e-01,1.086223e+00,1.082175e+00,1.122436e+00,1.171281e+00,1.119552e+00,1.033694e+00,1.139922e+00,1.084230e+00,1.084932e+00,1.015346e+00,9.854298e-01,1.056371e+00,9.518823e-01,1.022845e+00,9.875636e-01,1.016191e+00,9.992109e-01,1.279671e+00,1.127150e+00,1.143636e+00,9.819739e-01,1.061082e+00,1.103281e+00,1.171767e+00,1.087308e+00,1.002499e+00,1.023663e+00,1.010626e+00,9.938438e-01,1.177292e+00,1.130171e+00,1.081714e+00,9.782942e-01,1.247057e+00,1.205219e+00,1.058333e+00,2.397316e+00,1.008872e+00,1.041866e+01,1.028315e+01,1.363084e+00,1.335330e+00,1.263627e+00,1.138007e+00,6.173653e+00,1.299530e+00,1.289011e+00,1.060544e+00,9.934366e-01,1.064934e+00,1.279396e+00,9.849030e-01,1.187725e+00,1.630118e+00,3.868946e+00,9.446833e+00,1.600475e+00,1.252848e+00,1.350571e+00,1.198494e+00,1.189021e+00,1.394474e+00,1.009132e+00,9.665317e-01,1.190229e+00,5.730766e+00,1.085764e+00,1.113663e+00,1.204082e+00,1.148208e+00,1.179794e+00,1.161237e+00,1.802940e+00,2.097273e+00,1.332060e+00,1.030643e+00,6.693658e+00,1.244107e+00,9.844704e-01,1.113971e+00,9.849759e-01,1.060910e+00,1.131586e+00,1.178386e+00,9.451051e-01,1.039855e+00,9.236420e-01,9.224321e-01,9.349827e-01,1.003259e+00,1.201156e+00,1.183225e+00,1.109092e+00,9.702252e-01,9.968126e-01,9.699707e-01,9.444136e-01,1.032104e+00,1.036869e+00,1.099677e+00,1.004335e+00,1.261184e+00,1.102583e+00,9.821563e-01
1.153240e+00,1.013327e+00,1.030703e+00,1.030013e+00,1.115031e+00,1.059385e+00,1.012987e+00,1.067592e+00,9.638197e-01,1.074486e+00,1.138264e+00,1.053381e+00,1.027397e+00,1.087007e+00,1.103363e+00,1.065710e+00,1.080073e+00,1.018441e+00,1.005932e+00,1.108863e+00,1.108214e+00,1.143789e+00,9.600302e-01,9.495960e-01,1.034483e+00,9.414637e-01,1.024652e+00,1.153604e+00,1.119855e+00,1.150886e+00,1.023693e+00,1.498161e+00,9.858391e-01,1.310627e+00,1.181708e+00,1.003150e+00,9.831974e-01,1.025882e+00,1.178110e+00,1.016034e+00,1.120229e+00,1.015563e+00,1.069647e+00,9.535658e-01,1.045698e+00,9.656982e-01,1.018018e+00,1.044056e+00,1.063124e+00,1.104348e+00,1.054682e+00,1.064110e+00,1.293014e+00,1.144365e+00,1.091987e+00,1.098196e+00,1.061086e+00,1.000098e+00,1.086797e+00,1.060943e+00,1.165269e+00,1.383148e+00,1.130282e+00,1.089077e+00,1.058785e+00,1.371897e+00,1.092988e+00,1.107101e+00,1.130269e+00,1.011671e+00,1.335509e+00,1.103117e+00,1.196623e+00,1.295440e+00,1.199543e+00,1.187747e+00,9.555989e-01,1.076849e+00,1.047644e+00,1.416702e+00,1.380298e+00,3.032460e+00,1.004985e+00,9.733375e-01,1.475020e+00,1.372175e+00,1.001713e+00,1.136895e+00,1.424309e+00,1.412043e+00,1.349462e+00,1.678802e+00,1.005308e+00,1.032042e+00,1.029263e+00,1.037357e+00,1.114268e+00,1.119951e+00,1.000313e+00,1.135099e+00,1.055207e+00,1.053989e+00,9.546633e-01,1.279937e+00,1.092389e+00,1.020728e+00,9.461867e-01,1.095589e+00,1.059659e+00,1.083951e+00,9.905994e-01,1.318700e+00,1.093904e+00,1.074900e+00,1.212204e+00,9.645061e-01,9.905793e-01,1.047149e+00,1.086955e+00,9.869144e-01,1.166756e+00,1.079506e+00,9.564583e-01,1.096003e+00,1.190844e+00,1.037986e+00,9.974203e-01,1.075162e+00,1.043481e+00,1.045969e+00,1.029144e+00,1.011201e+00,1.062612e+00,9.764251e-01,1.316634e+00,1.053544e+00,1.088790e+00,9.546029e-01,1.060505e+00,1.158793e+00,1.154170e+00,1.158307e+00,1.040847e+00,1.033109e+00,1.153541e+00,1.154617e+00,1.100740e+00,1.130833e+00,1.544251e+00,1.326105e+00,1.498095e+00,1.085359e+00,1.122694e+00,1.204608e+00,5.946550e+00,1.609231e+00,5.392383e+00,1.060098e+00,7.312337e+00,1.081732e+00,9.991682e-01,1.040787e+00,9.848405e-01,1.044717e+00,1.650943e+00,1.318110e+00,1.019581e+00,9.971476e-01,1.287103e+00,1.030000e+00,1.259412e+00,1.117838e+00,1.253312e+00,7.867509e+00,9.700137e-01,1.404981e+00,9.099393e+00,1.177154e+00,1.272985e+00,2.127532e+00,1.142410e+00,1.301658e+00,1.120449e+00,1.416038e+00,1.437303e+00,1.123861e+00,1.232308e+00,1.120406e+00,1.105924e+00,1.208008e+00,1.265848e+00,1.071124e+00,1.047422e+00,1.051267e+00,1.211443e+00,1.230519e+00,1.027311e+00,1.093821e+00,1.175204e+00,9.914345e-01,1.045726e+00,1.147931e+00,1.026780e+00,9.955722e-01,9.245893e-01,1.001068e+00,1.067508e+00,9.413611e-01,1.218596e+00,1.160576e+00,1.050566e+00,1.158297e+00,9.790713e-01,1.092841e+00,9.818158e-01
9.629330e-01,1.001965e+00,1.065532e+00,1.080494e+00,1.046611e+00,1.060801e+00,1.035927e+00,9.728715e-01,1.003499e+00,9.793999e-01,1.052916e+00,1.103803e+00,9.291782e-01,1.053724e+00,1.087388e+00,1.045407e+00,1.021923e+00,9.500678e-01,1.018627e+00,1.114705e+00,9.569351e-01,9.757156e-01,9.681919e-01,1.073121e+00,1.046541e+00,1.009437e+00,9.834118e-01,1.101649e+00,1.014245e+00,1.042101e+00,1.032994e+00,9.236779e-01,1.028234e+00,1.078861e+00,1.514720e+00,1.625587e+00,1.015266e+00,1.069422e+00,1.020693e+00,1.088818e+00,1.069205e+00,9.740019e-01,9.656801e-01,1.030949e+00,1.140217e+00,1.044766e+00,1.069127e+00,1.302107e+00,9.660177e-01,1.055954e+00,1.061025e+00,1.118050e+00,1.412004e+00,9.315234e-01,1.064252e+00,1.024682e+00,1.036387e+00,1.014657e+00,1.066802e+00,1.023998e+00,9.856757e-01,1.244021e+00,1.010177e+00,1.006063e+00,9.723560e-01,1.028446e+00,1.105988e+00,1.229614e+00,1.051797e+00,1.045848e+00,1.184209e+00,1.040617e+00,1.117641e+00,1.096248e+00,1.158913e+00,1.059558e+00,1.235812e+00,1.081243e+00,1.080154e+00,1.548335e+00,1.025022e+00,1.287522e+00,1.262693e+00,9.832187e-01,1.929109e+00,1.008548e+00,1.234562e+00,1.168598e+00,1.251469e+00,1.612013e+00,1.014856e+01,1.226715e+00,1.029552e+00,2.783422e+00,1.191685e+00,1.155659e+00,1.258703e+00,9.764133e-01,9.995377e-01,1.167084e+00,9.067672e-01,1.090429e+00,1.107321e+00,1.155877e+00,1.008140e+00,1.000024e+00,1.093940e+00,1.066044e+00,1.075281e+00,1.021639e+00,1.188247e+00,9.664136e-01,1.010585e+00,1.001645e+00,1.005880e+00,1.083134e+00,1.068085e+00,1.351781e+00,1.143851e+00,9.044491e-01,1.007906e+00,1.070280e+00,1.176434e+00,1.044389e+00,9.510104e-01,9.545104e-01,9.887039e-01,1.086427e+00,1.031584e+00,9.567631e-01,1.155871e+00,9.478803e-01,1.145360e+00,9.496926e-01,1.175744e+00,1.039300e+00,1.062705e+00,1.060386e+00,1.083415e+00,1.118973e+00,1.053331e+00,9.737267e-01,1.097539e+00,1.096070e+00,1.086841e+00,1.133389e+00,1.045688e+00,1.148056e+00,1.039420e+00,1.002753e+00,1.410673e+00,1.264047e+00,1.204965e+00,3.300027e+00,9.622372e-01,1.840752e+00,1.037934e+01,4.597061e+00,1.845385e+00,1.025886e+00,1.088806e+00,1.100295e+00,8.861488e-01,9.633059e-01,1.339929e+00,1.127821e+00,9.999798e-01,8.986725e+00,2.635789e+00,1.033655e+00,1.309292e+00,nan,1.179380e+00,1.113015e+00,1.706493e+00,4.277576e+00,1.054875e+00,4.124380e+00,1.073976e+00,1.121256e+00,1.692776e+00,1.130116e+00,nan,1.873806e+00,1.107160e+00,2.628905e+00,1.223428e+00,1.019125e+00,1.217656e+00,1.186595e+00,1.144130e+00,1.029331e+00,9.822408e-01,1.106562e+00,1.222792e+00,1.239992e+00,1.127263e+00,1.105034e+00,1.008806e+00,1.132793e+00,1.117137e+00,1.089223e+00,1.178147e+00,1.168147e+00,1.078772e+00,1.050146e+00,9.923087e-01,9.268564e-01,1.047040e+00,1.080431e+00,1.051549e+00,1.151345e+00,1.150065e+00,1.050856e+00,1.090557e+00
9.089837e-01,1.072276e+00,9.947035e-01,1.046705e+00,9.660004e-01,1.047784e+00,9.207548e-01,1.051281e+00,9.919226e-01,1.077872e+00,9.946638e-01,1.103542e+00,1.071386e+00,9.584710e-01,9.818058e-01,9.998493e-01,9.304810e-01,1.020747e+00,1.026942e+00,1.157011e+00,1.133621e+00,1.008352e+00,1.085491e+00,9.631556e-01,1.010443e+00,1.063532e+00,1.036730e+00,1.057938e+00,1.023313e+00,1.031396e+00,9.631407e-01,1.063970e+00,1.159432e+00,1.042560e+00,1.260497e+00,1.059899e+00,1.228950e+00,1.532099e+00,1.020691e+00,1.444725e+00,1.081443e+00,1.055162e+00,9.623702e-01,1.107933e+00,9.688909e-01,1.012631e+00,1.002534e+00,1.120606e+00,1.056380e+00,9.718169e-01,1.048758e+00,1.078023e+00,1.040566e+00,1.148143e+00,1.291124e+00,9.355552e-01,1.046708e+00,9.934078e-01,1.100303e+00,9.556717e-01,1.041213e+00,1.110647e+00,1.042810e+00,1.031609e+00,1.005355e+00,1.013577e+00,1.026286e+00,9.575934e-01,1.009173e+00,9.881581e-01,9.973311e-01,1.046066e+00,9.936837e-01,1.165893e+00,1.051310e+00,1.038915e+00,1.190281e+00,1.108077e+00,9.984727e-01,1.122011e+00,1.754736e+00,1.008713e+00,1.276587e+00,1.174095e+00,1.010116e+00,1.098869e+00,1.028462e+00,1.277665e+00,1.328696e+00,1.024792e+00,9.313736e-01,9.335502e-01,1.134822e+00,1.021230e+00,1.095588e+00,9.992298e-01,1.050640e+00,1.032016e+00,1.030222e+00,9.900139e-01,9.440694e-01,1.062692e+00,1.002584e+00,1.069838e+00,1.157511e+00,1.159764e+00,1.066732e+00,1.174532e+00,1.067630e+00,1.100121e+00,9.639983e-01,1.115919e+00,1.031598e+00,1.047671e+00,9.673021e-01,1.045554e+00,1.154105e+00,1.091963e+00,1.062802e+00,1.041117e+00,1.032397e+00,1.058052e+00,1.014040e+00,1.010750e+00,1.071090e+00,9.492915e-01,1.259247e+00,1.051234e+00,1.136620e+00,1.176436e+00,9.848770e-01,9.911976e-01,9.321794e-01,1.119344e+00,9.892658e-01,1.179812e+00,9.907400e-01,9.241090e-01,1.011839e+00,1.073300e+00,1.120424e+00,9.565557e-01,1.059239e+00,1.017153e+00,1.074320e+00,9.840599e-01,1.081091e+00,1.144529e+00,1.009881e+00,1.081749e+00,1.083654e+00,1.048551e+00,1.013878e+00,1.028106e+00,1.516095e+00,1.125551e+00,1.903389e+00,1.331009e+00,1.829990e+00,1.817575e+00,1.315619e+00,4.160755e+00,1.143464e+00,1.102623e+00,1.138948e+00,8.418702e+00,1.544052e+00,1.136930e+00,1.117660e+00,1.094565e+00,1.222158e+00,1.019994e+01,1.178788e+00,1.040011e+00,1.193393e+00,8.761984e+00,1.458640e+00,1.085539e+00,1.349335e+00,2.503491e+00,1.444229e+00,7.646512e+00,1.114227e+00,1.100223e+00,1.556092e+00,1.268086e+00,9.506236e-01,1.431505e+00,1.425216e+00,1.358933e+00,1.035156e+00,1.050996e+00,1.061706e+00,1.130893e+00,1.106358e+00,1.139217e+00,1.183591e+00,1.292213e+00,1.104648e+00,1.080705e+00,1.089823e+00,1.047917e+00,1.031668e+00,1.084577e+00,1.079595e+00,1.031354e+00,1.016128e+00,9.966069e-01,1.059835e+00,1.052827e+00,1.162833e+00,1.089680e+00,9.764047e-01,9.938390e-01,1.014884e+00
9.818907e-01,1.109097e+00,1.080485e+00,1.163033e+00,1.033568e+00,1.031448e+00,1.208612e+00,9.212717e-01,1.068566e+00,1.112208e+00,1.006703e+00,1.066676e+00,1.045710e+00,9.962453e-01,1.201498e+00,1.071333e+00,9.591247e-01,1.017319e+00,1.054289e+00,1.076422e+00,1.083637e+00,9.789705e-01,1.038868e+00,1.039651e+00,1.181352e+00,1.222110e+00,1.000090e+00,1.007957e+00,1.006695e+00,1.417657e+00,9.899748e-01,1.151314e+00,1.155309e+00,1.069423e+00,1.075018e+00,1.260190e+00,1.031722e+00,1.146774e+00,1.179549e+00,1.164824e+00,1.117956e+00,1.257303e+00,1.064145e+00,9.513094e-01,1.480210e+00,1.045084e+00,1.075806e+00,1.521819e+00,1.134048e+00,1.044535e+00,1.069755e+00,1.114432e+00,9.513108e-01,1.046566e+00,9.449640e-01,1.012139e+00,1.094794e+00,1.130271e+00,9.951819e-01,1.020084e+00,9.523154e-01,1.091710e+00,1.182256e+00,1.461328e+00,1.017105e+00,1.087056e+00,1.024439e+00,1.042015e+00,1.027574e+00,1.177941e+00,1.079086e+00,1.036008e+00,1.097299e+00,9.484460e-01,1.155633e+00,1.120921e+00,1.009615e+00,1.044857e+00,1.044718e+00,1.090724e+00,9.493149e-01,1.187880e+00,1.028380e+00,1.515982e+00,1.089490e+00,1.149760e+00,1.113813e+00,1.113333e+00,1.018680e+00,1.059207e+00,1.386323e+00,1.187706e+00,1.087523e+00,1.162897e+00,1.047091e+00,1.160044e+00,1.102315e+00,9.154052e-01,9.828193e-01,1.000936e+00,9.940343e-01,1.050310e+00,1.109545e+00,1.098926e+00,1.018043e+00,1.023656e+00,1.026249e+00,1.036536e+00,9.581693e-01,9.341959e-01,1.061285e+00,1.114213e+00,1.074999e+00,1.041449e+00,1.059875e+00,1.645759e+00,1.320336e+00,1.367885e+00,1.111151e+00,1.698678e+00,1.184742e+00,9.834675e-01,9.045560e-01,9.824581e-01,1.012493e+00,1.070500e+00,9.548309e-01,1.041787e+00,9.786343e-01,1.051561e+00,1.216064e+00,9.920730e-01,1.040467e+00,1.062705e+00,1.090686e+00,1.000186e+00,1.142506e+00,9.117571e-01,1.084024e+00,1.023187e+00,1.223383e+00,9.868723e-01,1.020229e+00,1.105782e+00,1.043911e+00,1.008788e+00,9.628258e-01,9.420252e-01,9.788216e-01,1.041466e+00,1.169041e+00,1.531554e+00,1.041330e+01,nan,1.251557e+00,1.247658e+00,1.547066e+00,1.203874e+00,1.555713e+00,1.072217e+00,1.084053e+00,3.422304e+00,5.310047e+00,1.092514e+00,1.236318e+00,3.814028e+00,1.462429e+00,1.080907e+00,1.716251e+00,1.039370e+00,1.725564e+00,1.017592e+01,1.273865e+00,1.752098e+00,1.107984e+00,1.037175e+00,1.108925e+00,1.934858e+00,1.468895e+00,1.050929e+00,1.175965e+00,1.567510e+00,2.178363e+00,1.208542e+00,1.284005e+00,3.102501e+00,1.055339e+00,1.167441e+00,1.296935e+00,1.026270e+00,1.089276e+00,1.032057e+00,1.105161e+00,9.602446e-01,9.999486e-01,1.152704e+00,1.073519e+00,1.029303e+00,1.162295e+00,1.048098e+00,9.650250e-01,1.128932e+00,9.702123e-01,1.184028e+00,1.098199e+00,9.856904e-01,9.540401e-01,9.659886e-01,1.162146e+00,9.895532e-01,1.183272e+00,1.003797e+00,9.969573e-01,9.311154e-01,1.065895e+00
9.414473e-01,1.094812e+00,1.100264e+00,1.065021e+00,1.113435e+00,1.042422e+00,9.473921e-01,1.095336e+00,1.032834e+00,1.088132e+00,1.050962e+00,1.112555e+00,1.021624e+00,9.866102e-01,1.051344e+00,1.132575e+00,1.186215e+00,1.092402e+00,1.097701e+00,1.125930e+00,1.292445e+00,1.187989e+00,1.187045e+00,1.104811e+00,1.043318e+00,1.068077e+00,1.007313e+00,1.117392e+00,1.062198e+00,9.789966e-01,1.083551e+00,1.037257e+00,1.360626e+00,1.317727e+00,1.297886e+00,1.010083e+01,9.271287e-01,1.092886e+00,1.068550e+00,1.040394e+00,9.971457e-01,1.051290e+00,1.049996e+00,1.093443e+00,9.661817e-01,9.661482e-01,1.075373e+00,1.202362e+00,1.161503e+00,9.898171e-01,1.034433e+00,1.151649e+00,1.013786e+00,9.876100e-01,9.715131e-01,1.011460e+00,1.386850e+00,9.504961e-01,1.094192e+00,1.213542e+00,1.096746e+00,1.034271e+00,1.229501e+00,1.158703e+00,9.093944e-01,9.950089e-01,1.070837e+00,9.909248e-01,1.035823e+00,1.139408e+00,9.970088e-01,1.004127e+00,1.111289e+00,1.084408e+00,1.207621e+00,1.086810e+00,1.078691e+00,1.349714e+00,1.241354e+00,1.041509e+00,1.083585e+00,1.018930e+00,1.246594e+00,1.445331e+00,1.188458e+00,1.702438e+00,1.767197e+00,9.670754e-01,1.011495e+00,1.091189e+00,1.099603e+00,1.329304e+00,1.023540e+00,1.060804e+00,1.211642e+00,1.046816e+00,1.084449e+00,1.153517e+00,1.119701e+00,1.041394e+00,9.705664e-01,1.094887e+00,1.005896e+00,1.128051e+00,1.075585e+00,1.109774e+00,1.146501e+00,1.002506e+00,1.142170e+00,1.080599e+00,1.020260e+00,1.248517e+00,1.319036e+00,1.207065e+00,1.323367e+00,1.576533e+00,4.363604e+00,1.457005e+00,1.135528e+00,1.022289e+00,1.118943e+00,1.028819e+00,1.112954e+00,1.081561e+00,1.092257e+00,1.103379e+00,9.877857e-01,1.101886e+00,1.037146e+00,1.092733e+00,9.726962e-01,9.080161e-01,1.035956e+00,1.026565e+00,1.012498e+00,1.034232e+00,1.139074e+00,1.050072e+00,1.082323e+00,1.058971e+00,1.015850e+00,1.045987e+00,9.915740e-01,1.202127e+00,1.047545e+00,1.348318e+00,1.252380e+00,1.029290e+00,9.525515e-01,9.931010e-01,1.049032e+00,1.136625e+00,1.116256e+00,nan,1.437266e+00,1.245198e+00,8.366161e+00,1.177102e+00,1.783471e+00,1.536376e+00,1.382275e+00,1.713146e+00,1.596238e+00,4.854065e+00,1.113621e+00,1.190576e+00,1.061920e+00,1.105763e+00,1.722090e+00,1.175542e+00,1.319405e+00,1.122483e+00,1.161760e+00,1.218053e+00,1.219827e+00,1.292813e+00,1.268027e+00,1.016170e+00,1.052069e+00,1.513723e+00,1.273030e+00,1.003705e+00,1.439756e+00,1.185575e+00,1.416593e+00,1.171352e+00,1.701718e+00,1.018402e+00,1.001483e+00,1.186387e+00,1.115645e+00,9.880358e-01,1.022818e+00,1.135229e+00,1.078779e+00,1.155298e+00,1.148140e+00,1.099325e+00,1.036878e+00,9.819821e-01,9.585528e-01,1.111237e+00,1.017321e+00,1.007332e+00,1.028175e+00,9.077369e-01,1.109465e+00,1.072813e+00,1.028768e+00,8.989148e-01,1.069184e+00,9.916853e-01,1.105688e+00,1.036698e+00,1.078803e+00
9.162100e-01,1.135094e+00,9.688980e-01,1.164493e+00,1.093599e+00,9.594408e-01,9.692088e-01,1.051507e+00,9.840804e-01,1.119115e+00,1.020983e+00,1.139570e+00,1.102012e+00,1.002231e+00,1.020964e+00,9.817752e-01,1.038883e+00,1.072254e+00,1.118381e+00,1.124840e+00,1.053366e+00,1.070117e+00,1.017970e+00,1.315665e+00,1.086711e+00,1.068854e+00,1.127526e+00,1.114514e+00,1.282623e+00,1.053315e+00,1.119882e+00,1.075247e+00,1.267137e+00,1.071640e+00,1.268271e+00,1.416663e+00,1.079655e+00,1.059662e+00,1.006024e+00,1.068084e+00,1.107138e+00,9.557042e-01,1.098162e+00,1.090348e+00,1.080982e+00,1.099805e+00,9.516541e-01,1.288826e+00,1.013626e+00,1.098807e+00,1.005137e+00,1.068867e+00,9.640870e-01,1.006631e+00,9.556915e-01,1.055190e+00,1.188719e+00,1.074395e+00,1.200296e+00,1.114216e+00,1.281032e+00,1.028719e+00,1.174328e+00,1.019349e+00,1.048777e+00,1.319960e+00,1.173794e+00,1.021752e+00,1.084039e+00,1.043258e+00,1.327685e+00,1.174571e+00,1.128914e+00,1.036540e+00,1.046435e+00,1.102019e+00,1.063336e+00,1.056312e+00,9.845566e-01,1.039315e+00,1.191103e+00,9.632727e-01,1.096872e+00,1.159519e+00,1.107668e+00,1.034504e+00,1.481887e+00,9.593051e-01,1.173167e+00,1.037224e+00,1.095650e+00,1.149926e+00,1.153603e+00,1.060110e+00,9.961579e-01,1.104305e+00,1.017493e+00,1.037846e+00,1.114082e+00,9.507092e-01,1.052600e+00,9.718463e-01,1.028694e+00,1.201415e+00,1.235149e+00,1.031289e+00,9.811864e-01,1.044477e+00,1.084466e+00,1.221986e+00,1.369945e+00,1.446077e+00,1.101618e+00,1.607918e+00,1.206310e+00,1.457409e+00,1.135593e+00,1.195937e+00,1.346112e+00,1.032414e+00,1.172508e+00,1.079927e+00,1.306117e+00,1.258450e+00,1.059475e+00,1.073404e+00,1.158309e+00,1.323869e+00,1.020618e+00,1.013757e+00,1.178575e+00,9.233140e-01,1.030496e+00,1.000237e+00,9.419793e-01,9.836647e-01,9.675942e-01,1.143146e+00,1.141715e+00,1.024815e+00,1.019500e+00,9.622602e-01,1.081664e+00,1.057796e+00,1.031443e+00,1.027955e+00,9.895746e-01,1.116064e+00,1.040498e+00,1.018564e+00,1.233303e+00,1.103678e+00,1.155263e+00,1.046155e+00,1.060782e+00,1.249702e+00,1.161160e+00,1.096959e+00,1.386755e+00,5.900624e+00,1.768531e+00,1.225779e+00,1.327345e+00,1.058129e+00,1.474892e+00,1.233678e+00,1.059855e+00,1.009134e+00,1.059200e+00,1.221900e+00,7.743634e+00,1.665185e+00,1.123888e+00,1.049974e+00,1.108944e+00,1.341834e+00,8.933400e-01,1.127995e+00,1.175724e+00,1.827226e+00,1.274608e+00,1.276126e+00,1.651507e+00,1.235912e+00,1.036585e+01,1.192557e+00,1.907059e+00,1.327198e+00,9.306933e-01,1.574293e+00,1.170796e+00,1.249109e+00,9.850430e-01,1.041319e+00,1.102479e+00,9.993677e-01,9.838679e-01,1.414057e+00,9.223812e-01,1.039196e+00,1.196936e+00,1.066838e+00,1.110907e+00,1.035429e+00,1.070246e+00,1.277964e+00,1.029864e+00,1.063169e+00,1.006211e+00,1.065748e+00,1.118285e+00,9.582680e-01,1.070790e+00,1.139732e+00,1.159459e+00
1.013898e+00,1.138705e+00,9.831574e-01,1.041679e+00,9.773925e-01,1.001640e+00,1.175991e+00,1.168452e+00,9.974736e-01,1.007630e+00,9.533417e-01,1.035562e+00,1.090122e+00,1.092424e+00,1.013896e+00,1.133060e+00,1.183192e+00,1.029978e+00,1.077502e+00,1.154689e+00,1.092137e+00,1.154525e+00,1.007707e+00,9.730901e-01,1.230682e+00,1.085150e+00,1.280640e+00,1.109342e+00,1.029025e+00,1.079088e+00,1.282533e+00,1.013740e+00,9.980771e-01,1.037026e+00,1.931129e+00,1.142937e+00,1.005101e+00,1.044176e+00,1.106396e+00,1.163170e+00,9.881310e-01,1.021316e+00,1.033877e+00,1.062207e+00,1.333475e+00,9.685482e-01,9.266107e-01,1.081751e+00,1.122753e+00,1.127249e+00,1.467758e+00,1.128885e+00,1.404218e+00,1.105570e+00,1.102043e+00,1.237318e+00,1.010567e+00,1.105574e+00,1.064552e+00,1.089916e+00,1.004991e+00,1.057796e+00,1.090962e+00,1.003620e+00,1.019427e+00,1.265189e+00,1.189409e+00,9.511793e-01,1.056612e+00,1.011115e+00,1.014496e+00,1.079280e+00,1.148624e+00,1.493012e+00,1.006744e+00,1.116330e+00,1.047698e+00,1.086538e+00,1.026511e+00,1.024160e+00,1.096110e+00,1.058698e+00,1.159140e+00,1.030818e+00,9.999568e-01,1.056604e+00,1.042309e+00,1.229620e+00,1.073006e+00,1.073108e+00,9.899059e-01,9.520957e-01,1.095552e+00,1.116627e+00,1.407505e+00,1.095736e+00,1.151144e+00,1.177256e+00,9.543801e-01,1.036681e+00,9.683924e-01,1.130317e+00,1.020264e+00,1.204734e+00,1.491371e+00,1.044136e+00,1.171551e+00,1.052458e+00,1.139219e+00,9.279636e-01,8.784572e+00,1.158888e+00,nan,1.765627e+00,3.535546e+00,1.021780e+01,1.948544e+00,1.044722e+00,9.136112e+00,1.083622e+00,1.127780e+00,1.540179e+00,1.080556e+00,1.041866e+01,1.277364e+00,1.204250e+00,1.055624e+00,1.084135e+00,1.097442e+00,1.122103e+00,1.229964e+00,1.118957e+00,1.048119e+00,1.096452e+00,9.845559e-01,1.047703e+00,1.272893e+00,1.088851e+00,9.434091e-01,1.039211e+00,9.704685e-01,1.028685e+00,1.139001e+00,9.929047e-01,1.124466e+00,1.330511e+00,1.046884e+00,9.860956e-01,9.978034e-01,1.002616e+00,9.196225e-01,1.112506e+00,1.113902e+00,1.187892e+00,1.182489e+00,1.242896e+00,8.639767e-01,1.501484e+00,1.034456e+00,9.426592e+00,9.288549e+00,1.082479e+00,1.059421e+00,1.258949e+00,1.240186e+00,1.062287e+00,1.446239e+00,1.422729e+00,1.306637e+00,1.279968e+00,1.040671e+00,1.246195e+00,5.388443e+00,1.416564e+00,1.130966e+00,1.128167e+00,1.832468e+00,9.266239e-01,1.142516e+00,8.543207e+00,1.126515e+00,1.029179e+00,1.142946e+00,1.134881e+00,9.511329e-01,1.354005e+00,1.086919e+00,1.440400e+00,1.422894e+00,1.175042e+00,1.018144e+00,9.692478e-01,1.073158e+00,9.774431e-01,9.341185e-01,1.118027e+00,9.967184e-01,1.010378e+00,2.451528e+00,1.085045e+00,1.041703e+00,9.777619e-01,9.886770e-01,1.079874e+00,1.203861e+00,1.084594e+00,1.123040e+00,1.102421e+00,1.026546e+00,1.061566e+00,1.094276e+00,9.553542e-01,1.186707e+00,1.151090e+00,1.147979e+00
1.077294e+00,1.110475e+00,1.009738e+00,1.013063e+00,1.027117e+00,1.077267e+00,1.110352e+00,1.008248e+00,1.126215e+00,9.245465e-01,1.034054e+00,1.025578e+00,1.006334e+00,9.667812e-01,1.064161e+00,1.075568e+00,9.874709e-01,1.017302e+00,1.087264e+00,1.035028e+00,1.049935e+00,9.955917e-01,1.150264e+00,9.983888e-01,1.061480e+00,1.053112e+00,9.195094e-01,1.094942e+00,1.027122e+00,1.078955e+00,9.488777e-01,1.126441e+00,1.340063e+00,9.974427e-01,1.486601e+00,1.091071e+00,1.109457e+00,9.704509e-01,1.140845e+00,9.689766e-01,1.098765e+00,1.033405e+00,1.039591e+00,1.009199e+00,1.118929e+00,1.114161e+00,1.028136e+00,1.097111e+00,1.018555e+00,1.062319e+00,1.030403e+00,1.201081e+00,1.039533e+00,1.180167e+00,1.013568e+00,1.128773e+00,1.028078e+00,1.095282e+00,1.047202e+00,1.058473e+00,1.550943e+00,1.013583e+00,1.020330e+00,1.162720e+00,1.076236e+00,1.160569e+00,1.297502e+00,1.059609e+00,1.101790e+00,1.163188e+00,1.122121e+00,1.468114e+00,1.082130e+00,1.093638e+00,1.219510e+00,1.074627e+00,1.093177e+00,9.940643e-01,1.253249e+00,1.077702e+00,1.062158e+00,1.014352e+00,1.025357e+00,1.074633e+00,1.066963e+00,9.228799e-01,1.007654e+00,1.244787e+00,1.134246e+00,1.071353e+00,1.046170e+00,1.119374e+00,9.962387e-01,1.147926e+00,1.010518e+00,1.019697e+00,1.083462e+00,1.302919e+00,9.912033e-01,1.063394e+00,1.120002e+00,1.391301e+00,1.047669e+00,1.174393e+00,1.185204e+00,1.084866e+00,1.137695e+00,1.112630e+00,1.248644e+00,1.125397e+00,1.566553e+00,2.023305e+00,1.032138e+01,1.019004e+01,1.488312e+00,1.041866e+01,1.021429e+00,1.256707e+00,1.301782e+00,6.650419e+00,2.860699e+00,1.364581e+00,nan,1.041866e+01,1.327851e+00,1.337029e+00,1.051398e+00,1.225762e+00,1.063858e+00,1.012141e+00,1.073508e+00,1.121910e+00,1.222318e+00,1.259943e+00,1.077279e+00,1.023311e+00,1.064266e+00,1.044629e+00,1.096629e+00,1.034798e+00,1.011759e+00,9.999204e-01,1.227624e+00,1.300130e+00,1.054645e+00,9.603879e-01,9.486672e-01,9.504401e-01,1.065549e+00,1.086613e+00,9.582665e-01,1.113593e+00,1.025165e+00,1.127156e+00,1.074434e+00,9.415707e-01,nan,1.041866e+01,1.541563e+00,1.527494e+00,1.353205e+00,1.194923e+00,nan,1.142641e+00,1.060803e+00,1.204222e+00,1.543592e+00,4.224470e+00,1.118959e+00,1.606970e+00,1.465503e+00,1.085072e+00,9.732355e-01,1.071306e+00,1.019136e+00,1.304756e+00,1.335555e+00,1.317437e+00,1.272122e+00,1.257155e+00,1.344402e+00,1.439686e+00,1.165949e+00,1.081534e+00,1.122443e+00,1.191309e+00,1.392466e+00,1.079165e+00,1.081749e+00,2.041192e+00,1.361685e+00,1.127505e+00,1.074960e+00,1.059533e+00,1.070194e+00,1.033983e+00,1.122328e+00,9.897022e-01,1.102197e+00,9.715392e-01,1.144905e+00,1.091271e+00,1.020306e+00,1.068213e+00,1.093533e+00,1.123285e+00,1.195449e+00,1.087874e+00,1.337383e+00,1.010913e+00,1.039016e+00,1.016974e+00,1.125942e+00,1.033117e+00,9.519865e-01
1.005521e+00,1.037916e+00,1.003564e+00,1.145392e+00,1.078800e+00,1.099691e+00,1.072505e+00,1.083291e+00,1.074281e+00,1.077454e+00,1.085944e+00,1.091679e+00,1.028335e+00,1.129547e+00,1.090323e+00,1.068838e+00,1.034303e+00,1.191158e+00,1.089414e+00,9.660006e-01,1.092871e+00,1.118735e+00,1.131565e+00,1.122797e+00,1.014068e+00,1.070650e+00,1.179959e+00,1.179519e+00,1.075833e+00,1.505135e+00,9.845915e-01,1.077633e+00,9.919776e-01,1.336564e+00,1.080546e+00,1.015782e+00,1.015104e+00,1.083376e+00,9.910750e-01,1.210574e+00,9.515086e-01,1.366695e+00,1.009833e+00,1.172075e+00,1.213658e+00,1.074329e+00,1.133440e+00,1.112628e+00,1.168576e+00,1.192139e+00,1.104077e+00,1.051731e+00,1.165649e+00,9.806529e-01,1.064250e+00,1.043490e+00,1.112009e+00,1.013027e+00,1.066116e+00,1.160306e+00,1.001741e+00,1.140339e+00,1.109378e+00,1.180905e+00,1.027339e+00,1.357202e+00,1.025007e+00,9.912987e-01,1.056631e+00,1.114622e+00,9.756371e-01,9.713569e-01,1.022519e+00,1.104546e+00,1.032889e+00,1.044753e+00,1.294364e+00,9.830842e-01,1.066214e+00,1.097838e+00,1.017927e+00,1.102912e+00,1.024595e+00,1.146633e+00,1.083793e+00,9.720087e-01,1.051641e+00,1.083159e+00,1.065175e+00,9.626088e-01,1.014478e+00,1.050243e+00,1.073954e+00,1.275163e+00,9.817689e-01,1.099500e+00,1.349309e+00,1.047214e+00,1.079752e+00,1.202621e+00,1.105549e+00,1.043593e+00,1.083112e+00,1.318338e+00,1.384903e+00,1.615258e+00,7.171405e+00,1.246596e+00,1.827963e+00,nan,nan,1.868626e+00,nan,nan,2.265905e+00,1.907286e+00,3.608351e+00,9.295453e+00,4.381361e+00,9.349471e+00,1.041866e+01,1.979969e+00,1.109673e+00,9.956275e+00,1.265894e+00,1.000299e+00,1.189639e+00,1.007021e+00,1.275024e+00,1.075095e+00,1.173787e+00,1.581685e+00,1.083157e+00,1.281695e+00,1.108313e+00,1.188961e+00,1.003935e+00,1.071564e+00,1.064053e+00,1.115074e+00,9.858106e-01,1.099486e+00,1.061854e+00,1.170750e+00,1.085422e+00,1.027175e+00,1.056169e+00,1.133571e+00,1.103415e+00,1.192894e+00,1.101464e+00,1.103518e+00,9.862294e-01,1.020639e+00,1.124947e+00,1.273235e+00,1.375925e+00,1.093685e+00,1.117365e+00,2.213831e+00,1.485718e+00,1.048272e+00,1.083528e+00,1.441241e+00,1.040765e+00,1.185413e+00,1.082383e+00,1.324459e+00,1.358275e+00,1.658963e+00,6.052998e+00,9.481693e+00,1.037153e+00,1.480431e+00,9.106536e-01,1.893065e+00,1.497167e+00,1.202574e+00,1.237391e+00,1.136950e+00,9.813959e-01,1.001412e+00,1.223124e+00,1.198996e+00,1.487989e+00,1.031721e+00,1.160173e+00,1.274420e+00,1.071592e+00,1.103348e+00,9.946746e-01,9.901463e-01,9.908474e-01,1.211719e+00,1.094391e+00,9.888040e-01,9.435881e-01,1.238303e+00,1.119310e+00,1.134259e+00,1.072505e+00,1.171343e+00,9.805179e-01,1.093646e+00,1.005957e+00,1.101119e+00,1.145118e+00,1.099671e+00,1.007722e+00,1.118831e+00,1.044872e+00,1.075235e+00,1.153233e+00,1.137693e+00,1.034295e+00
1.027029e+00,1.008637e+00,1.178521e+00,1.054547e+00,1.104628e+00,1.032525e+00,1.230550e+00,1.069497e+00,1.020863e+00,1.010741e+00,1.103590e+00,9.788143e-01,1.066031e+00,1.269278e+00,9.617859e-01,1.184248e+00,1.215722e+00,1.093693e+00,1.027364e+00,1.034268e+00,1.075211e+00,1.098491e+00,1.233863e+00,9.038726e-01,9.538103e-01,9.806847e-01,1.134059e+00,1.135197e+00,1.016636e+00,9.657845e-01,1.110139e+00,1.500614e+00,1.078103e+00,1.065113e+00,1.139694e+00,1.127765e+00,1.010553e+00,1.162767e+00,1.195430e+00,1.173730e+00,1.002029e+00,1.024380e+00,1.160993e+00,1.067768e+00,1.190173e+00,1.185483e+00,1.452579e+00,1.061894e+00,1.093630e+00,1.489694e+00,1.122777e+00,9.822936e-01,1.006249e+00,1.037318e+00,1.038091e+00,1.043999e+00,1.152523e+00,1.108313e+00,1.043181e+00,7.047927e+00,1.152087e+00,1.076281e+00,1.103723e+00,1.068644e+00,9.621651e-01,1.031707e+00,1.088360e+00,9.846571e-01,1.345973e+00,9.790776e-01,1.237110e+00,9.910590e-01,1.193639e+00,1.658697e+00,1.066634e+00,1.104969e+00,1.120363e+00,1.087135e+00,1.195162e+00,1.143550e+00,1.132796e+00,1.122002e+00,9.935870e-01,9.746044e-01,1.122224e+00,1.097531e+00,1.173759e+00,1.113808e+00,1.119641e+00,1.046629e+00,1.124320e+00,9.881523e-01,1.071450e+00,1.063030e+00,1.153680e+00,1.057925e+00,1.029169e+00,1.133942e+00,1.196359e+00,1.034415e+00,1.001941e+00,1.121603e+00,1.562272e+00,1.048163e+00,1.033556e+00,1.421786e+00,1.015689e+01,1.808291e+00,1.928875e+00,1.569663e+00,1.048437e+00,1.161892e+00,1.064103e+00,1.047193e+00,1.089169e+00,1.674105e+00,1.029119e+01,7.567414e+00,4.708596e+00,1.362201e+00,1.339349e+00,7.146314e+00,1.108532e+00,1.594398e+00,1.465160e+00,1.472027e+00,1.002336e+00,1.346547e+00,1.328135e+00,1.469688e+00,1.076726e+00,1.554149e+00,1.587053e+00,1.018562e+00,1.024960e+00,1.045246e+00,1.077818e+00,9.907511e-01,1.068785e+00,1.076667e+00,9.911062e-01,1.064185e+00,1.016854e+00,1.090952e+00,1.104877e+00,1.047038e+00,9.968000e-01,9.267030e-01,1.039685e+00,1.108130e+00,1.003990e+00,1.039205e+00,1.019959e+00,1.033885e+00,1.310152e+00,1.143286e+00,1.296527e+00,1.068780e+00,9.644698e-01,1.621520e+00,4.681016e+00,1.109163e+00,2.665651e+00,1.041721e+01,1.125933e+00,8.232719e+00,9.711839e-01,1.158949e+00,9.912011e-01,1.064936e+00,1.195351e+00,1.105175e+00,1.274365e+00,1.281566e+00,1.127975e+00,1.107498e+00,1.389701e+00,1.152087e+00,1.005573e+00,1.086985e+00,1.101276e+00,9.987876e-01,1.138877e+00,1.106742e+00,1.092080e+00,1.035295e+00,9.915344e-01,nan,1.725178e+00,1.030576e+00,1.595050e+00,1.198984e+00,1.013555e+00,1.314482e+00,1.162508e+00,9.879351e-01,9.717250e-01,1.275699e+00,2.235359e+00,1.156284e+00,1.081095e+00,1.072068e+00,1.030438e+00,9.797452e-01,1.037253e+00,1.115680e+00,1.009288e+00,9.702749e-01,1.081145e+00,1.050901e+00,9.700915e-01,1.138226e+00,1.110967e+00,1.068453e+00,1.052312e+00
1.062741e+00,1.044662e+00,1.052054e+00,1.039463e+00,1.061800e+00,9.756663e-01,1.097746e+00,1.211377e+00,1.223442e+00,9.963269e-01,1.079520e+00,1.155359e+00,1.106839e+00,1.055382e+00,1.073323e+00,1.048975e+00,9.705017e-01,1.061506e+00,1.021830e+00,1.182350e+00,1.076984e+00,9.938277e-01,1.219113e+00,1.017716e+00,1.064871e+00,1.285002e+00,9.789878e-01,1.047691e+00,1.104059e+00,1.060592e+00,1.507878e+00,1.120920e+00,1.163364e+00,1.413266e+00,1.133566e+00,1.087496e+00,1.003257e+00,1.059792e+00,1.289669e+00,1.083823e+00,1.079428e+00,1.127696e+00,1.138907e+00,1.110872e+00,1.027561e+00,1.077501e+00,1.025599e+00,1.163027e+00,1.122163e+00,1.013169e+00,1.739906e+00,1.208906e+00,2.002276e+00,1.028278e+00,1.196161e+00,9.705820e-01,1.032132e+00,1.032088e+00,1.036057e+00,1.061245e+00,1.128330e+00,1.021681e+00,1.004459e+00,1.160269e+00,1.226717e+00,1.088082e+00,1.119035e+00,1.050866e+00,1.488546e+00,1.142799e+00,1.062829e+00,1.030641e+00,1.125370e+00,1.015747e+00,9.392875e-01,1.133629e+00,1.021669e+00,9.958148e-01,9.757609e-01,1.058730e+00,1.176231e+00,9.851368e-01,1.101134e+00,9.741340e-01,1.016185e+00,9.847357e-01,1.284953e+00,1.033873e+00,9.427430e-01,9.271052e-01,1.124095e+00,1.090799e+00,9.973992e-01,1.010739e+00,1.466538e+00,1.072088e+00,1.177128e+00,1.136337e+00,1.055335e+00,1.037069e+00,1.108521e+00,1.177469e+00,1.022358e+00,1.412078e+00,1.129532e+00,1.215502e+00,1.145866e+00,1.445086e+00,1.242776e+00,1.019713e+00,1.039289e+00,1.072694e+00,1.000552e+00,1.132683e+00,9.963942e-01,1.120825e+00,1.088011e+00,1.035382e+00,8.432532e+00,1.505671e+00,1.117196e+00,1.059588e+00,1.404889e+00,9.868621e-01,1.214869e+00,1.009314e+00,1.217589e+00,1.416294e+00,1.068866e+00,9.789150e-01,1.560982e+00,1.219672e+00,1.664113e+00,1.543322e+00,9.424192e-01,1.312522e+00,1.069454e+00,1.022314e+00,9.878542e-01,1.017110e+00,1.050050e+00,1.114619e+00,1.154453e+00,1.047182e+00,1.235639e+00,1.048707e+00,9.947519e-01,1.060528e+00,1.143022e+00,9.867649e-01,9.949381e-01,1.097209e+00,1.008276e+00,1.018529e+00,1.162550e+00,1.077843e+00,1.423343e+00,1.005467e+00,1.460167e+00,1.331137e+00,1.621799e+00,1.656144e+00,1.361353e+00,1.224524e+00,6.675133e+00,9.523219e+00,1.069193e+00,1.116536e+00,1.242001e+00,1.098037e+00,1.117564e+00,1.524203e+00,1.112979e+00,9.871554e-01,1.030926e+00,1.170653e+00,1.021767e+00,1.111591e+00,1.180236e+00,1.038217e+00,1.156615e+00,1.129899e+00,1.062773e+00,1.113904e+00,1.098542e+00,1.162346e+00,9.742302e-01,1.150260e+00,9.542949e-01,1.397455e+00,1.020024e+00,1.248217e+00,1.303157e+00,1.099470e+00,1.199609e+00,1.012243e+00,1.171408e+00,1.066227e+00,1.181808e+00,1.052135e+00,1.102551e+00,1.068325e+00,1.016218e+00,9.811382e-01,1.110446e+00,9.536081e-01,1.148123e+00,1.233202e+00,9.493214e-01,1.068933e+00,1.206581e+00,1.136806e+00,1.109940e+00,1.319516e+00,1.174537e+00
1.087863e+00,1.067621e+00,9.430637e-01,9.594817e-01,9.805394e-01,1.367675e+00,9.471772e-01,1.100495e+00,9.988878e-01,1.032283e+00,1.003522e+00,1.102456e+00,1.019492e+00,1.071751e+00,1.054441e+00,1.159412e+00,1.044343e+00,1.009589e+00,1.062796e+00,9.378445e-01,9.730784e-01,1.105984e+00,9.339394e-01,9.120277e-01,1.196190e+00,1.493023e+00,9.603655e-01,1.048800e+00,9.980723e-01,1.078952e+00,9.948913e-01,1.159006e+00,1.270866e+00,1.181154e+00,1.033745e+00,1.028157e+00,1.072449e+00,1.100016e+00,9.283630e-01,1.028711e+00,1.144258e+00,9.099034e-01,1.379279e+00,1.015984e+00,9.769888e-01,1.358167e+00,1.063518e+00,1.204715e+00,1.068950e+00,1.754768e+00,1.071093e+00,9.894151e-01,1.123827e+00,1.181064e+00,1.060547e+00,1.051433e+00,9.237033e-01,1.113345e+00,1.037343e+00,1.032031e+00,9.913634e-01,1.075786e+00,1.134924e+00,9.751515e-01,1.000803e+00,1.110538e+00,1.128845e+00,1.132617e+00,1.156383e+00,1.043279e+00,1.009865e+00,1.038601e+00,9.784107e-01,1.314812e+00,1.073274e+00,9.878340e-01,9.896299e-01,1.095761e+00,9.621072e-01,1.141393e+00,9.875164e-01,9.667103e-01,9.912087e-01,1.193659e+00,1.084266e+00,9.967769e-01,1.199538e+00,1.033547e+00,1.077924e+00,1.193034e+00,1.092829e+00,1.057727e+00,1.061871e+00,1.110674e+00,1.006852e+00,1.092701e+00,1.016943e+00,1.079415e+00,9.876871e-01,1.589620e+00,1.383455e+00,1.059692e+00,1.294112e+00,1.650651e+00,1.406998e+00,1.039643e+00,1.573750e+00,1.012281e+00,1.075012e+00,1.022381e+00,1.032014e+00,1.046623e+00,1.002667e+00,1.139091e+00,1.077079e+00,1.113461e+00,1.006431e+00,1.040516e+00,1.021180e+00,1.511125e+00,1.377552e+00,1.619108e+00,1.248432e+00,1.283435e+00,1.093647e+00,9.229350e-01,1.018512e+00,1.530848e+00,1.216712e+00,1.058445e+00,1.057635e+00,1.147117e+00,1.067946e+00,9.539785e-01,1.307246e+00,1.040899e+00,9.536034e-01,1.490192e+00,1.517564e+00,1.017493e+00,1.079277e+00,1.016243e+00,1.201460e+00,1.110066e+00,9.660000e-01,9.959598e-01,9.669738e-01,1.014183e+00,1.002852e+00,1.028925e+00,1.079739e+00,1.040100e+00,9.937330e-01,1.153081e+00,1.161972e+00,9.551167e-01,1.470933e+00,1.364727e+00,9.763126e-01,1.063218e+00,1.313084e+00,1.096513e+00,1.177127e+00,2.055272e+00,1.140292e+00,1.363171e+00,1.341653e+00,1.074872e+00,1.458994e+00,9.380240e-01,1.178294e+00,1.046380e+00,1.056850e+00,1.109715e+00,1.107155e+00,1.070047e+00,1.085939e+00,9.647010e-01,1.188555e+00,1.039323e+00,1.106108e+00,1.099546e+00,1.122782e+00,1.108763e+00,1.075006e+00,1.076841e+00,1.053935e+00,1.069310e+00,1.343102e+00,4.064354e+00,1.038974e+01,9.553906e-01,1.186058e+00,9.990307e-01,1.068721e+00,1.055470e+00,1.034065e+00,1.151605e+00,9.933752e-01,9.590165e-01,1.164138e+00,1.090185e+00,1.442955e+00,1.019290e+00,1.008195e+00,1.399909e+00,9.644188e-01,1.102276e+00,1.106924e+00,1.017981e+00,9.959035e-01,1.020124e+00,9.945367e-01,1.053062e+00,9.877469e-01
1.145047e+00,9.778088e-01,1.022786e+00,1.104084e+00,1.046684e+00,1.120623e+00,8.985447e-01,1.036988e+00,1.001062e+00,1.473808e+00,9.757763e-01,1.053590e+00,1.046785e+00,1.142319e+00,1.211206e+00,1.020260e+00,1.005074e+00,1.117947e+00,1.179550e+00,1.007107e+00,1.086391e+00,1.056899e+00,9.888386e-01,1.152851e+00,1.067837e+00,1.010677e+00,1.050088e+00,1.096006e+00,9.909035e-01,1.380640e+00,1.011423e+00,9.605884e-01,1.009809e+00,1.058790e+00,9.967700e-01,1.048410e+00,1.055772e+00,1.037754e+00,1.039202e+00,1.013118e+00,1.046188e+00,1.089776e+00,1.185207e+00,1.029619e+00,1.360140e+00,9.241984e-01,1.026732e+00,1.042832e+00,9.630646e-01,1.400111e+00,1.621025e+00,1.096356e+00,1.142365e+00,1.201133e+00,1.174076e+00,1.115248e+00,1.065887e+00,1.036565e+00,9.088958e-01,1.061958e+00,1.011096e+00,9.336467e-01,9.938973e-01,1.054535e+00,1.052707e+00,1.255297e+00,9.928221e-01,1.083221e+00,1.057301e+00,1.083628e+00,9.837909e-01,9.923120e-01,1.057359e+00,1.732233e+00,1.252928e+00,1.021510e+00,1.014030e+00,9.667503e-01,1.002911e+00,1.114571e+00,1.018078e+00,1.022090e+00,9.499294e-01,1.378947e+00,1.091004e+00,9.089781e-01,1.115289e+00,9.143767e-01,9.634505e-01,1.033914e+00,1.062898e+00,1.090804e+00,1.100374e+00,1.062374e+00,1.284018e+00,1.061725e+00,9.882094e-01,2.803997e+00,9.669830e-01,1.079170e+00,1.671602e+00,1.470259e+00,2.077168e+00,9.710267e+00,8.158292e+00,1.025937e+00,1.123274e+00,9.996342e-01,1.156507e+00,1.032898e+00,9.992811e-01,9.303084e-01,8.838756e-01,1.027566e+00,1.138744e+00,1.017019e+00,1.084242e+00,1.380730e+00,9.715357e-01,1.004502e+00,9.920307e-01,1.040763e+00,1.221778e+00,1.260835e+00,1.184929e+00,9.922430e-01,9.978834e-01,1.561062e+00,1.025352e+00,1.646178e+00,9.584178e-01,1.420356e+00,9.788808e-01,1.021829e+00,1.455338e+00,1.141005e+00,1.123240e+00,9.761316e-01,1.218069e+00,1.087140e+00,9.736921e-01,1.085068e+00,1.015891e+00,1.169798e+00,1.039406e+00,1.167879e+00,1.080961e+00,1.099856e+00,1.038784e+00,1.032710e+00,1.101293e+00,1.168079e+00,9.381914e-01,1.091711e+00,8.710395e-01,1.134221e+00,1.269783e+00,2.443385e+00,1.069491e+00,1.157462e+00,1.086043e+00,5.950225e+00,1.022293e+01,4.634668e+00,1.304534e+00,9.591936e-01,1.187491e+00,1.025885e+00,1.103687e+00,9.169111e-01,9.948447e-01,1.001183e+00,1.031612e+00,1.047255e+00,1.128959e+00,1.136604e+00,1.097366e+00,1.054346e+00,9.844316e-01,8.755045e-01,1.064047e+00,1.123048e+00,9.596587e-01,9.945304e-01,1.051479e+00,1.300038e+00,1.068793e+00,1.300752e+00,1.393692e+00,9.079256e-01,1.379786e+00,5.471697e+00,1.087967e+00,1.479479e+00,1.044610e+00,1.113970e+00,9.620233e-01,9.519147e-01,1.093307e+00,1.151142e+00,9.784594e-01,9.282567e-01,1.036975e+00,1.020583e+00,9.775431e-01,1.035812e+00,1.010594e+00,9.717266e-01,9.681957e-01,1.133877e+00,1.107607e+00,9.546599e-01,9.808708e-01,9.819432e-01,1.013419e+00
1.031278e+00,1.044935e+00,1.024557e+00,1.043767e+00,1.013862e+00,1.016726e+00,1.028050e+00,1.023168e+00,9.599594e-01,1.078898e+00,9.935053e-01,9.561045e-01,1.059358e+00,9.675316e-01,1.034556e+00,1.040833e+00,1.071116e+00,1.012824e+00,9.168973e-01,1.199992e+00,1.135830e+00,9.744890e-01,1.068893e+00,8.946003e-01,1.219833e+00,1.047386e+00,1.065917e+00,9.732539e-01,1.094166e+00,1.084309e+00,9.663237e-01,1.376523e+00,9.740771e-01,9.455619e-01,1.008950e+00,1.212024e+00,8.913731e-01,9.362939e-01,1.070786e+00,9.697391e-01,1.210766e+00,1.147333e+00,9.570078e-01,1.027052e+00,1.027838e+00,1.315134e+00,9.799106e-01,2.408574e+00,1.010237e+00,9.934412e-01,1.049013e+00,1.005370e+00,9.528347e-01,1.357298e+00,1.055161e+00,1.082494e+00,1.041822e+00,9.514862e-01,9.276945e-01,1.093146e+00,9.350374e-01,1.056553e+00,9.160634e-01,1.071727e+00,9.937516e-01,1.046730e+00,1.058805e+00,1.023503e+00,1.032273e+00,1.001151e+00,1.073668e+00,9.145070e-01,9.898510e-01,1.250451e+00,1.088027e+00,1.090153e+00,1.066841e+00,9.652720e-01,1.025887e+00,1.023786e+00,1.068291e+00,1.006646e+00,1.041747e+00,1.038335e+00,1.229961e+00,1.060797e+00,9.750490e-01,1.051649e+00,1.024359e+00,9.527082e-01,1.082825e+00,1.070423e+00,1.081205e+00,1.527169e+00,9.849145e-01,9.618747e-01,1.030926e+00,1.642888e+00,9.814227e-01,1.789009e+00,1.538543e+00,1.041866e+01,1.463526e+00,1.785852e+00,1.015390e+00,1.093621e+00,1.024771e+00,9.572032e-01,1.189671e+00,1.084362e+00,1.185396e+00,1.017318e+00,1.434297e+00,1.422365e+00,9.885853e-01,1.017546e+00,9.700390e-01,9.659072e-01,1.052368e+00,9.930575e-01,1.118550e+00,1.026904e+00,2.027447e+00,1.513088e+00,1.116988e+00,1.098321e+00,1.040109e+00,1.032799e+00,1.044733e+00,1.457506e+00,1.093364e+00,9.780516e-01,1.024536e+00,1.135882e+00,1.010168e+00,1.036228e+00,9.944121e-01,1.002664e+00,1.101693e+00,1.097779e+00,1.127771e+00,1.045042e+00,1.560662e+00,1.043661e+00,9.907846e-01,1.181264e+00,1.056507e+00,1.264270e+00,1.176379e+00,1.186932e+00,9.723560e-01,1.226672e+00,1.085144e+00,9.572648e-01,1.099384e+00,9.711768e-01,1.390017e+00,1.309233e+00,1.325479e+00,1.237569e+00,1.120989e+00,2.386393e+00,1.025585e+00,1.800727e+00,9.281871e-01,4.500312e+00,1.347613e+00,1.048402e+00,9.551354e-01,1.393923e+00,nan,9.897741e-01,1.131559e+00,1.049388e+00,1.251656e+00,1.109039e+00,1.072132e+00,9.972723e-01,1.145308e+00,1.074516e+00,1.078028e+00,1.060561e+00,9.795630e-01,1.137593e+00,1.002571e+00,1.007483e+00,1.069309e+00,1.220359e+00,1.725167e+00,1.130874e+00,1.203689e+00,9.249203e+00,1.453800e+00,1.088114e+00,1.037833e+00,9.635010e-01,1.029646e+00,9.395977e-01,1.059068e+00,9.982246e-01,9.324338e-01,1.199316e+00,1.119306e+00,1.083644e+00,9.991268e-01,1.091106e+00,9.980718e-01,1.092049e+00,9.901038e-01,1.083076e+00,1.063320e+00,9.283518e-01,1.016612e+00,1.023953e+00,1.068846e+00
1.018325e+00,9.369482e-01,9.662090e-01,9.423025e-01,1.054764e+00,1.111456e+00,9.975512e-01,1.042861e+00,1.106350e+00,9.472710e-01,8.994520e-01,1.027573e+00,9.903159e-01,1.024756e+00,1.096119e+00,1.011705e+00,9.819296e-01,9.727255e-01,1.036040e+00,1.061379e+00,9.719691e-01,1.085062e+00,1.020764e+00,1.151268e+00,1.091577e+00,1.186731e+00,1.118301e+00,1.004421e+00,9.401359e-01,1.013451e+00,1.013136e+00,1.019679e+00,1.090234e+00,1.279563e+00,1.052488e+00,9.251150e-01,1.111385e+00,9.457830e-01,1.149915e+00,1.127157e+00,1.039242e+00,1.133911e+00,1.414722e+00,1.119274e+00,1.262703e+00,1.070887e+00,1.132363e+00,3.578447e+00,1.102503e+00,3.972043e+00,9.289120e-01,9.470988e-01,9.548942e-01,9.908408e-01,1.172610e+00,1.267165e+00,1.039216e+00,1.006565e+00,1.047635e+00,1.003149e+00,9.734437e-01,1.004924e+00,1.044196e+00,9.624068e-01,1.040201e+00,1.117788e+00,9.554659e-01,1.071830e+00,1.069640e+00,1.110957e+00,1.028253e+00,1.177895e+00,1.063380e+00,1.038458e+00,1.055965e+00,1.071256e+00,9.423584e-01,1.032064e+00,9.842962e-01,1.005397e+00,9.789466e-01,1.050921e+00,1.019999e+00,9.807133e-01,1.106713e+00,9.188534e-01,1.105093e+00,1.114884e+00,1.281696e+00,9.841646e-01,1.021668e+00,1.011474e+00,9.940017e-01,1.192751e+00,1.398863e+00,1.569703e+00,1.242409e+00,1.188919e+00,1.064377e+00,1.432660e+00,1.034980e+00,3.446967e+00,1.085548e+00,1.103715e+00,1.014616e+00,1.185654e+00,1.043449e+00,1.039674e+00,1.009589e+00,1.447785e+00,9.785332e-01,1.076934e+00,9.573087e-01,9.977544e-01,9.119389e-01,1.051271e+00,1.584146e+00,1.018377e+00,1.262250e+00,9.245076e-01,9.921831e-01,1.119107e+00,1.055699e+00,1.000363e+00,1.075875e+00,1.074708e+00,1.693203e+00,1.746923e+00,1.118221e+00,1.235417e+00,1.054881e+00,1.019509e+00,9.598989e-01,9.924860e-01,1.005542e+00,1.222704e+00,1.708204e+00,1.047987e+00,9.944804e-01,1.316147e+00,9.924916e-01,1.245817e+00,1.118677e+00,1.063326e+00,1.019620e+00,1.039190e+00,1.151254e+00,1.076905e+00,1.100724e+00,9.167771e-01,1.069372e+00,4.030113e+00,1.190984e+00,9.249788e-01,1.000953e+00,1.008251e+00,9.934061e-01,1.411869e+00,1.090737e+00,2.763172e+00,1.181865e+00,6.470493e+00,1.664003e+00,1.453255e+00,1.109405e+00,1.110490e+00,3.505511e+00,1.046886e+00,1.037212e+00,1.055234e+00,9.220808e-01,9.962593e-01,9.949359e-01,1.122864e+00,1.080005e+00,9.947848e-01,1.184479e+00,1.084518e+00,1.017061e+00,9.480264e-01,9.402518e-01,1.201627e+00,1.106921e+00,9.852381e-01,1.017968e+00,9.686671e-01,1.071325e+00,9.374001e-01,1.423648e+00,1.079086e+00,1.135179e+00,1.124637e+00,1.010196e+00,1.307621e+00,1.098817e+00,1.196797e+00,1.103297e+00,1.175543e+00,9.412454e-01,1.096348e+00,1.052273e+00,1.189037e+00,1.038291e+00,1.159780e+00,1.027757e+00,8.808163e-01,9.973997e-01,1.038381e+00,1.075338e+00,1.050686e+00,1.007202e+00,1.066636e+00,1.096405e+00,1.084368e+00,1.045275e+00
1.118183e+00,9.452629e-01,1.052605e+00,1.045105e+00,1.030793e+00,1.065857e+00,1.086350e+00,1.048538e+00,1.134874e+00,1.171452e+00,1.051816e+00,1.134795e+00,1.048833e+00,1.126200e+00,9.484256e-01,1.036731e+00,1.017545e+00,9.837575e-01,1.096376e+00,9.928624e-01,1.150266e+00,1.158058e+00,1.021299e+00,1.004619e+00,9.957291e-01,1.021630e+00,1.094281e+00,1.275123e+00,1.075415e+00,9.052941e-01,1.008531e+00,1.033324e+00,1.733662e+00,1.309105e+00,1.169690e+00,1.083706e+00,9.344587e-01,1.128509e+00,9.865178e-01,1.060076e+00,1.002655e+00,9.776561e-01,1.107429e+00,1.135873e+00,1.140628e+00,1.121939e+00,1.002644e+01,1.400642e+00,1.090911e+00,1.139285e+00,1.048178e+00,9.638278e-01,1.031845e+00,9.649870e-01,1.078047e+00,1.029792e+00,9.856193e-01,1.007744e+00,9.659765e-01,1.114513e+00,9.912509e-01,1.202669e+00,1.634400e+00,1.027851e+00,8.848172e-01,1.032915e+00,1.144793e+00,1.057872e+00,1.022998e+00,9.642181e-01,1.127035e+00,9.513848e-01,1.205824e+00,1.148536e+00,1.058425e+00,1.040337e+00,1.138553e+00,1.129519e+00,1.104285e+00,9.827500e-01,1.003577e+00,1.046926e+00,1.032512e+00,1.079119e+00,1.191884e+00,1.182218e+00,1.001194e+00,9.895833e-01,1.061430e+00,1.059303e+00,1.068318e+00,1.342372e+00,1.340884e+00,1.144673e+00,1.405237e+00,5.017204e+00,1.379397e+00,1.489610e+00,1.029828e+00,1.843853e+00,1.042232e+00,1.297294e+00,9.957057e-01,1.178315e+00,1.595899e+00,1.144425e+00,1.071309e+00,1.094209e+00,1.166001e+00,1.076014e+00,9.735984e-01,9.556937e-01,1.176275e+00,1.065592e+00,9.830681e-01,1.012625e+00,9.774145e-01,1.150856e+00,1.066205e+00,1.140794e+00,1.111219e+00,1.035480e+00,9.785118e-01,1.175632e+00,1.260790e+00,1.032099e+00,9.954215e-01,1.027519e+00,1.213456e+00,9.540990e-01,1.037470e+00,1.411614e+00,1.116161e+00,1.436844e+00,1.121369e+00,1.042736e+00,1.173488e+00,1.026325e+00,1.186121e+00,1.143134e+00,1.010214e+00,1.077634e+00,1.138506e+00,1.058606e+00,1.132893e+00,1.112152e+00,9.406113e-01,1.069859e+00,9.909857e-01,1.038129e+00,8.994001e-01,1.082895e+00,1.165913e+00,1.072391e+00,1.118084e+00,1.012889e+00,1.066953e+00,9.959332e-01,1.294314e+00,1.060599e+00,1.250344e+00,1.348447e+00,9.362652e+00,1.057530e+00,1.591755e+00,1.020566e+00,1.106911e+00,1.146172e+00,9.690095e-01,1.048165e+00,9.996493e-01,1.008773e+00,1.813881e+00,1.378767e+00,1.004521e+00,1.030970e+00,1.002455e+00,1.080030e+00,1.205675e+00,9.925403e-01,1.050114e+00,9.231311e-01,1.153430e+00,1.053978e+00,9.219070e-01,1.165893e+00,9.459802e-01,9.975590e-01,1.019557e+00,1.044610e+00,1.103817e+00,1.175162e+00,1.053326e+00,1.186139e+00,1.008687e+00,9.420476e-01,1.011172e+00,1.046964e+00,9.972377e-01,1.040443e+00,1.352737e+00,1.066491e+00,1.100010e+00,9.846753e-01,1.008091e+00,1.063183e+00,1.032737e+00,1.023328e+00,9.866049e-01,9.893416e-01,1.052769e+00,1.144161e+00,9.516312e-01,1.110064e+00,1.088605e+00
1.109066e+00,1.139821e+00,1.127740e+00,1.085811e+00,1.043938e+00,9.732770e-01,1.168465e+00,1.065674e+00,1.159828e+00,1.045827e+00,1.041539e+00,1.097872e+00,1.049361e+00,1.102543e+00,1.018752e+00,1.039009e+00,1.101571e+00,1.013721e+00,9.857772e-01,9.687779e-01,1.070489e+00,1.034454e+00,1.104318e+00,1.086773e+00,1.206056e+00,1.011438e+00,1.199491e+00,1.038227e+00,1.064913e+00,1.189125e+00,1.067675e+00,9.541668e-01,1.084581e+00,1.028175e+00,1.251550e+00,1.412843e+00,1.003084e+00,1.017594e+00,1.092570e+00,1.370338e+00,1.201852e+00,1.022888e+00,1.105154e+00,3.068849e+00,1.057829e+00,1.552287e+00,1.219565e+00,1.045711e+00,1.134293e+00,1.130059e+00,9.621497e-01,1.108097e+00,1.223860e+00,1.095081e+00,1.100469e+00,1.669941e+00,1.047669e+00,1.024516e+00,1.026227e+00,1.167013e+00,9.937388e-01,1.229208e+00,1.140945e+00,1.110300e+00,1.154730e+00,1.011694e+00,1.129193e+00,1.045089e+00,1.158992e+00,9.040925e-01,1.195736e+00,1.308924e+00,1.074759e+00,9.342058e-01,9.908217e-01,1.159980e+00,1.045542e+00,1.041490e+00,1.024586e+00,1.175571e+00,9.598851e-01,1.261187e+00,1.004560e+00,1.008402e+00,1.009031e+00,9.207508e-01,1.124857e+00,1.112262e+00,1.028589e+00,9.469274e-01,1.238062e+00,1.552860e+00,1.100609e+00,1.172353e+00,1.026510e+00,1.072837e+00,1.030191e+00,9.586886e-01,1.084391e+00,1.188550e+00,1.174706e+00,1.014499e+00,1.106145e+00,9.663789e-01,1.271490e+00,1.541592e+00,1.050055e+00,1.033099e+00,9.923458e-01,1.055343e+00,1.026252e+00,1.066351e+00,9.724494e-01,1.015001e+00,1.028555e+00,1.058335e+00,1.124892e+00,1.044789e+00,9.344053e-01,1.264421e+00,1.149440e+00,1.149345e+00,9.803146e-01,1.037280e+00,1.297802e+00,1.168404e+00,1.114379e+00,1.044438e+00,1.057783e+00,1.033828e+00,1.058224e+00,1.671428e+00,1.045158e+00,1.173039e+00,9.490644e-01,9.273468e-01,1.215437e+00,9.903014e-01,9.980968e-01,9.770716e-01,1.029107e+00,9.855598e-01,1.071995e+00,1.043937e+00,1.142453e+00,1.102831e+00,1.223072e+00,9.979107e-01,1.140626e+00,9.453504e-01,1.041157e+00,1.457775e+00,1.104031e+00,9.952987e-01,1.173388e+00,9.594534e-01,9.189782e-01,1.001775e+00,1.048449e+00,1.105661e+00,2.101683e+00,nan,1.666854e+00,1.111008e+00,1.563491e+00,1.266433e+00,9.923988e+00,1.437912e+00,1.204926e+00,1.193560e+00,1.069655e+00,1.026468e+00,1.037694e+00,1.020725e+00,1.052143e+00,1.064081e+00,1.205911e+00,1.019192e+00,9.722422e-01,9.542408e-01,1.174315e+00,1.051040e+00,1.091345e+00,1.338726e+00,1.083263e+00,1.418220e+00,1.149145e+00,1.087584e+00,2.873739e+00,1.099083e+00,1.268611e+00,1.760054e+00,1.121507e+00,1.078045e+00,1.507759e+00,9.758910e-01,1.022118e+00,1.152093e+00,1.070151e+00,1.069816e+00,9.672087e-01,9.221263e-01,1.006110e+00,9.042550e-01,1.063590e+00,1.096305e+00,9.889342e-01,1.055727e+00,1.061055e+00,1.090186e+00,1.072379e+00,1.007322e+00,1.155695e+00,9.626375e-01,1.047460e+00
1.031193e+00,1.027553e+00,1.148447e+00,1.024683e+00,1.067898e+00,1.058336e+00,1.045318e+00,1.021286e+00,9.844475e-01,1.148939e+00,1.001518e+00,1.029057e+00,1.082584e+00,1.055942e+00,1.040793e+00,1.092737e+00,1.045430e+00,9.996076e-01,1.216524e+00,1.061614e+00,1.060783e+00,1.031746e+00,1.133425e+00,1.127490e+00,9.436671e-01,1.059677e+00,1.090608e+00,1.152389e+00,1.297799e+00,1.037318e+00,1.010631e+00,1.709114e+00,1.101650e+00,1.027039e+00,1.144021e+00,1.010369e+00,1.184159e+00,1.103341e+00,1.496283e+00,9.713633e-01,1.472684e+00,1.126919e+00,9.661349e-01,9.105367e+00,3.358005e+00,1.567104e+00,1.013847e+00,1.176433e+00,1.896044e+00,1.032012e+00,1.459369e+00,1.277382e+00,1.139337e+00,1.029991e+00,1.168031e+00,1.140469e+00,9.752409e-01,1.068112e+00,1.030849e+00,1.085009e+00,9.652106e-01,1.020976e+00,9.904557e-01,1.064082e+00,1.035095e+00,1.128406e+00,9.102404e-01,9.856129e-01,1.069101e+00,1.082766e+00,1.063593e+00,1.748204e+00,1.076762e+00,1.151490e+00,1.069719e+00,1.279039e+00,1.128861e+00,1.105318e+00,1.058634e+00,1.095839e+00,1.102335e+00,1.083469e+00,1.060629e+00,1.388471e+00,1.034474e+00,9.417483e-01,1.107750e+00,1.112165e+00,1.212416e+00,9.620075e-01,1.055183e+00,9.815251e-01,9.464336e-01,1.107442e+00,9.864966e-01,1.025934e+00,1.079194e+00,1.172950e+00,1.014267e+00,1.073800e+00,9.716407e-01,1.139201e+00,1.061382e+00,1.050170e+00,1.109378e+00,1.194995e+00,1.035582e+00,1.386083e+00,1.103993e+00,1.051965e+00,1.129352e+00,3.744631e+00,1.172811e+00,1.509528e+00,1.022440e+00,1.134636e+00,nan,nan,1.081913e+00,1.085417e+00,9.697888e-01,1.069663e+00,1.014611e+00,1.182300e+00,1.054442e+00,1.057401e+00,1.124453e+00,9.912827e-01,9.899596e-01,1.188627e+00,1.210828e+00,9.581264e-01,1.120983e+00,9.700230e-01,9.887151e-01,1.423903e+00,1.077923e+00,1.111164e+00,1.045907e+00,1.057640e+00,9.740383e-01,1.040709e+00,1.122596e+00,1.085859e+00,1.019543e+00,9.157401e-01,1.378400e+00,1.095571e+00,1.120330e+00,1.119209e+00,1.101663e+00,1.183427e+00,1.100837e+00,9.979756e-01,1.030996e+00,1.126978e+00,9.800963e-01,1.036828e+00,1.147566e+00,1.905718e+00,1.026594e+01,1.607086e+00,1.359213e+00,1.270045e+00,1.410203e+00,1.067245e+00,1.705805e+00,1.154951e+00,1.130110e+00,9.617548e-01,1.083579e+00,9.173159e-01,1.026984e+00,9.391905e-01,1.040752e+00,1.140001e+00,1.381357e+00,1.107767e+00,1.108372e+00,9.129902e-01,9.723491e-01,9.727760e-01,1.022174e+00,9.695655e-01,1.123639e+00,1.077930e+00,1.047311e+00,1.076411e+00,1.334857e+00,1.668988e+00,9.931838e-01,7.911207e+00,1.446462e+00,1.033119e+00,9.525068e-01,1.055921e+00,1.071026e+00,9.806562e-01,9.712882e-01,1.207048e+00,9.949353e-01,1.008768e+00,1.135593e+00,1.016652e+00,1.016336e+00,1.062825e+00,1.257839e+00,9.997610e-01,1.005039e+00,9.863047e-01,1.070704e+00,1.018146e+00,9.385497e-01,1.151824e+00,1.021760e+00
9.872059e-01,1.017893e+00,1.070765e+00,1.027185e+00,1.129167e+00,9.815000e-01,1.072070e+00,1.013333e+00,1.119720e+00,1.071402e+00,1.132366e+00,1.142119e+00,9.828286e-01,1.041596e+00,9.849095e-01,1.048504e+00,9.465917e-01,9.935498e-01,1.142005e+00,8.940247e-01,1.006160e+00,1.244109e+00,9.978584e-01,1.499010e+00,1.036578e+00,1.122416e+00,1.467455e+00,1.008771e+00,1.036874e+00,1.061736e+00,1.044910e+00,1.361631e+00,1.124308e+00,1.029297e+00,9.719363e-01,1.131507e+00,1.064132e+00,1.320942e+00,9.768268e-01,9.873671e-01,1.096915e+00,9.372490e-01,1.358407e+00,1.331619e+00,1.608340e+00,1.841912e+00,5.123316e+00,1.157050e+00,9.541016e-01,1.061422e+00,1.281664e+00,9.576122e-01,1.101157e+00,1.129166e+00,1.571714e+00,1.010277e+00,1.024420e+00,1.043491e+00,9.814545e-01,9.958071e-01,9.678121e-01,1.067040e+00,1.121090e+00,1.098560e+00,1.063161e+00,1.409696e+00,1.169678e+00,1.016657e+00,1.040632e+00,1.001792e+00,1.143657e+00,9.953934e-01,1.239359e+00,9.775022e-01,1.056054e+00,1.033594e+00,9.791367e-01,9.143917e-01,1.528298e+00,1.437404e+00,1.201733e+00,1.678593e+00,1.901455e+00,1.125576e+00,1.610671e+00,1.087970e+00,1.046358e+00,9.891853e-01,1.002797e+00,1.024936e+00,8.121582e+00,1.041742e+00,1.331888e+00,1.043494e+00,1.211100e+00,1.136680e+00,9.624181e-01,1.190874e+00,1.069190e+00,9.763385e-01,9.424979e-01,1.111519e+00,1.073927e+00,1.140749e+00,1.395125e+00,nan,2.427640e+00,1.095187e+00,1.148355e+00,1.016372e+00,1.084806e+00,1.058177e+00,1.404845e+00,1.113267e+00,1.020952e+00,1.092727e+00,1.192934e+00,1.019981e+00,1.034571e+00,1.073468e+00,1.036215e+00,1.197564e+00,9.160989e-01,1.100195e+00,1.124582e+00,9.232005e-01,1.116635e+00,1.055230e+00,1.022703e+00,1.002632e+00,1.027432e+00,1.042465e+00,1.184661e+00,1.060356e+00,1.071638e+00,1.027334e+00,1.082778e+00,1.143908e+00,9.153158e-01,1.133439e+00,1.070628e+00,1.221670e+00,1.020090e+00,1.374575e+00,1.072928e+00,9.811017e-01,1.061309e+00,1.442484e+00,1.091122e+00,1.046420e+00,1.204394e+00,1.044359e+00,1.128129e+00,1.136430e+00,1.033969e+00,1.013159e+00,9.914036e-01,1.264694e+00,1.199644e+00,9.931802e-01,1.241677e+00,9.423788e+00,1.263609e+00,1.168319e+00,1.039967e+01,1.143200e+00,1.065888e+00,1.269365e+00,1.185839e+00,1.059244e+00,1.026694e+00,1.081819e+00,1.016903e+00,1.045087e+00,1.149401e+00,1.118818e+00,1.032258e+00,1.205765e+00,1.296909e+00,9.117050e-01,1.128410e+00,9.935859e-01,9.763164e-01,1.056389e+00,1.116108e+00,1.091720e+00,9.863577e-01,1.064624e+00,1.345812e+00,1.297140e+00,1.489978e+00,1.209051e+00,1.161514e+00,9.884961e-01,1.275401e+00,1.274314e+00,1.019312e+00,1.123637e+00,9.345869e-01,1.026665e+00,1.676220e+00,1.051587e+00,9.738870e-01,1.044370e+00,1.001457e+00,1.037158e+00,9.776763e-01,1.013388e+00,1.054467e+00,1.160398e+00,9.524218e-01,9.442240e-01,1.008322e+00,1.125197e+00,1.168977e+00
1.028389e+00,1.199461e+00,1.127729e+00,9.933602e-01,1.027706e+00,1.029444e+00,9.306568e-01,1.034151e+00,1.269483e+00,1.089049e+00,1.141063e+00,9.292489e-01,1.103615e+00,1.070758e+00,1.128850e+00,1.031188e+00,9.773712e-01,9.947721e-01,1.186971e+00,9.957146e-01,1.104734e+00,1.088496e+00,1.100458e+00,1.079324e+00,1.169859e+00,1.103789e+00,1.068012e+00,1.073375e+00,1.226811e+00,9.640385e-01,1.464520e+00,1.424012e+00,1.173076e+00,1.109483e+00,1.147182e+00,1.569050e+00,1.734930e+00,1.157308e+00,1.019115e+00,1.167126e+00,1.107654e+00,1.037002e+00,1.070069e+00,3.364254e+00,1.547722e+00,1.143234e+00,1.775931e+00,1.184940e+00,1.695486e+00,1.248942e+00,1.150069e+00,1.308251e+00,1.298523e+00,1.052523e+00,1.014252e+00,9.201724e-01,1.176783e+00,1.087030e+00,1.541524e+00,1.171774e+00,1.160294e+00,1.067160e+00,1.024111e+00,1.105751e+00,1.033948e+00,1.124085e+00,1.116802e+00,9.659350e-01,1.296115e+00,1.479239e+00,1.078626e+00,1.116431e+00,1.002016e+00,1.029458e+00,1.009732e+00,1.299168e+00,1.186969e+00,1.042685e+00,1.033754e+00,1.089845e+00,2.024828e+00,1.180745e+00,1.313265e+00,9.826052e-01,1.021653e+00,1.136930e+00,1.154697e+00,1.134203e+00,1.212398e+00,1.115600e+00,1.089296e+00,9.743265e-01,1.127834e+00,1.633903e+00,1.095873e+00,1.533513e+00,1.680521e+00,1.012845e+00,9.798449e-01,9.118420e-01,1.004948e+00,1.057791e+00,1.086746e+00,1.136948e+00,1.041105e+00,1.064373e+00,1.210292e+00,1.052562e+00,9.444823e-01,1.003392e+00,1.019872e+00,1.017828e+00,1.065352e+00,1.251861e+00,9.961750e-01,1.213678e+00,1.144827e+00,1.147200e+00,1.013496e+00,1.074094e+00,1.086454e+00,1.348905e+00,1.077949e+00,1.206934e+00,1.078918e+00,9.887896e-01,1.002677e+00,1.031990e+00,1.220663e+00,1.100259e+00,1.186255e+00,1.394084e+00,1.079322e+00,1.580499e+00,1.214040e+00,1.149535e+00,9.552530e-01,1.039844e+00,1.005303e+00,1.139702e+00,1.105253e+00,1.062992e+00,1.051611e+00,1.031671e+00,1.091851e+00,1.185964e+00,9.856037e-01,9.240933e-01,1.109904e+00,9.120354e-01,1.185992e+00,1.031696e+00,1.013475e+00,1.036323e+00,1.105662e+00,9.281605e-01,9.858331e-01,1.099937e+00,9.778676e-01,1.593013e+00,1.212244e+00,1.110532e+00,1.022651e+00,1.037919e+00,1.211219e+00,9.770547e+00,1.135810e+00,1.091748e+00,1.088174e+00,1.105163e+00,1.289919e+00,9.846542e-01,1.718831e+00,9.568670e-01,9.863573e-01,nan,1.109663e+00,1.025564e+00,1.039349e+00,1.099507e+00,1.086340e+00,1.083660e+00,1.167073e+00,1.198248e+00,1.109977e+00,1.069786e+00,1.041180e+00,1.077658e+00,1.119247e+00,9.183851e+00,1.302748e+00,1.115558e+00,1.295554e+00,1.332386e+00,1.016694e+00,1.023183e+00,1.077044e+00,1.113545e+00,1.053991e+00,1.006666e+00,9.662980e-01,1.143494e+00,1.048858e+00,1.040187e+00,1.142500e+00,1.039013e+00,9.922011e-01,1.029330e+00,9.854880e-01,1.050264e+00,9.980364e-01,1.018899e+00,1.027829e+00,1.192026e+00,9.617234e-01
1.128243e+00,1.082721e+00,9.876321e-01,1.029923e+00,1.054450e+00,9.880371e-01,9.438489e-01,1.136583e+00,1.020097e+00,1.007300e+00,1.075622e+00,1.143041e+00,1.094015e+00,1.276067e+00,1.114415e+00,1.155560e+00,1.054324e+00,1.028749e+00,9.891363e-01,1.004648e+00,1.091582e+00,1.068931e+00,1.072375e+00,1.427704e+00,1.055665e+00,1.190528e+00,1.108046e+00,1.295505e+00,1.032924e+00,1.010822e+00,1.057700e+00,1.019751e+00,1.031958e+00,1.099540e+00,1.064980e+00,1.104817e+00,1.061060e+00,1.114904e+00,1.021520e+00,1.135042e+00,1.123581e+00,1.238311e+00,1.617494e+00,1.490318e+00,1.136613e+00,1.204461e+00,1.718891e+00,1.103589e+00,1.174578e+00,9.465270e-01,1.167640e+00,1.122380e+00,1.089321e+00,1.213836e+00,1.209794e+00,1.082668e+00,1.079072e+00,1.167460e+00,1.251417e+00,9.655106e-01,1.035283e+00,9.789647e-01,1.329654e+00,9.953076e-01,9.625430e-01,1.594240e+00,1.113152e+00,1.053633e+00,1.042852e+00,1.122813e+00,1.010417e+00,1.085476e+00,1.057566e+00,1.191194e+00,1.143459e+00,1.165945e+00,1.012757e+00,1.486489e+00,1.055707e+00,1.037643e+00,1.243678e+00,1.207936e+00,1.081516e+00,1.132573e+00,1.033491e+00,1.405776e+00,1.181907e+00,9.615290e-01,1.015895e+00,1.382062e+00,1.078481e+00,1.112622e+00,9.570975e-01,1.048527e+00,1.041500e+00,1.296646e+00,9.768821e-01,1.015387e+00,1.057917e+00,1.071500e+00,1.213850e+00,1.149369e+00,9.572456e-01,1.088074e+00,1.157243e+00,1.485868e+00,1.528337e+00,1.074294e+00,1.080500e+00,1.090472e+00,1.329872e+00,1.019923e+00,1.016234e+00,1.076293e+00,1.220059e+00,1.100505e+00,1.246619e+00,1.235036e+00,1.239796e+00,1.322628e+00,1.074003e+00,1.244791e+00,1.072562e+00,1.006277e+00,1.255815e+00,9.755055e-01,1.063135e+00,1.026845e+00,1.201913e+00,1.092985e+00,1.173915e+00,1.233584e+00,9.958762e-01,1.131792e+00,1.073507e+00,1.179987e+00,1.073077e+00,1.010200e+00,1.241343e+00,1.162896e+00,1.064385e+00,9.622136e-01,1.198272e+00,1.139910e+00,9.544263e-01,1.078052e+00,1.216327e+00,9.966154e-01,1.005673e+00,1.243597e+00,1.353590e+00,1.083934e+00,1.074116e+00,9.248357e-01,1.062554e+00,1.073240e+00,9.905903e-01,9.885459e-01,9.876692e-01,1.154126e+00,1.729862e+00,9.144414e+00,1.562712e+00,2.163780e+00,1.537383e+00,1.187797e+00,1.465295e+00,1.458677e+00,1.231606e+00,1.045331e+00,1.039444e+00,1.063654e+00,1.000934e+00,1.016381e+00,1.169835e+00,1.361164e+00,1.110481e+00,9.885706e-01,1.285876e+00,1.052130e+00,1.128692e+00,9.284675e-01,1.072946e+00,1.143606e+00,9.896178e-01,1.041172e+00,1.129846e+00,1.417920e+00,nan,1.509030e+00,1.581468e+00,1.559488e+00,1.034144e+00,1.918242e+00,1.117545e+00,1.035781e+00,1.142553e+00,1.286897e+00,1.042864e+00,9.898760e-01,1.520828e+00,9.755815e-01,1.211146e+00,1.124659e+00,9.484012e-01,1.098487e+00,1.079961e+00,9.702311e-01,1.160814e+00,1.083197e+00,1.018167e+00,1.110101e+00,1.042391e+00,1.185968e+00,1.023927e+00
1.165928e+00,1.101029e+00,1.080697e+00,1.018758e+00,1.140587e+00,1.009575e+00,1.115608e+00,1.013672e+00,9.279351e-01,9.508989e-01,1.033632e+00,1.094373e+00,1.097276e+00,1.074579e+00,9.697215e-01,1.032398e+00,1.168495e+00,9.790513e-01,1.134104e+00,1.065011e+00,1.092082e+00,1.090640e+00,1.138814e+00,1.088303e+00,1.039964e+00,1.195127e+00,1.068900e+00,1.012092e+00,1.223134e+00,1.724687e+00,1.211659e+00,1.075679e+00,1.010476e+00,1.328520e+00,1.155478e+00,1.049728e+00,1.277258e+00,4.544824e+00,1.373675e+00,1.100639e+00,1.240591e+00,4.747626e+00,1.421133e+00,1.197860e+00,1.076658e+00,1.357695e+00,1.094272e+00,1.591725e+00,1.166622e+00,1.052994e+00,1.150524e+00,1.171705e+00,1.128297e+00,1.113254e+00,1.063009e+00,1.137417e+00,1.115745e+00,1.100544e+00,1.013469e+00,1.042054e+00,1.082020e+00,1.066006e+00,1.067977e+00,1.072049e+00,1.636433e+00,1.449032e+00,1.154941e+00,1.027756e+00,1.178080e+00,1.025952e+00,1.147661e+00,1.010215e+00,1.082371e+00,1.015935e+00,1.406668e+00,1.071808e+00,1.116140e+00,1.305049e+00,1.623267e+00,1.000488e+00,1.111355e+00,9.974947e-01,1.481127e+00,1.117773e+00,9.914451e-01,1.140814e+00,1.043768e+00,1.157165e+00,1.154860e+00,1.080482e+00,1.086633e+00,1.112736e+00,1.143628e+00,1.019981e+00,1.101412e+00,1.170067e+00,1.157109e+00,9.831944e-01,9.429432e-01,1.262958e+00,1.076067e+00,1.067657e+00,1.051242e+00,1.019986e+00,1.701525e+00,1.155657e+00,1.079796e+00,1.672940e+00,1.156089e+00,1.011176e+00,1.035225e+00,1.099786e+00,1.052508e+00,1.157515e+00,9.079854e-01,1.135372e+00,1.139184e+00,1.040402e+00,1.127001e+00,1.029023e+00,9.270579e-01,1.116673e+00,9.937588e-01,1.420684e+00,1.011871e+00,1.005571e+00,1.278499e+00,1.088795e+00,1.093382e+00,1.012292e+00,1.172699e+00,1.512853e+00,1.244136e+00,1.240179e+00,1.095532e+00,1.072578e+00,1.681894e+00,1.022762e+00,1.098715e+00,1.048084e+00,1.230976e+00,1.240377e+00,1.111988e+00,1.056866e+00,1.085488e+00,1.397829e+00,1.105490e+00,1.078550e+00,9.688629e-01,1.110697e+00,1.042291e+00,1.169357e+00,1.256029e+00,1.240140e+00,1.105025e+00,1.036938e+00,1.194169e+00,1.112156e+00,1.164918e+00,1.171830e+00,1.000438e+01,1.555855e+00,1.117237e+00,1.565831e+00,1.172103e+00,4.094126e+00,1.070389e+00,1.240615e+00,1.215166e+00,1.024397e+00,1.058424e+00,9.994299e-01,1.165939e+00,1.073469e+00,1.093081e+00,1.959829e+00,1.064586e+00,9.516468e-01,1.021261e+00,1.113391e+00,1.277412e+00,1.198676e+00,1.471047e+00,9.579244e-01,1.256408e+00,1.216288e+00,1.084330e+00,1.165140e+00,1.091945e+00,1.361033e+00,2.197259e+00,1.091374e+00,1.123898e+00,1.354262e+00,1.223296e+00,1.139198e+00,1.131994e+00,9.300170e-01,1.193772e+00,1.141606e+00,1.101897e+00,1.124334e+00,1.184948e+00,1.072429e+00,nan,9.504457e-01,9.581119e-01,1.103993e+00,1.021592e+00,1.119549e+00,1.086241e+00,1.048452e+00,1.088913e+00,9.892057e-01,1.110543e+00
1.069379e+00,1.022567e+00,9.034386e-01,9.709615e-01,1.084506e+00,1.079945e+00,1.023526e+00,1.146457e+00,1.143083e+00,1.130533e+00,9.712014e-01,1.131504e+00,1.138376e+00,1.035068e+00,9.618190e-01,1.028773e+00,1.131300e+00,1.145740e+00,9.679379e-01,1.022853e+00,1.132307e+00,1.103714e+00,1.127382e+00,1.000378e+00,1.021152e+00,1.020507e+00,1.107236e+00,1.049470e+00,1.002897e+00,1.533462e+00,1.111949e+00,1.052132e+00,1.128613e+00,1.087055e+00,1.048851e+00,1.034853e+00,1.537089e+00,9.660295e-01,1.078737e+00,1.353161e+00,1.211068e+00,1.152473e+00,1.005616e+00,1.230503e+00,1.275196e+00,1.106309e+00,1.038721e+00,1.097644e+00,1.138976e+00,1.481595e+00,1.044660e+00,1.217344e+00,1.120917e+00,1.040386e+00,9.895201e-01,1.085449e+00,1.024851e+00,1.042289e+00,1.060687e+00,1.273736e+00,1.045258e+00,9.916096e-01,1.605790e+00,1.168434e+00,1.188038e+00,9.807905e-01,1.036388e+00,1.244941e+00,1.334814e+00,1.087211e+00,9.204648e-01,1.056810e+00,1.143396e+00,1.064059e+00,1.090816e+00,1.267825e+00,1.438127e+00,1.404178e+00,1.062234e+00,1.112103e+00,1.170995e+00,1.119500e+00,1.209445e+00,1.174758e+00,1.216261e+00,1.161495e+00,1.005645e+00,1.027536e+00,1.064937e+00,9.312633e-01,9.738960e-01,1.185685e+00,1.207896e+00,1.089919e+00,1.139640e+00,1.128965e+00,1.084720e+00,1.235652e+00,1.079114e+00,1.126544e+00,1.092458e+00,1.049378e+00,1.079322e+00,1.071173e+00,1.697731e+00,1.262176e+00,1.434301e+00,5.587721e+00,1.262300e+00,1.223727e+00,1.090314e+00,1.200406e+00,1.055757e+00,9.924221e-01,1.158222e+00,9.849988e-01,1.470318e+00,1.035275e+00,1.314698e+00,1.221174e+00,1.023078e+00,9.722430e-01,1.257781e+00,1.158500e+00,1.111568e+00,1.060629e+00,1.061426e+00,1.089220e+00,1.302181e+00,1.076063e+00,9.527006e-01,1.026403e+00,1.206151e+00,1.213752e+00,1.225258e+00,1.066865e+00,1.101086e+00,1.161426e+00,1.041866e+01,1.711750e+00,1.177448e+00,1.063255e+00,1.334741e+00,1.000517e+00,1.356759e+00,1.052568e+00,1.106750e+00,1.245017e+00,1.033274e+00,1.107505e+00,1.244342e+00,1.004165e+00,1.024223e+00,1.155183e+00,1.008283e+00,9.346391e-01,1.104076e+00,1.045419e+00,1.237208e+00,1.310150e+00,1.514574e+00,1.332865e+00,1.143242e+00,1.401386e+00,1.398874e+00,9.887473e-01,1.240290e+00,1.088975e+00,1.187591e+00,1.040271e+00,1.070748e+00,1.072573e+00,1.480671e+00,1.109559e+00,1.125607e+00,1.284303e+00,9.721850e-01,1.084614e+00,1.090432e+00,1.044859e+00,1.097058e+00,1.125204e+00,1.074936e+00,1.237321e+00,1.044239e+00,1.037498e+00,1.103506e+00,1.050464e+00,1.148039e+00,1.111383e+00,1.203483e+00,9.232759e+00,1.059152e+00,1.021796e+00,1.099532e+00,1.073239e+00,1.092642e+00,1.088672e+00,1.102658e+00,1.163152e+00,1.458326e+00,1.048595e+00,1.097677e+00,1.114750e+00,9.957040e-01,1.137038e+00,1.062072e+00,1.172207e+00,1.081695e+00,1.129649e+00,1.055505e+00,1.075225e+00,9.943716e-01,9.338484e-01,9.813094e-01
1.165333e+00,9.362015e-01,1.005237e+00,9.994618e-01,9.841239e-01,1.143243e+00,1.014894e+00,9.670059e-01,1.041758e+00,1.066760e+00,1.154312e+00,9.982632e-01,9.798870e-01,1.107551e+00,1.172580e+00,1.098775e+00,1.145153e+00,1.105770e+00,1.083633e+00,1.048406e+00,1.031119e+00,9.769426e-01,1.088967e+00,1.165181e+00,1.192712e+00,1.150227e+00,1.086584e+00,1.134461e+00,1.028105e+00,1.036792e+00,9.512830e-01,1.114285e+00,9.397233e-01,1.053468e+00,1.035769e+00,1.106346e+00,1.078702e+00,1.120859e+00,1.187242e+00,1.018461e+00,1.744458e+00,1.074234e+00,3.466620e+00,1.564352e+00,1.097603e+00,1.419998e+00,1.322699e+00,5.556111e+00,1.037494e+00,9.897145e-01,1.085232e+00,9.804704e-01,1.018896e+00,1.132720e+00,1.088849e+00,1.458440e+00,1.031104e+00,1.127439e+00,1.360258e+00,1.040727e+00,1.043191e+00,1.129976e+00,1.024582e+00,1.059517e+00,1.273205e+00,1.181541e+00,1.034635e+00,1.175812e+00,9.915698e-01,1.252761e+00,1.056402e+00,1.176465e+00,1.018128e+00,1.260193e+00,9.678841e-01,1.125212e+00,9.675675e-01,1.088636e+00,1.138124e+00,1.001797e+00,1.052432e+00,1.049460e+00,1.024513e+00,1.192279e+00,1.186269e+00,1.223956e+00,1.095901e+00,1.011981e+00,1.022192e+00,1.143800e+00,1.172410e+00,1.056698e+00,1.270008e+00,1.128849e+00,1.073254e+00,9.804851e-01,1.135498e+00,1.099903e+00,1.070789e+00,1.087499e+00,1.143272e+00,1.162426e+00,1.032381e+00,1.112387e+00,1.131296e+00,1.191520e+00,1.170697e+00,1.164055e+00,1.218193e+00,1.070943e+00,1.067881e+00,1.208419e+00,1.046703e+00,1.248420e+00,1.024235e+00,1.152999e+00,1.129015e+00,1.014187e+00,1.194459e+00,1.325106e+00,1.242469e+00,1.098497e+00,1.027243e+00,1.185542e+00,1.118344e+00,1.058119e+00,1.031099e+00,1.188125e+00,1.262594e+00,1.518971e+00,1.019071e+00,1.113888e+00,1.118347e+00,1.102445e+00,1.061276e+00,1.113901e+00,1.200473e+00,1.250068e+00,1.127622e+00,1.220146e+00,1.454455e+00,9.544259e-01,1.217664e+00,9.906443e-01,1.001011e+00,1.230693e+00,1.030076e+00,1.050390e+00,1.269816e+00,1.064837e+00,1.107681e+00,1.154229e+00,9.992504e-01,1.332818e+00,1.125343e+00,9.958938e-01,1.289310e+00,1.100932e+00,1.006856e+00,1.150709e+00,8.629660e+00,1.165643e+00,1.744494e+00,1.255140e+00,1.070347e+00,1.402890e+00,1.205333e+00,1.969559e+00,1.174044e+00,1.133653e+00,9.889531e-01,1.053453e+00,1.085016e+00,1.027906e+00,1.151043e+00,1.618368e+00,1.127943e+00,1.070054e+00,1.035734e+00,3.130306e+00,1.121261e+00,1.119732e+00,9.860149e-01,1.096809e+00,1.122211e+00,1.215542e+00,1.450737e+00,1.033767e+00,1.126158e+00,2.388048e+00,1.124278e+00,nan,1.236622e+00,9.827434e+00,1.083707e+00,9.723039e-01,1.057996e+00,1.016390e+00,1.099710e+00,1.065788e+00,1.205892e+00,1.272283e+00,9.182755e-01,9.784009e-01,1.046836e+00,1.316550e+00,1.010941e+00,1.017375e+00,1.023509e+00,1.057563e+00,9.945620e-01,1.050853e+00,1.113263e+00,1.062222e+00,1.038556e+00
1.112908e+00,1.270245e+00,1.037205e+00,1.040657e+00,9.561504e-01,1.188548e+00,1.164067e+00,1.071156e+00,1.291796e+00,1.071279e+00,1.144316e+00,1.111254e+00,1.202871e+00,1.157042e+00,1.131412e+00,1.073846e+00,1.075374e+00,1.296768e+00,1.133849e+00,1.037455e+00,1.283512e+00,1.056277e+00,9.919881e-01,1.049519e+00,9.333091e-01,9.487090e-01,1.132209e+00,9.586086e-01,9.953583e-01,9.928234e-01,1.209117e+00,1.082704e+00,1.054248e+00,1.200540e+00,1.024220e+00,1.001233e+00,1.193907e+00,1.193315e+00,1.078481e+00,1.098945e+00,1.205088e+00,1.003819e+00,1.036729e+01,1.691942e+00,1.028815e+00,1.402475e+00,1.276825e+00,9.713584e-01,1.165906e+00,1.095861e+00,1.117881e+00,9.832261e-01,1.102266e+00,1.178954e+00,1.626131e+00,1.074414e+00,1.362978e+00,1.304103e+00,1.046984e+00,1.022639e+00,1.005201e+00,1.095124e+00,1.093394e+00,1.043364e+00,1.553226e+00,1.253323e+00,1.092199e+00,1.474927e+00,1.182604e+00,1.154302e+00,1.013080e+00,1.066153e+00,1.219686e+00,9.998920e-01,1.055488e+00,1.012877e+00,1.131497e+00,1.211529e+00,1.192255e+00,1.014100e+00,1.012588e+00,1.022382e+00,1.007089e+00,1.075483e+00,1.044065e+00,1.217992e+00,1.085239e+00,1.170990e+00,1.045790e+00,9.583853e-01,1.189523e+00,1.082381e+00,1.117626e+00,1.158098e+00,1.147035e+00,1.242597e+00,1.077008e+00,9.465632e-01,1.106885e+00,1.232566e+00,9.836396e-01,9.289195e-01,1.115300e+00,1.245503e+00,1.131091e+00,1.190316e+00,1.107922e+00,1.044518e+00,9.575293e-01,1.197223e+00,1.047722e+00,1.199777e+00,1.045286e+00,1.209109e+00,1.154997e+00,1.171042e+00,1.152418e+00,1.098358e+00,1.053491e+00,1.084664e+00,1.128960e+00,1.062232e+00,1.104291e+00,1.100495e+00,1.127527e+00,1.014798e+00,1.060018e+00,1.105649e+00,1.075175e+00,1.283370e+00,1.165771e+00,1.638041e+00,1.034771e+00,1.588685e+00,1.117777e+00,1.126887e+00,1.238903e+00,1.131325e+00,1.170686e+00,9.837805e-01,1.072713e+00,1.082534e+00,1.154264e+00,1.073105e+00,9.529553e-01,1.025813e+00,1.152323e+00,1.070425e+00,1.157994e+00,1.103454e+00,1.310851e+00,1.091448e+00,1.188990e+00,1.125587e+00,1.054732e+00,1.090929e+00,1.378811e+00,1.009818e+00,1.007193e+00,1.084590e+00,1.822064e+00,1.035488e+00,1.098686e+00,1.390812e+00,1.202496e+00,1.616832e+00,9.803700e-01,1.486189e+00,9.982071e-01,1.149075e+00,1.076691e+00,1.055714e+00,1.229422e+00,1.043627e+00,9.695193e-01,1.001306e+00,1.115947e+00,1.080709e+00,1.024601e+00,1.155698e+00,1.255366e+00,9.846207e-01,1.016326e+00,1.075077e+00,9.918104e-01,1.119498e+00,1.004754e+00,1.148846e+00,1.046817e+00,1.312410e+00,1.157764e+00,1.096631e+00,1.108757e+00,1.088427e+00,1.441597e+00,1.129833e+00,1.080632e+00,1.112326e+00,1.027954e+00,1.158256e+00,1.025636e+00,1.188968e+00,1.045653e+00,1.085000e+00,1.016866e+00,1.028186e+00,1.137608e+00,1.100270e+00,1.262240e+00,1.030562e+00,1.065919e+00,1.189932e+00,1.074512e+00,1.288738e+00,1.261512e+00
9.757670e-01,1.087498e+00,1.168336e+00,1.215525e+00,1.195432e+00,1.060949e+00,1.101981e+00,1.097925e+00,1.077420e+00,1.242185e+00,1.115358e+00,1.062670e+00,1.076374e+00,9.868682e-01,9.870707e-01,1.134090e+00,1.136277e+00,1.230859e+00,1.216307e+00,1.002182e+00,1.165777e+00,1.035990e+00,1.093956e+00,1.084668e+00,1.092468e+00,1.050813e+00,1.021105e+00,1.160013e+00,1.154737e+00,1.098801e+00,1.130789e+00,1.166923e+00,1.024648e+00,1.109688e+00,1.284736e+00,1.141463e+00,1.071622e+00,1.156499e+00,1.152967e+00,1.202275e+00,8.047473e+00,7.522289e+00,1.361370e+00,1.347036e+00,1.176259e+00,1.444998e+00,1.015080e+00,1.097156e+00,1.070424e+00,1.164592e+00,1.123120e+00,1.167949e+00,1.174189e+00,1.155669e+00,1.364025e+00,1.085597e+00,1.300903e+00,1.033031e+00,1.037563e+00,1.088149e+00,1.064998e+00,1.107995e+00,1.537353e+00,1.058687e+00,1.154474e+00,1.081226e+00,9.349796e-01,1.115629e+00,9.503074e-01,9.902652e-01,9.850420e-01,1.060441e+00,1.037083e+00,1.244406e+00,1.048247e+00,1.147919e+00,1.063695e+00,1.112430e+00,9.713804e-01,1.050502e+00,1.100127e+00,1.093981e+00,1.152152e+00,1.201016e+00,1.036937e+00,1.009578e+00,1.118787e+00,1.104104e+00,1.053258e+00,1.040948e+00,1.173217e+00,1.153251e+00,1.105352e+00,1.138854e+00,1.091812e+00,9.617373e-01,1.161287e+00,9.093027e-01,1.185787e+00,1.052600e+00,1.069190e+00,1.073700e+00,1.172253e+00,1.154029e+00,1.055645e+00,9.990313e-01,1.018497e+00,1.089474e+00,1.138112e+00,1.026866e+00,1.025806e+00,1.397305e+00,9.921971e-01,1.092016e+00,1.029587e+00,1.064794e+00,1.060481e+00,1.045481e+00,9.336126e-01,1.123498e+00,1.095333e+00,9.866929e-01,1.239081e+00,1.555481e+00,1.098483e+00,1.088808e+00,1.190244e+00,1.065032e+00,1.049859e+00,1.098517e+00,1.094107e+00,1.323161e+00,1.299945e+00,1.783677e+00,1.042060e+00,1.009455e+00,1.494399e+00,1.106440e+00,1.161202e+00,1.034167e+00,1.032301e+00,1.383279e+00,1.050567e+00,1.035541e+00,1.017757e+00,1.205664e+00,1.044186e+00,1.191883e+00,1.140322e+00,9.840356e-01,1.139053e+00,1.106132e+00,1.339854e+00,1.153777e+00,1.192308e+00,1.187194e+00,1.197827e+00,1.252459e+00,1.167419e+00,1.134780e+00,1.128627e+00,1.500949e+00,1.686670e+00,1.193576e+00,2.230181e+00,1.250106e+00,1.151942e+00,3.504010e+00,1.157683e+00,1.162292e+00,1.109353e+00,1.130512e+00,1.052314e+00,1.289133e+00,1.052637e+00,1.001446e+00,1.039542e+00,1.206495e+00,1.128937e+00,1.160332e+00,1.157879e+00,9.829403e-01,1.065898e+00,1.177078e+00,1.100242e+00,1.718559e+00,1.040319e+00,2.678296e+00,1.073338e+00,1.315611e+00,1.484607e+00,3.862429e+00,1.245504e+00,1.108203e+00,4.930673e+00,1.039849e+00,1.048502e+00,1.174219e+00,1.142027e+00,1.063828e+00,1.090936e+00,1.244255e+00,1.079473e+00,1.120941e+00,9.714452e-01,1.154702e+00,1.134715e+00,1.167910e+00,1.203824e+00,1.319860e+00,1.148680e+00,1.060897e+00,1.002608e+00,1.086582e+00,1.200736e+00
1.061464e+00,1.097239e+00,1.063391e+00,1.266418e+00,1.133827e+00,1.180951e+00,1.093804e+00,9.856917e-01,1.148771e+00,1.066698e+00,1.056423e+00,1.108066e+00,1.209166e+00,1.173521e+00,9.966775e-01,1.109461e+00,1.074392e+00,9.732148e-01,1.115607e+00,1.025066e+00,1.286881e+00,1.017066e+00,9.559151e-01,1.084583e+00,1.182114e+00,9.980703e-01,1.003631e+00,1.054788e+00,1.146865e+00,1.066254e+00,3.237406e+00,1.068036e+00,1.495723e+00,1.035240e+00,1.104628e+00,1.097203e+00,1.238505e+00,1.055675e+00,1.003973e+00,1.022781e+00,7.231393e+00,4.347519e+00,1.041595e+01,1.456354e+00,1.088023e+00,1.400628e+00,1.153034e+00,1.189596e+00,1.052489e+00,1.270492e+00,1.020742e+00,1.107601e+00,1.079801e+00,1.019138e+00,1.378219e+00,1.084665e+00,1.329370e+00,1.118885e+00,1.361789e+00,1.167238e+00,1.078874e+00,1.293902e+00,1.046383e+00,1.012681e+00,1.085267e+00,1.102093e+00,1.141878e+00,1.272381e+00,1.222982e+00,1.182041e+00,1.076072e+00,1.147207e+00,1.027666e+00,1.143212e+00,1.150184e+00,1.392670e+00,1.132199e+00,1.200903e+00,1.091697e+00,1.145587e+00,1.260713e+00,1.083800e+00,1.056556e+00,1.079612e+00,1.170972e+00,1.117130e+00,1.093775e+00,1.111650e+00,1.034053e+00,1.399630e+00,1.341022e+00,1.249376e+00,1.116828e+00,1.060137e+00,1.043580e+00,1.105459e+00,1.422537e+00,1.228291e+00,1.200647e+00,1.080035e+00,1.320700e+00,1.144476e+00,1.075040e+00,1.199569e+00,1.162274e+00,1.110556e+00,1.163245e+00,1.116148e+00,1.271604e+00,1.097868e+00,1.107225e+00,1.097215e+00,1.166003e+00,1.106098e+00,1.165959e+00,1.157390e+00,1.020476e+00,1.094540e+00,1.024219e+00,1.069243e+00,1.086202e+00,1.113613e+00,1.261756e+00,1.032131e+00,1.118539e+00,1.124153e+00,1.084941e+00,1.109024e+00,1.191892e+00,1.094854e+00,1.302396e+00,1.222863e+00,1.594318e+00,1.143469e+00,1.012150e+00,1.639091e+00,1.112089e+00,1.159985e+00,1.112685e+00,1.082249e+00,1.131073e+00,1.066733e+00,1.149299e+00,1.008995e+00,1.267165e+00,9.441899e-01,1.194486e+00,1.135508e+00,1.151968e+00,1.205053e+00,1.101402e+00,1.202260e+00,1.144816e+00,1.566202e+00,1.012636e+00,1.195186e+00,1.221330e+00,9.945308e-01,1.032873e+00,1.040575e+00,9.075375e-01,1.200610e+00,nan,1.884895e+00,1.846122e+00,9.450658e+00,1.655678e+00,1.086252e+00,1.465431e+00,1.093882e+00,1.010283e+00,9.899546e-01,1.017993e+00,1.060950e+00,1.267791e+00,1.049108e+00,1.030979e+00,1.049570e+00,1.315679e+00,1.493005e+00,nan,3.676523e+00,1.118325e+00,1.548761e+00,1.321435e+00,nan,1.363709e+00,1.436113e+00,1.052777e+00,1.075015e+00,1.027414e+00,1.000498e+00,1.214083e+00,1.183800e+00,1.115931e+00,1.059877e+00,1.046829e+00,1.063242e+00,1.066466e+00,1.037519e+00,1.151369e+00,1.233762e+00,1.214163e+00,1.053907e+00,1.010253e+00,1.075689e+00,1.093015e+00,1.152667e+00,1.139372e+00,1.151215e+00,1.120749e+00,1.131188e+00,1.073246e+00,1.031623e+00,1.137910e+00
1.106503e+00,1.321103e+00,1.257500e+00,1.094926e+00,1.051809e+00,1.024881e+00,1.017929e+00,9.951672e-01,1.034064e+00,1.029774e+00,1.114556e+00,1.096668e+00,1.113375e+00,1.066602e+00,1.094367e+00,1.178864e+00,1.009180e+00,1.088014e+00,1.078638e+00,1.185185e+00,1.112667e+00,9.055307e-01,1.062520e+00,1.019390e+00,1.127354e+00,1.151196e+00,1.109358e+00,1.041908e+00,1.074066e+00,1.344290e+00,1.328307e+00,1.057336e+00,1.165251e+00,1.130226e+00,1.319995e+00,1.092663e+00,1.136713e+00,1.126703e+00,1.039106e+00,1.055500e+00,1.233584e+00,4.873079e+00,1.022495e+00,1.072590e+00,1.185782e+00,1.157761e+00,9.913479e-01,1.121411e+00,1.666736e+00,9.759192e-01,1.094396e+00,1.093227e+00,1.038545e+00,1.042680e+00,1.423155e+00,1.155107e+00,1.525206e+00,1.317793e+00,1.229514e+00,1.100470e+00,9.469789e-01,1.231600e+00,1.220188e+00,1.142244e+00,1.056048e+00,1.184974e+00,1.015058e+00,9.647690e-01,1.210163e+00,1.183217e+00,1.551368e+00,1.075692e+00,1.182243e+00,1.014541e+00,1.235846e+00,1.147513e+00,1.135518e+00,1.171807e+00,9.869683e-01,1.049740e+00,1.048135e+00,1.219117e+00,1.056276e+00,1.058219e+00,1.125450e+00,1.126032e+00,1.016298e+00,1.161357e+00,1.442930e+00,8.420789e+00,1.119652e+00,1.123685e+00,1.172758e+00,1.095651e+00,1.055077e+00,1.232038e+00,9.685617e-01,1.186244e+00,9.883536e-01,1.052182e+00,1.107121e+00,1.429823e+00,1.223751e+00,1.087505e+00,1.130666e+00,1.101215e+00,1.134992e+00,1.054931e+00,1.117738e+00,1.047122e+00,1.083432e+00,1.044313e+00,1.043218e+00,1.200817e+00,1.109457e+00,1.103072e+00,1.057080e+00,9.965963e-01,1.051639e+00,1.079036e+00,1.105410e+00,9.917811e-01,1.000310e+00,1.202876e+00,1.075289e+00,1.079148e+00,1.068238e+00,1.139926e+00,1.199608e+00,1.192108e+00,1.101432e+00,1.281382e+00,9.495207e-01,1.080466e+00,1.118022e+00,1.123706e+00,1.097378e+00,1.274807e+00,1.162062e+00,1.344466e+00,9.610917e-01,1.142377e+00,1.059266e+00,1.481670e+00,1.145013e+00,1.237072e+00,1.259114e+00,1.172089e+00,1.043201e+00,1.052601e+00,1.071740e+00,1.106215e+00,1.341231e+00,1.011970e+00,1.132423e+00,1.346659e+00,1.191997e+00,1.094229e+00,1.038675e+00,1.129407e+00,1.093487e+00,1.326800e+00,1.447327e+00,1.101770e+00,1.453554e+00,1.355623e+00,1.149338e+00,1.115830e+00,1.065248e+00,1.324637e+00,1.414860e+00,1.194780e+00,1.052799e+00,1.140046e+00,1.178553e+00,4.090010e+00,1.174574e+00,2.446747e+00,5.918038e+00,1.238768e+00,1.154063e+00,1.151632e+00,1.794428e+00,1.166886e+00,1.278257e+00,1.147626e+00,1.385558e+00,1.298849e+00,1.154842e+00,5.060602e+00,1.276831e+00,2.565833e+00,1.193713e+00,1.235324e+00,1.194062e+00,1.069537e+00,1.106769e+00,1.185381e+00,1.005927e+00,1.121360e+00,1.310898e+00,1.006618e+00,1.099026e+00,1.223416e+00,1.067409e+00,1.255119e+00,1.038015e+00,1.175937e+00,1.059114e+00,1.131568e+00,9.845471e-01,1.126972e+00,1.078725e+00,1.070731e+00,1.133914e+00
1.227440e+00,1.148165e+00,1.104403e+00,1.081375e+00,1.130924e+00,1.204303e+00,1.032357e+00,1.182324e+00,1.202307e+00,9.969115e-01,1.044732e+00,1.179716e+00,1.251297e+00,1.067494e+00,1.065441e+00,1.052575e+00,1.096093e+00,1.102977e+00,9.957384e-01,1.076087e+00,1.074892e+00,1.069230e+00,1.105869e+00,1.109344e+00,1.088193e+00,1.106184e+00,1.018523e+00,1.090739e+00,1.071414e+00,1.099104e+00,1.028513e+00,1.055395e+00,1.077865e+00,1.174534e+00,1.070686e+00,1.082263e+00,1.211643e+00,1.357420e+00,1.081984e+00,1.829270e+00,1.441928e+00,1.876960e+00,1.027150e+00,1.193050e+00,1.005252e+00,1.089613e+00,1.131185e+00,1.131868e+00,1.203039e+00,1.083579e+00,1.083527e+00,1.116861e+00,1.288137e+00,1.007860e+00,1.356332e+00,1.040974e+00,1.201050e+00,1.501185e+00,1.594779e+00,1.064826e+00,1.101589e+00,1.531504e+00,1.242502e+00,1.132389e+00,1.159061e+00,1.031861e+00,1.215317e+00,1.036062e+00,1.029772e+00,1.185007e+00,1.116873e+00,1.065756e+00,9.777758e-01,1.052430e+00,1.123438e+00,1.103315e+00,1.069567e+00,1.027237e+00,9.516093e-01,1.314463e+00,1.141588e+00,1.190042e+00,1.077701e+00,1.141406e+00,1.342014e+00,4.178964e+00,1.783422e+00,1.152390e+00,9.605473e+00,1.051977e+00,1.331531e+00,1.288515e+00,1.218378e+00,1.094310e+00,9.605015e-01,1.180842e+00,1.093920e+00,9.892792e-01,1.090503e+00,1.052044e+00,1.432436e+00,1.206894e+00,1.046321e+00,1.043916e+00,1.087785e+00,1.066028e+00,1.423177e+00,1.145013e+00,1.444737e+00,1.437376e+00,1.108980e+00,1.219791e+00,1.056167e+00,1.118235e+00,1.178767e+00,1.039638e+00,1.156287e+00,1.153873e+00,9.885733e-01,1.032239e+00,9.722565e-01,1.109702e+00,1.143620e+00,8.694150e-01,1.086155e+00,1.115390e+00,1.132311e+00,1.147926e+00,1.113452e+00,1.017131e+00,1.205570e+00,1.141615e+00,1.776021e+00,1.250838e+00,9.465551e-01,1.068694e+00,1.072594e+00,1.031309e+00,1.085078e+00,1.203519e+00,1.149374e+00,1.052115e+00,1.163711e+00,1.095260e+00,1.104092e+00,9.774561e-01,1.326045e+00,1.038290e+00,1.373759e+00,1.002404e+00,1.265533e+00,1.040382e+00,1.091973e+00,1.138540e+00,1.312387e+00,1.072905e+00,1.154880e+00,1.345048e+00,1.118430e+00,1.143683e+00,1.002822e+00,1.205213e+00,1.149002e+00,9.607707e+00,1.189156e+00,1.715633e+00,1.405018e+00,1.354645e+00,1.158875e+00,1.127386e+00,1.159963e+00,1.284812e+00,9.927370e+00,9.676904e+00,4.701975e+00,1.007037e+00,1.227843e+00,1.904652e+00,1.810300e+00,1.126927e+00,3.378230e+00,1.775957e+00,2.251968e+00,1.095348e+00,6.359710e+00,1.132045e+00,1.595382e+00,1.332960e+00,1.106283e+00,1.142186e+00,2.376140e+00,9.917289e-01,1.353788e+00,1.110098e+00,1.079998e+00,1.164600e+00,1.209386e+00,1.108574e+00,1.069625e+00,1.148784e+00,1.131475e+00,1.180412e+00,1.150601e+00,1.004426e+00,1.044829e+00,1.027176e+00,9.988546e-01,1.101850e+00,1.220525e+00,1.020261e+00,1.154760e+00,1.088358e+00,1.050440e+00,1.094927e+00,1.111323e+00
1.133432e+00,1.147113e+00,1.132182e+00,1.176876e+00,1.145165e+00,1.073347e+00,1.068874e+00,1.204456e+00,1.131846e+00,1.160740e+00,1.189353e+00,1.127166e+00,1.154554e+00,1.083783e+00,1.076698e+00,1.159428e+00,1.101927e+00,1.283370e+00,1.078658e+00,1.249512e+00,1.214756e+00,9.884509e-01,1.050829e+00,1.212496e+00,1.291682e+00,1.295157e+00,1.004644e+00,1.189808e+00,1.127968e+00,1.078287e+00,1.613397e+00,1.087026e+00,1.002155e+00,1.025836e+00,9.994435e-01,1.141885e+00,1.113348e+00,1.559511e+00,1.030913e+00,1.069570e+00,1.735930e+00,9.571525e-01,1.138334e+00,9.859896e-01,1.007108e+00,1.143289e+00,1.187140e+00,1.204015e+00,1.109691e+00,1.061713e+00,1.383997e+00,1.560097e+00,1.234606e+00,1.102495e+00,1.278030e+00,1.264476e+00,1.227186e+00,3.742941e+00,1.103356e+00,1.197247e+00,1.574029e+00,1.082236e+00,1.573943e+00,1.385564e+00,9.767778e-01,1.140109e+00,1.125057e+00,1.044376e+00,1.157956e+00,1.348323e+00,1.057233e+00,1.074750e+00,1.271587e+00,1.102729e+00,1.111556e+00,1.151662e+00,1.490123e+00,1.125502e+00,1.117848e+00,1.082433e+00,1.042607e+00,1.057453e+00,1.695638e+00,1.860523e+00,3.629298e+00,9.935299e+00,1.440439e+00,1.518403e+00,1.046080e+00,1.061045e+00,1.055719e+00,1.080271e+00,1.185705e+00,1.065654e+00,1.047135e+00,1.133006e+00,1.130783e+00,1.115844e+00,1.122720e+00,1.049349e+00,1.061899e+00,1.124703e+00,1.590559e+00,1.299358e+00,nan,1.245258e+00,1.798247e+00,1.041866e+01,1.167797e+00,1.054233e+00,1.162660e+00,1.483046e+00,1.064935e+00,1.615867e+00,1.196129e+00,1.167172e+00,1.127258e+00,1.529355e+00,1.133281e+00,1.233431e+00,1.104740e+00,1.025723e+00,1.145251e+00,1.022396e+00,1.135355e+00,1.002109e+00,1.059174e+00,1.103047e+00,1.070007e+00,1.009906e+00,1.188411e+00,1.223282e+00,9.836503e-01,1.083521e+00,1.110403e+00,1.228016e+00,1.118503e+00,1.132975e+00,1.153711e+00,1.030354e+00,1.331558e+00,1.057935e+00,1.156388e+00,1.127253e+00,9.946033e-01,1.212856e+00,1.279649e+00,1.069581e+00,1.176473e+00,1.267513e+00,1.270488e+00,1.192699e+00,1.190449e+00,1.009697e+00,1.191293e+00,1.123033e+00,1.225349e+00,1.328280e+00,1.117350e+00,1.067768e+00,9.926715e-01,1.243932e+00,1.374178e+00,1.248462e+00,1.164338e+00,1.351299e+00,1.191274e+00,1.085328e+00,1.502309e+00,1.277847e+00,3.950474e+00,1.421818e+00,1.182757e+00,2.741354e+00,9.409668e-01,1.704503e+00,2.966955e+00,1.458176e+00,1.153413e+00,1.053178e+00,1.297851e+00,1.426798e+00,5.190677e+00,1.156268e+00,1.461281e+00,2.032728e+00,2.001566e+00,1.061533e+00,1.425240e+00,9.832797e-01,1.612460e+00,1.877823e+00,1.061596e+00,9.005309e+00,1.110360e+00,1.025426e+00,1.156372e+00,9.834517e-01,1.115755e+00,9.205275e-01,9.884592e-01,1.045450e+00,1.059796e+00,1.068553e+00,1.161131e+00,1.057559e+00,1.133370e+00,1.076329e+00,1.244537e+00,1.253597e+00,1.127638e+00,1.056904e+00,1.054693e+00,1.198794e+00,1.106209e+00
1.208519e+00,9.991144e-01,1.073297e+00,1.148738e+00,1.067216e+00,1.213998e+00,1.099795e+00,1.086475e+00,1.052045e+00,1.155771e+00,1.036340e+00,1.196383e+00,9.915641e-01,9.767959e-01,1.094022e+00,1.132808e+00,1.235700e+00,1.372013e+00,1.145751e+00,1.242678e+00,1.107744e+00,1.105464e+00,1.243329e+00,1.099666e+00,1.163273e+00,1.046604e+00,1.019209e+00,1.117990e+00,1.234309e+00,1.617242e+00,1.125362e+00,1.146835e+00,1.313354e+00,1.094873e+00,1.208486e+00,1.118060e+00,1.124668e+00,1.368600e+00,1.271800e+00,9.924093e+00,1.433885e+00,1.169761e+00,1.179966e+00,1.095442e+00,1.085751e+00,1.060642e+00,1.055720e+00,1.023714e+00,1.182758e+00,1.152787e+00,1.222028e+00,1.034992e+00,1.332274e+00,1.550596e+00,2.598061e+00,1.130402e+00,1.134697e+00,1.164213e+00,1.147750e+00,1.212872e+00,9.665681e-01,1.436293e+00,1.114434e+00,9.530627e-01,1.195637e+00,1.106981e+00,1.525210e+00,1.233839e+00,1.110334e+00,1.074106e+00,1.172090e+00,9.809328e+00,1.567665e+00,1.235467e+00,1.893817e+00,1.240696e+00,1.066655e+00,1.104405e+00,1.173873e+00,1.207380e+00,1.202397e+00,1.220495e+00,1.256527e+00,1.014062e+00,1.373784e+00,1.298262e+00,1.382347e+00,1.440874e+00,1.120468e+00,1.003185e+00,1.188684e+00,1.126449e+00,1.063640e+00,1.070311e+00,1.113615e+00,1.009462e+00,1.180354e+00,9.144267e-01,9.937206e-01,1.111645e+00,1.101922e+00,1.083543e+00,1.787606e+00,1.211642e+00,1.107848e+00,1.205892e+00,1.191477e+00,1.511289e+00,1.527639e+00,1.022685e+00,1.514693e+00,1.053073e+00,1.056802e+00,1.151033e+00,1.195069e+00,1.024179e+00,1.239227e+00,1.210127e+00,1.118200e+00,1.295075e+00,1.075546e+00,1.098679e+00,1.132111e+00,1.141838e+00,1.189866e+00,1.115956e+00,1.187765e+00,1.053063e+00,1.059628e+00,1.232665e+00,1.120469e+00,1.341351e+00,1.135463e+00,1.200039e+00,1.120529e+00,1.144873e+00,9.751029e-01,1.171760e+00,1.198442e+00,1.094807e+00,1.087742e+00,1.424442e+00,1.143768e+00,1.079342e+00,1.180904e+00,1.190753e+00,1.261420e+00,1.122447e+00,1.511870e+00,1.093121e+00,1.061581e+00,9.905180e-01,1.125454e+00,1.142617e+00,1.068338e+00,1.109280e+00,1.445719e+00,1.097614e+00,1.057378e+00,1.185597e+00,1.182080e+00,1.349032e+00,1.796052e+00,2.340154e+00,1.323332e+00,1.457320e+00,1.199479e+00,1.266030e+00,1.421375e+00,1.401479e+00,5.667750e+00,1.030115e+00,1.016645e+00,9.085822e+00,1.087730e+00,1.236515e+00,1.758882e+00,1.265444e+00,1.232046e+00,1.207284e+00,1.142865e+00,9.087133e+00,9.097315e+00,1.267314e+00,1.025976e+01,1.607020e+00,2.325010e+00,1.093886e+00,1.329581e+00,1.034848e+00,1.421999e+00,1.353758e+00,1.287839e+00,1.247839e+00,1.113228e+00,1.097709e+00,1.068478e+00,1.150771e+00,9.730415e-01,1.051555e+00,1.144433e+00,1.463445e+00,1.202231e+00,1.232538e+00,1.045272e+00,1.094703e+00,1.009501e+00,1.190896e+00,1.080197e+00,1.069999e+00,1.101856e+00,1.140581e+00,1.172116e+00,1.093697e+00,1.109230e+00
1.096955e+00,1.174582e+00,1.063342e+00,1.125751e+00,1.199494e+00,1.098217e+00,1.043425e+00,1.095465e+00,1.136929e+00,1.193318e+00,1.198008e+00,1.173300e+00,1.190965e+00,1.145569e+00,1.108588e+00,1.011286e+00,1.003126e+00,1.034202e+00,1.209905e+00,1.151329e+00,1.015450e+00,1.008869e+00,1.100635e+00,1.175895e+00,1.069142e+00,1.130808e+00,1.116973e+00,1.096590e+00,1.438018e+00,1.129501e+00,1.202013e+00,1.167159e+00,1.090689e+00,1.086070e+00,1.079035e+00,1.610418e+00,1.409691e+00,1.188292e+00,1.631848e+00,2.091830e+00,1.060168e+00,1.163890e+00,1.191185e+00,1.169832e+00,1.241591e+00,1.268749e+00,1.216701e+00,1.033920e+00,1.064903e+00,1.130997e+00,1.243509e+00,1.067666e+00,1.170631e+00,1.129392e+00,1.118694e+00,1.130716e+00,1.201676e+00,1.192681e+00,1.155901e+00,1.208294e+00,9.919949e-01,1.185096e+00,1.081318e+00,1.247960e+00,1.286577e+00,1.206379e+00,1.095698e+00,1.277554e+00,1.240372e+00,1.176172e+00,1.670014e+00,nan,nan,7.246897e+00,9.899516e+00,1.534525e+00,1.220085e+00,1.301146e+00,1.070209e+00,6.745654e+00,3.838904e+00,1.453264e+00,1.638168e+00,1.205571e+00,1.189769e+00,1.228607e+00,1.123324e+00,1.068835e+00,1.255904e+00,1.273544e+00,1.176986e+00,1.116368e+00,1.161990e+00,1.202975e+00,1.075001e+00,1.150636e+00,nan,1.549658e+00,1.407377e+00,1.416961e+00,1.007164e+00,1.476804e+00,1.110075e+00,1.398596e+00,1.165524e+00,1.461333e+00,1.199963e+00,1.111443e+00,1.244442e+00,1.216088e+00,1.062285e+00,1.184548e+00,1.209668e+00,1.228104e+00,1.018302e+00,1.179946e+00,1.217248e+00,1.270253e+00,1.079802e+00,1.115522e+00,1.176703e+00,1.247189e+00,1.072180e+00,1.110039e+00,1.030896e+00,1.060661e+00,1.218923e+00,1.152387e+00,1.131911e+00,1.406881e+00,1.006610e+00,1.132803e+00,1.226047e+00,1.040045e+00,1.199215e+00,1.040590e+00,1.044289e+00,1.135725e+00,1.679494e+00,1.045219e+00,1.044055e+00,1.094568e+00,1.147979e+00,1.576351e+00,1.110955e+00,1.650278e+00,1.150628e+00,1.120905e+00,1.160187e+00,1.154156e+00,1.084194e+00,1.252451e+00,1.087503e+00,1.034251e+00,1.351258e+00,1.217685e+00,1.181947e+00,1.249992e+00,1.174288e+00,1.093445e+00,1.008209e+00,1.381304e+00,1.653008e+00,1.193583e+00,4.632669e+00,1.045332e+00,1.041557e+00,1.450307e+00,1.374336e+00,1.107622e+00,1.158091e+00,4.789310e+00,4.580747e+00,1.351718e+00,1.282018e+00,9.917253e+00,1.422502e+00,1.214745e+00,7.034145e+00,1.488354e+00,1.250908e+00,1.582883e+00,1.383837e+00,3.235514e+00,1.623910e+00,1.432977e+00,9.972387e+00,1.356165e+00,1.408637e+00,1.173187e+00,1.528698e+00,8.341390e+00,1.075715e+00,1.183233e+00,1.176746e+00,1.179943e+00,1.247560e+00,1.214177e+00,1.052463e+00,1.235269e+00,1.018871e+00,1.229001e+00,1.412755e+00,1.139995e+00,1.091283e+00,9.593997e-01,1.263368e+00,1.203189e+00,1.067933e+00,1.108423e+00,1.057333e+00,1.341799e+00,1.065274e+00,1.227432e+00,1.038056e+00
1.122909e+00,1.150702e+00,1.048752e+00,1.193974e+00,1.134410e+00,1.025185e+00,1.068533e+00,1.172182e+00,1.127983e+00,1.287751e+00,1.363350e+00,1.114605e+00,1.027359e+00,9.907970e-01,1.138394e+00,1.079400e+00,9.582498e-01,1.034974e+00,1.109832e+00,9.831996e-01,1.128339e+00,1.128675e+00,1.208051e+00,1.213203e+00,1.251218e+00,1.019367e+00,1.144746e+00,1.062894e+00,1.047298e+00,1.329060e+00,1.050431e+00,1.035587e+00,1.262904e+00,1.103854e+00,1.411358e+00,1.033134e+00,1.180612e+00,1.470428e+00,1.540024e+00,1.159489e+00,1.085427e+00,1.156035e+00,1.437772e+00,1.089680e+00,1.276419e+00,3.716471e+00,1.257891e+00,1.124108e+00,1.093485e+00,1.204375e+00,1.079394e+00,1.406273e+00,1.373873e+00,1.059344e+00,1.261936e+00,1.126777e+00,1.105944e+00,1.502354e+00,1.204266e+00,1.286570e+00,1.550608e+00,1.128519e+00,1.105300e+00,1.272267e+00,1.169968e+00,1.035169e+00,1.135324e+00,1.521626e+00,1.191202e+00,1.136726e+00,1.243734e+00,1.041866e+01,1.041866e+01,nan,2.115179e+00,3.797651e+00,1.456107e+00,1.033726e+01,1.276146e+00,1.226403e+00,3.752384e+00,1.356392e+00,1.100130e+00,1.111062e+00,1.391754e+00,1.092471e+00,1.029212e+00,1.098998e+00,1.065463e+00,1.086813e+00,1.158560e+00,1.135884e+00,1.056771e+00,1.275991e+00,9.806637e-01,1.118937e+00,1.192955e+00,6.673127e+00,1.276880e+00,1.123478e+00,1.025027e+00,1.363624e+00,1.221523e+00,1.116204e+00,1.214726e+00,1.067851e+00,1.125560e+00,1.180021e+00,1.087407e+00,1.243574e+00,1.280304e+00,1.069476e+00,1.042391e+00,1.251003e+00,1.054255e+00,1.262546e+00,1.125569e+00,1.200825e+00,1.288336e+00,1.157459e+00,1.131295e+00,1.165587e+00,1.018468e+00,1.081981e+00,1.117414e+00,1.067494e+00,1.182281e+00,1.135507e+00,1.071248e+00,1.051294e+00,1.279460e+00,1.098242e+00,1.050524e+00,1.694732e+00,1.312526e+00,1.048303e+00,1.098616e+00,1.125850e+00,1.502322e+00,1.146960e+00,1.141780e+00,1.289833e+00,1.223034e+00,1.045816e+00,1.333961e+00,1.158122e+00,1.040113e+00,1.287553e+00,1.334741e+00,1.412587e+00,1.030453e+00,1.369010e+00,1.147798e+00,1.192585e+00,1.417034e+00,1.327247e+00,1.124342e+00,9.991774e-01,1.088465e+00,1.169966e+00,1.277316e+00,9.412898e+00,1.522663e+00,8.343905e+00,1.113515e+00,5.647427e+00,1.282614e+00,1.100981e+00,1.093690e+00,1.578908e+00,1.709361e+00,1.102695e+00,1.171333e+00,1.292234e+00,1.125936e+00,1.365929e+00,1.642584e+00,1.215590e+00,1.319787e+00,1.137924e+00,1.137036e+00,1.706410e+00,1.529775e+00,1.662404e+00,4.542366e+00,1.251897e+00,1.259117e+00,1.241772e+00,7.272035e+00,1.720986e+00,1.105866e+00,1.477632e+00,1.159333e+00,8.763075e+00,1.329642e+00,1.219224e+00,1.070045e+00,1.157621e+00,1.158736e+00,1.143013e+00,1.101482e+00,9.420113e-01,1.294010e+00,1.113690e+00,1.185431e+00,1.186328e+00,1.104561e+00,1.266939e+00,9.915538e-01,1.216245e+00,1.168201e+00,1.186774e+00,1.155143e+00,1.120272e+00,9.814194e-01
1.090716e+00,1.146773e+00,1.061746e+00,1.146291e+00,1.066061e+00,1.287874e+00,1.169293e+00,1.075133e+00,1.017518e+00,1.030365e+00,1.032266e+00,1.307756e+00,1.069349e+00,1.228597e+00,1.036511e+00,1.094930e+00,1.154719e+00,1.214012e+00,1.167171e+00,1.091597e+00,1.013027e+00,1.223623e+00,1.161174e+00,1.286292e+00,1.134206e+00,1.274855e+00,1.096680e+00,1.141982e+00,1.382682e+00,1.507075e+00,1.131404e+00,1.085388e+00,1.197487e+00,1.509054e+00,1.194726e+00,1.276598e+00,6.468799e+00,1.829885e+00,1.041866e+01,9.936634e-01,1.172447e+00,1.232038e+00,1.274155e+00,1.090907e+00,1.223993e+00,1.110538e+00,1.178711e+00,1.257322e+00,1.245075e+00,1.164892e+00,1.323297e+00,1.190385e+00,1.272763e+00,1.288900e+00,1.323245e+00,1.067743e+00,1.089509e+00,1.291801e+00,1.178739e+00,1.105916e+00,1.111510e+00,1.154737e+00,1.058634e+00,1.182850e+00,1.063288e+00,1.158956e+00,1.133277e+00,1.215664e+00,1.199889e+00,1.389643e+00,1.412201e+00,nan,5.842719e+00,2.687552e+00,1.655146e+00,1.219218e+00,1.141938e+00,1.687941e+00,1.424124e+00,1.179516e+00,1.422848e+00,1.211263e+00,1.229632e+00,1.128686e+00,1.121530e+00,1.179825e+00,1.121559e+00,1.145907e+00,1.252265e+00,1.207224e+00,1.301068e+00,1.105036e+00,1.202655e+00,1.430040e+00,1.094926e+00,1.549774e+00,1.229292e+00,1.158579e+00,1.381668e+00,1.652288e+00,1.247328e+00,1.094522e+00,1.267815e+00,1.105090e+00,1.206565e+00,1.094228e+00,1.178509e+00,1.042464e+00,1.205754e+00,1.118337e+00,1.079454e+00,1.060245e+00,1.180424e+00,1.137568e+00,1.183431e+00,1.050914e+00,1.166705e+00,1.108047e+00,1.182653e+00,1.045204e+00,1.141814e+00,1.170478e+00,1.207320e+00,1.209073e+00,1.217193e+00,1.105779e+00,1.439056e+00,1.302489e+00,1.140312e+00,1.137203e+00,1.127046e+00,1.253607e+00,1.125959e+00,1.405992e+00,1.061997e+00,1.242756e+00,1.125567e+00,1.151800e+00,1.619931e+00,1.145382e+00,1.150453e+00,1.138852e+00,1.049789e+00,1.193212e+00,1.240171e+00,1.089477e+00,1.141958e+00,1.320563e+00,1.512724e+00,1.240802e+00,1.093942e+00,1.253000e+00,1.116805e+00,1.119646e+00,1.310229e+00,1.370424e+00,1.364677e+00,1.304873e+00,1.242679e+00,1.141908e+00,1.081423e+00,1.663778e+00,1.147765e+00,1.172721e+00,2.897343e+00,1.170861e+00,1.127091e+00,3.347991e+00,1.210911e+00,1.276675e+00,1.613698e+00,1.085371e+00,1.420221e+00,1.098704e+00,1.215780e+00,1.378026e+00,1.557736e+00,2.992248e+00,1.012221e+01,1.041866e+01,nan,1.013863e+01,1.212859e+00,1.397141e+00,1.422355e+00,9.749876e+00,1.198810e+00,1.241981e+00,1.331291e+00,4.386015e+00,1.415614e+00,1.304734e+00,1.384139e+00,1.263080e+00,1.182165e+00,1.057239e+00,1.307644e+00,1.238965e+00,1.199350e+00,1.096472e+00,9.951613e-01,1.225507e+00,1.172016e+00,1.170067e+00,1.059049e+00,1.098605e+00,1.019746e+00,1.219354e+00,1.051008e+00,1.193243e+00,1.186416e+00,1.206800e+00,1.145479e+00,1.217872e+00,1.010463e+00
1.093572e+00,1.009700e+00,1.167941e+00,1.016458e+00,1.133261e+00,1.087171e+00,1.064994e+00,1.069131e+00,1.107787e+00,1.143823e+00,1.099083e+00,1.355479e+00,1.102484e+00,1.134259e+00,1.233607e+00,1.126550e+00,1.172961e+00,1.226375e+00,1.084774e+00,1.098574e+00,1.081284e+00,1.098567e+00,1.122643e+00,1.009302e+00,1.129833e+00,1.124373e+00,1.271211e+00,1.227113e+00,1.068815e+00,9.861074e-01,3.155429e+00,1.205355e+00,1.196129e+00,1.238686e+00,1.046598e+00,1.018619e+00,1.154335e+00,1.041866e+01,7.703364e+00,1.367068e+00,1.422280e+00,1.300386e+00,1.154900e+00,1.171757e+00,1.308894e+00,9.932164e-01,1.122124e+00,1.226876e+00,1.176595e+00,5.877258e+00,1.155300e+00,1.725121e+00,1.505286e+00,1.194878e+00,1.079137e+00,1.166608e+00,1.587152e+00,1.521250e+00,1.376803e+00,1.131666e+00,1.291719e+00,9.897647e-01,1.286461e+00,1.175706e+00,1.206356e+00,1.213132e+00,1.107966e+00,1.147030e+00,1.237592e+00,1.306179e+00,1.552564e+00,1.136519e+00,9.711591e+00,2.454943e+00,1.619696e+00,4.328903e+00,1.908142e+00,1.262987e+00,1.205535e+00,1.556429e+00,1.100260e+00,1.150275e+00,1.038897e+00,1.089354e+00,1.105610e+00,1.171072e+00,1.287684e+00,1.115942e+00,1.158123e+00,1.163459e+00,1.059564e+00,1.252127e+00,1.134589e+00,1.125420e+00,1.141380e+00,1.227129e+00,1.029210e+00,1.108172e+00,1.277302e+00,1.080591e+00,1.074570e+00,1.273455e+00,1.074686e+00,1.172058e+00,1.177105e+00,1.148444e+00,1.196275e+00,1.132781e+00,1.106357e+00,1.220981e+00,1.159506e+00,1.239374e+00,1.127469e+00,1.182509e+00,1.383803e+00,1.195031e+00,1.137827e+00,1.218426e+00,1.254302e+00,1.360813e+00,1.021623e+00,1.180715e+00,1.188002e+00,1.238560e+00,1.075159e+00,1.162673e+00,9.475573e-01,1.235075e+00,1.088846e+00,1.124054e+00,1.241559e+00,1.096335e+00,1.175303e+00,1.103189e+00,1.339072e+00,1.504156e+00,1.065060e+00,1.143926e+00,1.170679e+00,1.410578e+00,1.130463e+00,1.093698e+00,1.453782e+00,1.273618e+00,1.268586e+00,1.594357e+00,1.026487e+00,1.401599e+00,1.059829e+00,1.212025e+00,1.296034e+00,1.289701e+00,1.626058e+00,1.282688e+00,1.149083e+00,1.210337e+00,1.259250e+00,1.134418e+00,1.262871e+00,1.177824e+00,1.171924e+00,1.306467e+00,1.142287e+00,1.259415e+00,1.099882e+00,1.638829e+00,1.470324e+00,1.652786e+00,1.335042e+00,1.381612e+00,1.375602e+00,1.024932e+00,2.887188e+00,1.277414e+00,5.062530e+00,3.116752e+00,1.194758e+00,1.106948e+00,1.391068e+00,3.439798e+00,1.401427e+00,nan,1.340565e+00,1.343877e+00,1.168448e+00,1.411032e+00,1.009562e+01,4.279226e+00,1.451593e+00,1.311666e+00,1.269735e+00,1.229845e+00,5.386452e+00,1.186539e+00,1.316267e+00,1.284966e+00,1.088441e+00,1.187338e+00,1.091142e+00,1.131245e+00,1.086125e+00,1.212371e+00,1.287835e+00,1.208677e+00,1.097812e+00,1.394090e+00,1.233356e+00,1.084029e+00,1.159620e+00,1.074132e+00,1.187065e+00,1.274325e+00,1.050308e+00,1.120596e+00,1.146687e+00
1.431822e+00,1.075958e+00,1.016515e+00,1.001734e+00,1.183879e+00,9.743342e-01,1.164156e+00,1.324185e+00,1.052122e+00,1.180805e+00,1.073524e+00,1.096192e+00,1.010812e+00,1.111387e+00,1.339921e+00,1.037979e+00,1.118439e+00,1.189626e+00,1.084713e+00,1.093865e+00,1.101602e+00,1.193373e+00,1.121557e+00,1.196341e+00,1.290632e+00,1.068841e+00,1.126385e+00,1.153803e+00,1.236846e+00,1.325684e+00,1.321542e+00,1.091923e+00,1.074275e+00,1.086219e+00,1.201810e+00,1.494450e+00,1.391883e+00,1.305625e+00,1.329601e+00,1.199647e+00,1.537870e+00,1.214779e+00,1.167630e+00,3.515078e+00,1.035535e+00,1.028253e+00,1.202231e+00,1.232861e+00,1.312497e+00,1.102745e+00,1.251290e+00,1.013424e+00,1.156523e+00,1.075584e+00,1.365371e+00,1.089870e+00,1.253677e+00,1.243799e+00,9.446947e-01,1.147728e+00,1.038926e+00,1.190469e+00,1.064762e+00,1.316025e+00,1.079695e+00,1.206060e+00,2.263811e+00,1.235120e+00,1.614699e+00,1.225475e+00,1.146665e+00,1.238219e+00,1.252187e+00,1.143867e+00,1.200116e+00,1.219069e+00,1.552640e+00,1.104219e+00,1.586112e+00,1.197225e+00,1.234836e+00,1.106852e+00,1.137775e+00,1.079153e+00,1.304933e+00,1.075902e+00,1.161445e+00,1.123309e+00,1.049527e+00,1.089024e+00,1.168258e+00,1.048171e+00,1.077324e+00,1.461685e+00,1.167093e+00,1.203543e+00,1.210053e+00,1.345123e+00,1.341973e+00,1.323002e+00,1.122684e+00,1.535785e+00,1.173355e+00,1.068015e+00,1.065052e+00,1.215773e+00,1.126952e+00,1.171070e+00,1.201362e+00,1.098296e+00,1.123935e+00,1.073961e+00,1.149931e+00,1.137424e+00,1.158742e+00,1.168083e+00,1.130785e+00,1.092343e+00,1.194335e+00,1.129611e+00,1.110479e+00,1.338329e+00,1.090850e+00,1.033590e+00,1.169748e+00,1.199830e+00,1.345324e+00,1.335047e+00,1.177971e+00,1.091120e+00,1.272577e+00,1.060007e+00,1.621411e+00,1.107472e+00,1.145184e+00,1.047887e+00,1.370951e+00,1.131412e+00,1.223703e+00,9.686871e-01,1.661381e+00,1.175891e+00,1.142571e+00,1.093381e+00,1.362021e+00,1.188673e+00,1.100964e+00,1.207019e+00,1.076822e+00,1.165736e+00,1.179716e+00,1.093526e+00,1.186020e+00,1.061070e+00,1.099825e+00,1.440910e+00,1.468985e+00,1.200078e+00,1.191582e+00,1.110401e+00,9.888043e-01,9.847336e-01,1.243204e+00,1.666628e+00,1.212374e+00,1.563405e+00,1.327867e+00,1.327402e+00,8.555802e+00,1.712750e+00,1.045305e+00,1.285083e+00,2.000375e+00,1.107180e+00,1.055159e+00,1.424815e+00,1.074551e+00,1.134380e+00,1.323002e+00,1.060878e+00,1.583656e+00,1.189768e+00,1.205781e+00,1.209860e+00,2.089594e+00,1.594193e+00,1.946901e+00,1.367205e+00,1.026202e+00,1.335570e+00,1.383267e+00,1.142009e+00,1.209452e+00,1.374228e+00,1.332190e+00,1.216407e+00,1.098943e+00,1.038613e+00,1.218419e+00,1.035035e+00,1.203462e+00,1.191380e+00,1.292661e+00,1.350432e+00,1.117052e+00,1.069135e+00,1.172811e+00,1.094523e+00,1.315212e+00,1.028318e+00,1.085617e+00,1.148431e+00,1.099123e+00,1.174688e+00,9.907544e-01
1.212302e+00,1.131300e+00,1.183052e+00,1.120797e+00,1.352724e+00,1.259220e+00,1.165564e+00,1.161612e+00,1.197945e+00,1.138223e+00,1.107642e+00,1.089111e+00,1.140093e+00,1.096149e+00,1.226343e+00,1.125021e+00,1.130631e+00,1.187504e+00,1.044412e+00,1.137086e+00,1.122322e+00,1.030910e+00,1.088640e+00,1.060932e+00,1.143427e+00,1.151552e+00,1.405556e+00,1.250385e+00,1.263976e+00,1.312787e+00,1.089476e+00,1.187781e+00,1.115191e+00,1.466517e+00,1.330852e+00,1.105728e+00,1.175241e+00,8.712055e+00,1.601582e+00,1.195570e+00,1.168635e+00,1.318846e+00,1.205713e+00,1.272478e+00,1.119739e+00,1.083702e+00,1.443991e+00,3.429034e+00,1.541160e+00,1.123798e+00,1.216961e+00,1.152452e+00,1.355094e+00,1.311635e+00,1.256562e+00,1.177773e+00,1.171145e+00,1.141556e+00,1.153639e+00,1.101219e+00,9.436932e-01,1.065964e+00,1.085703e+00,1.162762e+00,1.053636e+00,1.168657e+00,1.223465e+00,1.159950e+00,9.853746e-01,3.619625e+00,1.672373e+00,1.219333e+00,1.176464e+00,1.181791e+00,1.471419e+00,6.287662e+00,1.132834e+00,1.060500e+00,1.043239e+00,1.073212e+00,1.385579e+00,1.137571e+00,1.047125e+00,1.183380e+00,1.214390e+00,1.221975e+00,1.172499e+00,9.833250e-01,1.440391e+00,1.186936e+00,1.244840e+00,1.003703e+00,1.133180e+00,1.094990e+00,1.602276e+00,1.097495e+00,1.195545e+00,1.066343e+00,1.127219e+00,1.118239e+00,1.474407e+00,1.140086e+00,1.035911e+00,1.076180e+00,1.001480e+00,1.252830e+00,1.113501e+00,1.210127e+00,1.163581e+00,1.227614e+00,1.242921e+00,1.234626e+00,1.172177e+00,1.136839e+00,1.092584e+00,1.292186e+00,1.081341e+00,1.209047e+00,1.240769e+00,1.335696e+00,1.042176e+00,1.051342e+00,1.168356e+00,1.285176e+00,1.096018e+00,1.049108e+00,1.257622e+00,1.081686e+00,1.197571e+00,1.312556e+00,1.478991e+00,1.167996e+00,1.058578e+00,1.079789e+00,1.277500e+00,1.558078e+00,1.082137e+00,1.134799e+00,1.069518e+00,1.263975e+00,1.227826e+00,1.317842e+00,1.336079e+00,1.186300e+00,1.133912e+00,1.272084e+00,1.093723e+00,1.374008e+00,1.111109e+00,1.227655e+00,1.076623e+00,1.041886e+00,1.105784e+00,1.049567e+00,1.328839e+00,1.018517e+00,1.269869e+00,1.301187e+00,1.133198e+00,1.023799e+00,1.135269e+00,1.047109e+00,1.390613e+00,2.035502e+00,nan,1.381806e+00,1.362406e+00,1.373081e+00,1.113750e+00,1.229848e+00,1.312787e+00,1.426527e+00,1.301731e+00,1.492157e+00,1.289850e+00,1.169298e+00,2.685018e+00,1.752196e+00,nan,7.509261e+00,1.061129e+00,9.928839e+00,3.301423e+00,1.091096e+00,5.126769e+00,1.289995e+00,8.280340e+00,1.252050e+00,1.349399e+00,1.602927e+00,1.558554e+00,1.190959e+00,1.044884e+00,1.137943e+00,1.458015e+00,1.123025e+00,1.140437e+00,1.048668e+00,1.180789e+00,1.135161e+00,9.990672e-01,1.240483e+00,1.233355e+00,1.137928e+00,1.181343e+00,1.327938e+00,1.083965e+00,1.185272e+00,1.126046e+00,1.070842e+00,1.068438e+00,1.270474e+00,1.148136e+00,9.547517e-01,1.171038e+00
1.035896e+00,1.075034e+00,1.299275e+00,1.083251e+00,1.118098e+00,1.230450e+00,1.056843e+00,1.164702e+00,1.104097e+00,1.235812e+00,1.256326e+00,1.193792e+00,1.168276e+00,1.070540e+00,1.178911e+00,1.116740e+00,1.261122e+00,1.067423e+00,1.065032e+00,1.046847e+00,1.257843e+00,1.117215e+00,1.036282e+00,1.103746e+00,1.093460e+00,1.145974e+00,1.112110e+00,1.171266e+00,9.690550e-01,1.260376e+00,1.220532e+00,1.091129e+00,1.219824e+00,1.104060e+00,1.147611e+00,1.250569e+00,3.586585e+00,1.486633e+00,1.279043e+00,1.453944e+00,1.213308e+00,1.093131e+00,1.582199e+00,1.167293e+00,1.139514e+00,1.153611e+00,1.137630e+00,6.314951e+00,1.185541e+00,1.034481e+00,1.250843e+00,1.282392e+00,1.456581e+00,1.201406e+00,9.925346e-01,1.223776e+00,1.147129e+00,1.075897e+00,1.190318e+00,1.071210e+00,1.210190e+00,1.133181e+00,1.241683e+00,1.197160e+00,1.370463e+00,1.155620e+00,1.035975e+00,1.384626e+00,1.237214e+00,1.110986e+00,1.131694e+00,1.137154e+00,1.071739e+00,1.342402e+00,1.300152e+00,1.108765e+00,9.232967e-01,1.620488e+00,1.232309e+00,1.261500e+00,1.108526e+00,1.023019e+00,1.076970e+00,1.085657e+00,1.067867e+00,1.091776e+00,1.207796e+00,1.128802e+00,1.143746e+00,1.190176e+00,1.133030e+00,1.283791e+00,1.236802e+00,1.188583e+00,1.059343e+00,1.079387e+00,1.093283e+00,1.234086e+00,1.050460e+00,1.305688e+00,1.106227e+00,1.180887e+00,1.160733e+00,1.289862e+00,1.196841e+00,1.232001e+00,1.118359e+00,1.204002e+00,1.088974e+00,1.159984e+00,1.091559e+00,1.228741e+00,1.225216e+00,1.217094e+00,1.250461e+00,1.217293e+00,1.147729e+00,1.257983e+00,1.490352e+00,1.097278e+00,1.215594e+00,1.156266e+00,1.153869e+00,1.279176e+00,1.047014e+00,1.205465e+00,1.085270e+00,1.045503e+00,1.214552e+00,1.190334e+00,1.129211e+00,1.162690e+00,1.237311e+00,1.084889e+00,1.261497e+00,1.042481e+00,1.181883e+00,1.200574e+00,1.232958e+00,1.080453e+00,1.245309e+00,1.215185e+00,1.110983e+00,1.212499e+00,1.121964e+00,1.371438e+00,1.037211e+00,1.171395e+00,1.129782e+00,1.092047e+00,1.074348e+00,1.339322e+00,9.491797e-01,1.060509e+00,1.384641e+00,1.080493e+00,1.198032e+00,1.136284e+00,1.279439e+00,1.139973e+00,1.154897e+00,1.114181e+00,1.377998e+00,1.284634e+00,2.661372e+00,1.294105e+00,1.200114e+00,1.282842e+00,1.086952e+00,1.358187e+00,1.872531e+00,5.912024e+00,1.209419e+00,1.438795e+00,1.231872e+00,1.150911e+00,1.337696e+00,1.530239e+00,7.166551e+00,1.189959e+00,1.382291e+00,1.236555e+00,1.321478e+00,1.063561e+00,3.526932e+00,nan,1.283894e+00,1.300297e+00,1.193759e+00,3.712828e+00,1.264514e+00,2.273830e+00,1.137261e+00,1.165410e+00,1.118950e+00,1.292697e+00,1.081515e+00,1.233830e+00,1.024221e+00,1.049085e+00,1.234228e+00,1.225182e+00,1.447435e+00,1.069839e+00,1.203551e+00,1.078365e+00,1.182850e+00,1.127068e+00,1.092546e+00,1.143468e+00,1.279626e+00,1.109679e+00,1.105448e+00,1.150357e+00,1.187203e+00
1.099591e+00,1.202204e+00,1.072072e+00,1.150903e+00,1.088737e+00,1.130234e+00,1.260349e+00,1.111319e+00,1.106221e+00,1.142356e+00,1.086545e+00,1.135837e+00,1.091617e+00,1.218537e+00,1.004926e+00,1.063605e+00,1.204397e+00,9.336087e-01,1.127947e+00,1.096132e+00,1.073010e+00,1.246904e+00,1.165395e+00,1.160520e+00,1.126420e+00,1.095040e+00,1.170934e+00,1.450765e+00,1.146734e+00,1.143289e+00,1.288503e+00,1.009873e+00,1.244250e+00,1.039073e+00,1.130049e+00,1.154551e+00,1.524077e+00,1.213773e+00,1.246522e+00,1.191556e+00,1.299652e+00,1.064356e+00,1.149939e+00,1.232041e+00,1.138949e+00,1.307806e+00,1.141138e+00,1.169637e+00,1.531656e+00,1.378023e+00,1.527543e+00,1.128856e+00,1.073011e+00,1.090576e+00,1.151873e+00,1.235441e+00,1.074314e+00,1.148082e+00,1.462803e+00,1.211402e+00,1.102565e+00,1.410707e+00,1.064118e+00,1.238032e+00,1.121807e+00,1.126429e+00,1.221173e+00,1.490970e+00,1.094381e+00,1.101220e+00,1.630502e+00,1.422140e+00,1.160172e+00,1.145204e+00,1.499437e+00,1.244575e+00,1.680692e+00,1.393684e+00,1.173927e+00,1.535256e+00,1.346729e+00,1.163461e+00,1.154649e+00,1.048010e+00,1.057980e+00,9.998062e-01,1.251737e+00,1.121034e+00,1.191823e+00,1.265542e+00,9.864136e-01,1.042954e+00,1.062986e+00,1.212809e+00,1.119605e+00,1.070658e+00,1.149579e+00,1.321857e+00,1.367166e+00,1.154554e+00,1.146812e+00,1.130520e+00,1.234992e+00,1.384338e+00,1.213036e+00,1.114670e+00,1.149622e+00,1.171065e+00,1.087491e+00,1.104001e+00,1.139793e+00,1.209361e+00,1.217346e+00,1.114151e+00,1.122606e+00,1.254322e+00,1.117106e+00,1.279272e+00,1.066484e+00,1.231094e+00,1.122883e+00,1.141194e+00,1.126816e+00,1.169615e+00,1.161550e+00,1.362526e+00,1.339996e+00,1.132553e+00,1.124845e+00,1.145660e+00,1.317731e+00,1.015724e+00,1.149243e+00,1.226698e+00,1.013603e+00,1.278366e+00,1.524726e+00,1.101353e+00,1.420994e+00,1.167017e+00,1.224866e+00,1.451263e+00,1.135967e+00,1.149308e+00,1.024103e+00,1.262211e+00,1.172025e+00,1.259204e+00,1.271313e+00,1.097375e+00,1.499720e+00,1.296700e+00,1.115253e+00,1.388966e+00,1.113587e+00,1.158058e+00,1.348750e+00,1.472270e+00,1.171888e+00,1.122454e+00,1.441184e+00,1.080812e+00,8.599482e+00,1.415496e+00,1.726017e+00,1.521462e+00,1.129128e+00,1.185854e+00,1.548414e+00,1.446331e+00,1.233872e+00,9.641704e+00,1.164152e+00,8.642086e+00,1.169972e+00,1.405940e+00,1.489389e+00,1.513629e+00,1.123497e+00,1.169844e+00,1.211929e+00,1.387072e+00,6.761356e+00,1.271503e+00,1.558678e+00,8.688185e+00,1.461555e+00,1.337214e+00,1.272152e+00,1.167873e+00,1.080262e+00,1.279994e+00,1.337459e+00,1.254498e+00,1.193789e+00,1.318530e+00,1.030185e+00,1.030268e+00,1.035302e+00,1.327048e+00,1.224189e+00,1.447203e+00,1.118316e+00,1.167220e+00,1.067651e+00,1.170894e+00,1.106226e+00,1.167303e+00,1.122264e+00,1.110364e+00,1.106102e+00,1.080334e+00,1.098182e+00,1.196677e+00,1.157895e+00
1.048397e+00,1.048428e+00,1.052134e+00,1.095118e+00,1.268413e+00,1.112702e+00,1.135498e+00,1.163385e+00,1.213960e+00,1.206203e+00,1.178591e+00,1.201348e+00,1.340107e+00,1.265064e+00,1.132033e+00,1.081201e+00,1.332265e+00,1.105057e+00,1.288223e+00,1.119729e+00,1.281718e+00,1.090897e+00,1.163748e+00,1.088675e+00,1.017521e+00,9.913115e-01,1.163203e+00,1.125719e+00,1.176057e+00,1.027214e+00,1.156951e+00,1.187146e+00,1.098943e+00,5.502723e+00,1.223438e+00,8.359794e+00,4.607075e+00,1.176047e+00,9.346797e-01,1.357814e+00,1.075144e+00,1.078980e+00,1.044623e+00,1.241802e+00,1.185422e+00,1.398623e+00,1.361227e+00,1.141352e+00,1.030025e+00,1.355002e+00,1.150510e+00,1.135891e+00,1.624321e+00,1.457588e+00,1.147101e+00,1.066149e+00,1.082849e+00,1.188163e+00,1.056293e+00,1.163112e+00,1.185214e+00,1.229027e+00,1.164249e+00,1.645495e+00,1.197456e+00,1.357405e+00,1.043123e+00,3.205938e+00,1.065470e+00,1.517167e+00,1.048380e+00,1.116179e+00,1.201622e+00,1.275362e+00,1.015632e+00,1.477711e+00,1.048302e+00,1.222842e+00,1.566715e+00,1.114143e+00,1.490847e+00,1.122266e+00,1.143694e+00,1.184251e+00,1.127723e+00,1.110273e+00,1.254274e+00,1.239628e+00,1.053019e+00,1.179113e+00,1.208181e+00,1.167156e+00,1.098546e+00,1.349947e+00,1.030355e+00,1.103067e+00,1.251833e+00,1.051711e+00,1.193226e+00,1.124332e+00,1.174735e+00,1.177015e+00,1.126175e+00,1.230795e+00,1.053229e+00,1.090075e+00,1.163919e+00,9.881897e-01,1.097442e+00,1.202117e+00,1.150767e+00,1.300985e+00,1.256015e+00,1.045380e+00,1.178896e+00,1.326304e+00,1.100992e+00,1.299465e+00,1.173795e+00,1.184956e+00,1.141057e+00,1.174771e+00,1.186393e+00,1.245470e+00,1.162661e+00,1.189032e+00,1.097852e+00,1.188516e+00,1.204456e+00,1.258833e+00,1.192034e+00,1.070773e+00,1.062251e+00,1.241589e+00,1.151761e+00,1.089278e+00,1.447677e+00,1.041866e+01,7.259386e+00,1.144264e+00,9.989469e-01,1.590730e+00,1.112519e+00,1.405666e+00,1.092912e+00,1.144469e+00,1.065391e+00,1.167766e+00,1.227480e+00,9.973792e-01,1.150450e+00,1.262950e+00,1.415207e+00,1.182050e+00,1.104283e+00,1.128767e+00,1.227566e+00,1.362589e+00,1.300544e+00,1.179913e+00,1.090137e+00,1.584710e+00,1.672247e+00,1.372560e+00,1.658459e+00,1.265414e+00,1.634827e+00,1.098958e+00,1.182765e+00,1.213623e+00,1.471705e+00,1.124641e+00,1.309747e+00,1.141244e+00,1.268084e+00,4.659295e+00,1.041866e+01,1.277180e+00,1.193227e+00,1.080859e+00,1.142649e+00,2.119968e+00,1.142378e+00,1.193875e+00,1.391130e+00,1.447741e+00,1.217749e+00,1.705673e+00,1.022107e+00,1.182105e+00,1.155232e+00,1.349530e+00,1.281344e+00,1.172618e+00,1.227772e+00,1.156963e+00,1.037106e+00,1.383465e+00,1.206515e+00,1.202580e+00,1.107719e+00,1.166301e+00,1.207882e+00,1.010170e+00,1.191414e+00,1.198369e+00,1.145245e+00,1.115980e+00,1.122588e+00,1.162342e+00,1.304973e+00,1.236525e+00,1.134715e+00,1.516499e+00,1.213848e+00
1.069478e+00,1.192136e+00,1.151716e+00,1.116306e+00,1.070522e+00,1.299453e+00,1.119837e+00,1.046540e+00,1.094420e+00,1.105742e+00,1.125904e+00,1.191197e+00,1.244578e+00,1.304567e+00,1.069409e+00,1.079285e+00,1.135128e+00,1.019753e+00,1.125050e+00,1.124019e+00,1.220698e+00,1.110775e+00,1.110137e+00,1.138138e+00,1.152084e+00,1.026196e+00,1.138379e+00,1.091529e+00,1.185415e+00,1.260886e+00,1.509442e+00,1.056279e+00,1.179857e+00,1.236920e+00,1.417945e+00,1.042073e+00,1.229992e+00,1.209385e+00,1.099974e+00,1.512075e+00,1.495565e+00,1.155174e+00,1.188495e+00,1.050222e+00,1.187801e+00,1.178872e+00,2.838514e+00,1.272921e+00,1.188792e+00,1.037441e+00,1.227853e+00,1.234676e+00,1.234489e+00,1.203642e+00,1.025572e+00,1.270546e+00,1.271026e+00,1.274638e+00,9.422795e-01,1.106497e+00,1.241053e+00,1.160092e+00,1.434149e+00,1.063480e+00,1.142512e+00,1.091579e+00,1.060288e+00,1.103647e+00,1.167915e+00,1.139015e+00,1.356612e+00,1.223849e+00,1.246729e+00,1.206878e+00,5.953196e+00,1.252157e+00,1.334305e+00,1.240155e+00,1.290529e+00,1.046962e+00,1.129168e+00,1.333914e+00,1.101404e+00,1.075525e+00,1.189144e+00,1.071042e+00,1.117179e+00,1.368189e+00,1.141123e+00,1.173127e+00,1.008273e+00,1.254013e+00,1.205665e+00,1.203827e+00,1.114152e+00,1.149662e+00,1.082073e+00,1.742342e+00,1.234325e+00,1.463177e+00,9.992682e-01,1.168269e+00,1.264413e+00,1.294178e+00,1.185916e+00,1.148333e+00,1.045018e+00,1.002561e+00,1.202500e+00,1.032391e+00,1.106208e+00,1.173427e+00,1.155167e+00,1.252796e+00,1.072917e+00,1.315328e+00,1.128454e+00,1.109382e+00,1.209329e+00,1.268558e+00,1.070191e+00,9.911528e-01,1.392269e+00,1.187673e+00,1.190671e+00,1.452632e+00,1.060617e+00,1.092716e+00,1.184626e+00,1.162477e+00,1.497119e+00,1.135870e+00,1.197262e+00,1.438761e+00,1.209909e+00,1.081768e+00,1.674604e+00,1.357231e+00,1.783566e+00,1.247352e+00,1.166893e+00,1.312405e+00,1.162207e+00,1.358475e+00,1.280316e+00,1.063684e+00,1.120335e+00,1.035242e+00,1.295138e+00,1.093584e+00,1.116072e+00,1.352015e+00,1.591146e+00,1.748910e+00,1.183079e+00,1.247603e+00,1.109029e+00,2.245318e+00,1.221577e+00,1.260257e+00,1.208488e+00,1.285357e+00,3.532816e+00,1.317865e+00,1.376888e+00,1.129521e+00,1.581106e+00,1.021178e+01,1.257723e+00,7.195092e+00,1.291641e+00,1.091543e+00,1.178265e+00,5.981630e+00,1.140929e+00,1.273124e+00,1.110512e+00,1.197434e+00,1.099899e+00,1.114342e+00,1.172667e+00,1.096631e+00,1.314622e+00,1.169861e+00,1.128710e+00,1.472077e+00,1.400978e+00,2.548678e+00,1.169033e+00,9.827978e+00,1.378578e+00,1.265771e+00,1.103854e+00,1.163889e+00,1.106417e+00,1.155307e+00,1.208517e+00,1.315255e+00,1.097396e+00,1.021557e+00,1.208450e+00,1.420512e+00,1.199534e+00,1.098037e+00,1.188274e+00,1.074030e+00,1.062096e+00,1.225380e+00,1.264008e+00,1.042881e+00,1.176460e+00,1.173263e+00,1.211492e+00,1.031642e+00,1.027999e+00
1.082160e+00,1.282755e+00,1.219089e+00,1.162304e+00,1.245748e+00,9.983103e-01,1.071020e+00,9.703674e-01,1.209191e+00,1.052306e+00,1.111511e+00,1.132585e+00,1.194676e+00,1.148748e+00,1.216272e+00,1.223814e+00,1.097936e+00,1.172203e+00,1.179050e+00,1.148683e+00,1.022070e+00,1.103936e+00,1.066164e+00,1.093015e+00,1.056117e+00,1.260709e+00,9.940160e-01,1.055659e+00,1.090426e+00,1.050803e+00,1.343898e+00,1.057433e+00,1.245537e+00,1.236204e+00,1.159617e+00,1.220089e+00,1.111841e+00,1.150111e+00,1.234881e+00,1.195221e+00,1.228252e+00,9.923514e-01,1.087724e+00,1.171726e+00,1.364860e+00,1.247703e+00,1.194188e+00,1.535805e+00,1.547077e+00,1.371001e+00,1.261568e+00,1.273166e+00,1.454200e+00,1.435614e+00,1.077537e+00,1.164454e+00,1.094652e+00,1.309600e+00,1.219092e+00,1.629000e+00,1.271060e+00,1.103519e+00,1.196596e+00,1.150341e+00,1.161096e+00,1.151973e+00,1.282897e+00,1.097239e+00,1.047338e+00,1.338554e+00,1.212230e+00,1.248559e+00,1.242740e+00,1.138794e+00,1.189689e+00,1.395930e+00,1.246564e+00,1.138014e+00,1.204292e+00,9.863229e-01,1.048646e+00,1.404289e+00,1.219497e+00,1.218490e+00,1.170583e+00,1.235122e+00,1.168816e+00,1.159075e+00,1.203452e+00,1.209283e+00,1.133995e+00,1.351298e+00,1.161864e+00,1.147782e+00,1.119779e+00,1.200597e+00,1.221657e+00,1.037396e+00,1.174901e+00,1.131660e+00,1.222044e+00,1.050414e+00,1.264446e+00,1.273089e+00,1.084809e+00,1.187900e+00,1.227698e+00,1.142675e+00,1.096157e+00,1.132959e+00,1.210314e+00,1.294620e+00,1.201891e+00,1.207433e+00,1.093916e+00,1.160186e+00,1.077891e+00,1.220916e+00,1.138734e+00,1.338697e+00,1.537601e+00,1.201564e+00,1.379005e+00,1.113975e+00,1.174209e+00,1.135016e+00,1.232705e+00,1.151057e+00,1.324167e+00,1.386487e+00,1.133371e+00,1.136075e+00,1.234921e+00,1.403248e+00,1.247730e+00,1.107861e+00,1.082553e+00,1.071502e+00,1.408115e+00,1.264445e+00,1.528885e+00,1.361754e+00,1.292310e+00,1.112233e+00,1.062507e+00,1.541477e+00,1.264593e+00,1.239481e+00,1.423699e+00,1.276603e+00,1.808668e+00,1.240619e+00,1.125012e+00,1.117148e+00,1.248080e+00,1.183325e+00,1.123469e+00,1.200606e+00,1.378987e+00,1.079354e+00,1.317124e+00,1.400396e+00,1.184359e+00,1.703204e+00,1.170541e+00,1.106153e+00,1.236632e+00,1.301362e+00,1.070099e+00,1.522978e+00,1.199077e+00,1.636367e+00,1.548963e+00,1.327636e+00,1.462033e+00,1.867178e+00,1.665570e+00,1.088024e+00,1.198924e+00,1.325187e+00,1.152676e+00,1.568985e+00,1.232379e+00,1.246289e+00,1.162977e+00,1.144079e+00,1.219021e+00,1.308347e+00,1.315399e+00,1.004889e+00,1.448711e+00,1.125213e+00,1.433561e+00,1.248916e+00,1.220837e+00,1.184474e+00,1.207069e+00,1.138688e+00,1.025148e+00,1.225572e+00,1.331592e+00,1.609850e+00,1.283187e+00,1.021027e+00,1.185314e+00,1.150895e+00,1.098722e+00,1.157764e+00,1.379401e+00,1.289431e+00,1.148024e+00,1.116152e+00,1.503409e+00,1.249463e+00,1.233832e+00
9.708785e-01,1.228750e+00,1.127892e+00,1.130590e+00,1.164078e+00,1.115411e+00,1.122510e+00,1.129875e+00,1.310555e+00,1.063950e+00,1.261308e+00,1.066162e+00,1.095306e+00,1.138323e+00,1.326157e+00,1.267478e+00,1.230939e+00,9.813662e-01,9.569472e-01,1.191580e+00,1.042356e+00,1.100021e+00,1.328224e+00,1.082217e+00,1.079800e+00,1.032030e+00,1.120785e+00,1.246850e+00,1.159833e+00,1.197619e+00,1.129934e+00,1.060391e+00,1.168762e+00,1.139368e+00,1.614081e+00,1.512558e+00,1.441082e+00,1.349442e+00,1.096735e+00,1.514858e+00,1.098014e+00,1.178509e+00,1.119354e+00,1.230825e+00,1.100294e+00,1.172045e+00,1.131281e+00,1.317080e+00,1.414381e+00,1.176395e+00,1.278375e+00,3.209709e+00,1.278245e+00,1.118806e+00,1.061194e+00,1.162843e+00,2.109095e+00,1.102869e+00,1.075736e+00,1.164292e+00,1.424270e+00,1.058233e+00,1.118541e+00,1.276416e+00,1.262465e+00,4.767385e+00,1.260925e+00,1.357116e+00,1.138838e+00,9.919737e-01,1.065624e+00,1.709019e+00,1.018645e+00,1.096210e+00,1.232089e+00,1.137539e+00,1.279596e+00,1.618368e+00,1.362140e+00,1.160364e+00,1.043490e+00,1.445058e+00,1.116598e+00,1.101760e+00,1.256411e+00,1.197162e+00,1.139563e+00,1.208450e+00,1.192881e+00,1.132572e+00,1.065426e+00,1.098040e+00,1.134067e+00,1.215229e+00,1.166485e+00,1.065837e+00,1.091186e+00,1.081062e+00,1.379703e+00,1.225386e+00,1.361237e+00,1.135194e+00,1.066436e+00,1.122257e+00,1.160587e+00,1.356007e+00,1.252585e+00,1.140119e+00,1.069326e+00,1.097743e+00,1.113670e+00,1.079903e+00,1.042794e+00,1.064064e+00,1.241048e+00,1.105405e+00,1.143102e+00,1.223198e+00,1.519676e+00,1.159652e+00,1.606489e+00,1.074462e+00,1.213436e+00,1.164078e+00,1.207963e+00,1.140285e+00,1.078831e+00,1.307477e+00,1.238810e+00,1.153043e+00,1.658044e+00,1.043450e+00,1.196182e+00,1.088885e+00,1.157413e+00,1.340022e+00,1.063331e+00,1.239509e+00,1.219256e+00,1.504587e+00,1.267836e+00,1.700062e+00,1.195101e+00,9.995364e-01,1.271420e+00,1.130926e+00,1.320244e+00,1.101773e+00,1.116432e+00,1.330542e+00,1.172378e+00,1.239961e+00,1.052674e+00,1.369525e+00,1.201553e+00,1.241885e+00,1.163575e+00,1.165750e+00,1.228318e+00,1.007498e+00,1.141371e+00,1.365974e+00,1.413828e+00,1.223774e+00,1.048376e+00,1.121957e+00,1.219184e+00,4.157100e+00,1.065428e+00,1.779630e+00,1.329319e+00,1.119685e+00,1.598122e+00,1.205590e+00,1.040343e+00,4.202644e+00,1.126009e+00,1.166045e+00,1.107720e+00,1.105691e+00,1.234100e+00,1.264268e+00,1.269384e+00,1.245110e+00,1.185945e+00,1.008209e+00,1.102941e+00,1.130134e+00,1.345312e+00,1.368254e+00,1.358621e+00,1.343444e+00,1.125928e+00,1.341799e+00,1.097603e+00,1.129465e+00,1.047895e+00,1.026797e+00,1.270164e+00,1.051449e+00,1.565928e+00,1.221826e+00,1.282526e+00,1.137270e+00,1.142573e+00,1.111025e+00,1.295496e+00,1.295169e+00,1.211292e+00,1.182851e+00,1.104878e+00,1.118790e+00,1.203059e+00,1.102329e+00,1.212075e+00
1.040149e+00,1.071057e+00,1.164115e+00,1.167529e+00,1.133941e+00,1.058509e+00,1.219867e+00,1.051277e+00,1.146561e+00,1.119970e+00,1.125493e+00,1.162874e+00,1.050931e+00,1.073134e+00,1.028743e+00,1.176231e+00,1.184419e+00,1.140551e+00,1.084064e+00,1.218869e+00,1.243949e+00,1.285689e+00,1.149173e+00,1.052746e+00,1.261575e+00,1.145193e+00,1.100554e+00,1.207962e+00,1.221138e+00,1.101355e+00,1.621793e+00,1.063798e+00,1.139553e+00,1.133508e+00,1.155201e+00,1.197438e+00,1.202084e+00,1.274174e+00,1.047393e+00,1.048796e+00,1.166109e+00,1.225167e+00,1.076258e+00,1.258126e+00,1.059612e+00,1.167263e+00,1.104251e+00,1.003168e+00,1.059044e+00,1.344800e+00,1.138102e+00,1.181160e+00,1.306529e+00,1.566755e+00,1.088822e+00,1.081854e+00,1.077112e+00,1.194877e+00,1.120100e+00,1.379281e+00,1.077728e+00,1.332162e+00,1.109177e+00,1.172809e+00,1.081736e+00,1.175843e+00,1.094226e+00,1.429570e+00,1.247575e+00,1.135581e+00,1.296602e+00,9.157657e+00,1.187226e+00,1.864612e+00,4.093158e+00,1.112512e+00,1.117303e+00,1.150610e+00,1.377200e+00,1.236697e+00,1.150596e+00,1.162124e+00,9.983852e-01,1.193501e+00,1.221864e+00,1.082186e+00,1.155349e+00,1.040281e+00,1.261579e+00,1.072771e+00,1.065147e+00,1.080325e+00,1.269790e+00,1.039992e+00,1.201314e+00,1.198879e+00,1.173416e+00,1.201281e+00,1.131233e+00,1.362100e+00,1.197091e+00,1.203423e+00,1.031152e+00,1.067704e+00,1.094303e+00,1.128464e+00,1.142771e+00,1.284007e+00,1.118773e+00,1.090960e+00,1.346684e+00,1.120114e+00,1.167744e+00,1.092200e+00,1.616934e+00,1.187036e+00,1.043594e+00,1.123121e+00,1.609468e+00,1.580105e+00,1.262148e+00,1.471093e+00,1.198624e+00,1.172298e+00,1.210436e+00,1.060259e+00,1.504921e+00,1.042805e+00,1.149084e+00,1.529272e+00,1.251993e+00,1.138243e+00,1.200983e+00,1.257861e+00,1.160693e+00,1.704345e+00,1.193840e+00,1.245467e+00,1.281192e+00,8.975208e+00,1.116567e+00,9.170471e+00,1.078571e+00,1.205086e+00,1.460431e+00,1.624817e+00,1.253863e+00,1.128559e+00,1.213822e+00,1.121527e+00,1.499051e+00,1.393344e+00,1.194406e+00,1.071712e+00,1.196939e+00,1.036266e+00,1.151531e+00,1.249159e+00,1.015915e+00,1.135152e+00,1.148571e+00,1.656388e+00,1.123066e+00,1.312389e+00,nan,1.860311e+00,1.434754e+00,1.590140e+00,1.369222e+00,3.797738e+00,1.284780e+00,5.385266e+00,1.582748e+00,1.561059e+00,1.427837e+00,1.038404e+00,1.538847e+00,1.082482e+00,1.242440e+00,1.183705e+00,1.164029e+00,1.807572e+00,1.345392e+00,1.243143e+00,9.591317e+00,1.224446e+00,2.380370e+00,1.205372e+00,1.318693e+00,1.075505e+00,1.020159e+01,1.474889e+00,1.349647e+00,1.440399e+00,1.506411e+00,1.187269e+00,1.156298e+00,1.142957e+00,1.109673e+00,1.106976e+00,1.433359e+00,1.220924e+00,1.073673e+00,1.258027e+00,1.201804e+00,1.022726e+00,1.044336e+00,1.306031e+00,1.259443e+00,1.006141e+00,1.074761e+00,1.223269e+00,1.123729e+00,1.133959e+00,1.204901e+00
1.250185e+00,9.077532e-01,9.431469e-01,1.192244e+00,1.197469e+00,9.881495e-01,1.252842e+00,1.015801e+00,1.084556e+00,1.176697e+00,1.102239e+00,1.114869e+00,1.251831e+00,1.072943e+00,1.156759e+00,1.133876e+00,1.117610e+00,1.125869e+00,1.086520e+00,1.366073e+00,1.196850e+00,1.130499e+00,1.109807e+00,1.168544e+00,1.348684e+00,1.037323e+00,1.090103e+00,1.271397e+00,1.243878e+00,1.238276e+00,1.137910e+00,1.169225e+00,9.821967e-01,1.170759e+00,6.273777e+00,1.103767e+00,1.125346e+00,1.321950e+00,1.142314e+00,1.115250e+00,1.115240e+00,1.087357e+00,1.078472e+00,3.575132e+00,1.272744e+00,1.203369e+00,1.184095e+00,1.301887e+00,1.260041e+00,1.192635e+00,1.087488e+00,1.137998e+00,1.191357e+00,1.306111e+00,1.172407e+00,9.615173e-01,1.186732e+00,1.149874e+00,1.075941e+00,1.075109e+00,1.008677e+01,1.533686e+00,1.186213e+00,1.259874e+00,1.531429e+00,1.754866e+00,1.256041e+00,1.971258e+00,1.136531e+00,1.079146e+00,1.550743e+00,1.086120e+00,1.210092e+00,1.580087e+00,1.122665e+00,1.255651e+00,1.159441e+00,1.227710e+00,1.130248e+00,1.146136e+00,1.172529e+00,1.250342e+00,1.093221e+00,1.156342e+00,1.103398e+00,1.216054e+00,1.252751e+00,1.289356e+00,1.170438e+00,1.324534e+00,1.197404e+00,1.087479e+00,1.249190e+00,1.423704e+00,1.096804e+00,1.108421e+00,1.013856e+00,1.340290e+00,1.033433e+00,1.237712e+00,1.124185e+00,1.275192e+00,1.260229e+00,1.187899e+00,1.284756e+00,1.160363e+00,1.245214e+00,1.055525e+00,1.204340e+00,1.367806e+00,1.140469e+00,1.107118e+00,1.146504e+00,1.155056e+00,1.247351e+00,1.479929e+00,1.391924e+00,1.255136e+00,1.118668e+00,1.071996e+00,1.589015e+00,1.769106e+00,1.193707e+00,1.367107e+00,1.278375e+00,1.157063e+00,1.162211e+00,1.222886e+00,1.320065e+00,1.125468e+00,1.178637e+00,1.054003e+00,1.496614e+00,1.274909e+00,1.209665e+00,1.194892e+00,1.096009e+00,1.241471e+00,1.147271e+00,6.284598e+00,1.106686e+00,1.142259e+00,1.165961e+00,1.245213e+00,9.729381e-01,1.494329e+00,1.218753e+00,1.215546e+00,1.646839e+00,1.155967e+00,1.322012e+00,1.136231e+00,1.158604e+00,1.199998e+00,1.353395e+00,1.409829e+00,1.114703e+00,1.206523e+00,1.109244e+00,1.187448e+00,4.552492e+00,1.476727e+00,1.230633e+00,1.113988e+00,1.198724e+00,1.172993e+00,1.666129e+00,1.100158e+00,1.432115e+00,1.490701e+00,1.485943e+00,4.588553e+00,1.241116e+00,1.192006e+00,1.119980e+00,1.113392e+00,1.216900e+00,1.021992e+00,1.050683e+00,1.067637e+00,4.021120e+00,1.584576e+00,1.552401e+00,1.385415e+00,1.437522e+00,7.308633e+00,1.056763e+00,1.141583e+00,9.590532e+00,1.318047e+00,1.204426e+00,1.259741e+00,1.171391e+00,1.169191e+00,1.348999e+00,1.253290e+00,1.167519e+00,1.168721e+00,1.086745e+00,1.232766e+00,1.236940e+00,1.277062e+00,1.336976e+00,1.032736e+00,1.118554e+00,1.152660e+00,9.987237e-01,9.887276e-01,1.085379e+00,1.209653e+00,1.206211e+00,1.094277e+00,1.151019e+00,1.135515e+00,1.201607e+00
1.184761e+00,1.136425e+00,1.199554e+00,1.230498e+00,1.108532e+00,1.222145e+00,1.301113e+00,1.120610e+00,1.111544e+00,1.079923e+00,1.198284e+00,1.068561e+00,1.160729e+00,1.187995e+00,1.108723e+00,1.080203e+00,1.124107e+00,1.184369e+00,1.169814e+00,1.201155e+00,1.322036e+00,1.232988e+00,1.120310e+00,1.188158e+00,1.198644e+00,1.186700e+00,1.202314e+00,1.036419e+00,1.123394e+00,1.038192e+00,1.271100e+00,1.176041e+00,1.135482e+00,1.107707e+00,1.362686e+00,1.219631e+00,1.063005e+00,1.173728e+00,1.137643e+00,1.272258e+00,1.148427e+00,1.126271e+00,1.088338e+00,1.047463e+00,1.361777e+00,1.203407e+00,1.271179e+00,5.840692e+00,1.417088e+00,1.278672e+00,1.254731e+00,9.521300e+00,1.290831e+00,1.434140e+00,1.665469e+00,1.369795e+00,1.135438e+00,1.180802e+00,1.084455e+00,1.179374e+00,1.443573e+00,1.145163e+00,1.130099e+00,1.316631e+00,1.871546e+00,3.000466e+00,6.975845e+00,1.262423e+00,1.004989e+00,1.102406e+00,1.111019e+00,1.376760e+00,1.518980e+00,1.652321e+00,1.216267e+00,9.625054e-01,1.342877e+00,1.073059e+00,1.316245e+00,1.319295e+00,1.248900e+00,1.127010e+00,1.191893e+00,1.069243e+00,1.106446e+00,1.202003e+00,1.085024e+00,1.201506e+00,1.192958e+00,1.183772e+00,1.114218e+00,1.057972e+00,1.307141e+00,1.207595e+00,1.170436e+00,1.120970e+00,1.216130e+00,1.179862e+00,1.226131e+00,1.081178e+00,1.253927e+00,1.131266e+00,1.258584e+00,1.263086e+00,1.170383e+00,1.162644e+00,1.211586e+00,1.142343e+00,1.135206e+00,1.232148e+00,1.302870e+00,1.179746e+00,1.184540e+00,1.181068e+00,1.159097e+00,1.125079e+00,1.431673e+00,1.242471e+00,1.786671e+00,nan,4.612821e+00,4.501367e+00,1.625323e+00,1.946147e+00,1.208428e+00,1.187817e+00,1.234117e+00,1.072609e+00,1.067590e+00,1.542592e+00,1.162746e+00,1.187462e+00,1.367813e+00,1.237500e+00,1.183618e+00,1.386721e+00,1.129504e+00,1.016717e+00,1.037068e+00,1.188322e+00,1.323494e+00,1.096497e+00,1.425609e+00,1.262202e+00,1.270280e+00,1.596571e+00,1.115468e+00,1.304693e+00,1.154460e+00,1.167434e+00,1.147550e+00,1.332690e+00,1.192108e+00,1.142307e+00,1.199655e+00,1.186439e+00,1.238596e+00,1.168612e+00,1.339833e+00,1.141516e+00,1.152738e+00,1.436615e+00,1.198322e+00,1.696349e+00,1.210954e+00,1.175433e+00,1.917635e+00,1.361058e+00,1.630086e+00,1.273856e+00,1.161991e+00,1.181630e+00,1.124565e+00,1.198364e+00,1.222861e+00,1.438173e+00,1.277963e+00,1.058630e+00,1.155378e+00,1.229381e+00,1.524583e+00,1.565486e+00,1.215020e+00,1.498258e+00,1.224522e+00,1.460850e+00,9.530575e+00,1.247866e+00,1.004276e+00,1.288070e+00,1.313240e+00,1.377414e+00,1.476901e+00,1.084644e+00,1.179474e+00,1.089179e+00,1.122436e+00,1.082006e+00,1.168671e+00,1.085965e+00,1.273246e+00,1.290372e+00,1.269963e+00,1.356657e+00,1.203300e+00,1.193951e+00,1.127646e+00,1.204092e+00,1.165640e+00,1.086313e+00,1.313245e+00,9.907950e-01,1.184756e+00,1.067631e+00,1.118610e+00
1.084653e+00,1.025772e+00,1.106567e+00,1.050586e+00,1.016731e+00,1.122363e+00,1.201102e+00,1.031534e+00,1.152914e+00,1.168466e+00,1.058258e+00,1.166243e+00,1.124134e+00,1.115604e+00,1.096540e+00,1.088321e+00,1.109890e+00,1.240758e+00,1.146056e+00,1.148231e+00,1.126638e+00,1.100892e+00,1.170623e+00,1.087706e+00,1.215433e+00,1.089341e+00,1.302435e+00,1.127430e+00,1.416627e+00,1.370895e+00,1.623694e+00,1.184768e+00,1.211092e+00,1.122064e+00,1.041866e+01,2.042337e+00,1.355556e+00,1.403979e+00,1.053118e+00,1.230088e+00,1.172430e+00,1.118926e+00,1.164945e+00,1.189915e+00,2.005113e+00,1.320570e+00,1.234157e+00,1.416556e+00,1.216596e+00,1.204217e+00,1.067313e+00,1.174162e+00,1.669002e+00,1.186450e+00,1.289779e+00,1.347917e+00,1.011651e+00,1.518049e+00,1.252286e+00,9.450982e+00,1.060282e+00,1.103382e+00,1.258756e+00,1.232758e+00,1.696580e+00,1.212573e+00,1.176820e+00,2.046182e+00,1.082784e+00,1.127209e+00,1.794359e+00,1.625236e+00,1.124982e+00,1.283099e+00,1.305850e+00,1.063861e+00,1.268824e+00,1.113387e+00,1.180334e+00,1.067858e+00,1.095633e+00,1.127951e+00,1.158447e+00,9.917714e-01,9.912447e-01,1.400325e+00,1.124600e+00,1.058967e+00,1.223661e+00,1.019043e+00,1.130343e+00,1.163490e+00,1.218812e+00,1.129076e+00,1.089893e+00,1.245983e+00,1.225066e+00,1.075856e+00,1.181057e+00,1.090617e+00,1.122340e+00,1.065460e+00,1.119283e+00,1.128391e+00,1.170828e+00,1.114766e+00,1.073601e+00,1.204607e+00,1.306349e+00,1.100322e+00,1.169763e+00,1.282638e+00,1.108708e+00,1.180366e+00,1.235715e+00,1.346409e+00,1.517397e+00,1.086796e+00,1.191060e+00,nan,1.215348e+00,1.814730e+00,1.607308e+00,1.367380e+00,1.150439e+00,1.379682e+00,1.208707e+00,1.186982e+00,1.209170e+00,1.208718e+00,1.470313e+00,1.207356e+00,1.513704e+00,1.165346e+00,1.861264e+00,1.180412e+00,1.100219e+00,1.228990e+00,3.041161e+00,1.160132e+00,1.199042e+00,1.189902e+00,1.156234e+00,1.285103e+00,1.286172e+00,1.208883e+00,1.118382e+00,1.068903e+00,1.337363e+00,1.327568e+00,1.249194e+00,1.151848e+00,1.054709e+00,1.260615e+00,1.182287e+00,1.181702e+00,1.379081e+00,1.077496e+00,1.241729e+00,1.179131e+00,1.912586e+00,1.196388e+00,1.042210e+00,1.357778e+00,1.506907e+00,7.774527e+00,1.746866e+00,1.394409e+00,1.295199e+00,1.701574e+00,9.431112e+00,1.779113e+00,1.146637e+00,1.202991e+00,1.059130e+00,1.437324e+00,1.194836e+00,1.117573e+00,9.997529e-01,1.150132e+00,1.468665e+00,1.544625e+00,1.219849e+00,6.705042e+00,1.954176e+00,1.066138e+00,1.078568e+00,1.284101e+00,1.063764e+00,3.588810e+00,1.250451e+00,1.206807e+00,1.184953e+00,1.149672e+00,1.091055e+00,1.179076e+00,1.179731e+00,1.045626e+00,1.188563e+00,1.223638e+00,1.096341e+00,8.826081e+00,1.040014e+00,1.187110e+00,1.220820e+00,1.156676e+00,1.084780e+00,1.070223e+00,1.046107e+00,1.190659e+00,1.120221e+00,1.318670e+00,1.206939e+00,1.273314e+00,1.128307e+00
1.116252e+00,1.225425e+00,1.210040e+00,1.216858e+00,1.118887e+00,1.290502e+00,1.162876e+00,1.274947e+00,1.364225e+00,1.089158e+00,1.212156e+00,1.177721e+00,1.247979e+00,1.163941e+00,1.097975e+00,1.275083e+00,1.178420e+00,1.267433e+00,1.171184e+00,1.135382e+00,1.602275e+00,1.083188e+00,1.096283e+00,1.108199e+00,1.063478e+00,1.182365e+00,1.042068e+00,1.146672e+00,1.195171e+00,1.091940e+00,1.077729e+00,1.589864e+00,1.143676e+00,1.275102e+00,1.606686e+00,1.178171e+00,1.349279e+00,1.086114e+00,1.322081e+00,1.246925e+00,1.252743e+00,1.207252e+00,1.549900e+00,1.443135e+00,1.641742e+00,1.281503e+00,1.238122e+00,1.322134e+00,1.157622e+00,1.341132e+00,1.244353e+00,1.250548e+00,1.612130e+00,1.191898e+00,1.339672e+00,1.173242e+00,1.270115e+00,1.191107e+00,1.199430e+00,1.147404e+00,1.024371e+00,1.159117e+00,1.119157e+00,1.629534e+00,1.420258e+00,1.864159e+00,1.709962e+00,1.130174e+00,1.516317e+00,1.307064e+00,1.170574e+00,1.601337e+00,1.375890e+00,1.057192e+00,1.156974e+00,1.047331e+00,1.349390e+00,1.170335e+00,1.191309e+00,1.297497e+00,1.275004e+00,1.034643e+00,1.102827e+00,1.035731e+00,1.124230e+00,1.182598e+00,1.294227e+00,1.173642e+00,1.085690e+00,1.055784e+00,1.194436e+00,1.246356e+00,1.342096e+00,1.088772e+00,1.086170e+00,1.046368e+00,1.285147e+00,1.233393e+00,1.154161e+00,1.323124e+00,1.109828e+00,1.251970e+00,1.157934e+00,1.097872e+00,1.243148e+00,1.316733e+00,1.131663e+00,1.067639e+00,1.061445e+00,1.096758e+00,1.177856e+00,1.163065e+00,1.324012e+00,1.199397e+00,1.142834e+00,1.373585e+00,1.298006e+00,1.740475e+00,9.492916e+00,nan,4.102673e+00,1.259016e+00,1.049816e+00,1.195079e+00,1.270626e+00,1.133734e+00,1.218050e+00,1.122187e+00,1.171875e+00,1.109472e+00,1.218454e+00,1.645453e+00,1.711671e+00,1.434285e+00,1.065996e+00,3.586430e+00,1.121563e+00,1.288431e+00,1.190314e+00,1.842385e+00,1.007109e+00,1.274054e+00,1.120604e+00,1.184713e+00,1.275665e+00,1.150851e+00,1.134157e+00,1.114701e+00,1.150364e+00,1.080960e+00,1.093155e+00,1.148496e+00,1.283710e+00,1.102882e+00,1.144863e+00,1.208499e+00,1.289500e+00,1.143499e+00,1.363594e+00,1.612768e+00,1.241963e+00,1.235415e+00,1.228465e+00,1.689993e+00,1.989148e+00,8.052476e+00,1.150471e+00,1.482165e+00,1.483154e+00,1.680337e+00,1.272737e+00,1.094031e+00,nan,1.588042e+00,1.111814e+00,1.272806e+00,1.248590e+00,1.322083e+00,1.128426e+00,1.269303e+00,1.386903e+00,6.245202e+00,1.337419e+00,1.637897e+00,1.097875e+00,1.300065e+00,1.120698e+00,1.396723e+00,1.806800e+00,1.162077e+00,3.584859e+00,4.885883e+00,1.198666e+00,1.047952e+00,1.171843e+00,1.018154e+00,1.070113e+00,1.216799e+00,1.154259e+00,1.106542e+00,1.503246e+00,1.166771e+00,1.759171e+00,1.005648e+00,1.329686e+00,1.164484e+00,1.159244e+00,1.136347e+00,1.198166e+00,1.090030e+00,1.086726e+00,1.290980e+00,1.273682e+00,9.605332e-01,1.259650e+00
1.110801e+00,1.119114e+00,1.237829e+00,1.167926e+00,1.106741e+00,1.078767e+00,1.181032e+00,1.129639e+00,9.289169e-01,1.235795e+00,1.052090e+00,1.210048e+00,1.254639e+00,1.185341e+00,1.198653e+00,1.146523e+00,1.232157e+00,1.209582e+00,1.155741e+00,1.174029e+00,1.182796e+00,1.140826e+00,1.194940e+00,1.210407e+00,1.145267e+00,1.220155e+00,1.183566e+00,1.147605e+00,1.078108e+00,1.377006e+00,1.103050e+00,1.355021e+00,1.217108e+00,1.291814e+00,1.005866e+01,1.449332e+00,1.093827e+00,1.175155e+00,1.189937e+00,1.129672e+00,1.595999e+00,1.338423e+00,1.187404e+00,1.243620e+00,1.215503e+00,1.067927e+00,1.201848e+00,1.191921e+00,1.315111e+00,1.482473e+00,1.121440e+00,1.258686e+00,1.263439e+00,1.085654e+00,1.526474e+00,1.253920e+00,1.496312e+00,1.589049e+00,5.633349e+00,1.041951e+00,1.324079e+00,1.192225e+00,1.041624e+01,7.399559e+00,1.210132e+00,1.560111e+00,1.519818e+00,1.494634e+00,1.140528e+00,1.099171e+00,1.251947e+00,1.170482e+00,1.263745e+00,1.200745e+00,1.724270e+00,1.137600e+00,1.162645e+00,1.132523e+00,1.275360e+00,1.256591e+00,1.214264e+00,1.272316e+00,1.151273e+00,1.187732e+00,1.231276e+00,1.299458e+00,1.417950e+00,1.171602e+00,1.377341e+00,1.357307e+00,1.293443e+00,1.177022e+00,1.103022e+00,1.529204e+00,1.157270e+00,1.204601e+00,1.558367e+00,1.288993e+00,1.343026e+00,1.222480e+00,1.195806e+00,1.145861e+00,1.404261e+00,1.127076e+00,1.140659e+00,1.099260e+00,1.174359e+00,1.196844e+00,1.292313e+00,1.302685e+00,1.310984e+00,1.160544e+00,1.220136e+00,1.188557e+00,1.178888e+00,1.277343e+00,1.107390e+00,1.830003e+00,1.980024e+00,1.360439e+00,1.174471e+00,1.123568e+00,1.226680e+00,1.234601e+00,1.196065e+00,1.211414e+00,1.249008e+00,1.227306e+00,1.348184e+00,1.077671e+00,1.383385e+00,1.115757e+00,1.345153e+00,1.150540e+00,1.105131e+00,1.602620e+00,1.525877e+00,1.310685e+00,1.196495e+00,1.435035e+00,1.293301e+00,1.034069e+00,1.112131e+00,1.125652e+00,1.266834e+00,1.050764e+00,1.087570e+00,1.126206e+00,1.070816e+00,1.146301e+00,1.390919e+00,1.282911e+00,1.150637e+00,1.227404e+00,1.107780e+00,1.224826e+00,1.348778e+00,1.320855e+00,1.194732e+00,1.353844e+00,1.239586e+00,1.081595e+00,1.254113e+00,4.046174e+00,1.242540e+00,8.034993e+00,1.535355e+00,1.639372e+00,5.220331e+00,5.152605e+00,1.414869e+00,1.391487e+00,1.139719e+00,1.199379e+00,1.703729e+00,1.236231e+00,1.256910e+00,1.149083e+00,1.231478e+00,1.491734e+00,1.100954e+00,1.055821e+00,3.398818e+00,1.201028e+00,1.797193e+00,1.241610e+00,1.071062e+00,1.807166e+00,3.722335e+00,1.182455e+00,1.579670e+00,1.352583e+00,1.424097e+00,1.504490e+00,1.248161e+00,1.190099e+00,1.230806e+00,1.306527e+00,1.195478e+00,1.127241e+00,1.232088e+00,1.209566e+00,1.404801e+00,1.131918e+00,1.279046e+00,1.261696e+00,1.035058e+00,1.045619e+00,1.219227e+00,1.149337e+00,1.129192e+00,1.192048e+00,1.108015e+00,1.201432e+00,1.065508e+00
1.153955e+00,1.333664e+00,1.191281e+00,1.248681e+00,1.234055e+00,1.239520e+00,1.298238e+00,1.350518e+00,1.147241e+00,1.185083e+00,1.092977e+00,1.461325e+00,1.254914e+00,1.189521e+00,1.282313e+00,1.148927e+00,1.226536e+00,1.238502e+00,1.291723e+00,1.122017e+00,1.194040e+00,1.060578e+00,1.087011e+00,1.148213e+00,1.198015e+00,1.268744e+00,1.109625e+00,1.159294e+00,1.212099e+00,1.086280e+00,1.605765e+00,1.328571e+00,1.129150e+00,1.210472e+00,1.280899e+00,1.088758e+00,1.287720e+00,1.226335e+00,1.143466e+00,1.197586e+00,1.120884e+00,1.071895e+00,1.597013e+00,1.122091e+00,1.343451e+00,1.496218e+00,1.517242e+00,1.303762e+00,1.251470e+00,1.001535e+00,1.164761e+00,1.710752e+00,1.056332e+00,1.073964e+00,1.099090e+00,6.491468e+00,1.151065e+00,1.685473e+00,1.080133e+00,1.142760e+00,1.197882e+00,1.171840e+00,2.052293e+00,1.552845e+00,1.248927e+00,1.080896e+00,1.418478e+00,1.143174e+00,1.151349e+00,1.063541e+00,1.089188e+00,1.526060e+00,1.484277e+00,1.341266e+00,1.278875e+00,1.185994e+00,1.092723e+00,1.197194e+00,1.271368e+00,1.031895e+00,1.177325e+00,1.240746e+00,1.348886e+00,1.189929e+00,9.905297e-01,1.018928e+00,1.291112e+00,1.262925e+00,1.130874e+00,1.233298e+00,1.224947e+00,1.352345e+00,1.354410e+00,1.324669e+00,1.189592e+00,1.182693e+00,1.259698e+00,1.357339e+00,1.494756e+00,1.144024e+00,1.094198e+00,1.145048e+00,1.122639e+00,1.120699e+00,1.258908e+00,1.323925e+00,1.089018e+00,1.112867e+00,1.210146e+00,1.052302e+00,1.155663e+00,1.311132e+00,1.414945e+00,1.155763e+00,1.044325e+00,1.277866e+00,1.108297e+00,1.290080e+00,1.821971e+00,1.117189e+00,1.411227e+00,1.817935e+00,1.252194e+00,1.182167e+00,1.321625e+00,1.095689e+00,1.230290e+00,1.298320e+00,1.327625e+00,1.213116e+00,1.298049e+00,1.736836e+00,1.280430e+00,1.263850e+00,1.307258e+00,1.210791e+00,1.034452e+00,1.047523e+00,1.149630e+00,1.304365e+00,1.444516e+00,1.210553e+00,1.731626e+00,1.035757e+00,1.259399e+00,1.262418e+00,1.281731e+00,1.242107e+00,1.070533e+00,1.273033e+00,1.322480e+00,1.240264e+00,1.109479e+00,1.769758e+00,1.342331e+00,1.166569e+00,1.175410e+00,1.160625e+00,1.231855e+00,1.247570e+00,1.369447e+00,1.173706e+00,1.094416e+00,1.244271e+00,1.438693e+00,1.174269e+00,1.251767e+00,1.573863e+00,1.190776e+00,2.317570e+00,2.640415e+00,1.061797e+00,1.575785e+00,1.157112e+00,1.359650e+00,1.166549e+00,1.225670e+00,1.429151e+00,1.224430e+00,1.734957e+00,1.074331e+00,2.075409e+00,4.896155e+00,1.196812e+00,1.076655e+00,1.678529e+00,1.244724e+00,1.733909e+00,1.149146e+00,1.351412e+00,1.461949e+00,1.272386e+00,1.138256e+00,1.109354e+00,1.207118e+00,1.243705e+00,1.242167e+00,1.212967e+00,1.210159e+00,1.204165e+00,1.603809e+00,1.036647e+01,1.205533e+00,1.437660e+00,1.333175e+00,1.241567e+00,1.106083e+00,1.095050e+00,1.139692e+00,1.291490e+00,1.140360e+00,1.248969e+00,1.214825e+00,1.022364e+00,1.110673e+00
1.245221e+00,1.437084e+00,1.348668e+00,1.265401e+00,1.299925e+00,1.176468e+00,1.109806e+00,1.278216e+00,1.246316e+00,1.339706e+00,1.093677e+00,1.225917e+00,1.248148e+00,1.019564e+00,1.112915e+00,1.229615e+00,1.105141e+00,1.176402e+00,1.149215e+00,1.250658e+00,1.174242e+00,1.029787e+00,1.225785e+00,1.185313e+00,1.229961e+00,1.140918e+00,1.200920e+00,1.139115e+00,1.058765e+00,1.074851e+00,1.323918e+00,1.137299e+00,1.281407e+00,1.070908e+00,1.445660e+00,1.180362e+00,1.181884e+00,1.160621e+00,1.594996e+00,1.649396e+00,1.393152e+00,1.417444e+00,1.309494e+00,1.245293e+00,1.015999e+00,1.416913e+00,1.200469e+00,1.172574e+00,1.693123e+00,1.210237e+00,1.088741e+00,1.309307e+00,1.183314e+00,1.204532e+00,1.622841e+00,1.116376e+00,1.613983e+00,1.168783e+00,1.126012e+00,1.106434e+00,1.223959e+00,1.063554e+00,1.634208e+00,1.061451e+00,1.509441e+00,1.619348e+00,1.318875e+00,1.265939e+00,1.093811e+00,1.187544e+00,1.272956e+00,1.407510e+00,1.327377e+00,1.121784e+00,1.197279e+00,1.016062e+00,1.161061e+00,1.111468e+00,1.348956e+00,1.312999e+00,1.310169e+00,1.333278e+00,1.128986e+00,1.337253e+00,1.217145e+00,1.149149e+00,1.109077e+00,1.276860e+00,1.276957e+00,1.125912e+00,1.241046e+00,1.169836e+00,1.650137e+00,1.159285e+00,1.181070e+00,1.293505e+00,1.198512e+00,1.633927e+00,1.280203e+00,1.310420e+00,1.153090e+00,1.249510e+00,1.163520e+00,1.275795e+00,1.246693e+00,1.117610e+00,1.223140e+00,1.257078e+00,1.266846e+00,1.383583e+00,1.293785e+00,1.202285e+00,1.143720e+00,1.229991e+00,1.271418e+00,1.271164e+00,1.283445e+00,1.135874e+00,1.277589e+00,3.624179e+00,1.192407e+00,1.269002e+00,1.190406e+00,1.282678e+00,1.177178e+00,1.447401e+00,1.226559e+00,1.187687e+00,1.245755e+00,1.292168e+00,1.236889e+00,1.263767e+00,1.195433e+00,1.265881e+00,1.029729e+00,1.081170e+00,1.746110e+00,1.112523e+00,1.453148e+00,1.845182e+00,1.290547e+00,1.190562e+00,1.272521e+00,1.142576e+00,1.155665e+00,1.366716e+00,1.851629e+00,1.134051e+00,1.168696e+00,1.270654e+00,1.628055e+00,1.102152e+00,1.347182e+00,1.276849e+00,1.197638e+00,1.215767e+00,1.214194e+00,1.204696e+00,1.374777e+00,1.246201e+00,6.463524e+00,1.108783e+00,1.085660e+00,1.264940e+00,1.738430e+00,1.220660e+00,1.122328e+00,1.506298e+00,1.858779e+00,1.826527e+00,1.137179e+00,1.256786e+00,3.318418e+00,1.490886e+00,1.642660e+00,1.162401e+00,1.358521e+00,1.135803e+00,1.127545e+00,2.163617e+00,1.898465e+00,1.238534e+00,1.667306e+00,1.097890e+00,1.975430e+00,1.182585e+00,1.332917e+00,1.090274e+00,1.195925e+00,1.563714e+00,1.172642e+00,1.146089e+00,1.413473e+00,1.112084e+00,1.270954e+00,1.146642e+00,1.438540e+00,1.224153e+00,1.121311e+00,1.074343e+00,1.296745e+00,1.831741e+00,1.186933e+00,1.139438e+00,1.244939e+00,1.368971e+00,1.247793e+00,1.142647e+00,1.225877e+00,1.207919e+00,1.151172e+00,1.146056e+00,1.217438e+00,1.239261e+00,1.222410e+00
1.196115e+00,1.126697e+00,1.228873e+00,1.345991e+00,1.089852e+00,1.241248e+00,1.208530e+00,1.315156e+00,1.261063e+00,1.253571e+00,1.285137e+00,1.540986e+00,1.156977e+00,1.252785e+00,1.243103e+00,1.101494e+00,1.153583e+00,1.134548e+00,1.297414e+00,1.296351e+00,1.085221e+00,1.302204e+00,1.099570e+00,1.262955e+00,1.385085e+00,1.215751e+00,1.260161e+00,1.263905e+00,1.012959e+00,1.310892e+00,1.700609e+00,1.374208e+00,1.417976e+00,1.134166e+00,1.139749e+00,1.177158e+00,1.278016e+00,1.120069e+00,1.216682e+00,1.252980e+00,1.194322e+00,1.289003e+00,1.080143e+00,1.713424e+00,1.362184e+00,1.322871e+00,1.203356e+00,1.121743e+00,1.150352e+00,1.197704e+00,1.424137e+00,1.224747e+00,1.477221e+00,1.222853e+00,1.272130e+00,1.188827e+00,1.740116e+00,1.333066e+00,1.252939e+00,1.218893e+00,1.675446e+00,1.116093e+00,1.422698e+00,1.167773e+00,1.942104e+00,1.231713e+00,2.046932e+00,1.296921e+00,1.174408e+00,1.213483e+00,1.379756e+00,1.282611e+00,1.254748e+00,1.452144e+00,1.162928e+00,1.128343e+00,1.417495e+00,1.058951e+00,1.087260e+00,1.287366e+00,1.173322e+00,1.488359e+00,1.276303e+00,1.329369e+00,1.185502e+00,1.291165e+00,1.237377e+00,1.200930e+00,1.246293e+00,1.153558e+00,1.419231e+00,1.395535e+00,1.008468e+00,1.250844e+00,1.241338e+00,1.770072e+00,1.342323e+00,1.205032e+00,1.264122e+00,1.190431e+00,1.296364e+00,1.176706e+00,1.199701e+00,1.328626e+00,1.156757e+00,1.206599e+00,1.276746e+00,1.141398e+00,1.231032e+00,1.170912e+00,1.340878e+00,1.300077e+00,1.195607e+00,1.137032e+00,1.235054e+00,1.222239e+00,1.136102e+00,1.282831e+00,1.202342e+00,5.936511e+00,1.111150e+00,1.354752e+00,1.251089e+00,1.281076e+00,1.051854e+00,1.264893e+00,1.148009e+00,1.457995e+00,1.238596e+00,1.324981e+00,1.178802e+00,1.242570e+00,1.257247e+00,1.202692e+00,1.062124e+00,1.337968e+00,1.748088e+00,1.542232e+00,1.775398e+00,1.850863e+00,1.203920e+00,1.375301e+00,1.221438e+00,1.240655e+00,1.758735e+00,1.267590e+00,1.459070e+00,1.269685e+00,1.270064e+00,1.265222e+00,1.242742e+00,1.260962e+00,1.237701e+00,1.370133e+00,1.109753e+00,1.113794e+00,1.372995e+00,1.398955e+00,1.386393e+00,1.422077e+00,nan,1.707552e+00,1.178801e+00,1.313006e+00,1.921236e+00,1.875947e+00,1.350430e+00,nan,1.406971e+00,2.050315e+00,1.379001e+00,1.190047e+00,1.220289e+00,1.131401e+00,1.226269e+00,1.213856e+00,1.165272e+00,1.258979e+00,1.244889e+00,1.118334e+00,1.113947e+00,1.431684e+00,1.248778e+00,1.192500e+00,1.499822e+00,1.632520e+00,1.901156e+00,1.382502e+00,1.415823e+00,1.223066e+00,1.333672e+00,1.082419e+00,1.247582e+00,1.323263e+00,1.279424e+00,1.275404e+00,1.047685e+00,1.430094e+00,1.249024e+00,1.280833e+00,1.171929e+00,1.520368e+00,1.331759e+00,1.349977e+00,1.157831e+00,1.091328e+00,1.187859e+00,1.258604e+00,1.295436e+00,1.317544e+00,1.207520e+00,1.217622e+00,1.239242e+00,1.255809e+00,1.390517e+00
1.347533e+00,1.214842e+00,1.108607e+00,1.145978e+00,1.184629e+00,1.182776e+00,1.212161e+00,1.196961e+00,1.065445e+00,1.321098e+00,1.077835e+00,1.284487e+00,1.248982e+00,1.254124e+00,1.227360e+00,1.289622e+00,1.261600e+00,9.798661e-01,1.246186e+00,1.189155e+00,1.071067e+00,1.322569e+00,1.153745e+00,1.206328e+00,1.243181e+00,1.179825e+00,1.299313e+00,1.237240e+00,1.130722e+00,1.354785e+00,1.228571e+00,6.013236e+00,1.270895e+00,1.243182e+00,1.271443e+00,1.143338e+00,1.263091e+00,1.399294e+00,1.257511e+00,1.262375e+00,1.125355e+00,1.235993e+00,1.893231e+00,1.148225e+00,1.564068e+00,2.078392e+00,1.263801e+00,1.216596e+00,1.113262e+00,1.742489e+00,1.293287e+00,1.300761e+00,1.386721e+00,1.324579e+00,1.688311e+00,1.144419e+00,1.138522e+00,1.291288e+00,1.205939e+00,1.077333e+00,1.222328e+00,1.206443e+00,1.236386e+00,1.317714e+00,1.066440e+00,1.372910e+00,1.382052e+00,1.375598e+00,1.173364e+00,1.377689e+00,1.210937e+00,1.948657e+00,1.163411e+00,1.417996e+00,1.165706e+00,1.322788e+00,1.095281e+00,1.206782e+00,1.241105e+00,1.139766e+00,1.290299e+00,1.292975e+00,1.303067e+00,1.353484e+00,1.294823e+00,1.340730e+00,1.360374e+00,1.707371e+00,1.233242e+00,1.179413e+00,1.448086e+00,1.482654e+00,2.083256e+00,2.265778e+00,1.356064e+00,1.023728e+01,1.908332e+00,1.467594e+00,1.135281e+00,1.754288e+00,1.230477e+00,1.166463e+00,1.581602e+00,1.095290e+00,1.196442e+00,1.237900e+00,1.389917e+00,1.226257e+00,1.261379e+00,1.529076e+00,1.256615e+00,1.426209e+00,1.181448e+00,1.251684e+00,1.055595e+00,1.187034e+00,1.161384e+00,1.450540e+00,1.269503e+00,1.129587e+00,1.096928e+00,1.406123e+00,1.226730e+00,1.173793e+00,1.226765e+00,1.067109e+00,1.271842e+00,1.084317e+00,1.153096e+00,1.096737e+00,1.163881e+00,1.237018e+00,1.064566e+00,1.311847e+00,1.180599e+00,1.247454e+00,1.214597e+00,1.103051e+00,1.246072e+00,1.123294e+00,1.169547e+00,1.139175e+00,1.089879e+00,1.348339e+00,1.264816e+00,1.181298e+00,1.195119e+00,1.276299e+00,1.232093e+00,2.190222e+00,1.282641e+00,1.184858e+00,1.310639e+00,1.269439e+00,1.145844e+00,1.237700e+00,1.251102e+00,1.033327e+01,nan,1.399116e+00,1.106453e+00,1.478900e+00,1.291548e+00,1.238835e+00,1.219177e+00,1.341878e+00,1.230253e+00,1.281015e+00,1.176221e+00,1.255400e+00,1.684967e+00,1.493288e+00,1.150073e+00,1.266551e+00,1.212388e+00,1.072817e+00,1.186804e+00,1.396298e+00,1.287027e+00,1.067356e+00,1.194100e+00,1.101583e+00,1.764704e+00,1.196114e+00,1.224679e+00,1.174340e+00,1.150433e+00,1.205061e+00,1.194407e+00,1.098046e+00,1.627920e+00,1.113061e+00,1.279199e+00,1.674255e+00,1.251534e+00,1.321433e+00,1.150464e+00,1.251965e+00,1.297260e+00,1.163583e+00,1.584366e+00,1.128507e+00,1.117809e+00,1.316588e+00,1.399001e+00,1.215385e+00,1.259898e+00,1.166764e+00,1.121155e+00,1.201863e+00,1.230458e+00,1.320772e+00,1.299414e+00,1.098699e+00,1.136188e+00
1.400534e+00,1.217587e+00,1.445753e+00,1.237050e+00,1.310486e+00,1.508390e+00,1.280800e+00,1.161800e+00,1.251279e+00,1.345066e+00,1.127655e+00,1.292519e+00,1.213724e+00,1.071269e+00,1.231616e+00,1.282357e+00,1.340844e+00,1.072466e+00,1.232549e+00,1.161641e+00,1.310029e+00,1.237127e+00,1.334568e+00,1.226864e+00,1.173605e+00,1.240710e+00,1.298760e+00,1.278011e+00,1.163854e+00,1.264782e+00,1.134395e+00,1.168759e+00,1.315849e+00,1.274732e+00,1.148623e+00,1.058472e+00,1.270244e+00,1.288333e+00,1.565473e+00,1.166511e+00,1.257395e+00,1.299542e+00,1.227947e+00,1.263696e+00,1.064456e+00,1.141067e+00,1.126298e+00,1.237367e+00,1.186946e+00,1.330915e+00,1.361518e+00,1.230442e+00,1.184587e+00,1.342205e+00,1.161804e+00,1.178020e+00,1.105272e+00,1.169881e+00,1.388324e+00,1.206048e+00,1.304194e+00,1.564185e+00,1.180932e+00,1.185261e+00,1.921841e+00,1.418416e+00,2.856813e+00,1.756578e+00,1.185436e+00,1.175062e+00,1.110169e+00,1.250948e+00,1.324861e+00,1.312652e+00,1.254774e+00,1.177512e+00,1.242980e+00,1.243481e+00,1.240152e+00,1.188474e+00,1.209914e+00,1.394196e+00,1.200479e+00,7.312486e+00,1.217621e+00,1.343407e+00,1.253499e+00,1.176006e+00,1.137296e+00,1.272639e+00,nan,2.113134e+00,1.226493e+00,9.575620e+00,2.272576e+00,1.933938e+00,4.324265e+00,1.123851e+00,1.355512e+00,1.192627e+00,1.222773e+00,1.195963e+00,1.676959e+00,1.350200e+00,1.135531e+00,1.144961e+00,1.309244e+00,1.116594e+00,1.076398e+00,1.116524e+00,1.256261e+00,1.199051e+00,1.073212e+00,1.126031e+00,9.219255e-01,1.332098e+00,1.274254e+00,1.242046e+00,2.515651e+00,1.150506e+00,1.202730e+00,1.455486e+00,1.231186e+00,1.221946e+00,1.229727e+00,1.210543e+00,1.109508e+00,1.076383e+00,1.110546e+00,1.147700e+00,1.143751e+00,1.136577e+00,1.050887e+00,1.201298e+00,1.300436e+00,1.292419e+00,1.284068e+00,1.740149e+00,1.335844e+00,1.130950e+00,1.186281e+00,1.507898e+00,1.176877e+00,1.216231e+00,1.216558e+00,1.195326e+00,1.216155e+00,1.425567e+00,1.157263e+00,1.256334e+00,1.319435e+00,1.319130e+00,1.229173e+00,1.122917e+00,1.225499e+00,1.201303e+00,1.453914e+00,2.532282e+00,1.740922e+00,1.325579e+00,4.507586e+00,1.380936e+00,1.215940e+00,1.514573e+00,1.462342e+00,1.956296e+00,1.145219e+00,1.298977e+00,1.126122e+00,1.570291e+00,1.477911e+00,1.256349e+00,1.050134e+00,1.127590e+00,1.188105e+00,1.175071e+00,1.184795e+00,1.147700e+00,1.064308e+00,1.152664e+00,1.612195e+00,1.771990e+00,1.401571e+00,1.322053e+00,1.228005e+00,1.741060e+00,1.165221e+00,1.200253e+00,4.354203e+00,1.974228e+00,1.183390e+00,1.185206e+00,1.108261e+00,1.113289e+00,1.162829e+00,1.100118e+00,1.139995e+00,1.203990e+00,1.453858e+00,1.215018e+00,1.328078e+00,1.374308e+00,1.124909e+00,1.328364e+00,1.242400e+00,1.098079e+00,1.216291e+00,1.204524e+00,1.238454e+00,1.264140e+00,1.282942e+00,1.205570e+00,1.182691e+00,1.274960e+00,1.154739e+00
1.235636e+00,1.180955e+00,1.138127e+00,1.215999e+00,1.157545e+00,1.329523e+00,1.170173e+00,1.220112e+00,1.221025e+00,1.304012e+00,1.234519e+00,1.231389e+00,1.222917e+00,1.278169e+00,1.383614e+00,1.170742e+00,1.135219e+00,1.136154e+00,1.078431e+00,1.211439e+00,1.196731e+00,1.150873e+00,1.253650e+00,1.147309e+00,1.319510e+00,1.154740e+00,1.181682e+00,1.097825e+00,1.207402e+00,1.267921e+00,1.172360e+00,1.209267e+00,1.280774e+00,1.269407e+00,1.224358e+00,1.265219e+00,1.165513e+00,1.170146e+00,1.932412e+00,1.286929e+00,1.263255e+00,1.256069e+00,1.334748e+00,1.226564e+00,1.198432e+00,1.344976e+00,1.270959e+00,1.228992e+00,1.287078e+00,1.914093e+00,1.348043e+00,1.225267e+00,1.171434e+00,1.132845e+00,1.100492e+00,1.142638e+00,1.325885e+00,1.344241e+00,1.203929e+00,2.382166e+00,1.428351e+00,1.680062e+00,1.993800e+00,1.569455e+00,1.247589e+00,1.393270e+00,1.198223e+00,1.272936e+00,1.320411e+00,1.361944e+00,1.429369e+00,1.101064e+00,1.442760e+00,1.165054e+00,1.075575e+00,1.343286e+00,1.189650e+00,1.280261e+00,1.125410e+00,1.890650e+00,1.871268e+00,1.359506e+00,1.199917e+00,1.884192e+00,1.458555e+00,1.178448e+00,2.030066e+00,1.004242e+01,1.172783e+00,1.384342e+00,1.237027e+00,nan,1.019830e+01,1.539520e+00,1.191494e+00,1.653609e+00,2.004574e+00,1.419555e+00,1.122897e+00,1.307206e+00,2.290750e+00,1.475282e+00,1.238575e+00,1.317072e+00,1.608191e+00,1.247516e+00,1.155847e+00,1.250246e+00,1.290792e+00,1.115843e+00,1.197612e+00,1.143111e+00,1.218060e+00,1.174535e+00,1.200615e+00,1.390557e+00,1.215918e+00,1.315369e+00,1.173066e+00,1.956433e+00,1.211825e+00,1.284951e+00,1.261612e+00,1.041060e+00,1.187331e+00,1.810965e+00,1.246933e+00,1.208667e+00,1.001307e+00,1.311198e+00,1.270825e+00,1.436952e+00,1.145673e+00,1.250804e+00,1.116191e+00,1.389728e+00,1.249084e+00,1.368181e+00,1.228777e+00,1.151825e+00,1.346849e+00,1.205976e+00,1.349907e+00,1.263514e+00,1.233310e+00,1.312236e+00,1.419477e+00,1.270318e+00,1.240425e+00,1.409775e+00,1.334740e+00,1.317481e+00,1.631628e+00,1.353483e+00,1.308194e+00,1.296067e+00,1.533993e+00,1.245431e+00,3.481832e+00,1.287589e+00,1.409387e+00,1.420881e+00,1.784382e+00,1.265003e+00,1.746484e+00,1.572547e+00,1.225027e+00,1.266032e+00,1.319230e+00,1.319287e+00,1.144918e+00,1.487464e+00,1.210755e+00,1.294868e+00,1.242738e+00,1.165627e+00,1.204213e+00,1.103725e+00,1.193493e+00,1.426435e+00,1.252986e+00,1.728661e+00,1.229559e+00,1.916746e+00,1.263743e+00,1.183650e+00,1.086898e+00,1.813076e+00,1.092228e+00,1.502777e+00,1.677777e+00,1.550230e+00,1.194306e+00,1.311798e+00,1.382395e+00,1.270180e+00,1.155956e+00,1.217298e+00,1.226165e+00,2.738088e+00,7.747633e+00,1.292230e+00,1.103436e+00,1.264887e+00,1.197448e+00,1.309261e+00,1.086633e+00,1.341587e+00,1.234781e+00,1.086384e+00,1.257193e+00,1.374238e+00,1.386303e+00,1.274857e+00,1.143859e+00
1.103611e+00,1.339454e+00,1.133928e+00,1.256371e+00,1.228873e+00,1.192041e+00,1.341355e+00,1.250090e+00,1.215068e+00,1.194729e+00,1.190535e+00,1.123158e+00,1.218773e+00,1.220376e+00,1.238844e+00,1.274895e+00,1.142623e+00,1.237601e+00,1.232332e+00,1.325322e+00,1.160155e+00,1.284625e+00,1.197730e+00,1.225268e+00,1.281366e+00,1.190408e+00,1.057661e+00,1.337413e+00,1.365924e+00,1.309922e+00,1.215400e+00,1.140905e+00,1.314093e+00,1.497078e+00,1.288547e+00,1.167798e+00,1.121202e+00,1.108779e+00,1.233732e+00,1.209243e+00,1.191094e+00,1.219961e+00,1.150723e+00,1.666076e+00,1.244719e+00,1.236106e+00,1.252057e+00,1.302924e+00,1.818158e+00,1.104604e+00,1.149652e+00,1.124885e+00,1.145421e+00,1.260038e+00,1.246981e+00,1.237367e+00,1.239809e+00,1.521404e+00,1.036413e+01,1.041866e+01,1.540637e+00,1.366440e+00,8.689295e+00,1.245322e+00,1.582502e+00,1.887573e+00,1.420734e+00,1.367181e+00,1.241063e+00,1.323008e+00,1.091655e+00,1.133003e+00,1.476377e+00,1.893739e+00,1.262197e+00,1.299049e+00,1.009870e+00,1.283434e+00,1.391966e+00,1.220229e+00,1.332385e+00,1.356099e+00,1.409756e+00,1.537247e+00,1.206062e+00,1.961027e+00,1.562241e+00,1.406178e+00,1.266788e+00,1.240835e+00,1.238514e+00,1.723904e+00,1.557794e+00,9.491974e+00,1.118755e+00,1.055203e+00,1.202028e+00,1.133613e+00,1.502102e+00,1.041866e+01,1.041866e+01,7.667040e+00,1.374044e+00,1.809962e+00,1.253074e+00,1.312391e+00,1.144505e+00,1.267871e+00,1.766787e+00,1.316530e+00,1.117364e+00,1.220043e+00,1.132106e+00,1.161082e+00,1.158154e+00,1.258624e+00,1.407489e+00,1.164677e+00,1.483686e+00,1.232283e+00,1.255094e+00,1.191409e+00,1.233431e+00,1.118774e+00,1.235272e+00,1.169447e+00,1.303509e+00,1.172723e+00,1.182706e+00,1.157502e+00,1.244471e+00,1.161624e+00,1.255404e+00,1.220036e+00,1.224524e+00,1.368621e+00,1.405834e+00,1.369661e+00,1.197801e+00,1.290367e+00,1.365299e+00,1.228479e+00,1.132630e+00,1.114566e+00,1.391298e+00,1.345664e+00,1.116922e+00,1.038870e+00,1.227045e+00,1.455585e+00,1.761287e+00,1.275603e+00,1.082470e+00,1.174520e+00,1.240091e+00,1.375998e+00,7.493335e+00,1.369905e+00,1.425144e+00,1.422812e+00,1.878169e+00,nan,1.904479e+00,1.186296e+00,1.332589e+00,3.552803e+00,1.374925e+00,nan,1.290433e+00,1.801762e+00,1.121253e+00,1.084521e+00,1.654345e+00,1.799014e+00,1.098689e+00,1.191758e+00,1.135472e+00,1.517223e+00,1.127473e+00,1.210614e+00,1.150463e+00,1.146274e+00,1.272820e+00,1.483864e+00,1.187392e+00,1.068832e+00,1.181616e+00,1.815692e+00,1.120767e+00,1.341416e+00,1.305989e+00,1.861494e+00,1.908912e+00,1.218026e+00,1.256156e+00,1.352986e+00,1.380095e+00,1.198164e+00,1.187991e+00,1.253915e+00,1.065885e+00,1.257498e+00,1.358136e+00,1.122668e+00,1.280555e+00,1.125537e+00,1.242688e+00,1.177918e+00,1.255719e+00,1.249385e+00,1.350796e+00,1.149296e+00,1.170716e+00,1.303540e+00,1.114800e+00
1.246323e+00,1.282645e+00,1.302320e+00,1.241832e+00,1.253047e+00,1.066658e+00,1.247150e+00,1.300318e+00,1.165266e+00,1.240456e+00,1.323156e+00,1.248762e+00,1.227026e+00,1.138374e+00,1.156199e+00,1.399603e+00,1.144434e+00,1.399348e+00,1.282317e+00,1.555413e+00,1.226339e+00,1.216731e+00,1.093503e+00,1.160746e+00,1.376602e+00,1.347162e+00,1.356185e+00,1.226645e+00,1.122289e+00,1.356126e+00,1.240035e+00,1.223390e+00,1.144884e+00,1.091691e+00,1.136325e+00,1.221758e+00,1.288567e+00,1.112895e+00,1.146438e+00,1.340500e+00,1.249684e+00,1.224313e+00,1.264811e+00,1.257099e+00,1.206402e+00,1.232340e+00,1.203662e+00,1.327049e+00,1.252278e+00,1.179883e+00,1.247178e+00,1.248638e+00,1.147288e+00,1.790474e+00,1.245441e+00,1.168550e+00,1.133425e+00,1.324526e+00,1.146940e+00,1.222955e+00,1.246281e+00,1.357973e+00,1.142387e+00,1.306230e+00,1.649962e+00,1.403745e+00,1.550358e+00,1.231699e+00,1.229157e+00,1.335170e+00,1.382530e+00,1.706775e+00,8.702099e+00,1.411459e+00,1.111605e+00,1.380288e+00,1.283717e+00,1.293956e+00,1.218086e+00,1.428406e+00,1.719094e+00,1.456108e+00,1.252846e+00,1.672733e+00,1.289554e+00,1.315387e+00,1.284802e+00,1.637868e+00,1.207825e+00,1.184848e+00,1.250399e+00,1.354667e+00,1.198552e+00,1.775068e+00,1.175640e+00,1.157343e+00,1.524578e+00,1.560989e+00,1.427407e+00,2.143396e+00,1.687810e+00,1.337354e+00,1.162892e+00,1.154860e+00,1.105510e+00,1.177076e+00,1.199277e+00,1.346293e+00,1.184904e+00,1.036851e+01,nan,1.372171e+00,1.119487e+00,1.406577e+00,1.138172e+00,1.384183e+00,1.159655e+00,1.140018e+00,1.331741e+00,1.209790e+00,1.220805e+00,1.232496e+00,1.164716e+00,1.272216e+00,1.177232e+00,1.225786e+00,1.304707e+00,1.410408e+00,1.228681e+00,1.181897e+00,1.295278e+00,1.290156e+00,1.157423e+00,1.255493e+00,1.472888e+00,1.311767e+00,1.272327e+00,1.220276e+00,1.298519e+00,1.096747e+00,2.331795e+00,1.434407e+00,1.076819e+00,1.737060e+00,1.142872e+00,1.152264e+00,1.188331e+00,1.576347e+00,1.440861e+00,1.299544e+00,1.188188e+00,1.216944e+00,1.226985e+00,1.320927e+00,1.439473e+00,1.308877e+00,1.571175e+00,9.119916e+00,2.045417e+00,6.644439e+00,1.394852e+00,1.178571e+00,1.895529e+00,1.580399e+00,2.814756e+00,1.731839e+00,1.191190e+00,1.285009e+00,1.338536e+00,1.436853e+00,1.332390e+00,1.370676e+00,6.029461e+00,1.243488e+00,1.218190e+00,1.155571e+00,1.298207e+00,8.894934e+00,1.305722e+00,1.349940e+00,7.733980e+00,1.473708e+00,1.487440e+00,1.216285e+00,1.138678e+00,1.071856e+00,1.305224e+00,1.111294e+00,1.354088e+00,1.167888e+00,1.250880e+00,1.156755e+00,1.140786e+00,1.201545e+00,1.092626e+00,1.226214e+00,1.399038e+00,1.284367e+00,1.190175e+00,1.491357e+00,1.249905e+00,1.317542e+00,1.147024e+00,1.345385e+00,1.345473e+00,1.289545e+00,1.181335e+00,1.275217e+00,1.198821e+00,1.246645e+00,1.211158e+00,1.278250e+00,1.192294e+00,1.206866e+00,1.177430e+00
1.306242e+00,1.374638e+00,1.350635e+00,1.300728e+00,1.292417e+00,1.216508e+00,1.240291e+00,1.286580e+00,1.133123e+00,1.393009e+00,1.084690e+00,1.235800e+00,1.349394e+00,1.186686e+00,1.221993e+00,1.272155e+00,1.279436e+00,1.366764e+00,1.273051e+00,1.299395e+00,1.266048e+00,1.170300e+00,1.205140e+00,1.125927e+00,1.420429e+00,1.081286e+00,1.428685e+00,1.118667e+00,1.210316e+00,1.124043e+00,1.408726e+00,1.473044e+00,1.083948e+00,1.118756e+00,1.231345e+00,1.132682e+00,1.395899e+00,1.151334e+00,1.244888e+00,1.610300e+00,1.235040e+00,1.299543e+00,1.170810e+00,1.233777e+00,1.323932e+00,1.273615e+00,1.286322e+00,1.673419e+00,1.259296e+00,1.293298e+00,1.131221e+00,1.129145e+00,1.181965e+00,1.076869e+00,1.392754e+00,1.300879e+00,1.345854e+00,1.227347e+00,1.214132e+00,1.293329e+00,1.940651e+00,1.355248e+00,1.357515e+00,1.282497e+00,1.181406e+00,1.158487e+00,1.171077e+00,1.317835e+00,1.290482e+00,1.247707e+00,1.299539e+00,1.194637e+00,1.686197e+00,1.401338e+00,1.283303e+00,1.265005e+00,1.205772e+00,1.152526e+00,1.267594e+00,1.310779e+00,1.345442e+00,1.254954e+00,1.685029e+00,1.218463e+00,1.238557e+00,1.258714e+00,1.629367e+00,1.334108e+00,4.635489e+00,1.322283e+00,1.244866e+00,1.115455e+00,1.247822e+00,1.421401e+00,2.586485e+00,1.176283e+00,1.200694e+00,1.695780e+00,1.393694e+00,1.304955e+00,1.187726e+00,1.356293e+00,1.165246e+00,1.722907e+00,1.225833e+00,1.163573e+00,1.178163e+00,1.240288e+00,1.643986e+00,1.559545e+00,1.218218e+00,1.135246e+00,1.419133e+00,1.281065e+00,1.121589e+00,1.234136e+00,1.176837e+00,1.147677e+00,1.122068e+00,1.350478e+00,1.273681e+00,1.213083e+00,1.226921e+00,1.183173e+00,1.456656e+00,6.779609e+00,1.252572e+00,1.217746e+00,1.227836e+00,7.467013e+00,1.617929e+00,1.235275e+00,1.030791e+00,1.317947e+00,1.150767e+00,1.232966e+00,1.239455e+00,1.293490e+00,1.327311e+00,1.153477e+00,1.256574e+00,1.304400e+00,1.203851e+00,1.508534e+00,1.266140e+00,1.784385e+00,1.268096e+00,1.188382e+00,1.346739e+00,1.229521e+00,1.203412e+00,1.253203e+00,1.283727e+00,1.161460e+00,1.932606e+00,3.644688e+00,1.923902e+00,1.216656e+00,1.297163e+00,1.172153e+00,1.352130e+00,1.435602e+00,1.329334e+00,1.198258e+00,1.532823e+00,1.437509e+00,1.502518e+00,1.185400e+00,1.265315e+00,1.156679e+00,1.197794e+00,1.555360e+00,1.321212e+00,1.277877e+00,1.351132e+00,1.315580e+00,1.216239e+00,1.788857e+00,3.247380e+00,1.745975e+00,1.838370e+00,1.226364e+00,1.218286e+00,1.391946e+00,1.101216e+00,1.322652e+00,1.219890e+00,1.365435e+00,1.488026e+00,1.283731e+00,1.519233e+00,1.236534e+00,1.351533e+00,1.319829e+00,1.199104e+00,1.346702e+00,1.287029e+00,9.883093e-01,1.253432e+00,1.711290e+00,1.292033e+00,1.122765e+00,1.233342e+00,1.240111e+00,1.166938e+00,1.353800e+00,1.567807e+00,1.297640e+00,1.159741e+00,1.252441e+00,1.282834e+00,1.170031e+00,9.751443e-01,1.136710e+00,1.295416e+00
1.085410e+00,1.085199e+00,1.200513e+00,1.193009e+00,1.176867e+00,1.240677e+00,1.192855e+00,1.396238e+00,1.197186e+00,1.154998e+00,1.301316e+00,1.179823e+00,1.182855e+00,1.180090e+00,1.254531e+00,1.192689e+00,1.182051e+00,1.214075e+00,1.211571e+00,1.144029e+00,1.080464e+00,1.162506e+00,1.232604e+00,1.263438e+00,1.239994e+00,1.328321e+00,1.286926e+00,1.285015e+00,1.295534e+00,1.341405e+00,1.171216e+00,1.202321e+00,1.597044e+00,1.468275e+00,1.548545e+00,1.226231e+00,1.148791e+00,1.293084e+00,1.199606e+00,1.239047e+00,1.243641e+00,1.328062e+00,1.160166e+00,1.268053e+00,1.205753e+00,1.121327e+00,1.258481e+00,1.200163e+00,1.859054e+00,1.337621e+00,1.020417e+00,1.237668e+00,1.156802e+00,1.336144e+00,1.288616e+00,1.374885e+00,1.195452e+00,1.235838e+00,1.144250e+00,1.196911e+00,1.578357e+00,1.279354e+00,1.488337e+00,1.325627e+00,1.041866e+01,1.457363e+00,1.222790e+00,1.106601e+00,1.245030e+00,1.487977e+00,1.181696e+00,1.158749e+00,1.144116e+00,1.343890e+00,1.381651e+00,1.200372e+00,1.129751e+00,1.229287e+00,1.572163e+00,1.253815e+00,1.459595e+00,1.501023e+00,1.196311e+00,1.257415e+00,1.232202e+00,1.582342e+00,1.689671e+00,1.097700e+00,1.326752e+00,1.258849e+00,1.009090e+01,1.320965e+00,1.289475e+00,1.612138e+00,1.157727e+00,1.310610e+00,1.910361e+00,1.756311e+00,1.196600e+00,1.334181e+00,1.542001e+00,1.708486e+00,1.233114e+00,1.126690e+00,1.418329e+00,1.866412e+00,1.117127e+00,1.436013e+00,1.209793e+00,1.188159e+00,1.215302e+00,1.426995e+00,1.260496e+00,1.130790e+00,1.360431e+00,1.439113e+00,1.208050e+00,1.178382e+00,1.434165e+00,1.382075e+00,1.232973e+00,2.418237e+00,1.304063e+00,1.362131e+00,1.214708e+00,1.091629e+00,1.422457e+00,1.121006e+00,1.104603e+00,1.178801e+00,7.617989e+00,1.103612e+00,1.250741e+00,1.161969e+00,1.236527e+00,1.055336e+00,1.207563e+00,1.046136e+00,1.278999e+00,1.074634e+00,2.830217e+00,2.877071e+00,1.026419e+00,1.180924e+00,1.311101e+00,1.233545e+00,1.314037e+00,1.273861e+00,1.840213e+00,1.354362e+00,1.198272e+00,1.130243e+00,1.327100e+00,1.282059e+00,9.708377e+00,1.418159e+00,1.625271e+00,1.194575e+00,1.288341e+00,1.012248e+00,1.050616e+00,1.886891e+00,1.143339e+00,1.329426e+00,1.251074e+00,1.003668e+01,1.107923e+00,1.792196e+00,1.210674e+00,1.573601e+00,1.241158e+00,1.244453e+00,1.311231e+00,1.144570e+00,1.307398e+00,1.156169e+00,1.253181e+00,1.264077e+00,1.653392e+00,1.435487e+00,1.260584e+00,1.156889e+00,1.148152e+00,1.415189e+00,1.354113e+00,1.217466e+00,1.088113e+00,1.198697e+00,1.362224e+00,9.761025e-01,1.279458e+00,1.171347e+00,1.035877e+00,1.194949e+00,1.272987e+00,1.194607e+00,1.088207e+00,1.222083e+00,1.264966e+00,1.250096e+00,1.365772e+00,1.204131e+00,1.243334e+00,1.096207e+00,1.273715e+00,1.156472e+00,1.065460e+00,1.384942e+00,1.230962e+00,1.049746e+00,1.132647e+00,1.198167e+00,1.242276e+00,1.272596e+00,1.130312e+00
1.162721e+00,1.151034e+00,1.160043e+00,1.186702e+00,1.096589e+00,1.232948e+00,1.358880e+00,1.136412e+00,1.124778e+00,1.133076e+00,1.051837e+00,1.102451e+00,1.265615e+00,1.278335e+00,1.204465e+00,1.102824e+00,1.186800e+00,1.100523e+00,1.224328e+00,1.137186e+00,1.179733e+00,1.097862e+00,1.089483e+00,1.204243e+00,1.353836e+00,1.192692e+00,1.338596e+00,1.098515e+00,1.224273e+00,1.226469e+00,1.529128e+00,1.108547e+00,1.305934e+00,1.241883e+00,1.806487e+00,1.245239e+00,1.183061e+00,1.163656e+00,1.158971e+00,nan,1.041866e+01,1.242138e+00,1.281153e+00,nan,1.332457e+00,1.715617e+00,8.423703e+00,8.925625e+00,2.635456e+00,2.866959e+00,1.777760e+00,1.983275e+00,1.183040e+00,1.181154e+00,1.492417e+00,1.292267e+00,1.244495e+00,1.442828e+00,1.155922e+00,1.188026e+00,1.126741e+00,1.333211e+00,1.654114e+00,1.245434e+00,2.455937e+00,1.299559e+00,1.290901e+00,1.152048e+00,1.263023e+00,1.072427e+00,1.184477e+00,1.562979e+00,1.254745e+00,1.051704e+00,1.155797e+00,1.232013e+00,1.202954e+00,1.280219e+00,1.182117e+00,1.241645e+00,1.333308e+00,1.516417e+00,1.346792e+00,1.128715e+00,1.166534e+00,1.187600e+00,1.201050e+00,1.367923e+00,1.038822e+01,1.041866e+01,1.467108e+00,1.203570e+00,1.609638e+00,1.299618e+00,1.296729e+00,1.503934e+00,3.135339e+00,1.064949e+00,1.953895e+00,2.006035e+00,1.282489e+00,1.208471e+00,1.902445e+00,1.512710e+00,1.247807e+00,1.166812e+00,1.146915e+00,1.214123e+00,1.190308e+00,1.275003e+00,1.530658e+00,nan,1.041866e+01,1.407783e+00,1.188355e+00,1.238029e+00,1.199666e+00,1.241724e+00,1.172295e+00,1.199845e+00,1.279808e+00,1.297470e+00,1.717328e+00,1.028843e+00,1.875699e+00,1.745887e+00,1.227475e+00,1.182073e+00,1.388713e+00,1.150554e+00,1.284536e+00,1.102855e+00,1.228023e+00,1.112526e+00,1.404558e+00,1.272107e+00,1.336465e+00,1.186010e+00,1.347055e+00,1.335990e+00,1.314983e+00,1.307337e+00,1.172169e+00,1.415490e+00,1.127474e+00,1.290377e+00,1.381850e+00,1.245681e+00,1.330595e+00,1.255742e+00,1.180815e+00,1.284502e+00,1.751171e+00,1.794901e+00,1.470324e+00,2.123009e+00,1.752064e+00,1.204460e+00,1.838744e+00,2.457082e+00,1.871460e+00,1.095975e+00,1.116779e+00,1.319126e+00,1.332313e+00,1.213796e+00,1.803122e+00,1.253617e+00,5.788572e+00,1.636594e+00,9.901081e-01,1.222826e+00,1.623154e+00,1.317593e+00,1.142857e+00,1.177492e+00,1.274378e+00,1.420371e+00,1.621275e+00,1.618483e+00,1.513179e+00,9.770655e+00,1.253921e+00,1.479116e+00,2.223443e+00,1.214152e+00,1.696947e+00,nan,1.267606e+00,1.655602e+00,1.179993e+00,1.352428e+00,1.297554e+00,1.202160e+00,1.271611e+00,1.237110e+00,1.344945e+00,1.229602e+00,1.234704e+00,1.251875e+00,1.187214e+00,1.156986e+00,1.090391e+00,1.142327e+00,1.357968e+00,1.316166e+00,1.353460e+00,1.047197e+00,1.222858e+00,1.157214e+00,1.079927e+00,1.034834e+00,1.392520e+00,1.145436e+00,1.232579e+00
1.106696e+00,1.247836e+00,1.111814e+00,1.014933e+00,1.323271e+00,1.102842e+00,9.903759e-01,1.483078e+00,1.161683e+00,1.296753e+00,1.289500e+00,1.199810e+00,1.136840e+00,1.211624e+00,1.277123e+00,1.136618e+00,1.224348e+00,1.163488e+00,1.162774e+00,1.201828e+00,1.280981e+00,1.215026e+00,1.184443e+00,1.138269e+00,1.335985e+00,1.115185e+00,1.130557e+00,1.164251e+00,1.225901e+00,1.193492e+00,1.311118e+00,1.309963e+00,1.465766e+00,1.317135e+00,1.777340e+00,1.171477e+00,1.131281e+00,1.315868e+00,1.205541e+00,1.177812e+00,1.140144e+00,1.261994e+00,1.683721e+00,1.261005e+00,1.136675e+00,1.219856e+00,1.177054e+00,1.361572e+00,1.181873e+00,1.031358e+00,1.157132e+00,1.246031e+00,1.318571e+00,1.233343e+00,1.307305e+00,1.263065e+00,1.197065e+00,1.154440e+00,1.478826e+00,1.173250e+00,1.718748e+00,1.194634e+00,1.218630e+00,1.236198e+00,1.704866e+00,2.057221e+00,1.343015e+00,1.069806e+00,1.342424e+00,1.131801e+00,1.218976e+00,1.028208e+00,1.161046e+00,1.121051e+00,1.415846e+00,1.292254e+00,1.111002e+00,1.674407e+00,1.200007e+00,1.041306e+01,1.153802e+00,1.482076e+00,1.112566e+00,1.397457e+00,1.198297e+00,1.048178e+00,1.211074e+00,1.139656e+00,1.376769e+00,1.562869e+00,1.167634e+00,1.041642e+01,1.417455e+00,1.158796e+00,1.123097e+00,1.419792e+00,1.187662e+00,1.370939e+00,1.041866e+01,9.772817e+00,1.027135e+01,1.011438e+00,1.418449e+00,1.546130e+00,1.248516e+00,1.295845e+00,1.245273e+00,1.174738e+00,1.234376e+00,1.139259e+00,1.203937e+00,1.223653e+00,1.181461e+00,1.168108e+00,1.315052e+00,1.144182e+00,1.575384e+00,1.039202e+01,1.224995e+00,1.353109e+00,1.051324e+00,1.102925e+00,1.194689e+00,1.173424e+00,1.183672e+00,1.217246e+00,9.439708e+00,1.522163e+00,1.060522e+00,1.199915e+00,1.421422e+00,1.921433e+00,1.433543e+00,1.171699e+00,1.205836e+00,1.210822e+00,1.196729e+00,1.140516e+00,1.140574e+00,1.216879e+00,1.194793e+00,1.558219e+00,1.112629e+00,1.207002e+00,1.098891e+00,1.201045e+00,1.198978e+00,1.238579e+00,1.219972e+00,1.117048e+00,1.152609e+00,1.547314e+00,1.363778e+00,1.206276e+00,1.725127e+00,1.751478e+00,1.190012e+00,1.453640e+00,1.153822e+00,1.138335e+00,1.294952e+00,1.118963e+00,1.288112e+00,1.180484e+00,1.655636e+00,1.182145e+00,1.112271e+00,1.292918e+00,1.182066e+00,1.123784e+00,1.396702e+00,1.212083e+00,1.767223e+00,1.222005e+00,1.408417e+00,7.517117e+00,1.334169e+00,1.430138e+00,1.084670e+00,1.856571e+00,1.493577e+00,1.221109e+00,1.781018e+00,1.366616e+00,1.146883e+00,1.463584e+00,1.205328e+00,1.084998e+00,1.284006e+00,2.501666e+00,1.130647e+00,1.198622e+00,1.175988e+00,9.805749e-01,1.137878e+00,1.116350e+00,1.349944e+00,1.124819e+00,1.310858e+00,1.069977e+00,1.114070e+00,1.278344e+00,1.301915e+00,1.194292e+00,1.201489e+00,1.093872e+00,1.178168e+00,1.129048e+00,1.152245e+00,1.278348e+00,1.232087e+00,1.143408e+00,1.163084e+00,1.044131e+00,1.261696e+00
1.210465e+00,1.258858e+00,1.282331e+00,1.295378e+00,1.302456e+00,1.069949e+00,1.175348e+00,1.228662e+00,1.226945e+00,1.311811e+00,1.243865e+00,1.405753e+00,1.279961e+00,1.183376e+00,1.334307e+00,1.236829e+00,1.342928e+00,1.363007e+00,1.262191e+00,1.092340e+00,1.249419e+00,1.286901e+00,1.089610e+00,1.346360e+00,1.304716e+00,1.118673e+00,1.281588e+00,1.290036e+00,1.295975e+00,1.162971e+00,1.340013e+00,1.140311e+00,1.124102e+00,1.143043e+00,1.168894e+00,1.150714e+00,1.154676e+00,1.234590e+00,1.147317e+00,1.190485e+00,1.368602e+00,1.141527e+00,1.363350e+00,1.397853e+00,1.247785e+00,1.174989e+00,1.397593e+00,1.118355e+00,1.151521e+00,1.458213e+00,1.159172e+00,1.065165e+00,1.142631e+00,1.278668e+00,1.288370e+00,1.180548e+00,1.237090e+00,1.146230e+00,1.334783e+00,1.639362e+00,1.510013e+00,1.325743e+00,1.140683e+00,1.309109e+00,1.242122e+00,1.280994e+00,1.706028e+00,1.306398e+00,1.070770e+00,1.153284e+00,1.523045e+00,1.228240e+00,1.312077e+00,1.375466e+00,1.253795e+00,1.244580e+00,1.260482e+00,1.323974e+00,1.397784e+00,1.381528e+00,9.741587e-01,1.365694e+00,1.181583e+00,1.476964e+00,1.845769e+00,nan,1.308022e+00,1.469415e+00,1.265029e+00,nan,4.103077e+00,1.279405e+00,1.448231e+00,1.041866e+01,2.143048e+00,7.553035e+00,1.619783e+00,nan,nan,1.041866e+01,5.255066e+00,1.673051e+00,1.289162e+00,1.360208e+00,1.393974e+00,3.428891e+00,1.223380e+00,1.304139e+00,1.106534e+00,1.169620e+00,1.491427e+00,1.210264e+00,1.206926e+00,1.182602e+00,1.077087e+00,1.166229e+00,1.242861e+00,5.993845e+00,1.309848e+00,1.158761e+00,1.211093e+00,1.373644e+00,1.173739e+00,1.140392e+00,1.229233e+00,1.304175e+00,1.137254e+00,1.432264e+00,1.218915e+00,1.260101e+00,9.772360e+00,1.141476e+00,1.244257e+00,1.306730e+00,1.222858e+00,1.567438e+00,1.161610e+00,1.429691e+00,1.248497e+00,1.303373e+00,1.682577e+00,1.195803e+00,1.214615e+00,1.195678e+00,1.275446e+00,1.186672e+00,1.257502e+00,1.108135e+00,1.244941e+00,1.164544e+00,1.112559e+00,1.250660e+00,1.080141e+00,2.021399e+00,1.823555e+00,1.173271e+00,1.214581e+00,1.761267e+00,1.136338e+00,1.266219e+00,1.309560e+00,1.197338e+00,1.271532e+00,1.160798e+00,1.213741e+00,1.366085e+00,1.087659e+00,1.558388e+00,1.264878e+00,1.227189e+00,9.734526e+00,1.076996e+00,1.291450e+00,1.238761e+00,1.627044e+00,1.172716e+00,1.933988e+00,1.035262e+00,1.210903e+00,1.437109e+00,1.179848e+00,1.107683e+00,2.106069e+00,1.363640e+00,1.509954e+00,1.160521e+00,1.416886e+00,1.149930e+00,1.086308e+00,1.210941e+00,1.106522e+00,1.138041e+00,1.259555e+00,1.087996e+00,1.119873e+00,1.317408e+00,1.262826e+00,1.296794e+00,1.639765e+00,1.196624e+00,1.283457e+00,1.452565e+00,1.123182e+00,1.168798e+00,1.315515e+00,1.059360e+00,1.080358e+00,1.217731e+00,9.713189e-01,1.424024e+00,1.133027e+00,1.066115e+00,1.083180e+00,1.004533e+00,1.086328e+00
1.218084e+00,1.236245e+00,1.144790e+00,1.184379e+00,1.334412e+00,1.289989e+00,1.264053e+00,1.345359e+00,1.315758e+00,1.217024e+00,1.140731e+00,1.297866e+00,1.265279e+00,1.163313e+00,1.288905e+00,1.129727e+00,1.202457e+00,1.221130e+00,1.082633e+00,1.139608e+00,1.370883e+00,1.336098e+00,1.251829e+00,1.109757e+00,1.285197e+00,1.266242e+00,1.234356e+00,1.450729e+00,1.182867e+00,1.158174e+00,1.138369e+00,1.235348e+00,1.162977e+00,1.322462e+00,1.306042e+00,1.185950e+00,1.174079e+00,1.344957e+00,1.344078e+00,1.233429e+00,1.287119e+00,1.301012e+00,1.395179e+00,1.232813e+00,1.169768e+00,1.329502e+00,1.360126e+00,1.405739e+00,1.273640e+00,9.074120e+00,1.645370e+00,1.267838e+00,1.316583e+00,1.232399e+00,1.622114e+00,1.927781e+00,1.910586e+00,1.288143e+00,1.892470e+00,1.311569e+00,1.728804e+00,1.137324e+00,1.274283e+00,1.313138e+00,1.243536e+00,1.359370e+00,1.496598e+00,1.198982e+00,1.152127e+00,1.283250e+00,1.046420e+00,1.117554e+00,1.236959e+00,1.224953e+00,1.228179e+00,1.237734e+00,1.021954e+00,1.319463e+00,1.625978e+00,1.343364e+00,1.122422e+00,1.517888e+00,1.302307e+00,4.230621e+00,1.531879e+00,1.294985e+00,1.617889e+00,1.240255e+00,1.529300e+00,1.285421e+00,1.270255e+00,1.239147e+00,6.401395e+00,2.554795e+00,1.216635e+00,1.451367e+00,8.934200e+00,1.748055e+00,8.444048e+00,1.469825e+00,1.359515e+00,1.179503e+00,1.612598e+00,1.181755e+00,1.064321e+00,1.258270e+00,1.288374e+00,1.248746e+00,1.311227e+00,1.144251e+00,1.147806e+00,1.230278e+00,1.175849e+00,1.179236e+00,1.159442e+00,1.234222e+00,1.273186e+00,1.098460e+00,1.171907e+00,1.177209e+00,1.132549e+00,1.255520e+00,1.200349e+00,1.275010e+00,1.249256e+00,1.229093e+00,1.242264e+00,1.279479e+00,1.303075e+00,1.310307e+00,1.345404e+00,1.593109e+00,1.199863e+00,1.215903e+00,1.189814e+00,1.252229e+00,1.241213e+00,1.363531e+00,1.349109e+00,1.206335e+00,1.211177e+00,1.381072e+00,1.182062e+00,1.234748e+00,1.287440e+00,1.273087e+00,1.259969e+00,1.286124e+00,1.051283e+00,1.460305e+00,4.352941e+00,1.360189e+00,1.537575e+00,1.952263e+00,1.159213e+00,1.087247e+00,1.358319e+00,1.202225e+00,1.534238e+00,1.162634e+00,1.128689e+00,1.713626e+00,1.562169e+00,1.305532e+00,1.262325e+00,1.300606e+00,1.275003e+00,1.586713e+00,1.781748e+00,9.867833e-01,1.444360e+00,1.534870e+00,1.127577e+00,1.041866e+01,1.821150e+00,1.091820e+00,1.295209e+00,7.232695e+00,1.218138e+00,1.345440e+00,1.170026e+00,1.122386e+00,1.361483e+00,1.715192e+00,1.529158e+00,1.654814e+00,1.286534e+00,1.120544e+00,1.321661e+00,1.128192e+00,1.267647e+00,1.218372e+00,1.121919e+00,1.123388e+00,1.206324e+00,1.187621e+00,1.402712e+00,1.355858e+00,1.740518e+00,1.179204e+00,9.801840e-01,1.148549e+00,1.227640e+00,1.200465e+00,1.148121e+00,1.230842e+00,1.196176e+00,1.122152e+00,1.108493e+00,1.265816e+00,1.092480e+00,1.243057e+00,1.158940e+00,1.082726e+00,1.239885e+00
1.260681e+00,1.244813e+00,1.246761e+00,1.290660e+00,1.154210e+00,1.224799e+00,1.401009e+00,1.215642e+00,1.185520e+00,1.211764e+00,1.299233e+00,1.231532e+00,1.172859e+00,1.288631e+00,1.343147e+00,1.291352e+00,1.241156e+00,1.317875e+00,1.373702e+00,1.282046e+00,1.175723e+00,1.219198e+00,1.226449e+00,1.123302e+00,1.111365e+00,1.291496e+00,1.233175e+00,1.133889e+00,1.162877e+00,1.289445e+00,1.328118e+00,1.155313e+00,1.191239e+00,1.301311e+00,1.658668e+00,1.107818e+00,1.102908e+00,1.328171e+00,1.606233e+00,2.105089e+00,1.055238e+00,1.308706e+00,1.386444e+00,1.211806e+00,1.256094e+00,1.346151e+00,8.771624e+00,1.624443e+00,1.128197e+00,1.219583e+00,1.236748e+00,1.349006e+00,1.313554e+00,1.894299e+00,1.568342e+00,1.356691e+00,1.115300e+00,1.183901e+00,1.113701e+00,1.306079e+00,1.055855e+00,1.927848e+00,1.188565e+00,1.276311e+00,1.300561e+00,1.134681e+00,1.830799e+00,1.099430e+00,1.334937e+00,1.086211e+00,1.140785e+00,1.299279e+00,1.207244e+00,1.301628e+00,1.323228e+00,1.014804e+00,1.216658e+00,1.958038e+00,1.228210e+00,1.048133e+00,1.147065e+00,1.252317e+00,1.136877e+00,1.428269e+00,8.896166e+00,1.296678e+00,1.291455e+00,1.407511e+00,1.063208e+00,1.290173e+00,1.236025e+00,1.092281e+00,1.650028e+00,1.296836e+00,1.474421e+00,1.192711e+00,1.513098e+00,1.369337e+00,1.630226e+00,1.083181e+00,1.189074e+00,1.751534e+00,1.110197e+00,1.147669e+00,1.240795e+00,1.077268e+00,1.194731e+00,1.262208e+00,1.187064e+00,1.171716e+00,1.278289e+00,1.255085e+00,1.204941e+00,1.183685e+00,1.106571e+00,1.218746e+00,1.274722e+00,1.368852e+00,1.218740e+00,1.293438e+00,1.265077e+00,1.279218e+00,1.084160e+00,1.324052e+00,1.301230e+00,1.031431e+00,1.255674e+00,1.393087e+00,1.325636e+00,1.304960e+00,1.248010e+00,1.238405e+00,1.167220e+00,1.203348e+00,1.177389e+00,1.148741e+00,1.049872e+00,1.191210e+00,1.099301e+00,1.280863e+00,1.215047e+00,1.119371e+00,1.215419e+00,1.283087e+00,1.041825e+00,1.178247e+00,1.110093e+00,1.230021e+00,1.340243e+00,7.482287e+00,1.285224e+00,1.711968e+00,1.807689e+00,1.578946e+00,1.191226e+00,1.271331e+00,1.210993e+00,1.235032e+00,1.181965e+00,1.934997e+00,1.310988e+00,1.723380e+00,1.805645e+00,1.364504e+00,1.168592e+00,1.329965e+00,1.585346e+00,1.090153e+00,1.642998e+00,1.342785e+00,1.292042e+00,1.715853e+00,1.177077e+00,1.223685e+00,1.544037e+00,1.184223e+00,1.365926e+00,1.281495e+00,1.243384e+00,1.167648e+00,1.161964e+00,1.261764e+00,1.346526e+00,1.476143e+00,1.117106e+00,1.380944e+00,1.160627e+00,1.733258e+00,1.114823e+00,1.330979e+00,1.103959e+00,1.350296e+00,1.263372e+00,1.048477e+00,1.185839e+00,1.267926e+00,1.326082e+00,1.128926e+00,1.027877e+00,1.194550e+00,1.135029e+00,1.220562e+00,1.100205e+00,1.038363e+00,1.213783e+00,1.284593e+00,1.288328e+00,1.438408e+00,1.233804e+00,1.206017e+00,1.131801e+00,1.278612e+00,1.209080e+00,1.304840e+00,1.168238e+00
1.310669e+00,1.228806e+00,1.203785e+00,1.215310e+00,1.194943e+00,1.183636e+00,1.305335e+00,1.157985e+00,1.064842e+00,1.100371e+00,1.152215e+00,1.122664e+00,1.129643e+00,1.297341e+00,1.247988e+00,1.241917e+00,1.270063e+00,1.243425e+00,1.317349e+00,1.235784e+00,1.205278e+00,1.237661e+00,1.187293e+00,1.403968e+00,1.200523e+00,1.246101e+00,1.197661e+00,1.192799e+00,1.004476e+00,1.237577e+00,1.077984e+00,1.349471e+00,1.241700e+00,1.246586e+00,1.081165e+00,2.498060e+00,1.363785e+00,1.136090e+00,1.330571e+00,1.233419e+00,1.037881e+01,nan,1.118886e+00,1.232940e+00,1.137310e+00,1.183990e+00,1.206713e+00,8.268780e+00,1.477247e+00,1.240893e+00,2.397965e+00,1.127827e+00,1.781189e+00,1.176309e+00,1.130685e+00,1.050960e+00,1.016613e+00,1.309218e+00,1.709975e+00,1.224236e+00,3.424194e+00,1.750110e+00,1.102939e+00,1.333562e+00,1.306062e+00,1.665467e+00,1.204344e+00,1.288278e+00,1.552915e+00,1.280663e+00,1.155819e+00,1.223347e+00,1.221105e+00,1.104362e+00,1.207679e+00,1.313817e+00,1.279597e+00,1.134585e+00,1.110406e+00,1.783448e+00,1.162629e+00,1.600604e+00,1.038216e+01,nan,1.392253e+00,1.237719e+00,1.322891e+00,1.222078e+00,1.189791e+00,1.246165e+00,1.255214e+00,1.168535e+00,1.214258e+00,1.189248e+00,1.049299e+00,1.278403e+00,1.163661e+00,1.195823e+00,1.291850e+00,1.367200e+00,1.175822e+00,1.249422e+00,1.225353e+00,1.347311e+00,1.280287e+00,1.255254e+00,1.202354e+00,1.103561e+00,1.188001e+00,1.199108e+00,1.110000e+00,1.037741e+00,1.197789e+00,1.109670e+00,1.132973e+00,1.239074e+00,1.293264e+00,1.038721e+00,1.301767e+00,1.310783e+00,1.129720e+00,1.278367e+00,1.616557e+00,1.022789e+00,1.145620e+00,1.109697e+00,1.176827e+00,1.263239e+00,1.340946e+00,1.213411e+00,1.140993e+00,1.139030e+00,1.348873e+00,1.238295e+00,1.129007e+00,1.084245e+00,1.244974e+00,1.056571e+00,1.248497e+00,1.160484e+00,1.498057e+00,1.157500e+00,1.381692e+00,1.164967e+00,1.276950e+00,1.134594e+00,1.208946e+00,2.021773e+00,1.239014e+00,1.958797e+00,1.190211e+00,2.408227e+00,1.306824e+00,1.098212e+00,1.288450e+00,1.498215e+00,2.061330e+00,1.210462e+00,1.137185e+00,1.251576e+00,1.087697e+00,1.187830e+00,1.387803e+00,1.236552e+00,1.198580e+00,1.362368e+00,1.437631e+00,1.220664e+00,1.605474e+00,2.030251e+00,1.222997e+00,1.174901e+00,4.190479e+00,1.632357e+00,1.478389e+00,1.253186e+00,1.600908e+00,1.105660e+00,1.347021e+00,1.246916e+00,1.429793e+00,1.569736e+00,1.467002e+00,1.080431e+00,1.610422e+00,1.198297e+00,1.137479e+00,1.150481e+00,1.211750e+00,1.238659e+00,1.145044e+00,1.261320e+00,1.116709e+00,1.103550e+00,1.117619e+00,1.147406e+00,1.149304e+00,1.165912e+00,1.201902e+00,1.131083e+00,1.169510e+00,1.285064e+00,1.179098e+00,1.134163e+00,1.131240e+00,1.158665e+00,1.308558e+00,1.085717e+00,1.085661e+00,1.361432e+00,1.115595e+00,1.162119e+00,1.170165e+00,1.221228e+00,1.144100e+00
1.215167e+00,1.275496e+00,1.182355e+00,1.192779e+00,1.239136e+00,1.315128e+00,1.364160e+00,1.190599e+00,1.157210e+00,1.164820e+00,1.217214e+00,1.116515e+00,1.494894e+00,1.145632e+00,1.053932e+00,1.148280e+00,1.206106e+00,1.237306e+00,1.245831e+00,1.391975e+00,1.159354e+00,1.084325e+00,1.178339e+00,1.159673e+00,9.842001e-01,1.271727e+00,1.086120e+00,1.226871e+00,1.242638e+00,1.168865e+00,1.104931e+00,1.225728e+00,1.238102e+00,1.702950e+00,1.251340e+00,1.257869e+00,1.314987e+00,1.464877e+00,5.418024e+00,1.111304e+00,1.648487e+00,1.272976e+00,2.146311e+00,7.164048e+00,3.332108e+00,1.800737e+00,1.619727e+00,1.899654e+00,1.316509e+00,1.408544e+00,1.575311e+00,1.039474e+00,1.339650e+00,1.101408e+00,1.886177e+00,1.148012e+00,1.179412e+00,1.318869e+00,1.096230e+00,1.209229e+00,1.180395e+00,1.333529e+00,1.237109e+00,1.120514e+00,1.350792e+00,1.283561e+00,1.469703e+00,1.696770e+00,1.409757e+00,1.247748e+00,1.232539e+00,1.101287e+00,1.196833e+00,1.212934e+00,1.252901e+00,1.164146e+00,1.366050e+00,1.213104e+00,1.111170e+00,1.648154e+00,1.974186e+00,1.680923e+00,7.042303e+00,1.327151e+00,9.246482e+00,1.401275e+00,1.230041e+00,1.086731e+00,1.199494e+00,1.197901e+00,1.273950e+00,1.277531e+00,1.215964e+00,1.284076e+00,1.150378e+00,1.279994e+00,1.566721e+00,1.293374e+00,1.259791e+00,1.294249e+00,1.147352e+00,1.072453e+00,1.129069e+00,1.126725e+00,9.747912e-01,1.221129e+00,1.141935e+00,1.256353e+00,1.494479e+00,1.202470e+00,1.161166e+00,1.219186e+00,1.240519e+00,1.323342e+00,1.248420e+00,1.261158e+00,1.209861e+00,1.100642e+00,1.608207e+00,1.519637e+00,1.003409e+01,4.655776e+00,1.561446e+00,1.121548e+00,1.692957e+00,1.058987e+00,1.164075e+00,1.126184e+00,1.219391e+00,1.253879e+00,1.238242e+00,1.633514e+00,1.334031e+00,1.077040e+00,1.229269e+00,1.121001e+00,1.101654e+00,1.419651e+00,1.241682e+00,1.473879e+00,1.172513e+00,1.264830e+00,1.077513e+00,1.172394e+00,1.179325e+00,1.233029e+00,1.785065e+00,1.830891e+00,1.751808e+00,1.183196e+00,1.265640e+00,1.667034e+00,1.724110e+00,1.257180e+00,1.193607e+00,1.185655e+00,1.353782e+00,1.331464e+00,1.239839e+00,1.147188e+00,1.532656e+00,1.281829e+00,1.236436e+00,1.230257e+00,1.139602e+00,1.228813e+00,1.372728e+00,1.160058e+00,1.843329e+00,1.353513e+00,1.021970e+00,1.191909e+00,1.165057e+00,1.188687e+00,1.757734e+00,1.553657e+00,1.754069e+00,1.274541e+00,1.504596e+00,1.357190e+00,1.305051e+00,1.454016e+00,1.283934e+00,1.154101e+00,1.213794e+00,1.820083e+00,1.212716e+00,1.260789e+00,1.700795e+00,1.171687e+00,1.287473e+00,1.119555e+00,1.338144e+00,9.883978e-01,1.281688e+00,1.273837e+00,1.589419e+00,2.722710e+00,1.209242e+00,1.085662e+00,1.387207e+00,1.175022e+00,1.253080e+00,1.038892e+00,1.377764e+00,1.167972e+00,1.102214e+00,1.143265e+00,1.129460e+00,1.226574e+00,1.293459e+00,1.259731e+00,1.197950e+00,1.067698e+00,1.241016e+00
1.209895e+00,1.253879e+00,1.264438e+00,1.072609e+00,1.196810e+00,1.149486e+00,1.149500e+00,1.279810e+00,1.162106e+00,1.239911e+00,1.063987e+00,1.136621e+00,1.210514e+00,1.221140e+00,1.191145e+00,1.195811e+00,1.163014e+00,1.254374e+00,1.270762e+00,1.223884e+00,1.400212e+00,1.183668e+00,1.168155e+00,1.146125e+00,1.098534e+00,1.354355e+00,1.347236e+00,1.133885e+00,1.385946e+00,1.270532e+00,1.404483e+00,1.186616e+00,1.160559e+00,1.251279e+00,1.460118e+00,1.056648e+00,1.614034e+00,1.288718e+00,1.539093e+00,1.317708e+00,1.068879e+00,1.249856e+00,1.971911e+00,1.755673e+00,1.366278e+00,1.102951e+00,1.145861e+00,1.255496e+00,5.032240e+00,1.436303e+00,1.410207e+00,1.180026e+00,1.259863e+00,1.170246e+00,1.703579e+00,1.106400e+00,1.319368e+00,1.248445e+00,1.207240e+00,1.512735e+00,1.256569e+00,1.276085e+00,1.317775e+00,1.262236e+00,1.261508e+00,1.334978e+00,1.322889e+00,1.744685e+00,1.174634e+00,1.226332e+00,1.171798e+00,1.317473e+00,1.233539e+00,1.331738e+00,1.262024e+00,1.166435e+00,1.103177e+00,1.320621e+00,4.628186e+00,1.015492e+00,9.952138e+00,1.149109e+00,1.154282e+00,1.339134e+00,1.157169e+00,1.551308e+00,1.233971e+00,1.241875e+00,1.537826e+00,1.249880e+00,1.061742e+00,1.235955e+00,1.116484e+00,1.229628e+00,1.259816e+00,1.261348e+00,1.133504e+00,1.277095e+00,1.119213e+00,1.151360e+00,1.216751e+00,1.355828e+00,1.186772e+00,1.102121e+00,1.280006e+00,1.338915e+00,1.322090e+00,1.248281e+00,1.125273e+00,1.212991e+00,1.208660e+00,1.047527e+00,1.116024e+00,1.257006e+00,1.247955e+00,1.303356e+00,1.217014e+00,1.625996e+00,1.104698e+00,2.723141e+00,1.245813e+00,1.605643e+00,1.327644e+00,1.235775e+00,1.345626e+00,1.242155e+00,1.095449e+00,1.304747e+00,1.214365e+00,1.077730e+00,1.236686e+00,1.451308e+00,1.182424e+00,1.264650e+00,1.132031e+00,1.217855e+00,1.308337e+00,1.206779e+00,1.163681e+00,1.178998e+00,1.238482e+00,1.066209e+00,1.192237e+00,1.255693e+00,2.093616e+00,2.731111e+00,1.199231e+00,1.268766e+00,1.160660e+00,1.775429e+00,1.697137e+00,1.157528e+00,1.946775e+00,1.243715e+00,1.153619e+00,1.244549e+00,1.241463e+00,1.240469e+00,1.159483e+00,1.299352e+00,1.214234e+00,1.220139e+00,1.288848e+00,1.202059e+00,1.339759e+00,1.452635e+00,1.606318e+00,1.126652e+00,1.269875e+00,1.392296e+00,1.351367e+00,1.230671e+00,1.111641e+00,1.496315e+00,1.267847e+00,1.490135e+00,1.867758e+00,1.194244e+00,1.201392e+00,1.244382e+00,1.620855e+00,1.335919e+00,1.241627e+00,1.239633e+00,1.186747e+00,1.604990e+00,1.058125e+00,1.068076e+00,1.087630e+00,1.082727e+00,1.295835e+00,1.141634e+00,1.185021e+00,1.236915e+00,1.169537e+00,1.289037e+00,1.720567e+00,1.732530e+00,1.256911e+00,1.134535e+00,1.196921e+00,1.206179e+00,9.988267e-01,1.304867e+00,1.203561e+00,1.282728e+00,1.154575e+00,1.138138e+00,1.094187e+00,1.211110e+00,1.126714e+00,1.086931e+00,1.194320e+00,1.231087e+00,1.143972e+00
1.065436e+00,1.363828e+00,1.358524e+00,1.100358e+00,1.291255e+00,1.111705e+00,1.156808e+00,1.193739e+00,1.168156e+00,1.240695e+00,1.448604e+00,1.181030e+00,1.231537e+00,1.054544e+00,1.389950e+00,1.188205e+00,1.204196e+00,1.343291e+00,1.133523e+00,1.182057e+00,1.280584e+00,1.094254e+00,1.149494e+00,1.282839e+00,1.229345e+00,1.086397e+00,1.168239e+00,1.144978e+00,1.188480e+00,1.090979e+00,1.091235e+00,1.239371e+00,1.211292e+00,1.339201e+00,1.165725e+00,1.104077e+00,1.207319e+00,1.317718e+00,1.254703e+00,1.101148e+00,1.760287e+00,1.134022e+00,1.095630e+00,1.818585e+00,1.367529e+00,1.009462e+00,1.454640e+00,1.268418e+00,1.094040e+00,1.060017e+00,1.254245e+00,1.206644e+00,1.527278e+00,1.359374e+00,1.308185e+00,1.404031e+00,1.199109e+00,1.442992e+00,1.170503e+00,1.420011e+00,1.362363e+00,1.148084e+00,1.410309e+00,1.275942e+00,1.192522e+00,1.208690e+00,1.127948e+00,1.119030e+00,1.292110e+00,1.108799e+00,1.111599e+00,1.292657e+00,1.144027e+00,1.259310e+00,1.089395e+00,1.149283e+00,1.148214e+00,1.920027e+00,1.374806e+00,1.656776e+00,nan,8.077710e+00,1.156955e+00,1.454313e+00,1.495201e+00,1.240820e+00,1.291083e+00,2.182515e+00,2.218181e+00,9.287033e+00,1.173340e+00,1.306174e+00,1.129810e+00,1.168575e+00,1.186177e+00,1.166546e+00,1.208006e+00,1.217989e+00,1.225460e+00,1.124953e+00,1.251085e+00,1.190133e+00,1.149097e+00,1.165182e+00,1.181289e+00,1.053395e+00,1.446429e+00,1.160717e+00,1.235791e+00,1.171479e+00,1.218248e+00,1.226797e+00,1.183395e+00,1.204546e+00,1.140396e+00,1.680300e+00,1.358456e+00,1.932365e+00,1.412071e+00,1.059120e+00,1.220079e+00,1.150977e+00,1.085963e+00,1.114511e+00,1.247805e+00,1.189921e+00,1.014677e+00,1.452759e+00,1.150100e+00,1.110580e+00,1.220521e+00,1.261611e+00,1.241149e+00,1.188704e+00,1.099343e+00,1.145437e+00,1.383599e+00,1.235687e+00,1.433230e+00,1.115062e+00,1.213096e+00,1.190701e+00,1.414843e+00,9.572437e+00,1.412990e+00,1.031007e+01,2.333538e+00,1.131136e+00,1.198106e+00,1.098339e+00,1.666204e+00,1.183979e+00,1.231622e+00,1.176158e+00,1.661603e+00,1.178901e+00,1.171677e+00,9.814674e-01,1.671227e+00,1.213339e+00,1.190611e+00,1.114375e+00,1.324507e+00,1.436406e+00,1.262849e+00,1.290871e+00,7.243716e+00,1.178445e+00,1.056574e+00,1.194345e+00,1.224268e+00,1.289839e+00,7.435781e+00,1.150345e+00,1.385267e+00,1.333142e+00,1.084362e+00,1.356662e+00,1.086536e+00,1.112917e+00,1.535244e+00,1.850397e+00,1.095879e+00,1.775075e+00,1.150835e+00,1.110071e+00,1.139608e+00,1.175650e+00,1.076475e+00,1.187223e+00,1.256276e+00,1.308607e+00,1.319518e+00,1.101008e+00,1.292926e+00,1.314532e+00,1.009699e+01,1.629451e+00,1.223138e+00,1.356558e+00,1.397947e+00,1.124196e+00,1.277648e+00,1.389303e+00,1.113285e+00,1.220645e+00,1.254803e+00,1.180514e+00,1.189564e+00,1.160423e+00,1.197317e+00,1.211264e+00,1.184433e+00,1.250384e+00,1.348597e+00
1.312310e+00,1.191163e+00,1.226558e+00,1.262899e+00,1.126213e+00,1.248627e+00,1.232047e+00,1.114291e+00,1.327134e+00,1.247710e+00,1.255803e+00,1.334590e+00,1.082324e+00,1.246321e+00,1.297362e+00,1.187370e+00,1.239310e+00,1.106468e+00,1.106441e+00,1.305304e+00,1.316621e+00,1.080194e+00,1.154535e+00,1.297944e+00,1.052133e+00,1.160776e+00,1.019336e+00,1.100938e+00,1.063762e+00,1.241696e+00,1.153785e+00,1.150003e+00,1.107642e+00,1.113728e+00,1.322651e+00,1.223875e+00,1.442358e+00,1.056375e+00,9.762174e-01,1.780796e+00,1.323857e+00,1.483439e+00,1.021014e+00,1.301886e+00,1.183219e+00,1.474451e+00,1.488638e+00,1.330135e+00,1.286971e+00,1.214867e+00,1.377830e+00,1.415564e+00,1.210650e+00,1.284977e+00,1.229598e+00,1.313083e+00,1.239459e+00,1.429424e+00,1.294617e+00,1.550532e+00,1.370934e+00,1.175815e+00,1.651396e+00,1.284723e+00,1.144741e+00,1.266035e+00,1.637747e+00,1.397061e+00,1.165620e+00,1.140059e+00,1.233793e+00,1.085044e+00,1.255329e+00,1.161600e+00,1.241822e+00,1.206094e+00,1.225095e+00,2.865867e+00,1.080438e+00,1.310175e+00,1.475561e+00,1.317335e+00,1.179454e+00,1.132065e+00,1.192305e+00,1.337749e+00,1.227108e+00,1.585911e+00,1.121654e+00,1.079089e+00,9.880044e-01,1.473980e+00,1.233712e+00,1.247921e+00,1.150146e+00,1.346917e+00,1.187058e+00,1.221000e+00,1.235819e+00,1.298370e+00,1.302537e+00,1.525499e+00,1.125395e+00,1.195823e+00,1.192220e+00,1.366201e+00,1.006320e+00,1.234709e+00,1.057978e+00,8.486790e+00,4.756232e+00,1.663436e+00,1.196477e+00,7.210663e+00,1.325196e+00,1.120269e+00,1.242064e+00,1.206317e+00,1.334395e+00,1.222137e+00,1.173776e+00,1.048704e+00,1.592776e+00,1.267525e+00,1.232794e+00,1.253446e+00,1.337143e+00,1.134294e+00,1.292081e+00,1.276250e+00,1.343066e+00,1.152167e+00,1.036917e+00,1.153516e+00,1.140566e+00,1.144778e+00,1.339223e+00,1.307467e+00,1.149927e+00,1.106791e+00,1.490846e+00,1.041866e+01,nan,2.146188e+00,1.608701e+00,1.872553e+00,1.108257e+00,1.506519e+00,1.173657e+00,9.834702e-01,1.244514e+00,nan,1.124848e+00,1.520923e+00,1.319181e+00,1.438658e+00,1.193613e+00,1.189685e+00,1.191571e+00,1.567703e+00,1.575543e+00,1.214573e+00,1.261776e+00,1.360082e+00,1.286634e+00,1.281456e+00,1.856300e+00,1.280678e+00,1.231235e+00,1.286321e+00,1.268810e+00,1.304179e+00,1.155512e+00,2.801943e+00,1.701352e+00,1.323645e+00,1.344717e+00,1.322342e+00,1.319526e+00,1.489931e+00,1.221891e+00,1.408396e+00,1.350806e+00,1.719343e+00,1.063070e+00,1.900966e+00,1.122077e+00,1.236811e+00,1.249217e+00,1.572613e+00,1.289095e+00,1.126251e+00,1.379349e+00,1.302414e+00,1.161033e+00,1.014661e+00,1.403029e+00,1.172122e+00,1.169742e+00,1.332207e+00,1.242259e+00,1.017269e+00,1.129710e+00,1.063002e+00,1.138803e+00,1.353742e+00,1.229096e+00,1.055935e+00,1.108864e+00,1.160342e+00,1.137591e+00,1.213862e+00,1.235514e+00,1.215469e+00,1.140462e+00
1.112337e+00,1.122556e+00,1.368632e+00,1.339846e+00,1.262761e+00,1.275411e+00,1.315467e+00,1.233533e+00,1.297449e+00,1.206117e+00,1.240007e+00,1.143931e+00,1.268556e+00,1.436916e+00,1.135712e+00,1.246151e+00,1.450052e+00,1.301009e+00,1.323415e+00,1.237273e+00,1.217971e+00,1.393211e+00,1.131592e+00,1.141839e+00,1.185337e+00,1.159374e+00,1.419349e+00,1.211994e+00,1.340879e+00,1.170363e+00,1.197915e+00,1.273288e+00,1.287435e+00,1.160772e+00,1.239259e+00,1.125572e+00,1.192232e+00,1.262717e+00,1.752027e+00,1.203271e+00,1.159088e+00,1.315798e+00,1.263857e+00,1.309153e+00,1.699048e+00,1.211737e+00,1.222284e+00,1.395992e+00,1.243013e+00,1.183314e+00,1.150049e+00,1.286808e+00,1.256686e+00,1.011484e+00,1.855951e+00,1.170899e+00,1.309001e+00,1.418774e+00,1.211515e+00,1.153808e+00,1.247895e+00,1.265103e+00,1.260544e+00,1.085770e+00,1.557312e+00,1.334341e+00,1.438379e+00,1.801084e+00,1.099704e+00,1.301306e+00,1.559594e+00,1.277173e+00,1.302563e+00,1.315387e+00,1.490225e+00,1.453453e+00,1.134342e+00,1.545245e+00,1.600795e+00,2.992019e+00,1.023125e+01,1.514791e+00,1.239960e+00,1.269950e+00,1.682444e+00,1.455261e+00,2.847532e+00,1.327492e+00,1.710544e+00,1.047037e+00,1.200052e+00,1.168965e+00,1.174963e+00,1.394772e+00,1.171945e+00,1.210296e+00,1.489116e+00,1.241488e+00,1.183450e+00,1.372454e+00,1.218920e+00,1.435641e+00,1.332914e+00,1.206278e+00,1.146851e+00,1.313040e+00,1.187950e+00,1.409715e+00,8.681666e+00,2.023779e+00,5.144256e+00,1.410287e+00,1.198649e+00,1.584598e+00,2.195564e+00,1.412660e+00,1.739754e+00,1.322478e+00,1.233309e+00,1.328890e+00,1.380213e+00,1.324694e+00,1.261740e+00,1.299713e+00,1.173224e+00,1.157380e+00,1.336798e+00,1.778248e+00,1.257932e+00,9.994235e+00,1.295765e+00,1.394286e+00,1.214779e+00,1.091680e+00,1.214674e+00,1.088458e+00,1.257178e+00,1.125748e+00,1.693593e+00,nan,1.041866e+01,1.470564e+00,1.169196e+00,1.212558e+00,1.158056e+00,1.200015e+00,1.241358e+00,1.167938e+00,1.285569e+00,1.181661e+00,1.202372e+00,3.617908e+00,1.191267e+00,2.288459e+00,1.433863e+00,1.542261e+00,1.144199e+00,1.412606e+00,1.318686e+00,1.132153e+00,1.247924e+00,1.101987e+00,1.163851e+00,1.278313e+00,1.312666e+00,1.263995e+00,1.194892e+00,1.146257e+00,1.151883e+00,1.089302e+00,1.364039e+00,1.145551e+00,1.199474e+00,1.492303e+00,1.306136e+00,1.355542e+00,1.438158e+00,1.529287e+00,1.638682e+00,1.103641e+00,1.213021e+00,1.249554e+00,1.255943e+00,1.306701e+00,1.123220e+00,1.205035e+00,1.137984e+00,1.217272e+00,1.193882e+00,1.141712e+00,1.088120e+00,1.187622e+00,1.169243e+00,1.146393e+00,1.297237e+00,1.438587e+00,1.108826e+00,1.491997e+00,1.200255e+00,1.162542e+00,1.228253e+00,1.383369e+00,1.166633e+00,1.171096e+00,1.296648e+00,1.179596e+00,1.223508e+00,1.316052e+00,1.208229e+00,1.207844e+00,1.224281e+00,1.296230e+00,1.360935e+00,1.284074e+00,1.213109e+00
1.307398e+00,1.271074e+00,1.200488e+00,1.201096e+00,1.335331e+00,1.294655e+00,1.300266e+00,1.223884e+00,1.372429e+00,1.235402e+00,1.229573e+00,1.367853e+00,1.294095e+00,1.179697e+00,1.231341e+00,1.250966e+00,1.217391e+00,1.356760e+00,1.233705e+00,1.341942e+00,1.318958e+00,1.227104e+00,1.308925e+00,1.226808e+00,1.180363e+00,1.284606e+00,1.254845e+00,1.316907e+00,1.381136e+00,1.323746e+00,1.361934e+00,1.291625e+00,1.207576e+00,1.067362e+00,1.241653e+00,1.114534e+00,1.505548e+00,1.227141e+00,1.177623e+00,1.369795e+00,1.267153e+00,1.249026e+00,1.236798e+00,1.078265e+00,1.241767e+00,1.194489e+00,1.125483e+00,1.240226e+00,1.227930e+00,1.373594e+00,1.360531e+00,1.281637e+00,1.038590e+00,1.087435e+00,1.343053e+00,1.315678e+00,1.207116e+00,1.309492e+00,1.216271e+00,1.203544e+00,1.269735e+00,1.264289e+00,1.152248e+00,1.580485e+00,1.489069e+00,1.209918e+00,1.472128e+00,2.159904e+00,1.471455e+00,1.147437e+00,1.497044e+00,1.134387e+00,1.275698e+00,1.370847e+00,1.277231e+00,1.211665e+00,1.236864e+00,1.725530e+00,6.625176e+00,nan,2.027360e+00,1.911728e+00,1.306353e+00,5.319024e+00,1.596269e+00,1.255293e+00,2.136221e+00,1.318087e+00,1.288142e+00,1.214007e+00,1.351403e+00,1.172115e+00,1.285098e+00,1.314096e+00,1.148951e+00,1.186807e+00,1.281883e+00,1.221120e+00,1.344364e+00,1.182023e+00,1.994308e+00,1.298308e+00,1.400959e+00,1.371666e+00,1.295566e+00,1.343347e+00,1.295389e+00,1.198928e+00,1.414098e+00,1.344994e+00,1.041866e+01,1.462562e+00,1.584104e+00,1.790878e+00,1.525611e+00,4.376605e+00,2.098466e+00,1.784070e+00,6.865960e+00,1.998789e+00,2.190899e+00,1.289525e+00,1.214889e+00,1.546529e+00,5.805941e+00,1.515842e+00,1.213369e+00,1.257945e+00,1.305218e+00,1.136776e+00,9.794801e+00,1.808070e+00,1.248966e+00,1.266308e+00,1.149638e+00,1.150683e+00,1.013279e+01,1.041866e+01,nan,1.765045e+00,1.192075e+00,1.589638e+00,3.745429e+00,1.175656e+00,1.272132e+00,1.213640e+00,1.307222e+00,2.942117e+00,1.218016e+00,1.273978e+00,1.463045e+00,1.199673e+00,1.196691e+00,1.111586e+00,1.067233e+00,1.158285e+00,1.124697e+00,1.533731e+00,1.387638e+00,1.258641e+00,1.570115e+00,1.524316e+00,1.769546e+00,1.792087e+00,1.331129e+00,1.481604e+00,1.199827e+00,1.244936e+00,1.379116e+00,1.315335e+00,1.269936e+00,1.246795e+00,1.311640e+00,1.812254e+00,3.446367e+00,1.235093e+00,1.269020e+00,1.385321e+00,1.280754e+00,1.279788e+00,1.169650e+00,1.528805e+00,1.407865e+00,1.795638e+00,1.285953e+00,1.557458e+00,1.761916e+00,1.290193e+00,1.244948e+00,1.663798e+00,1.366455e+00,1.229262e+00,1.295859e+00,1.299803e+00,1.291943e+00,1.289621e+00,1.671330e+00,1.323004e+00,1.267803e+00,1.232545e+00,1.216656e+00,1.342709e+00,1.143032e+00,1.195553e+00,1.296588e+00,1.202701e+00,1.332014e+00,1.147268e+00,1.269121e+00,1.537904e+00,1.237639e+00,1.181448e+00,1.168250e+00,1.169127e+00,1.151104e+00
1.262590e+00,1.397470e+00,1.163014e+00,1.359473e+00,1.333368e+00,1.256242e+00,1.264262e+00,1.227094e+00,1.122789e+00,1.216590e+00,1.333644e+00,1.428274e+00,1.430267e+00,1.252728e+00,1.074699e+00,1.140541e+00,1.414218e+00,1.338781e+00,1.317488e+00,1.192394e+00,1.367301e+00,1.217439e+00,1.079383e+00,1.106371e+00,1.268534e+00,1.351498e+00,1.371357e+00,1.338615e+00,1.220624e+00,1.244482e+00,1.365512e+00,1.240211e+00,1.249008e+00,1.246046e+00,1.351750e+00,1.279568e+00,1.143053e+00,1.491468e+00,1.204056e+00,1.435175e+00,1.295296e+00,1.201768e+00,1.580427e+00,1.267935e+00,1.122595e+00,1.651926e+00,1.275786e+00,1.406061e+00,1.404873e+00,1.267973e+00,1.431207e+00,1.324819e+00,1.287257e+00,1.268324e+00,1.109302e+00,1.172263e+00,1.242797e+00,1.189250e+00,1.172908e+00,1.396927e+00,1.376535e+00,1.037733e+00,1.164195e+00,1.172879e+00,1.950034e+00,1.239099e+00,1.456528e+00,1.146461e+00,1.227137e+00,1.243637e+00,1.131875e+00,1.749370e+00,1.282339e+00,1.158233e+00,1.276670e+00,1.221779e+00,1.081714e+00,1.240149e+00,2.461225e+00,1.340160e+00,1.415250e+00,1.858223e+00,1.289591e+00,1.874162e+00,1.232692e+00,1.314113e+00,1.263021e+00,6.348876e+00,1.236792e+00,1.273035e+00,1.262266e+00,1.178422e+00,1.148387e+00,1.185854e+00,1.192354e+00,1.212602e+00,1.317602e+00,1.275339e+00,1.325680e+00,1.274167e+00,1.285736e+00,1.787113e+00,1.272156e+00,1.427817e+00,1.416316e+00,1.203045e+00,1.344245e+00,1.191934e+00,1.215040e+00,1.111998e+00,1.935637e+00,1.153472e+00,1.243510e+00,1.736256e+00,1.447080e+00,1.989838e+00,1.433430e+00,8.367082e+00,1.369567e+00,1.232681e+00,1.291559e+00,3.236982e+00,1.367459e+00,1.156108e+00,1.452617e+00,1.262555e+00,1.248185e+00,1.282406e+00,1.226388e+00,1.595832e+00,1.255489e+00,1.181015e+00,1.343588e+00,1.089061e+00,1.301779e+00,1.630815e+00,1.041866e+01,1.474089e+00,2.121092e+00,1.657809e+00,1.122162e+00,1.407142e+00,1.371545e+00,1.244121e+00,1.315351e+00,1.295841e+00,1.261424e+00,1.299430e+00,1.386139e+00,1.182203e+00,1.328280e+00,1.613623e+00,1.250679e+00,1.535057e+00,1.224131e+00,1.207244e+00,1.155862e+00,1.296406e+00,1.588427e+00,1.367523e+00,1.148896e+00,1.309580e+00,1.186712e+00,1.297975e+00,1.702810e+00,1.198183e+00,1.221227e+00,1.237545e+00,1.211709e+00,1.308677e+00,1.371599e+00,1.145897e+00,1.465787e+00,1.984645e+00,1.286371e+00,1.278801e+00,1.715591e+00,1.155453e+00,1.325680e+00,1.294103e+00,1.253904e+00,1.779016e+00,1.063791e+00,1.353177e+00,1.979310e+00,1.303332e+00,1.210360e+00,1.636862e+00,1.283418e+00,1.364101e+00,1.250942e+00,1.217312e+00,1.252818e+00,1.190058e+00,7.244668e+00,1.311405e+00,1.243416e+00,1.132120e+00,1.323921e+00,1.297999e+00,1.102961e+00,1.321768e+00,1.424066e+00,1.187411e+00,1.225938e+00,1.232449e+00,1.260447e+00,1.298918e+00,1.104838e+00,1.067522e+00,1.255075e+00,1.392252e+00,1.333008e+00,1.193281e+00,1.217350e+00
1.386767e+00,1.309267e+00,1.096505e+00,1.164898e+00,1.227691e+00,1.300748e+00,1.310917e+00,1.116039e+00,1.207687e+00,1.262231e+00,1.483963e+00,1.344017e+00,1.342312e+00,1.348789e+00,1.278413e+00,1.237354e+00,1.299893e+00,1.241348e+00,1.257707e+00,1.245502e+00,1.272633e+00,1.241575e+00,1.289528e+00,1.300137e+00,1.191245e+00,1.308894e+00,1.201926e+00,1.182047e+00,1.208700e+00,1.149894e+00,1.392656e+00,1.244643e+00,1.193996e+00,1.185341e+00,1.234202e+00,1.123395e+00,1.259115e+00,1.347376e+00,1.062708e+00,1.435303e+00,1.460713e+00,1.327860e+00,1.209142e+00,1.158257e+00,1.199183e+00,1.239451e+00,2.070731e+00,1.268160e+00,1.267795e+00,1.266946e+00,1.209443e+00,1.582445e+00,1.268379e+00,1.189882e+00,1.206598e+00,1.290735e+00,1.257684e+00,1.384578e+00,1.347564e+00,1.153410e+00,1.302509e+00,1.248851e+00,1.330550e+00,1.181930e+00,1.021660e+00,1.062041e+00,1.376356e+00,1.277242e+00,1.950172e+00,1.264080e+00,1.140511e+00,1.737267e+00,1.160274e+00,1.326790e+00,1.336735e+00,1.421491e+00,1.256403e+00,1.665825e+00,1.466177e+00,1.035068e+01,1.924016e+00,1.660133e+00,5.597512e+00,1.527153e+00,1.270811e+00,1.713280e+00,nan,1.589773e+00,1.140199e+00,1.218269e+00,1.248095e+00,1.301512e+00,1.595896e+00,1.255285e+00,1.253098e+00,1.101740e+00,2.064680e+00,1.104977e+00,1.176934e+00,1.246099e+00,1.498793e+00,1.613330e+00,1.184787e+00,1.097092e+00,nan,1.621592e+00,1.220532e+00,1.433213e+00,1.812516e+00,1.035211e+00,1.108505e+00,1.178415e+00,1.069685e+00,1.522141e+00,1.185062e+00,1.658913e+00,1.380295e+00,1.199767e+00,1.236768e+00,1.451117e+00,1.449135e+00,2.020908e+00,1.703742e+00,1.170307e+00,1.623621e+00,2.001673e+00,1.801531e+00,1.328313e+00,1.315189e+00,1.352970e+00,1.287719e+00,1.054781e+00,1.242351e+00,1.809476e+00,1.235819e+00,1.894323e+00,2.000855e+00,1.301066e+00,1.232689e+00,1.481827e+00,1.134698e+00,1.551886e+00,1.194447e+00,1.778806e+00,1.102954e+00,1.380241e+00,1.565750e+00,1.858628e+00,1.187229e+00,1.114725e+00,1.361750e+00,1.141828e+00,1.388317e+00,1.142068e+00,1.244580e+00,1.103044e+00,1.202176e+00,1.400895e+00,1.167834e+00,1.356621e+00,1.312397e+00,1.469615e+00,1.405010e+00,1.334729e+00,1.683383e+00,1.206605e+00,1.452969e+00,1.343863e+00,1.119836e+00,1.304118e+00,1.467894e+00,1.104112e+00,1.175228e+00,1.128469e+00,1.529099e+00,1.766287e+00,1.363845e+00,1.240151e+00,1.879001e+00,1.377991e+00,1.402331e+00,1.834881e+00,1.364486e+00,1.365227e+00,1.151786e+00,1.285046e+00,1.604146e+00,1.262815e+00,1.320462e+00,1.407030e+00,1.273561e+00,1.263651e+00,1.325884e+00,1.142224e+00,1.375735e+00,1.427818e+00,1.552307e+00,1.208007e+00,1.076300e+00,1.281238e+00,1.235920e+00,1.190263e+00,1.288873e+00,1.120248e+00,1.249805e+00,1.140926e+00,1.231924e+00,1.272474e+00,1.202917e+00,1.172552e+00,1.272006e+00,1.118990e+00,1.163674e+00,1.111586e+00,1.168018e+00
1.203487e+00,1.212097e+00,1.373665e+00,1.247973e+00,1.299691e+00,1.312501e+00,1.216031e+00,1.166295e+00,1.224546e+00,1.172559e+00,1.360245e+00,1.276347e+00,1.233516e+00,1.325756e+00,1.105521e+00,1.310477e+00,1.096879e+00,1.306294e+00,1.292764e+00,1.224457e+00,1.142334e+00,1.303568e+00,1.126329e+00,1.420394e+00,1.203653e+00,1.307206e+00,1.277947e+00,1.172082e+00,1.256875e+00,1.299917e+00,1.331383e+00,1.467473e+00,1.353346e+00,1.358998e+00,1.190959e+00,1.178294e+00,1.388164e+00,1.168213e+00,1.116970e+00,4.684602e+00,1.301038e+00,1.311322e+00,1.265758e+00,1.264986e+00,1.326780e+00,1.290141e+00,1.141539e+00,1.326167e+00,1.408640e+00,1.170678e+00,1.321215e+00,2.122252e+00,1.227052e+00,1.115096e+00,1.427969e+00,1.200083e+00,1.360724e+00,1.333355e+00,1.178931e+00,1.239431e+00,1.305575e+00,1.114838e+00,1.195800e+00,1.215861e+00,1.097629e+00,1.932950e+00,1.242449e+00,1.703090e+00,1.263907e+00,1.174000e+00,1.264525e+00,1.385510e+00,1.314321e+00,1.272090e+00,1.212612e+00,1.272941e+00,1.116061e+00,1.265339e+00,1.176355e+00,1.248633e+00,1.449199e+00,1.191737e+00,1.134708e+00,1.219478e+00,1.185603e+00,1.657572e+00,1.442368e+00,1.285526e+00,1.188201e+00,1.000841e+00,1.234694e+00,1.351313e+00,1.552171e+00,1.429641e+00,1.326915e+00,1.209616e+00,1.267500e+00,1.253670e+00,1.252964e+00,1.176253e+00,1.273835e+00,1.866487e+00,1.489946e+00,1.155685e+00,1.283791e+00,1.096990e+00,1.234538e+00,1.237330e+00,1.102443e+00,1.354894e+00,1.146708e+00,1.123717e+00,1.240896e+00,1.286192e+00,1.325326e+00,1.241602e+00,1.270576e+00,5.659781e+00,1.783930e+00,1.291159e+00,1.540069e+00,1.305265e+00,1.615850e+00,1.335050e+00,2.886965e+00,1.149293e+00,1.247515e+00,1.410668e+00,nan,1.389392e+00,1.391515e+00,2.963564e+00,9.604345e+00,2.138043e+00,7.280820e+00,1.809967e+00,1.091117e+00,2.024292e+00,1.478801e+00,1.188470e+00,1.463000e+00,1.328478e+00,1.168193e+00,1.192226e+00,1.163782e+00,1.280715e+00,1.264837e+00,1.245252e+00,1.478864e+00,1.934403e+00,1.270736e+00,1.457411e+00,1.342101e+00,1.206135e+00,1.254571e+00,1.154964e+00,1.164764e+00,1.268790e+00,1.869568e+00,1.697128e+00,1.367518e+00,1.608995e+00,1.665496e+00,1.278885e+00,1.484461e+00,1.289552e+00,1.152873e+00,1.065697e+00,1.605364e+00,2.171061e+00,1.265325e+00,9.367617e+00,1.052524e+00,1.499023e+00,1.289801e+00,1.053799e+00,1.760899e+00,1.306308e+00,1.302022e+00,1.111934e+00,1.179673e+00,1.401254e+00,1.235443e+00,1.898782e+00,1.193999e+00,1.327495e+00,1.422617e+00,1.168587e+00,1.210795e+00,1.169573e+00,1.367247e+00,1.316802e+00,1.174180e+00,1.854448e+00,1.786852e+00,1.571746e+00,1.170837e+00,1.113341e+00,1.168803e+00,1.404811e+00,1.185754e+00,1.266057e+00,1.408261e+00,1.163332e+00,1.265549e+00,1.207247e+00,1.272094e+00,1.279990e+00,1.305450e+00,1.195255e+00,1.332107e+00,1.103109e+00,1.088370e+00,1.194579e+00,1.117303e+00
1.200014e+00,1.131333e+00,1.302839e+00,1.217428e+00,1.289749e+00,1.327847e+00,1.281555e+00,1.228178e+00,1.220592e+00,1.316188e+00,1.207473e+00,1.126161e+00,1.366286e+00,1.288063e+00,1.265368e+00,1.176800e+00,1.176210e+00,1.236100e+00,1.264911e+00,1.238764e+00,1.305850e+00,1.137292e+00,1.205247e+00,1.310678e+00,1.257742e+00,1.088022e+00,1.315579e+00,1.164442e+00,1.263043e+00,1.216599e+00,1.073938e+00,1.303348e+00,1.211815e+00,1.195472e+00,1.412120e+00,1.221449e+00,1.255949e+00,1.235137e+00,1.160216e+00,1.220329e+00,1.269562e+00,1.193693e+00,1.249217e+00,1.334914e+00,1.039352e+00,1.129484e+00,1.101850e+00,1.260973e+00,1.391801e+00,1.304864e+00,1.201803e+00,1.347717e+00,1.211500e+00,1.164431e+00,1.129591e+00,1.279012e+00,1.031267e+00,1.838567e+00,1.341445e+00,1.288183e+00,1.424206e+00,1.285788e+00,1.354609e+00,1.147061e+00,1.031160e+00,1.461505e+00,1.516694e+00,1.275083e+00,1.609958e+00,1.638826e+00,1.246934e+00,9.869768e-01,1.681959e+00,1.152948e+00,1.150877e+00,1.314580e+00,1.479454e+00,1.762590e+00,1.589916e+00,9.733608e+00,nan,2.166145e+00,1.427405e+00,1.321255e+00,1.229845e+00,1.360540e+00,2.246550e+00,1.429666e+00,1.312629e+00,1.391566e+00,1.091349e+00,1.224625e+00,1.169389e+00,1.276808e+00,1.291297e+00,1.153990e+00,1.280368e+00,1.212300e+00,1.207183e+00,1.228516e+00,1.030298e+00,1.242495e+00,1.292804e+00,1.125527e+00,1.210586e+00,1.345422e+00,1.162758e+00,1.402239e+00,1.557476e+00,1.178990e+00,1.547784e+00,1.241805e+00,1.531479e+00,1.213215e+00,1.216773e+00,1.243983e+00,1.108139e+00,1.751009e+00,1.708539e+00,1.234025e+00,1.574429e+00,1.850320e+00,1.444939e+00,1.190302e+00,1.160443e+00,1.230211e+00,1.320394e+00,1.848883e+00,1.645391e+00,1.311445e+00,1.656860e+00,1.246386e+00,1.196452e+00,1.592571e+00,1.118755e+00,1.169001e+00,1.239123e+00,1.508769e+00,1.161395e+00,1.258015e+00,1.297783e+00,1.708793e+00,1.573010e+00,1.331619e+00,1.685743e+00,1.156392e+00,1.252584e+00,1.260863e+00,1.319044e+00,1.079465e+00,1.112403e+00,1.797482e+00,1.098293e+00,1.267963e+00,1.345697e+00,1.271878e+00,1.288759e+00,1.233237e+00,1.288750e+00,1.212111e+00,1.227867e+00,1.206701e+00,1.128749e+00,1.315244e+00,1.301962e+00,1.400539e+00,1.403272e+00,1.471486e+00,2.787111e+00,1.234870e+00,1.506926e+00,1.393581e+00,1.398082e+00,1.142700e+00,1.137244e+00,1.436607e+00,1.368249e+00,1.219923e+00,1.262192e+00,1.293870e+00,1.270349e+00,1.301330e+00,1.247816e+00,1.322916e+00,1.317785e+00,1.283182e+00,1.540755e+00,1.275738e+00,1.144902e+00,1.297997e+00,1.360412e+00,1.194417e+00,1.159276e+00,1.439993e+00,1.375666e+00,1.445694e+00,1.482322e+00,1.266427e+00,1.179995e+00,1.287236e+00,1.113158e+00,1.239120e+00,1.411306e+00,1.187232e+00,1.308724e+00,1.209518e+00,1.258734e+00,1.101392e+00,1.122115e+00,1.143053e+00,1.194592e+00,1.197621e+00,1.223978e+00,1.178122e+00,1.289574e+00
1.271722e+00,1.148339e+00,1.350816e+00,1.184296e+00,1.305196e+00,1.307525e+00,1.326938e+00,1.334359e+00,1.248105e+00,1.169573e+00,1.195775e+00,1.272846e+00,1.229829e+00,1.342514e+00,1.186416e+00,1.274110e+00,1.316059e+00,1.240437e+00,1.213827e+00,1.258211e+00,1.208581e+00,1.232539e+00,1.314068e+00,1.379410e+00,1.243032e+00,1.310040e+00,1.143761e+00,1.419555e+00,1.287578e+00,1.177708e+00,1.304202e+00,1.180528e+00,1.214668e+00,1.349119e+00,1.138534e+00,1.105264e+00,1.328785e+00,1.328738e+00,1.294831e+00,1.284928e+00,1.140597e+00,1.263955e+00,1.256796e+00,1.041802e+00,1.094673e+00,1.376688e+00,1.201628e+00,1.244980e+00,1.224990e+00,1.306691e+00,1.270896e+00,1.273214e+00,2.135895e+00,1.868421e+00,1.174763e+00,1.349081e+00,1.403266e+00,1.203889e+00,1.214259e+00,1.300126e+00,1.448751e+00,1.600562e+00,1.212049e+00,1.117638e+00,1.369619e+00,1.138555e+00,1.438315e+00,1.357138e+00,1.190622e+00,1.271406e+00,1.282255e+00,1.268197e+00,1.227455e+00,1.339463e+00,1.134816e+00,1.168277e+00,1.257475e+00,1.228767e+00,1.148407e+00,1.336944e+00,1.255373e+00,1.167261e+00,1.774405e+00,1.260641e+00,1.145828e+00,1.229116e+00,1.329676e+00,1.229573e+00,1.244608e+00,1.271649e+00,1.244224e+00,1.345997e+00,1.278866e+00,1.341898e+00,1.370254e+00,1.385036e+00,1.173423e+00,1.239797e+00,1.322897e+00,1.287420e+00,1.222451e+00,1.360901e+00,1.254027e+00,1.181764e+00,1.709689e+00,1.203514e+00,1.330411e+00,1.387706e+00,1.093981e+00,1.303667e+00,1.116397e+00,1.499749e+00,1.225433e+00,1.321727e+00,1.341544e+00,1.838075e+00,1.202656e+00,1.320399e+00,1.243838e+00,1.984501e+00,1.301849e+00,1.483485e+00,1.229656e+00,1.501592e+00,1.228724e+00,1.458005e+00,1.342163e+00,1.385782e+00,1.248882e+00,1.104981e+00,1.292207e+00,1.387409e+00,1.254394e+00,2.121228e+00,1.515813e+00,1.447311e+00,1.170611e+00,1.533163e+00,1.049586e+00,1.158373e+00,1.265445e+00,1.137771e+00,1.550679e+00,1.380234e+00,1.291225e+00,1.508028e+00,1.453430e+00,1.280644e+00,6.395806e+00,1.322113e+00,1.534773e+00,1.259787e+00,1.846176e+00,1.246579e+00,1.111136e+00,2.100721e+00,1.481796e+00,1.601753e+00,2.152788e+00,1.388472e+00,1.213227e+00,1.414729e+00,1.141057e+00,1.297064e+00,1.492062e+00,1.306507e+00,1.234353e+00,1.392284e+00,1.269637e+00,1.407758e+00,1.477107e+00,1.292455e+00,1.276686e+00,1.506146e+00,1.180736e+00,1.198233e+00,1.207924e+00,1.333660e+00,1.353014e+00,1.303799e+00,1.355584e+00,1.192559e+00,1.185806e+00,1.195519e+00,1.249841e+00,1.148909e+00,1.231986e+00,1.237323e+00,1.364833e+00,1.381210e+00,1.232966e+00,1.312935e+00,1.302300e+00,1.515775e+00,1.636782e+00,1.088499e+00,1.272879e+00,1.163401e+00,1.252646e+00,1.288792e+00,1.177885e+00,1.396468e+00,1.328961e+00,1.348459e+00,1.236312e+00,1.376000e+00,1.264533e+00,1.237065e+00,1.028631e+00,1.300321e+00,1.325180e+00,1.227387e+00,1.345598e+00,1.558515e+00,1.303118e+00
1.197155e+00,1.250770e+00,1.239828e+00,1.184488e+00,1.416603e+00,1.364105e+00,1.201901e+00,1.215118e+00,1.130649e+00,1.277646e+00,1.141948e+00,1.168067e+00,1.199615e+00,1.247770e+00,1.124033e+00,1.096835e+00,1.261114e+00,1.216913e+00,1.289636e+00,1.228114e+00,1.192528e+00,1.371144e+00,1.351992e+00,1.272691e+00,1.223254e+00,1.245514e+00,1.164536e+00,1.216933e+00,1.280687e+00,1.242471e+00,1.384679e+00,1.289904e+00,1.149592e+00,1.287496e+00,1.178674e+00,1.088671e+00,1.365308e+00,1.217021e+00,1.178902e+00,1.196431e+00,1.165161e+00,1.237887e+00,1.249424e+00,1.276164e+00,1.282160e+00,1.079692e+00,1.256274e+00,1.251933e+00,1.227146e+00,1.161627e+00,1.840698e+00,1.186889e+00,1.220387e+00,1.275340e+00,1.197880e+00,1.227626e+00,1.237201e+00,1.150724e+00,1.163998e+00,1.932034e+00,1.245541e+00,1.439879e+00,1.133729e+00,1.270145e+00,1.290152e+00,1.158450e+00,1.236259e+00,1.302736e+00,1.215633e+00,1.234715e+00,1.313478e+00,1.348596e+00,1.363655e+00,1.319274e+00,1.535475e+00,1.306026e+00,1.320390e+00,1.335581e+00,1.242400e+00,1.354738e+00,1.200297e+00,1.394260e+00,1.372554e+00,1.178491e+00,1.331030e+00,1.314119e+00,1.362906e+00,1.242251e+00,1.305552e+00,1.463329e+00,1.259537e+00,1.293549e+00,1.262640e+00,1.295804e+00,1.312462e+00,1.220980e+00,1.173124e+00,1.124801e+00,1.212640e+00,1.281718e+00,1.164795e+00,1.193163e+00,1.224809e+00,1.148453e+00,1.538194e+00,1.453793e+00,1.333855e+00,1.178771e+00,1.187471e+00,1.293309e+00,1.229689e+00,1.320613e+00,1.432116e+00,4.063450e+00,1.242203e+00,1.435727e+00,1.301062e+00,1.750461e+00,1.319436e+00,1.314513e+00,1.293742e+00,1.286858e+00,1.128191e+00,1.806733e+00,1.390991e+00,1.481983e+00,1.343658e+00,1.214521e+00,1.212293e+00,1.308195e+00,1.361742e+00,1.259963e+00,1.157625e+00,1.186888e+00,1.303838e+00,1.681099e+00,1.211766e+00,1.230914e+00,1.226397e+00,1.107586e+00,1.623183e+00,2.172520e+00,1.358801e+00,1.540500e+00,1.124200e+00,1.253721e+00,1.998690e+00,1.216352e+00,1.639138e+00,1.212434e+00,1.395515e+00,1.324235e+00,1.284837e+00,1.291566e+00,1.256601e+00,1.501949e+00,1.583909e+00,1.226741e+00,1.336137e+00,1.754291e+00,1.832607e+00,1.349010e+00,1.363266e+00,1.173409e+00,1.343661e+00,1.132246e+00,1.202457e+00,1.267562e+00,1.477809e+00,1.256333e+00,1.058643e+00,1.182385e+00,1.122145e+00,1.239853e+00,4.823685e+00,1.380568e+00,1.313857e+00,1.071000e+00,1.315280e+00,1.308427e+00,1.066538e+00,1.395667e+00,1.297122e+00,1.589392e+00,1.291266e+00,1.192085e+00,1.373299e+00,1.331232e+00,1.298748e+00,1.266822e+00,1.318247e+00,1.187079e+00,1.271454e+00,1.205529e+00,1.155526e+00,1.248813e+00,1.222563e+00,1.347172e+00,1.410390e+00,1.220244e+00,1.297912e+00,1.079762e+00,1.139574e+00,1.161941e+00,1.287245e+00,1.293288e+00,1.144079e+00,1.173142e+00,1.155666e+00,1.214284e+00,1.077807e+00,1.308077e+00,1.184496e+00,1.171357e+00,1.366396e+00
1.221977e+00,1.189489e+00,1.354847e+00,1.371809e+00,1.193532e+00,1.221609e+00,1.467414e+00,1.298707e+00,1.151605e+00,1.324410e+00,1.171747e+00,1.205144e+00,1.343097e+00,1.100666e+00,1.426272e+00,1.166720e+00,1.345949e+00,1.408806e+00,1.319284e+00,1.251049e+00,1.174787e+00,1.230404e+00,1.475521e+00,1.137823e+00,1.269686e+00,1.223765e+00,1.417468e+00,1.205594e+00,1.172426e+00,1.229960e+00,1.248379e+00,1.193195e+00,1.418423e+00,1.268339e+00,1.313794e+00,1.256047e+00,1.399970e+00,1.312213e+00,1.029755e+00,1.237945e+00,1.178166e+00,1.177241e+00,1.212900e+00,1.670170e+00,1.235725e+00,1.395906e+00,1.966645e+00,1.356923e+00,1.251471e+00,1.072813e+00,1.345363e+00,1.285993e+00,1.248236e+00,1.210484e+00,1.361718e+00,1.290918e+00,1.197719e+00,1.101832e+00,1.061510e+00,1.355368e+00,1.198274e+00,1.294124e+00,1.097090e+00,1.207438e+00,1.253815e+00,1.208494e+00,1.240368e+00,1.473763e+00,1.327710e+00,2.094117e+00,1.235748e+00,1.171105e+00,1.021941e+00,1.298887e+00,1.155467e+00,1.201113e+00,1.156898e+00,1.263207e+00,1.139197e+00,1.448765e+00,1.099560e+00,1.334287e+00,1.249190e+00,1.202636e+00,1.488942e+00,1.392279e+00,1.178651e+00,1.105221e+00,1.280388e+00,1.170485e+00,1.431414e+00,1.296940e+00,1.112410e+00,1.178903e+00,1.274603e+00,1.264777e+00,1.270481e+00,1.195851e+00,1.091845e+00,nan,1.041866e+01,nan,1.261255e+00,1.307802e+00,1.306055e+00,1.222050e+00,1.238611e+00,1.746383e+00,1.420390e+00,1.209196e+00,1.235793e+00,1.644775e+00,1.573561e+00,1.510369e+00,1.969365e+00,1.170888e+00,2.164821e+00,1.375651e+00,1.455913e+00,2.224970e+00,1.199788e+00,1.494525e+00,1.589358e+00,1.228390e+00,1.340097e+00,1.080416e+00,1.158008e+00,1.631955e+00,1.290835e+00,1.205622e+00,1.236190e+00,1.258325e+00,1.305626e+00,1.647714e+00,1.216972e+00,1.105112e+00,1.190878e+00,1.228851e+00,1.237732e+00,1.241605e+00,1.320596e+00,1.316142e+00,1.284187e+00,1.372579e+00,1.213933e+00,1.179619e+00,1.279309e+00,1.254355e+00,2.318489e+00,1.099685e+00,1.208877e+00,1.210309e+00,1.067714e+00,1.266435e+00,1.320238e+00,1.094028e+00,1.678858e+00,1.719663e+00,1.225152e+00,1.389898e+00,1.237306e+00,1.115671e+00,1.449082e+00,1.158862e+00,1.411597e+00,1.345485e+00,1.335796e+00,1.482793e+00,9.446617e+00,2.789719e+00,1.325880e+00,1.245296e+00,1.627831e+00,1.256852e+00,1.201477e+00,1.742243e+00,1.568892e+00,1.178806e+00,1.269783e+00,1.272319e+00,1.240508e+00,1.374960e+00,1.147565e+00,1.217451e+00,1.255894e+00,1.162758e+00,1.128560e+00,1.216250e+00,1.164695e+00,1.159807e+00,1.196789e+00,1.780750e+00,1.310037e+00,1.667118e+00,1.166366e+00,1.308701e+00,1.395879e+00,1.157642e+00,1.237928e+00,1.232762e+00,1.367540e+00,1.206284e+00,1.356589e+00,1.206696e+00,1.274135e+00,1.332219e+00,1.249414e+00,1.150713e+00,1.119891e+00,1.284278e+00,1.148891e+00,1.170288e+00,1.253795e+00,1.244414e+00,1.183453e+00
1.273832e+00,1.269152e+00,1.352748e+00,1.171463e+00,1.210394e+00,1.270409e+00,1.208969e+00,1.144730e+00,1.259943e+00,1.224211e+00,1.182467e+00,1.194912e+00,1.264523e+00,1.202602e+00,1.123923e+00,1.273648e+00,1.282298e+00,1.226814e+00,1.169916e+00,1.333248e+00,1.372388e+00,1.264581e+00,1.228310e+00,1.272859e+00,1.257938e+00,1.300852e+00,1.227345e+00,1.201340e+00,1.191313e+00,1.384197e+00,1.241604e+00,1.139176e+00,1.187893e+00,1.181553e+00,1.153434e+00,1.282849e+00,1.448118e+00,1.691524e+00,1.345547e+00,1.201140e+00,1.163997e+00,1.179207e+00,1.160130e+00,1.292422e+00,1.236896e+00,1.188338e+00,1.403392e+00,1.173742e+00,1.444543e+00,1.229977e+00,1.186721e+00,1.102725e+00,1.407727e+00,1.226664e+00,1.110357e+00,1.175706e+00,1.358804e+00,1.250310e+00,1.547753e+00,1.331248e+00,1.221619e+00,1.301238e+00,1.456690e+00,1.214197e+00,1.161186e+00,1.463126e+00,1.252223e+00,1.349353e+00,1.849324e+00,1.377070e+00,1.163957e+00,1.786170e+00,1.086225e+00,1.174872e+00,1.186869e+00,1.181089e+00,1.429698e+00,1.301695e+00,9.161650e+00,2.114264e+00,9.985481e+00,1.347321e+00,1.627400e+00,1.924885e+00,1.938345e+00,1.187744e+00,1.610323e+00,1.365386e+00,1.321843e+00,1.251946e+00,1.315043e+00,1.165125e+00,2.098993e+00,2.632359e+00,2.937485e+00,1.334487e+00,1.248258e+00,1.389980e+00,2.417311e+00,1.378292e+00,1.673198e+00,9.505782e+00,1.153260e+00,1.258550e+00,1.291840e+00,1.243569e+00,1.202178e+00,1.145097e+00,1.238665e+00,1.313518e+00,1.162356e+00,1.952183e+00,1.180901e+00,1.234238e+00,1.281233e+00,1.172576e+00,1.257577e+00,1.264349e+00,1.038051e+00,1.391113e+00,1.222513e+00,1.631535e+00,1.329271e+00,1.111178e+00,1.404587e+00,1.244494e+00,1.191357e+00,1.219740e+00,1.261178e+00,1.310650e+00,1.221041e+00,1.330827e+00,1.358307e+00,1.218478e+00,1.273069e+00,1.388524e+00,1.304393e+00,1.304189e+00,1.223510e+00,1.254395e+00,1.192665e+00,1.318235e+00,1.147555e+00,1.622017e+00,1.224759e+00,1.786141e+00,1.344019e+00,1.405132e+00,1.203630e+00,1.772585e+00,1.221602e+00,1.178797e+00,1.290202e+00,1.133598e+00,1.754478e+00,2.219800e+00,1.236139e+00,1.425655e+00,1.360681e+00,1.977859e+00,1.211102e+00,1.286239e+00,1.204018e+00,1.335179e+00,1.208284e+00,1.600474e+00,2.727006e+00,1.236654e+00,1.239232e+00,2.160416e+00,1.270980e+00,1.423234e+00,1.863211e+00,1.312395e+00,1.119070e+00,1.438836e+00,1.372334e+00,1.301770e+00,1.168588e+00,1.354971e+00,1.193093e+00,1.202883e+00,1.269655e+00,1.307942e+00,1.220834e+00,1.177889e+00,1.290022e+00,1.290891e+00,1.253609e+00,1.268541e+00,1.212873e+00,1.897454e+00,1.387221e+00,1.778177e+00,1.271911e+00,1.263792e+00,1.246478e+00,1.203113e+00,1.305890e+00,1.295960e+00,1.212608e+00,1.158603e+00,1.257855e+00,1.447515e+00,1.318680e+00,1.267576e+00,1.153952e+00,1.278608e+00,1.335245e+00,1.199448e+00,1.127245e+00,1.276484e+00,1.129876e+00,1.213661e+00,1.326680e+00
1.195447e+00,1.285871e+00,1.301967e+00,1.236524e+00,1.067564e+00,1.192694e+00,1.340171e+00,1.294126e+00,1.244154e+00,1.163589e+00,1.425766e+00,1.341238e+00,1.099677e+00,1.349609e+00,1.251747e+00,1.228597e+00,1.332895e+00,1.174547e+00,1.243960e+00,1.303542e+00,1.134696e+00,1.238888e+00,1.242124e+00,1.224419e+00,1.426519e+00,1.186114e+00,1.312249e+00,1.231791e+00,1.154027e+00,1.198396e+00,1.182861e+00,1.221076e+00,1.227117e+00,1.262619e+00,1.251928e+00,1.193761e+00,1.164713e+00,1.144950e+00,1.171312e+00,1.305926e+00,1.240180e+00,1.324573e+00,1.428879e+00,1.193508e+00,1.132880e+00,1.394258e+00,1.194906e+00,1.121750e+00,1.399971e+00,1.352939e+00,1.457426e+00,1.436443e+00,1.268087e+00,1.271371e+00,1.293892e+00,1.183827e+00,1.621566e+00,2.181669e+00,1.121722e+00,1.321811e+00,1.217388e+00,1.227175e+00,2.085878e+00,1.245296e+00,1.324600e+00,1.182874e+00,1.348895e+00,1.255489e+00,1.189761e+00,1.290821e+00,1.186514e+00,1.346736e+00,1.137828e+00,1.235902e+00,1.318040e+00,1.238033e+00,1.368599e+00,1.251489e+00,1.216253e+00,1.307323e+00,1.375128e+00,2.085842e+00,1.381633e+00,2.247564e+00,1.366307e+00,1.362724e+00,1.757456e+00,1.437563e+00,1.288844e+00,2.281538e+00,1.662336e+00,1.191913e+00,1.176147e+00,1.286299e+00,1.215655e+00,1.252461e+00,1.375578e+00,1.417499e+00,1.677538e+00,2.141142e+00,1.179081e+00,1.785736e+00,1.126890e+00,1.572238e+00,1.294415e+00,1.184236e+00,1.180712e+00,1.222179e+00,1.231619e+00,1.221812e+00,1.370441e+00,1.270863e+00,1.148352e+00,1.236882e+00,1.378512e+00,1.171171e+00,1.096596e+00,1.252876e+00,1.672570e+00,2.107468e+00,1.411663e+00,1.183297e+00,1.374125e+00,1.216614e+00,1.306453e+00,1.167020e+00,1.271257e+00,1.303947e+00,1.995947e+00,1.381810e+00,1.395006e+00,1.143863e+00,1.087371e+00,1.342941e+00,1.315413e+00,1.199837e+00,1.304897e+00,1.179575e+00,1.331178e+00,1.298752e+00,1.306497e+00,1.197776e+00,1.153074e+00,1.314742e+00,1.185072e+00,1.110451e+00,1.252104e+00,1.481413e+00,1.443585e+00,1.321705e+00,1.164522e+00,2.084775e+00,1.395070e+00,1.392480e+00,1.198123e+00,1.259324e+00,1.748822e+00,1.317666e+00,1.345759e+00,1.219387e+00,1.630644e+00,1.137091e+00,9.829192e-01,1.286348e+00,1.619331e+00,1.276416e+00,9.602636e+00,1.151813e+00,1.790968e+00,1.477716e+00,1.603466e+00,1.622547e+00,1.151704e+00,1.701437e+00,1.229386e+00,1.745733e+00,1.137058e+00,1.333685e+00,1.091952e+00,1.238026e+00,1.344016e+00,1.184249e+00,1.279929e+00,1.378368e+00,1.230171e+00,1.131723e+00,1.200390e+00,1.201424e+00,1.100438e+00,1.308185e+00,1.317391e+00,1.131875e+00,1.801683e+00,1.201256e+00,1.422976e+00,1.442339e+00,1.202926e+00,1.316465e+00,1.380138e+00,1.174884e+00,1.329671e+00,1.316755e+00,1.380388e+00,1.438704e+00,1.293819e+00,1.149118e+00,1.169421e+00,1.171536e+00,1.151689e+00,1.234457e+00,1.397035e+00,1.307924e+00,1.519075e+00,1.203501e+00,1.385031e+00
1.272848e+00,1.247468e+00,1.287585e+00,1.295329e+00,1.171350e+00,1.238754e+00,1.079249e+00,1.235882e+00,1.329890e+00,1.336377e+00,1.199887e+00,1.269144e+00,1.205572e+00,1.140174e+00,1.285166e+00,1.210358e+00,1.216633e+00,1.161980e+00,1.228871e+00,1.225921e+00,1.438265e+00,1.203032e+00,1.141329e+00,1.252878e+00,1.309967e+00,1.181633e+00,1.246220e+00,1.190982e+00,1.160146e+00,1.307305e+00,1.198970e+00,1.195849e+00,1.175345e+00,1.271385e+00,1.191235e+00,1.351342e+00,1.165637e+00,1.234936e+00,1.145054e+00,1.198694e+00,1.132469e+00,1.256161e+00,1.383249e+00,1.207306e+00,1.036684e+00,1.264775e+00,1.143045e+00,1.181656e+00,1.263690e+00,1.204108e+00,1.308040e+00,1.297224e+00,1.191981e+00,1.100108e+00,1.106442e+00,1.330209e+00,1.261510e+00,1.370860e+00,1.291731e+00,1.372027e+00,1.375752e+00,1.216177e+00,1.201797e+00,1.453909e+00,1.305987e+00,1.205628e+00,1.200380e+00,1.131929e+00,1.131589e+00,1.310359e+00,1.063092e+00,1.121485e+00,1.191651e+00,1.288382e+00,9.768496e-01,1.094605e+00,1.279989e+00,1.148533e+00,1.416770e+00,1.114095e+00,1.208186e+00,1.172939e+00,1.538758e+00,1.272894e+00,1.081855e+00,1.251083e+00,1.515135e+00,1.272523e+00,2.163203e+00,1.178548e+00,1.328377e+00,1.273786e+00,1.285118e+00,1.081329e+00,1.300532e+00,1.266144e+00,1.391333e+00,1.341205e+00,1.237980e+00,1.325358e+00,1.046874e+00,1.178070e+00,2.306661e+00,1.414433e+00,1.524751e+00,9.460304e+00,9.185600e+00,2.271279e+00,1.316915e+00,1.296776e+00,1.247231e+00,1.174840e+00,1.945682e+00,1.194318e+00,1.310984e+00,1.347434e+00,1.207074e+00,1.435149e+00,1.253963e+00,1.822683e+00,1.281644e+00,1.204491e+00,1.426164e+00,1.247835e+00,1.178260e+00,1.301527e+00,1.318972e+00,1.146394e+00,1.287107e+00,1.144381e+00,1.358519e+00,1.437614e+00,1.259994e+00,1.419645e+00,1.587556e+00,1.179961e+00,1.224731e+00,1.235453e+00,1.263058e+00,1.334840e+00,1.029969e+00,1.319473e+00,2.126729e+00,1.322748e+00,1.219819e+00,1.561655e+00,1.280072e+00,1.232381e+00,1.908608e+00,1.068727e+00,1.338885e+00,1.187161e+00,1.387979e+00,1.204297e+00,1.299808e+00,1.239692e+00,1.078441e+00,1.218352e+00,1.272954e+00,1.168534e+00,1.162495e+00,1.317318e+00,1.229775e+00,1.142071e+00,2.304011e+00,1.562412e+00,1.412175e+00,1.716728e+00,1.834208e+00,1.237361e+00,1.154553e+00,1.317322e+00,1.189140e+00,1.151296e+00,1.341395e+00,1.275884e+00,1.060815e+00,1.144381e+00,1.126350e+00,1.181813e+00,1.264896e+00,1.133370e+00,1.134510e+00,1.334547e+00,1.206406e+00,1.117333e+00,1.308788e+00,1.195309e+00,1.395785e+00,1.181175e+00,1.190724e+00,1.251250e+00,1.968513e+00,1.228008e+00,1.144683e+00,1.229827e+00,1.273971e+00,1.395988e+00,1.079594e+00,1.391609e+00,1.299623e+00,1.314846e+00,1.251984e+00,1.159674e+00,1.337660e+00,1.482151e+00,1.159376e+00,1.265999e+00,1.240176e+00,1.295628e+00,1.268793e+00,1.264379e+00,1.224045e+00,1.330201e+00,1.351519e+00
1.191532e+00,1.243932e+00,1.288689e+00,1.253455e+00,1.220744e+00,1.176484e+00,1.308308e+00,1.204028e+00,1.383497e+00,1.237509e+00,1.308727e+00,1.132017e+00,1.568506e+00,1.266782e+00,1.403192e+00,1.310184e+00,1.203343e+00,1.282815e+00,1.257743e+00,1.287736e+00,1.238203e+00,1.097425e+00,1.299127e+00,1.198179e+00,1.315491e+00,1.182454e+00,1.211825e+00,1.258837e+00,1.329000e+00,1.296601e+00,1.150316e+00,1.341877e+00,1.152942e+00,1.158888e+00,1.237316e+00,1.279769e+00,1.273842e+00,1.164726e+00,1.368885e+00,1.080918e+00,1.226396e+00,1.299745e+00,1.108528e+00,1.206295e+00,1.939556e+00,1.308147e+00,1.357807e+00,1.235661e+00,1.220276e+00,1.055621e+00,1.238088e+00,1.222525e+00,1.113846e+00,1.042016e+00,1.212437e+00,1.145554e+00,1.215411e+00,2.335312e+00,1.432044e+00,1.087265e+00,1.303371e+00,1.129497e+00,1.187735e+00,1.323325e+00,1.298650e+00,1.647932e+00,1.574982e+00,1.877716e+00,1.885970e+00,1.272157e+00,1.277666e+00,1.352451e+00,1.114087e+00,1.199858e+00,1.279989e+00,1.115862e+00,1.137022e+00,1.264504e+00,1.185971e+00,1.172138e+00,1.249933e+00,1.361751e+00,1.424734e+00,1.428698e+00,1.551371e+00,1.168108e+00,1.487261e+00,1.148821e+00,1.072829e+00,1.219915e+00,1.164865e+00,1.191986e+00,1.300282e+00,1.271436e+00,1.096340e+00,2.029418e+00,1.213926e+00,1.274677e+00,1.158630e+00,1.258383e+00,1.096626e+00,1.130993e+00,1.245273e+00,1.247953e+00,1.161987e+00,1.187572e+00,1.390784e+00,1.284767e+00,1.162996e+00,1.316655e+00,1.888787e+00,1.096714e+00,1.206887e+00,1.261643e+00,1.188369e+00,1.371034e+00,1.216587e+00,1.265642e+00,1.088871e+00,1.419196e+00,1.342398e+00,1.322961e+00,1.298455e+00,1.277106e+00,1.193808e+00,1.262029e+00,1.210154e+00,1.278872e+00,1.179275e+00,1.304275e+00,1.342122e+00,1.211611e+00,1.265038e+00,1.296260e+00,1.348873e+00,1.403467e+00,1.209511e+00,1.247232e+00,1.227372e+00,1.356390e+00,1.487172e+00,1.249366e+00,1.267239e+00,1.266559e+00,1.306681e+00,1.339993e+00,1.219890e+00,1.279703e+00,1.211463e+00,1.353280e+00,1.201334e+00,1.345363e+00,1.315006e+00,1.201413e+00,1.285438e+00,1.163494e+00,1.308943e+00,3.825720e+00,1.339160e+00,1.310858e+00,1.329159e+00,1.153944e+00,1.145324e+00,1.351700e+00,1.269208e+00,1.236300e+00,1.654086e+00,1.223042e+00,1.229015e+00,1.649678e+00,1.235409e+00,1.208130e+00,1.275386e+00,1.194551e+00,1.325389e+00,1.250322e+00,1.132302e+00,1.185742e+00,1.253290e+00,1.300467e+00,1.214409e+00,1.393617e+00,1.208419e+00,1.250322e+00,1.285838e+00,1.085538e+00,1.152711e+00,1.263628e+00,1.189176e+00,1.217354e+00,1.817902e+00,1.257359e+00,1.191770e+00,1.173157e+00,1.282743e+00,1.211308e+00,1.205083e+00,1.308972e+00,1.280837e+00,1.128621e+00,1.322734e+00,1.261165e+00,1.257678e+00,1.277208e+00,1.090936e+00,1.287492e+00,1.264171e+00,1.347530e+00,1.257328e+00,1.280811e+00,1.293386e+00,1.297216e+00,1.253173e+00,1.246675e+00,1.200562e+00
1.450349e+00,1.394614e+00,1.399505e+00,1.222456e+00,1.221431e+00,1.465698e+00,1.343010e+00,1.194886e+00,1.392730e+00,1.278190e+00,1.310584e+00,1.223720e+00,1.197025e+00,1.428743e+00,1.336584e+00,1.426506e+00,1.317727e+00,1.137956e+00,1.203075e+00,1.132989e+00,1.539819e+00,1.253298e+00,1.366463e+00,1.510002e+00,1.114684e+00,1.220272e+00,1.199152e+00,1.185220e+00,1.233168e+00,1.324012e+00,1.315303e+00,1.159881e+00,1.480228e+00,1.222882e+00,1.470412e+00,1.337397e+00,1.276197e+00,1.098447e+00,1.318051e+00,1.427666e+00,1.133031e+00,1.256437e+00,1.247375e+00,1.372106e+00,1.246500e+00,1.218698e+00,1.313431e+00,1.131534e+00,1.296488e+00,1.250730e+00,1.295553e+00,1.131483e+00,1.228027e+00,1.294972e+00,1.129014e+00,1.061838e+00,1.267047e+00,1.514272e+00,1.409390e+00,1.503055e+00,1.302162e+00,1.203369e+00,1.281767e+00,1.205923e+00,1.395367e+00,1.237358e+00,1.571262e+00,1.595431e+00,1.170988e+00,1.960227e+00,1.105977e+00,1.124572e+00,1.382943e+00,1.200394e+00,1.118089e+00,1.241344e+00,1.133904e+00,1.408699e+00,1.247385e+00,1.229777e+00,1.176625e+00,1.185917e+00,1.621137e+00,1.347358e+00,1.521535e+00,1.318718e+00,1.407806e+00,1.231564e+00,1.369802e+00,1.297665e+00,1.284412e+00,1.135660e+00,1.296757e+00,1.211455e+00,1.310769e+00,1.046113e+00,1.257501e+00,1.255580e+00,1.441245e+00,1.837571e+00,1.360721e+00,1.872647e+00,1.245363e+00,1.159356e+00,1.151849e+00,1.362066e+00,1.502297e+00,1.410829e+00,1.325236e+00,1.445382e+00,1.818401e+00,1.167234e+00,1.177193e+00,1.236010e+00,1.168591e+00,1.293228e+00,1.440807e+00,1.258913e+00,1.187330e+00,1.037012e+01,nan,2.249139e+00,1.371929e+00,1.304487e+00,1.178382e+00,6.232443e+00,1.354223e+00,1.360593e+00,1.334956e+00,1.140407e+00,1.319528e+00,1.258317e+00,1.164963e+00,1.267463e+00,1.346476e+00,1.432317e+00,1.125439e+00,1.238438e+00,1.212445e+00,2.106624e+00,1.299178e+00,1.581443e+00,1.198823e+00,1.541341e+00,1.851421e+00,1.157008e+00,1.319601e+00,1.268291e+00,1.148680e+00,1.262276e+00,1.175015e+00,2.063043e+00,1.535526e+00,1.328601e+00,1.197116e+00,1.272238e+00,2.006601e+00,1.341496e+00,1.175257e+00,1.197019e+00,1.397557e+00,1.115635e+00,1.449356e+00,1.404291e+00,2.773803e+00,1.310538e+00,1.283418e+00,2.430252e+00,1.467224e+00,1.112575e+00,1.184399e+00,1.301504e+00,1.165339e+00,1.322834e+00,1.299870e+00,1.294697e+00,1.197354e+00,1.237088e+00,1.268793e+00,1.218835e+00,1.224106e+00,1.294731e+00,1.090379e+00,1.339504e+00,1.161444e+00,1.276620e+00,1.328177e+00,1.287262e+00,1.264815e+00,1.430065e+00,1.930285e+00,1.209068e+00,1.379642e+00,1.451434e+00,1.292220e+00,1.241500e+00,1.267848e+00,1.332263e+00,1.214855e+00,1.306193e+00,1.307869e+00,1.298521e+00,1.152910e+00,1.245853e+00,1.370251e+00,1.333760e+00,1.154401e+00,1.181662e+00,1.321579e+00,1.106979e+00,1.256213e+00,1.279937e+00,1.190237e+00,1.246824e+00,1.194206e+00
1.200782e+00,1.229211e+00,1.167910e+00,1.258440e+00,1.274716e+00,1.297307e+00,1.144762e+00,1.127281e+00,1.273953e+00,1.372724e+00,1.295756e+00,1.705227e+00,1.317167e+00,1.275956e+00,1.235881e+00,1.257461e+00,1.341904e+00,1.432076e+00,1.251600e+00,1.404010e+00,1.399648e+00,1.221704e+00,1.170057e+00,1.270855e+00,1.288106e+00,1.035249e+00,1.138392e+00,1.245606e+00,1.231692e+00,1.183305e+00,1.186569e+00,1.313734e+00,1.308371e+00,1.271097e+00,1.225720e+00,1.333529e+00,1.189660e+00,1.435142e+00,1.268392e+00,1.151841e+00,1.215529e+00,1.178888e+00,1.407693e+00,1.304120e+00,1.260523e+00,1.269786e+00,1.284989e+00,1.333115e+00,1.088262e+00,1.354560e+00,1.294209e+00,1.194385e+00,1.212515e+00,1.307055e+00,1.524328e+00,1.355970e+00,1.165006e+00,1.344077e+00,1.277823e+00,1.407789e+00,1.280941e+00,1.427527e+00,1.733634e+00,1.250726e+00,1.237788e+00,1.205275e+00,1.372953e+00,1.249579e+00,1.219175e+00,1.184387e+00,1.291814e+00,1.335250e+00,1.367842e+00,1.256540e+00,1.240301e+00,1.324665e+00,1.333179e+00,1.433188e+00,1.161115e+00,1.202113e+00,1.166864e+00,1.281595e+00,1.376669e+00,1.307493e+00,1.141256e+00,1.611594e+00,1.161871e+00,1.368990e+00,1.115871e+00,1.265154e+00,1.182025e+00,1.334269e+00,1.210876e+00,2.464306e+00,1.185795e+00,1.322253e+00,1.121258e+00,1.335001e+00,1.678668e+00,1.388721e+00,1.328206e+00,1.328203e+00,1.237083e+00,1.238288e+00,1.331985e+00,1.486615e+00,1.229745e+00,1.191396e+00,1.190499e+00,1.177961e+00,1.309194e+00,2.070336e+00,2.781107e+00,1.152325e+00,1.359917e+00,1.325141e+00,1.266252e+00,1.210609e+00,1.260161e+00,1.308141e+00,1.142618e+00,1.204215e+00,1.872256e+00,1.257643e+00,1.295903e+00,1.246444e+00,1.195545e+00,1.882952e+00,1.368649e+00,1.348253e+00,1.130021e+00,1.139143e+00,1.376405e+00,1.200308e+00,1.281886e+00,1.243503e+00,1.562320e+00,1.175562e+00,1.243474e+00,1.080515e+00,1.473761e+00,1.212675e+00,1.334077e+00,1.850795e+00,1.124065e+00,1.188368e+00,1.273076e+00,1.378165e+00,1.210851e+00,1.527529e+00,1.337494e+00,1.130300e+00,1.300722e+00,1.224209e+00,1.217869e+00,1.676811e+00,1.956487e+00,1.322588e+00,1.183184e+00,1.307108e+00,1.253246e+00,1.588969e+00,1.284640e+00,1.228630e+00,2.585697e+00,1.282073e+00,1.221170e+00,1.352002e+00,1.143379e+00,1.102491e+00,1.095059e+00,1.549430e+00,1.232694e+00,1.189183e+00,1.297044e+00,1.401375e+00,1.119304e+00,1.191087e+00,1.191343e+00,1.242220e+00,1.282631e+00,1.189792e+00,1.213323e+00,1.234874e+00,1.268784e+00,1.198533e+00,1.374315e+00,1.293508e+00,2.066702e+00,1.384375e+00,1.278654e+00,1.209243e+00,1.221878e+00,1.186869e+00,1.180383e+00,1.285947e+00,1.205960e+00,1.305666e+00,1.282994e+00,1.384634e+00,1.290552e+00,1.148868e+00,1.168881e+00,1.069659e+00,1.232927e+00,1.336609e+00,1.319359e+00,1.176466e+00,1.212029e+00,1.401806e+00,1.285227e+00,1.257205e+00,1.322554e+00,1.263762e+00,1.259090e+00
1.360625e+00,1.251356e+00,1.140083e+00,1.193091e+00,1.182227e+00,1.180353e+00,1.379294e+00,1.148724e+00,1.360881e+00,1.355829e+00,1.306270e+00,1.423168e+00,1.161801e+00,1.353557e+00,1.340500e+00,1.195345e+00,1.189951e+00,1.236209e+00,1.221926e+00,1.271366e+00,1.450791e+00,1.181417e+00,1.163362e+00,1.292270e+00,1.339033e+00,1.324637e+00,1.131988e+00,1.310238e+00,1.227660e+00,1.032717e+00,1.236753e+00,1.179801e+00,1.200187e+00,1.242488e+00,1.279601e+00,1.051369e+00,1.277298e+00,1.197943e+00,1.440131e+00,1.312186e+00,1.395716e+00,1.258279e+00,1.252505e+00,1.203288e+00,1.408084e+00,1.301177e+00,1.364470e+00,1.338684e+00,1.268709e+00,1.243117e+00,1.180839e+00,1.155023e+00,1.307722e+00,1.288986e+00,1.088563e+00,1.580939e+00,1.259491e+00,1.048748e+00,1.184908e+00,1.160639e+00,1.342747e+00,1.273394e+00,1.432145e+00,1.311767e+00,1.257313e+00,1.308915e+00,1.265593e+00,1.273223e+00,1.323616e+00,1.194407e+00,1.277258e+00,1.203432e+00,1.259786e+00,2.099321e+00,1.382771e+00,1.307277e+00,1.247334e+00,1.403866e+00,1.092934e+00,1.207367e+00,1.189478e+00,1.111843e+00,1.107186e+00,1.235486e+00,1.334442e+00,1.210079e+00,1.203590e+00,1.315653e+00,1.218020e+00,1.125903e+00,1.274010e+00,1.122541e+00,1.389285e+00,1.286188e+00,1.386110e+00,1.396488e+00,1.262814e+00,1.146090e+00,1.318642e+00,1.255349e+00,1.306536e+00,4.752161e+00,1.166549e+00,1.302318e+00,1.299590e+00,1.527369e+00,1.289352e+00,1.299626e+00,1.282710e+00,1.392341e+00,1.280745e+00,1.561791e+00,1.143594e+00,1.137090e+00,1.306401e+00,1.215298e+00,1.119865e+00,1.363493e+00,1.137185e+00,1.409542e+00,1.206543e+00,1.848969e+00,1.275716e+00,1.188376e+00,1.137477e+00,1.190590e+00,1.142995e+00,1.232543e+00,1.434625e+00,1.150234e+00,1.335325e+00,1.327869e+00,1.366682e+00,1.447668e+00,1.323049e+00,5.021386e+00,1.197279e+00,1.057282e+00,1.187075e+00,2.199770e+00,1.944276e+00,1.606502e+00,1.206980e+00,2.308066e+00,1.201099e+00,1.853518e+00,1.283202e+00,1.181762e+00,1.145166e+00,1.322383e+00,1.327146e+00,1.316476e+00,1.426349e+00,1.243341e+00,1.160702e+00,1.591797e+00,1.321947e+00,1.192087e+00,1.275342e+00,1.266645e+00,1.162833e+00,1.261381e+00,1.290939e+00,1.376151e+00,1.279846e+00,1.297578e+00,1.327307e+00,1.236641e+00,1.580558e+00,1.204809e+00,1.248191e+00,1.426221e+00,1.479271e+00,1.268629e+00,1.084607e+00,1.182820e+00,1.159627e+00,1.589966e+00,1.314200e+00,1.779306e+00,1.180373e+00,1.507396e+00,1.164055e+00,1.317199e+00,1.185279e+00,1.329068e+00,1.401988e+00,1.187281e+00,1.521510e+00,1.164755e+00,1.251252e+00,1.246307e+00,1.122656e+00,1.480166e+00,1.283230e+00,1.399124e+00,1.108740e+00,1.349954e+00,1.141441e+00,1.236435e+00,1.402563e+00,1.244973e+00,1.321543e+00,1.318720e+00,1.263138e+00,1.167068e+00,1.276067e+00,1.269339e+00,1.298557e+00,1.265926e+00,1.264926e+00,1.309121e+00,1.364124e+00,1.307259e+00,1.367418e+00
1.229943e+00,1.577451e+00,1.185069e+00,1.255521e+00,1.247978e+00,1.145898e+00,1.107093e+00,1.305708e+00,1.228723e+00,1.142564e+00,1.346765e+00,1.175120e+00,1.227153e+00,1.102154e+00,1.233545e+00,1.168736e+00,1.345864e+00,1.291466e+00,1.305304e+00,1.217345e+00,1.228061e+00,1.271656e+00,1.221903e+00,1.143717e+00,1.298119e+00,1.186381e+00,1.194402e+00,1.221322e+00,1.141946e+00,1.335204e+00,1.362418e+00,1.102973e+00,1.169018e+00,1.297297e+00,1.242395e+00,1.170763e+00,1.258061e+00,1.229527e+00,1.160460e+00,1.389628e+00,1.337981e+00,1.310265e+00,1.379056e+00,1.244376e+00,1.550210e+00,1.343048e+00,1.213560e+00,1.329058e+00,1.390975e+00,1.207077e+00,1.337592e+00,1.123884e+00,1.482715e+00,1.238217e+00,1.346278e+00,1.280697e+00,1.340597e+00,1.208634e+00,1.377633e+00,1.293778e+00,1.254340e+00,1.259233e+00,1.272099e+00,1.386483e+00,1.501969e+00,1.236103e+00,1.261727e+00,1.307924e+00,1.190991e+00,1.143174e+00,1.173561e+00,1.285471e+00,1.370841e+00,1.233351e+00,1.140035e+00,1.220211e+00,1.148280e+00,1.183558e+00,1.378356e+00,1.422269e+00,1.160385e+00,1.279501e+00,1.161484e+00,1.338680e+00,1.129845e+00,1.356601e+00,1.339666e+00,1.304437e+00,1.189096e+00,1.309307e+00,1.144621e+00,1.326632e+00,1.315514e+00,1.265440e+00,1.228300e+00,1.119066e+00,1.154819e+00,1.351601e+00,1.218397e+00,1.144197e+00,1.165011e+00,1.296857e+00,1.254147e+00,1.228082e+00,1.351588e+00,1.163933e+00,1.152669e+00,1.191664e+00,1.265857e+00,1.374346e+00,1.347714e+00,1.280416e+00,1.205037e+00,1.187714e+00,1.227134e+00,1.178601e+00,1.182636e+00,1.161822e+00,1.165477e+00,1.901465e+00,1.270622e+00,1.101355e+00,1.082704e+00,1.116654e+00,1.381645e+00,1.313179e+00,1.275881e+00,1.550906e+00,1.429482e+00,1.278604e+00,1.229471e+00,1.183716e+00,1.446623e+00,1.357879e+00,1.458321e+00,1.136562e+00,1.270722e+00,1.362295e+00,1.164171e+00,1.393078e+00,1.261114e+00,1.325372e+00,1.286972e+00,1.381537e+00,1.350902e+00,1.260602e+00,1.868859e+00,1.330676e+00,1.294957e+00,1.101088e+00,1.199586e+00,1.823906e+00,1.226107e+00,1.315834e+00,1.095961e+00,1.462944e+00,1.253703e+00,1.327488e+00,1.261826e+00,1.353454e+00,1.341860e+00,1.515126e+00,1.137931e+00,1.276839e+00,1.406541e+00,1.730065e+00,1.160118e+00,1.109620e+00,1.428898e+00,1.312298e+00,1.242705e+00,1.313411e+00,1.380003e+00,1.203176e+00,1.885062e+00,1.174189e+00,1.198103e+00,1.231245e+00,1.309650e+00,1.083664e+00,1.230915e+00,1.208321e+00,1.481242e+00,1.244629e+00,1.219540e+00,1.245331e+00,2.055634e+00,1.057919e+00,1.306280e+00,1.168256e+00,1.207243e+00,1.427682e+00,1.189135e+00,1.274988e+00,1.125793e+00,1.331143e+00,1.396330e+00,1.155501e+00,1.263029e+00,1.331866e+00,1.175486e+00,1.226726e+00,1.231736e+00,1.371338e+00,1.104537e+00,1.149223e+00,1.242933e+00,1.200009e+00,1.203537e+00,1.215912e+00,1.151019e+00,1.192268e+00,1.136260e+00,1.234558e+00,1.459024e+00
1.163269e+00,1.288705e+00,1.335535e+00,1.277491e+00,1.147474e+00,1.157254e+00,1.368433e+00,1.242028e+00,1.338101e+00,1.212048e+00,1.223584e+00,1.444394e+00,1.325324e+00,1.163138e+00,1.299958e+00,1.295626e+00,1.366123e+00,1.415087e+00,1.187801e+00,1.344529e+00,1.202616e+00,1.250378e+00,1.254268e+00,1.241862e+00,1.335902e+00,1.205730e+00,1.277300e+00,1.231288e+00,1.125409e+00,1.193509e+00,1.238616e+00,1.356396e+00,1.233173e+00,1.188880e+00,1.256504e+00,1.215381e+00,1.210020e+00,1.260710e+00,1.385994e+00,1.285756e+00,1.554614e+00,1.243699e+00,1.211039e+00,1.343395e+00,1.166003e+00,1.319659e+00,1.424517e+00,1.295520e+00,1.461079e+00,1.298981e+00,1.175999e+00,1.172062e+00,1.288513e+00,1.336184e+00,1.296886e+00,1.356065e+00,1.134948e+00,1.279986e+00,1.762236e+00,1.213196e+00,1.282411e+00,1.169479e+00,1.358385e+00,1.107074e+00,1.282090e+00,1.179552e+00,1.362987e+00,1.341728e+00,1.325171e+00,1.229038e+00,1.161125e+00,2.161433e+00,1.098399e+00,1.486367e+00,1.280213e+00,9.984374e-01,1.221764e+00,1.148470e+00,1.358673e+00,1.302281e+00,1.291498e+00,1.121150e+00,1.374497e+00,1.234090e+00,1.374335e+00,1.275606e+00,1.412079e+00,1.220771e+00,1.205486e+00,1.308368e+00,1.175603e+00,1.213178e+00,1.213656e+00,1.306700e+00,1.993251e+00,1.944418e+00,1.096943e+00,1.216381e+00,1.242357e+00,1.274848e+00,1.328597e+00,1.261936e+00,1.284681e+00,1.211691e+00,1.302575e+00,1.118665e+00,1.454558e+00,1.252005e+00,1.201528e+00,1.161248e+00,1.286108e+00,1.220761e+00,1.612460e+00,1.161438e+00,1.101124e+00,1.240313e+00,1.324549e+00,1.173042e+00,1.430242e+00,1.394433e+00,1.449798e+00,1.325598e+00,1.262748e+00,1.125178e+00,1.276646e+00,1.207862e+00,1.429275e+00,1.460290e+00,1.143292e+00,1.649788e+00,1.156887e+00,1.195040e+00,2.032840e+00,1.220379e+00,1.199337e+00,1.378598e+00,1.616351e+00,1.262533e+00,1.661838e+00,1.293688e+00,1.223852e+00,1.179377e+00,1.533929e+00,1.342798e+00,1.309171e+00,1.265726e+00,1.189766e+00,1.660306e+00,1.264190e+00,1.195725e+00,1.417411e+00,1.203922e+00,1.289144e+00,1.396974e+00,1.282338e+00,1.262007e+00,1.170400e+00,1.182148e+00,1.267484e+00,1.178971e+00,8.250373e+00,1.022291e+01,1.379870e+00,1.187326e+00,1.466900e+00,1.686158e+00,1.217659e+00,1.195145e+00,1.460616e+00,1.204133e+00,1.186665e+00,1.339084e+00,1.413332e+00,1.189584e+00,1.197883e+00,1.253303e+00,1.112783e+00,1.376667e+00,1.176538e+00,1.169564e+00,1.068922e+00,1.220336e+00,1.120514e+00,1.317869e+00,1.087725e+00,1.260872e+00,1.481941e+00,1.332430e+00,1.240325e+00,1.136733e+00,1.337868e+00,1.170669e+00,1.212033e+00,1.390402e+00,1.231081e+00,1.236216e+00,1.151191e+00,1.268769e+00,1.260799e+00,1.167020e+00,1.047499e+00,1.062555e+00,1.182198e+00,1.247149e+00,1.174100e+00,1.337476e+00,1.128376e+00,1.235753e+00,1.244626e+00,1.243947e+00,1.197701e+00,1.219594e+00,1.246128e+00,1.294337e+00,1.098878e+00
1.193453e+00,1.358641e+00,1.230782e+00,1.202161e+00,1.268143e+00,1.212033e+00,1.100293e+00,1.226329e+00,1.335733e+00,1.188479e+00,1.090841e+00,1.231370e+00,1.326283e+00,1.136100e+00,1.369183e+00,1.190054e+00,1.090293e+00,1.262907e+00,1.429741e+00,1.326771e+00,1.163474e+00,1.182064e+00,1.241321e+00,1.155045e+00,1.268852e+00,1.220477e+00,1.328647e+00,1.251798e+00,1.054414e+00,1.207372e+00,1.113518e+00,1.275018e+00,1.363860e+00,1.352155e+00,1.267015e+00,1.248560e+00,1.329848e+00,1.313534e+00,1.356008e+00,1.259629e+00,1.272577e+00,1.267442e+00,1.354495e+00,1.705309e+00,1.344535e+00,1.309888e+00,1.408642e+00,1.091901e+00,1.246527e+00,1.303653e+00,1.210523e+00,1.361959e+00,1.124578e+00,1.216029e+00,1.290338e+00,1.225187e+00,1.244408e+00,1.352717e+00,1.385068e+00,1.341094e+00,1.174782e+00,1.191903e+00,1.133460e+00,2.277554e+00,1.265981e+00,6.760515e+00,1.166834e+00,1.183430e+00,1.407696e+00,1.134476e+00,1.455444e+00,1.104836e+00,1.215138e+00,1.205102e+00,1.280411e+00,1.256045e+00,1.347424e+00,1.159575e+00,1.132494e+00,1.394549e+00,1.101767e+00,1.367620e+00,1.072755e+00,1.275032e+00,1.216108e+00,1.288275e+00,1.398804e+00,1.075382e+00,1.204311e+00,1.300412e+00,1.865757e+00,1.295330e+00,1.172436e+00,1.210197e+00,1.322103e+00,1.630292e+00,1.426699e+00,1.283214e+00,1.160222e+00,1.195966e+00,2.473505e+00,1.437862e+00,1.165631e+00,1.101964e+00,1.181660e+00,1.144484e+00,1.137507e+00,1.327891e+00,1.182437e+00,2.053704e+00,1.622445e+00,1.159137e+00,1.118402e+00,1.321324e+00,1.277197e+00,1.258376e+00,1.186981e+00,1.287272e+00,1.269846e+00,1.198667e+00,1.358515e+00,1.242572e+00,1.230427e+00,1.086055e+00,1.188547e+00,1.193711e+00,1.335014e+00,1.269345e+00,1.291644e+00,1.144765e+00,1.260898e+00,1.294327e+00,1.250928e+00,1.276514e+00,1.159391e+00,2.383407e+00,1.249708e+00,1.292764e+00,1.284760e+00,1.324969e+00,1.210278e+00,1.207484e+00,1.283032e+00,1.262540e+00,1.188289e+00,1.472763e+00,1.310717e+00,1.443746e+00,1.361432e+00,1.293846e+00,1.243910e+00,1.736185e+00,1.246643e+00,1.273752e+00,1.110015e+00,1.304815e+00,4.334330e+00,1.244087e+00,1.400786e+00,1.469985e+00,1.860660e+00,1.005667e+00,1.346719e+00,1.640270e+00,1.384593e+00,1.102266e+00,1.222892e+00,1.339064e+00,1.486212e+00,1.331094e+00,1.077762e+00,1.247312e+00,1.134164e+00,1.260549e+00,1.072710e+00,1.211814e+00,1.208233e+00,1.222524e+00,1.194374e+00,1.135268e+00,1.169327e+00,1.381014e+00,1.307229e+00,1.163553e+00,1.099767e+00,1.225089e+00,1.879238e+00,1.294815e+00,1.266051e+00,1.270574e+00,1.221843e+00,1.197430e+00,1.082930e+00,1.287609e+00,1.374214e+00,1.351833e+00,1.253557e+00,1.365580e+00,1.332505e+00,1.350085e+00,1.210662e+00,1.146620e+00,1.426327e+00,1.163530e+00,1.380701e+00,1.196206e+00,1.212627e+00,1.273200e+00,1.236380e+00,1.229525e+00,1.098623e+00,1.222263e+00,1.316176e+00,1.131722e+00,1.284474e+00
1.091053e+00,1.234927e+00,1.099344e+00,1.253128e+00,1.261719e+00,1.214210e+00,1.272628e+00,1.206319e+00,1.216686e+00,1.427489e+00,1.241393e+00,1.184695e+00,1.154223e+00,1.340568e+00,1.278478e+00,1.226335e+00,1.210489e+00,1.228181e+00,1.268044e+00,1.475705e+00,1.365201e+00,1.174092e+00,1.268795e+00,1.483960e+00,1.345574e+00,1.270797e+00,1.117459e+00,1.209150e+00,1.168941e+00,1.281997e+00,1.221865e+00,1.300775e+00,1.332803e+00,1.306437e+00,1.373705e+00,1.120213e+00,1.307947e+00,1.216297e+00,1.177890e+00,1.330453e+00,1.263832e+00,1.189712e+00,1.443315e+00,1.787823e+00,1.211065e+00,1.190796e+00,1.079772e+00,1.137855e+00,1.418880e+00,1.636984e+00,1.346871e+00,1.179068e+00,1.330148e+00,1.080364e+00,1.130195e+00,1.268031e+00,1.136734e+00,1.187943e+00,1.089841e+00,1.230605e+00,1.360249e+00,1.127364e+00,1.323896e+00,1.365921e+00,1.439614e+00,1.145404e+00,1.250577e+00,1.180247e+00,1.320174e+00,1.270186e+00,1.349319e+00,1.351641e+00,1.212238e+00,1.272149e+00,1.280028e+00,1.217126e+00,1.404827e+00,1.327777e+00,1.309866e+00,1.201770e+00,1.199567e+00,1.219576e+00,1.248648e+00,1.065654e+00,1.104761e+00,1.259414e+00,1.174517e+00,1.216564e+00,1.262890e+00,1.316649e+00,1.345895e+00,1.318693e+00,1.195426e+00,1.151542e+00,1.385086e+00,1.238294e+00,1.225978e+00,1.217548e+00,1.124671e+00,1.090109e+00,1.348053e+00,1.214815e+00,1.287572e+00,1.267602e+00,1.178148e+00,1.251998e+00,1.247557e+00,1.255102e+00,1.152463e+00,1.215162e+00,1.224379e+00,1.212576e+00,1.236426e+00,1.232746e+00,1.348782e+00,1.301141e+00,1.656467e+00,1.555295e+00,1.270666e+00,1.220500e+00,1.240963e+00,1.226473e+00,1.330348e+00,1.155431e+00,1.291013e+00,1.211537e+00,1.223477e+00,1.350438e+00,1.338133e+00,1.202819e+00,1.289435e+00,1.786028e+00,1.307861e+00,1.279717e+00,1.126793e+00,1.105559e+00,1.212073e+00,1.213497e+00,1.270964e+00,1.677842e+00,1.573651e+00,1.557976e+00,1.320938e+00,1.208462e+00,1.257817e+00,1.235385e+00,1.358778e+00,1.251519e+00,1.271479e+00,1.192101e+00,1.220938e+00,1.833080e+00,1.324006e+00,2.232648e+00,1.290523e+00,1.180347e+00,1.300229e+00,1.280555e+00,1.502916e+00,1.693458e+00,1.254047e+00,1.194369e+00,1.294255e+00,2.422039e+00,1.232006e+00,1.250189e+00,1.814121e+00,1.416016e+00,1.266356e+00,1.193767e+00,1.856563e+00,1.100253e+00,1.164384e+00,1.193040e+00,1.381834e+00,1.204733e+00,1.253789e+00,1.228058e+00,1.255886e+00,1.168156e+00,1.396736e+00,1.080042e+00,1.259359e+00,1.227273e+00,1.264619e+00,9.500253e+00,1.308629e+00,1.364097e+00,1.207433e+00,1.316259e+00,1.246642e+00,1.237485e+00,1.168918e+00,1.152052e+00,1.288055e+00,1.166035e+00,1.133054e+00,1.239761e+00,1.102038e+00,1.211110e+00,1.142906e+00,1.232051e+00,1.255275e+00,1.251667e+00,1.225815e+00,1.227690e+00,1.177891e+00,1.291938e+00,1.023727e+00,1.276386e+00,1.324867e+00,1.350551e+00,1.122319e+00,1.292744e+00,1.256315e+00
1.228863e+00,1.162482e+00,1.282896e+00,1.250112e+00,1.355542e+00,1.168211e+00,1.285231e+00,1.083019e+00,1.288257e+00,1.299518e+00,1.135402e+00,1.321899e+00,1.195197e+00,1.228056e+00,1.189940e+00,1.219173e+00,1.319055e+00,1.200712e+00,1.266856e+00,1.301988e+00,1.387239e+00,1.365605e+00,1.310058e+00,1.230546e+00,1.137065e+00,1.161614e+00,1.172558e+00,1.427037e+00,1.430536e+00,1.327281e+00,1.133245e+00,1.171295e+00,1.235245e+00,1.268539e+00,1.256649e+00,1.462713e+00,1.174067e+00,1.270217e+00,1.230559e+00,1.201406e+00,1.178817e+00,1.495095e+00,1.382989e+00,1.303658e+00,1.163529e+00,1.131087e+00,1.157127e+00,1.247595e+00,1.193529e+00,1.295035e+00,1.240123e+00,1.336453e+00,1.108064e+00,1.212485e+00,1.119382e+00,1.253269e+00,1.250569e+00,1.277174e+00,1.387361e+00,1.278356e+00,1.339403e+00,1.091980e+00,1.309952e+00,1.113698e+00,1.354232e+00,1.287562e+00,1.297582e+00,1.372562e+00,1.274418e+00,1.163550e+00,1.101417e+00,1.193168e+00,2.026069e+00,1.298573e+00,1.158491e+00,1.387598e+00,1.275220e+00,1.307765e+00,1.382668e+00,1.219063e+00,1.253930e+00,1.095871e+00,1.224180e+00,1.281386e+00,1.250483e+00,1.293917e+00,1.780323e+00,1.212175e+00,1.240640e+00,1.226716e+00,1.173169e+00,1.170869e+00,1.204261e+00,1.128407e+00,1.131867e+00,1.148782e+00,1.195342e+00,1.047682e+00,1.328134e+00,1.113077e+00,1.532921e+00,1.179603e+00,1.278374e+00,1.331325e+00,1.523049e+00,1.223893e+00,1.115057e+00,1.182340e+00,1.292463e+00,1.369513e+00,1.104168e+00,1.240227e+00,1.324549e+00,1.586153e+00,1.222301e+00,1.272242e+00,1.333918e+00,1.226759e+00,1.201249e+00,1.243678e+00,1.133544e+00,1.943776e+00,1.235954e+00,1.339952e+00,1.319814e+00,1.143377e+00,1.166920e+00,1.204756e+00,1.262983e+00,1.347470e+00,1.716765e+00,1.104444e+00,1.193962e+00,1.185507e+00,1.390479e+00,1.212083e+00,1.289840e+00,1.226955e+00,1.227797e+00,1.002708e+00,1.241520e+00,1.533138e+00,1.320066e+00,1.276664e+00,1.311006e+00,1.200863e+00,1.309401e+00,6.117267e+00,1.168688e+00,1.519810e+00,1.480722e+00,1.343008e+00,1.511858e+00,1.239840e+00,1.079966e+00,1.175142e+00,1.257547e+00,1.314005e+00,1.139501e+00,1.078656e+00,1.289235e+00,1.213275e+00,1.185113e+00,1.672582e+00,1.594752e+00,1.185827e+00,1.297168e+00,1.372920e+00,1.292004e+00,1.271127e+00,1.247044e+00,1.380235e+00,1.226022e+00,1.719810e+00,1.353189e+00,1.296248e+00,1.289143e+00,1.248369e+00,1.202752e+00,1.382894e+00,1.396477e+00,1.194960e+00,1.027606e+00,1.199901e+00,1.404082e+00,1.273007e+00,1.309042e+00,1.222347e+00,1.240431e+00,1.450726e+00,1.266545e+00,1.259651e+00,1.250495e+00,1.360515e+00,1.467357e+00,1.268810e+00,1.406798e+00,1.284187e+00,1.301696e+00,1.320071e+00,1.297447e+00,1.403578e+00,1.193837e+00,1.304167e+00,1.278344e+00,1.223637e+00,1.091301e+00,1.161527e+00,1.273356e+00,1.175289e+00,1.229555e+00,1.347071e+00,1.166279e+00,1.235295e+00,1.238397e+00
1.178315e+00,1.310646e+00,1.476013e+00,1.252307e+00,1.242547e+00,1.118976e+00,1.055294e+00,1.321793e+00,1.209326e+00,1.317864e+00,1.202390e+00,1.150611e+00,1.281986e+00,1.279831e+00,1.152142e+00,1.240970e+00,1.445328e+00,1.220853e+00,1.314320e+00,1.367132e+00,1.274093e+00,1.146249e+00,1.201837e+00,1.292222e+00,1.250431e+00,1.269779e+00,1.118877e+00,1.148063e+00,1.156937e+00,1.191762e+00,1.392133e+00,1.133709e+00,1.303980e+00,1.152852e+00,1.195142e+00,1.292055e+00,1.361631e+00,1.083650e+00,1.275854e+00,1.385427e+00,1.307572e+00,1.241737e+00,1.275565e+00,1.177849e+00,1.194192e+00,1.249101e+00,1.160587e+00,1.270457e+00,1.079843e+00,1.381858e+00,1.239124e+00,1.140900e+00,1.608636e+00,1.229358e+00,1.372053e+00,1.221085e+00,1.200742e+00,1.300496e+00,1.175887e+00,1.203651e+00,1.240527e+00,1.353108e+00,1.287368e+00,1.242690e+00,1.276548e+00,1.170628e+00,1.444213e+00,1.202904e+00,1.219028e+00,1.118493e+00,1.319972e+00,1.267775e+00,1.476911e+00,1.209526e+00,1.131695e+00,1.302482e+00,1.327298e+00,1.306420e+00,1.215250e+00,1.118769e+00,1.218232e+00,2.042429e+00,1.303969e+00,1.288761e+00,1.387501e+00,1.493833e+00,1.331268e+00,1.178204e+00,1.280891e+00,2.226137e+00,1.152766e+00,1.114085e+00,1.286433e+00,1.155468e+00,1.171748e+00,1.336998e+00,1.087230e+00,1.234761e+00,1.242392e+00,1.231827e+00,1.349428e+00,1.008194e+00,1.258460e+00,1.296101e+00,1.223919e+00,1.339990e+00,1.285220e+00,1.153997e+00,1.152104e+00,1.176887e+00,1.375163e+00,1.161730e+00,1.752420e+00,1.159799e+00,1.304134e+00,1.238789e+00,1.349252e+00,1.251534e+00,1.316582e+00,1.162257e+00,1.096846e+00,1.288811e+00,1.131783e+00,1.475331e+00,1.264444e+00,1.804993e+00,1.284838e+00,1.276949e+00,1.317650e+00,1.235762e+00,1.097397e+00,1.351988e+00,1.216737e+00,1.377172e+00,1.229885e+00,1.239544e+00,1.092019e+00,1.399055e+00,1.139859e+00,1.197702e+00,1.305392e+00,1.421435e+00,1.683622e+00,1.251286e+00,1.432126e+00,3.072428e+00,2.022867e+00,1.352030e+00,1.424791e+00,1.325153e+00,1.652879e+00,1.701293e+00,nan,1.561811e+00,1.201798e+00,1.183673e+00,1.128322e+00,1.332802e+00,9.206667e+00,1.399659e+00,1.437767e+00,1.109057e+00,1.888134e+00,1.374252e+00,1.241817e+00,1.207195e+00,1.269039e+00,1.290542e+00,1.412403e+00,1.416794e+00,1.340368e+00,1.394142e+00,1.232770e+00,1.217316e+00,1.207201e+00,1.298949e+00,1.171540e+00,1.342348e+00,1.317167e+00,1.194920e+00,1.240768e+00,1.287441e+00,1.169159e+00,1.345964e+00,1.298760e+00,8.113733e+00,1.398322e+00,1.263964e+00,1.298366e+00,1.410991e+00,1.252582e+00,1.195658e+00,1.293723e+00,1.331686e+00,1.165893e+00,1.234776e+00,1.269991e+00,1.229681e+00,1.215556e+00,1.228241e+00,1.271746e+00,1.207702e+00,1.303846e+00,1.278324e+00,1.272737e+00,1.230503e+00,1.142907e+00,1.104441e+00,1.188517e+00,1.290557e+00,1.305603e+00,1.218609e+00,1.343045e+00,1.410059e+00,1.168108e+00
1.115707e+00,1.386540e+00,1.232921e+00,1.082935e+00,1.177483e+00,1.194809e+00,1.114080e+00,1.170264e+00,1.283312e+00,1.247875e+00,1.238589e+00,1.268250e+00,1.279728e+00,1.160301e+00,1.419192e+00,1.204836e+00,1.282267e+00,1.341506e+00,1.291535e+00,1.151384e+00,1.114207e+00,1.160856e+00,1.107867e+00,1.193071e+00,1.364993e+00,1.236976e+00,1.134131e+00,1.190599e+00,1.334002e+00,1.399346e+00,1.327749e+00,1.257649e+00,1.146061e+00,1.187465e+00,1.293719e+00,1.310535e+00,1.199029e+00,1.356266e+00,1.227623e+00,1.126898e+00,1.263423e+00,1.215137e+00,1.164064e+00,1.091158e+00,1.314345e+00,1.362439e+00,1.191456e+00,1.291279e+00,1.292549e+00,1.089548e+00,1.351513e+00,1.212748e+00,1.454012e+00,1.188674e+00,1.311788e+00,1.153735e+00,1.274230e+00,1.136737e+00,1.227394e+00,1.014205e+00,1.234662e+00,1.180766e+00,1.225167e+00,1.112445e+00,1.195873e+00,1.337136e+00,1.067402e+00,1.316627e+00,1.176835e+00,1.238585e+00,1.409505e+00,1.881240e+00,1.258619e+00,1.170762e+00,1.082904e+00,1.242630e+00,1.209836e+00,1.506778e+00,1.236828e+00,1.362531e+00,1.307798e+00,1.211409e+00,1.175218e+00,1.385986e+00,1.151319e+00,1.050778e+00,1.177479e+00,1.167960e+00,1.150632e+00,1.148531e+00,1.225901e+00,1.165613e+00,1.249284e+00,1.278305e+00,1.371513e+00,1.601637e+00,1.169084e+00,2.245229e+00,1.187570e+00,1.461907e+00,1.050841e+00,1.442739e+00,1.172346e+00,1.257381e+00,1.258761e+00,1.233551e+00,1.557714e+00,1.207268e+00,1.166388e+00,1.359012e+00,1.162555e+00,1.244324e+00,1.169807e+00,1.272835e+00,1.187954e+00,1.249186e+00,1.264550e+00,1.372774e+00,1.242472e+00,1.216271e+00,1.521804e+00,1.312027e+00,1.291956e+00,1.247144e+00,1.401150e+00,1.249904e+00,1.261200e+00,1.371690e+00,1.302856e+00,1.301551e+00,1.232094e+00,1.343131e+00,1.244379e+00,1.349400e+00,1.232655e+00,1.118748e+00,1.224313e+00,1.249162e+00,1.120153e+00,1.328022e+00,1.123049e+00,2.039901e+00,1.209575e+00,1.041866e+01,1.905127e+00,1.330054e+00,1.198777e+00,1.256495e+00,1.252040e+00,2.444645e+00,1.216444e+00,1.114392e+00,1.273165e+00,1.359512e+00,1.100704e+00,1.111190e+00,2.184403e+00,1.238819e+00,1.975832e+00,1.226633e+00,2.211195e+00,1.224291e+00,1.324109e+00,1.700200e+00,1.138317e+00,1.182350e+00,1.275398e+00,1.424930e+00,1.277361e+00,1.411767e+00,1.307577e+00,1.241786e+00,1.126272e+00,1.216133e+00,1.251810e+00,1.205747e+00,1.155048e+00,1.057215e+00,1.393178e+00,1.156879e+00,1.126535e+00,1.197756e+00,1.418145e+00,1.414920e+00,1.208030e+00,1.361930e+00,1.143142e+00,1.261305e+00,1.300372e+00,1.127606e+00,1.176340e+00,9.889055e-01,1.133897e+00,1.443082e+00,1.312325e+00,1.319479e+00,1.247344e+00,1.230777e+00,1.177747e+00,1.427434e+00,1.077237e+00,1.255612e+00,1.209760e+00,1.226094e+00,1.167097e+00,1.349892e+00,1.352790e+00,1.220959e+00,1.366238e+00,1.069207e+00,1.341260e+00,1.244268e+00,1.195946e+00,1.296854e+00,1.556029e+00
1.263074e+00,1.182886e+00,1.363701e+00,1.195444e+00,1.357333e+00,1.268568e+00,1.204780e+00,1.132563e+00,1.172030e+00,1.131021e+00,1.467203e+00,1.204344e+00,1.141786e+00,1.243036e+00,1.327879e+00,1.252461e+00,1.237885e+00,1.247916e+00,1.359424e+00,1.099545e+00,1.187828e+00,1.240911e+00,1.154546e+00,1.342779e+00,1.286131e+00,1.436426e+00,1.144152e+00,1.168703e+00,1.356338e+00,1.285609e+00,1.281766e+00,1.261171e+00,1.181623e+00,1.288454e+00,1.152924e+00,1.254635e+00,1.177152e+00,1.265955e+00,1.232374e+00,1.304990e+00,1.094869e+00,1.142547e+00,1.109523e+00,1.132992e+00,1.198091e+00,1.179755e+00,1.145476e+00,1.224702e+00,1.184097e+00,1.420092e+00,1.276786e+00,1.247528e+00,1.194136e+00,1.246656e+00,1.257403e+00,1.251614e+00,1.192100e+00,1.281362e+00,1.166863e+00,1.203889e+00,1.150049e+00,1.192457e+00,1.191788e+00,1.189141e+00,1.909605e+00,1.141344e+00,1.220763e+00,1.576670e+00,1.208833e+00,1.095352e+00,1.209001e+00,1.175578e+00,1.185368e+00,1.284352e+00,1.172327e+00,1.175799e+00,1.213470e+00,1.269798e+00,1.046862e+00,1.406423e+00,1.217645e+00,1.540821e+00,1.274785e+00,1.240078e+00,1.353781e+00,1.256560e+00,1.306412e+00,1.211461e+00,1.225697e+00,1.185765e+00,1.475660e+00,1.149470e+00,1.079638e+00,1.192096e+00,1.159334e+00,1.093606e+00,1.134191e+00,1.197193e+00,1.154041e+00,1.247471e+00,1.380632e+00,1.233798e+00,1.148719e+00,1.224992e+00,1.298748e+00,1.232427e+00,1.345713e+00,1.388721e+00,1.262862e+00,1.220841e+00,1.177014e+00,1.077159e+00,1.193183e+00,1.376172e+00,1.206055e+00,1.212851e+00,1.215536e+00,1.488476e+00,1.145204e+00,1.167828e+00,1.382573e+00,1.186881e+00,1.272821e+00,1.234592e+00,1.311554e+00,1.180319e+00,1.152952e+00,1.271591e+00,1.160093e+00,1.205961e+00,1.294704e+00,1.312437e+00,1.129712e+00,1.306737e+00,1.218693e+00,1.229489e+00,1.204912e+00,1.277379e+00,1.106440e+00,1.696557e+00,1.165087e+00,1.815985e+00,5.637040e+00,1.528899e+00,1.182321e+00,1.316754e+00,1.243667e+00,1.161638e+00,1.247183e+00,1.040495e+00,1.325065e+00,1.361930e+00,1.100789e+00,1.177499e+00,1.215378e+00,1.215159e+00,1.041866e+01,1.368905e+00,1.484486e+00,1.299798e+00,1.941927e+00,1.190768e+00,1.167527e+00,1.295506e+00,1.359459e+00,1.174857e+00,1.077917e+00,1.973615e+00,1.342089e+00,1.171042e+00,1.038427e+00,1.088042e+00,1.166107e+00,1.151009e+00,1.115999e+00,1.374659e+00,1.033446e+00,1.280049e+00,1.162118e+00,1.386161e+00,1.353001e+00,1.168302e+00,1.275470e+00,7.690638e+00,2.141027e+00,1.251875e+00,1.091794e+00,1.145942e+00,1.221311e+00,1.260439e+00,1.250819e+00,1.265539e+00,1.279162e+00,1.320797e+00,1.197081e+00,1.190227e+00,1.249230e+00,1.308857e+00,1.243802e+00,1.087732e+00,1.293088e+00,1.337753e+00,1.309531e+00,1.174872e+00,1.344210e+00,1.374203e+00,1.198696e+00,1.345984e+00,1.275164e+00,1.164348e+00,1.149029e+00,1.310549e+00,1.190169e+00,1.119751e+00,1.186010e+00
1.395609e+00,1.086170e+00,1.294111e+00,1.229328e+00,1.187258e+00,1.151137e+00,1.225980e+00,1.286376e+00,1.280301e+00,1.218274e+00,1.182713e+00,1.314008e+00,1.244102e+00,1.341471e+00,1.260688e+00,1.225235e+00,1.152572e+00,1.210064e+00,1.349263e+00,1.210626e+00,1.278235e+00,1.282056e+00,1.263523e+00,1.384759e+00,1.320540e+00,1.170147e+00,1.244311e+00,1.383240e+00,1.300279e+00,1.196570e+00,1.316492e+00,1.292801e+00,1.233245e+00,1.287089e+00,1.288106e+00,1.100551e+00,1.276882e+00,1.271169e+00,1.255308e+00,1.264985e+00,1.110392e+00,1.342954e+00,1.116623e+00,1.277687e+00,1.302582e+00,1.371519e+00,1.295916e+00,1.305383e+00,1.290493e+00,1.164207e+00,1.269045e+00,1.497139e+00,1.311622e+00,1.200142e+00,1.067401e+00,1.197611e+00,1.093056e+00,1.198178e+00,1.215366e+00,1.247625e+00,1.272536e+00,1.167027e+00,1.185687e+00,1.209780e+00,1.216722e+00,1.434474e+00,1.261211e+00,1.210206e+00,1.641876e+00,1.278516e+00,1.410870e+00,1.383128e+00,1.229892e+00,1.318854e+00,1.845585e+00,1.250186e+00,1.209380e+00,1.338484e+00,1.845266e+00,1.194171e+00,1.248997e+00,1.132412e+00,1.526144e+00,1.294042e+00,1.384911e+00,1.286446e+00,1.169484e+00,1.213192e+00,1.201688e+00,1.124787e+00,1.158010e+00,1.256223e+00,1.411715e+00,1.229061e+00,1.397197e+00,1.203892e+00,1.274311e+00,1.139853e+00,1.265566e+00,1.279256e+00,1.282220e+00,1.558705e+00,1.237542e+00,1.177673e+00,1.287946e+00,1.160149e+00,1.179236e+00,1.230379e+00,1.071675e+00,1.314613e+00,1.093716e+00,1.204631e+00,1.428064e+00,1.300002e+00,1.401619e+00,1.061869e+00,1.233158e+00,1.325955e+00,1.178952e+00,1.279733e+00,1.235098e+00,1.262316e+00,1.126337e+00,1.044904e+00,1.164428e+00,1.208263e+00,1.219320e+00,1.558909e+00,1.266669e+00,1.383114e+00,1.168326e+00,1.779393e+00,1.250974e+00,1.329473e+00,1.228019e+00,1.544786e+00,1.161068e+00,1.558706e+00,1.283416e+00,1.108372e+00,1.237375e+00,1.190067e+00,1.347351e+00,1.591514e+00,1.315912e+00,1.096799e+00,1.159052e+00,1.274270e+00,1.348451e+00,1.255964e+00,1.119365e+00,1.317310e+00,1.334088e+00,2.135995e+00,1.304281e+00,1.448185e+00,1.184305e+00,1.224235e+00,1.355706e+00,1.210054e+00,1.139784e+00,1.157995e+00,1.311396e+00,1.218937e+00,1.298584e+00,1.784733e+00,1.303753e+00,2.027480e+00,1.304844e+00,1.253588e+00,1.249822e+00,1.180124e+00,1.185401e+00,1.302078e+00,1.392616e+00,1.198512e+00,1.170331e+00,1.314071e+00,1.412693e+00,1.210649e+00,1.200152e+00,1.466088e+00,1.231756e+00,1.306314e+00,1.323428e+00,1.363968e+00,1.342145e+00,1.205479e+00,1.195406e+00,1.132786e+00,1.221827e+00,1.295371e+00,1.442943e+00,1.149992e+00,1.177001e+00,1.120372e+00,1.287097e+00,1.200502e+00,1.142871e+00,1.368716e+00,1.272097e+00,1.282353e+00,1.238784e+00,1.273762e+00,1.311518e+00,1.358156e+00,1.070418e+00,1.240556e+00,1.199658e+00,1.286573e+00,1.368057e+00,1.186976e+00,1.373473e+00,1.355059e+00,1.266082e+00
1.148787e+00,1.116971e+00,1.332856e+00,1.298239e+00,1.350952e+00,1.123235e+00,1.162103e+00,1.045276e+00,1.296044e+00,1.231943e+00,1.235690e+00,1.173126e+00,1.106511e+00,1.246187e+00,1.462052e+00,1.174450e+00,1.277873e+00,1.240117e+00,1.181395e+00,1.237862e+00,1.319053e+00,1.192089e+00,1.153388e+00,1.190996e+00,1.257104e+00,1.233068e+00,1.176016e+00,1.376978e+00,1.346201e+00,1.240629e+00,1.290576e+00,1.288929e+00,1.325474e+00,1.243590e+00,1.226087e+00,1.241007e+00,1.327978e+00,1.255536e+00,1.139159e+00,1.197704e+00,1.211266e+00,1.072166e+00,1.226063e+00,1.297718e+00,1.300551e+00,1.090564e+00,1.350454e+00,1.130928e+00,1.281168e+00,1.306762e+00,1.169963e+00,1.347034e+00,1.435445e+00,1.116471e+00,1.250652e+00,1.170717e+00,1.401191e+00,1.213663e+00,1.404238e+00,1.294578e+00,1.397062e+00,1.240262e+00,1.333684e+00,1.154832e+00,1.190651e+00,1.194605e+00,1.216242e+00,1.199986e+00,1.139817e+00,1.299506e+00,1.166708e+00,1.223537e+00,1.195233e+00,1.137896e+00,1.509778e+00,1.357066e+00,1.233964e+00,8.985154e+00,1.238794e+00,1.164578e+00,1.170775e+00,1.242680e+00,1.240479e+00,1.299486e+00,1.473538e+00,1.141969e+00,1.111420e+00,1.156196e+00,1.208988e+00,1.285291e+00,1.770918e+00,1.115726e+00,1.160771e+00,1.363127e+00,1.148292e+00,1.202823e+00,1.281991e+00,1.182259e+00,1.173625e+00,1.197987e+00,1.138924e+00,1.082458e+00,1.313276e+00,1.231004e+00,1.153684e+00,1.336855e+00,1.363590e+00,1.076067e+00,1.105334e+00,1.234864e+00,1.985895e+00,1.150914e+00,1.180069e+00,1.264822e+00,2.306044e+00,1.193787e+00,1.164998e+00,1.182614e+00,1.315522e+00,1.152584e+00,1.229363e+00,1.235258e+00,1.251916e+00,1.311047e+00,1.141502e+00,1.363112e+00,1.457779e+00,1.271148e+00,1.250804e+00,1.341282e+00,1.235139e+00,1.147497e+00,1.583753e+00,1.322361e+00,1.253293e+00,1.111405e+00,1.121353e+00,1.377591e+00,1.109484e+00,1.204682e+00,1.271994e+00,1.322897e+00,1.217111e+00,1.138050e+00,1.334906e+00,1.233915e+00,1.313023e+00,1.049721e+00,1.382298e+00,1.183457e+00,1.277890e+00,1.243283e+00,1.420930e+00,1.521054e+00,1.226517e+00,1.486159e+00,1.145485e+00,1.248994e+00,1.171180e+00,1.684434e+00,1.281460e+00,1.136185e+00,1.386246e+00,1.139108e+00,1.162568e+00,2.197915e+00,1.433623e+00,1.092163e+00,1.332553e+00,1.474474e+00,1.242245e+00,1.149160e+00,1.226305e+00,1.419909e+00,1.221044e+00,1.217114e+00,1.227437e+00,1.145220e+00,1.319186e+00,1.152212e+00,9.658812e+00,1.221087e+00,2.335001e+00,1.060114e+00,1.305222e+00,1.133099e+00,1.153585e+00,1.196772e+00,1.069708e+00,1.180850e+00,1.307486e+00,1.169141e+00,1.102213e+00,1.181853e+00,1.081390e+00,1.186343e+00,1.090415e+00,1.162975e+00,1.310230e+00,1.122850e+00,1.210143e+00,1.130914e+00,1.422796e+00,1.214967e+00,1.251848e+00,1.278140e+00,1.330566e+00,1.322621e+00,1.286460e+00,1.222326e+00,1.269090e+00,1.260558e+00,1.381919e+00,1.209354e+00,1.216983e+00
1.277666e+00,1.268925e+00,1.343308e+00,1.236710e+00,1.223056e+00,1.310618e+00,1.222355e+00,1.146236e+00,1.277063e+00,1.195891e+00,1.210145e+00,1.146061e+00,1.204246e+00,1.258607e+00,1.332067e+00,1.259373e+00,1.237004e+00,1.268472e+00,1.180732e+00,1.146011e+00,1.275218e+00,1.408003e+00,1.082156e+00,1.188981e+00,1.169367e+00,1.125142e+00,1.190974e+00,1.139465e+00,1.170191e+00,1.188727e+00,1.183991e+00,1.226808e+00,1.375602e+00,1.195781e+00,1.140973e+00,1.160796e+00,1.299505e+00,1.462054e+00,1.292093e+00,1.194346e+00,1.134216e+00,1.143293e+00,1.177192e+00,1.251763e+00,1.089247e+00,1.387562e+00,1.315973e+00,1.217783e+00,1.267342e+00,1.152370e+00,1.139674e+00,1.119944e+00,1.264367e+00,1.192066e+00,1.166218e+00,1.185632e+00,1.195751e+00,1.184819e+00,1.367284e+00,1.254777e+00,1.196914e+00,1.163706e+00,1.155283e+00,1.344868e+00,1.168525e+00,1.312639e+00,1.250011e+00,1.137043e+00,1.130697e+00,1.164823e+00,1.212863e+00,1.154488e+00,1.350031e+00,1.218438e+00,1.309968e+00,1.213344e+00,1.249236e+00,1.219308e+00,3.530585e+00,1.250404e+00,1.439111e+00,1.974044e+00,1.127770e+00,1.137454e+00,1.335615e+00,1.186959e+00,1.178805e+00,1.123780e+00,1.167541e+00,1.124792e+00,1.304113e+00,1.281303e+00,1.204064e+00,1.209986e+00,1.233337e+00,1.115170e+00,1.196993e+00,1.097212e+00,9.916209e-01,1.292233e+00,1.209564e+00,1.151875e+00,1.208413e+00,1.192812e+00,1.184622e+00,1.242840e+00,1.132283e+00,1.350193e+00,1.112471e+00,1.388249e+00,1.155761e+00,1.203165e+00,2.102079e+00,1.400473e+00,2.546211e+00,1.484712e+00,1.168937e+00,1.199569e+00,1.251136e+00,1.182732e+00,1.149374e+00,1.231352e+00,1.064454e+00,1.188204e+00,1.223518e+00,1.169474e+00,1.222207e+00,9.935334e-01,1.145116e+00,1.253536e+00,1.122260e+00,1.165354e+00,1.097903e+00,1.260007e+00,1.240042e+00,1.244990e+00,1.349060e+00,1.256433e+00,1.164345e+00,1.222472e+00,1.460008e+00,1.352142e+00,1.167747e+00,1.176384e+00,1.430319e+00,1.320430e+00,1.110280e+00,1.261525e+00,1.905275e+00,1.289473e+00,1.995771e+00,1.635101e+00,1.256915e+00,1.133187e+00,1.343344e+00,1.136856e+00,2.259983e+00,1.354286e+00,1.359373e+00,1.784711e+00,1.240954e+00,1.236261e+00,2.042223e+00,1.140624e+00,1.179593e+00,1.703668e+00,1.116297e+00,1.078233e+00,1.267955e+00,1.408780e+00,1.162889e+00,9.480344e-01,1.132205e+00,1.179477e+00,1.344533e+00,1.299877e+00,1.307266e+00,1.168478e+00,1.193441e+00,1.179874e+00,2.003889e+00,7.125595e+00,1.328837e+00,1.231320e+00,1.163950e+00,1.285335e+00,1.202818e+00,1.382509e+00,1.136612e+00,1.116134e+00,1.229075e+00,1.147766e+00,1.139148e+00,1.149328e+00,1.120575e+00,1.230224e+00,1.262025e+00,1.132404e+00,1.220587e+00,1.125964e+00,1.305626e+00,1.116297e+00,1.362935e+00,1.229629e+00,1.145740e+00,1.129855e+00,1.245483e+00,1.338960e+00,1.204973e+00,1.405064e+00,1.174713e+00,1.249612e+00,1.182279e+00,1.232932e+00,1.092611e+00
1.108882e+00,1.306505e+00,1.204620e+00,1.290827e+00,1.193830e+00,1.194045e+00,1.147149e+00,1.222977e+00,1.219403e+00,1.283775e+00,1.190712e+00,1.301452e+00,1.275747e+00,1.266026e+00,1.052154e+00,1.196377e+00,1.288902e+00,1.344586e+00,1.199152e+00,1.243984e+00,1.371950e+00,1.303953e+00,1.277974e+00,1.134916e+00,1.287980e+00,1.131171e+00,1.054125e+00,1.493915e+00,1.191899e+00,1.187272e+00,1.218887e+00,1.217353e+00,1.369238e+00,1.320524e+00,1.106183e+00,1.130057e+00,1.153647e+00,1.190955e+00,1.151452e+00,1.162136e+00,1.185603e+00,1.195106e+00,1.307677e+00,1.175989e+00,1.086845e+00,1.190651e+00,1.131957e+00,1.405439e+00,1.268503e+00,1.221478e+00,1.207902e+00,1.237629e+00,1.302837e+00,1.103689e+00,1.178262e+00,1.083520e+00,1.249028e+00,1.197585e+00,1.135090e+00,1.111795e+00,1.048761e+00,1.196213e+00,1.188299e+00,1.085985e+00,1.255491e+00,1.421424e+00,1.158473e+00,1.229571e+00,1.177577e+00,1.128712e+00,1.151400e+00,1.204440e+00,1.180631e+00,1.140499e+00,1.196552e+00,1.146576e+00,1.163824e+00,1.240275e+00,1.144105e+00,1.149694e+00,1.210510e+00,1.246496e+00,1.170384e+00,1.340974e+00,1.269433e+00,1.326256e+00,1.277277e+00,1.163229e+00,1.221967e+00,1.053477e+00,2.098460e+00,1.081421e+00,1.118953e+00,1.204689e+00,1.215397e+00,1.107453e+00,1.136307e+00,1.239496e+00,1.108998e+00,1.195516e+00,1.134792e+00,1.373663e+00,1.209846e+00,1.363570e+00,1.279538e+00,1.267115e+00,1.165468e+00,1.157158e+00,1.082375e+00,1.171405e+00,1.176333e+00,1.255598e+00,1.092968e+00,1.258866e+00,1.311513e+00,1.315527e+00,1.173198e+00,1.229547e+00,1.036070e+00,1.092741e+00,1.047136e+00,1.110863e+00,1.082465e+00,1.821786e+00,1.768273e+00,1.980944e+00,1.015747e+00,1.524069e+00,1.336428e+00,1.238904e+00,2.251057e+00,1.813175e+00,1.161483e+00,1.654475e+00,1.160541e+00,5.355234e+00,1.952930e+00,1.930340e+00,1.302025e+00,1.145352e+00,1.254517e+00,1.202308e+00,1.158990e+00,1.375574e+00,1.207780e+00,1.288803e+00,1.904443e+00,1.273914e+00,2.089650e+00,1.439082e+00,1.160026e+00,1.108003e+00,1.386491e+00,1.082516e+00,1.126170e+00,1.132397e+00,1.138170e+00,1.281894e+00,1.219061e+00,1.231535e+00,1.183050e+00,1.213945e+00,1.171784e+00,1.318088e+00,1.053624e+00,1.377881e+00,2.042939e+00,1.239690e+00,1.201198e+00,1.227314e+00,1.223547e+00,1.240543e+00,1.232780e+00,1.277720e+00,1.130540e+00,1.080279e+00,1.091233e+00,1.184958e+00,1.285803e+00,1.177100e+00,2.080134e+00,1.220755e+00,1.155628e+00,1.267199e+00,1.100131e+00,1.197428e+00,1.263487e+00,1.274337e+00,1.213744e+00,1.102309e+00,1.169200e+00,1.129200e+00,1.272796e+00,1.130848e+00,1.257132e+00,1.115483e+00,1.269287e+00,1.423792e+00,1.179575e+00,1.260553e+00,1.270095e+00,1.232532e+00,1.412300e+00,1.146273e+00,1.261162e+00,1.370017e+00,1.080512e+00,1.126929e+00,1.293432e+00,1.102305e+00,1.075672e+00,1.156661e+00,1.174718e+00,1.333602e+00,1.335140e+00
1.216058e+00,1.117689e+00,1.181194e+00,1.106410e+00,1.063839e+00,1.141932e+00,1.210211e+00,1.179585e+00,1.517363e+00,1.190314e+00,1.272701e+00,9.830716e-01,1.134458e+00,1.290532e+00,1.221970e+00,1.138291e+00,1.200657e+00,1.278032e+00,1.041027e+00,1.303237e+00,1.136861e+00,1.278651e+00,1.109468e+00,1.171020e+00,1.216818e+00,1.129910e+00,1.124706e+00,1.151218e+00,1.218060e+00,1.198895e+00,1.152041e+00,1.160070e+00,9.975903e-01,1.157112e+00,1.072469e+00,1.188767e+00,1.149736e+00,1.200865e+00,1.142678e+00,1.121832e+00,1.123919e+00,1.129606e+00,1.345419e+00,1.188516e+00,1.078579e+00,1.258326e+00,1.186158e+00,1.177267e+00,1.083630e+00,1.282037e+00,1.202320e+00,1.298702e+00,1.027542e+00,1.236302e+00,1.340443e+00,1.137402e+00,1.080149e+00,1.023208e+00,1.054788e+00,1.245124e+00,1.180533e+00,1.159849e+00,1.399698e+00,1.104365e+00,1.239904e+00,1.207774e+00,1.268298e+00,1.136015e+00,1.170246e+00,1.152616e+00,1.140101e+00,1.311171e+00,1.175358e+00,1.062000e+00,1.102483e+00,1.271900e+00,1.212518e+00,1.124497e+00,1.326908e+00,1.239281e+00,1.189788e+00,1.105271e+00,1.142081e+00,1.201691e+00,1.366989e+00,1.136148e+00,1.170758e+00,1.196246e+00,1.138621e+00,1.243588e+00,1.199280e+00,1.184542e+00,1.214317e+00,1.233241e+00,1.138321e+00,1.114583e+00,1.240111e+00,1.164429e+00,1.149603e+00,1.225109e+00,1.025027e+00,1.225480e+00,1.722612e+00,1.243737e+00,1.260233e+00,1.124535e+00,1.340727e+00,1.172885e+00,1.225043e+00,1.196874e+00,1.177410e+00,1.143035e+00,1.249733e+00,1.125624e+00,1.170092e+00,1.386164e+00,1.037625e+00,1.064555e+00,1.308610e+00,1.234792e+00,1.272485e+00,1.805490e+00,1.237883e+00,1.094970e+00,1.173961e+00,1.225562e+00,1.131396e+00,1.172808e+00,1.190041e+00,1.343129e+00,1.111079e+00,1.191576e+00,1.071596e+00,1.168275e+00,1.300429e+00,1.253861e+00,1.307340e+00,1.066289e+00,1.232892e+00,1.115663e+00,1.171929e+00,1.107952e+00,1.195971e+00,1.255973e+00,1.163454e+00,1.256465e+00,1.251620e+00,1.169507e+00,1.134077e+00,2.189540e+00,2.077514e+00,1.147882e+00,1.436628e+00,1.218725e+00,1.162339e+00,1.080992e+00,1.644540e+00,1.086022e+00,1.178417e+00,1.264424e+00,1.598208e+00,1.263325e+00,1.250045e+00,1.183377e+00,1.214643e+00,1.169247e+00,1.295710e+00,1.173142e+00,1.240863e+00,1.375785e+00,1.171431e+00,1.002134e+00,1.266836e+00,1.282902e+00,1.210557e+00,1.196677e+00,1.125375e+00,1.585354e+00,1.364783e+00,1.076867e+00,1.128086e+00,1.186940e+00,1.315777e+00,1.302295e+00,1.093377e+00,1.123589e+00,1.105636e+00,1.360862e+00,1.295669e+00,1.181987e+00,1.141101e+00,1.258661e+00,1.032309e+00,1.113030e+00,1.218701e+00,1.113527e+00,1.292450e+00,1.117000e+00,1.178051e+00,1.185280e+00,1.377509e+00,1.161873e+00,1.171986e+00,1.239679e+00,1.124737e+00,1.255352e+00,1.309254e+00,1.165264e+00,1.143036e+00,1.072357e+00,1.197923e+00,1.082410e+00,1.095080e+00,1.280359e+00,1.144849e+00
1.214024e+00,9.986917e-01,1.158860e+00,1.304295e+00,1.130782e+00,1.282435e+00,1.178391e+00,1.231832e+00,1.149660e+00,1.004503e+00,1.104484e+00,1.212518e+00,1.107415e+00,1.243002e+00,1.103481e+00,1.081266e+00,1.127194e+00,1.264217e+00,1.211786e+00,1.051184e+00,1.187986e+00,1.243114e+00,1.277304e+00,1.108696e+00,1.175929e+00,1.050971e+00,1.268471e+00,1.076225e+00,1.168967e+00,1.232132e+00,1.101301e+00,1.358571e+00,1.191242e+00,1.175305e+00,1.275026e+00,1.364035e+00,1.149284e+00,1.111759e+00,1.110168e+00,1.376816e+00,1.264876e+00,1.152548e+00,1.164927e+00,1.279537e+00,1.102365e+00,1.278802e+00,1.111378e+00,1.226375e+00,1.167520e+00,1.175718e+00,1.151899e+00,1.105862e+00,1.184018e+00,1.277324e+00,1.262004e+00,1.274539e+00,1.392616e+00,1.280080e+00,1.204649e+00,1.178381e+00,1.208867e+00,1.374420e+00,1.239559e+00,1.344568e+00,1.490614e+00,1.229178e+00,1.125536e+00,1.224904e+00,1.043444e+00,1.139868e+00,1.223263e+00,1.217082e+00,1.245387e+00,1.252616e+00,1.358986e+00,1.142798e+00,1.102029e+00,1.199881e+00,1.156894e+00,1.154465e+00,1.139392e+00,1.348012e+00,1.277874e+00,1.293441e+00,1.247192e+00,1.087980e+00,1.159092e+00,1.119932e+00,1.410461e+00,1.039614e+00,1.164186e+00,1.158207e+00,1.090961e+00,1.236457e+00,1.101070e+00,1.279962e+00,1.111133e+00,1.169898e+00,1.380932e+00,1.081601e+00,1.126524e+00,1.371947e+00,1.179570e+00,1.237807e+00,1.239292e+00,1.234630e+00,1.370497e+00,1.184834e+00,1.235680e+00,1.254481e+00,1.170124e+00,1.259321e+00,1.160729e+00,1.134195e+00,1.385912e+00,1.184916e+00,1.191150e+00,1.233761e+00,1.282096e+00,1.224511e+00,1.241600e+00,1.060812e+00,1.691102e+00,1.076120e+00,1.142465e+00,1.180714e+00,1.091903e+00,1.831570e+00,1.893520e+00,1.103326e+00,1.406503e+00,1.258658e+00,1.223266e+00,1.395999e+00,1.170564e+00,1.188323e+00,1.198228e+00,1.133005e+00,1.233880e+00,1.212799e+00,1.214633e+00,1.128604e+00,1.929237e+00,1.237285e+00,1.270491e+00,1.048558e+00,1.222281e+00,1.252695e+00,1.823091e+00,1.142069e+00,1.151588e+00,1.230701e+00,1.379737e+00,6.735399e+00,1.415306e+00,1.096798e+00,1.172786e+00,1.333491e+00,1.308730e+00,1.192492e+00,1.188505e+00,1.376745e+00,1.111851e+00,1.365191e+00,1.166057e+00,1.224220e+00,1.226938e+00,1.235978e+00,1.116245e+00,1.258801e+00,1.097719e+00,1.065224e+00,1.188397e+00,1.160180e+00,1.208897e+00,1.215791e+00,1.159049e+00,1.292521e+00,1.276178e+00,1.184401e+00,1.170938e+00,1.263023e+00,1.173678e+00,1.136362e+00,1.306057e+00,1.177308e+00,1.087029e+00,1.094502e+00,1.283672e+00,1.119364e+00,1.140413e+00,1.244193e+00,1.285898e+00,1.201888e+00,1.170275e+00,1.292190e+00,1.109357e+00,1.205688e+00,1.096892e+00,1.209956e+00,1.186457e+00,1.312031e+00,1.168913e+00,1.053018e+00,1.242841e+00,1.119075e+00,1.193913e+00,1.130106e+00,1.213876e+00,1.382311e+00,1.204727e+00,1.286116e+00,1.306205e+00,1.141185e+00,1.235921e+00
1.295530e+00,1.031105e+00,1.291537e+00,1.141088e+00,1.079114e+00,1.123620e+00,1.338288e+00,1.205923e+00,1.153695e+00,1.268623e+00,1.233656e+00,1.180508e+00,1.117624e+00,1.176326e+00,1.171942e+00,1.276464e+00,1.111537e+00,1.102565e+00,1.227468e+00,1.106376e+00,1.101811e+00,1.141717e+00,1.133765e+00,1.070447e+00,1.281975e+00,1.105216e+00,1.107043e+00,1.232560e+00,1.369501e+00,1.177107e+00,1.171551e+00,1.163520e+00,1.157545e+00,9.813586e-01,1.200384e+00,1.234163e+00,1.207854e+00,1.360964e+00,1.312810e+00,1.072426e+00,1.170883e+00,1.236088e+00,1.140507e+00,1.341863e+00,1.197441e+00,1.132447e+00,1.168197e+00,1.195765e+00,1.173232e+00,1.220656e+00,1.226597e+00,1.149563e+00,1.078365e+00,1.099208e+00,1.260582e+00,1.012309e+00,1.047088e+00,1.326785e+00,1.177155e+00,1.198329e+00,1.089646e+00,1.125622e+00,1.248023e+00,1.133817e+00,1.062350e+00,1.078736e+00,1.161251e+00,1.188162e+00,1.106565e+00,1.200606e+00,1.237426e+00,1.236419e+00,1.326685e+00,1.214186e+00,1.335860e+00,1.236799e+00,1.328635e+00,1.062876e+00,1.214889e+00,1.252866e+00,1.154084e+00,1.148227e+00,1.122266e+00,1.193140e+00,1.271699e+00,1.319946e+00,1.168727e+00,1.102298e+00,1.151113e+00,1.279355e+00,1.011915e+00,1.247503e+00,1.220415e+00,1.247288e+00,1.306005e+00,1.318334e+00,1.116202e+00,1.225421e+00,1.045923e+00,1.208535e+00,1.396007e+00,1.060205e+00,1.453594e+00,1.100815e+00,1.082602e+00,1.260919e+00,1.102613e+00,1.140197e+00,1.152334e+00,1.275619e+00,1.169648e+00,1.226121e+00,1.216310e+00,1.240289e+00,1.158055e+00,1.213137e+00,1.115195e+00,1.295450e+00,1.473129e+00,1.031644e+00,1.166707e+00,1.309500e+00,1.088798e+00,1.245078e+00,1.895816e+00,1.129417e+00,1.269660e+00,1.196788e+00,1.064936e+00,1.225804e+00,1.134612e+00,2.018976e+00,1.176967e+00,1.256053e+00,1.082358e+00,1.133026e+00,1.264908e+00,1.179791e+00,1.186283e+00,1.041515e+00,1.309107e+00,2.239529e+00,1.177328e+00,1.430045e+00,1.208480e+00,1.333754e+00,1.299814e+00,1.140031e+00,1.693534e+00,1.366453e+00,1.146351e+00,1.327508e+00,1.132398e+00,1.324698e+00,1.187350e+00,9.821540e-01,1.574892e+00,1.164065e+00,1.272019e+00,1.156076e+00,1.085710e+00,1.155756e+00,1.230021e+00,1.073496e+00,1.076435e+00,1.297484e+00,1.322257e+00,1.103851e+00,1.138702e+00,1.357218e+00,1.221699e+00,1.181903e+00,1.199722e+00,9.986341e-01,1.092702e+00,1.154819e+00,1.151081e+00,1.128407e+00,2.424373e+00,1.136700e+00,1.137326e+00,1.155226e+00,1.194029e+00,1.035751e+00,1.334742e+00,1.162646e+00,1.139504e+00,1.124757e+00,1.264615e+00,1.237342e+00,1.349074e+00,1.026986e+00,1.115782e+00,1.242429e+00,1.067584e+00,1.274150e+00,1.279484e+00,1.183664e+00,1.152225e+00,1.176820e+00,1.212826e+00,1.130927e+00,1.275609e+00,1.304822e+00,1.245462e+00,1.154029e+00,1.249327e+00,1.290755e+00,1.245737e+00,1.051715e+00,1.125156e+00,1.275287e+00,1.281557e+00,1.337577e+00,1.106658e+00
1.153357e+00,1.309526e+00,1.306844e+00,1.258173e+00,1.297357e+00,1.275229e+00,1.141332e+00,1.211976e+00,1.184440e+00,1.049057e+00,1.144464e+00,1.211678e+00,1.301437e+00,1.246962e+00,1.139847e+00,1.154581e+00,1.214474e+00,1.143103e+00,1.086338e+00,1.272596e+00,1.161129e+00,1.239217e+00,1.166643e+00,1.222258e+00,1.086400e+00,1.449848e+00,1.293336e+00,1.067139e+00,1.087654e+00,1.182663e+00,1.096818e+00,1.131394e+00,1.172605e+00,9.815626e-01,1.209184e+00,1.185264e+00,1.121092e+00,1.234385e+00,1.091657e+00,1.114201e+00,1.264507e+00,1.295911e+00,1.027460e+00,1.136106e+00,1.232471e+00,1.194610e+00,1.161349e+00,1.223089e+00,1.224335e+00,1.189165e+00,1.089596e+00,1.339648e+00,1.218389e+00,1.092796e+00,1.171367e+00,1.140738e+00,1.144833e+00,1.192097e+00,1.201209e+00,1.217367e+00,1.049075e+00,1.128998e+00,1.557590e+00,1.107430e+00,1.195840e+00,1.292390e+00,1.033244e+00,1.244594e+00,1.261270e+00,1.129274e+00,1.123438e+00,1.115017e+00,1.458800e+00,1.160719e+00,1.117853e+00,1.829071e+00,1.231199e+00,1.110061e+00,1.236463e+00,1.085901e+00,1.060743e+00,1.122345e+00,1.044398e+00,1.439084e+00,1.142812e+00,1.485025e+00,1.295041e+00,1.139398e+00,1.145309e+00,1.105253e+00,1.364816e+00,1.215596e+00,1.251653e+00,1.243755e+00,1.205517e+00,1.304115e+00,1.270592e+00,1.280376e+00,1.081910e+00,1.326141e+00,1.106720e+00,1.130570e+00,1.233061e+00,1.248144e+00,1.091554e+00,1.202991e+00,1.131714e+00,1.258709e+00,1.072622e+00,1.133508e+00,1.238475e+00,1.253288e+00,1.132205e+00,1.134797e+00,1.301269e+00,1.059398e+00,1.144692e+00,1.581302e+00,1.266594e+00,1.261578e+00,1.171626e+00,1.273121e+00,1.263545e+00,1.066284e+00,1.664163e+00,1.187907e+00,1.301569e+00,1.301861e+00,1.263928e+00,1.013061e+00,1.181175e+00,1.022164e+00,1.248475e+00,1.259316e+00,1.025118e+00,1.129742e+00,1.171478e+00,1.190560e+00,1.265422e+00,1.300875e+00,1.470258e+00,1.371128e+00,1.327982e+00,1.637363e+00,1.195348e+00,1.263045e+00,1.270430e+00,1.277393e+00,1.265643e+00,1.267995e+00,1.198790e+00,1.253774e+00,1.136484e+00,1.333551e+00,2.190705e+00,1.305591e+00,1.234524e+00,1.218395e+00,1.235714e+00,1.183715e+00,1.163549e+00,1.116564e+00,1.209406e+00,1.302688e+00,1.224679e+00,1.329595e+00,1.052163e+00,1.194436e+00,1.193922e+00,1.057200e+00,1.122346e+00,1.180225e+00,1.172178e+00,1.225166e+00,1.179589e+00,3.591011e+00,1.437304e+00,1.289789e+00,1.152175e+00,1.116733e+00,1.237628e+00,1.176630e+00,1.145177e+00,1.282965e+00,1.166311e+00,1.137467e+00,1.219324e+00,1.233571e+00,1.137033e+00,1.161597e+00,1.255515e+00,1.298474e+00,1.167179e+00,1.084771e+00,1.146352e+00,1.195098e+00,1.153890e+00,1.174926e+00,1.216453e+00,1.206182e+00,1.093790e+00,1.180977e+00,1.082793e+00,1.342503e+00,1.139793e+00,1.087693e+00,1.194104e+00,1.155919e+00,9.987052e-01,1.197749e+00,1.160330e+00,1.331845e+00,1.130796e+00,1.188226e+00,1.160474e+00
1.084439e+00,1.094816e+00,1.129118e+00,1.233092e+00,1.199631e+00,1.169172e+00,1.114375e+00,1.159447e+00,1.129919e+00,1.238280e+00,1.103329e+00,1.175915e+00,1.109858e+00,1.131635e+00,1.244212e+00,1.051117e+00,1.244123e+00,1.211315e+00,1.205117e+00,1.240212e+00,1.095468e+00,1.083538e+00,1.162925e+00,1.136330e+00,1.142653e+00,1.252286e+00,1.117538e+00,1.057443e+00,1.103414e+00,1.130503e+00,1.229654e+00,1.197158e+00,1.136194e+00,1.192780e+00,1.102318e+00,1.181822e+00,1.033942e+00,1.239368e+00,1.206760e+00,1.346885e+00,1.266892e+00,1.325667e+00,1.108561e+00,1.096189e+00,1.188810e+00,1.160631e+00,1.300457e+00,1.149434e+00,1.230919e+00,1.221014e+00,1.198136e+00,1.189395e+00,1.235997e+00,1.343797e+00,1.177433e+00,1.197347e+00,1.130810e+00,1.118343e+00,1.078002e+00,1.123375e+00,1.296923e+00,1.085408e+00,1.117150e+00,1.183502e+00,1.174975e+00,1.129455e+00,1.132036e+00,1.076381e+00,1.096958e+00,1.025085e+00,1.279239e+00,1.279489e+00,1.147884e+00,1.092517e+00,1.091124e+00,1.171281e+00,1.171314e+00,1.216830e+00,1.142892e+00,1.177331e+00,1.177199e+00,1.116328e+00,1.171176e+00,1.020240e+00,1.187024e+00,1.240222e+00,1.154908e+00,1.120095e+00,1.192355e+00,1.321709e+00,1.144077e+00,1.186942e+00,1.598771e+00,2.187811e+00,1.141819e+00,1.199356e+00,1.218860e+00,1.409521e+00,1.069091e+00,1.900927e+00,1.210900e+00,1.144105e+00,1.235488e+00,1.170834e+00,1.159144e+00,1.148435e+00,1.268731e+00,1.156654e+00,1.114401e+00,1.209865e+00,1.225415e+00,1.269595e+00,1.195232e+00,1.204894e+00,1.171324e+00,1.196135e+00,1.266359e+00,1.162891e+00,1.151752e+00,1.090539e+00,1.216202e+00,1.109672e+00,1.916028e+00,1.241099e+00,1.627746e+00,1.734745e+00,1.174306e+00,1.052013e+00,1.613551e+00,1.259885e+00,1.184674e+00,1.365412e+00,1.067578e+00,1.208991e+00,1.269812e+00,1.247897e+00,1.248843e+00,2.316177e+00,1.770469e+00,1.964367e+00,1.162257e+00,1.094455e+00,1.164821e+00,1.270630e+00,1.156980e+00,1.172044e+00,1.198535e+00,1.641287e+00,1.736430e+00,1.188477e+00,1.256933e+00,1.301560e+00,1.321109e+00,1.172744e+00,1.351726e+00,1.731131e+00,1.311592e+00,1.156038e+00,1.194329e+00,1.127188e+00,1.270238e+00,9.786400e-01,1.292678e+00,1.152402e+00,1.342621e+00,1.238594e+00,1.040629e+00,1.207764e+00,1.071222e+00,1.069214e+00,1.084286e+00,1.230918e+00,1.165837e+00,1.226574e+00,1.140722e+00,1.078132e+00,1.512392e+00,1.161455e+00,1.137473e+00,1.269130e+00,1.192404e+00,1.132336e+00,1.173608e+00,1.072786e+00,1.155512e+00,1.208893e+00,1.161063e+00,1.051542e+00,1.199221e+00,1.341636e+00,1.234988e+00,1.050256e+00,1.198352e+00,1.038210e+00,1.143167e+00,1.367889e+00,1.156962e+00,1.145607e+00,1.297134e+00,1.237310e+00,1.263246e+00,1.106342e+00,1.120877e+00,1.271270e+00,1.220695e+00,1.208783e+00,1.152359e+00,1.130485e+00,1.254719e+00,1.248236e+00,1.057605e+00,1.225890e+00,1.195570e+00,1.203097e+00,1.227449e+00
1.281716e+00,1.156160e+00,1.194650e+00,1.200528e+00,1.105136e+00,1.201745e+00,1.150013e+00,1.110999e+00,1.161240e+00,1.152745e+00,1.152005e+00,1.268417e+00,1.164726e+00,1.287113e+00,1.183384e+00,1.169392e+00,1.226844e+00,1.256672e+00,1.178321e+00,1.138928e+00,1.135759e+00,1.167172e+00,1.195755e+00,1.164926e+00,1.125124e+00,1.237309e+00,1.036446e+00,1.212849e+00,1.151843e+00,1.233635e+00,1.238518e+00,1.191236e+00,1.249871e+00,1.129414e+00,1.133942e+00,1.188529e+00,1.040964e+00,1.117201e+00,1.239217e+00,1.248778e+00,1.255476e+00,1.129100e+00,1.115414e+00,1.438345e+00,1.254591e+00,1.137982e+00,1.035233e+00,1.188740e+00,1.155074e+00,1.276176e+00,1.331107e+00,1.062113e+00,1.176055e+00,1.238793e+00,1.305459e+00,1.123181e+00,1.242811e+00,1.121852e+00,1.034856e+00,1.219953e+00,1.164162e+00,1.230810e+00,1.193979e+00,1.143503e+00,1.212886e+00,1.223356e+00,1.171284e+00,1.114466e+00,1.247672e+00,1.035929e+00,1.163808e+00,2.111787e+00,1.292369e+00,1.006995e+00,1.077976e+00,1.161226e+00,1.073317e+00,1.204165e+00,1.238786e+00,1.222915e+00,1.793699e+00,1.123282e+00,1.074409e+00,1.012954e+00,1.122649e+00,1.074363e+00,1.299236e+00,1.306527e+00,1.062222e+00,1.209232e+00,1.159703e+00,1.345716e+00,1.434910e+00,1.330506e+00,1.255760e+00,1.099187e+00,1.107610e+00,1.176560e+00,1.262325e+00,1.177559e+00,1.179130e+00,1.050906e+00,1.084683e+00,1.017261e+00,1.002169e+00,1.198817e+00,1.210025e+00,1.145206e+00,1.134671e+00,1.177553e+00,1.191965e+00,1.296374e+00,1.204467e+00,1.045376e+00,1.204770e+00,1.193061e+00,1.174573e+00,1.253895e+00,1.093639e+00,1.263303e+00,2.019651e+00,1.124273e+00,1.181603e+00,1.261409e+00,1.187603e+00,1.156506e+00,1.345413e+00,1.748074e+00,1.100569e+00,1.115258e+00,1.241892e+00,1.287765e+00,1.396797e+00,1.178073e+00,1.119654e+00,1.345504e+00,1.146996e+00,1.188174e+00,1.333040e+00,1.141580e+00,1.068011e+00,1.272332e+00,1.223778e+00,1.239233e+00,1.041190e+00,1.307476e+00,1.188876e+00,1.109567e+00,1.252656e+00,1.991646e+00,1.268783e+00,1.107960e+00,1.302696e+00,1.110126e+00,1.182012e+00,1.149455e+00,1.231576e+00,1.214153e+00,1.181334e+00,2.001617e+00,1.059501e+00,1.113587e+00,1.187675e+00,1.097230e+00,1.081753e+00,1.117769e+00,1.070354e+00,1.272591e+00,1.035130e+00,1.156069e+00,1.096424e+00,1.061607e+00,1.070291e+00,1.503533e+00,2.250561e+00,9.775413e+00,1.065128e+00,1.185230e+00,1.167908e+00,1.079328e+00,1.148003e+00,1.008971e+00,1.209487e+00,1.262784e+00,1.565892e+00,1.127937e+00,1.025242e+00,1.172484e+00,1.138822e+00,1.234100e+00,1.142671e+00,1.214914e+00,1.061082e+00,1.223840e+00,1.247984e+00,1.125941e+00,1.177674e+00,1.052348e+00,1.118881e+00,1.107282e+00,1.136629e+00,1.107126e+00,1.153327e+00,1.257047e+00,1.054078e+00,1.390162e+00,1.100711e+00,1.383691e+00,1.280831e+00,1.225095e+00,1.099629e+00,1.131442e+00,1.208395e+00,1.183510e+00,1.165908e+00
9.716169e-01,1.064730e+00,1.104374e+00,1.105627e+00,1.147221e+00,1.135130e+00,1.253988e+00,1.233498e+00,1.180737e+00,1.143920e+00,1.152947e+00,1.111139e+00,1.109788e+00,1.068087e+00,1.119263e+00,1.214366e+00,1.069132e+00,1.074057e+00,1.087900e+00,1.178862e+00,1.115749e+00,1.311484e+00,1.104449e+00,1.084578e+00,1.213606e+00,1.107127e+00,1.138687e+00,1.254441e+00,1.203178e+00,1.222011e+00,1.075955e+00,1.295678e+00,1.039455e+00,1.251263e+00,1.052974e+00,1.259743e+00,1.213517e+00,1.115908e+00,1.259843e+00,1.241874e+00,1.149421e+00,1.302522e+00,1.114863e+00,1.366186e+00,9.791333e-01,1.038629e+00,1.351925e+00,1.197338e+00,1.226727e+00,1.117073e+00,1.203009e+00,1.261408e+00,1.385493e+00,1.144305e+00,1.276447e+00,1.125609e+00,1.158567e+00,1.072751e+00,1.079663e+00,1.219808e+00,1.097619e+00,1.165626e+00,1.038511e+00,1.151829e+00,1.259911e+00,1.286514e+00,1.219884e+00,1.092763e+00,1.078172e+00,1.162400e+00,1.157127e+00,9.975019e-01,1.210422e+00,1.131124e+00,1.046072e+00,1.197200e+00,1.200331e+00,1.274348e+00,1.156482e+00,1.275153e+00,1.044616e+00,1.158214e+00,1.351356e+00,1.266277e+00,1.118910e+00,1.171740e+00,1.065645e+00,1.254329e+00,1.027741e+00,1.137765e+00,1.155575e+00,1.124713e+00,1.207010e+00,1.252154e+00,1.187235e+00,1.113761e+00,1.180197e+00,1.770868e+00,1.205716e+00,1.210750e+00,1.256488e+00,1.099654e+00,1.103941e+00,1.090427e+00,1.170015e+00,1.086246e+00,1.112209e+00,1.035411e+00,1.152376e+00,1.195126e+00,1.093762e+00,1.158318e+00,1.128004e+00,1.158110e+00,1.210537e+00,1.060845e+00,1.246617e+00,1.152802e+00,1.280413e+00,1.073675e+00,1.133249e+00,1.263779e+00,1.703718e+00,1.191426e+00,1.006278e+00,1.190208e+00,2.279716e+00,1.163024e+00,1.681107e+00,1.565868e+00,1.269631e+00,1.098513e+00,1.190288e+00,1.235488e+00,1.209112e+00,1.118802e+00,1.255501e+00,1.129912e+00,1.198660e+00,1.062247e+00,1.202244e+00,1.246324e+00,1.168666e+00,1.332950e+00,9.894273e-01,1.563748e+00,1.177978e+00,1.064484e+00,1.027657e+00,1.251890e+00,1.054646e+00,1.084221e+00,1.116615e+00,1.217680e+00,1.119280e+00,1.068717e+00,1.153141e+00,1.183854e+00,1.273602e+00,1.192951e+00,1.064701e+00,1.120873e+00,1.250426e+00,1.318553e+00,1.029329e+00,1.128646e+00,1.138868e+00,1.116865e+00,1.373084e+00,1.114185e+00,9.632067e-01,1.861719e+00,1.607967e+00,1.041866e+01,1.175977e+00,1.201394e+00,1.085229e+00,1.100871e+00,1.126583e+00,1.124976e+00,1.199658e+00,1.107713e+00,1.115980e+00,1.190182e+00,9.821949e-01,1.077891e+00,1.002056e+00,1.063678e+00,1.192812e+00,1.118999e+00,9.554201e-01,1.146447e+00,1.331967e+00,1.045826e+00,1.021395e+00,1.159314e+00,1.244278e+00,1.023518e+00,9.607226e-01,1.076985e+00,1.243300e+00,1.038350e+00,1.183068e+00,1.155291e+00,1.170454e+00,1.321982e+00,1.240053e+00,1.149492e+00,1.110267e+00,1.108490e+00,1.199783e+00,1.205862e+00,1.155862e+00,1.052694e+00,1.097448e+00
1.154843e+00,1.022943e+00,1.168121e+00,1.075890e+00,1.155512e+00,1.149862e+00,1.190019e+00,1.034638e+00,1.110085e+00,1.045662e+00,1.241971e+00,1.092314e+00,1.176146e+00,1.190788e+00,1.075135e+00,1.122690e+00,1.094673e+00,1.072391e+00,1.336598e+00,1.254871e+00,1.188318e+00,1.260948e+00,1.222125e+00,1.152995e+00,1.147931e+00,1.056727e+00,1.196041e+00,1.148417e+00,1.107422e+00,1.195546e+00,1.245385e+00,1.157355e+00,1.095485e+00,1.263694e+00,1.126527e+00,1.214794e+00,1.128107e+00,1.033501e+00,1.098719e+00,1.138386e+00,1.242205e+00,1.278578e+00,1.148435e+00,1.139921e+00,1.050197e+00,1.149076e+00,1.018182e+00,1.350778e+00,1.198012e+00,1.164040e+00,1.208506e+00,1.249537e+00,1.018192e+00,1.128838e+00,1.162582e+00,1.519365e+00,1.042968e+00,1.181907e+00,1.182140e+00,1.116966e+00,1.155872e+00,9.556061e-01,1.303944e+00,1.070867e+00,1.039104e+00,1.048784e+00,1.258444e+00,9.478786e-01,1.228133e+00,1.077168e+00,1.132487e+00,1.151003e+00,1.166754e+00,1.083225e+00,1.965661e+00,1.186039e+00,1.042591e+00,1.193804e+00,1.124775e+00,1.164573e+00,1.041295e+00,1.089628e+00,1.326164e+00,1.128833e+00,1.306437e+00,1.218162e+00,1.105513e+00,1.160833e+00,1.114561e+00,1.153760e+00,1.186229e+00,1.424243e+00,1.295198e+00,1.173645e+00,1.306507e+00,1.187544e+00,1.226072e+00,1.165283e+00,1.072368e+00,1.050553e+00,1.127532e+00,1.058602e+00,1.111099e+00,1.495099e+00,1.102225e+00,1.132236e+00,1.059034e+00,1.086691e+00,1.090396e+00,1.058749e+00,1.113108e+00,1.187933e+00,1.037000e+00,1.188463e+00,1.082335e+00,1.075967e+00,1.070372e+00,1.279737e+00,1.069981e+00,1.073736e+00,1.105101e+00,1.223473e+00,1.038933e+00,2.217470e+00,1.430931e+00,1.334010e+00,1.066847e+00,1.122362e+00,1.119478e+00,1.278246e+00,1.109666e+00,1.102226e+00,1.107848e+00,1.425337e+00,1.105416e+00,1.290847e+00,2.088849e+00,1.048088e+00,1.010036e+00,1.400323e+00,1.282448e+00,1.207148e+00,2.009254e+00,2.164184e+00,1.233669e+00,1.359549e+00,1.140757e+00,1.174027e+00,1.786026e+00,1.349389e+00,1.172075e+00,1.346086e+00,1.216538e+00,1.101564e+00,1.506569e+00,1.119847e+00,1.176713e+00,1.108204e+00,1.270606e+00,1.199989e+00,1.057807e+00,1.053510e+00,1.282985e+00,1.243622e+00,1.060832e+00,1.168984e+00,1.120412e+00,1.121775e+00,1.122387e+00,1.127946e+00,1.080386e+00,1.098971e+00,1.630901e+00,1.277596e+00,1.049470e+00,1.110331e+00,1.169101e+00,1.103084e+00,1.153792e+00,1.040993e+00,1.173737e+00,1.182950e+00,1.214678e+00,1.111135e+00,1.138991e+00,1.294540e+00,1.038250e+00,1.211503e+00,1.038285e+00,1.054017e+00,1.150349e+00,1.098846e+00,1.228116e+00,1.172115e+00,1.169165e+00,1.191509e+00,1.112557e+00,1.139161e+00,1.117942e+00,1.208858e+00,1.176858e+00,1.203416e+00,1.119614e+00,1.078923e+00,1.304175e+00,1.113591e+00,1.284180e+00,9.447529e-01,1.086323e+00,1.006536e+00,1.074790e+00,1.309182e+00,1.116948e+00,1.206232e+00,1.143807e+00
1.218897e+00,1.138398e+00,1.234905e+00,1.192050e+00,1.229895e+00,1.060537e+00,1.100439e+00,1.027631e+00,1.176631e+00,1.131360e+00,1.141545e+00,1.164179e+00,1.095907e+00,1.272060e+00,1.241568e+00,1.101182e+00,1.201198e+00,1.088614e+00,1.223462e+00,1.264843e+00,1.113752e+00,1.128517e+00,9.812642e-01,1.154344e+00,1.313240e+00,1.167792e+00,1.256559e+00,1.086637e+00,1.319809e+00,1.113692e+00,1.137137e+00,1.271892e+00,1.088486e+00,1.072067e+00,1.176627e+00,1.226329e+00,1.207633e+00,1.258540e+00,1.145488e+00,1.184105e+00,1.127210e+00,1.030494e+00,1.003771e+00,1.185499e+00,1.301215e+00,1.029191e+00,1.098177e+00,1.128932e+00,1.092545e+00,1.201182e+00,1.192700e+00,1.111624e+00,1.084421e+00,1.066550e+00,1.165865e+00,1.262300e+00,1.055632e+00,1.078098e+00,1.150660e+00,1.146127e+00,1.216211e+00,1.234213e+00,1.079664e+00,1.111498e+00,1.052774e+00,1.120095e+00,1.203649e+00,1.147445e+00,1.140946e+00,1.201963e+00,1.179935e+00,1.125777e+00,1.169688e+00,1.144942e+00,1.110499e+00,1.161776e+00,1.104651e+00,1.399497e+00,1.375203e+00,1.070387e+00,1.084875e+00,1.172526e+00,1.110377e+00,1.080551e+00,1.152399e+00,2.006150e+00,1.051144e+00,1.122781e+00,1.130197e+00,1.073780e+00,1.625658e+00,1.166945e+00,1.005652e+00,1.085351e+00,1.037819e+00,1.095840e+00,1.167850e+00,9.757253e-01,1.191951e+00,1.296213e+00,2.264726e+00,1.298031e+00,1.132074e+00,1.238479e+00,1.091251e+00,1.178938e+00,1.094399e+00,1.188466e+00,1.111976e+00,1.303691e+00,1.084337e+00,1.037764e+00,1.109094e+00,1.087297e+00,1.095879e+00,1.126612e+00,1.200707e+00,1.172382e+00,1.011638e+00,2.023506e+00,1.084988e+00,1.199409e+00,1.143652e+00,1.305565e+00,1.597829e+00,1.739040e+00,1.151987e+00,1.118036e+00,1.165074e+00,1.095442e+00,1.227519e+00,1.207916e+00,1.173773e+00,1.105369e+00,1.366512e+00,1.527652e+00,1.714554e+00,1.071711e+00,1.399698e+00,1.601675e+00,1.193106e+00,1.181224e+00,1.181730e+00,1.196317e+00,1.159191e+00,1.076513e+00,1.227384e+00,1.135701e+00,1.446699e+00,1.171911e+00,9.869082e-01,1.184700e+00,1.143176e+00,1.180293e+00,1.153587e+00,1.173976e+00,1.099258e+00,1.130626e+00,1.032838e+00,1.135322e+00,1.242932e+00,1.075080e+00,1.225642e+00,1.093555e+00,1.061940e+00,1.211713e+00,1.252030e+00,1.028346e+00,1.073810e+00,2.245252e+00,1.228257e+00,1.153725e+00,1.089078e+00,1.251691e+00,1.105798e+00,1.237158e+00,1.114164e+00,1.127097e+00,1.331565e+00,1.210580e+00,1.181329e+00,1.196827e+00,1.072151e+00,1.187765e+00,1.199141e+00,1.230820e+00,1.181236e+00,1.191937e+00,1.106633e+00,1.065071e+00,1.204398e+00,1.065259e+00,1.239125e+00,1.183037e+00,1.038686e+00,1.126044e+00,1.023777e+00,1.124901e+00,9.805580e-01,1.327326e+00,1.118283e+00,1.264051e+00,1.114461e+00,1.104065e+00,9.705208e-01,1.259986e+00,1.059256e+00,1.281736e+00,1.223698e+00,1.002766e+00,1.187173e+00,1.193980e+00,1.134926e+00,1.197214e+00,1.146730e+00
1.174473e+00,1.209911e+00,1.102809e+00,1.112692e+00,1.023220e+00,1.170661e+00,1.150571e+00,1.099854e+00,1.204082e+00,1.171533e+00,1.150578e+00,1.127744e+00,1.095243e+00,1.073246e+00,1.113006e+00,1.110441e+00,1.089054e+00,1.109854e+00,1.057560e+00,1.089617e+00,1.188999e+00,1.255260e+00,1.034209e+00,1.098136e+00,1.166711e+00,1.232690e+00,1.195785e+00,1.155674e+00,1.179305e+00,1.022971e+00,1.193536e+00,1.154534e+00,1.102602e+00,1.011794e+00,1.231444e+00,1.310227e+00,1.245539e+00,1.093884e+00,1.145652e+00,1.191735e+00,1.191391e+00,1.107947e+00,1.191730e+00,1.085229e+00,1.265926e+00,1.142308e+00,1.235728e+00,1.120327e+00,1.164318e+00,1.232600e+00,1.612610e+00,1.157112e+00,1.089484e+00,1.168835e+00,1.154516e+00,1.085638e+00,1.083467e+00,1.221607e+00,1.198941e+00,1.105438e+00,1.118787e+00,1.117838e+00,1.080058e+00,1.228886e+00,1.151767e+00,1.257494e+00,1.197278e+00,1.125125e+00,1.258274e+00,1.249009e+00,1.124854e+00,1.164749e+00,1.158116e+00,1.256803e+00,1.123617e+00,1.203494e+00,1.207430e+00,1.315941e+00,1.093344e+00,1.299732e+00,1.178009e+00,1.070333e+00,1.700402e+00,1.052744e+00,1.259970e+00,1.099124e+00,1.072580e+00,1.189075e+00,1.178072e+00,1.075531e+00,1.089326e+00,1.131206e+00,1.673825e+00,1.243267e+00,1.124055e+00,1.591811e+00,2.231888e+00,1.050484e+00,1.203841e+00,1.150942e+00,2.300706e+00,1.159482e+00,1.061373e+00,1.071729e+00,1.147824e+00,1.075630e+00,1.246279e+00,9.673919e-01,1.208750e+00,1.158833e+00,1.179060e+00,1.082797e+00,1.053113e+00,1.136384e+00,1.154380e+00,1.157849e+00,1.108414e+00,1.114574e+00,1.106643e+00,1.213487e+00,1.204621e+00,1.291654e+00,1.415710e+00,1.111644e+00,1.686386e+00,1.527600e+00,1.179047e+00,1.245759e+00,1.361307e+00,1.199531e+00,1.165112e+00,1.081889e+00,1.325780e+00,2.117078e+00,1.184456e+00,1.259875e+00,1.042945e+00,1.177526e+00,1.349958e+00,1.114693e+00,1.399253e+00,1.221566e+00,1.078720e+00,1.269958e+00,1.135194e+00,1.207840e+00,1.044263e+00,1.135225e+00,1.074143e+00,1.076350e+00,1.355781e+00,1.104312e+00,1.127198e+00,1.142514e+00,1.086335e+00,1.071523e+00,1.075247e+00,1.242637e+00,1.133419e+00,1.044413e+00,1.027195e+00,1.073890e+00,1.237942e+00,1.109018e+00,1.156204e+00,1.031736e+00,1.235914e+00,1.016254e+00,1.114501e+00,1.150729e+00,1.242129e+00,1.171862e+00,1.124723e+00,1.102126e+00,1.215808e+00,1.032944e+00,1.205975e+00,9.942041e-01,1.095979e+00,1.152081e+00,1.215923e+00,1.159156e+00,1.212420e+00,1.207739e+00,1.300391e+00,1.129096e+00,1.168570e+00,1.049111e+00,1.251266e+00,1.164190e+00,1.099365e+00,1.195515e+00,1.082330e+00,1.205379e+00,1.277427e+00,1.110220e+00,1.152432e+00,1.198875e+00,1.048292e+00,1.132721e+00,1.077178e+00,1.134162e+00,1.052337e+00,1.230409e+00,1.135243e+00,1.169427e+00,1.193150e+00,1.137506e+00,1.126456e+00,1.123367e+00,1.151671e+00,1.102755e+00,1.295913e+00,1.020076e+00,1.072144e+00
1.047414e+00,1.204738e+00,1.038734e+00,1.179268e+00,1.158292e+00,1.215467e+00,1.097802e+00,1.053377e+00,1.132302e+00,1.149320e+00,1.215553e+00,1.156469e+00,1.239898e+00,1.028635e+00,1.195586e+00,1.260870e+00,1.137506e+00,1.215269e+00,1.209874e+00,1.050694e+00,1.160563e+00,1.201931e+00,1.126767e+00,1.281112e+00,1.174554e+00,1.135670e+00,1.136270e+00,1.096477e+00,1.158937e+00,1.211936e+00,1.168451e+00,1.275056e+00,1.186703e+00,1.161882e+00,1.078949e+00,1.111945e+00,1.210238e+00,1.198738e+00,1.189055e+00,1.227218e+00,1.083601e+00,1.249892e+00,1.191293e+00,1.217371e+00,1.167512e+00,1.261412e+00,1.154508e+00,1.160323e+00,1.195909e+00,1.138553e+00,1.048138e+00,1.098793e+00,1.123468e+00,1.126279e+00,1.076874e+00,1.130104e+00,1.062136e+00,1.141959e+00,1.005829e+00,1.397446e+00,1.208523e+00,1.075287e+00,1.132362e+00,1.089532e+00,1.155727e+00,1.142066e+00,1.195347e+00,1.096497e+00,1.147276e+00,1.051910e+00,9.456683e-01,1.089141e+00,1.200194e+00,1.051186e+00,1.241943e+00,1.082583e+00,1.137085e+00,1.230434e+00,1.193321e+00,1.127983e+00,1.189624e+00,1.092118e+00,1.202891e+00,1.171750e+00,1.112242e+00,1.017802e+00,1.145073e+00,1.239564e+00,1.600166e+00,1.134898e+00,1.264181e+00,1.172983e+00,1.017454e+00,1.281619e+00,1.050727e+00,1.016661e+00,1.103444e+00,1.952028e+00,1.136275e+00,1.221788e+00,1.412618e+00,1.341095e+00,1.107084e+00,1.206093e+00,1.184119e+00,1.148929e+00,1.149412e+00,1.116036e+00,1.143077e+00,1.057430e+00,1.126945e+00,2.251880e+00,1.032656e+00,1.065463e+00,1.339722e+00,1.126578e+00,1.169559e+00,1.065869e+00,1.280043e+00,1.214235e+00,2.260035e+00,1.140409e+00,1.201623e+00,2.141608e+00,1.062939e+00,1.075553e+00,1.272555e+00,1.006397e+00,1.122159e+00,1.229091e+00,1.257027e+00,1.232681e+00,1.275468e+00,1.059901e+00,1.108752e+00,1.038430e+00,1.331708e+00,1.232391e+00,1.232640e+00,1.155828e+00,1.260195e+00,1.236970e+00,1.085535e+00,1.140942e+00,1.214585e+00,1.204242e+00,1.236165e+00,1.145768e+00,1.216081e+00,1.149127e+00,1.214445e+00,1.149574e+00,1.148725e+00,1.089717e+00,1.159142e+00,1.144324e+00,1.210200e+00,1.134754e+00,1.214523e+00,1.300026e+00,1.113937e+00,1.030781e+00,9.802468e-01,1.080990e+00,1.093467e+00,1.319055e+00,1.351646e+00,1.105476e+00,1.218482e+00,1.021253e+00,1.311306e+00,1.312110e+00,1.138028e+00,1.122245e+00,1.114660e+00,1.181266e+00,1.085331e+00,1.198841e+00,1.130667e+00,1.086453e+00,1.188152e+00,1.108634e+00,1.073585e+00,1.104752e+00,1.176011e+00,1.062673e+00,1.284832e+00,1.105347e+00,1.267671e+00,1.090436e+00,1.079791e+00,1.229998e+00,1.253759e+00,1.092840e+00,1.120523e+00,1.073907e+00,1.074987e+00,1.038467e+00,1.018526e+00,1.176043e+00,1.288355e+00,1.278181e+00,1.057087e+00,1.112487e+00,1.098874e+00,1.108096e+00,1.156862e+00,1.118065e+00,1.209382e+00,1.138168e+00,1.120602e+00,1.272070e+00,1.127987e+00,1.045266e+00,1.222168e+00
1.047823e+00,1.255783e+00,1.115078e+00,9.883816e-01,1.258051e+00,1.191444e+00,9.676389e-01,1.098752e+00,1.066186e+00,1.174634e+00,1.133945e+00,1.159802e+00,1.065283e+00,1.002798e+00,1.001645e+00,1.179557e+00,9.894326e-01,1.319767e+00,1.064310e+00,1.052760e+00,1.193051e+00,1.212068e+00,1.105586e+00,1.144253e+00,1.102915e+00,1.138751e+00,9.937179e-01,1.071711e+00,1.544793e+00,1.033404e+00,1.043071e+00,1.165152e+00,1.170322e+00,1.209064e+00,1.013590e+00,1.280344e+00,1.230794e+00,1.460094e+00,1.348820e+00,9.715146e-01,1.166508e+00,1.275294e+00,1.124982e+00,1.103526e+00,1.208185e+00,1.266289e+00,1.181952e+00,1.143114e+00,1.206818e+00,1.083370e+00,1.214893e+00,1.042927e+00,1.055150e+00,1.174834e+00,1.093426e+00,1.202950e+00,1.050182e+00,1.036392e+00,1.276717e+00,1.211999e+00,1.082947e+00,1.144467e+00,1.049190e+00,1.054667e+00,1.099713e+00,1.284044e+00,1.293695e+00,1.058596e+00,1.123346e+00,1.064155e+00,1.201277e+00,1.226761e+00,1.167517e+00,1.161157e+00,1.224281e+00,1.081814e+00,1.136584e+00,1.374640e+00,1.175392e+00,1.154957e+00,1.165520e+00,1.092207e+00,1.077808e+00,1.007668e+00,1.092491e+00,1.205882e+00,1.249511e+00,1.175311e+00,1.087746e+00,1.093542e+00,1.185942e+00,1.059006e+00,1.094608e+00,1.171876e+00,1.177638e+00,1.104445e+00,1.153826e+00,1.221506e+00,1.131391e+00,1.179008e+00,1.224878e+00,1.147531e+00,1.168593e+00,1.149016e+00,1.235936e+00,1.170475e+00,1.140362e+00,1.149886e+00,1.089748e+00,1.137744e+00,1.197789e+00,1.127307e+00,1.743391e+00,1.288897e+00,1.174228e+00,1.103893e+00,2.780672e+00,1.463728e+00,2.049183e+00,1.120117e+00,1.158986e+00,1.490973e+00,1.376165e+00,1.169735e+00,1.042853e+00,1.495173e+00,1.326296e+00,1.159565e+00,1.106757e+00,1.193825e+00,1.133919e+00,1.171877e+00,1.170186e+00,1.161984e+00,1.176181e+00,1.226653e+00,1.144059e+00,1.472223e+00,1.372890e+00,1.143617e+00,1.425934e+00,1.068645e+00,1.610110e+00,1.002653e+00,1.062015e+00,1.224064e+00,1.261460e+00,1.194843e+00,1.309306e+00,1.092798e+00,1.095041e+00,1.164608e+00,1.106785e+00,1.364486e+00,1.140991e+00,1.028149e+00,9.622769e-01,1.192617e+00,1.120724e+00,1.093281e+00,1.105439e+00,1.123684e+00,1.314430e+00,1.083164e+00,1.265746e+00,1.177143e+00,1.074958e+00,1.773466e+00,2.063900e+00,1.036720e+00,1.157126e+00,1.247886e+00,1.167194e+00,1.244505e+00,1.106899e+00,1.102112e+00,1.067991e+00,1.093375e+00,1.198987e+00,1.150908e+00,1.240079e+00,1.090334e+00,1.132333e+00,1.122998e+00,1.117550e+00,1.055671e+00,1.179928e+00,1.182291e+00,1.054240e+00,1.164721e+00,1.170516e+00,1.028860e+00,1.092862e+00,1.057391e+00,1.053578e+00,1.193198e+00,1.072313e+00,1.154921e+00,1.148366e+00,1.182251e+00,1.067083e+00,1.070967e+00,1.190253e+00,1.082325e+00,1.102699e+00,1.141628e+00,1.101256e+00,1.145390e+00,1.141619e+00,1.085106e+00,1.052217e+00,1.330246e+00,1.266301e+00,1.252547e+00,1.235369e+00
1.328999e+00,1.034812e+00,1.122839e+00,1.357241e+00,1.187918e+00,1.165016e+00,9.952891e-01,1.067883e+00,1.173145e+00,1.064574e+00,1.204698e+00,9.582048e-01,1.077065e+00,9.903770e-01,1.061662e+00,1.171507e+00,1.138170e+00,1.039787e+00,1.030091e+00,1.141048e+00,1.081940e+00,1.125286e+00,1.314282e+00,1.209510e+00,9.573324e-01,1.057260e+00,1.070128e+00,1.164445e+00,1.142643e+00,1.077596e+00,1.110114e+00,1.105941e+00,1.050254e+00,1.171765e+00,9.907656e-01,1.259230e+00,1.161920e+00,9.882235e-01,1.069412e+00,1.169879e+00,1.225914e+00,1.118617e+00,1.150269e+00,1.121236e+00,1.167687e+00,1.135267e+00,1.037556e+00,1.255860e+00,1.179703e+00,1.294117e+00,1.146217e+00,1.137858e+00,1.146399e+00,1.124927e+00,1.116214e+00,1.065055e+00,1.147295e+00,1.149329e+00,1.105481e+00,1.077842e+00,1.223493e+00,1.122003e+00,1.152982e+00,1.168839e+00,1.029187e+00,1.018949e+00,1.107969e+00,1.196045e+00,1.183457e+00,1.221815e+00,9.754520e-01,1.763490e+00,1.206333e+00,1.146214e+00,1.160137e+00,1.237437e+00,1.024042e+00,1.049722e+00,1.135522e+00,1.111162e+00,1.087605e+00,1.157261e+00,1.461446e+00,1.155222e+00,1.063138e+00,1.161389e+00,1.181008e+00,1.009810e+00,1.179395e+00,9.940688e-01,1.145941e+00,1.129060e+00,1.070051e+00,1.054287e+00,1.191690e+00,1.124789e+00,1.210512e+00,1.033124e+00,1.081752e+00,1.118573e+00,2.730065e+00,1.159650e+00,1.200738e+00,1.040599e+00,1.352531e+00,1.101715e+00,1.031343e+00,1.089783e+00,1.130730e+00,9.404856e-01,1.227298e+00,1.194424e+00,1.120935e+00,1.034397e+00,1.252219e+00,1.081019e+00,1.075376e+00,1.094555e+00,1.061701e+00,1.079792e+00,1.090862e+00,1.216915e+00,1.169928e+00,1.112168e+00,1.136463e+00,1.174637e+00,1.282985e+00,1.662880e+00,1.287041e+00,1.108339e+00,1.036965e+00,1.166163e+00,1.153647e+00,1.042059e+00,1.377480e+00,1.453375e+00,1.209134e+00,1.102641e+00,1.173574e+00,1.105885e+00,1.097949e+00,1.271980e+00,1.087328e+00,1.092792e+00,1.251517e+00,1.172171e+00,1.085336e+00,1.139779e+00,1.224938e+00,1.174862e+00,1.172163e+00,1.078890e+00,1.158266e+00,1.062992e+00,1.087492e+00,1.199953e+00,1.126740e+00,1.250154e+00,1.137139e+00,1.082874e+00,1.161737e+00,1.164829e+00,1.103398e+00,1.235363e+00,1.062508e+00,1.103059e+00,1.150180e+00,1.188724e+00,1.299611e+00,1.367032e+00,1.079249e+00,1.110531e+00,1.047988e+00,1.014308e+00,1.159873e+00,1.183912e+00,1.148526e+00,1.219641e+00,1.157190e+00,1.098460e+00,1.299551e+00,1.072239e+00,1.079725e+00,1.163441e+00,1.184032e+00,1.146833e+00,1.157246e+00,1.073089e+00,1.133292e+00,1.109764e+00,1.239861e+00,1.259441e+00,1.131567e+00,1.055878e+00,9.798634e-01,1.223363e+00,1.374258e+00,1.182039e+00,1.110457e+00,1.214264e+00,1.275087e+00,1.246883e+00,1.059076e+00,1.179523e+00,1.210162e+00,1.108379e+00,1.269677e+00,1.128799e+00,1.075976e+00,1.237425e+00,1.110731e+00,1.034409e+00,1.015815e+00,1.067204e+00,1.219072e+00
1.032085e+00,1.148244e+00,1.063483e+00,1.074893e+00,1.297458e+00,1.011584e+00,1.061594e+00,1.054651e+00,1.084123e+00,1.120257e+00,1.183866e+00,1.206250e+00,1.181399e+00,1.114496e+00,1.089067e+00,1.107430e+00,1.106459e+00,1.145137e+00,1.204284e+00,1.219719e+00,1.336365e+00,1.112956e+00,1.135973e+00,1.193865e+00,1.162386e+00,1.094903e+00,1.194522e+00,1.061019e+00,1.279047e+00,1.138362e+00,1.053392e+00,1.129981e+00,1.082563e+00,1.034201e+00,1.138543e+00,1.150647e+00,1.179315e+00,1.126285e+00,1.155080e+00,1.101812e+00,1.195854e+00,1.070649e+00,1.140557e+00,1.122354e+00,1.144512e+00,1.107403e+00,1.176947e+00,1.167093e+00,1.052535e+00,1.090635e+00,1.133756e+00,1.218926e+00,1.114578e+00,1.111675e+00,1.142301e+00,1.140051e+00,9.634636e-01,1.015181e+00,1.181201e+00,1.151987e+00,1.164546e+00,1.202114e+00,1.155946e+00,1.029318e+00,1.163383e+00,1.213288e+00,1.095061e+00,1.048469e+00,1.081765e+00,1.124086e+00,1.031724e+00,1.200203e+00,1.150123e+00,1.112287e+00,1.692303e+00,1.158119e+00,1.141725e+00,1.253911e+00,1.206049e+00,1.288277e+00,1.083474e+00,1.137323e+00,1.069676e+00,1.119014e+00,1.142023e+00,1.038294e+00,1.160182e+00,1.348241e+00,1.120543e+00,1.215192e+00,1.230657e+00,1.152997e+00,1.134786e+00,1.129764e+00,1.056727e+00,1.199364e+00,1.157201e+00,1.092890e+00,1.018950e+00,1.416345e+00,1.128504e+00,1.179835e+00,1.100315e+00,1.169292e+00,1.320612e+00,1.026368e+00,1.216392e+00,1.138051e+00,1.570266e+00,1.101702e+00,1.055062e+00,1.205157e+00,1.204356e+00,1.206897e+00,1.889921e+00,1.252815e+00,1.022297e+00,1.083640e+00,9.814267e-01,2.111928e+00,1.003954e+00,2.085005e+00,1.039558e+00,1.257472e+00,1.161594e+00,1.086338e+00,1.567277e+00,1.640844e+00,1.082451e+00,1.084153e+00,1.188010e+00,1.324564e+00,1.131841e+00,1.173315e+00,9.760601e-01,1.059568e+00,1.182806e+00,1.157829e+00,1.149746e+00,1.083106e+00,1.151784e+00,1.083530e+00,1.095608e+00,1.249949e+00,1.184920e+00,1.069085e+00,1.867183e+00,1.177495e+00,1.215510e+00,1.078079e+00,1.108452e+00,1.091307e+00,1.097637e+00,1.125894e+00,9.705170e-01,1.232142e+00,1.143743e+00,1.047517e+00,1.151961e+00,1.047617e+00,1.082150e+00,1.025874e+00,1.226626e+00,1.147724e+00,2.288591e+00,2.126867e+00,1.977179e+00,1.152973e+00,1.068178e+00,1.118172e+00,1.054229e+00,9.650050e-01,1.095425e+00,1.132063e+00,1.136391e+00,1.117137e+00,1.076427e+00,1.158198e+00,1.202619e+00,1.018700e+00,1.024576e+00,1.059757e+00,1.064876e+00,1.068705e+00,1.088188e+00,1.079160e+00,1.165720e+00,1.033590e+00,1.152489e+00,1.099345e+00,1.119181e+00,1.188379e+00,1.120404e+00,1.120223e+00,1.229774e+00,1.172744e+00,1.094004e+00,1.184706e+00,1.061107e+00,1.071696e+00,1.122890e+00,1.077321e+00,1.177942e+00,1.164993e+00,1.173894e+00,1.311738e+00,1.060405e+00,1.095304e+00,1.015432e+00,1.080259e+00,1.184466e+00,1.164515e+00,1.100868e+00,1.106769e+00,1.193447e+00
1.152397e+00,1.045526e+00,1.056602e+00,1.122024e+00,1.124160e+00,9.706533e-01,1.188694e+00,1.118177e+00,9.827553e-01,1.205311e+00,1.055438e+00,1.028207e+00,1.045305e+00,1.142248e+00,1.050854e+00,1.030364e+00,1.151402e+00,1.081256e+00,1.152039e+00,1.026191e+00,1.137955e+00,1.135683e+00,1.053205e+00,1.131880e+00,1.207428e+00,1.242436e+00,9.800378e-01,1.082186e+00,1.066460e+00,1.192791e+00,1.078115e+00,1.032757e+00,1.107632e+00,1.121223e+00,1.050086e+00,1.192005e+00,1.028688e+00,1.228552e+00,1.069020e+00,1.040634e+00,1.229484e+00,1.057079e+00,1.082481e+00,1.120340e+00,1.053400e+00,1.164556e+00,1.050486e+00,1.300507e+00,1.065949e+00,9.744409e-01,1.121096e+00,1.098734e+00,1.049102e+00,1.146297e+00,1.159600e+00,1.113463e+00,1.068119e+00,1.213629e+00,1.082119e+00,1.175670e+00,1.096394e+00,1.139350e+00,1.138580e+00,1.172409e+00,1.080928e+00,1.126895e+00,1.369846e+00,1.082583e+00,1.180616e+00,1.009531e+00,1.150170e+00,1.094707e+00,9.931913e-01,1.169372e+00,1.070833e+00,1.113739e+00,9.856601e-01,1.136485e+00,1.061768e+00,1.083286e+00,1.165855e+00,1.192979e+00,1.124362e+00,1.067790e+00,9.835034e-01,1.366353e+00,1.118220e+00,1.105892e+00,9.791826e-01,1.124383e+00,1.043350e+00,1.040122e+00,1.058750e+00,1.063128e+00,1.114290e+00,1.191652e+00,9.755114e-01,1.065489e+00,1.067439e+00,1.166124e+00,1.137762e+00,1.086817e+00,1.072890e+00,1.078207e+00,1.124251e+00,1.183420e+00,1.185535e+00,1.070933e+00,1.083030e+00,1.022477e+00,1.063527e+00,9.775720e-01,1.057536e+00,1.119486e+00,2.368084e+00,2.257574e+00,1.121999e+00,1.464279e+00,9.858390e-01,1.034866e+00,1.158090e+00,1.036420e+00,1.135315e+00,1.734342e+00,1.228360e+00,9.555483e-01,1.040267e+00,1.217278e+00,1.310534e+00,1.095346e+00,1.308145e+00,1.010025e+00,1.258699e+00,1.040686e+00,1.075303e+00,1.051290e+00,1.166956e+00,1.175548e+00,1.046178e+00,1.235635e+00,1.127594e+00,1.100022e+00,1.040001e+00,1.085556e+00,1.102095e+00,1.168252e+00,1.131490e+00,1.127010e+00,1.138791e+00,1.205243e+00,1.132538e+00,1.147268e+00,1.053960e+00,1.142255e+00,1.143133e+00,1.122309e+00,1.071374e+00,1.155704e+00,1.160177e+00,1.066866e+00,1.220135e+00,1.076578e+00,1.003434e+00,2.342723e+00,1.150632e+00,1.203753e+00,1.099232e+00,1.109057e+00,1.126523e+00,1.037571e+00,1.126736e+00,1.093895e+00,1.172049e+00,1.155695e+00,1.259861e+00,1.120034e+00,1.084813e+00,1.065001e+00,1.058430e+00,1.224387e+00,1.122363e+00,1.184877e+00,1.147910e+00,1.110978e+00,1.095424e+00,1.238419e+00,1.245074e+00,1.239967e+00,1.168781e+00,1.183978e+00,1.139442e+00,1.157037e+00,1.125331e+00,1.331120e+00,1.039563e+00,1.098091e+00,1.008010e+00,1.246980e+00,1.132707e+00,1.095075e+00,1.170195e+00,1.240513e+00,1.103093e+00,1.085359e+00,1.187210e+00,1.068325e+00,1.224128e+00,1.142470e+00,1.176846e+00,1.160198e+00,1.100099e+00,1.012373e+00,1.121874e+00,1.230202e+00,1.132037e+00
1.133715e+00,1.304368e+00,1.234654e+00,1.151776e+00,1.077414e+00,1.033191e+00,1.160222e+00,1.048281e+00,1.183468e+00,1.088554e+00,1.111349e+00,9.991122e-01,1.082294e+00,1.139607e+00,1.069967e+00,1.066823e+00,1.062651e+00,1.207127e+00,1.308454e+00,1.037264e+00,1.150814e+00,1.169868e+00,9.706845e-01,1.149059e+00,1.083142e+00,1.010953e+00,1.109504e+00,1.209863e+00,1.076038e+00,1.251665e+00,1.160284e+00,1.097348e+00,1.151797e+00,1.175432e+00,1.124729e+00,1.010815e+00,1.189889e+00,1.074989e+00,1.109398e+00,1.143710e+00,1.101794e+00,1.335262e+00,1.167962e+00,1.113528e+00,1.042740e+00,1.062928e+00,1.234340e+00,1.170604e+00,1.099900e+00,1.074660e+00,1.172880e+00,1.099741e+00,1.124799e+00,1.265602e+00,1.070442e+00,9.632000e-01,1.177430e+00,1.083724e+00,1.063720e+00,1.075190e+00,1.192354e+00,1.072555e+00,1.106737e+00,1.132819e+00,1.145616e+00,1.140570e+00,1.133469e+00,1.165948e+00,9.970124e-01,1.137666e+00,1.044783e+00,1.033748e+00,1.042426e+00,9.456130e-01,1.173923e+00,1.065425e+00,1.022156e+00,1.066250e+00,1.231822e+00,1.075577e+00,1.177649e+00,9.985983e-01,1.111330e+00,1.198478e+00,1.080144e+00,1.122910e+00,1.122440e+00,1.093365e+00,1.026346e+00,1.211257e+00,1.104036e+00,2.068831e+00,1.265224e+00,1.031759e+00,1.087062e+00,1.099441e+00,2.464552e+00,1.243436e+00,1.264384e+00,1.087613e+00,1.183389e+00,1.146679e+00,1.061545e+00,1.043038e+00,1.250016e+00,1.031743e+00,1.086174e+00,1.069021e+00,1.094433e+00,1.162252e+00,1.012160e+00,1.561701e+00,1.516426e+00,1.195285e+00,1.392323e+00,1.068020e+00,1.249404e+00,1.162480e+00,1.226695e+00,1.059583e+00,1.133190e+00,1.199373e+00,1.161065e+00,1.069880e+00,1.162276e+00,1.161690e+00,1.152569e+00,1.245114e+00,1.218939e+00,1.224961e+00,1.138490e+00,1.146761e+00,1.208015e+00,1.106827e+00,1.363870e+00,2.168047e+00,1.104030e+00,1.149724e+00,1.035248e+00,9.795538e-01,1.149013e+00,1.116261e+00,1.121959e+00,1.152197e+00,1.283060e+00,1.136770e+00,1.178422e+00,1.069827e+00,1.107196e+00,1.048995e+00,1.129462e+00,1.117143e+00,1.048279e+00,1.107404e+00,1.119084e+00,1.034879e+00,1.262119e+00,1.126664e+00,1.081320e+00,1.223130e+00,1.107114e+00,1.140908e+00,1.054237e+00,1.171325e+00,1.146340e+00,1.135689e+00,1.115305e+00,1.096868e+00,1.094639e+00,1.177931e+00,1.030969e+00,1.158215e+00,1.248844e+00,1.105589e+00,1.066576e+00,1.034171e+00,1.081687e+00,1.005500e+00,1.055172e+00,1.117322e+00,1.076675e+00,1.024092e+00,1.209026e+00,1.151596e+00,1.196350e+00,1.016790e+00,1.032043e+00,1.217599e+00,1.083677e+00,1.100706e+00,1.256985e+00,1.051995e+00,1.122457e+00,1.058743e+00,1.102471e+00,1.047767e+00,1.089322e+00,1.083841e+00,1.007259e+00,1.125049e+00,1.052327e+00,1.228839e+00,1.097575e+00,1.202851e+00,1.307922e+00,1.054288e+00,1.130359e+00,1.115909e+00,1.107261e+00,9.911034e-01,1.078598e+00,1.144609e+00,1.032833e+00,1.058190e+00,1.103442e+00
1.101347e+00,1.104188e+00,1.058017e+00,1.133744e+00,1.117786e+00,1.157931e+00,1.131694e+00,1.073409e+00,1.114958e+00,1.147684e+00,1.138302e+00,1.215042e+00,1.126994e+00,1.027918e+00,1.363925e+00,1.279413e+00,1.039414e+00,1.091219e+00,1.230931e+00,1.145542e+00,1.182901e+00,1.116687e+00,1.058759e+00,1.101812e+00,1.086841e+00,1.214263e+00,1.085640e+00,1.103440e+00,1.218829e+00,1.368729e+00,1.142008e+00,1.220307e+00,9.487428e-01,1.151491e+00,1.066986e+00,1.168481e+00,1.115377e+00,1.080955e+00,1.027392e+00,1.170636e+00,1.109542e+00,1.029126e+00,1.110513e+00,1.050364e+00,1.058733e+00,1.192231e+00,1.113872e+00,9.974393e-01,1.221986e+00,1.159656e+00,1.220139e+00,1.122852e+00,1.133141e+00,1.141699e+00,1.067318e+00,1.034258e+00,1.047041e+00,1.219439e+00,1.113243e+00,1.075820e+00,1.088108e+00,1.039808e+00,1.215296e+00,1.089876e+00,1.192554e+00,1.194058e+00,1.097887e+00,1.171412e+00,1.105686e+00,1.083276e+00,9.775091e-01,1.063196e+00,9.862537e-01,1.307418e+00,1.080104e+00,1.052577e+00,1.166691e+00,1.170803e+00,1.053774e+00,1.112744e+00,1.099982e+00,1.112771e+00,1.226073e+00,1.031604e+00,1.155873e+00,1.305259e+00,1.110085e+00,1.002397e+00,1.096429e+00,1.139098e+00,1.130366e+00,1.233254e+00,1.112116e+00,1.044961e+00,1.031908e+00,9.843824e-01,1.019868e+00,1.082711e+00,1.090728e+00,1.189051e+00,1.221715e+00,1.481153e+00,1.326766e+00,1.149321e+00,1.117286e+00,1.058646e+00,1.113939e+00,1.109631e+00,1.171635e+00,1.110564e+00,1.032612e+00,1.275699e+00,1.071302e+00,1.088966e+00,1.050431e+00,1.060423e+00,1.051298e+00,1.052213e+00,1.050421e+00,1.126544e+00,1.106043e+00,1.089670e+00,1.152189e+00,1.162762e+00,1.212703e+00,1.187078e+00,1.096992e+00,1.260245e+00,1.108690e+00,1.120929e+00,9.590997e-01,1.017855e+00,1.132197e+00,1.102860e+00,1.086012e+00,1.210267e+00,1.152896e+00,1.029189e+00,1.117949e+00,1.362761e+00,1.100084e+00,1.208886e+00,1.188544e+00,1.015866e+00,1.039262e+00,9.507426e-01,1.029705e+00,1.034652e+00,1.064714e+00,1.112411e+00,1.164792e+00,1.172108e+00,9.951845e-01,1.036937e+00,9.470648e-01,1.130239e+00,1.034888e+00,1.003224e+00,1.057326e+00,1.232503e+00,1.798523e+00,1.221097e+00,1.083285e+00,1.025336e+00,1.076198e+00,1.131047e+00,1.069152e+00,1.228031e+00,1.064563e+00,9.582450e-01,1.024600e+00,1.140640e+00,1.124951e+00,9.818105e-01,1.046906e+00,1.085840e+00,1.034665e+00,1.179088e+00,1.149171e+00,1.248507e+00,1.159616e+00,1.058589e+00,1.177125e+00,1.080753e+00,1.213200e+00,1.317142e+00,9.860642e-01,1.067005e+00,1.089389e+00,1.210333e+00,1.234329e+00,1.132390e+00,1.071572e+00,1.040426e+00,1.069882e+00,1.076949e+00,1.094359e+00,1.173443e+00,1.023537e+00,1.099612e+00,1.134811e+00,1.198619e+00,1.063706e+00,1.141319e+00,1.473875e+00,1.125338e+00,1.035498e+00,1.121389e+00,1.064613e+00,1.148071e+00,1.056798e+00,1.083637e+00,1.124055e+00,1.273537e+00,1.187295e+00
1.178664e+00,1.019806e+00,1.356105e+00,1.145186e+00,1.379348e+00,1.257166e+00,1.098888e+00,1.152024e+00,1.063754e+00,1.229525e+00,1.076911e+00,1.106086e+00,1.080809e+00,1.022006e+00,1.009503e+00,1.129082e+00,1.127768e+00,1.078734e+00,1.112254e+00,1.090939e+00,1.202964e+00,1.112306e+00,1.084942e+00,1.131606e+00,1.068303e+00,1.026904e+00,1.038098e+00,1.132200e+00,1.188072e+00,1.126468e+00,1.066996e+00,1.049520e+00,1.084463e+00,1.118808e+00,1.188285e+00,1.097443e+00,1.001479e+00,1.060511e+00,1.027928e+00,9.895478e-01,1.066456e+00,1.253110e+00,1.096175e+00,1.067798e+00,1.178891e+00,1.195214e+00,1.143127e+00,1.169453e+00,1.237470e+00,1.059143e+00,1.072178e+00,1.312746e+00,1.285034e+00,1.086560e+00,1.033855e+00,1.189265e+00,1.037394e+00,1.090398e+00,1.090662e+00,1.165407e+00,1.053320e+00,1.155911e+00,1.132071e+00,1.088748e+00,1.142732e+00,1.321332e+00,1.081711e+00,1.026525e+00,1.142103e+00,1.115478e+00,1.143677e+00,1.174104e+00,1.128354e+00,1.035245e+00,1.080766e+00,1.079498e+00,1.028560e+00,1.145265e+00,1.108051e+00,1.174524e+00,1.041202e+00,1.168879e+00,1.053934e+00,1.085559e+00,1.201313e+00,1.526986e+00,1.126271e+00,1.172693e+00,1.089840e+00,1.034063e+00,1.180117e+00,1.076330e+00,1.006086e+00,1.272994e+00,1.049723e+00,1.195727e+00,2.118899e+00,1.142680e+00,1.125255e+00,1.043199e+00,1.174715e+00,1.795562e+00,1.122615e+00,1.111577e+00,1.065099e+00,1.036355e+00,1.143652e+00,1.068579e+00,1.149783e+00,1.173344e+00,1.153562e+00,1.085666e+00,1.062712e+00,1.084367e+00,1.487468e+00,1.213338e+00,1.160566e+00,1.073915e+00,1.169788e+00,1.154704e+00,1.093667e+00,1.050714e+00,1.121251e+00,1.071497e+00,1.127515e+00,1.185314e+00,1.044708e+00,1.018960e+00,1.456253e+00,1.006510e+00,1.056462e+00,1.159524e+00,1.133661e+00,1.029151e+00,1.176479e+00,1.033446e+00,1.251858e+00,1.052807e+00,1.163238e+00,1.036291e+00,1.093137e+00,1.250172e+00,1.097407e+00,1.148276e+00,1.090569e+00,1.094304e+00,1.079781e+00,1.248711e+00,1.104685e+00,1.098785e+00,9.962734e-01,1.244243e+00,1.107119e+00,9.257233e-01,1.041067e+00,1.119799e+00,1.203989e+00,1.119063e+00,1.181605e+00,1.062479e+00,1.198360e+00,1.211604e+00,1.123850e+00,1.232430e+00,1.150982e+00,1.204910e+00,1.174806e+00,1.163735e+00,1.048620e+00,1.169272e+00,1.114897e+00,1.172403e+00,1.081144e+00,1.179079e+00,1.168929e+00,1.119345e+00,1.109026e+00,1.064467e+00,1.014300e+00,1.110005e+00,1.174569e+00,1.229533e+00,1.071407e+00,1.111096e+00,1.195105e+00,1.027477e+00,1.053223e+00,1.146730e+00,1.045268e+00,1.195870e+00,1.156695e+00,9.755438e-01,1.158177e+00,1.081778e+00,1.269674e+00,1.304372e+00,1.210328e+00,1.231454e+00,1.046674e+00,1.353423e+00,9.993873e-01,1.097684e+00,1.122228e+00,1.072457e+00,1.051353e+00,1.110801e+00,1.054205e+00,1.015422e+00,1.078460e+00,1.094247e+00,1.153163e+00,1.072532e+00,1.199691e+00,1.063717e+00,1.296189e+00
1.146135e+00,1.028922e+00,1.064848e+00,1.197443e+00,1.079738e+00,1.050918e+00,1.094546e+00,1.090386e+00,1.093113e+00,1.163770e+00,1.080785e+00,1.056310e+00,1.145104e+00,1.035714e+00,1.269754e+00,1.075138e+00,1.193070e+00,1.070185e+00,1.093681e+00,1.119515e+00,1.044423e+00,1.071872e+00,1.133844e+00,1.147663e+00,1.075043e+00,1.161638e+00,1.126997e+00,1.125449e+00,1.013713e+00,1.182546e+00,1.192752e+00,1.181340e+00,1.292901e+00,1.113959e+00,1.093717e+00,1.051501e+00,1.197685e+00,1.058995e+00,1.175149e+00,1.130423e+00,1.070301e+00,1.176450e+00,1.206692e+00,1.164168e+00,1.055277e+00,1.127344e+00,1.184890e+00,1.182283e+00,1.123302e+00,1.269449e+00,1.082438e+00,1.178979e+00,1.112177e+00,1.190998e+00,1.200092e+00,1.059587e+00,1.278692e+00,1.187234e+00,1.126953e+00,1.076476e+00,1.080435e+00,1.169789e+00,1.045901e+00,1.157578e+00,9.898823e-01,9.927124e-01,1.070315e+00,1.270673e+00,1.111435e+00,9.621094e-01,1.179904e+00,1.141782e+00,1.029650e+00,1.171447e+00,1.043834e+00,1.195118e+00,1.044010e+00,1.075628e+00,1.080942e+00,1.174652e+00,1.099500e+00,1.020134e+00,1.124049e+00,9.694114e-01,1.131659e+00,1.180444e+00,1.227520e+00,1.021891e+00,1.161656e+00,1.269088e+00,1.130156e+00,1.405564e+00,9.717534e-01,1.132025e+00,1.032892e+00,1.114319e+00,1.146854e+00,1.144174e+00,1.245241e+00,1.138055e+00,1.069752e+00,1.861680e+00,1.243622e+00,1.463818e+00,1.197984e+00,1.056186e+00,1.008589e+00,1.123570e+00,1.084795e+00,1.157875e+00,1.091434e+00,1.002129e+00,1.099115e+00,1.107589e+00,1.097522e+00,9.898664e-01,1.119791e+00,1.069278e+00,1.129636e+00,1.061516e+00,1.219254e+00,1.096980e+00,1.155495e+00,1.055102e+00,1.459457e+00,1.189116e+00,1.068561e+00,1.033541e+00,1.281517e+00,1.004646e+00,9.782869e-01,1.289950e+00,1.160433e+00,1.153805e+00,1.228637e+00,1.115925e+00,9.247257e-01,1.203065e+00,1.268849e+00,9.674730e-01,1.206774e+00,1.000149e+00,1.186035e+00,1.087415e+00,1.135951e+00,1.109202e+00,1.147862e+00,1.016999e+00,1.187842e+00,1.153966e+00,1.086629e+00,1.049973e+00,1.130342e+00,1.264510e+00,1.099067e+00,1.108263e+00,1.174450e+00,2.244406e+00,1.179399e+00,2.199376e+00,1.203273e+00,1.057843e+00,1.521606e+00,1.051985e+00,1.186519e+00,1.075492e+00,1.083217e+00,1.079578e+00,1.208479e+00,1.154495e+00,1.159614e+00,1.286461e+00,1.072612e+00,9.949125e-01,1.197223e+00,1.077293e+00,1.099690e+00,1.144518e+00,9.901669e-01,1.123934e+00,1.002358e+00,1.186848e+00,1.083004e+00,1.117416e+00,1.051685e+00,1.226020e+00,1.131287e+00,1.154894e+00,1.037759e+00,1.052832e+00,1.213402e+00,1.139268e+00,1.160311e+00,1.037659e+00,1.134852e+00,1.084839e+00,1.074406e+00,1.036834e+00,1.149259e+00,1.093487e+00,1.215039e+00,1.103439e+00,1.078317e+00,1.286771e+00,1.084192e+00,1.126443e+00,1.070849e+00,1.228900e+00,1.153667e+00,1.026328e+00,1.185428e+00,1.053244e+00,1.195631e+00,1.335628e+00,1.084851e+00
1.195732e+00,1.146409e+00,1.176454e+00,1.080160e+00,1.079013e+00,1.144923e+00,1.229677e+00,1.149830e+00,1.107511e+00,1.062408e+00,1.064284e+00,1.056251e+00,1.168710e+00,1.153278e+00,1.111613e+00,1.051933e+00,1.095167e+00,1.153360e+00,1.214448e+00,1.068649e+00,1.255997e+00,1.099459e+00,1.140125e+00,1.090031e+00,1.083748e+00,1.148140e+00,1.034542e+00,1.098887e+00,1.212253e+00,1.181333e+00,1.167763e+00,1.171077e+00,1.028255e+00,1.211508e+00,1.143753e+00,1.087337e+00,1.127244e+00,1.036323e+00,1.100427e+00,1.212358e+00,1.055999e+00,1.105941e+00,1.073938e+00,1.235153e+00,1.120034e+00,1.159877e+00,1.026954e+00,1.065364e+00,1.245696e+00,1.071676e+00,1.393336e+00,1.303234e+00,1.108973e+00,1.099632e+00,1.035337e+00,1.111467e+00,1.041030e+00,1.042083e+00,1.063830e+00,1.139917e+00,1.021010e+00,1.078935e+00,1.110400e+00,1.180492e+00,1.151197e+00,1.099316e+00,1.194285e+00,1.045845e+00,1.110569e+00,1.191641e+00,1.162729e+00,1.362876e+00,1.127323e+00,1.125827e+00,1.131696e+00,1.175918e+00,1.109574e+00,1.250179e+00,1.102425e+00,1.184301e+00,1.214586e+00,1.166796e+00,1.106058e+00,1.078665e+00,1.043427e+00,1.048962e+00,1.511776e+00,1.224094e+00,1.081993e+00,1.084353e+00,1.149922e+00,1.100319e+00,1.277247e+00,1.193447e+00,1.178367e+00,1.271817e+00,1.167706e+00,1.130185e+00,1.149821e+00,1.096448e+00,1.227076e+00,9.728770e-01,1.025001e+00,1.511559e+00,1.056749e+00,1.455541e+00,9.791715e-01,1.108182e+00,1.091878e+00,9.389221e+00,1.223627e+00,1.118868e+00,1.188551e+00,1.943831e+00,1.061053e+00,1.025116e+00,1.227439e+00,1.579089e+00,1.196496e+00,1.170557e+00,1.371897e+00,1.170750e+00,1.180848e+00,1.156697e+00,1.141285e+00,1.101069e+00,1.013923e+00,1.322109e+00,1.062646e+00,1.030075e+00,1.040335e+00,1.202456e+00,1.178449e+00,1.085271e+00,1.097830e+00,1.282493e+00,1.091933e+00,1.208267e+00,1.082758e+00,1.038098e+00,1.137324e+00,1.177527e+00,1.117740e+00,1.228147e+00,1.107464e+00,1.067412e+00,1.137511e+00,1.146601e+00,1.111775e+00,1.039371e+00,1.319915e+00,1.022901e+00,1.027656e+00,1.036771e+00,1.175320e+00,1.212213e+00,1.167595e+00,1.174636e+00,1.179173e+00,1.203685e+00,1.145446e+00,1.232078e+00,1.099585e+00,1.108308e+00,1.045912e+00,1.056109e+00,1.161842e+00,1.068482e+00,1.194228e+00,1.158257e+00,1.017802e+00,1.064604e+00,1.012196e+00,1.088602e+00,1.060040e+00,1.231955e+00,1.116143e+00,1.244162e+00,1.152766e+00,1.098635e+00,1.152959e+00,1.162873e+00,1.137639e+00,1.114965e+00,1.105978e+00,1.132641e+00,1.062234e+00,1.109232e+00,1.244920e+00,1.110752e+00,1.046032e+00,1.116794e+00,1.076087e+00,1.207647e+00,1.146190e+00,1.024108e+00,1.152959e+00,1.055898e+00,1.211340e+00,1.229648e+00,1.251426e+00,1.041024e+00,1.104968e+00,1.241168e+00,1.137442e+00,1.193851e+00,1.048072e+00,1.195315e+00,1.174844e+00,1.136179e+00,1.329464e+00,1.086014e+00,1.201195e+00,1.220792e+00,1.110843e+00
1.150352e+00,1.163031e+00,1.118368e+00,1.157576e+00,1.210201e+00,1.308716e+00,1.301018e+00,1.095016e+00,1.051876e+00,1.243304e+00,1.082879e+00,1.165746e+00,1.174227e+00,1.111126e+00,1.051516e+00,1.221936e+00,1.133484e+00,1.199524e+00,1.083815e+00,1.061803e+00,1.278915e+00,1.164566e+00,1.048127e+00,1.243411e+00,1.042697e+00,1.140168e+00,1.053390e+00,1.123101e+00,1.129614e+00,1.119430e+00,1.224178e+00,1.160940e+00,1.025459e+00,1.105831e+00,1.091311e+00,1.086055e+00,1.141204e+00,1.075480e+00,1.205399e+00,9.673152e-01,1.051414e+00,1.165228e+00,1.216804e+00,1.123443e+00,1.416943e+00,9.938463e-01,1.416817e+00,1.151536e+00,1.101449e+00,1.111413e+00,1.138907e+00,1.134888e+00,1.050598e+00,1.110940e+00,9.955663e-01,1.119807e+00,1.263632e+00,1.332596e+00,1.293347e+00,1.038803e+00,1.127319e+00,1.057191e+00,1.263723e+00,1.104910e+00,1.230866e+00,1.212041e+00,1.092295e+00,1.133302e+00,1.169656e+00,1.153226e+00,1.401232e+00,1.225919e+00,1.177268e+00,1.042749e+00,1.098698e+00,1.091021e+00,1.123311e+00,1.212911e+00,1.138264e+00,1.160092e+00,1.064917e+00,1.077546e+00,1.076844e+00,1.035963e+00,1.058168e+00,1.053067e+00,1.058537e+00,1.107655e+00,1.250992e+00,1.231652e+00,1.230495e+00,1.012493e+00,1.152371e+00,1.277592e+00,1.192868e+00,1.094332e+00,1.013648e+00,1.136143e+00,1.122347e+00,1.771201e+00,1.308583e+00,1.048218e+00,1.430130e+00,1.220360e+00,1.134708e+00,1.117900e+00,1.122597e+00,2.137242e+00,1.144247e+00,1.521773e+00,1.195815e+00,1.549515e+00,1.068019e+00,9.867688e-01,1.110111e+00,1.111605e+00,1.154344e+00,1.067934e+00,1.156051e+00,1.139532e+00,1.289648e+00,1.196189e+00,1.144747e+00,1.343401e+00,1.122455e+00,1.169410e+00,1.173048e+00,1.163514e+00,1.221876e+00,1.105024e+00,1.087965e+00,1.205603e+00,1.035373e+00,1.080694e+00,1.217808e+00,1.139508e+00,1.117914e+00,1.218750e+00,1.262395e+00,1.255747e+00,1.171922e+00,1.143361e+00,1.218325e+00,9.499513e-01,1.048176e+00,1.147820e+00,1.133613e+00,1.080235e+00,1.113950e+00,1.105658e+00,1.164878e+00,1.128234e+00,1.191042e+00,2.371568e+00,1.783590e+00,1.121063e+00,1.568417e+00,1.162419e+00,1.080593e+00,1.154351e+00,1.119823e+00,1.164071e+00,1.341469e+00,1.129356e+00,1.247442e+00,1.084300e+00,1.152206e+00,1.100047e+00,1.165844e+00,1.086181e+00,1.066065e+00,1.093031e+00,1.093012e+00,1.229068e+00,1.108636e+00,9.964868e-01,1.069128e+00,1.169022e+00,1.201449e+00,1.267105e+00,1.201423e+00,9.783626e-01,1.179360e+00,1.174827e+00,1.195473e+00,1.172331e+00,1.208668e+00,1.091123e+00,1.123451e+00,1.074332e+00,1.060373e+00,1.092379e+00,1.051904e+00,1.143865e+00,1.079980e+00,1.133780e+00,1.159279e+00,1.269957e+00,1.153409e+00,1.176745e+00,1.166511e+00,1.166423e+00,1.069220e+00,1.095257e+00,1.205965e+00,1.049123e+00,1.168992e+00,1.130929e+00,1.161007e+00,1.136643e+00,1.329694e+00,1.110457e+00,1.131868e+00,9.622619e-01,1.195645e+00
1.075312e+00,1.064149e+00,1.121817e+00,1.210018e+00,1.072349e+00,1.111039e+00,1.155401e+00,1.171608e+00,1.147745e+00,1.125791e+00,1.215459e+00,1.253847e+00,1.208093e+00,1.131397e+00,1.047810e+00,1.112575e+00,1.244076e+00,1.180129e+00,1.125229e+00,1.172777e+00,1.003730e+00,1.118638e+00,1.064958e+00,1.115773e+00,1.185693e+00,1.055307e+00,1.081680e+00,1.176846e+00,1.117238e+00,1.179119e+00,1.026599e+00,1.044305e+00,1.151099e+00,1.089454e+00,1.182743e+00,1.124156e+00,1.142639e+00,1.240661e+00,1.125417e+00,1.048432e+00,1.030744e+00,1.294039e+00,9.975610e-01,1.206398e+00,9.997812e-01,1.151638e+00,1.159038e+00,1.166057e+00,1.155197e+00,1.004081e+00,1.198438e+00,1.065381e+00,1.114294e+00,9.674587e-01,1.111186e+00,1.167167e+00,1.222895e+00,1.115830e+00,1.240796e+00,1.127438e+00,1.247534e+00,1.283241e+00,1.137610e+00,1.031595e+00,1.247541e+00,1.070323e+00,1.120978e+00,1.118797e+00,1.122479e+00,1.025692e+00,1.228330e+00,9.971547e-01,1.116400e+00,1.167101e+00,1.096897e+00,1.150907e+00,1.050612e+00,1.188109e+00,1.198899e+00,1.187916e+00,1.180263e+00,1.012253e+00,1.046343e+00,1.163911e+00,1.031177e+00,1.017927e+00,1.117984e+00,1.179812e+00,1.086418e+00,1.115821e+00,1.196819e+00,1.082060e+00,1.045886e+00,1.269979e+00,1.165923e+00,1.105154e+00,1.059211e+00,1.002548e+00,9.748702e-01,1.187159e+00,1.139102e+00,1.121395e+00,1.165209e+00,1.100695e+00,1.126597e+00,2.246419e+00,1.152810e+00,1.267947e+00,1.129502e+00,1.241329e+00,1.175397e+00,1.159147e+00,1.321255e+00,1.102285e+00,1.074040e+00,1.236571e+00,1.415375e+00,1.342097e+00,1.115905e+00,1.075482e+00,1.237069e+00,1.163225e+00,1.206296e+00,1.710368e+00,1.355501e+00,1.190582e+00,1.256413e+00,1.090152e+00,1.122810e+00,1.199137e+00,9.778114e-01,1.228274e+00,1.260352e+00,1.141380e+00,1.133810e+00,1.178969e+00,1.134206e+00,1.239050e+00,1.029187e+00,1.352007e+00,1.215395e+00,1.139541e+00,1.187196e+00,1.156511e+00,1.315097e+00,1.064850e+00,1.111288e+00,1.139493e+00,1.110728e+00,9.693604e-01,1.154356e+00,1.122005e+00,1.079954e+00,1.135075e+00,1.203222e+00,1.223418e+00,1.188831e+00,1.249751e+00,1.124646e+00,1.165946e+00,1.240762e+00,1.138563e+00,1.308414e+00,1.131572e+00,1.155770e+00,1.181231e+00,1.119952e+00,1.042765e+00,1.120235e+00,1.235619e+00,1.169834e+00,1.110973e+00,1.431338e+00,1.186091e+00,1.231222e+00,1.101787e+00,9.974111e-01,1.089950e+00,1.055239e+00,1.218973e+00,9.921753e-01,1.128075e+00,1.166578e+00,1.284656e+00,1.075909e+00,1.087646e+00,1.192815e+00,1.055799e+00,1.027279e+00,1.261244e+00,1.154920e+00,1.094071e+00,1.132947e+00,1.075571e+00,1.107931e+00,1.184734e+00,9.539852e-01,1.131480e+00,1.099771e+00,1.075514e+00,1.216487e+00,1.144355e+00,1.143210e+00,1.108514e+00,1.066528e+00,1.135874e+00,1.105518e+00,1.170667e+00,1.417520e+00,1.192976e+00,1.135971e+00,1.137550e+00,1.244897e+00,1.049889e+00,1.329950e+00
1.073399e+00,1.049934e+00,9.776740e-01,1.258959e+00,1.194782e+00,1.070010e+00,1.218155e+00,1.148316e+00,1.154492e+00,1.207801e+00,1.429555e+00,1.136865e+00,1.133073e+00,1.071917e+00,1.046316e+00,1.176961e+00,1.220776e+00,1.269404e+00,1.195896e+00,1.040663e+00,9.890342e-01,1.250642e+00,1.356355e+00,1.046073e+00,1.274922e+00,1.165391e+00,1.111064e+00,1.258096e+00,1.137279e+00,1.142622e+00,1.129489e+00,1.116366e+00,1.221023e+00,1.108962e+00,1.220510e+00,1.130831e+00,1.186900e+00,1.147087e+00,1.120142e+00,1.233510e+00,1.027782e+00,1.118329e+00,1.076440e+00,9.823190e-01,1.075602e+00,1.295212e+00,1.064711e+00,1.187131e+00,1.282752e+00,1.138332e+00,1.169426e+00,1.130163e+00,1.115025e+00,1.247132e+00,9.797221e-01,1.225073e+00,1.228470e+00,1.095564e+00,1.130032e+00,1.267857e+00,1.151951e+00,1.091326e+00,1.058398e+00,1.490434e+00,1.544600e+00,1.094020e+00,1.092026e+00,1.142662e+00,9.810699e-01,1.051852e+00,1.022832e+00,1.049017e+00,1.298714e+00,1.100389e+00,1.333924e+00,1.167758e+00,1.223025e+00,1.067780e+00,1.133949e+00,1.164587e+00,1.212863e+00,1.074283e+00,1.243871e+00,1.298539e+00,1.163614e+00,1.039182e+00,1.065547e+00,1.086836e+00,1.199384e+00,1.163723e+00,1.100527e+00,1.256869e+00,1.249198e+00,1.359568e+00,1.200826e+00,1.115948e+00,1.146334e+00,1.134474e+00,1.329110e+00,1.062233e+00,1.136468e+00,1.145170e+00,1.175515e+00,1.212989e+00,1.136223e+00,1.187498e+00,1.127132e+00,1.221885e+00,9.984492e-01,1.115234e+00,1.115615e+00,1.169371e+00,1.367243e+00,1.518294e+00,1.104198e+00,1.070015e+00,1.223178e+00,9.841728e-01,1.203223e+00,1.128920e+00,1.091253e+00,1.213816e+00,1.218340e+00,1.183695e+00,1.059527e+00,1.147673e+00,1.179151e+00,1.303105e+00,1.236441e+00,1.194894e+00,1.090297e+00,1.180354e+00,1.196534e+00,9.931901e-01,1.155333e+00,1.167023e+00,1.101616e+00,1.092958e+00,1.254831e+00,1.112785e+00,1.222946e+00,1.008932e+00,1.192245e+00,1.192227e+00,1.151531e+00,1.174676e+00,1.175850e+00,1.195997e+00,1.238679e+00,1.204130e+00,8.672591e+00,1.254157e+00,2.112162e+00,1.167212e+00,1.089536e+00,1.173661e+00,1.216063e+00,1.399891e+00,1.129558e+00,1.053454e+00,1.098847e+00,1.074253e+00,1.237718e+00,1.139578e+00,1.037754e+00,1.112405e+00,1.133879e+00,1.087377e+00,1.093407e+00,1.004161e+00,1.236822e+00,1.129136e+00,1.122311e+00,1.066327e+00,1.275752e+00,1.124287e+00,1.186010e+00,1.257966e+00,9.856302e-01,1.037372e+00,9.942725e-01,9.748024e-01,1.133106e+00,1.176058e+00,1.163297e+00,1.268177e+00,1.145295e+00,1.292375e+00,1.125858e+00,1.086577e+00,1.236495e+00,1.274267e+00,1.127402e+00,1.089816e+00,1.168004e+00,1.204060e+00,1.186871e+00,1.275705e+00,1.138120e+00,1.051620e+00,1.073374e+00,1.199374e+00,1.196097e+00,1.066300e+00,1.112067e+00,1.206062e+00,1.034277e+00,1.101611e+00,1.073409e+00,1.158881e+00,1.080351e+00,1.126441e+00,1.023291e+00,1.062213e+00,1.076082e+00
1.127240e+00,1.111914e+00,1.044261e+00,1.308080e+00,1.118725e+00,1.250406e+00,1.175188e+00,1.143782e+00,1.048209e+00,1.187110e+00,1.329549e+00,1.233439e+00,1.054305e+00,1.063358e+00,1.169478e+00,1.196958e+00,1.163214e+00,1.061072e+00,1.122397e+00,1.117376e+00,1.123677e+00,1.230209e+00,1.096491e+00,1.033811e+00,1.206601e+00,1.093127e+00,1.104428e+00,1.179012e+00,1.197594e+00,1.129406e+00,1.233347e+00,1.123387e+00,1.308225e+00,1.246248e+00,1.226789e+00,1.068301e+00,1.210812e+00,1.055868e+00,1.083835e+00,1.130425e+00,1.211359e+00,1.242677e+00,1.166409e+00,1.166266e+00,1.038768e+00,1.011294e+00,1.166867e+00,1.119156e+00,1.160403e+00,1.199291e+00,1.141438e+00,1.389195e+00,1.115778e+00,1.213617e+00,1.116539e+00,1.189166e+00,1.355842e+00,1.131492e+00,1.140847e+00,1.147613e+00,1.160744e+00,1.002537e+00,1.224163e+00,1.164482e+00,1.103901e+00,1.134612e+00,1.184006e+00,1.297219e+00,1.209228e+00,1.153620e+00,1.314385e+00,1.143690e+00,1.225387e+00,1.079206e+00,1.117230e+00,1.146089e+00,1.271924e+00,1.092643e+00,1.114257e+00,1.058471e+00,1.108517e+00,1.268144e+00,1.010188e+00,1.013178e+00,1.224896e+00,1.269753e+00,1.295552e+00,1.111449e+00,1.219348e+00,1.109981e+00,1.122617e+00,1.161387e+00,1.058624e+00,1.160425e+00,1.067873e+00,1.279992e+00,1.155355e+00,1.395639e+00,1.100507e+00,1.238486e+00,1.146306e+00,1.340942e+00,1.284934e+00,1.231667e+00,1.362262e+00,1.115768e+00,1.212330e+00,1.167653e+00,1.089704e+00,1.324579e+00,1.231111e+00,1.267004e+00,1.178111e+00,1.238391e+00,1.104280e+00,1.120666e+00,1.301641e+00,1.221639e+00,1.137366e+00,1.233328e+00,1.144412e+00,1.182684e+00,1.151779e+00,1.303257e+00,1.106540e+00,1.008129e+00,1.119844e+00,1.284141e+00,1.055632e+00,1.224775e+00,1.065243e+00,1.087721e+00,1.055021e+00,1.225638e+00,1.073042e+00,1.122703e+00,1.237273e+00,1.112022e+00,1.042540e+00,1.110357e+00,1.150280e+00,1.088346e+00,1.150584e+00,1.277530e+00,1.184946e+00,1.120231e+00,9.747427e-01,1.385743e+00,1.221653e+00,1.023719e+00,1.444480e+00,1.061047e+00,1.091212e+00,1.080853e+00,1.302140e+00,1.130535e+00,1.064271e+00,1.266041e+00,1.213705e+00,1.204002e+00,9.972511e-01,1.258458e+00,1.227311e+00,1.109336e+00,1.121433e+00,1.245435e+00,1.148949e+00,1.183021e+00,1.197126e+00,1.217720e+00,1.136061e+00,1.118539e+00,1.148741e+00,1.113070e+00,1.141365e+00,1.167779e+00,1.131630e+00,1.140478e+00,1.127541e+00,1.174702e+00,1.214584e+00,1.027665e+00,1.296109e+00,1.096571e+00,9.884688e-01,1.239339e+00,1.210949e+00,1.226922e+00,1.222840e+00,1.155193e+00,1.095175e+00,1.004319e+00,1.109255e+00,1.118363e+00,1.341673e+00,1.197101e+00,1.216054e+00,1.122581e+00,1.219200e+00,1.209772e+00,1.182887e+00,1.053805e+00,1.137414e+00,1.252859e+00,1.136267e+00,1.133895e+00,1.141035e+00,1.100564e+00,1.197766e+00,1.174173e+00,1.080532e+00,9.942130e-01,1.226139e+00,1.117570e+00,1.062050e+00
1.154375e+00,1.198863e+00,1.071208e+00,1.111571e+00,1.191937e+00,1.207166e+00,1.262519e+00,1.091122e+00,1.073336e+00,1.132238e+00,1.194579e+00,1.163399e+00,1.428259e+00,1.211364e+00,1.082286e+00,1.199524e+00,1.103414e+00,1.123743e+00,1.115162e+00,1.101141e+00,1.085209e+00,1.321057e+00,1.171862e+00,1.176067e+00,1.088873e+00,1.115365e+00,1.152217e+00,1.138980e+00,1.143503e+00,1.199180e+00,1.128243e+00,1.169497e+00,1.114955e+00,1.023631e+00,1.069847e+00,1.341759e+00,1.063682e+00,1.070028e+00,1.036524e+00,1.293984e+00,1.140642e+00,1.108529e+00,1.339872e+00,1.104190e+00,1.268129e+00,1.077379e+00,1.188921e+00,1.310249e+00,1.273370e+00,1.173619e+00,1.137374e+00,1.279195e+00,1.056085e+00,1.198451e+00,1.426743e+00,1.045389e+00,1.078193e+00,1.134035e+00,1.092641e+00,1.182133e+00,1.094291e+00,1.258090e+00,1.274800e+00,1.142260e+00,1.195620e+00,1.041243e+00,1.281588e+00,1.239001e+00,1.340873e+00,1.139965e+00,1.128449e+00,1.046991e+00,1.039313e+00,1.062382e+00,1.210389e+00,1.044334e+00,1.177692e+00,1.020963e+00,1.101884e+00,1.141380e+00,1.183715e+00,1.158100e+00,1.202679e+00,1.172635e+00,1.220574e+00,1.100613e+00,1.232618e+00,1.077414e+00,1.286969e+00,1.187033e+00,1.213380e+00,1.007119e+00,1.232092e+00,1.191928e+00,1.171449e+00,1.221369e+00,1.165066e+00,1.101850e+00,1.063558e+00,1.142009e+00,1.020354e+00,1.155259e+00,1.224124e+00,1.114113e+00,1.026133e+00,1.300540e+00,1.201484e+00,1.219221e+00,1.044767e+00,1.194695e+00,9.870270e-01,1.181039e+00,1.067021e+00,1.213915e+00,1.008861e+00,1.056213e+00,1.143633e+00,1.180114e+00,1.073171e+00,1.053916e+00,1.097639e+00,1.207814e+00,1.270276e+00,1.137023e+00,1.213797e+00,1.021043e+00,1.200130e+00,1.093951e+00,1.146852e+00,1.192991e+00,1.162137e+00,1.100900e+00,1.117671e+00,1.094475e+00,1.256784e+00,1.206210e+00,1.073333e+00,1.216924e+00,1.304037e+00,1.079730e+00,1.263259e+00,1.111987e+00,1.153986e+00,1.074295e+00,1.199589e+00,1.165139e+00,1.249305e+00,1.203861e+00,1.092151e+00,1.411025e+00,1.073116e+00,1.195446e+00,1.715770e+00,1.123134e+00,1.216811e+00,1.108935e+00,1.092643e+00,1.177692e+00,1.255971e+00,1.111128e+00,1.180502e+00,1.263121e+00,1.085086e+00,1.180147e+00,1.257978e+00,1.149167e+00,1.069226e+00,1.264019e+00,1.175852e+00,1.083845e+00,1.096368e+00,1.022049e+00,1.128988e+00,1.361810e+00,1.205343e+00,1.111880e+00,1.033536e+00,1.314173e+00,1.121981e+00,1.293495e+00,1.107497e+00,1.171705e+00,1.258673e+00,1.060839e+00,1.171910e+00,1.120894e+00,1.134343e+00,1.013784e+00,1.111592e+00,1.155462e+00,1.094728e+00,1.044470e+00,1.104508e+00,1.145718e+00,1.274361e+00,1.013329e+00,1.100683e+00,1.114045e+00,1.254974e+00,1.037798e+00,1.190516e+00,1.295377e+00,1.061251e+00,1.272486e+00,1.191569e+00,1.036366e+00,1.061140e+00,1.020303e+00,1.203540e+00,1.240374e+00,1.256795e+00,1.175722e+00,1.209068e+00,1.032069e+00,1.048199e+00
1.139796e+00,1.165223e+00,1.123104e+00,1.268804e+00,1.236152e+00,1.055228e+00,1.172165e+00,1.183233e+00,1.075630e+00,1.081552e+00,1.135232e+00,1.027179e+00,1.208905e+00,1.363103e+00,1.142328e+00,1.169346e+00,9.984366e-01,1.199662e+00,1.137447e+00,1.048894e+00,1.105518e+00,1.029322e+00,1.110427e+00,1.064780e+00,1.045273e+00,1.178975e+00,1.120580e+00,1.159579e+00,1.172159e+00,1.066523e+00,1.043764e+00,1.150186e+00,1.148387e+00,1.206911e+00,1.181185e+00,1.104365e+00,1.221683e+00,1.104455e+00,1.079121e+00,1.126724e+00,1.168639e+00,1.059312e+00,1.186136e+00,1.097079e+00,1.139383e+00,1.120218e+00,1.165837e+00,1.179055e+00,1.194098e+00,1.108067e+00,1.265150e+00,1.140520e+00,1.128882e+00,1.199641e+00,1.170920e+00,1.109492e+00,1.035820e+00,1.031744e+00,1.075774e+00,1.064497e+00,1.019461e+00,1.197623e+00,1.161759e+00,1.110521e+00,1.415300e+00,1.097333e+00,1.089793e+00,1.132965e+00,1.140304e+00,1.146160e+00,1.191344e+00,1.181134e+00,1.111579e+00,1.286679e+00,1.130907e+00,1.093758e+00,1.150872e+00,1.075266e+00,1.097748e+00,1.246756e+00,1.128604e+00,1.089292e+00,1.250076e+00,1.276022e+00,1.242864e+00,1.128543e+00,1.188505e+00,1.072996e+00,1.165265e+00,9.545519e-01,1.278091e+00,1.169345e+00,1.071240e+00,1.139010e+00,1.205425e+00,1.276370e+00,1.168344e+00,1.201094e+00,1.189562e+00,1.133901e+00,1.088519e+00,1.148514e+00,1.098908e+00,1.174921e+00,1.169046e+00,1.097204e+00,1.214803e+00,1.282318e+00,1.155130e+00,1.396714e+00,1.060122e+00,1.132318e+00,1.145117e+00,1.184028e+00,1.271702e+00,1.009504e+00,1.317512e+00,1.047365e+00,1.087370e+00,1.063015e+00,1.144229e+00,1.166397e+00,1.017887e+00,1.203692e+00,1.210551e+00,1.055478e+00,1.060714e+00,1.108626e+00,1.079365e+00,1.359429e+00,1.203382e+00,1.151334e+00,1.070983e+00,1.078902e+00,1.103761e+00,1.096012e+00,1.355169e+00,1.093180e+00,1.069376e+00,9.829907e-01,1.309514e+00,1.183394e+00,1.402010e+00,1.178613e+00,2.296216e+00,1.772656e+00,1.087210e+00,nan,1.084104e+00,1.089377e+00,1.159266e+00,1.125613e+00,1.198347e+00,1.174877e+00,1.163008e+00,1.223593e+00,1.048657e+00,1.298488e+00,1.067920e+00,1.199488e+00,9.935774e-01,1.161467e+00,1.076819e+00,1.237899e+00,1.111917e+00,1.068900e+00,1.083720e+00,1.215240e+00,1.055155e+00,1.399541e+00,1.169995e+00,1.160975e+00,1.131616e+00,1.197639e+00,1.179677e+00,1.032986e+00,1.267195e+00,1.091750e+00,1.156985e+00,1.109559e+00,1.299328e+00,1.126319e+00,1.084290e+00,1.123930e+00,1.171378e+00,1.247396e+00,1.002444e+00,1.040791e+00,1.138600e+00,1.071842e+00,1.030571e+00,1.094255e+00,1.137382e+00,1.383752e+00,1.120602e+00,1.089669e+00,1.214184e+00,1.139819e+00,1.206846e+00,1.218030e+00,1.132825e+00,1.091358e+00,1.206434e+00,1.081603e+00,1.204192e+00,1.175350e+00,1.119016e+00,1.098108e+00,1.110740e+00,1.146377e+00,1.138001e+00,1.105613e+00,1.201313e+00,1.222989e+00,9.818058e-01
1.132704e+00,1.109628e+00,1.072968e+00,1.299357e+00,1.146398e+00,1.061080e+00,1.186945e+00,1.111205e+00,1.169911e+00,1.142647e+00,1.051619e+00,1.038621e+00,1.186172e+00,1.105057e+00,1.039289e+00,1.002988e+00,1.084377e+00,1.155737e+00,1.180617e+00,1.331343e+00,1.228745e+00,1.103730e+00,1.135876e+00,1.179687e+00,1.153472e+00,1.085635e+00,1.121438e+00,9.953009e-01,1.174486e+00,1.186862e+00,1.108242e+00,1.202375e+00,1.105440e+00,1.055233e+00,1.025642e+00,1.164648e+00,1.104989e+00,1.041075e+00,1.287054e+00,1.182422e+00,9.965932e-01,9.893424e-01,1.152440e+00,1.079059e+00,1.071023e+00,1.146345e+00,1.125230e+00,1.132656e+00,1.190088e+00,1.082385e+00,1.303181e+00,1.276840e+00,1.151315e+00,9.337820e-01,1.185262e+00,1.141007e+00,1.095157e+00,1.196043e+00,1.127285e+00,1.082489e+00,1.060051e+00,1.115888e+00,1.225491e+00,1.169563e+00,1.064663e+00,1.018237e+00,1.135295e+00,1.235401e+00,1.014489e+00,1.113551e+00,1.043839e+00,1.085748e+00,1.181402e+00,1.063761e+00,1.008596e+00,1.221516e+00,1.316636e+00,1.093323e+00,1.165217e+00,1.093101e+00,1.204266e+00,1.086668e+00,1.086686e+00,1.173429e+00,1.232966e+00,1.240690e+00,1.239286e+00,1.098636e+00,1.117640e+00,1.082125e+00,1.105679e+00,1.159139e+00,1.121853e+00,1.172266e+00,1.182012e+00,1.177590e+00,1.253523e+00,1.224841e+00,1.090816e+00,1.086176e+00,1.134831e+00,1.024284e+00,1.074390e+00,1.154154e+00,1.122151e+00,1.311473e+00,1.178567e+00,1.079615e+00,1.161121e+00,1.237497e+00,1.162149e+00,1.151326e+00,1.188789e+00,1.200851e+00,1.215976e+00,1.088441e+00,1.060727e+00,1.103907e+00,1.147683e+00,1.165734e+00,1.206872e+00,1.026286e+00,1.180146e+00,1.204344e+00,1.045093e+00,1.158648e+00,1.078691e+00,1.042712e+00,1.238143e+00,1.086630e+00,1.152331e+00,1.178755e+00,1.117201e+00,1.093388e+00,1.268750e+00,1.211638e+00,1.125487e+00,1.125202e+00,1.281917e+00,1.164851e+00,1.235168e+00,1.198234e+00,6.572283e+00,1.134731e+00,1.350660e+00,1.470576e+00,1.229517e+00,1.147655e+00,1.618503e+00,1.181564e+00,1.180902e+00,1.100263e+00,1.190589e+00,1.110253e+00,1.101345e+00,1.173287e+00,1.125269e+00,1.158050e+00,1.448151e+00,1.252380e+00,1.091424e+00,1.059307e+00,1.194666e+00,1.034080e+00,1.179831e+00,1.075810e+00,1.519878e+00,1.199002e+00,1.177504e+00,1.181167e+00,1.322826e+00,1.293247e+00,1.163849e+00,1.129526e+00,1.135883e+00,1.188682e+00,1.110735e+00,1.300020e+00,1.099618e+00,1.038644e+00,1.262009e+00,1.171926e+00,1.081056e+00,1.014347e+00,1.216170e+00,1.069509e+00,1.090523e+00,1.219072e+00,1.297237e+00,1.167249e+00,1.051017e+00,1.143473e+00,1.121436e+00,1.200548e+00,1.107868e+00,1.285365e+00,1.192621e+00,1.117009e+00,1.172125e+00,1.074278e+00,1.131522e+00,1.126272e+00,1.083832e+00,1.179893e+00,1.168918e+00,1.098581e+00,1.098018e+00,1.170502e+00,1.114167e+00,1.085938e+00,1.054012e+00,1.091565e+00,1.133918e+00,9.931092e-01,1.199637e+00
1.205324e+00,1.052391e+00,1.245623e+00,1.052714e+00,1.301622e+00,1.132572e+00,1.088446e+00,1.106287e+00,1.099826e+00,1.173844e+00,1.165428e+00,1.090943e+00,1.133561e+00,1.090176e+00,1.105144e+00,1.079263e+00,1.203416e+00,1.133251e+00,1.109709e+00,1.119307e+00,1.185135e+00,1.098645e+00,1.134266e+00,1.137084e+00,1.100151e+00,1.176565e+00,1.153098e+00,1.215958e+00,1.157898e+00,1.120552e+00,1.097958e+00,1.059757e+00,1.226066e+00,1.059746e+00,1.342948e+00,1.239734e+00,1.058914e+00,1.100581e+00,1.117796e+00,1.023647e+00,1.137999e+00,1.182404e+00,1.129768e+00,1.162682e+00,1.198109e+00,1.202696e+00,9.845137e-01,1.143013e+00,1.183331e+00,1.121244e+00,1.173362e+00,1.129697e+00,1.161922e+00,1.171872e+00,1.254457e+00,1.112452e+00,1.085388e+00,1.050225e+00,1.174824e+00,1.121857e+00,1.089614e+00,1.197770e+00,1.166685e+00,1.050875e+00,1.235734e+00,1.255285e+00,1.122004e+00,1.246311e+00,1.185002e+00,1.064759e+00,1.089525e+00,1.208835e+00,9.877167e-01,9.604064e-01,1.047957e+00,1.108062e+00,1.128655e+00,1.144302e+00,1.004874e+00,1.201105e+00,1.030643e+00,1.264491e+00,1.223889e+00,1.181089e+00,1.180973e+00,1.145234e+00,1.091640e+00,1.104589e+00,1.287626e+00,1.101663e+00,1.099271e+00,1.248110e+00,1.128667e+00,1.172411e+00,1.066489e+00,1.225394e+00,1.209106e+00,1.112282e+00,1.056803e+00,1.283761e+00,1.112716e+00,1.108647e+00,1.072710e+00,1.157348e+00,1.054283e+00,1.078657e+00,1.000864e+00,1.079002e+00,9.808767e-01,1.201537e+00,1.033981e+00,1.098814e+00,1.085065e+00,1.208793e+00,1.105662e+00,1.156389e+00,1.156415e+00,1.163667e+00,1.139814e+00,1.153654e+00,1.107677e+00,1.161348e+00,1.097415e+00,1.216984e+00,1.338657e+00,1.016355e+00,1.089781e+00,1.056346e+00,1.109907e+00,1.173979e+00,1.129397e+00,1.227920e+00,1.201290e+00,1.072047e+00,1.090050e+00,1.206645e+00,1.027657e+00,1.252722e+00,1.152631e+00,1.329157e+00,1.074319e+00,2.610152e+00,1.041866e+01,1.126543e+00,1.087166e+00,1.138530e+00,1.269342e+00,1.147372e+00,1.064467e+00,1.036969e+00,1.077319e+00,1.048311e+00,1.118322e+00,1.106636e+00,1.019665e+00,1.082658e+00,1.056762e+00,1.076026e+00,1.028798e+00,1.160439e+00,1.246593e+00,1.091036e+00,1.185871e+00,1.144621e+00,1.146465e+00,1.005496e+00,9.877889e-01,1.158000e+00,1.064399e+00,1.187328e+00,1.104397e+00,1.126977e+00,1.313532e+00,1.241299e+00,1.014174e+00,1.135723e+00,1.135263e+00,1.126235e+00,1.183363e+00,9.491706e-01,1.039408e+00,1.140630e+00,1.128866e+00,1.082042e+00,9.964347e-01,1.281086e+00,1.166300e+00,1.239059e+00,1.057139e+00,1.073892e+00,1.201754e+00,1.055802e+00,1.183717e+00,1.030318e+00,1.285189e+00,1.182673e+00,1.185128e+00,1.205389e+00,1.225256e+00,1.069499e+00,1.085078e+00,9.767890e-01,1.143210e+00,1.042579e+00,1.128056e+00,1.182000e+00,1.173983e+00,1.003622e+00,1.224804e+00,1.095590e+00,1.051204e+00,1.077454e+00,1.134474e+00,1.194259e+00,1.303042e+00
1.165014e+00,1.204179e+00,1.124758e+00,1.152190e+00,1.129831e+00,1.232405e+00,1.281834e+00,1.045776e+00,1.045135e+00,1.351242e+00,1.058845e+00,1.004712e+00,1.129523e+00,1.156281e+00,1.118013e+00,1.155865e+00,1.090324e+00,1.001382e+00,1.099623e+00,1.094416e+00,1.260812e+00,1.120898e+00,1.190202e+00,1.126115e+00,1.064634e+00,1.202141e+00,1.116764e+00,1.055893e+00,1.106752e+00,1.199262e+00,1.113471e+00,1.152478e+00,1.055200e+00,1.115140e+00,1.163444e+00,1.142050e+00,1.079760e+00,1.124947e+00,1.139643e+00,1.127384e+00,1.045500e+00,1.240777e+00,1.118293e+00,1.099589e+00,1.115429e+00,1.172793e+00,1.238450e+00,1.180633e+00,1.189433e+00,1.068659e+00,1.185198e+00,1.069578e+00,1.151663e+00,1.135520e+00,1.141252e+00,1.104143e+00,1.084434e+00,1.043169e+00,1.037314e+00,1.150520e+00,1.070801e+00,1.102846e+00,1.076320e+00,1.116715e+00,1.067900e+00,1.183990e+00,1.107636e+00,9.493754e-01,1.106439e+00,1.055890e+00,1.103732e+00,1.115697e+00,1.134478e+00,1.023542e+00,1.191861e+00,1.117036e+00,1.190151e+00,1.118397e+00,1.224811e+00,1.053906e+00,1.458537e+00,1.022184e+00,9.948562e-01,1.112040e+00,1.218378e+00,1.030309e+00,1.095532e+00,1.073845e+00,9.831222e-01,1.076148e+00,1.121230e+00,1.058807e+00,1.152101e+00,1.097541e+00,1.003014e+00,1.019185e+00,1.268137e+00,1.196670e+00,1.141917e+00,1.165961e+00,1.115220e+00,1.161607e+00,9.957658e-01,1.062203e+00,1.259362e+00,1.163795e+00,1.082527e+00,1.116317e+00,1.092498e+00,1.269289e+00,1.137704e+00,9.620391e-01,1.107645e+00,1.152388e+00,1.216367e+00,1.109085e+00,9.816232e-01,1.250812e+00,1.225940e+00,1.258729e+00,9.737627e-01,1.115279e+00,1.375136e+00,1.292919e+00,9.781722e-01,1.114809e+00,1.016319e+00,1.203455e+00,1.144602e+00,1.061286e+00,1.070275e+00,1.031373e+00,1.181373e+00,1.178159e+00,1.010835e+00,2.252885e+00,1.686521e+00,nan,1.186360e+00,5.083142e+00,1.069580e+00,1.108072e+00,1.075167e+00,1.125108e+00,1.214073e+00,1.189031e+00,1.025174e+00,1.015565e+00,1.019442e+00,1.065522e+00,1.096555e+00,1.088591e+00,9.720338e-01,1.093069e+00,9.195382e-01,1.084239e+00,8.899564e-01,1.004653e+00,1.288700e+00,1.039539e+00,1.060981e+00,1.031665e+00,1.204155e+00,1.035273e+00,1.228120e+00,1.064053e+00,1.178926e+00,1.134533e+00,9.390218e-01,1.066277e+00,9.785155e-01,1.001306e+00,1.098264e+00,1.050051e+00,1.331295e+00,1.351257e+00,1.172520e+00,1.087841e+00,1.208264e+00,1.046524e+00,1.047666e+00,1.066056e+00,1.195674e+00,1.096258e+00,1.133764e+00,1.142882e+00,1.225535e+00,1.035403e+00,1.036897e+00,1.069303e+00,1.127909e+00,1.078249e+00,1.128971e+00,1.127599e+00,1.198341e+00,1.113604e+00,1.135966e+00,1.121757e+00,1.110328e+00,1.058152e+00,1.143514e+00,1.138484e+00,1.059518e+00,1.233500e+00,1.193421e+00,1.095780e+00,1.059846e+00,1.186849e+00,1.151997e+00,1.079000e+00,9.931803e-01,1.177029e+00,1.034807e+00,1.057405e+00,1.049185e+00
1.018303e+00,1.073242e+00,1.128564e+00,1.057325e+00,1.194185e+00,1.111046e+00,1.069215e+00,1.060043e+00,9.963696e-01,1.097220e+00,9.903728e-01,1.228437e+00,1.080058e+00,1.110497e+00,1.359465e+00,1.034078e+00,1.063768e+00,1.137615e+00,1.056059e+00,1.299630e+00,1.104592e+00,9.857195e-01,1.204762e+00,1.100642e+00,1.014336e+00,1.120345e+00,1.053855e+00,1.098425e+00,1.060576e+00,1.155016e+00,1.107262e+00,1.091833e+00,1.068978e+00,1.133027e+00,1.018472e+00,1.179136e+00,1.006476e+00,1.152275e+00,1.074924e+00,1.187976e+00,1.287558e+00,1.189081e+00,1.137279e+00,1.076556e+00,1.138388e+00,1.173643e+00,1.226199e+00,9.365872e-01,1.239721e+00,1.157982e+00,1.031576e+00,1.037271e+00,1.125710e+00,1.264476e+00,1.045496e+00,1.032815e+00,1.000607e+00,1.046058e+00,9.670314e-01,1.296739e+00,1.031807e+00,1.229872e+00,1.147174e+00,1.133092e+00,1.174443e+00,1.185227e+00,1.123358e+00,1.084859e+00,1.283770e+00,1.082947e+00,1.089717e+00,1.229840e+00,1.139035e+00,1.110857e+00,1.067994e+00,1.420566e+00,9.498712e-01,1.215470e+00,1.371936e+00,1.060670e+00,1.280657e+00,1.069047e+00,1.032456e+00,1.133596e+00,1.306923e+00,1.022426e+00,9.501798e-01,9.583887e-01,1.030975e+00,1.060470e+00,1.054944e+00,1.028650e+00,1.040979e+00,1.073302e+00,1.024775e+00,1.132185e+00,1.018968e+00,1.176788e+00,1.044579e+00,1.111167e+00,1.083225e+00,1.162906e+00,1.073506e+00,1.084278e+00,1.129222e+00,1.061522e+00,1.145338e+00,1.009585e+00,1.247048e+00,1.209478e+00,1.153588e+00,1.097970e+00,1.049165e+00,1.055257e+00,9.756028e-01,9.924601e-01,1.177313e+00,1.136054e+00,1.068362e+00,9.588805e-01,1.114477e+00,1.001117e+00,1.033813e+00,1.131886e+00,1.165418e+00,1.160745e+00,1.095927e+00,1.071922e+00,1.149027e+00,1.265491e+00,1.208724e+00,1.968113e+00,1.121960e+00,1.843107e+00,7.362003e+00,1.366831e+00,1.164143e+00,1.157792e+00,1.229701e+00,1.427949e+00,1.084848e+00,9.031811e-01,1.071913e+00,1.156460e+00,1.041803e+00,1.244991e+00,1.045037e+00,1.139696e+00,1.051792e+00,1.173678e+00,1.049924e+00,1.200804e+00,1.282638e+00,1.090483e+00,9.942197e-01,1.105924e+00,1.034419e+00,1.059361e+00,1.168004e+00,1.102721e+00,1.124834e+00,1.113530e+00,1.092373e+00,1.125019e+00,1.226585e+00,9.971955e-01,1.141549e+00,1.175169e+00,1.071998e+00,1.056533e+00,9.546722e-01,1.092459e+00,1.044589e+00,1.021247e+00,1.128300e+00,1.150047e+00,1.184801e+00,1.077374e+00,1.125207e+00,1.114592e+00,1.127969e+00,1.281823e+00,1.122371e+00,1.132659e+00,1.153418e+00,1.260594e+00,1.072572e+00,1.088265e+00,1.078237e+00,1.127487e+00,1.163921e+00,1.091829e+00,1.089038e+00,1.059380e+00,1.140952e+00,1.008206e+00,1.219361e+00,1.068084e+00,1.105141e+00,1.020901e+00,1.125767e+00,1.109011e+00,9.600197e-01,1.180713e+00,1.215222e+00,1.233440e+00,1.123901e+00,1.018256e+00,1.282960e+00,1.177187e+00,1.072668e+00,1.106365e+00,1.096215e+00,1.160034e+00,1.268503e+00
1.102226e+00,1.091415e+00,1.050337e+00,1.130978e+00,1.101719e+00,1.218061e+00,1.112016e+00,1.049819e+00,1.113756e+00,1.060114e+00,1.159940e+00,1.129861e+00,1.011149e+00,1.102528e+00,1.133067e+00,1.123404e+00,1.039522e+00,1.272776e+00,1.220574e+00,1.194627e+00,1.097694e+00,1.302706e+00,1.107640e+00,1.023798e+00,1.122639e+00,1.099615e+00,1.172883e+00,1.244448e+00,1.095193e+00,1.222420e+00,1.141360e+00,1.195154e+00,1.087380e+00,1.221261e+00,1.005131e+00,1.171401e+00,1.182025e+00,1.174405e+00,1.219328e+00,1.127662e+00,9.907693e-01,1.332577e+00,1.084042e+00,1.347270e+00,1.274484e+00,1.048689e+00,1.043378e+00,1.132660e+00,1.190385e+00,1.074284e+00,1.148286e+00,9.915224e-01,1.001400e+00,1.155356e+00,1.297810e+00,1.128422e+00,1.142526e+00,1.126747e+00,1.161389e+00,1.052332e+00,1.139277e+00,1.053199e+00,1.058875e+00,1.148111e+00,1.104197e+00,1.032572e+00,1.053526e+00,1.138333e+00,1.074439e+00,1.202527e+00,1.082791e+00,1.115225e+00,1.189186e+00,1.264555e+00,1.246379e+00,1.113220e+00,1.152489e+00,1.176527e+00,1.021190e+00,1.109372e+00,1.076522e+00,1.166198e+00,1.906642e+00,1.111736e+00,1.193902e+00,1.020616e+00,1.231183e+00,1.206518e+00,1.081596e+00,1.267715e+00,1.145755e+00,1.098254e+00,1.186041e+00,1.227327e+00,1.054323e+00,1.128673e+00,1.167809e+00,1.150609e+00,1.065683e+00,1.090546e+00,1.295677e+00,1.142583e+00,1.088909e+00,1.166935e+00,9.888781e-01,1.084605e+00,1.155152e+00,1.113507e+00,1.116145e+00,1.017968e+00,1.181992e+00,1.156369e+00,1.133032e+00,1.167223e+00,1.030328e+00,9.826467e-01,1.215160e+00,1.241352e+00,1.131556e+00,1.139283e+00,1.383105e+00,1.061898e+00,1.118207e+00,9.762130e-01,1.067011e+00,1.095561e+00,1.195961e+00,1.069254e+00,1.240552e+00,1.181765e+00,1.723856e+00,1.041866e+01,1.097022e+00,1.248489e+00,1.064748e+00,1.159607e+00,1.141172e+00,1.109350e+00,1.149278e+00,1.168782e+00,1.137284e+00,1.195097e+00,9.456638e-01,1.081873e+00,1.105589e+00,1.090975e+00,9.811008e-01,9.603803e-01,1.166921e+00,1.225278e+00,1.132840e+00,1.121449e+00,1.101214e+00,1.150427e+00,1.067785e+00,1.229447e+00,1.114965e+00,1.027291e+00,1.211742e+00,1.200292e+00,1.103777e+00,1.171371e+00,1.225160e+00,1.058037e+00,1.081701e+00,9.613942e-01,1.163118e+00,1.105214e+00,1.256868e+00,1.126445e+00,1.263077e+00,1.127137e+00,1.154407e+00,1.285528e+00,1.095321e+00,1.221051e+00,1.168579e+00,1.002547e+00,1.045575e+00,1.052087e+00,1.165009e+00,9.798088e-01,1.067292e+00,1.080573e+00,1.108431e+00,1.151090e+00,9.990071e-01,1.072753e+00,1.041883e+00,1.087872e+00,1.130588e+00,9.864669e-01,1.144110e+00,1.109861e+00,1.032232e+00,1.154505e+00,1.269800e+00,1.092564e+00,1.096118e+00,1.164079e+00,1.165457e+00,1.177468e+00,1.466182e+00,1.154399e+00,1.146793e+00,1.208774e+00,1.113886e+00,9.823801e-01,1.126157e+00,9.956261e-01,1.113974e+00,1.007478e+00,9.697396e-01,1.158978e+00,1.011203e+00
1.078798e+00,1.049770e+00,9.445508e-01,1.032758e+00,1.103516e+00,1.072173e+00,1.259793e+00,1.129882e+00,1.098954e+00,1.027594e+00,1.124585e+00,1.156533e+00,1.182934e+00,1.141835e+00,1.239721e+00,1.033149e+00,1.143769e+00,1.101043e+00,1.143024e+00,1.439157e+00,1.104921e+00,1.053405e+00,1.067774e+00,1.057014e+00,1.035396e+00,1.197756e+00,1.081655e+00,1.059802e+00,1.092232e+00,1.022086e+00,1.049790e+00,1.304267e+00,1.054565e+00,1.059683e+00,1.155834e+00,1.070576e+00,1.170483e+00,1.272231e+00,1.202325e+00,1.052384e+00,1.047986e+00,1.061411e+00,1.276292e+00,1.259953e+00,1.120675e+00,1.324851e+00,1.160462e+00,1.220907e+00,1.123695e+00,1.102735e+00,1.095926e+00,1.031284e+00,1.061826e+00,1.087998e+00,1.004005e+00,1.138879e+00,1.068504e+00,1.055773e+00,1.206845e+00,1.064871e+00,1.296707e+00,1.186173e+00,1.261721e+00,1.211513e+00,1.126079e+00,1.210509e+00,1.117743e+00,1.051333e+00,1.187467e+00,1.053547e+00,1.127325e+00,1.121238e+00,1.095210e+00,1.197042e+00,1.170913e+00,1.141591e+00,1.184187e+00,1.276016e+00,1.339256e+00,1.023331e+00,1.018793e+00,1.470494e+00,1.080482e+00,1.173779e+00,1.148727e+00,9.891730e-01,1.221001e+00,1.147378e+00,1.120768e+00,1.151426e+00,1.219203e+00,1.083840e+00,1.048371e+00,1.093450e+00,1.040402e+00,9.764115e-01,1.239962e+00,1.100245e+00,1.163619e+00,1.042491e+00,1.155117e+00,1.088540e+00,1.222315e+00,1.191831e+00,9.808504e-01,1.007404e+00,1.137929e+00,1.189514e+00,1.053141e+00,1.201017e+00,1.070678e+00,1.116694e+00,9.952654e-01,1.098273e+00,1.075657e+00,1.172357e+00,1.073496e+00,1.205459e+00,1.192883e+00,1.096161e+00,1.044292e+00,1.105571e+00,1.009826e+00,1.025936e+00,1.305413e+00,1.052474e+00,1.124519e+00,1.089963e+00,1.337743e+00,1.136367e+00,1.131326e+00,1.189684e+00,1.174028e+00,9.572394e-01,1.025548e+00,1.102551e+00,1.016271e+00,1.060333e+00,1.194241e+00,1.095376e+00,1.058033e+00,9.324044e-01,1.225575e+00,1.184449e+00,1.031582e+00,1.130117e+00,1.021569e+00,1.194461e+00,1.307448e+00,1.123011e+00,1.218140e+00,1.070029e+00,1.241111e+00,1.089889e+00,1.144640e+00,1.142802e+00,1.108376e+00,1.046740e+00,1.040363e+00,1.094951e+00,1.140901e+00,1.113058e+00,1.125984e+00,1.004213e+00,1.076088e+00,1.115508e+00,1.086336e+00,1.158408e+00,1.027589e+00,1.005612e+00,1.107992e+00,1.131298e+00,1.096443e+00,1.109852e+00,1.075617e+00,1.072118e+00,1.002708e+00,1.015036e+00,1.495775e+00,1.137396e+00,1.041764e+00,1.340887e+00,1.086162e+00,1.233464e+00,1.125615e+00,1.144063e+00,1.112613e+00,1.219044e+00,1.101242e+00,1.150852e+00,1.110042e+00,1.179044e+00,1.083490e+00,1.171312e+00,1.025502e+00,1.201031e+00,1.116616e+00,1.036709e+00,1.075195e+00,1.070913e+00,1.106311e+00,9.900508e-01,1.198106e+00,1.231079e+00,1.176983e+00,1.077375e+00,1.025021e+00,1.059045e+00,9.694521e-01,1.089975e+00,1.047474e+00,9.480638e-01,1.178859e+00,1.119905e+00,9.896724e-01
1.093968e+00,1.191167e+00,9.796731e-01,1.191372e+00,1.062464e+00,1.042719e+00,1.052947e+00,1.085311e+00,1.078349e+00,1.109271e+00,1.238386e+00,1.115055e+00,1.087818e+00,1.082299e+00,1.003836e+00,1.033821e+00,9.672345e-01,1.048339e+00,1.059678e+00,1.105053e+00,1.066159e+00,9.499440e-01,1.018720e+00,1.093166e+00,1.350614e+00,1.032647e+00,1.053584e+00,1.062339e+00,1.139928e+00,1.094463e+00,1.165410e+00,1.155529e+00,1.131348e+00,9.851094e-01,9.947776e-01,9.864788e-01,1.112947e+00,1.066887e+00,1.089399e+00,1.218478e+00,1.004514e+00,1.119330e+00,1.089046e+00,1.038866e+00,1.262637e+00,1.050735e+00,1.038203e+00,1.021763e+00,1.033439e+00,9.743679e-01,1.042075e+00,1.109167e+00,1.272091e+00,1.073619e+00,1.075070e+00,1.049558e+00,1.135282e+00,1.043648e+00,1.012999e+00,1.166231e+00,1.175092e+00,1.184226e+00,1.116433e+00,9.565641e-01,1.514091e+00,1.278025e+00,1.122465e+00,9.733119e-01,1.185002e+00,9.912980e-01,1.235298e+00,1.032637e+00,1.065635e+00,1.107122e+00,1.151285e+00,1.093537e+00,1.282773e+00,1.036357e+00,1.101650e+00,1.143406e+00,1.079029e+00,1.201937e+00,9.437860e-01,1.119502e+00,1.037038e+00,1.019716e+00,1.007631e+00,1.127148e+00,1.055211e+00,1.104268e+00,9.661822e-01,1.137848e+00,1.741342e+00,1.552700e+00,1.084853e+00,1.004562e+00,1.109071e+00,1.163802e+00,1.035141e+00,1.251672e+00,9.742964e-01,1.102192e+00,1.117460e+00,1.088780e+00,9.746784e-01,1.017370e+00,1.182040e+00,1.163613e+00,1.066487e+00,1.093532e+00,1.279647e+00,1.083133e+00,1.078674e+00,1.040755e+00,1.081522e+00,1.263508e+00,9.445316e-01,1.036274e+00,1.073986e+00,9.978666e-01,1.173212e+00,1.150140e+00,1.428689e+00,1.353787e+00,1.074059e+00,1.113655e+00,1.047916e+00,1.070651e+00,1.149021e+00,1.117372e+00,1.093799e+00,1.092274e+00,1.140912e+00,1.195030e+00,1.118862e+00,1.138444e+00,1.129990e+00,1.108055e+00,1.004042e+00,1.112777e+00,1.133707e+00,1.078433e+00,9.910451e-01,1.025504e+00,1.163581e+00,1.134276e+00,1.037508e+00,1.066426e+00,1.170395e+00,1.007627e+00,1.282914e+00,1.101262e+00,1.085681e+00,1.052674e+00,1.029647e+00,1.182216e+00,1.004599e+00,1.172495e+00,1.048123e+00,1.145882e+00,1.053492e+00,1.004749e+00,1.085113e+00,1.055287e+00,1.131298e+00,1.057797e+00,1.191034e+00,1.166364e+00,1.204991e+00,1.110703e+00,9.661423e-01,1.148111e+00,1.056488e+00,1.231771e+00,1.209669e+00,1.281535e+00,1.096345e+00,1.076576e+00,1.054703e+00,1.058003e+00,1.208153e+00,1.131868e+00,1.144911e+00,1.041261e+00,1.047337e+00,1.049067e+00,1.118852e+00,9.931841e-01,1.031068e+00,1.282695e+00,1.150533e+00,1.025546e+00,1.031644e+00,9.767567e-01,1.084314e+00,1.069738e+00,1.250617e+00,1.193759e+00,1.136498e+00,1.079000e+00,1.097286e+00,1.045728e+00,9.767215e-01,1.098062e+00,1.278755e+00,1.085713e+00,1.156808e+00,1.126005e+00,9.499217e-01,1.167318e+00,1.090201e+00,1.087040e+00,9.765981e-01,1.263685e+00,1.046781e+00
1.095316e+00,1.122995e+00,1.154592e+00,1.114488e+00,9.744472e-01,9.801017e-01,1.169309e+00,9.636517e-01,1.030162e+00,1.026324e+00,1.251957e+00,1.103613e+00,1.077650e+00,1.066986e+00,1.134646e+00,1.144645e+00,1.101720e+00,1.051940e+00,1.136808e+00,1.106431e+00,1.205496e+00,1.004018e+00,1.088470e+00,1.019542e+00,1.046280e+00,1.072512e+00,9.952578e-01,9.947695e-01,1.106117e+00,1.289944e+00,1.026475e+00,1.230095e+00,1.008333e+00,1.087052e+00,1.016099e+00,1.139263e+00,9.757462e-01,1.023685e+00,9.864065e-01,1.038967e+00,1.194584e+00,1.080989e+00,1.105427e+00,1.076769e+00,9.933955e-01,1.122474e+00,1.067453e+00,1.059922e+00,1.108931e+00,1.201624e+00,1.049640e+00,1.060242e+00,1.084584e+00,1.060871e+00,1.189894e+00,1.094741e+00,1.060047e+00,1.147820e+00,1.006418e+00,1.000556e+00,1.072603e+00,9.504314e-01,1.042158e+00,1.042394e+00,1.031658e+00,1.180298e+00,1.058564e+00,1.000867e+00,1.184829e+00,1.071528e+00,1.139984e+00,1.112807e+00,1.087407e+00,1.046460e+00,1.144597e+00,1.026674e+00,1.046531e+00,1.043715e+00,1.111245e+00,1.161666e+00,1.223738e+00,1.059616e+00,1.117334e+00,1.281666e+00,1.117869e+00,1.240442e+00,1.020057e+00,1.066350e+00,1.033589e+00,1.102864e+00,1.090975e+00,1.006645e+00,1.187735e+00,1.152526e+00,1.090434e+00,1.130461e+00,1.097334e+00,1.067758e+00,1.279916e+00,1.065320e+00,1.038300e+00,1.080104e+00,9.762706e-01,1.155470e+00,1.723439e+00,1.752069e+00,2.355484e+00,2.335721e+00,1.024913e+00,1.954713e+00,1.012251e+00,1.030617e+00,1.376463e+00,1.189849e+00,1.060908e+00,1.898547e+00,1.194280e+00,1.286723e+00,2.164242e+00,1.160895e+00,1.019142e+00,1.023150e+00,1.160221e+00,1.676273e+00,1.093924e+00,1.084645e+00,1.039753e+00,1.143105e+00,1.113002e+00,1.069348e+00,1.124437e+00,9.354032e-01,1.089675e+00,1.084827e+00,1.157918e+00,1.009269e+00,1.035539e+00,1.116694e+00,1.024724e+00,1.009262e+00,1.019307e+00,1.151935e+00,1.130844e+00,1.020148e+00,1.118177e+00,9.837145e-01,1.111062e+00,1.113071e+00,1.104974e+00,1.117509e+00,1.074373e+00,1.049575e+00,1.006710e+00,1.071754e+00,1.143225e+00,1.090705e+00,1.076311e+00,1.185026e+00,1.114859e+00,1.032829e+00,1.154448e+00,1.090981e+00,1.058487e+00,1.077602e+00,9.647205e-01,1.016214e+00,1.087305e+00,1.049981e+00,1.176869e+00,1.037724e+00,1.041038e+00,1.092605e+00,1.152529e+00,1.097077e+00,1.206235e+00,1.050857e+00,1.354786e+00,1.117284e+00,1.028382e+00,1.359874e+00,1.022365e+00,1.046607e+00,1.085752e+00,1.082153e+00,1.021617e+00,1.156765e+00,1.135490e+00,1.280852e+00,1.120053e+00,1.072575e+00,1.115650e+00,1.056674e+00,1.189864e+00,1.138015e+00,1.154021e+00,1.085280e+00,1.035278e+00,1.221454e+00,1.163564e+00,1.117707e+00,1.361666e+00,9.851597e-01,9.815616e-01,1.245826e+00,1.097373e+00,1.133473e+00,1.003476e+00,1.091748e+00,9.754624e-01,1.031063e+00,1.086533e+00,1.035625e+00,1.055390e+00,1.071278e+00,1.065224e+00
1.125940e+00,1.215922e+00,1.124284e+00,1.168556e+00,1.162334e+00,1.010149e+00,1.209420e+00,1.070559e+00,1.034867e+00,1.049510e+00,1.066872e+00,1.250522e+00,1.147700e+00,9.894756e-01,1.212236e+00,1.094856e+00,1.165564e+00,1.311683e+00,1.081168e+00,1.078280e+00,1.155210e+00,9.841810e-01,1.174596e+00,1.136514e+00,1.271822e+00,1.152024e+00,1.102078e+00,1.061068e+00,1.174052e+00,1.115674e+00,1.191042e+00,1.129986e+00,1.119265e+00,1.092582e+00,1.291929e+00,1.087442e+00,1.098813e+00,1.097405e+00,1.295934e+00,1.174142e+00,9.960218e-01,1.052927e+00,1.248595e+00,1.100177e+00,1.075091e+00,9.940993e-01,1.149761e+00,1.055467e+00,1.194320e+00,1.115840e+00,1.220155e+00,1.097379e+00,1.070279e+00,1.157477e+00,9.676646e-01,1.199832e+00,1.055178e+00,9.986749e-01,1.066792e+00,9.966966e-01,1.067320e+00,1.052336e+00,1.032191e+00,1.137192e+00,1.191396e+00,1.071051e+00,9.895752e-01,1.043545e+00,1.275140e+00,1.085594e+00,1.139407e+00,1.316206e+00,1.165087e+00,1.140370e+00,1.109126e+00,1.019306e+00,1.061945e+00,9.899882e-01,1.280825e+00,1.039052e+00,1.141365e+00,9.977931e-01,1.114300e+00,1.027959e+00,1.145425e+00,9.733811e-01,1.076033e+00,9.911064e-01,1.054719e+00,1.084235e+00,1.075398e+00,1.127125e+00,1.037790e+00,1.227944e+00,1.013000e+00,1.181512e+00,1.102334e+00,1.058755e+00,1.113167e+00,1.119647e+00,1.159988e+00,1.171762e+00,1.276879e+00,1.080231e+00,1.114599e+00,1.143280e+00,1.032667e+00,1.138536e+00,1.096072e+00,1.019658e+00,1.012442e+00,1.180435e+00,1.079105e+00,1.070629e+00,1.070166e+00,1.058573e+00,1.030577e+00,1.090103e+00,1.070090e+00,1.122000e+00,2.071782e+00,1.209632e+00,1.102392e+00,1.010031e+00,1.064956e+00,1.185592e+00,1.137201e+00,1.064104e+00,1.002083e+00,1.129084e+00,1.060514e+00,1.017747e+00,1.165080e+00,1.148599e+00,1.198244e+00,1.009095e+00,1.118160e+00,1.041288e+00,1.117389e+00,1.166435e+00,1.129464e+00,1.120092e+00,1.154967e+00,1.124007e+00,1.215515e+00,1.087262e+00,1.085626e+00,1.077817e+00,1.119386e+00,1.068586e+00,1.070253e+00,1.224128e+00,1.172773e+00,1.166623e+00,1.093108e+00,1.226013e+00,1.135337e+00,1.239837e+00,1.139973e+00,1.004925e+00,1.205923e+00,1.116470e+00,1.119455e+00,1.090198e+00,1.107962e+00,1.118076e+00,1.134421e+00,1.080093e+00,1.178214e+00,1.064348e+00,1.048503e+00,1.073047e+00,9.966934e-01,1.228596e+00,1.042887e+00,1.511752e+00,1.100711e+00,1.143023e+00,1.130300e+00,1.066633e+00,1.186308e+00,1.129714e+00,1.051031e+00,1.092593e+00,9.931128e-01,9.729955e-01,1.160249e+00,1.273199e+00,1.045731e+00,1.142804e+00,1.028570e+00,1.111035e+00,1.184010e+00,1.350397e+00,9.661777e-01,1.114548e+00,1.062604e+00,1.202926e+00,1.020419e+00,1.021410e+00,1.006623e+00,1.160637e+00,1.106998e+00,9.662066e-01,1.062022e+00,1.006820e+00,1.105261e+00,1.114798e+00,1.154917e+00,1.012135e+00,1.186977e+00,1.083937e+00,1.191492e+00,1.092024e+00,1.064702e+00
1.109224e+00,1.188658e+00,1.210792e+00,1.125621e+00,1.186544e+00,1.190586e+00,1.023393e+00,1.017495e+00,1.159326e+00,9.938331e-01,1.123283e+00,1.130325e+00,1.065250e+00,1.139789e+00,1.009656e+00,1.141606e+00,1.078827e+00,1.131556e+00,1.241889e+00,1.254504e+00,1.086670e+00,1.238945e+00,1.086667e+00,1.125213e+00,1.192549e+00,1.105815e+00,1.103638e+00,1.119003e+00,1.210146e+00,1.406337e+00,1.300459e+00,1.210863e+00,1.112782e+00,1.008595e+00,1.225547e+00,1.204078e+00,1.026120e+00,9.229129e-01,1.131590e+00,1.242384e+00,1.040582e+00,1.078109e+00,1.182250e+00,1.048194e+00,1.091827e+00,1.057493e+00,1.074809e+00,1.099413e+00,1.224654e+00,1.177396e+00,1.191465e+00,1.162867e+00,1.229779e+00,1.193981e+00,1.124115e+00,1.125332e+00,1.019215e+00,1.167602e+00,1.077405e+00,1.107262e+00,1.109225e+00,1.075691e+00,1.065031e+00,1.216101e+00,1.082005e+00,1.166602e+00,1.106539e+00,1.123633e+00,1.226729e+00,1.183923e+00,1.302080e+00,1.113479e+00,1.197934e+00,1.251921e+00,1.049527e+00,1.135125e+00,1.164643e+00,1.000001e+00,1.028869e+00,1.145171e+00,1.211086e+00,1.310356e+00,1.187909e+00,1.199514e+00,1.079873e+00,1.194594e+00,1.144228e+00,1.052762e+00,1.060051e+00,1.203676e+00,1.193269e+00,1.072652e+00,1.081924e+00,1.091423e+00,1.138962e+00,1.168323e+00,1.028389e+00,1.129982e+00,1.137888e+00,1.086626e+00,1.079267e+00,1.111447e+00,1.026878e+00,1.026215e+00,1.040905e+00,1.168050e+00,1.033743e+00,1.112666e+00,1.187034e+00,1.382338e+00,1.210839e+00,1.117743e+00,1.047982e+00,1.059553e+00,1.102134e+00,9.942019e-01,1.044723e+00,1.128946e+00,1.105507e+00,1.412800e+00,1.055197e+00,1.053520e+00,1.102010e+00,1.085778e+00,1.080452e+00,1.097804e+00,1.121940e+00,1.141829e+00,1.102170e+00,1.242947e+00,1.046311e+00,1.104388e+00,1.000152e+00,1.060602e+00,1.008761e+00,1.312776e+00,1.209348e+00,1.116276e+00,1.171025e+00,1.249549e+00,1.086297e+00,1.112721e+00,1.022986e+00,1.062099e+00,1.029423e+00,1.163571e+00,9.970859e-01,1.027523e+00,1.080996e+00,1.246485e+00,1.288949e+00,9.575118e-01,1.092358e+00,1.227966e+00,1.124984e+00,1.084036e+00,1.151040e+00,1.116154e+00,1.332917e+00,1.058030e+00,1.102551e+00,1.217816e+00,1.085967e+00,1.124125e+00,1.129961e+00,1.291269e+00,1.088936e+00,1.063085e+00,1.179120e+00,1.120374e+00,1.075341e+00,1.197643e+00,1.056130e+00,1.139519e+00,1.171469e+00,9.908170e-01,1.191193e+00,1.148202e+00,1.051118e+00,1.080708e+00,1.090435e+00,1.134038e+00,1.044937e+00,1.016059e+00,1.137275e+00,1.036422e+00,1.010842e+00,1.117509e+00,1.360958e+00,1.035285e+00,1.069976e+00,1.138690e+00,1.173506e+00,9.983189e-01,1.038749e+00,1.055707e+00,1.040294e+00,1.091408e+00,1.058064e+00,1.301408e+00,1.143736e+00,1.168892e+00,1.072469e+00,1.115586e+00,1.085080e+00,1.178562e+00,1.171698e+00,1.058061e+00,1.194544e+00,1.153513e+00,1.382471e+00,1.137519e+00,1.086960e+00,1.212996e+00,1.049106e+00
1.114172e+00,1.042766e+00,9.680754e-01,1.070391e+00,1.082597e+00,1.117356e+00,1.079227e+00,1.077917e+00,1.044811e+00,1.042180e+00,1.163412e+00,1.128385e+00,1.054672e+00,1.118968e+00,1.071708e+00,1.078065e+00,1.231606e+00,9.896306e-01,1.080258e+00,1.050866e+00,1.038242e+00,1.024776e+00,1.076668e+00,1.163170e+00,1.073623e+00,1.036047e+00,1.001570e+00,9.711678e-01,1.090839e+00,9.847052e-01,1.055739e+00,1.090423e+00,1.223100e+00,1.178172e+00,1.037488e+00,9.838141e-01,1.128148e+00,1.092801e+00,1.135785e+00,9.887509e-01,1.083079e+00,9.780879e-01,1.112513e+00,1.122191e+00,1.004474e+00,1.122369e+00,1.078644e+00,1.055081e+00,1.155185e+00,1.293152e+00,1.195416e+00,1.091461e+00,1.142816e+00,1.157151e+00,1.022941e+00,1.102370e+00,1.096968e+00,1.059254e+00,1.235872e+00,1.053889e+00,1.228800e+00,1.100813e+00,9.819035e-01,1.081227e+00,1.186661e+00,9.334131e-01,1.036923e+00,1.151072e+00,1.112938e+00,1.102549e+00,1.048048e+00,1.145361e+00,1.118621e+00,1.055267e+00,1.063446e+00,1.076602e+00,1.215916e+00,1.087195e+00,1.107082e+00,1.045944e+00,1.046157e+00,1.141529e+00,1.137285e+00,1.116433e+00,1.214133e+00,9.333253e-01,9.953162e-01,1.065819e+00,1.111911e+00,1.015734e+00,1.144812e+00,1.008498e+00,1.080011e+00,9.813293e-01,1.120330e+00,9.521456e-01,1.177132e+00,1.029721e+00,1.146388e+00,1.230100e+00,1.005722e+00,1.042140e+00,1.150452e+00,1.125588e+00,1.064396e+00,1.153112e+00,1.107977e+00,1.098220e+00,1.036074e+00,9.839250e-01,1.114590e+00,1.194315e+00,1.174636e+00,1.088425e+00,1.206173e+00,1.157046e+00,1.082849e+00,1.017240e+00,1.071030e+00,1.174499e+00,1.122880e+00,1.109184e+00,1.155837e+00,1.098048e+00,1.069297e+00,1.077924e+00,1.039461e+00,1.107225e+00,1.069623e+00,1.101657e+00,9.786462e-01,9.721872e-01,1.094017e+00,1.250350e+00,1.011822e+00,1.162619e+00,1.003460e+00,1.187470e+00,1.272367e+00,1.005915e+00,1.048143e+00,1.118466e+00,1.029028e+00,1.177620e+00,1.008216e+00,1.124750e+00,1.123629e+00,1.202359e+00,1.081948e+00,1.263648e+00,1.057621e+00,1.119263e+00,1.100034e+00,1.040044e+00,1.062080e+00,9.903911e-01,1.140382e+00,1.167393e+00,1.056394e+00,1.009669e+00,1.057284e+00,1.106645e+00,1.086684e+00,1.098084e+00,1.121189e+00,1.170781e+00,1.188530e+00,1.179192e+00,1.132346e+00,1.096304e+00,1.076018e+00,1.256298e+00,1.152027e+00,1.154257e+00,1.054214e+00,1.105450e+00,1.074076e+00,9.411729e-01,1.189318e+00,1.136024e+00,1.159565e+00,9.641701e-01,1.000143e+00,1.085169e+00,1.084507e+00,9.760008e-01,1.108376e+00,1.032850e+00,1.008946e+00,1.144195e+00,1.014935e+00,9.897179e-01,9.764515e-01,1.138944e+00,1.013287e+00,1.057039e+00,1.154173e+00,9.343600e-01,1.149806e+00,1.114291e+00,1.044708e+00,1.032626e+00,1.063431e+00,1.102315e+00,1.139456e+00,1.132885e+00,1.270516e+00,1.119283e+00,1.102073e+00,1.194382e+00,1.169188e+00,9.871317e-01,1.141202e+00,1.063204e+00,1.197159e+00
1.123481e+00,1.049595e+00,1.160148e+00,1.148461e+00,1.047226e+00,1.255782e+00,1.113630e+00,1.096631e+00,1.111154e+00,1.011825e+00,1.040953e+00,1.111406e+00,1.216080e+00,1.160707e+00,1.089570e+00,1.145913e+00,1.233415e+00,1.149711e+00,9.853145e-01,1.035040e+00,1.047269e+00,1.108635e+00,9.609815e-01,1.045043e+00,1.094247e+00,1.071385e+00,1.039783e+00,1.256266e+00,1.016854e+00,1.066649e+00,1.058885e+00,1.063133e+00,9.929546e-01,1.038030e+00,1.154906e+00,1.124925e+00,1.091967e+00,1.023304e+00,1.095663e+00,1.121587e+00,1.156872e+00,9.639417e-01,9.352218e-01,1.026875e+00,1.117046e+00,1.056614e+00,1.053645e+00,1.161546e+00,1.111175e+00,1.175657e+00,1.043979e+00,9.534783e-01,9.761549e-01,1.097514e+00,9.481830e-01,1.104344e+00,1.071181e+00,9.996643e-01,1.093312e+00,1.059330e+00,1.066268e+00,1.024172e+00,1.086074e+00,1.034420e+00,1.018886e+00,1.120009e+00,1.026871e+00,1.074160e+00,1.106301e+00,1.183592e+00,1.075704e+00,1.124624e+00,1.127251e+00,1.124622e+00,1.057202e+00,1.013891e+00,1.210747e+00,1.227390e+00,1.162762e+00,1.069770e+00,1.088397e+00,1.060571e+00,1.042488e+00,1.165981e+00,1.007955e+00,1.147382e+00,1.019456e+00,1.071348e+00,1.073873e+00,1.045521e+00,1.080986e+00,1.112589e+00,1.160670e+00,1.094906e+00,1.076773e+00,9.736900e-01,1.149547e+00,1.041054e+00,1.120084e+00,1.140708e+00,1.109891e+00,1.177846e+00,1.017562e+00,1.096535e+00,1.028397e+00,1.074362e+00,1.185264e+00,1.110389e+00,1.138683e+00,1.137149e+00,1.098733e+00,1.055520e+00,1.033291e+00,1.059571e+00,1.025380e+00,1.031081e+00,1.163629e+00,1.090511e+00,1.146353e+00,9.746932e-01,1.041574e+00,1.095802e+00,1.091559e+00,1.169980e+00,1.134992e+00,9.396358e-01,1.089491e+00,1.000331e+00,1.212051e+00,1.180696e+00,1.097804e+00,1.090581e+00,1.029143e+00,1.162783e+00,1.234288e+00,9.705494e-01,1.147769e+00,1.078275e+00,1.096385e+00,1.121575e+00,1.092720e+00,1.000500e+00,1.001413e+00,1.321026e+00,9.930865e-01,1.081068e+00,1.093074e+00,1.098940e+00,1.156913e+00,1.095354e+00,1.108563e+00,1.079147e+00,1.116789e+00,1.197545e+00,1.230476e+00,1.016120e+00,1.021338e+00,1.128898e+00,1.129074e+00,1.010364e+00,1.103797e+00,1.003074e+00,1.131660e+00,1.141645e+00,1.119100e+00,1.099398e+00,1.128789e+00,1.098858e+00,1.028144e+00,1.295483e+00,1.024805e+00,1.105193e+00,1.105840e+00,1.200392e+00,1.011993e+00,1.054546e+00,1.056820e+00,1.258436e+00,1.141211e+00,1.145494e+00,1.084504e+00,1.191149e+00,1.078298e+00,9.988779e-01,1.157398e+00,1.116376e+00,1.168692e+00,1.248206e+00,1.053545e+00,1.136200e+00,1.287867e+00,1.349167e+00,1.050996e+00,1.304204e+00,1.057736e+00,1.085111e+00,9.642361e-01,1.151288e+00,1.227100e+00,9.666732e-01,1.028124e+00,1.132071e+00,1.065305e+00,9.268476e-01,1.032885e+00,1.015197e+00,1.304250e+00,1.112853e+00,1.107898e+00,1.091013e+00,1.060264e+00,1.019291e+00,1.143025e+00,1.246507e+00,1.103522e+00
1.054995e+00,9.792141e-01,1.147048e+00,1.062604e+00,9.587510e-01,9.992323e-01,1.020908e+00,1.080100e+00,1.182697e+00,1.096848e+00,1.100381e+00,1.158735e+00,1.135665e+00,1.088058e+00,1.106474e+00,1.113346e+00,1.261407e+00,1.093834e+00,1.191672e+00,1.053288e+00,1.121636e+00,1.009631e+00,1.077679e+00,1.111202e+00,1.145342e+00,1.128762e+00,1.040714e+00,1.082824e+00,1.068104e+00,9.593208e-01,1.049378e+00,9.197168e-01,1.135328e+00,1.000869e+00,9.727642e-01,1.214633e+00,1.184425e+00,1.029597e+00,1.122382e+00,1.050405e+00,1.100767e+00,1.128952e+00,1.022570e+00,1.020363e+00,1.082073e+00,1.024611e+00,1.117948e+00,1.038640e+00,9.755565e-01,1.055002e+00,1.050669e+00,1.063242e+00,1.042495e+00,9.903620e-01,1.088009e+00,1.031075e+00,9.568529e-01,1.041630e+00,1.035928e+00,9.607488e-01,1.024665e+00,1.110702e+00,1.130523e+00,1.062429e+00,1.023553e+00,1.146935e+00,1.064484e+00,1.241260e+00,1.151919e+00,1.095626e+00,1.074067e+00,1.090917e+00,1.131748e+00,9.916634e-01,1.085350e+00,1.130248e+00,1.170955e+00,1.153761e+00,1.180442e+00,1.049419e+00,1.098262e+00,1.155140e+00,1.095607e+00,1.096289e+00,1.191258e+00,1.106250e+00,9.929243e-01,1.126882e+00,1.227834e+00,1.028826e+00,1.167642e+00,9.949567e-01,1.151588e+00,1.285549e+00,1.147358e+00,1.160267e+00,1.174981e+00,1.177074e+00,1.182754e+00,1.028178e+00,1.070788e+00,1.084803e+00,1.031988e+00,1.063379e+00,1.248495e+00,1.123421e+00,1.145074e+00,1.195765e+00,1.006895e+00,1.208542e+00,1.028703e+00,1.139372e+00,1.045168e+00,1.142227e+00,1.031649e+00,1.042414e+00,1.533049e+00,1.079444e+00,1.077103e+00,1.353099e+00,1.094914e+00,1.410112e+00,9.481012e-01,1.146900e+00,1.159895e+00,1.129947e+00,1.133250e+00,1.048271e+00,1.079401e+00,1.149024e+00,1.094410e+00,1.256099e+00,1.247924e+00,1.224936e+00,1.116721e+00,1.036531e+00,1.158074e+00,9.887523e-01,1.099124e+00,1.081977e+00,1.032015e+00,1.111955e+00,1.090430e+00,1.057440e+00,1.162440e+00,1.062474e+00,1.332288e+00,9.943295e-01,1.130488e+00,1.087165e+00,1.060175e+00,1.303432e+00,1.029880e+00,1.077457e+00,9.762349e-01,1.069886e+00,1.109063e+00,9.866971e-01,1.166214e+00,1.292567e+00,1.072470e+00,1.221902e+00,1.171686e+00,1.131178e+00,1.012333e+00,1.181403e+00,1.079845e+00,9.666389e-01,1.076277e+00,1.096645e+00,1.023518e+00,9.681079e-01,1.010712e+00,1.022158e+00,1.030096e+00,1.070357e+00,1.326573e+00,1.105482e+00,1.072180e+00,9.899915e-01,1.044329e+00,1.102012e+00,9.188536e-01,1.069608e+00,1.017224e+00,1.181986e+00,1.099068e+00,9.976861e-01,1.140028e+00,9.239643e-01,1.221654e+00,1.096500e+00,1.123302e+00,1.146548e+00,1.151172e+00,1.032751e+00,1.058556e+00,1.346796e+00,1.128183e+00,1.048493e+00,1.109577e+00,9.954453e-01,1.060612e+00,1.145049e+00,1.045831e+00,1.169167e+00,1.078488e+00,1.045913e+00,1.223906e+00,1.011878e+00,1.078540e+00,1.049798e+00,9.700326e-01,1.015170e+00,1.001424e+00
1.207160e+00,1.115233e+00,1.035908e+00,1.109111e+00,9.796557e-01,1.132346e+00,1.043750e+00,9.762672e-01,9.584291e-01,1.250212e+00,1.079793e+00,1.040274e+00,1.002716e+00,1.055646e+00,1.084836e+00,1.003705e+00,1.044415e+00,1.063798e+00,1.007465e+00,1.127105e+00,1.159430e+00,1.110027e+00,1.044342e+00,1.165606e+00,1.056487e+00,1.089457e+00,1.071913e+00,1.156153e+00,1.203592e+00,1.135954e+00,1.019069e+00,9.898390e-01,1.000246e+00,1.074700e+00,1.156193e+00,1.051977e+00,1.055394e+00,1.037613e+00,1.087484e+00,1.068212e+00,1.110816e+00,1.096409e+00,9.802361e-01,1.235823e+00,1.062362e+00,1.106296e+00,1.018499e+00,1.095460e+00,1.071331e+00,1.138845e+00,1.052776e+00,1.008258e+00,1.057423e+00,1.122850e+00,1.120663e+00,1.148210e+00,1.130951e+00,1.107537e+00,9.602959e-01,1.250539e+00,1.141221e+00,1.081800e+00,1.074594e+00,1.052430e+00,1.213667e+00,1.130536e+00,1.141825e+00,1.077413e+00,9.608641e-01,1.079247e+00,1.018823e+00,9.918653e-01,1.190416e+00,1.054110e+00,9.887558e-01,9.721270e-01,1.006379e+00,1.109826e+00,1.278025e+00,9.866781e-01,1.134327e+00,1.048145e+00,1.087853e+00,1.061351e+00,1.155104e+00,1.174585e+00,1.102056e+00,9.403444e-01,1.059620e+00,1.031261e+00,1.208674e+00,1.007571e+00,1.208579e+00,1.038355e+00,1.115501e+00,1.245403e+00,1.053187e+00,1.123921e+00,1.058915e+00,1.111644e+00,1.144582e+00,1.172929e+00,1.016464e+00,1.061144e+00,1.051810e+00,1.139385e+00,1.068953e+00,1.001085e+00,1.081435e+00,1.150921e+00,1.068563e+00,1.130649e+00,1.132194e+00,1.041096e+00,1.061063e+00,1.200028e+00,9.770179e-01,1.104760e+00,9.545609e-01,1.176382e+00,1.232860e+00,1.118556e+00,1.042156e+00,1.081904e+00,1.119166e+00,1.009865e+00,9.603393e-01,1.162214e+00,1.084831e+00,1.066474e+00,9.962919e-01,1.205573e+00,1.159741e+00,1.156021e+00,1.154704e+00,1.104410e+00,1.050548e+00,1.058233e+00,1.171354e+00,1.015506e+00,1.148126e+00,1.065438e+00,1.085310e+00,1.116616e+00,1.078374e+00,1.090621e+00,1.001183e+00,1.315906e+00,1.005885e+00,1.021753e+00,1.095012e+00,1.109889e+00,1.097516e+00,1.147704e+00,1.039875e+00,1.002107e+00,1.196120e+00,1.053698e+00,1.027904e+00,1.059095e+00,1.067395e+00,1.161579e+00,1.023677e+00,1.181721e+00,1.081257e+00,9.418122e-01,1.018135e+00,1.087501e+00,1.111648e+00,1.206272e+00,1.129487e+00,9.579801e-01,1.024540e+00,1.205007e+00,1.042260e+00,1.038777e+00,1.228137e+00,1.036050e+00,1.052846e+00,1.254120e+00,1.077393e+00,9.920529e-01,1.071782e+00,1.094076e+00,9.927977e-01,1.082634e+00,1.017964e+00,1.142065e+00,1.200907e+00,9.580433e-01,1.070846e+00,1.022380e+00,1.088052e+00,1.103868e+00,1.151320e+00,1.182310e+00,1.071994e+00,9.941114e-01,9.582117e-01,1.153955e+00,1.068051e+00,1.030668e+00,1.031418e+00,1.053193e+00,1.042818e+00,1.101031e+00,1.121184e+00,9.990688e-01,1.105979e+00,1.070012e+00,1.122031e+00,1.131710e+00,1.177346e+00,1.058701e+00,1.094552e+00
9.918792e-01,1.017753e+00,1.037473e+00,1.020183e+00,1.080350e+00,1.043620e+00,1.039632e+00,1.244391e+00,1.018068e+00,1.122627e+00,1.136818e+00,1.111919e+00,9.734700e-01,1.088327e+00,1.257243e+00,1.093604e+00,1.055054e+00,1.092256e+00,1.084292e+00,1.000729e+00,9.914194e-01,1.110931e+00,1.008668e+00,1.022057e+00,9.416034e-01,1.024934e+00,1.069684e+00,1.108367e+00,1.060658e+00,1.158189e+00,1.117299e+00,9.422816e-01,1.054530e+00,1.037567e+00,1.208685e+00,1.062467e+00,1.109160e+00,1.084583e+00,1.080623e+00,1.023540e+00,1.077211e+00,9.453008e-01,1.081219e+00,1.061100e+00,1.040782e+00,1.105983e+00,1.098589e+00,1.039821e+00,1.004240e+00,1.025758e+00,1.106816e+00,1.083032e+00,1.086429e+00,1.134646e+00,1.037413e+00,1.119242e+00,1.159857e+00,1.037801e+00,1.112370e+00,9.476373e-01,1.056387e+00,1.151982e+00,1.001338e+00,1.038846e+00,1.033520e+00,1.036155e+00,1.042488e+00,1.050074e+00,1.074702e+00,1.049167e+00,1.073609e+00,1.152963e+00,1.038491e+00,1.052471e+00,9.494394e-01,1.057800e+00,1.060409e+00,1.085684e+00,1.155794e+00,1.084721e+00,9.945060e-01,1.093056e+00,9.767904e-01,9.766500e-01,1.196635e+00,1.189855e+00,1.036225e+00,1.083562e+00,1.157502e+00,9.743381e-01,1.055858e+00,1.093926e+00,1.094057e+00,9.921392e-01,1.031675e+00,1.082801e+00,1.184922e+00,1.136951e+00,1.091373e+00,1.035083e+00,1.020577e+00,1.076870e+00,1.160200e+00,1.063208e+00,1.011941e+00,1.229620e+00,1.065036e+00,1.000632e+00,1.027916e+00,1.116468e+00,1.075565e+00,1.041025e+00,1.068596e+00,1.011037e+00,1.290678e+00,1.111787e+00,1.106128e+00,1.048398e+00,1.068995e+00,9.253350e-01,1.040091e+00,1.128816e+00,1.168481e+00,1.072102e+00,1.112003e+00,1.143847e+00,1.212590e+00,1.048271e+00,1.097791e+00,9.699127e-01,1.126472e+00,1.077504e+00,1.104284e+00,9.763309e-01,1.033222e+00,1.178758e+00,1.199650e+00,1.129110e+00,1.058113e+00,1.072210e+00,9.280310e-01,1.026669e+00,1.047190e+00,1.238367e+00,1.151537e+00,1.045582e+00,1.010691e+00,1.146984e+00,1.150936e+00,1.087667e+00,1.061331e+00,1.077601e+00,9.878420e-01,1.090895e+00,1.191898e+00,1.116326e+00,1.070069e+00,1.049408e+00,1.146093e+00,1.240231e+00,1.089858e+00,1.113389e+00,1.043751e+00,1.118161e+00,1.123947e+00,1.156340e+00,1.067113e+00,1.204550e+00,1.010398e+00,1.054906e+00,1.018843e+00,1.075987e+00,1.035127e+00,1.020578e+00,9.624242e-01,1.040987e+00,1.082266e+00,1.026476e+00,1.008173e+00,9.773152e-01,1.024407e+00,9.192959e-01,1.007847e+00,1.041251e+00,1.011007e+00,1.047816e+00,9.282443e-01,1.127264e+00,1.039746e+00,1.069085e+00,1.189746e+00,1.056517e+00,1.037169e+00,1.104111e+00,1.049773e+00,1.152112e+00,1.486965e+00,1.065618e+00,1.050785e+00,1.035202e+00,9.372333e-01,1.003136e+00,9.957379e-01,1.107545e+00,1.022928e+00,1.109770e+00,1.057601e+00,1.062595e+00,1.137992e+00,1.118995e+00,1.190351e+00,1.066471e+00,1.114394e+00,9.705364e-01,1.011218e+00
1.120086e+00,1.102758e+00,1.063525e+00,9.647763e-01,9.761301e-01,9.524614e-01,9.614727e-01,1.055896e+00,1.118457e+00,9.088783e-01,1.008622e+00,1.143691e+00,1.066276e+00,1.053525e+00,1.073793e+00,1.098819e+00,1.006495e+00,1.071990e+00,9.696137e-01,1.020674e+00,9.751768e-01,9.859291e-01,1.082322e+00,1.063720e+00,1.030064e+00,1.043920e+00,1.164019e+00,9.913530e-01,1.076897e+00,1.015605e+00,1.053465e+00,1.023354e+00,9.928095e-01,1.043471e+00,1.148557e+00,1.064995e+00,1.060069e+00,1.000484e+00,1.052678e+00,1.056767e+00,1.116928e+00,1.103869e+00,1.017189e+00,1.141675e+00,1.012113e+00,9.742541e-01,1.059325e+00,1.108867e+00,1.077176e+00,9.919810e-01,9.775094e-01,1.049013e+00,1.075077e+00,1.001449e+00,1.113414e+00,1.064794e+00,1.067360e+00,9.944752e-01,1.377880e+00,1.059585e+00,1.209015e+00,1.060427e+00,1.068951e+00,1.118235e+00,1.017469e+00,1.151205e+00,9.311717e-01,1.063401e+00,1.112523e+00,1.054812e+00,1.046471e+00,1.008035e+00,1.128859e+00,1.091409e+00,1.268222e+00,1.018107e+00,1.060608e+00,1.154034e+00,1.139918e+00,1.161876e+00,1.131305e+00,1.089278e+00,1.107286e+00,1.010529e+00,1.010494e+00,9.661182e-01,1.127958e+00,1.007522e+00,1.106538e+00,1.144838e+00,1.111158e+00,1.031975e+00,1.006360e+00,1.101236e+00,1.055631e+00,1.115199e+00,9.896502e-01,1.186498e+00,1.094153e+00,9.977063e-01,1.097809e+00,1.098590e+00,1.107282e+00,1.085479e+00,9.881290e-01,1.281778e+00,1.263562e+00,1.136220e+00,1.040740e+00,1.052829e+00,1.113292e+00,1.143350e+00,9.730059e-01,1.139227e+00,1.033127e+00,1.126350e+00,1.106484e+00,1.100853e+00,9.806109e-01,9.821972e-01,1.031916e+00,1.136317e+00,1.176979e+00,1.037037e+00,1.181492e+00,1.007306e+00,1.025850e+00,1.082850e+00,1.070232e+00,1.038968e+00,1.067921e+00,1.094951e+00,1.038139e+00,1.060986e+00,9.384851e-01,1.113831e+00,1.183058e+00,1.172239e+00,1.094856e+00,1.151624e+00,9.949416e-01,1.059378e+00,1.026779e+00,1.077143e+00,1.167200e+00,9.659993e-01,1.037997e+00,1.237123e+00,1.017515e+00,1.002992e+00,1.043526e+00,1.036414e+00,9.454289e-01,1.035179e+00,1.024677e+00,9.912447e-01,1.129912e+00,9.739697e-01,9.581823e-01,1.057130e+00,1.183404e+00,1.129504e+00,9.324595e-01,1.089342e+00,1.097329e+00,1.148280e+00,1.081625e+00,1.130668e+00,1.056376e+00,9.973489e-01,1.020033e+00,1.058260e+00,1.027413e+00,1.052851e+00,1.030808e+00,9.900633e-01,1.098655e+00,1.130204e+00,9.838054e-01,1.049299e+00,1.004993e+00,1.013208e+00,1.024224e+00,9.833755e-01,1.007077e+00,1.122926e+00,1.134264e+00,1.067098e+00,1.028707e+00,9.913905e-01,1.038759e+00,1.152059e+00,1.101435e+00,1.076535e+00,1.083325e+00,1.006514e+00,1.030607e+00,1.002828e+00,1.043115e+00,1.087961e+00,1.020753e+00,1.057803e+00,9.901714e-01,1.266206e+00,9.073227e-01,1.118541e+00,9.745067e-01,1.100269e+00,1.019382e+00,1.010181e+00,9.764701e-01,1.125608e+00,1.032233e+00,1.052933e+00,1.126607e+00
1.068048e+00,1.299243e+00,1.001683e+00,1.052247e+00,9.798126e-01,1.042496e+00,1.069104e+00,9.802145e-01,1.086663e+00,1.098090e+00,1.057318e+00,1.070299e+00,1.015455e+00,1.170476e+00,9.967487e-01,1.007631e+00,1.004071e+00,1.120352e+00,1.107675e+00,1.203397e+00,9.061662e-01,1.045083e+00,1.096505e+00,1.008699e+00,9.545149e-01,1.055832e+00,9.890890e-01,1.132114e+00,1.246554e+00,1.089904e+00,1.105307e+00,9.667763e-01,1.068139e+00,1.057171e+00,1.092586e+00,1.155226e+00,1.006933e+00,9.536678e-01,9.841562e-01,9.902904e-01,1.063346e+00,1.132407e+00,1.110693e+00,1.051889e+00,9.578738e-01,9.928827e-01,1.060140e+00,1.042559e+00,9.800199e-01,1.007266e+00,1.012138e+00,1.018783e+00,9.572663e-01,9.685360e-01,1.015990e+00,1.159294e+00,1.009256e+00,1.109140e+00,1.041035e+00,9.902303e-01,1.070269e+00,9.792919e-01,1.029867e+00,9.394824e-01,1.124651e+00,9.473428e-01,1.101203e+00,1.085223e+00,1.063284e+00,1.122614e+00,1.005477e+00,9.776795e-01,1.028557e+00,1.018179e+00,1.072126e+00,9.665984e-01,1.079765e+00,1.179944e+00,1.075361e+00,1.142257e+00,1.156958e+00,1.032162e+00,1.125072e+00,9.303602e-01,1.048019e+00,1.055065e+00,1.251860e+00,1.033371e+00,1.050427e+00,9.891535e-01,1.110879e+00,1.073432e+00,1.042457e+00,1.084525e+00,9.953791e-01,1.173670e+00,9.837735e-01,1.006212e+00,1.054425e+00,1.026444e+00,1.033624e+00,1.026755e+00,1.050888e+00,9.818908e-01,1.008508e+00,1.106699e+00,1.011969e+00,1.146014e+00,1.055318e+00,1.017751e+00,1.122732e+00,1.068003e+00,1.090905e+00,9.948051e-01,1.006165e+00,1.000263e+00,9.891089e-01,1.072284e+00,1.166562e+00,9.318348e-01,1.058534e+00,1.103792e+00,9.888439e-01,9.825948e-01,1.057259e+00,1.389037e+00,9.454712e-01,1.092255e+00,1.135524e+00,1.103385e+00,1.138507e+00,1.000203e+00,1.015978e+00,9.530757e-01,9.828819e-01,9.738105e-01,9.776108e-01,1.150403e+00,1.068477e+00,1.010973e+00,8.946074e-01,1.085686e+00,1.098703e+00,1.063665e+00,9.957731e-01,1.096269e+00,9.597766e-01,1.035614e+00,1.060030e+00,1.070258e+00,9.977136e-01,1.097332e+00,1.045250e+00,1.207044e+00,9.806152e-01,9.250225e-01,1.118348e+00,1.308171e+00,1.035745e+00,1.059233e+00,1.080970e+00,1.161506e+00,1.049105e+00,1.028224e+00,1.003335e+00,1.159432e+00,1.012089e+00,9.787742e-01,9.861776e-01,1.132002e+00,1.081781e+00,1.010800e+00,1.122928e+00,1.058561e+00,1.013856e+00,1.089497e+00,1.029655e+00,1.120866e+00,1.432693e+00,1.126717e+00,1.093581e+00,1.014438e+00,1.060795e+00,1.017193e+00,1.124772e+00,1.166175e+00,1.125318e+00,1.093543e+00,9.995784e-01,1.123431e+00,1.066332e+00,1.125147e+00,1.107943e+00,9.977987e-01,1.036448e+00,1.035666e+00,1.023231e+00,1.008686e+00,1.062968e+00,1.000757e+00,1.123836e+00,1.070203e+00,1.147265e+00,1.011073e+00,1.070797e+00,1.109374e+00,1.150701e+00,1.079607e+00,1.133422e+00,1.052637e+00,9.554245e-01,9.640298e-01,1.109102e+00,1.094393e+00,1.075888e+00
1.093155e+00,1.097770e+00,9.935726e-01,1.008883e+00,1.059013e+00,1.031462e+00,9.661831e-01,1.127066e+00,9.420817e-01,1.052094e+00,1.056926e+00,1.043944e+00,1.011981e+00,1.098945e+00,9.863307e-01,1.070111e+00,9.969362e-01,1.097310e+00,1.125219e+00,1.135375e+00,1.077822e+00,1.128312e+00,9.312474e-01,9.696485e-01,1.240710e+00,1.046148e+00,1.043975e+00,1.022528e+00,1.171478e+00,1.099418e+00,1.151101e+00,1.085046e+00,1.082580e+00,1.091612e+00,1.083909e+00,1.074798e+00,1.071245e+00,1.150740e+00,9.898703e-01,9.357034e-01,1.161055e+00,9.789353e-01,9.636568e-01,1.158869e+00,1.022899e+00,1.258542e+00,1.229402e+00,1.036160e+00,1.055341e+00,1.164507e+00,1.079424e+00,1.061905e+00,1.024359e+00,1.033495e+00,1.042677e+00,1.073161e+00,1.065518e+00,1.000934e+00,1.114134e+00,1.143710e+00,1.073041e+00,1.058832e+00,9.949136e-01,1.047963e+00,1.070259e+00,1.056243e+00,1.086307e+00,1.108709e+00,1.081676e+00,1.251593e+00,1.080027e+00,9.784750e-01,1.028594e+00,1.040447e+00,9.663387e-01,1.138634e+00,1.056545e+00,1.024108e+00,9.962114e-01,1.071625e+00,1.106001e+00,1.037455e+00,1.038734e+00,1.014844e+00,1.055384e+00,1.014537e+00,1.053285e+00,1.034206e+00,1.030478e+00,1.044186e+00,9.852062e-01,1.105120e+00,1.156308e+00,9.773230e-01,9.732261e-01,1.020537e+00,1.146791e+00,9.553237e-01,1.131365e+00,9.852908e-01,1.030967e+00,1.099518e+00,1.072457e+00,1.135336e+00,1.023743e+00,1.156793e+00,9.951299e-01,1.128004e+00,1.063617e+00,1.101237e+00,1.117361e+00,1.137551e+00,1.168232e+00,1.015868e+00,1.074960e+00,1.159945e+00,1.163176e+00,1.081393e+00,1.033422e+00,9.679879e-01,1.013322e+00,1.040573e+00,1.052155e+00,9.945578e-01,1.088852e+00,9.778445e-01,9.297420e-01,1.007748e+00,1.173504e+00,1.000250e+00,1.143944e+00,1.117807e+00,1.055088e+00,1.001093e+00,1.005476e+00,1.075212e+00,1.032047e+00,9.866766e-01,1.013880e+00,1.171081e+00,1.082268e+00,9.860431e-01,1.000972e+00,1.111387e+00,1.127245e+00,1.033849e+00,1.173411e+00,1.387431e+00,1.108806e+00,9.105523e-01,1.065408e+00,1.140432e+00,1.000280e+00,1.127490e+00,1.065079e+00,1.069430e+00,1.086396e+00,1.163298e+00,1.007170e+00,1.010401e+00,1.234407e+00,1.045146e+00,9.799756e-01,9.516400e-01,1.045613e+00,1.119743e+00,1.062121e+00,1.040064e+00,9.347467e-01,1.014408e+00,1.087665e+00,1.031531e+00,1.012371e+00,9.710433e-01,9.933974e-01,1.111664e+00,1.045326e+00,1.081315e+00,1.227892e+00,1.009470e+00,1.111091e+00,1.057324e+00,1.136296e+00,1.142126e+00,9.774713e-01,1.108873e+00,9.803856e-01,1.108312e+00,1.069138e+00,1.049098e+00,1.014159e+00,1.164068e+00,9.742016e-01,1.047667e+00,1.086872e+00,1.166954e+00,1.019052e+00,1.021872e+00,9.829633e-01,1.253164e+00,1.127572e+00,9.919077e-01,1.059452e+00,1.267631e+00,1.128777e+00,1.007190e+00,1.092859e+00,1.042473e+00,1.108861e+00,1.115753e+00,1.046339e+00,1.040466e+00,1.009495e+00,1.100340e+00,1.176491e+00
1.108635e+00,1.146226e+00,1.184672e+00,1.104945e+00,1.169718e+00,1.149413e+00,1.017840e+00,1.018724e+00,1.066056e+00,9.757241e-01,1.032399e+00,1.078013e+00,1.038364e+00,1.273784e+00,1.126633e+00,1.094807e+00,1.047712e+00,1.081650e+00,1.049801e+00,9.521662e-01,1.196627e+00,1.130573e+00,1.004900e+00,1.030811e+00,1.111521e+00,1.220821e+00,1.037359e+00,1.035529e+00,1.170234e+00,9.641248e-01,1.071278e+00,1.063611e+00,1.049696e+00,1.064531e+00,1.044417e+00,1.199131e+00,9.949516e-01,1.232282e+00,1.172805e+00,1.051015e+00,9.996940e-01,1.050301e+00,1.080106e+00,1.051377e+00,1.105299e+00,1.030609e+00,1.122321e+00,1.063280e+00,1.057132e+00,1.019712e+00,9.676890e-01,1.091602e+00,1.185328e+00,1.277310e+00,1.135747e+00,1.151299e+00,9.759722e-01,1.203758e+00,1.040021e+00,1.002071e+00,1.228350e+00,1.075186e+00,1.053861e+00,1.107760e+00,1.175551e+00,1.161858e+00,1.020376e+00,1.117631e+00,1.119653e+00,1.008031e+00,9.328970e-01,1.045971e+00,1.081796e+00,1.214926e+00,1.119886e+00,9.877797e-01,1.063598e+00,9.860224e-01,1.422813e+00,1.137506e+00,9.605953e-01,1.028088e+00,1.014204e+00,1.012368e+00,1.059092e+00,1.098889e+00,1.304873e+00,1.271273e+00,1.011814e+00,1.067924e+00,1.040769e+00,1.091948e+00,1.000270e+00,1.239449e+00,1.218820e+00,1.128009e+00,1.077647e+00,1.370073e+00,1.177354e+00,1.060245e+00,9.626666e-01,1.155047e+00,1.067812e+00,1.127490e+00,1.139671e+00,1.139826e+00,1.061700e+00,1.104888e+00,9.763240e-01,1.001208e+00,1.083521e+00,9.874276e-01,1.078219e+00,1.216530e+00,1.074733e+00,1.144364e+00,1.087778e+00,9.722134e-01,1.163756e+00,1.018073e+00,1.079968e+00,1.200210e+00,1.018795e+00,9.471386e-01,1.120791e+00,1.032115e+00,1.223047e+00,1.230634e+00,9.880545e-01,1.007231e+00,1.234255e+00,1.039753e+00,1.139835e+00,1.165630e+00,1.186873e+00,9.207835e-01,9.181804e-01,1.108491e+00,9.998349e-01,9.895354e-01,9.717554e-01,1.156051e+00,1.052342e+00,1.020885e+00,1.070568e+00,1.235932e+00,1.211868e+00,1.087947e+00,1.114526e+00,1.062497e+00,1.022367e+00,1.077844e+00,1.059781e+00,1.011482e+00,1.120481e+00,1.117118e+00,1.095257e+00,9.462616e-01,1.076067e+00,1.047610e+00,1.085270e+00,1.073293e+00,9.401491e-01,1.039233e+00,8.960015e-01,1.138347e+00,1.037306e+00,1.199228e+00,1.039929e+00,1.037271e+00,1.032443e+00,1.206324e+00,1.201725e+00,9.538835e-01,1.209419e+00,1.051243e+00,1.132471e+00,9.495775e-01,1.093429e+00,1.011654e+00,1.022601e+00,9.452600e-01,1.135281e+00,1.079271e+00,9.972099e-01,9.509535e-01,1.064913e+00,1.000067e+00,1.016987e+00,1.028049e+00,1.098180e+00,1.140199e+00,9.301216e-01,1.029369e+00,1.137160e+00,1.055494e+00,1.089634e+00,9.501939e-01,1.095869e+00,1.010380e+00,1.056252e+00,1.036256e+00,9.836096e-01,1.064633e+00,1.001670e+00,1.097613e+00,1.193566e+00,1.072608e+00,1.022227e+00,1.134593e+00,9.772835e-01,1.049993e+00,9.844127e-01,1.020799e+00,9.722400e-01
1.060555e+00,1.174168e+00,1.048079e+00,1.058954e+00,9.913686e-01,1.317843e+00,1.057792e+00,1.008473e+00,1.070383e+00,1.092654e+00,1.085121e+00,1.090480e+00,1.218686e+00,1.073484e+00,9.752732e-01,1.052186e+00,9.791829e-01,9.782152e-01,1.061797e+00,1.096125e+00,1.042909e+00,9.957193e-01,1.110734e+00,1.110579e+00,1.149825e+00,1.125395e+00,1.117894e+00,1.059766e+00,9.723450e-01,1.120334e+00,9.423846e-01,9.762146e-01,1.021996e+00,1.311608e+00,1.132515e+00,1.123565e+00,1.035398e+00,1.206966e+00,1.048778e+00,9.316057e-01,1.079792e+00,1.106629e+00,1.024707e+00,1.193769e+00,1.052343e+00,1.105678e+00,1.053689e+00,1.146957e+00,9.611137e-01,1.014307e+00,9.815798e-01,1.070334e+00,9.548563e-01,1.013096e+00,9.536911e-01,1.071575e+00,1.025683e+00,1.061542e+00,1.091373e+00,1.022972e+00,1.117680e+00,1.182752e+00,1.078611e+00,9.765690e-01,1.112704e+00,9.930099e-01,1.145367e+00,1.011062e+00,1.090526e+00,1.038746e+00,1.131365e+00,1.017986e+00,1.038489e+00,9.945544e-01,1.157764e+00,1.218786e+00,1.113783e+00,1.200310e+00,9.792799e-01,1.086428e+00,9.773803e-01,1.079416e+00,1.150088e+00,1.077960e+00,1.044634e+00,1.120304e+00,9.972016e-01,1.124258e+00,1.114496e+00,1.053971e+00,1.003964e+00,1.023499e+00,9.662549e-01,1.041115e+00,1.055662e+00,9.985449e-01,1.260151e+00,1.105834e+00,1.004427e+00,1.121377e+00,1.044122e+00,1.128017e+00,1.018486e+00,1.012466e+00,1.134687e+00,1.104646e+00,1.118370e+00,1.009121e+00,1.043776e+00,1.169021e+00,1.089533e+00,9.913601e-01,1.073223e+00,9.487348e-01,1.042541e+00,1.157082e+00,1.036238e+00,9.834390e-01,9.260841e-01,1.133490e+00,9.149510e-01,1.184654e+00,1.111024e+00,1.015417e+00,1.204317e+00,1.077029e+00,9.833224e-01,1.064192e+00,9.830571e-01,9.826659e-01,9.554525e-01,1.054038e+00,1.056428e+00,1.065027e+00,9.960280e-01,1.057179e+00,1.196546e+00,9.412496e-01,1.023378e+00,9.485881e-01,1.024096e+00,1.080012e+00,1.068594e+00,1.145885e+00,1.054234e+00,1.043937e+00,1.085514e+00,1.166188e+00,1.040988e+00,1.064000e+00,1.083246e+00,1.165943e+00,1.047976e+00,1.081761e+00,1.020445e+00,1.123323e+00,1.069988e+00,1.069449e+00,1.187818e+00,1.085288e+00,1.057114e+00,1.088152e+00,1.061343e+00,1.138417e+00,9.468380e-01,1.131306e+00,1.220224e+00,1.046667e+00,1.045770e+00,1.017449e+00,1.010681e+00,1.226863e+00,1.080139e+00,1.100631e+00,1.050713e+00,9.670334e-01,1.003646e+00,1.141533e+00,9.891268e-01,9.924834e-01,1.048385e+00,1.012714e+00,1.099464e+00,1.166720e+00,8.738416e-01,1.081547e+00,1.047775e+00,1.016274e+00,1.095191e+00,1.332657e+00,9.609098e-01,1.083543e+00,1.083456e+00,9.489677e-01,1.016383e+00,1.232308e+00,1.005136e+00,1.300134e+00,1.135522e+00,9.743201e-01,1.054636e+00,1.024548e+00,1.009490e+00,1.031978e+00,1.012835e+00,1.069956e+00,1.079525e+00,1.137854e+00,1.096168e+00,1.130269e+00,1.154849e+00,1.222644e+00,1.049185e+00,1.003765e+00,1.173765e+00
1.061894e+00,1.064013e+00,1.141284e+00,1.128740e+00,9.669879e-01,9.312369e-01,1.086461e+00,1.037418e+00,8.909114e-01,1.002165e+00,1.108761e+00,1.022216e+00,1.213519e+00,1.002243e+00,1.031812e+00,9.569467e-01,1.158200e+00,1.060155e+00,9.514895e-01,1.028364e+00,1.029720e+00,9.803823e-01,1.023104e+00,1.020837e+00,1.087081e+00,1.054579e+00,1.186538e+00,1.003789e+00,1.093661e+00,1.227403e+00,1.094543e+00,1.047282e+00,1.034334e+00,1.037576e+00,1.009658e+00,1.025146e+00,1.063699e+00,1.093244e+00,1.070986e+00,1.002180e+00,1.039235e+00,9.745584e-01,9.671526e-01,1.124575e+00,1.055220e+00,1.135711e+00,1.026295e+00,1.010191e+00,1.238475e+00,1.031845e+00,9.992467e-01,9.639515e-01,9.799779e-01,1.071775e+00,1.214194e+00,1.304861e+00,1.091693e+00,9.439807e-01,1.024733e+00,1.058459e+00,1.202323e+00,1.042287e+00,1.090551e+00,1.066171e+00,1.078303e+00,1.059927e+00,1.288661e+00,1.097423e+00,9.930299e-01,1.117865e+00,1.160206e+00,1.116671e+00,1.057090e+00,1.154181e+00,1.152624e+00,1.062421e+00,1.247982e+00,1.034259e+00,1.204676e+00,1.195376e+00,1.316708e+00,1.165252e+00,1.033619e+00,1.027084e+00,1.100327e+00,1.020588e+00,1.070791e+00,1.074134e+00,1.108110e+00,1.057499e+00,1.119544e+00,1.123577e+00,9.831078e-01,1.123479e+00,1.086693e+00,1.103024e+00,1.055849e+00,1.073225e+00,1.082260e+00,1.008302e+00,9.281015e-01,9.875549e-01,1.035827e+00,9.400064e-01,9.861969e-01,1.137702e+00,1.015734e+00,1.224552e+00,1.190230e+00,1.022766e+00,1.176060e+00,1.133504e+00,1.017824e+00,1.057999e+00,9.759012e-01,1.206810e+00,1.017875e+00,9.916740e-01,1.237593e+00,1.030961e+00,1.124776e+00,9.997509e-01,1.031105e+00,1.013723e+00,1.070428e+00,1.184339e+00,1.008681e+00,1.062351e+00,1.024772e+00,1.203943e+00,1.120068e+00,9.159566e-01,1.068407e+00,1.045656e+00,1.425188e+00,1.220529e+00,1.053005e+00,1.040711e+00,1.126539e+00,1.131794e+00,1.033157e+00,1.111300e+00,9.927891e-01,1.038866e+00,1.095021e+00,1.174418e+00,1.044715e+00,1.224009e+00,1.035575e+00,1.034171e+00,1.147229e+00,1.096746e+00,1.045054e+00,9.900892e-01,1.180796e+00,1.105314e+00,1.050816e+00,1.199519e+00,9.805996e-01,1.022904e+00,1.048125e+00,1.165458e+00,1.099150e+00,1.125890e+00,1.025016e+00,1.067193e+00,1.036650e+00,9.878185e-01,1.136234e+00,1.259453e+00,1.099727e+00,1.219186e+00,1.027867e+00,1.085112e+00,9.901539e-01,1.126374e+00,1.164731e+00,1.068599e+00,1.168185e+00,1.116043e+00,1.121150e+00,1.009096e+00,1.047724e+00,1.059808e+00,1.069040e+00,1.158950e+00,1.151050e+00,9.512274e-01,1.025790e+00,1.081128e+00,1.065005e+00,1.184513e+00,1.100198e+00,1.266278e+00,9.801711e-01,1.044339e+00,9.787637e-01,1.062860e+00,9.956010e-01,1.057593e+00,1.141960e+00,9.993380e-01,1.069938e+00,9.884004e-01,1.060673e+00,1.125452e+00,1.081165e+00,1.099825e+00,1.094718e+00,1.015200e+00,9.650337e-01,9.708222e-01,9.244885e-01,1.016962e+00,1.073572e+00
1.090476e+00,1.125014e+00,1.101203e+00,1.122066e+00,1.017276e+00,1.036202e+00,1.140975e+00,9.610068e-01,1.136747e+00,1.126806e+00,1.118033e+00,1.043465e+00,9.831309e-01,1.026499e+00,1.153508e+00,1.169829e+00,1.111301e+00,1.009627e+00,1.261600e+00,1.051732e+00,1.117052e+00,1.023867e+00,1.028873e+00,1.147330e+00,1.020701e+00,1.063238e+00,1.070865e+00,1.096941e+00,1.041141e+00,1.006271e+00,1.213249e+00,1.114807e+00,1.102707e+00,1.353236e+00,1.107130e+00,1.022610e+00,1.037912e+00,1.058368e+00,1.097767e+00,9.828054e-01,1.201114e+00,1.103692e+00,1.135345e+00,1.115830e+00,1.203340e+00,1.070388e+00,9.424289e-01,1.072070e+00,1.039296e+00,1.055376e+00,1.080050e+00,1.027847e+00,1.127295e+00,1.018138e+00,1.042735e+00,1.059619e+00,1.036895e+00,1.002278e+00,1.069385e+00,1.051588e+00,9.351484e-01,1.058675e+00,1.078363e+00,1.042168e+00,9.611663e-01,1.221579e+00,1.014853e+00,1.114811e+00,1.195079e+00,1.172667e+00,1.097051e+00,8.843078e-01,9.942890e-01,1.057393e+00,9.272749e-01,1.219821e+00,1.021103e+00,1.130377e+00,1.002123e+00,1.080716e+00,1.013892e+00,1.000049e+00,1.064384e+00,9.986463e-01,1.112343e+00,1.008177e+00,1.146568e+00,1.061411e+00,8.906249e-01,1.154866e+00,1.003687e+00,1.110383e+00,1.019149e+00,1.052350e+00,1.035665e+00,1.202142e+00,1.074426e+00,1.018874e+00,1.148466e+00,1.115876e+00,1.113233e+00,1.029625e+00,1.037041e+00,9.534069e-01,1.047833e+00,1.022566e+00,9.967116e-01,1.102929e+00,9.663017e-01,9.367726e-01,1.107180e+00,1.043451e+00,1.043844e+00,9.995123e-01,1.107336e+00,1.127078e+00,1.045854e+00,1.040055e+00,1.126081e+00,1.065612e+00,1.030369e+00,1.014286e+00,1.173213e+00,1.131584e+00,1.025277e+00,1.135292e+00,1.109120e+00,1.028908e+00,1.040142e+00,1.016342e+00,9.581478e-01,1.127583e+00,1.051851e+00,1.189185e+00,1.009510e+00,1.027181e+00,1.038794e+00,1.108514e+00,1.065137e+00,1.020970e+00,1.177184e+00,1.043364e+00,1.136941e+00,1.209970e+00,1.194349e+00,1.145980e+00,8.944706e-01,1.182527e+00,1.237472e+00,1.035332e+00,9.929055e-01,1.150831e+00,1.050186e+00,1.114505e+00,1.085826e+00,1.017197e+00,1.067103e+00,1.105162e+00,1.211043e+00,1.012579e+00,1.123081e+00,1.319882e+00,1.108000e+00,1.041178e+00,1.059586e+00,1.049219e+00,1.103444e+00,1.078012e+00,1.038180e+00,1.122068e+00,1.029457e+00,1.098831e+00,1.101618e+00,1.055402e+00,1.040930e+00,1.086603e+00,1.118164e+00,1.190029e+00,1.149602e+00,9.849313e-01,1.151051e+00,9.319548e-01,1.094611e+00,9.408498e-01,9.837186e-01,1.218631e+00,9.814663e-01,1.056145e+00,1.146039e+00,9.800458e-01,1.068184e+00,9.625020e-01,1.002357e+00,1.110072e+00,1.008628e+00,9.621179e-01,1.128534e+00,1.061011e+00,1.202237e+00,1.035285e+00,1.105583e+00,1.042067e+00,1.057015e+00,9.965880e-01,1.018077e+00,1.035423e+00,1.115734e+00,1.031334e+00,1.008737e+00,1.106646e+00,1.050492e+00,9.749425e-01,1.137382e+00,1.078349e+00,9.399072e-01
1.130107e+00,1.125362e+00,1.065399e+00,9.821195e-01,1.043303e+00,1.085389e+00,1.088608e+00,1.065150e+00,1.215844e+00,1.091063e+00,1.043298e+00,1.019345e+00,1.091798e+00,1.098349e+00,1.023722e+00,1.047526e+00,1.140735e+00,9.797821e-01,1.091430e+00,1.060868e+00,1.089284e+00,9.701051e-01,1.089039e+00,1.140952e+00,1.076141e+00,9.819292e-01,1.073856e+00,1.060405e+00,1.070724e+00,1.179087e+00,1.027777e+00,1.118418e+00,9.738543e-01,1.077078e+00,1.022538e+00,1.082288e+00,1.001155e+00,9.906912e-01,1.096484e+00,1.149949e+00,9.456038e-01,1.147165e+00,1.063695e+00,1.065319e+00,1.040091e+00,1.110787e+00,1.038060e+00,1.078584e+00,9.733597e-01,1.071450e+00,9.599971e-01,9.633682e-01,1.007948e+00,9.879828e-01,1.033793e+00,9.820877e-01,1.049352e+00,1.105429e+00,1.069667e+00,1.022867e+00,1.065898e+00,1.016018e+00,1.131491e+00,1.005209e+00,1.080356e+00,1.028956e+00,1.100399e+00,1.004791e+00,1.006888e+00,1.211964e+00,1.033400e+00,1.007245e+00,1.051091e+00,9.403351e-01,1.214288e+00,1.056209e+00,1.028043e+00,9.983025e-01,1.060899e+00,1.036394e+00,1.145168e+00,1.048411e+00,1.155478e+00,1.218530e+00,1.134415e+00,1.025207e+00,1.096429e+00,1.014981e+00,1.098432e+00,1.160184e+00,1.058232e+00,1.052417e+00,1.224761e+00,1.028171e+00,1.066429e+00,1.004894e+00,9.239278e-01,1.197608e+00,9.613122e-01,1.048861e+00,1.142036e+00,9.221246e-01,1.107562e+00,9.260799e-01,1.022422e+00,9.685306e-01,1.206641e+00,1.097227e+00,9.618984e-01,1.011247e+00,1.128473e+00,1.110870e+00,1.337217e+00,1.078140e+00,9.703853e-01,1.029184e+00,1.174107e+00,1.070917e+00,1.023579e+00,9.195356e-01,1.217962e+00,1.113165e+00,1.040239e+00,9.271598e-01,1.106570e+00,1.088845e+00,1.163393e+00,1.085538e+00,9.604439e-01,1.045210e+00,1.074154e+00,1.110813e+00,1.002706e+00,1.087341e+00,1.176084e+00,1.206234e+00,1.052976e+00,9.959394e-01,1.137649e+00,9.376640e-01,1.118239e+00,1.002662e+00,1.080598e+00,1.129867e+00,1.047454e+00,1.012374e+00,1.117298e+00,1.244174e+00,1.078718e+00,9.507430e-01,1.159754e+00,1.003075e+00,1.090166e+00,1.038467e+00,1.039669e+00,1.100319e+00,1.039363e+00,9.350951e-01,1.311370e+00,1.112267e+00,1.031063e+00,1.106226e+00,1.051104e+00,9.689709e-01,1.099271e+00,9.944261e-01,1.167530e+00,8.893827e-01,1.106726e+00,1.116601e+00,1.209153e+00,1.143656e+00,1.132025e+00,1.029183e+00,9.587635e-01,9.465820e-01,1.163719e+00,1.073922e+00,1.104643e+00,1.015266e+00,1.129196e+00,1.062114e+00,1.011590e+00,1.108795e+00,1.075946e+00,1.113721e+00,1.227759e+00,1.042465e+00,1.145765e+00,1.059597e+00,1.028021e+00,1.109598e+00,1.125620e+00,1.039794e+00,1.005728e+00,1.073596e+00,1.016135e+00,9.727130e-01,1.009508e+00,1.071816e+00,1.081246e+00,1.030987e+00,1.226402e+00,1.237924e+00,1.031411e+00,1.085017e+00,9.855820e-01,1.083293e+00,9.543513e-01,1.023310e+00,9.923029e-01,1.099514e+00,9.730122e-01,1.217656e+00,1.086083e+00
1.090088e+00,1.047839e+00,1.085675e+00,1.095919e+00,1.007978e+00,1.012231e+00,1.075116e+00,1.117216e+00,1.089441e+00,1.007969e+00,1.013368e+00,1.079794e+00,1.045550e+00,1.143902e+00,1.069710e+00,9.725718e-01,9.373678e-01,1.067401e+00,1.176180e+00,9.996294e-01,1.120467e+00,1.081815e+00,1.085566e+00,1.006782e+00,1.017523e+00,1.067861e+00,1.065124e+00,1.064453e+00,1.017328e+00,1.037375e+00,1.018017e+00,1.131809e+00,1.138401e+00,1.148815e+00,1.109337e+00,1.046917e+00,1.030455e+00,1.199278e+00,1.069050e+00,1.037633e+00,1.005121e+00,1.084309e+00,1.061147e+00,1.106817e+00,1.230123e+00,1.097132e+00,1.002351e+00,1.109804e+00,1.033670e+00,1.031182e+00,1.168679e+00,1.076945e+00,1.042498e+00,1.186548e+00,1.142174e+00,1.119500e+00,9.996848e-01,1.040615e+00,9.824837e-01,1.081376e+00,1.051437e+00,1.106564e+00,9.619986e-01,1.043948e+00,9.927100e-01,1.011658e+00,1.008518e+00,1.171983e+00,9.154767e-01,1.117404e+00,9.646926e-01,9.500366e-01,9.715671e-01,1.106811e+00,1.101034e+00,1.056859e+00,1.218532e+00,9.969850e-01,1.119228e+00,1.060337e+00,1.035136e+00,1.015555e+00,1.057606e+00,1.072910e+00,1.024003e+00,1.163146e+00,9.760506e-01,9.813837e-01,1.032084e+00,1.105386e+00,1.154053e+00,1.138525e+00,9.830010e-01,1.052212e+00,1.037569e+00,1.059333e+00,9.654722e-01,1.058119e+00,1.063382e+00,9.864298e-01,9.769465e-01,1.050716e+00,1.031596e+00,9.973546e-01,1.024408e+00,1.026019e+00,1.096621e+00,9.378100e-01,1.061410e+00,1.037798e+00,1.101105e+00,1.013247e+00,9.928526e-01,1.001277e+00,1.053849e+00,1.108244e+00,1.073979e+00,1.017509e+00,1.008018e+00,1.149108e+00,1.279144e+00,1.027999e+00,9.790255e-01,1.104801e+00,9.252168e-01,1.088400e+00,1.181868e+00,1.023572e+00,1.017727e+00,1.010807e+00,1.011612e+00,1.106985e+00,1.042734e+00,1.138202e+00,1.045287e+00,9.848354e-01,1.018736e+00,9.619907e-01,1.091747e+00,1.099203e+00,1.292326e+00,1.006646e+00,1.109914e+00,1.038545e+00,1.156821e+00,1.058681e+00,1.323466e+00,1.088750e+00,1.198931e+00,1.085348e+00,1.033367e+00,1.160008e+00,1.007320e+00,1.118400e+00,1.019656e+00,1.046740e+00,1.150527e+00,1.119700e+00,1.174277e+00,9.977615e-01,1.185469e+00,1.082549e+00,1.095030e+00,9.497975e-01,1.078891e+00,1.140653e+00,1.000407e+00,1.097187e+00,1.090608e+00,1.066379e+00,1.059793e+00,1.011966e+00,1.073501e+00,1.038899e+00,1.142566e+00,9.197038e-01,1.016747e+00,1.107111e+00,1.038080e+00,1.078166e+00,1.118245e+00,1.033219e+00,9.545609e-01,1.012279e+00,1.186858e+00,9.522487e-01,1.054004e+00,1.265713e+00,9.677296e-01,9.820812e-01,1.130260e+00,1.134634e+00,1.036599e+00,1.078634e+00,1.021177e+00,9.397853e-01,1.010817e+00,1.362610e+00,1.090841e+00,1.098421e+00,1.187302e+00,1.013853e+00,9.990242e-01,1.091565e+00,1.077678e+00,1.074191e+00,1.127714e+00,1.017047e+00,9.829668e-01,1.051681e+00,9.618204e-01,1.029210e+00,1.041885e+00,1.053986e+00,1.186995e+00
9.983430e-01,9.671435e-01,1.095433e+00,1.111150e+00,1.047470e+00,8.915615e-01,1.077082e+00,1.168555e+00,1.101463e+00,9.365769e-01,1.019150e+00,1.093694e+00,1.111306e+00,1.073074e+00,1.039598e+00,1.140581e+00,1.038866e+00,1.192491e+00,1.353963e+00,1.120723e+00,1.034461e+00,1.120306e+00,1.132521e+00,1.079403e+00,1.096925e+00,1.122105e+00,1.181751e+00,1.124538e+00,1.314606e+00,1.026792e+00,1.040402e+00,1.132403e+00,1.031458e+00,1.102063e+00,1.171240e+00,1.101597e+00,9.768669e-01,1.087159e+00,9.874265e-01,9.904366e-01,9.975213e-01,1.048021e+00,1.198491e+00,1.210471e+00,1.054006e+00,1.043508e+00,1.028506e+00,9.457143e-01,1.079069e+00,1.027096e+00,1.044134e+00,1.043357e+00,1.068143e+00,1.098690e+00,1.031936e+00,1.040982e+00,9.965992e-01,1.026538e+00,1.050504e+00,1.116418e+00,1.017498e+00,1.004513e+00,1.028809e+00,1.129350e+00,9.805941e-01,1.171817e+00,1.063675e+00,9.781704e-01,1.078380e+00,1.096109e+00,1.024052e+00,1.329015e+00,1.165463e+00,1.164372e+00,1.067302e+00,9.934748e-01,1.079240e+00,1.129379e+00,1.190505e+00,1.112115e+00,1.012643e+00,9.914886e-01,9.693441e-01,1.081203e+00,1.204359e+00,1.083072e+00,1.148556e+00,1.200272e+00,9.976529e-01,1.132935e+00,1.061584e+00,1.166551e+00,9.962369e-01,1.174515e+00,1.028738e+00,1.235455e+00,1.202165e+00,9.997308e-01,1.114066e+00,9.383016e-01,9.972752e-01,1.175632e+00,9.697223e-01,1.128329e+00,1.121477e+00,1.129787e+00,1.100120e+00,1.040020e+00,1.097762e+00,1.054815e+00,1.173778e+00,1.024973e+00,1.109592e+00,9.134710e-01,1.086836e+00,9.825419e-01,1.070792e+00,1.222075e+00,9.930087e-01,1.035645e+00,9.376526e-01,1.138359e+00,1.029417e+00,1.065247e+00,9.625039e-01,1.232279e+00,1.116832e+00,1.022879e+00,1.142932e+00,1.034834e+00,1.013732e+00,1.012968e+00,1.067273e+00,1.179317e+00,1.135269e+00,1.147915e+00,1.139138e+00,1.140605e+00,1.138870e+00,1.161012e+00,1.060948e+00,1.047548e+00,1.000479e+00,1.010127e+00,1.090313e+00,1.073077e+00,1.138465e+00,1.157491e+00,1.069885e+00,1.025174e+00,1.011107e+00,1.065688e+00,1.047911e+00,1.074512e+00,1.096807e+00,1.153407e+00,1.107301e+00,9.945594e-01,1.095257e+00,1.009791e+00,1.084924e+00,1.055651e+00,1.128787e+00,1.021317e+00,1.082409e+00,1.035381e+00,1.098880e+00,1.014567e+00,1.135140e+00,1.025414e+00,1.150405e+00,1.240933e+00,1.238223e+00,1.240254e+00,1.092338e+00,1.084885e+00,1.017587e+00,1.066476e+00,1.042884e+00,1.174499e+00,1.050107e+00,1.135642e+00,1.099823e+00,1.211477e+00,1.075917e+00,9.815956e-01,1.114556e+00,1.098801e+00,1.069980e+00,1.105498e+00,1.045220e+00,1.272485e+00,9.577904e-01,1.134001e+00,1.039390e+00,1.109327e+00,1.059612e+00,9.103162e-01,1.087509e+00,9.988912e-01,1.055154e+00,1.082024e+00,1.082962e+00,1.035320e+00,1.057835e+00,1.231737e+00,1.026427e+00,1.073236e+00,1.102722e+00,1.032145e+00,1.068372e+00,1.107053e+00,1.162665e+00,1.085255e+00,1.093942e+00
