1.095613e+00,9.622620e-01,1.079923e+00,9.582564e-01,9.062286e-01,8.816082e-01,8.794166e-01,1.033949e+00,8.723069e-01,8.864502e-01,1.183322e+00,9.920250e-01,9.316011e-01,9.659971e-01,9.891683e-01,9.323182e-01,8.159633e-01,9.518441e-01,9.893882e-01,9.936765e-01,9.351411e-01,9.055813e-01,9.606189e-01,1.019516e+00,9.727571e-01,1.014466e+00,1.054267e+00,1.031057e+00,9.087579e-01,8.934687e-01,9.126884e-01,1.041874e+00,1.003444e+00,1.077842e+00,1.038747e+00,8.588699e-01,1.118347e+00,9.558838e-01,9.342404e-01,1.038964e+00,8.425388e-01,9.278524e-01,1.026705e+00,1.036211e+00,1.007046e+00,9.220390e-01,9.187962e-01,1.030584e+00,9.226032e-01,9.512576e-01,1.024776e+00,8.863205e-01,8.211153e-01,8.731574e-01,9.674336e-01,1.004448e+00,1.004794e+00,1.006197e+00,9.500360e-01,8.573117e-01,1.237190e+00,1.097553e+00,8.959226e-01,9.571862e-01,9.958880e-01,1.019834e+00,9.983806e-01,1.191949e+00,1.117434e+00,9.785858e-01,9.000053e-01,9.520193e-01,1.220060e+00,9.209540e-01,8.824286e-01,1.005081e+00,1.016296e+00,1.053182e+00,8.311730e-01,1.061513e+00,1.204110e+00,9.391129e-01,1.125290e+00,9.841783e-01,9.681426e-01,1.150073e+00,1.090325e+00,9.611249e-01,1.014683e+00,9.659975e-01,1.004329e+00,9.593606e-01,1.011200e+00,1.153407e+00,9.040941e-01,1.059168e+00,9.100610e-01,1.010945e+00,1.001084e+00,1.197613e+00,1.149992e+00,1.122611e+00,8.508610e-01,9.303154e-01,9.945881e-01,9.615783e-01,9.917499e-01,1.200774e+00
1.161174e+00,1.078622e+00,9.470004e-01,1.175718e+00,9.608253e-01,1.011369e+00,1.156400e+00,8.981130e-01,1.017508e+00,1.158159e+00,9.520969e-01,9.342402e-01,1.040036e+00,9.976668e-01,9.708412e-01,1.209839e+00,9.655838e-01,1.081940e+00,9.658669e-01,1.042446e+00,1.066171e+00,9.214479e-01,8.796976e-01,1.079766e+00,1.059193e+00,9.797216e-01,1.071505e+00,1.149103e+00,9.504723e-01,9.226338e-01,8.610285e-01,1.035675e+00,9.910844e-01,1.093880e+00,1.100008e+00,9.821463e-01,8.088518e-01,1.095112e+00,9.147236e-01,9.523147e-01,9.971533e-01,1.068964e+00,1.069249e+00,9.395794e-01,9.510620e-01,9.924108e-01,1.040940e+00,1.074523e+00,9.425679e-01,1.052430e+00,1.049483e+00,1.002916e+00,8.697057e-01,1.028390e+00,1.091750e+00,1.061966e+00,1.116317e+00,9.404180e-01,1.005657e+00,1.090272e+00,1.010447e+00,9.952977e-01,9.251081e-01,8.905453e-01,1.174350e+00,1.006644e+00,1.085994e+00,1.003483e+00,9.418437e-01,9.041665e-01,9.972357e-01,1.131932e+00,1.243567e+00,9.567010e-01,1.137882e+00,1.182528e+00,9.182533e-01,1.100000e+00,1.151982e+00,1.183151e+00,1.002382e+00,9.432142e-01,1.023597e+00,9.652691e-01,1.059448e+00,1.097743e+00,1.050164e+00,9.857773e-01,9.611243e-01,1.052945e+00,1.203130e+00,1.091341e+00,1.162378e+00,1.117955e+00,9.347141e-01,9.974773e-01,1.012722e+00,1.038770e+00,1.092924e+00,9.886528e-01,1.044798e+00,1.026464e+00,1.040159e+00,9.967907e-01,1.049771e+00,1.002473e+00,1.359178e+00,8.870380e-01
1.036473e+00,8.845610e-01,9.354217e-01,1.052865e+00,1.009538e+00,9.970948e-01,1.083731e+00,8.709252e-01,9.757364e-01,8.431778e-01,1.032156e+00,9.826303e-01,9.550653e-01,1.061475e+00,1.009350e+00,9.668453e-01,8.249541e-01,1.076340e+00,9.373670e-01,1.148502e+00,9.021108e-01,1.016698e+00,9.948121e-01,1.168835e+00,1.034695e+00,8.870532e-01,1.128172e+00,8.811723e-01,1.036341e+00,1.052320e+00,9.899793e-01,1.101589e+00,1.094601e+00,9.511264e-01,1.189570e+00,9.750900e-01,9.981789e-01,1.066725e+00,1.048615e+00,9.180861e-01,9.007344e-01,1.043478e+00,9.418149e-01,9.666815e-01,1.092576e+00,1.171501e+00,1.049440e+00,1.121789e+00,1.131768e+00,1.049030e+00,9.654812e-01,1.015931e+00,1.014159e+00,1.170058e+00,9.852224e-01,1.110822e+00,9.978872e-01,9.720011e-01,1.091346e+00,1.184255e+00,9.897367e-01,9.576894e-01,8.711600e-01,1.050916e+00,1.108362e+00,1.059661e+00,1.076486e+00,9.964990e-01,1.128747e+00,1.110759e+00,1.051788e+00,9.490037e-01,1.220403e+00,1.071819e+00,1.254245e+00,9.748312e-01,9.401498e-01,1.119563e+00,1.036950e+00,9.235159e-01,9.077615e-01,9.883745e-01,1.058669e+00,9.989969e-01,9.902397e-01,9.373549e-01,8.726416e-01,9.112415e-01,1.024687e+00,1.013346e+00,1.059708e+00,9.826080e-01,9.935244e-01,9.679308e-01,9.572554e-01,9.900105e-01,9.862534e-01,1.133160e+00,9.938163e-01,1.048483e+00,9.450628e-01,1.093262e+00,8.253538e-01,1.004602e+00,1.084916e+00,1.061778e+00,1.265578e+00,1.102575e+00
9.617241e-01,1.004003e+00,9.622470e-01,1.086931e+00,1.198976e+00,9.125341e-01,1.039752e+00,1.128215e+00,9.507695e-01,9.718544e-01,9.359637e-01,1.054061e+00,1.032654e+00,1.002754e+00,1.176102e+00,8.902614e-01,9.680609e-01,1.048942e+00,9.283610e-01,1.033264e+00,1.028483e+00,1.093801e+00,1.213130e+00,1.157739e+00,1.149988e+00,1.163906e+00,1.135850e+00,1.092770e+00,1.105316e+00,1.236446e+00,1.103983e+00,9.394364e-01,1.090320e+00,1.071163e+00,9.304543e-01,1.044520e+00,1.221208e+00,1.021077e+00,1.013261e+00,1.198426e+00,1.028514e+00,9.375173e-01,8.793603e-01,9.672139e-01,9.725691e-01,1.143142e+00,8.776612e-01,8.813312e-01,8.923912e-01,1.124463e+00,9.137267e-01,1.064870e+00,8.593539e-01,9.840718e-01,9.959348e-01,1.090419e+00,1.108862e+00,9.583599e-01,9.875000e-01,9.548396e-01,9.233743e-01,9.645977e-01,1.022388e+00,1.056430e+00,1.039956e+00,9.533686e-01,8.080136e-01,1.027134e+00,1.043373e+00,9.012922e-01,9.830137e-01,9.038681e-01,1.140468e+00,9.824101e-01,1.050034e+00,9.528834e-01,1.010448e+00,1.106674e+00,9.590798e-01,9.473022e-01,9.407481e-01,1.026161e+00,9.032129e-01,9.182156e-01,8.461643e-01,9.051241e-01,9.697108e-01,9.817923e-01,8.984167e-01,9.868096e-01,1.098301e+00,9.026807e-01,8.958107e-01,1.008102e+00,1.085149e+00,1.121944e+00,1.217382e+00,9.753126e-01,8.639962e-01,1.148991e+00,1.004108e+00,1.067968e+00,9.443472e-01,1.137670e+00,9.762281e-01,1.053178e+00,1.152976e+00,9.834825e-01
9.221656e-01,8.834077e-01,9.191227e-01,1.109225e+00,8.510836e-01,8.760497e-01,8.977688e-01,1.036184e+00,1.087311e+00,7.969408e-01,8.384563e-01,1.019732e+00,9.137346e-01,1.024916e+00,9.576688e-01,9.219829e-01,1.074446e+00,9.591614e-01,1.241885e+00,1.121349e+00,9.125570e-01,9.767685e-01,1.022455e+00,9.117649e-01,1.098233e+00,1.023642e+00,8.868564e-01,9.936889e-01,8.531463e-01,8.266809e-01,9.407833e-01,9.699155e-01,8.974772e-01,9.089483e-01,1.011650e+00,9.429973e-01,9.466486e-01,1.044123e+00,9.004260e-01,9.942168e-01,8.949246e-01,1.082879e+00,9.596547e-01,9.737654e-01,1.117291e+00,1.136309e+00,1.108752e+00,9.101730e-01,9.233391e-01,1.038358e+00,1.029289e+00,9.211093e-01,9.897473e-01,8.620181e-01,9.263098e-01,8.410256e-01,8.555078e-01,7.630433e-01,9.371149e-01,9.397808e-01,9.520822e-01,8.839309e-01,9.556453e-01,9.309375e-01,1.017098e+00,1.107368e+00,9.554914e-01,1.114321e+00,9.967564e-01,9.611232e-01,9.425791e-01,9.485668e-01,9.269345e-01,9.225338e-01,9.328035e-01,9.660569e-01,9.967172e-01,1.030503e+00,9.533493e-01,8.802000e-01,8.624867e-01,1.017210e+00,9.065589e-01,9.396945e-01,8.866366e-01,9.717879e-01,1.068247e+00,9.838029e-01,8.560120e-01,9.189701e-01,9.753357e-01,9.238725e-01,8.936252e-01,9.604696e-01,9.040646e-01,1.046023e+00,8.812842e-01,9.897550e-01,8.210305e-01,1.024306e+00,9.100457e-01,8.641870e-01,8.584107e-01,8.529670e-01,8.467463e-01,1.129039e+00,9.770758e-01,1.040973e+00
9.699867e-01,1.168112e+00,9.694694e-01,9.087438e-01,1.119099e+00,9.662107e-01,9.541210e-01,1.008089e+00,9.149956e-01,9.527556e-01,1.126648e+00,1.068525e+00,8.854843e-01,1.185248e+00,1.176120e+00,1.264366e+00,9.524028e-01,1.049540e+00,1.006744e+00,9.106558e-01,8.468704e-01,9.707440e-01,9.026478e-01,9.453543e-01,1.067594e+00,1.048635e+00,9.134178e-01,9.209634e-01,9.127513e-01,9.250504e-01,9.450659e-01,9.755676e-01,9.529230e-01,1.022629e+00,8.610767e-01,8.636166e-01,1.006947e+00,1.113748e+00,1.020587e+00,1.052276e+00,8.964381e-01,1.093742e+00,1.116266e+00,1.011757e+00,1.128794e+00,1.110853e+00,9.535237e-01,9.277379e-01,9.882469e-01,9.572834e-01,1.035990e+00,1.011577e+00,1.034116e+00,9.248665e-01,1.029390e+00,1.191126e+00,9.507589e-01,1.029541e+00,9.516477e-01,9.865023e-01,9.579023e-01,9.907591e-01,9.873709e-01,9.123554e-01,8.207806e-01,8.305757e-01,9.705803e-01,9.245403e-01,1.079359e+00,8.450368e-01,9.611321e-01,8.853424e-01,1.109093e+00,7.998543e-01,1.063636e+00,1.041290e+00,9.354712e-01,8.570589e-01,8.540526e-01,9.873052e-01,9.839058e-01,9.178714e-01,9.973442e-01,9.541953e-01,9.216788e-01,9.333373e-01,8.390639e-01,1.009908e+00,9.835983e-01,9.813436e-01,1.001455e+00,8.503152e-01,1.033361e+00,8.889078e-01,9.074401e-01,9.579917e-01,9.585326e-01,9.180258e-01,8.649783e-01,9.360513e-01,1.033705e+00,9.146904e-01,9.371467e-01,8.548505e-01,8.628259e-01,9.515266e-01,9.215559e-01,1.084933e+00
9.740782e-01,9.692201e-01,1.024197e+00,9.727242e-01,1.109406e+00,1.005505e+00,1.013842e+00,9.361723e-01,9.794204e-01,9.053870e-01,8.205882e-01,9.379666e-01,1.038856e+00,8.827780e-01,9.897863e-01,8.873259e-01,9.482824e-01,9.303397e-01,1.007530e+00,1.028022e+00,8.717589e-01,8.684203e-01,9.069057e-01,1.080091e+00,9.644602e-01,9.341057e-01,9.653455e-01,9.942137e-01,9.803053e-01,1.194659e+00,9.877215e-01,9.230149e-01,9.801077e-01,9.558204e-01,1.035452e+00,1.101213e+00,9.127371e-01,9.469808e-01,9.129104e-01,8.055847e-01,8.943548e-01,9.476150e-01,8.703820e-01,1.098326e+00,9.665426e-01,9.879193e-01,9.355448e-01,1.106664e+00,9.802255e-01,9.544917e-01,9.452287e-01,9.431277e-01,1.076985e+00,9.767438e-01,9.609824e-01,8.754964e-01,9.988460e-01,9.333045e-01,9.410715e-01,9.421969e-01,8.974871e-01,9.534974e-01,9.998286e-01,9.939234e-01,9.170443e-01,9.210346e-01,9.551436e-01,9.080040e-01,1.062888e+00,9.515027e-01,9.724580e-01,1.014560e+00,8.857120e-01,9.785205e-01,8.581691e-01,9.769115e-01,1.046072e+00,8.706766e-01,8.729742e-01,8.396344e-01,9.739319e-01,9.072036e-01,9.841165e-01,9.588785e-01,8.675987e-01,1.041275e+00,1.073520e+00,9.378792e-01,9.115093e-01,9.941165e-01,9.305286e-01,9.139637e-01,9.336291e-01,9.677833e-01,1.119211e+00,1.130952e+00,9.904186e-01,9.846527e-01,1.049483e+00,9.572774e-01,1.043159e+00,8.934135e-01,1.052458e+00,8.830606e-01,9.708889e-01,1.094699e+00,9.550202e-01,8.781329e-01
1.245785e+00,1.061213e+00,1.138389e+00,1.306079e+00,1.143167e+00,9.225672e-01,9.692629e-01,1.058077e+00,8.696680e-01,9.576069e-01,1.040665e+00,9.043533e-01,9.426258e-01,1.081941e+00,1.033972e+00,1.161823e+00,1.181626e+00,9.766027e-01,8.874484e-01,9.409936e-01,9.920848e-01,8.143280e-01,1.105943e+00,8.984461e-01,1.076934e+00,9.943158e-01,1.175814e+00,1.016704e+00,9.401375e-01,9.759139e-01,9.862779e-01,1.182317e+00,1.103814e+00,8.538674e-01,9.878873e-01,1.087810e+00,1.004017e+00,1.053017e+00,1.044113e+00,1.144657e+00,1.045516e+00,1.102011e+00,9.770756e-01,8.958590e-01,1.025296e+00,9.957547e-01,9.310400e-01,9.581452e-01,8.798440e-01,1.116396e+00,1.070878e+00,1.116648e+00,1.036076e+00,9.077100e-01,1.081208e+00,9.509714e-01,9.294110e-01,1.055016e+00,1.128993e+00,7.952704e-01,9.605064e-01,9.654547e-01,1.049390e+00,8.972732e-01,1.060067e+00,9.290807e-01,1.015750e+00,1.125982e+00,1.023861e+00,1.250204e+00,8.961055e-01,9.800700e-01,9.529345e-01,9.499224e-01,9.282010e-01,9.126130e-01,1.001675e+00,1.024662e+00,9.028129e-01,9.328869e-01,8.936367e-01,9.587496e-01,9.109037e-01,1.074118e+00,9.417126e-01,1.171062e+00,1.077372e+00,1.064138e+00,1.079208e+00,1.143150e+00,1.032139e+00,1.053457e+00,1.054870e+00,1.264472e+00,9.982570e-01,1.099275e+00,1.096197e+00,9.328461e-01,1.104480e+00,1.052660e+00,1.059268e+00,1.066088e+00,9.737993e-01,1.144639e+00,9.615068e-01,1.067886e+00,9.011258e-01,1.103443e+00
1.045716e+00,9.932984e-01,1.108170e+00,9.776071e-01,9.827192e-01,8.379139e-01,1.126687e+00,1.279090e+00,1.175854e+00,9.355222e-01,1.024351e+00,1.063214e+00,9.783595e-01,9.697606e-01,9.529689e-01,9.237017e-01,9.774539e-01,1.032895e+00,1.026311e+00,9.199293e-01,8.466941e-01,9.479526e-01,9.313045e-01,8.940870e-01,8.712256e-01,9.740561e-01,8.600739e-01,8.750864e-01,1.010518e+00,8.646772e-01,1.158261e+00,9.515937e-01,9.895318e-01,8.863978e-01,9.156888e-01,1.043970e+00,9.439121e-01,1.016485e+00,9.161542e-01,9.608803e-01,1.094689e+00,1.006105e+00,8.863873e-01,9.715415e-01,9.855381e-01,9.085773e-01,8.362739e-01,9.993126e-01,1.353453e+00,9.885484e-01,9.360371e-01,8.448451e-01,9.373383e-01,1.012331e+00,8.788787e-01,9.824029e-01,8.888787e-01,9.582802e-01,9.395252e-01,1.039911e+00,8.855039e-01,8.934034e-01,9.806785e-01,1.085969e+00,9.720325e-01,1.221068e+00,1.011212e+00,9.526466e-01,8.809651e-01,1.021748e+00,9.600304e-01,1.045140e+00,9.957215e-01,1.035065e+00,1.071029e+00,1.064004e+00,9.839250e-01,1.049879e+00,9.492387e-01,9.433755e-01,8.954739e-01,9.330199e-01,8.681313e-01,1.259012e+00,1.031427e+00,1.013178e+00,1.082640e+00,1.223650e+00,1.292746e+00,9.502878e-01,9.374527e-01,9.967456e-01,9.094687e-01,9.168691e-01,1.019632e+00,9.639959e-01,1.055896e+00,8.819901e-01,1.018930e+00,1.009067e+00,1.161563e+00,9.340290e-01,9.497024e-01,8.824748e-01,9.363954e-01,8.583151e-01,1.003490e+00,9.347860e-01
9.850032e-01,1.188741e+00,9.403666e-01,1.080939e+00,9.881438e-01,9.878694e-01,1.079165e+00,8.585305e-01,1.273864e+00,1.001880e+00,1.061976e+00,1.073999e+00,9.453842e-01,1.004961e+00,8.390292e-01,9.495935e-01,9.190619e-01,9.331400e-01,1.204682e+00,1.077040e+00,1.107031e+00,1.255151e+00,1.113328e+00,1.210557e+00,1.013648e+00,1.379156e+00,1.152936e+00,9.806376e-01,1.018538e+00,1.214429e+00,9.639857e-01,1.270934e+00,1.130781e+00,1.067382e+00,1.077361e+00,1.136737e+00,1.029748e+00,1.079721e+00,1.171401e+00,9.767613e-01,1.073834e+00,1.017971e+00,9.218008e-01,9.683666e-01,1.126057e+00,1.005738e+00,1.178306e+00,1.056958e+00,8.799476e-01,1.021721e+00,1.033907e+00,1.019236e+00,1.079711e+00,9.776359e-01,1.222024e+00,1.168759e+00,1.013003e+00,9.937642e-01,8.770615e-01,1.183537e+00,1.046434e+00,1.173958e+00,1.188778e+00,1.263796e+00,9.408245e-01,1.193937e+00,1.021041e+00,1.025692e+00,1.043097e+00,1.004430e+00,9.962827e-01,9.457692e-01,9.450527e-01,9.212216e-01,1.075848e+00,9.993645e-01,1.194445e+00,9.291387e-01,9.831698e-01,1.034120e+00,1.077235e+00,1.041039e+00,9.952553e-01,8.468759e-01,1.041536e+00,1.109128e+00,1.006647e+00,9.348449e-01,9.320105e-01,1.159449e+00,9.328322e-01,1.022183e+00,1.176147e+00,1.089760e+00,9.641669e-01,1.144534e+00,9.729155e-01,1.004569e+00,9.331811e-01,9.198634e-01,8.745909e-01,9.578460e-01,1.008664e+00,1.186186e+00,1.043369e+00,9.566136e-01,1.057913e+00,1.007708e+00
1.011409e+00,1.004862e+00,1.009444e+00,1.052310e+00,9.017544e-01,9.890609e-01,9.278742e-01,1.053755e+00,1.106312e+00,1.031119e+00,1.077033e+00,9.609901e-01,1.077443e+00,9.407087e-01,1.039481e+00,1.013878e+00,1.057123e+00,9.287666e-01,1.001300e+00,1.152459e+00,9.993496e-01,1.018488e+00,1.052849e+00,1.161541e+00,1.201999e+00,8.998702e-01,1.075154e+00,1.234454e+00,1.250792e+00,9.360356e-01,1.166168e+00,1.112523e+00,1.026072e+00,1.127367e+00,1.114390e+00,1.316893e+00,1.297166e+00,1.115697e+00,1.048090e+00,1.059410e+00,1.404280e+00,1.115134e+00,1.164523e+00,9.761573e-01,1.004789e+00,1.009752e+00,1.040481e+00,1.137887e+00,1.246982e+00,1.084048e+00,1.144201e+00,9.993751e-01,1.128263e+00,1.088012e+00,9.952516e-01,9.307720e-01,1.174512e+00,9.456894e-01,1.075125e+00,9.668579e-01,1.073480e+00,1.014128e+00,1.062942e+00,1.085297e+00,8.478900e-01,1.108743e+00,1.251202e+00,9.456506e-01,9.310066e-01,9.483157e-01,9.748122e-01,1.056301e+00,1.074984e+00,1.001106e+00,1.135447e+00,1.139850e+00,1.098936e+00,1.155337e+00,1.313347e+00,1.059884e+00,1.121750e+00,1.130430e+00,1.303040e+00,1.163500e+00,1.049979e+00,1.431060e+00,1.281856e+00,1.193518e+00,1.062698e+00,1.209470e+00,1.212618e+00,1.208950e+00,1.189629e+00,1.117315e+00,1.026266e+00,1.043561e+00,1.227134e+00,1.192544e+00,9.016100e-01,9.127505e-01,1.135832e+00,8.733651e-01,1.053509e+00,1.021032e+00,1.061234e+00,9.345251e-01,1.104568e+00,1.319814e+00
1.209989e+00,1.177115e+00,1.207038e+00,1.239950e+00,1.174204e+00,1.160295e+00,1.360649e+00,1.147058e+00,1.249009e+00,1.113438e+00,1.253248e+00,1.143678e+00,1.354599e+00,1.193393e+00,1.160496e+00,1.231362e+00,1.222451e+00,1.086225e+00,1.162224e+00,1.081492e+00,1.190500e+00,1.095324e+00,1.369181e+00,1.173939e+00,1.204383e+00,1.331672e+00,1.226142e+00,1.379022e+00,1.073249e+00,1.011275e+00,1.010376e+00,1.133124e+00,1.119509e+00,1.035797e+00,1.229216e+00,1.205051e+00,1.029521e+00,1.110760e+00,1.056451e+00,1.236344e+00,1.206545e+00,1.357525e+00,1.272041e+00,1.072324e+00,1.045864e+00,9.684976e-01,1.233037e+00,4.356634e+00,1.219158e+00,1.189717e+00,1.030172e+00,1.021183e+00,1.248354e+00,1.089119e+00,1.191135e+00,1.065915e+00,1.663868e+00,1.030328e+00,1.184059e+00,1.081018e+00,1.638158e+00,1.096742e+00,1.295164e+00,1.011981e+00,9.966055e-01,1.371325e+00,8.731464e-01,1.078805e+00,1.179034e+00,1.363212e+00,1.255767e+00,1.069348e+00,1.163061e+00,1.970564e+00,1.238900e+00,1.173493e+00,1.234982e+00,3.165709e+00,1.243478e+00,1.051608e+00,1.022913e+00,1.101967e+00,1.204188e+00,8.506001e-01,9.447475e-01,9.094310e-01,9.171914e-01,9.977826e-01,9.115977e-01,9.981260e-01,9.800775e-01,1.084788e+00,8.742519e-01,9.130090e-01,1.140732e+00,9.695372e-01,1.025486e+00,1.091161e+00,1.504277e+00,9.762699e-01,1.021255e+00,1.019320e+00,1.109797e+00,9.831971e-01,1.176603e+00,1.158508e+00,1.110988e+00,9.116482e-01
1.287155e+00,1.061995e+00,1.227544e+00,1.139300e+00,1.238916e+00,1.474946e+00,1.013468e+00,1.178842e+00,1.133792e+00,1.287391e+00,1.121017e+00,1.091405e+00,1.173998e+00,1.251164e+00,1.234261e+00,1.088790e+00,1.162707e+00,1.199899e+00,1.041340e+00,1.377685e+00,1.270808e+00,1.243241e+00,1.439338e+00,1.169367e+00,9.168019e-01,1.027703e+00,9.955013e-01,1.108306e+00,1.063384e+00,1.022066e+00,1.076754e+00,1.208632e+00,9.245830e-01,9.091081e-01,1.089925e+00,1.013061e+00,1.081484e+00,1.057999e+00,9.914773e-01,9.931507e-01,1.775168e+00,1.155004e+00,1.182070e+00,1.002346e+00,1.092773e+00,9.124513e-01,9.098037e-01,2.378442e+00,1.030830e+00,1.087891e+00,9.907494e-01,5.853519e+00,1.176490e+00,1.271205e+00,1.349672e+00,1.185161e+00,1.066135e+00,1.183377e+00,8.582361e+00,1.070809e+00,1.386660e+00,8.023506e+00,1.275786e+00,1.204835e+00,1.109499e+00,1.110426e+00,1.507051e+00,1.429364e+00,1.181834e+00,1.415835e+00,1.184610e+00,1.219473e+00,1.282350e+00,1.215619e+00,1.376053e+00,1.301715e+00,1.033052e+00,1.291491e+00,9.584116e-01,1.171555e+00,1.110921e+00,1.041806e+00,9.507805e-01,1.083427e+00,1.140802e+00,9.145831e-01,9.635969e-01,1.362098e+00,1.192233e+00,1.537434e+00,1.300459e+00,1.364539e+00,1.114565e+00,1.409007e+00,1.289737e+00,1.162124e+00,1.149439e+00,1.388123e+00,1.134863e+00,1.134263e+00,1.381833e+00,1.356544e+00,1.294530e+00,1.323509e+00,1.106058e+00,1.487830e+00,1.089319e+00,1.220014e+00
1.026628e+00,1.092637e+00,1.025254e+00,1.133055e+00,1.083797e+00,1.152600e+00,1.166312e+00,9.846167e-01,1.166921e+00,1.077667e+00,1.379088e+00,1.125766e+00,9.728856e-01,1.180114e+00,1.116642e+00,9.952272e-01,1.060270e+00,1.081028e+00,9.947336e-01,1.266873e+00,1.153756e+00,1.289150e+00,1.293098e+00,9.915176e-01,1.035323e+00,1.017006e+00,1.082375e+00,9.014267e-01,1.001538e+00,9.658045e-01,1.007678e+00,1.077053e+00,9.738163e-01,1.267248e+00,1.124441e+00,9.756830e-01,9.500129e-01,1.010874e+00,1.025209e+00,1.092619e+00,1.059799e+00,9.729398e-01,1.069286e+00,1.050784e+00,1.148831e+00,1.193941e+00,9.612964e+00,1.256995e+00,1.003707e+00,1.674694e+00,8.997641e-01,1.095600e+00,1.184705e+00,1.230878e+00,1.220339e+00,1.099137e+00,7.631316e+00,9.560282e-01,1.452877e+00,1.259249e+00,4.179497e+00,1.288715e+00,3.704908e+00,1.228390e+00,1.068704e+00,9.859245e-01,1.101437e+00,1.108423e+00,9.738012e-01,9.598711e-01,1.109975e+00,1.096533e+00,1.017612e+00,1.018292e+00,1.158403e+00,1.106504e+00,1.059498e+00,1.184625e+00,1.058926e+00,1.077706e+00,1.002317e+00,9.230430e-01,1.049436e+00,9.894429e-01,1.076841e+00,1.073785e+00,8.759923e-01,8.941657e-01,1.239102e+00,1.026811e+00,1.024776e+00,1.017836e+00,1.249689e+00,1.311013e+00,9.671278e-01,1.326324e+00,1.301182e+00,1.156503e+00,1.237578e+00,1.023492e+00,1.086865e+00,1.107658e+00,1.055104e+00,1.107842e+00,1.059628e+00,1.009739e+00,1.350854e+00,1.184645e+00
9.930702e-01,9.794062e-01,1.000238e+00,9.627698e-01,9.532544e-01,9.228722e-01,1.120677e+00,9.479625e-01,9.649709e-01,1.124023e+00,9.320326e-01,9.831984e-01,8.837786e-01,9.437266e-01,9.084160e-01,8.577909e-01,1.015260e+00,8.208777e-01,9.373841e-01,1.078856e+00,9.633241e-01,1.127249e+00,1.080101e+00,1.109457e+00,9.540909e-01,1.162443e+00,9.128442e-01,1.002404e+00,9.186063e-01,9.892321e-01,8.756105e-01,8.930719e-01,1.070343e+00,1.022215e+00,1.250442e+00,9.528531e-01,1.193156e+00,9.614404e-01,2.051521e+00,9.786980e-01,4.537817e+00,9.340979e-01,1.200979e+00,9.632182e-01,1.367751e+00,1.030832e+00,9.773209e-01,9.556951e-01,1.013105e+00,1.013263e+00,1.050261e+00,1.019991e+00,1.010197e+00,1.002238e+00,9.560925e-01,1.021054e+00,6.617044e+00,1.476496e+00,9.927803e-01,1.066121e+00,9.779209e+00,1.015390e+00,9.455461e-01,9.351288e-01,9.013077e-01,1.341718e+00,1.100079e+00,2.228026e+00,9.003419e-01,9.604103e-01,9.085831e-01,1.012731e+00,9.702567e-01,1.073909e+00,1.030557e+00,1.066655e+00,8.628050e-01,9.471261e-01,3.001286e+00,8.839188e-01,1.132776e+00,9.160151e-01,9.115317e-01,1.052598e+00,1.029185e+00,1.308787e+00,1.042435e+00,9.895432e-01,1.033265e+00,1.054141e+00,1.029784e+00,8.992857e-01,9.560354e-01,1.006989e+00,1.054773e+00,9.341213e-01,8.602789e-01,1.077283e+00,9.035946e-01,1.041498e+00,1.002575e+00,9.772323e-01,8.706687e-01,1.014541e+00,1.073083e+00,1.032651e+00,9.122610e-01,1.063375e+00
1.065987e+00,9.730140e-01,9.189416e-01,1.120339e+00,9.677547e-01,9.470051e-01,8.609693e-01,8.761613e-01,9.836747e-01,8.488070e-01,1.084549e+00,1.004184e+00,1.204103e+00,9.877787e-01,1.022008e+00,1.077280e+00,1.078936e+00,1.021145e+00,9.284255e-01,9.010979e-01,9.937255e-01,8.870329e-01,9.329888e-01,1.092382e+00,1.021821e+00,1.114848e+00,9.845285e-01,8.616630e-01,9.682851e-01,1.153911e+00,9.936174e-01,9.407696e-01,1.033654e+00,8.559648e-01,1.031344e+00,9.965641e-01,9.731843e-01,9.863069e-01,9.699319e-01,1.084556e+00,1.170586e+00,8.675258e-01,3.012321e+00,9.917591e-01,9.092766e-01,9.873786e-01,1.050781e+00,9.457416e+00,1.151061e+00,1.066862e+00,1.002235e+00,9.741117e-01,9.382148e-01,1.032873e+00,1.294867e+00,8.937712e+00,5.383707e+00,1.085867e+00,9.936004e-01,8.991216e-01,1.432621e+00,1.292702e+00,1.510358e+00,2.236460e+00,1.509214e+00,1.082959e+00,7.262067e+00,9.876956e-01,1.000833e+00,1.088210e+00,1.449156e+00,9.427678e-01,8.758200e-01,9.323010e-01,9.939778e-01,8.622922e-01,9.124836e-01,1.012271e+00,8.880036e-01,9.511640e-01,8.842627e-01,9.159425e-01,8.539374e-01,1.029538e+00,9.163770e-01,9.812679e-01,9.396211e-01,9.516525e-01,9.420478e-01,1.127502e+00,9.096024e-01,1.113472e+00,9.073419e-01,1.091498e+00,9.570007e-01,9.492067e-01,9.229329e-01,1.106710e+00,9.850253e-01,1.166602e+00,1.083049e+00,9.957724e-01,1.171921e+00,1.022002e+00,1.124099e+00,9.994260e-01,9.576674e-01,9.664241e-01
1.021436e+00,9.307719e-01,1.061300e+00,9.901506e-01,8.800980e-01,9.249286e-01,8.653611e-01,8.970761e-01,8.619663e-01,9.157655e-01,9.625979e-01,8.676126e-01,8.241385e-01,9.731570e-01,9.131472e-01,1.089430e+00,9.714282e-01,1.006253e+00,1.056562e+00,1.065097e+00,8.867028e-01,9.436289e-01,1.027033e+00,9.914346e-01,9.266982e-01,1.015618e+00,8.866863e-01,1.011072e+00,9.385019e-01,9.609280e-01,9.724667e-01,2.348026e+00,2.886022e+00,1.379992e+00,1.110549e+00,8.601759e+00,8.768370e+00,9.480856e-01,1.038883e+00,9.801380e-01,6.585993e+00,9.831300e-01,4.507252e+00,9.813988e+00,4.619245e+00,9.725523e+00,9.488780e-01,6.742565e+00,1.970699e+00,9.670260e-01,1.076505e+00,1.021226e+00,9.516280e-01,9.749145e-01,9.947885e-01,9.818304e-01,8.817106e-01,1.498386e+00,8.884299e-01,1.015269e+01,9.301179e-01,8.616733e-01,9.058948e+00,3.895353e+00,9.718322e+00,9.529843e-01,1.025562e+00,9.239095e-01,9.185862e-01,9.465549e-01,9.386041e-01,9.013967e-01,9.319456e-01,8.765218e-01,9.868602e-01,1.047919e+00,9.980403e-01,9.980346e-01,9.618982e-01,8.797815e-01,9.179109e-01,9.785712e-01,1.384600e+00,9.774731e-01,9.877533e-01,9.973911e-01,1.028165e+00,1.002485e+00,9.487447e-01,1.016272e+00,1.121092e+00,8.148110e-01,8.756990e-01,9.070958e-01,9.291207e-01,1.120604e+00,1.022185e+00,1.027270e+00,1.074159e+00,9.351051e-01,9.054751e-01,1.018293e+00,1.057262e+00,8.850005e-01,9.357404e-01,1.043432e+00,9.223461e-01,1.062356e+00
1.042506e+00,1.126361e+00,9.719015e-01,8.805825e-01,1.016685e+00,9.370045e-01,9.726339e-01,1.030660e+00,1.007735e+00,9.652954e-01,1.124314e+00,9.968277e-01,1.009560e+00,9.866098e-01,9.710886e-01,1.043646e+00,1.027268e+00,1.050245e+00,9.656743e-01,1.114847e+00,1.094148e+00,1.022146e+00,1.041908e+00,1.097253e+00,9.347531e-01,1.059132e+00,9.544054e-01,8.809097e-01,1.002759e+00,9.701509e-01,9.422849e+00,1.075883e+00,1.629895e+00,9.746824e-01,9.336890e-01,9.633595e-01,1.652015e+00,8.759237e+00,9.150429e-01,1.222168e+00,1.068857e+00,9.818946e-01,nan,1.178732e+00,9.145659e-01,1.065236e+00,1.075113e+00,2.596918e+00,8.877160e-01,9.521802e-01,9.728920e-01,9.120968e-01,9.431376e-01,9.249525e-01,1.449807e+00,8.891333e-01,9.613777e-01,1.055805e+00,4.320369e+00,1.016832e+00,1.339194e+00,nan,8.859290e+00,9.774200e+00,1.022004e+00,1.026471e+00,9.401654e-01,1.039594e+00,8.756110e-01,1.072533e+00,1.145914e+00,2.184781e+00,1.059127e+00,1.319037e+00,9.838906e-01,9.964389e-01,9.132887e-01,1.096091e+00,9.706021e-01,8.131999e-01,9.470387e-01,1.059166e+00,9.620650e-01,3.247491e+00,9.430891e-01,1.069946e+00,1.070240e+00,1.149739e+00,9.935689e-01,9.946155e-01,1.143979e+00,9.861034e-01,1.068622e+00,9.353997e-01,1.168290e+00,9.773395e-01,9.793682e-01,9.779969e-01,1.051071e+00,9.077949e-01,1.034245e+00,1.011468e+00,9.728883e-01,8.921842e-01,1.003069e+00,9.935959e-01,1.072166e+00,1.057593e+00
9.859648e-01,1.038463e+00,9.986113e-01,1.120158e+00,9.509105e-01,9.650947e-01,1.040056e+00,1.208146e+00,9.215116e-01,1.050843e+00,1.047546e+00,9.685080e-01,1.028142e+00,1.027856e+00,9.195779e-01,1.070873e+00,9.468170e-01,9.951986e-01,1.105328e+00,1.003971e+00,1.102571e+00,1.065512e+00,8.793598e-01,9.779329e-01,1.012894e+00,1.055718e+00,9.361972e-01,1.019680e+00,1.909995e+00,1.372054e+00,7.671488e+00,9.167534e-01,1.887800e+00,1.144272e+00,9.666515e-01,9.665695e-01,1.086538e+00,1.075936e+00,1.055703e+00,3.615733e+00,1.054913e+00,8.977262e+00,1.020168e+00,1.181420e+00,9.547270e+00,4.684579e+00,1.271605e+00,1.035544e+01,1.031253e+00,9.881590e-01,1.063300e+00,8.689435e-01,9.895753e-01,9.057419e-01,9.239878e-01,9.000342e-01,9.348437e-01,8.544497e+00,1.018875e+00,1.035866e+01,1.006500e+00,1.028331e+01,1.955991e+00,9.657463e+00,9.561663e-01,8.608880e-01,1.054103e+00,9.617547e-01,8.753519e-01,1.074415e+00,9.234362e-01,8.992757e-01,9.477521e-01,1.050480e+00,8.978462e-01,1.044180e+00,9.339216e-01,1.003765e+00,1.036859e+00,9.698413e-01,8.983693e-01,1.015812e+00,9.178214e-01,9.959544e-01,6.064606e+00,1.129162e+00,1.040578e+00,8.541700e-01,9.336585e-01,9.071684e-01,9.537982e-01,1.050575e+00,1.016332e+00,9.144666e-01,1.146280e+00,9.237433e-01,9.982889e-01,9.250133e-01,8.718867e-01,8.901941e-01,9.679137e-01,1.111440e+00,1.030090e+00,1.003296e+00,9.375460e-01,1.086161e+00,8.976123e-01,1.054294e+00
9.626442e-01,1.053967e+00,1.020342e+00,1.011595e+00,1.081268e+00,1.025377e+00,9.776191e-01,1.062314e+00,1.015362e+00,9.820407e-01,1.032190e+00,1.178673e+00,9.049373e-01,9.821243e-01,9.310447e-01,8.967262e-01,1.050742e+00,9.158865e-01,9.723703e-01,1.073844e+00,9.720624e-01,9.987170e-01,9.804060e-01,1.022200e+00,1.034362e+00,1.034038e+00,1.104387e+00,9.966758e-01,1.119763e+00,2.405373e+00,1.100840e+00,8.633476e-01,5.728007e+00,1.384574e+00,1.051020e+00,9.391522e-01,9.120383e-01,1.064718e+00,1.079343e+00,1.018463e+00,2.655018e+00,8.733009e+00,5.407483e+00,nan,1.054060e+00,1.667528e+00,1.280199e+00,1.086694e+00,1.027659e+00,9.693618e-01,1.101571e+00,1.067754e+00,8.614830e-01,1.082693e+00,1.022383e+00,1.125398e+00,9.961819e-01,1.752303e+00,8.426912e-01,1.974134e+00,7.515022e+00,9.503289e-01,7.233595e+00,9.728533e-01,6.845767e+00,1.016783e+00,9.568105e-01,1.225480e+00,1.045494e+00,9.210272e-01,9.443516e-01,9.517986e-01,1.090841e+00,9.249318e-01,8.889390e-01,9.460733e-01,3.658881e+00,4.844829e+00,1.076828e+00,1.170644e+00,1.266367e+00,9.049429e-01,8.571024e-01,9.652827e-01,1.210653e+00,9.533550e-01,9.897066e-01,1.002626e+00,1.070202e+00,1.071245e+00,1.080372e+00,1.154757e+00,1.015718e+00,9.008461e-01,9.627121e-01,9.724993e-01,1.154113e+00,1.016654e+00,9.617721e-01,1.002675e+00,9.449254e-01,1.204004e+00,9.391522e-01,9.959241e-01,8.649811e-01,9.376853e-01,1.102894e+00,1.010540e+00
1.125565e+00,9.537804e-01,1.007147e+00,1.042501e+00,1.104000e+00,1.209421e+00,1.137601e+00,9.944573e-01,9.271898e-01,1.186420e+00,1.032373e+00,1.071774e+00,9.704063e-01,1.112390e+00,9.276662e-01,1.114741e+00,8.253109e-01,9.344898e-01,9.126256e-01,1.085064e+00,9.435867e-01,8.787067e-01,1.003701e+00,9.566036e-01,9.180073e-01,1.053310e+00,9.706848e-01,9.611704e-01,1.001712e+00,1.043662e+00,4.734000e+00,9.997569e-01,4.680810e+00,1.040622e+01,1.674568e+00,1.028677e+00,nan,8.627004e-01,7.868077e+00,5.592255e+00,1.015411e+00,8.949838e+00,1.009659e+00,4.100718e+00,1.041866e+01,6.988431e+00,9.066593e-01,9.672953e+00,8.915142e+00,1.014988e+01,1.177843e+00,2.408725e+00,1.205528e+00,1.055337e+00,8.946973e-01,2.165852e+00,1.089434e+00,1.033973e+01,3.085246e+00,1.186480e+00,1.599102e+00,9.173113e-01,1.536601e+00,7.435481e+00,9.220729e-01,9.077651e-01,9.615458e-01,9.612592e-01,1.055865e+00,9.371876e-01,1.041459e+00,9.838611e-01,1.064090e+00,3.142473e+00,9.892959e-01,3.397837e+00,7.755094e+00,1.126961e+00,2.862938e+00,9.385318e-01,9.426063e-01,9.517125e-01,1.142609e+00,8.805435e-01,9.350257e-01,1.095737e+00,1.041741e+00,9.638840e-01,9.880654e-01,1.051153e+00,9.840750e-01,1.051438e+00,1.003666e+00,9.613729e-01,1.004225e+00,1.024641e+00,1.109080e+00,1.075173e+00,7.893730e-01,1.002711e+00,1.074315e+00,9.594066e-01,1.068713e+00,1.075283e+00,9.461373e-01,1.087875e+00,8.357013e-01,8.692178e-01
9.271845e-01,8.958444e-01,1.041508e+00,9.844197e-01,1.287372e+00,1.060909e+00,1.021983e+00,1.013050e+00,9.992680e-01,9.025980e-01,8.900821e-01,1.067029e+00,1.092133e+00,9.238668e-01,1.038466e+00,9.466459e-01,1.003918e+00,1.102112e+00,1.063378e+00,1.138630e+00,1.052970e+00,1.083372e+00,8.354990e-01,1.089843e+00,1.046686e+00,9.895654e-01,1.098175e+00,8.529725e-01,3.636089e+00,9.778290e-01,9.656054e-01,1.447402e+00,8.265349e+00,8.857123e-01,1.116679e+00,1.005464e+01,1.297368e+00,1.041866e+01,3.521015e+00,9.012539e-01,6.133804e+00,1.390039e+00,1.014471e+01,9.474052e-01,1.097327e+00,1.041866e+01,1.245133e+00,1.100217e+00,1.153091e+00,9.346250e-01,1.165453e+00,1.661914e+00,9.731400e-01,1.132616e+00,1.142592e+00,1.513358e+00,9.452946e-01,1.741884e+00,nan,9.455998e-01,1.036938e+00,1.041866e+01,1.409177e+00,1.049639e+00,9.603408e-01,1.132334e+00,1.080041e+00,9.163199e-01,1.111609e+00,1.048896e+00,9.477030e-01,9.187853e-01,1.161967e+00,1.091502e+00,9.889814e-01,9.183353e+00,8.361457e-01,9.919013e-01,9.824336e-01,3.950288e+00,1.029246e+00,9.903949e-01,1.005395e+00,1.112403e+00,1.009545e+00,1.217460e+00,9.775780e-01,1.042985e+00,1.048252e+00,1.004397e+00,1.107784e+00,9.961796e-01,1.181843e+00,1.025605e+00,9.447071e-01,1.008671e+00,9.940562e-01,1.112265e+00,9.876516e-01,9.478331e-01,9.989843e-01,9.364867e-01,9.607255e-01,9.819003e-01,8.442703e-01,1.069084e+00,8.482377e-01,1.001747e+00
8.814642e-01,8.798427e-01,9.992674e-01,1.133241e+00,9.302710e-01,9.626637e-01,8.527744e-01,9.688225e-01,8.118610e-01,9.415676e-01,9.644067e-01,9.895257e-01,8.920851e-01,9.953087e-01,9.313779e-01,9.677006e-01,1.022392e+00,1.049164e+00,1.008258e+00,9.782385e-01,9.761809e-01,1.043751e+00,9.123271e-01,9.518302e-01,8.625312e-01,1.128827e+00,nan,1.123647e+00,9.930537e+00,1.189914e+00,8.286562e+00,9.581443e-01,1.030447e+01,1.047475e+00,1.049557e+00,1.740867e+00,4.196240e+00,8.419868e+00,1.206496e+00,1.001988e+01,1.041866e+01,2.785495e+00,1.013847e+01,1.022155e+01,7.670375e+00,1.229705e+00,1.106998e+00,2.414020e+00,9.343316e+00,1.016714e+00,8.195602e-01,8.752023e-01,9.333333e-01,9.415911e-01,1.377898e+00,1.369945e+00,6.692554e+00,1.443447e+00,9.146436e+00,4.503826e+00,9.994335e-01,1.136617e+00,9.303889e+00,9.384822e-01,1.174781e+00,1.050028e+00,9.686870e-01,9.597276e-01,1.132990e+00,1.056076e+00,9.550806e-01,9.851670e-01,8.435495e+00,1.177632e+00,1.073092e+00,1.029763e+01,8.645144e-01,1.129809e+00,6.074588e+00,1.164166e+00,4.467522e+00,1.221540e+00,1.072050e+00,9.761909e-01,1.153914e+00,1.041642e+00,1.147015e+00,9.322846e-01,9.670354e-01,1.081060e+00,1.032695e+00,8.783209e-01,1.077675e+00,1.050171e+00,8.541525e-01,9.770874e-01,1.136951e+00,9.612440e-01,9.177416e-01,1.000619e+00,8.823763e-01,9.138772e-01,9.045990e-01,1.098432e+00,8.214840e-01,8.850337e-01,8.672563e-01,9.230142e-01
1.026486e+00,9.928393e-01,9.404350e-01,1.093017e+00,9.946352e-01,1.077459e+00,9.455567e-01,1.082128e+00,1.064125e+00,9.344948e-01,9.031223e-01,1.026546e+00,9.420059e-01,9.747825e-01,1.016152e+00,9.739660e-01,1.007913e+00,9.432965e-01,9.290397e-01,9.361857e-01,9.651338e-01,1.011409e+00,9.927310e-01,8.652959e-01,4.491036e+00,1.128271e+00,1.047810e+00,6.606120e+00,8.936624e+00,1.315399e+00,1.167236e+00,1.041866e+01,8.382237e+00,1.058303e+00,1.086393e+00,4.748498e+00,9.097671e-01,1.250622e+00,4.897365e+00,9.537290e-01,nan,5.398078e+00,nan,1.206020e+00,9.883277e+00,2.962140e+00,9.534100e+00,1.129501e+00,3.070196e+00,9.401868e-01,4.362765e+00,9.099044e-01,1.093523e+00,8.967282e-01,2.359579e+00,1.189971e+00,8.192672e+00,1.178050e+00,4.975128e+00,1.204228e+00,6.192817e+00,7.651866e+00,9.076064e-01,8.921267e+00,9.779751e-01,8.802631e-01,9.880213e-01,9.396854e-01,9.938205e-01,9.685091e-01,1.089307e+00,8.981879e-01,8.564545e-01,2.046913e+00,1.020026e+00,7.057924e+00,1.171206e+00,9.817600e-01,6.241053e+00,1.118041e+00,1.248869e+00,9.344336e-01,9.327517e-01,1.097441e+00,9.594273e-01,1.082500e+00,9.971714e-01,9.390256e-01,9.370848e-01,1.107765e+00,1.179609e+00,9.977685e-01,1.020557e+00,9.182776e-01,9.782703e-01,9.977935e-01,9.483295e-01,1.009880e+00,1.027967e+00,8.587006e-01,1.039686e+00,1.050595e+00,9.388516e-01,8.644237e-01,9.448069e-01,9.825272e-01,9.329546e-01,9.922050e-01
1.053814e+00,9.224333e-01,9.083351e-01,1.133809e+00,1.010300e+00,9.982742e-01,1.068088e+00,1.000760e+00,9.815794e-01,9.596212e-01,1.004494e+00,9.620451e-01,1.145694e+00,8.925889e-01,9.691540e-01,9.261078e-01,1.086184e+00,1.022629e+00,9.458870e-01,9.746505e-01,1.120653e+00,1.090486e+00,9.727235e-01,1.259255e+00,9.873892e-01,1.223132e+00,5.911790e+00,2.485520e+00,9.242875e-01,1.041866e+01,8.785608e-01,4.400404e+00,1.259195e+00,1.036787e+00,1.179244e+00,8.713982e+00,6.558233e+00,9.898275e-01,1.170534e+00,9.939813e+00,nan,1.209895e+00,1.419259e+00,1.371922e+00,1.325629e+00,1.253284e+00,4.299296e+00,8.688371e+00,1.000358e+01,1.131531e+00,1.021676e+00,1.039768e+01,1.112875e+00,5.003070e+00,7.953565e+00,9.353561e-01,9.735424e+00,nan,1.036339e+00,2.137095e+00,nan,nan,3.219794e+00,9.721638e-01,9.853166e-01,1.167717e+00,1.029111e+00,9.975939e-01,1.032949e+00,9.072525e-01,9.102013e-01,9.488075e-01,2.463189e+00,1.444647e+00,1.076155e+00,6.311539e+00,1.175890e+00,7.788437e+00,1.217468e+00,9.845996e-01,9.756057e-01,8.741281e-01,2.100884e+00,1.060694e+00,1.069781e+00,8.973459e-01,1.051796e+00,1.137961e+00,8.542709e-01,9.773514e-01,8.353180e-01,9.594380e-01,9.226201e-01,9.914177e-01,9.681417e-01,9.601303e-01,1.030036e+00,9.442548e-01,9.018076e-01,9.035322e-01,9.396012e-01,9.257206e-01,8.828314e-01,9.598030e-01,9.693329e-01,1.020018e+00,1.037845e+00,8.861534e-01
1.064688e+00,8.473416e-01,9.228919e-01,9.448513e-01,1.002819e+00,1.085332e+00,9.461139e-01,1.134680e+00,8.941794e-01,8.479458e-01,9.576834e-01,9.963095e-01,8.295890e-01,8.930245e-01,8.675674e-01,1.006616e+00,9.648479e-01,1.158196e+00,8.536713e-01,1.032284e+00,8.587561e-01,1.379772e+00,7.453195e+00,1.077232e+00,6.551119e+00,1.348523e+00,1.118665e+00,2.968890e+00,2.142499e+00,1.062179e+00,nan,1.502828e+00,4.201397e+00,1.037718e+01,9.847178e+00,8.591751e+00,1.001936e+00,1.573905e+00,1.718025e+00,1.220875e+00,3.133871e+00,nan,1.131062e+00,1.144277e+00,1.387648e+00,nan,9.846220e-01,1.320625e+00,1.041866e+01,6.914809e+00,1.164065e+00,9.575825e-01,9.882344e-01,8.956232e-01,9.663583e+00,1.020454e+01,2.133355e+00,9.006476e+00,2.937013e+00,9.357048e-01,1.118425e+00,1.276467e+00,5.565325e+00,9.747992e-01,5.904477e+00,9.057053e-01,7.938885e-01,9.654556e-01,1.065235e+00,9.860501e-01,1.037489e+00,9.967831e-01,1.020372e+01,9.539775e-01,1.056570e+00,9.684404e-01,1.007819e+00,1.367606e+00,7.705175e+00,5.895830e+00,3.988183e+00,9.036665e-01,1.112118e+00,1.069099e+00,1.202788e+00,3.111736e+00,9.907812e-01,8.342401e-01,9.904834e-01,9.344812e-01,1.128158e+00,9.550617e-01,9.517977e-01,8.796668e-01,1.014478e+00,9.931192e-01,1.076856e+00,9.374204e-01,1.007205e+00,9.465665e-01,9.598874e-01,9.833431e-01,9.958054e-01,8.807924e-01,8.902807e-01,8.579622e-01,9.893725e-01,9.207710e-01
8.492394e-01,1.010933e+00,9.918952e-01,9.082220e-01,9.893269e-01,8.582769e-01,8.587870e-01,9.726082e-01,8.690333e-01,9.249426e-01,8.732282e-01,1.031054e+00,9.661819e-01,8.725666e-01,9.061928e-01,9.531584e-01,9.616418e-01,9.315327e-01,8.568890e-01,9.246944e-01,1.113649e+00,9.596459e-01,1.774601e+00,1.046976e+00,9.604086e-01,8.584934e-01,1.312722e+00,1.017431e+00,4.615970e+00,4.495195e+00,nan,1.033509e+00,9.821365e+00,1.336007e+00,1.479597e+00,1.504254e+00,1.011296e+01,1.876803e+00,1.041866e+01,4.136151e+00,nan,3.307936e+00,1.041678e+01,1.390228e+00,1.069578e+00,1.552396e+00,1.330154e+00,1.692682e+00,1.256582e+00,9.749760e+00,nan,1.500805e+00,1.021428e+00,nan,1.041586e+01,2.585577e+00,7.647209e+00,1.127681e+00,1.463832e+00,1.210578e+00,7.278855e+00,1.429962e+00,5.399886e+00,1.310769e+00,1.122660e+00,1.024507e+00,8.514464e-01,1.546127e+00,6.005703e+00,8.845449e-01,1.063027e+00,1.700619e+00,7.786898e+00,3.394163e+00,6.481728e+00,1.518207e+00,1.042243e+00,9.502369e-01,1.709638e+00,1.123049e+00,1.332467e+00,9.746257e-01,9.023007e-01,9.931944e-01,1.206079e+00,1.081481e+00,9.348409e-01,8.481435e-01,1.069108e+00,8.845018e-01,1.166271e+00,1.807620e+00,1.034904e+00,9.570960e-01,1.034813e+00,9.661934e-01,9.677306e-01,9.783691e-01,9.668686e-01,9.234794e-01,9.275405e-01,9.781178e-01,9.078054e-01,9.185384e-01,9.122357e-01,8.382491e-01,8.860546e-01,9.431263e-01
1.041153e+00,9.675031e-01,9.101720e-01,9.415637e-01,9.419293e-01,8.863245e-01,9.190423e-01,9.200261e-01,8.454632e-01,8.766776e-01,1.015258e+00,9.676298e-01,9.490865e-01,8.703196e-01,9.302106e-01,9.858007e-01,1.029765e+00,1.412358e+00,1.027661e+00,1.644595e+00,8.354405e-01,1.068123e+00,1.143808e+00,1.452804e+00,9.817043e-01,1.125792e+00,1.104743e+00,1.420920e+00,1.029409e+00,9.466499e+00,6.163040e+00,8.266677e-01,1.121159e+00,nan,1.170996e+00,nan,9.609516e-01,3.429165e+00,9.218543e-01,7.378000e+00,1.378530e+00,9.919038e+00,1.005799e+01,9.167464e+00,1.180640e+00,7.155441e+00,1.178586e+00,1.041866e+01,nan,9.253461e+00,1.786175e+00,1.031894e+01,1.005082e+01,nan,1.783126e+00,1.396581e+00,1.008146e+01,1.491147e+00,1.023991e+01,9.808800e+00,1.300968e+00,3.524205e+00,7.499190e+00,1.026542e+00,1.124440e+00,1.150778e+00,1.346591e+00,1.040529e+00,9.719340e-01,1.081111e+00,1.130791e+00,1.581300e+00,8.475139e+00,1.100123e+00,1.070837e+00,1.145677e+00,9.270137e+00,1.801620e+00,6.577469e+00,9.710772e-01,9.303437e-01,9.048985e-01,9.737302e-01,9.545906e-01,4.515691e+00,9.745777e-01,9.981570e-01,9.644940e-01,9.109175e-01,9.808350e-01,9.697516e-01,1.334297e+00,1.057722e+00,1.051389e+00,9.476796e-01,9.142076e-01,1.001593e+00,9.035849e-01,1.042262e+00,1.004011e+00,9.610554e-01,8.649903e-01,1.050540e+00,1.013334e+00,1.082528e+00,9.976903e-01,1.025973e+00,1.105831e+00
8.725237e-01,9.246989e-01,9.939420e-01,9.251752e-01,9.188764e-01,8.436473e-01,8.656623e-01,9.021089e-01,8.872272e-01,8.173684e-01,8.948407e-01,9.887164e-01,8.817541e-01,9.635521e-01,9.649707e-01,9.369735e-01,9.905477e-01,1.332699e+00,9.636036e-01,9.860116e-01,9.849980e-01,4.999282e+00,5.897531e+00,1.027089e+00,8.906032e-01,9.451561e-01,9.910165e-01,9.039938e-01,1.410470e+00,1.132875e+00,4.926944e+00,3.316113e+00,1.225758e+00,1.455311e+00,1.209291e+00,6.989794e+00,1.006272e+00,3.833399e+00,6.648735e+00,1.587944e+00,5.773178e+00,1.311613e+00,9.296748e-01,9.442517e+00,9.905363e+00,5.527099e+00,8.067319e+00,9.365345e+00,2.094989e+00,1.307579e+00,1.319688e+00,1.988763e+00,nan,1.160839e+00,1.439576e+00,1.076812e+00,1.317154e+00,3.867071e+00,nan,7.439758e+00,1.268622e+00,1.041866e+01,1.395070e+00,1.586330e+00,1.250397e+00,1.099169e+00,8.020892e+00,1.031369e+01,1.278831e+00,1.079739e+00,1.229777e+00,3.254373e+00,1.261478e+00,1.937322e+00,7.644473e+00,1.048534e+00,9.636508e-01,1.244080e+00,1.585370e+00,1.171995e+00,8.876558e-01,9.419409e-01,1.004494e+00,9.000477e-01,9.709883e-01,8.592640e+00,6.156587e+00,8.441284e-01,9.505074e-01,9.849761e-01,9.784722e-01,9.735543e-01,6.057949e+00,1.076340e+00,1.003112e+00,9.336416e-01,9.574752e-01,9.531514e-01,1.018790e+00,9.239566e-01,8.040185e-01,9.809138e-01,1.056671e+00,8.863837e-01,9.434536e-01,9.785863e-01,9.906227e-01,8.591228e-01
9.964735e-01,9.512958e-01,9.065822e-01,8.391332e-01,1.043080e+00,8.801845e-01,8.997172e-01,8.791320e-01,1.025150e+00,9.552506e-01,9.501112e-01,9.108082e-01,9.645355e-01,9.269499e-01,8.535950e-01,9.944168e-01,9.970428e-01,1.350180e+00,8.961040e-01,1.236542e+00,1.102111e+00,8.087479e+00,6.093340e+00,1.004086e+00,1.089629e+00,1.496970e+00,9.905910e-01,8.928854e-01,9.546122e-01,7.484685e+00,1.059664e+00,9.682542e-01,1.108913e+00,1.010208e+01,9.423998e-01,1.184951e+00,1.636298e+00,1.041617e+01,1.670130e+00,1.433946e+00,4.811556e+00,nan,5.124850e+00,1.169069e+00,1.038726e+01,1.023836e+00,1.105327e+00,9.570405e+00,1.284667e+00,1.009232e+01,1.032125e+01,9.806745e-01,6.912689e+00,1.072686e+00,7.514592e+00,2.416600e+00,nan,5.600451e+00,9.437720e-01,nan,1.039602e+01,6.312885e+00,9.626282e+00,1.081312e+00,1.056089e+00,1.346637e+00,9.520253e-01,9.935897e+00,9.974396e+00,1.041848e+01,1.041653e+00,nan,1.342280e+00,1.077640e+00,6.356131e+00,1.367952e+00,1.287472e+00,1.074614e+00,9.638807e-01,8.894306e-01,9.765935e-01,9.107016e-01,9.070304e-01,1.003476e+00,9.379950e-01,9.578622e-01,9.133977e-01,9.563322e-01,1.009679e+00,9.272724e-01,8.838780e-01,9.074574e-01,9.359242e-01,1.202692e+00,9.864180e-01,9.135673e-01,9.084021e-01,7.722254e-01,9.624054e-01,8.521495e-01,1.015835e+00,9.133451e-01,8.805501e-01,9.771923e-01,9.167726e-01,1.056497e+00,9.238646e-01,9.447927e-01
9.492373e-01,9.658332e-01,1.032279e+00,9.447123e-01,9.265605e-01,9.399402e-01,8.665108e-01,9.491687e-01,1.002538e+00,8.808543e-01,7.781982e-01,1.062252e+00,9.180990e-01,9.080297e-01,9.613896e-01,9.454841e-01,9.580610e-01,9.409220e-01,8.280418e-01,1.107547e+00,9.297817e-01,9.969637e-01,9.430410e-01,9.952263e-01,9.824663e-01,nan,9.996990e-01,9.335944e-01,9.717781e-01,5.497895e+00,9.668045e+00,1.876754e+00,9.165637e-01,3.689869e+00,nan,1.136483e+00,1.002538e+01,1.002287e+01,1.016138e+00,1.132573e+00,1.402992e+00,9.568792e-01,1.002758e+01,8.568037e+00,8.132910e+00,2.004019e+00,9.606026e-01,nan,9.809984e+00,7.170653e+00,8.820254e-01,7.255134e+00,8.811414e-01,2.223813e+00,1.109137e+00,1.058583e+00,9.782379e+00,9.559112e+00,1.059526e+00,1.039113e+01,1.316770e+00,1.139737e+00,1.585233e+00,8.553425e+00,1.189350e+00,1.316124e+00,9.821818e+00,1.038351e+00,1.157306e+00,1.090666e+00,9.481553e-01,1.122629e+00,2.378895e+00,9.829803e-01,9.316356e-01,9.211860e-01,8.830507e-01,9.378922e-01,9.179209e-01,8.428302e-01,9.800202e-01,9.292990e-01,9.089289e-01,9.477141e-01,9.411013e-01,1.061675e+00,1.131424e+00,8.596778e-01,9.781621e-01,1.030469e+00,9.194449e-01,1.012964e+00,9.216421e-01,3.878955e+00,9.255140e-01,9.142893e-01,9.282604e-01,8.804468e-01,9.225529e-01,9.491379e-01,9.183153e-01,1.085836e+00,1.004561e+00,8.903332e-01,8.694821e-01,9.366914e-01,9.199726e-01,9.057852e-01
9.620610e-01,1.030289e+00,9.076213e-01,8.738294e-01,1.167300e+00,9.417413e-01,1.073363e+00,9.308489e-01,9.324895e-01,8.857453e-01,9.113520e-01,9.045860e-01,1.082773e+00,9.046555e-01,9.100391e-01,1.158029e+00,1.207822e+00,1.447981e+00,1.249755e+00,9.584296e+00,1.021632e+01,9.266388e-01,9.677344e-01,1.239997e+00,5.810182e+00,8.796547e-01,1.897594e+00,1.066859e+00,1.060623e+00,6.408016e+00,4.838255e+00,4.493495e+00,1.178928e+00,7.920642e+00,1.272248e+00,8.207830e+00,3.660949e+00,1.271079e+00,1.100282e+00,4.896579e+00,6.166478e+00,1.151364e+00,6.526262e+00,8.784467e-01,9.986623e-01,4.148334e+00,1.579856e+00,9.813432e+00,1.134546e+00,1.187541e+00,5.472535e+00,nan,9.532729e+00,1.268727e+00,1.041765e+01,nan,1.041866e+01,3.354268e+00,1.055091e+00,1.041866e+01,1.049731e+00,1.027328e+01,9.437194e-01,9.031500e-01,1.300165e+00,1.257882e+00,1.441084e+00,1.718643e+00,9.338886e+00,2.117846e+00,1.148155e+00,1.335084e+00,9.065176e-01,1.124400e+00,9.578794e-01,9.286546e-01,9.975050e-01,8.397798e-01,9.388148e-01,9.606696e-01,9.784410e-01,8.932493e-01,8.809623e-01,9.426534e-01,8.984051e-01,9.985041e-01,1.088967e+00,9.335519e-01,1.083424e+00,9.316722e-01,8.661833e-01,8.625851e-01,9.150110e-01,9.178894e-01,9.652809e-01,1.014389e+00,9.890004e-01,9.238319e-01,8.948283e-01,9.972447e-01,9.493080e-01,9.342274e-01,9.786143e-01,9.241161e-01,1.013618e+00,8.956196e-01,9.674677e-01,1.001282e+00
8.401955e-01,8.081389e-01,9.797460e-01,9.177325e-01,9.604037e-01,8.593749e-01,9.918261e-01,8.503768e-01,9.935330e-01,9.288274e-01,1.109724e+00,9.194774e-01,9.296266e-01,9.601164e-01,8.915769e-01,1.251220e+00,9.218587e-01,8.112004e+00,9.178428e+00,1.124131e+00,1.349650e+00,9.607835e-01,8.743717e-01,1.962399e+00,1.910457e+00,6.645369e+00,9.926202e+00,9.896892e-01,8.436463e-01,1.380648e+00,nan,1.553540e+00,1.019647e+01,9.732493e+00,9.668481e-01,2.756656e+00,8.894431e+00,1.840472e+00,9.901607e+00,1.303093e+00,1.278999e+00,1.787651e+00,1.806194e+00,6.484796e+00,1.718147e+00,1.343972e+00,7.507449e+00,1.169135e+00,5.142265e+00,9.884522e+00,6.204960e+00,1.041866e+01,1.004359e+00,6.389466e+00,2.897516e+00,1.123822e+00,6.300343e+00,9.766483e-01,9.757703e-01,1.040255e+00,9.087413e-01,9.459849e-01,1.062546e+00,4.280280e+00,1.705838e+00,9.276413e-01,3.825380e+00,1.141432e+00,1.139680e+00,1.094454e+00,1.673627e+00,8.343639e+00,9.350094e-01,8.980629e-01,9.390156e-01,8.986763e-01,9.779805e-01,1.045396e+00,9.346363e-01,9.890015e-01,9.859462e-01,9.220212e-01,1.023874e+00,9.768393e-01,1.009192e+00,1.156621e+00,9.377662e-01,1.453079e+00,8.902480e-01,1.013407e+00,9.065150e-01,9.235521e-01,9.937272e-01,8.600509e-01,1.040872e+00,5.258790e+00,9.621865e-01,1.085765e+00,1.071651e+00,1.023163e+00,8.910440e-01,9.874006e-01,8.743646e-01,8.074131e-01,1.035248e+00,8.762716e-01,1.034922e+00,9.581193e-01
8.354494e-01,7.855202e-01,9.606487e-01,9.358973e-01,1.013408e+00,9.514826e-01,9.658077e-01,8.885438e-01,8.949700e-01,1.096534e+00,1.017797e+00,9.384622e-01,1.111164e+00,9.474765e-01,9.157732e-01,1.092787e+00,9.831737e-01,1.181649e+00,1.018964e+01,9.337795e-01,8.831464e-01,9.896748e-01,1.047730e+00,9.822208e-01,1.071961e+00,1.868414e+00,1.023501e+01,1.014396e+00,9.578202e-01,1.553669e+00,1.099893e+00,1.027928e+01,9.457923e+00,1.168534e+00,1.924086e+00,6.250433e+00,9.800927e+00,1.276123e+00,5.139765e+00,1.033707e+01,1.340956e+00,nan,1.646876e+00,1.041866e+01,1.561756e+00,9.877175e-01,1.713489e+00,7.183995e+00,1.349123e+00,1.396765e+00,9.479585e+00,8.805811e+00,9.719295e+00,1.000636e+01,1.078488e+00,9.550244e-01,1.091352e+00,9.344138e-01,9.881159e-01,9.293139e-01,9.189811e-01,1.005272e+00,8.579208e-01,9.436313e-01,8.872713e-01,9.089065e-01,9.463573e-01,1.180314e+00,9.627147e-01,1.095998e+00,8.940770e-01,1.380408e+00,1.302718e+00,1.784142e+00,9.614678e+00,1.434942e+00,1.194167e+00,1.175278e+00,1.149445e+00,9.973053e-01,9.885891e-01,1.035219e+00,9.835315e-01,1.068727e+00,1.006286e+00,9.706751e-01,1.325786e+00,9.200306e-01,1.332192e+00,1.422584e+00,9.109296e-01,9.880783e-01,8.750721e-01,9.880420e-01,9.840538e-01,1.186122e+00,9.888559e-01,9.848279e-01,8.656243e-01,9.010177e-01,1.019353e+00,8.701978e-01,8.910884e-01,8.988750e-01,9.459189e-01,8.953754e-01,9.735829e-01,1.026479e+00
1.026711e+00,1.024263e+00,8.899646e-01,1.020463e+00,9.127506e-01,1.016645e+00,8.944106e-01,9.025000e-01,1.028481e+00,9.405400e-01,9.603469e-01,1.007242e+00,9.899451e-01,1.049840e+00,9.550019e-01,8.822470e-01,1.014985e+00,1.542117e+00,4.887660e+00,8.103491e-01,1.258826e+00,9.954824e-01,1.075307e+00,1.195925e+00,8.244944e+00,nan,1.735073e+00,9.179630e-01,8.932843e-01,8.613637e-01,1.422820e+00,9.555601e-01,1.282087e+00,1.041055e+01,9.819913e-01,1.035939e+01,1.150097e+00,8.450591e+00,1.096317e+00,8.730551e+00,9.625308e-01,3.517145e+00,1.028158e+01,nan,1.155678e+00,8.992303e-01,1.525653e+00,8.965854e-01,1.041866e+01,9.646396e+00,1.030670e+01,1.562528e+00,1.002416e+00,1.005454e+00,9.470459e-01,9.682952e-01,9.324276e-01,9.085737e-01,9.766826e-01,1.000374e+00,9.380846e-01,8.794230e-01,8.299626e-01,9.106314e-01,9.415610e-01,8.923054e-01,9.817923e-01,9.271251e-01,1.017126e+00,1.579344e+00,2.607808e+00,1.527298e+00,1.245639e+00,1.129482e+00,1.248939e+00,6.794438e+00,3.792851e+00,1.153012e+00,1.358988e+00,9.414280e-01,8.982428e-01,9.765289e-01,1.118864e+00,9.370651e-01,1.037513e+01,9.842430e-01,8.686078e-01,9.748945e-01,6.904916e+00,1.105301e+00,9.665075e-01,1.102262e+00,1.022572e+00,9.024482e-01,1.119257e+00,1.576020e+00,1.510249e+00,9.845243e-01,1.055056e+00,8.410804e-01,8.985191e-01,9.916958e-01,9.598265e-01,9.397353e-01,9.879748e-01,9.113679e-01,1.004345e+00,1.034064e+00
9.430930e-01,9.175443e-01,9.892181e-01,1.021468e+00,9.791958e-01,8.512844e-01,8.962119e-01,1.016197e+00,8.642115e-01,1.084120e+00,9.866135e-01,1.001175e+00,1.025214e+00,8.694729e-01,1.708718e+00,1.002573e+00,9.749529e-01,4.392723e+00,1.107044e+00,1.118700e+00,8.673133e-01,9.657179e-01,2.165620e+00,9.667790e-01,2.128674e+00,1.403348e+00,2.174500e+00,1.583062e+00,9.116176e-01,1.054615e+00,1.047727e+00,1.945145e+00,1.556348e+00,2.220078e+00,1.398609e+00,1.610414e+00,3.285392e+00,8.476753e-01,1.025817e+00,1.152905e+00,5.981838e+00,9.721215e+00,2.150952e+00,7.104693e+00,1.402281e+00,1.912324e+00,1.710292e+00,1.946037e+00,1.027073e+01,1.061807e+00,8.542436e-01,9.406876e-01,1.020693e+00,9.227617e-01,9.292859e-01,9.886133e-01,9.822456e-01,1.134703e+00,9.913047e-01,1.052033e+00,1.032100e+00,8.715095e-01,9.868394e-01,9.070105e-01,9.875318e-01,9.476290e-01,1.040958e+00,1.198480e+00,7.729580e-01,9.175539e-01,1.075524e+00,1.983989e+00,2.019091e+00,2.124024e+00,2.158880e+00,9.255488e-01,1.043225e+00,9.016407e-01,1.208166e+00,9.514393e-01,9.341630e-01,8.989738e-01,8.834573e+00,1.094405e+00,1.818963e+00,9.558072e-01,1.429634e+00,8.766200e-01,1.795264e+00,1.099439e+00,9.800707e-01,1.916002e+00,9.386068e-01,8.993304e-01,1.072587e+00,1.019770e+00,3.950826e+00,9.505962e-01,9.000310e-01,8.211277e-01,8.531537e-01,9.137105e-01,1.057391e+00,9.708817e-01,8.760996e-01,1.022966e+00,9.404739e-01,9.693691e-01
1.018206e+00,9.813613e-01,9.573835e-01,8.658132e-01,9.122309e-01,9.571354e-01,9.386863e-01,9.521887e-01,1.025982e+00,9.398505e-01,9.953982e-01,1.015603e+00,9.532379e-01,1.869759e+00,1.019381e+00,1.704907e+00,1.558907e+00,3.434191e+00,1.103287e+00,1.040392e+00,1.432242e+00,1.094424e+00,1.136979e+00,1.577364e+00,3.134369e+00,4.045396e+00,nan,2.350201e+00,8.665428e-01,1.174083e+00,1.094599e+00,2.044415e+00,3.086906e+00,1.880621e+00,4.137270e+00,1.931091e+00,9.813919e+00,1.041866e+01,2.347651e+00,1.134902e+00,2.643527e+00,9.982314e+00,1.381509e+00,8.905838e-01,2.005551e+00,1.588699e+00,4.503060e+00,8.724379e+00,2.135629e+00,1.137014e+00,9.522388e-01,1.054768e+00,1.033209e+00,1.192782e+00,1.000600e+00,9.029746e-01,9.467866e-01,1.128411e+00,9.073068e-01,1.039150e+00,1.199430e+00,9.916660e-01,9.918998e-01,1.214530e+00,1.024401e+00,1.071343e+00,8.703784e-01,9.365360e-01,9.288271e-01,1.708783e+00,9.654926e-01,8.911260e-01,1.348741e+00,1.777786e+00,1.768689e+00,1.251909e+00,1.041866e+01,1.661903e+00,9.623244e-01,9.537402e-01,9.369993e-01,2.365892e+00,9.788319e-01,1.562176e+00,1.054452e+00,7.087758e+00,1.542571e+00,9.988134e-01,1.915611e+00,2.027980e+00,8.653596e-01,1.753738e+00,9.401658e-01,9.573432e-01,9.962512e-01,1.031487e+00,1.258279e+00,1.212791e+00,9.608027e-01,9.229594e-01,9.477628e-01,1.157931e+00,8.673103e-01,9.348045e-01,1.063102e+00,9.177253e-01,9.670829e-01,9.131895e-01
9.402509e-01,8.981080e-01,1.293145e+00,9.283513e-01,9.165453e-01,1.019808e+00,9.801934e-01,1.088493e+00,9.457228e-01,9.021449e-01,8.510621e-01,8.327899e-01,8.610312e-01,1.049235e+00,2.017291e+00,1.030785e+00,1.520325e+00,1.429013e+00,9.338066e-01,9.790433e-01,1.470536e+00,1.029538e+00,3.460005e+00,1.330798e+00,6.061706e+00,1.373095e+00,1.099607e+00,2.297639e+00,8.633344e-01,1.044056e+00,1.027241e+00,9.851755e-01,8.860797e-01,1.029959e+00,1.897215e+00,8.905845e-01,9.741944e-01,9.798028e-01,nan,2.266120e+00,1.224248e+00,1.475948e+00,2.302451e+00,1.421938e+00,2.127898e+00,1.209919e+00,1.966059e+00,1.094030e+00,8.781918e-01,9.965186e-01,9.593741e-01,9.773919e-01,1.401051e+00,9.150504e-01,9.957563e-01,1.035467e+00,1.860653e+00,1.071114e+00,1.027401e+00,8.936335e-01,1.009391e+00,9.130352e-01,9.785424e-01,9.932496e-01,9.907663e-01,1.990690e+00,9.156700e-01,2.072468e+00,1.060570e+00,1.311767e+00,1.111605e+00,1.046672e+00,9.270561e-01,9.521182e-01,1.404919e+00,2.040627e+00,1.909273e+00,1.886067e+00,1.214129e+00,1.357957e+00,1.111250e+00,2.030074e+00,1.727152e+00,2.145155e+00,1.000585e+01,1.112551e+00,1.348586e+00,1.855186e+00,1.849584e+00,1.056527e+00,1.792317e+00,1.012146e+00,1.137967e+00,9.489904e-01,9.089035e-01,8.095179e-01,7.889572e-01,1.307720e+00,9.006459e-01,9.090056e-01,1.086073e+00,9.518097e-01,1.138184e+00,8.341583e-01,8.656943e-01,1.043810e+00,7.878645e-01,9.998658e-01
9.303899e-01,1.041306e+00,9.664960e-01,9.311931e-01,9.895737e-01,1.012221e+00,9.190203e-01,9.957072e-01,9.389323e-01,1.007318e+00,1.059733e+00,1.115763e+00,1.933375e+00,1.536086e+00,9.369040e-01,1.238957e+00,3.155100e+00,1.067211e+00,9.698837e-01,1.159775e+00,1.225190e+00,1.041866e+01,1.041882e+00,1.027987e+00,5.482655e+00,1.081619e+00,nan,1.028509e+00,1.011766e+00,1.018184e+00,2.356836e+00,9.750201e-01,9.205429e-01,8.692697e-01,9.163491e-01,9.676988e-01,1.043554e+00,1.070990e+00,9.718968e-01,4.389557e+00,2.100584e+00,1.702788e+00,1.115517e+00,2.022952e+00,9.006378e-01,9.078660e-01,1.072039e+00,8.659988e-01,1.112496e+00,1.046399e+00,9.952042e-01,9.880991e-01,9.265418e-01,1.032586e+00,1.025414e+00,1.026316e+00,1.691480e+00,9.886606e-01,1.854589e+00,1.417157e+00,1.338087e+00,1.186207e+00,1.401376e+00,1.231338e+00,3.350839e+00,9.781899e-01,6.170003e+00,9.747278e-01,1.111774e+00,1.420368e+00,1.069636e+00,9.840283e-01,9.975700e-01,1.008929e+00,9.683524e+00,1.361656e+00,1.297784e+00,1.056343e+00,9.336616e-01,1.004471e+00,9.500404e-01,1.157153e+00,nan,1.084777e+00,1.150428e+00,1.010730e+00,1.142256e+00,9.984229e-01,8.955916e-01,1.059422e+00,1.579379e+00,8.546716e-01,1.296120e+00,1.658241e+00,9.387966e-01,1.199092e+00,9.329032e-01,8.338622e+00,9.427157e-01,9.694068e-01,9.627305e-01,9.193926e-01,9.754626e-01,8.960722e-01,9.516852e-01,1.021904e+00,8.799714e-01,1.023930e+00
9.478433e-01,1.010418e+00,9.661577e-01,9.411287e-01,8.667278e-01,9.590918e-01,9.795004e-01,9.333834e-01,9.723672e-01,9.325401e-01,1.102697e+00,1.054532e+00,1.373106e+00,1.122199e+00,1.972233e+00,1.524877e+00,2.408595e+00,1.043618e+00,9.547511e-01,1.049191e+00,1.126659e+00,1.097741e+00,1.618484e+00,1.802161e+00,1.392840e+00,1.041243e+00,8.690216e-01,9.540696e-01,1.037226e+00,9.347062e-01,8.377103e-01,1.053662e+00,1.727015e+00,1.129345e+00,1.217056e+00,1.125575e+00,1.137979e+00,9.868113e-01,1.057312e+00,9.184863e-01,9.416246e-01,1.103022e+00,1.957537e+00,1.007387e+00,9.910099e-01,1.083501e+00,1.040639e+00,9.772577e-01,9.093435e-01,9.410288e-01,1.067255e+00,2.138416e+00,2.669537e+00,1.051609e+00,1.979860e+00,1.110323e+00,9.908898e-01,1.186399e+00,9.554407e-01,1.632072e+00,7.905496e+00,2.223816e+00,5.762669e+00,1.962198e+00,2.173181e+00,1.039283e+01,8.985074e-01,1.414300e+00,2.511620e+00,1.121479e+00,1.876223e+00,1.074248e+00,9.770605e-01,9.920971e-01,9.390419e-01,1.192571e+00,4.393388e+00,1.495394e+00,9.825155e-01,1.756468e+00,1.003854e+01,2.083069e+00,1.031911e+01,2.407933e+00,2.176826e+00,9.770151e-01,2.252653e+00,1.123506e+00,1.404281e+00,1.822778e+00,1.123782e+00,1.270242e+00,1.472726e+00,1.959162e+00,9.706445e-01,9.271084e-01,8.484634e-01,1.043304e+00,2.054088e+00,1.002007e+00,1.051218e+00,1.119074e+00,9.118504e-01,1.017657e+00,8.988008e-01,9.777386e-01,9.243834e-01,9.742554e-01
9.307175e-01,9.150665e-01,8.677259e-01,8.785179e-01,1.025079e+00,1.056650e+00,9.626701e-01,1.051552e+00,1.029496e+00,9.866007e-01,8.984696e-01,2.480334e+00,8.895830e-01,1.191169e+00,1.642159e+00,2.290301e+00,1.038283e+00,9.867321e-01,8.233215e-01,9.885026e-01,8.868418e-01,2.214302e+00,8.927295e-01,2.044004e+00,2.733177e+00,1.017049e+01,1.312728e+00,9.803089e-01,1.153539e+00,1.156149e+00,1.015888e+00,1.243201e+00,1.065739e+00,1.069465e+00,1.033075e+00,1.862642e+00,1.216387e+00,1.056322e+00,2.241216e+00,1.046782e+00,1.028056e+00,1.020485e+00,9.696660e-01,9.577289e-01,8.730416e-01,1.143109e+00,2.003713e+00,1.191053e+00,1.024740e+00,9.769134e-01,1.030415e+00,6.849893e+00,1.027260e+01,1.757711e+00,3.307271e+00,3.491048e+00,1.198694e+00,1.142826e+00,1.231673e+00,1.009873e+00,2.218909e+00,1.133102e+00,2.178649e+00,9.287161e+00,2.200672e+00,1.020054e+00,9.211411e-01,2.080401e+00,1.121929e+00,9.049977e-01,1.922892e+00,2.268927e+00,1.014450e+00,1.238018e+00,9.476839e-01,1.272239e+00,4.838286e+00,1.923817e+00,1.927365e+00,1.118250e+00,4.286664e+00,1.744659e+00,1.019435e+00,9.841052e-01,1.300230e+00,1.037314e+00,1.108145e+00,1.073420e+00,1.131412e+00,1.427897e+00,9.277383e-01,1.015007e+00,2.171947e+00,1.022385e+00,1.102705e+00,1.033563e+00,9.720054e-01,9.987542e-01,1.897189e+00,9.278304e-01,8.753018e-01,9.432437e-01,9.648859e-01,9.553813e-01,8.143905e-01,1.020409e+00,9.545771e-01,9.155848e-01
9.930442e-01,1.051090e+00,1.025328e+00,1.086038e+00,9.961947e-01,1.059913e+00,1.035275e+00,1.079699e+00,1.070405e+00,1.067574e+00,9.576134e-01,1.629102e+00,2.571260e+00,2.133589e+00,1.494868e+00,1.362825e+00,9.042232e-01,8.789033e-01,1.123823e+00,1.061258e+00,1.174603e+00,1.962792e+00,2.010385e+00,5.446539e+00,1.300818e+00,1.670038e+00,9.734008e-01,1.096416e+00,1.111173e+00,9.983235e-01,1.906217e+00,2.903922e+00,1.001451e+00,1.680950e+00,4.504771e+00,1.263072e+00,2.441078e+00,9.233532e-01,9.865470e-01,1.186350e+00,1.520692e+00,2.188594e+00,8.462549e-01,1.057631e+00,9.307686e-01,8.893238e-01,1.088781e+00,1.283803e+00,1.624280e+00,1.990529e+00,2.224770e+00,7.002953e+00,1.017877e+00,1.680542e+00,1.029915e+00,1.061440e+00,1.074601e+00,2.154747e+00,9.065089e-01,1.030463e+00,1.043092e+00,1.246518e+00,9.789376e+00,1.017762e+01,1.019405e+00,nan,5.942854e+00,9.498988e-01,9.835829e-01,9.693878e+00,1.115064e+00,1.049439e+00,1.269487e+00,1.062758e+00,3.929990e+00,9.717710e-01,5.655316e+00,1.012246e+00,2.356740e+00,2.351681e+00,1.246987e+00,1.019900e+00,3.233127e+00,1.056243e+00,1.011628e+00,9.708036e-01,1.146985e+00,9.074875e-01,9.874062e-01,9.205470e-01,8.371261e-01,1.038959e+00,1.200021e+00,1.077502e+00,1.056330e+00,1.115946e+00,9.689747e-01,8.895497e-01,1.077130e+00,1.070510e+00,1.109740e+00,9.471164e-01,1.040821e+00,1.097274e+00,9.611162e-01,9.502284e-01,1.178843e+00,9.109055e-01
1.095774e+00,9.491815e-01,9.484815e-01,8.863261e-01,1.044086e+00,1.461117e+00,1.065069e+00,1.063426e+00,9.535176e-01,9.691691e-01,1.005039e+00,2.826098e+00,1.130145e+00,1.159388e+00,1.104477e+00,1.598978e+00,9.126103e-01,8.985260e-01,1.039082e+00,1.793098e+00,1.299700e+00,1.175015e+00,1.980145e+00,2.365772e+00,1.723663e+00,2.313087e+00,9.782887e-01,9.762835e-01,1.077200e+00,8.675747e-01,1.890848e+00,9.563934e-01,1.488952e+00,1.029402e+00,2.601442e+00,1.796732e+00,1.109258e+00,1.166980e+00,2.175999e+00,9.970740e-01,1.622466e+00,1.023957e+00,9.818331e-01,1.670840e+00,1.004574e+00,1.006921e+00,4.616282e+00,1.037744e+00,6.532016e+00,2.947530e+00,3.097865e+00,4.368342e+00,9.937345e-01,1.164784e+00,2.889307e+00,1.069227e+00,1.025378e+00,9.681899e-01,9.074907e-01,1.586847e+00,1.178913e+00,1.010060e+00,1.115849e+00,6.473029e+00,2.366174e+00,1.106882e+00,2.674098e+00,8.814986e-01,1.206246e+00,1.052850e+00,2.686279e+00,1.269523e+00,9.437710e-01,9.156065e-01,9.898384e-01,1.109705e+00,1.012342e+00,2.563109e+00,3.835528e+00,1.079760e+00,3.017601e+00,1.109315e+00,1.074157e+00,8.930322e-01,1.068675e+00,1.056509e+00,1.095385e+00,1.104886e+00,9.672228e-01,9.186389e-01,9.581439e-01,1.029320e+00,1.368705e+00,2.080562e+00,1.216337e+00,1.037335e+00,1.119973e+00,1.294547e+00,1.371752e+00,2.414586e+00,9.577938e-01,1.205484e+00,1.285199e+00,9.365867e-01,1.064929e+00,9.045877e-01,1.061842e+00,9.876617e-01
9.728702e-01,8.803410e-01,1.055152e+00,1.045535e+00,1.008385e+00,9.369589e-01,2.081539e+00,1.121119e+00,1.007419e+00,9.360582e-01,1.666506e+00,1.058723e+00,1.036975e+00,1.118063e+00,2.388190e+00,1.630776e+00,9.849189e-01,1.038409e+00,9.196209e-01,2.292757e+00,1.075783e+00,1.231604e+00,1.774965e+00,6.509280e+00,1.916630e+00,9.685004e-01,1.093894e+00,1.097309e+00,1.241571e+00,1.204308e+00,1.065343e+00,9.337063e-01,1.432609e+00,3.098986e+00,1.293288e+00,9.822104e-01,1.218574e+00,1.218374e+00,8.755184e-01,2.663211e+00,1.078874e+00,8.922289e-01,1.124294e+00,1.261490e+00,9.512156e-01,1.218272e+00,2.093066e+00,9.654374e-01,1.654918e+00,2.479356e+00,1.089925e+00,9.682154e-01,1.038019e+00,1.108912e+00,2.136852e+00,2.112227e+00,1.504610e+00,9.894749e-01,1.000374e+00,1.148505e+00,1.793599e+00,1.335087e+00,1.202359e+00,2.236100e+00,9.862840e-01,2.400991e+00,2.776417e+00,2.795220e+00,2.002452e+00,1.659321e+00,1.324219e+00,1.194679e+00,2.283213e+00,1.103615e+00,9.264795e-01,1.396271e+00,1.167998e+00,2.925712e+00,1.027970e+00,3.150888e+00,3.177883e+00,9.986250e-01,1.096634e+00,1.013771e+00,1.068271e+00,9.714784e-01,8.932167e-01,1.030147e+00,9.488588e-01,1.073771e+00,1.236415e+00,1.165657e+00,1.214221e+00,1.196062e+00,1.014592e+00,1.174822e+00,1.018665e+00,9.637326e-01,1.014623e+00,1.958497e+00,1.403543e+00,8.978499e-01,9.889120e-01,9.012176e-01,1.033319e+00,1.081599e+00,1.083909e+00,1.097588e+00
1.040052e+00,1.063788e+00,1.099012e+00,1.048581e+00,9.734228e-01,9.696284e-01,1.196242e+00,1.018345e+00,1.101798e+00,1.250951e+00,1.934478e+00,1.065746e+00,9.944113e-01,2.363458e+00,5.097254e+00,1.102811e+00,9.793535e-01,1.860044e+00,1.681633e+00,2.665782e+00,3.137612e+00,1.002496e+01,1.000016e+00,2.687784e+00,9.701422e-01,9.495612e-01,1.005466e+00,1.109644e+00,2.504825e+00,1.064507e+00,1.630090e+00,2.760042e+00,2.446975e+00,1.187118e+00,1.113411e+00,2.901979e+00,8.756436e-01,2.832361e+00,9.930003e-01,1.052898e+00,1.971804e+00,1.119849e+00,1.097605e+00,1.265872e+00,1.216739e+00,1.017145e+00,1.220784e+00,9.301829e+00,2.369847e+00,9.380276e-01,1.238546e+00,1.123694e+00,1.043106e+00,1.158017e+00,1.028952e+00,1.098211e+00,9.277920e-01,1.128544e+00,1.120331e+00,1.088023e+00,1.190359e+00,1.222404e+00,1.055600e+00,2.546619e+00,1.542129e+00,1.398483e+00,3.198650e+00,1.351111e+00,2.632760e+00,1.254192e+00,9.785121e+00,7.437461e+00,2.994013e+00,1.061942e+00,1.179854e+00,1.116888e+00,1.123045e+00,1.100060e+00,1.651362e+00,1.784987e+00,1.862841e+00,1.016047e+00,9.492934e-01,8.492824e-01,3.191255e+00,1.061605e+00,1.956355e+00,1.108089e+00,6.990508e+00,1.198793e+00,1.215895e+00,1.117673e+00,9.745950e-01,1.147775e+00,1.194030e+00,1.140745e+00,1.061002e+00,1.131855e+00,1.007312e+00,2.855655e+00,1.099307e+00,1.145177e+00,1.200559e+00,1.001631e+00,1.096524e+00,1.254054e+00,1.156414e+00,9.770959e-01
9.391930e-01,1.053177e+00,1.063661e+00,9.191556e-01,1.039534e+00,1.151042e+00,1.067256e+00,1.179594e+00,1.056646e+00,9.590905e-01,1.049683e+00,1.066748e+00,1.081342e+00,2.498631e+00,1.128643e+00,9.681452e-01,1.024798e+00,1.097664e+00,2.096222e+00,1.353447e+00,2.255634e+00,9.668762e+00,1.421917e+00,2.227178e+00,1.072544e+00,1.230921e+00,1.018093e+00,1.038141e+00,1.588208e+00,1.457322e+00,2.982038e+00,2.314352e+00,1.097319e+00,1.003896e+00,1.094459e+00,1.069305e+00,1.804786e+00,1.209509e+00,8.865848e-01,2.454965e+00,1.357330e+00,7.590760e+00,1.935836e+00,2.203299e+00,8.172747e+00,1.041866e+01,2.055889e+00,2.419508e+00,1.001003e+00,1.222461e+00,3.315840e+00,1.170592e+00,1.745319e+00,1.067199e+00,9.015701e-01,9.948502e-01,8.719595e-01,9.921817e-01,2.461570e+00,1.143033e+00,1.086242e+00,1.172744e+00,9.994203e-01,9.228639e-01,2.033094e+00,2.407528e+00,1.362671e+00,1.418345e+00,2.119285e+00,2.556445e+00,1.804370e+00,1.367538e+00,1.223133e+00,1.558333e+00,2.395408e+00,8.476552e-01,9.957433e+00,9.607707e-01,1.732602e+00,2.792818e+00,2.077611e+00,1.237037e+00,1.086999e+00,1.193257e+00,1.143465e+00,9.614430e-01,1.079186e+00,9.284670e-01,1.000694e+00,1.039674e+00,1.678632e+00,1.173962e+00,1.194052e+00,1.218398e+00,2.079158e+00,1.092202e+00,1.006701e+00,1.046421e+00,9.933720e-01,2.323473e+00,1.062849e+00,1.013613e+00,1.010963e+00,1.030425e+00,9.240540e-01,1.116033e+00,1.282500e+00,1.230423e+00
1.283450e+00,1.049107e+00,9.321838e-01,1.114889e+00,1.043107e+00,1.039611e+00,9.009877e-01,1.107225e+00,1.193533e+00,1.030166e+00,1.207756e+00,1.006083e+00,5.536811e+00,1.005844e+00,3.251291e+00,1.172126e+00,1.066927e+00,1.112181e+00,1.219936e+00,4.775077e+00,9.490901e+00,2.338770e+00,1.310596e+00,2.204905e+00,9.949987e-01,1.071964e+00,1.158684e+00,1.280270e+00,1.053124e+00,2.382783e+00,1.035457e+01,3.119327e+00,2.989071e+00,1.517363e+00,1.537906e+00,1.229750e+00,1.673105e+00,1.033581e+00,1.181400e+00,2.249702e+00,1.509077e+00,1.144944e+00,1.675759e+00,1.080157e+00,1.356155e+00,1.740298e+00,3.356358e+00,1.287668e+00,1.196518e+00,2.036474e+00,1.058096e+00,1.213845e+00,2.785710e+00,1.051894e+00,1.103007e+00,1.095427e+00,1.233947e+00,1.164945e+00,1.269434e+00,1.195471e+00,1.128821e+00,1.112708e+00,1.203668e+00,1.416662e+00,1.144673e+00,1.850222e+00,1.930002e+00,1.361231e+00,3.008667e+00,3.374425e+00,9.798752e-01,2.005742e+00,1.143116e+00,1.202103e+00,1.076278e+00,1.159673e+00,2.804664e+00,1.175024e+00,1.188285e+00,2.393172e+00,3.152443e+00,2.136469e+00,1.162338e+00,1.081749e+00,1.220854e+00,1.293600e+00,1.195850e+00,1.043693e+00,1.172366e+00,1.162693e+00,1.212952e+00,3.240335e+00,1.108637e+00,2.260696e+00,1.264055e+00,1.306920e+00,1.072384e+00,1.079318e+00,1.196852e+00,1.121318e+00,1.103111e+00,1.107231e+00,1.168228e+00,1.208763e+00,1.174883e+00,1.023028e+00,1.127271e+00,1.081886e+00
1.157610e+00,1.264408e+00,1.121427e+00,1.319188e+00,1.108067e+00,1.148197e+00,1.253005e+00,1.236924e+00,1.071957e+00,1.074924e+00,1.181775e+00,1.099037e+00,1.196646e+00,1.099432e+00,1.187983e+00,1.297779e+00,1.129232e+00,2.008390e+00,6.200023e+00,9.016128e-01,1.735919e+00,1.041451e+01,1.186899e+00,2.569444e+00,1.083502e+00,1.062062e+00,1.129330e+00,8.300993e+00,1.104167e+00,2.401377e+00,1.087367e+00,1.277846e+00,6.266090e+00,1.444818e+00,1.179086e+00,8.880624e+00,1.162312e+00,3.335080e+00,1.040384e+00,1.042945e+00,1.932566e+00,1.037585e+00,9.933752e-01,9.716821e-01,1.085425e+00,9.498074e-01,1.306549e+00,9.133313e-01,1.100111e+00,1.209864e+00,1.146683e+00,1.315304e+00,1.430896e+00,1.196169e+00,2.686816e+00,1.190376e+00,1.058766e+00,1.119291e+00,1.152368e+00,1.271743e+00,7.478579e+00,1.031985e+00,1.239461e+00,1.118323e+00,1.004197e+00,1.151650e+00,2.765304e+00,2.730691e+00,2.551745e+00,2.286554e+00,1.711819e+00,1.859841e+00,1.138770e+00,1.470973e+00,2.237358e+00,1.049544e+00,1.200840e+00,1.735183e+00,1.323430e+00,2.185140e+00,2.499756e+00,1.096917e+00,2.825757e+00,1.065684e+00,3.000015e+00,1.103002e+00,1.021620e+00,1.022097e+00,1.051364e+00,1.054046e+00,1.240358e+00,1.156800e+00,5.894193e+00,2.497020e+00,1.028485e+00,1.037296e+00,1.066007e+00,1.157926e+00,1.093074e+00,7.972555e+00,1.129612e+00,1.004275e+00,1.042495e+00,1.121909e+00,1.116234e+00,1.047364e+00,1.381045e+00,1.108786e+00
1.000973e+00,1.051017e+00,1.123540e+00,1.332265e+00,1.184817e+00,1.094507e+00,9.553546e-01,1.064375e+00,1.099124e+00,1.175186e+00,1.205486e+00,1.104132e+00,2.184322e+00,1.034013e+01,2.810152e+00,1.094445e+00,1.521724e+00,1.036392e+00,4.302195e+00,3.010318e+00,6.586389e+00,1.249403e+00,1.244858e+00,1.035586e+00,1.110998e+00,1.229492e+00,9.653364e+00,1.713440e+00,1.571355e+00,1.034970e+00,1.051315e+00,1.969740e+00,2.804262e+00,4.652868e+00,9.941932e-01,1.109044e+00,1.173412e+00,1.109482e+00,1.027528e+00,1.118969e+00,1.142057e+00,9.658767e-01,1.117657e+00,2.951956e+00,1.356533e+00,1.703807e+00,1.076662e+00,1.016876e+00,1.297289e+00,1.073066e+00,1.150139e+00,2.558944e+00,2.675109e+00,1.067800e+00,1.074657e+00,1.079931e+00,1.108982e+00,1.385412e+00,1.230428e+00,1.241222e+00,3.220006e+00,1.131292e+00,1.150623e+00,1.215322e+00,1.093129e+00,1.727913e+00,2.631093e+00,1.178455e+00,1.255043e+00,2.757368e+00,9.747129e+00,3.131524e+00,3.006603e+00,3.212802e+00,1.528236e+00,2.669998e+00,1.261098e+00,1.329773e+00,1.148613e+00,9.491378e+00,1.177858e+00,1.079194e+00,1.482239e+00,2.798333e+00,9.748773e-01,1.104853e+00,1.173383e+00,1.212852e+00,1.124778e+00,1.029088e+00,9.705933e-01,9.937714e-01,1.634360e+00,2.472047e+00,7.300071e+00,1.339142e+00,1.160942e+00,1.239046e+00,1.042801e+00,1.531124e+00,1.309374e+00,1.325352e+00,1.186161e+00,9.976409e-01,1.023257e+00,1.132938e+00,1.073982e+00,1.094993e+00
1.216025e+00,1.141713e+00,1.165532e+00,1.053678e+00,1.140048e+00,1.092639e+00,9.291555e-01,1.054178e+00,2.030973e+00,1.116237e+00,1.733021e+00,1.049011e+00,2.113247e+00,1.252227e+00,1.161824e+00,9.643713e-01,1.108169e+00,1.823645e+00,2.896826e+00,2.343551e+00,9.792593e-01,1.135198e+00,1.217501e+00,1.078314e+00,1.365638e+00,1.615495e+00,1.976549e+00,1.213882e+00,2.778331e+00,2.476251e+00,1.245111e+00,2.958596e+00,1.366432e+00,1.003631e+00,1.076337e+00,9.642712e-01,1.106310e+00,1.093076e+00,1.189765e+00,1.188121e+00,1.149030e+00,1.305984e+00,9.818189e-01,1.095361e+00,1.698115e+00,1.343741e+00,1.230879e+00,1.566643e+00,1.386059e+00,8.944167e-01,1.325713e+00,1.421328e+00,9.340170e-01,1.110056e+00,1.415223e+00,1.071542e+00,1.142825e+00,2.155384e+00,1.274391e+00,1.146074e+00,1.567754e+00,2.461464e+00,1.355657e+00,1.134263e+00,2.270928e+00,1.143524e+00,2.582872e+00,2.748115e+00,3.249620e+00,2.177261e+00,1.834716e+00,2.369786e+00,1.046805e+00,1.138534e+00,1.196395e+00,1.250900e+00,1.560912e+00,3.283988e+00,1.111202e+00,1.195550e+00,1.278259e+00,1.455578e+00,8.823021e-01,2.312743e+00,1.131075e+00,1.177950e+00,1.191928e+00,1.120168e+00,1.261850e+00,1.248459e+00,8.737752e-01,1.154328e+00,2.111206e+00,1.408219e+00,1.241030e+00,2.029441e+00,9.706556e-01,1.164100e+00,1.436969e+00,1.053634e+00,1.085766e+00,3.115702e+00,1.098077e+00,1.026756e+00,1.204908e+00,1.031119e+00,1.238601e+00,1.065582e+00
1.176041e+00,1.215475e+00,1.086254e+00,9.701153e-01,1.064068e+00,1.182835e+00,9.799167e-01,1.152979e+00,1.082408e+00,1.213816e+00,1.187449e+00,1.256208e+00,1.675506e+00,2.850762e+00,1.240323e+00,1.343233e+00,2.698853e+00,7.868451e+00,2.737320e+00,2.772043e+00,2.928176e+00,1.116914e+00,1.220435e+00,1.067934e+00,1.289946e+00,9.050970e-01,1.223754e+00,1.522242e+00,1.673484e+00,2.755387e+00,2.504129e+00,1.113157e+00,1.152414e+00,1.260781e+00,1.011861e+00,2.488888e+00,1.016188e+00,1.149999e+00,1.431282e+00,1.035318e+00,8.767621e-01,7.856544e+00,9.451804e+00,1.988693e+00,1.718191e+00,1.302292e+00,1.164378e+00,1.074703e+00,1.046581e+00,1.085283e+00,1.192552e+00,1.015778e+00,1.005284e+00,8.206220e+00,1.058756e+00,4.639930e+00,1.135364e+00,2.587956e+00,5.256436e+00,3.250896e+00,1.051990e+00,1.244533e+00,1.456277e+00,1.002253e+00,1.429641e+00,2.540471e+00,nan,1.185151e+00,2.058309e+00,1.096015e+00,1.034023e+00,1.218438e+00,1.142814e+00,2.928802e+00,1.973217e+00,1.281397e+00,2.538924e+00,2.533429e+00,1.033549e+00,6.372112e+00,1.238195e+00,1.125439e+00,1.839329e+00,1.104044e+00,3.063898e+00,1.042027e+00,1.086099e+00,1.190125e+00,1.173826e+00,1.171859e+00,1.174084e+00,1.178219e+00,1.516970e+00,3.085304e+00,9.898315e-01,1.705578e+00,1.377946e+00,1.169053e+00,1.064968e+00,2.266655e+00,1.104641e+00,1.000198e+00,1.108942e+00,1.133402e+00,1.305291e+00,1.223763e+00,1.299072e+00,1.126109e+00
1.041602e+00,1.269172e+00,1.145548e+00,1.356758e+00,1.287015e+00,1.183093e+00,9.884609e-01,1.121708e+00,1.246645e+00,1.391448e+00,1.529061e+00,1.532697e+00,1.089036e+00,1.070848e+00,1.215656e+00,1.178138e+00,1.089231e+00,1.614469e+00,1.340353e+00,1.009803e+01,2.714076e+00,1.266702e+00,3.080317e+00,1.171006e+00,1.144189e+00,2.981514e+00,2.019918e+00,1.479192e+00,1.080252e+00,2.841871e+00,1.014621e+00,2.010719e+00,1.244619e+00,2.566293e+00,1.213551e+00,7.406188e+00,2.913211e+00,1.249833e+00,1.311927e+00,1.603261e+00,1.254176e+00,8.464736e+00,2.715018e+00,1.125682e+00,1.131509e+00,1.109081e+00,1.098961e+00,1.078812e+00,1.055419e+00,1.196108e+00,9.541142e+00,1.029657e+01,9.584086e+00,1.017729e+01,1.394114e+00,9.776456e-01,1.048670e+00,1.918129e+00,2.848248e+00,3.604148e+00,1.471787e+00,1.085371e+00,1.588574e+00,9.876871e-01,1.178781e+00,2.071416e+00,2.838689e+00,3.284481e+00,3.177594e+00,5.184368e+00,1.110815e+00,2.609409e+00,1.039878e+00,1.134781e+00,1.090384e+00,2.492426e+00,3.273093e+00,3.029447e+00,1.148263e+00,8.632652e+00,2.197303e+00,1.036897e+00,1.230925e+00,3.034907e+00,1.284043e+00,1.066236e+00,1.018753e+00,1.113462e+00,1.184457e+00,1.590853e+00,2.749015e+00,1.536869e+00,2.766648e+00,1.167842e+00,2.275283e+00,1.035099e+00,1.150287e+00,1.026586e+00,1.046042e+00,3.112977e+00,3.157659e+00,1.289484e+00,1.134117e+00,1.157011e+00,1.181616e+00,1.030041e+00,1.361747e+00,1.240258e+00
1.296824e+00,1.086776e+00,1.237610e+00,1.190650e+00,1.088535e+00,2.293606e+00,1.293272e+00,1.172067e+00,1.074932e+00,1.286783e+00,1.079856e+00,2.280920e+00,1.180632e+00,1.421264e+00,1.285541e+00,1.201109e+00,9.444845e-01,1.619058e+00,1.350575e+00,9.564301e-01,1.168557e+00,1.059242e+00,1.145176e+00,1.077339e+00,8.769638e+00,2.030112e+00,2.796108e+00,1.239521e+00,1.158341e+00,1.084081e+00,2.592439e+00,1.064343e+00,1.127552e+00,1.147842e+00,1.269157e+00,2.664472e+00,1.165920e+00,2.679962e+00,2.748751e+00,2.447206e+00,1.922108e+00,1.982578e+00,1.103931e+00,1.237271e+00,9.276307e-01,1.099382e+00,1.263242e+00,4.899489e+00,9.578321e+00,9.985244e+00,1.924876e+00,2.933612e+00,2.112934e+00,1.180728e+00,1.564428e+00,1.050221e+00,1.200432e+00,1.985688e+00,1.300455e+00,1.082370e+00,1.145004e+00,2.154746e+00,1.242976e+00,1.880075e+00,2.383646e+00,9.854559e-01,1.047689e+00,1.547893e+00,nan,2.590104e+00,2.565790e+00,1.626656e+00,1.108161e+00,1.231973e+00,2.874680e+00,1.885363e+00,nan,1.584309e+00,1.316891e+00,2.678104e+00,1.234150e+00,2.873964e+00,1.340782e+00,1.117626e+00,1.365548e+00,7.243011e+00,1.986721e+00,1.910409e+00,1.167360e+00,1.382581e+00,1.673307e+00,3.231492e+00,1.194464e+00,1.422527e+00,2.231563e+00,1.436890e+00,1.213028e+00,9.598113e-01,1.122830e+00,1.317393e+00,1.195099e+00,1.040663e+00,1.070642e+00,1.282588e+00,1.003733e+00,1.054480e+00,1.169607e+00,9.472282e-01
1.142909e+00,1.203485e+00,1.352557e+00,1.328115e+00,1.309630e+00,1.159484e+00,1.080051e+00,1.163969e+00,1.042622e+00,1.120053e+00,2.402492e+00,2.916430e+00,2.480695e+00,3.166179e+00,1.075770e+00,1.284315e+00,1.041866e+01,1.464078e+00,1.302388e+00,1.014269e+00,2.738801e+00,1.357628e+00,1.080907e+00,6.661699e+00,nan,2.736930e+00,1.028052e+00,7.377031e+00,1.312109e+00,1.075045e+00,1.010501e+00,1.201325e+00,1.472749e+00,1.068307e+00,1.242497e+00,2.911707e+00,1.108406e+00,1.445260e+00,2.030022e+00,1.074357e+00,1.274939e+00,1.178111e+00,9.803229e-01,1.232588e+00,9.177274e-01,1.446250e+00,1.269812e+00,2.482976e+00,2.639573e+00,1.106107e+00,1.218869e+00,1.112773e+00,1.536026e+00,1.381613e+00,1.230442e+00,1.271405e+00,2.438416e+00,2.379548e+00,2.325663e+00,1.937553e+00,1.862228e+00,1.051828e+00,1.901921e+00,1.583952e+00,2.633730e+00,1.022911e+00,1.102740e+00,2.573403e+00,2.058380e+00,2.077991e+00,2.539050e+00,1.679339e+00,3.092685e+00,3.307439e+00,1.296967e+00,1.396184e+00,1.967376e+00,2.280624e+00,2.041375e+00,1.329370e+00,1.371728e+00,1.838300e+00,1.229464e+00,2.744300e+00,1.471568e+00,1.861512e+00,1.157951e+00,1.617533e+00,1.748003e+00,1.720491e+00,1.447527e+00,2.055702e+00,1.147432e+00,1.259080e+00,2.292742e+00,1.055282e+00,1.105133e+00,1.291771e+00,1.069811e+00,1.146519e+00,1.333503e+00,1.030635e+00,1.101625e+00,1.067346e+00,1.116282e+00,1.110848e+00,1.110862e+00,1.019949e+00
1.238596e+00,1.220930e+00,1.200412e+00,1.106589e+00,9.327662e-01,1.330403e+00,1.199363e+00,1.136575e+00,1.212495e+00,1.109294e+00,2.651199e+00,nan,1.341891e+00,3.129639e+00,1.080320e+00,1.129758e+00,1.714408e+00,2.960769e+00,1.867597e+00,1.094966e+00,2.365703e+00,1.065279e+00,1.535900e+00,3.012145e+00,2.957680e+00,2.820453e+00,1.042491e+00,8.383195e+00,1.235945e+00,1.124009e+00,2.829126e+00,1.206187e+00,1.413216e+00,1.107367e+00,1.167177e+00,6.107390e+00,3.121274e+00,1.690838e+00,2.306044e+00,1.069803e+00,1.176122e+00,1.141233e+00,1.188361e+00,1.836019e+00,1.541879e+00,2.650571e+00,2.751949e+00,1.041866e+01,2.016978e+00,2.553670e+00,1.032483e+00,1.171003e+00,2.359985e+00,1.230017e+00,1.063673e+00,3.377336e+00,1.207521e+00,1.020095e+00,1.269652e+00,1.350346e+00,1.223974e+00,1.189839e+00,2.967055e+00,3.469434e+00,1.796265e+00,2.436597e+00,2.904770e+00,nan,2.820862e+00,2.908042e+00,1.194286e+00,2.878701e+00,1.219335e+00,2.449589e+00,1.153841e+00,1.200031e+00,1.294876e+00,7.920175e+00,1.177841e+00,3.469063e+00,3.100969e+00,2.444541e+00,1.242562e+00,2.871628e+00,2.915413e+00,2.971015e+00,2.620230e+00,1.759988e+00,1.156710e+00,1.382343e+00,2.206834e+00,1.971068e+00,1.676554e+00,1.581335e+00,1.230198e+00,1.153866e+00,9.658207e-01,1.151684e+00,1.130320e+00,1.397707e+00,3.756100e+00,1.063587e+00,1.044248e+00,1.329331e+00,1.152397e+00,1.129173e+00,1.099191e+00,1.110071e+00
1.195149e+00,1.145561e+00,1.053464e+00,1.181282e+00,1.201312e+00,1.170168e+00,1.059233e+00,1.085653e+00,1.179358e+00,1.231911e+00,1.086956e+00,1.099287e+00,1.900756e+00,4.208751e+00,1.098782e+00,1.065010e+00,2.978234e+00,1.360306e+00,1.399995e+00,2.035981e+00,1.292537e+00,1.344920e+00,2.109924e+00,1.637436e+00,2.926183e+00,1.582219e+00,1.905182e+00,2.030536e+00,1.262385e+00,1.098982e+00,2.820642e+00,2.565726e+00,1.041994e+00,1.697948e+00,1.069086e+00,3.015176e+00,1.210342e+00,1.296007e+00,6.973892e+00,1.035701e+00,1.183024e+00,8.455459e-01,2.653008e+00,1.615407e+00,3.576140e+00,2.230859e+00,2.130813e+00,7.450466e+00,1.176559e+00,3.201478e+00,1.270288e+00,1.261124e+00,1.094006e+00,1.162616e+00,2.238893e+00,1.277810e+00,1.071443e+00,1.122135e+00,3.435757e+00,1.591886e+00,3.136213e+00,8.615424e+00,2.405933e+00,2.995012e+00,1.160568e+00,9.309482e+00,2.513436e+00,4.429208e+00,2.056997e+00,nan,3.207984e+00,2.803817e+00,2.685528e+00,2.779389e+00,1.131794e+00,1.111391e+00,1.933755e+00,1.818690e+00,1.181081e+00,8.471061e+00,2.854594e+00,3.470865e+00,1.091550e+00,1.057991e+00,1.568868e+00,9.576019e-01,1.240222e+00,1.264593e+00,1.192834e+00,1.414116e+00,1.218710e+00,1.014878e+00,1.199154e+00,1.272551e+00,1.208217e+00,1.196631e+00,1.114891e+00,1.329788e+00,1.331536e+00,1.234005e+00,1.131821e+00,1.055373e+00,9.862916e-01,1.091860e+00,1.136555e+00,1.103988e+00,1.111172e+00,1.202039e+00
1.337375e+00,1.119340e+00,1.124150e+00,1.201966e+00,1.173130e+00,1.228730e+00,1.201403e+00,1.165355e+00,1.176940e+00,1.126453e+00,1.194423e+00,9.810407e-01,3.014473e+00,9.487814e+00,1.207113e+00,1.096284e+00,3.077237e+00,1.132749e+00,2.383926e+00,1.268367e+00,1.184091e+00,1.232375e+00,1.618171e+00,9.854725e-01,1.326956e+00,2.835472e+00,3.241608e+00,1.190252e+00,1.264401e+00,1.408022e+00,1.097994e+00,1.052818e+00,1.699538e+00,1.504478e+00,2.636112e+00,1.092858e+00,1.329939e+00,1.840486e+00,9.713151e-01,1.183744e+00,1.052764e+00,1.208568e+00,1.165903e+00,1.656173e+00,1.021414e+00,1.182804e+00,9.215309e-01,1.109628e+00,1.062678e+00,1.923924e+00,2.111660e+00,1.354814e+00,1.065942e+00,1.083918e+00,1.065912e+00,1.152276e+00,2.554504e+00,2.036689e+00,3.010643e+00,1.749031e+00,2.676934e+00,7.021872e+00,8.237034e+00,3.186542e+00,2.049023e+00,1.430964e+00,nan,nan,2.002765e+00,6.606084e+00,nan,1.884045e+00,3.658615e+00,1.398299e+00,1.104624e+00,1.145087e+00,1.647245e+00,1.779946e+00,1.278355e+00,1.008867e+00,2.807675e+00,7.679879e+00,1.249870e+00,1.524034e+00,1.636064e+00,1.838934e+00,1.028011e+00,nan,1.252566e+00,1.047666e+00,1.410374e+00,1.213418e+00,1.730863e+00,3.511330e+00,1.081509e+00,1.108198e+00,1.084014e+00,1.164063e+00,1.193821e+00,1.097548e+00,9.823327e+00,1.462827e+00,1.241948e+00,1.036865e+00,1.220640e+00,1.288127e+00,1.201606e+00,1.172942e+00
1.123281e+00,1.291977e+00,1.149431e+00,1.173142e+00,1.184657e+00,1.172998e+00,1.069682e+00,1.201822e+00,1.340003e+00,1.095445e+00,1.073806e+00,1.269376e+00,1.484028e+00,3.912953e+00,2.840633e+00,1.055957e+00,7.537698e+00,1.264672e+00,2.652119e+00,1.177144e+00,1.203420e+00,9.181689e+00,1.003977e+01,1.435302e+00,1.546737e+00,2.406207e+00,1.300928e+00,1.028254e+00,2.513283e+00,1.457279e+00,1.080084e+00,2.308338e+00,1.270884e+00,3.060773e+00,9.550493e+00,2.865441e+00,nan,1.218578e+00,9.544865e-01,1.036859e+00,1.307508e+00,1.100901e+00,1.079896e+00,2.043752e+00,1.564848e+00,1.016576e+00,2.046962e+00,1.058483e+00,2.990975e+00,1.794526e+00,2.317771e+00,1.582225e+00,9.327431e-01,1.403870e+00,2.028763e+00,2.621714e+00,1.008539e+00,2.613215e+00,1.508027e+00,1.038247e+01,2.452620e+00,4.577213e+00,1.712316e+00,2.837517e+00,2.729247e+00,1.073718e+00,4.340202e+00,6.862859e+00,1.041866e+01,9.666407e+00,2.058553e+00,1.105086e+00,1.423561e+00,1.230846e+00,2.544408e+00,2.936347e+00,2.483330e+00,1.085494e+00,1.317943e+00,5.000443e+00,1.651906e+00,3.151010e+00,2.448833e+00,2.298591e+00,1.249629e+00,3.075423e+00,3.817786e+00,2.123708e+00,1.333561e+00,1.189369e+00,1.165783e+00,1.955481e+00,1.148466e+00,3.020689e+00,1.065357e+00,1.153761e+00,1.046558e+00,9.639409e-01,1.146569e+00,1.272510e+00,2.873570e+00,1.298317e+00,1.284272e+00,1.126636e+00,1.196823e+00,1.012143e+00,1.033641e+00,1.025537e+00
1.033510e+00,1.196193e+00,1.227251e+00,1.115777e+00,1.122787e+00,1.126967e+00,1.176783e+00,1.177784e+00,1.067204e+00,2.068212e+00,1.200083e+00,1.247658e+00,1.034152e+00,1.258190e+00,1.148985e+00,1.043191e+00,1.141224e+00,3.750930e+00,2.395711e+00,1.024271e+00,2.839409e+00,2.811653e+00,8.622951e+00,1.238389e+00,1.788979e+00,1.346706e+00,9.589076e-01,2.240089e+00,1.041148e+00,2.275258e+00,1.317656e+00,1.142450e+00,1.393196e+00,1.391555e+00,2.454430e+00,1.217840e+00,1.551503e+00,2.542658e+00,1.121399e+00,1.089196e+00,1.169295e+00,1.351716e+00,1.707393e+00,1.082862e+00,1.130290e+00,1.357642e+00,2.366680e+00,2.057906e+00,1.231216e+00,1.012924e+00,1.115855e+00,2.203504e+00,1.220874e+00,1.240265e+00,2.772953e+00,6.341224e+00,nan,9.849433e+00,2.491392e+00,1.786835e+00,1.069646e+00,8.116750e+00,5.839676e+00,1.686769e+00,9.596492e+00,1.278656e+00,1.041866e+01,1.995755e+00,3.998816e+00,4.815918e+00,2.397340e+00,1.151450e+00,2.996805e+00,1.954851e+00,2.716851e+00,1.152489e+00,1.700308e+00,2.080817e+00,1.425846e+00,2.283335e+00,2.308451e+00,7.091269e+00,1.672825e+00,2.087119e+00,2.404406e+00,2.937967e+00,1.236297e+00,1.098189e+00,1.197970e+00,2.390952e+00,1.245009e+00,2.376724e+00,1.244702e+00,1.221666e+00,1.169134e+00,1.273421e+00,1.094793e+00,1.305374e+00,1.197443e+00,1.089286e+00,1.210870e+00,1.125850e+00,1.220977e+00,1.209537e+00,1.247077e+00,1.201855e+00,9.731472e-01,1.083881e+00
1.256061e+00,1.183390e+00,1.348783e+00,9.614941e-01,1.013012e+00,1.173560e+00,1.082078e+00,1.245387e+00,1.025805e+00,1.260436e+00,1.390818e+00,1.220896e+00,2.335370e+00,1.944382e+00,1.841280e+00,9.858436e-01,2.574764e+00,1.158236e+00,1.416672e+00,2.042273e+00,2.155482e+00,2.592661e+00,2.134154e+00,1.268182e+00,4.378386e+00,9.636733e-01,1.435362e+00,1.052642e+00,2.153213e+00,1.099208e+00,1.267916e+00,1.179555e+00,3.463710e+00,1.100200e+00,9.662576e-01,2.504393e+00,1.186085e+00,1.001532e+00,1.206301e+00,1.159886e+00,1.092861e+00,1.073451e+00,1.168370e+00,1.362689e+00,1.801514e+00,1.232745e+00,9.548269e-01,1.712583e+00,1.284551e+00,1.451770e+00,2.880786e+00,1.831792e+00,2.277978e+00,1.354444e+00,8.382197e+00,5.767338e+00,2.761924e+00,1.476074e+00,2.598262e+00,1.662140e+00,2.920160e+00,2.918417e+00,1.041866e+01,1.829245e+00,2.073626e+00,4.235834e+00,8.157771e+00,9.093122e+00,2.733602e+00,2.090183e+00,1.140417e+00,2.666253e+00,1.263917e+00,1.161313e+00,2.374366e+00,1.058258e+00,9.458059e-01,1.121328e+00,1.070362e+00,1.217860e+00,1.782181e+00,2.618885e+00,1.519079e+00,8.493996e+00,1.484788e+00,1.252210e+00,2.380240e+00,1.134432e+00,1.164403e+00,2.754790e+00,1.125315e+00,1.190948e+00,2.788286e+00,1.072418e+00,1.178474e+00,1.490171e+00,9.763890e-01,1.168213e+00,1.219364e+00,1.675279e+00,1.086269e+00,1.149581e+00,1.139827e+00,1.058491e+00,1.170188e+00,1.170174e+00,1.503511e+00,1.321107e+00
1.346582e+00,1.180190e+00,1.185561e+00,1.208831e+00,1.213338e+00,1.004927e+00,1.119464e+00,1.205748e+00,1.246309e+00,1.435390e+00,1.091683e+00,1.609383e+00,1.977481e+00,4.493623e+00,1.498843e+00,1.129021e+00,1.095818e+00,1.178073e+00,1.106597e+00,1.024950e+00,nan,2.481876e+00,5.667358e+00,2.299450e+00,2.149069e+00,2.771765e+00,2.576298e+00,1.227698e+00,2.434616e+00,1.284210e+00,2.408135e+00,9.134943e+00,1.278351e+00,1.482722e+00,1.136457e+00,1.251519e+00,2.969788e+00,1.186010e+00,1.276805e+00,1.162016e+00,1.225382e+00,1.625813e+00,1.569380e+00,1.709323e+00,1.247380e+00,1.021150e+00,1.143376e+00,1.270181e+00,2.135077e+00,1.061906e+00,1.077661e+00,2.102339e+00,1.404776e+00,1.088290e+00,1.177302e+00,7.797342e+00,5.800881e+00,9.943455e-01,1.662377e+00,2.810749e+00,1.253439e+00,1.181420e+00,1.501721e+00,9.670535e+00,nan,2.812476e+00,7.082218e+00,1.041866e+01,1.186789e+00,8.315691e+00,8.037359e+00,1.211934e+00,1.132735e+00,1.201360e+00,1.127253e+00,1.310775e+00,1.111039e+00,1.275209e+00,8.499502e+00,9.898790e+00,1.857006e+00,3.571681e+00,2.420496e+00,7.340527e+00,1.002568e+00,2.853766e+00,1.088408e+00,1.295863e+00,1.186247e+00,2.388396e+00,2.496485e+00,1.191597e+00,1.926124e+00,1.909939e+00,1.149032e+00,1.092283e+00,1.158806e+00,1.088311e+00,1.250705e+00,1.086078e+00,2.097558e+00,1.295096e+00,1.173489e+00,1.144301e+00,1.254632e+00,1.132970e+00,1.056399e+00,1.180908e+00
1.152271e+00,1.222917e+00,1.357341e+00,1.103379e+00,1.143971e+00,1.397976e+00,1.010150e+00,1.194457e+00,1.033971e+00,1.130818e+00,1.041127e+00,1.275453e+00,1.066352e+00,1.259908e+00,8.122727e+00,1.128542e+00,1.318591e+00,1.234162e+00,1.332903e+00,1.041866e+01,2.605402e+00,9.539014e+00,2.976782e+00,8.886979e+00,1.725747e+00,1.882657e+00,1.163310e+00,1.462555e+00,1.237994e+00,6.508229e+00,1.389114e+00,2.396848e+00,2.790368e+00,1.190535e+00,1.215005e+00,2.736274e+00,1.049658e+00,1.377120e+00,1.284235e+00,1.240192e+00,1.103263e+00,1.180176e+00,2.836863e+00,1.661754e+00,2.143107e+00,1.088611e+00,1.002195e+00,1.026276e+00,1.043020e+00,1.848505e+00,2.606843e+00,1.614327e+00,1.024938e+00,1.157581e+00,2.468890e+00,1.793931e+00,9.989081e-01,1.266488e+00,9.913759e-01,1.389186e+00,1.072193e+00,1.105926e+00,9.736405e-01,3.334661e+00,3.390325e+00,4.578883e+00,2.540224e+00,1.025062e+01,2.834718e+00,2.052908e+00,1.174941e+00,2.279795e+00,1.232242e+00,2.008748e+00,1.298145e+00,1.221195e+00,1.017560e+00,9.965147e-01,1.402211e+00,1.128922e+00,1.061012e+00,2.353042e+00,1.335683e+00,2.806716e+00,9.631678e-01,1.263261e+00,1.539424e+00,9.939906e-01,7.782644e+00,1.280734e+00,1.109282e+00,1.022570e+00,2.030004e+00,1.231646e+00,1.146591e+00,1.208901e+00,1.179818e+00,1.138403e+00,1.140077e+00,3.114051e+00,1.227461e+00,1.034763e+00,1.087668e+00,9.632348e-01,1.234267e+00,1.129572e+00,1.266097e+00,1.348718e+00
1.132542e+00,1.091674e+00,1.036940e+00,1.196146e+00,1.140763e+00,1.261178e+00,1.185429e+00,1.159775e+00,1.237934e+00,1.088529e+00,1.551302e+00,1.189123e+00,1.817580e+00,2.653966e+00,1.061262e+00,1.055278e+00,1.145873e+00,1.716783e+00,2.237009e+00,9.426293e+00,7.184915e+00,9.625817e+00,1.430422e+00,2.472231e+00,3.620663e+00,1.195872e+00,2.125136e+00,2.325000e+00,1.243097e+00,2.260775e+00,2.474530e+00,9.473475e+00,1.875241e+00,1.232950e+00,1.066186e+00,9.759430e-01,1.318136e+00,1.417686e+00,1.210949e+00,1.236741e+00,1.172922e+00,1.284406e+00,1.426575e+00,9.867832e+00,1.120802e+00,2.162778e+00,2.271379e+00,1.151341e+00,1.121526e+00,1.214052e+00,1.492914e+00,2.128824e+00,1.149293e+00,1.435186e+00,3.037301e+00,1.372851e+00,1.133937e+00,1.136847e+00,2.273020e+00,1.204807e+00,1.246387e+00,1.355087e+00,1.035413e+00,1.220975e+00,1.168714e+00,1.239478e+00,1.810073e+00,1.064688e+00,9.477993e+00,8.996512e+00,2.652263e+00,1.185505e+00,1.073910e+00,1.041829e+00,1.130137e+00,1.193987e+00,1.147283e+00,8.270185e+00,1.431873e+00,8.998164e+00,nan,2.655749e+00,1.691660e+00,2.392470e+00,2.427572e+00,2.635081e+00,1.236285e+00,1.195538e+00,9.150675e+00,2.797959e+00,2.306623e+00,1.126786e+00,1.343073e+00,1.144042e+00,1.131943e+00,1.155798e+00,1.033600e+00,9.329980e-01,1.162835e+00,1.621656e+00,1.197248e+00,1.095455e+00,1.196271e+00,1.060289e+00,1.108619e+00,1.156527e+00,1.451077e+00,1.185105e+00
1.235752e+00,1.115388e+00,1.305025e+00,1.090923e+00,1.346232e+00,1.283389e+00,1.227569e+00,1.342916e+00,1.154275e+00,1.253640e+00,1.184469e+00,1.027540e+00,1.066624e+00,1.189445e+00,2.279182e+00,1.760199e+00,9.915594e-01,1.391890e+00,1.720545e+00,1.026152e+01,9.617028e+00,1.611494e+00,4.162348e+00,2.048857e+00,1.026010e+00,2.015843e+00,9.337321e+00,9.969203e-01,2.111566e+00,7.076035e+00,1.021259e+01,5.808027e+00,1.149053e+00,1.074653e+00,1.225897e+00,1.285913e+00,1.356652e+00,1.175202e+00,1.070992e+00,1.170825e+00,1.490673e+00,1.326982e+00,1.406195e+00,1.953010e+00,1.242546e+00,1.262781e+00,1.779025e+00,1.160132e+00,1.194977e+00,1.200232e+00,1.119942e+00,1.094622e+00,1.414293e+00,2.430932e+00,1.136178e+00,1.219334e+00,1.172308e+00,1.188022e+00,2.531788e+00,1.313416e+00,1.297975e+00,1.299162e+00,1.509214e+00,1.037688e+00,1.375198e+00,1.227674e+00,9.330254e-01,2.570262e+00,1.168069e+00,1.626712e+00,9.801103e-01,1.078491e+00,1.167774e+00,1.257474e+00,1.142976e+00,1.206634e+00,1.017345e+00,nan,1.064499e+00,2.798895e+00,1.324944e+00,9.833738e+00,1.780741e+00,1.026542e+00,1.241337e+00,1.693484e+00,1.224910e+00,1.236638e+00,2.521399e+00,1.210022e+00,1.145053e+00,1.381835e+00,1.236900e+00,1.118150e+00,1.250852e+00,1.019911e+00,1.043626e+00,1.245070e+00,1.242568e+00,1.079903e+00,1.142714e+00,1.139968e+00,9.959813e-01,1.145279e+00,1.321116e+00,1.017104e+00,1.081997e+00,1.293470e+00
1.193738e+00,1.178165e+00,1.255137e+00,1.123910e+00,1.074713e+00,1.100484e+00,1.254218e+00,1.145854e+00,1.131310e+00,1.271471e+00,1.098805e+00,9.174650e-01,1.493812e+00,1.192323e+00,1.737289e+00,1.325914e+00,1.117456e+00,1.285504e+00,1.281390e+00,2.481100e+00,1.612211e+00,2.196223e+00,2.069396e+00,1.201852e+00,7.609656e+00,1.342292e+00,2.207543e+00,1.065276e+00,1.102509e+00,1.206748e+00,1.128545e+00,1.027956e+00,1.094942e+00,1.137199e+00,1.138712e+00,1.319970e+00,1.123519e+00,1.213129e+00,1.235558e+00,1.230125e+00,1.120722e+00,2.005547e+00,1.047856e+00,1.246963e+00,1.756333e+00,1.822244e+00,2.417012e+00,1.388646e+00,2.156534e+00,1.661927e+00,1.429669e+00,2.313049e+00,1.294769e+00,1.113089e+00,1.938371e+00,1.438492e+00,1.110883e+00,1.165321e+00,1.556897e+00,1.210303e+00,1.198777e+00,1.111360e+00,1.092338e+00,1.874654e+00,1.110774e+00,1.495235e+00,1.258656e+00,1.461334e+00,1.074367e+00,9.929467e-01,1.082781e+00,1.026450e+00,1.297896e+00,1.251806e+00,1.062643e+00,1.255681e+00,1.376035e+00,1.509086e+00,2.511606e+00,1.473419e+00,2.585910e+00,1.014250e+01,1.087799e+00,7.291292e+00,1.074959e+00,1.188998e+00,1.176978e+00,1.152794e+00,2.938574e+00,2.447012e+00,1.248905e+00,2.183984e+00,1.187771e+00,1.186494e+00,1.269938e+00,1.165015e+00,1.199349e+00,1.135935e+00,1.688811e+00,1.153937e+00,1.112019e+00,1.173093e+00,1.231328e+00,1.294670e+00,1.038445e+00,1.278793e+00,1.176780e+00,1.210381e+00
1.195682e+00,1.308161e+00,1.214169e+00,1.102241e+00,1.026104e+00,1.132041e+00,1.133564e+00,1.179802e+00,1.133912e+00,1.138796e+00,1.216014e+00,1.436451e+00,1.908347e+00,8.051447e+00,1.278676e+00,1.842882e+00,1.090432e+00,1.234238e+00,1.052592e+00,1.080294e+00,2.619336e+00,2.191334e+00,1.050350e+00,1.008160e+00,1.456767e+00,1.650234e+00,1.114031e+00,1.303177e+00,1.258105e+00,1.712525e+00,2.455705e+00,1.253054e+00,1.133579e+00,1.107241e+00,1.034778e+00,1.127417e+00,1.227381e+00,1.144524e+00,1.055230e+00,2.069425e+00,1.163810e+00,1.061607e+00,1.117268e+00,1.014481e+00,2.468078e+00,1.257779e+00,8.183827e+00,1.516486e+00,1.648207e+00,1.114070e+00,1.521677e+00,9.059259e-01,1.068337e+00,1.135131e+00,2.071001e+00,1.048851e+00,1.077802e+00,2.706135e+00,1.169027e+00,1.098228e+00,1.245977e+00,1.229528e+00,1.244096e+00,1.337359e+00,2.044173e+00,1.082484e+00,1.208918e+00,1.174999e+00,1.111636e+00,9.491095e-01,1.185608e+00,1.052582e+00,1.106645e+00,1.035686e+00,1.128355e+00,1.152326e+00,2.258433e+00,1.513105e+00,1.520896e+00,1.843395e+00,1.346555e+00,1.186108e+00,2.221920e+00,1.380961e+00,1.064318e+00,9.624580e-01,1.032171e+00,1.350427e+00,2.139571e+00,1.270923e+00,2.296515e+00,1.064450e+00,1.066639e+00,1.181960e+00,1.148073e+00,1.157114e+00,1.313125e+00,1.019462e+00,2.230100e+00,1.108848e+00,1.100030e+00,1.260970e+00,1.072393e+00,1.047205e+00,1.156302e+00,1.268551e+00,1.095920e+00,1.338488e+00
1.130904e+00,1.135367e+00,1.137850e+00,1.359096e+00,1.280230e+00,1.090460e+00,2.622767e+00,8.669357e-01,1.188131e+00,1.171376e+00,1.257354e+00,1.500802e+00,2.669280e+00,2.743802e+00,1.377466e+00,1.183020e+00,1.022659e+00,1.129471e+00,1.780017e+00,1.075460e+00,1.030973e+00,1.020080e+00,1.207976e+00,1.162931e+00,9.588156e-01,1.195013e+00,9.868397e-01,1.161253e+00,2.691044e+00,1.654591e+00,2.643029e+00,nan,1.265120e+00,1.079957e+00,1.181585e+00,1.183215e+00,1.161341e+00,1.043023e+00,1.315655e+00,1.056665e+00,1.069299e+00,8.976613e-01,1.023700e+00,1.305177e+00,1.581304e+00,2.608434e+00,1.979700e+00,1.156935e+00,7.670483e+00,1.072598e+00,1.108859e+00,1.189177e+00,1.297384e+00,1.157474e+00,1.255254e+00,1.035750e+00,1.091359e+00,6.081427e+00,1.221911e+00,1.228048e+00,1.016849e+00,1.197901e+00,1.126288e+00,1.392173e+00,1.241145e+00,1.184053e+00,1.252307e+00,1.260327e+00,1.171550e+00,1.141439e+00,1.177397e+00,9.907119e-01,1.020890e+00,1.546853e+00,1.259507e+00,1.013258e+01,1.756230e+00,1.937590e+00,2.060815e+00,1.406797e+00,1.040353e+01,2.555371e+00,2.387152e+00,1.149197e+00,1.767617e+00,1.033211e+00,9.900979e-01,1.115031e+00,1.775268e+00,1.087885e+00,5.238256e+00,9.212045e-01,1.147651e+00,9.585427e-01,1.270257e+00,1.086723e+00,1.242172e+00,9.321219e-01,1.076308e+00,1.016124e+00,1.237030e+00,1.304635e+00,1.083734e+00,1.046578e+00,1.091854e+00,9.652218e-01,1.130297e+00,1.122863e+00
1.158014e+00,9.793521e-01,1.088623e+00,1.096463e+00,1.056700e+00,8.318519e-01,1.065689e+00,9.512521e-01,1.156032e+00,1.038328e+00,9.952902e-01,1.147745e+00,1.555215e+00,1.186737e+00,2.710321e+00,3.551278e+00,2.880135e+00,1.194661e+00,9.836867e-01,1.105810e+00,1.131522e+00,1.221793e+00,1.014622e+00,1.030826e+00,1.156221e+00,1.052148e+00,1.095474e+00,6.721987e+00,9.977754e+00,3.359319e+00,3.233003e+00,3.593698e+00,2.625746e+00,1.057098e+00,1.238221e+00,9.071459e-01,1.212077e+00,1.115337e+00,1.712691e+00,1.442152e+00,1.051710e+00,1.264390e+00,1.251993e+00,1.044379e+00,1.124774e+00,1.067389e+00,1.288082e+00,1.087709e+00,2.092608e+00,1.035768e+00,1.225162e+00,1.111999e+00,1.408134e+00,1.048394e+00,1.028418e+00,9.724187e-01,1.111354e+00,9.192557e-01,8.959524e-01,1.151191e+00,1.201642e+00,1.040979e+00,1.229391e+00,8.551211e-01,1.048950e+00,1.066847e+00,1.140616e+00,1.159471e+00,1.043644e+00,8.761717e-01,1.008557e+00,1.326813e+00,9.629861e-01,1.313506e+00,1.034947e+01,1.043948e+00,2.430599e+00,2.207740e+00,2.882142e+00,3.385379e+00,2.197442e+00,2.660735e+00,3.282693e+00,2.688821e+00,1.706287e+00,1.650653e+00,1.266738e+00,2.952972e+00,1.095761e+00,1.280784e+00,3.060777e+00,1.092117e+00,1.101843e+00,1.310356e+00,1.312264e+00,1.223347e+00,1.106101e+00,2.546535e+00,2.916755e+00,1.275185e+00,1.121774e+00,1.124762e+00,9.198803e-01,1.328410e+00,1.044539e+00,9.319411e-01,1.214481e+00,1.076732e+00
1.216623e+00,9.706714e-01,1.032014e+00,1.209583e+00,1.083366e+00,9.461531e-01,1.097332e+00,1.115688e+00,1.060533e+00,1.044570e+00,9.416459e-01,1.187566e+00,1.012844e+00,1.425890e+00,2.230902e+00,9.734265e+00,1.501307e+00,1.229976e+00,1.029171e+00,1.848360e+00,1.022044e+00,1.022860e+00,9.619322e-01,2.821845e+00,1.001865e+00,1.758898e+00,1.284862e+00,9.902970e+00,1.561287e+00,1.661290e+00,2.070480e+00,1.029468e+01,1.749168e+00,1.060811e+00,1.105211e+00,1.075230e+00,1.179202e+00,9.806024e-01,1.287759e+00,4.937044e+00,1.071101e+00,1.223294e+00,9.847889e-01,1.148697e+00,1.113466e+00,1.200997e+00,1.035886e+00,1.094894e+00,1.129898e+00,1.757340e+00,1.156203e+00,1.085536e+00,1.279864e+00,1.172610e+00,1.181388e+00,1.082183e+00,9.976027e-01,1.134947e+00,1.105591e+00,1.108132e+00,1.119431e+00,1.132852e+00,1.025476e+00,9.588301e-01,1.071620e+00,1.134747e+00,1.094237e+00,1.136129e+00,9.699095e-01,1.025110e+00,1.092273e+00,1.079900e+00,9.376855e-01,9.675943e+00,nan,5.292060e+00,2.884437e+00,9.847326e+00,3.050513e+00,1.502213e+00,1.644563e+00,9.939118e-01,2.600119e+00,1.352526e+00,1.966960e+00,1.175703e+00,1.240007e+00,1.173068e+00,1.089851e+00,1.534917e+00,1.112522e+00,3.053675e+00,2.254379e+00,1.288910e+00,1.020623e+00,1.133421e+00,1.055614e+00,1.141836e+00,1.095339e+00,1.227460e+00,1.073503e+00,9.819062e-01,1.118078e+00,1.000985e+00,1.125195e+00,1.080281e+00,1.183031e+00,1.037077e+00
1.142887e+00,1.229355e+00,1.148846e+00,1.066033e+00,9.797486e-01,9.725242e-01,9.559941e-01,9.613460e-01,9.755627e-01,1.045544e+00,9.651471e-01,1.059055e+00,1.286843e+00,1.230582e+00,2.038640e+00,2.465787e+00,3.206460e+00,1.171324e+00,2.515840e+00,1.055855e+00,1.284366e+00,3.103293e+00,2.485943e+00,1.316882e+00,2.244092e+00,2.133636e+00,1.648605e+00,2.673473e+00,nan,8.972457e+00,1.475998e+00,1.469387e+00,2.592833e+00,2.716424e+00,1.179151e+00,1.046350e+00,1.281793e+00,1.090390e+00,1.140430e+00,8.693355e+00,1.977423e+00,8.952117e-01,1.194530e+00,9.808904e-01,1.165375e+00,1.208483e+00,1.127101e+00,1.184230e+00,1.036937e+00,1.080458e+00,1.003438e+00,1.225692e+00,1.261564e+00,1.152701e+00,1.158966e+00,1.186987e+00,1.149430e+00,1.081189e+00,2.492979e+00,1.514725e+00,1.879199e+00,1.045231e+00,9.419441e-01,1.171577e+00,1.020496e+00,9.349158e-01,1.068617e+00,1.206968e+00,1.203809e+00,1.331256e+00,1.214832e+00,2.214715e+00,1.730078e+00,5.138354e+00,1.196717e+00,4.055411e+00,1.264815e+00,9.890855e-01,1.106164e+00,1.125000e+00,2.461516e+00,7.176526e+00,1.256718e+00,1.089197e+00,1.094222e+00,2.769452e+00,2.321666e+00,1.047250e+00,1.948256e+00,1.980460e+00,2.450237e+00,2.104412e+00,1.118634e+00,1.698951e+00,1.042476e+00,1.117916e+00,1.049959e+00,1.418219e+00,1.052456e+00,1.297691e+00,1.111613e+00,9.541806e-01,1.132863e+00,9.982729e-01,1.183052e+00,1.081066e+00,1.208785e+00,1.118879e+00
9.545414e-01,1.025854e+00,9.389980e-01,1.080556e+00,1.128188e+00,1.204662e+00,9.814887e-01,1.151201e+00,1.190450e+00,1.216063e+00,9.895115e-01,1.066358e+00,1.102616e+00,2.458418e+00,1.086341e+00,1.275825e+00,8.523058e+00,9.458358e+00,2.069961e+00,1.122836e+00,2.727717e+00,2.341249e+00,1.084361e+00,2.604201e+00,1.574162e+00,9.327567e+00,nan,1.491796e+00,3.322128e+00,1.092963e+00,3.053881e+00,1.147183e+00,1.233386e+00,5.084350e+00,9.587207e-01,1.027987e+00,1.059608e+00,9.937176e-01,2.445741e+00,1.683365e+00,2.187189e+00,9.322006e-01,3.950273e+00,2.840967e+00,1.747425e+00,1.122017e+00,1.143681e+00,1.018032e+00,1.132931e+00,1.004030e+00,9.897429e-01,1.041866e+01,1.142451e+00,1.030417e+00,1.003322e+00,1.152572e+00,1.112592e+00,7.707266e+00,1.039305e+00,2.962817e+00,1.099496e+00,1.085580e+00,1.337453e+00,1.246705e+00,1.315324e+00,9.986999e-01,8.953568e-01,1.213549e+00,1.076305e+00,9.974611e-01,2.877202e+00,4.324680e+00,2.551599e+00,2.835375e+00,1.370621e+00,2.845796e+00,3.118281e+00,1.343993e+00,1.049506e+00,3.104983e+00,1.076117e+00,1.314749e+00,2.365233e+00,1.250382e+00,1.042900e+00,9.494510e+00,1.886034e+00,2.581659e+00,2.097800e+00,1.220395e+00,1.306861e+00,1.159091e+00,1.184745e+00,1.037266e+00,1.014788e+00,9.478124e-01,1.323160e+00,6.830986e+00,1.054200e+00,1.058008e+00,1.019756e+00,1.037397e+00,1.122650e+00,8.903555e-01,1.009186e+00,1.116425e+00,1.002663e+00,1.193157e+00
9.679673e-01,1.001553e+00,1.021078e+00,1.213958e+00,9.249488e-01,9.276076e-01,1.018926e+00,8.584436e-01,1.211825e+00,1.112631e+00,1.198067e+00,1.032020e+00,1.266600e+00,1.350178e+00,1.790106e+00,3.322236e+00,1.050397e+00,1.279829e+00,4.031509e+00,9.940688e+00,3.023569e+00,2.546822e+00,1.040230e+00,1.204811e+00,1.119573e+00,2.486698e+00,1.512985e+00,9.151517e+00,1.380103e+00,2.244988e+00,1.499944e+00,1.071815e+00,1.162564e+00,9.940278e-01,1.206526e+00,1.123971e+00,1.045484e+00,1.032771e+00,2.029681e+00,1.179468e+00,1.126403e+00,1.202245e+00,3.482890e+00,1.902324e+00,1.106111e+00,1.127906e+00,1.068177e+00,1.278267e+00,1.450616e+00,1.835431e+00,1.074097e+00,2.227474e+00,1.046784e+00,2.569488e+00,6.383001e+00,1.919766e+00,3.019184e+00,1.813942e+00,9.800090e+00,1.136436e+00,1.084734e+00,1.224084e+00,1.118255e+00,1.243960e+00,9.878396e-01,1.248530e+00,1.031808e+00,1.159777e+00,1.385145e+00,1.582028e+00,2.006027e+00,1.150489e+00,3.163048e+00,2.364073e+00,3.063064e+00,9.716414e-01,1.059439e+00,2.383360e+00,1.614502e+00,1.265686e+00,1.029231e+00,1.248881e+00,1.175147e+00,9.467780e-01,1.168563e+00,1.215143e+00,1.019374e+00,1.488461e+00,1.472835e+00,1.172126e+00,1.312635e+00,1.024399e+00,1.194410e+00,1.100660e+00,1.118466e+00,1.113687e+00,1.023695e+01,1.058659e+00,1.130766e+00,1.052191e+00,1.023761e+00,1.167319e+00,1.033827e+00,1.171533e+00,1.191577e+00,1.168453e+00,1.317949e+00,1.065334e+00
9.820954e-01,1.196946e+00,9.683043e-01,9.258882e-01,1.091649e+00,1.022175e+00,1.135574e+00,1.146978e+00,1.061893e+00,1.083776e+00,1.271282e+00,1.194396e+00,1.069300e+00,2.015432e+00,2.543699e+00,1.898239e+00,4.673269e+00,1.460682e+00,1.397566e+00,2.009592e+00,3.015849e+00,1.920875e+00,1.171331e+00,6.241165e+00,1.221248e+00,1.000859e+00,9.920201e+00,8.136519e+00,9.820198e+00,2.724600e+00,1.203071e+00,1.141995e+00,2.936192e+00,3.141514e+00,2.946176e+00,1.113492e+00,1.083978e+00,1.166084e+00,1.055873e+00,1.031529e+00,1.101734e+00,2.110118e+00,2.328799e+00,1.183433e+00,1.046245e+00,1.204791e+00,9.656642e-01,1.236185e+00,1.108851e+00,1.082257e+00,1.025751e+00,1.043249e+00,9.968317e-01,2.832336e+00,6.148491e+00,nan,2.602240e+00,1.025223e+00,1.061598e+00,1.024351e+00,1.036245e+00,1.116158e+00,9.629245e-01,9.528619e-01,1.154410e+00,1.295643e+00,2.785110e+00,9.403864e+00,1.589243e+00,9.841612e-01,2.692797e+00,2.814041e+00,9.601358e-01,1.154101e+00,1.899024e+00,2.307218e+00,4.373979e+00,1.394777e+00,1.061458e+00,1.003664e+00,3.059291e+00,2.867080e+00,1.188984e+00,9.925244e-01,9.934077e-01,1.516276e+00,1.067341e+00,1.212768e+00,2.836618e+00,1.213905e+00,1.261978e+00,9.402599e-01,1.186659e+00,1.178101e+00,9.682050e-01,1.136132e+00,2.774075e+00,1.041939e+00,1.025669e+00,1.016651e+00,1.080412e+00,1.108955e+00,1.050696e+00,1.061720e+00,1.138966e+00,9.920439e-01,1.020339e+00,9.726169e-01
1.168998e+00,1.153771e+00,1.162575e+00,1.063720e+00,9.382640e-01,1.129805e+00,1.007522e+00,1.112457e+00,1.114459e+00,1.106443e+00,9.732049e-01,1.134213e+00,9.684691e-01,9.990748e-01,1.121496e+00,9.936714e-01,1.747409e+00,5.185596e+00,1.164525e+00,2.149658e+00,1.723203e+00,2.629963e+00,5.683049e+00,1.239700e+00,2.322513e+00,2.023436e+00,1.081941e+00,2.578251e+00,2.287658e+00,1.211334e+00,3.047752e+00,9.461083e-01,2.831462e+00,8.977777e-01,9.398691e+00,1.360675e+00,1.048965e+00,1.167475e+00,1.018620e+00,1.164486e+00,1.190286e+00,1.154287e+00,8.850678e-01,1.039389e+00,1.037256e+00,1.079021e+00,1.131444e+00,1.343554e+00,1.017345e+00,1.093902e+00,1.040748e+00,1.161076e+00,9.928778e-01,1.580300e+00,1.195918e+00,1.093118e+00,1.092063e+00,5.915665e+00,1.661181e+00,1.910165e+00,4.599012e+00,1.782687e+00,1.692075e+00,2.180307e+00,1.415745e+00,1.091671e+00,nan,2.442415e+00,1.708788e+00,8.470437e+00,1.385193e+00,2.149884e+00,1.108881e+00,1.237448e+00,1.612475e+00,1.111792e+00,1.146281e+00,1.299801e+00,1.115608e+00,8.860317e-01,1.091246e+00,9.413447e-01,1.109388e+00,9.719871e-01,1.517593e+00,1.071097e+00,2.416649e+00,9.621838e-01,1.354916e+00,2.227869e+00,2.221805e+00,1.092160e+00,1.117070e+00,8.489434e-01,1.153170e+00,1.092841e+00,8.113685e+00,1.679958e+00,1.043217e+00,1.278774e+00,1.046917e+00,9.981643e-01,1.014434e+00,9.884839e-01,1.166129e+00,9.741116e-01,1.076342e+00,8.536879e-01
1.247497e+00,1.081312e+00,1.185546e+00,1.077722e+00,1.055976e+00,9.327654e-01,1.131074e+00,1.012082e+00,9.399799e-01,1.058446e+00,1.155440e+00,9.570311e-01,1.257245e+00,9.947623e-01,1.060985e+00,1.032512e+00,2.453131e+00,1.448252e+00,1.935991e+00,2.112797e+00,1.359614e+00,2.259281e+00,1.820729e+00,2.042051e+00,1.643022e+00,8.121317e+00,3.258639e+00,9.515185e+00,3.003051e+00,1.367443e+00,1.056687e+00,2.151242e+00,1.387636e+00,1.809508e+00,4.127395e+00,2.103720e+00,1.220156e+00,9.297829e-01,1.076723e+00,9.640663e-01,1.140402e+00,1.013931e+00,1.050531e+00,1.122648e+00,1.098897e+00,1.114850e+00,1.158671e+00,9.941474e-01,1.128055e+00,1.161115e+00,1.051074e+00,9.672258e-01,9.810383e-01,1.195055e+00,9.038796e-01,1.037889e+00,1.418358e+00,2.235516e+00,1.062250e+00,7.124646e+00,2.689024e+00,1.893401e+00,1.739555e+00,1.609277e+00,2.066271e+00,5.772790e+00,nan,1.672241e+00,1.505640e+00,1.837763e+00,2.102987e+00,9.715542e-01,1.183558e+00,nan,2.026624e+00,1.730397e+00,1.086794e+00,1.148020e+00,9.334968e-01,1.161309e+00,1.008601e+00,1.095708e+00,2.850954e+00,1.573135e+00,2.476765e+00,1.046624e+00,1.054633e+00,9.327718e-01,1.005588e+00,1.979045e+00,1.060703e+00,1.097032e+00,1.004035e+00,9.892316e-01,1.091711e+00,2.073662e+00,1.135864e+00,1.007842e+00,1.034091e+00,1.041576e+00,1.117112e+00,1.044253e+00,9.767898e-01,1.153502e+00,1.147602e+00,1.047464e+00,9.691427e-01,8.907362e-01
1.017093e+00,1.019164e+00,1.057386e+00,9.814687e-01,8.874872e-01,9.716138e-01,9.893213e-01,9.817092e-01,1.238939e+00,9.528645e-01,1.002250e+00,9.236974e-01,9.941261e-01,1.020391e+00,1.029083e+00,1.819964e+00,1.139833e+00,9.205205e-01,2.057701e+00,2.743874e+00,1.126080e+00,1.600887e+00,2.495098e+00,1.899281e+00,2.101628e+00,1.842635e+00,1.557695e+00,2.117300e+00,4.150997e+00,2.961100e+00,2.374490e+00,1.002445e+00,2.564977e+00,2.563675e+00,1.032664e+01,1.076037e+00,1.073241e+00,2.608448e+00,1.007748e+00,9.672849e-01,1.611270e+00,2.614820e+00,1.684111e+00,1.032268e+00,1.130632e+00,2.445500e+00,2.723365e+00,1.049061e+00,2.884111e+00,2.274444e+00,1.181807e+00,1.030028e+00,1.078872e+00,9.868663e-01,1.108716e+00,1.753064e+00,2.773780e+00,1.668415e+00,3.335727e+00,9.881121e+00,1.824255e+00,2.610121e+00,2.472557e+00,2.802721e+00,1.069024e+00,1.884057e+00,1.112705e+00,2.777608e+00,1.258904e+00,1.371310e+00,1.075786e+00,1.922694e+00,1.067294e+00,9.351993e-01,2.536898e+00,2.586814e+00,1.021984e+00,1.279145e+00,2.291035e+00,9.507681e-01,2.348103e+00,1.061661e+00,7.544876e+00,1.523134e+00,1.045737e+00,1.419522e+00,1.203927e+00,1.026825e+00,1.006823e+00,9.905198e-01,1.003559e+00,1.088117e+00,1.148262e+00,1.043896e+00,1.234866e+00,5.760144e+00,9.559376e-01,9.797043e-01,1.083963e+00,1.282037e+00,1.055697e+00,1.169954e+00,9.905797e-01,1.031752e+00,1.092344e+00,9.678998e-01,1.193079e+00,1.125753e+00
1.004536e+00,9.721652e-01,9.732974e-01,9.623376e-01,1.084221e+00,1.057950e+00,8.394065e-01,9.410532e-01,9.065157e-01,9.098147e-01,1.000098e+00,2.311158e+00,9.776364e-01,1.106509e+00,9.714896e-01,1.527330e+00,1.919503e+00,1.171479e+00,2.896846e+00,1.037525e+01,3.208131e+00,1.074105e+00,4.919563e+00,2.419724e+00,1.358139e+00,2.096336e+00,1.041866e+01,1.322173e+00,1.017031e+00,2.168877e+00,1.774902e+00,2.785845e+00,1.841342e+00,6.599751e+00,1.209301e+00,1.147238e+00,1.338673e+00,8.910394e+00,1.064217e+00,1.476112e+00,8.765412e+00,2.520675e+00,1.268423e+00,3.244607e+00,2.477379e+00,2.737983e+00,2.783261e+00,7.220690e+00,2.700060e+00,1.575017e+00,3.122845e+00,9.368820e-01,1.731089e+00,3.099791e+00,6.340505e+00,3.231207e+00,8.691721e+00,nan,2.506705e+00,1.934634e+00,2.803818e+00,1.234685e+00,1.525999e+00,2.232989e+00,9.655949e+00,2.585338e+00,1.008689e+00,2.770075e+00,2.361022e+00,3.057161e+00,3.121439e+00,2.261573e+00,1.008950e+00,2.235973e+00,nan,2.063526e+00,1.755742e+00,9.632787e-01,1.429361e+00,1.002992e+00,9.970576e-01,2.086149e+00,2.878914e+00,9.808926e-01,3.162273e+00,1.365615e+00,1.685106e+00,2.101590e+00,1.108511e+00,1.279859e+00,9.909814e-01,9.954423e-01,8.501273e-01,9.523492e-01,2.468392e+00,1.077539e+00,9.405338e-01,1.114804e+00,8.546911e-01,9.294096e-01,9.626034e-01,9.912506e-01,9.450712e-01,8.457727e-01,9.162337e-01,9.847918e-01,9.838236e-01,8.755609e-01
9.568067e-01,9.702864e-01,8.786194e-01,9.801639e-01,9.531217e-01,1.066450e+00,9.091067e-01,9.119604e-01,9.665604e-01,1.006505e+00,1.000195e+00,1.033240e+00,1.051465e+00,1.005107e+00,1.034871e+00,1.193784e+00,3.033077e+00,1.672959e+00,2.534528e+00,8.449248e+00,1.135309e+00,2.559470e+00,2.062187e+00,2.194321e+00,2.384634e+00,1.660087e+00,3.591666e+00,1.813820e+00,nan,2.707023e+00,5.750332e+00,2.279389e+00,1.230798e+00,9.668300e+00,2.175652e+00,2.004542e+00,5.013911e+00,9.607674e-01,1.951830e+00,1.270107e+00,9.496284e+00,1.533208e+00,2.314130e+00,1.898126e+00,2.543249e+00,2.497505e+00,9.481158e-01,1.304124e+00,7.167891e+00,3.292142e+00,1.280915e+00,2.545324e+00,1.041791e+01,2.136327e+00,1.050709e+00,1.794920e+00,2.415997e+00,1.603503e+00,1.434691e+00,1.615357e+00,1.013824e+00,2.254036e+00,1.207661e+00,3.129893e+00,1.342451e+00,2.859108e+00,1.254266e+00,2.677744e+00,2.753288e+00,2.838767e+00,1.236603e+00,2.864134e+00,2.606780e+00,2.939395e+00,1.031605e+00,1.026264e+00,1.676262e+00,9.934198e-01,9.318570e-01,1.094698e+00,4.836088e+00,1.550966e+00,9.356177e-01,1.904867e+00,9.306407e-01,1.897445e+00,2.833278e+00,1.080654e+00,9.675173e-01,1.072690e+00,9.879283e-01,1.113196e+00,1.002918e+00,2.644315e+00,1.119522e+00,2.821405e+00,8.729987e-01,9.725673e-01,9.448633e-01,1.153707e+00,9.360258e-01,9.710096e-01,1.039644e+00,1.190460e+00,9.313387e-01,1.021686e+00,1.073398e+00,9.467217e-01
9.983846e-01,9.731348e-01,9.603165e-01,1.076487e+00,1.246406e+00,9.512835e-01,9.599624e-01,1.051408e+00,1.040747e+00,1.033134e+00,1.057470e+00,1.150384e+00,1.005061e+00,8.664311e-01,9.614407e-01,2.622283e+00,9.966980e-01,1.042522e+00,1.532751e+00,1.612098e+00,5.569922e+00,1.711860e+00,2.260924e+00,2.884451e+00,9.663359e+00,3.314036e+00,8.880221e+00,9.404865e+00,1.412666e+00,2.690840e+00,9.938283e+00,1.633911e+00,1.545410e+00,4.349676e+00,1.446803e+00,1.023771e+01,2.113537e+00,1.642016e+00,2.517624e+00,1.159707e+00,1.113585e+00,9.624184e+00,2.965807e+00,2.687802e+00,1.751664e+00,3.211008e+00,3.126535e+00,3.169672e+00,3.276554e+00,1.419686e+00,2.351274e+00,nan,2.603321e+00,1.082519e+00,1.040702e+01,2.886947e+00,3.012129e+00,3.010282e+00,3.197209e+00,2.369435e+00,3.649882e+00,3.297177e+00,1.060133e+00,3.669891e+00,9.588329e-01,7.419557e+00,7.968356e+00,1.982679e+00,2.730873e+00,1.128838e+00,7.313688e+00,1.551238e+00,3.083841e+00,3.298819e+00,2.423513e+00,1.058686e+00,1.084409e+00,9.778161e-01,9.648134e-01,1.083772e+00,1.227795e+00,2.824477e+00,9.471665e-01,1.994583e+00,1.022140e+00,1.955911e+00,1.134762e+00,8.796329e-01,9.069726e-01,9.211041e-01,9.228401e-01,8.258318e-01,9.105344e-01,1.036751e+01,9.244796e-01,8.948117e-01,8.798241e-01,9.563448e-01,9.714109e-01,9.448021e-01,1.091318e+00,1.109292e+00,9.973991e-01,9.505114e-01,9.597970e-01,8.978476e-01,9.569572e-01,1.047672e+00
8.759892e-01,9.895399e-01,1.123340e+00,1.072151e+00,1.040290e+00,9.323276e-01,9.658106e-01,9.618875e-01,8.934876e-01,1.063929e+00,9.288315e-01,1.053096e+00,9.977317e-01,2.118557e+00,8.717723e-01,8.884887e-01,8.934713e-01,1.305835e+00,1.112506e+00,9.377713e-01,1.038925e+01,1.025185e+01,2.672425e+00,3.110029e+00,2.071640e+00,1.146822e+00,2.722165e+00,2.501867e+00,2.407004e+00,2.505290e+00,2.277830e+00,1.041866e+01,1.019969e+00,1.339010e+00,1.670286e+00,1.197462e+00,1.099609e+00,2.669907e+00,2.821008e+00,2.408918e+00,2.514466e+00,1.225789e+00,8.002090e+00,1.083651e+00,2.087859e+00,2.612184e+00,1.447623e+00,2.270993e+00,1.641335e+00,1.617575e+00,2.432573e+00,2.831296e+00,2.265299e+00,2.101048e+00,2.819261e+00,1.219604e+00,1.595499e+00,2.814780e+00,1.547973e+00,9.762428e-01,2.263173e+00,1.779770e+00,1.001276e+01,2.415234e+00,1.009458e+00,1.165723e+00,5.810104e+00,1.174998e+00,1.858024e+00,1.627156e+00,1.252581e+00,2.388998e+00,1.334393e+00,9.295894e-01,2.231883e+00,2.361955e+00,1.044123e+00,9.146465e-01,1.043797e+00,2.371427e+00,1.073186e+00,8.968790e-01,1.301183e+00,9.457726e-01,1.381019e+00,9.512999e-01,8.887970e-01,9.420760e-01,9.314012e-01,1.178324e+00,1.034876e+00,9.719313e-01,1.145100e+00,9.367730e-01,9.364028e-01,9.606547e-01,9.696126e-01,1.027028e+00,9.395905e-01,1.011649e+00,9.289991e-01,1.185913e+00,9.828774e-01,9.992295e-01,1.067633e+00,9.223187e-01,1.022219e+00,1.102205e+00
8.722220e-01,9.195332e-01,1.030420e+00,9.364509e-01,9.314882e-01,1.043800e+00,9.875431e-01,1.006041e+00,1.061252e+00,1.167636e+00,1.063315e+00,9.328747e-01,1.080865e+00,1.378812e+00,1.020994e+00,9.329098e-01,9.419623e-01,9.394593e-01,1.855798e+00,2.474779e+00,1.939810e+00,1.658242e+00,1.957440e+00,2.505803e+00,2.510127e+00,1.094308e+00,1.233732e+00,1.025155e+00,2.130106e+00,1.074297e+00,1.009221e+00,1.062709e+00,2.374422e+00,nan,1.100172e+00,2.116880e+00,2.541639e+00,2.130194e+00,1.216134e+00,8.670624e+00,1.920924e+00,8.393406e+00,1.663930e+00,1.936421e+00,1.022491e+00,1.505798e+00,2.773887e+00,2.499349e+00,2.952418e+00,1.146850e+00,1.119516e+00,9.617839e-01,1.097245e+00,2.054506e+00,9.812270e-01,1.120502e+00,1.411585e+00,1.353716e+00,2.585096e+00,2.982524e+00,1.230923e+00,1.178331e+00,2.697042e+00,9.531545e-01,8.757224e-01,1.429112e+00,nan,2.273955e+00,7.213110e+00,2.517471e+00,1.209651e+00,2.155788e+00,2.682337e+00,2.615247e+00,6.156554e+00,2.612552e+00,2.103896e+00,1.553836e+00,2.157005e+00,1.099884e+00,2.038605e+00,1.726022e+00,4.712102e+00,2.564221e+00,1.806625e+00,9.761861e-01,1.068076e+00,1.103340e+00,1.016498e+00,9.378648e-01,9.425635e-01,1.458924e+00,2.122026e+00,1.028816e+00,9.796519e-01,9.480401e-01,8.839144e-01,1.168331e+00,1.144412e+00,9.692182e-01,9.616470e-01,1.002604e+00,8.550392e-01,9.562192e-01,9.997990e-01,9.111518e-01,9.271974e-01,9.584614e-01
1.051224e+00,9.438617e-01,9.629213e-01,1.033035e+00,9.416982e-01,9.899288e-01,9.444240e-01,9.584624e-01,9.945248e-01,9.439781e-01,9.987046e-01,1.017030e+00,8.466728e-01,9.685730e-01,1.079951e+00,1.050856e+00,1.048176e+00,1.049459e+00,9.945731e-01,2.201545e+00,1.070862e+00,2.346095e+00,3.201644e+00,2.608013e+00,5.599972e+00,7.159542e+00,2.807418e+00,1.036034e+01,1.310042e+00,2.581060e+00,1.075359e+00,1.415897e+00,8.250502e+00,3.004176e+00,2.455930e+00,1.775133e+00,2.681307e+00,2.549228e+00,1.862386e+00,2.044712e+00,1.179199e+00,1.897968e+00,3.571682e+00,1.427935e+00,1.136281e+00,9.287120e+00,1.940128e+00,1.905989e+00,9.895380e-01,2.809737e+00,1.845119e+00,2.954114e+00,1.026752e+00,2.248874e+00,1.779312e+00,1.619367e+00,2.765431e+00,1.040484e+00,9.324270e-01,1.165789e+00,2.901876e+00,1.255794e+00,1.413872e+00,3.223109e+00,2.941576e+00,1.371181e+00,nan,1.823762e+00,1.416973e+00,9.921409e-01,1.755649e+00,1.053689e+00,2.747504e+00,2.476634e+00,1.353888e+00,1.850323e+00,2.768327e+00,2.401562e+00,2.611590e+00,1.234196e+00,9.639429e-01,1.693428e+00,5.920468e+00,1.249838e+00,8.826417e-01,9.146628e-01,1.552448e+00,1.107484e+00,1.030417e+00,1.245146e+00,1.548484e+00,1.201447e+00,1.039005e+00,9.529219e-01,9.783298e-01,1.019633e+00,1.115576e+00,1.074881e+00,1.053800e+00,1.010256e+00,9.913142e-01,9.129667e-01,9.736274e-01,8.872646e-01,9.529799e-01,1.005423e+00,9.896382e-01,1.018536e+00
9.666528e-01,8.792044e-01,9.901674e-01,1.064835e+00,9.808940e-01,8.793399e-01,9.764237e-01,1.027734e+00,9.026055e-01,1.002959e+00,9.084711e-01,8.782381e-01,9.558878e-01,1.100317e+00,9.824173e-01,1.690332e+00,1.111202e+00,8.889081e-01,8.984082e-01,9.676202e-01,1.839659e+00,2.489134e+00,1.222792e+00,1.226227e+00,1.076895e+00,1.960134e+00,2.157581e+00,1.385645e+00,4.077235e+00,2.118999e+00,nan,2.455644e+00,8.887435e+00,8.045601e+00,1.972734e+00,3.194112e+00,2.314862e+00,2.120919e+00,1.056599e+00,2.610184e+00,4.931959e+00,1.168128e+00,2.375597e+00,1.434119e+00,2.855145e+00,8.187768e+00,9.926762e-01,2.619539e+00,3.055595e+00,2.394345e+00,2.544035e+00,2.568603e+00,8.618951e+00,2.650699e+00,1.574264e+00,1.741307e+00,2.086385e+00,1.684124e+00,1.553670e+00,3.140130e+00,1.944751e+00,7.272612e+00,2.066258e+00,3.145942e+00,1.420528e+00,9.613824e+00,2.094028e+00,2.170558e+00,2.302905e+00,9.363010e-01,2.472707e+00,2.315145e+00,9.571660e-01,1.027209e+00,9.806925e-01,2.220592e+00,2.715488e+00,1.636910e+00,1.571463e+00,1.932480e+00,1.608120e+00,3.168009e+00,1.890381e+00,1.181469e+00,1.535237e+00,9.548650e-01,8.857997e-01,9.494195e-01,1.080316e+00,1.178049e+00,1.274449e+00,9.166503e-01,8.572127e-01,1.028309e+00,9.203830e-01,9.684301e-01,9.533143e-01,9.283479e-01,7.930853e-01,8.862284e-01,7.915175e-01,9.105944e-01,8.854041e-01,1.015420e+00,9.047480e-01,9.004465e-01,8.417951e-01,8.487253e-01
8.867670e-01,1.161451e+00,1.091736e+00,8.527844e-01,9.704552e-01,1.072260e+00,9.940494e-01,1.041129e+00,1.026394e+00,1.086221e+00,9.782895e-01,1.013012e+00,9.565085e-01,1.003059e+00,1.191184e+00,8.937783e-01,9.884423e-01,1.159809e+00,9.640001e-01,9.203040e-01,9.472292e-01,2.156257e+00,1.979304e+00,2.064324e+00,1.002530e+00,8.726917e-01,1.441310e+00,1.092854e+00,1.769999e+00,1.275463e+00,2.541247e+00,2.259371e+00,1.639995e+00,9.526072e-01,1.871528e+00,2.017535e+00,1.901102e+00,7.557028e+00,2.458935e+00,1.606002e+00,8.251495e+00,9.664654e+00,1.075810e+00,2.005687e+00,1.131507e+00,1.009582e+00,2.497750e+00,2.093894e+00,1.014496e+00,9.285950e+00,1.787123e+00,1.767360e+00,1.149976e+00,1.353047e+00,1.024718e+01,1.142784e+00,1.448872e+00,2.197221e+00,1.362995e+00,2.224760e+00,9.008105e+00,5.654536e+00,1.573795e+00,7.831862e+00,4.311109e+00,1.678799e+00,8.921137e-01,1.305335e+00,2.139165e+00,9.215038e-01,9.152666e-01,9.401037e-01,8.586505e-01,9.120530e-01,1.812675e+00,1.853850e+00,1.187229e+00,1.813063e+00,3.609990e+00,9.624615e-01,9.870299e-01,1.261502e+00,9.125589e-01,1.386999e+00,1.080702e+00,8.925477e-01,9.476385e-01,8.933386e-01,8.814173e-01,1.015080e+00,9.684892e-01,1.348439e+00,9.696328e-01,1.014020e+00,8.023515e-01,8.523251e-01,9.675043e-01,8.096633e-01,8.790164e-01,1.034494e+00,9.061353e-01,9.635823e-01,8.936782e-01,8.717721e-01,8.710549e-01,9.046487e-01,1.041091e+00,9.395390e-01
1.033531e+00,8.981918e-01,9.510585e-01,1.070084e+00,9.879376e-01,9.798584e-01,1.046590e+00,1.122622e+00,1.043553e+00,9.913154e-01,1.083433e+00,1.068495e+00,1.075930e+00,9.270740e-01,8.560433e-01,2.300773e+00,9.906323e-01,1.000679e+00,9.684470e-01,9.428728e-01,9.633772e-01,1.403869e+00,1.279928e+00,2.115611e+00,1.079668e+00,1.174632e+00,2.464737e+00,2.064685e+00,2.064136e+00,1.351213e+00,2.001751e+00,2.018167e+00,2.354682e+00,8.710927e-01,2.262178e+00,3.180131e+00,1.037132e+00,1.577212e+00,2.347480e+00,1.282078e+00,1.168466e+00,2.683473e+00,9.986442e-01,9.917946e-01,2.327799e+00,6.323186e+00,1.151531e+00,2.313603e+00,2.364557e+00,1.424826e+00,9.543911e+00,1.439658e+00,1.579094e+00,9.841621e-01,2.245094e+00,2.320274e+00,1.204907e+00,1.075725e+00,8.923498e-01,2.428155e+00,1.005600e+00,2.832689e+00,1.947116e+00,1.449928e+00,3.535793e+00,6.095402e+00,2.906875e+00,1.413311e+00,9.327028e-01,9.416074e-01,9.585705e-01,8.562674e-01,1.216275e+00,2.596712e+00,2.397078e+00,9.812966e-01,1.012729e+00,8.998313e-01,1.118358e+00,1.301319e+00,1.010017e+00,1.001468e+00,1.246228e+00,9.899019e-01,1.017395e+00,1.005119e+00,1.012510e+00,1.072394e+00,1.025489e+01,9.969674e-01,1.002093e+00,1.029133e+00,1.082057e+00,1.094484e+00,8.242331e-01,9.012876e-01,8.833140e-01,9.886223e-01,9.423870e-01,9.670909e-01,1.102143e+00,1.022486e+00,9.977783e-01,9.501089e-01,9.108955e-01,9.826730e-01,1.033748e+00,9.557594e-01
9.468273e-01,1.026752e+00,8.773141e-01,1.110354e+00,9.831839e-01,8.611408e-01,9.862608e-01,8.733541e-01,9.118513e-01,9.672366e-01,1.064548e+00,9.767363e-01,9.678796e-01,1.016283e+00,1.030078e+00,9.531709e-01,1.010802e+00,8.918520e-01,9.525815e-01,9.668503e-01,9.519058e-01,1.063036e+00,8.932125e-01,9.795854e-01,2.400801e+00,2.049034e+00,1.609728e+00,1.721938e+00,2.815674e+00,1.096177e+00,1.262278e+00,9.312239e-01,2.104582e+00,1.040200e+00,1.121995e+00,1.651734e+00,2.094984e+00,2.778975e+00,2.303506e+00,2.212477e+00,1.685065e+00,1.093391e+00,2.748335e+00,2.362410e+00,2.296104e+00,nan,1.620438e+00,1.436274e+00,1.258879e+00,9.406067e-01,1.928313e+00,1.158000e+00,2.051328e+00,1.014322e+00,5.612799e+00,9.996975e-01,1.034652e+01,2.361034e+00,2.281444e+00,2.489053e+00,9.963510e-01,1.079748e+00,1.114352e+00,2.941671e+00,2.674186e+00,2.857481e+00,1.036492e+00,1.156335e+00,1.077353e+00,8.948145e-01,1.013383e+00,2.111803e+00,2.210530e+00,1.005170e+00,2.922757e+00,2.594305e+00,1.140730e+00,1.968345e+00,1.044754e+00,1.924853e+00,1.224879e+00,1.020620e+00,9.328258e-01,1.050363e+00,9.556838e-01,1.016277e+00,9.591940e-01,1.331559e+00,2.409082e+00,1.270496e+00,9.619698e-01,1.020884e+00,9.387650e-01,9.521484e-01,1.062323e+00,8.619068e-01,1.020017e+00,1.064614e+00,8.455727e-01,1.007432e+00,1.124154e+00,1.069203e+00,1.032940e+00,1.073435e+00,9.764833e-01,9.556741e-01,9.924547e-01,9.574149e-01
9.141316e-01,9.458145e-01,9.144737e-01,9.782903e-01,1.080752e+00,1.009140e+00,9.655703e-01,9.395316e-01,9.821464e-01,9.742060e-01,1.206894e+00,1.001947e+00,1.097400e+00,1.016043e+00,1.038436e+00,8.209495e-01,9.876417e-01,9.402545e-01,8.530302e-01,9.440519e-01,1.123831e+00,1.032573e+00,1.044866e+00,1.518028e+00,1.138472e+00,1.007956e+00,1.549371e+00,1.082535e+00,1.534759e+00,1.364226e+00,1.652797e+00,2.532589e+00,1.162328e+00,2.758815e+00,9.684502e+00,9.198570e-01,2.523714e+00,1.285761e+00,1.834726e+00,1.547948e+00,2.465403e+00,2.717705e+00,2.617381e+00,1.543744e+00,2.351378e+00,9.870116e+00,1.759323e+00,2.601545e+00,9.799016e-01,2.075392e+00,1.369089e+00,9.466041e-01,1.045312e+00,1.017681e+00,9.692909e-01,1.355215e+00,1.664835e+00,1.053309e+00,1.591136e+00,1.304528e+00,2.274923e+00,2.193633e+00,1.379307e+00,5.111848e+00,9.113106e-01,1.009781e+00,1.878256e+00,9.698191e-01,1.030292e+00,1.203336e+00,1.577178e+00,1.665621e+00,1.798529e+00,1.541079e+00,1.283713e+00,1.777216e+00,1.108572e+00,8.642112e+00,9.169955e-01,1.061886e+00,8.987288e-01,9.199960e-01,1.018780e+00,9.257651e-01,1.044156e+00,1.053711e+00,2.043421e+00,1.213569e+00,1.101248e+00,1.131606e+00,9.525432e-01,9.303521e-01,1.001147e+00,9.046228e-01,9.686793e-01,1.034991e+00,9.503248e-01,8.553364e-01,9.162201e-01,1.033340e+00,9.756816e-01,8.830098e-01,1.025861e+00,1.037292e+00,1.055024e+00,9.111889e-01,1.157680e+00,9.015839e-01
9.674033e-01,1.020592e+00,9.314205e-01,9.339217e-01,1.236413e+00,9.068090e-01,1.039284e+00,9.902044e-01,8.934642e-01,9.229633e-01,9.714300e-01,1.088200e+00,9.803400e-01,9.122642e-01,1.034906e+00,9.658610e-01,9.819482e-01,9.036491e-01,8.690316e-01,8.366841e-01,8.242934e-01,9.484303e-01,9.514163e-01,9.689608e-01,1.011062e+00,1.010264e+00,9.102365e-01,1.294590e+00,1.684589e+00,2.847830e+00,2.085388e+00,2.162066e+00,nan,2.125233e+00,1.578456e+00,8.887592e-01,1.220023e+00,2.037284e+00,3.111783e+00,2.587531e+00,1.668202e+00,2.235002e+00,1.824692e+00,1.037892e+00,1.830178e+00,1.481180e+00,9.167412e-01,9.868157e-01,1.018487e+00,9.438295e-01,1.014058e+00,1.175781e+00,1.174312e+00,1.008948e+00,9.055653e-01,1.890121e+00,9.830613e-01,1.082120e+00,2.430557e+00,8.734280e-01,1.037951e+00,1.483152e+00,2.186883e+00,8.899694e-01,1.053494e+00,1.055411e+00,2.135558e+00,2.721857e+00,1.236412e+00,2.916565e+00,2.218186e+00,9.416054e-01,9.655470e-01,1.449841e+00,8.659204e-01,2.738032e+00,1.002197e+00,2.174886e+00,1.057289e+00,9.473694e-01,9.418099e-01,9.244030e-01,1.007572e+00,1.035783e+00,9.414014e-01,1.025223e+00,1.093705e+00,8.863100e-01,9.319775e-01,9.453465e-01,1.123433e+00,1.001146e+00,1.148995e+00,1.015101e+00,1.081154e+00,1.032666e+00,9.164366e-01,1.090549e+00,9.591109e-01,9.564051e-01,1.005765e+00,1.083508e+00,9.682746e-01,1.003013e+00,9.295712e-01,9.968942e-01,9.106376e-01,1.117649e+00
9.156052e-01,1.092547e+00,9.710802e-01,1.139336e+00,1.078833e+00,1.051685e+00,9.931815e-01,9.015013e-01,9.653593e-01,1.043330e+00,1.020758e+00,9.332593e-01,9.622681e-01,1.024319e+00,9.972497e-01,8.529656e-01,1.005708e+00,9.905881e-01,1.002722e+00,1.251054e+00,1.047319e+00,1.064556e+00,1.057262e+00,9.349901e-01,1.017422e+00,1.063021e+00,1.760767e+00,8.597290e-01,9.758175e-01,9.915395e-01,1.852248e+00,8.968303e+00,2.336338e+00,2.340082e+00,1.678945e+00,2.418723e+00,4.306028e+00,1.874345e+00,4.191839e+00,1.226052e+00,1.732805e+00,2.979876e+00,2.725081e+00,2.682536e+00,1.451265e+00,1.752016e+00,1.386086e+00,2.174674e+00,1.081668e+00,9.846535e-01,1.146896e+00,8.989440e-01,9.357175e-01,1.017037e+00,9.389241e-01,1.092576e+00,1.041180e+00,1.125660e+00,1.002552e+00,1.216652e+00,1.981631e+00,1.100872e+00,1.923334e+00,2.098193e+00,2.219937e+00,2.660497e+00,1.236341e+00,2.399291e+00,1.896489e+00,2.335348e+00,1.121305e+00,9.188734e-01,1.071790e+00,1.074238e+00,1.046094e+00,1.873735e+00,8.211300e-01,9.610118e-01,1.064286e+00,1.147923e+00,9.399361e-01,9.509884e-01,9.381372e-01,1.054814e+00,1.144988e+00,9.677277e-01,1.171478e+00,1.042345e+00,1.185875e+00,9.661857e-01,9.626411e-01,1.049997e+00,9.064413e-01,9.746846e-01,9.601736e-01,9.639936e-01,9.491010e-01,1.043247e+00,1.091530e+00,8.533998e-01,9.893302e-01,1.096129e+00,9.153905e-01,9.429026e-01,8.941627e-01,9.599475e-01,8.839348e-01,1.014002e+00
9.047852e-01,8.732406e-01,1.195070e+00,9.302200e-01,1.015710e+00,9.441117e-01,9.968390e-01,1.016470e+00,9.552969e-01,1.148521e+00,1.163789e+00,8.723401e-01,1.026652e+00,1.256745e+00,1.287233e+00,1.107379e+00,9.440691e-01,9.300508e-01,1.038971e+00,8.849019e-01,1.067455e+00,1.208742e+00,1.029894e+00,1.092455e+00,9.689234e-01,9.899106e-01,9.869684e-01,1.006803e+00,1.099013e+00,9.811263e-01,1.884561e+00,2.165966e+00,1.046408e+00,1.822473e+00,1.470847e+00,1.672899e+00,4.857747e+00,8.659502e-01,1.836723e+00,2.457764e+00,1.738986e+00,1.320925e+00,1.110758e+00,9.921943e-01,1.032173e+00,2.072474e+00,1.453824e+00,9.789082e-01,1.904040e+00,1.035365e+00,1.001345e+00,1.062428e+00,9.607662e-01,1.091530e+00,9.723579e-01,9.732896e-01,1.063472e+00,9.759628e-01,2.764746e+00,9.613643e-01,2.148873e+00,1.139188e+00,9.959865e-01,1.770927e+00,1.433767e+00,2.192922e+00,9.794560e-01,1.210644e+00,1.429685e+00,1.334768e+00,9.876160e-01,2.388692e+00,9.010421e-01,1.002714e+00,1.132210e+00,1.045107e+00,1.138848e+00,9.765567e-01,1.067600e+00,1.026758e+00,1.121161e+00,9.478343e-01,1.036081e+00,1.026639e+00,1.391074e+00,9.199786e-01,9.787554e-01,9.253217e-01,8.691795e-01,9.933210e-01,1.096110e+00,9.186670e-01,9.292336e-01,1.080328e+00,9.989064e-01,1.011986e+00,1.021530e+00,9.319950e-01,1.055299e+00,1.002934e+00,8.634515e-01,1.047302e+00,1.030469e+00,9.373007e-01,9.625294e-01,9.979554e-01,1.037644e+00,1.064006e+00
1.070191e+00,9.079851e-01,9.713630e-01,1.029895e+00,9.285257e-01,9.015048e-01,9.349537e-01,9.653395e-01,9.934485e-01,1.025468e+00,8.525094e-01,9.646154e-01,1.036537e+00,8.990964e-01,1.076345e+00,9.419158e-01,9.647006e-01,9.481256e-01,1.000747e+00,9.961404e-01,9.738893e-01,1.021898e+00,1.498971e+00,8.690397e-01,8.811193e-01,9.859626e-01,1.041702e+00,1.091538e+00,8.689455e-01,9.473231e-01,9.383394e-01,9.835133e-01,1.355725e+00,1.008832e+00,1.275287e+00,1.072682e+00,1.296306e+00,1.069554e+00,9.513455e+00,2.094853e+00,2.035191e+00,5.488947e+00,1.444606e+00,2.199401e+00,2.016501e+00,1.079039e+00,1.019536e+00,1.908061e+00,9.769321e-01,1.515063e+00,9.661126e-01,9.407407e-01,1.028812e+00,1.133769e+00,9.092936e-01,3.211990e+00,3.251362e+00,4.449346e+00,9.665155e-01,1.519271e+00,1.031012e+00,1.705269e+00,5.059977e+00,1.311713e+00,1.102883e+00,9.490162e-01,1.442196e+00,1.652327e+00,1.410318e+00,1.429450e+00,1.411975e+00,9.108115e-01,1.200613e+00,1.361696e+00,9.128512e-01,9.265021e-01,8.638944e-01,9.319862e-01,8.726396e-01,1.179968e+00,1.030571e+00,1.123044e+00,2.744353e+00,1.046969e+00,9.136246e-01,9.710130e-01,1.182102e+00,1.092594e+00,8.302386e-01,1.041712e+00,9.659843e-01,1.127102e+00,1.097603e+00,8.948457e-01,1.008416e+00,1.026814e+00,9.860149e-01,1.101008e+00,8.974273e-01,9.462259e-01,9.350065e-01,9.745470e-01,9.431982e-01,1.006687e+00,8.901379e-01,1.013802e+00,9.124926e-01,9.777289e-01
9.200465e-01,9.678295e-01,9.957920e-01,9.215999e-01,8.570573e-01,8.697912e-01,9.009358e-01,9.497066e-01,9.741821e-01,1.098731e+00,9.130056e-01,9.069099e-01,8.862519e-01,1.011764e+00,8.915507e-01,1.032107e+00,8.824629e-01,1.044434e+00,9.439499e-01,9.666005e-01,9.558247e-01,1.071023e+00,8.941518e-01,9.913600e-01,1.212197e+00,8.797727e-01,9.979284e-01,1.075936e+00,1.095193e+00,1.070802e+00,1.183751e+00,9.218990e-01,1.015452e+00,3.102831e+00,2.113970e+00,1.829082e+00,9.624507e-01,2.045447e+00,2.670279e+00,9.481887e+00,3.832455e+00,2.299232e+00,1.015876e+00,2.242226e+00,1.437119e+00,2.754176e+00,1.002600e+00,9.310314e-01,1.604402e+00,8.952429e-01,2.054170e+00,1.495744e+00,9.883271e-01,1.642474e+00,9.318595e-01,1.059646e+00,1.787089e+00,1.333547e+00,1.056483e+00,2.931818e+00,9.926602e-01,2.145594e+00,9.120560e-01,2.016706e+00,1.011613e+00,2.115856e+00,1.822463e+00,1.003745e+00,1.686725e+00,1.426041e+00,9.335138e-01,2.448700e+00,9.113876e-01,8.563803e-01,9.410320e-01,9.873215e-01,9.950990e-01,1.024927e+00,1.017680e+00,9.644706e-01,1.178122e+00,9.902042e-01,9.931258e-01,1.537702e+00,9.850430e-01,8.793961e-01,1.035544e+00,8.793892e-01,9.927161e-01,9.573914e-01,9.947415e-01,9.595498e-01,9.231784e-01,8.652718e-01,1.036184e+00,9.942582e-01,9.243027e-01,9.411458e-01,9.256768e-01,9.838725e-01,9.862639e-01,1.000014e+00,9.354583e-01,1.048267e+00,9.080211e-01,9.560058e-01,9.303770e-01,8.589251e-01
8.767365e-01,9.979030e-01,9.268615e-01,1.037056e+00,8.830411e-01,9.120794e-01,9.277881e-01,9.737923e-01,9.601320e-01,1.017628e+00,1.030562e+00,9.646433e-01,9.312504e-01,1.007190e+00,1.012207e+00,8.877751e-01,1.049759e+00,9.538539e-01,8.988889e-01,1.066190e+00,9.156770e-01,8.528629e-01,9.337479e-01,9.135157e-01,1.080281e+00,1.019184e+00,9.393108e-01,9.780364e-01,9.864651e-01,8.630786e-01,9.594705e-01,2.203200e+00,1.070628e+00,1.388319e+00,1.132971e+00,3.183443e+00,2.425426e+00,1.384726e+00,2.389231e+00,1.300717e+00,1.212513e+00,3.088543e+00,1.303542e+00,3.723234e+00,9.616730e-01,1.023915e+00,1.058012e+00,9.257771e-01,2.099110e+00,8.743104e-01,1.107513e+00,9.771841e-01,1.079801e+00,9.667541e-01,1.002615e+00,1.199908e+00,1.354685e+00,1.944721e+00,1.960548e+00,2.874293e+00,2.027663e+00,1.136626e+00,2.346894e+00,7.428218e+00,2.734238e+00,2.425873e+00,2.361408e+00,1.292016e+00,1.433885e+00,8.943181e-01,9.235320e-01,1.053803e+00,9.748101e-01,2.252168e+00,9.991551e-01,9.915684e-01,9.869528e-01,9.695218e-01,9.256525e-01,1.403705e+00,3.921419e+00,9.464306e-01,1.134002e+00,9.181416e-01,9.708460e-01,9.676265e-01,9.599647e-01,9.963406e-01,9.972048e-01,9.984446e-01,1.010087e+00,9.205160e-01,9.807569e-01,1.002813e+00,9.116842e-01,9.773547e-01,9.624376e-01,9.530495e-01,8.957635e-01,9.451115e-01,1.042430e+00,1.018098e+00,8.980144e-01,9.250790e-01,9.262117e-01,1.029643e+00,8.863020e-01,8.223406e-01
9.975423e-01,1.024261e+00,9.037085e-01,9.473794e-01,9.509812e-01,9.128073e-01,9.341790e-01,1.025274e+00,9.775386e-01,9.518013e-01,9.517375e-01,1.099166e+00,9.223158e-01,1.036799e+00,1.167548e+00,1.053592e+00,9.168523e-01,1.004108e+00,1.073417e+00,9.659540e-01,9.694676e-01,8.856577e-01,9.752288e-01,9.511258e-01,1.099394e+00,9.119423e-01,8.208229e-01,1.034449e+00,1.026225e+00,9.549489e-01,9.024720e-01,1.032687e+00,9.487362e-01,1.109332e+00,9.994615e-01,1.071127e+00,9.464313e-01,9.598438e-01,9.989148e-01,2.520357e+00,1.221125e+00,8.261470e+00,1.830305e+00,9.668317e-01,1.094021e+00,1.069269e+00,2.695477e+00,1.119643e+00,2.011951e+00,1.609561e+00,8.863709e-01,1.014152e+00,1.141910e+00,9.087133e-01,9.556830e-01,9.797246e-01,1.859070e+00,2.225402e+00,2.111949e+00,5.441173e+00,1.017426e+01,2.651145e+00,1.768573e+00,1.925153e+00,2.071719e+00,2.337408e+00,1.827901e+00,1.175589e+00,9.966421e-01,1.152151e+00,1.051386e+00,9.478684e-01,9.985997e-01,9.520385e-01,1.078933e+00,1.036156e+00,9.163725e-01,8.682862e-01,1.224921e+00,1.537819e+00,9.380435e-01,9.559894e-01,9.944501e-01,9.481941e-01,8.316016e-01,9.670419e-01,9.620950e-01,1.212876e+00,9.836090e-01,9.438865e-01,8.831059e-01,9.663161e-01,1.054245e+00,1.056265e+00,1.102444e+00,9.133060e-01,1.013087e+00,1.018521e+00,1.057345e+00,9.340241e-01,9.427082e-01,1.065513e+00,8.815982e-01,9.674827e-01,1.007405e+00,8.829589e-01,9.134392e-01,9.550580e-01
8.990734e-01,9.899292e-01,1.012143e+00,1.088586e+00,9.308739e-01,8.971788e-01,9.555586e-01,1.011383e+00,8.817142e-01,1.073866e+00,8.747632e-01,1.059895e+00,1.026141e+00,9.388628e-01,9.567881e-01,9.602575e-01,1.037908e+00,1.010401e+00,9.880670e-01,1.075721e+00,8.955021e-01,1.065291e+00,9.519258e-01,9.264432e-01,1.000273e+00,9.578542e-01,9.338793e-01,1.286113e+00,9.402327e-01,1.067020e+00,1.063783e+00,8.892491e-01,9.272589e-01,1.015534e+00,8.987463e-01,9.279329e-01,1.201310e+00,9.338109e-01,1.331587e+00,2.311091e+00,1.041120e+00,2.817475e+00,6.317711e+00,1.374644e+00,1.047030e+00,1.164685e+00,1.686749e+00,2.196324e+00,1.600905e+00,2.432075e+00,1.945230e+00,9.144465e-01,9.017246e-01,8.686755e-01,1.080329e+00,1.424280e+00,1.202078e+00,2.392126e+00,1.111910e+00,9.487717e-01,3.021222e+00,1.027888e+00,1.402404e+00,2.042984e+00,2.780919e+00,1.396165e+00,9.981174e-01,9.221713e-01,9.089762e-01,1.116639e+00,1.126862e+00,1.010949e+00,1.012766e+00,9.396171e-01,9.216441e-01,9.284134e-01,9.927524e-01,1.002128e+00,8.541239e-01,1.240911e+00,9.458557e-01,9.263513e-01,1.128036e+00,9.704820e-01,8.185512e-01,8.675229e-01,9.999403e-01,9.607200e-01,1.023956e+00,1.057947e+00,9.649195e-01,1.012618e+00,9.144791e-01,9.023976e-01,9.132959e-01,8.385891e-01,8.343418e-01,1.074773e+00,9.918328e-01,1.001679e+00,1.025314e+00,9.022843e-01,9.341183e-01,8.504050e-01,9.069005e-01,8.964773e-01,9.025473e-01,1.125790e+00
9.500369e-01,9.485861e-01,1.060337e+00,9.754129e-01,1.112190e+00,9.937750e-01,1.029572e+00,1.060561e+00,1.093474e+00,9.640422e-01,9.885027e-01,9.894278e-01,1.076196e+00,1.096930e+00,1.042201e+00,1.031471e+00,9.763801e-01,1.087520e+00,1.094186e+00,1.020377e+00,1.035694e+00,9.499348e-01,1.011669e+00,1.003971e+00,1.042896e+00,9.007586e-01,9.391588e-01,9.105756e-01,9.571187e-01,9.514743e-01,1.064534e+00,1.042114e+00,9.634526e-01,1.002844e+00,9.157237e-01,9.541503e-01,1.017719e+00,8.975000e-01,9.128260e-01,9.447370e-01,1.074805e+00,1.975570e+00,9.992812e-01,2.514189e+00,1.085333e+00,9.188954e+00,1.993891e+00,1.395606e+00,2.561020e+00,1.651314e+00,2.864874e+00,2.577596e+00,1.499399e+00,1.025383e+00,9.900357e-01,3.093584e+00,9.418541e-01,2.950174e+00,2.694826e+00,2.215718e+00,1.025269e+00,2.202557e+00,9.671151e-01,1.016767e+00,8.323402e-01,1.512239e+00,9.608341e-01,1.001818e+00,1.060091e+00,8.785680e-01,1.046846e+00,9.398451e-01,1.090324e+00,1.033621e+00,1.356555e+00,9.273515e-01,9.018561e-01,8.990864e-01,1.036187e+00,1.018077e+00,9.046357e-01,8.621894e-01,1.108919e+00,9.720877e-01,9.102665e-01,1.023676e+00,9.532367e-01,8.987226e-01,9.588365e-01,8.254411e-01,1.085879e+00,9.551199e-01,1.007379e+00,9.893083e-01,9.836859e-01,1.100171e+00,9.590660e-01,9.860925e-01,9.184363e-01,8.888512e-01,9.676836e-01,9.140109e-01,9.336918e-01,9.073037e-01,9.269481e-01,9.744511e-01,8.896540e-01,8.457166e-01
9.801270e-01,9.303758e-01,1.021934e+00,9.852272e-01,1.070586e+00,1.010883e+00,1.085555e+00,9.456097e-01,1.012039e+00,1.056937e+00,8.847025e-01,9.284800e-01,9.703581e-01,9.901608e-01,9.895629e-01,9.396453e-01,9.286630e-01,1.118992e+00,9.951840e-01,9.958351e-01,9.255391e-01,1.111745e+00,1.042852e+00,1.007307e+00,1.016218e+00,1.061814e+00,9.675920e-01,1.055253e+00,9.793840e-01,1.009344e+00,9.753889e-01,9.774102e-01,1.265128e+00,9.563918e-01,8.892361e-01,9.674454e-01,9.856523e-01,9.419635e-01,1.072823e+00,1.052546e+00,9.924499e-01,9.577269e-01,1.001966e+00,9.175006e-01,1.262943e+00,2.190278e+00,9.426803e-01,9.746137e-01,9.203838e-01,1.587859e+00,2.019485e+00,1.202271e+00,1.242618e+00,1.148689e+00,2.393056e+00,2.244131e+00,1.087340e+00,1.754226e+00,2.247031e+00,1.017012e+00,1.040110e+00,1.021328e+00,1.000617e+00,9.442292e-01,9.938270e-01,9.734517e-01,9.928571e-01,9.626317e-01,1.062911e+00,8.804095e-01,9.554003e-01,9.547812e-01,1.244458e+00,1.341803e+00,1.041159e+00,1.130011e+00,1.071357e+00,1.097712e+00,8.937709e-01,9.160516e-01,8.836036e-01,9.613082e-01,9.250453e-01,1.002176e+00,1.014124e+00,8.659586e-01,8.631805e-01,1.020211e+00,9.116819e-01,9.884263e-01,1.019987e+00,8.817716e-01,9.776071e-01,9.577472e-01,1.057393e+00,9.386674e-01,1.110463e+00,1.014007e+00,9.382605e-01,9.858916e-01,1.034548e+00,1.035425e+00,9.406259e-01,9.106117e-01,8.708468e-01,9.450804e-01,9.989545e-01,1.025191e+00
9.497483e-01,8.974419e-01,9.896353e-01,1.037657e+00,9.976701e-01,9.830079e-01,1.067397e+00,1.212223e+00,9.831215e-01,1.129182e+00,1.035668e+00,9.949693e-01,1.218764e+00,9.624218e-01,9.864096e-01,1.065176e+00,9.725379e-01,1.094882e+00,9.939825e-01,9.319386e-01,1.005420e+00,9.394464e-01,9.716281e-01,9.109167e-01,8.938029e-01,1.009582e+00,1.035024e+00,1.055020e+00,1.031889e+00,1.053253e+00,1.123443e+00,9.119743e-01,1.077241e+00,9.590542e-01,9.633083e-01,2.480669e+00,1.160544e+00,9.641886e-01,9.272084e-01,1.267502e+00,1.062162e+00,1.164466e+00,1.001578e+00,1.017196e+00,1.034347e+00,9.907277e-01,1.062982e+00,1.105307e+00,1.059813e+00,1.035528e+00,9.860375e-01,9.714098e-01,2.840511e+00,1.089997e+00,1.288676e+00,9.924770e-01,1.868065e+00,1.132216e+00,1.081970e+00,1.037681e+00,1.111171e+00,8.547928e-01,1.104929e+00,1.128621e+00,1.151001e+00,1.000772e+00,9.346773e-01,9.706390e-01,1.035926e+00,2.142555e+00,9.038931e-01,9.337580e-01,9.456223e-01,9.846798e-01,9.887275e-01,9.506788e-01,9.698655e-01,1.034536e+00,9.373534e-01,9.380016e-01,1.028422e+00,1.057407e+00,9.555773e-01,9.677530e-01,1.012571e+00,1.054390e+00,9.833159e-01,9.019516e-01,9.396265e-01,9.740843e-01,8.628697e-01,1.038813e+00,1.074133e+00,8.767224e-01,9.780853e-01,1.056786e+00,1.071797e+00,9.959527e-01,1.020073e+00,9.862972e-01,1.042634e+00,9.060138e-01,1.111766e+00,8.626595e-01,9.408717e-01,8.880477e-01,9.737757e-01,1.095138e+00
1.082621e+00,9.970342e-01,1.226081e+00,8.863641e-01,9.749549e-01,8.747820e-01,9.335907e-01,1.095332e+00,1.106370e+00,9.641236e-01,1.140900e+00,1.026449e+00,9.563930e-01,9.529350e-01,9.472829e-01,1.024910e+00,9.284176e-01,9.396016e-01,9.068450e-01,9.485618e-01,1.071503e+00,1.008234e+00,9.476308e-01,9.039445e-01,1.141023e+00,1.016242e+00,1.224317e+00,9.760260e-01,1.011592e+00,1.154327e+00,9.285370e-01,1.032649e+00,9.903751e-01,1.018350e+00,1.097347e+00,9.684799e-01,1.174558e+00,1.077359e+00,1.087126e+00,1.149869e+00,1.107171e+00,9.713623e-01,9.854536e-01,1.263277e+00,9.287472e-01,9.542568e-01,9.686524e-01,1.021799e+00,1.136264e+00,1.090843e+00,9.746604e-01,1.150112e+00,1.054799e+00,9.484845e-01,1.085819e+00,1.114616e+00,1.167578e+00,1.263336e+00,1.024020e+00,9.037179e-01,1.073795e+00,1.096110e+00,1.042536e+00,1.218748e+00,1.000755e+00,1.056800e+00,1.069687e+00,1.404907e+00,1.612279e+00,1.036548e+00,1.422660e+00,9.745627e-01,9.681906e-01,1.108721e+00,9.681936e-01,9.804183e-01,1.145534e+00,1.038394e+00,1.038136e+00,1.101225e+00,1.150507e+00,1.041566e+00,1.089637e+00,1.120891e+00,1.082342e+00,9.621615e-01,1.149209e+00,9.544628e-01,1.088836e+00,1.101958e+00,1.142792e+00,1.014512e+00,9.513722e-01,1.042647e+00,1.045985e+00,1.019350e+00,8.992109e-01,1.039801e+00,9.103830e-01,9.719176e-01,9.151826e-01,1.013465e+00,1.148130e+00,1.022447e+00,9.989777e-01,9.307824e-01,9.530885e-01,9.789036e-01
8.716538e-01,1.209939e+00,1.093317e+00,9.471745e-01,1.149745e+00,9.174726e-01,1.106766e+00,9.826285e-01,1.073413e+00,9.295235e-01,1.136628e+00,1.011132e+00,1.069411e+00,1.095811e+00,9.925609e-01,9.187047e-01,1.074525e+00,1.053679e+00,1.088672e+00,9.916470e-01,1.001294e+00,1.176165e+00,1.040670e+00,9.464267e-01,1.056941e+00,1.098593e+00,9.724503e-01,1.043325e+00,9.378593e-01,1.108211e+00,1.150545e+00,9.831181e-01,9.529916e-01,1.236661e+00,9.562560e-01,9.162804e-01,1.464623e+00,9.203077e-01,1.079636e+00,1.309258e+00,9.834150e-01,1.152970e+00,1.074582e+00,1.042544e+00,1.283625e+00,1.229095e+00,9.578043e-01,9.310543e-01,1.218367e+00,9.764915e-01,1.130558e+00,1.099738e+00,1.039144e+00,9.826865e-01,1.075827e+00,1.214131e+00,1.094384e+00,1.110472e+00,8.565762e-01,1.053207e+00,9.682836e-01,9.507885e-01,1.090027e+00,1.065595e+00,1.832139e+00,1.299544e+00,1.109485e+00,9.616292e-01,9.876203e-01,1.921074e+00,9.416562e-01,1.065067e+00,1.053747e+00,1.044611e+00,9.793557e-01,1.136322e+00,9.768591e-01,1.093444e+00,1.239659e+00,1.036316e+00,1.060987e+00,1.075453e+00,1.007463e+00,1.034124e+00,1.230526e+00,9.626549e-01,1.158444e+00,9.389750e-01,1.119241e+00,1.071265e+00,1.001187e+00,9.843979e-01,1.049617e+00,1.216228e+00,1.162117e+00,1.021602e+00,1.043634e+00,1.236593e+00,9.550435e-01,1.048001e+00,1.002266e+00,1.145536e+00,1.087603e+00,1.083074e+00,9.571984e-01,8.892393e-01,9.508304e-01,1.094986e+00
1.068282e+00,9.798554e-01,9.225295e-01,9.085055e-01,1.099668e+00,1.221306e+00,8.714957e-01,1.110260e+00,1.056320e+00,1.044767e+00,1.149523e+00,1.007078e+00,9.524258e-01,9.814726e-01,1.071489e+00,9.543337e-01,1.153269e+00,1.146043e+00,1.013229e+00,1.098669e+00,1.141707e+00,1.025117e+00,1.065490e+00,1.004631e+00,1.018174e+00,1.049204e+00,1.071768e+00,1.022500e+00,1.120472e+00,9.694221e-01,8.812393e-01,1.020467e+00,1.223392e+00,9.509971e-01,9.541735e-01,1.034600e+00,1.288636e+00,1.018338e+00,1.048513e+00,8.728355e-01,1.063657e+00,1.161090e+00,1.120665e+00,1.010353e+00,1.024556e+00,1.202441e+00,1.046559e+00,8.831573e-01,1.250236e+00,1.239210e+00,1.045219e+00,1.016631e+00,1.041472e+00,8.885618e-01,1.002813e+00,9.684610e-01,9.744315e-01,9.612354e-01,1.145118e+00,1.232394e+00,1.784464e+00,1.110291e+00,1.590580e+00,1.012393e+00,1.031444e+00,1.091383e+00,1.007339e+00,1.032769e+00,1.104358e+00,1.145841e+00,1.079737e+00,1.083278e+00,9.948787e-01,8.777265e-01,9.962712e-01,1.247417e+00,1.341571e+00,9.998833e-01,1.089989e+00,9.777123e-01,1.049430e+00,1.173799e+00,1.091120e+00,1.160820e+00,1.128857e+00,1.006290e+00,1.006566e+00,1.000251e+00,1.051897e+00,8.977346e-01,9.729991e-01,1.158269e+00,9.294790e-01,9.959510e-01,8.822862e-01,1.028197e+00,1.153935e+00,1.101070e+00,9.706398e-01,1.051806e+00,1.038171e+00,1.064692e+00,1.158494e+00,1.063407e+00,1.078410e+00,9.613032e-01,1.090683e+00,1.124856e+00
1.086526e+00,9.597442e-01,1.024922e+00,1.069637e+00,1.073902e+00,1.005904e+00,1.081008e+00,1.092681e+00,1.158247e+00,9.989500e-01,9.669903e-01,1.155586e+00,1.145716e+00,1.264908e+00,1.010819e+00,9.793959e-01,1.032707e+00,1.216887e+00,1.133265e+00,1.017606e+00,1.072048e+00,9.532287e-01,1.006371e+00,1.081247e+00,1.036776e+00,1.151969e+00,1.027114e+00,9.604231e-01,1.048927e+00,9.981524e-01,1.184341e+00,1.089977e+00,1.097161e+00,9.626509e-01,9.736324e-01,1.029870e+00,8.687411e-01,1.065773e+00,1.029188e+00,1.057517e+00,1.176761e+00,1.060784e+00,9.634405e-01,1.429873e+00,2.066384e+00,9.669352e-01,1.044298e+00,1.006747e+00,9.541291e-01,9.854423e-01,1.079646e+00,1.021337e+00,9.363249e-01,1.202563e+00,1.207728e+00,1.128184e+00,9.967971e-01,1.000995e+00,1.046451e+00,1.174021e+00,9.473399e-01,1.114761e+00,1.013346e+00,1.104207e+00,1.007756e+00,9.825404e-01,8.886641e-01,1.090934e+00,8.556667e-01,1.014778e+00,1.119736e+00,9.463212e-01,1.130644e+00,1.066140e+00,1.093995e+00,1.167834e+00,1.119334e+00,9.501327e-01,9.979085e-01,1.003113e+00,1.050037e+00,9.795464e-01,1.112689e+00,1.060189e+00,9.999811e-01,1.166376e+00,1.109719e+00,9.844142e-01,9.714719e-01,1.083479e+00,1.088576e+00,8.922470e-01,9.853726e-01,1.000307e+00,1.281505e+00,9.486531e-01,1.238054e+00,1.084009e+00,9.693650e-01,1.239651e+00,1.237696e+00,1.043844e+00,1.139967e+00,1.033434e+00,9.575966e-01,1.152550e+00,9.498471e-01,1.104930e+00
1.168483e+00,1.023282e+00,9.257892e-01,1.054035e+00,9.657444e-01,1.103890e+00,1.034087e+00,1.007847e+00,9.624669e-01,1.044379e+00,1.031882e+00,1.224567e+00,1.083982e+00,9.915251e-01,1.039528e+00,1.095093e+00,9.944274e-01,9.850288e-01,1.282838e+00,9.394995e-01,1.067137e+00,1.014174e+00,9.721515e-01,9.615911e-01,9.293410e-01,1.119361e+00,9.850078e-01,1.023741e+00,1.066527e+00,1.049347e+00,8.640957e-01,1.067704e+00,9.994181e-01,1.085257e+00,1.149822e+00,9.149996e-01,9.307576e-01,1.110891e+00,1.097386e+00,1.118894e+00,1.111907e+00,1.052190e+00,1.163435e+00,9.621177e-01,1.064716e+00,1.055934e+00,8.946575e-01,1.019121e+00,1.086556e+00,1.057342e+00,8.952220e-01,1.091203e+00,1.001811e+00,1.109097e+00,1.105590e+00,1.118884e+00,1.166414e+00,1.031434e+00,1.124048e+00,1.029973e+00,9.758384e-01,1.211129e+00,1.033807e+00,1.057299e+00,9.392505e-01,8.586389e-01,1.013828e+00,9.089053e-01,1.118185e+00,1.038414e+00,1.013664e+00,1.035513e+00,9.399443e-01,9.889470e-01,1.157191e+00,8.837586e-01,1.207793e+00,1.081546e+00,1.025430e+00,9.923653e-01,1.052326e+00,1.003192e+00,1.101911e+00,9.290935e-01,1.039137e+00,1.098266e+00,1.119810e+00,1.008444e+00,9.615189e-01,1.065545e+00,9.819726e-01,1.029333e+00,1.041818e+00,1.190676e+00,9.431176e-01,1.038232e+00,1.159481e+00,9.057535e-01,1.012498e+00,1.166556e+00,1.044847e+00,1.146963e+00,1.138750e+00,1.050198e+00,1.081728e+00,8.872267e-01,1.105809e+00,1.051725e+00
